threshold_bps,assumed_total_cost_bps,trigger_type,baseline_window_hours,exit_policy,pair,pair_scope,total_signal_count,realized_event_count,censored_event_count,censor_rate,mean_net_bps,median_net_bps,win_rate,p05_net_bps,p25_net_bps,p75_net_bps,p95_net_bps,mean_mae_bps,median_mae_bps,mean_mfe_bps,median_mfe_bps,mean_holding_minutes,median_holding_minutes,p90_holding_minutes,max_holding_minutes,capital_occupancy_rate,same_pair_overlap_count,cross_pair_overlap_count,day_block_ci_low,day_block_ci_high,mean_gross_price_pnl_bps,mean_funding_pnl_bps,mean_gross_combined_pnl_bps,mean_cost_contribution_bps,realized_day_count
20,0,RAW_SPREAD,24,LEGACY_RAW_EXIT,binance/bitget,NON_GATE_PAIRS,115,96,19,0.16521739130434782,5.46552750165687,3.9413232748253257,0.9479166666666666,0.200654875722525,2.0173588169566936,7.692647359427984,16.89585647629138,0.20445171443412422,1.1628590627654756,6.2599897352801195,4.749757543723865,87.03125,22.5,225.0,1140.0,0.15738909296411416,34,0,4.430131916281507,7.003621267184856,6.185776459990204,-0.7202489583333334,5.46552750165687,-0.0,22.0
20,0,RAW_SPREAD,24,LEGACY_RAW_EXIT,binance/gate,GATE_PAIRS,45,4,41,0.9111111111111111,18.310781717108707,17.953894890284985,1.0,6.849941668718329,13.331761191827663,22.932915415566026,30.27126332305229,15.899811449255896,13.118125398726699,15.899811449255896,13.118125398726699,15.0,15.0,15.0,15.0,0.0011302627860977678,1,0,8.8909327044841,28.08751755655703,17.580131717108706,0.73065,18.310781717108707,-0.0,4.0
20,0,RAW_SPREAD,24,LEGACY_RAW_EXIT,binance/hyperliquid,NON_GATE_PAIRS,134,124,10,0.07462686567164178,8.508642307722534,6.420174971474291,0.8709677419354839,-3.419217608270936,2.5396851339867434,14.209786134289637,25.006198259274576,-2.2188619526285693,-0.25245996288836275,12.952773113317596,8.509559530611721,112.37903225806451,30.0,325.50000000000006,1155.0,0.2625035320712066,48,0,6.24849440842734,10.792753560879222,11.563863477077371,-3.0552211693548386,8.508642307722534,-0.0,31.0
20,0,RAW_SPREAD,24,LEGACY_RAW_EXIT,binance/okx,NON_GATE_PAIRS,120,119,1,0.008333333333333333,8.177452850552125,6.307343462232939,0.8823529411764706,-5.830235787393928,2.2716113049542352,10.565653044191102,22.3465878421014,2.7649064076032523,2.6221550825955564,9.986954151023454,7.596910657706735,58.109243697478995,15.0,138.00000000000006,930.0,0.13026278609776773,25,0,5.635856365601032,10.917131485117254,9.78110726888497,-1.603654418332849,8.177452850552125,-0.0,32.0
20,0,RAW_SPREAD,24,LEGACY_RAW_EXIT,bitget/gate,GATE_PAIRS,106,1,105,0.9905660377358491,7.092389146354794,7.092389146354794,1.0,7.092389146354794,7.092389146354794,7.092389146354794,7.092389146354794,7.092389146354794,7.092389146354794,7.092389146354794,7.092389146354794,15.0,15.0,15.0,15.0,0.00028256569652444194,0,0,7.092389146354794,7.092389146354794,7.092389146354794,0.0,7.092389146354794,-0.0,1.0
20,0,RAW_SPREAD,24,LEGACY_RAW_EXIT,bitget/hyperliquid,NON_GATE_PAIRS,66,29,37,0.5606060606060606,21.996883579509063,21.701173541934796,1.0,2.246938020309864,6.543073524847287,28.304521447468076,44.234774760584145,-3.5245556912643434,-3.841076365739271,26.03647683197759,19.692582487491617,196.55172413793105,120.0,498.0,735.0,0.10737496467928793,16,0,15.928445715038754,32.391235429851825,24.079894303647,-2.083010724137931,21.996883579509063,-0.0,18.0
20,0,RAW_SPREAD,24,LEGACY_RAW_EXIT,bitget/okx,NON_GATE_PAIRS,144,117,27,0.1875,6.748740918710389,5.17019619478809,0.9401709401709402,-0.7430536721548087,2.9423406882989056,9.515306109433295,18.45642855320139,-2.9921588349011476,-0.4938374060514672,8.703863104096342,5.609732442846127,129.6153846153846,30.0,330.0,1125.0,0.28567391918621077,58,0,5.264809427239373,8.711590440554714,8.628424193886799,-1.87968327517641,6.748740918710389,-0.0,31.0
20,0,RAW_SPREAD,24,LEGACY_RAW_EXIT,gate/hyperliquid,GATE_PAIRS,55,3,52,0.9454545454545454,11.270474822120384,6.771396081340047,1.0,0.857750007645858,3.486037151509942,16.805373122340658,24.832554755141146,-0.6471993443960921,-15.780038510575524,19.24037170967526,19.484181920730315,50.0,45.0,81.0,90.0,0.0028256569652444193,2,0,0.20067822167983698,26.83935016334127,11.960887822120384,-0.690413,11.270474822120384,-0.0,3.0
20,0,RAW_SPREAD,24,LEGACY_RAW_EXIT,gate/okx,GATE_PAIRS,106,5,101,0.9528301886792453,7.52454114439075,5.387195089332497,1.0,2.136280834241111,4.116705452393843,7.967951342890011,16.401333594685575,6.927961506415059,4.199832539605319,9.591916894571506,4.199832539605319,24.0,15.0,39.0,45.0,0.0022605255721955355,1,0,3.380591070705208,13.033459019879622,9.664541144390748,-2.1399999999999997,7.52454114439075,-0.0,5.0
20,0,RAW_SPREAD,24,LEGACY_RAW_EXIT,hyperliquid/okx,NON_GATE_PAIRS,196,185,11,0.05612244897959184,10.52640532139263,8.39756074365372,0.9135135135135135,-1.2117021035216844,3.6053535089325255,14.293023091862288,29.85806691931007,-0.519536730329121,0.6799091356468612,13.175372781936199,9.456676010570764,87.8108108108108,30.0,275.99999999999966,1170.0,0.3060186493359706,63,0,9.119441304542013,11.897741170898767,11.771138247275397,-1.2447329258827622,10.52640532139263,-0.0,36.0
20,0,RAW_SPREAD,24,LEGACY_RAW_EXIT,ALL_GATE_PAIRS,GATE_PAIRS,312,13,299,0.9583333333333334,11.674588169469576,7.092389146354794,1.0,1.0649760964936918,5.229486787940996,18.509679157634466,28.945950217974296,7.9530649570973395,7.092389146354794,13.567102657327824,8.70133871306411,26.53846153846154,15.0,45.0,90.0,0.0016247527550155411,4,5,5.96751623440741,17.598515391515264,12.432175784854191,-0.7575876153846153,11.674588169469576,-0.0,8.0
20,0,RAW_SPREAD,24,LEGACY_RAW_EXIT,ALL_NON_GATE_PAIRS,NON_GATE_PAIRS,775,670,105,0.13548387096774195,8.847427569081898,6.235973966963133,0.9134328358208955,-2.8086295939574537,2.5017274318570037,12.463477305232617,27.64189750792308,-0.7088009684723393,0.9194753473451556,11.352842090410274,7.597585703917331,98.9776119402985,30.0,301.50000000000034,1170.0,0.20820382405575963,244,499,7.565955250061605,10.27969415147677,10.562997787388705,-1.715570218306806,8.847427569081898,-0.0,38.0
20,0,RAW_SPREAD,24,LEGACY_RAW_EXIT,ALL_PAIRS,ALL,1087,683,404,0.3716651333946642,8.901238825019,6.287365382839916,0.9150805270863837,-2.754026729952696,2.541975248243622,12.496425898498487,27.67815314465618,-0.543933827868524,1.0360824859567686,11.394987606325248,7.598260750127928,97.59882869692532,30.0,300.0,1170.0,0.125572195535462,248,511,7.669939680048005,10.29826934471302,10.598575113841196,-1.6973362888221961,8.901238825019,-0.0,38.0
20,0,RAW_SPREAD,24,BASELINE_RESIDUAL_EXIT,binance/bitget,NON_GATE_PAIRS,36,20,16,0.4444444444444444,7.2981200393469505,6.1416825142296645,0.65,-19.389829456504952,-5.519656128402792,14.723508164894387,39.89094530950721,-11.42843738119459,-9.032091124625552,20.49668571164326,21.72181480920854,1044.0,1170.0,1440.0,1440.0,0.39333144956202315,90,0,-1.3816772141498084,16.38010305900196,6.714670039346947,0.5834500000000011,7.2981200393469505,-0.0,19.0
20,0,RAW_SPREAD,24,BASELINE_RESIDUAL_EXIT,binance/gate,GATE_PAIRS,45,4,41,0.9111111111111111,18.310781717108707,17.953894890284985,1.0,6.849941668718329,13.331761191827663,22.932915415566026,30.27126332305229,15.899811449255896,13.118125398726699,15.899811449255896,13.118125398726699,15.0,15.0,15.0,15.0,0.0011302627860977678,1,0,8.8909327044841,28.08751755655703,17.580131717108706,0.73065,18.310781717108707,-0.0,4.0
20,0,RAW_SPREAD,24,BASELINE_RESIDUAL_EXIT,binance/hyperliquid,NON_GATE_PAIRS,136,131,5,0.03676470588235294,2.3390550071893403,0.5494292087425596,0.5419847328244275,-13.403155837550552,-4.207766531411767,5.962394676872689,21.255769074178218,-0.6477516033805912,-0.980678340185559,6.203709998942898,1.5061082260092729,36.7557251908397,15.0,75.0,420.0,0.09070358858434587,40,0,0.4872472312017391,4.2110057166318615,1.7354634804717828,0.6035915267175573,2.3390550071893403,-0.0,32.0
20,0,RAW_SPREAD,24,BASELINE_RESIDUAL_EXIT,binance/okx,NON_GATE_PAIRS,133,132,1,0.007518796992481203,5.3697559716115135,2.6193846552952094,0.7121212121212122,-6.1447788982760265,-0.9147878394102915,9.62810326532032,23.365801623441673,4.0220730749578095,2.582408359610988,6.655571663265092,3.912562125312214,22.613636363636363,15.0,30.0,495.0,0.05623057360836394,12,0,3.144440856542869,7.56144674637194,6.09885678873874,-0.7291008171272272,5.3697559716115135,-0.0,32.0
20,0,RAW_SPREAD,24,BASELINE_RESIDUAL_EXIT,bitget/gate,GATE_PAIRS,106,1,105,0.9905660377358491,5.06234666563854,5.06234666563854,1.0,5.06234666563854,5.06234666563854,5.06234666563854,5.06234666563854,5.06234666563854,5.06234666563854,5.06234666563854,5.06234666563854,15.0,15.0,15.0,15.0,0.00028256569652444194,0,0,5.06234666563854,5.06234666563854,5.06234666563854,0.0,5.06234666563854,-0.0,1.0
20,0,RAW_SPREAD,24,BASELINE_RESIDUAL_EXIT,bitget/hyperliquid,NON_GATE_PAIRS,41,16,25,0.6097560975609756,1.4541166408064057,-5.62479010941664,0.4375,-30.463582735641403,-23.628391468869914,27.69017500763779,46.79730833290114,-26.330188245960382,-22.149566521088015,32.74762946430705,31.335088036342775,1341.5625,1440.0,1440.0,1455.0,0.40435151172647643,16,0,-12.593515234763842,15.995898370417484,-3.1234851091935942,4.5776017499999995,1.4541166408064057,-0.0,16.0
20,0,RAW_SPREAD,24,BASELINE_RESIDUAL_EXIT,bitget/okx,NON_GATE_PAIRS,45,25,20,0.4444444444444444,-2.1096939303529054,1.6156369581449628,0.52,-55.76772970719702,-8.426798701861719,12.109990874320689,38.70835640063189,-18.141857324972353,-12.44210842129334,24.16090595397882,21.634225895924565,1183.2,1440.0,1440.0,1440.0,0.5572195535461995,123,0,-15.018703563927474,8.367268444265337,3.871664750052295,-5.9813586804052,-2.1096939303529054,-0.0,23.0
20,0,RAW_SPREAD,24,BASELINE_RESIDUAL_EXIT,gate/hyperliquid,GATE_PAIRS,56,3,53,0.9464285714285714,-6.815132925372256,-8.615975853255575,0.0,-8.61870352994909,-8.617491229196418,-5.913196085489753,-3.750972271277096,-7.263248107787963,-2.602900138903852,4.154322183453167,-2.363971507437501,20.0,15.0,27.0,30.0,0.0011302627860977678,1,0,-8.619006605137258,-3.210416317723931,-6.794299592038922,-0.020833333333333332,-6.815132925372256,-0.0,3.0
20,0,RAW_SPREAD,24,BASELINE_RESIDUAL_EXIT,gate/okx,GATE_PAIRS,107,5,102,0.9532710280373832,4.824983365365552,4.116705452393843,0.6,-3.4448441756580457,-2.884485208690668,7.967951342890011,16.401333594685575,6.927961506415059,4.199832539605319,6.927961506415059,4.199832539605319,15.0,15.0,15.0,15.0,0.0014128284826222096,0,0,-1.6243368182156104,12.122500721420547,6.96498336536555,-2.1399999999999997,4.824983365365552,-0.0,5.0
20,0,RAW_SPREAD,24,BASELINE_RESIDUAL_EXIT,hyperliquid/okx,NON_GATE_PAIRS,213,209,4,0.018779342723004695,4.01800897059447,2.033775468593957,0.5933014354066986,-12.83696615235197,-2.9453044509908177,7.728730083226276,26.33824815318526,1.7685704200132428,0.7131053421338684,6.557389781021692,3.124214982669349,31.004784688995215,15.0,45.0,525.0,0.12206838089855891,46,0,1.5872765329694396,6.2978463543145535,4.1325012844869,-0.11449231389243071,4.01800897059447,-0.0,36.0
20,0,RAW_SPREAD,24,BASELINE_RESIDUAL_EXIT,ALL_GATE_PAIRS,GATE_PAIRS,314,13,301,0.9585987261146497,6.306537814214182,5.06234666563854,0.6153846153846154,-8.617188154008248,-3.210416317723931,16.03251932645655,24.767502392437574,6.270127359336427,4.199832539605319,8.904951272699765,5.06234666563854,16.153846153846153,15.0,15.0,30.0,0.0009889799378355467,2,3,0.4417789543947998,11.863489213864197,6.909607044983413,-0.6030692307692307,6.306537814214182,-0.0,8.0
20,0,RAW_SPREAD,24,BASELINE_RESIDUAL_EXIT,ALL_NON_GATE_PAIRS,NON_GATE_PAIRS,604,533,71,0.11754966887417219,3.6988251178795237,2.136505582757131,0.6041275797373359,-14.814474676147892,-3.111378653413155,8.319954798497134,28.260118796382894,-0.5397913490604611,-0.0584178572227145,8.629708007799803,4.351918066411997,161.73545966228892,15.0,573.0000000000007,1455.0,0.2706508429876613,327,404,1.927208610673441,5.445446087878653,3.8971798092011793,-0.19835469132165479,3.6988251178795237,-0.0,38.0
20,0,RAW_SPREAD,24,BASELINE_RESIDUAL_EXIT,ALL_PAIRS,ALL,918,546,372,0.40522875816993464,3.760913515411302,2.2262077835794036,0.6043956043956044,-14.629801254392625,-3.1489326785585914,8.367559641724368,28.42526148129382,-0.3776504274319639,-0.004808262158984,8.636261418868846,4.383083079145256,158.26923076923077,15.0,517.5,1455.0,0.162786097767731,329,418,2.083799487952462,5.542010136356417,3.9689042671959935,-0.20799075178469226,3.760913515411302,-0.0,38.0
20,0,RAW_SPREAD,24,FRACTIONAL_RESIDUAL_EXIT,binance/bitget,NON_GATE_PAIRS,34,0,34,1.0,,,,,,,,,,,,,,,,0.0,0,0,,,,,,,0.0
20,0,RAW_SPREAD,24,FRACTIONAL_RESIDUAL_EXIT,binance/gate,GATE_PAIRS,44,4,40,0.9090909090909091,9.755658037621894,11.014566875277774,0.75,1.1695027810102605,8.111851439867664,12.658373473032004,16.579340921515293,7.033343833863781,5.2050734976960555,17.878891278638733,14.819654999392862,153.75,52.5,358.50000000000006,480.0,0.01158519355750212,2,0,2.3315959712629235,15.920811266324982,6.667508037621894,3.0881499999999997,9.755658037621894,-0.0,4.0
20,0,RAW_SPREAD,24,FRACTIONAL_RESIDUAL_EXIT,binance/hyperliquid,NON_GATE_PAIRS,65,53,12,0.18461538461538463,1.6124249149760037,0.0064012491986265,0.5094339622641509,-20.790010766200457,-5.252380489551257,4.098452785581241,31.85677977173785,-10.973615997645902,-7.087728364688628,19.10851603056192,9.821610628470978,237.73584905660377,120.0,651.0000000000002,1170.0,0.23735518508053122,81,0,-2.4825262541053785,5.766437384314898,0.3496271791269472,1.2627977358490563,1.6124249149760037,-0.0,27.0
20,0,RAW_SPREAD,24,FRACTIONAL_RESIDUAL_EXIT,binance/okx,NON_GATE_PAIRS,92,86,6,0.06521739130434782,9.82082745099688,9.081927837418789,0.8255813953488372,-7.113889070951263,2.131253778766475,16.279825908324387,28.26755049025853,0.2550075110943047,1.1517804318028624,15.923529636222877,12.798048887802672,132.5581395348837,75.0,307.5,915.0,0.21474992935857587,48,0,6.2013835615474555,12.81631194074805,12.549219327916495,-2.728391876919616,9.82082745099688,-0.0,32.0
20,0,RAW_SPREAD,24,FRACTIONAL_RESIDUAL_EXIT,bitget/gate,GATE_PAIRS,106,0,106,1.0,,,,,,,,,,,,,,,,0.0,0,0,,,,,,,0.0
20,0,RAW_SPREAD,24,FRACTIONAL_RESIDUAL_EXIT,bitget/hyperliquid,NON_GATE_PAIRS,41,0,41,1.0,,,,,,,,,,,,,,,,0.0,0,0,,,,,,,0.0
20,0,RAW_SPREAD,24,FRACTIONAL_RESIDUAL_EXIT,bitget/okx,NON_GATE_PAIRS,44,0,44,1.0,,,,,,,,,,,,,,,,0.0,0,0,,,,,,,0.0
20,0,RAW_SPREAD,24,FRACTIONAL_RESIDUAL_EXIT,gate/hyperliquid,GATE_PAIRS,47,3,44,0.9361702127659575,-2.779289839510302,0.2600169278392563,0.6666666666666666,-8.119263215240235,-4.3951387072049055,0.3562124118590801,0.4331687990749391,-12.064769635637221,-15.780038510575524,19.779184351977154,19.484181920730315,235.0,270.0,306.0,315.0,0.013280587736648771,10,0,-9.050294342249067,0.4524078958789039,-4.639908839510302,1.860619,-2.779289839510302,-0.0,3.0
20,0,RAW_SPREAD,24,FRACTIONAL_RESIDUAL_EXIT,gate/okx,GATE_PAIRS,102,5,97,0.9509803921568627,8.189276777237056,6.965044724767111,0.8,-4.093340673710233,1.641174679702928,18.509679157634466,19.187899700442337,4.1630928143217005,4.199832539605319,14.785834444857707,11.693959344951654,123.0,30.0,312.0,480.0,0.01158519355750212,5,0,-0.16130898799081592,16.539862542464927,11.863131625611256,-3.6738548483741993,8.189276777237056,-0.0,5.0
20,0,RAW_SPREAD,24,FRACTIONAL_RESIDUAL_EXIT,hyperliquid/okx,NON_GATE_PAIRS,125,115,10,0.08,8.125680957394229,6.05107057518,0.8260869565217391,-10.241604349909775,1.7490912878837745,12.588239873210114,31.680922838513197,-5.661380725088685,-4.119528784392035,17.078389408901398,12.55594114679015,183.2608695652174,90.0,492.0000000000004,1410.0,0.39700480361684093,118,0,5.584097459304634,10.43724616650505,6.849249727770212,1.2764312296240172,8.125680957394229,-0.0,35.0
20,0,RAW_SPREAD,24,FRACTIONAL_RESIDUAL_EXIT,ALL_GATE_PAIRS,GATE_PAIRS,299,12,287,0.959866220735786,5.969262209845163,4.3031097022350195,0.75,-7.1124656856470185,0.05349159995341951,12.658373473032004,18.89117821296389,1.06287754167933,0.7970286487279932,17.065190866231244,14.819654999392862,161.25,67.5,463.50000000000006,480.0,0.009112743712913252,17,7,2.4243485853469355,10.2967030642925,6.00549698000108,-0.036234770155916696,5.969262209845163,-0.0,8.0
20,0,RAW_SPREAD,24,FRACTIONAL_RESIDUAL_EXIT,ALL_NON_GATE_PAIRS,NON_GATE_PAIRS,401,254,147,0.36658354114713215,7.340562958188174,5.747703857234553,0.7598425196850394,-12.609623511915968,0.17331908706324747,13.3404069982988,31.37363239294354,-4.766652698056384,-3.141301283652309,17.11098299353783,12.24333787250953,177.46062992125985,90.0,460.5000000000002,1410.0,0.14151831967599132,247,176,5.436386224438303,9.40524943747266,7.422940241685516,-0.08237728349734232,7.340562958188174,-0.0,37.0
20,0,RAW_SPREAD,24,FRACTIONAL_RESIDUAL_EXIT,ALL_PAIRS,ALL,700,266,434,0.62,7.278699766533601,5.747703857234553,0.7593984962406015,-12.48392434943965,0.17331908706324747,13.3404069982988,30.51450965061266,-4.503666371451765,-2.9890159341933176,17.1089171832834,12.24333787250953,176.72932330827066,90.0,465.0,1410.0,0.0885560892907601,264,190,5.345986806467969,9.232657878852779,7.3589954328877205,-0.0802956663541203,7.278699766533601,-0.0,38.0
20,20,RAW_SPREAD,24,LEGACY_RAW_EXIT,binance/bitget,NON_GATE_PAIRS,115,96,19,0.16521739130434782,-14.53447249834313,-16.058676725174674,0.041666666666666664,-19.799345124277473,-17.982641183043306,-12.307352640572017,-3.1041435237086183,0.20445171443412422,1.1628590627654756,6.2599897352801195,4.749757543723865,87.03125,22.5,225.0,1140.0,0.15738909296411416,34,0,-15.607587856571842,-12.884996632865935,6.185776459990204,-0.7202489583333334,5.46552750165687,-20.0,22.0
20,20,RAW_SPREAD,24,LEGACY_RAW_EXIT,binance/gate,GATE_PAIRS,45,4,41,0.9111111111111111,-1.6892182828912947,-2.0461051097150165,0.25,-13.15005833128167,-6.668238808172338,2.9329154155660264,10.271263323052288,15.899811449255896,13.118125398726699,15.899811449255896,13.118125398726699,15.0,15.0,15.0,15.0,0.0011302627860977678,1,0,-9.368996942801227,8.087517556557032,17.580131717108706,0.73065,18.310781717108707,-20.0,4.0
20,20,RAW_SPREAD,24,LEGACY_RAW_EXIT,binance/hyperliquid,NON_GATE_PAIRS,134,124,10,0.07462686567164178,-11.491357692277465,-13.57982502852571,0.11290322580645161,-23.419217608270937,-17.460314866013256,-5.7902138657103635,5.006198259274575,-2.2188619526285693,-0.25245996288836275,12.952773113317596,8.509559530611721,112.37903225806451,30.0,325.50000000000006,1155.0,0.2625035320712066,48,0,-13.661052034020969,-9.146978225369162,11.563863477077371,-3.0552211693548386,8.508642307722534,-20.0,31.0
20,20,RAW_SPREAD,24,LEGACY_RAW_EXIT,binance/okx,NON_GATE_PAIRS,120,119,1,0.008333333333333333,-11.822547149447878,-13.69265653776706,0.06722689075630252,-25.830235787393928,-17.728388695045766,-9.434346955808898,2.346587842101401,2.7649064076032523,2.6221550825955564,9.986954151023454,7.596910657706735,58.109243697478995,15.0,138.00000000000006,930.0,0.13026278609776773,25,0,-14.447490589008039,-8.879770056857499,9.78110726888497,-1.603654418332849,8.177452850552125,-20.0,32.0
20,20,RAW_SPREAD,24,LEGACY_RAW_EXIT,bitget/gate,GATE_PAIRS,106,1,105,0.9905660377358491,-12.907610853645206,-12.907610853645206,0.0,-12.907610853645206,-12.907610853645206,-12.907610853645206,-12.907610853645206,7.092389146354794,7.092389146354794,7.092389146354794,7.092389146354794,15.0,15.0,15.0,15.0,0.00028256569652444194,0,0,-12.907610853645206,-12.907610853645206,7.092389146354794,0.0,7.092389146354794,-20.0,1.0
20,20,RAW_SPREAD,24,LEGACY_RAW_EXIT,bitget/hyperliquid,NON_GATE_PAIRS,66,29,37,0.5606060606060606,1.9968835795090603,1.7011735419347929,0.5517241379310345,-17.753061979690138,-13.456926475152711,8.304521447468073,24.234774760584145,-3.5245556912643434,-3.841076365739271,26.03647683197759,19.692582487491617,196.55172413793105,120.0,498.0,735.0,0.10737496467928793,16,0,-3.9862894662571273,12.090163681959615,24.079894303647,-2.083010724137931,21.996883579509063,-20.0,18.0
20,20,RAW_SPREAD,24,LEGACY_RAW_EXIT,bitget/okx,NON_GATE_PAIRS,144,117,27,0.1875,-13.251259081289612,-14.82980380521191,0.042735042735042736,-20.743053672154808,-17.057659311701094,-10.484693890566705,-1.5435714467986106,-2.9921588349011476,-0.4938374060514672,8.703863104096342,5.609732442846127,129.6153846153846,30.0,330.0,1125.0,0.28567391918621077,58,0,-14.754914122511124,-11.317234941544223,8.628424193886799,-1.87968327517641,6.748740918710389,-20.0,31.0
20,20,RAW_SPREAD,24,LEGACY_RAW_EXIT,gate/hyperliquid,GATE_PAIRS,55,3,52,0.9454545454545454,-8.729525177879616,-13.228603918659951,0.3333333333333333,-19.14224999235414,-16.513962848490056,-3.194626877659342,4.832554755141145,-0.6471993443960921,-15.780038510575524,19.24037170967526,19.484181920730315,50.0,45.0,81.0,90.0,0.0028256569652444193,2,0,-19.799321778320163,6.839350163341269,11.960887822120384,-0.690413,11.270474822120384,-20.0,3.0
20,20,RAW_SPREAD,24,LEGACY_RAW_EXIT,gate/okx,GATE_PAIRS,106,5,101,0.9528301886792453,-12.47545885560925,-14.612804910667505,0.0,-17.863719165758887,-15.883294547606155,-12.03204865710999,-3.5986664053144306,6.927961506415059,4.199832539605319,9.591916894571506,4.199832539605319,24.0,15.0,39.0,45.0,0.0022605255721955355,1,0,-16.860744398951176,-6.966540980120379,9.664541144390748,-2.1399999999999997,7.52454114439075,-20.0,5.0
20,20,RAW_SPREAD,24,LEGACY_RAW_EXIT,hyperliquid/okx,NON_GATE_PAIRS,196,185,11,0.05612244897959184,-9.47359467860737,-11.60243925634628,0.12432432432432433,-21.211702103521684,-16.394646491067476,-5.706976908137712,9.858066919310069,-0.519536730329121,0.6799091356468612,13.175372781936199,9.456676010570764,87.8108108108108,30.0,275.99999999999966,1170.0,0.3060186493359706,63,0,-11.051374639174858,-7.9576345904124475,11.771138247275397,-1.2447329258827622,10.52640532139263,-20.0,36.0
20,20,RAW_SPREAD,24,LEGACY_RAW_EXIT,ALL_GATE_PAIRS,GATE_PAIRS,312,13,299,0.9583333333333334,-8.325411830530424,-12.907610853645206,0.15384615384615385,-18.93502390350631,-14.770513212059004,-1.490320842365538,8.945950217974296,7.9530649570973395,7.092389146354794,13.567102657327824,8.70133871306411,26.53846153846154,15.0,45.0,90.0,0.0016247527550155411,4,5,-13.831438203183716,-2.4273459901494006,12.432175784854191,-0.7575876153846153,11.674588169469576,-20.0,8.0
20,20,RAW_SPREAD,24,LEGACY_RAW_EXIT,ALL_NON_GATE_PAIRS,NON_GATE_PAIRS,775,670,105,0.13548387096774195,-11.152572430918102,-13.764026033036867,0.1044776119402985,-22.808629593957455,-17.498272568142994,-7.536522694767383,7.641897507923079,-0.7088009684723393,0.9194753473451556,11.352842090410274,7.597585703917331,98.9776119402985,30.0,301.50000000000034,1170.0,0.20820382405575963,244,499,-12.369216795826214,-9.75534094157073,10.562997787388705,-1.715570218306806,8.847427569081898,-20.0,38.0
20,20,RAW_SPREAD,24,LEGACY_RAW_EXIT,ALL_PAIRS,ALL,1087,683,404,0.3716651333946642,-11.098761174981,-13.712634617160084,0.1054172767203514,-22.7540267299527,-17.458024751756376,-7.503574101501512,7.6781531446561795,-0.543933827868524,1.0360824859567686,11.394987606325248,7.598260750127928,97.59882869692532,30.0,300.0,1170.0,0.125572195535462,248,511,-12.254548670291035,-9.74949808338631,10.598575113841196,-1.6973362888221961,8.901238825019,-20.0,38.0
20,20,RAW_SPREAD,24,BASELINE_RESIDUAL_EXIT,binance/bitget,NON_GATE_PAIRS,36,20,16,0.4444444444444444,-12.701879960653049,-13.858317485770336,0.2,-39.389829456504955,-25.51965612840279,-5.276491835105614,19.890945309507202,-11.42843738119459,-9.032091124625552,20.49668571164326,21.72181480920854,1044.0,1170.0,1440.0,1440.0,0.39333144956202315,90,0,-21.180087381703515,-3.240015651328914,6.714670039346947,0.5834500000000011,7.2981200393469505,-20.0,19.0
20,20,RAW_SPREAD,24,BASELINE_RESIDUAL_EXIT,binance/gate,GATE_PAIRS,45,4,41,0.9111111111111111,-1.6892182828912947,-2.0461051097150165,0.25,-13.15005833128167,-6.668238808172338,2.9329154155660264,10.271263323052288,15.899811449255896,13.118125398726699,15.899811449255896,13.118125398726699,15.0,15.0,15.0,15.0,0.0011302627860977678,1,0,-9.368996942801227,8.087517556557032,17.580131717108706,0.73065,18.310781717108707,-20.0,4.0
20,20,RAW_SPREAD,24,BASELINE_RESIDUAL_EXIT,binance/hyperliquid,NON_GATE_PAIRS,136,131,5,0.03676470588235294,-17.660944992810663,-19.45057079125744,0.05343511450381679,-33.40315583755055,-24.207766531411764,-14.03760532312731,1.25576907417822,-0.6477516033805912,-0.980678340185559,6.203709998942898,1.5061082260092729,36.7557251908397,15.0,75.0,420.0,0.09070358858434587,40,0,-19.391978153307953,-15.920487160820445,1.7354634804717828,0.6035915267175573,2.3390550071893403,-20.0,32.0
20,20,RAW_SPREAD,24,BASELINE_RESIDUAL_EXIT,binance/okx,NON_GATE_PAIRS,133,132,1,0.007518796992481203,-14.63024402838849,-17.380615344704793,0.07575757575757576,-26.144778898276027,-20.914787839410295,-10.37189673467968,3.3658016234416737,4.0220730749578095,2.582408359610988,6.655571663265092,3.912562125312214,22.613636363636363,15.0,30.0,495.0,0.05623057360836394,12,0,-16.831917445927232,-12.261238808795122,6.09885678873874,-0.7291008171272272,5.3697559716115135,-20.0,32.0
20,20,RAW_SPREAD,24,BASELINE_RESIDUAL_EXIT,bitget/gate,GATE_PAIRS,106,1,105,0.9905660377358491,-14.93765333436146,-14.93765333436146,0.0,-14.93765333436146,-14.93765333436146,-14.93765333436146,-14.93765333436146,5.06234666563854,5.06234666563854,5.06234666563854,5.06234666563854,15.0,15.0,15.0,15.0,0.00028256569652444194,0,0,-14.93765333436146,-14.93765333436146,5.06234666563854,0.0,5.06234666563854,-20.0,1.0
20,20,RAW_SPREAD,24,BASELINE_RESIDUAL_EXIT,bitget/hyperliquid,NON_GATE_PAIRS,41,16,25,0.6097560975609756,-18.545883359193592,-25.62479010941664,0.3125,-50.463582735641396,-43.628391468869914,7.690175007637788,26.797308332901146,-26.330188245960382,-22.149566521088015,32.74762946430705,31.335088036342775,1341.5625,1440.0,1440.0,1455.0,0.40435151172647643,16,0,-31.103374990969094,-3.726524778990267,-3.1234851091935942,4.5776017499999995,1.4541166408064057,-20.0,16.0
20,20,RAW_SPREAD,24,BASELINE_RESIDUAL_EXIT,bitget/okx,NON_GATE_PAIRS,45,25,20,0.4444444444444444,-22.109693930352904,-18.38436304185504,0.16,-75.76772970719702,-28.42679870186172,-7.890009125679313,18.708356400631896,-18.141857324972353,-12.44210842129334,24.16090595397882,21.634225895924565,1183.2,1440.0,1440.0,1440.0,0.5572195535461995,123,0,-33.30346775422128,-11.1434183339952,3.871664750052295,-5.9813586804052,-2.1096939303529054,-20.0,23.0
20,20,RAW_SPREAD,24,BASELINE_RESIDUAL_EXIT,gate/hyperliquid,GATE_PAIRS,56,3,53,0.9464285714285714,-26.815132925372257,-28.615975853255577,0.0,-28.61870352994909,-28.617491229196418,-25.913196085489755,-23.7509722712771,-7.263248107787963,-2.602900138903852,4.154322183453167,-2.363971507437501,20.0,15.0,27.0,30.0,0.0011302627860977678,1,0,-28.61900660513726,-23.21041631772393,-6.794299592038922,-0.020833333333333332,-6.815132925372256,-20.0,3.0
20,20,RAW_SPREAD,24,BASELINE_RESIDUAL_EXIT,gate/okx,GATE_PAIRS,107,5,102,0.9532710280373832,-15.17501663463445,-15.883294547606155,0.0,-23.444844175658048,-22.88448520869067,-12.03204865710999,-3.5986664053144306,6.927961506415059,4.199832539605319,6.927961506415059,4.199832539605319,15.0,15.0,15.0,15.0,0.0014128284826222096,0,0,-21.764426559957457,-7.877499278579455,6.96498336536555,-2.1399999999999997,4.824983365365552,-20.0,5.0
20,20,RAW_SPREAD,24,BASELINE_RESIDUAL_EXIT,hyperliquid/okx,NON_GATE_PAIRS,213,209,4,0.018779342723004695,-15.981991029405531,-17.96622453140604,0.0861244019138756,-32.83696615235197,-22.945304450990815,-12.271269916773724,6.338248153185257,1.7685704200132428,0.7131053421338684,6.557389781021692,3.124214982669349,31.004784688995215,15.0,45.0,525.0,0.12206838089855891,46,0,-18.241752427023513,-13.40928347410652,4.1325012844869,-0.11449231389243071,4.01800897059447,-20.0,36.0
20,20,RAW_SPREAD,24,BASELINE_RESIDUAL_EXIT,ALL_GATE_PAIRS,GATE_PAIRS,314,13,301,0.9585987261146497,-13.69346218578582,-14.93765333436146,0.07692307692307693,-28.61718815400825,-23.210416317723933,-3.9674806735434487,4.767502392437575,6.270127359336427,4.199832539605319,8.904951272699765,5.06234666563854,16.153846153846153,15.0,15.0,30.0,0.0009889799378355467,2,3,-19.250679582246132,-7.778412466278998,6.909607044983413,-0.6030692307692307,6.306537814214182,-20.0,8.0
20,20,RAW_SPREAD,24,BASELINE_RESIDUAL_EXIT,ALL_NON_GATE_PAIRS,NON_GATE_PAIRS,604,533,71,0.11754966887417219,-16.301174882120478,-17.86349441724287,0.0900562851782364,-34.81447467614789,-23.111378653413155,-11.680045201502866,8.260118796382894,-0.5397913490604611,-0.0584178572227145,8.629708007799803,4.351918066411997,161.73545966228892,15.0,573.0000000000007,1455.0,0.2706508429876613,327,404,-18.11291788096877,-14.42120733034293,3.8971798092011793,-0.19835469132165479,3.6988251178795237,-20.0,38.0
20,20,RAW_SPREAD,24,BASELINE_RESIDUAL_EXIT,ALL_PAIRS,ALL,918,546,372,0.40522875816993464,-16.239086484588697,-17.773792216420595,0.08974358974358974,-34.629801254392625,-23.148932678558594,-11.632440358275634,8.42526148129382,-0.3776504274319639,-0.004808262158984,8.636261418868846,4.383083079145256,158.26923076923077,15.0,517.5,1455.0,0.162786097767731,329,418,-18.060871745100098,-14.366271137755003,3.9689042671959935,-0.20799075178469226,3.760913515411302,-20.0,38.0
20,20,RAW_SPREAD,24,FRACTIONAL_RESIDUAL_EXIT,binance/bitget,NON_GATE_PAIRS,34,0,34,1.0,,,,,,,,,,,,,,,,0.0,0,0,,,,,,,0.0
20,20,RAW_SPREAD,24,FRACTIONAL_RESIDUAL_EXIT,binance/gate,GATE_PAIRS,44,4,40,0.9090909090909091,-10.244341962378106,-8.985433124722226,0.0,-18.83049721898974,-11.888148560132336,-7.341626526967996,-3.4206590784847086,7.033343833863781,5.2050734976960555,17.878891278638733,14.819654999392862,153.75,52.5,358.50000000000006,480.0,0.01158519355750212,2,0,-17.668404028737076,-4.079188733675017,6.667508037621894,3.0881499999999997,9.755658037621894,-20.0,4.0
20,20,RAW_SPREAD,24,FRACTIONAL_RESIDUAL_EXIT,binance/hyperliquid,NON_GATE_PAIRS,65,53,12,0.18461538461538463,-18.387575085023997,-19.99359875080137,0.11320754716981132,-40.79001076620046,-25.252380489551257,-15.90154721441876,11.856779771737848,-10.973615997645902,-7.087728364688628,19.10851603056192,9.821610628470978,237.73584905660377,120.0,651.0000000000002,1170.0,0.23735518508053122,81,0,-22.669188184552596,-14.150530036145094,0.3496271791269472,1.2627977358490563,1.6124249149760037,-20.0,27.0
20,20,RAW_SPREAD,24,FRACTIONAL_RESIDUAL_EXIT,binance/okx,NON_GATE_PAIRS,92,86,6,0.06521739130434782,-10.179172549003122,-10.918072162581211,0.16279069767441862,-27.113889070951263,-17.868746221233522,-3.720174091675613,8.26755049025853,0.2550075110943047,1.1517804318028624,15.923529636222877,12.798048887802672,132.5581395348837,75.0,307.5,915.0,0.21474992935857587,48,0,-13.666833165706597,-7.134673296595742,12.549219327916495,-2.728391876919616,9.82082745099688,-20.0,32.0
20,20,RAW_SPREAD,24,FRACTIONAL_RESIDUAL_EXIT,bitget/gate,GATE_PAIRS,106,0,106,1.0,,,,,,,,,,,,,,,,0.0,0,0,,,,,,,0.0
20,20,RAW_SPREAD,24,FRACTIONAL_RESIDUAL_EXIT,bitget/hyperliquid,NON_GATE_PAIRS,41,0,41,1.0,,,,,,,,,,,,,,,,0.0,0,0,,,,,,,0.0
20,20,RAW_SPREAD,24,FRACTIONAL_RESIDUAL_EXIT,bitget/okx,NON_GATE_PAIRS,44,0,44,1.0,,,,,,,,,,,,,,,,0.0,0,0,,,,,,,0.0
20,20,RAW_SPREAD,24,FRACTIONAL_RESIDUAL_EXIT,gate/hyperliquid,GATE_PAIRS,47,3,44,0.9361702127659575,-22.7792898395103,-19.739983072160744,0.0,-28.119263215240235,-24.395138707204907,-19.64378758814092,-19.566831200925062,-12.064769635637221,-15.780038510575524,19.779184351977154,19.484181920730315,235.0,270.0,306.0,315.0,0.013280587736648771,10,0,-29.05029434224907,-19.547592104121097,-4.639908839510302,1.860619,-2.779289839510302,-20.0,3.0
20,20,RAW_SPREAD,24,FRACTIONAL_RESIDUAL_EXIT,gate/okx,GATE_PAIRS,102,5,97,0.9509803921568627,-11.810723222762944,-13.034955275232887,0.0,-24.093340673710234,-18.358825320297072,-1.490320842365538,-0.8121002995576655,4.1630928143217005,4.199832539605319,14.785834444857707,11.693959344951654,123.0,30.0,312.0,480.0,0.01158519355750212,5,0,-20.161308987990815,-3.4601374575350716,11.863131625611256,-3.6738548483741993,8.189276777237056,-20.0,5.0
20,20,RAW_SPREAD,24,FRACTIONAL_RESIDUAL_EXIT,hyperliquid/okx,NON_GATE_PAIRS,125,115,10,0.08,-11.874319042605771,-13.94892942482,0.13043478260869565,-30.241604349909775,-18.250908712116228,-7.411760126789888,11.680922838513196,-5.661380725088685,-4.119528784392035,17.078389408901398,12.55594114679015,183.2608695652174,90.0,492.0000000000004,1410.0,0.39700480361684093,118,0,-14.380042357857734,-9.545792313823199,6.849249727770212,1.2764312296240172,8.125680957394229,-20.0,35.0
20,20,RAW_SPREAD,24,FRACTIONAL_RESIDUAL_EXIT,ALL_GATE_PAIRS,GATE_PAIRS,299,12,287,0.959866220735786,-14.030737790154838,-15.69689029776498,0.0,-27.112465685647017,-19.946508400046582,-7.341626526967996,-1.1088217870361103,1.06287754167933,0.7970286487279932,17.065190866231244,14.819654999392862,161.25,67.5,463.50000000000006,480.0,0.009112743712913252,17,7,-17.784629904639782,-9.564323268598505,6.00549698000108,-0.036234770155916696,5.969262209845163,-20.0,8.0
20,20,RAW_SPREAD,24,FRACTIONAL_RESIDUAL_EXIT,ALL_NON_GATE_PAIRS,NON_GATE_PAIRS,401,254,147,0.36658354114713215,-12.659437041811827,-14.252296142765445,0.1377952755905512,-32.60962351191597,-19.82668091293675,-6.659593001701202,11.373632392943541,-4.766652698056384,-3.141301283652309,17.11098299353783,12.24333787250953,177.46062992125985,90.0,460.5000000000002,1410.0,0.14151831967599132,247,176,-14.604632688008875,-10.6175056909048,7.422940241685516,-0.08237728349734232,7.340562958188174,-20.0,37.0
20,20,RAW_SPREAD,24,FRACTIONAL_RESIDUAL_EXIT,ALL_PAIRS,ALL,700,266,434,0.62,-12.7213002334664,-14.252296142765445,0.13157894736842105,-32.48392434943965,-19.82668091293675,-6.659593001701202,10.51450965061266,-4.503666371451765,-2.9890159341933176,17.1089171832834,12.24333787250953,176.72932330827066,90.0,465.0,1410.0,0.0885560892907601,264,190,-14.503620758589445,-10.72307954437042,7.3589954328877205,-0.0802956663541203,7.278699766533601,-20.0,38.0
20,40,RAW_SPREAD,24,LEGACY_RAW_EXIT,binance/bitget,NON_GATE_PAIRS,115,96,19,0.16521739130434782,-34.53447249834313,-36.05867672517468,0.0,-39.79934512427747,-37.982641183043306,-32.30735264057202,-23.10414352370862,0.20445171443412422,1.1628590627654756,6.2599897352801195,4.749757543723865,87.03125,22.5,225.0,1140.0,0.15738909296411416,34,0,-35.55772060591537,-32.93253930953179,6.185776459990204,-0.7202489583333334,5.46552750165687,-40.0,22.0
20,40,RAW_SPREAD,24,LEGACY_RAW_EXIT,binance/gate,GATE_PAIRS,45,4,41,0.9111111111111111,-21.689218282891293,-22.046105109715015,0.0,-33.15005833128167,-26.668238808172337,-17.067084584433974,-9.728736676947712,15.899811449255896,13.118125398726699,15.899811449255896,13.118125398726699,15.0,15.0,15.0,15.0,0.0011302627860977678,1,0,-32.069755077430116,-10.951794661528751,17.580131717108706,0.73065,18.310781717108707,-40.0,4.0
20,40,RAW_SPREAD,24,LEGACY_RAW_EXIT,binance/hyperliquid,NON_GATE_PAIRS,134,124,10,0.07462686567164178,-31.49135769227746,-33.579825028525704,0.016129032258064516,-43.419217608270934,-37.460314866013256,-25.790213865710363,-14.993801740725424,-2.2188619526285693,-0.25245996288836275,12.952773113317596,8.509559530611721,112.37903225806451,30.0,325.50000000000006,1155.0,0.2625035320712066,48,0,-33.71034101022954,-29.204681490276997,11.563863477077371,-3.0552211693548386,8.508642307722534,-40.0,31.0
20,40,RAW_SPREAD,24,LEGACY_RAW_EXIT,binance/okx,NON_GATE_PAIRS,120,119,1,0.008333333333333333,-31.82254714944787,-33.692656537767064,0.025210084033613446,-45.83023578739393,-37.728388695045766,-29.434346955808895,-17.6534121578986,2.7649064076032523,2.6221550825955564,9.986954151023454,7.596910657706735,58.109243697478995,15.0,138.00000000000006,930.0,0.13026278609776773,25,0,-34.31480053377926,-28.81822987791902,9.78110726888497,-1.603654418332849,8.177452850552125,-40.0,32.0
20,40,RAW_SPREAD,24,LEGACY_RAW_EXIT,bitget/gate,GATE_PAIRS,106,1,105,0.9905660377358491,-32.90761085364521,-32.90761085364521,0.0,-32.90761085364521,-32.90761085364521,-32.90761085364521,-32.90761085364521,7.092389146354794,7.092389146354794,7.092389146354794,7.092389146354794,15.0,15.0,15.0,15.0,0.00028256569652444194,0,0,-32.90761085364521,-32.90761085364521,7.092389146354794,0.0,7.092389146354794,-40.0,1.0
20,40,RAW_SPREAD,24,LEGACY_RAW_EXIT,bitget/hyperliquid,NON_GATE_PAIRS,66,29,37,0.5606060606060606,-18.00311642049094,-18.298826458065207,0.10344827586206896,-37.753061979690145,-33.45692647515271,-11.695478552531927,4.234774760584147,-3.5245556912643434,-3.841076365739271,26.03647683197759,19.692582487491617,196.55172413793105,120.0,498.0,735.0,0.10737496467928793,16,0,-23.83555954600876,-7.4062331846054565,24.079894303647,-2.083010724137931,21.996883579509063,-40.0,18.0
20,40,RAW_SPREAD,24,LEGACY_RAW_EXIT,bitget/okx,NON_GATE_PAIRS,144,117,27,0.1875,-33.25125908128961,-34.82980380521191,0.017094017094017096,-40.743053672154815,-37.05765931170109,-30.484693890566703,-21.543571446798612,-2.9921588349011476,-0.4938374060514672,8.703863104096342,5.609732442846127,129.6153846153846,30.0,330.0,1125.0,0.28567391918621077,58,0,-34.75693523767685,-31.457790480176815,8.628424193886799,-1.87968327517641,6.748740918710389,-40.0,31.0
20,40,RAW_SPREAD,24,LEGACY_RAW_EXIT,gate/hyperliquid,GATE_PAIRS,55,3,52,0.9454545454545454,-28.72952517787962,-33.22860391865996,0.0,-39.142249992354145,-36.51396284849006,-23.194626877659346,-15.167445244858857,-0.6471993443960921,-15.780038510575524,19.24037170967526,19.484181920730315,50.0,45.0,81.0,90.0,0.0028256569652444193,2,0,-39.79932177832016,-13.160649836658733,11.960887822120384,-0.690413,11.270474822120384,-40.0,3.0
20,40,RAW_SPREAD,24,LEGACY_RAW_EXIT,gate/okx,GATE_PAIRS,106,5,101,0.9528301886792453,-32.475458855609254,-34.612804910667506,0.0,-37.86371916575889,-35.883294547606155,-32.03204865710999,-23.598666405314425,6.927961506415059,4.199832539605319,9.591916894571506,4.199832539605319,24.0,15.0,39.0,45.0,0.0022605255721955355,1,0,-36.860417156445244,-26.972367300900732,9.664541144390748,-2.1399999999999997,7.52454114439075,-40.0,5.0
20,40,RAW_SPREAD,24,LEGACY_RAW_EXIT,hyperliquid/okx,NON_GATE_PAIRS,196,185,11,0.05612244897959184,-29.473594678607366,-31.60243925634628,0.032432432432432434,-41.21170210352168,-36.39464649106748,-25.70697690813771,-10.141933080689931,-0.519536730329121,0.6799091356468612,13.175372781936199,9.456676010570764,87.8108108108108,30.0,275.99999999999966,1170.0,0.3060186493359706,63,0,-31.04502804095462,-27.963503376326454,11.771138247275397,-1.2447329258827622,10.52640532139263,-40.0,36.0
20,40,RAW_SPREAD,24,LEGACY_RAW_EXIT,ALL_GATE_PAIRS,GATE_PAIRS,312,13,299,0.9583333333333334,-28.32541183053042,-32.90761085364521,0.0,-38.935023903506305,-34.770513212059,-21.490320842365534,-11.054049782025704,7.9530649570973395,7.092389146354794,13.567102657327824,8.70133871306411,26.53846153846154,15.0,45.0,90.0,0.0016247527550155411,4,5,-34.05430965680433,-22.189264934683493,12.432175784854191,-0.7575876153846153,11.674588169469576,-40.0,8.0
20,40,RAW_SPREAD,24,LEGACY_RAW_EXIT,ALL_NON_GATE_PAIRS,NON_GATE_PAIRS,775,670,105,0.13548387096774195,-31.152572430918106,-33.76402603303687,0.023880597014925373,-42.808629593957455,-37.498272568142994,-27.536522694767385,-12.358102492076922,-0.7088009684723393,0.9194753473451556,11.352842090410274,7.597585703917331,98.9776119402985,30.0,301.50000000000034,1170.0,0.20820382405575963,244,499,-32.4220764686345,-29.707739313242236,10.562997787388705,-1.715570218306806,8.847427569081898,-40.0,38.0
20,40,RAW_SPREAD,24,LEGACY_RAW_EXIT,ALL_PAIRS,ALL,1087,683,404,0.3716651333946642,-31.098761174981004,-33.712634617160084,0.02342606149341142,-42.7540267299527,-37.45802475175638,-27.503574101501513,-12.32184685534382,-0.543933827868524,1.0360824859567686,11.394987606325248,7.598260750127928,97.59882869692532,30.0,300.0,1170.0,0.125572195535462,248,511,-32.32354913923909,-29.652248852826354,10.598575113841196,-1.6973362888221961,8.901238825019,-40.0,38.0
20,40,RAW_SPREAD,24,BASELINE_RESIDUAL_EXIT,binance/bitget,NON_GATE_PAIRS,36,20,16,0.4444444444444444,-32.701879960653045,-33.858317485770336,0.05,-59.389829456504955,-45.519656128402794,-25.276491835105613,-0.10905469049279326,-11.42843738119459,-9.032091124625552,20.49668571164326,21.72181480920854,1044.0,1170.0,1440.0,1440.0,0.39333144956202315,90,0,-41.18057828789483,-23.994998802736507,6.714670039346947,0.5834500000000011,7.2981200393469505,-40.0,19.0
20,40,RAW_SPREAD,24,BASELINE_RESIDUAL_EXIT,binance/gate,GATE_PAIRS,45,4,41,0.9111111111111111,-21.689218282891293,-22.046105109715015,0.0,-33.15005833128167,-26.668238808172337,-17.067084584433974,-9.728736676947712,15.899811449255896,13.118125398726699,15.899811449255896,13.118125398726699,15.0,15.0,15.0,15.0,0.0011302627860977678,1,0,-32.069755077430116,-10.951794661528751,17.580131717108706,0.73065,18.310781717108707,-40.0,4.0
20,40,RAW_SPREAD,24,BASELINE_RESIDUAL_EXIT,binance/hyperliquid,NON_GATE_PAIRS,136,131,5,0.03676470588235294,-37.66094499281066,-39.45057079125744,0.030534351145038167,-53.40315583755055,-44.207766531411764,-34.03760532312731,-18.744230925821782,-0.6477516033805912,-0.980678340185559,6.203709998942898,1.5061082260092729,36.7557251908397,15.0,75.0,420.0,0.09070358858434587,40,0,-39.620742894206536,-35.823257167181254,1.7354634804717828,0.6035915267175573,2.3390550071893403,-40.0,32.0
20,40,RAW_SPREAD,24,BASELINE_RESIDUAL_EXIT,binance/okx,NON_GATE_PAIRS,133,132,1,0.007518796992481203,-34.63024402838849,-37.38061534470479,0.007575757575757576,-46.14477889827603,-40.914787839410295,-30.37189673467968,-16.634198376558327,4.0220730749578095,2.582408359610988,6.655571663265092,3.912562125312214,22.613636363636363,15.0,30.0,495.0,0.05623057360836394,12,0,-36.750634658556166,-32.39803609265633,6.09885678873874,-0.7291008171272272,5.3697559716115135,-40.0,32.0
20,40,RAW_SPREAD,24,BASELINE_RESIDUAL_EXIT,bitget/gate,GATE_PAIRS,106,1,105,0.9905660377358491,-34.93765333436146,-34.93765333436146,0.0,-34.93765333436146,-34.93765333436146,-34.93765333436146,-34.93765333436146,5.06234666563854,5.06234666563854,5.06234666563854,5.06234666563854,15.0,15.0,15.0,15.0,0.00028256569652444194,0,0,-34.93765333436146,-34.93765333436146,5.06234666563854,0.0,5.06234666563854,-40.0,1.0
20,40,RAW_SPREAD,24,BASELINE_RESIDUAL_EXIT,bitget/hyperliquid,NON_GATE_PAIRS,41,16,25,0.6097560975609756,-38.545883359193596,-45.624790109416644,0.125,-70.4635827356414,-63.628391468869914,-12.309824992362211,6.797308332901142,-26.330188245960382,-22.149566521088015,32.74762946430705,31.335088036342775,1341.5625,1440.0,1440.0,1455.0,0.40435151172647643,16,0,-52.08433970674662,-23.96576287224639,-3.1234851091935942,4.5776017499999995,1.4541166408064057,-40.0,16.0
20,40,RAW_SPREAD,24,BASELINE_RESIDUAL_EXIT,bitget/okx,NON_GATE_PAIRS,45,25,20,0.4444444444444444,-42.10969393035291,-38.38436304185504,0.04,-95.76772970719703,-48.42679870186172,-27.890009125679317,-1.2916435993681072,-18.141857324972353,-12.44210842129334,24.16090595397882,21.634225895924565,1183.2,1440.0,1440.0,1440.0,0.5572195535461995,123,0,-53.99221244017933,-31.524679310296207,3.871664750052295,-5.9813586804052,-2.1096939303529054,-40.0,23.0
20,40,RAW_SPREAD,24,BASELINE_RESIDUAL_EXIT,gate/hyperliquid,GATE_PAIRS,56,3,53,0.9464285714285714,-46.81513292537226,-48.61597585325558,0.0,-48.61870352994909,-48.61749122919642,-45.91319608548976,-43.7509722712771,-7.263248107787963,-2.602900138903852,4.154322183453167,-2.363971507437501,20.0,15.0,27.0,30.0,0.0011302627860977678,1,0,-48.61900660513726,-43.21041631772393,-6.794299592038922,-0.020833333333333332,-6.815132925372256,-40.0,3.0
20,40,RAW_SPREAD,24,BASELINE_RESIDUAL_EXIT,gate/okx,GATE_PAIRS,107,5,102,0.9532710280373832,-35.175016634634446,-35.883294547606155,0.0,-43.44484417565804,-42.88448520869067,-32.03204865710999,-23.598666405314425,6.927961506415059,4.199832539605319,6.927961506415059,4.199832539605319,15.0,15.0,15.0,15.0,0.0014128284826222096,0,0,-41.9045163016993,-28.017589020321292,6.96498336536555,-2.1399999999999997,4.824983365365552,-40.0,5.0
20,40,RAW_SPREAD,24,BASELINE_RESIDUAL_EXIT,hyperliquid/okx,NON_GATE_PAIRS,213,209,4,0.018779342723004695,-35.981991029405535,-37.96622453140604,0.028708133971291867,-52.83696615235197,-42.94530445099082,-32.271269916773726,-13.661751846814743,1.7685704200132428,0.7131053421338684,6.557389781021692,3.124214982669349,31.004784688995215,15.0,45.0,525.0,0.12206838089855891,46,0,-38.23242243505626,-33.44925710904641,4.1325012844869,-0.11449231389243071,4.01800897059447,-40.0,36.0
20,40,RAW_SPREAD,24,BASELINE_RESIDUAL_EXIT,ALL_GATE_PAIRS,GATE_PAIRS,314,13,301,0.9585987261146497,-33.69346218578582,-34.93765333436146,0.0,-48.61718815400825,-43.21041631772393,-23.96748067354345,-15.232497607562426,6.270127359336427,4.199832539605319,8.904951272699765,5.06234666563854,16.153846153846153,15.0,15.0,30.0,0.0009889799378355467,2,3,-39.69010994261464,-28.195419280537457,6.909607044983413,-0.6030692307692307,6.306537814214182,-40.0,8.0
20,40,RAW_SPREAD,24,BASELINE_RESIDUAL_EXIT,ALL_NON_GATE_PAIRS,NON_GATE_PAIRS,604,533,71,0.11754966887417219,-36.30117488212048,-37.86349441724287,0.028142589118198873,-54.81447467614789,-43.11137865341316,-31.680045201502864,-11.739881203617106,-0.5397913490604611,-0.0584178572227145,8.629708007799803,4.351918066411997,161.73545966228892,15.0,573.0000000000007,1455.0,0.2706508429876613,327,404,-38.05635394345975,-34.648379721971686,3.8971798092011793,-0.19835469132165479,3.6988251178795237,-40.0,38.0
20,40,RAW_SPREAD,24,BASELINE_RESIDUAL_EXIT,ALL_PAIRS,ALL,918,546,372,0.40522875816993464,-36.2390864845887,-37.773792216420595,0.027472527472527472,-54.629801254392625,-43.148932678558594,-31.63244035827563,-11.57473851870618,-0.3776504274319639,-0.004808262158984,8.636261418868846,4.383083079145256,158.26923076923077,15.0,517.5,1455.0,0.162786097767731,329,418,-37.96741014145609,-34.47160542504245,3.9689042671959935,-0.20799075178469226,3.760913515411302,-40.0,38.0
20,40,RAW_SPREAD,24,FRACTIONAL_RESIDUAL_EXIT,binance/bitget,NON_GATE_PAIRS,34,0,34,1.0,,,,,,,,,,,,,,,,0.0,0,0,,,,,,,0.0
20,40,RAW_SPREAD,24,FRACTIONAL_RESIDUAL_EXIT,binance/gate,GATE_PAIRS,44,4,40,0.9090909090909091,-30.24434196237811,-28.985433124722228,0.0,-38.83049721898974,-31.888148560132336,-27.341626526968,-23.420659078484707,7.033343833863781,5.2050734976960555,17.878891278638733,14.819654999392862,153.75,52.5,358.50000000000006,480.0,0.01158519355750212,2,0,-37.66840402873708,-24.07415365323192,6.667508037621894,3.0881499999999997,9.755658037621894,-40.0,4.0
20,40,RAW_SPREAD,24,FRACTIONAL_RESIDUAL_EXIT,binance/hyperliquid,NON_GATE_PAIRS,65,53,12,0.18461538461538463,-38.387575085024004,-39.993598750801375,0.05660377358490566,-60.79001076620046,-45.25238048955126,-35.90154721441876,-8.143220228262148,-10.973615997645902,-7.087728364688628,19.10851603056192,9.821610628470978,237.73584905660377,120.0,651.0000000000002,1170.0,0.23735518508053122,81,0,-42.6300398711672,-33.748242935232796,0.3496271791269472,1.2627977358490563,1.6124249149760037,-40.0,27.0
20,40,RAW_SPREAD,24,FRACTIONAL_RESIDUAL_EXIT,binance/okx,NON_GATE_PAIRS,92,86,6,0.06521739130434782,-30.179172549003127,-30.918072162581208,0.011627906976744186,-47.11388907095126,-37.86874622123352,-23.720174091675613,-11.732449509741471,0.2550075110943047,1.1517804318028624,15.923529636222877,12.798048887802672,132.5581395348837,75.0,307.5,915.0,0.21474992935857587,48,0,-33.57085761824703,-27.15204078598068,12.549219327916495,-2.728391876919616,9.82082745099688,-40.0,32.0
20,40,RAW_SPREAD,24,FRACTIONAL_RESIDUAL_EXIT,bitget/gate,GATE_PAIRS,106,0,106,1.0,,,,,,,,,,,,,,,,0.0,0,0,,,,,,,0.0
20,40,RAW_SPREAD,24,FRACTIONAL_RESIDUAL_EXIT,bitget/hyperliquid,NON_GATE_PAIRS,41,0,41,1.0,,,,,,,,,,,,,,,,0.0,0,0,,,,,,,0.0
20,40,RAW_SPREAD,24,FRACTIONAL_RESIDUAL_EXIT,bitget/okx,NON_GATE_PAIRS,44,0,44,1.0,,,,,,,,,,,,,,,,0.0,0,0,,,,,,,0.0
20,40,RAW_SPREAD,24,FRACTIONAL_RESIDUAL_EXIT,gate/hyperliquid,GATE_PAIRS,47,3,44,0.9361702127659575,-42.779289839510305,-39.73998307216074,0.0,-48.11926321524024,-44.39513870720491,-39.64378758814091,-39.56683120092505,-12.064769635637221,-15.780038510575524,19.779184351977154,19.484181920730315,235.0,270.0,306.0,315.0,0.013280587736648771,10,0,-49.05029434224907,-39.54759210412109,-4.639908839510302,1.860619,-2.779289839510302,-40.0,3.0
20,40,RAW_SPREAD,24,FRACTIONAL_RESIDUAL_EXIT,gate/okx,GATE_PAIRS,102,5,97,0.9509803921568627,-31.81072322276294,-33.03495527523289,0.0,-44.09334067371023,-38.35882532029707,-21.490320842365534,-20.812100299557663,4.1630928143217005,4.199832539605319,14.785834444857707,11.693959344951654,123.0,30.0,312.0,480.0,0.01158519355750212,5,0,-41.22608299700365,-23.62969259323704,11.863131625611256,-3.6738548483741993,8.189276777237056,-40.0,5.0
20,40,RAW_SPREAD,24,FRACTIONAL_RESIDUAL_EXIT,hyperliquid/okx,NON_GATE_PAIRS,125,115,10,0.08,-31.874319042605773,-33.94892942482,0.02608695652173913,-50.24160434990977,-38.25090871211623,-27.411760126789886,-8.319077161486804,-5.661380725088685,-4.119528784392035,17.078389408901398,12.55594114679015,183.2608695652174,90.0,492.0000000000004,1410.0,0.39700480361684093,118,0,-34.139997087175125,-29.43522897060425,6.849249727770212,1.2764312296240172,8.125680957394229,-40.0,35.0
20,40,RAW_SPREAD,24,FRACTIONAL_RESIDUAL_EXIT,ALL_GATE_PAIRS,GATE_PAIRS,299,12,287,0.959866220735786,-34.03073779015484,-35.69689029776498,0.0,-47.11246568564702,-39.94650840004658,-27.341626526968,-21.10882178703611,1.06287754167933,0.7970286487279932,17.065190866231244,14.819654999392862,161.25,67.5,463.50000000000006,480.0,0.009112743712913252,17,7,-37.27684222658223,-29.60655420657015,6.00549698000108,-0.036234770155916696,5.969262209845163,-40.0,8.0
20,40,RAW_SPREAD,24,FRACTIONAL_RESIDUAL_EXIT,ALL_NON_GATE_PAIRS,NON_GATE_PAIRS,401,254,147,0.36658354114713215,-32.65943704181183,-34.252296142765445,0.027559055118110236,-52.60962351191597,-39.82668091293675,-26.6595930017012,-8.626367607056459,-4.766652698056384,-3.141301283652309,17.11098299353783,12.24333787250953,177.46062992125985,90.0,460.5000000000002,1410.0,0.14151831967599132,247,176,-34.60497245039796,-30.657192516280602,7.422940241685516,-0.08237728349734232,7.340562958188174,-40.0,37.0
20,40,RAW_SPREAD,24,FRACTIONAL_RESIDUAL_EXIT,ALL_PAIRS,ALL,700,266,434,0.62,-32.7213002334664,-34.252296142765445,0.02631578947368421,-52.48392434943965,-39.82668091293675,-26.6595930017012,-9.48549034938734,-4.503666371451765,-2.9890159341933176,17.1089171832834,12.24333787250953,176.72932330827066,90.0,465.0,1410.0,0.0885560892907601,264,190,-34.6771092178061,-30.888387278746073,7.3589954328877205,-0.0802956663541203,7.278699766533601,-40.0,38.0
20,58,RAW_SPREAD,24,LEGACY_RAW_EXIT,binance/bitget,NON_GATE_PAIRS,115,96,19,0.16521739130434782,-52.53447249834313,-54.05867672517468,0.0,-57.79934512427747,-55.982641183043306,-50.30735264057202,-41.104143523708615,0.20445171443412422,1.1628590627654756,6.2599897352801195,4.749757543723865,87.03125,22.5,225.0,1140.0,0.15738909296411416,34,0,-53.633095410754684,-51.02332602193602,6.185776459990204,-0.7202489583333334,5.46552750165687,-58.0,22.0
20,58,RAW_SPREAD,24,LEGACY_RAW_EXIT,binance/gate,GATE_PAIRS,45,4,41,0.9111111111111111,-39.68921828289129,-40.046105109715015,0.0,-51.15005833128167,-44.66823880817233,-35.06708458443397,-27.72873667694771,15.899811449255896,13.118125398726699,15.899811449255896,13.118125398726699,15.0,15.0,15.0,15.0,0.0011302627860977678,1,0,-49.10906729551589,-29.91248244344297,17.580131717108706,0.73065,18.310781717108707,-58.0,4.0
20,58,RAW_SPREAD,24,LEGACY_RAW_EXIT,binance/hyperliquid,NON_GATE_PAIRS,134,124,10,0.07462686567164178,-49.49135769227746,-51.579825028525704,0.0,-61.419217608270934,-55.460314866013256,-43.79021386571036,-32.993801740725424,-2.2188619526285693,-0.25245996288836275,12.952773113317596,8.509559530611721,112.37903225806451,30.0,325.50000000000006,1155.0,0.2625035320712066,48,0,-51.54552640046907,-47.1526757134061,11.563863477077371,-3.0552211693548386,8.508642307722534,-58.0,31.0
20,58,RAW_SPREAD,24,LEGACY_RAW_EXIT,binance/okx,NON_GATE_PAIRS,120,119,1,0.008333333333333333,-49.82254714944787,-51.69265653776706,0.01680672268907563,-63.83023578739393,-55.728388695045766,-47.43434695580889,-35.6534121578986,2.7649064076032523,2.6221550825955564,9.986954151023454,7.596910657706735,58.109243697478995,15.0,138.00000000000006,930.0,0.13026278609776773,25,0,-52.5189185797507,-46.94893426511467,9.78110726888497,-1.603654418332849,8.177452850552125,-58.0,32.0
20,58,RAW_SPREAD,24,LEGACY_RAW_EXIT,bitget/gate,GATE_PAIRS,106,1,105,0.9905660377358491,-50.90761085364521,-50.90761085364521,0.0,-50.90761085364521,-50.90761085364521,-50.90761085364521,-50.90761085364521,7.092389146354794,7.092389146354794,7.092389146354794,7.092389146354794,15.0,15.0,15.0,15.0,0.00028256569652444194,0,0,-50.90761085364521,-50.90761085364521,7.092389146354794,0.0,7.092389146354794,-58.0,1.0
20,58,RAW_SPREAD,24,LEGACY_RAW_EXIT,bitget/hyperliquid,NON_GATE_PAIRS,66,29,37,0.5606060606060606,-36.00311642049094,-36.29882645806521,0.034482758620689655,-55.753061979690145,-51.45692647515271,-29.695478552531927,-13.765225239415853,-3.5245556912643434,-3.841076365739271,26.03647683197759,19.692582487491617,196.55172413793105,120.0,498.0,735.0,0.10737496467928793,16,0,-41.86913421239537,-26.07940331016175,24.079894303647,-2.083010724137931,21.996883579509063,-58.0,18.0
20,58,RAW_SPREAD,24,LEGACY_RAW_EXIT,bitget/okx,NON_GATE_PAIRS,144,117,27,0.1875,-51.25125908128962,-52.82980380521191,0.0,-58.743053672154815,-55.05765931170109,-48.4846938905667,-39.54357144679861,-2.9921588349011476,-0.4938374060514672,8.703863104096342,5.609732442846127,129.6153846153846,30.0,330.0,1125.0,0.28567391918621077,58,0,-52.688963131653935,-49.54326727600548,8.628424193886799,-1.87968327517641,6.748740918710389,-58.0,31.0
20,58,RAW_SPREAD,24,LEGACY_RAW_EXIT,gate/hyperliquid,GATE_PAIRS,55,3,52,0.9454545454545454,-46.72952517787962,-51.22860391865996,0.0,-57.142249992354145,-54.51396284849006,-41.194626877659346,-33.167445244858854,-0.6471993443960921,-15.780038510575524,19.24037170967526,19.484181920730315,50.0,45.0,81.0,90.0,0.0028256569652444193,2,0,-57.799321778320156,-31.16064983665873,11.960887822120384,-0.690413,11.270474822120384,-58.0,3.0
20,58,RAW_SPREAD,24,LEGACY_RAW_EXIT,gate/okx,GATE_PAIRS,106,5,101,0.9528301886792453,-50.47545885560926,-52.61280491066751,0.0,-55.86371916575889,-53.88329454760616,-50.03204865710999,-41.598666405314425,6.927961506415059,4.199832539605319,9.591916894571506,4.199832539605319,24.0,15.0,39.0,45.0,0.0022605255721955355,1,0,-54.6194089292948,-44.73931446968633,9.664541144390748,-2.1399999999999997,7.52454114439075,-58.0,5.0
20,58,RAW_SPREAD,24,LEGACY_RAW_EXIT,hyperliquid/okx,NON_GATE_PAIRS,196,185,11,0.05612244897959184,-47.47359467860737,-49.60243925634628,0.010810810810810811,-59.21170210352168,-54.39464649106748,-43.70697690813771,-28.14193308068993,-0.519536730329121,0.6799091356468612,13.175372781936199,9.456676010570764,87.8108108108108,30.0,275.99999999999966,1170.0,0.3060186493359706,63,0,-48.899915817769504,-45.894512899174615,11.771138247275397,-1.2447329258827622,10.52640532139263,-58.0,36.0
20,58,RAW_SPREAD,24,LEGACY_RAW_EXIT,ALL_GATE_PAIRS,GATE_PAIRS,312,13,299,0.9583333333333334,-46.32541183053043,-50.90761085364521,0.0,-56.935023903506305,-52.770513212059,-39.490320842365534,-29.054049782025704,7.9530649570973395,7.092389146354794,13.567102657327824,8.70133871306411,26.53846153846154,15.0,45.0,90.0,0.0016247527550155411,4,5,-51.69018679827948,-40.37521516345436,12.432175784854191,-0.7575876153846153,11.674588169469576,-58.0,8.0
20,58,RAW_SPREAD,24,LEGACY_RAW_EXIT,ALL_NON_GATE_PAIRS,NON_GATE_PAIRS,775,670,105,0.13548387096774195,-49.1525724309181,-51.76402603303687,0.007462686567164179,-60.808629593957455,-55.498272568142994,-45.536522694767385,-30.35810249207692,-0.7088009684723393,0.9194753473451556,11.352842090410274,7.597585703917331,98.9776119402985,30.0,301.50000000000034,1170.0,0.20820382405575963,244,499,-50.34561342164247,-47.759431374582796,10.562997787388705,-1.715570218306806,8.847427569081898,-58.0,38.0
20,58,RAW_SPREAD,24,LEGACY_RAW_EXIT,ALL_PAIRS,ALL,1087,683,404,0.3716651333946642,-49.098761174981,-51.71263461716008,0.007320644216691069,-60.7540267299527,-55.45802475175638,-45.50357410150151,-30.32184685534382,-0.543933827868524,1.0360824859567686,11.394987606325248,7.598260750127928,97.59882869692532,30.0,300.0,1170.0,0.125572195535462,248,511,-50.28106443140143,-47.7435846788001,10.598575113841196,-1.6973362888221961,8.901238825019,-58.0,38.0
20,58,RAW_SPREAD,24,BASELINE_RESIDUAL_EXIT,binance/bitget,NON_GATE_PAIRS,36,20,16,0.4444444444444444,-50.701879960653045,-51.858317485770336,0.0,-77.38982945650494,-63.519656128402794,-43.27649183510562,-18.109054690492794,-11.42843738119459,-9.032091124625552,20.49668571164326,21.72181480920854,1044.0,1170.0,1440.0,1440.0,0.39333144956202315,90,0,-59.590223605267774,-41.770495119893894,6.714670039346947,0.5834500000000011,7.2981200393469505,-58.0,19.0
20,58,RAW_SPREAD,24,BASELINE_RESIDUAL_EXIT,binance/gate,GATE_PAIRS,45,4,41,0.9111111111111111,-39.68921828289129,-40.046105109715015,0.0,-51.15005833128167,-44.66823880817233,-35.06708458443397,-27.72873667694771,15.899811449255896,13.118125398726699,15.899811449255896,13.118125398726699,15.0,15.0,15.0,15.0,0.0011302627860977678,1,0,-49.10906729551589,-29.91248244344297,17.580131717108706,0.73065,18.310781717108707,-58.0,4.0
20,58,RAW_SPREAD,24,BASELINE_RESIDUAL_EXIT,binance/hyperliquid,NON_GATE_PAIRS,136,131,5,0.03676470588235294,-55.66094499281066,-57.45057079125744,0.0,-71.40315583755054,-62.207766531411764,-52.03760532312731,-36.74423092582178,-0.6477516033805912,-0.980678340185559,6.203709998942898,1.5061082260092729,36.7557251908397,15.0,75.0,420.0,0.09070358858434587,40,0,-57.38528511298114,-53.83907631619928,1.7354634804717828,0.6035915267175573,2.3390550071893403,-58.0,32.0
20,58,RAW_SPREAD,24,BASELINE_RESIDUAL_EXIT,binance/okx,NON_GATE_PAIRS,133,132,1,0.007518796992481203,-52.63024402838849,-55.38061534470479,0.007575757575757576,-64.14477889827603,-58.914787839410295,-48.37189673467968,-34.634198376558324,4.0220730749578095,2.582408359610988,6.655571663265092,3.912562125312214,22.613636363636363,15.0,30.0,495.0,0.05623057360836394,12,0,-54.80705155734225,-50.44885994432915,6.09885678873874,-0.7291008171272272,5.3697559716115135,-58.0,32.0
20,58,RAW_SPREAD,24,BASELINE_RESIDUAL_EXIT,bitget/gate,GATE_PAIRS,106,1,105,0.9905660377358491,-52.93765333436146,-52.93765333436146,0.0,-52.93765333436146,-52.93765333436146,-52.93765333436146,-52.93765333436146,5.06234666563854,5.06234666563854,5.06234666563854,5.06234666563854,15.0,15.0,15.0,15.0,0.00028256569652444194,0,0,-52.93765333436146,-52.93765333436146,5.06234666563854,0.0,5.06234666563854,-58.0,1.0
20,58,RAW_SPREAD,24,BASELINE_RESIDUAL_EXIT,bitget/hyperliquid,NON_GATE_PAIRS,41,16,25,0.6097560975609756,-56.545883359193596,-63.624790109416644,0.0,-88.4635827356414,-81.62839146886992,-30.30982499236221,-11.202691667098858,-26.330188245960382,-22.149566521088015,32.74762946430705,31.335088036342775,1341.5625,1440.0,1440.0,1455.0,0.40435151172647643,16,0,-70.55388209552873,-40.98511659036713,-3.1234851091935942,4.5776017499999995,1.4541166408064057,-58.0,16.0
20,58,RAW_SPREAD,24,BASELINE_RESIDUAL_EXIT,bitget/okx,NON_GATE_PAIRS,45,25,20,0.4444444444444444,-60.109693930352904,-56.38436304185504,0.0,-113.76772970719703,-66.42679870186171,-45.89000912567931,-19.291643599368108,-18.141857324972353,-12.44210842129334,24.16090595397882,21.634225895924565,1183.2,1440.0,1440.0,1440.0,0.5572195535461995,123,0,-73.24952687379275,-49.636003122575666,3.871664750052295,-5.9813586804052,-2.1096939303529054,-58.0,23.0
20,58,RAW_SPREAD,24,BASELINE_RESIDUAL_EXIT,gate/hyperliquid,GATE_PAIRS,56,3,53,0.9464285714285714,-64.81513292537225,-66.61597585325558,0.0,-66.61870352994909,-66.61749122919642,-63.91319608548976,-61.7509722712771,-7.263248107787963,-2.602900138903852,4.154322183453167,-2.363971507437501,20.0,15.0,27.0,30.0,0.0011302627860977678,1,0,-66.61900660513726,-61.21041631772393,-6.794299592038922,-0.020833333333333332,-6.815132925372256,-58.0,3.0
20,58,RAW_SPREAD,24,BASELINE_RESIDUAL_EXIT,gate/okx,GATE_PAIRS,107,5,102,0.9532710280373832,-53.175016634634446,-53.88329454760616,0.0,-61.44484417565804,-60.88448520869067,-50.03204865710999,-41.598666405314425,6.927961506415059,4.199832539605319,6.927961506415059,4.199832539605319,15.0,15.0,15.0,15.0,0.0014128284826222096,0,0,-59.62433681821561,-45.87749927857945,6.96498336536555,-2.1399999999999997,4.824983365365552,-58.0,5.0
20,58,RAW_SPREAD,24,BASELINE_RESIDUAL_EXIT,hyperliquid/okx,NON_GATE_PAIRS,213,209,4,0.018779342723004695,-53.98199102940553,-55.96622453140604,0.014354066985645933,-70.83696615235196,-60.94530445099082,-50.271269916773726,-31.661751846814745,1.7685704200132428,0.7131053421338684,6.557389781021692,3.124214982669349,31.004784688995215,15.0,45.0,525.0,0.12206838089855891,46,0,-56.23215874920878,-51.33582679865812,4.1325012844869,-0.11449231389243071,4.01800897059447,-58.0,36.0
20,58,RAW_SPREAD,24,BASELINE_RESIDUAL_EXIT,ALL_GATE_PAIRS,GATE_PAIRS,314,13,301,0.9585987261146497,-51.69346218578581,-52.93765333436146,0.0,-66.61718815400825,-61.21041631772393,-41.96748067354345,-33.23249760756242,6.270127359336427,4.199832539605319,8.904951272699765,5.06234666563854,16.153846153846153,15.0,15.0,30.0,0.0009889799378355467,2,3,-57.225913952903014,-45.53233636880442,6.909607044983413,-0.6030692307692307,6.306537814214182,-58.0,8.0
20,58,RAW_SPREAD,24,BASELINE_RESIDUAL_EXIT,ALL_NON_GATE_PAIRS,NON_GATE_PAIRS,604,533,71,0.11754966887417219,-54.30117488212048,-55.86349441724287,0.0075046904315197,-72.8144746761479,-61.11137865341316,-49.680045201502864,-29.739881203617106,-0.5397913490604611,-0.0584178572227145,8.629708007799803,4.351918066411997,161.73545966228892,15.0,573.0000000000007,1455.0,0.2706508429876613,327,404,-56.08070950945874,-52.479567512443815,3.8971798092011793,-0.19835469132165479,3.6988251178795237,-58.0,38.0
20,58,RAW_SPREAD,24,BASELINE_RESIDUAL_EXIT,ALL_PAIRS,ALL,918,546,372,0.40522875816993464,-54.2390864845887,-55.773792216420595,0.007326007326007326,-72.62980125439262,-61.148932678558594,-49.63244035827563,-29.57473851870618,-0.3776504274319639,-0.004808262158984,8.636261418868846,4.383083079145256,158.26923076923077,15.0,517.5,1455.0,0.162786097767731,329,418,-55.98628559918864,-52.447000175071835,3.9689042671959935,-0.20799075178469226,3.760913515411302,-58.0,38.0
20,58,RAW_SPREAD,24,FRACTIONAL_RESIDUAL_EXIT,binance/bitget,NON_GATE_PAIRS,34,0,34,1.0,,,,,,,,,,,,,,,,0.0,0,0,,,,,,,0.0
20,58,RAW_SPREAD,24,FRACTIONAL_RESIDUAL_EXIT,binance/gate,GATE_PAIRS,44,4,40,0.9090909090909091,-48.24434196237811,-46.98543312472223,0.0,-56.83049721898974,-49.888148560132336,-45.341626526968,-41.42065907848471,7.033343833863781,5.2050734976960555,17.878891278638733,14.819654999392862,153.75,52.5,358.50000000000006,480.0,0.01158519355750212,2,0,-55.66840402873708,-42.07918873367502,6.667508037621894,3.0881499999999997,9.755658037621894,-58.0,4.0
20,58,RAW_SPREAD,24,FRACTIONAL_RESIDUAL_EXIT,binance/hyperliquid,NON_GATE_PAIRS,65,53,12,0.18461538461538463,-56.387575085024004,-57.993598750801375,0.0,-78.79001076620047,-63.25238048955126,-53.90154721441876,-26.143220228262148,-10.973615997645902,-7.087728364688628,19.10851603056192,9.821610628470978,237.73584905660377,120.0,651.0000000000002,1170.0,0.23735518508053122,81,0,-60.453848743068846,-52.22668972085668,0.3496271791269472,1.2627977358490563,1.6124249149760037,-58.0,27.0
20,58,RAW_SPREAD,24,FRACTIONAL_RESIDUAL_EXIT,binance/okx,NON_GATE_PAIRS,92,86,6,0.06521739130434782,-48.179172549003134,-48.91807216258121,0.011627906976744186,-65.11388907095127,-55.86874622123352,-41.72017409167562,-29.73244950974147,0.2550075110943047,1.1517804318028624,15.923529636222877,12.798048887802672,132.5581395348837,75.0,307.5,915.0,0.21474992935857587,48,0,-51.77351324066891,-45.1651974533816,12.549219327916495,-2.728391876919616,9.82082745099688,-58.0,32.0
20,58,RAW_SPREAD,24,FRACTIONAL_RESIDUAL_EXIT,bitget/gate,GATE_PAIRS,106,0,106,1.0,,,,,,,,,,,,,,,,0.0,0,0,,,,,,,0.0
20,58,RAW_SPREAD,24,FRACTIONAL_RESIDUAL_EXIT,bitget/hyperliquid,NON_GATE_PAIRS,41,0,41,1.0,,,,,,,,,,,,,,,,0.0,0,0,,,,,,,0.0
20,58,RAW_SPREAD,24,FRACTIONAL_RESIDUAL_EXIT,bitget/okx,NON_GATE_PAIRS,44,0,44,1.0,,,,,,,,,,,,,,,,0.0,0,0,,,,,,,0.0
20,58,RAW_SPREAD,24,FRACTIONAL_RESIDUAL_EXIT,gate/hyperliquid,GATE_PAIRS,47,3,44,0.9361702127659575,-60.77928983951029,-57.73998307216074,0.0,-66.11926321524022,-62.3951387072049,-57.64378758814091,-57.56683120092505,-12.064769635637221,-15.780038510575524,19.779184351977154,19.484181920730315,235.0,270.0,306.0,315.0,0.013280587736648771,10,0,-67.05029434224906,-57.54759210412109,-4.639908839510302,1.860619,-2.779289839510302,-58.0,3.0
20,58,RAW_SPREAD,24,FRACTIONAL_RESIDUAL_EXIT,gate/okx,GATE_PAIRS,102,5,97,0.9509803921568627,-49.810723222762945,-51.03495527523289,0.0,-62.09334067371023,-56.35882532029707,-39.490320842365534,-38.81210029955767,4.1630928143217005,4.199832539605319,14.785834444857707,11.693959344951654,123.0,30.0,312.0,480.0,0.01158519355750212,5,0,-58.16130898799082,-41.29058232183311,11.863131625611256,-3.6738548483741993,8.189276777237056,-58.0,5.0
20,58,RAW_SPREAD,24,FRACTIONAL_RESIDUAL_EXIT,hyperliquid/okx,NON_GATE_PAIRS,125,115,10,0.08,-49.87431904260577,-51.94892942482,0.008695652173913044,-68.24160434990978,-56.25090871211623,-45.411760126789886,-26.319077161486803,-5.661380725088685,-4.119528784392035,17.078389408901398,12.55594114679015,183.2608695652174,90.0,492.0000000000004,1410.0,0.39700480361684093,118,0,-52.34630906318252,-47.34396415554952,6.849249727770212,1.2764312296240172,8.125680957394229,-58.0,35.0
20,58,RAW_SPREAD,24,FRACTIONAL_RESIDUAL_EXIT,ALL_GATE_PAIRS,GATE_PAIRS,299,12,287,0.959866220735786,-52.03073779015484,-53.69689029776498,0.0,-65.11246568564701,-57.94650840004658,-45.341626526968,-39.108821787036106,1.06287754167933,0.7970286487279932,17.065190866231244,14.819654999392862,161.25,67.5,463.50000000000006,480.0,0.009112743712913252,17,7,-55.416995343458524,-47.41806123158188,6.00549698000108,-0.036234770155916696,5.969262209845163,-58.0,8.0
20,58,RAW_SPREAD,24,FRACTIONAL_RESIDUAL_EXIT,ALL_NON_GATE_PAIRS,NON_GATE_PAIRS,401,254,147,0.36658354114713215,-50.65943704181183,-52.252296142765445,0.007874015748031496,-70.60962351191597,-57.82668091293675,-44.6595930017012,-26.62636760705646,-4.766652698056384,-3.141301283652309,17.11098299353783,12.24333787250953,177.46062992125985,90.0,460.5000000000002,1410.0,0.14151831967599132,247,176,-52.652622404281495,-48.66468797678177,7.422940241685516,-0.08237728349734232,7.340562958188174,-58.0,37.0
20,58,RAW_SPREAD,24,FRACTIONAL_RESIDUAL_EXIT,ALL_PAIRS,ALL,700,266,434,0.62,-50.7213002334664,-52.252296142765445,0.007518796992481203,-70.48392434943965,-57.82668091293675,-44.6595930017012,-27.48549034938734,-4.503666371451765,-2.9890159341933176,17.1089171832834,12.24333787250953,176.72932330827066,90.0,465.0,1410.0,0.0885560892907601,264,190,-52.486348438052616,-48.69779899675817,7.3589954328877205,-0.0802956663541203,7.278699766533601,-58.0,38.0
20,80,RAW_SPREAD,24,LEGACY_RAW_EXIT,binance/bitget,NON_GATE_PAIRS,115,96,19,0.16521739130434782,-74.53447249834313,-76.05867672517468,0.0,-79.79934512427748,-77.9826411830433,-72.30735264057202,-63.104143523708615,0.20445171443412422,1.1628590627654756,6.2599897352801195,4.749757543723865,87.03125,22.5,225.0,1140.0,0.15738909296411416,34,0,-75.63105246295407,-72.99704672294715,6.185776459990204,-0.7202489583333334,5.46552750165687,-80.0,22.0
20,80,RAW_SPREAD,24,LEGACY_RAW_EXIT,binance/gate,GATE_PAIRS,45,4,41,0.9111111111111111,-61.68921828289129,-62.046105109715015,0.0,-73.15005833128167,-66.66823880817233,-57.06708458443397,-49.72873667694771,15.899811449255896,13.118125398726699,15.899811449255896,13.118125398726699,15.0,15.0,15.0,15.0,0.0011302627860977678,1,0,-71.1090672955159,-51.91248244344297,17.580131717108706,0.73065,18.310781717108707,-80.0,4.0
20,80,RAW_SPREAD,24,LEGACY_RAW_EXIT,binance/hyperliquid,NON_GATE_PAIRS,134,124,10,0.07462686567164178,-71.49135769227745,-73.5798250285257,0.0,-83.41921760827094,-77.46031486601325,-65.79021386571037,-54.993801740725424,-2.2188619526285693,-0.25245996288836275,12.952773113317596,8.509559530611721,112.37903225806451,30.0,325.50000000000006,1155.0,0.2625035320712066,48,0,-73.77532452758936,-69.31973306226098,11.563863477077371,-3.0552211693548386,8.508642307722534,-80.0,31.0
20,80,RAW_SPREAD,24,LEGACY_RAW_EXIT,binance/okx,NON_GATE_PAIRS,120,119,1,0.008333333333333333,-71.82254714944789,-73.69265653776706,0.01680672268907563,-85.83023578739392,-77.72838869504577,-69.43434695580889,-57.6534121578986,2.7649064076032523,2.6221550825955564,9.986954151023454,7.596910657706735,58.109243697478995,15.0,138.00000000000006,930.0,0.13026278609776773,25,0,-74.44010867675988,-68.95281397862905,9.78110726888497,-1.603654418332849,8.177452850552125,-80.0,32.0
20,80,RAW_SPREAD,24,LEGACY_RAW_EXIT,bitget/gate,GATE_PAIRS,106,1,105,0.9905660377358491,-72.90761085364521,-72.90761085364521,0.0,-72.90761085364521,-72.90761085364521,-72.90761085364521,-72.90761085364521,7.092389146354794,7.092389146354794,7.092389146354794,7.092389146354794,15.0,15.0,15.0,15.0,0.00028256569652444194,0,0,-72.90761085364521,-72.90761085364521,7.092389146354794,0.0,7.092389146354794,-80.0,1.0
20,80,RAW_SPREAD,24,LEGACY_RAW_EXIT,bitget/hyperliquid,NON_GATE_PAIRS,66,29,37,0.5606060606060606,-58.00311642049093,-58.29882645806521,0.034482758620689655,-77.75306197969013,-73.45692647515271,-51.69547855253192,-35.765225239415855,-3.5245556912643434,-3.841076365739271,26.03647683197759,19.692582487491617,196.55172413793105,120.0,498.0,735.0,0.10737496467928793,16,0,-64.00065203637485,-49.1079598369487,24.079894303647,-2.083010724137931,21.996883579509063,-80.0,18.0
20,80,RAW_SPREAD,24,LEGACY_RAW_EXIT,bitget/okx,NON_GATE_PAIRS,144,117,27,0.1875,-73.25125908128959,-74.82980380521191,0.0,-80.74305367215482,-77.05765931170109,-70.4846938905667,-61.54357144679861,-2.9921588349011476,-0.4938374060514672,8.703863104096342,5.609732442846127,129.6153846153846,30.0,330.0,1125.0,0.28567391918621077,58,0,-74.78261430269384,-71.42695861538922,8.628424193886799,-1.87968327517641,6.748740918710389,-80.0,31.0
20,80,RAW_SPREAD,24,LEGACY_RAW_EXIT,gate/hyperliquid,GATE_PAIRS,55,3,52,0.9454545454545454,-68.72952517787962,-73.22860391865996,0.0,-79.14224999235414,-76.51396284849005,-63.194626877659346,-55.16744524485886,-0.6471993443960921,-15.780038510575524,19.24037170967526,19.484181920730315,50.0,45.0,81.0,90.0,0.0028256569652444193,2,0,-79.79932177832016,-53.160649836658735,11.960887822120384,-0.690413,11.270474822120384,-80.0,3.0
20,80,RAW_SPREAD,24,LEGACY_RAW_EXIT,gate/okx,GATE_PAIRS,106,5,101,0.9528301886792453,-72.47545885560926,-74.6128049106675,0.0,-77.8637191657589,-75.88329454760616,-72.03204865710998,-63.598666405314425,6.927961506415059,4.199832539605319,9.591916894571506,4.199832539605319,24.0,15.0,39.0,45.0,0.0022605255721955355,1,0,-76.61940892929479,-66.97236730090073,9.664541144390748,-2.1399999999999997,7.52454114439075,-80.0,5.0
20,80,RAW_SPREAD,24,LEGACY_RAW_EXIT,hyperliquid/okx,NON_GATE_PAIRS,196,185,11,0.05612244897959184,-69.47359467860737,-71.60243925634629,0.0,-81.21170210352169,-76.39464649106748,-65.7069769081377,-50.14193308068993,-0.519536730329121,0.6799091356468612,13.175372781936199,9.456676010570764,87.8108108108108,30.0,275.99999999999966,1170.0,0.3060186493359706,63,0,-70.88375679084939,-67.8786114119029,11.771138247275397,-1.2447329258827622,10.52640532139263,-80.0,36.0
20,80,RAW_SPREAD,24,LEGACY_RAW_EXIT,ALL_GATE_PAIRS,GATE_PAIRS,312,13,299,0.9583333333333334,-68.32541183053043,-72.90761085364521,0.0,-78.9350239035063,-74.770513212059,-61.490320842365534,-51.05404978202571,7.9530649570973395,7.092389146354794,13.567102657327824,8.70133871306411,26.53846153846154,15.0,45.0,90.0,0.0016247527550155411,4,5,-73.80319920051572,-62.64664700916631,12.432175784854191,-0.7575876153846153,11.674588169469576,-80.0,8.0
20,80,RAW_SPREAD,24,LEGACY_RAW_EXIT,ALL_NON_GATE_PAIRS,NON_GATE_PAIRS,775,670,105,0.13548387096774195,-71.1525724309181,-73.76402603303686,0.004477611940298508,-82.80862959395745,-77.498272568143,-67.53652269476737,-52.35810249207692,-0.7088009684723393,0.9194753473451556,11.352842090410274,7.597585703917331,98.9776119402985,30.0,301.50000000000034,1170.0,0.20820382405575963,244,499,-72.42470579146422,-69.8243064538782,10.562997787388705,-1.715570218306806,8.847427569081898,-80.0,38.0
20,80,RAW_SPREAD,24,LEGACY_RAW_EXIT,ALL_PAIRS,ALL,1087,683,404,0.3716651333946642,-71.09876117498101,-73.71263461716009,0.004392386530014641,-82.75402672995268,-77.45802475175637,-67.50357410150151,-52.321846855343814,-0.543933827868524,1.0360824859567686,11.394987606325248,7.598260750127928,97.59882869692532,30.0,300.0,1170.0,0.125572195535462,248,511,-72.35862522859192,-69.76959838433375,10.598575113841196,-1.6973362888221961,8.901238825019,-80.0,38.0
20,80,RAW_SPREAD,24,BASELINE_RESIDUAL_EXIT,binance/bitget,NON_GATE_PAIRS,36,20,16,0.4444444444444444,-72.70187996065306,-73.85831748577033,0.0,-99.38982945650494,-85.5196561284028,-65.27649183510562,-40.10905469049279,-11.42843738119459,-9.032091124625552,20.49668571164326,21.72181480920854,1044.0,1170.0,1440.0,1440.0,0.39333144956202315,90,0,-81.08951096092724,-62.95620056779693,6.714670039346947,0.5834500000000011,7.2981200393469505,-80.0,19.0
20,80,RAW_SPREAD,24,BASELINE_RESIDUAL_EXIT,binance/gate,GATE_PAIRS,45,4,41,0.9111111111111111,-61.68921828289129,-62.046105109715015,0.0,-73.15005833128167,-66.66823880817233,-57.06708458443397,-49.72873667694771,15.899811449255896,13.118125398726699,15.899811449255896,13.118125398726699,15.0,15.0,15.0,15.0,0.0011302627860977678,1,0,-71.1090672955159,-51.91248244344297,17.580131717108706,0.73065,18.310781717108707,-80.0,4.0
20,80,RAW_SPREAD,24,BASELINE_RESIDUAL_EXIT,binance/hyperliquid,NON_GATE_PAIRS,136,131,5,0.03676470588235294,-77.66094499281067,-79.45057079125743,0.0,-93.40315583755054,-84.20776653141178,-74.03760532312731,-58.74423092582178,-0.6477516033805912,-0.980678340185559,6.203709998942898,1.5061082260092729,36.7557251908397,15.0,75.0,420.0,0.09070358858434587,40,0,-79.4477425766089,-75.81257613467474,1.7354634804717828,0.6035915267175573,2.3390550071893403,-80.0,32.0
20,80,RAW_SPREAD,24,BASELINE_RESIDUAL_EXIT,binance/okx,NON_GATE_PAIRS,133,132,1,0.007518796992481203,-74.63024402838847,-77.38061534470478,0.007575757575757576,-86.14477889827603,-80.9147878394103,-70.37189673467968,-56.634198376558324,4.0220730749578095,2.582408359610988,6.655571663265092,3.912562125312214,22.613636363636363,15.0,30.0,495.0,0.05623057360836394,12,0,-76.86473952917972,-72.23042487627797,6.09885678873874,-0.7291008171272272,5.3697559716115135,-80.0,32.0
20,80,RAW_SPREAD,24,BASELINE_RESIDUAL_EXIT,bitget/gate,GATE_PAIRS,106,1,105,0.9905660377358491,-74.93765333436146,-74.93765333436146,0.0,-74.93765333436146,-74.93765333436146,-74.93765333436146,-74.93765333436146,5.06234666563854,5.06234666563854,5.06234666563854,5.06234666563854,15.0,15.0,15.0,15.0,0.00028256569652444194,0,0,-74.93765333436146,-74.93765333436146,5.06234666563854,0.0,5.06234666563854,-80.0,1.0
20,80,RAW_SPREAD,24,BASELINE_RESIDUAL_EXIT,bitget/hyperliquid,NON_GATE_PAIRS,41,16,25,0.6097560975609756,-78.5458833591936,-85.62479010941664,0.0,-110.46358273564141,-103.62839146886992,-52.30982499236221,-33.20269166709886,-26.330188245960382,-22.149566521088015,32.74762946430705,31.335088036342775,1341.5625,1440.0,1440.0,1455.0,0.40435151172647643,16,0,-92.09031440995123,-65.01093099393835,-3.1234851091935942,4.5776017499999995,1.4541166408064057,-80.0,16.0
20,80,RAW_SPREAD,24,BASELINE_RESIDUAL_EXIT,bitget/okx,NON_GATE_PAIRS,45,25,20,0.4444444444444444,-82.10969393035289,-78.38436304185504,0.0,-135.76772970719702,-88.42679870186171,-67.89000912567931,-41.29164359936811,-18.141857324972353,-12.44210842129334,24.16090595397882,21.634225895924565,1183.2,1440.0,1440.0,1440.0,0.5572195535461995,123,0,-93.90933407953402,-71.46665597157072,3.871664750052295,-5.9813586804052,-2.1096939303529054,-80.0,23.0
20,80,RAW_SPREAD,24,BASELINE_RESIDUAL_EXIT,gate/hyperliquid,GATE_PAIRS,56,3,53,0.9464285714285714,-86.81513292537225,-88.61597585325558,0.0,-88.61870352994909,-88.61749122919642,-85.91319608548974,-83.75097227127709,-7.263248107787963,-2.602900138903852,4.154322183453167,-2.363971507437501,20.0,15.0,27.0,30.0,0.0011302627860977678,1,0,-88.61900660513726,-83.21041631772393,-6.794299592038922,-0.020833333333333332,-6.815132925372256,-80.0,3.0
20,80,RAW_SPREAD,24,BASELINE_RESIDUAL_EXIT,gate/okx,GATE_PAIRS,107,5,102,0.9532710280373832,-75.17501663463445,-75.88329454760616,0.0,-83.44484417565805,-82.88448520869066,-72.03204865710998,-63.598666405314425,6.927961506415059,4.199832539605319,6.927961506415059,4.199832539605319,15.0,15.0,15.0,15.0,0.0014128284826222096,0,0,-81.76442655995746,-67.87749927857945,6.96498336536555,-2.1399999999999997,4.824983365365552,-80.0,5.0
20,80,RAW_SPREAD,24,BASELINE_RESIDUAL_EXIT,hyperliquid/okx,NON_GATE_PAIRS,213,209,4,0.018779342723004695,-75.98199102940552,-77.96622453140604,0.014354066985645933,-92.83696615235196,-82.94530445099082,-72.27126991677372,-53.66175184681474,1.7685704200132428,0.7131053421338684,6.557389781021692,3.124214982669349,31.004784688995215,15.0,45.0,525.0,0.12206838089855891,46,0,-78.29517192759558,-73.37371847523777,4.1325012844869,-0.11449231389243071,4.01800897059447,-80.0,36.0
20,80,RAW_SPREAD,24,BASELINE_RESIDUAL_EXIT,ALL_GATE_PAIRS,GATE_PAIRS,314,13,301,0.9585987261146497,-73.69346218578582,-74.93765333436146,0.0,-88.61718815400825,-83.21041631772393,-63.96748067354345,-55.23249760756242,6.270127359336427,4.199832539605319,8.904951272699765,5.06234666563854,16.153846153846153,15.0,15.0,30.0,0.0009889799378355467,2,3,-79.77032106608421,-67.72964617961819,6.909607044983413,-0.6030692307692307,6.306537814214182,-80.0,8.0
20,80,RAW_SPREAD,24,BASELINE_RESIDUAL_EXIT,ALL_NON_GATE_PAIRS,NON_GATE_PAIRS,604,533,71,0.11754966887417219,-76.30117488212048,-77.86349441724286,0.0075046904315197,-94.8144746761479,-83.11137865341315,-71.68004520150286,-51.73988120361711,-0.5397913490604611,-0.0584178572227145,8.629708007799803,4.351918066411997,161.73545966228892,15.0,573.0000000000007,1455.0,0.2706508429876613,327,404,-77.9991595594812,-74.65050748389683,3.8971798092011793,-0.19835469132165479,3.6988251178795237,-80.0,38.0
20,80,RAW_SPREAD,24,BASELINE_RESIDUAL_EXIT,ALL_PAIRS,ALL,918,546,372,0.40522875816993464,-76.2390864845887,-77.77379221642059,0.007326007326007326,-94.62980125439262,-83.1489326785586,-71.63244035827563,-51.574738518706184,-0.3776504274319639,-0.004808262158984,8.636261418868846,4.383083079145256,158.26923076923077,15.0,517.5,1455.0,0.162786097767731,329,418,-77.9152303065245,-74.6221605249727,3.9689042671959935,-0.20799075178469226,3.760913515411302,-80.0,38.0
20,80,RAW_SPREAD,24,FRACTIONAL_RESIDUAL_EXIT,binance/bitget,NON_GATE_PAIRS,34,0,34,1.0,,,,,,,,,,,,,,,,0.0,0,0,,,,,,,0.0
20,80,RAW_SPREAD,24,FRACTIONAL_RESIDUAL_EXIT,binance/gate,GATE_PAIRS,44,4,40,0.9090909090909091,-70.24434196237812,-68.98543312472222,0.0,-78.83049721898975,-71.88814856013234,-67.341626526968,-63.42065907848471,7.033343833863781,5.2050734976960555,17.878891278638733,14.819654999392862,153.75,52.5,358.50000000000006,480.0,0.01158519355750212,2,0,-77.66840402873709,-64.07918873367501,6.667508037621894,3.0881499999999997,9.755658037621894,-80.0,4.0
20,80,RAW_SPREAD,24,FRACTIONAL_RESIDUAL_EXIT,binance/hyperliquid,NON_GATE_PAIRS,65,53,12,0.18461538461538463,-78.387575085024,-79.99359875080137,0.0,-100.79001076620047,-85.25238048955126,-75.90154721441876,-48.14322022826215,-10.973615997645902,-7.087728364688628,19.10851603056192,9.821610628470978,237.73584905660377,120.0,651.0000000000002,1170.0,0.23735518508053122,81,0,-83.00073368680526,-73.76050531818589,0.3496271791269472,1.2627977358490563,1.6124249149760037,-80.0,27.0
20,80,RAW_SPREAD,24,FRACTIONAL_RESIDUAL_EXIT,binance/okx,NON_GATE_PAIRS,92,86,6,0.06521739130434782,-70.17917254900311,-70.91807216258121,0.011627906976744186,-87.11388907095127,-77.86874622123352,-63.72017409167562,-51.73244950974147,0.2550075110943047,1.1517804318028624,15.923529636222877,12.798048887802672,132.5581395348837,75.0,307.5,915.0,0.21474992935857587,48,0,-73.45154668935719,-66.89842887463107,12.549219327916495,-2.728391876919616,9.82082745099688,-80.0,32.0
20,80,RAW_SPREAD,24,FRACTIONAL_RESIDUAL_EXIT,bitget/gate,GATE_PAIRS,106,0,106,1.0,,,,,,,,,,,,,,,,0.0,0,0,,,,,,,0.0
20,80,RAW_SPREAD,24,FRACTIONAL_RESIDUAL_EXIT,bitget/hyperliquid,NON_GATE_PAIRS,41,0,41,1.0,,,,,,,,,,,,,,,,0.0,0,0,,,,,,,0.0
20,80,RAW_SPREAD,24,FRACTIONAL_RESIDUAL_EXIT,bitget/okx,NON_GATE_PAIRS,44,0,44,1.0,,,,,,,,,,,,,,,,0.0,0,0,,,,,,,0.0
20,80,RAW_SPREAD,24,FRACTIONAL_RESIDUAL_EXIT,gate/hyperliquid,GATE_PAIRS,47,3,44,0.9361702127659575,-82.7792898395103,-79.73998307216074,0.0,-88.11926321524022,-84.3951387072049,-79.64378758814092,-79.56683120092507,-12.064769635637221,-15.780038510575524,19.779184351977154,19.484181920730315,235.0,270.0,306.0,315.0,0.013280587736648771,10,0,-89.05029434224906,-79.5475921041211,-4.639908839510302,1.860619,-2.779289839510302,-80.0,3.0
20,80,RAW_SPREAD,24,FRACTIONAL_RESIDUAL_EXIT,gate/okx,GATE_PAIRS,102,5,97,0.9509803921568627,-71.81072322276295,-73.03495527523289,0.0,-84.09334067371023,-78.35882532029707,-61.490320842365534,-60.81210029955767,4.1630928143217005,4.199832539605319,14.785834444857707,11.693959344951654,123.0,30.0,312.0,480.0,0.01158519355750212,5,0,-80.53016381733126,-63.46013745753506,11.863131625611256,-3.6738548483741993,8.189276777237056,-80.0,5.0
20,80,RAW_SPREAD,24,FRACTIONAL_RESIDUAL_EXIT,hyperliquid/okx,NON_GATE_PAIRS,125,115,10,0.08,-71.87431904260578,-73.94892942482,0.008695652173913044,-90.24160434990978,-78.25090871211623,-67.41176012678989,-48.3190771614868,-5.661380725088685,-4.119528784392035,17.078389408901398,12.55594114679015,183.2608695652174,90.0,492.0000000000004,1410.0,0.39700480361684093,118,0,-74.62595490295202,-69.2890513388257,6.849249727770212,1.2764312296240172,8.125680957394229,-80.0,35.0
20,80,RAW_SPREAD,24,FRACTIONAL_RESIDUAL_EXIT,ALL_GATE_PAIRS,GATE_PAIRS,299,12,287,0.959866220735786,-74.03073779015483,-75.69689029776498,0.0,-87.11246568564701,-79.94650840004658,-67.341626526968,-61.108821787036106,1.06287754167933,0.7970286487279932,17.065190866231244,14.819654999392862,161.25,67.5,463.50000000000006,480.0,0.009112743712913252,17,7,-77.58866205485006,-69.59979817191554,6.00549698000108,-0.036234770155916696,5.969262209845163,-80.0,8.0
20,80,RAW_SPREAD,24,FRACTIONAL_RESIDUAL_EXIT,ALL_NON_GATE_PAIRS,NON_GATE_PAIRS,401,254,147,0.36658354114713215,-72.65943704181181,-74.25229614276545,0.007874015748031496,-92.60962351191597,-79.82668091293675,-66.65959300170121,-48.62636760705646,-4.766652698056384,-3.141301283652309,17.11098299353783,12.24333787250953,177.46062992125985,90.0,460.5000000000002,1410.0,0.14151831967599132,247,176,-74.539872090685,-70.80069787161099,7.422940241685516,-0.08237728349734232,7.340562958188174,-80.0,37.0
20,80,RAW_SPREAD,24,FRACTIONAL_RESIDUAL_EXIT,ALL_PAIRS,ALL,700,266,434,0.62,-72.7213002334664,-74.25229614276545,0.007518796992481203,-92.48392434943966,-79.82668091293675,-66.65959300170121,-49.485490349387334,-4.503666371451765,-2.9890159341933176,17.1089171832834,12.24333787250953,176.72932330827066,90.0,465.0,1410.0,0.0885560892907601,264,190,-74.61376400405258,-70.93156048440552,7.3589954328877205,-0.0802956663541203,7.278699766533601,-80.0,38.0
50,0,RAW_SPREAD,24,LEGACY_RAW_EXIT,binance/bitget,NON_GATE_PAIRS,34,29,5,0.14705882352941177,4.832103472618588,6.850908391357047,0.896551724137931,-12.108193308228167,3.1984501731985304,8.078459344045275,19.643483216090107,-4.914140511956706,0.5454251437309043,8.434636915767712,7.152348247565499,102.93103448275862,30.0,320.9999999999999,795.0,0.05623057360836394,14,0,1.7670045935624075,8.49071728318878,8.324762093308243,-3.492658620689655,4.832103472618588,-0.0,11.0
50,0,RAW_SPREAD,24,LEGACY_RAW_EXIT,binance/gate,GATE_PAIRS,63,2,61,0.9682539682539683,7.103760994926489,7.103760994926489,1.0,5.432507055159519,6.175286583944839,8.03223540590814,8.77501493469346,7.301103651994878,7.301103651994878,10.689350578111934,10.689350578111934,37.5,37.5,55.5,60.0,0.0014128284826222096,2,0,5.246812172963189,8.96070981688979,7.103760994926489,0.0,7.103760994926489,-0.0,2.0
50,0,RAW_SPREAD,24,LEGACY_RAW_EXIT,binance/hyperliquid,NON_GATE_PAIRS,107,104,3,0.028037383177570093,8.119828758205253,6.867715536514426,0.8557692307692307,-4.683466477397429,3.0679493076874023,11.904283154917856,24.729693930078565,-1.1955636115919692,0.3735171735919085,12.421561617056774,9.26953822871779,76.875,30.0,145.50000000000006,1065.0,0.15060751624752755,35,0,6.010481599216527,10.7473542426565,11.565820787051406,-3.445992028846154,8.119828758205253,-0.0,27.0
50,0,RAW_SPREAD,24,LEGACY_RAW_EXIT,binance/okx,NON_GATE_PAIRS,11,10,1,0.09090909090909091,13.771303518872378,11.422552388682394,0.9,-9.589188820308907,7.153386943895557,22.39454541745532,37.01833602512747,2.784343743044815,6.8918768478631875,15.170304903679767,10.026120864917164,75.0,15.0,256.5,270.0,0.014128284826222097,4,0,1.8051533050005504,23.455040937561932,15.163531297166077,-1.3922277782937,13.771303518872378,-0.0,6.0
50,0,RAW_SPREAD,24,LEGACY_RAW_EXIT,bitget/gate,GATE_PAIRS,95,0,95,1.0,,,,,,,,,,,,,,,,0.0,0,0,,,,,,,0.0
50,0,RAW_SPREAD,24,LEGACY_RAW_EXIT,bitget/hyperliquid,NON_GATE_PAIRS,127,105,22,0.1732283464566929,10.07381067492092,7.505503138875991,0.9333333333333333,-0.3830613071003793,3.6752950291954583,13.006708980138216,31.366879803863203,-3.6229199656109423,1.3869066930027871,13.018081577903171,9.0588627732191,106.42857142857143,30.0,240.00000000000063,1095.0,0.21051144391070925,37,0,8.052010385028897,12.951315477846498,12.271253332063779,-2.197442657142857,10.07381067492092,-0.0,29.0
50,0,RAW_SPREAD,24,LEGACY_RAW_EXIT,bitget/okx,NON_GATE_PAIRS,79,72,7,0.08860759493670886,10.915771555096729,8.302223737646774,0.9027777777777778,-2.34271491389161,4.9543680753239006,12.779511141867705,33.41704324019513,0.728739129023428,5.564652410091631,14.403151635664946,10.021011981246609,75.625,15.0,205.49999999999994,930.0,0.10257134783837242,25,0,8.018499690256023,13.757154896513505,14.21699688605705,-3.3012253309603192,10.915771555096729,-0.0,21.0
50,0,RAW_SPREAD,24,LEGACY_RAW_EXIT,gate/hyperliquid,GATE_PAIRS,68,2,66,0.9705882352941176,-1.4255553396358422,-1.4255553396358422,0.5,-9.579344772954412,-5.955438358146159,3.1043276788744745,6.728234093682727,-14.853094756058226,-14.853094756058226,3.7325120262254874,3.7325120262254874,30.0,30.0,30.0,30.0,0.0011302627860977678,0,0,-10.485321376656476,7.634210697384791,-1.4255553396358422,0.0,-1.4255553396358422,-0.0,2.0
50,0,RAW_SPREAD,24,LEGACY_RAW_EXIT,gate/okx,GATE_PAIRS,42,1,41,0.9761904761904762,-2.4890765544394178,-2.4890765544394178,0.0,-2.4890765544394178,-2.4890765544394178,-2.4890765544394178,-2.4890765544394178,2.4263563907944707,2.4263563907944707,2.4263563907944707,2.4263563907944707,15.0,15.0,15.0,15.0,0.00028256569652444194,1,0,-2.4890765544394178,-2.4890765544394178,-2.4890765544394178,0.0,-2.4890765544394178,-0.0,1.0
50,0,RAW_SPREAD,24,LEGACY_RAW_EXIT,hyperliquid/okx,NON_GATE_PAIRS,68,65,3,0.04411764705882353,15.053316082633588,12.1344587056687,0.9538461538461539,0.6945314043897619,6.604073293570156,21.83220995507736,36.41232324239028,4.25770862876943,4.083937907862767,17.54094886089101,11.9056725524469,50.53846153846154,30.0,144.0000000000001,255.0,0.061881887538852785,13,0,11.401033337385856,20.280347733578775,16.883505823998767,-1.8301897413651846,15.053316082633588,-0.0,21.0
50,0,RAW_SPREAD,24,LEGACY_RAW_EXIT,ALL_GATE_PAIRS,GATE_PAIRS,268,5,263,0.9813432835820896,1.7734669512283752,5.246812172963189,0.6,-8.886072412213064,-2.4890765544394178,7.634210697384791,8.69540999298879,-2.535525163466445,1.6938371138441877,6.2540163198938625,8.470330966078299,30.0,30.0,48.0,60.0,0.0007064142413111048,3,0,-4.996866173503811,7.479127257770786,1.7734669512283752,0.0,1.7734669512283752,-0.0,5.0
50,0,RAW_SPREAD,24,LEGACY_RAW_EXIT,ALL_NON_GATE_PAIRS,NON_GATE_PAIRS,426,385,41,0.09624413145539906,10.245344012864555,7.996002886070448,0.9064935064935065,-4.0275139567235465,3.904574650270831,13.514250199199854,29.993477357726274,-0.7537443409124945,1.7112806507757483,13.590226200450886,9.452301711370126,82.16883116883118,30.0,204.00000000000034,1095.0,0.09932184232834133,128,242,8.591377355451883,12.255952656658991,13.001122155204339,-2.7557781423397842,10.245344012864555,-0.0,34.0
50,0,RAW_SPREAD,24,LEGACY_RAW_EXIT,ALL_PAIRS,ALL,694,390,304,0.43804034582132567,10.136730204382038,7.8593274319640605,0.9025641025641026,-4.157104962514803,3.888997730076654,13.497688134029017,29.98564891296568,-0.7765876847913913,1.702558882309968,13.49617222762323,9.444682563074512,81.5,30.0,196.50000000000034,1095.0,0.059875671093529245,131,246,8.543844290834212,12.11285244184559,12.857177857717467,-2.720447653335428,10.136730204382038,-0.0,34.0
50,0,RAW_SPREAD,24,BASELINE_RESIDUAL_EXIT,binance/bitget,NON_GATE_PAIRS,18,8,10,0.5555555555555556,9.536180783728199,13.681568581719072,0.75,-26.324696908764952,-3.3435529458026094,27.679572091135455,35.98307570601972,-11.412302391591023,-10.530905892542908,24.94443294984591,22.634657827101947,826.875,855.0,1429.5,1440.0,0.12461147216727889,26,0,-8.070214236327562,21.088847964467295,10.204930783728194,-0.6687499999999975,9.536180783728199,-0.0,5.0
50,0,RAW_SPREAD,24,BASELINE_RESIDUAL_EXIT,binance/gate,GATE_PAIRS,64,2,62,0.96875,5.897012253957001,5.897012253957001,1.0,3.139684447317492,4.365163472490607,7.428861035423395,8.65434006059651,7.321549403873084,7.321549403873084,7.321549403873084,7.321549403873084,15.0,15.0,15.0,15.0,0.0005651313930488839,1,0,2.833314691024213,8.96070981688979,5.897012253957001,0.0,5.897012253957001,-0.0,2.0
50,0,RAW_SPREAD,24,BASELINE_RESIDUAL_EXIT,binance/hyperliquid,NON_GATE_PAIRS,120,117,3,0.025,4.073445283038932,3.6915647294866174,0.7008547008547008,-8.609501487987659,-1.2907741574851137,8.64955276822843,20.4275195750104,-0.15806690801360068,0.9604422431297444,7.923781247380391,3.8838935944274233,36.02564102564103,15.0,66.00000000000009,525.0,0.07940096072336818,22,0,2.072414083687508,6.162791395237036,5.8531962659449155,-1.7797509829059825,4.073445283038932,-0.0,26.0
50,0,RAW_SPREAD,24,BASELINE_RESIDUAL_EXIT,binance/okx,NON_GATE_PAIRS,11,10,1,0.09090909090909091,9.134931112194579,17.208394388871394,0.8,-23.451253615951984,3.3684843490616734,21.46359739783471,26.753276843758,-8.457058558334007,3.4372083361455807,22.390985397658493,19.540669279171084,73.5,30.0,210.0,210.0,0.013845719129697655,3,0,0.7905149714183779,20.77334785562118,19.920922736307077,-10.785991624112501,9.134931112194579,-0.0,6.0
50,0,RAW_SPREAD,24,BASELINE_RESIDUAL_EXIT,bitget/gate,GATE_PAIRS,95,1,94,0.9894736842105263,-1.4712305399700032,-1.4712305399700032,0.0,-1.4712305399700032,-1.4712305399700032,-1.4712305399700032,-1.4712305399700032,-2.115934298594357,-2.115934298594357,-2.115934298594357,-2.115934298594357,15.0,15.0,15.0,15.0,0.00028256569652444194,0,0,-1.4712305399700032,-1.4712305399700032,-1.4712305399700032,0.0,-1.4712305399700032,-0.0,1.0
50,0,RAW_SPREAD,24,BASELINE_RESIDUAL_EXIT,bitget/hyperliquid,NON_GATE_PAIRS,45,20,25,0.5555555555555556,5.914249591421628,-0.3434868983632827,0.5,-27.475622617963896,-8.686513560434616,19.19895428692683,44.42575100858598,-20.513914749663858,-14.465011268288697,31.356216620949112,31.335088036342775,1045.5,1357.5,1440.0,1455.0,0.3938965809550721,62,0,-3.761298128245885,16.657888925655996,3.1420316414216276,2.7722179500000004,5.914249591421628,-0.0,18.0
50,0,RAW_SPREAD,24,BASELINE_RESIDUAL_EXIT,bitget/okx,NON_GATE_PAIRS,27,15,12,0.4444444444444444,4.748155021231351,14.12482100623626,0.7333333333333333,-58.07451623207121,-3.042760563246291,22.965662822715466,39.216870626676254,-11.019260239944742,-4.3383824874188015,37.469871823627194,41.18226473619258,915.0,1110.0,1422.0,1440.0,0.2585476123198644,36,0,-6.793418155050772,18.173290293615192,16.480043744141618,-11.731888722910266,4.748155021231351,-0.0,12.0
50,0,RAW_SPREAD,24,BASELINE_RESIDUAL_EXIT,gate/hyperliquid,GATE_PAIRS,68,2,66,0.9705882352941176,-5.77576656315526,-5.77576656315526,0.0,-10.014365895306355,-8.130543969905869,-3.4209891564046524,-1.5371672310041666,-14.853094756058226,-14.853094756058226,-3.2692344361962,-3.2692344361962,22.5,22.5,28.5,30.0,0.0008476970895733258,0,0,-10.485321376656476,-1.0662117496540446,-5.77576656315526,0.0,-5.77576656315526,-0.0,2.0
50,0,RAW_SPREAD,24,BASELINE_RESIDUAL_EXIT,gate/okx,GATE_PAIRS,42,1,41,0.9761904761904762,-2.4890765544394178,-2.4890765544394178,0.0,-2.4890765544394178,-2.4890765544394178,-2.4890765544394178,-2.4890765544394178,2.4263563907944707,2.4263563907944707,2.4263563907944707,2.4263563907944707,15.0,15.0,15.0,15.0,0.00028256569652444194,1,0,-2.4890765544394178,-2.4890765544394178,-2.4890765544394178,0.0,-2.4890765544394178,-0.0,1.0
50,0,RAW_SPREAD,24,BASELINE_RESIDUAL_EXIT,hyperliquid/okx,NON_GATE_PAIRS,65,62,3,0.046153846153846156,12.684925121345962,8.45393223965818,0.7741935483870968,-4.968804692770612,2.6662755159462255,20.67287521021459,32.32655195316975,4.046306235894085,3.6909724559175405,15.978414578206912,11.253492702506529,49.83870967741935,15.0,130.49999999999994,525.0,0.05820853348403504,15,0,7.2941331838226,19.572517719388074,13.444017597444075,-0.7590924760981129,12.684925121345962,-0.0,21.0
50,0,RAW_SPREAD,24,BASELINE_RESIDUAL_EXIT,ALL_GATE_PAIRS,GATE_PAIRS,269,6,263,0.9776951672862454,-0.6196359521343232,-1.268721144812024,0.3333333333333333,-8.486260171102211,-2.234615050822064,1.8584330808546485,7.428861035423395,-2.4587781020283614,-0.19060284049687826,1.4025086712589803,-0.19060284049687826,17.5,15.0,22.5,30.0,0.0004944899689177734,2,2,-5.403001522369166,4.529666975344922,-0.6196359521343232,0.0,-0.6196359521343232,-0.0,5.0
50,0,RAW_SPREAD,24,BASELINE_RESIDUAL_EXIT,ALL_NON_GATE_PAIRS,NON_GATE_PAIRS,286,232,54,0.1888111888111888,6.983640216283098,4.977157975719956,0.7112068965517241,-16.535966536826713,-1.2923619730029294,14.298692456441346,33.615648619253115,-2.2373234694856654,0.0994534591108875,15.21716309112533,8.657091759316504,212.45689655172413,15.0,1036.5000000000007,1455.0,0.15475181312988603,164,157,4.200267847182363,9.633163650159863,9.091564727502332,-2.107924511219233,6.983640216283098,-0.0,33.0
50,0,RAW_SPREAD,24,BASELINE_RESIDUAL_EXIT,ALL_PAIRS,ALL,555,238,317,0.5711711711711712,6.791960985146525,4.7565757057370845,0.7016806722689075,-15.986937300017564,-1.4277042598665965,13.66088964809248,32.77323028979356,-2.2429063593817,0.0994534591108875,14.86889449230517,8.353486549811384,207.5420168067227,15.0,955.5000000000016,1455.0,0.09304888386549873,166,162,4.129740360653862,9.42508599365686,8.846744542301408,-2.0547835571548823,6.791960985146525,-0.0,33.0
50,0,RAW_SPREAD,24,FRACTIONAL_RESIDUAL_EXIT,binance/bitget,NON_GATE_PAIRS,15,0,15,1.0,,,,,,,,,,,,,,,,0.0,0,0,,,,,,,0.0
50,0,RAW_SPREAD,24,FRACTIONAL_RESIDUAL_EXIT,binance/gate,GATE_PAIRS,63,2,61,0.9682539682539683,8.896734820536413,8.896734820536413,1.0,5.611804437720512,7.071773496749801,10.721696144323024,12.181665203352313,-7.23275613190133,-7.23275613190133,10.689350578111934,10.689350578111934,97.5,97.5,127.5,135.0,0.003673354054817745,2,0,5.246812172963189,12.546657468109636,5.532184820536412,3.3645500000000004,8.896734820536413,-0.0,2.0
50,0,RAW_SPREAD,24,FRACTIONAL_RESIDUAL_EXIT,binance/hyperliquid,NON_GATE_PAIRS,74,68,6,0.08108108108108109,9.55837331029608,9.353220625984061,0.8676470588235294,-4.464388254767851,4.592779013228569,14.765830124236771,25.05803566977676,-5.157407323614524,-3.56375342979498,20.73150808128137,15.67194409241246,211.10294117647058,135.0,484.50000000000006,1275.0,0.27041537157389095,68,0,6.976051163833141,12.152400907724415,12.674610722060784,-3.116237411764706,9.55837331029608,-0.0,26.0
50,0,RAW_SPREAD,24,FRACTIONAL_RESIDUAL_EXIT,binance/okx,NON_GATE_PAIRS,9,8,1,0.1111111111111111,2.8700677058594852,19.714757016993186,0.75,-75.5202015217134,3.474411788604275,28.040173628822785,36.42556203522576,-17.563417679953286,2.03791072023618,34.162321677662504,36.64835090329832,161.25,105.0,320.99999999999994,510.0,0.024300649901102006,5,0,-38.70395901862342,27.74811327818978,21.117498984858234,-18.247431278998754,2.8700677058594852,-0.0,6.0
50,0,RAW_SPREAD,24,FRACTIONAL_RESIDUAL_EXIT,bitget/gate,GATE_PAIRS,95,0,95,1.0,,,,,,,,,,,,,,,,0.0,0,0,,,,,,,0.0
50,0,RAW_SPREAD,24,FRACTIONAL_RESIDUAL_EXIT,bitget/hyperliquid,NON_GATE_PAIRS,43,0,43,1.0,,,,,,,,,,,,,,,,0.0,0,0,,,,,,,0.0
50,0,RAW_SPREAD,24,FRACTIONAL_RESIDUAL_EXIT,bitget/okx,NON_GATE_PAIRS,25,0,25,1.0,,,,,,,,,,,,,,,,0.0,0,0,,,,,,,0.0
50,0,RAW_SPREAD,24,FRACTIONAL_RESIDUAL_EXIT,gate/hyperliquid,GATE_PAIRS,62,2,60,0.967741935483871,-3.6663070081886215,-3.6663070081886215,0.5,-9.80341993980969,-7.075814192422548,-0.2567998239546947,2.4708059234324464,-22.3158419581454,-22.3158419581454,9.246158900524382,9.246158900524382,315.0,315.0,543.0,600.0,0.01186775925402656,6,0,-10.485321376656476,3.1527073602792326,-4.326115508188622,0.6598085,-3.6663070081886215,-0.0,2.0
50,0,RAW_SPREAD,24,FRACTIONAL_RESIDUAL_EXIT,gate/okx,GATE_PAIRS,42,1,41,0.9761904761904762,18.02429557882722,18.02429557882722,1.0,18.02429557882722,18.02429557882722,18.02429557882722,18.02429557882722,-12.761439374368022,-12.761439374368022,23.18702357739566,23.18702357739566,90.0,90.0,90.0,90.0,0.0016953941791466515,1,0,18.02429557882722,18.02429557882722,24.020218044982222,-5.995922466155001,18.02429557882722,-0.0,1.0
50,0,RAW_SPREAD,24,FRACTIONAL_RESIDUAL_EXIT,hyperliquid/okx,NON_GATE_PAIRS,52,47,5,0.09615384615384616,18.33705545844802,19.62761561806876,0.9787234042553191,3.4037664689675604,8.512948724758862,24.6076517383988,42.8941262349033,-3.7394143264746695,-2.5396017424705875,26.749533784604907,20.60256099381652,150.31914893617022,90.0,236.99999999999994,1305.0,0.13308844306301215,25,0,15.419181179838716,22.71865734526333,19.016146331600382,-0.6790908731523617,18.33705545844802,-0.0,19.0
50,0,RAW_SPREAD,24,FRACTIONAL_RESIDUAL_EXIT,ALL_GATE_PAIRS,GATE_PAIRS,262,5,257,0.9809160305343512,5.697030240704561,5.246812172963189,0.8,-7.757715629269334,3.1527073602792326,12.546657468109636,16.928767956683703,-14.371727110892294,-16.159349377646848,12.611608506933658,12.908370190145568,183.0,90.0,414.0,600.0,0.00430912687199774,9,0,-2.7324988977793203,13.27774365336738,5.286471333935561,0.41055890676899975,5.697030240704561,-0.0,5.0
50,0,RAW_SPREAD,24,FRACTIONAL_RESIDUAL_EXIT,ALL_NON_GATE_PAIRS,NON_GATE_PAIRS,218,123,95,0.43577981651376146,12.477817343854197,11.596039944414729,0.9024390243902439,-4.478083640769704,6.044516583514331,21.204421878129875,35.760878251097004,-5.422467583656288,-2.654664156149789,23.904627730283448,18.170509968675752,184.6341463414634,105.0,470.9999999999999,1305.0,0.07130074408966751,98,62,9.465068854295003,14.967311071747634,15.646930069627782,-3.1691127257735854,12.477817343854197,-0.0,27.0
50,0,RAW_SPREAD,24,FRACTIONAL_RESIDUAL_EXIT,ALL_PAIRS,ALL,480,128,352,0.7333333333333333,12.212942847637414,11.570692691217552,0.8984375,-4.689824223724889,5.750916762887797,20.4815949257644,35.59399046558735,-5.772048033938944,-3.1871554005186153,23.46349416687135,17.997884167868516,184.5703125,105.0,480.0,1305.0,0.0445040972025996,107,68,9.407722859074367,14.549441270396237,15.242224650264804,-3.0292818026273904,12.212942847637414,-0.0,27.0
50,20,RAW_SPREAD,24,LEGACY_RAW_EXIT,binance/bitget,NON_GATE_PAIRS,34,29,5,0.14705882352941177,-15.167896527381412,-13.149091608642951,0.034482758620689655,-32.10819330822817,-16.80154982680147,-11.921540655954724,-0.35651678390989355,-4.914140511956706,0.5454251437309043,8.434636915767712,7.152348247565499,102.93103448275862,30.0,320.9999999999999,795.0,0.05623057360836394,14,0,-18.152919938347626,-11.630533838851093,8.324762093308243,-3.492658620689655,4.832103472618588,-20.0,11.0
50,20,RAW_SPREAD,24,LEGACY_RAW_EXIT,binance/gate,GATE_PAIRS,63,2,61,0.9682539682539683,-12.896239005073511,-12.896239005073511,0.0,-14.567492944840483,-13.824713416055163,-11.96776459409186,-11.22498506530654,7.301103651994878,7.301103651994878,10.689350578111934,10.689350578111934,37.5,37.5,55.5,60.0,0.0014128284826222096,2,0,-14.753187827036813,-11.03929018311021,7.103760994926489,0.0,7.103760994926489,-20.0,2.0
50,20,RAW_SPREAD,24,LEGACY_RAW_EXIT,binance/hyperliquid,NON_GATE_PAIRS,107,104,3,0.028037383177570093,-11.880171241794747,-13.132284463485576,0.10576923076923077,-24.683466477397427,-16.932050692312597,-8.095716845082144,4.729693930078563,-1.1955636115919692,0.3735171735919085,12.421561617056774,9.26953822871779,76.875,30.0,145.50000000000006,1065.0,0.15060751624752755,35,0,-14.18325815918697,-9.09126685842264,11.565820787051406,-3.445992028846154,8.119828758205253,-20.0,27.0
50,20,RAW_SPREAD,24,LEGACY_RAW_EXIT,binance/okx,NON_GATE_PAIRS,11,10,1,0.09090909090909091,-6.228696481127622,-8.577447611317606,0.4,-29.5891888203089,-12.846613056104443,2.39454541745532,17.018336025127468,2.784343743044815,6.8918768478631875,15.170304903679767,10.026120864917164,75.0,15.0,256.5,270.0,0.014128284826222097,4,0,-18.317553083921123,3.5474677502531202,15.163531297166077,-1.3922277782937,13.771303518872378,-20.0,6.0
50,20,RAW_SPREAD,24,LEGACY_RAW_EXIT,bitget/gate,GATE_PAIRS,95,0,95,1.0,,,,,,,,,,,,,,,,0.0,0,0,,,,,,,0.0
50,20,RAW_SPREAD,24,LEGACY_RAW_EXIT,bitget/hyperliquid,NON_GATE_PAIRS,127,105,22,0.1732283464566929,-9.92618932507908,-12.49449686112401,0.13333333333333333,-20.38306130710038,-16.32470497080454,-6.993291019861784,11.366879803863203,-3.6229199656109423,1.3869066930027871,13.018081577903171,9.0588627732191,106.42857142857143,30.0,240.00000000000063,1095.0,0.21051144391070925,37,0,-12.101927237989234,-7.115808043995869,12.271253332063779,-2.197442657142857,10.07381067492092,-20.0,29.0
50,20,RAW_SPREAD,24,LEGACY_RAW_EXIT,bitget/okx,NON_GATE_PAIRS,79,72,7,0.08860759493670886,-9.08422844490327,-11.697776262353226,0.1388888888888889,-22.34271491389161,-15.0456319246761,-7.220488858132295,13.417043240195131,0.728739129023428,5.564652410091631,14.403151635664946,10.021011981246609,75.625,15.0,205.49999999999994,930.0,0.10257134783837242,25,0,-12.238045867739185,-6.2709411039388,14.21699688605705,-3.3012253309603192,10.915771555096729,-20.0,21.0
50,20,RAW_SPREAD,24,LEGACY_RAW_EXIT,gate/hyperliquid,GATE_PAIRS,68,2,66,0.9705882352941176,-21.425555339635842,-21.425555339635842,0.0,-29.579344772954414,-25.95543835814616,-16.895672321125527,-13.271765906317274,-14.853094756058226,-14.853094756058226,3.7325120262254874,3.7325120262254874,30.0,30.0,30.0,30.0,0.0011302627860977678,0,0,-30.48532137665648,-12.365789302615209,-1.4255553396358422,0.0,-1.4255553396358422,-20.0,2.0
50,20,RAW_SPREAD,24,LEGACY_RAW_EXIT,gate/okx,GATE_PAIRS,42,1,41,0.9761904761904762,-22.489076554439414,-22.489076554439414,0.0,-22.489076554439414,-22.489076554439414,-22.489076554439414,-22.489076554439414,2.4263563907944707,2.4263563907944707,2.4263563907944707,2.4263563907944707,15.0,15.0,15.0,15.0,0.00028256569652444194,1,0,-22.489076554439414,-22.489076554439414,-2.4890765544394178,0.0,-2.4890765544394178,-20.0,1.0
50,20,RAW_SPREAD,24,LEGACY_RAW_EXIT,hyperliquid/okx,NON_GATE_PAIRS,68,65,3,0.04411764705882353,-4.946683917366414,-7.865541294331299,0.3384615384615385,-19.305468595610236,-13.395926706429844,1.83220995507736,16.41232324239028,4.25770862876943,4.083937907862767,17.54094886089101,11.9056725524469,50.53846153846154,30.0,144.0000000000001,255.0,0.061881887538852785,13,0,-8.625463176474142,0.28983316554512006,16.883505823998767,-1.8301897413651846,15.053316082633588,-20.0,21.0
50,20,RAW_SPREAD,24,LEGACY_RAW_EXIT,ALL_GATE_PAIRS,GATE_PAIRS,268,5,263,0.9813432835820896,-18.226533048771625,-14.753187827036813,0.0,-28.886072412213068,-22.489076554439414,-12.365789302615209,-11.30459000701121,-2.535525163466445,1.6938371138441877,6.2540163198938625,8.470330966078299,30.0,30.0,48.0,60.0,0.0007064142413111048,3,0,-24.996866173503815,-12.312669359697532,1.7734669512283752,0.0,1.7734669512283752,-20.0,5.0
50,20,RAW_SPREAD,24,LEGACY_RAW_EXIT,ALL_NON_GATE_PAIRS,NON_GATE_PAIRS,426,385,41,0.09624413145539906,-9.754655987135445,-12.003997113929552,0.16103896103896104,-24.027513956723546,-16.09542534972917,-6.485749800800146,9.993477357726274,-0.7537443409124945,1.7112806507757483,13.590226200450886,9.452301711370126,82.16883116883118,30.0,204.00000000000034,1095.0,0.09932184232834133,128,242,-11.352745516805244,-7.991495166406633,13.001122155204339,-2.7557781423397842,10.245344012864555,-20.0,34.0
50,20,RAW_SPREAD,24,LEGACY_RAW_EXIT,ALL_PAIRS,ALL,694,390,304,0.43804034582132567,-9.863269795617962,-12.140672568035939,0.15897435897435896,-24.157104962514804,-16.111002269923347,-6.502311865970983,9.98564891296568,-0.7765876847913913,1.702558882309968,13.49617222762323,9.444682563074512,81.5,30.0,196.50000000000034,1095.0,0.059875671093529245,131,246,-11.463003661860798,-8.10424198426163,12.857177857717467,-2.720447653335428,10.136730204382038,-20.0,34.0
50,20,RAW_SPREAD,24,BASELINE_RESIDUAL_EXIT,binance/bitget,NON_GATE_PAIRS,18,8,10,0.5555555555555556,-10.463819216271803,-6.3184314182809285,0.375,-46.32469690876495,-23.34355294580261,7.679572091135453,15.983075706019713,-11.412302391591023,-10.530905892542908,24.94443294984591,22.634657827101947,826.875,855.0,1429.5,1440.0,0.12461147216727889,26,0,-26.563102198811823,1.088847964467294,10.204930783728194,-0.6687499999999975,9.536180783728199,-20.0,5.0
50,20,RAW_SPREAD,24,BASELINE_RESIDUAL_EXIT,binance/gate,GATE_PAIRS,64,2,62,0.96875,-14.102987746042999,-14.102987746042999,0.0,-16.860315552682508,-15.634836527509393,-12.571138964576605,-11.34565993940349,7.321549403873084,7.321549403873084,7.321549403873084,7.321549403873084,15.0,15.0,15.0,15.0,0.0005651313930488839,1,0,-17.166685308975786,-11.03929018311021,5.897012253957001,0.0,5.897012253957001,-20.0,2.0
50,20,RAW_SPREAD,24,BASELINE_RESIDUAL_EXIT,binance/hyperliquid,NON_GATE_PAIRS,120,117,3,0.025,-15.92655471696107,-16.30843527051338,0.05982905982905983,-28.60950148798766,-21.290774157485117,-11.35044723177157,0.4275195750103991,-0.15806690801360068,0.9604422431297444,7.923781247380391,3.8838935944274233,36.02564102564103,15.0,66.00000000000009,525.0,0.07940096072336818,22,0,-17.769645627000173,-13.921070180467385,5.8531962659449155,-1.7797509829059825,4.073445283038932,-20.0,26.0
50,20,RAW_SPREAD,24,BASELINE_RESIDUAL_EXIT,binance/okx,NON_GATE_PAIRS,11,10,1,0.09090909090909091,-10.865068887805423,-2.791605611128606,0.3,-43.451253615951984,-16.631515650938326,1.46359739783471,6.753276843758001,-8.457058558334007,3.4372083361455807,22.390985397658493,19.540669279171084,73.5,30.0,210.0,210.0,0.013845719129697655,3,0,-19.81660441038394,0.7733478556211786,19.920922736307077,-10.785991624112501,9.134931112194579,-20.0,6.0
50,20,RAW_SPREAD,24,BASELINE_RESIDUAL_EXIT,bitget/gate,GATE_PAIRS,95,1,94,0.9894736842105263,-21.47123053997,-21.47123053997,0.0,-21.47123053997,-21.47123053997,-21.47123053997,-21.47123053997,-2.115934298594357,-2.115934298594357,-2.115934298594357,-2.115934298594357,15.0,15.0,15.0,15.0,0.00028256569652444194,0,0,-21.47123053997,-21.47123053997,-1.4712305399700032,0.0,-1.4712305399700032,-20.0,1.0
50,20,RAW_SPREAD,24,BASELINE_RESIDUAL_EXIT,bitget/hyperliquid,NON_GATE_PAIRS,45,20,25,0.5555555555555556,-14.085750408578374,-20.34348689836328,0.25,-47.47562261796389,-28.686513560434616,-0.8010457130731687,24.425751008585987,-20.513914749663858,-14.465011268288697,31.356216620949112,31.335088036342775,1045.5,1357.5,1440.0,1455.0,0.3938965809550721,62,0,-23.880245896267713,-3.4605244321534903,3.1420316414216276,2.7722179500000004,5.914249591421628,-20.0,18.0
50,20,RAW_SPREAD,24,BASELINE_RESIDUAL_EXIT,bitget/okx,NON_GATE_PAIRS,27,15,12,0.4444444444444444,-15.251844978768647,-5.87517899376374,0.3333333333333333,-78.0745162320712,-23.04276056324629,2.9656628227154638,19.216870626676258,-11.019260239944742,-4.3383824874188015,37.469871823627194,41.18226473619258,915.0,1110.0,1422.0,1440.0,0.2585476123198644,36,0,-26.9985468568286,-2.9625441331011544,16.480043744141618,-11.731888722910266,4.748155021231351,-20.0,12.0
50,20,RAW_SPREAD,24,BASELINE_RESIDUAL_EXIT,gate/hyperliquid,GATE_PAIRS,68,2,66,0.9705882352941176,-25.775766563155262,-25.775766563155262,0.0,-30.01436589530636,-28.130543969905872,-23.42098915640465,-21.537167231004165,-14.853094756058226,-14.853094756058226,-3.2692344361962,-3.2692344361962,22.5,22.5,28.5,30.0,0.0008476970895733258,0,0,-30.48532137665648,-21.066211749654045,-5.77576656315526,0.0,-5.77576656315526,-20.0,2.0
50,20,RAW_SPREAD,24,BASELINE_RESIDUAL_EXIT,gate/okx,GATE_PAIRS,42,1,41,0.9761904761904762,-22.489076554439414,-22.489076554439414,0.0,-22.489076554439414,-22.489076554439414,-22.489076554439414,-22.489076554439414,2.4263563907944707,2.4263563907944707,2.4263563907944707,2.4263563907944707,15.0,15.0,15.0,15.0,0.00028256569652444194,1,0,-22.489076554439414,-22.489076554439414,-2.4890765544394178,0.0,-2.4890765544394178,-20.0,1.0
50,20,RAW_SPREAD,24,BASELINE_RESIDUAL_EXIT,hyperliquid/okx,NON_GATE_PAIRS,65,62,3,0.046153846153846156,-7.315074878654036,-11.54606776034182,0.27419354838709675,-24.968804692770615,-17.333724484053775,0.6728752102145892,12.326551953169744,4.046306235894085,3.6909724559175405,15.978414578206912,11.253492702506529,49.83870967741935,15.0,130.49999999999994,525.0,0.05820853348403504,15,0,-12.659891693439212,-0.3456800178711698,13.444017597444075,-0.7590924760981129,12.684925121345962,-20.0,21.0
50,20,RAW_SPREAD,24,BASELINE_RESIDUAL_EXIT,ALL_GATE_PAIRS,GATE_PAIRS,269,6,263,0.9776951672862454,-20.61963595213432,-21.268721144812023,0.0,-28.486260171102213,-22.23461505082206,-18.14156691914535,-12.571138964576605,-2.4587781020283614,-0.19060284049687826,1.4025086712589803,-0.19060284049687826,17.5,15.0,22.5,30.0,0.0004944899689177734,2,2,-25.403688803198918,-15.707477158785972,-0.6196359521343232,0.0,-0.6196359521343232,-20.0,5.0
50,20,RAW_SPREAD,24,BASELINE_RESIDUAL_EXIT,ALL_NON_GATE_PAIRS,NON_GATE_PAIRS,286,232,54,0.1888111888111888,-13.0163597837169,-15.022842024280045,0.1724137931034483,-36.53596653682671,-21.292361973002933,-5.701307543558654,13.615648619253115,-2.2373234694856654,0.0994534591108875,15.21716309112533,8.657091759316504,212.45689655172413,15.0,1036.5000000000007,1455.0,0.15475181312988603,164,157,-15.63423281894534,-10.347025873389564,9.091564727502332,-2.107924511219233,6.983640216283098,-20.0,33.0
50,20,RAW_SPREAD,24,BASELINE_RESIDUAL_EXIT,ALL_PAIRS,ALL,555,238,317,0.5711711711711712,-13.208039014853478,-15.243424294262915,0.16806722689075632,-35.986937300017566,-21.427704259866594,-6.339110351907522,12.773230289793556,-2.2429063593817,0.0994534591108875,14.86889449230517,8.353486549811384,207.5420168067227,15.0,955.5000000000016,1455.0,0.09304888386549873,166,162,-15.744300019473647,-10.537466515028681,8.846744542301408,-2.0547835571548823,6.791960985146525,-20.0,33.0
50,20,RAW_SPREAD,24,FRACTIONAL_RESIDUAL_EXIT,binance/bitget,NON_GATE_PAIRS,15,0,15,1.0,,,,,,,,,,,,,,,,0.0,0,0,,,,,,,0.0
50,20,RAW_SPREAD,24,FRACTIONAL_RESIDUAL_EXIT,binance/gate,GATE_PAIRS,63,2,61,0.9682539682539683,-11.103265179463587,-11.103265179463587,0.0,-14.38819556227949,-12.928226503250201,-9.278303855676976,-7.818334796647687,-7.23275613190133,-7.23275613190133,10.689350578111934,10.689350578111934,97.5,97.5,127.5,135.0,0.003673354054817745,2,0,-14.753187827036813,-7.453342531890364,5.532184820536412,3.3645500000000004,8.896734820536413,-20.0,2.0
50,20,RAW_SPREAD,24,FRACTIONAL_RESIDUAL_EXIT,binance/hyperliquid,NON_GATE_PAIRS,74,68,6,0.08108108108108109,-10.44162668970392,-10.646779374015939,0.14705882352941177,-24.46438825476785,-15.407220986771431,-5.23416987576323,5.058035669776762,-5.157407323614524,-3.56375342979498,20.73150808128137,15.67194409241246,211.10294117647058,135.0,484.50000000000006,1275.0,0.27041537157389095,68,0,-12.951728562019497,-7.773432295981006,12.674610722060784,-3.116237411764706,9.55837331029608,-20.0,26.0
50,20,RAW_SPREAD,24,FRACTIONAL_RESIDUAL_EXIT,binance/okx,NON_GATE_PAIRS,9,8,1,0.1111111111111111,-17.129932294140513,-0.28524298300681394,0.5,-95.5202015217134,-16.525588211395725,8.040173628822783,16.425562035225763,-17.563417679953286,2.03791072023618,34.162321677662504,36.64835090329832,161.25,105.0,320.99999999999994,510.0,0.024300649901102006,5,0,-59.39703570105101,8.098279063787762,21.117498984858234,-18.247431278998754,2.8700677058594852,-20.0,6.0
50,20,RAW_SPREAD,24,FRACTIONAL_RESIDUAL_EXIT,bitget/gate,GATE_PAIRS,95,0,95,1.0,,,,,,,,,,,,,,,,0.0,0,0,,,,,,,0.0
50,20,RAW_SPREAD,24,FRACTIONAL_RESIDUAL_EXIT,bitget/hyperliquid,NON_GATE_PAIRS,43,0,43,1.0,,,,,,,,,,,,,,,,0.0,0,0,,,,,,,0.0
50,20,RAW_SPREAD,24,FRACTIONAL_RESIDUAL_EXIT,bitget/okx,NON_GATE_PAIRS,25,0,25,1.0,,,,,,,,,,,,,,,,0.0,0,0,,,,,,,0.0
50,20,RAW_SPREAD,24,FRACTIONAL_RESIDUAL_EXIT,gate/hyperliquid,GATE_PAIRS,62,2,60,0.967741935483871,-23.666307008188625,-23.666307008188625,0.0,-29.803419939809693,-27.075814192422552,-20.256799823954694,-17.529194076567553,-22.3158419581454,-22.3158419581454,9.246158900524382,9.246158900524382,315.0,315.0,543.0,600.0,0.01186775925402656,6,0,-30.48532137665648,-16.847292639720767,-4.326115508188622,0.6598085,-3.6663070081886215,-20.0,2.0
50,20,RAW_SPREAD,24,FRACTIONAL_RESIDUAL_EXIT,gate/okx,GATE_PAIRS,42,1,41,0.9761904761904762,-1.9757044211727788,-1.9757044211727788,0.0,-1.9757044211727788,-1.9757044211727788,-1.9757044211727788,-1.9757044211727788,-12.761439374368022,-12.761439374368022,23.18702357739566,23.18702357739566,90.0,90.0,90.0,90.0,0.0016953941791466515,1,0,-1.9757044211727788,-1.9757044211727788,24.020218044982222,-5.995922466155001,18.02429557882722,-20.0,1.0
50,20,RAW_SPREAD,24,FRACTIONAL_RESIDUAL_EXIT,hyperliquid/okx,NON_GATE_PAIRS,52,47,5,0.09615384615384616,-1.6629445415519808,-0.3723843819312407,0.44680851063829785,-16.59623353103244,-11.487051275241138,4.6076517383988005,22.8941262349033,-3.7394143264746695,-2.5396017424705875,26.749533784604907,20.60256099381652,150.31914893617022,90.0,236.99999999999994,1305.0,0.13308844306301215,25,0,-4.673709252805526,3.002055165521446,19.016146331600382,-0.6790908731523617,18.33705545844802,-20.0,19.0
50,20,RAW_SPREAD,24,FRACTIONAL_RESIDUAL_EXIT,ALL_GATE_PAIRS,GATE_PAIRS,262,5,257,0.9809160305343512,-14.302969759295442,-14.753187827036813,0.0,-27.757715629269335,-16.847292639720767,-7.453342531890364,-3.0712320433162965,-14.371727110892294,-16.159349377646848,12.611608506933658,12.908370190145568,183.0,90.0,414.0,600.0,0.00430912687199774,9,0,-22.302504134495052,-6.045549687025893,5.286471333935561,0.41055890676899975,5.697030240704561,-20.0,5.0
50,20,RAW_SPREAD,24,FRACTIONAL_RESIDUAL_EXIT,ALL_NON_GATE_PAIRS,NON_GATE_PAIRS,218,123,95,0.43577981651376146,-7.5221826561458025,-8.403960055585271,0.2845528455284553,-24.478083640769704,-13.95548341648567,1.2044218781298746,15.760878251097004,-5.422467583656288,-2.654664156149789,23.904627730283448,18.170509968675752,184.6341463414634,105.0,470.9999999999999,1305.0,0.07130074408966751,98,62,-10.381849450643557,-4.888241173636386,15.646930069627782,-3.1691127257735854,12.477817343854197,-20.0,27.0
50,20,RAW_SPREAD,24,FRACTIONAL_RESIDUAL_EXIT,ALL_PAIRS,ALL,480,128,352,0.7333333333333333,-7.787057152362587,-8.429307308782448,0.2734375,-24.689824223724887,-14.249083237112202,0.4815949257643988,15.593990465587357,-5.772048033938944,-3.1871554005186153,23.46349416687135,17.997884167868516,184.5703125,105.0,480.0,1305.0,0.0445040972025996,107,68,-10.593379719398948,-5.257479402786718,15.242224650264804,-3.0292818026273904,12.212942847637414,-20.0,27.0
50,40,RAW_SPREAD,24,LEGACY_RAW_EXIT,binance/bitget,NON_GATE_PAIRS,34,29,5,0.14705882352941177,-35.16789652738141,-33.149091608642955,0.0,-52.10819330822817,-36.80154982680147,-31.921540655954725,-20.356516783909893,-4.914140511956706,0.5454251437309043,8.434636915767712,7.152348247565499,102.93103448275862,30.0,320.9999999999999,795.0,0.05623057360836394,14,0,-38.50516252825863,-31.519041779995103,8.324762093308243,-3.492658620689655,4.832103472618588,-40.0,11.0
50,40,RAW_SPREAD,24,LEGACY_RAW_EXIT,binance/gate,GATE_PAIRS,63,2,61,0.9682539682539683,-32.89623900507351,-32.89623900507351,0.0,-34.56749294484048,-33.82471341605516,-31.96776459409186,-31.22498506530654,7.301103651994878,7.301103651994878,10.689350578111934,10.689350578111934,37.5,37.5,55.5,60.0,0.0014128284826222096,2,0,-34.75318782703681,-31.03929018311021,7.103760994926489,0.0,7.103760994926489,-40.0,2.0
50,40,RAW_SPREAD,24,LEGACY_RAW_EXIT,binance/hyperliquid,NON_GATE_PAIRS,107,104,3,0.028037383177570093,-31.88017124179475,-33.132284463485576,0.009615384615384616,-44.68346647739743,-36.9320506923126,-28.095716845082148,-15.270306069921437,-1.1955636115919692,0.3735171735919085,12.421561617056774,9.26953822871779,76.875,30.0,145.50000000000006,1065.0,0.15060751624752755,35,0,-34.02196398477758,-29.340290349171088,11.565820787051406,-3.445992028846154,8.119828758205253,-40.0,27.0
50,40,RAW_SPREAD,24,LEGACY_RAW_EXIT,binance/okx,NON_GATE_PAIRS,11,10,1,0.09090909090909091,-26.22869648112762,-28.577447611317606,0.1,-49.5891888203089,-32.846613056104445,-17.60545458254468,-2.9816639748725304,2.784343743044815,6.8918768478631875,15.170304903679767,10.026120864917164,75.0,15.0,256.5,270.0,0.014128284826222097,4,0,-37.61979329096392,-16.78279034142951,15.163531297166077,-1.3922277782937,13.771303518872378,-40.0,6.0
50,40,RAW_SPREAD,24,LEGACY_RAW_EXIT,bitget/gate,GATE_PAIRS,95,0,95,1.0,,,,,,,,,,,,,,,,0.0,0,0,,,,,,,0.0
50,40,RAW_SPREAD,24,LEGACY_RAW_EXIT,bitget/hyperliquid,NON_GATE_PAIRS,127,105,22,0.1732283464566929,-29.92618932507908,-32.494496861124006,0.0380952380952381,-40.38306130710039,-36.32470497080454,-26.993291019861783,-8.633120196136797,-3.6229199656109423,1.3869066930027871,13.018081577903171,9.0588627732191,106.42857142857143,30.0,240.00000000000063,1095.0,0.21051144391070925,37,0,-31.983191354802265,-27.31243303727313,12.271253332063779,-2.197442657142857,10.07381067492092,-40.0,29.0
50,40,RAW_SPREAD,24,LEGACY_RAW_EXIT,bitget/okx,NON_GATE_PAIRS,79,72,7,0.08860759493670886,-29.084228444903275,-31.697776262353226,0.013888888888888888,-42.34271491389161,-35.0456319246761,-27.220488858132292,-6.58295675980487,0.728739129023428,5.564652410091631,14.403151635664946,10.021011981246609,75.625,15.0,205.49999999999994,930.0,0.10257134783837242,25,0,-32.24364769316443,-26.402829368800788,14.21699688605705,-3.3012253309603192,10.915771555096729,-40.0,21.0
50,40,RAW_SPREAD,24,LEGACY_RAW_EXIT,gate/hyperliquid,GATE_PAIRS,68,2,66,0.9705882352941176,-41.42555533963584,-41.42555533963584,0.0,-49.57934477295441,-45.955438358146154,-36.89567232112553,-33.27176590631728,-14.853094756058226,-14.853094756058226,3.7325120262254874,3.7325120262254874,30.0,30.0,30.0,30.0,0.0011302627860977678,0,0,-50.48532137665647,-32.36578930261521,-1.4255553396358422,0.0,-1.4255553396358422,-40.0,2.0
50,40,RAW_SPREAD,24,LEGACY_RAW_EXIT,gate/okx,GATE_PAIRS,42,1,41,0.9761904761904762,-42.48907655443942,-42.48907655443942,0.0,-42.48907655443942,-42.48907655443942,-42.48907655443942,-42.48907655443942,2.4263563907944707,2.4263563907944707,2.4263563907944707,2.4263563907944707,15.0,15.0,15.0,15.0,0.00028256569652444194,1,0,-42.48907655443942,-42.48907655443942,-2.4890765544394178,0.0,-2.4890765544394178,-40.0,1.0
50,40,RAW_SPREAD,24,LEGACY_RAW_EXIT,hyperliquid/okx,NON_GATE_PAIRS,68,65,3,0.04411764705882353,-24.946683917366414,-27.8655412943313,0.046153846153846156,-39.305468595610236,-33.39592670642985,-18.16779004492264,-3.5876767576097226,4.25770862876943,4.083937907862767,17.54094886089101,11.9056725524469,50.53846153846154,30.0,144.0000000000001,255.0,0.061881887538852785,13,0,-28.540712108014425,-19.632980190454962,16.883505823998767,-1.8301897413651846,15.053316082633588,-40.0,21.0
50,40,RAW_SPREAD,24,LEGACY_RAW_EXIT,ALL_GATE_PAIRS,GATE_PAIRS,268,5,263,0.9813432835820896,-38.22653304877163,-34.75318782703681,0.0,-48.88607241221306,-42.48907655443942,-32.36578930261521,-31.30459000701121,-2.535525163466445,1.6938371138441877,6.2540163198938625,8.470330966078299,30.0,30.0,48.0,60.0,0.0007064142413111048,3,0,-44.99686617350382,-32.31266935969753,1.7734669512283752,0.0,1.7734669512283752,-40.0,5.0
50,40,RAW_SPREAD,24,LEGACY_RAW_EXIT,ALL_NON_GATE_PAIRS,NON_GATE_PAIRS,426,385,41,0.09624413145539906,-29.75465598713545,-32.00399711392955,0.025974025974025976,-44.027513956723546,-36.09542534972917,-26.485749800800143,-10.006522642273726,-0.7537443409124945,1.7112806507757483,13.590226200450886,9.452301711370126,82.16883116883118,30.0,204.00000000000034,1095.0,0.09932184232834133,128,242,-31.40402041363302,-27.908086873603068,13.001122155204339,-2.7557781423397842,10.245344012864555,-40.0,34.0
50,40,RAW_SPREAD,24,LEGACY_RAW_EXIT,ALL_PAIRS,ALL,694,390,304,0.43804034582132567,-29.86326979561796,-32.14067256803594,0.02564102564102564,-44.1571049625148,-36.11100226992335,-26.502311865970984,-10.01435108703432,-0.7765876847913913,1.702558882309968,13.49617222762323,9.444682563074512,81.5,30.0,196.50000000000034,1095.0,0.059875671093529245,131,246,-31.470331066167606,-28.082130023700582,12.857177857717467,-2.720447653335428,10.136730204382038,-40.0,34.0
50,40,RAW_SPREAD,24,BASELINE_RESIDUAL_EXIT,binance/bitget,NON_GATE_PAIRS,18,8,10,0.5555555555555556,-30.4638192162718,-26.31843141828093,0.0,-66.32469690876496,-43.34355294580261,-12.320427908864547,-4.016924293980285,-11.412302391591023,-10.530905892542908,24.94443294984591,22.634657827101947,826.875,855.0,1429.5,1440.0,0.12461147216727889,26,0,-46.19334286150396,-18.911152035532705,10.204930783728194,-0.6687499999999975,9.536180783728199,-40.0,5.0
50,40,RAW_SPREAD,24,BASELINE_RESIDUAL_EXIT,binance/gate,GATE_PAIRS,64,2,62,0.96875,-34.102987746043,-34.102987746043,0.0,-36.86031555268251,-35.63483652750939,-32.571138964576605,-31.34565993940349,7.321549403873084,7.321549403873084,7.321549403873084,7.321549403873084,15.0,15.0,15.0,15.0,0.0005651313930488839,1,0,-37.16668530897579,-31.03929018311021,5.897012253957001,0.0,5.897012253957001,-40.0,2.0
50,40,RAW_SPREAD,24,BASELINE_RESIDUAL_EXIT,binance/hyperliquid,NON_GATE_PAIRS,120,117,3,0.025,-35.92655471696107,-36.308435270513385,0.008547008547008548,-48.60950148798766,-41.29077415748512,-31.350447231771568,-19.5724804249896,-0.15806690801360068,0.9604422431297444,7.923781247380391,3.8838935944274233,36.02564102564103,15.0,66.00000000000009,525.0,0.07940096072336818,22,0,-37.71650281948074,-33.57317595817,5.8531962659449155,-1.7797509829059825,4.073445283038932,-40.0,26.0
50,40,RAW_SPREAD,24,BASELINE_RESIDUAL_EXIT,binance/okx,NON_GATE_PAIRS,11,10,1,0.09090909090909091,-30.86506888780542,-22.79160561112861,0.0,-63.451253615951984,-36.631515650938326,-18.53640260216529,-13.246723156242,-8.457058558334007,3.4372083361455807,22.390985397658493,19.540669279171084,73.5,30.0,210.0,210.0,0.013845719129697655,3,0,-39.49949306078627,-19.145959481889534,19.920922736307077,-10.785991624112501,9.134931112194579,-40.0,6.0
50,40,RAW_SPREAD,24,BASELINE_RESIDUAL_EXIT,bitget/gate,GATE_PAIRS,95,1,94,0.9894736842105263,-41.47123053997,-41.47123053997,0.0,-41.47123053997,-41.47123053997,-41.47123053997,-41.47123053997,-2.115934298594357,-2.115934298594357,-2.115934298594357,-2.115934298594357,15.0,15.0,15.0,15.0,0.00028256569652444194,0,0,-41.47123053997,-41.47123053997,-1.4712305399700032,0.0,-1.4712305399700032,-40.0,1.0
50,40,RAW_SPREAD,24,BASELINE_RESIDUAL_EXIT,bitget/hyperliquid,NON_GATE_PAIRS,45,20,25,0.5555555555555556,-34.08575040857837,-40.34348689836328,0.1,-67.4756226179639,-48.68651356043462,-20.801045713073172,4.425751008585983,-20.513914749663858,-14.465011268288697,31.356216620949112,31.335088036342775,1045.5,1357.5,1440.0,1455.0,0.3938965809550721,62,0,-44.23870797294274,-23.754120693552903,3.1420316414216276,2.7722179500000004,5.914249591421628,-40.0,18.0
50,40,RAW_SPREAD,24,BASELINE_RESIDUAL_EXIT,bitget/okx,NON_GATE_PAIRS,27,15,12,0.4444444444444444,-35.25184497876865,-25.87517899376374,0.0,-98.07451623207122,-43.04276056324629,-17.034337177284534,-0.7831293733237433,-11.019260239944742,-4.3383824874188015,37.469871823627194,41.18226473619258,915.0,1110.0,1422.0,1440.0,0.2585476123198644,36,0,-46.47794713753619,-22.30104971006314,16.480043744141618,-11.731888722910266,4.748155021231351,-40.0,12.0
50,40,RAW_SPREAD,24,BASELINE_RESIDUAL_EXIT,gate/hyperliquid,GATE_PAIRS,68,2,66,0.9705882352941176,-45.77576656315526,-45.77576656315526,0.0,-50.01436589530635,-48.130543969905865,-43.42098915640465,-41.53716723100417,-14.853094756058226,-14.853094756058226,-3.2692344361962,-3.2692344361962,22.5,22.5,28.5,30.0,0.0008476970895733258,0,0,-50.48532137665647,-41.066211749654045,-5.77576656315526,0.0,-5.77576656315526,-40.0,2.0
50,40,RAW_SPREAD,24,BASELINE_RESIDUAL_EXIT,gate/okx,GATE_PAIRS,42,1,41,0.9761904761904762,-42.48907655443942,-42.48907655443942,0.0,-42.48907655443942,-42.48907655443942,-42.48907655443942,-42.48907655443942,2.4263563907944707,2.4263563907944707,2.4263563907944707,2.4263563907944707,15.0,15.0,15.0,15.0,0.00028256569652444194,1,0,-42.48907655443942,-42.48907655443942,-2.4890765544394178,0.0,-2.4890765544394178,-40.0,1.0
50,40,RAW_SPREAD,24,BASELINE_RESIDUAL_EXIT,hyperliquid/okx,NON_GATE_PAIRS,65,62,3,0.046153846153846156,-27.315074878654038,-31.54606776034182,0.04838709677419355,-44.96880469277062,-37.333724484053775,-19.32712478978541,-7.673448046830255,4.046306235894085,3.6909724559175405,15.978414578206912,11.253492702506529,49.83870967741935,15.0,130.49999999999994,525.0,0.05820853348403504,15,0,-32.45493987951308,-20.472387786894043,13.444017597444075,-0.7590924760981129,12.684925121345962,-40.0,21.0
50,40,RAW_SPREAD,24,BASELINE_RESIDUAL_EXIT,ALL_GATE_PAIRS,GATE_PAIRS,269,6,263,0.9776951672862454,-40.619635952134324,-41.26872114481202,0.0,-48.48626017110221,-42.234615050822065,-38.14156691914535,-32.571138964576605,-2.4587781020283614,-0.19060284049687826,1.4025086712589803,-0.19060284049687826,17.5,15.0,22.5,30.0,0.0004944899689177734,2,2,-45.43049275555911,-35.70527034810737,-0.6196359521343232,0.0,-0.6196359521343232,-40.0,5.0
50,40,RAW_SPREAD,24,BASELINE_RESIDUAL_EXIT,ALL_NON_GATE_PAIRS,NON_GATE_PAIRS,286,232,54,0.1888111888111888,-33.0163597837169,-35.022842024280045,0.02586206896551724,-56.53596653682671,-41.29236197300293,-25.701307543558656,-6.384351380746885,-2.2373234694856654,0.0994534591108875,15.21716309112533,8.657091759316504,212.45689655172413,15.0,1036.5000000000007,1455.0,0.15475181312988603,164,157,-35.8145699377439,-30.276937065646823,9.091564727502332,-2.107924511219233,6.983640216283098,-40.0,33.0
50,40,RAW_SPREAD,24,BASELINE_RESIDUAL_EXIT,ALL_PAIRS,ALL,555,238,317,0.5711711711711712,-33.208039014853476,-35.24342429426292,0.025210084033613446,-55.986937300017566,-41.427704259866594,-26.33911035190752,-7.226769710206444,-2.2429063593817,0.0994534591108875,14.86889449230517,8.353486549811384,207.5420168067227,15.0,955.5000000000016,1455.0,0.09304888386549873,166,162,-35.88208280178598,-30.543787565799146,8.846744542301408,-2.0547835571548823,6.791960985146525,-40.0,33.0
50,40,RAW_SPREAD,24,FRACTIONAL_RESIDUAL_EXIT,binance/bitget,NON_GATE_PAIRS,15,0,15,1.0,,,,,,,,,,,,,,,,0.0,0,0,,,,,,,0.0
50,40,RAW_SPREAD,24,FRACTIONAL_RESIDUAL_EXIT,binance/gate,GATE_PAIRS,63,2,61,0.9682539682539683,-31.103265179463587,-31.103265179463587,0.0,-34.38819556227949,-32.9282265032502,-29.278303855676974,-27.818334796647687,-7.23275613190133,-7.23275613190133,10.689350578111934,10.689350578111934,97.5,97.5,127.5,135.0,0.003673354054817745,2,0,-34.75318782703681,-27.453342531890364,5.532184820536412,3.3645500000000004,8.896734820536413,-40.0,2.0
50,40,RAW_SPREAD,24,FRACTIONAL_RESIDUAL_EXIT,binance/hyperliquid,NON_GATE_PAIRS,74,68,6,0.08108108108108109,-30.441626689703927,-30.64677937401594,0.014705882352941176,-44.46438825476785,-35.40722098677143,-25.23416987576323,-14.94196433022324,-5.157407323614524,-3.56375342979498,20.73150808128137,15.67194409241246,211.10294117647058,135.0,484.50000000000006,1275.0,0.27041537157389095,68,0,-33.131348647451055,-27.552889852834298,12.674610722060784,-3.116237411764706,9.55837331029608,-40.0,26.0
50,40,RAW_SPREAD,24,FRACTIONAL_RESIDUAL_EXIT,binance/okx,NON_GATE_PAIRS,9,8,1,0.1111111111111111,-37.12993229414052,-20.28524298300681,0.125,-115.5202015217134,-36.52558821139573,-11.959826371177217,-3.574437964774238,-17.563417679953286,2.03791072023618,34.162321677662504,36.64835090329832,161.25,105.0,320.99999999999994,510.0,0.024300649901102006,5,0,-76.44104041047322,-11.084060360144719,21.117498984858234,-18.247431278998754,2.8700677058594852,-40.0,6.0
50,40,RAW_SPREAD,24,FRACTIONAL_RESIDUAL_EXIT,bitget/gate,GATE_PAIRS,95,0,95,1.0,,,,,,,,,,,,,,,,0.0,0,0,,,,,,,0.0
50,40,RAW_SPREAD,24,FRACTIONAL_RESIDUAL_EXIT,bitget/hyperliquid,NON_GATE_PAIRS,43,0,43,1.0,,,,,,,,,,,,,,,,0.0,0,0,,,,,,,0.0
50,40,RAW_SPREAD,24,FRACTIONAL_RESIDUAL_EXIT,bitget/okx,NON_GATE_PAIRS,25,0,25,1.0,,,,,,,,,,,,,,,,0.0,0,0,,,,,,,0.0
50,40,RAW_SPREAD,24,FRACTIONAL_RESIDUAL_EXIT,gate/hyperliquid,GATE_PAIRS,62,2,60,0.967741935483871,-43.666307008188625,-43.666307008188625,0.0,-49.803419939809686,-47.07581419242255,-40.256799823954694,-37.529194076567556,-22.3158419581454,-22.3158419581454,9.246158900524382,9.246158900524382,315.0,315.0,543.0,600.0,0.01186775925402656,6,0,-50.48532137665647,-36.84729263972077,-4.326115508188622,0.6598085,-3.6663070081886215,-40.0,2.0
50,40,RAW_SPREAD,24,FRACTIONAL_RESIDUAL_EXIT,gate/okx,GATE_PAIRS,42,1,41,0.9761904761904762,-21.97570442117278,-21.97570442117278,0.0,-21.97570442117278,-21.97570442117278,-21.97570442117278,-21.97570442117278,-12.761439374368022,-12.761439374368022,23.18702357739566,23.18702357739566,90.0,90.0,90.0,90.0,0.0016953941791466515,1,0,-21.97570442117278,-21.97570442117278,24.020218044982222,-5.995922466155001,18.02429557882722,-40.0,1.0
50,40,RAW_SPREAD,24,FRACTIONAL_RESIDUAL_EXIT,hyperliquid/okx,NON_GATE_PAIRS,52,47,5,0.09615384615384616,-21.66294454155198,-20.37238438193124,0.06382978723404255,-36.59623353103244,-31.487051275241136,-15.3923482616012,2.8941262349032977,-3.7394143264746695,-2.5396017424705875,26.749533784604907,20.60256099381652,150.31914893617022,90.0,236.99999999999994,1305.0,0.13308844306301215,25,0,-24.909296820882094,-17.347193166606406,19.016146331600382,-0.6790908731523617,18.33705545844802,-40.0,19.0
50,40,RAW_SPREAD,24,FRACTIONAL_RESIDUAL_EXIT,ALL_GATE_PAIRS,GATE_PAIRS,262,5,257,0.9809160305343512,-34.30296975929544,-34.75318782703681,0.0,-47.757715629269335,-36.84729263972077,-27.453342531890364,-23.071232043316297,-14.371727110892294,-16.159349377646848,12.611608506933658,12.908370190145568,183.0,90.0,414.0,600.0,0.00430912687199774,9,0,-43.15131986031611,-26.04554968702589,5.286471333935561,0.41055890676899975,5.697030240704561,-40.0,5.0
50,40,RAW_SPREAD,24,FRACTIONAL_RESIDUAL_EXIT,ALL_NON_GATE_PAIRS,NON_GATE_PAIRS,218,123,95,0.43577981651376146,-27.522182656145805,-28.403960055585276,0.04065040650406504,-44.478083640769704,-33.95548341648566,-18.795578121870125,-4.2391217489029955,-5.422467583656288,-2.654664156149789,23.904627730283448,18.170509968675752,184.6341463414634,105.0,470.9999999999999,1305.0,0.07130074408966751,98,62,-30.502072552871528,-24.878657474019686,15.646930069627782,-3.1691127257735854,12.477817343854197,-40.0,27.0
50,40,RAW_SPREAD,24,FRACTIONAL_RESIDUAL_EXIT,ALL_PAIRS,ALL,480,128,352,0.7333333333333333,-27.787057152362586,-28.429307308782448,0.0390625,-44.68982422372489,-34.2490832371122,-19.518405074235602,-4.406009534412643,-5.772048033938944,-3.1871554005186153,23.46349416687135,17.997884167868516,184.5703125,105.0,480.0,1305.0,0.0445040972025996,107,68,-30.727640864472463,-25.20126138600642,15.242224650264804,-3.0292818026273904,12.212942847637414,-40.0,27.0
50,58,RAW_SPREAD,24,LEGACY_RAW_EXIT,binance/bitget,NON_GATE_PAIRS,34,29,5,0.14705882352941177,-53.167896527381416,-51.14909160864296,0.0,-70.10819330822817,-54.80154982680147,-49.92154065595473,-38.356516783909896,-4.914140511956706,0.5454251437309043,8.434636915767712,7.152348247565499,102.93103448275862,30.0,320.9999999999999,795.0,0.05623057360836394,14,0,-56.08958418579506,-49.53002376530278,8.324762093308243,-3.492658620689655,4.832103472618588,-58.0,11.0
50,58,RAW_SPREAD,24,LEGACY_RAW_EXIT,binance/gate,GATE_PAIRS,63,2,61,0.9682539682539683,-50.89623900507351,-50.89623900507351,0.0,-52.56749294484048,-51.82471341605516,-49.96776459409186,-49.22498506530654,7.301103651994878,7.301103651994878,10.689350578111934,10.689350578111934,37.5,37.5,55.5,60.0,0.0014128284826222096,2,0,-52.75318782703681,-49.03929018311021,7.103760994926489,0.0,7.103760994926489,-58.0,2.0
50,58,RAW_SPREAD,24,LEGACY_RAW_EXIT,binance/hyperliquid,NON_GATE_PAIRS,107,104,3,0.028037383177570093,-49.88017124179475,-51.132284463485576,0.009615384615384616,-62.68346647739743,-54.9320506923126,-46.095716845082144,-33.27030606992144,-1.1955636115919692,0.3735171735919085,12.421561617056774,9.26953822871779,76.875,30.0,145.50000000000006,1065.0,0.15060751624752755,35,0,-52.16546063879952,-47.306032588277795,11.565820787051406,-3.445992028846154,8.119828758205253,-58.0,27.0
50,58,RAW_SPREAD,24,LEGACY_RAW_EXIT,binance/okx,NON_GATE_PAIRS,11,10,1,0.09090909090909091,-44.22869648112762,-46.57744761131761,0.0,-67.5891888203089,-50.846613056104445,-35.60545458254468,-20.981663974872532,2.784343743044815,6.8918768478631875,15.170304903679767,10.026120864917164,75.0,15.0,256.5,270.0,0.014128284826222097,4,0,-56.06341445507664,-34.90113984734316,15.163531297166077,-1.3922277782937,13.771303518872378,-58.0,6.0
50,58,RAW_SPREAD,24,LEGACY_RAW_EXIT,bitget/gate,GATE_PAIRS,95,0,95,1.0,,,,,,,,,,,,,,,,0.0,0,0,,,,,,,0.0
50,58,RAW_SPREAD,24,LEGACY_RAW_EXIT,bitget/hyperliquid,NON_GATE_PAIRS,127,105,22,0.1732283464566929,-47.926189325079086,-50.494496861124006,0.009523809523809525,-58.38306130710039,-54.32470497080454,-44.993291019861786,-26.6331201961368,-3.6229199656109423,1.3869066930027871,13.018081577903171,9.0588627732191,106.42857142857143,30.0,240.00000000000063,1095.0,0.21051144391070925,37,0,-49.95496904874543,-45.07884369512359,12.271253332063779,-2.197442657142857,10.07381067492092,-58.0,29.0
50,58,RAW_SPREAD,24,LEGACY_RAW_EXIT,bitget/okx,NON_GATE_PAIRS,79,72,7,0.08860759493670886,-47.084228444903275,-49.69777626235323,0.013888888888888888,-60.34271491389161,-53.0456319246761,-45.22048885813229,-24.58295675980487,0.728739129023428,5.564652410091631,14.403151635664946,10.021011981246609,75.625,15.0,205.49999999999994,930.0,0.10257134783837242,25,0,-50.25321425235606,-44.24737624894834,14.21699688605705,-3.3012253309603192,10.915771555096729,-58.0,21.0
50,58,RAW_SPREAD,24,LEGACY_RAW_EXIT,gate/hyperliquid,GATE_PAIRS,68,2,66,0.9705882352941176,-59.42555533963584,-59.42555533963584,0.0,-67.57934477295441,-63.955438358146154,-54.89567232112553,-51.27176590631728,-14.853094756058226,-14.853094756058226,3.7325120262254874,3.7325120262254874,30.0,30.0,30.0,30.0,0.0011302627860977678,0,0,-68.48532137665647,-50.36578930261521,-1.4255553396358422,0.0,-1.4255553396358422,-58.0,2.0
50,58,RAW_SPREAD,24,LEGACY_RAW_EXIT,gate/okx,GATE_PAIRS,42,1,41,0.9761904761904762,-60.48907655443942,-60.48907655443942,0.0,-60.48907655443942,-60.48907655443942,-60.48907655443942,-60.48907655443942,2.4263563907944707,2.4263563907944707,2.4263563907944707,2.4263563907944707,15.0,15.0,15.0,15.0,0.00028256569652444194,1,0,-60.48907655443942,-60.48907655443942,-2.4890765544394178,0.0,-2.4890765544394178,-58.0,1.0
50,58,RAW_SPREAD,24,LEGACY_RAW_EXIT,hyperliquid/okx,NON_GATE_PAIRS,68,65,3,0.04411764705882353,-42.946683917366414,-45.8655412943313,0.015384615384615385,-57.305468595610236,-51.39592670642985,-36.16779004492264,-21.587676757609724,4.25770862876943,4.083937907862767,17.54094886089101,11.9056725524469,50.53846153846154,30.0,144.0000000000001,255.0,0.061881887538852785,13,0,-46.54650397874264,-38.2234821522496,16.883505823998767,-1.8301897413651846,15.053316082633588,-58.0,21.0
50,58,RAW_SPREAD,24,LEGACY_RAW_EXIT,ALL_GATE_PAIRS,GATE_PAIRS,268,5,263,0.9813432835820896,-56.22653304877163,-52.75318782703681,0.0,-66.88607241221307,-60.48907655443942,-50.36578930261521,-49.304590007011214,-2.535525163466445,1.6938371138441877,6.2540163198938625,8.470330966078299,30.0,30.0,48.0,60.0,0.0007064142413111048,3,0,-62.99686617350382,-50.57796918359853,1.7734669512283752,0.0,1.7734669512283752,-58.0,5.0
50,58,RAW_SPREAD,24,LEGACY_RAW_EXIT,ALL_NON_GATE_PAIRS,NON_GATE_PAIRS,426,385,41,0.09624413145539906,-47.75465598713545,-50.00399711392955,0.01038961038961039,-62.027513956723546,-54.09542534972917,-44.48574980080015,-28.006522642273726,-0.7537443409124945,1.7112806507757483,13.590226200450886,9.452301711370126,82.16883116883118,30.0,204.00000000000034,1095.0,0.09932184232834133,128,242,-49.385419434414395,-45.92555128399818,13.001122155204339,-2.7557781423397842,10.245344012864555,-58.0,34.0
50,58,RAW_SPREAD,24,LEGACY_RAW_EXIT,ALL_PAIRS,ALL,694,390,304,0.43804034582132567,-47.86326979561795,-50.14067256803594,0.010256410256410256,-62.1571049625148,-54.11100226992335,-44.50231186597098,-28.01435108703432,-0.7765876847913913,1.702558882309968,13.49617222762323,9.444682563074512,81.5,30.0,196.50000000000034,1095.0,0.059875671093529245,131,246,-49.45317645354849,-46.16060976113478,12.857177857717467,-2.720447653335428,10.136730204382038,-58.0,34.0
50,58,RAW_SPREAD,24,BASELINE_RESIDUAL_EXIT,binance/bitget,NON_GATE_PAIRS,18,8,10,0.5555555555555556,-48.46381921627181,-44.31843141828093,0.0,-84.32469690876496,-61.34355294580261,-30.320427908864545,-22.01692429398028,-11.412302391591023,-10.530905892542908,24.94443294984591,22.634657827101947,826.875,855.0,1429.5,1440.0,0.12461147216727889,26,0,-64.19334286150396,-37.25085231518335,10.204930783728194,-0.6687499999999975,9.536180783728199,-58.0,5.0
50,58,RAW_SPREAD,24,BASELINE_RESIDUAL_EXIT,binance/gate,GATE_PAIRS,64,2,62,0.96875,-52.102987746043,-52.102987746043,0.0,-54.86031555268251,-53.63483652750939,-50.571138964576605,-49.34565993940349,7.321549403873084,7.321549403873084,7.321549403873084,7.321549403873084,15.0,15.0,15.0,15.0,0.0005651313930488839,1,0,-55.16668530897579,-49.03929018311021,5.897012253957001,0.0,5.897012253957001,-58.0,2.0
50,58,RAW_SPREAD,24,BASELINE_RESIDUAL_EXIT,binance/hyperliquid,NON_GATE_PAIRS,120,117,3,0.025,-53.926554716961064,-54.308435270513385,0.0,-66.60950148798766,-59.29077415748512,-49.35044723177157,-37.5724804249896,-0.15806690801360068,0.9604422431297444,7.923781247380391,3.8838935944274233,36.02564102564103,15.0,66.00000000000009,525.0,0.07940096072336818,22,0,-56.006382805735825,-52.01687774459372,5.8531962659449155,-1.7797509829059825,4.073445283038932,-58.0,26.0
50,58,RAW_SPREAD,24,BASELINE_RESIDUAL_EXIT,binance/okx,NON_GATE_PAIRS,11,10,1,0.09090909090909091,-48.86506888780542,-40.79160561112861,0.0,-81.45125361595198,-54.631515650938326,-36.53640260216529,-31.246723156242,-8.457058558334007,3.4372083361455807,22.390985397658493,19.540669279171084,73.5,30.0,210.0,210.0,0.013845719129697655,3,0,-57.81660441038394,-37.145959481889534,19.920922736307077,-10.785991624112501,9.134931112194579,-58.0,6.0
50,58,RAW_SPREAD,24,BASELINE_RESIDUAL_EXIT,bitget/gate,GATE_PAIRS,95,1,94,0.9894736842105263,-59.47123053997,-59.47123053997,0.0,-59.47123053997,-59.47123053997,-59.47123053997,-59.47123053997,-2.115934298594357,-2.115934298594357,-2.115934298594357,-2.115934298594357,15.0,15.0,15.0,15.0,0.00028256569652444194,0,0,-59.47123053997,-59.47123053997,-1.4712305399700032,0.0,-1.4712305399700032,-58.0,1.0
50,58,RAW_SPREAD,24,BASELINE_RESIDUAL_EXIT,bitget/hyperliquid,NON_GATE_PAIRS,45,20,25,0.5555555555555556,-52.08575040857837,-58.34348689836328,0.0,-85.4756226179639,-66.68651356043462,-38.801045713073165,-13.574248991414017,-20.513914749663858,-14.465011268288697,31.356216620949112,31.335088036342775,1045.5,1357.5,1440.0,1455.0,0.3938965809550721,62,0,-61.92011937411707,-41.70537063304204,3.1420316414216276,2.7722179500000004,5.914249591421628,-58.0,18.0
50,58,RAW_SPREAD,24,BASELINE_RESIDUAL_EXIT,bitget/okx,NON_GATE_PAIRS,27,15,12,0.4444444444444444,-53.25184497876865,-43.87517899376374,0.0,-116.07451623207122,-61.04276056324629,-35.03433717728454,-18.783129373323742,-11.019260239944742,-4.3383824874188015,37.469871823627194,41.18226473619258,915.0,1110.0,1422.0,1440.0,0.2585476123198644,36,0,-65.45947559161787,-41.18948853760299,16.480043744141618,-11.731888722910266,4.748155021231351,-58.0,12.0
50,58,RAW_SPREAD,24,BASELINE_RESIDUAL_EXIT,gate/hyperliquid,GATE_PAIRS,68,2,66,0.9705882352941176,-63.77576656315526,-63.77576656315526,0.0,-68.01436589530636,-66.13054396990586,-61.42098915640465,-59.53716723100417,-14.853094756058226,-14.853094756058226,-3.2692344361962,-3.2692344361962,22.5,22.5,28.5,30.0,0.0008476970895733258,0,0,-68.48532137665647,-59.066211749654045,-5.77576656315526,0.0,-5.77576656315526,-58.0,2.0
50,58,RAW_SPREAD,24,BASELINE_RESIDUAL_EXIT,gate/okx,GATE_PAIRS,42,1,41,0.9761904761904762,-60.48907655443942,-60.48907655443942,0.0,-60.48907655443942,-60.48907655443942,-60.48907655443942,-60.48907655443942,2.4263563907944707,2.4263563907944707,2.4263563907944707,2.4263563907944707,15.0,15.0,15.0,15.0,0.00028256569652444194,1,0,-60.48907655443942,-60.48907655443942,-2.4890765544394178,0.0,-2.4890765544394178,-58.0,1.0
50,58,RAW_SPREAD,24,BASELINE_RESIDUAL_EXIT,hyperliquid/okx,NON_GATE_PAIRS,65,62,3,0.046153846153846156,-45.31507487865403,-49.54606776034182,0.016129032258064516,-62.96880469277062,-55.333724484053775,-37.327124789785415,-25.673448046830256,4.046306235894085,3.6909724559175405,15.978414578206912,11.253492702506529,49.83870967741935,15.0,130.49999999999994,525.0,0.05820853348403504,15,0,-50.25386612717266,-37.913304516230475,13.444017597444075,-0.7590924760981129,12.684925121345962,-58.0,21.0
50,58,RAW_SPREAD,24,BASELINE_RESIDUAL_EXIT,ALL_GATE_PAIRS,GATE_PAIRS,269,6,263,0.9776951672862454,-58.619635952134324,-59.26872114481202,0.0,-66.4862601711022,-60.234615050822065,-56.14156691914535,-50.571138964576605,-2.4587781020283614,-0.19060284049687826,1.4025086712589803,-0.19060284049687826,17.5,15.0,22.5,30.0,0.0004944899689177734,2,2,-63.4304927555591,-53.77052889246032,-0.6196359521343232,0.0,-0.6196359521343232,-58.0,5.0
50,58,RAW_SPREAD,24,BASELINE_RESIDUAL_EXIT,ALL_NON_GATE_PAIRS,NON_GATE_PAIRS,286,232,54,0.1888111888111888,-51.01635978371691,-53.02284202428005,0.004310344827586207,-74.53596653682672,-59.29236197300293,-43.701307543558656,-24.384351380746885,-2.2373234694856654,0.0994534591108875,15.21716309112533,8.657091759316504,212.45689655172413,15.0,1036.5000000000007,1455.0,0.15475181312988603,164,157,-53.70862059730307,-48.175074657266656,9.091564727502332,-2.107924511219233,6.983640216283098,-58.0,33.0
50,58,RAW_SPREAD,24,BASELINE_RESIDUAL_EXIT,ALL_PAIRS,ALL,555,238,317,0.5711711711711712,-51.20803901485347,-53.24342429426292,0.004201680672268907,-73.98693730001756,-59.427704259866594,-44.33911035190752,-25.226769710206444,-2.2429063593817,0.0994534591108875,14.86889449230517,8.353486549811384,207.5420168067227,15.0,955.5000000000016,1455.0,0.09304888386549873,166,162,-53.82450574720441,-48.39012973811704,8.846744542301408,-2.0547835571548823,6.791960985146525,-58.0,33.0
50,58,RAW_SPREAD,24,FRACTIONAL_RESIDUAL_EXIT,binance/bitget,NON_GATE_PAIRS,15,0,15,1.0,,,,,,,,,,,,,,,,0.0,0,0,,,,,,,0.0
50,58,RAW_SPREAD,24,FRACTIONAL_RESIDUAL_EXIT,binance/gate,GATE_PAIRS,63,2,61,0.9682539682539683,-49.10326517946359,-49.10326517946359,0.0,-52.38819556227949,-50.9282265032502,-47.27830385567698,-45.81833479664769,-7.23275613190133,-7.23275613190133,10.689350578111934,10.689350578111934,97.5,97.5,127.5,135.0,0.003673354054817745,2,0,-52.75318782703681,-45.45334253189037,5.532184820536412,3.3645500000000004,8.896734820536413,-58.0,2.0
50,58,RAW_SPREAD,24,FRACTIONAL_RESIDUAL_EXIT,binance/hyperliquid,NON_GATE_PAIRS,74,68,6,0.08108108108108109,-48.441626689703924,-48.646779374015935,0.0,-62.46438825476785,-53.40722098677143,-43.23416987576323,-32.94196433022324,-5.157407323614524,-3.56375342979498,20.73150808128137,15.67194409241246,211.10294117647058,135.0,484.50000000000006,1275.0,0.27041537157389095,68,0,-51.04139153616077,-45.82493284988117,12.674610722060784,-3.116237411764706,9.55837331029608,-58.0,26.0
50,58,RAW_SPREAD,24,FRACTIONAL_RESIDUAL_EXIT,binance/okx,NON_GATE_PAIRS,9,8,1,0.1111111111111111,-55.12993229414052,-38.28524298300681,0.0,-133.5202015217134,-54.52558821139573,-29.95982637117722,-21.57443796477424,-17.563417679953286,2.03791072023618,34.162321677662504,36.64835090329832,161.25,105.0,320.99999999999994,510.0,0.024300649901102006,5,0,-97.40283761125693,-29.317417492018766,21.117498984858234,-18.247431278998754,2.8700677058594852,-58.0,6.0
50,58,RAW_SPREAD,24,FRACTIONAL_RESIDUAL_EXIT,bitget/gate,GATE_PAIRS,95,0,95,1.0,,,,,,,,,,,,,,,,0.0,0,0,,,,,,,0.0
50,58,RAW_SPREAD,24,FRACTIONAL_RESIDUAL_EXIT,bitget/hyperliquid,NON_GATE_PAIRS,43,0,43,1.0,,,,,,,,,,,,,,,,0.0,0,0,,,,,,,0.0
50,58,RAW_SPREAD,24,FRACTIONAL_RESIDUAL_EXIT,bitget/okx,NON_GATE_PAIRS,25,0,25,1.0,,,,,,,,,,,,,,,,0.0,0,0,,,,,,,0.0
50,58,RAW_SPREAD,24,FRACTIONAL_RESIDUAL_EXIT,gate/hyperliquid,GATE_PAIRS,62,2,60,0.967741935483871,-61.666307008188625,-61.666307008188625,0.0,-67.80341993980969,-65.07581419242254,-58.256799823954694,-55.529194076567556,-22.3158419581454,-22.3158419581454,9.246158900524382,9.246158900524382,315.0,315.0,543.0,600.0,0.01186775925402656,6,0,-68.48532137665647,-54.84729263972077,-4.326115508188622,0.6598085,-3.6663070081886215,-58.0,2.0
50,58,RAW_SPREAD,24,FRACTIONAL_RESIDUAL_EXIT,gate/okx,GATE_PAIRS,42,1,41,0.9761904761904762,-39.97570442117278,-39.97570442117278,0.0,-39.97570442117278,-39.97570442117278,-39.97570442117278,-39.97570442117278,-12.761439374368022,-12.761439374368022,23.18702357739566,23.18702357739566,90.0,90.0,90.0,90.0,0.0016953941791466515,1,0,-39.97570442117278,-39.97570442117278,24.020218044982222,-5.995922466155001,18.02429557882722,-58.0,1.0
50,58,RAW_SPREAD,24,FRACTIONAL_RESIDUAL_EXIT,hyperliquid/okx,NON_GATE_PAIRS,52,47,5,0.09615384615384616,-39.66294454155198,-38.37238438193124,0.0,-54.59623353103244,-49.487051275241136,-33.3923482616012,-15.105873765096703,-3.7394143264746695,-2.5396017424705875,26.749533784604907,20.60256099381652,150.31914893617022,90.0,236.99999999999994,1305.0,0.13308844306301215,25,0,-43.09387015837567,-35.28514491153946,19.016146331600382,-0.6790908731523617,18.33705545844802,-58.0,19.0
50,58,RAW_SPREAD,24,FRACTIONAL_RESIDUAL_EXIT,ALL_GATE_PAIRS,GATE_PAIRS,262,5,257,0.9809160305343512,-52.30296975929544,-52.75318782703681,0.0,-65.75771562926933,-54.84729263972077,-45.45334253189037,-41.0712320433163,-14.371727110892294,-16.159349377646848,12.611608506933658,12.908370190145568,183.0,90.0,414.0,600.0,0.00430912687199774,9,0,-60.732498897779315,-44.722256346632626,5.286471333935561,0.41055890676899975,5.697030240704561,-58.0,5.0
50,58,RAW_SPREAD,24,FRACTIONAL_RESIDUAL_EXIT,ALL_NON_GATE_PAIRS,NON_GATE_PAIRS,218,123,95,0.43577981651376146,-45.5221826561458,-46.40396005558527,0.0,-62.478083640769704,-51.95548341648566,-36.79557812187012,-22.239121748902996,-5.422467583656288,-2.654664156149789,23.904627730283448,18.170509968675752,184.6341463414634,105.0,470.9999999999999,1305.0,0.07130074408966751,98,62,-48.503486699485144,-42.93186822501787,15.646930069627782,-3.1691127257735854,12.477817343854197,-58.0,27.0
50,58,RAW_SPREAD,24,FRACTIONAL_RESIDUAL_EXIT,ALL_PAIRS,ALL,480,128,352,0.7333333333333333,-45.787057152362586,-46.42930730878245,0.0,-62.68982422372489,-52.2490832371122,-37.5184050742356,-22.406009534412643,-5.772048033938944,-3.1871554005186153,23.46349416687135,17.997884167868516,184.5703125,105.0,480.0,1305.0,0.0445040972025996,107,68,-48.54037518293671,-43.27964585377253,15.242224650264804,-3.0292818026273904,12.212942847637414,-58.0,27.0
50,80,RAW_SPREAD,24,LEGACY_RAW_EXIT,binance/bitget,NON_GATE_PAIRS,34,29,5,0.14705882352941177,-75.16789652738143,-73.14909160864295,0.0,-92.10819330822817,-76.80154982680148,-71.92154065595473,-60.356516783909896,-4.914140511956706,0.5454251437309043,8.434636915767712,7.152348247565499,102.93103448275862,30.0,320.9999999999999,795.0,0.05623057360836394,14,0,-78.53873832334433,-71.7826016712751,8.324762093308243,-3.492658620689655,4.832103472618588,-80.0,11.0
50,80,RAW_SPREAD,24,LEGACY_RAW_EXIT,binance/gate,GATE_PAIRS,63,2,61,0.9682539682539683,-72.89623900507351,-72.89623900507351,0.0,-74.56749294484048,-73.82471341605516,-71.96776459409186,-71.22498506530654,7.301103651994878,7.301103651994878,10.689350578111934,10.689350578111934,37.5,37.5,55.5,60.0,0.0014128284826222096,2,0,-74.75318782703681,-71.03929018311021,7.103760994926489,0.0,7.103760994926489,-80.0,2.0
50,80,RAW_SPREAD,24,LEGACY_RAW_EXIT,binance/hyperliquid,NON_GATE_PAIRS,107,104,3,0.028037383177570093,-71.88017124179474,-73.13228446348558,0.0,-84.68346647739743,-76.9320506923126,-68.09571684508214,-55.27030606992143,-1.1955636115919692,0.3735171735919085,12.421561617056774,9.26953822871779,76.875,30.0,145.50000000000006,1065.0,0.15060751624752755,35,0,-74.05514566017722,-69.40747716699012,11.565820787051406,-3.445992028846154,8.119828758205253,-80.0,27.0
50,80,RAW_SPREAD,24,LEGACY_RAW_EXIT,binance/okx,NON_GATE_PAIRS,11,10,1,0.09090909090909091,-66.22869648112763,-68.57744761131761,0.0,-89.5891888203089,-72.84661305610445,-57.60545458254468,-42.98166397487253,2.784343743044815,6.8918768478631875,15.170304903679767,10.026120864917164,75.0,15.0,256.5,270.0,0.014128284826222097,4,0,-78.29075841535094,-56.825633400077436,15.163531297166077,-1.3922277782937,13.771303518872378,-80.0,6.0
50,80,RAW_SPREAD,24,LEGACY_RAW_EXIT,bitget/gate,GATE_PAIRS,95,0,95,1.0,,,,,,,,,,,,,,,,0.0,0,0,,,,,,,0.0
50,80,RAW_SPREAD,24,LEGACY_RAW_EXIT,bitget/hyperliquid,NON_GATE_PAIRS,127,105,22,0.1732283464566929,-69.92618932507908,-72.494496861124,0.0,-80.38306130710038,-76.32470497080455,-66.99329101986179,-48.6331201961368,-3.6229199656109423,1.3869066930027871,13.018081577903171,9.0588627732191,106.42857142857143,30.0,240.00000000000063,1095.0,0.21051144391070925,37,0,-72.02928552339374,-67.237112901793,12.271253332063779,-2.197442657142857,10.07381067492092,-80.0,29.0
50,80,RAW_SPREAD,24,LEGACY_RAW_EXIT,bitget/okx,NON_GATE_PAIRS,79,72,7,0.08860759493670886,-69.08422844490327,-71.69777626235322,0.0,-82.34271491389161,-75.0456319246761,-67.2204888581323,-46.582956759804865,0.728739129023428,5.564652410091631,14.403151635664946,10.021011981246609,75.625,15.0,205.49999999999994,930.0,0.10257134783837242,25,0,-72.33679368874664,-66.21714277113387,14.21699688605705,-3.3012253309603192,10.915771555096729,-80.0,21.0
50,80,RAW_SPREAD,24,LEGACY_RAW_EXIT,gate/hyperliquid,GATE_PAIRS,68,2,66,0.9705882352941176,-81.42555533963585,-81.42555533963585,0.0,-89.57934477295443,-85.95543835814617,-76.89567232112553,-73.27176590631727,-14.853094756058226,-14.853094756058226,3.7325120262254874,3.7325120262254874,30.0,30.0,30.0,30.0,0.0011302627860977678,0,0,-90.48532137665649,-72.36578930261521,-1.4255553396358422,0.0,-1.4255553396358422,-80.0,2.0
50,80,RAW_SPREAD,24,LEGACY_RAW_EXIT,gate/okx,GATE_PAIRS,42,1,41,0.9761904761904762,-82.48907655443942,-82.48907655443942,0.0,-82.48907655443942,-82.48907655443942,-82.48907655443942,-82.48907655443942,2.4263563907944707,2.4263563907944707,2.4263563907944707,2.4263563907944707,15.0,15.0,15.0,15.0,0.00028256569652444194,1,0,-82.48907655443942,-82.48907655443942,-2.4890765544394178,0.0,-2.4890765544394178,-80.0,1.0
50,80,RAW_SPREAD,24,LEGACY_RAW_EXIT,hyperliquid/okx,NON_GATE_PAIRS,68,65,3,0.04411764705882353,-64.94668391736641,-67.8655412943313,0.015384615384615385,-79.30546859561024,-73.39592670642985,-58.16779004492264,-43.58767675760972,4.25770862876943,4.083937907862767,17.54094886089101,11.9056725524469,50.53846153846154,30.0,144.0000000000001,255.0,0.061881887538852785,13,0,-68.7199984316229,-59.89249795129611,16.883505823998767,-1.8301897413651846,15.053316082633588,-80.0,21.0
50,80,RAW_SPREAD,24,LEGACY_RAW_EXIT,ALL_GATE_PAIRS,GATE_PAIRS,268,5,263,0.9813432835820896,-78.22653304877163,-74.75318782703681,0.0,-88.88607241221307,-82.48907655443942,-72.36578930261521,-71.30459000701121,-2.535525163466445,1.6938371138441877,6.2540163198938625,8.470330966078299,30.0,30.0,48.0,60.0,0.0007064142413111048,3,0,-84.99686617350382,-72.57796918359853,1.7734669512283752,0.0,1.7734669512283752,-80.0,5.0
50,80,RAW_SPREAD,24,LEGACY_RAW_EXIT,ALL_NON_GATE_PAIRS,NON_GATE_PAIRS,426,385,41,0.09624413145539906,-69.75465598713545,-72.00399711392956,0.0025974025974025974,-84.02751395672355,-76.09542534972917,-66.48574980080015,-50.00652264227373,-0.7537443409124945,1.7112806507757483,13.590226200450886,9.452301711370126,82.16883116883118,30.0,204.00000000000034,1095.0,0.09932184232834133,128,242,-71.31268308756138,-67.75501708950563,13.001122155204339,-2.7557781423397842,10.245344012864555,-80.0,34.0
50,80,RAW_SPREAD,24,LEGACY_RAW_EXIT,ALL_PAIRS,ALL,694,390,304,0.43804034582132567,-69.86326979561797,-72.14067256803594,0.002564102564102564,-84.15710496251481,-76.11100226992335,-66.50231186597098,-50.01435108703432,-0.7765876847913913,1.702558882309968,13.49617222762323,9.444682563074512,81.5,30.0,196.50000000000034,1095.0,0.059875671093529245,131,246,-71.37085614264474,-67.84850223802057,12.857177857717467,-2.720447653335428,10.136730204382038,-80.0,34.0
50,80,RAW_SPREAD,24,BASELINE_RESIDUAL_EXIT,binance/bitget,NON_GATE_PAIRS,18,8,10,0.5555555555555556,-70.46381921627182,-66.31843141828094,0.0,-106.32469690876495,-83.34355294580261,-52.320427908864545,-44.01692429398028,-11.412302391591023,-10.530905892542908,24.94443294984591,22.634657827101947,826.875,855.0,1429.5,1440.0,0.12461147216727889,26,0,-85.93749338659462,-59.24235980819209,10.204930783728194,-0.6687499999999975,9.536180783728199,-80.0,5.0
50,80,RAW_SPREAD,24,BASELINE_RESIDUAL_EXIT,binance/gate,GATE_PAIRS,64,2,62,0.96875,-74.102987746043,-74.102987746043,0.0,-76.86031555268251,-75.63483652750939,-72.5711389645766,-71.34565993940349,7.321549403873084,7.321549403873084,7.321549403873084,7.321549403873084,15.0,15.0,15.0,15.0,0.0005651313930488839,1,0,-77.16668530897579,-71.03929018311021,5.897012253957001,0.0,5.897012253957001,-80.0,2.0
50,80,RAW_SPREAD,24,BASELINE_RESIDUAL_EXIT,binance/hyperliquid,NON_GATE_PAIRS,120,117,3,0.025,-75.92655471696108,-76.30843527051339,0.0,-88.60950148798766,-81.29077415748512,-71.35044723177157,-59.5724804249896,-0.15806690801360068,0.9604422431297444,7.923781247380391,3.8838935944274233,36.02564102564103,15.0,66.00000000000009,525.0,0.07940096072336818,22,0,-77.84146987424147,-74.06321660589725,5.8531962659449155,-1.7797509829059825,4.073445283038932,-80.0,26.0
50,80,RAW_SPREAD,24,BASELINE_RESIDUAL_EXIT,binance/okx,NON_GATE_PAIRS,11,10,1,0.09090909090909091,-70.86506888780542,-62.79160561112861,0.0,-103.451253615952,-76.63151565093833,-58.53640260216529,-53.246723156242,-8.457058558334007,3.4372083361455807,22.390985397658493,19.540669279171084,73.5,30.0,210.0,210.0,0.013845719129697655,3,0,-79.20723819762458,-59.145959481889534,19.920922736307077,-10.785991624112501,9.134931112194579,-80.0,6.0
50,80,RAW_SPREAD,24,BASELINE_RESIDUAL_EXIT,bitget/gate,GATE_PAIRS,95,1,94,0.9894736842105263,-81.47123053997001,-81.47123053997001,0.0,-81.47123053997001,-81.47123053997001,-81.47123053997001,-81.47123053997001,-2.115934298594357,-2.115934298594357,-2.115934298594357,-2.115934298594357,15.0,15.0,15.0,15.0,0.00028256569652444194,0,0,-81.47123053997001,-81.47123053997001,-1.4712305399700032,0.0,-1.4712305399700032,-80.0,1.0
50,80,RAW_SPREAD,24,BASELINE_RESIDUAL_EXIT,bitget/hyperliquid,NON_GATE_PAIRS,45,20,25,0.5555555555555556,-74.08575040857838,-80.34348689836328,0.0,-107.47562261796391,-88.68651356043462,-60.801045713073165,-35.57424899141402,-20.513914749663858,-14.465011268288697,31.356216620949112,31.335088036342775,1045.5,1357.5,1440.0,1455.0,0.3938965809550721,62,0,-83.11471427620035,-64.32703496227545,3.1420316414216276,2.7722179500000004,5.914249591421628,-80.0,18.0
50,80,RAW_SPREAD,24,BASELINE_RESIDUAL_EXIT,bitget/okx,NON_GATE_PAIRS,27,15,12,0.4444444444444444,-75.25184497876863,-65.87517899376374,0.0,-138.0745162320712,-83.04276056324629,-57.03433717728454,-40.783129373323746,-11.019260239944742,-4.3383824874188015,37.469871823627194,41.18226473619258,915.0,1110.0,1422.0,1440.0,0.2585476123198644,36,0,-87.63023019028553,-61.87429324908969,16.480043744141618,-11.731888722910266,4.748155021231351,-80.0,12.0
50,80,RAW_SPREAD,24,BASELINE_RESIDUAL_EXIT,gate/hyperliquid,GATE_PAIRS,68,2,66,0.9705882352941176,-85.77576656315526,-85.77576656315526,0.0,-90.01436589530637,-88.13054396990587,-83.42098915640466,-81.53716723100416,-14.853094756058226,-14.853094756058226,-3.2692344361962,-3.2692344361962,22.5,22.5,28.5,30.0,0.0008476970895733258,0,0,-90.48532137665649,-81.06621174965404,-5.77576656315526,0.0,-5.77576656315526,-80.0,2.0
50,80,RAW_SPREAD,24,BASELINE_RESIDUAL_EXIT,gate/okx,GATE_PAIRS,42,1,41,0.9761904761904762,-82.48907655443942,-82.48907655443942,0.0,-82.48907655443942,-82.48907655443942,-82.48907655443942,-82.48907655443942,2.4263563907944707,2.4263563907944707,2.4263563907944707,2.4263563907944707,15.0,15.0,15.0,15.0,0.00028256569652444194,1,0,-82.48907655443942,-82.48907655443942,-2.4890765544394178,0.0,-2.4890765544394178,-80.0,1.0
50,80,RAW_SPREAD,24,BASELINE_RESIDUAL_EXIT,hyperliquid/okx,NON_GATE_PAIRS,65,62,3,0.046153846153846156,-67.31507487865403,-71.54606776034183,0.016129032258064516,-84.96880469277062,-77.33372448405377,-59.327124789785415,-47.67344804683025,4.046306235894085,3.6909724559175405,15.978414578206912,11.253492702506529,49.83870967741935,15.0,130.49999999999994,525.0,0.05820853348403504,15,0,-72.65448314173864,-60.268853258575845,13.444017597444075,-0.7590924760981129,12.684925121345962,-80.0,21.0
50,80,RAW_SPREAD,24,BASELINE_RESIDUAL_EXIT,ALL_GATE_PAIRS,GATE_PAIRS,269,6,263,0.9776951672862454,-80.61963595213432,-81.26872114481202,0.0,-88.48626017110222,-82.23461505082207,-78.14156691914535,-72.5711389645766,-2.4587781020283614,-0.19060284049687826,1.4025086712589803,-0.19060284049687826,17.5,15.0,22.5,30.0,0.0004944899689177734,2,2,-85.43049275555911,-75.47033302465508,-0.6196359521343232,0.0,-0.6196359521343232,-80.0,5.0
50,80,RAW_SPREAD,24,BASELINE_RESIDUAL_EXIT,ALL_NON_GATE_PAIRS,NON_GATE_PAIRS,286,232,54,0.1888111888111888,-73.01635978371691,-75.02284202428004,0.004310344827586207,-96.53596653682672,-81.29236197300293,-65.70130754355866,-46.384351380746885,-2.2373234694856654,0.0994534591108875,15.21716309112533,8.657091759316504,212.45689655172413,15.0,1036.5000000000007,1455.0,0.15475181312988603,164,157,-75.6030430739576,-70.37198047170988,9.091564727502332,-2.107924511219233,6.983640216283098,-80.0,33.0
50,80,RAW_SPREAD,24,BASELINE_RESIDUAL_EXIT,ALL_PAIRS,ALL,555,238,317,0.5711711711711712,-73.20803901485347,-75.24342429426292,0.004201680672268907,-95.98693730001757,-81.4277042598666,-66.33911035190752,-47.22676971020644,-2.2429063593817,0.0994534591108875,14.86889449230517,8.353486549811384,207.5420168067227,15.0,955.5000000000016,1455.0,0.09304888386549873,166,162,-75.65784692068007,-70.68386080132568,8.846744542301408,-2.0547835571548823,6.791960985146525,-80.0,33.0
50,80,RAW_SPREAD,24,FRACTIONAL_RESIDUAL_EXIT,binance/bitget,NON_GATE_PAIRS,15,0,15,1.0,,,,,,,,,,,,,,,,0.0,0,0,,,,,,,0.0
50,80,RAW_SPREAD,24,FRACTIONAL_RESIDUAL_EXIT,binance/gate,GATE_PAIRS,63,2,61,0.9682539682539683,-71.10326517946359,-71.10326517946359,0.0,-74.38819556227949,-72.9282265032502,-69.27830385567698,-67.81833479664769,-7.23275613190133,-7.23275613190133,10.689350578111934,10.689350578111934,97.5,97.5,127.5,135.0,0.003673354054817745,2,0,-74.75318782703681,-67.45334253189037,5.532184820536412,3.3645500000000004,8.896734820536413,-80.0,2.0
50,80,RAW_SPREAD,24,FRACTIONAL_RESIDUAL_EXIT,binance/hyperliquid,NON_GATE_PAIRS,74,68,6,0.08108108108108109,-70.44162668970391,-70.64677937401594,0.0,-84.46438825476785,-75.40722098677142,-65.23416987576323,-54.94196433022324,-5.157407323614524,-3.56375342979498,20.73150808128137,15.67194409241246,211.10294117647058,135.0,484.50000000000006,1275.0,0.27041537157389095,68,0,-72.91869740135729,-67.79022540642744,12.674610722060784,-3.116237411764706,9.55837331029608,-80.0,26.0
50,80,RAW_SPREAD,24,FRACTIONAL_RESIDUAL_EXIT,binance/okx,NON_GATE_PAIRS,9,8,1,0.1111111111111111,-77.12993229414052,-60.28524298300681,0.0,-155.5202015217134,-76.52558821139573,-51.959826371177215,-43.57443796477424,-17.563417679953286,2.03791072023618,34.162321677662504,36.64835090329832,161.25,105.0,320.99999999999994,510.0,0.024300649901102006,5,0,-119.39703570105102,-51.31741749201876,21.117498984858234,-18.247431278998754,2.8700677058594852,-80.0,6.0
50,80,RAW_SPREAD,24,FRACTIONAL_RESIDUAL_EXIT,bitget/gate,GATE_PAIRS,95,0,95,1.0,,,,,,,,,,,,,,,,0.0,0,0,,,,,,,0.0
50,80,RAW_SPREAD,24,FRACTIONAL_RESIDUAL_EXIT,bitget/hyperliquid,NON_GATE_PAIRS,43,0,43,1.0,,,,,,,,,,,,,,,,0.0,0,0,,,,,,,0.0
50,80,RAW_SPREAD,24,FRACTIONAL_RESIDUAL_EXIT,bitget/okx,NON_GATE_PAIRS,25,0,25,1.0,,,,,,,,,,,,,,,,0.0,0,0,,,,,,,0.0
50,80,RAW_SPREAD,24,FRACTIONAL_RESIDUAL_EXIT,gate/hyperliquid,GATE_PAIRS,62,2,60,0.967741935483871,-83.66630700818862,-83.66630700818862,0.0,-89.8034199398097,-87.07581419242256,-80.2567998239547,-77.52919407656755,-22.3158419581454,-22.3158419581454,9.246158900524382,9.246158900524382,315.0,315.0,543.0,600.0,0.01186775925402656,6,0,-90.48532137665649,-76.84729263972076,-4.326115508188622,0.6598085,-3.6663070081886215,-80.0,2.0
50,80,RAW_SPREAD,24,FRACTIONAL_RESIDUAL_EXIT,gate/okx,GATE_PAIRS,42,1,41,0.9761904761904762,-61.97570442117278,-61.97570442117278,0.0,-61.97570442117278,-61.97570442117278,-61.97570442117278,-61.97570442117278,-12.761439374368022,-12.761439374368022,23.18702357739566,23.18702357739566,90.0,90.0,90.0,90.0,0.0016953941791466515,1,0,-61.97570442117278,-61.97570442117278,24.020218044982222,-5.995922466155001,18.02429557882722,-80.0,1.0
50,80,RAW_SPREAD,24,FRACTIONAL_RESIDUAL_EXIT,hyperliquid/okx,NON_GATE_PAIRS,52,47,5,0.09615384615384616,-61.66294454155196,-60.37238438193124,0.0,-76.59623353103244,-71.48705127524113,-55.3923482616012,-37.1058737650967,-3.7394143264746695,-2.5396017424705875,26.749533784604907,20.60256099381652,150.31914893617022,90.0,236.99999999999994,1305.0,0.13308844306301215,25,0,-64.60761828437053,-57.3226661105085,19.016146331600382,-0.6790908731523617,18.33705545844802,-80.0,19.0
50,80,RAW_SPREAD,24,FRACTIONAL_RESIDUAL_EXIT,ALL_GATE_PAIRS,GATE_PAIRS,262,5,257,0.9809160305343512,-74.30296975929545,-74.75318782703681,0.0,-87.75771562926934,-76.84729263972076,-67.45334253189037,-63.0712320433163,-14.371727110892294,-16.159349377646848,12.611608506933658,12.908370190145568,183.0,90.0,414.0,600.0,0.00430912687199774,9,0,-83.15131986031612,-66.72225634663263,5.286471333935561,0.41055890676899975,5.697030240704561,-80.0,5.0
50,80,RAW_SPREAD,24,FRACTIONAL_RESIDUAL_EXIT,ALL_NON_GATE_PAIRS,NON_GATE_PAIRS,218,123,95,0.43577981651376146,-67.5221826561458,-68.40396005558527,0.0,-84.4780836407697,-73.95548341648566,-58.79557812187012,-44.239121748902996,-5.422467583656288,-2.654664156149789,23.904627730283448,18.170509968675752,184.6341463414634,105.0,470.9999999999999,1305.0,0.07130074408966751,98,62,-70.80731124701187,-65.04409319427121,15.646930069627782,-3.1691127257735854,12.477817343854197,-80.0,27.0
50,80,RAW_SPREAD,24,FRACTIONAL_RESIDUAL_EXIT,ALL_PAIRS,ALL,480,128,352,0.7333333333333333,-67.78705715236259,-68.42930730878246,0.0,-84.68982422372488,-74.2490832371122,-59.5184050742356,-44.40600953441265,-5.772048033938944,-3.1871554005186153,23.46349416687135,17.997884167868516,184.5703125,105.0,480.0,1305.0,0.0445040972025996,107,68,-70.94285544208189,-65.28156851135012,15.242224650264804,-3.0292818026273904,12.212942847637414,-80.0,27.0
100,0,RAW_SPREAD,24,LEGACY_RAW_EXIT,binance/bitget,NON_GATE_PAIRS,2,2,0,0.0,15.178643882096111,15.178643882096111,1.0,8.254604501819973,11.331955337498256,19.025332426693964,22.102683262372246,5.3786610482781105,5.3786610482781105,15.32662716590416,15.32662716590416,30.0,30.0,42.0,45.0,0.0011302627860977678,2,0,7.485266792900402,22.872020971291818,15.178643882096111,0.0,15.178643882096111,-0.0,2.0
100,0,RAW_SPREAD,24,LEGACY_RAW_EXIT,binance/gate,GATE_PAIRS,28,0,28,1.0,,,,,,,,,,,,,,,,0.0,0,0,,,,,,,0.0
100,0,RAW_SPREAD,24,LEGACY_RAW_EXIT,binance/hyperliquid,NON_GATE_PAIRS,14,13,1,0.07142857142857142,11.057964437145479,10.223157868670729,0.8461538461538461,-2.1079801188071112,5.128901800818264,16.153148320025164,27.366364638338005,-11.956142023651703,-9.76114106806536,19.05638960967626,17.501268581172624,54.23076923076923,30.0,138.00000000000006,180.0,0.013280587736648771,1,0,6.210989075872363,22.688250201958308,19.431291744837786,-8.373327307692307,11.057964437145479,-0.0,5.0
100,0,RAW_SPREAD,24,LEGACY_RAW_EXIT,binance/okx,NON_GATE_PAIRS,6,6,0,0.0,2.025894697311655,-3.093415533264409,0.3333333333333333,-14.592730268718677,-7.916659369955788,14.225227731393824,23.11252895447091,-20.93704764586535,-15.11913290462241,28.215540202468265,26.313296274332878,67.5,45.0,142.5,195.0,0.007629273806159932,1,0,-1.7303384295789321,9.53836095109283,28.145923603016822,-26.12002890570517,2.025894697311655,-0.0,2.0
100,0,RAW_SPREAD,24,LEGACY_RAW_EXIT,bitget/gate,GATE_PAIRS,81,0,81,1.0,,,,,,,,,,,,,,,,0.0,0,0,,,,,,,0.0
100,0,RAW_SPREAD,24,LEGACY_RAW_EXIT,bitget/hyperliquid,NON_GATE_PAIRS,52,48,4,0.07692307692307693,12.462414189714083,10.016603182775045,0.8541666666666666,-5.143189175581083,4.079426258217597,18.04839161850657,33.74625193072412,-3.961296259324191,0.4715090466328453,16.98282708910433,12.099514558294722,85.3125,30.0,208.5000000000002,795.0,0.07714043515117265,13,0,9.735167064887545,16.191653235181036,16.33484279388075,-3.8724286041666662,12.462414189714083,-0.0,14.0
100,0,RAW_SPREAD,24,LEGACY_RAW_EXIT,bitget/okx,NON_GATE_PAIRS,18,16,2,0.1111111111111111,11.150267825355272,18.088293351947726,0.8125,-48.51372296354552,5.980334202545789,29.0226454243675,43.50738305214958,-1.6403719787157218,8.077608495407617,21.410101499180207,20.88344083103044,64.6875,15.0,157.5,405.0,0.01949703306018649,3,0,-8.907336250352476,28.579685508027087,21.24635540440227,-10.096087579047,11.150267825355272,-0.0,6.0
100,0,RAW_SPREAD,24,LEGACY_RAW_EXIT,gate/hyperliquid,GATE_PAIRS,40,1,39,0.975,21.90295054555813,21.90295054555813,1.0,21.90295054555813,21.90295054555813,21.90295054555813,21.90295054555813,22.757213316784156,22.757213316784156,22.757213316784156,22.757213316784156,15.0,15.0,15.0,15.0,0.00028256569652444194,0,0,21.90295054555813,21.90295054555813,21.90295054555813,0.0,21.90295054555813,-0.0,1.0
100,0,RAW_SPREAD,24,LEGACY_RAW_EXIT,gate/okx,GATE_PAIRS,32,1,31,0.96875,2.6857623793485885,2.6857623793485885,1.0,2.6857623793485885,2.6857623793485885,2.6857623793485885,2.6857623793485885,7.92075539935988,7.92075539935988,7.92075539935988,7.92075539935988,15.0,15.0,15.0,15.0,0.00028256569652444194,0,0,2.6857623793485885,2.6857623793485885,2.6857623793485885,0.0,2.6857623793485885,-0.0,1.0
100,0,RAW_SPREAD,24,LEGACY_RAW_EXIT,hyperliquid/okx,NON_GATE_PAIRS,2,2,0,0.0,23.52413026941058,23.52413026941058,1.0,18.596616359873252,20.78662254188984,26.26163799693132,28.45164417894791,12.851524136404116,12.851524136404116,22.730927373763592,22.730927373763592,22.5,22.5,28.5,30.0,0.0008476970895733258,0,0,18.049114814369105,28.999145724452056,23.52413026941058,0.0,23.52413026941058,-0.0,2.0
100,0,RAW_SPREAD,24,LEGACY_RAW_EXIT,ALL_GATE_PAIRS,GATE_PAIRS,181,2,179,0.988950276243094,12.29435646245336,12.29435646245336,1.0,3.6466217876590656,7.490059420900974,17.098653504005746,20.94209113724765,15.338984358072018,15.338984358072018,15.338984358072018,15.338984358072018,15.0,15.0,15.0,15.0,0.00014128284826222097,0,0,2.6857623793485885,21.90295054555813,12.29435646245336,0.0,12.29435646245336,-0.0,2.0
100,0,RAW_SPREAD,24,LEGACY_RAW_EXIT,ALL_NON_GATE_PAIRS,NON_GATE_PAIRS,94,87,7,0.07446808510638298,11.608214028525685,10.462011022622786,0.8160919540229885,-10.95598220232949,4.099669472927901,20.985974630325256,38.188042729939376,-5.298619930118534,1.4019918568830558,18.975617695216407,15.045010331883324,72.93103448275862,30.0,195.0,795.0,0.019920881604973156,20,49,7.717957966305172,16.047521206920692,18.654046243456527,-7.045832214930839,11.608214028525685,-0.0,14.0
100,0,RAW_SPREAD,24,LEGACY_RAW_EXIT,ALL_PAIRS,ALL,275,89,186,0.6763636363636364,11.623632959625185,10.462011022622786,0.8202247191011236,-10.645371599000926,4.0317224446184685,21.62038851395433,37.854564317917195,-4.83485354161987,2.1769530894499844,18.89389559775249,15.045010331883324,71.62921348314607,30.0,195.0,795.0,0.012009042102288783,20,49,8.030587414499873,16.332064351598337,18.51113186635533,-6.887498906730147,11.623632959625185,-0.0,15.0
100,0,RAW_SPREAD,24,BASELINE_RESIDUAL_EXIT,binance/bitget,NON_GATE_PAIRS,2,0,2,1.0,,,,,,,,,,,,,,,,0.0,0,0,,,,,,,0.0
100,0,RAW_SPREAD,24,BASELINE_RESIDUAL_EXIT,binance/gate,GATE_PAIRS,28,0,28,1.0,,,,,,,,,,,,,,,,0.0,0,0,,,,,,,0.0
100,0,RAW_SPREAD,24,BASELINE_RESIDUAL_EXIT,binance/hyperliquid,NON_GATE_PAIRS,9,8,1,0.1111111111111111,8.504231586648357,15.241451439721068,0.75,-31.458651314324023,-4.977079741873068,23.47038924134713,38.92547578218436,-14.14686602901047,-11.600276888687478,22.823617645134213,25.711676684071485,82.5,37.5,198.0,240.0,0.012432890647075446,3,0,-13.647974976634066,31.080896655424493,19.560797211648357,-11.056565625000001,8.504231586648357,-0.0,4.0
100,0,RAW_SPREAD,24,BASELINE_RESIDUAL_EXIT,binance/okx,NON_GATE_PAIRS,5,4,1,0.2,15.256073049176747,11.766458960562908,0.5,-4.653084139893463,-1.9793665285293702,29.001898538269025,40.05068996230632,-19.890317982713682,1.5378907660523744,35.70665170997772,36.63938449964599,105.0,105.0,181.5,195.0,0.007911839502684374,1,0,9.53836095109283,20.973785147260664,35.22399409238875,-19.967921043212,15.256073049176747,-0.0,2.0
100,0,RAW_SPREAD,24,BASELINE_RESIDUAL_EXIT,bitget/gate,GATE_PAIRS,81,0,81,1.0,,,,,,,,,,,,,,,,0.0,0,0,,,,,,,0.0
100,0,RAW_SPREAD,24,BASELINE_RESIDUAL_EXIT,bitget/hyperliquid,NON_GATE_PAIRS,15,7,8,0.5333333333333333,13.73544691608549,4.329220258481554,0.7142857142857143,-6.4980588484861475,-0.26659731462478176,29.813181347074234,40.51432576486867,-16.166050456986685,-9.116624102023518,44.17425470370257,48.69191710170861,685.7142857142857,570.0,1431.0,1440.0,0.09042102288782142,18,0,3.531225512816741,28.252880252446648,15.482718201799774,-1.7472712857142862,13.73544691608549,-0.0,4.0
100,0,RAW_SPREAD,24,BASELINE_RESIDUAL_EXIT,bitget/okx,NON_GATE_PAIRS,7,3,4,0.5714285714285714,43.104400199668625,37.06176498602548,1.0,25.65884296706849,30.726808308827152,52.46067448368852,64.77980208181896,-5.560918788702167,1.848051234745185,65.85354762019934,63.333271328909206,800.0,795.0,1215.0,1320.0,0.04521051144391071,4,0,30.726808308827152,67.85958398135156,37.660492061763286,5.443908137905333,43.104400199668625,-0.0,2.0
100,0,RAW_SPREAD,24,BASELINE_RESIDUAL_EXIT,gate/hyperliquid,GATE_PAIRS,40,1,39,0.975,75.08180366685258,75.08180366685258,1.0,75.08180366685258,75.08180366685258,75.08180366685258,75.08180366685258,13.313923789355364,13.313923789355364,74.48737729187638,74.48737729187638,60.0,60.0,60.0,60.0,0.0011302627860977678,0,0,75.08180366685258,75.08180366685258,72.77061266685259,2.311191,75.08180366685258,-0.0,1.0
100,0,RAW_SPREAD,24,BASELINE_RESIDUAL_EXIT,gate/okx,GATE_PAIRS,32,1,31,0.96875,34.76155489836374,34.76155489836374,1.0,34.76155489836374,34.76155489836374,34.76155489836374,34.76155489836374,7.82469257743279,7.82469257743279,34.03368890138925,34.03368890138925,180.0,180.0,180.0,180.0,0.003390788358293303,0,0,34.76155489836374,34.76155489836374,36.11914240550074,-1.357587507136999,34.76155489836374,-0.0,1.0
100,0,RAW_SPREAD,24,BASELINE_RESIDUAL_EXIT,hyperliquid/okx,NON_GATE_PAIRS,2,2,0,0.0,41.69401988080135,41.69401988080135,1.0,20.41360532101233,29.871567347585227,53.51647241401747,62.974434440590365,12.851524136404116,12.851524136404116,40.87956979543395,40.87956979543395,30.0,30.0,30.0,30.0,0.0011302627860977678,0,0,18.049114814369105,65.3389249472336,41.69401988080135,0.0,41.69401988080135,-0.0,2.0
100,0,RAW_SPREAD,24,BASELINE_RESIDUAL_EXIT,ALL_GATE_PAIRS,GATE_PAIRS,181,2,179,0.988950276243094,54.92167928260816,54.92167928260816,1.0,36.77756733678818,44.841617090485954,65.00174147473037,73.06579122842814,10.569308183394078,10.569308183394078,54.26053309663281,54.26053309663281,120.0,120.0,168.0,180.0,0.0011302627860977678,0,0,34.76155489836374,75.08180366685258,54.44487753617666,0.47680174643150053,54.92167928260816,-0.0,2.0
100,0,RAW_SPREAD,24,BASELINE_RESIDUAL_EXIT,ALL_NON_GATE_PAIRS,NON_GATE_PAIRS,40,24,16,0.4,18.246146402629204,18.26530970890142,0.75,-24.599586184290054,1.063890867544764,38.62490185781696,61.960019377895854,-12.369927560630979,-4.332473221006494,38.08146305743202,34.612681091346076,347.5,90.0,1256.9999999999998,1440.0,0.026184421211264953,26,15,3.3133880562559663,30.906775064066835,25.08878739259303,-6.842640989963833,18.246146402629204,-0.0,8.0
100,0,RAW_SPREAD,24,BASELINE_RESIDUAL_EXIT,ALL_PAIRS,ALL,221,26,195,0.8823529411764706,21.067341239550657,19.420108078620828,0.7692307692307693,-22.684678962661636,1.9105225859300483,39.00061926327621,67.22941922282207,-10.605370964936744,-2.354121871634418,39.326006906601314,34.612681091346076,330.0,90.0,1215.0,1440.0,0.01616275784119808,26,16,7.262714790871709,34.18377984107829,27.346948172868697,-6.279606933318039,21.067341239550657,-0.0,9.0
100,0,RAW_SPREAD,24,FRACTIONAL_RESIDUAL_EXIT,binance/bitget,NON_GATE_PAIRS,2,0,2,1.0,,,,,,,,,,,,,,,,0.0,0,0,,,,,,,0.0
100,0,RAW_SPREAD,24,FRACTIONAL_RESIDUAL_EXIT,binance/gate,GATE_PAIRS,28,0,28,1.0,,,,,,,,,,,,,,,,0.0,0,0,,,,,,,0.0
100,0,RAW_SPREAD,24,FRACTIONAL_RESIDUAL_EXIT,binance/hyperliquid,NON_GATE_PAIRS,7,6,1,0.14285714285714285,30.965396970350373,28.834991284719777,1.0,17.242802049172823,18.177764466564945,44.57832020000382,46.62327137418494,-19.792356874879786,-11.600276888687478,51.33082472370802,46.09025893102081,265.0,127.5,637.5,1005.0,0.029951963831590846,5,0,23.658247944076756,42.78170612200449,40.64297497035037,-9.677578000000002,30.965396970350373,-0.0,4.0
100,0,RAW_SPREAD,24,FRACTIONAL_RESIDUAL_EXIT,binance/okx,NON_GATE_PAIRS,5,4,1,0.2,16.72820107126759,19.683413342132273,0.75,-8.23136790019536,8.145073845362115,28.266540568037748,37.550472863519985,-19.890317982713682,1.5378907660523744,38.298203475250205,41.87208328026715,116.25,120.0,187.5,210.0,0.0087595365922577,1,0,6.036378554167708,27.420023588367474,36.69612211447959,-19.967921043212,16.72820107126759,-0.0,2.0
100,0,RAW_SPREAD,24,FRACTIONAL_RESIDUAL_EXIT,bitget/gate,GATE_PAIRS,81,0,81,1.0,,,,,,,,,,,,,,,,0.0,0,0,,,,,,,0.0
100,0,RAW_SPREAD,24,FRACTIONAL_RESIDUAL_EXIT,bitget/hyperliquid,NON_GATE_PAIRS,15,0,15,1.0,,,,,,,,,,,,,,,,0.0,0,0,,,,,,,0.0
100,0,RAW_SPREAD,24,FRACTIONAL_RESIDUAL_EXIT,bitget/okx,NON_GATE_PAIRS,7,0,7,1.0,,,,,,,,,,,,,,,,0.0,0,0,,,,,,,0.0
100,0,RAW_SPREAD,24,FRACTIONAL_RESIDUAL_EXIT,gate/hyperliquid,GATE_PAIRS,40,1,39,0.975,59.58972662883078,59.58972662883078,1.0,59.58972662883078,59.58972662883078,59.58972662883078,59.58972662883078,13.313923789355364,13.313923789355364,74.48737729187638,74.48737729187638,75.0,75.0,75.0,75.0,0.0014128284826222096,0,0,59.58972662883078,59.58972662883078,57.27853562883078,2.311191,59.58972662883078,-0.0,1.0
100,0,RAW_SPREAD,24,FRACTIONAL_RESIDUAL_EXIT,gate/okx,GATE_PAIRS,32,1,31,0.96875,34.76155489836374,34.76155489836374,1.0,34.76155489836374,34.76155489836374,34.76155489836374,34.76155489836374,7.82469257743279,7.82469257743279,34.03368890138925,34.03368890138925,180.0,180.0,180.0,180.0,0.003390788358293303,0,0,34.76155489836374,34.76155489836374,36.11914240550074,-1.357587507136999,34.76155489836374,-0.0,1.0
100,0,RAW_SPREAD,24,FRACTIONAL_RESIDUAL_EXIT,hyperliquid/okx,NON_GATE_PAIRS,2,2,0,0.0,50.069140426061146,50.069140426061146,1.0,36.32633435700595,42.434248165474926,57.704032686647366,63.811946495116345,12.851524136404116,12.851524136404116,47.14292492832229,47.14292492832229,37.5,37.5,43.5,45.0,0.0014128284826222096,0,0,34.7993559048887,65.3389249472336,50.069140426061146,0.0,50.069140426061146,-0.0,2.0
100,0,RAW_SPREAD,24,FRACTIONAL_RESIDUAL_EXIT,ALL_GATE_PAIRS,GATE_PAIRS,181,2,179,0.988950276243094,47.17564076359726,47.17564076359726,1.0,36.00296348488709,40.9685978309805,53.38268369621402,58.348318042307426,10.569308183394078,10.569308183394078,54.26053309663281,54.26053309663281,127.5,127.5,169.5,180.0,0.0012009042102288782,0,0,34.76155489836374,59.58972662883078,46.69883901716576,0.47680174643150053,47.17564076359726,-0.0,2.0
100,0,RAW_SPREAD,24,FRACTIONAL_RESIDUAL_EXIT,ALL_NON_GATE_PAIRS,NON_GATE_PAIRS,38,12,26,0.6842105263157895,29.40362224660791,29.598795674904423,0.9166666666666666,2.6862599301762895,17.798612519241175,41.497325522543704,55.090843949690154,-14.384363742277102,-3.0294899625882277,46.28863434165779,43.64677849291954,177.5,75.0,264.0,1005.0,0.0066873881510784595,6,7,21.183005157132296,35.6304406758318,40.89838492767857,-11.494762681070668,29.40362224660791,-0.0,5.0
100,0,RAW_SPREAD,24,FRACTIONAL_RESIDUAL_EXIT,ALL_PAIRS,ALL,219,14,205,0.9360730593607306,31.94248203474924,34.78045540162622,0.9285714285714286,5.415666887769202,18.177764466564945,44.74906469285,61.60194604027176,-10.819553467181219,1.9535429370631796,47.42747702093993,43.64677849291954,170.35714285714286,90.0,252.00000000000006,1005.0,0.004492794574738627,6,7,24.523895539839618,40.839820538420405,41.727021226176745,-9.784539191427498,31.94248203474924,-0.0,7.0
100,20,RAW_SPREAD,24,LEGACY_RAW_EXIT,binance/bitget,NON_GATE_PAIRS,2,2,0,0.0,-4.82135611790389,-4.82135611790389,0.5,-11.745395498180027,-8.668044662501744,-0.9746675733060362,2.1026832623722465,5.3786610482781105,5.3786610482781105,15.32662716590416,15.32662716590416,30.0,30.0,42.0,45.0,0.0011302627860977678,2,0,-12.514733207099598,2.8720209712918177,15.178643882096111,0.0,15.178643882096111,-20.0,2.0
100,20,RAW_SPREAD,24,LEGACY_RAW_EXIT,binance/gate,GATE_PAIRS,28,0,28,1.0,,,,,,,,,,,,,,,,0.0,0,0,,,,,,,0.0
100,20,RAW_SPREAD,24,LEGACY_RAW_EXIT,binance/hyperliquid,NON_GATE_PAIRS,14,13,1,0.07142857142857142,-8.942035562854521,-9.776842131329271,0.07692307692307693,-22.10798011880711,-14.871098199181736,-3.846851679974837,7.366364638338007,-11.956142023651703,-9.76114106806536,19.05638960967626,17.501268581172624,54.23076923076923,30.0,138.00000000000006,180.0,0.013280587736648771,1,0,-13.789010924127634,3.316081840782266,19.431291744837786,-8.373327307692307,11.057964437145479,-20.0,5.0
100,20,RAW_SPREAD,24,LEGACY_RAW_EXIT,binance/okx,NON_GATE_PAIRS,6,6,0,0.0,-17.974105302688347,-23.093415533264412,0.16666666666666666,-34.592730268718675,-27.916659369955788,-5.774772268606176,3.1125289544709123,-20.93704764586535,-15.11913290462241,28.215540202468265,26.313296274332878,67.5,45.0,142.5,195.0,0.007629273806159932,1,0,-21.730338429578932,-10.461639048907172,28.145923603016822,-26.12002890570517,2.025894697311655,-20.0,2.0
100,20,RAW_SPREAD,24,LEGACY_RAW_EXIT,bitget/gate,GATE_PAIRS,81,0,81,1.0,,,,,,,,,,,,,,,,0.0,0,0,,,,,,,0.0
100,20,RAW_SPREAD,24,LEGACY_RAW_EXIT,bitget/hyperliquid,NON_GATE_PAIRS,52,48,4,0.07692307692307693,-7.537585810285916,-9.983396817224955,0.25,-25.14318917558108,-15.920573741782404,-1.951608381493429,13.746251930724124,-3.961296259324191,0.4715090466328453,16.98282708910433,12.099514558294722,85.3125,30.0,208.5000000000002,795.0,0.07714043515117265,13,0,-10.319449294373012,-4.139958063757119,16.33484279388075,-3.8724286041666662,12.462414189714083,-20.0,14.0
100,20,RAW_SPREAD,24,LEGACY_RAW_EXIT,bitget/okx,NON_GATE_PAIRS,18,16,2,0.1111111111111111,-8.849732174644728,-1.9117066480522737,0.5,-68.51372296354552,-14.01966579745421,9.0226454243675,23.507383052149574,-1.6403719787157218,8.077608495407617,21.410101499180207,20.88344083103044,64.6875,15.0,157.5,405.0,0.01949703306018649,3,0,-29.02703094760116,7.5799737283463635,21.24635540440227,-10.096087579047,11.150267825355272,-20.0,6.0
100,20,RAW_SPREAD,24,LEGACY_RAW_EXIT,gate/hyperliquid,GATE_PAIRS,40,1,39,0.975,1.9029505455581308,1.9029505455581308,1.0,1.9029505455581308,1.9029505455581308,1.9029505455581308,1.9029505455581308,22.757213316784156,22.757213316784156,22.757213316784156,22.757213316784156,15.0,15.0,15.0,15.0,0.00028256569652444194,0,0,1.9029505455581308,1.9029505455581308,21.90295054555813,0.0,21.90295054555813,-20.0,1.0
100,20,RAW_SPREAD,24,LEGACY_RAW_EXIT,gate/okx,GATE_PAIRS,32,1,31,0.96875,-17.31423762065141,-17.31423762065141,0.0,-17.31423762065141,-17.31423762065141,-17.31423762065141,-17.31423762065141,7.92075539935988,7.92075539935988,7.92075539935988,7.92075539935988,15.0,15.0,15.0,15.0,0.00028256569652444194,0,0,-17.31423762065141,-17.31423762065141,2.6857623793485885,0.0,2.6857623793485885,-20.0,1.0
100,20,RAW_SPREAD,24,LEGACY_RAW_EXIT,hyperliquid/okx,NON_GATE_PAIRS,2,2,0,0.0,3.5241302694105805,3.5241302694105805,0.5,-1.4033836401267474,0.7866225418898427,6.261637996931318,8.451644178947909,12.851524136404116,12.851524136404116,22.730927373763592,22.730927373763592,22.5,22.5,28.5,30.0,0.0008476970895733258,0,0,-1.950885185630895,8.999145724452056,23.52413026941058,0.0,23.52413026941058,-20.0,2.0
100,20,RAW_SPREAD,24,LEGACY_RAW_EXIT,ALL_GATE_PAIRS,GATE_PAIRS,181,2,179,0.988950276243094,-7.70564353754664,-7.70564353754664,0.5,-16.353378212340935,-12.509940579099027,-2.9013464959942548,0.9420911372476528,15.338984358072018,15.338984358072018,15.338984358072018,15.338984358072018,15.0,15.0,15.0,15.0,0.00014128284826222097,0,0,-17.31423762065141,1.9029505455581308,12.29435646245336,0.0,12.29435646245336,-20.0,2.0
100,20,RAW_SPREAD,24,LEGACY_RAW_EXIT,ALL_NON_GATE_PAIRS,NON_GATE_PAIRS,94,87,7,0.07446808510638298,-8.391785971474311,-9.537988977377214,0.27586206896551724,-30.955982202329487,-15.9003305270721,0.9859746303252557,18.188042729939376,-5.298619930118534,1.4019918568830558,18.975617695216407,15.045010331883324,72.93103448275862,30.0,195.0,795.0,0.019920881604973156,20,49,-12.245311947987188,-3.6276117132675427,18.654046243456527,-7.045832214930839,11.608214028525685,-20.0,14.0
100,20,RAW_SPREAD,24,LEGACY_RAW_EXIT,ALL_PAIRS,ALL,275,89,186,0.6763636363636364,-8.376367040374813,-9.537988977377214,0.2808988764044944,-30.645371599000924,-15.968277555381531,1.6203885139543317,17.854564317917195,-4.83485354161987,2.1769530894499844,18.89389559775249,15.045010331883324,71.62921348314607,30.0,195.0,795.0,0.012009042102288783,20,49,-12.011025539989152,-3.871789374638275,18.51113186635533,-6.887498906730147,11.623632959625185,-20.0,15.0
100,20,RAW_SPREAD,24,BASELINE_RESIDUAL_EXIT,binance/bitget,NON_GATE_PAIRS,2,0,2,1.0,,,,,,,,,,,,,,,,0.0,0,0,,,,,,,0.0
100,20,RAW_SPREAD,24,BASELINE_RESIDUAL_EXIT,binance/gate,GATE_PAIRS,28,0,28,1.0,,,,,,,,,,,,,,,,0.0,0,0,,,,,,,0.0
100,20,RAW_SPREAD,24,BASELINE_RESIDUAL_EXIT,binance/hyperliquid,NON_GATE_PAIRS,9,8,1,0.1111111111111111,-11.495768413351641,-4.758548560278933,0.25,-51.45865131432402,-24.97707974187307,3.4703892413471324,18.925475782184357,-14.14686602901047,-11.600276888687478,22.823617645134213,25.711676684071485,82.5,37.5,198.0,240.0,0.012432890647075446,3,0,-33.64797497663407,11.08089665542449,19.560797211648357,-11.056565625000001,8.504231586648357,-20.0,4.0
100,20,RAW_SPREAD,24,BASELINE_RESIDUAL_EXIT,binance/okx,NON_GATE_PAIRS,5,4,1,0.2,-4.743926950823254,-8.233541039437092,0.5,-24.653084139893465,-21.979366528529372,9.001898538269025,20.050689962306325,-19.890317982713682,1.5378907660523744,35.70665170997772,36.63938449964599,105.0,105.0,181.5,195.0,0.007911839502684374,1,0,-10.461639048907172,0.9737851472606636,35.22399409238875,-19.967921043212,15.256073049176747,-20.0,2.0
100,20,RAW_SPREAD,24,BASELINE_RESIDUAL_EXIT,bitget/gate,GATE_PAIRS,81,0,81,1.0,,,,,,,,,,,,,,,,0.0,0,0,,,,,,,0.0
100,20,RAW_SPREAD,24,BASELINE_RESIDUAL_EXIT,bitget/hyperliquid,NON_GATE_PAIRS,15,7,8,0.5333333333333333,-6.2645530839145085,-15.670779741518446,0.42857142857142855,-26.498058848486146,-20.266597314624782,9.813181347074234,20.514325764868676,-16.166050456986685,-9.116624102023518,44.17425470370257,48.69191710170861,685.7142857142857,570.0,1431.0,1440.0,0.09042102288782142,18,0,-16.46877448718326,8.25288025244665,15.482718201799774,-1.7472712857142862,13.73544691608549,-20.0,4.0
100,20,RAW_SPREAD,24,BASELINE_RESIDUAL_EXIT,bitget/okx,NON_GATE_PAIRS,7,3,4,0.5714285714285714,23.10440019966862,17.06176498602548,1.0,5.65884296706849,10.726808308827152,32.46067448368852,44.77980208181895,-5.560918788702167,1.848051234745185,65.85354762019934,63.333271328909206,800.0,795.0,1215.0,1320.0,0.04521051144391071,4,0,10.726808308827152,47.85958398135156,37.660492061763286,5.443908137905333,43.104400199668625,-20.0,2.0
100,20,RAW_SPREAD,24,BASELINE_RESIDUAL_EXIT,gate/hyperliquid,GATE_PAIRS,40,1,39,0.975,55.08180366685258,55.08180366685258,1.0,55.08180366685258,55.08180366685258,55.08180366685258,55.08180366685258,13.313923789355364,13.313923789355364,74.48737729187638,74.48737729187638,60.0,60.0,60.0,60.0,0.0011302627860977678,0,0,55.08180366685258,55.08180366685258,72.77061266685259,2.311191,75.08180366685258,-20.0,1.0
100,20,RAW_SPREAD,24,BASELINE_RESIDUAL_EXIT,gate/okx,GATE_PAIRS,32,1,31,0.96875,14.76155489836374,14.76155489836374,1.0,14.76155489836374,14.76155489836374,14.76155489836374,14.76155489836374,7.82469257743279,7.82469257743279,34.03368890138925,34.03368890138925,180.0,180.0,180.0,180.0,0.003390788358293303,0,0,14.76155489836374,14.76155489836374,36.11914240550074,-1.357587507136999,34.76155489836374,-20.0,1.0
100,20,RAW_SPREAD,24,BASELINE_RESIDUAL_EXIT,hyperliquid/okx,NON_GATE_PAIRS,2,2,0,0.0,21.69401988080135,21.69401988080135,0.5,0.4136053210123296,9.871567347585227,33.51647241401747,42.974434440590365,12.851524136404116,12.851524136404116,40.87956979543395,40.87956979543395,30.0,30.0,30.0,30.0,0.0011302627860977678,0,0,-1.950885185630895,45.33892494723359,41.69401988080135,0.0,41.69401988080135,-20.0,2.0
100,20,RAW_SPREAD,24,BASELINE_RESIDUAL_EXIT,ALL_GATE_PAIRS,GATE_PAIRS,181,2,179,0.988950276243094,34.92167928260816,34.92167928260816,1.0,16.77756733678818,24.841617090485947,45.001741474730366,53.06579122842813,10.569308183394078,10.569308183394078,54.26053309663281,54.26053309663281,120.0,120.0,168.0,180.0,0.0011302627860977678,0,0,14.76155489836374,55.08180366685258,54.44487753617666,0.47680174643150053,54.92167928260816,-20.0,2.0
100,20,RAW_SPREAD,24,BASELINE_RESIDUAL_EXIT,ALL_NON_GATE_PAIRS,NON_GATE_PAIRS,40,24,16,0.4,-1.7538535973707983,-1.7346902910985822,0.4583333333333333,-44.599586184290054,-18.936109132455236,18.62490185781696,41.960019377895854,-12.369927560630979,-4.332473221006494,38.08146305743202,34.612681091346076,347.5,90.0,1256.9999999999998,1440.0,0.026184421211264953,26,15,-15.43021946390662,11.16043058500968,25.08878739259303,-6.842640989963833,18.246146402629204,-20.0,8.0
100,20,RAW_SPREAD,24,BASELINE_RESIDUAL_EXIT,ALL_PAIRS,ALL,221,26,195,0.8823529411764706,1.06734123955066,-0.5798919213791738,0.5,-42.684678962661636,-18.08947741406995,19.000619263276207,47.229419222822074,-10.605370964936744,-2.354121871634418,39.326006906601314,34.612681091346076,330.0,90.0,1215.0,1440.0,0.01616275784119808,26,16,-14.194428733376595,13.574881062448027,27.346948172868697,-6.279606933318039,21.067341239550657,-20.0,9.0
100,20,RAW_SPREAD,24,FRACTIONAL_RESIDUAL_EXIT,binance/bitget,NON_GATE_PAIRS,2,0,2,1.0,,,,,,,,,,,,,,,,0.0,0,0,,,,,,,0.0
100,20,RAW_SPREAD,24,FRACTIONAL_RESIDUAL_EXIT,binance/gate,GATE_PAIRS,28,0,28,1.0,,,,,,,,,,,,,,,,0.0,0,0,,,,,,,0.0
100,20,RAW_SPREAD,24,FRACTIONAL_RESIDUAL_EXIT,binance/hyperliquid,NON_GATE_PAIRS,7,6,1,0.14285714285714285,10.965396970350374,8.834991284719779,0.5,-2.7571979508271767,-1.8222355334350542,24.578320200003823,26.623271374184938,-19.792356874879786,-11.600276888687478,51.33082472370802,46.09025893102081,265.0,127.5,637.5,1005.0,0.029951963831590846,5,0,3.658247944076755,22.781706122004493,40.64297497035037,-9.677578000000002,30.965396970350373,-20.0,4.0
100,20,RAW_SPREAD,24,FRACTIONAL_RESIDUAL_EXIT,binance/okx,NON_GATE_PAIRS,5,4,1,0.2,-3.2717989287324096,-0.3165866578677292,0.5,-28.23136790019536,-11.854926154637887,8.266540568037748,17.550472863519985,-19.890317982713682,1.5378907660523744,38.298203475250205,41.87208328026715,116.25,120.0,187.5,210.0,0.0087595365922577,1,0,-13.963621445832292,7.4200235883674726,36.69612211447959,-19.967921043212,16.72820107126759,-20.0,2.0
100,20,RAW_SPREAD,24,FRACTIONAL_RESIDUAL_EXIT,bitget/gate,GATE_PAIRS,81,0,81,1.0,,,,,,,,,,,,,,,,0.0,0,0,,,,,,,0.0
100,20,RAW_SPREAD,24,FRACTIONAL_RESIDUAL_EXIT,bitget/hyperliquid,NON_GATE_PAIRS,15,0,15,1.0,,,,,,,,,,,,,,,,0.0,0,0,,,,,,,0.0
100,20,RAW_SPREAD,24,FRACTIONAL_RESIDUAL_EXIT,bitget/okx,NON_GATE_PAIRS,7,0,7,1.0,,,,,,,,,,,,,,,,0.0,0,0,,,,,,,0.0
100,20,RAW_SPREAD,24,FRACTIONAL_RESIDUAL_EXIT,gate/hyperliquid,GATE_PAIRS,40,1,39,0.975,39.58972662883078,39.58972662883078,1.0,39.58972662883078,39.58972662883078,39.58972662883078,39.58972662883078,13.313923789355364,13.313923789355364,74.48737729187638,74.48737729187638,75.0,75.0,75.0,75.0,0.0014128284826222096,0,0,39.58972662883078,39.58972662883078,57.27853562883078,2.311191,59.58972662883078,-20.0,1.0
100,20,RAW_SPREAD,24,FRACTIONAL_RESIDUAL_EXIT,gate/okx,GATE_PAIRS,32,1,31,0.96875,14.76155489836374,14.76155489836374,1.0,14.76155489836374,14.76155489836374,14.76155489836374,14.76155489836374,7.82469257743279,7.82469257743279,34.03368890138925,34.03368890138925,180.0,180.0,180.0,180.0,0.003390788358293303,0,0,14.76155489836374,14.76155489836374,36.11914240550074,-1.357587507136999,34.76155489836374,-20.0,1.0
100,20,RAW_SPREAD,24,FRACTIONAL_RESIDUAL_EXIT,hyperliquid/okx,NON_GATE_PAIRS,2,2,0,0.0,30.069140426061146,30.069140426061146,1.0,16.326334357005944,22.434248165474923,37.704032686647366,43.811946495116345,12.851524136404116,12.851524136404116,47.14292492832229,47.14292492832229,37.5,37.5,43.5,45.0,0.0014128284826222096,0,0,14.7993559048887,45.33892494723359,50.069140426061146,0.0,50.069140426061146,-20.0,2.0
100,20,RAW_SPREAD,24,FRACTIONAL_RESIDUAL_EXIT,ALL_GATE_PAIRS,GATE_PAIRS,181,2,179,0.988950276243094,27.17564076359726,27.17564076359726,1.0,16.00296348488709,20.9685978309805,33.38268369621402,38.348318042307426,10.569308183394078,10.569308183394078,54.26053309663281,54.26053309663281,127.5,127.5,169.5,180.0,0.0012009042102288782,0,0,14.76155489836374,39.58972662883078,46.69883901716576,0.47680174643150053,47.17564076359726,-20.0,2.0
100,20,RAW_SPREAD,24,FRACTIONAL_RESIDUAL_EXIT,ALL_NON_GATE_PAIRS,NON_GATE_PAIRS,38,12,26,0.6842105263157895,9.40362224660791,9.598795674904423,0.5833333333333334,-17.31374006982371,-2.201387480758825,21.4973255225437,35.09084394969015,-14.384363742277102,-3.0294899625882277,46.28863434165779,43.64677849291954,177.5,75.0,264.0,1005.0,0.0066873881510784595,6,7,1.562011241798529,15.630440675831803,40.89838492767857,-11.494762681070668,29.40362224660791,-20.0,5.0
100,20,RAW_SPREAD,24,FRACTIONAL_RESIDUAL_EXIT,ALL_PAIRS,ALL,219,14,205,0.9360730593607306,11.942482034749245,14.78045540162622,0.6428571428571429,-14.584333112230798,-1.8222355334350542,24.749064692850006,41.60194604027176,-10.819553467181219,1.9535429370631796,47.42747702093993,43.64677849291954,170.35714285714286,90.0,252.00000000000006,1005.0,0.004492794574738627,6,7,4.7337547732636756,20.62357735389354,41.727021226176745,-9.784539191427498,31.94248203474924,-20.0,7.0
100,40,RAW_SPREAD,24,LEGACY_RAW_EXIT,binance/bitget,NON_GATE_PAIRS,2,2,0,0.0,-24.821356117903893,-24.821356117903893,0.0,-31.74539549818003,-28.66804466250175,-20.974667573306036,-17.897316737627754,5.3786610482781105,5.3786610482781105,15.32662716590416,15.32662716590416,30.0,30.0,42.0,45.0,0.0011302627860977678,2,0,-32.5147332070996,-17.127979028708182,15.178643882096111,0.0,15.178643882096111,-40.0,2.0
100,40,RAW_SPREAD,24,LEGACY_RAW_EXIT,binance/gate,GATE_PAIRS,28,0,28,1.0,,,,,,,,,,,,,,,,0.0,0,0,,,,,,,0.0
100,40,RAW_SPREAD,24,LEGACY_RAW_EXIT,binance/hyperliquid,NON_GATE_PAIRS,14,13,1,0.07142857142857142,-28.942035562854528,-29.77684213132927,0.0,-42.10798011880711,-34.87109819918174,-23.84685167997484,-12.633635361661991,-11.956142023651703,-9.76114106806536,19.05638960967626,17.501268581172624,54.23076923076923,30.0,138.00000000000006,180.0,0.013280587736648771,1,0,-33.78901092412764,-17.311749798041692,19.431291744837786,-8.373327307692307,11.057964437145479,-40.0,5.0
100,40,RAW_SPREAD,24,LEGACY_RAW_EXIT,binance/okx,NON_GATE_PAIRS,6,6,0,0.0,-37.97410530268835,-43.093415533264405,0.0,-54.59273026871868,-47.916659369955795,-25.774772268606178,-16.887471045529086,-20.93704764586535,-15.11913290462241,28.215540202468265,26.313296274332878,67.5,45.0,142.5,195.0,0.007629273806159932,1,0,-41.730338429578936,-30.46163904890717,28.145923603016822,-26.12002890570517,2.025894697311655,-40.0,2.0
100,40,RAW_SPREAD,24,LEGACY_RAW_EXIT,bitget/gate,GATE_PAIRS,81,0,81,1.0,,,,,,,,,,,,,,,,0.0,0,0,,,,,,,0.0
100,40,RAW_SPREAD,24,LEGACY_RAW_EXIT,bitget/hyperliquid,NON_GATE_PAIRS,52,48,4,0.07692307692307693,-27.537585810285915,-29.98339681722495,0.041666666666666664,-45.143189175581085,-35.920573741782405,-21.95160838149343,-6.2537480692758765,-3.961296259324191,0.4715090466328453,16.98282708910433,12.099514558294722,85.3125,30.0,208.5000000000002,795.0,0.07714043515117265,13,0,-30.42364245984453,-23.92503015001742,16.33484279388075,-3.8724286041666662,12.462414189714083,-40.0,14.0
100,40,RAW_SPREAD,24,LEGACY_RAW_EXIT,bitget/okx,NON_GATE_PAIRS,18,16,2,0.1111111111111111,-28.84973217464473,-21.91170664805227,0.125,-88.51372296354552,-34.01966579745421,-10.9773545756325,3.5073830521495766,-1.6403719787157218,8.077608495407617,21.410101499180207,20.88344083103044,64.6875,15.0,157.5,405.0,0.01949703306018649,3,0,-49.02703094760116,-12.963176844701811,21.24635540440227,-10.096087579047,11.150267825355272,-40.0,6.0
100,40,RAW_SPREAD,24,LEGACY_RAW_EXIT,gate/hyperliquid,GATE_PAIRS,40,1,39,0.975,-18.09704945444187,-18.09704945444187,0.0,-18.09704945444187,-18.09704945444187,-18.09704945444187,-18.09704945444187,22.757213316784156,22.757213316784156,22.757213316784156,22.757213316784156,15.0,15.0,15.0,15.0,0.00028256569652444194,0,0,-18.09704945444187,-18.09704945444187,21.90295054555813,0.0,21.90295054555813,-40.0,1.0
100,40,RAW_SPREAD,24,LEGACY_RAW_EXIT,gate/okx,GATE_PAIRS,32,1,31,0.96875,-37.31423762065141,-37.31423762065141,0.0,-37.31423762065141,-37.31423762065141,-37.31423762065141,-37.31423762065141,7.92075539935988,7.92075539935988,7.92075539935988,7.92075539935988,15.0,15.0,15.0,15.0,0.00028256569652444194,0,0,-37.31423762065141,-37.31423762065141,2.6857623793485885,0.0,2.6857623793485885,-40.0,1.0
100,40,RAW_SPREAD,24,LEGACY_RAW_EXIT,hyperliquid/okx,NON_GATE_PAIRS,2,2,0,0.0,-16.475869730589416,-16.475869730589416,0.0,-21.403383640126744,-19.213377458110156,-13.73836200306868,-11.548355821052091,12.851524136404116,12.851524136404116,22.730927373763592,22.730927373763592,22.5,22.5,28.5,30.0,0.0008476970895733258,0,0,-21.95088518563089,-11.000854275547944,23.52413026941058,0.0,23.52413026941058,-40.0,2.0
100,40,RAW_SPREAD,24,LEGACY_RAW_EXIT,ALL_GATE_PAIRS,GATE_PAIRS,181,2,179,0.988950276243094,-27.705643537546642,-27.705643537546642,0.0,-36.353378212340935,-32.50994057909902,-22.901346495994254,-19.05790886275235,15.338984358072018,15.338984358072018,15.338984358072018,15.338984358072018,15.0,15.0,15.0,15.0,0.00014128284826222097,0,0,-37.31423762065141,-18.09704945444187,12.29435646245336,0.0,12.29435646245336,-40.0,2.0
100,40,RAW_SPREAD,24,LEGACY_RAW_EXIT,ALL_NON_GATE_PAIRS,NON_GATE_PAIRS,94,87,7,0.07446808510638298,-28.391785971474313,-29.53798897737721,0.04597701149425287,-50.955982202329494,-35.9003305270721,-19.014025369674744,-1.811957270060624,-5.298619930118534,1.4019918568830558,18.975617695216407,15.045010331883324,72.93103448275862,30.0,195.0,795.0,0.019920881604973156,20,49,-32.23338963516957,-23.57671320793589,18.654046243456527,-7.045832214930839,11.608214028525685,-40.0,14.0
100,40,RAW_SPREAD,24,LEGACY_RAW_EXIT,ALL_PAIRS,ALL,275,89,186,0.6763636363636364,-28.37636704037481,-29.53798897737721,0.0449438202247191,-50.64537159900093,-35.96827755538153,-18.37961148604567,-2.1454356820828058,-4.83485354161987,2.1769530894499844,18.89389559775249,15.045010331883324,71.62921348314607,30.0,195.0,795.0,0.012009042102288783,20,49,-32.29090227768066,-23.681598973982616,18.51113186635533,-6.887498906730147,11.623632959625185,-40.0,15.0
100,40,RAW_SPREAD,24,BASELINE_RESIDUAL_EXIT,binance/bitget,NON_GATE_PAIRS,2,0,2,1.0,,,,,,,,,,,,,,,,0.0,0,0,,,,,,,0.0
100,40,RAW_SPREAD,24,BASELINE_RESIDUAL_EXIT,binance/gate,GATE_PAIRS,28,0,28,1.0,,,,,,,,,,,,,,,,0.0,0,0,,,,,,,0.0
100,40,RAW_SPREAD,24,BASELINE_RESIDUAL_EXIT,binance/hyperliquid,NON_GATE_PAIRS,9,8,1,0.1111111111111111,-31.49576841335164,-24.758548560278932,0.0,-71.45865131432403,-44.97707974187307,-16.52961075865287,-1.0745242178156444,-14.14686602901047,-11.600276888687478,22.823617645134213,25.711676684071485,82.5,37.5,198.0,240.0,0.012432890647075446,3,0,-53.64797497663407,-8.919103344575507,19.560797211648357,-11.056565625000001,8.504231586648357,-40.0,4.0
100,40,RAW_SPREAD,24,BASELINE_RESIDUAL_EXIT,binance/okx,NON_GATE_PAIRS,5,4,1,0.2,-24.74392695082325,-28.233541039437092,0.25,-44.653084139893465,-41.97936652852937,-10.998101461730974,0.0506899623063255,-19.890317982713682,1.5378907660523744,35.70665170997772,36.63938449964599,105.0,105.0,181.5,195.0,0.007911839502684374,1,0,-30.46163904890717,-19.026214852739336,35.22399409238875,-19.967921043212,15.256073049176747,-40.0,2.0
100,40,RAW_SPREAD,24,BASELINE_RESIDUAL_EXIT,bitget/gate,GATE_PAIRS,81,0,81,1.0,,,,,,,,,,,,,,,,0.0,0,0,,,,,,,0.0
100,40,RAW_SPREAD,24,BASELINE_RESIDUAL_EXIT,bitget/hyperliquid,NON_GATE_PAIRS,15,7,8,0.5333333333333333,-26.264553083914507,-35.670779741518444,0.14285714285714285,-46.498058848486146,-40.266597314624775,-10.186818652925766,0.5143257648686751,-16.166050456986685,-9.116624102023518,44.17425470370257,48.69191710170861,685.7142857142857,570.0,1431.0,1440.0,0.09042102288782142,18,0,-36.46877448718325,-11.747119747553352,15.482718201799774,-1.7472712857142862,13.73544691608549,-40.0,4.0
100,40,RAW_SPREAD,24,BASELINE_RESIDUAL_EXIT,bitget/okx,NON_GATE_PAIRS,7,3,4,0.5714285714285714,3.1044001996686212,-2.93823501397452,0.3333333333333333,-14.341157032931509,-9.273191691172848,12.46067448368852,24.77980208181895,-5.560918788702167,1.848051234745185,65.85354762019934,63.333271328909206,800.0,795.0,1215.0,1320.0,0.04521051144391071,4,0,-9.273191691172848,27.85958398135156,37.660492061763286,5.443908137905333,43.104400199668625,-40.0,2.0
100,40,RAW_SPREAD,24,BASELINE_RESIDUAL_EXIT,gate/hyperliquid,GATE_PAIRS,40,1,39,0.975,35.08180366685258,35.08180366685258,1.0,35.08180366685258,35.08180366685258,35.08180366685258,35.08180366685258,13.313923789355364,13.313923789355364,74.48737729187638,74.48737729187638,60.0,60.0,60.0,60.0,0.0011302627860977678,0,0,35.08180366685258,35.08180366685258,72.77061266685259,2.311191,75.08180366685258,-40.0,1.0
100,40,RAW_SPREAD,24,BASELINE_RESIDUAL_EXIT,gate/okx,GATE_PAIRS,32,1,31,0.96875,-5.238445101636259,-5.238445101636259,0.0,-5.238445101636259,-5.238445101636259,-5.238445101636259,-5.238445101636259,7.82469257743279,7.82469257743279,34.03368890138925,34.03368890138925,180.0,180.0,180.0,180.0,0.003390788358293303,0,0,-5.238445101636259,-5.238445101636259,36.11914240550074,-1.357587507136999,34.76155489836374,-40.0,1.0
100,40,RAW_SPREAD,24,BASELINE_RESIDUAL_EXIT,hyperliquid/okx,NON_GATE_PAIRS,2,2,0,0.0,1.6940198808013527,1.6940198808013527,0.5,-19.586394678987666,-10.12843265241477,13.516472414017475,22.97443444059037,12.851524136404116,12.851524136404116,40.87956979543395,40.87956979543395,30.0,30.0,30.0,30.0,0.0011302627860977678,0,0,-21.95088518563089,25.338924947233597,41.69401988080135,0.0,41.69401988080135,-40.0,2.0
100,40,RAW_SPREAD,24,BASELINE_RESIDUAL_EXIT,ALL_GATE_PAIRS,GATE_PAIRS,181,2,179,0.988950276243094,14.92167928260816,14.92167928260816,0.5,-3.222432663211817,4.841617090485951,25.00174147473037,33.06579122842813,10.569308183394078,10.569308183394078,54.26053309663281,54.26053309663281,120.0,120.0,168.0,180.0,0.0011302627860977678,0,0,-5.238445101636259,35.08180366685258,54.44487753617666,0.47680174643150053,54.92167928260816,-40.0,2.0
100,40,RAW_SPREAD,24,BASELINE_RESIDUAL_EXIT,ALL_NON_GATE_PAIRS,NON_GATE_PAIRS,40,24,16,0.4,-21.753853597370796,-21.73469029109858,0.16666666666666666,-64.59958618429005,-38.936109132455236,-1.37509814218304,21.960019377895858,-12.369927560630979,-4.332473221006494,38.08146305743202,34.612681091346076,347.5,90.0,1256.9999999999998,1440.0,0.026184421211264953,26,15,-36.0242826623312,-8.822180872701217,25.08878739259303,-6.842640989963833,18.246146402629204,-40.0,8.0
100,40,RAW_SPREAD,24,BASELINE_RESIDUAL_EXIT,ALL_PAIRS,ALL,221,26,195,0.8823529411764706,-18.932658760449343,-20.579891921379172,0.19230769230769232,-62.684678962661636,-38.089477414069954,-0.9993807367237952,27.229419222822067,-10.605370964936744,-2.354121871634418,39.326006906601314,34.612681091346076,330.0,90.0,1215.0,1440.0,0.01616275784119808,26,16,-33.53829807087177,-5.991862561632211,27.346948172868697,-6.279606933318039,21.067341239550657,-40.0,9.0
100,40,RAW_SPREAD,24,FRACTIONAL_RESIDUAL_EXIT,binance/bitget,NON_GATE_PAIRS,2,0,2,1.0,,,,,,,,,,,,,,,,0.0,0,0,,,,,,,0.0
100,40,RAW_SPREAD,24,FRACTIONAL_RESIDUAL_EXIT,binance/gate,GATE_PAIRS,28,0,28,1.0,,,,,,,,,,,,,,,,0.0,0,0,,,,,,,0.0
100,40,RAW_SPREAD,24,FRACTIONAL_RESIDUAL_EXIT,binance/hyperliquid,NON_GATE_PAIRS,7,6,1,0.14285714285714285,-9.034603029649626,-11.165008715280221,0.3333333333333333,-22.757197950827177,-21.822235533435055,4.578320200003821,6.623271374184942,-19.792356874879786,-11.600276888687478,51.33082472370802,46.09025893102081,265.0,127.5,637.5,1005.0,0.029951963831590846,5,0,-14.942757605476682,2.78170612200449,40.64297497035037,-9.677578000000002,30.965396970350373,-40.0,4.0
100,40,RAW_SPREAD,24,FRACTIONAL_RESIDUAL_EXIT,binance/okx,NON_GATE_PAIRS,5,4,1,0.2,-23.27179892873241,-20.316586657867727,0.0,-48.23136790019536,-31.854926154637887,-11.73345943196225,-2.4495271364800155,-19.890317982713682,1.5378907660523744,38.298203475250205,41.87208328026715,116.25,120.0,187.5,210.0,0.0087595365922577,1,0,-33.96362144583229,-12.579976411632527,36.69612211447959,-19.967921043212,16.72820107126759,-40.0,2.0
100,40,RAW_SPREAD,24,FRACTIONAL_RESIDUAL_EXIT,bitget/gate,GATE_PAIRS,81,0,81,1.0,,,,,,,,,,,,,,,,0.0,0,0,,,,,,,0.0
100,40,RAW_SPREAD,24,FRACTIONAL_RESIDUAL_EXIT,bitget/hyperliquid,NON_GATE_PAIRS,15,0,15,1.0,,,,,,,,,,,,,,,,0.0,0,0,,,,,,,0.0
100,40,RAW_SPREAD,24,FRACTIONAL_RESIDUAL_EXIT,bitget/okx,NON_GATE_PAIRS,7,0,7,1.0,,,,,,,,,,,,,,,,0.0,0,0,,,,,,,0.0
100,40,RAW_SPREAD,24,FRACTIONAL_RESIDUAL_EXIT,gate/hyperliquid,GATE_PAIRS,40,1,39,0.975,19.589726628830785,19.589726628830785,1.0,19.589726628830785,19.589726628830785,19.589726628830785,19.589726628830785,13.313923789355364,13.313923789355364,74.48737729187638,74.48737729187638,75.0,75.0,75.0,75.0,0.0014128284826222096,0,0,19.589726628830785,19.589726628830785,57.27853562883078,2.311191,59.58972662883078,-40.0,1.0
100,40,RAW_SPREAD,24,FRACTIONAL_RESIDUAL_EXIT,gate/okx,GATE_PAIRS,32,1,31,0.96875,-5.238445101636259,-5.238445101636259,0.0,-5.238445101636259,-5.238445101636259,-5.238445101636259,-5.238445101636259,7.82469257743279,7.82469257743279,34.03368890138925,34.03368890138925,180.0,180.0,180.0,180.0,0.003390788358293303,0,0,-5.238445101636259,-5.238445101636259,36.11914240550074,-1.357587507136999,34.76155489836374,-40.0,1.0
100,40,RAW_SPREAD,24,FRACTIONAL_RESIDUAL_EXIT,hyperliquid/okx,NON_GATE_PAIRS,2,2,0,0.0,10.069140426061148,10.069140426061148,0.5,-3.673665642994056,2.4342481654749237,17.704032686647373,23.811946495116352,12.851524136404116,12.851524136404116,47.14292492832229,47.14292492832229,37.5,37.5,43.5,45.0,0.0014128284826222096,0,0,-5.200644095111301,25.338924947233597,50.069140426061146,0.0,50.069140426061146,-40.0,2.0
100,40,RAW_SPREAD,24,FRACTIONAL_RESIDUAL_EXIT,ALL_GATE_PAIRS,GATE_PAIRS,181,2,179,0.988950276243094,7.175640763597263,7.175640763597263,0.5,-3.9970365151129066,0.9685978309805021,13.382683696214023,18.348318042307433,10.569308183394078,10.569308183394078,54.26053309663281,54.26053309663281,127.5,127.5,169.5,180.0,0.0012009042102288782,0,0,-5.238445101636259,19.589726628830785,46.69883901716576,0.47680174643150053,47.17564076359726,-40.0,2.0
100,40,RAW_SPREAD,24,FRACTIONAL_RESIDUAL_EXIT,ALL_NON_GATE_PAIRS,NON_GATE_PAIRS,38,12,26,0.6842105263157895,-10.59637775339209,-10.401204325095577,0.25,-37.31374006982371,-22.201387480758825,1.4973255225437008,15.090843949690152,-14.384363742277102,-3.0294899625882277,46.28863434165779,43.64677849291954,177.5,75.0,264.0,1005.0,0.0066873881510784595,6,7,-18.557013960303724,-4.369559324168196,40.89838492767857,-11.494762681070668,29.40362224660791,-40.0,5.0
100,40,RAW_SPREAD,24,FRACTIONAL_RESIDUAL_EXIT,ALL_PAIRS,ALL,219,14,205,0.9360730593607306,-8.057517965250755,-5.21954459837378,0.2857142857142857,-34.584333112230794,-21.822235533435055,4.749064692850002,21.601946040271766,-10.819553467181219,1.9535429370631796,47.42747702093993,43.64677849291954,170.35714285714286,90.0,252.00000000000006,1005.0,0.004492794574738627,6,7,-14.9795763323401,-0.10698473596656635,41.727021226176745,-9.784539191427498,31.94248203474924,-40.0,7.0
100,58,RAW_SPREAD,24,LEGACY_RAW_EXIT,binance/bitget,NON_GATE_PAIRS,2,2,0,0.0,-42.82135611790389,-42.82135611790389,0.0,-49.74539549818003,-46.66804466250175,-38.974667573306036,-35.897316737627754,5.3786610482781105,5.3786610482781105,15.32662716590416,15.32662716590416,30.0,30.0,42.0,45.0,0.0011302627860977678,2,0,-50.5147332070996,-35.12797902870818,15.178643882096111,0.0,15.178643882096111,-58.0,2.0
100,58,RAW_SPREAD,24,LEGACY_RAW_EXIT,binance/gate,GATE_PAIRS,28,0,28,1.0,,,,,,,,,,,,,,,,0.0,0,0,,,,,,,0.0
100,58,RAW_SPREAD,24,LEGACY_RAW_EXIT,binance/hyperliquid,NON_GATE_PAIRS,14,13,1,0.07142857142857142,-46.942035562854514,-47.77684213132928,0.0,-60.10798011880711,-52.87109819918174,-41.84685167997483,-30.633635361661998,-11.956142023651703,-9.76114106806536,19.05638960967626,17.501268581172624,54.23076923076923,30.0,138.00000000000006,180.0,0.013280587736648771,1,0,-51.789010924127645,-34.68391815921775,19.431291744837786,-8.373327307692307,11.057964437145479,-58.0,5.0
100,58,RAW_SPREAD,24,LEGACY_RAW_EXIT,binance/okx,NON_GATE_PAIRS,6,6,0,0.0,-55.97410530268834,-61.093415533264405,0.0,-72.59273026871868,-65.9166593699558,-43.77477226860618,-34.88747104552909,-20.93704764586535,-15.11913290462241,28.215540202468265,26.313296274332878,67.5,45.0,142.5,195.0,0.007629273806159932,1,0,-59.730338429578936,-48.46163904890717,28.145923603016822,-26.12002890570517,2.025894697311655,-58.0,2.0
100,58,RAW_SPREAD,24,LEGACY_RAW_EXIT,bitget/gate,GATE_PAIRS,81,0,81,1.0,,,,,,,,,,,,,,,,0.0,0,0,,,,,,,0.0
100,58,RAW_SPREAD,24,LEGACY_RAW_EXIT,bitget/hyperliquid,NON_GATE_PAIRS,52,48,4,0.07692307692307693,-45.53758581028592,-47.98339681722496,0.020833333333333332,-63.143189175581085,-53.920573741782405,-39.95160838149343,-24.253748069275876,-3.961296259324191,0.4715090466328453,16.98282708910433,12.099514558294722,85.3125,30.0,208.5000000000002,795.0,0.07714043515117265,13,0,-48.315750383994626,-41.761217834456204,16.33484279388075,-3.8724286041666662,12.462414189714083,-58.0,14.0
100,58,RAW_SPREAD,24,LEGACY_RAW_EXIT,bitget/okx,NON_GATE_PAIRS,18,16,2,0.1111111111111111,-46.84973217464473,-39.911706648052274,0.0,-106.51372296354552,-52.01966579745421,-28.9773545756325,-14.492616947850424,-1.6403719787157218,8.077608495407617,21.410101499180207,20.88344083103044,64.6875,15.0,157.5,405.0,0.01949703306018649,3,0,-66.90733625035247,-29.57774947683886,21.24635540440227,-10.096087579047,11.150267825355272,-58.0,6.0
100,58,RAW_SPREAD,24,LEGACY_RAW_EXIT,gate/hyperliquid,GATE_PAIRS,40,1,39,0.975,-36.09704945444187,-36.09704945444187,0.0,-36.09704945444187,-36.09704945444187,-36.09704945444187,-36.09704945444187,22.757213316784156,22.757213316784156,22.757213316784156,22.757213316784156,15.0,15.0,15.0,15.0,0.00028256569652444194,0,0,-36.09704945444187,-36.09704945444187,21.90295054555813,0.0,21.90295054555813,-58.0,1.0
100,58,RAW_SPREAD,24,LEGACY_RAW_EXIT,gate/okx,GATE_PAIRS,32,1,31,0.96875,-55.31423762065141,-55.31423762065141,0.0,-55.31423762065141,-55.31423762065141,-55.31423762065141,-55.31423762065141,7.92075539935988,7.92075539935988,7.92075539935988,7.92075539935988,15.0,15.0,15.0,15.0,0.00028256569652444194,0,0,-55.31423762065141,-55.31423762065141,2.6857623793485885,0.0,2.6857623793485885,-58.0,1.0
100,58,RAW_SPREAD,24,LEGACY_RAW_EXIT,hyperliquid/okx,NON_GATE_PAIRS,2,2,0,0.0,-34.47586973058942,-34.47586973058942,0.0,-39.40338364012675,-37.21337745811016,-31.73836200306868,-29.54835582105209,12.851524136404116,12.851524136404116,22.730927373763592,22.730927373763592,22.5,22.5,28.5,30.0,0.0008476970895733258,0,0,-39.950885185630895,-29.000854275547944,23.52413026941058,0.0,23.52413026941058,-58.0,2.0
100,58,RAW_SPREAD,24,LEGACY_RAW_EXIT,ALL_GATE_PAIRS,GATE_PAIRS,181,2,179,0.988950276243094,-45.70564353754664,-45.70564353754664,0.0,-54.353378212340935,-50.50994057909902,-40.90134649599426,-37.05790886275235,15.338984358072018,15.338984358072018,15.338984358072018,15.338984358072018,15.0,15.0,15.0,15.0,0.00014128284826222097,0,0,-55.31423762065141,-36.09704945444187,12.29435646245336,0.0,12.29435646245336,-58.0,2.0
100,58,RAW_SPREAD,24,LEGACY_RAW_EXIT,ALL_NON_GATE_PAIRS,NON_GATE_PAIRS,94,87,7,0.07446808510638298,-46.391785971474306,-47.53798897737721,0.011494252873563218,-68.9559822023295,-53.9003305270721,-37.01402536967474,-19.811957270060624,-5.298619930118534,1.4019918568830558,18.975617695216407,15.045010331883324,72.93103448275862,30.0,195.0,795.0,0.019920881604973156,20,49,-50.29128700000345,-41.86577413579638,18.654046243456527,-7.045832214930839,11.608214028525685,-58.0,14.0
100,58,RAW_SPREAD,24,LEGACY_RAW_EXIT,ALL_PAIRS,ALL,275,89,186,0.6763636363636364,-46.37636704037481,-47.53798897737721,0.011235955056179775,-68.64537159900092,-53.96827755538153,-36.37961148604567,-20.145435682082805,-4.83485354161987,2.1769530894499844,18.89389559775249,15.045010331883324,71.62921348314607,30.0,195.0,795.0,0.012009042102288783,20,49,-49.893083660392854,-41.8686321707234,18.51113186635533,-6.887498906730147,11.623632959625185,-58.0,15.0
100,58,RAW_SPREAD,24,BASELINE_RESIDUAL_EXIT,binance/bitget,NON_GATE_PAIRS,2,0,2,1.0,,,,,,,,,,,,,,,,0.0,0,0,,,,,,,0.0
100,58,RAW_SPREAD,24,BASELINE_RESIDUAL_EXIT,binance/gate,GATE_PAIRS,28,0,28,1.0,,,,,,,,,,,,,,,,0.0,0,0,,,,,,,0.0
100,58,RAW_SPREAD,24,BASELINE_RESIDUAL_EXIT,binance/hyperliquid,NON_GATE_PAIRS,9,8,1,0.1111111111111111,-49.49576841335164,-42.75854856027894,0.0,-89.45865131432403,-62.97707974187307,-34.529610758652865,-19.074524217815643,-14.14686602901047,-11.600276888687478,22.823617645134213,25.711676684071485,82.5,37.5,198.0,240.0,0.012432890647075446,3,0,-71.69974241004044,-26.919103344575507,19.560797211648357,-11.056565625000001,8.504231586648357,-58.0,4.0
100,58,RAW_SPREAD,24,BASELINE_RESIDUAL_EXIT,binance/okx,NON_GATE_PAIRS,5,4,1,0.2,-42.74392695082325,-46.23354103943709,0.0,-62.653084139893465,-59.97936652852937,-28.998101461730975,-17.94931003769367,-19.890317982713682,1.5378907660523744,35.70665170997772,36.63938449964599,105.0,105.0,181.5,195.0,0.007911839502684374,1,0,-48.46163904890717,-37.026214852739336,35.22399409238875,-19.967921043212,15.256073049176747,-58.0,2.0
100,58,RAW_SPREAD,24,BASELINE_RESIDUAL_EXIT,bitget/gate,GATE_PAIRS,81,0,81,1.0,,,,,,,,,,,,,,,,0.0,0,0,,,,,,,0.0
100,58,RAW_SPREAD,24,BASELINE_RESIDUAL_EXIT,bitget/hyperliquid,NON_GATE_PAIRS,15,7,8,0.5333333333333333,-44.264553083914514,-53.67077974151845,0.0,-64.49805884848615,-58.266597314624775,-28.186818652925766,-17.485674235131324,-16.166050456986685,-9.116624102023518,44.17425470370257,48.69191710170861,685.7142857142857,570.0,1431.0,1440.0,0.09042102288782142,18,0,-54.46877448718327,-29.632839473161297,15.482718201799774,-1.7472712857142862,13.73544691608549,-58.0,4.0
100,58,RAW_SPREAD,24,BASELINE_RESIDUAL_EXIT,bitget/okx,NON_GATE_PAIRS,7,3,4,0.5714285714285714,-14.895599800331377,-20.93823501397452,0.3333333333333333,-32.34115703293151,-27.273191691172848,-5.539325516311479,6.779802081818952,-5.560918788702167,1.848051234745185,65.85354762019934,63.333271328909206,800.0,795.0,1215.0,1320.0,0.04521051144391071,4,0,-27.273191691172848,9.859583981351562,37.660492061763286,5.443908137905333,43.104400199668625,-58.0,2.0
100,58,RAW_SPREAD,24,BASELINE_RESIDUAL_EXIT,gate/hyperliquid,GATE_PAIRS,40,1,39,0.975,17.08180366685258,17.08180366685258,1.0,17.08180366685258,17.08180366685258,17.08180366685258,17.08180366685258,13.313923789355364,13.313923789355364,74.48737729187638,74.48737729187638,60.0,60.0,60.0,60.0,0.0011302627860977678,0,0,17.08180366685258,17.08180366685258,72.77061266685259,2.311191,75.08180366685258,-58.0,1.0
100,58,RAW_SPREAD,24,BASELINE_RESIDUAL_EXIT,gate/okx,GATE_PAIRS,32,1,31,0.96875,-23.23844510163626,-23.23844510163626,0.0,-23.23844510163626,-23.23844510163626,-23.23844510163626,-23.23844510163626,7.82469257743279,7.82469257743279,34.03368890138925,34.03368890138925,180.0,180.0,180.0,180.0,0.003390788358293303,0,0,-23.23844510163626,-23.23844510163626,36.11914240550074,-1.357587507136999,34.76155489836374,-58.0,1.0
100,58,RAW_SPREAD,24,BASELINE_RESIDUAL_EXIT,hyperliquid/okx,NON_GATE_PAIRS,2,2,0,0.0,-16.30598011919865,-16.30598011919865,0.5,-37.58639467898767,-28.128432652414773,-4.483527585982529,4.974434440590366,12.851524136404116,12.851524136404116,40.87956979543395,40.87956979543395,30.0,30.0,30.0,30.0,0.0011302627860977678,0,0,-39.950885185630895,7.338924947233593,41.69401988080135,0.0,41.69401988080135,-58.0,2.0
100,58,RAW_SPREAD,24,BASELINE_RESIDUAL_EXIT,ALL_GATE_PAIRS,GATE_PAIRS,181,2,179,0.988950276243094,-3.07832071739184,-3.07832071739184,0.5,-21.222432663211816,-13.15838290951405,7.00174147473037,15.065791228428136,10.569308183394078,10.569308183394078,54.26053309663281,54.26053309663281,120.0,120.0,168.0,180.0,0.0011302627860977678,0,0,-23.23844510163626,17.08180366685258,54.44487753617666,0.47680174643150053,54.92167928260816,-58.0,2.0
100,58,RAW_SPREAD,24,BASELINE_RESIDUAL_EXIT,ALL_NON_GATE_PAIRS,NON_GATE_PAIRS,40,24,16,0.4,-39.7538535973708,-39.73469029109858,0.08333333333333333,-82.59958618429005,-56.936109132455236,-19.37509814218304,3.960019377895855,-12.369927560630979,-4.332473221006494,38.08146305743202,34.612681091346076,347.5,90.0,1256.9999999999998,1440.0,0.026184421211264953,26,15,-54.12359858200399,-26.920297961928895,25.08878739259303,-6.842640989963833,18.246146402629204,-58.0,8.0
100,58,RAW_SPREAD,24,BASELINE_RESIDUAL_EXIT,ALL_PAIRS,ALL,221,26,195,0.8823529411764706,-36.93265876044934,-38.57989192137917,0.11538461538461539,-80.68467896266164,-56.089477414069954,-18.999380736723793,9.22941922282207,-10.605370964936744,-2.354121871634418,39.326006906601314,34.612681091346076,330.0,90.0,1215.0,1440.0,0.01616275784119808,26,16,-51.31221509524255,-23.621632865604745,27.346948172868697,-6.279606933318039,21.067341239550657,-58.0,9.0
100,58,RAW_SPREAD,24,FRACTIONAL_RESIDUAL_EXIT,binance/bitget,NON_GATE_PAIRS,2,0,2,1.0,,,,,,,,,,,,,,,,0.0,0,0,,,,,,,0.0
100,58,RAW_SPREAD,24,FRACTIONAL_RESIDUAL_EXIT,binance/gate,GATE_PAIRS,28,0,28,1.0,,,,,,,,,,,,,,,,0.0,0,0,,,,,,,0.0
100,58,RAW_SPREAD,24,FRACTIONAL_RESIDUAL_EXIT,binance/hyperliquid,NON_GATE_PAIRS,7,6,1,0.14285714285714285,-27.034603029649627,-29.16500871528022,0.0,-40.75719795082718,-39.822235533435055,-13.421679799996179,-11.376728625815058,-19.792356874879786,-11.600276888687478,51.33082472370802,46.09025893102081,265.0,127.5,637.5,1005.0,0.029951963831590846,5,0,-34.341752055923244,-15.21829387799551,40.64297497035037,-9.677578000000002,30.965396970350373,-58.0,4.0
100,58,RAW_SPREAD,24,FRACTIONAL_RESIDUAL_EXIT,binance/okx,NON_GATE_PAIRS,5,4,1,0.2,-41.27179892873241,-38.31658665786773,0.0,-66.23136790019535,-49.85492615463789,-29.733459431962252,-20.449527136480015,-19.890317982713682,1.5378907660523744,38.298203475250205,41.87208328026715,116.25,120.0,187.5,210.0,0.0087595365922577,1,0,-51.96362144583229,-30.57997641163253,36.69612211447959,-19.967921043212,16.72820107126759,-58.0,2.0
100,58,RAW_SPREAD,24,FRACTIONAL_RESIDUAL_EXIT,bitget/gate,GATE_PAIRS,81,0,81,1.0,,,,,,,,,,,,,,,,0.0,0,0,,,,,,,0.0
100,58,RAW_SPREAD,24,FRACTIONAL_RESIDUAL_EXIT,bitget/hyperliquid,NON_GATE_PAIRS,15,0,15,1.0,,,,,,,,,,,,,,,,0.0,0,0,,,,,,,0.0
100,58,RAW_SPREAD,24,FRACTIONAL_RESIDUAL_EXIT,bitget/okx,NON_GATE_PAIRS,7,0,7,1.0,,,,,,,,,,,,,,,,0.0,0,0,,,,,,,0.0
100,58,RAW_SPREAD,24,FRACTIONAL_RESIDUAL_EXIT,gate/hyperliquid,GATE_PAIRS,40,1,39,0.975,1.589726628830782,1.589726628830782,1.0,1.589726628830782,1.589726628830782,1.589726628830782,1.589726628830782,13.313923789355364,13.313923789355364,74.48737729187638,74.48737729187638,75.0,75.0,75.0,75.0,0.0014128284826222096,0,0,1.589726628830782,1.589726628830782,57.27853562883078,2.311191,59.58972662883078,-58.0,1.0
100,58,RAW_SPREAD,24,FRACTIONAL_RESIDUAL_EXIT,gate/okx,GATE_PAIRS,32,1,31,0.96875,-23.23844510163626,-23.23844510163626,0.0,-23.23844510163626,-23.23844510163626,-23.23844510163626,-23.23844510163626,7.82469257743279,7.82469257743279,34.03368890138925,34.03368890138925,180.0,180.0,180.0,180.0,0.003390788358293303,0,0,-23.23844510163626,-23.23844510163626,36.11914240550074,-1.357587507136999,34.76155489836374,-58.0,1.0
100,58,RAW_SPREAD,24,FRACTIONAL_RESIDUAL_EXIT,hyperliquid/okx,NON_GATE_PAIRS,2,2,0,0.0,-7.930859573938854,-7.930859573938854,0.5,-21.673665642994056,-15.565751834525077,-0.29596731335263016,5.811946495116347,12.851524136404116,12.851524136404116,47.14292492832229,47.14292492832229,37.5,37.5,43.5,45.0,0.0014128284826222096,0,0,-23.2006440951113,7.338924947233593,50.069140426061146,0.0,50.069140426061146,-58.0,2.0
100,58,RAW_SPREAD,24,FRACTIONAL_RESIDUAL_EXIT,ALL_GATE_PAIRS,GATE_PAIRS,181,2,179,0.988950276243094,-10.824359236402739,-10.824359236402739,0.5,-21.997036515112907,-17.0314021690195,-4.617316303785978,0.348318042307429,10.569308183394078,10.569308183394078,54.26053309663281,54.26053309663281,127.5,127.5,169.5,180.0,0.0012009042102288782,0,0,-23.23844510163626,1.589726628830782,46.69883901716576,0.47680174643150053,47.17564076359726,-58.0,2.0
100,58,RAW_SPREAD,24,FRACTIONAL_RESIDUAL_EXIT,ALL_NON_GATE_PAIRS,NON_GATE_PAIRS,38,12,26,0.6842105263157895,-28.59637775339209,-28.401204325095577,0.08333333333333333,-55.31374006982371,-40.201387480758825,-16.5026744774563,-2.90915605030985,-14.384363742277102,-3.0294899625882277,46.28863434165779,43.64677849291954,177.5,75.0,264.0,1005.0,0.0066873881510784595,6,7,-36.81699484286769,-22.3695593241682,40.89838492767857,-11.494762681070668,29.40362224660791,-58.0,5.0
100,58,RAW_SPREAD,24,FRACTIONAL_RESIDUAL_EXIT,ALL_PAIRS,ALL,219,14,205,0.9360730593607306,-26.057517965250753,-23.21954459837378,0.14285714285714285,-52.584333112230794,-39.822235533435055,-13.250935307149998,3.6019460402717645,-10.819553467181219,1.9535429370631796,47.42747702093993,43.64677849291954,170.35714285714286,90.0,252.00000000000006,1005.0,0.004492794574738627,6,7,-32.81812782648847,-18.208931821193033,41.727021226176745,-9.784539191427498,31.94248203474924,-58.0,7.0
100,80,RAW_SPREAD,24,LEGACY_RAW_EXIT,binance/bitget,NON_GATE_PAIRS,2,2,0,0.0,-64.82135611790389,-64.82135611790389,0.0,-71.74539549818003,-68.66804466250174,-60.974667573306036,-57.897316737627754,5.3786610482781105,5.3786610482781105,15.32662716590416,15.32662716590416,30.0,30.0,42.0,45.0,0.0011302627860977678,2,0,-72.5147332070996,-57.12797902870818,15.178643882096111,0.0,15.178643882096111,-80.0,2.0
100,80,RAW_SPREAD,24,LEGACY_RAW_EXIT,binance/gate,GATE_PAIRS,28,0,28,1.0,,,,,,,,,,,,,,,,0.0,0,0,,,,,,,0.0
100,80,RAW_SPREAD,24,LEGACY_RAW_EXIT,binance/hyperliquid,NON_GATE_PAIRS,14,13,1,0.07142857142857142,-68.94203556285453,-69.77684213132927,0.0,-82.1079801188071,-74.87109819918173,-63.84685167997483,-52.633635361661995,-11.956142023651703,-9.76114106806536,19.05638960967626,17.501268581172624,54.23076923076923,30.0,138.00000000000006,180.0,0.013280587736648771,1,0,-73.78901092412764,-56.68391815921774,19.431291744837786,-8.373327307692307,11.057964437145479,-80.0,5.0
100,80,RAW_SPREAD,24,LEGACY_RAW_EXIT,binance/okx,NON_GATE_PAIRS,6,6,0,0.0,-77.97410530268836,-83.09341553326442,0.0,-94.59273026871867,-87.9166593699558,-65.77477226860617,-56.88747104552909,-20.93704764586535,-15.11913290462241,28.215540202468265,26.313296274332878,67.5,45.0,142.5,195.0,0.007629273806159932,1,0,-81.73033842957892,-70.46163904890717,28.145923603016822,-26.12002890570517,2.025894697311655,-80.0,2.0
100,80,RAW_SPREAD,24,LEGACY_RAW_EXIT,bitget/gate,GATE_PAIRS,81,0,81,1.0,,,,,,,,,,,,,,,,0.0,0,0,,,,,,,0.0
100,80,RAW_SPREAD,24,LEGACY_RAW_EXIT,bitget/hyperliquid,NON_GATE_PAIRS,52,48,4,0.07692307692307693,-67.53758581028592,-69.98339681722496,0.0,-85.14318917558109,-75.9205737417824,-61.95160838149343,-46.25374806927588,-3.961296259324191,0.4715090466328453,16.98282708910433,12.099514558294722,85.3125,30.0,208.5000000000002,795.0,0.07714043515117265,13,0,-70.08915687233295,-64.34862344895183,16.33484279388075,-3.8724286041666662,12.462414189714083,-80.0,14.0
100,80,RAW_SPREAD,24,LEGACY_RAW_EXIT,bitget/okx,NON_GATE_PAIRS,18,16,2,0.1111111111111111,-68.84973217464474,-61.911706648052274,0.0,-128.51372296354552,-74.01966579745421,-50.9773545756325,-36.49261694785043,-1.6403719787157218,8.077608495407617,21.410101499180207,20.88344083103044,64.6875,15.0,157.5,405.0,0.01949703306018649,3,0,-88.90733625035247,-52.42002627165363,21.24635540440227,-10.096087579047,11.150267825355272,-80.0,6.0
100,80,RAW_SPREAD,24,LEGACY_RAW_EXIT,gate/hyperliquid,GATE_PAIRS,40,1,39,0.975,-58.09704945444187,-58.09704945444187,0.0,-58.09704945444187,-58.09704945444187,-58.09704945444187,-58.09704945444187,22.757213316784156,22.757213316784156,22.757213316784156,22.757213316784156,15.0,15.0,15.0,15.0,0.00028256569652444194,0,0,-58.09704945444187,-58.09704945444187,21.90295054555813,0.0,21.90295054555813,-80.0,1.0
100,80,RAW_SPREAD,24,LEGACY_RAW_EXIT,gate/okx,GATE_PAIRS,32,1,31,0.96875,-77.31423762065141,-77.31423762065141,0.0,-77.31423762065141,-77.31423762065141,-77.31423762065141,-77.31423762065141,7.92075539935988,7.92075539935988,7.92075539935988,7.92075539935988,15.0,15.0,15.0,15.0,0.00028256569652444194,0,0,-77.31423762065141,-77.31423762065141,2.6857623793485885,0.0,2.6857623793485885,-80.0,1.0
100,80,RAW_SPREAD,24,LEGACY_RAW_EXIT,hyperliquid/okx,NON_GATE_PAIRS,2,2,0,0.0,-56.475869730589416,-56.475869730589416,0.0,-61.40338364012675,-59.21337745811016,-53.73836200306867,-51.548355821052084,12.851524136404116,12.851524136404116,22.730927373763592,22.730927373763592,22.5,22.5,28.5,30.0,0.0008476970895733258,0,0,-61.950885185630895,-51.00085427554794,23.52413026941058,0.0,23.52413026941058,-80.0,2.0
100,80,RAW_SPREAD,24,LEGACY_RAW_EXIT,ALL_GATE_PAIRS,GATE_PAIRS,181,2,179,0.988950276243094,-67.70564353754665,-67.70564353754665,0.0,-76.35337821234093,-72.50994057909902,-62.90134649599426,-59.05790886275235,15.338984358072018,15.338984358072018,15.338984358072018,15.338984358072018,15.0,15.0,15.0,15.0,0.00014128284826222097,0,0,-77.31423762065141,-58.09704945444187,12.29435646245336,0.0,12.29435646245336,-80.0,2.0
100,80,RAW_SPREAD,24,LEGACY_RAW_EXIT,ALL_NON_GATE_PAIRS,NON_GATE_PAIRS,94,87,7,0.07446808510638298,-68.3917859714743,-69.53798897737721,0.0,-90.9559822023295,-75.9003305270721,-59.01402536967474,-41.811957270060624,-5.298619930118534,1.4019918568830558,18.975617695216407,15.045010331883324,72.93103448275862,30.0,195.0,795.0,0.019920881604973156,20,49,-72.22062008896788,-63.81663999578285,18.654046243456527,-7.045832214930839,11.608214028525685,-80.0,14.0
100,80,RAW_SPREAD,24,LEGACY_RAW_EXIT,ALL_PAIRS,ALL,275,89,186,0.6763636363636364,-68.37636704037482,-69.53798897737721,0.0,-90.64537159900092,-75.96827755538153,-58.37961148604567,-42.145435682082805,-4.83485354161987,2.1769530894499844,18.89389559775249,15.045010331883324,71.62921348314607,30.0,195.0,795.0,0.012009042102288783,20,49,-72.10445036330353,-63.80901198277918,18.51113186635533,-6.887498906730147,11.623632959625185,-80.0,15.0
100,80,RAW_SPREAD,24,BASELINE_RESIDUAL_EXIT,binance/bitget,NON_GATE_PAIRS,2,0,2,1.0,,,,,,,,,,,,,,,,0.0,0,0,,,,,,,0.0
100,80,RAW_SPREAD,24,BASELINE_RESIDUAL_EXIT,binance/gate,GATE_PAIRS,28,0,28,1.0,,,,,,,,,,,,,,,,0.0,0,0,,,,,,,0.0
100,80,RAW_SPREAD,24,BASELINE_RESIDUAL_EXIT,binance/hyperliquid,NON_GATE_PAIRS,9,8,1,0.1111111111111111,-71.49576841335164,-64.75854856027894,0.0,-111.45865131432403,-84.97707974187307,-56.529610758652865,-41.07452421781564,-14.14686602901047,-11.600276888687478,22.823617645134213,25.711676684071485,82.5,37.5,198.0,240.0,0.012432890647075446,3,0,-93.69974241004044,-45.9882653746372,19.560797211648357,-11.056565625000001,8.504231586648357,-80.0,4.0
100,80,RAW_SPREAD,24,BASELINE_RESIDUAL_EXIT,binance/okx,NON_GATE_PAIRS,5,4,1,0.2,-64.74392695082325,-68.23354103943709,0.0,-84.65308413989347,-81.97936652852937,-50.998101461730975,-39.94931003769368,-19.890317982713682,1.5378907660523744,35.70665170997772,36.63938449964599,105.0,105.0,181.5,195.0,0.007911839502684374,1,0,-70.46163904890717,-59.026214852739336,35.22399409238875,-19.967921043212,15.256073049176747,-80.0,2.0
100,80,RAW_SPREAD,24,BASELINE_RESIDUAL_EXIT,bitget/gate,GATE_PAIRS,81,0,81,1.0,,,,,,,,,,,,,,,,0.0,0,0,,,,,,,0.0
100,80,RAW_SPREAD,24,BASELINE_RESIDUAL_EXIT,bitget/hyperliquid,NON_GATE_PAIRS,15,7,8,0.5333333333333333,-66.2645530839145,-75.67077974151844,0.0,-86.49805884848615,-80.26659731462479,-50.186818652925766,-39.48567423513133,-16.166050456986685,-9.116624102023518,44.17425470370257,48.69191710170861,685.7142857142857,570.0,1431.0,1440.0,0.09042102288782142,18,0,-76.46877448718325,-51.6328394731613,15.482718201799774,-1.7472712857142862,13.73544691608549,-80.0,4.0
100,80,RAW_SPREAD,24,BASELINE_RESIDUAL_EXIT,bitget/okx,NON_GATE_PAIRS,7,3,4,0.5714285714285714,-36.895599800331375,-42.93823501397452,0.0,-54.34115703293151,-49.27319169117285,-27.53932551631148,-15.220197918181048,-5.560918788702167,1.848051234745185,65.85354762019934,63.333271328909206,800.0,795.0,1215.0,1320.0,0.04521051144391071,4,0,-49.27319169117285,-12.140416018648438,37.660492061763286,5.443908137905333,43.104400199668625,-80.0,2.0
100,80,RAW_SPREAD,24,BASELINE_RESIDUAL_EXIT,gate/hyperliquid,GATE_PAIRS,40,1,39,0.975,-4.918196333147421,-4.918196333147421,0.0,-4.918196333147421,-4.918196333147421,-4.918196333147421,-4.918196333147421,13.313923789355364,13.313923789355364,74.48737729187638,74.48737729187638,60.0,60.0,60.0,60.0,0.0011302627860977678,0,0,-4.918196333147421,-4.918196333147421,72.77061266685259,2.311191,75.08180366685258,-80.0,1.0
100,80,RAW_SPREAD,24,BASELINE_RESIDUAL_EXIT,gate/okx,GATE_PAIRS,32,1,31,0.96875,-45.23844510163626,-45.23844510163626,0.0,-45.23844510163626,-45.23844510163626,-45.23844510163626,-45.23844510163626,7.82469257743279,7.82469257743279,34.03368890138925,34.03368890138925,180.0,180.0,180.0,180.0,0.003390788358293303,0,0,-45.23844510163626,-45.23844510163626,36.11914240550074,-1.357587507136999,34.76155489836374,-80.0,1.0
100,80,RAW_SPREAD,24,BASELINE_RESIDUAL_EXIT,hyperliquid/okx,NON_GATE_PAIRS,2,2,0,0.0,-38.30598011919865,-38.30598011919865,0.0,-59.58639467898767,-50.12843265241477,-26.48352758598253,-17.025565559409635,12.851524136404116,12.851524136404116,40.87956979543395,40.87956979543395,30.0,30.0,30.0,30.0,0.0011302627860977678,0,0,-61.950885185630895,-14.661075052766408,41.69401988080135,0.0,41.69401988080135,-80.0,2.0
100,80,RAW_SPREAD,24,BASELINE_RESIDUAL_EXIT,ALL_GATE_PAIRS,GATE_PAIRS,181,2,179,0.988950276243094,-25.07832071739184,-25.07832071739184,0.0,-43.22243266321182,-35.158382909514046,-14.99825852526963,-6.934208771571864,10.569308183394078,10.569308183394078,54.26053309663281,54.26053309663281,120.0,120.0,168.0,180.0,0.0011302627860977678,0,0,-45.23844510163626,-4.918196333147421,54.44487753617666,0.47680174643150053,54.92167928260816,-80.0,2.0
100,80,RAW_SPREAD,24,BASELINE_RESIDUAL_EXIT,ALL_NON_GATE_PAIRS,NON_GATE_PAIRS,40,24,16,0.4,-61.7538535973708,-61.73469029109858,0.0,-104.59958618429005,-78.93610913245523,-41.37509814218304,-18.039980622104146,-12.369927560630979,-4.332473221006494,38.08146305743202,34.612681091346076,347.5,90.0,1256.9999999999998,1440.0,0.026184421211264953,26,15,-75.95448345875785,-48.067144802553706,25.08878739259303,-6.842640989963833,18.246146402629204,-80.0,8.0
100,80,RAW_SPREAD,24,BASELINE_RESIDUAL_EXIT,ALL_PAIRS,ALL,221,26,195,0.8823529411764706,-58.932658760449335,-60.57989192137917,0.0,-102.68467896266164,-78.08947741406995,-40.99938073672379,-12.77058077717793,-10.605370964936744,-2.354121871634418,39.326006906601314,34.612681091346076,330.0,90.0,1215.0,1440.0,0.01616275784119808,26,16,-74.36105122130401,-44.95593108887877,27.346948172868697,-6.279606933318039,21.067341239550657,-80.0,9.0
100,80,RAW_SPREAD,24,FRACTIONAL_RESIDUAL_EXIT,binance/bitget,NON_GATE_PAIRS,2,0,2,1.0,,,,,,,,,,,,,,,,0.0,0,0,,,,,,,0.0
100,80,RAW_SPREAD,24,FRACTIONAL_RESIDUAL_EXIT,binance/gate,GATE_PAIRS,28,0,28,1.0,,,,,,,,,,,,,,,,0.0,0,0,,,,,,,0.0
100,80,RAW_SPREAD,24,FRACTIONAL_RESIDUAL_EXIT,binance/hyperliquid,NON_GATE_PAIRS,7,6,1,0.14285714285714285,-49.034603029649624,-51.16500871528022,0.0,-62.75719795082718,-61.822235533435055,-35.42167979999618,-33.37672862581506,-19.792356874879786,-11.600276888687478,51.33082472370802,46.09025893102081,265.0,127.5,637.5,1005.0,0.029951963831590846,5,0,-56.36157500958781,-37.21829387799551,40.64297497035037,-9.677578000000002,30.965396970350373,-80.0,4.0
100,80,RAW_SPREAD,24,FRACTIONAL_RESIDUAL_EXIT,binance/okx,NON_GATE_PAIRS,5,4,1,0.2,-63.27179892873241,-60.31658665786773,0.0,-88.23136790019535,-71.8549261546379,-51.73345943196225,-42.449527136480015,-19.890317982713682,1.5378907660523744,38.298203475250205,41.87208328026715,116.25,120.0,187.5,210.0,0.0087595365922577,1,0,-73.96362144583229,-52.57997641163253,36.69612211447959,-19.967921043212,16.72820107126759,-80.0,2.0
100,80,RAW_SPREAD,24,FRACTIONAL_RESIDUAL_EXIT,bitget/gate,GATE_PAIRS,81,0,81,1.0,,,,,,,,,,,,,,,,0.0,0,0,,,,,,,0.0
100,80,RAW_SPREAD,24,FRACTIONAL_RESIDUAL_EXIT,bitget/hyperliquid,NON_GATE_PAIRS,15,0,15,1.0,,,,,,,,,,,,,,,,0.0,0,0,,,,,,,0.0
100,80,RAW_SPREAD,24,FRACTIONAL_RESIDUAL_EXIT,bitget/okx,NON_GATE_PAIRS,7,0,7,1.0,,,,,,,,,,,,,,,,0.0,0,0,,,,,,,0.0
100,80,RAW_SPREAD,24,FRACTIONAL_RESIDUAL_EXIT,gate/hyperliquid,GATE_PAIRS,40,1,39,0.975,-20.410273371169215,-20.410273371169215,0.0,-20.410273371169215,-20.410273371169215,-20.410273371169215,-20.410273371169215,13.313923789355364,13.313923789355364,74.48737729187638,74.48737729187638,75.0,75.0,75.0,75.0,0.0014128284826222096,0,0,-20.410273371169215,-20.410273371169215,57.27853562883078,2.311191,59.58972662883078,-80.0,1.0
100,80,RAW_SPREAD,24,FRACTIONAL_RESIDUAL_EXIT,gate/okx,GATE_PAIRS,32,1,31,0.96875,-45.23844510163626,-45.23844510163626,0.0,-45.23844510163626,-45.23844510163626,-45.23844510163626,-45.23844510163626,7.82469257743279,7.82469257743279,34.03368890138925,34.03368890138925,180.0,180.0,180.0,180.0,0.003390788358293303,0,0,-45.23844510163626,-45.23844510163626,36.11914240550074,-1.357587507136999,34.76155489836374,-80.0,1.0
100,80,RAW_SPREAD,24,FRACTIONAL_RESIDUAL_EXIT,hyperliquid/okx,NON_GATE_PAIRS,2,2,0,0.0,-29.930859573938854,-29.930859573938854,0.0,-43.67366564299405,-37.565751834525074,-22.295967313352634,-16.188053504883655,12.851524136404116,12.851524136404116,47.14292492832229,47.14292492832229,37.5,37.5,43.5,45.0,0.0014128284826222096,0,0,-45.2006440951113,-14.661075052766408,50.069140426061146,0.0,50.069140426061146,-80.0,2.0
100,80,RAW_SPREAD,24,FRACTIONAL_RESIDUAL_EXIT,ALL_GATE_PAIRS,GATE_PAIRS,181,2,179,0.988950276243094,-32.824359236402735,-32.824359236402735,0.0,-43.99703651511291,-39.0314021690195,-26.617316303785977,-21.651681957692567,10.569308183394078,10.569308183394078,54.26053309663281,54.26053309663281,127.5,127.5,169.5,180.0,0.0012009042102288782,0,0,-45.23844510163626,-20.410273371169215,46.69883901716576,0.47680174643150053,47.17564076359726,-80.0,2.0
100,80,RAW_SPREAD,24,FRACTIONAL_RESIDUAL_EXIT,ALL_NON_GATE_PAIRS,NON_GATE_PAIRS,38,12,26,0.6842105263157895,-50.59637775339209,-50.40120432509558,0.0,-77.31374006982371,-62.201387480758825,-38.502674477456296,-24.90915605030985,-14.384363742277102,-3.0294899625882277,46.28863434165779,43.64677849291954,177.5,75.0,264.0,1005.0,0.0066873881510784595,6,7,-58.44079773384212,-44.3695593241682,40.89838492767857,-11.494762681070668,29.40362224660791,-80.0,5.0
100,80,RAW_SPREAD,24,FRACTIONAL_RESIDUAL_EXIT,ALL_PAIRS,ALL,219,14,205,0.9360730593607306,-48.05751796525076,-45.21954459837378,0.0,-74.5843331122308,-61.822235533435055,-35.25093530715,-18.398053959728234,-10.819553467181219,1.9535429370631796,47.42747702093993,43.64677849291954,170.35714285714286,90.0,252.00000000000006,1005.0,0.004492794574738627,6,7,-56.00794471623173,-40.208931821193026,41.727021226176745,-9.784539191427498,31.94248203474924,-80.0,7.0
150,0,RAW_SPREAD,24,LEGACY_RAW_EXIT,binance/bitget,NON_GATE_PAIRS,0,0,0,,,,,,,,,,,,,,,,,,0,0,,,,,,,
150,0,RAW_SPREAD,24,LEGACY_RAW_EXIT,binance/gate,GATE_PAIRS,85,1,84,0.9882352941176471,20.612939959606784,20.612939959606784,1.0,20.612939959606784,20.612939959606784,20.612939959606784,20.612939959606784,-9.777871700573648,-9.777871700573648,56.08812452608913,56.08812452608913,60.0,60.0,60.0,60.0,0.0011302627860977678,0,0,20.612939959606784,20.612939959606784,56.76443995960678,-36.1515,20.612939959606784,-0.0,1.0
150,0,RAW_SPREAD,24,LEGACY_RAW_EXIT,binance/hyperliquid,NON_GATE_PAIRS,5,5,0,0.0,32.71685066807156,24.414025641008628,1.0,12.944957760053903,13.800606144231953,41.09058282563406,65.45651101750583,-19.29093061667553,-19.1676329670587,40.548317301985605,37.70397501095202,63.0,60.0,93.0,105.0,0.00593387962701328,4,0,13.800606144231953,37.445911799031464,41.44959246807156,-8.732741800000001,32.71685066807156,-0.0,2.0
150,0,RAW_SPREAD,24,LEGACY_RAW_EXIT,binance/okx,NON_GATE_PAIRS,1,1,0,0.0,-8.394775930563831,-8.394775930563831,0.0,-8.394775930563831,-8.394775930563831,-8.394775930563831,-8.394775930563831,-38.86115590412187,-38.86115590412187,43.917453322726,43.917453322726,60.0,60.0,60.0,60.0,0.0011302627860977678,1,0,-8.394775930563831,-8.394775930563831,42.88578985135017,-51.280565781914,-8.394775930563831,-0.0,1.0
150,0,RAW_SPREAD,24,LEGACY_RAW_EXIT,bitget/gate,GATE_PAIRS,45,0,45,1.0,,,,,,,,,,,,,,,,0.0,0,0,,,,,,,0.0
150,0,RAW_SPREAD,24,LEGACY_RAW_EXIT,bitget/hyperliquid,NON_GATE_PAIRS,6,6,0,0.0,48.71250851758575,47.46178154460034,1.0,40.377851407139836,43.11886110345775,53.231517529581204,59.22277269793637,-7.5055909690195195,11.398527516207622,55.16888729990307,53.95822403264805,137.5,45.0,352.5,525.0,0.015541113308844307,1,0,43.703277746893335,52.165840577895516,59.00125051758575,-10.288742000000001,48.71250851758575,-0.0,5.0
150,0,RAW_SPREAD,24,LEGACY_RAW_EXIT,bitget/okx,NON_GATE_PAIRS,5,5,0,0.0,22.017154017138544,34.71997514999936,0.6,-33.39137553139519,-3.6750879035971664,54.50727359940455,63.18470006246546,3.1155775497406752,36.51415060404784,38.142238242672825,36.51415060404784,54.0,15.0,120.0,150.0,0.005086182537439954,0,0,-40.8204474383447,65.35405667823069,37.90609314739734,-15.8889391302588,22.017154017138544,-0.0,3.0
150,0,RAW_SPREAD,24,LEGACY_RAW_EXIT,gate/hyperliquid,GATE_PAIRS,55,0,55,1.0,,,,,,,,,,,,,,,,0.0,0,0,,,,,,,0.0
150,0,RAW_SPREAD,24,LEGACY_RAW_EXIT,gate/okx,GATE_PAIRS,71,1,70,0.9859154929577465,7.838316104608985,7.838316104608985,1.0,7.838316104608985,7.838316104608985,7.838316104608985,7.838316104608985,-7.508122656061378,-7.508122656061378,27.854335248780338,27.854335248780338,60.0,60.0,60.0,60.0,0.0011302627860977678,0,0,7.838316104608985,7.838316104608985,28.53065068229799,-20.692334577689003,7.838316104608985,-0.0,1.0
150,0,RAW_SPREAD,24,LEGACY_RAW_EXIT,hyperliquid/okx,NON_GATE_PAIRS,0,0,0,,,,,,,,,,,,,,,,,,0,0,,,,,,,
150,0,RAW_SPREAD,24,LEGACY_RAW_EXIT,ALL_GATE_PAIRS,GATE_PAIRS,256,2,254,0.9921875,14.225628032107885,14.225628032107885,1.0,8.477047297358876,11.031972068358435,17.419283995857334,19.974208766856894,-8.642997178317513,-8.642997178317513,41.97122988743473,41.97122988743473,60.0,60.0,60.0,60.0,0.0005651313930488839,0,2,14.225628032107885,14.225628032107885,42.64754532095239,-28.4219172888445,14.225628032107885,-0.0,1.0
150,0,RAW_SPREAD,24,LEGACY_RAW_EXIT,ALL_NON_GATE_PAIRS,NON_GATE_PAIRS,17,17,0,0.0,32.797076388294194,41.09058282563406,0.8235294117647058,-14.879910232120004,13.800606144231953,54.366694789869975,66.5928439556793,-9.692439238406662,-18.74649982283372,45.19903263796685,47.26674982563406,86.47058823529412,60.0,162.0,525.0,0.006922859564848827,6,11,14.114687599370852,50.013904503174544,46.68657182554172,-13.88949543724753,32.797076388294194,-0.0,5.0
150,0,RAW_SPREAD,24,LEGACY_RAW_EXIT,ALL_PAIRS,ALL,273,19,254,0.9304029304029304,30.842187087643005,39.68403886803698,0.8421052631578947,-11.637343081341918,13.265825904120671,52.096340269292426,65.97345031695498,-9.58197165313412,-10.452493526236228,44.859263927384525,47.26674982563406,83.6842105263158,60.0,155.99999999999997,525.0,0.003743995478948856,6,13,13.552159310572787,43.34226079174252,46.26141114084811,-15.419224053205106,30.842187087643005,-0.0,6.0
150,0,RAW_SPREAD,24,BASELINE_RESIDUAL_EXIT,binance/bitget,NON_GATE_PAIRS,0,0,0,,,,,,,,,,,,,,,,,,0,0,,,,,,,
150,0,RAW_SPREAD,24,BASELINE_RESIDUAL_EXIT,binance/gate,GATE_PAIRS,85,0,85,1.0,,,,,,,,,,,,,,,,0.0,0,0,,,,,,,0.0
150,0,RAW_SPREAD,24,BASELINE_RESIDUAL_EXIT,binance/hyperliquid,NON_GATE_PAIRS,4,3,1,0.25,39.69068622855252,33.723459475951834,1.0,15.792891477403941,23.762032810091895,52.63572627071281,67.76553970652158,-17.302186112726492,-10.452493526236228,45.26952424473503,31.269563092047868,115.0,60.0,216.0,255.0,0.0064990110200621645,3,0,13.800606144231953,52.63572627071281,45.662310561885846,-5.9716243333333345,39.69068622855252,-0.0,2.0
150,0,RAW_SPREAD,24,BASELINE_RESIDUAL_EXIT,binance/okx,NON_GATE_PAIRS,1,1,0,0.0,74.66988248480442,74.66988248480442,1.0,74.66988248480442,74.66988248480442,74.66988248480442,74.66988248480442,-38.86115590412187,-38.86115590412187,125.00475675128796,125.00475675128796,135.0,135.0,135.0,135.0,0.002543091268719977,1,0,74.66988248480442,74.66988248480442,125.9504482667184,-51.280565781914,74.66988248480442,-0.0,1.0
150,0,RAW_SPREAD,24,BASELINE_RESIDUAL_EXIT,bitget/gate,GATE_PAIRS,45,0,45,1.0,,,,,,,,,,,,,,,,0.0,0,0,,,,,,,0.0
150,0,RAW_SPREAD,24,BASELINE_RESIDUAL_EXIT,bitget/hyperliquid,NON_GATE_PAIRS,4,1,3,0.75,35.98496500512248,35.98496500512248,1.0,35.98496500512248,35.98496500512248,35.98496500512248,35.98496500512248,-30.97944262822949,-30.97944262822949,128.09394927981054,128.09394927981054,840.0,840.0,840.0,840.0,0.015823679005368747,1,0,35.98496500512248,35.98496500512248,68.91120900512249,-32.926244000000004,35.98496500512248,-0.0,1.0
150,0,RAW_SPREAD,24,BASELINE_RESIDUAL_EXIT,bitget/okx,NON_GATE_PAIRS,3,0,3,1.0,,,,,,,,,,,,,,,,0.0,0,0,,,,,,,0.0
150,0,RAW_SPREAD,24,BASELINE_RESIDUAL_EXIT,gate/hyperliquid,GATE_PAIRS,55,0,55,1.0,,,,,,,,,,,,,,,,0.0,0,0,,,,,,,0.0
150,0,RAW_SPREAD,24,BASELINE_RESIDUAL_EXIT,gate/okx,GATE_PAIRS,70,0,70,1.0,,,,,,,,,,,,,,,,0.0,0,0,,,,,,,0.0
150,0,RAW_SPREAD,24,BASELINE_RESIDUAL_EXIT,hyperliquid/okx,NON_GATE_PAIRS,0,0,0,,,,,,,,,,,,,,,,,,0,0,,,,,,,
150,0,RAW_SPREAD,24,BASELINE_RESIDUAL_EXIT,ALL_GATE_PAIRS,GATE_PAIRS,255,0,255,1.0,,,,,,,,,,,,,,,,0.0,0,0,,,,,,,0.0
150,0,RAW_SPREAD,24,BASELINE_RESIDUAL_EXIT,ALL_NON_GATE_PAIRS,NON_GATE_PAIRS,12,5,7,0.5833333333333334,45.9453812351169,35.98496500512248,1.0,17.78517681057593,33.723459475951834,71.54799306547378,74.04550460093829,-24.349431374106167,-30.97944262822949,77.78145575306073,91.39192885879498,264.0,135.0,606.0,840.0,0.006216445323537723,5,0,35.98496500512248,52.63572627071281,66.36971779149968,-20.424336556382805,45.9453812351169,-0.0,3.0
150,0,RAW_SPREAD,24,BASELINE_RESIDUAL_EXIT,ALL_PAIRS,ALL,267,5,262,0.9812734082397003,45.9453812351169,35.98496500512248,1.0,17.78517681057593,33.723459475951834,71.54799306547378,74.04550460093829,-24.349431374106167,-30.97944262822949,77.78145575306073,91.39192885879498,264.0,135.0,606.0,840.0,0.0031082226617688614,5,0,35.98496500512248,52.63572627071281,66.36971779149968,-20.424336556382805,45.9453812351169,-0.0,3.0
150,0,RAW_SPREAD,24,FRACTIONAL_RESIDUAL_EXIT,binance/bitget,NON_GATE_PAIRS,0,0,0,,,,,,,,,,,,,,,,,,0,0,,,,,,,
150,0,RAW_SPREAD,24,FRACTIONAL_RESIDUAL_EXIT,binance/gate,GATE_PAIRS,85,0,85,1.0,,,,,,,,,,,,,,,,0.0,0,0,,,,,,,0.0
150,0,RAW_SPREAD,24,FRACTIONAL_RESIDUAL_EXIT,binance/hyperliquid,NON_GATE_PAIRS,4,3,1,0.25,66.27524108501987,71.54799306547378,1.0,37.50591283490403,52.63572627071281,82.55113188955389,91.35364294881798,-30.122361885605766,-10.452493526236228,84.98599224252371,91.39192885879498,435.0,255.0,843.0,990.0,0.024583215597626447,3,0,52.63572627071281,93.554270713634,63.49034875168653,2.7848923333333317,66.27524108501987,-0.0,2.0
150,0,RAW_SPREAD,24,FRACTIONAL_RESIDUAL_EXIT,binance/okx,NON_GATE_PAIRS,1,1,0,0.0,33.26676667820026,33.26676667820026,1.0,33.26676667820026,33.26676667820026,33.26676667820026,33.26676667820026,-38.86115590412187,-38.86115590412187,83.75960020700734,83.75960020700734,105.0,105.0,105.0,105.0,0.0019779598756710934,1,0,33.26676667820026,33.26676667820026,84.54733246011426,-51.280565781914,33.26676667820026,-0.0,1.0
150,0,RAW_SPREAD,24,FRACTIONAL_RESIDUAL_EXIT,bitget/gate,GATE_PAIRS,45,0,45,1.0,,,,,,,,,,,,,,,,0.0,0,0,,,,,,,0.0
150,0,RAW_SPREAD,24,FRACTIONAL_RESIDUAL_EXIT,bitget/hyperliquid,NON_GATE_PAIRS,4,0,4,1.0,,,,,,,,,,,,,,,,0.0,0,0,,,,,,,0.0
150,0,RAW_SPREAD,24,FRACTIONAL_RESIDUAL_EXIT,bitget/okx,NON_GATE_PAIRS,3,0,3,1.0,,,,,,,,,,,,,,,,0.0,0,0,,,,,,,0.0
150,0,RAW_SPREAD,24,FRACTIONAL_RESIDUAL_EXIT,gate/hyperliquid,GATE_PAIRS,55,0,55,1.0,,,,,,,,,,,,,,,,0.0,0,0,,,,,,,0.0
150,0,RAW_SPREAD,24,FRACTIONAL_RESIDUAL_EXIT,gate/okx,GATE_PAIRS,70,0,70,1.0,,,,,,,,,,,,,,,,0.0,0,0,,,,,,,0.0
150,0,RAW_SPREAD,24,FRACTIONAL_RESIDUAL_EXIT,hyperliquid/okx,NON_GATE_PAIRS,0,0,0,,,,,,,,,,,,,,,,,,0,0,,,,,,,
150,0,RAW_SPREAD,24,FRACTIONAL_RESIDUAL_EXIT,ALL_GATE_PAIRS,GATE_PAIRS,255,0,255,1.0,,,,,,,,,,,,,,,,0.0,0,0,,,,,,,0.0
150,0,RAW_SPREAD,24,FRACTIONAL_RESIDUAL_EXIT,ALL_NON_GATE_PAIRS,NON_GATE_PAIRS,12,4,8,0.6666666666666666,58.02312248331497,52.63572627071281,1.0,33.335270597863,33.60928627651394,77.04956247751383,90.25332906640996,-32.307060390234795,-24.65682471517905,84.67939423364462,87.57576453290116,352.5,180.0,769.5000000000001,990.0,0.006640293868324386,4,2,52.63572627071281,63.41051869591713,68.75459467879347,-10.731472195478501,58.02312248331497,-0.0,2.0
150,0,RAW_SPREAD,24,FRACTIONAL_RESIDUAL_EXIT,ALL_PAIRS,ALL,267,4,263,0.9850187265917603,58.02312248331497,52.63572627071281,1.0,33.335270597863,33.60928627651394,77.04956247751383,90.25332906640996,-32.307060390234795,-24.65682471517905,84.67939423364462,87.57576453290116,352.5,180.0,769.5000000000001,990.0,0.003320146934162193,4,2,52.63572627071281,63.41051869591713,68.75459467879347,-10.731472195478501,58.02312248331497,-0.0,2.0
150,20,RAW_SPREAD,24,LEGACY_RAW_EXIT,binance/bitget,NON_GATE_PAIRS,0,0,0,,,,,,,,,,,,,,,,,,0,0,,,,,,,
150,20,RAW_SPREAD,24,LEGACY_RAW_EXIT,binance/gate,GATE_PAIRS,85,1,84,0.9882352941176471,0.6129399596067842,0.6129399596067842,1.0,0.6129399596067842,0.6129399596067842,0.6129399596067842,0.6129399596067842,-9.777871700573648,-9.777871700573648,56.08812452608913,56.08812452608913,60.0,60.0,60.0,60.0,0.0011302627860977678,0,0,0.6129399596067842,0.6129399596067842,56.76443995960678,-36.1515,20.612939959606784,-20.0,1.0
150,20,RAW_SPREAD,24,LEGACY_RAW_EXIT,binance/hyperliquid,NON_GATE_PAIRS,5,5,0,0.0,12.716850668071562,4.414025641008628,0.6,-7.055042239946095,-6.199393855768047,21.09058282563406,45.456511017505825,-19.29093061667553,-19.1676329670587,40.548317301985605,37.70397501095202,63.0,60.0,93.0,105.0,0.00593387962701328,4,0,-6.199393855768047,17.445911799031464,41.44959246807156,-8.732741800000001,32.71685066807156,-20.0,2.0
150,20,RAW_SPREAD,24,LEGACY_RAW_EXIT,binance/okx,NON_GATE_PAIRS,1,1,0,0.0,-28.39477593056383,-28.39477593056383,0.0,-28.39477593056383,-28.39477593056383,-28.39477593056383,-28.39477593056383,-38.86115590412187,-38.86115590412187,43.917453322726,43.917453322726,60.0,60.0,60.0,60.0,0.0011302627860977678,1,0,-28.39477593056383,-28.39477593056383,42.88578985135017,-51.280565781914,-8.394775930563831,-20.0,1.0
150,20,RAW_SPREAD,24,LEGACY_RAW_EXIT,bitget/gate,GATE_PAIRS,45,0,45,1.0,,,,,,,,,,,,,,,,0.0,0,0,,,,,,,0.0
150,20,RAW_SPREAD,24,LEGACY_RAW_EXIT,bitget/hyperliquid,NON_GATE_PAIRS,6,6,0,0.0,28.712508517585757,27.46178154460034,1.0,20.377851407139836,23.118861103457753,33.231517529581204,39.22277269793637,-7.5055909690195195,11.398527516207622,55.16888729990307,53.95822403264805,137.5,45.0,352.5,525.0,0.015541113308844307,1,0,23.740817620308142,32.16584057789552,59.00125051758575,-10.288742000000001,48.71250851758575,-20.0,5.0
150,20,RAW_SPREAD,24,LEGACY_RAW_EXIT,bitget/okx,NON_GATE_PAIRS,5,5,0,0.0,2.017154017138546,14.719975149999357,0.6,-53.39137553139519,-23.675087903597166,34.50727359940455,43.18470006246546,3.1155775497406752,36.51415060404784,38.142238242672825,36.51415060404784,54.0,15.0,120.0,150.0,0.005086182537439954,0,0,-60.8204474383447,45.3540566782307,37.90609314739734,-15.8889391302588,22.017154017138544,-20.0,3.0
150,20,RAW_SPREAD,24,LEGACY_RAW_EXIT,gate/hyperliquid,GATE_PAIRS,55,0,55,1.0,,,,,,,,,,,,,,,,0.0,0,0,,,,,,,0.0
150,20,RAW_SPREAD,24,LEGACY_RAW_EXIT,gate/okx,GATE_PAIRS,71,1,70,0.9859154929577465,-12.161683895391016,-12.161683895391016,0.0,-12.161683895391016,-12.161683895391016,-12.161683895391016,-12.161683895391016,-7.508122656061378,-7.508122656061378,27.854335248780338,27.854335248780338,60.0,60.0,60.0,60.0,0.0011302627860977678,0,0,-12.161683895391016,-12.161683895391016,28.53065068229799,-20.692334577689003,7.838316104608985,-20.0,1.0
150,20,RAW_SPREAD,24,LEGACY_RAW_EXIT,hyperliquid/okx,NON_GATE_PAIRS,0,0,0,,,,,,,,,,,,,,,,,,0,0,,,,,,,
150,20,RAW_SPREAD,24,LEGACY_RAW_EXIT,ALL_GATE_PAIRS,GATE_PAIRS,256,2,254,0.9921875,-5.774371967892116,-5.774371967892116,0.5,-11.522952702641126,-8.968027931641567,-2.580716004142666,-0.025791233143106496,-8.642997178317513,-8.642997178317513,41.97122988743473,41.97122988743473,60.0,60.0,60.0,60.0,0.0005651313930488839,0,2,-5.774371967892116,-5.774371967892116,42.64754532095239,-28.4219172888445,14.225628032107885,-20.0,1.0
150,20,RAW_SPREAD,24,LEGACY_RAW_EXIT,ALL_NON_GATE_PAIRS,NON_GATE_PAIRS,17,17,0,0.0,12.79707638829419,21.09058282563406,0.7058823529411765,-34.879910232120004,-6.199393855768047,34.366694789869975,46.59284395567931,-9.692439238406662,-18.74649982283372,45.19903263796685,47.26674982563406,86.47058823529412,60.0,162.0,525.0,0.006922859564848827,6,11,-6.200539627844423,30.689391418635843,46.68657182554172,-13.88949543724753,32.797076388294194,-20.0,5.0
150,20,RAW_SPREAD,24,LEGACY_RAW_EXIT,ALL_PAIRS,ALL,273,19,254,0.9304029304029304,10.842187087642998,19.68403886803698,0.6842105263157895,-31.637343081341918,-6.734174095879327,32.096340269292426,45.97345031695499,-9.58197165313412,-10.452493526236228,44.859263927384525,47.26674982563406,83.6842105263158,60.0,155.99999999999997,525.0,0.003743995478948856,6,13,-7.206432792878267,23.341393895674397,46.26141114084811,-15.419224053205106,30.842187087643005,-20.0,6.0
150,20,RAW_SPREAD,24,BASELINE_RESIDUAL_EXIT,binance/bitget,NON_GATE_PAIRS,0,0,0,,,,,,,,,,,,,,,,,,0,0,,,,,,,
150,20,RAW_SPREAD,24,BASELINE_RESIDUAL_EXIT,binance/gate,GATE_PAIRS,85,0,85,1.0,,,,,,,,,,,,,,,,0.0,0,0,,,,,,,0.0
150,20,RAW_SPREAD,24,BASELINE_RESIDUAL_EXIT,binance/hyperliquid,NON_GATE_PAIRS,4,3,1,0.25,19.690686228552522,13.723459475951834,0.6666666666666666,-4.207108522596059,3.7620328100918936,32.63572627071281,47.76553970652158,-17.302186112726492,-10.452493526236228,45.26952424473503,31.269563092047868,115.0,60.0,216.0,255.0,0.0064990110200621645,3,0,-6.199393855768047,32.63572627071281,45.662310561885846,-5.9716243333333345,39.69068622855252,-20.0,2.0
150,20,RAW_SPREAD,24,BASELINE_RESIDUAL_EXIT,binance/okx,NON_GATE_PAIRS,1,1,0,0.0,54.66988248480442,54.66988248480442,1.0,54.66988248480442,54.66988248480442,54.66988248480442,54.66988248480442,-38.86115590412187,-38.86115590412187,125.00475675128796,125.00475675128796,135.0,135.0,135.0,135.0,0.002543091268719977,1,0,54.66988248480442,54.66988248480442,125.9504482667184,-51.280565781914,74.66988248480442,-20.0,1.0
150,20,RAW_SPREAD,24,BASELINE_RESIDUAL_EXIT,bitget/gate,GATE_PAIRS,45,0,45,1.0,,,,,,,,,,,,,,,,0.0,0,0,,,,,,,0.0
150,20,RAW_SPREAD,24,BASELINE_RESIDUAL_EXIT,bitget/hyperliquid,NON_GATE_PAIRS,4,1,3,0.75,15.984965005122485,15.984965005122485,1.0,15.984965005122485,15.984965005122485,15.984965005122485,15.984965005122485,-30.97944262822949,-30.97944262822949,128.09394927981054,128.09394927981054,840.0,840.0,840.0,840.0,0.015823679005368747,1,0,15.984965005122485,15.984965005122485,68.91120900512249,-32.926244000000004,35.98496500512248,-20.0,1.0
150,20,RAW_SPREAD,24,BASELINE_RESIDUAL_EXIT,bitget/okx,NON_GATE_PAIRS,3,0,3,1.0,,,,,,,,,,,,,,,,0.0,0,0,,,,,,,0.0
150,20,RAW_SPREAD,24,BASELINE_RESIDUAL_EXIT,gate/hyperliquid,GATE_PAIRS,55,0,55,1.0,,,,,,,,,,,,,,,,0.0,0,0,,,,,,,0.0
150,20,RAW_SPREAD,24,BASELINE_RESIDUAL_EXIT,gate/okx,GATE_PAIRS,70,0,70,1.0,,,,,,,,,,,,,,,,0.0,0,0,,,,,,,0.0
150,20,RAW_SPREAD,24,BASELINE_RESIDUAL_EXIT,hyperliquid/okx,NON_GATE_PAIRS,0,0,0,,,,,,,,,,,,,,,,,,0,0,,,,,,,
150,20,RAW_SPREAD,24,BASELINE_RESIDUAL_EXIT,ALL_GATE_PAIRS,GATE_PAIRS,255,0,255,1.0,,,,,,,,,,,,,,,,0.0,0,0,,,,,,,0.0
150,20,RAW_SPREAD,24,BASELINE_RESIDUAL_EXIT,ALL_NON_GATE_PAIRS,NON_GATE_PAIRS,12,5,7,0.5833333333333334,25.945381235116894,15.984965005122485,0.8,-2.2148231894240706,13.723459475951834,51.547993065473776,54.04550460093829,-24.349431374106167,-30.97944262822949,77.78145575306073,91.39192885879498,264.0,135.0,606.0,840.0,0.006216445323537723,5,0,15.984965005122485,32.63572627071281,66.36971779149968,-20.424336556382805,45.9453812351169,-20.0,3.0
150,20,RAW_SPREAD,24,BASELINE_RESIDUAL_EXIT,ALL_PAIRS,ALL,267,5,262,0.9812734082397003,25.945381235116894,15.984965005122485,0.8,-2.2148231894240706,13.723459475951834,51.547993065473776,54.04550460093829,-24.349431374106167,-30.97944262822949,77.78145575306073,91.39192885879498,264.0,135.0,606.0,840.0,0.0031082226617688614,5,0,15.984965005122485,32.63572627071281,66.36971779149968,-20.424336556382805,45.9453812351169,-20.0,3.0
150,20,RAW_SPREAD,24,FRACTIONAL_RESIDUAL_EXIT,binance/bitget,NON_GATE_PAIRS,0,0,0,,,,,,,,,,,,,,,,,,0,0,,,,,,,
150,20,RAW_SPREAD,24,FRACTIONAL_RESIDUAL_EXIT,binance/gate,GATE_PAIRS,85,0,85,1.0,,,,,,,,,,,,,,,,0.0,0,0,,,,,,,0.0
150,20,RAW_SPREAD,24,FRACTIONAL_RESIDUAL_EXIT,binance/hyperliquid,NON_GATE_PAIRS,4,3,1,0.25,46.27524108501987,51.547993065473776,1.0,17.50591283490403,32.63572627071281,62.551131889553886,71.35364294881798,-30.122361885605766,-10.452493526236228,84.98599224252371,91.39192885879498,435.0,255.0,843.0,990.0,0.024583215597626447,3,0,32.63572627071281,73.554270713634,63.49034875168653,2.7848923333333317,66.27524108501987,-20.0,2.0
150,20,RAW_SPREAD,24,FRACTIONAL_RESIDUAL_EXIT,binance/okx,NON_GATE_PAIRS,1,1,0,0.0,13.266766678200264,13.266766678200264,1.0,13.266766678200264,13.266766678200264,13.266766678200264,13.266766678200264,-38.86115590412187,-38.86115590412187,83.75960020700734,83.75960020700734,105.0,105.0,105.0,105.0,0.0019779598756710934,1,0,13.266766678200264,13.266766678200264,84.54733246011426,-51.280565781914,33.26676667820026,-20.0,1.0
150,20,RAW_SPREAD,24,FRACTIONAL_RESIDUAL_EXIT,bitget/gate,GATE_PAIRS,45,0,45,1.0,,,,,,,,,,,,,,,,0.0,0,0,,,,,,,0.0
150,20,RAW_SPREAD,24,FRACTIONAL_RESIDUAL_EXIT,bitget/hyperliquid,NON_GATE_PAIRS,4,0,4,1.0,,,,,,,,,,,,,,,,0.0,0,0,,,,,,,0.0
150,20,RAW_SPREAD,24,FRACTIONAL_RESIDUAL_EXIT,bitget/okx,NON_GATE_PAIRS,3,0,3,1.0,,,,,,,,,,,,,,,,0.0,0,0,,,,,,,0.0
150,20,RAW_SPREAD,24,FRACTIONAL_RESIDUAL_EXIT,gate/hyperliquid,GATE_PAIRS,55,0,55,1.0,,,,,,,,,,,,,,,,0.0,0,0,,,,,,,0.0
150,20,RAW_SPREAD,24,FRACTIONAL_RESIDUAL_EXIT,gate/okx,GATE_PAIRS,70,0,70,1.0,,,,,,,,,,,,,,,,0.0,0,0,,,,,,,0.0
150,20,RAW_SPREAD,24,FRACTIONAL_RESIDUAL_EXIT,hyperliquid/okx,NON_GATE_PAIRS,0,0,0,,,,,,,,,,,,,,,,,,0,0,,,,,,,
150,20,RAW_SPREAD,24,FRACTIONAL_RESIDUAL_EXIT,ALL_GATE_PAIRS,GATE_PAIRS,255,0,255,1.0,,,,,,,,,,,,,,,,0.0,0,0,,,,,,,0.0
150,20,RAW_SPREAD,24,FRACTIONAL_RESIDUAL_EXIT,ALL_NON_GATE_PAIRS,NON_GATE_PAIRS,12,4,8,0.6666666666666666,38.02312248331497,32.63572627071281,1.0,13.335270597863,13.609286276513942,57.04956247751383,70.25332906640996,-32.307060390234795,-24.65682471517905,84.67939423364462,87.57576453290116,352.5,180.0,769.5000000000001,990.0,0.006640293868324386,4,2,32.63572627071281,43.41051869591713,68.75459467879347,-10.731472195478501,58.02312248331497,-20.0,2.0
150,20,RAW_SPREAD,24,FRACTIONAL_RESIDUAL_EXIT,ALL_PAIRS,ALL,267,4,263,0.9850187265917603,38.02312248331497,32.63572627071281,1.0,13.335270597863,13.609286276513942,57.04956247751383,70.25332906640996,-32.307060390234795,-24.65682471517905,84.67939423364462,87.57576453290116,352.5,180.0,769.5000000000001,990.0,0.003320146934162193,4,2,32.63572627071281,43.41051869591713,68.75459467879347,-10.731472195478501,58.02312248331497,-20.0,2.0
150,40,RAW_SPREAD,24,LEGACY_RAW_EXIT,binance/bitget,NON_GATE_PAIRS,0,0,0,,,,,,,,,,,,,,,,,,0,0,,,,,,,
150,40,RAW_SPREAD,24,LEGACY_RAW_EXIT,binance/gate,GATE_PAIRS,85,1,84,0.9882352941176471,-19.387060040393216,-19.387060040393216,0.0,-19.387060040393216,-19.387060040393216,-19.387060040393216,-19.387060040393216,-9.777871700573648,-9.777871700573648,56.08812452608913,56.08812452608913,60.0,60.0,60.0,60.0,0.0011302627860977678,0,0,-19.387060040393216,-19.387060040393216,56.76443995960678,-36.1515,20.612939959606784,-40.0,1.0
150,40,RAW_SPREAD,24,LEGACY_RAW_EXIT,binance/hyperliquid,NON_GATE_PAIRS,5,5,0,0.0,-7.283149331928439,-15.585974358991372,0.4,-27.055042239946093,-26.199393855768047,1.0905828256340584,25.456511017505825,-19.29093061667553,-19.1676329670587,40.548317301985605,37.70397501095202,63.0,60.0,93.0,105.0,0.00593387962701328,4,0,-26.199393855768047,-2.554088200968536,41.44959246807156,-8.732741800000001,32.71685066807156,-40.0,2.0
150,40,RAW_SPREAD,24,LEGACY_RAW_EXIT,binance/okx,NON_GATE_PAIRS,1,1,0,0.0,-48.39477593056383,-48.39477593056383,0.0,-48.39477593056383,-48.39477593056383,-48.39477593056383,-48.39477593056383,-38.86115590412187,-38.86115590412187,43.917453322726,43.917453322726,60.0,60.0,60.0,60.0,0.0011302627860977678,1,0,-48.39477593056383,-48.39477593056383,42.88578985135017,-51.280565781914,-8.394775930563831,-40.0,1.0
150,40,RAW_SPREAD,24,LEGACY_RAW_EXIT,bitget/gate,GATE_PAIRS,45,0,45,1.0,,,,,,,,,,,,,,,,0.0,0,0,,,,,,,0.0
150,40,RAW_SPREAD,24,LEGACY_RAW_EXIT,bitget/hyperliquid,NON_GATE_PAIRS,6,6,0,0.0,8.712508517585757,7.4617815446003375,0.8333333333333334,0.3778514071398363,3.118861103457755,13.231517529581204,19.22277269793637,-7.5055909690195195,11.398527516207622,55.16888729990307,53.95822403264805,137.5,45.0,352.5,525.0,0.015541113308844307,1,0,3.7032777468933404,12.329456581870087,59.00125051758575,-10.288742000000001,48.71250851758575,-40.0,5.0
150,40,RAW_SPREAD,24,LEGACY_RAW_EXIT,bitget/okx,NON_GATE_PAIRS,5,5,0,0.0,-17.982845982861456,-5.280024850000643,0.4,-73.3913755313952,-43.675087903597166,14.507273599404549,23.18470006246546,3.1155775497406752,36.51415060404784,38.142238242672825,36.51415060404784,54.0,15.0,120.0,150.0,0.005086182537439954,0,0,-80.8204474383447,25.35405667823069,37.90609314739734,-15.8889391302588,22.017154017138544,-40.0,3.0
150,40,RAW_SPREAD,24,LEGACY_RAW_EXIT,gate/hyperliquid,GATE_PAIRS,55,0,55,1.0,,,,,,,,,,,,,,,,0.0,0,0,,,,,,,0.0
150,40,RAW_SPREAD,24,LEGACY_RAW_EXIT,gate/okx,GATE_PAIRS,71,1,70,0.9859154929577465,-32.161683895391015,-32.161683895391015,0.0,-32.161683895391015,-32.161683895391015,-32.161683895391015,-32.161683895391015,-7.508122656061378,-7.508122656061378,27.854335248780338,27.854335248780338,60.0,60.0,60.0,60.0,0.0011302627860977678,0,0,-32.161683895391015,-32.161683895391015,28.53065068229799,-20.692334577689003,7.838316104608985,-40.0,1.0
150,40,RAW_SPREAD,24,LEGACY_RAW_EXIT,hyperliquid/okx,NON_GATE_PAIRS,0,0,0,,,,,,,,,,,,,,,,,,0,0,,,,,,,
150,40,RAW_SPREAD,24,LEGACY_RAW_EXIT,ALL_GATE_PAIRS,GATE_PAIRS,256,2,254,0.9921875,-25.774371967892115,-25.774371967892115,0.0,-31.522952702641124,-28.968027931641565,-22.580716004142666,-20.025791233143106,-8.642997178317513,-8.642997178317513,41.97122988743473,41.97122988743473,60.0,60.0,60.0,60.0,0.0005651313930488839,0,2,-25.774371967892115,-25.774371967892115,42.64754532095239,-28.4219172888445,14.225628032107885,-40.0,1.0
150,40,RAW_SPREAD,24,LEGACY_RAW_EXIT,ALL_NON_GATE_PAIRS,NON_GATE_PAIRS,17,17,0,0.0,-7.202923611705809,1.0905828256340584,0.5294117647058824,-54.879910232120004,-26.199393855768047,14.366694789869976,26.592843955679303,-9.692439238406662,-18.74649982283372,45.19903263796685,47.26674982563406,86.47058823529412,60.0,162.0,525.0,0.006922859564848827,6,11,-28.820842557642145,10.663680164971826,46.68657182554172,-13.88949543724753,32.797076388294194,-40.0,5.0
150,40,RAW_SPREAD,24,LEGACY_RAW_EXIT,ALL_PAIRS,ALL,273,19,254,0.9304029304029304,-9.157812912356997,-0.3159611319630215,0.47368421052631576,-51.63734308134192,-26.734174095879325,12.09634026929243,25.973450316954985,-9.58197165313412,-10.452493526236228,44.859263927384525,47.26674982563406,83.6842105263158,60.0,155.99999999999997,525.0,0.003743995478948856,6,13,-27.85950532329127,3.853679597283074,46.26141114084811,-15.419224053205106,30.842187087643005,-40.0,6.0
150,40,RAW_SPREAD,24,BASELINE_RESIDUAL_EXIT,binance/bitget,NON_GATE_PAIRS,0,0,0,,,,,,,,,,,,,,,,,,0,0,,,,,,,
150,40,RAW_SPREAD,24,BASELINE_RESIDUAL_EXIT,binance/gate,GATE_PAIRS,85,0,85,1.0,,,,,,,,,,,,,,,,0.0,0,0,,,,,,,0.0
150,40,RAW_SPREAD,24,BASELINE_RESIDUAL_EXIT,binance/hyperliquid,NON_GATE_PAIRS,4,3,1,0.25,-0.309313771447479,-6.2765405240481655,0.3333333333333333,-24.20710852259606,-16.237967189908105,12.635726270712805,27.76553970652158,-17.302186112726492,-10.452493526236228,45.26952424473503,31.269563092047868,115.0,60.0,216.0,255.0,0.0064990110200621645,3,0,-26.199393855768047,12.635726270712805,45.662310561885846,-5.9716243333333345,39.69068622855252,-40.0,2.0
150,40,RAW_SPREAD,24,BASELINE_RESIDUAL_EXIT,binance/okx,NON_GATE_PAIRS,1,1,0,0.0,34.66988248480442,34.66988248480442,1.0,34.66988248480442,34.66988248480442,34.66988248480442,34.66988248480442,-38.86115590412187,-38.86115590412187,125.00475675128796,125.00475675128796,135.0,135.0,135.0,135.0,0.002543091268719977,1,0,34.66988248480442,34.66988248480442,125.9504482667184,-51.280565781914,74.66988248480442,-40.0,1.0
150,40,RAW_SPREAD,24,BASELINE_RESIDUAL_EXIT,bitget/gate,GATE_PAIRS,45,0,45,1.0,,,,,,,,,,,,,,,,0.0,0,0,,,,,,,0.0
150,40,RAW_SPREAD,24,BASELINE_RESIDUAL_EXIT,bitget/hyperliquid,NON_GATE_PAIRS,4,1,3,0.75,-4.015034994877517,-4.015034994877517,0.0,-4.015034994877517,-4.015034994877517,-4.015034994877517,-4.015034994877517,-30.97944262822949,-30.97944262822949,128.09394927981054,128.09394927981054,840.0,840.0,840.0,840.0,0.015823679005368747,1,0,-4.015034994877517,-4.015034994877517,68.91120900512249,-32.926244000000004,35.98496500512248,-40.0,1.0
150,40,RAW_SPREAD,24,BASELINE_RESIDUAL_EXIT,bitget/okx,NON_GATE_PAIRS,3,0,3,1.0,,,,,,,,,,,,,,,,0.0,0,0,,,,,,,0.0
150,40,RAW_SPREAD,24,BASELINE_RESIDUAL_EXIT,gate/hyperliquid,GATE_PAIRS,55,0,55,1.0,,,,,,,,,,,,,,,,0.0,0,0,,,,,,,0.0
150,40,RAW_SPREAD,24,BASELINE_RESIDUAL_EXIT,gate/okx,GATE_PAIRS,70,0,70,1.0,,,,,,,,,,,,,,,,0.0,0,0,,,,,,,0.0
150,40,RAW_SPREAD,24,BASELINE_RESIDUAL_EXIT,hyperliquid/okx,NON_GATE_PAIRS,0,0,0,,,,,,,,,,,,,,,,,,0,0,,,,,,,
150,40,RAW_SPREAD,24,BASELINE_RESIDUAL_EXIT,ALL_GATE_PAIRS,GATE_PAIRS,255,0,255,1.0,,,,,,,,,,,,,,,,0.0,0,0,,,,,,,0.0
150,40,RAW_SPREAD,24,BASELINE_RESIDUAL_EXIT,ALL_NON_GATE_PAIRS,NON_GATE_PAIRS,12,5,7,0.5833333333333334,5.945381235116892,-4.015034994877517,0.4,-22.21482318942407,-6.2765405240481655,31.547993065473776,34.04550460093829,-24.349431374106167,-30.97944262822949,77.78145575306073,91.39192885879498,264.0,135.0,606.0,840.0,0.006216445323537723,5,0,-4.015034994877517,12.635726270712803,66.36971779149968,-20.424336556382805,45.9453812351169,-40.0,3.0
150,40,RAW_SPREAD,24,BASELINE_RESIDUAL_EXIT,ALL_PAIRS,ALL,267,5,262,0.9812734082397003,5.945381235116892,-4.015034994877517,0.4,-22.21482318942407,-6.2765405240481655,31.547993065473776,34.04550460093829,-24.349431374106167,-30.97944262822949,77.78145575306073,91.39192885879498,264.0,135.0,606.0,840.0,0.0031082226617688614,5,0,-4.015034994877517,12.635726270712803,66.36971779149968,-20.424336556382805,45.9453812351169,-40.0,3.0
150,40,RAW_SPREAD,24,FRACTIONAL_RESIDUAL_EXIT,binance/bitget,NON_GATE_PAIRS,0,0,0,,,,,,,,,,,,,,,,,,0,0,,,,,,,
150,40,RAW_SPREAD,24,FRACTIONAL_RESIDUAL_EXIT,binance/gate,GATE_PAIRS,85,0,85,1.0,,,,,,,,,,,,,,,,0.0,0,0,,,,,,,0.0
150,40,RAW_SPREAD,24,FRACTIONAL_RESIDUAL_EXIT,binance/hyperliquid,NON_GATE_PAIRS,4,3,1,0.25,26.27524108501987,31.547993065473776,0.6666666666666666,-2.494087165095971,12.635726270712805,42.551131889553886,51.35364294881797,-30.122361885605766,-10.452493526236228,84.98599224252371,91.39192885879498,435.0,255.0,843.0,990.0,0.024583215597626447,3,0,12.635726270712805,53.554270713634,63.49034875168653,2.7848923333333317,66.27524108501987,-40.0,2.0
150,40,RAW_SPREAD,24,FRACTIONAL_RESIDUAL_EXIT,binance/okx,NON_GATE_PAIRS,1,1,0,0.0,-6.733233321799737,-6.733233321799737,0.0,-6.733233321799737,-6.733233321799737,-6.733233321799737,-6.733233321799737,-38.86115590412187,-38.86115590412187,83.75960020700734,83.75960020700734,105.0,105.0,105.0,105.0,0.0019779598756710934,1,0,-6.733233321799737,-6.733233321799737,84.54733246011426,-51.280565781914,33.26676667820026,-40.0,1.0
150,40,RAW_SPREAD,24,FRACTIONAL_RESIDUAL_EXIT,bitget/gate,GATE_PAIRS,45,0,45,1.0,,,,,,,,,,,,,,,,0.0,0,0,,,,,,,0.0
150,40,RAW_SPREAD,24,FRACTIONAL_RESIDUAL_EXIT,bitget/hyperliquid,NON_GATE_PAIRS,4,0,4,1.0,,,,,,,,,,,,,,,,0.0,0,0,,,,,,,0.0
150,40,RAW_SPREAD,24,FRACTIONAL_RESIDUAL_EXIT,bitget/okx,NON_GATE_PAIRS,3,0,3,1.0,,,,,,,,,,,,,,,,0.0,0,0,,,,,,,0.0
150,40,RAW_SPREAD,24,FRACTIONAL_RESIDUAL_EXIT,gate/hyperliquid,GATE_PAIRS,55,0,55,1.0,,,,,,,,,,,,,,,,0.0,0,0,,,,,,,0.0
150,40,RAW_SPREAD,24,FRACTIONAL_RESIDUAL_EXIT,gate/okx,GATE_PAIRS,70,0,70,1.0,,,,,,,,,,,,,,,,0.0,0,0,,,,,,,0.0
150,40,RAW_SPREAD,24,FRACTIONAL_RESIDUAL_EXIT,hyperliquid/okx,NON_GATE_PAIRS,0,0,0,,,,,,,,,,,,,,,,,,0,0,,,,,,,
150,40,RAW_SPREAD,24,FRACTIONAL_RESIDUAL_EXIT,ALL_GATE_PAIRS,GATE_PAIRS,255,0,255,1.0,,,,,,,,,,,,,,,,0.0,0,0,,,,,,,0.0
150,40,RAW_SPREAD,24,FRACTIONAL_RESIDUAL_EXIT,ALL_NON_GATE_PAIRS,NON_GATE_PAIRS,12,4,8,0.6666666666666666,18.02312248331497,12.635726270712805,0.5,-6.664729402137001,-6.3907137234860585,37.04956247751383,50.253329066409954,-32.307060390234795,-24.65682471517905,84.67939423364462,87.57576453290116,352.5,180.0,769.5000000000001,990.0,0.006640293868324386,4,2,12.635726270712805,23.41051869591713,68.75459467879347,-10.731472195478501,58.02312248331497,-40.0,2.0
150,40,RAW_SPREAD,24,FRACTIONAL_RESIDUAL_EXIT,ALL_PAIRS,ALL,267,4,263,0.9850187265917603,18.02312248331497,12.635726270712805,0.5,-6.664729402137001,-6.3907137234860585,37.04956247751383,50.253329066409954,-32.307060390234795,-24.65682471517905,84.67939423364462,87.57576453290116,352.5,180.0,769.5000000000001,990.0,0.003320146934162193,4,2,12.635726270712805,23.41051869591713,68.75459467879347,-10.731472195478501,58.02312248331497,-40.0,2.0
150,58,RAW_SPREAD,24,LEGACY_RAW_EXIT,binance/bitget,NON_GATE_PAIRS,0,0,0,,,,,,,,,,,,,,,,,,0,0,,,,,,,
150,58,RAW_SPREAD,24,LEGACY_RAW_EXIT,binance/gate,GATE_PAIRS,85,1,84,0.9882352941176471,-37.387060040393216,-37.387060040393216,0.0,-37.387060040393216,-37.387060040393216,-37.387060040393216,-37.387060040393216,-9.777871700573648,-9.777871700573648,56.08812452608913,56.08812452608913,60.0,60.0,60.0,60.0,0.0011302627860977678,0,0,-37.387060040393216,-37.387060040393216,56.76443995960678,-36.1515,20.612939959606784,-58.0,1.0
150,58,RAW_SPREAD,24,LEGACY_RAW_EXIT,binance/hyperliquid,NON_GATE_PAIRS,5,5,0,0.0,-25.28314933192844,-33.58597435899137,0.2,-45.0550422399461,-44.19939385576805,-16.90941717436594,7.456511017505827,-19.29093061667553,-19.1676329670587,40.548317301985605,37.70397501095202,63.0,60.0,93.0,105.0,0.00593387962701328,4,0,-44.19939385576805,-20.554088200968536,41.44959246807156,-8.732741800000001,32.71685066807156,-58.0,2.0
150,58,RAW_SPREAD,24,LEGACY_RAW_EXIT,binance/okx,NON_GATE_PAIRS,1,1,0,0.0,-66.39477593056384,-66.39477593056384,0.0,-66.39477593056384,-66.39477593056384,-66.39477593056384,-66.39477593056384,-38.86115590412187,-38.86115590412187,43.917453322726,43.917453322726,60.0,60.0,60.0,60.0,0.0011302627860977678,1,0,-66.39477593056384,-66.39477593056384,42.88578985135017,-51.280565781914,-8.394775930563831,-58.0,1.0
150,58,RAW_SPREAD,24,LEGACY_RAW_EXIT,bitget/gate,GATE_PAIRS,45,0,45,1.0,,,,,,,,,,,,,,,,0.0,0,0,,,,,,,0.0
150,58,RAW_SPREAD,24,LEGACY_RAW_EXIT,bitget/hyperliquid,NON_GATE_PAIRS,6,6,0,0.0,-9.287491482414243,-10.538218455399662,0.16666666666666666,-17.622148592860164,-14.881138896542245,-4.768482470418798,1.222772697936371,-7.5055909690195195,11.398527516207622,55.16888729990307,53.95822403264805,137.5,45.0,352.5,525.0,0.015541113308844307,1,0,-14.29672225310666,-5.834159422104477,59.00125051758575,-10.288742000000001,48.71250851758575,-58.0,5.0
150,58,RAW_SPREAD,24,LEGACY_RAW_EXIT,bitget/okx,NON_GATE_PAIRS,5,5,0,0.0,-35.982845982861456,-23.280024850000643,0.2,-91.3913755313952,-61.675087903597166,-3.4927264005954517,5.184700062465461,3.1155775497406752,36.51415060404784,38.142238242672825,36.51415060404784,54.0,15.0,120.0,150.0,0.005086182537439954,0,0,-63.42894606615291,7.354056678230691,37.90609314739734,-15.8889391302588,22.017154017138544,-58.0,3.0
150,58,RAW_SPREAD,24,LEGACY_RAW_EXIT,gate/hyperliquid,GATE_PAIRS,55,0,55,1.0,,,,,,,,,,,,,,,,0.0,0,0,,,,,,,0.0
150,58,RAW_SPREAD,24,LEGACY_RAW_EXIT,gate/okx,GATE_PAIRS,71,1,70,0.9859154929577465,-50.161683895391015,-50.161683895391015,0.0,-50.161683895391015,-50.161683895391015,-50.161683895391015,-50.161683895391015,-7.508122656061378,-7.508122656061378,27.854335248780338,27.854335248780338,60.0,60.0,60.0,60.0,0.0011302627860977678,0,0,-50.161683895391015,-50.161683895391015,28.53065068229799,-20.692334577689003,7.838316104608985,-58.0,1.0
150,58,RAW_SPREAD,24,LEGACY_RAW_EXIT,hyperliquid/okx,NON_GATE_PAIRS,0,0,0,,,,,,,,,,,,,,,,,,0,0,,,,,,,
150,58,RAW_SPREAD,24,LEGACY_RAW_EXIT,ALL_GATE_PAIRS,GATE_PAIRS,256,2,254,0.9921875,-43.774371967892115,-43.774371967892115,0.0,-49.52295270264113,-46.968027931641565,-40.580716004142666,-38.0257912331431,-8.642997178317513,-8.642997178317513,41.97122988743473,41.97122988743473,60.0,60.0,60.0,60.0,0.0005651313930488839,0,2,-43.774371967892115,-43.774371967892115,42.64754532095239,-28.4219172888445,14.225628032107885,-58.0,1.0
150,58,RAW_SPREAD,24,LEGACY_RAW_EXIT,ALL_NON_GATE_PAIRS,NON_GATE_PAIRS,17,17,0,0.0,-25.20292361170581,-16.90941717436594,0.17647058823529413,-72.87991023212001,-44.19939385576805,-3.6333052101300254,8.592843955679303,-9.692439238406662,-18.74649982283372,45.19903263796685,47.26674982563406,86.47058823529412,60.0,162.0,525.0,0.006922859564848827,6,11,-44.20053962784443,-7.310608581364157,46.68657182554172,-13.88949543724753,32.797076388294194,-58.0,5.0
150,58,RAW_SPREAD,24,LEGACY_RAW_EXIT,ALL_PAIRS,ALL,273,19,254,0.9304029304029304,-27.157812912357002,-18.31596113196302,0.15789473684210525,-69.63734308134192,-44.734174095879325,-5.90365973070757,7.973450316954986,-9.58197165313412,-10.452493526236228,44.859263927384525,47.26674982563406,83.6842105263158,60.0,155.99999999999997,525.0,0.003743995478948856,6,13,-44.44784068942722,-14.151089420778055,46.26141114084811,-15.419224053205106,30.842187087643005,-58.0,6.0
150,58,RAW_SPREAD,24,BASELINE_RESIDUAL_EXIT,binance/bitget,NON_GATE_PAIRS,0,0,0,,,,,,,,,,,,,,,,,,0,0,,,,,,,
150,58,RAW_SPREAD,24,BASELINE_RESIDUAL_EXIT,binance/gate,GATE_PAIRS,85,0,85,1.0,,,,,,,,,,,,,,,,0.0,0,0,,,,,,,0.0
150,58,RAW_SPREAD,24,BASELINE_RESIDUAL_EXIT,binance/hyperliquid,NON_GATE_PAIRS,4,3,1,0.25,-18.30931377144748,-24.27654052404817,0.3333333333333333,-42.207108522596066,-34.23796718990811,-5.3642737292871985,9.765539706521578,-17.302186112726492,-10.452493526236228,45.26952424473503,31.269563092047868,115.0,60.0,216.0,255.0,0.0064990110200621645,3,0,-44.19939385576805,-5.364273729287197,45.662310561885846,-5.9716243333333345,39.69068622855252,-58.0,2.0
150,58,RAW_SPREAD,24,BASELINE_RESIDUAL_EXIT,binance/okx,NON_GATE_PAIRS,1,1,0,0.0,16.66988248480442,16.66988248480442,1.0,16.66988248480442,16.66988248480442,16.66988248480442,16.66988248480442,-38.86115590412187,-38.86115590412187,125.00475675128796,125.00475675128796,135.0,135.0,135.0,135.0,0.002543091268719977,1,0,16.66988248480442,16.66988248480442,125.9504482667184,-51.280565781914,74.66988248480442,-58.0,1.0
150,58,RAW_SPREAD,24,BASELINE_RESIDUAL_EXIT,bitget/gate,GATE_PAIRS,45,0,45,1.0,,,,,,,,,,,,,,,,0.0,0,0,,,,,,,0.0
150,58,RAW_SPREAD,24,BASELINE_RESIDUAL_EXIT,bitget/hyperliquid,NON_GATE_PAIRS,4,1,3,0.75,-22.01503499487752,-22.01503499487752,0.0,-22.01503499487752,-22.01503499487752,-22.01503499487752,-22.01503499487752,-30.97944262822949,-30.97944262822949,128.09394927981054,128.09394927981054,840.0,840.0,840.0,840.0,0.015823679005368747,1,0,-22.01503499487752,-22.01503499487752,68.91120900512249,-32.926244000000004,35.98496500512248,-58.0,1.0
150,58,RAW_SPREAD,24,BASELINE_RESIDUAL_EXIT,bitget/okx,NON_GATE_PAIRS,3,0,3,1.0,,,,,,,,,,,,,,,,0.0,0,0,,,,,,,0.0
150,58,RAW_SPREAD,24,BASELINE_RESIDUAL_EXIT,gate/hyperliquid,GATE_PAIRS,55,0,55,1.0,,,,,,,,,,,,,,,,0.0,0,0,,,,,,,0.0
150,58,RAW_SPREAD,24,BASELINE_RESIDUAL_EXIT,gate/okx,GATE_PAIRS,70,0,70,1.0,,,,,,,,,,,,,,,,0.0,0,0,,,,,,,0.0
150,58,RAW_SPREAD,24,BASELINE_RESIDUAL_EXIT,hyperliquid/okx,NON_GATE_PAIRS,0,0,0,,,,,,,,,,,,,,,,,,0,0,,,,,,,
150,58,RAW_SPREAD,24,BASELINE_RESIDUAL_EXIT,ALL_GATE_PAIRS,GATE_PAIRS,255,0,255,1.0,,,,,,,,,,,,,,,,0.0,0,0,,,,,,,0.0
150,58,RAW_SPREAD,24,BASELINE_RESIDUAL_EXIT,ALL_NON_GATE_PAIRS,NON_GATE_PAIRS,12,5,7,0.5833333333333334,-12.054618764883111,-22.01503499487752,0.4,-40.214823189424074,-24.27654052404817,13.547993065473776,16.04550460093829,-24.349431374106167,-30.97944262822949,77.78145575306073,91.39192885879498,264.0,135.0,606.0,840.0,0.006216445323537723,5,0,-22.01503499487752,-8.094430365050512,66.36971779149968,-20.424336556382805,45.9453812351169,-58.0,3.0
150,58,RAW_SPREAD,24,BASELINE_RESIDUAL_EXIT,ALL_PAIRS,ALL,267,5,262,0.9812734082397003,-12.054618764883111,-22.01503499487752,0.4,-40.214823189424074,-24.27654052404817,13.547993065473776,16.04550460093829,-24.349431374106167,-30.97944262822949,77.78145575306073,91.39192885879498,264.0,135.0,606.0,840.0,0.0031082226617688614,5,0,-22.01503499487752,-8.094430365050512,66.36971779149968,-20.424336556382805,45.9453812351169,-58.0,3.0
150,58,RAW_SPREAD,24,FRACTIONAL_RESIDUAL_EXIT,binance/bitget,NON_GATE_PAIRS,0,0,0,,,,,,,,,,,,,,,,,,0,0,,,,,,,
150,58,RAW_SPREAD,24,FRACTIONAL_RESIDUAL_EXIT,binance/gate,GATE_PAIRS,85,0,85,1.0,,,,,,,,,,,,,,,,0.0,0,0,,,,,,,0.0
150,58,RAW_SPREAD,24,FRACTIONAL_RESIDUAL_EXIT,binance/hyperliquid,NON_GATE_PAIRS,4,3,1,0.25,8.275241085019868,13.547993065473776,0.6666666666666666,-20.494087165095973,-5.3642737292871985,24.551131889553886,33.35364294881797,-30.122361885605766,-10.452493526236228,84.98599224252371,91.39192885879498,435.0,255.0,843.0,990.0,0.024583215597626447,3,0,-5.364273729287197,35.554270713634,63.49034875168653,2.7848923333333317,66.27524108501987,-58.0,2.0
150,58,RAW_SPREAD,24,FRACTIONAL_RESIDUAL_EXIT,binance/okx,NON_GATE_PAIRS,1,1,0,0.0,-24.733233321799737,-24.733233321799737,0.0,-24.733233321799737,-24.733233321799737,-24.733233321799737,-24.733233321799737,-38.86115590412187,-38.86115590412187,83.75960020700734,83.75960020700734,105.0,105.0,105.0,105.0,0.0019779598756710934,1,0,-24.733233321799737,-24.733233321799737,84.54733246011426,-51.280565781914,33.26676667820026,-58.0,1.0
150,58,RAW_SPREAD,24,FRACTIONAL_RESIDUAL_EXIT,bitget/gate,GATE_PAIRS,45,0,45,1.0,,,,,,,,,,,,,,,,0.0,0,0,,,,,,,0.0
150,58,RAW_SPREAD,24,FRACTIONAL_RESIDUAL_EXIT,bitget/hyperliquid,NON_GATE_PAIRS,4,0,4,1.0,,,,,,,,,,,,,,,,0.0,0,0,,,,,,,0.0
150,58,RAW_SPREAD,24,FRACTIONAL_RESIDUAL_EXIT,bitget/okx,NON_GATE_PAIRS,3,0,3,1.0,,,,,,,,,,,,,,,,0.0,0,0,,,,,,,0.0
150,58,RAW_SPREAD,24,FRACTIONAL_RESIDUAL_EXIT,gate/hyperliquid,GATE_PAIRS,55,0,55,1.0,,,,,,,,,,,,,,,,0.0,0,0,,,,,,,0.0
150,58,RAW_SPREAD,24,FRACTIONAL_RESIDUAL_EXIT,gate/okx,GATE_PAIRS,70,0,70,1.0,,,,,,,,,,,,,,,,0.0,0,0,,,,,,,0.0
150,58,RAW_SPREAD,24,FRACTIONAL_RESIDUAL_EXIT,hyperliquid/okx,NON_GATE_PAIRS,0,0,0,,,,,,,,,,,,,,,,,,0,0,,,,,,,
150,58,RAW_SPREAD,24,FRACTIONAL_RESIDUAL_EXIT,ALL_GATE_PAIRS,GATE_PAIRS,255,0,255,1.0,,,,,,,,,,,,,,,,0.0,0,0,,,,,,,0.0
150,58,RAW_SPREAD,24,FRACTIONAL_RESIDUAL_EXIT,ALL_NON_GATE_PAIRS,NON_GATE_PAIRS,12,4,8,0.6666666666666666,0.02312248331496658,-5.364273729287197,0.5,-24.664729402137002,-24.390713723486062,19.04956247751383,32.253329066409954,-32.307060390234795,-24.65682471517905,84.67939423364462,87.57576453290116,352.5,180.0,769.5000000000001,990.0,0.006640293868324386,4,2,-5.364273729287197,5.41051869591713,68.75459467879347,-10.731472195478501,58.02312248331497,-58.0,2.0
150,58,RAW_SPREAD,24,FRACTIONAL_RESIDUAL_EXIT,ALL_PAIRS,ALL,267,4,263,0.9850187265917603,0.02312248331496658,-5.364273729287197,0.5,-24.664729402137002,-24.390713723486062,19.04956247751383,32.253329066409954,-32.307060390234795,-24.65682471517905,84.67939423364462,87.57576453290116,352.5,180.0,769.5000000000001,990.0,0.003320146934162193,4,2,-5.364273729287197,5.41051869591713,68.75459467879347,-10.731472195478501,58.02312248331497,-58.0,2.0
150,80,RAW_SPREAD,24,LEGACY_RAW_EXIT,binance/bitget,NON_GATE_PAIRS,0,0,0,,,,,,,,,,,,,,,,,,0,0,,,,,,,
150,80,RAW_SPREAD,24,LEGACY_RAW_EXIT,binance/gate,GATE_PAIRS,85,1,84,0.9882352941176471,-59.387060040393216,-59.387060040393216,0.0,-59.387060040393216,-59.387060040393216,-59.387060040393216,-59.387060040393216,-9.777871700573648,-9.777871700573648,56.08812452608913,56.08812452608913,60.0,60.0,60.0,60.0,0.0011302627860977678,0,0,-59.387060040393216,-59.387060040393216,56.76443995960678,-36.1515,20.612939959606784,-80.0,1.0
150,80,RAW_SPREAD,24,LEGACY_RAW_EXIT,binance/hyperliquid,NON_GATE_PAIRS,5,5,0,0.0,-47.28314933192844,-55.58597435899137,0.0,-67.05504223994609,-66.19939385576805,-38.90941717436594,-14.543488982494173,-19.29093061667553,-19.1676329670587,40.548317301985605,37.70397501095202,63.0,60.0,93.0,105.0,0.00593387962701328,4,0,-66.19939385576805,-42.554088200968536,41.44959246807156,-8.732741800000001,32.71685066807156,-80.0,2.0
150,80,RAW_SPREAD,24,LEGACY_RAW_EXIT,binance/okx,NON_GATE_PAIRS,1,1,0,0.0,-88.39477593056384,-88.39477593056384,0.0,-88.39477593056384,-88.39477593056384,-88.39477593056384,-88.39477593056384,-38.86115590412187,-38.86115590412187,43.917453322726,43.917453322726,60.0,60.0,60.0,60.0,0.0011302627860977678,1,0,-88.39477593056384,-88.39477593056384,42.88578985135017,-51.280565781914,-8.394775930563831,-80.0,1.0
150,80,RAW_SPREAD,24,LEGACY_RAW_EXIT,bitget/gate,GATE_PAIRS,45,0,45,1.0,,,,,,,,,,,,,,,,0.0,0,0,,,,,,,0.0
150,80,RAW_SPREAD,24,LEGACY_RAW_EXIT,bitget/hyperliquid,NON_GATE_PAIRS,6,6,0,0.0,-31.287491482414243,-32.53821845539966,0.0,-39.622148592860164,-36.88113889654225,-26.768482470418796,-20.77722730206363,-7.5055909690195195,11.398527516207622,55.16888729990307,53.95822403264805,137.5,45.0,352.5,525.0,0.015541113308844307,1,0,-36.12215636684792,-27.834159422104477,59.00125051758575,-10.288742000000001,48.71250851758575,-80.0,5.0
150,80,RAW_SPREAD,24,LEGACY_RAW_EXIT,bitget/okx,NON_GATE_PAIRS,5,5,0,0.0,-57.982845982861456,-45.28002485000064,0.0,-113.3913755313952,-83.67508790359716,-25.49272640059545,-16.815299937534537,3.1155775497406752,36.51415060404784,38.142238242672825,36.51415060404784,54.0,15.0,120.0,150.0,0.005086182537439954,0,0,-120.82044743834471,-36.74794515954637,37.90609314739734,-15.8889391302588,22.017154017138544,-80.0,3.0
150,80,RAW_SPREAD,24,LEGACY_RAW_EXIT,gate/hyperliquid,GATE_PAIRS,55,0,55,1.0,,,,,,,,,,,,,,,,0.0,0,0,,,,,,,0.0
150,80,RAW_SPREAD,24,LEGACY_RAW_EXIT,gate/okx,GATE_PAIRS,71,1,70,0.9859154929577465,-72.16168389539101,-72.16168389539101,0.0,-72.16168389539101,-72.16168389539101,-72.16168389539101,-72.16168389539101,-7.508122656061378,-7.508122656061378,27.854335248780338,27.854335248780338,60.0,60.0,60.0,60.0,0.0011302627860977678,0,0,-72.16168389539101,-72.16168389539101,28.53065068229799,-20.692334577689003,7.838316104608985,-80.0,1.0
150,80,RAW_SPREAD,24,LEGACY_RAW_EXIT,hyperliquid/okx,NON_GATE_PAIRS,0,0,0,,,,,,,,,,,,,,,,,,0,0,,,,,,,
150,80,RAW_SPREAD,24,LEGACY_RAW_EXIT,ALL_GATE_PAIRS,GATE_PAIRS,256,2,254,0.9921875,-65.77437196789211,-65.77437196789211,0.0,-71.52295270264112,-68.96802793164156,-62.580716004142666,-60.0257912331431,-8.642997178317513,-8.642997178317513,41.97122988743473,41.97122988743473,60.0,60.0,60.0,60.0,0.0005651313930488839,0,2,-65.77437196789211,-65.77437196789211,42.64754532095239,-28.4219172888445,14.225628032107885,-80.0,1.0
150,80,RAW_SPREAD,24,LEGACY_RAW_EXIT,ALL_NON_GATE_PAIRS,NON_GATE_PAIRS,17,17,0,0.0,-47.202923611705806,-38.90941717436594,0.0,-94.87991023212001,-66.19939385576805,-25.633305210130025,-13.407156044320695,-9.692439238406662,-18.74649982283372,45.19903263796685,47.26674982563406,86.47058823529412,60.0,162.0,525.0,0.006922859564848827,6,11,-66.20053962784444,-29.969851105280537,46.68657182554172,-13.88949543724753,32.797076388294194,-80.0,5.0
150,80,RAW_SPREAD,24,LEGACY_RAW_EXIT,ALL_PAIRS,ALL,273,19,254,0.9304029304029304,-49.157812912356995,-40.31596113196302,0.0,-91.63734308134192,-66.73417409587933,-27.90365973070757,-14.026549683045012,-9.58197165313412,-10.452493526236228,44.859263927384525,47.26674982563406,83.6842105263158,60.0,155.99999999999997,525.0,0.003743995478948856,6,13,-66.44784068942722,-37.40956686279497,46.26141114084811,-15.419224053205106,30.842187087643005,-80.0,6.0
150,80,RAW_SPREAD,24,BASELINE_RESIDUAL_EXIT,binance/bitget,NON_GATE_PAIRS,0,0,0,,,,,,,,,,,,,,,,,,0,0,,,,,,,
150,80,RAW_SPREAD,24,BASELINE_RESIDUAL_EXIT,binance/gate,GATE_PAIRS,85,0,85,1.0,,,,,,,,,,,,,,,,0.0,0,0,,,,,,,0.0
150,80,RAW_SPREAD,24,BASELINE_RESIDUAL_EXIT,binance/hyperliquid,NON_GATE_PAIRS,4,3,1,0.25,-40.30931377144748,-46.276540524048166,0.0,-64.20710852259606,-56.237967189908105,-27.364273729287195,-12.234460293478422,-17.302186112726492,-10.452493526236228,45.26952424473503,31.269563092047868,115.0,60.0,216.0,255.0,0.0064990110200621645,3,0,-66.19939385576805,-27.364273729287195,45.662310561885846,-5.9716243333333345,39.69068622855252,-80.0,2.0
150,80,RAW_SPREAD,24,BASELINE_RESIDUAL_EXIT,binance/okx,NON_GATE_PAIRS,1,1,0,0.0,-5.330117515195582,-5.330117515195582,0.0,-5.330117515195582,-5.330117515195582,-5.330117515195582,-5.330117515195582,-38.86115590412187,-38.86115590412187,125.00475675128796,125.00475675128796,135.0,135.0,135.0,135.0,0.002543091268719977,1,0,-5.330117515195582,-5.330117515195582,125.9504482667184,-51.280565781914,74.66988248480442,-80.0,1.0
150,80,RAW_SPREAD,24,BASELINE_RESIDUAL_EXIT,bitget/gate,GATE_PAIRS,45,0,45,1.0,,,,,,,,,,,,,,,,0.0,0,0,,,,,,,0.0
150,80,RAW_SPREAD,24,BASELINE_RESIDUAL_EXIT,bitget/hyperliquid,NON_GATE_PAIRS,4,1,3,0.75,-44.01503499487752,-44.01503499487752,0.0,-44.01503499487752,-44.01503499487752,-44.01503499487752,-44.01503499487752,-30.97944262822949,-30.97944262822949,128.09394927981054,128.09394927981054,840.0,840.0,840.0,840.0,0.015823679005368747,1,0,-44.01503499487752,-44.01503499487752,68.91120900512249,-32.926244000000004,35.98496500512248,-80.0,1.0
150,80,RAW_SPREAD,24,BASELINE_RESIDUAL_EXIT,bitget/okx,NON_GATE_PAIRS,3,0,3,1.0,,,,,,,,,,,,,,,,0.0,0,0,,,,,,,0.0
150,80,RAW_SPREAD,24,BASELINE_RESIDUAL_EXIT,gate/hyperliquid,GATE_PAIRS,55,0,55,1.0,,,,,,,,,,,,,,,,0.0,0,0,,,,,,,0.0
150,80,RAW_SPREAD,24,BASELINE_RESIDUAL_EXIT,gate/okx,GATE_PAIRS,70,0,70,1.0,,,,,,,,,,,,,,,,0.0,0,0,,,,,,,0.0
150,80,RAW_SPREAD,24,BASELINE_RESIDUAL_EXIT,hyperliquid/okx,NON_GATE_PAIRS,0,0,0,,,,,,,,,,,,,,,,,,0,0,,,,,,,
150,80,RAW_SPREAD,24,BASELINE_RESIDUAL_EXIT,ALL_GATE_PAIRS,GATE_PAIRS,255,0,255,1.0,,,,,,,,,,,,,,,,0.0,0,0,,,,,,,0.0
150,80,RAW_SPREAD,24,BASELINE_RESIDUAL_EXIT,ALL_NON_GATE_PAIRS,NON_GATE_PAIRS,12,5,7,0.5833333333333334,-34.0546187648831,-44.01503499487752,0.0,-62.214823189424074,-46.276540524048166,-8.452006934526224,-5.95449539906171,-24.349431374106167,-30.97944262822949,77.78145575306073,91.39192885879498,264.0,135.0,606.0,840.0,0.006216445323537723,5,0,-39.88989534017966,-27.364273729287195,66.36971779149968,-20.424336556382805,45.9453812351169,-80.0,3.0
150,80,RAW_SPREAD,24,BASELINE_RESIDUAL_EXIT,ALL_PAIRS,ALL,267,5,262,0.9812734082397003,-34.0546187648831,-44.01503499487752,0.0,-62.214823189424074,-46.276540524048166,-8.452006934526224,-5.95449539906171,-24.349431374106167,-30.97944262822949,77.78145575306073,91.39192885879498,264.0,135.0,606.0,840.0,0.0031082226617688614,5,0,-39.88989534017966,-27.364273729287195,66.36971779149968,-20.424336556382805,45.9453812351169,-80.0,3.0
150,80,RAW_SPREAD,24,FRACTIONAL_RESIDUAL_EXIT,binance/bitget,NON_GATE_PAIRS,0,0,0,,,,,,,,,,,,,,,,,,0,0,,,,,,,
150,80,RAW_SPREAD,24,FRACTIONAL_RESIDUAL_EXIT,binance/gate,GATE_PAIRS,85,0,85,1.0,,,,,,,,,,,,,,,,0.0,0,0,,,,,,,0.0
150,80,RAW_SPREAD,24,FRACTIONAL_RESIDUAL_EXIT,binance/hyperliquid,NON_GATE_PAIRS,4,3,1,0.25,-13.72475891498013,-8.452006934526224,0.3333333333333333,-42.49408716509597,-27.364273729287195,2.5511318895538846,11.35364294881797,-30.122361885605766,-10.452493526236228,84.98599224252371,91.39192885879498,435.0,255.0,843.0,990.0,0.024583215597626447,3,0,-27.364273729287195,13.554270713633995,63.49034875168653,2.7848923333333317,66.27524108501987,-80.0,2.0
150,80,RAW_SPREAD,24,FRACTIONAL_RESIDUAL_EXIT,binance/okx,NON_GATE_PAIRS,1,1,0,0.0,-46.73323332179974,-46.73323332179974,0.0,-46.73323332179974,-46.73323332179974,-46.73323332179974,-46.73323332179974,-38.86115590412187,-38.86115590412187,83.75960020700734,83.75960020700734,105.0,105.0,105.0,105.0,0.0019779598756710934,1,0,-46.73323332179974,-46.73323332179974,84.54733246011426,-51.280565781914,33.26676667820026,-80.0,1.0
150,80,RAW_SPREAD,24,FRACTIONAL_RESIDUAL_EXIT,bitget/gate,GATE_PAIRS,45,0,45,1.0,,,,,,,,,,,,,,,,0.0,0,0,,,,,,,0.0
150,80,RAW_SPREAD,24,FRACTIONAL_RESIDUAL_EXIT,bitget/hyperliquid,NON_GATE_PAIRS,4,0,4,1.0,,,,,,,,,,,,,,,,0.0,0,0,,,,,,,0.0
150,80,RAW_SPREAD,24,FRACTIONAL_RESIDUAL_EXIT,bitget/okx,NON_GATE_PAIRS,3,0,3,1.0,,,,,,,,,,,,,,,,0.0,0,0,,,,,,,0.0
150,80,RAW_SPREAD,24,FRACTIONAL_RESIDUAL_EXIT,gate/hyperliquid,GATE_PAIRS,55,0,55,1.0,,,,,,,,,,,,,,,,0.0,0,0,,,,,,,0.0
150,80,RAW_SPREAD,24,FRACTIONAL_RESIDUAL_EXIT,gate/okx,GATE_PAIRS,70,0,70,1.0,,,,,,,,,,,,,,,,0.0,0,0,,,,,,,0.0
150,80,RAW_SPREAD,24,FRACTIONAL_RESIDUAL_EXIT,hyperliquid/okx,NON_GATE_PAIRS,0,0,0,,,,,,,,,,,,,,,,,,0,0,,,,,,,
150,80,RAW_SPREAD,24,FRACTIONAL_RESIDUAL_EXIT,ALL_GATE_PAIRS,GATE_PAIRS,255,0,255,1.0,,,,,,,,,,,,,,,,0.0,0,0,,,,,,,0.0
150,80,RAW_SPREAD,24,FRACTIONAL_RESIDUAL_EXIT,ALL_NON_GATE_PAIRS,NON_GATE_PAIRS,12,4,8,0.6666666666666666,-21.976877516685033,-27.364273729287195,0.25,-46.664729402137,-46.39071372348606,-2.950437522486169,10.253329066409954,-32.307060390234795,-24.65682471517905,84.67939423364462,87.57576453290116,352.5,180.0,769.5000000000001,990.0,0.006640293868324386,4,2,-27.364273729287195,-16.58948130408287,68.75459467879347,-10.731472195478501,58.02312248331497,-80.0,2.0
150,80,RAW_SPREAD,24,FRACTIONAL_RESIDUAL_EXIT,ALL_PAIRS,ALL,267,4,263,0.9850187265917603,-21.976877516685033,-27.364273729287195,0.25,-46.664729402137,-46.39071372348606,-2.950437522486169,10.253329066409954,-32.307060390234795,-24.65682471517905,84.67939423364462,87.57576453290116,352.5,180.0,769.5000000000001,990.0,0.003320146934162193,4,2,-27.364273729287195,-16.58948130408287,68.75459467879347,-10.731472195478501,58.02312248331497,-80.0,2.0
200,0,RAW_SPREAD,24,LEGACY_RAW_EXIT,binance/bitget,NON_GATE_PAIRS,0,0,0,,,,,,,,,,,,,,,,,,0,0,,,,,,,
200,0,RAW_SPREAD,24,LEGACY_RAW_EXIT,binance/gate,GATE_PAIRS,49,0,49,1.0,,,,,,,,,,,,,,,,0.0,0,0,,,,,,,0.0
200,0,RAW_SPREAD,24,LEGACY_RAW_EXIT,binance/hyperliquid,NON_GATE_PAIRS,3,3,0,0.0,31.365428944408034,25.050588348719536,0.6666666666666666,-2.6940853762942707,9.636880723711865,49.93655686725995,69.84533168209228,-5.330351068471757,-5.647811152538207,36.1451173732071,25.050588348719536,35.0,30.0,42.0,45.0,0.0019779598756710934,0,0,9.636880723711865,74.82252538580036,33.92852027774136,-2.5630913333333334,31.365428944408034,-0.0,2.0
200,0,RAW_SPREAD,24,LEGACY_RAW_EXIT,binance/okx,NON_GATE_PAIRS,1,1,0,0.0,30.39938146461284,30.39938146461284,1.0,30.39938146461284,30.39938146461284,30.39938146461284,30.39938146461284,6.128390071133971,6.128390071133971,82.70086760622908,82.70086760622908,45.0,45.0,45.0,45.0,0.0008476970895733258,0,0,30.39938146461284,30.39938146461284,81.67994724652684,-51.280565781914,30.39938146461284,-0.0,1.0
200,0,RAW_SPREAD,24,LEGACY_RAW_EXIT,bitget/gate,GATE_PAIRS,5,0,5,1.0,,,,,,,,,,,,,,,,0.0,0,0,,,,,,,0.0
200,0,RAW_SPREAD,24,LEGACY_RAW_EXIT,bitget/hyperliquid,NON_GATE_PAIRS,7,6,1,0.14285714285714285,21.30107490274614,10.495200508177648,1.0,5.399576295470082,7.247333090771857,23.91428310541871,57.43644937655324,-9.73282363245435,-4.248908665744899,24.07230690433822,14.337273087843826,37.5,22.5,75.0,90.0,0.004238485447866629,1,0,7.54771796641851,28.177753370909954,25.450780402746137,-4.1497055,21.30107490274614,-0.0,2.0
200,0,RAW_SPREAD,24,LEGACY_RAW_EXIT,bitget/okx,NON_GATE_PAIRS,1,1,0,0.0,5.408970275356559,5.408970275356559,1.0,5.408970275356559,5.408970275356559,5.408970275356559,5.408970275356559,-52.57703794698587,-52.57703794698587,57.72119952864641,57.72119952864641,60.0,60.0,60.0,60.0,0.0011302627860977678,0,0,5.408970275356559,5.408970275356559,56.68953605727056,-51.280565781914,5.408970275356559,-0.0,1.0
200,0,RAW_SPREAD,24,LEGACY_RAW_EXIT,gate/hyperliquid,GATE_PAIRS,78,0,78,1.0,,,,,,,,,,,,,,,,0.0,0,0,,,,,,,0.0
200,0,RAW_SPREAD,24,LEGACY_RAW_EXIT,gate/okx,GATE_PAIRS,53,0,53,1.0,,,,,,,,,,,,,,,,0.0,0,0,,,,,,,0.0
200,0,RAW_SPREAD,24,LEGACY_RAW_EXIT,hyperliquid/okx,NON_GATE_PAIRS,0,0,0,,,,,,,,,,,,,,,,,,0,0,,,,,,,
200,0,RAW_SPREAD,24,LEGACY_RAW_EXIT,ALL_GATE_PAIRS,GATE_PAIRS,185,0,185,1.0,,,,,,,,,,,,,,,,0.0,0,0,,,,,,,0.0
200,0,RAW_SPREAD,24,LEGACY_RAW_EXIT,ALL_NON_GATE_PAIRS,NON_GATE_PAIRS,12,11,1,0.08333333333333333,23.42828072633367,12.84191329864348,0.9090909090909091,-0.4465206228553811,6.177959245240881,29.002227252811647,71.1013834371006,-10.985149352363026,-5.647811152538207,35.753750970956915,25.050588348719536,39.54545454545455,30.0,60.0,90.0,0.002048601299802204,1,7,21.997462488510592,25.145262611721357,35.714520595772576,-12.286239869438909,23.42828072633367,-0.0,2.0
200,0,RAW_SPREAD,24,LEGACY_RAW_EXIT,ALL_PAIRS,ALL,197,11,186,0.9441624365482234,23.42828072633367,12.84191329864348,0.9090909090909091,-0.4465206228553811,6.177959245240881,29.002227252811647,71.1013834371006,-10.985149352363026,-5.647811152538207,35.753750970956915,25.050588348719536,39.54545454545455,30.0,60.0,90.0,0.001024300649901102,1,7,21.997462488510592,25.145262611721357,35.714520595772576,-12.286239869438909,23.42828072633367,-0.0,2.0
200,0,RAW_SPREAD,24,BASELINE_RESIDUAL_EXIT,binance/bitget,NON_GATE_PAIRS,0,0,0,,,,,,,,,,,,,,,,,,0,0,,,,,,,
200,0,RAW_SPREAD,24,BASELINE_RESIDUAL_EXIT,binance/gate,GATE_PAIRS,49,0,49,1.0,,,,,,,,,,,,,,,,0.0,0,0,,,,,,,0.0
200,0,RAW_SPREAD,24,BASELINE_RESIDUAL_EXIT,binance/hyperliquid,NON_GATE_PAIRS,3,2,1,0.3333333333333333,73.18525922563707,73.18525922563707,1.0,71.71171968149011,72.36662614555541,74.00389230571872,74.65879876978403,-4.472404932043261,-4.472404932043261,83.97085956033168,83.97085956033168,52.5,52.5,58.5,60.0,0.0019779598756710934,0,0,71.54799306547378,74.82252538580036,84.35983672563705,-11.174577500000002,73.18525922563707,-0.0,2.0
200,0,RAW_SPREAD,24,BASELINE_RESIDUAL_EXIT,binance/okx,NON_GATE_PAIRS,1,1,0,0.0,115.50329248337296,115.50329248337296,1.0,115.50329248337296,115.50329248337296,115.50329248337296,115.50329248337296,6.128390071133971,6.128390071133971,165.84801460222343,165.84801460222343,120.0,120.0,120.0,120.0,0.0022605255721955355,0,0,115.50329248337296,115.50329248337296,166.78385826528697,-51.280565781914,115.50329248337296,-0.0,1.0
200,0,RAW_SPREAD,24,BASELINE_RESIDUAL_EXIT,bitget/gate,GATE_PAIRS,5,0,5,1.0,,,,,,,,,,,,,,,,0.0,0,0,,,,,,,0.0
200,0,RAW_SPREAD,24,BASELINE_RESIDUAL_EXIT,bitget/hyperliquid,NON_GATE_PAIRS,3,0,3,1.0,,,,,,,,,,,,,,,,0.0,0,0,,,,,,,0.0
200,0,RAW_SPREAD,24,BASELINE_RESIDUAL_EXIT,bitget/okx,NON_GATE_PAIRS,1,0,1,1.0,,,,,,,,,,,,,,,,0.0,0,0,,,,,,,0.0
200,0,RAW_SPREAD,24,BASELINE_RESIDUAL_EXIT,gate/hyperliquid,GATE_PAIRS,78,0,78,1.0,,,,,,,,,,,,,,,,0.0,0,0,,,,,,,0.0
200,0,RAW_SPREAD,24,BASELINE_RESIDUAL_EXIT,gate/okx,GATE_PAIRS,53,0,53,1.0,,,,,,,,,,,,,,,,0.0,0,0,,,,,,,0.0
200,0,RAW_SPREAD,24,BASELINE_RESIDUAL_EXIT,hyperliquid/okx,NON_GATE_PAIRS,0,0,0,,,,,,,,,,,,,,,,,,0,0,,,,,,,
200,0,RAW_SPREAD,24,BASELINE_RESIDUAL_EXIT,ALL_GATE_PAIRS,GATE_PAIRS,185,0,185,1.0,,,,,,,,,,,,,,,,0.0,0,0,,,,,,,0.0
200,0,RAW_SPREAD,24,BASELINE_RESIDUAL_EXIT,ALL_NON_GATE_PAIRS,NON_GATE_PAIRS,8,3,5,0.625,87.29127031154904,74.82252538580036,1.0,71.87544629750643,73.18525922563707,95.16290893458665,111.4352157736157,-0.9388065976508505,-3.296998711548316,111.2632445742956,91.39192885879498,75.0,60.0,108.0,120.0,0.0010596213619666573,0,2,71.54799306547378,95.16290893458665,111.83451057218701,-24.543240260638,87.29127031154904,-0.0,2.0
200,0,RAW_SPREAD,24,BASELINE_RESIDUAL_EXIT,ALL_PAIRS,ALL,193,3,190,0.9844559585492227,87.29127031154904,74.82252538580036,1.0,71.87544629750643,73.18525922563707,95.16290893458665,111.4352157736157,-0.9388065976508505,-3.296998711548316,111.2632445742956,91.39192885879498,75.0,60.0,108.0,120.0,0.0005298106809833287,0,2,71.54799306547378,95.16290893458665,111.83451057218701,-24.543240260638,87.29127031154904,-0.0,2.0
200,0,RAW_SPREAD,24,FRACTIONAL_RESIDUAL_EXIT,binance/bitget,NON_GATE_PAIRS,0,0,0,,,,,,,,,,,,,,,,,,0,0,,,,,,,
200,0,RAW_SPREAD,24,FRACTIONAL_RESIDUAL_EXIT,binance/gate,GATE_PAIRS,49,0,49,1.0,,,,,,,,,,,,,,,,0.0,0,0,,,,,,,0.0
200,0,RAW_SPREAD,24,FRACTIONAL_RESIDUAL_EXIT,binance/hyperliquid,NON_GATE_PAIRS,3,2,1,0.3333333333333333,73.18525922563707,73.18525922563707,1.0,71.71171968149011,72.36662614555541,74.00389230571872,74.65879876978403,-4.472404932043261,-4.472404932043261,83.97085956033168,83.97085956033168,52.5,52.5,58.5,60.0,0.0019779598756710934,0,0,71.54799306547378,74.82252538580036,84.35983672563705,-11.174577500000002,73.18525922563707,-0.0,2.0
200,0,RAW_SPREAD,24,FRACTIONAL_RESIDUAL_EXIT,binance/okx,NON_GATE_PAIRS,1,1,0,0.0,73.67386023421437,73.67386023421437,1.0,73.67386023421437,73.67386023421437,73.67386023421437,73.67386023421437,6.128390071133971,6.128390071133971,124.1719657831286,124.1719657831286,90.0,90.0,90.0,90.0,0.0016953941791466515,0,0,73.67386023421437,73.67386023421437,124.95442601612838,-51.280565781914,73.67386023421437,-0.0,1.0
200,0,RAW_SPREAD,24,FRACTIONAL_RESIDUAL_EXIT,bitget/gate,GATE_PAIRS,5,0,5,1.0,,,,,,,,,,,,,,,,0.0,0,0,,,,,,,0.0
200,0,RAW_SPREAD,24,FRACTIONAL_RESIDUAL_EXIT,bitget/hyperliquid,NON_GATE_PAIRS,3,0,3,1.0,,,,,,,,,,,,,,,,0.0,0,0,,,,,,,0.0
200,0,RAW_SPREAD,24,FRACTIONAL_RESIDUAL_EXIT,bitget/okx,NON_GATE_PAIRS,1,0,1,1.0,,,,,,,,,,,,,,,,0.0,0,0,,,,,,,0.0
200,0,RAW_SPREAD,24,FRACTIONAL_RESIDUAL_EXIT,gate/hyperliquid,GATE_PAIRS,78,0,78,1.0,,,,,,,,,,,,,,,,0.0,0,0,,,,,,,0.0
200,0,RAW_SPREAD,24,FRACTIONAL_RESIDUAL_EXIT,gate/okx,GATE_PAIRS,53,0,53,1.0,,,,,,,,,,,,,,,,0.0,0,0,,,,,,,0.0
200,0,RAW_SPREAD,24,FRACTIONAL_RESIDUAL_EXIT,hyperliquid/okx,NON_GATE_PAIRS,0,0,0,,,,,,,,,,,,,,,,,,0,0,,,,,,,
200,0,RAW_SPREAD,24,FRACTIONAL_RESIDUAL_EXIT,ALL_GATE_PAIRS,GATE_PAIRS,185,0,185,1.0,,,,,,,,,,,,,,,,0.0,0,0,,,,,,,0.0
200,0,RAW_SPREAD,24,FRACTIONAL_RESIDUAL_EXIT,ALL_NON_GATE_PAIRS,NON_GATE_PAIRS,8,3,5,0.625,73.34812622849617,73.67386023421437,1.0,71.76057978234783,72.61092664984407,74.24819281000737,74.70765887064177,-0.9388065976508505,-3.296998711548316,97.371228301264,91.39192885879498,65.0,60.0,84.0,90.0,0.0009183385137044363,0,2,71.54799306547378,74.24819281000737,97.89136648913416,-24.543240260638,73.34812622849617,-0.0,2.0
200,0,RAW_SPREAD,24,FRACTIONAL_RESIDUAL_EXIT,ALL_PAIRS,ALL,193,3,190,0.9844559585492227,73.34812622849617,73.67386023421437,1.0,71.76057978234783,72.61092664984407,74.24819281000737,74.70765887064177,-0.9388065976508505,-3.296998711548316,97.371228301264,91.39192885879498,65.0,60.0,84.0,90.0,0.00045916925685221815,0,2,71.54799306547378,74.24819281000737,97.89136648913416,-24.543240260638,73.34812622849617,-0.0,2.0
200,20,RAW_SPREAD,24,LEGACY_RAW_EXIT,binance/bitget,NON_GATE_PAIRS,0,0,0,,,,,,,,,,,,,,,,,,0,0,,,,,,,
200,20,RAW_SPREAD,24,LEGACY_RAW_EXIT,binance/gate,GATE_PAIRS,49,0,49,1.0,,,,,,,,,,,,,,,,0.0,0,0,,,,,,,0.0
200,20,RAW_SPREAD,24,LEGACY_RAW_EXIT,binance/hyperliquid,NON_GATE_PAIRS,3,3,0,0.0,11.365428944408029,5.050588348719536,0.6666666666666666,-22.694085376294275,-10.363119276288137,29.93655686725995,49.84533168209227,-5.330351068471757,-5.647811152538207,36.1451173732071,25.050588348719536,35.0,30.0,42.0,45.0,0.0019779598756710934,0,0,-10.363119276288137,54.82252538580036,33.92852027774136,-2.5630913333333334,31.365428944408034,-20.0,2.0
200,20,RAW_SPREAD,24,LEGACY_RAW_EXIT,binance/okx,NON_GATE_PAIRS,1,1,0,0.0,10.399381464612835,10.399381464612835,1.0,10.399381464612835,10.399381464612835,10.399381464612835,10.399381464612835,6.128390071133971,6.128390071133971,82.70086760622908,82.70086760622908,45.0,45.0,45.0,45.0,0.0008476970895733258,0,0,10.399381464612835,10.399381464612835,81.67994724652684,-51.280565781914,30.39938146461284,-20.0,1.0
200,20,RAW_SPREAD,24,LEGACY_RAW_EXIT,bitget/gate,GATE_PAIRS,5,0,5,1.0,,,,,,,,,,,,,,,,0.0,0,0,,,,,,,0.0
200,20,RAW_SPREAD,24,LEGACY_RAW_EXIT,bitget/hyperliquid,NON_GATE_PAIRS,7,6,1,0.14285714285714285,1.3010749027461397,-9.50479949182235,0.3333333333333333,-14.600423704529918,-12.752666909228143,3.91428310541871,37.43644937655324,-9.73282363245435,-4.248908665744899,24.07230690433822,14.337273087843826,37.5,22.5,75.0,90.0,0.004238485447866629,1,0,-12.45228203358149,8.177753370909954,25.450780402746137,-4.1497055,21.30107490274614,-20.0,2.0
200,20,RAW_SPREAD,24,LEGACY_RAW_EXIT,bitget/okx,NON_GATE_PAIRS,1,1,0,0.0,-14.59102972464344,-14.59102972464344,0.0,-14.59102972464344,-14.59102972464344,-14.59102972464344,-14.59102972464344,-52.57703794698587,-52.57703794698587,57.72119952864641,57.72119952864641,60.0,60.0,60.0,60.0,0.0011302627860977678,0,0,-14.59102972464344,-14.59102972464344,56.68953605727056,-51.280565781914,5.408970275356559,-20.0,1.0
200,20,RAW_SPREAD,24,LEGACY_RAW_EXIT,gate/hyperliquid,GATE_PAIRS,78,0,78,1.0,,,,,,,,,,,,,,,,0.0,0,0,,,,,,,0.0
200,20,RAW_SPREAD,24,LEGACY_RAW_EXIT,gate/okx,GATE_PAIRS,53,0,53,1.0,,,,,,,,,,,,,,,,0.0,0,0,,,,,,,0.0
200,20,RAW_SPREAD,24,LEGACY_RAW_EXIT,hyperliquid/okx,NON_GATE_PAIRS,0,0,0,,,,,,,,,,,,,,,,,,0,0,,,,,,,
200,20,RAW_SPREAD,24,LEGACY_RAW_EXIT,ALL_GATE_PAIRS,GATE_PAIRS,185,0,185,1.0,,,,,,,,,,,,,,,,0.0,0,0,,,,,,,0.0
200,20,RAW_SPREAD,24,LEGACY_RAW_EXIT,ALL_NON_GATE_PAIRS,NON_GATE_PAIRS,12,11,1,0.08333333333333333,3.4282807263336648,-7.158086701356519,0.45454545454545453,-20.446520622855385,-13.822040754759119,9.002227252811643,51.1013834371006,-10.985149352363026,-5.647811152538207,35.753750970956915,25.050588348719536,39.54545454545455,30.0,60.0,90.0,0.002048601299802204,1,7,1.99746248851059,5.145262611721355,35.714520595772576,-12.286239869438909,23.42828072633367,-20.0,2.0
200,20,RAW_SPREAD,24,LEGACY_RAW_EXIT,ALL_PAIRS,ALL,197,11,186,0.9441624365482234,3.4282807263336648,-7.158086701356519,0.45454545454545453,-20.446520622855385,-13.822040754759119,9.002227252811643,51.1013834371006,-10.985149352363026,-5.647811152538207,35.753750970956915,25.050588348719536,39.54545454545455,30.0,60.0,90.0,0.001024300649901102,1,7,1.99746248851059,5.145262611721355,35.714520595772576,-12.286239869438909,23.42828072633367,-20.0,2.0
200,20,RAW_SPREAD,24,BASELINE_RESIDUAL_EXIT,binance/bitget,NON_GATE_PAIRS,0,0,0,,,,,,,,,,,,,,,,,,0,0,,,,,,,
200,20,RAW_SPREAD,24,BASELINE_RESIDUAL_EXIT,binance/gate,GATE_PAIRS,49,0,49,1.0,,,,,,,,,,,,,,,,0.0,0,0,,,,,,,0.0
200,20,RAW_SPREAD,24,BASELINE_RESIDUAL_EXIT,binance/hyperliquid,NON_GATE_PAIRS,3,2,1,0.3333333333333333,53.18525922563707,53.18525922563707,1.0,51.7117196814901,52.36662614555542,54.003892305718715,54.658798769784035,-4.472404932043261,-4.472404932043261,83.97085956033168,83.97085956033168,52.5,52.5,58.5,60.0,0.0019779598756710934,0,0,51.547993065473776,54.82252538580036,84.35983672563705,-11.174577500000002,73.18525922563707,-20.0,2.0
200,20,RAW_SPREAD,24,BASELINE_RESIDUAL_EXIT,binance/okx,NON_GATE_PAIRS,1,1,0,0.0,95.50329248337296,95.50329248337296,1.0,95.50329248337296,95.50329248337296,95.50329248337296,95.50329248337296,6.128390071133971,6.128390071133971,165.84801460222343,165.84801460222343,120.0,120.0,120.0,120.0,0.0022605255721955355,0,0,95.50329248337296,95.50329248337296,166.78385826528697,-51.280565781914,115.50329248337296,-20.0,1.0
200,20,RAW_SPREAD,24,BASELINE_RESIDUAL_EXIT,bitget/gate,GATE_PAIRS,5,0,5,1.0,,,,,,,,,,,,,,,,0.0,0,0,,,,,,,0.0
200,20,RAW_SPREAD,24,BASELINE_RESIDUAL_EXIT,bitget/hyperliquid,NON_GATE_PAIRS,3,0,3,1.0,,,,,,,,,,,,,,,,0.0,0,0,,,,,,,0.0
200,20,RAW_SPREAD,24,BASELINE_RESIDUAL_EXIT,bitget/okx,NON_GATE_PAIRS,1,0,1,1.0,,,,,,,,,,,,,,,,0.0,0,0,,,,,,,0.0
200,20,RAW_SPREAD,24,BASELINE_RESIDUAL_EXIT,gate/hyperliquid,GATE_PAIRS,78,0,78,1.0,,,,,,,,,,,,,,,,0.0,0,0,,,,,,,0.0
200,20,RAW_SPREAD,24,BASELINE_RESIDUAL_EXIT,gate/okx,GATE_PAIRS,53,0,53,1.0,,,,,,,,,,,,,,,,0.0,0,0,,,,,,,0.0
200,20,RAW_SPREAD,24,BASELINE_RESIDUAL_EXIT,hyperliquid/okx,NON_GATE_PAIRS,0,0,0,,,,,,,,,,,,,,,,,,0,0,,,,,,,
200,20,RAW_SPREAD,24,BASELINE_RESIDUAL_EXIT,ALL_GATE_PAIRS,GATE_PAIRS,185,0,185,1.0,,,,,,,,,,,,,,,,0.0,0,0,,,,,,,0.0
200,20,RAW_SPREAD,24,BASELINE_RESIDUAL_EXIT,ALL_NON_GATE_PAIRS,NON_GATE_PAIRS,8,3,5,0.625,67.29127031154904,54.82252538580036,1.0,51.875446297506436,53.18525922563707,75.16290893458665,91.4352157736157,-0.9388065976508505,-3.296998711548316,111.2632445742956,91.39192885879498,75.0,60.0,108.0,120.0,0.0010596213619666573,0,2,51.547993065473776,75.16290893458665,111.83451057218701,-24.543240260638,87.29127031154904,-20.0,2.0
200,20,RAW_SPREAD,24,BASELINE_RESIDUAL_EXIT,ALL_PAIRS,ALL,193,3,190,0.9844559585492227,67.29127031154904,54.82252538580036,1.0,51.875446297506436,53.18525922563707,75.16290893458665,91.4352157736157,-0.9388065976508505,-3.296998711548316,111.2632445742956,91.39192885879498,75.0,60.0,108.0,120.0,0.0005298106809833287,0,2,51.547993065473776,75.16290893458665,111.83451057218701,-24.543240260638,87.29127031154904,-20.0,2.0
200,20,RAW_SPREAD,24,FRACTIONAL_RESIDUAL_EXIT,binance/bitget,NON_GATE_PAIRS,0,0,0,,,,,,,,,,,,,,,,,,0,0,,,,,,,
200,20,RAW_SPREAD,24,FRACTIONAL_RESIDUAL_EXIT,binance/gate,GATE_PAIRS,49,0,49,1.0,,,,,,,,,,,,,,,,0.0,0,0,,,,,,,0.0
200,20,RAW_SPREAD,24,FRACTIONAL_RESIDUAL_EXIT,binance/hyperliquid,NON_GATE_PAIRS,3,2,1,0.3333333333333333,53.18525922563707,53.18525922563707,1.0,51.7117196814901,52.36662614555542,54.003892305718715,54.658798769784035,-4.472404932043261,-4.472404932043261,83.97085956033168,83.97085956033168,52.5,52.5,58.5,60.0,0.0019779598756710934,0,0,51.547993065473776,54.82252538580036,84.35983672563705,-11.174577500000002,73.18525922563707,-20.0,2.0
200,20,RAW_SPREAD,24,FRACTIONAL_RESIDUAL_EXIT,binance/okx,NON_GATE_PAIRS,1,1,0,0.0,53.67386023421437,53.67386023421437,1.0,53.67386023421437,53.67386023421437,53.67386023421437,53.67386023421437,6.128390071133971,6.128390071133971,124.1719657831286,124.1719657831286,90.0,90.0,90.0,90.0,0.0016953941791466515,0,0,53.67386023421437,53.67386023421437,124.95442601612838,-51.280565781914,73.67386023421437,-20.0,1.0
200,20,RAW_SPREAD,24,FRACTIONAL_RESIDUAL_EXIT,bitget/gate,GATE_PAIRS,5,0,5,1.0,,,,,,,,,,,,,,,,0.0,0,0,,,,,,,0.0
200,20,RAW_SPREAD,24,FRACTIONAL_RESIDUAL_EXIT,bitget/hyperliquid,NON_GATE_PAIRS,3,0,3,1.0,,,,,,,,,,,,,,,,0.0,0,0,,,,,,,0.0
200,20,RAW_SPREAD,24,FRACTIONAL_RESIDUAL_EXIT,bitget/okx,NON_GATE_PAIRS,1,0,1,1.0,,,,,,,,,,,,,,,,0.0,0,0,,,,,,,0.0
200,20,RAW_SPREAD,24,FRACTIONAL_RESIDUAL_EXIT,gate/hyperliquid,GATE_PAIRS,78,0,78,1.0,,,,,,,,,,,,,,,,0.0,0,0,,,,,,,0.0
200,20,RAW_SPREAD,24,FRACTIONAL_RESIDUAL_EXIT,gate/okx,GATE_PAIRS,53,0,53,1.0,,,,,,,,,,,,,,,,0.0,0,0,,,,,,,0.0
200,20,RAW_SPREAD,24,FRACTIONAL_RESIDUAL_EXIT,hyperliquid/okx,NON_GATE_PAIRS,0,0,0,,,,,,,,,,,,,,,,,,0,0,,,,,,,
200,20,RAW_SPREAD,24,FRACTIONAL_RESIDUAL_EXIT,ALL_GATE_PAIRS,GATE_PAIRS,185,0,185,1.0,,,,,,,,,,,,,,,,0.0,0,0,,,,,,,0.0
200,20,RAW_SPREAD,24,FRACTIONAL_RESIDUAL_EXIT,ALL_NON_GATE_PAIRS,NON_GATE_PAIRS,8,3,5,0.625,53.34812622849617,53.67386023421437,1.0,51.76057978234783,52.610926649844075,54.24819281000737,54.70765887064176,-0.9388065976508505,-3.296998711548316,97.371228301264,91.39192885879498,65.0,60.0,84.0,90.0,0.0009183385137044363,0,2,51.547993065473776,54.24819281000737,97.89136648913416,-24.543240260638,73.34812622849617,-20.0,2.0
200,20,RAW_SPREAD,24,FRACTIONAL_RESIDUAL_EXIT,ALL_PAIRS,ALL,193,3,190,0.9844559585492227,53.34812622849617,53.67386023421437,1.0,51.76057978234783,52.610926649844075,54.24819281000737,54.70765887064176,-0.9388065976508505,-3.296998711548316,97.371228301264,91.39192885879498,65.0,60.0,84.0,90.0,0.00045916925685221815,0,2,51.547993065473776,54.24819281000737,97.89136648913416,-24.543240260638,73.34812622849617,-20.0,2.0
200,40,RAW_SPREAD,24,LEGACY_RAW_EXIT,binance/bitget,NON_GATE_PAIRS,0,0,0,,,,,,,,,,,,,,,,,,0,0,,,,,,,
200,40,RAW_SPREAD,24,LEGACY_RAW_EXIT,binance/gate,GATE_PAIRS,49,0,49,1.0,,,,,,,,,,,,,,,,0.0,0,0,,,,,,,0.0
200,40,RAW_SPREAD,24,LEGACY_RAW_EXIT,binance/hyperliquid,NON_GATE_PAIRS,3,3,0,0.0,-8.63457105559197,-14.949411651280464,0.3333333333333333,-42.69408537629427,-30.363119276288135,9.936556867259949,29.845331682092272,-5.330351068471757,-5.647811152538207,36.1451173732071,25.050588348719536,35.0,30.0,42.0,45.0,0.0019779598756710934,0,0,-30.363119276288135,34.82252538580036,33.92852027774136,-2.5630913333333334,31.365428944408034,-40.0,2.0
200,40,RAW_SPREAD,24,LEGACY_RAW_EXIT,binance/okx,NON_GATE_PAIRS,1,1,0,0.0,-9.600618535387165,-9.600618535387165,0.0,-9.600618535387165,-9.600618535387165,-9.600618535387165,-9.600618535387165,6.128390071133971,6.128390071133971,82.70086760622908,82.70086760622908,45.0,45.0,45.0,45.0,0.0008476970895733258,0,0,-9.600618535387165,-9.600618535387165,81.67994724652684,-51.280565781914,30.39938146461284,-40.0,1.0
200,40,RAW_SPREAD,24,LEGACY_RAW_EXIT,bitget/gate,GATE_PAIRS,5,0,5,1.0,,,,,,,,,,,,,,,,0.0,0,0,,,,,,,0.0
200,40,RAW_SPREAD,24,LEGACY_RAW_EXIT,bitget/hyperliquid,NON_GATE_PAIRS,7,6,1,0.14285714285714285,-18.698925097253863,-29.504799491822354,0.16666666666666666,-34.60042370452992,-32.75266690922815,-16.08571689458129,17.436449376553245,-9.73282363245435,-4.248908665744899,24.07230690433822,14.337273087843826,37.5,22.5,75.0,90.0,0.004238485447866629,1,0,-32.4522820335815,-11.822246629090046,25.450780402746137,-4.1497055,21.30107490274614,-40.0,2.0
200,40,RAW_SPREAD,24,LEGACY_RAW_EXIT,bitget/okx,NON_GATE_PAIRS,1,1,0,0.0,-34.59102972464344,-34.59102972464344,0.0,-34.59102972464344,-34.59102972464344,-34.59102972464344,-34.59102972464344,-52.57703794698587,-52.57703794698587,57.72119952864641,57.72119952864641,60.0,60.0,60.0,60.0,0.0011302627860977678,0,0,-34.59102972464344,-34.59102972464344,56.68953605727056,-51.280565781914,5.408970275356559,-40.0,1.0
200,40,RAW_SPREAD,24,LEGACY_RAW_EXIT,gate/hyperliquid,GATE_PAIRS,78,0,78,1.0,,,,,,,,,,,,,,,,0.0,0,0,,,,,,,0.0
200,40,RAW_SPREAD,24,LEGACY_RAW_EXIT,gate/okx,GATE_PAIRS,53,0,53,1.0,,,,,,,,,,,,,,,,0.0,0,0,,,,,,,0.0
200,40,RAW_SPREAD,24,LEGACY_RAW_EXIT,hyperliquid/okx,NON_GATE_PAIRS,0,0,0,,,,,,,,,,,,,,,,,,0,0,,,,,,,
200,40,RAW_SPREAD,24,LEGACY_RAW_EXIT,ALL_GATE_PAIRS,GATE_PAIRS,185,0,185,1.0,,,,,,,,,,,,,,,,0.0,0,0,,,,,,,0.0
200,40,RAW_SPREAD,24,LEGACY_RAW_EXIT,ALL_NON_GATE_PAIRS,NON_GATE_PAIRS,12,11,1,0.08333333333333333,-16.571719273666336,-27.15808670135652,0.18181818181818182,-40.44652062285539,-33.82204075475912,-10.997772747188357,31.1013834371006,-10.985149352363026,-5.647811152538207,35.753750970956915,25.050588348719536,39.54545454545455,30.0,60.0,90.0,0.002048601299802204,1,7,-18.00253751148941,-14.854737388278647,35.714520595772576,-12.286239869438909,23.42828072633367,-40.0,2.0
200,40,RAW_SPREAD,24,LEGACY_RAW_EXIT,ALL_PAIRS,ALL,197,11,186,0.9441624365482234,-16.571719273666336,-27.15808670135652,0.18181818181818182,-40.44652062285539,-33.82204075475912,-10.997772747188357,31.1013834371006,-10.985149352363026,-5.647811152538207,35.753750970956915,25.050588348719536,39.54545454545455,30.0,60.0,90.0,0.001024300649901102,1,7,-18.00253751148941,-14.854737388278647,35.714520595772576,-12.286239869438909,23.42828072633367,-40.0,2.0
200,40,RAW_SPREAD,24,BASELINE_RESIDUAL_EXIT,binance/bitget,NON_GATE_PAIRS,0,0,0,,,,,,,,,,,,,,,,,,0,0,,,,,,,
200,40,RAW_SPREAD,24,BASELINE_RESIDUAL_EXIT,binance/gate,GATE_PAIRS,49,0,49,1.0,,,,,,,,,,,,,,,,0.0,0,0,,,,,,,0.0
200,40,RAW_SPREAD,24,BASELINE_RESIDUAL_EXIT,binance/hyperliquid,NON_GATE_PAIRS,3,2,1,0.3333333333333333,33.18525922563707,33.18525922563707,1.0,31.711719681490106,32.36662614555542,34.003892305718715,34.658798769784035,-4.472404932043261,-4.472404932043261,83.97085956033168,83.97085956033168,52.5,52.5,58.5,60.0,0.0019779598756710934,0,0,31.547993065473776,34.82252538580036,84.35983672563705,-11.174577500000002,73.18525922563707,-40.0,2.0
200,40,RAW_SPREAD,24,BASELINE_RESIDUAL_EXIT,binance/okx,NON_GATE_PAIRS,1,1,0,0.0,75.50329248337297,75.50329248337297,1.0,75.50329248337297,75.50329248337297,75.50329248337297,75.50329248337297,6.128390071133971,6.128390071133971,165.84801460222343,165.84801460222343,120.0,120.0,120.0,120.0,0.0022605255721955355,0,0,75.50329248337297,75.50329248337297,166.78385826528697,-51.280565781914,115.50329248337296,-40.0,1.0
200,40,RAW_SPREAD,24,BASELINE_RESIDUAL_EXIT,bitget/gate,GATE_PAIRS,5,0,5,1.0,,,,,,,,,,,,,,,,0.0,0,0,,,,,,,0.0
200,40,RAW_SPREAD,24,BASELINE_RESIDUAL_EXIT,bitget/hyperliquid,NON_GATE_PAIRS,3,0,3,1.0,,,,,,,,,,,,,,,,0.0,0,0,,,,,,,0.0
200,40,RAW_SPREAD,24,BASELINE_RESIDUAL_EXIT,bitget/okx,NON_GATE_PAIRS,1,0,1,1.0,,,,,,,,,,,,,,,,0.0,0,0,,,,,,,0.0
200,40,RAW_SPREAD,24,BASELINE_RESIDUAL_EXIT,gate/hyperliquid,GATE_PAIRS,78,0,78,1.0,,,,,,,,,,,,,,,,0.0,0,0,,,,,,,0.0
200,40,RAW_SPREAD,24,BASELINE_RESIDUAL_EXIT,gate/okx,GATE_PAIRS,53,0,53,1.0,,,,,,,,,,,,,,,,0.0,0,0,,,,,,,0.0
200,40,RAW_SPREAD,24,BASELINE_RESIDUAL_EXIT,hyperliquid/okx,NON_GATE_PAIRS,0,0,0,,,,,,,,,,,,,,,,,,0,0,,,,,,,
200,40,RAW_SPREAD,24,BASELINE_RESIDUAL_EXIT,ALL_GATE_PAIRS,GATE_PAIRS,185,0,185,1.0,,,,,,,,,,,,,,,,0.0,0,0,,,,,,,0.0
200,40,RAW_SPREAD,24,BASELINE_RESIDUAL_EXIT,ALL_NON_GATE_PAIRS,NON_GATE_PAIRS,8,3,5,0.625,47.291270311549034,34.82252538580036,1.0,31.875446297506436,33.18525922563707,55.16290893458667,71.43521577361571,-0.9388065976508505,-3.296998711548316,111.2632445742956,91.39192885879498,75.0,60.0,108.0,120.0,0.0010596213619666573,0,2,31.547993065473776,55.16290893458667,111.83451057218701,-24.543240260638,87.29127031154904,-40.0,2.0
200,40,RAW_SPREAD,24,BASELINE_RESIDUAL_EXIT,ALL_PAIRS,ALL,193,3,190,0.9844559585492227,47.291270311549034,34.82252538580036,1.0,31.875446297506436,33.18525922563707,55.16290893458667,71.43521577361571,-0.9388065976508505,-3.296998711548316,111.2632445742956,91.39192885879498,75.0,60.0,108.0,120.0,0.0005298106809833287,0,2,31.547993065473776,55.16290893458667,111.83451057218701,-24.543240260638,87.29127031154904,-40.0,2.0
200,40,RAW_SPREAD,24,FRACTIONAL_RESIDUAL_EXIT,binance/bitget,NON_GATE_PAIRS,0,0,0,,,,,,,,,,,,,,,,,,0,0,,,,,,,
200,40,RAW_SPREAD,24,FRACTIONAL_RESIDUAL_EXIT,binance/gate,GATE_PAIRS,49,0,49,1.0,,,,,,,,,,,,,,,,0.0,0,0,,,,,,,0.0
200,40,RAW_SPREAD,24,FRACTIONAL_RESIDUAL_EXIT,binance/hyperliquid,NON_GATE_PAIRS,3,2,1,0.3333333333333333,33.18525922563707,33.18525922563707,1.0,31.711719681490106,32.36662614555542,34.003892305718715,34.658798769784035,-4.472404932043261,-4.472404932043261,83.97085956033168,83.97085956033168,52.5,52.5,58.5,60.0,0.0019779598756710934,0,0,31.547993065473776,34.82252538580036,84.35983672563705,-11.174577500000002,73.18525922563707,-40.0,2.0
200,40,RAW_SPREAD,24,FRACTIONAL_RESIDUAL_EXIT,binance/okx,NON_GATE_PAIRS,1,1,0,0.0,33.673860234214374,33.673860234214374,1.0,33.673860234214374,33.673860234214374,33.673860234214374,33.673860234214374,6.128390071133971,6.128390071133971,124.1719657831286,124.1719657831286,90.0,90.0,90.0,90.0,0.0016953941791466515,0,0,33.673860234214374,33.673860234214374,124.95442601612838,-51.280565781914,73.67386023421437,-40.0,1.0
200,40,RAW_SPREAD,24,FRACTIONAL_RESIDUAL_EXIT,bitget/gate,GATE_PAIRS,5,0,5,1.0,,,,,,,,,,,,,,,,0.0,0,0,,,,,,,0.0
200,40,RAW_SPREAD,24,FRACTIONAL_RESIDUAL_EXIT,bitget/hyperliquid,NON_GATE_PAIRS,3,0,3,1.0,,,,,,,,,,,,,,,,0.0,0,0,,,,,,,0.0
200,40,RAW_SPREAD,24,FRACTIONAL_RESIDUAL_EXIT,bitget/okx,NON_GATE_PAIRS,1,0,1,1.0,,,,,,,,,,,,,,,,0.0,0,0,,,,,,,0.0
200,40,RAW_SPREAD,24,FRACTIONAL_RESIDUAL_EXIT,gate/hyperliquid,GATE_PAIRS,78,0,78,1.0,,,,,,,,,,,,,,,,0.0,0,0,,,,,,,0.0
200,40,RAW_SPREAD,24,FRACTIONAL_RESIDUAL_EXIT,gate/okx,GATE_PAIRS,53,0,53,1.0,,,,,,,,,,,,,,,,0.0,0,0,,,,,,,0.0
200,40,RAW_SPREAD,24,FRACTIONAL_RESIDUAL_EXIT,hyperliquid/okx,NON_GATE_PAIRS,0,0,0,,,,,,,,,,,,,,,,,,0,0,,,,,,,
200,40,RAW_SPREAD,24,FRACTIONAL_RESIDUAL_EXIT,ALL_GATE_PAIRS,GATE_PAIRS,185,0,185,1.0,,,,,,,,,,,,,,,,0.0,0,0,,,,,,,0.0
200,40,RAW_SPREAD,24,FRACTIONAL_RESIDUAL_EXIT,ALL_NON_GATE_PAIRS,NON_GATE_PAIRS,8,3,5,0.625,33.34812622849617,33.673860234214374,1.0,31.760579782347836,32.610926649844075,34.24819281000737,34.707658870641765,-0.9388065976508505,-3.296998711548316,97.371228301264,91.39192885879498,65.0,60.0,84.0,90.0,0.0009183385137044363,0,2,31.547993065473776,34.24819281000737,97.89136648913416,-24.543240260638,73.34812622849617,-40.0,2.0
200,40,RAW_SPREAD,24,FRACTIONAL_RESIDUAL_EXIT,ALL_PAIRS,ALL,193,3,190,0.9844559585492227,33.34812622849617,33.673860234214374,1.0,31.760579782347836,32.610926649844075,34.24819281000737,34.707658870641765,-0.9388065976508505,-3.296998711548316,97.371228301264,91.39192885879498,65.0,60.0,84.0,90.0,0.00045916925685221815,0,2,31.547993065473776,34.24819281000737,97.89136648913416,-24.543240260638,73.34812622849617,-40.0,2.0
200,58,RAW_SPREAD,24,LEGACY_RAW_EXIT,binance/bitget,NON_GATE_PAIRS,0,0,0,,,,,,,,,,,,,,,,,,0,0,,,,,,,
200,58,RAW_SPREAD,24,LEGACY_RAW_EXIT,binance/gate,GATE_PAIRS,49,0,49,1.0,,,,,,,,,,,,,,,,0.0,0,0,,,,,,,0.0
200,58,RAW_SPREAD,24,LEGACY_RAW_EXIT,binance/hyperliquid,NON_GATE_PAIRS,3,3,0,0.0,-26.634571055591966,-32.949411651280464,0.3333333333333333,-60.69408537629427,-48.36311927628813,-8.063443132740051,11.845331682092274,-5.330351068471757,-5.647811152538207,36.1451173732071,25.050588348719536,35.0,30.0,42.0,45.0,0.0019779598756710934,0,0,-48.36311927628813,16.82252538580036,33.92852027774136,-2.5630913333333334,31.365428944408034,-58.0,2.0
200,58,RAW_SPREAD,24,LEGACY_RAW_EXIT,binance/okx,NON_GATE_PAIRS,1,1,0,0.0,-27.600618535387163,-27.600618535387163,0.0,-27.600618535387163,-27.600618535387163,-27.600618535387163,-27.600618535387163,6.128390071133971,6.128390071133971,82.70086760622908,82.70086760622908,45.0,45.0,45.0,45.0,0.0008476970895733258,0,0,-27.600618535387163,-27.600618535387163,81.67994724652684,-51.280565781914,30.39938146461284,-58.0,1.0
200,58,RAW_SPREAD,24,LEGACY_RAW_EXIT,bitget/gate,GATE_PAIRS,5,0,5,1.0,,,,,,,,,,,,,,,,0.0,0,0,,,,,,,0.0
200,58,RAW_SPREAD,24,LEGACY_RAW_EXIT,bitget/hyperliquid,NON_GATE_PAIRS,7,6,1,0.14285714285714285,-36.69892509725386,-47.504799491822354,0.16666666666666666,-52.60042370452992,-50.75266690922815,-34.08571689458129,-0.5635506234467567,-9.73282363245435,-4.248908665744899,24.07230690433822,14.337273087843826,37.5,22.5,75.0,90.0,0.004238485447866629,1,0,-50.4522820335815,-29.822246629090046,25.450780402746137,-4.1497055,21.30107490274614,-58.0,2.0
200,58,RAW_SPREAD,24,LEGACY_RAW_EXIT,bitget/okx,NON_GATE_PAIRS,1,1,0,0.0,-52.59102972464344,-52.59102972464344,0.0,-52.59102972464344,-52.59102972464344,-52.59102972464344,-52.59102972464344,-52.57703794698587,-52.57703794698587,57.72119952864641,57.72119952864641,60.0,60.0,60.0,60.0,0.0011302627860977678,0,0,-52.59102972464344,-52.59102972464344,56.68953605727056,-51.280565781914,5.408970275356559,-58.0,1.0
200,58,RAW_SPREAD,24,LEGACY_RAW_EXIT,gate/hyperliquid,GATE_PAIRS,78,0,78,1.0,,,,,,,,,,,,,,,,0.0,0,0,,,,,,,0.0
200,58,RAW_SPREAD,24,LEGACY_RAW_EXIT,gate/okx,GATE_PAIRS,53,0,53,1.0,,,,,,,,,,,,,,,,0.0,0,0,,,,,,,0.0
200,58,RAW_SPREAD,24,LEGACY_RAW_EXIT,hyperliquid/okx,NON_GATE_PAIRS,0,0,0,,,,,,,,,,,,,,,,,,0,0,,,,,,,
200,58,RAW_SPREAD,24,LEGACY_RAW_EXIT,ALL_GATE_PAIRS,GATE_PAIRS,185,0,185,1.0,,,,,,,,,,,,,,,,0.0,0,0,,,,,,,0.0
200,58,RAW_SPREAD,24,LEGACY_RAW_EXIT,ALL_NON_GATE_PAIRS,NON_GATE_PAIRS,12,11,1,0.08333333333333333,-34.57171927366633,-45.15808670135652,0.18181818181818182,-58.44652062285539,-51.82204075475912,-28.997772747188357,13.101383437100601,-10.985149352363026,-5.647811152538207,35.753750970956915,25.050588348719536,39.54545454545455,30.0,60.0,90.0,0.002048601299802204,1,7,-36.002537511489415,-32.85473738827865,35.714520595772576,-12.286239869438909,23.42828072633367,-58.0,2.0
200,58,RAW_SPREAD,24,LEGACY_RAW_EXIT,ALL_PAIRS,ALL,197,11,186,0.9441624365482234,-34.57171927366633,-45.15808670135652,0.18181818181818182,-58.44652062285539,-51.82204075475912,-28.997772747188357,13.101383437100601,-10.985149352363026,-5.647811152538207,35.753750970956915,25.050588348719536,39.54545454545455,30.0,60.0,90.0,0.001024300649901102,1,7,-36.002537511489415,-32.85473738827865,35.714520595772576,-12.286239869438909,23.42828072633367,-58.0,2.0
200,58,RAW_SPREAD,24,BASELINE_RESIDUAL_EXIT,binance/bitget,NON_GATE_PAIRS,0,0,0,,,,,,,,,,,,,,,,,,0,0,,,,,,,
200,58,RAW_SPREAD,24,BASELINE_RESIDUAL_EXIT,binance/gate,GATE_PAIRS,49,0,49,1.0,,,,,,,,,,,,,,,,0.0,0,0,,,,,,,0.0
200,58,RAW_SPREAD,24,BASELINE_RESIDUAL_EXIT,binance/hyperliquid,NON_GATE_PAIRS,3,2,1,0.3333333333333333,15.185259225637068,15.185259225637068,1.0,13.711719681490106,14.366626145555422,16.003892305718715,16.65879876978403,-4.472404932043261,-4.472404932043261,83.97085956033168,83.97085956033168,52.5,52.5,58.5,60.0,0.0019779598756710934,0,0,13.547993065473776,16.82252538580036,84.35983672563705,-11.174577500000002,73.18525922563707,-58.0,2.0
200,58,RAW_SPREAD,24,BASELINE_RESIDUAL_EXIT,binance/okx,NON_GATE_PAIRS,1,1,0,0.0,57.503292483372974,57.503292483372974,1.0,57.503292483372974,57.503292483372974,57.503292483372974,57.503292483372974,6.128390071133971,6.128390071133971,165.84801460222343,165.84801460222343,120.0,120.0,120.0,120.0,0.0022605255721955355,0,0,57.503292483372974,57.503292483372974,166.78385826528697,-51.280565781914,115.50329248337296,-58.0,1.0
200,58,RAW_SPREAD,24,BASELINE_RESIDUAL_EXIT,bitget/gate,GATE_PAIRS,5,0,5,1.0,,,,,,,,,,,,,,,,0.0,0,0,,,,,,,0.0
200,58,RAW_SPREAD,24,BASELINE_RESIDUAL_EXIT,bitget/hyperliquid,NON_GATE_PAIRS,3,0,3,1.0,,,,,,,,,,,,,,,,0.0,0,0,,,,,,,0.0
200,58,RAW_SPREAD,24,BASELINE_RESIDUAL_EXIT,bitget/okx,NON_GATE_PAIRS,1,0,1,1.0,,,,,,,,,,,,,,,,0.0,0,0,,,,,,,0.0
200,58,RAW_SPREAD,24,BASELINE_RESIDUAL_EXIT,gate/hyperliquid,GATE_PAIRS,78,0,78,1.0,,,,,,,,,,,,,,,,0.0,0,0,,,,,,,0.0
200,58,RAW_SPREAD,24,BASELINE_RESIDUAL_EXIT,gate/okx,GATE_PAIRS,53,0,53,1.0,,,,,,,,,,,,,,,,0.0,0,0,,,,,,,0.0
200,58,RAW_SPREAD,24,BASELINE_RESIDUAL_EXIT,hyperliquid/okx,NON_GATE_PAIRS,0,0,0,,,,,,,,,,,,,,,,,,0,0,,,,,,,
200,58,RAW_SPREAD,24,BASELINE_RESIDUAL_EXIT,ALL_GATE_PAIRS,GATE_PAIRS,185,0,185,1.0,,,,,,,,,,,,,,,,0.0,0,0,,,,,,,0.0
200,58,RAW_SPREAD,24,BASELINE_RESIDUAL_EXIT,ALL_NON_GATE_PAIRS,NON_GATE_PAIRS,8,3,5,0.625,29.291270311549038,16.82252538580036,1.0,13.875446297506434,15.185259225637068,37.16290893458667,53.43521577361571,-0.9388065976508505,-3.296998711548316,111.2632445742956,91.39192885879498,75.0,60.0,108.0,120.0,0.0010596213619666573,0,2,13.547993065473776,37.16290893458667,111.83451057218701,-24.543240260638,87.29127031154904,-58.0,2.0
200,58,RAW_SPREAD,24,BASELINE_RESIDUAL_EXIT,ALL_PAIRS,ALL,193,3,190,0.9844559585492227,29.291270311549038,16.82252538580036,1.0,13.875446297506434,15.185259225637068,37.16290893458667,53.43521577361571,-0.9388065976508505,-3.296998711548316,111.2632445742956,91.39192885879498,75.0,60.0,108.0,120.0,0.0005298106809833287,0,2,13.547993065473776,37.16290893458667,111.83451057218701,-24.543240260638,87.29127031154904,-58.0,2.0
200,58,RAW_SPREAD,24,FRACTIONAL_RESIDUAL_EXIT,binance/bitget,NON_GATE_PAIRS,0,0,0,,,,,,,,,,,,,,,,,,0,0,,,,,,,
200,58,RAW_SPREAD,24,FRACTIONAL_RESIDUAL_EXIT,binance/gate,GATE_PAIRS,49,0,49,1.0,,,,,,,,,,,,,,,,0.0,0,0,,,,,,,0.0
200,58,RAW_SPREAD,24,FRACTIONAL_RESIDUAL_EXIT,binance/hyperliquid,NON_GATE_PAIRS,3,2,1,0.3333333333333333,15.185259225637068,15.185259225637068,1.0,13.711719681490106,14.366626145555422,16.003892305718715,16.65879876978403,-4.472404932043261,-4.472404932043261,83.97085956033168,83.97085956033168,52.5,52.5,58.5,60.0,0.0019779598756710934,0,0,13.547993065473776,16.82252538580036,84.35983672563705,-11.174577500000002,73.18525922563707,-58.0,2.0
200,58,RAW_SPREAD,24,FRACTIONAL_RESIDUAL_EXIT,binance/okx,NON_GATE_PAIRS,1,1,0,0.0,15.673860234214374,15.673860234214374,1.0,15.673860234214374,15.673860234214374,15.673860234214374,15.673860234214374,6.128390071133971,6.128390071133971,124.1719657831286,124.1719657831286,90.0,90.0,90.0,90.0,0.0016953941791466515,0,0,15.673860234214374,15.673860234214374,124.95442601612838,-51.280565781914,73.67386023421437,-58.0,1.0
200,58,RAW_SPREAD,24,FRACTIONAL_RESIDUAL_EXIT,bitget/gate,GATE_PAIRS,5,0,5,1.0,,,,,,,,,,,,,,,,0.0,0,0,,,,,,,0.0
200,58,RAW_SPREAD,24,FRACTIONAL_RESIDUAL_EXIT,bitget/hyperliquid,NON_GATE_PAIRS,3,0,3,1.0,,,,,,,,,,,,,,,,0.0,0,0,,,,,,,0.0
200,58,RAW_SPREAD,24,FRACTIONAL_RESIDUAL_EXIT,bitget/okx,NON_GATE_PAIRS,1,0,1,1.0,,,,,,,,,,,,,,,,0.0,0,0,,,,,,,0.0
200,58,RAW_SPREAD,24,FRACTIONAL_RESIDUAL_EXIT,gate/hyperliquid,GATE_PAIRS,78,0,78,1.0,,,,,,,,,,,,,,,,0.0,0,0,,,,,,,0.0
200,58,RAW_SPREAD,24,FRACTIONAL_RESIDUAL_EXIT,gate/okx,GATE_PAIRS,53,0,53,1.0,,,,,,,,,,,,,,,,0.0,0,0,,,,,,,0.0
200,58,RAW_SPREAD,24,FRACTIONAL_RESIDUAL_EXIT,hyperliquid/okx,NON_GATE_PAIRS,0,0,0,,,,,,,,,,,,,,,,,,0,0,,,,,,,
200,58,RAW_SPREAD,24,FRACTIONAL_RESIDUAL_EXIT,ALL_GATE_PAIRS,GATE_PAIRS,185,0,185,1.0,,,,,,,,,,,,,,,,0.0,0,0,,,,,,,0.0
200,58,RAW_SPREAD,24,FRACTIONAL_RESIDUAL_EXIT,ALL_NON_GATE_PAIRS,NON_GATE_PAIRS,8,3,5,0.625,15.34812622849617,15.673860234214374,1.0,13.760579782347836,14.610926649844075,16.248192810007367,16.70765887064176,-0.9388065976508505,-3.296998711548316,97.371228301264,91.39192885879498,65.0,60.0,84.0,90.0,0.0009183385137044363,0,2,13.547993065473776,16.248192810007367,97.89136648913416,-24.543240260638,73.34812622849617,-58.0,2.0
200,58,RAW_SPREAD,24,FRACTIONAL_RESIDUAL_EXIT,ALL_PAIRS,ALL,193,3,190,0.9844559585492227,15.34812622849617,15.673860234214374,1.0,13.760579782347836,14.610926649844075,16.248192810007367,16.70765887064176,-0.9388065976508505,-3.296998711548316,97.371228301264,91.39192885879498,65.0,60.0,84.0,90.0,0.00045916925685221815,0,2,13.547993065473776,16.248192810007367,97.89136648913416,-24.543240260638,73.34812622849617,-58.0,2.0
200,80,RAW_SPREAD,24,LEGACY_RAW_EXIT,binance/bitget,NON_GATE_PAIRS,0,0,0,,,,,,,,,,,,,,,,,,0,0,,,,,,,
200,80,RAW_SPREAD,24,LEGACY_RAW_EXIT,binance/gate,GATE_PAIRS,49,0,49,1.0,,,,,,,,,,,,,,,,0.0,0,0,,,,,,,0.0
200,80,RAW_SPREAD,24,LEGACY_RAW_EXIT,binance/hyperliquid,NON_GATE_PAIRS,3,3,0,0.0,-48.63457105559197,-54.949411651280464,0.0,-82.69408537629427,-70.36311927628813,-30.06344313274005,-10.154668317907726,-5.330351068471757,-5.647811152538207,36.1451173732071,25.050588348719536,35.0,30.0,42.0,45.0,0.0019779598756710934,0,0,-70.36311927628813,-5.177474614199639,33.92852027774136,-2.5630913333333334,31.365428944408034,-80.0,2.0
200,80,RAW_SPREAD,24,LEGACY_RAW_EXIT,binance/okx,NON_GATE_PAIRS,1,1,0,0.0,-49.60061853538716,-49.60061853538716,0.0,-49.60061853538716,-49.60061853538716,-49.60061853538716,-49.60061853538716,6.128390071133971,6.128390071133971,82.70086760622908,82.70086760622908,45.0,45.0,45.0,45.0,0.0008476970895733258,0,0,-49.60061853538716,-49.60061853538716,81.67994724652684,-51.280565781914,30.39938146461284,-80.0,1.0
200,80,RAW_SPREAD,24,LEGACY_RAW_EXIT,bitget/gate,GATE_PAIRS,5,0,5,1.0,,,,,,,,,,,,,,,,0.0,0,0,,,,,,,0.0
200,80,RAW_SPREAD,24,LEGACY_RAW_EXIT,bitget/hyperliquid,NON_GATE_PAIRS,7,6,1,0.14285714285714285,-58.69892509725386,-69.50479949182235,0.0,-74.60042370452992,-72.75266690922814,-56.08571689458128,-22.563550623446755,-9.73282363245435,-4.248908665744899,24.07230690433822,14.337273087843826,37.5,22.5,75.0,90.0,0.004238485447866629,1,0,-72.4522820335815,-51.822246629090046,25.450780402746137,-4.1497055,21.30107490274614,-80.0,2.0
200,80,RAW_SPREAD,24,LEGACY_RAW_EXIT,bitget/okx,NON_GATE_PAIRS,1,1,0,0.0,-74.59102972464345,-74.59102972464345,0.0,-74.59102972464345,-74.59102972464345,-74.59102972464345,-74.59102972464345,-52.57703794698587,-52.57703794698587,57.72119952864641,57.72119952864641,60.0,60.0,60.0,60.0,0.0011302627860977678,0,0,-74.59102972464345,-74.59102972464345,56.68953605727056,-51.280565781914,5.408970275356559,-80.0,1.0
200,80,RAW_SPREAD,24,LEGACY_RAW_EXIT,gate/hyperliquid,GATE_PAIRS,78,0,78,1.0,,,,,,,,,,,,,,,,0.0,0,0,,,,,,,0.0
200,80,RAW_SPREAD,24,LEGACY_RAW_EXIT,gate/okx,GATE_PAIRS,53,0,53,1.0,,,,,,,,,,,,,,,,0.0,0,0,,,,,,,0.0
200,80,RAW_SPREAD,24,LEGACY_RAW_EXIT,hyperliquid/okx,NON_GATE_PAIRS,0,0,0,,,,,,,,,,,,,,,,,,0,0,,,,,,,
200,80,RAW_SPREAD,24,LEGACY_RAW_EXIT,ALL_GATE_PAIRS,GATE_PAIRS,185,0,185,1.0,,,,,,,,,,,,,,,,0.0,0,0,,,,,,,0.0
200,80,RAW_SPREAD,24,LEGACY_RAW_EXIT,ALL_NON_GATE_PAIRS,NON_GATE_PAIRS,12,11,1,0.08333333333333333,-56.57171927366633,-67.15808670135652,0.0,-80.44652062285539,-73.82204075475912,-50.99777274718835,-8.898616562899399,-10.985149352363026,-5.647811152538207,35.753750970956915,25.050588348719536,39.54545454545455,30.0,60.0,90.0,0.002048601299802204,1,7,-58.00253751148941,-54.85473738827865,35.714520595772576,-12.286239869438909,23.42828072633367,-80.0,2.0
200,80,RAW_SPREAD,24,LEGACY_RAW_EXIT,ALL_PAIRS,ALL,197,11,186,0.9441624365482234,-56.57171927366633,-67.15808670135652,0.0,-80.44652062285539,-73.82204075475912,-50.99777274718835,-8.898616562899399,-10.985149352363026,-5.647811152538207,35.753750970956915,25.050588348719536,39.54545454545455,30.0,60.0,90.0,0.001024300649901102,1,7,-58.00253751148941,-54.85473738827865,35.714520595772576,-12.286239869438909,23.42828072633367,-80.0,2.0
200,80,RAW_SPREAD,24,BASELINE_RESIDUAL_EXIT,binance/bitget,NON_GATE_PAIRS,0,0,0,,,,,,,,,,,,,,,,,,0,0,,,,,,,
200,80,RAW_SPREAD,24,BASELINE_RESIDUAL_EXIT,binance/gate,GATE_PAIRS,49,0,49,1.0,,,,,,,,,,,,,,,,0.0,0,0,,,,,,,0.0
200,80,RAW_SPREAD,24,BASELINE_RESIDUAL_EXIT,binance/hyperliquid,NON_GATE_PAIRS,3,2,1,0.3333333333333333,-6.814740774362932,-6.814740774362932,0.0,-8.288280318509894,-7.633373854444578,-5.996107694281285,-5.341201230215968,-4.472404932043261,-4.472404932043261,83.97085956033168,83.97085956033168,52.5,52.5,58.5,60.0,0.0019779598756710934,0,0,-8.452006934526224,-5.177474614199639,84.35983672563705,-11.174577500000002,73.18525922563707,-80.0,2.0
200,80,RAW_SPREAD,24,BASELINE_RESIDUAL_EXIT,binance/okx,NON_GATE_PAIRS,1,1,0,0.0,35.503292483372974,35.503292483372974,1.0,35.503292483372974,35.503292483372974,35.503292483372974,35.503292483372974,6.128390071133971,6.128390071133971,165.84801460222343,165.84801460222343,120.0,120.0,120.0,120.0,0.0022605255721955355,0,0,35.503292483372974,35.503292483372974,166.78385826528697,-51.280565781914,115.50329248337296,-80.0,1.0
200,80,RAW_SPREAD,24,BASELINE_RESIDUAL_EXIT,bitget/gate,GATE_PAIRS,5,0,5,1.0,,,,,,,,,,,,,,,,0.0,0,0,,,,,,,0.0
200,80,RAW_SPREAD,24,BASELINE_RESIDUAL_EXIT,bitget/hyperliquid,NON_GATE_PAIRS,3,0,3,1.0,,,,,,,,,,,,,,,,0.0,0,0,,,,,,,0.0
200,80,RAW_SPREAD,24,BASELINE_RESIDUAL_EXIT,bitget/okx,NON_GATE_PAIRS,1,0,1,1.0,,,,,,,,,,,,,,,,0.0,0,0,,,,,,,0.0
200,80,RAW_SPREAD,24,BASELINE_RESIDUAL_EXIT,gate/hyperliquid,GATE_PAIRS,78,0,78,1.0,,,,,,,,,,,,,,,,0.0,0,0,,,,,,,0.0
200,80,RAW_SPREAD,24,BASELINE_RESIDUAL_EXIT,gate/okx,GATE_PAIRS,53,0,53,1.0,,,,,,,,,,,,,,,,0.0,0,0,,,,,,,0.0
200,80,RAW_SPREAD,24,BASELINE_RESIDUAL_EXIT,hyperliquid/okx,NON_GATE_PAIRS,0,0,0,,,,,,,,,,,,,,,,,,0,0,,,,,,,
200,80,RAW_SPREAD,24,BASELINE_RESIDUAL_EXIT,ALL_GATE_PAIRS,GATE_PAIRS,185,0,185,1.0,,,,,,,,,,,,,,,,0.0,0,0,,,,,,,0.0
200,80,RAW_SPREAD,24,BASELINE_RESIDUAL_EXIT,ALL_NON_GATE_PAIRS,NON_GATE_PAIRS,8,3,5,0.625,7.291270311549037,-5.177474614199639,0.3333333333333333,-8.124553702493566,-6.814740774362932,15.162908934586667,31.43521577361571,-0.9388065976508505,-3.296998711548316,111.2632445742956,91.39192885879498,75.0,60.0,108.0,120.0,0.0010596213619666573,0,2,-8.452006934526224,15.162908934586667,111.83451057218701,-24.543240260638,87.29127031154904,-80.0,2.0
200,80,RAW_SPREAD,24,BASELINE_RESIDUAL_EXIT,ALL_PAIRS,ALL,193,3,190,0.9844559585492227,7.291270311549037,-5.177474614199639,0.3333333333333333,-8.124553702493566,-6.814740774362932,15.162908934586667,31.43521577361571,-0.9388065976508505,-3.296998711548316,111.2632445742956,91.39192885879498,75.0,60.0,108.0,120.0,0.0005298106809833287,0,2,-8.452006934526224,15.162908934586667,111.83451057218701,-24.543240260638,87.29127031154904,-80.0,2.0
200,80,RAW_SPREAD,24,FRACTIONAL_RESIDUAL_EXIT,binance/bitget,NON_GATE_PAIRS,0,0,0,,,,,,,,,,,,,,,,,,0,0,,,,,,,
200,80,RAW_SPREAD,24,FRACTIONAL_RESIDUAL_EXIT,binance/gate,GATE_PAIRS,49,0,49,1.0,,,,,,,,,,,,,,,,0.0,0,0,,,,,,,0.0
200,80,RAW_SPREAD,24,FRACTIONAL_RESIDUAL_EXIT,binance/hyperliquid,NON_GATE_PAIRS,3,2,1,0.3333333333333333,-6.814740774362932,-6.814740774362932,0.0,-8.288280318509894,-7.633373854444578,-5.996107694281285,-5.341201230215968,-4.472404932043261,-4.472404932043261,83.97085956033168,83.97085956033168,52.5,52.5,58.5,60.0,0.0019779598756710934,0,0,-8.452006934526224,-5.177474614199639,84.35983672563705,-11.174577500000002,73.18525922563707,-80.0,2.0
200,80,RAW_SPREAD,24,FRACTIONAL_RESIDUAL_EXIT,binance/okx,NON_GATE_PAIRS,1,1,0,0.0,-6.326139765785626,-6.326139765785626,0.0,-6.326139765785626,-6.326139765785626,-6.326139765785626,-6.326139765785626,6.128390071133971,6.128390071133971,124.1719657831286,124.1719657831286,90.0,90.0,90.0,90.0,0.0016953941791466515,0,0,-6.326139765785626,-6.326139765785626,124.95442601612838,-51.280565781914,73.67386023421437,-80.0,1.0
200,80,RAW_SPREAD,24,FRACTIONAL_RESIDUAL_EXIT,bitget/gate,GATE_PAIRS,5,0,5,1.0,,,,,,,,,,,,,,,,0.0,0,0,,,,,,,0.0
200,80,RAW_SPREAD,24,FRACTIONAL_RESIDUAL_EXIT,bitget/hyperliquid,NON_GATE_PAIRS,3,0,3,1.0,,,,,,,,,,,,,,,,0.0,0,0,,,,,,,0.0
200,80,RAW_SPREAD,24,FRACTIONAL_RESIDUAL_EXIT,bitget/okx,NON_GATE_PAIRS,1,0,1,1.0,,,,,,,,,,,,,,,,0.0,0,0,,,,,,,0.0
200,80,RAW_SPREAD,24,FRACTIONAL_RESIDUAL_EXIT,gate/hyperliquid,GATE_PAIRS,78,0,78,1.0,,,,,,,,,,,,,,,,0.0,0,0,,,,,,,0.0
200,80,RAW_SPREAD,24,FRACTIONAL_RESIDUAL_EXIT,gate/okx,GATE_PAIRS,53,0,53,1.0,,,,,,,,,,,,,,,,0.0,0,0,,,,,,,0.0
200,80,RAW_SPREAD,24,FRACTIONAL_RESIDUAL_EXIT,hyperliquid/okx,NON_GATE_PAIRS,0,0,0,,,,,,,,,,,,,,,,,,0,0,,,,,,,
200,80,RAW_SPREAD,24,FRACTIONAL_RESIDUAL_EXIT,ALL_GATE_PAIRS,GATE_PAIRS,185,0,185,1.0,,,,,,,,,,,,,,,,0.0,0,0,,,,,,,0.0
200,80,RAW_SPREAD,24,FRACTIONAL_RESIDUAL_EXIT,ALL_NON_GATE_PAIRS,NON_GATE_PAIRS,8,3,5,0.625,-6.65187377150383,-6.326139765785626,0.0,-8.239420217652164,-7.389073350155925,-5.751807189992633,-5.292341129358237,-0.9388065976508505,-3.296998711548316,97.371228301264,91.39192885879498,65.0,60.0,84.0,90.0,0.0009183385137044363,0,2,-8.452006934526224,-5.751807189992633,97.89136648913416,-24.543240260638,73.34812622849617,-80.0,2.0
200,80,RAW_SPREAD,24,FRACTIONAL_RESIDUAL_EXIT,ALL_PAIRS,ALL,193,3,190,0.9844559585492227,-6.65187377150383,-6.326139765785626,0.0,-8.239420217652164,-7.389073350155925,-5.751807189992633,-5.292341129358237,-0.9388065976508505,-3.296998711548316,97.371228301264,91.39192885879498,65.0,60.0,84.0,90.0,0.00045916925685221815,0,2,-8.452006934526224,-5.751807189992633,97.89136648913416,-24.543240260638,73.34812622849617,-80.0,2.0
250,0,RAW_SPREAD,24,LEGACY_RAW_EXIT,binance/bitget,NON_GATE_PAIRS,0,0,0,,,,,,,,,,,,,,,,,,0,0,,,,,,,
250,0,RAW_SPREAD,24,LEGACY_RAW_EXIT,binance/gate,GATE_PAIRS,7,0,7,1.0,,,,,,,,,,,,,,,,0.0,0,0,,,,,,,0.0
250,0,RAW_SPREAD,24,LEGACY_RAW_EXIT,binance/hyperliquid,NON_GATE_PAIRS,0,0,0,,,,,,,,,,,,,,,,,,0,0,,,,,,,
250,0,RAW_SPREAD,24,LEGACY_RAW_EXIT,binance/okx,NON_GATE_PAIRS,0,0,0,,,,,,,,,,,,,,,,,,0,0,,,,,,,
250,0,RAW_SPREAD,24,LEGACY_RAW_EXIT,bitget/gate,GATE_PAIRS,1,0,1,1.0,,,,,,,,,,,,,,,,0.0,0,0,,,,,,,0.0
250,0,RAW_SPREAD,24,LEGACY_RAW_EXIT,bitget/hyperliquid,NON_GATE_PAIRS,1,1,0,0.0,21.327915465276792,21.327915465276792,1.0,21.327915465276792,21.327915465276792,21.327915465276792,21.327915465276792,-19.36369319540221,-19.36369319540221,20.4642830272439,20.4642830272439,30.0,30.0,30.0,30.0,0.0005651313930488839,0,0,21.327915465276792,21.327915465276792,21.327915465276792,0.0,21.327915465276792,-0.0,1.0
250,0,RAW_SPREAD,24,LEGACY_RAW_EXIT,bitget/okx,NON_GATE_PAIRS,1,1,0,0.0,30.378188762930638,30.378188762930638,1.0,30.378188762930638,30.378188762930638,30.378188762930638,30.378188762930638,29.78265188643747,29.78265188643747,29.78265188643747,29.78265188643747,15.0,15.0,15.0,15.0,0.00028256569652444194,0,0,30.378188762930638,30.378188762930638,30.378188762930638,0.0,30.378188762930638,-0.0,1.0
250,0,RAW_SPREAD,24,LEGACY_RAW_EXIT,gate/hyperliquid,GATE_PAIRS,25,0,25,1.0,,,,,,,,,,,,,,,,0.0,0,0,,,,,,,0.0
250,0,RAW_SPREAD,24,LEGACY_RAW_EXIT,gate/okx,GATE_PAIRS,7,0,7,1.0,,,,,,,,,,,,,,,,0.0,0,0,,,,,,,0.0
250,0,RAW_SPREAD,24,LEGACY_RAW_EXIT,hyperliquid/okx,NON_GATE_PAIRS,0,0,0,,,,,,,,,,,,,,,,,,0,0,,,,,,,
250,0,RAW_SPREAD,24,LEGACY_RAW_EXIT,ALL_GATE_PAIRS,GATE_PAIRS,40,0,40,1.0,,,,,,,,,,,,,,,,0.0,0,0,,,,,,,0.0
250,0,RAW_SPREAD,24,LEGACY_RAW_EXIT,ALL_NON_GATE_PAIRS,NON_GATE_PAIRS,2,2,0,0.0,25.853052114103715,25.853052114103715,1.0,21.780429130159483,23.590483789690254,28.115620438517176,29.925675098047943,5.2094793455176305,5.2094793455176305,25.123467456840686,25.123467456840686,22.5,22.5,28.5,30.0,0.0004238485447866629,0,2,25.853052114103715,25.853052114103715,25.853052114103715,0.0,25.853052114103715,-0.0,1.0
250,0,RAW_SPREAD,24,LEGACY_RAW_EXIT,ALL_PAIRS,ALL,42,2,40,0.9523809523809523,25.853052114103715,25.853052114103715,1.0,21.780429130159483,23.590483789690254,28.115620438517176,29.925675098047943,5.2094793455176305,5.2094793455176305,25.123467456840686,25.123467456840686,22.5,22.5,28.5,30.0,0.00014128284826222097,0,2,25.853052114103715,25.853052114103715,25.853052114103715,0.0,25.853052114103715,-0.0,1.0
250,0,RAW_SPREAD,24,BASELINE_RESIDUAL_EXIT,binance/bitget,NON_GATE_PAIRS,0,0,0,,,,,,,,,,,,,,,,,,0,0,,,,,,,
250,0,RAW_SPREAD,24,BASELINE_RESIDUAL_EXIT,binance/gate,GATE_PAIRS,7,0,7,1.0,,,,,,,,,,,,,,,,0.0,0,0,,,,,,,0.0
250,0,RAW_SPREAD,24,BASELINE_RESIDUAL_EXIT,binance/hyperliquid,NON_GATE_PAIRS,0,0,0,,,,,,,,,,,,,,,,,,0,0,,,,,,,
250,0,RAW_SPREAD,24,BASELINE_RESIDUAL_EXIT,binance/okx,NON_GATE_PAIRS,0,0,0,,,,,,,,,,,,,,,,,,0,0,,,,,,,
250,0,RAW_SPREAD,24,BASELINE_RESIDUAL_EXIT,bitget/gate,GATE_PAIRS,1,0,1,1.0,,,,,,,,,,,,,,,,0.0,0,0,,,,,,,0.0
250,0,RAW_SPREAD,24,BASELINE_RESIDUAL_EXIT,bitget/hyperliquid,NON_GATE_PAIRS,1,0,1,1.0,,,,,,,,,,,,,,,,0.0,0,0,,,,,,,0.0
250,0,RAW_SPREAD,24,BASELINE_RESIDUAL_EXIT,bitget/okx,NON_GATE_PAIRS,1,0,1,1.0,,,,,,,,,,,,,,,,0.0,0,0,,,,,,,0.0
250,0,RAW_SPREAD,24,BASELINE_RESIDUAL_EXIT,gate/hyperliquid,GATE_PAIRS,25,0,25,1.0,,,,,,,,,,,,,,,,0.0,0,0,,,,,,,0.0
250,0,RAW_SPREAD,24,BASELINE_RESIDUAL_EXIT,gate/okx,GATE_PAIRS,7,0,7,1.0,,,,,,,,,,,,,,,,0.0,0,0,,,,,,,0.0
250,0,RAW_SPREAD,24,BASELINE_RESIDUAL_EXIT,hyperliquid/okx,NON_GATE_PAIRS,0,0,0,,,,,,,,,,,,,,,,,,0,0,,,,,,,
250,0,RAW_SPREAD,24,BASELINE_RESIDUAL_EXIT,ALL_GATE_PAIRS,GATE_PAIRS,40,0,40,1.0,,,,,,,,,,,,,,,,0.0,0,0,,,,,,,0.0
250,0,RAW_SPREAD,24,BASELINE_RESIDUAL_EXIT,ALL_NON_GATE_PAIRS,NON_GATE_PAIRS,2,0,2,1.0,,,,,,,,,,,,,,,,0.0,0,0,,,,,,,0.0
250,0,RAW_SPREAD,24,BASELINE_RESIDUAL_EXIT,ALL_PAIRS,ALL,42,0,42,1.0,,,,,,,,,,,,,,,,0.0,0,0,,,,,,,0.0
250,0,RAW_SPREAD,24,FRACTIONAL_RESIDUAL_EXIT,binance/bitget,NON_GATE_PAIRS,0,0,0,,,,,,,,,,,,,,,,,,0,0,,,,,,,
250,0,RAW_SPREAD,24,FRACTIONAL_RESIDUAL_EXIT,binance/gate,GATE_PAIRS,7,0,7,1.0,,,,,,,,,,,,,,,,0.0,0,0,,,,,,,0.0
250,0,RAW_SPREAD,24,FRACTIONAL_RESIDUAL_EXIT,binance/hyperliquid,NON_GATE_PAIRS,0,0,0,,,,,,,,,,,,,,,,,,0,0,,,,,,,
250,0,RAW_SPREAD,24,FRACTIONAL_RESIDUAL_EXIT,binance/okx,NON_GATE_PAIRS,0,0,0,,,,,,,,,,,,,,,,,,0,0,,,,,,,
250,0,RAW_SPREAD,24,FRACTIONAL_RESIDUAL_EXIT,bitget/gate,GATE_PAIRS,1,0,1,1.0,,,,,,,,,,,,,,,,0.0,0,0,,,,,,,0.0
250,0,RAW_SPREAD,24,FRACTIONAL_RESIDUAL_EXIT,bitget/hyperliquid,NON_GATE_PAIRS,1,0,1,1.0,,,,,,,,,,,,,,,,0.0,0,0,,,,,,,0.0
250,0,RAW_SPREAD,24,FRACTIONAL_RESIDUAL_EXIT,bitget/okx,NON_GATE_PAIRS,1,0,1,1.0,,,,,,,,,,,,,,,,0.0,0,0,,,,,,,0.0
250,0,RAW_SPREAD,24,FRACTIONAL_RESIDUAL_EXIT,gate/hyperliquid,GATE_PAIRS,25,0,25,1.0,,,,,,,,,,,,,,,,0.0,0,0,,,,,,,0.0
250,0,RAW_SPREAD,24,FRACTIONAL_RESIDUAL_EXIT,gate/okx,GATE_PAIRS,7,0,7,1.0,,,,,,,,,,,,,,,,0.0,0,0,,,,,,,0.0
250,0,RAW_SPREAD,24,FRACTIONAL_RESIDUAL_EXIT,hyperliquid/okx,NON_GATE_PAIRS,0,0,0,,,,,,,,,,,,,,,,,,0,0,,,,,,,
250,0,RAW_SPREAD,24,FRACTIONAL_RESIDUAL_EXIT,ALL_GATE_PAIRS,GATE_PAIRS,40,0,40,1.0,,,,,,,,,,,,,,,,0.0,0,0,,,,,,,0.0
250,0,RAW_SPREAD,24,FRACTIONAL_RESIDUAL_EXIT,ALL_NON_GATE_PAIRS,NON_GATE_PAIRS,2,0,2,1.0,,,,,,,,,,,,,,,,0.0,0,0,,,,,,,0.0
250,0,RAW_SPREAD,24,FRACTIONAL_RESIDUAL_EXIT,ALL_PAIRS,ALL,42,0,42,1.0,,,,,,,,,,,,,,,,0.0,0,0,,,,,,,0.0
250,20,RAW_SPREAD,24,LEGACY_RAW_EXIT,binance/bitget,NON_GATE_PAIRS,0,0,0,,,,,,,,,,,,,,,,,,0,0,,,,,,,
250,20,RAW_SPREAD,24,LEGACY_RAW_EXIT,binance/gate,GATE_PAIRS,7,0,7,1.0,,,,,,,,,,,,,,,,0.0,0,0,,,,,,,0.0
250,20,RAW_SPREAD,24,LEGACY_RAW_EXIT,binance/hyperliquid,NON_GATE_PAIRS,0,0,0,,,,,,,,,,,,,,,,,,0,0,,,,,,,
250,20,RAW_SPREAD,24,LEGACY_RAW_EXIT,binance/okx,NON_GATE_PAIRS,0,0,0,,,,,,,,,,,,,,,,,,0,0,,,,,,,
250,20,RAW_SPREAD,24,LEGACY_RAW_EXIT,bitget/gate,GATE_PAIRS,1,0,1,1.0,,,,,,,,,,,,,,,,0.0,0,0,,,,,,,0.0
250,20,RAW_SPREAD,24,LEGACY_RAW_EXIT,bitget/hyperliquid,NON_GATE_PAIRS,1,1,0,0.0,1.3279154652767922,1.3279154652767922,1.0,1.3279154652767922,1.3279154652767922,1.3279154652767922,1.3279154652767922,-19.36369319540221,-19.36369319540221,20.4642830272439,20.4642830272439,30.0,30.0,30.0,30.0,0.0005651313930488839,0,0,1.3279154652767922,1.3279154652767922,21.327915465276792,0.0,21.327915465276792,-20.0,1.0
250,20,RAW_SPREAD,24,LEGACY_RAW_EXIT,bitget/okx,NON_GATE_PAIRS,1,1,0,0.0,10.378188762930634,10.378188762930634,1.0,10.378188762930634,10.378188762930634,10.378188762930634,10.378188762930634,29.78265188643747,29.78265188643747,29.78265188643747,29.78265188643747,15.0,15.0,15.0,15.0,0.00028256569652444194,0,0,10.378188762930634,10.378188762930634,30.378188762930638,0.0,30.378188762930638,-20.0,1.0
250,20,RAW_SPREAD,24,LEGACY_RAW_EXIT,gate/hyperliquid,GATE_PAIRS,25,0,25,1.0,,,,,,,,,,,,,,,,0.0,0,0,,,,,,,0.0
250,20,RAW_SPREAD,24,LEGACY_RAW_EXIT,gate/okx,GATE_PAIRS,7,0,7,1.0,,,,,,,,,,,,,,,,0.0,0,0,,,,,,,0.0
250,20,RAW_SPREAD,24,LEGACY_RAW_EXIT,hyperliquid/okx,NON_GATE_PAIRS,0,0,0,,,,,,,,,,,,,,,,,,0,0,,,,,,,
250,20,RAW_SPREAD,24,LEGACY_RAW_EXIT,ALL_GATE_PAIRS,GATE_PAIRS,40,0,40,1.0,,,,,,,,,,,,,,,,0.0,0,0,,,,,,,0.0
250,20,RAW_SPREAD,24,LEGACY_RAW_EXIT,ALL_NON_GATE_PAIRS,NON_GATE_PAIRS,2,2,0,0.0,5.853052114103713,5.853052114103713,1.0,1.7804291301594843,3.5904837896902526,8.115620438517173,9.925675098047941,5.2094793455176305,5.2094793455176305,25.123467456840686,25.123467456840686,22.5,22.5,28.5,30.0,0.0004238485447866629,0,2,5.853052114103713,5.853052114103713,25.853052114103715,0.0,25.853052114103715,-20.0,1.0
250,20,RAW_SPREAD,24,LEGACY_RAW_EXIT,ALL_PAIRS,ALL,42,2,40,0.9523809523809523,5.853052114103713,5.853052114103713,1.0,1.7804291301594843,3.5904837896902526,8.115620438517173,9.925675098047941,5.2094793455176305,5.2094793455176305,25.123467456840686,25.123467456840686,22.5,22.5,28.5,30.0,0.00014128284826222097,0,2,5.853052114103713,5.853052114103713,25.853052114103715,0.0,25.853052114103715,-20.0,1.0
250,20,RAW_SPREAD,24,BASELINE_RESIDUAL_EXIT,binance/bitget,NON_GATE_PAIRS,0,0,0,,,,,,,,,,,,,,,,,,0,0,,,,,,,
250,20,RAW_SPREAD,24,BASELINE_RESIDUAL_EXIT,binance/gate,GATE_PAIRS,7,0,7,1.0,,,,,,,,,,,,,,,,0.0,0,0,,,,,,,0.0
250,20,RAW_SPREAD,24,BASELINE_RESIDUAL_EXIT,binance/hyperliquid,NON_GATE_PAIRS,0,0,0,,,,,,,,,,,,,,,,,,0,0,,,,,,,
250,20,RAW_SPREAD,24,BASELINE_RESIDUAL_EXIT,binance/okx,NON_GATE_PAIRS,0,0,0,,,,,,,,,,,,,,,,,,0,0,,,,,,,
250,20,RAW_SPREAD,24,BASELINE_RESIDUAL_EXIT,bitget/gate,GATE_PAIRS,1,0,1,1.0,,,,,,,,,,,,,,,,0.0,0,0,,,,,,,0.0
250,20,RAW_SPREAD,24,BASELINE_RESIDUAL_EXIT,bitget/hyperliquid,NON_GATE_PAIRS,1,0,1,1.0,,,,,,,,,,,,,,,,0.0,0,0,,,,,,,0.0
250,20,RAW_SPREAD,24,BASELINE_RESIDUAL_EXIT,bitget/okx,NON_GATE_PAIRS,1,0,1,1.0,,,,,,,,,,,,,,,,0.0,0,0,,,,,,,0.0
250,20,RAW_SPREAD,24,BASELINE_RESIDUAL_EXIT,gate/hyperliquid,GATE_PAIRS,25,0,25,1.0,,,,,,,,,,,,,,,,0.0,0,0,,,,,,,0.0
250,20,RAW_SPREAD,24,BASELINE_RESIDUAL_EXIT,gate/okx,GATE_PAIRS,7,0,7,1.0,,,,,,,,,,,,,,,,0.0,0,0,,,,,,,0.0
250,20,RAW_SPREAD,24,BASELINE_RESIDUAL_EXIT,hyperliquid/okx,NON_GATE_PAIRS,0,0,0,,,,,,,,,,,,,,,,,,0,0,,,,,,,
250,20,RAW_SPREAD,24,BASELINE_RESIDUAL_EXIT,ALL_GATE_PAIRS,GATE_PAIRS,40,0,40,1.0,,,,,,,,,,,,,,,,0.0,0,0,,,,,,,0.0
250,20,RAW_SPREAD,24,BASELINE_RESIDUAL_EXIT,ALL_NON_GATE_PAIRS,NON_GATE_PAIRS,2,0,2,1.0,,,,,,,,,,,,,,,,0.0,0,0,,,,,,,0.0
250,20,RAW_SPREAD,24,BASELINE_RESIDUAL_EXIT,ALL_PAIRS,ALL,42,0,42,1.0,,,,,,,,,,,,,,,,0.0,0,0,,,,,,,0.0
250,20,RAW_SPREAD,24,FRACTIONAL_RESIDUAL_EXIT,binance/bitget,NON_GATE_PAIRS,0,0,0,,,,,,,,,,,,,,,,,,0,0,,,,,,,
250,20,RAW_SPREAD,24,FRACTIONAL_RESIDUAL_EXIT,binance/gate,GATE_PAIRS,7,0,7,1.0,,,,,,,,,,,,,,,,0.0,0,0,,,,,,,0.0
250,20,RAW_SPREAD,24,FRACTIONAL_RESIDUAL_EXIT,binance/hyperliquid,NON_GATE_PAIRS,0,0,0,,,,,,,,,,,,,,,,,,0,0,,,,,,,
250,20,RAW_SPREAD,24,FRACTIONAL_RESIDUAL_EXIT,binance/okx,NON_GATE_PAIRS,0,0,0,,,,,,,,,,,,,,,,,,0,0,,,,,,,
250,20,RAW_SPREAD,24,FRACTIONAL_RESIDUAL_EXIT,bitget/gate,GATE_PAIRS,1,0,1,1.0,,,,,,,,,,,,,,,,0.0,0,0,,,,,,,0.0
250,20,RAW_SPREAD,24,FRACTIONAL_RESIDUAL_EXIT,bitget/hyperliquid,NON_GATE_PAIRS,1,0,1,1.0,,,,,,,,,,,,,,,,0.0,0,0,,,,,,,0.0
250,20,RAW_SPREAD,24,FRACTIONAL_RESIDUAL_EXIT,bitget/okx,NON_GATE_PAIRS,1,0,1,1.0,,,,,,,,,,,,,,,,0.0,0,0,,,,,,,0.0
250,20,RAW_SPREAD,24,FRACTIONAL_RESIDUAL_EXIT,gate/hyperliquid,GATE_PAIRS,25,0,25,1.0,,,,,,,,,,,,,,,,0.0,0,0,,,,,,,0.0
250,20,RAW_SPREAD,24,FRACTIONAL_RESIDUAL_EXIT,gate/okx,GATE_PAIRS,7,0,7,1.0,,,,,,,,,,,,,,,,0.0,0,0,,,,,,,0.0
250,20,RAW_SPREAD,24,FRACTIONAL_RESIDUAL_EXIT,hyperliquid/okx,NON_GATE_PAIRS,0,0,0,,,,,,,,,,,,,,,,,,0,0,,,,,,,
250,20,RAW_SPREAD,24,FRACTIONAL_RESIDUAL_EXIT,ALL_GATE_PAIRS,GATE_PAIRS,40,0,40,1.0,,,,,,,,,,,,,,,,0.0,0,0,,,,,,,0.0
250,20,RAW_SPREAD,24,FRACTIONAL_RESIDUAL_EXIT,ALL_NON_GATE_PAIRS,NON_GATE_PAIRS,2,0,2,1.0,,,,,,,,,,,,,,,,0.0,0,0,,,,,,,0.0
250,20,RAW_SPREAD,24,FRACTIONAL_RESIDUAL_EXIT,ALL_PAIRS,ALL,42,0,42,1.0,,,,,,,,,,,,,,,,0.0,0,0,,,,,,,0.0
250,40,RAW_SPREAD,24,LEGACY_RAW_EXIT,binance/bitget,NON_GATE_PAIRS,0,0,0,,,,,,,,,,,,,,,,,,0,0,,,,,,,
250,40,RAW_SPREAD,24,LEGACY_RAW_EXIT,binance/gate,GATE_PAIRS,7,0,7,1.0,,,,,,,,,,,,,,,,0.0,0,0,,,,,,,0.0
250,40,RAW_SPREAD,24,LEGACY_RAW_EXIT,binance/hyperliquid,NON_GATE_PAIRS,0,0,0,,,,,,,,,,,,,,,,,,0,0,,,,,,,
250,40,RAW_SPREAD,24,LEGACY_RAW_EXIT,binance/okx,NON_GATE_PAIRS,0,0,0,,,,,,,,,,,,,,,,,,0,0,,,,,,,
250,40,RAW_SPREAD,24,LEGACY_RAW_EXIT,bitget/gate,GATE_PAIRS,1,0,1,1.0,,,,,,,,,,,,,,,,0.0,0,0,,,,,,,0.0
250,40,RAW_SPREAD,24,LEGACY_RAW_EXIT,bitget/hyperliquid,NON_GATE_PAIRS,1,1,0,0.0,-18.672084534723208,-18.672084534723208,0.0,-18.672084534723208,-18.672084534723208,-18.672084534723208,-18.672084534723208,-19.36369319540221,-19.36369319540221,20.4642830272439,20.4642830272439,30.0,30.0,30.0,30.0,0.0005651313930488839,0,0,-18.672084534723208,-18.672084534723208,21.327915465276792,0.0,21.327915465276792,-40.0,1.0
250,40,RAW_SPREAD,24,LEGACY_RAW_EXIT,bitget/okx,NON_GATE_PAIRS,1,1,0,0.0,-9.621811237069366,-9.621811237069366,0.0,-9.621811237069366,-9.621811237069366,-9.621811237069366,-9.621811237069366,29.78265188643747,29.78265188643747,29.78265188643747,29.78265188643747,15.0,15.0,15.0,15.0,0.00028256569652444194,0,0,-9.621811237069366,-9.621811237069366,30.378188762930638,0.0,30.378188762930638,-40.0,1.0
250,40,RAW_SPREAD,24,LEGACY_RAW_EXIT,gate/hyperliquid,GATE_PAIRS,25,0,25,1.0,,,,,,,,,,,,,,,,0.0,0,0,,,,,,,0.0
250,40,RAW_SPREAD,24,LEGACY_RAW_EXIT,gate/okx,GATE_PAIRS,7,0,7,1.0,,,,,,,,,,,,,,,,0.0,0,0,,,,,,,0.0
250,40,RAW_SPREAD,24,LEGACY_RAW_EXIT,hyperliquid/okx,NON_GATE_PAIRS,0,0,0,,,,,,,,,,,,,,,,,,0,0,,,,,,,
250,40,RAW_SPREAD,24,LEGACY_RAW_EXIT,ALL_GATE_PAIRS,GATE_PAIRS,40,0,40,1.0,,,,,,,,,,,,,,,,0.0,0,0,,,,,,,0.0
250,40,RAW_SPREAD,24,LEGACY_RAW_EXIT,ALL_NON_GATE_PAIRS,NON_GATE_PAIRS,2,2,0,0.0,-14.146947885896287,-14.146947885896287,0.0,-18.219570869840517,-16.409516210309746,-11.884379561482827,-10.074324901952059,5.2094793455176305,5.2094793455176305,25.123467456840686,25.123467456840686,22.5,22.5,28.5,30.0,0.0004238485447866629,0,2,-14.146947885896287,-14.146947885896287,25.853052114103715,0.0,25.853052114103715,-40.0,1.0
250,40,RAW_SPREAD,24,LEGACY_RAW_EXIT,ALL_PAIRS,ALL,42,2,40,0.9523809523809523,-14.146947885896287,-14.146947885896287,0.0,-18.219570869840517,-16.409516210309746,-11.884379561482827,-10.074324901952059,5.2094793455176305,5.2094793455176305,25.123467456840686,25.123467456840686,22.5,22.5,28.5,30.0,0.00014128284826222097,0,2,-14.146947885896287,-14.146947885896287,25.853052114103715,0.0,25.853052114103715,-40.0,1.0
250,40,RAW_SPREAD,24,BASELINE_RESIDUAL_EXIT,binance/bitget,NON_GATE_PAIRS,0,0,0,,,,,,,,,,,,,,,,,,0,0,,,,,,,
250,40,RAW_SPREAD,24,BASELINE_RESIDUAL_EXIT,binance/gate,GATE_PAIRS,7,0,7,1.0,,,,,,,,,,,,,,,,0.0,0,0,,,,,,,0.0
250,40,RAW_SPREAD,24,BASELINE_RESIDUAL_EXIT,binance/hyperliquid,NON_GATE_PAIRS,0,0,0,,,,,,,,,,,,,,,,,,0,0,,,,,,,
250,40,RAW_SPREAD,24,BASELINE_RESIDUAL_EXIT,binance/okx,NON_GATE_PAIRS,0,0,0,,,,,,,,,,,,,,,,,,0,0,,,,,,,
250,40,RAW_SPREAD,24,BASELINE_RESIDUAL_EXIT,bitget/gate,GATE_PAIRS,1,0,1,1.0,,,,,,,,,,,,,,,,0.0,0,0,,,,,,,0.0
250,40,RAW_SPREAD,24,BASELINE_RESIDUAL_EXIT,bitget/hyperliquid,NON_GATE_PAIRS,1,0,1,1.0,,,,,,,,,,,,,,,,0.0,0,0,,,,,,,0.0
250,40,RAW_SPREAD,24,BASELINE_RESIDUAL_EXIT,bitget/okx,NON_GATE_PAIRS,1,0,1,1.0,,,,,,,,,,,,,,,,0.0,0,0,,,,,,,0.0
250,40,RAW_SPREAD,24,BASELINE_RESIDUAL_EXIT,gate/hyperliquid,GATE_PAIRS,25,0,25,1.0,,,,,,,,,,,,,,,,0.0,0,0,,,,,,,0.0
250,40,RAW_SPREAD,24,BASELINE_RESIDUAL_EXIT,gate/okx,GATE_PAIRS,7,0,7,1.0,,,,,,,,,,,,,,,,0.0,0,0,,,,,,,0.0
250,40,RAW_SPREAD,24,BASELINE_RESIDUAL_EXIT,hyperliquid/okx,NON_GATE_PAIRS,0,0,0,,,,,,,,,,,,,,,,,,0,0,,,,,,,
250,40,RAW_SPREAD,24,BASELINE_RESIDUAL_EXIT,ALL_GATE_PAIRS,GATE_PAIRS,40,0,40,1.0,,,,,,,,,,,,,,,,0.0,0,0,,,,,,,0.0
250,40,RAW_SPREAD,24,BASELINE_RESIDUAL_EXIT,ALL_NON_GATE_PAIRS,NON_GATE_PAIRS,2,0,2,1.0,,,,,,,,,,,,,,,,0.0,0,0,,,,,,,0.0
250,40,RAW_SPREAD,24,BASELINE_RESIDUAL_EXIT,ALL_PAIRS,ALL,42,0,42,1.0,,,,,,,,,,,,,,,,0.0,0,0,,,,,,,0.0
250,40,RAW_SPREAD,24,FRACTIONAL_RESIDUAL_EXIT,binance/bitget,NON_GATE_PAIRS,0,0,0,,,,,,,,,,,,,,,,,,0,0,,,,,,,
250,40,RAW_SPREAD,24,FRACTIONAL_RESIDUAL_EXIT,binance/gate,GATE_PAIRS,7,0,7,1.0,,,,,,,,,,,,,,,,0.0,0,0,,,,,,,0.0
250,40,RAW_SPREAD,24,FRACTIONAL_RESIDUAL_EXIT,binance/hyperliquid,NON_GATE_PAIRS,0,0,0,,,,,,,,,,,,,,,,,,0,0,,,,,,,
250,40,RAW_SPREAD,24,FRACTIONAL_RESIDUAL_EXIT,binance/okx,NON_GATE_PAIRS,0,0,0,,,,,,,,,,,,,,,,,,0,0,,,,,,,
250,40,RAW_SPREAD,24,FRACTIONAL_RESIDUAL_EXIT,bitget/gate,GATE_PAIRS,1,0,1,1.0,,,,,,,,,,,,,,,,0.0,0,0,,,,,,,0.0
250,40,RAW_SPREAD,24,FRACTIONAL_RESIDUAL_EXIT,bitget/hyperliquid,NON_GATE_PAIRS,1,0,1,1.0,,,,,,,,,,,,,,,,0.0,0,0,,,,,,,0.0
250,40,RAW_SPREAD,24,FRACTIONAL_RESIDUAL_EXIT,bitget/okx,NON_GATE_PAIRS,1,0,1,1.0,,,,,,,,,,,,,,,,0.0,0,0,,,,,,,0.0
250,40,RAW_SPREAD,24,FRACTIONAL_RESIDUAL_EXIT,gate/hyperliquid,GATE_PAIRS,25,0,25,1.0,,,,,,,,,,,,,,,,0.0,0,0,,,,,,,0.0
250,40,RAW_SPREAD,24,FRACTIONAL_RESIDUAL_EXIT,gate/okx,GATE_PAIRS,7,0,7,1.0,,,,,,,,,,,,,,,,0.0,0,0,,,,,,,0.0
250,40,RAW_SPREAD,24,FRACTIONAL_RESIDUAL_EXIT,hyperliquid/okx,NON_GATE_PAIRS,0,0,0,,,,,,,,,,,,,,,,,,0,0,,,,,,,
250,40,RAW_SPREAD,24,FRACTIONAL_RESIDUAL_EXIT,ALL_GATE_PAIRS,GATE_PAIRS,40,0,40,1.0,,,,,,,,,,,,,,,,0.0,0,0,,,,,,,0.0
250,40,RAW_SPREAD,24,FRACTIONAL_RESIDUAL_EXIT,ALL_NON_GATE_PAIRS,NON_GATE_PAIRS,2,0,2,1.0,,,,,,,,,,,,,,,,0.0,0,0,,,,,,,0.0
250,40,RAW_SPREAD,24,FRACTIONAL_RESIDUAL_EXIT,ALL_PAIRS,ALL,42,0,42,1.0,,,,,,,,,,,,,,,,0.0,0,0,,,,,,,0.0
250,58,RAW_SPREAD,24,LEGACY_RAW_EXIT,binance/bitget,NON_GATE_PAIRS,0,0,0,,,,,,,,,,,,,,,,,,0,0,,,,,,,
250,58,RAW_SPREAD,24,LEGACY_RAW_EXIT,binance/gate,GATE_PAIRS,7,0,7,1.0,,,,,,,,,,,,,,,,0.0,0,0,,,,,,,0.0
250,58,RAW_SPREAD,24,LEGACY_RAW_EXIT,binance/hyperliquid,NON_GATE_PAIRS,0,0,0,,,,,,,,,,,,,,,,,,0,0,,,,,,,
250,58,RAW_SPREAD,24,LEGACY_RAW_EXIT,binance/okx,NON_GATE_PAIRS,0,0,0,,,,,,,,,,,,,,,,,,0,0,,,,,,,
250,58,RAW_SPREAD,24,LEGACY_RAW_EXIT,bitget/gate,GATE_PAIRS,1,0,1,1.0,,,,,,,,,,,,,,,,0.0,0,0,,,,,,,0.0
250,58,RAW_SPREAD,24,LEGACY_RAW_EXIT,bitget/hyperliquid,NON_GATE_PAIRS,1,1,0,0.0,-36.67208453472321,-36.67208453472321,0.0,-36.67208453472321,-36.67208453472321,-36.67208453472321,-36.67208453472321,-19.36369319540221,-19.36369319540221,20.4642830272439,20.4642830272439,30.0,30.0,30.0,30.0,0.0005651313930488839,0,0,-36.67208453472321,-36.67208453472321,21.327915465276792,0.0,21.327915465276792,-58.0,1.0
250,58,RAW_SPREAD,24,LEGACY_RAW_EXIT,bitget/okx,NON_GATE_PAIRS,1,1,0,0.0,-27.62181123706937,-27.62181123706937,0.0,-27.62181123706937,-27.62181123706937,-27.62181123706937,-27.62181123706937,29.78265188643747,29.78265188643747,29.78265188643747,29.78265188643747,15.0,15.0,15.0,15.0,0.00028256569652444194,0,0,-27.62181123706937,-27.62181123706937,30.378188762930638,0.0,30.378188762930638,-58.0,1.0
250,58,RAW_SPREAD,24,LEGACY_RAW_EXIT,gate/hyperliquid,GATE_PAIRS,25,0,25,1.0,,,,,,,,,,,,,,,,0.0,0,0,,,,,,,0.0
250,58,RAW_SPREAD,24,LEGACY_RAW_EXIT,gate/okx,GATE_PAIRS,7,0,7,1.0,,,,,,,,,,,,,,,,0.0,0,0,,,,,,,0.0
250,58,RAW_SPREAD,24,LEGACY_RAW_EXIT,hyperliquid/okx,NON_GATE_PAIRS,0,0,0,,,,,,,,,,,,,,,,,,0,0,,,,,,,
250,58,RAW_SPREAD,24,LEGACY_RAW_EXIT,ALL_GATE_PAIRS,GATE_PAIRS,40,0,40,1.0,,,,,,,,,,,,,,,,0.0,0,0,,,,,,,0.0
250,58,RAW_SPREAD,24,LEGACY_RAW_EXIT,ALL_NON_GATE_PAIRS,NON_GATE_PAIRS,2,2,0,0.0,-32.14694788589629,-32.14694788589629,0.0,-36.21957086984052,-34.409516210309754,-29.88437956148283,-28.07432490195206,5.2094793455176305,5.2094793455176305,25.123467456840686,25.123467456840686,22.5,22.5,28.5,30.0,0.0004238485447866629,0,2,-32.14694788589629,-32.14694788589629,25.853052114103715,0.0,25.853052114103715,-58.0,1.0
250,58,RAW_SPREAD,24,LEGACY_RAW_EXIT,ALL_PAIRS,ALL,42,2,40,0.9523809523809523,-32.14694788589629,-32.14694788589629,0.0,-36.21957086984052,-34.409516210309754,-29.88437956148283,-28.07432490195206,5.2094793455176305,5.2094793455176305,25.123467456840686,25.123467456840686,22.5,22.5,28.5,30.0,0.00014128284826222097,0,2,-32.14694788589629,-32.14694788589629,25.853052114103715,0.0,25.853052114103715,-58.0,1.0
250,58,RAW_SPREAD,24,BASELINE_RESIDUAL_EXIT,binance/bitget,NON_GATE_PAIRS,0,0,0,,,,,,,,,,,,,,,,,,0,0,,,,,,,
250,58,RAW_SPREAD,24,BASELINE_RESIDUAL_EXIT,binance/gate,GATE_PAIRS,7,0,7,1.0,,,,,,,,,,,,,,,,0.0,0,0,,,,,,,0.0
250,58,RAW_SPREAD,24,BASELINE_RESIDUAL_EXIT,binance/hyperliquid,NON_GATE_PAIRS,0,0,0,,,,,,,,,,,,,,,,,,0,0,,,,,,,
250,58,RAW_SPREAD,24,BASELINE_RESIDUAL_EXIT,binance/okx,NON_GATE_PAIRS,0,0,0,,,,,,,,,,,,,,,,,,0,0,,,,,,,
250,58,RAW_SPREAD,24,BASELINE_RESIDUAL_EXIT,bitget/gate,GATE_PAIRS,1,0,1,1.0,,,,,,,,,,,,,,,,0.0,0,0,,,,,,,0.0
250,58,RAW_SPREAD,24,BASELINE_RESIDUAL_EXIT,bitget/hyperliquid,NON_GATE_PAIRS,1,0,1,1.0,,,,,,,,,,,,,,,,0.0,0,0,,,,,,,0.0
250,58,RAW_SPREAD,24,BASELINE_RESIDUAL_EXIT,bitget/okx,NON_GATE_PAIRS,1,0,1,1.0,,,,,,,,,,,,,,,,0.0,0,0,,,,,,,0.0
250,58,RAW_SPREAD,24,BASELINE_RESIDUAL_EXIT,gate/hyperliquid,GATE_PAIRS,25,0,25,1.0,,,,,,,,,,,,,,,,0.0,0,0,,,,,,,0.0
250,58,RAW_SPREAD,24,BASELINE_RESIDUAL_EXIT,gate/okx,GATE_PAIRS,7,0,7,1.0,,,,,,,,,,,,,,,,0.0,0,0,,,,,,,0.0
250,58,RAW_SPREAD,24,BASELINE_RESIDUAL_EXIT,hyperliquid/okx,NON_GATE_PAIRS,0,0,0,,,,,,,,,,,,,,,,,,0,0,,,,,,,
250,58,RAW_SPREAD,24,BASELINE_RESIDUAL_EXIT,ALL_GATE_PAIRS,GATE_PAIRS,40,0,40,1.0,,,,,,,,,,,,,,,,0.0,0,0,,,,,,,0.0
250,58,RAW_SPREAD,24,BASELINE_RESIDUAL_EXIT,ALL_NON_GATE_PAIRS,NON_GATE_PAIRS,2,0,2,1.0,,,,,,,,,,,,,,,,0.0,0,0,,,,,,,0.0
250,58,RAW_SPREAD,24,BASELINE_RESIDUAL_EXIT,ALL_PAIRS,ALL,42,0,42,1.0,,,,,,,,,,,,,,,,0.0,0,0,,,,,,,0.0
250,58,RAW_SPREAD,24,FRACTIONAL_RESIDUAL_EXIT,binance/bitget,NON_GATE_PAIRS,0,0,0,,,,,,,,,,,,,,,,,,0,0,,,,,,,
250,58,RAW_SPREAD,24,FRACTIONAL_RESIDUAL_EXIT,binance/gate,GATE_PAIRS,7,0,7,1.0,,,,,,,,,,,,,,,,0.0,0,0,,,,,,,0.0
250,58,RAW_SPREAD,24,FRACTIONAL_RESIDUAL_EXIT,binance/hyperliquid,NON_GATE_PAIRS,0,0,0,,,,,,,,,,,,,,,,,,0,0,,,,,,,
250,58,RAW_SPREAD,24,FRACTIONAL_RESIDUAL_EXIT,binance/okx,NON_GATE_PAIRS,0,0,0,,,,,,,,,,,,,,,,,,0,0,,,,,,,
250,58,RAW_SPREAD,24,FRACTIONAL_RESIDUAL_EXIT,bitget/gate,GATE_PAIRS,1,0,1,1.0,,,,,,,,,,,,,,,,0.0,0,0,,,,,,,0.0
250,58,RAW_SPREAD,24,FRACTIONAL_RESIDUAL_EXIT,bitget/hyperliquid,NON_GATE_PAIRS,1,0,1,1.0,,,,,,,,,,,,,,,,0.0,0,0,,,,,,,0.0
250,58,RAW_SPREAD,24,FRACTIONAL_RESIDUAL_EXIT,bitget/okx,NON_GATE_PAIRS,1,0,1,1.0,,,,,,,,,,,,,,,,0.0,0,0,,,,,,,0.0
250,58,RAW_SPREAD,24,FRACTIONAL_RESIDUAL_EXIT,gate/hyperliquid,GATE_PAIRS,25,0,25,1.0,,,,,,,,,,,,,,,,0.0,0,0,,,,,,,0.0
250,58,RAW_SPREAD,24,FRACTIONAL_RESIDUAL_EXIT,gate/okx,GATE_PAIRS,7,0,7,1.0,,,,,,,,,,,,,,,,0.0,0,0,,,,,,,0.0
250,58,RAW_SPREAD,24,FRACTIONAL_RESIDUAL_EXIT,hyperliquid/okx,NON_GATE_PAIRS,0,0,0,,,,,,,,,,,,,,,,,,0,0,,,,,,,
250,58,RAW_SPREAD,24,FRACTIONAL_RESIDUAL_EXIT,ALL_GATE_PAIRS,GATE_PAIRS,40,0,40,1.0,,,,,,,,,,,,,,,,0.0,0,0,,,,,,,0.0
250,58,RAW_SPREAD,24,FRACTIONAL_RESIDUAL_EXIT,ALL_NON_GATE_PAIRS,NON_GATE_PAIRS,2,0,2,1.0,,,,,,,,,,,,,,,,0.0,0,0,,,,,,,0.0
250,58,RAW_SPREAD,24,FRACTIONAL_RESIDUAL_EXIT,ALL_PAIRS,ALL,42,0,42,1.0,,,,,,,,,,,,,,,,0.0,0,0,,,,,,,0.0
250,80,RAW_SPREAD,24,LEGACY_RAW_EXIT,binance/bitget,NON_GATE_PAIRS,0,0,0,,,,,,,,,,,,,,,,,,0,0,,,,,,,
250,80,RAW_SPREAD,24,LEGACY_RAW_EXIT,binance/gate,GATE_PAIRS,7,0,7,1.0,,,,,,,,,,,,,,,,0.0,0,0,,,,,,,0.0
250,80,RAW_SPREAD,24,LEGACY_RAW_EXIT,binance/hyperliquid,NON_GATE_PAIRS,0,0,0,,,,,,,,,,,,,,,,,,0,0,,,,,,,
250,80,RAW_SPREAD,24,LEGACY_RAW_EXIT,binance/okx,NON_GATE_PAIRS,0,0,0,,,,,,,,,,,,,,,,,,0,0,,,,,,,
250,80,RAW_SPREAD,24,LEGACY_RAW_EXIT,bitget/gate,GATE_PAIRS,1,0,1,1.0,,,,,,,,,,,,,,,,0.0,0,0,,,,,,,0.0
250,80,RAW_SPREAD,24,LEGACY_RAW_EXIT,bitget/hyperliquid,NON_GATE_PAIRS,1,1,0,0.0,-58.67208453472321,-58.67208453472321,0.0,-58.67208453472321,-58.67208453472321,-58.67208453472321,-58.67208453472321,-19.36369319540221,-19.36369319540221,20.4642830272439,20.4642830272439,30.0,30.0,30.0,30.0,0.0005651313930488839,0,0,-58.67208453472321,-58.67208453472321,21.327915465276792,0.0,21.327915465276792,-80.0,1.0
250,80,RAW_SPREAD,24,LEGACY_RAW_EXIT,bitget/okx,NON_GATE_PAIRS,1,1,0,0.0,-49.621811237069366,-49.621811237069366,0.0,-49.621811237069366,-49.621811237069366,-49.621811237069366,-49.621811237069366,29.78265188643747,29.78265188643747,29.78265188643747,29.78265188643747,15.0,15.0,15.0,15.0,0.00028256569652444194,0,0,-49.621811237069366,-49.621811237069366,30.378188762930638,0.0,30.378188762930638,-80.0,1.0
250,80,RAW_SPREAD,24,LEGACY_RAW_EXIT,gate/hyperliquid,GATE_PAIRS,25,0,25,1.0,,,,,,,,,,,,,,,,0.0,0,0,,,,,,,0.0
250,80,RAW_SPREAD,24,LEGACY_RAW_EXIT,gate/okx,GATE_PAIRS,7,0,7,1.0,,,,,,,,,,,,,,,,0.0,0,0,,,,,,,0.0
250,80,RAW_SPREAD,24,LEGACY_RAW_EXIT,hyperliquid/okx,NON_GATE_PAIRS,0,0,0,,,,,,,,,,,,,,,,,,0,0,,,,,,,
250,80,RAW_SPREAD,24,LEGACY_RAW_EXIT,ALL_GATE_PAIRS,GATE_PAIRS,40,0,40,1.0,,,,,,,,,,,,,,,,0.0,0,0,,,,,,,0.0
250,80,RAW_SPREAD,24,LEGACY_RAW_EXIT,ALL_NON_GATE_PAIRS,NON_GATE_PAIRS,2,2,0,0.0,-54.14694788589629,-54.14694788589629,0.0,-58.21957086984052,-56.40951621030975,-51.88437956148283,-50.07432490195206,5.2094793455176305,5.2094793455176305,25.123467456840686,25.123467456840686,22.5,22.5,28.5,30.0,0.0004238485447866629,0,2,-54.14694788589629,-54.14694788589629,25.853052114103715,0.0,25.853052114103715,-80.0,1.0
250,80,RAW_SPREAD,24,LEGACY_RAW_EXIT,ALL_PAIRS,ALL,42,2,40,0.9523809523809523,-54.14694788589629,-54.14694788589629,0.0,-58.21957086984052,-56.40951621030975,-51.88437956148283,-50.07432490195206,5.2094793455176305,5.2094793455176305,25.123467456840686,25.123467456840686,22.5,22.5,28.5,30.0,0.00014128284826222097,0,2,-54.14694788589629,-54.14694788589629,25.853052114103715,0.0,25.853052114103715,-80.0,1.0
250,80,RAW_SPREAD,24,BASELINE_RESIDUAL_EXIT,binance/bitget,NON_GATE_PAIRS,0,0,0,,,,,,,,,,,,,,,,,,0,0,,,,,,,
250,80,RAW_SPREAD,24,BASELINE_RESIDUAL_EXIT,binance/gate,GATE_PAIRS,7,0,7,1.0,,,,,,,,,,,,,,,,0.0,0,0,,,,,,,0.0
250,80,RAW_SPREAD,24,BASELINE_RESIDUAL_EXIT,binance/hyperliquid,NON_GATE_PAIRS,0,0,0,,,,,,,,,,,,,,,,,,0,0,,,,,,,
250,80,RAW_SPREAD,24,BASELINE_RESIDUAL_EXIT,binance/okx,NON_GATE_PAIRS,0,0,0,,,,,,,,,,,,,,,,,,0,0,,,,,,,
250,80,RAW_SPREAD,24,BASELINE_RESIDUAL_EXIT,bitget/gate,GATE_PAIRS,1,0,1,1.0,,,,,,,,,,,,,,,,0.0,0,0,,,,,,,0.0
250,80,RAW_SPREAD,24,BASELINE_RESIDUAL_EXIT,bitget/hyperliquid,NON_GATE_PAIRS,1,0,1,1.0,,,,,,,,,,,,,,,,0.0,0,0,,,,,,,0.0
250,80,RAW_SPREAD,24,BASELINE_RESIDUAL_EXIT,bitget/okx,NON_GATE_PAIRS,1,0,1,1.0,,,,,,,,,,,,,,,,0.0,0,0,,,,,,,0.0
250,80,RAW_SPREAD,24,BASELINE_RESIDUAL_EXIT,gate/hyperliquid,GATE_PAIRS,25,0,25,1.0,,,,,,,,,,,,,,,,0.0,0,0,,,,,,,0.0
250,80,RAW_SPREAD,24,BASELINE_RESIDUAL_EXIT,gate/okx,GATE_PAIRS,7,0,7,1.0,,,,,,,,,,,,,,,,0.0,0,0,,,,,,,0.0
250,80,RAW_SPREAD,24,BASELINE_RESIDUAL_EXIT,hyperliquid/okx,NON_GATE_PAIRS,0,0,0,,,,,,,,,,,,,,,,,,0,0,,,,,,,
250,80,RAW_SPREAD,24,BASELINE_RESIDUAL_EXIT,ALL_GATE_PAIRS,GATE_PAIRS,40,0,40,1.0,,,,,,,,,,,,,,,,0.0,0,0,,,,,,,0.0
250,80,RAW_SPREAD,24,BASELINE_RESIDUAL_EXIT,ALL_NON_GATE_PAIRS,NON_GATE_PAIRS,2,0,2,1.0,,,,,,,,,,,,,,,,0.0,0,0,,,,,,,0.0
250,80,RAW_SPREAD,24,BASELINE_RESIDUAL_EXIT,ALL_PAIRS,ALL,42,0,42,1.0,,,,,,,,,,,,,,,,0.0,0,0,,,,,,,0.0
250,80,RAW_SPREAD,24,FRACTIONAL_RESIDUAL_EXIT,binance/bitget,NON_GATE_PAIRS,0,0,0,,,,,,,,,,,,,,,,,,0,0,,,,,,,
250,80,RAW_SPREAD,24,FRACTIONAL_RESIDUAL_EXIT,binance/gate,GATE_PAIRS,7,0,7,1.0,,,,,,,,,,,,,,,,0.0,0,0,,,,,,,0.0
250,80,RAW_SPREAD,24,FRACTIONAL_RESIDUAL_EXIT,binance/hyperliquid,NON_GATE_PAIRS,0,0,0,,,,,,,,,,,,,,,,,,0,0,,,,,,,
250,80,RAW_SPREAD,24,FRACTIONAL_RESIDUAL_EXIT,binance/okx,NON_GATE_PAIRS,0,0,0,,,,,,,,,,,,,,,,,,0,0,,,,,,,
250,80,RAW_SPREAD,24,FRACTIONAL_RESIDUAL_EXIT,bitget/gate,GATE_PAIRS,1,0,1,1.0,,,,,,,,,,,,,,,,0.0,0,0,,,,,,,0.0
250,80,RAW_SPREAD,24,FRACTIONAL_RESIDUAL_EXIT,bitget/hyperliquid,NON_GATE_PAIRS,1,0,1,1.0,,,,,,,,,,,,,,,,0.0,0,0,,,,,,,0.0
250,80,RAW_SPREAD,24,FRACTIONAL_RESIDUAL_EXIT,bitget/okx,NON_GATE_PAIRS,1,0,1,1.0,,,,,,,,,,,,,,,,0.0,0,0,,,,,,,0.0
250,80,RAW_SPREAD,24,FRACTIONAL_RESIDUAL_EXIT,gate/hyperliquid,GATE_PAIRS,25,0,25,1.0,,,,,,,,,,,,,,,,0.0,0,0,,,,,,,0.0
250,80,RAW_SPREAD,24,FRACTIONAL_RESIDUAL_EXIT,gate/okx,GATE_PAIRS,7,0,7,1.0,,,,,,,,,,,,,,,,0.0,0,0,,,,,,,0.0
250,80,RAW_SPREAD,24,FRACTIONAL_RESIDUAL_EXIT,hyperliquid/okx,NON_GATE_PAIRS,0,0,0,,,,,,,,,,,,,,,,,,0,0,,,,,,,
250,80,RAW_SPREAD,24,FRACTIONAL_RESIDUAL_EXIT,ALL_GATE_PAIRS,GATE_PAIRS,40,0,40,1.0,,,,,,,,,,,,,,,,0.0,0,0,,,,,,,0.0
250,80,RAW_SPREAD,24,FRACTIONAL_RESIDUAL_EXIT,ALL_NON_GATE_PAIRS,NON_GATE_PAIRS,2,0,2,1.0,,,,,,,,,,,,,,,,0.0,0,0,,,,,,,0.0
250,80,RAW_SPREAD,24,FRACTIONAL_RESIDUAL_EXIT,ALL_PAIRS,ALL,42,0,42,1.0,,,,,,,,,,,,,,,,0.0,0,0,,,,,,,0.0
300,0,RAW_SPREAD,24,LEGACY_RAW_EXIT,binance/bitget,NON_GATE_PAIRS,0,0,0,,,,,,,,,,,,,,,,,,0,0,,,,,,,
300,0,RAW_SPREAD,24,LEGACY_RAW_EXIT,binance/gate,GATE_PAIRS,0,0,0,,,,,,,,,,,,,,,,,,0,0,,,,,,,
300,0,RAW_SPREAD,24,LEGACY_RAW_EXIT,binance/hyperliquid,NON_GATE_PAIRS,0,0,0,,,,,,,,,,,,,,,,,,0,0,,,,,,,
300,0,RAW_SPREAD,24,LEGACY_RAW_EXIT,binance/okx,NON_GATE_PAIRS,0,0,0,,,,,,,,,,,,,,,,,,0,0,,,,,,,
300,0,RAW_SPREAD,24,LEGACY_RAW_EXIT,bitget/gate,GATE_PAIRS,0,0,0,,,,,,,,,,,,,,,,,,0,0,,,,,,,
300,0,RAW_SPREAD,24,LEGACY_RAW_EXIT,bitget/hyperliquid,NON_GATE_PAIRS,0,0,0,,,,,,,,,,,,,,,,,,0,0,,,,,,,
300,0,RAW_SPREAD,24,LEGACY_RAW_EXIT,bitget/okx,NON_GATE_PAIRS,0,0,0,,,,,,,,,,,,,,,,,,0,0,,,,,,,
300,0,RAW_SPREAD,24,LEGACY_RAW_EXIT,gate/hyperliquid,GATE_PAIRS,8,0,8,1.0,,,,,,,,,,,,,,,,0.0,0,0,,,,,,,0.0
300,0,RAW_SPREAD,24,LEGACY_RAW_EXIT,gate/okx,GATE_PAIRS,4,0,4,1.0,,,,,,,,,,,,,,,,0.0,0,0,,,,,,,0.0
300,0,RAW_SPREAD,24,LEGACY_RAW_EXIT,hyperliquid/okx,NON_GATE_PAIRS,0,0,0,,,,,,,,,,,,,,,,,,0,0,,,,,,,
300,0,RAW_SPREAD,24,LEGACY_RAW_EXIT,ALL_GATE_PAIRS,GATE_PAIRS,12,0,12,1.0,,,,,,,,,,,,,,,,0.0,0,0,,,,,,,0.0
300,0,RAW_SPREAD,24,LEGACY_RAW_EXIT,ALL_NON_GATE_PAIRS,NON_GATE_PAIRS,0,0,0,,,,,,,,,,,,,,,,,0.0,0,0,,,,,,,0.0
300,0,RAW_SPREAD,24,LEGACY_RAW_EXIT,ALL_PAIRS,ALL,12,0,12,1.0,,,,,,,,,,,,,,,,0.0,0,0,,,,,,,0.0
300,0,RAW_SPREAD,24,BASELINE_RESIDUAL_EXIT,binance/bitget,NON_GATE_PAIRS,0,0,0,,,,,,,,,,,,,,,,,,0,0,,,,,,,
300,0,RAW_SPREAD,24,BASELINE_RESIDUAL_EXIT,binance/gate,GATE_PAIRS,0,0,0,,,,,,,,,,,,,,,,,,0,0,,,,,,,
300,0,RAW_SPREAD,24,BASELINE_RESIDUAL_EXIT,binance/hyperliquid,NON_GATE_PAIRS,0,0,0,,,,,,,,,,,,,,,,,,0,0,,,,,,,
300,0,RAW_SPREAD,24,BASELINE_RESIDUAL_EXIT,binance/okx,NON_GATE_PAIRS,0,0,0,,,,,,,,,,,,,,,,,,0,0,,,,,,,
300,0,RAW_SPREAD,24,BASELINE_RESIDUAL_EXIT,bitget/gate,GATE_PAIRS,0,0,0,,,,,,,,,,,,,,,,,,0,0,,,,,,,
300,0,RAW_SPREAD,24,BASELINE_RESIDUAL_EXIT,bitget/hyperliquid,NON_GATE_PAIRS,0,0,0,,,,,,,,,,,,,,,,,,0,0,,,,,,,
300,0,RAW_SPREAD,24,BASELINE_RESIDUAL_EXIT,bitget/okx,NON_GATE_PAIRS,0,0,0,,,,,,,,,,,,,,,,,,0,0,,,,,,,
300,0,RAW_SPREAD,24,BASELINE_RESIDUAL_EXIT,gate/hyperliquid,GATE_PAIRS,8,0,8,1.0,,,,,,,,,,,,,,,,0.0,0,0,,,,,,,0.0
300,0,RAW_SPREAD,24,BASELINE_RESIDUAL_EXIT,gate/okx,GATE_PAIRS,4,0,4,1.0,,,,,,,,,,,,,,,,0.0,0,0,,,,,,,0.0
300,0,RAW_SPREAD,24,BASELINE_RESIDUAL_EXIT,hyperliquid/okx,NON_GATE_PAIRS,0,0,0,,,,,,,,,,,,,,,,,,0,0,,,,,,,
300,0,RAW_SPREAD,24,BASELINE_RESIDUAL_EXIT,ALL_GATE_PAIRS,GATE_PAIRS,12,0,12,1.0,,,,,,,,,,,,,,,,0.0,0,0,,,,,,,0.0
300,0,RAW_SPREAD,24,BASELINE_RESIDUAL_EXIT,ALL_NON_GATE_PAIRS,NON_GATE_PAIRS,0,0,0,,,,,,,,,,,,,,,,,0.0,0,0,,,,,,,0.0
300,0,RAW_SPREAD,24,BASELINE_RESIDUAL_EXIT,ALL_PAIRS,ALL,12,0,12,1.0,,,,,,,,,,,,,,,,0.0,0,0,,,,,,,0.0
300,0,RAW_SPREAD,24,FRACTIONAL_RESIDUAL_EXIT,binance/bitget,NON_GATE_PAIRS,0,0,0,,,,,,,,,,,,,,,,,,0,0,,,,,,,
300,0,RAW_SPREAD,24,FRACTIONAL_RESIDUAL_EXIT,binance/gate,GATE_PAIRS,0,0,0,,,,,,,,,,,,,,,,,,0,0,,,,,,,
300,0,RAW_SPREAD,24,FRACTIONAL_RESIDUAL_EXIT,binance/hyperliquid,NON_GATE_PAIRS,0,0,0,,,,,,,,,,,,,,,,,,0,0,,,,,,,
300,0,RAW_SPREAD,24,FRACTIONAL_RESIDUAL_EXIT,binance/okx,NON_GATE_PAIRS,0,0,0,,,,,,,,,,,,,,,,,,0,0,,,,,,,
300,0,RAW_SPREAD,24,FRACTIONAL_RESIDUAL_EXIT,bitget/gate,GATE_PAIRS,0,0,0,,,,,,,,,,,,,,,,,,0,0,,,,,,,
300,0,RAW_SPREAD,24,FRACTIONAL_RESIDUAL_EXIT,bitget/hyperliquid,NON_GATE_PAIRS,0,0,0,,,,,,,,,,,,,,,,,,0,0,,,,,,,
300,0,RAW_SPREAD,24,FRACTIONAL_RESIDUAL_EXIT,bitget/okx,NON_GATE_PAIRS,0,0,0,,,,,,,,,,,,,,,,,,0,0,,,,,,,
300,0,RAW_SPREAD,24,FRACTIONAL_RESIDUAL_EXIT,gate/hyperliquid,GATE_PAIRS,8,0,8,1.0,,,,,,,,,,,,,,,,0.0,0,0,,,,,,,0.0
300,0,RAW_SPREAD,24,FRACTIONAL_RESIDUAL_EXIT,gate/okx,GATE_PAIRS,4,0,4,1.0,,,,,,,,,,,,,,,,0.0,0,0,,,,,,,0.0
300,0,RAW_SPREAD,24,FRACTIONAL_RESIDUAL_EXIT,hyperliquid/okx,NON_GATE_PAIRS,0,0,0,,,,,,,,,,,,,,,,,,0,0,,,,,,,
300,0,RAW_SPREAD,24,FRACTIONAL_RESIDUAL_EXIT,ALL_GATE_PAIRS,GATE_PAIRS,12,0,12,1.0,,,,,,,,,,,,,,,,0.0,0,0,,,,,,,0.0
300,0,RAW_SPREAD,24,FRACTIONAL_RESIDUAL_EXIT,ALL_NON_GATE_PAIRS,NON_GATE_PAIRS,0,0,0,,,,,,,,,,,,,,,,,0.0,0,0,,,,,,,0.0
300,0,RAW_SPREAD,24,FRACTIONAL_RESIDUAL_EXIT,ALL_PAIRS,ALL,12,0,12,1.0,,,,,,,,,,,,,,,,0.0,0,0,,,,,,,0.0
300,20,RAW_SPREAD,24,LEGACY_RAW_EXIT,binance/bitget,NON_GATE_PAIRS,0,0,0,,,,,,,,,,,,,,,,,,0,0,,,,,,,
300,20,RAW_SPREAD,24,LEGACY_RAW_EXIT,binance/gate,GATE_PAIRS,0,0,0,,,,,,,,,,,,,,,,,,0,0,,,,,,,
300,20,RAW_SPREAD,24,LEGACY_RAW_EXIT,binance/hyperliquid,NON_GATE_PAIRS,0,0,0,,,,,,,,,,,,,,,,,,0,0,,,,,,,
300,20,RAW_SPREAD,24,LEGACY_RAW_EXIT,binance/okx,NON_GATE_PAIRS,0,0,0,,,,,,,,,,,,,,,,,,0,0,,,,,,,
300,20,RAW_SPREAD,24,LEGACY_RAW_EXIT,bitget/gate,GATE_PAIRS,0,0,0,,,,,,,,,,,,,,,,,,0,0,,,,,,,
300,20,RAW_SPREAD,24,LEGACY_RAW_EXIT,bitget/hyperliquid,NON_GATE_PAIRS,0,0,0,,,,,,,,,,,,,,,,,,0,0,,,,,,,
300,20,RAW_SPREAD,24,LEGACY_RAW_EXIT,bitget/okx,NON_GATE_PAIRS,0,0,0,,,,,,,,,,,,,,,,,,0,0,,,,,,,
300,20,RAW_SPREAD,24,LEGACY_RAW_EXIT,gate/hyperliquid,GATE_PAIRS,8,0,8,1.0,,,,,,,,,,,,,,,,0.0,0,0,,,,,,,0.0
300,20,RAW_SPREAD,24,LEGACY_RAW_EXIT,gate/okx,GATE_PAIRS,4,0,4,1.0,,,,,,,,,,,,,,,,0.0,0,0,,,,,,,0.0
300,20,RAW_SPREAD,24,LEGACY_RAW_EXIT,hyperliquid/okx,NON_GATE_PAIRS,0,0,0,,,,,,,,,,,,,,,,,,0,0,,,,,,,
300,20,RAW_SPREAD,24,LEGACY_RAW_EXIT,ALL_GATE_PAIRS,GATE_PAIRS,12,0,12,1.0,,,,,,,,,,,,,,,,0.0,0,0,,,,,,,0.0
300,20,RAW_SPREAD,24,LEGACY_RAW_EXIT,ALL_NON_GATE_PAIRS,NON_GATE_PAIRS,0,0,0,,,,,,,,,,,,,,,,,0.0,0,0,,,,,,,0.0
300,20,RAW_SPREAD,24,LEGACY_RAW_EXIT,ALL_PAIRS,ALL,12,0,12,1.0,,,,,,,,,,,,,,,,0.0,0,0,,,,,,,0.0
300,20,RAW_SPREAD,24,BASELINE_RESIDUAL_EXIT,binance/bitget,NON_GATE_PAIRS,0,0,0,,,,,,,,,,,,,,,,,,0,0,,,,,,,
300,20,RAW_SPREAD,24,BASELINE_RESIDUAL_EXIT,binance/gate,GATE_PAIRS,0,0,0,,,,,,,,,,,,,,,,,,0,0,,,,,,,
300,20,RAW_SPREAD,24,BASELINE_RESIDUAL_EXIT,binance/hyperliquid,NON_GATE_PAIRS,0,0,0,,,,,,,,,,,,,,,,,,0,0,,,,,,,
300,20,RAW_SPREAD,24,BASELINE_RESIDUAL_EXIT,binance/okx,NON_GATE_PAIRS,0,0,0,,,,,,,,,,,,,,,,,,0,0,,,,,,,
300,20,RAW_SPREAD,24,BASELINE_RESIDUAL_EXIT,bitget/gate,GATE_PAIRS,0,0,0,,,,,,,,,,,,,,,,,,0,0,,,,,,,
300,20,RAW_SPREAD,24,BASELINE_RESIDUAL_EXIT,bitget/hyperliquid,NON_GATE_PAIRS,0,0,0,,,,,,,,,,,,,,,,,,0,0,,,,,,,
300,20,RAW_SPREAD,24,BASELINE_RESIDUAL_EXIT,bitget/okx,NON_GATE_PAIRS,0,0,0,,,,,,,,,,,,,,,,,,0,0,,,,,,,
300,20,RAW_SPREAD,24,BASELINE_RESIDUAL_EXIT,gate/hyperliquid,GATE_PAIRS,8,0,8,1.0,,,,,,,,,,,,,,,,0.0,0,0,,,,,,,0.0
300,20,RAW_SPREAD,24,BASELINE_RESIDUAL_EXIT,gate/okx,GATE_PAIRS,4,0,4,1.0,,,,,,,,,,,,,,,,0.0,0,0,,,,,,,0.0
300,20,RAW_SPREAD,24,BASELINE_RESIDUAL_EXIT,hyperliquid/okx,NON_GATE_PAIRS,0,0,0,,,,,,,,,,,,,,,,,,0,0,,,,,,,
300,20,RAW_SPREAD,24,BASELINE_RESIDUAL_EXIT,ALL_GATE_PAIRS,GATE_PAIRS,12,0,12,1.0,,,,,,,,,,,,,,,,0.0,0,0,,,,,,,0.0
300,20,RAW_SPREAD,24,BASELINE_RESIDUAL_EXIT,ALL_NON_GATE_PAIRS,NON_GATE_PAIRS,0,0,0,,,,,,,,,,,,,,,,,0.0,0,0,,,,,,,0.0
300,20,RAW_SPREAD,24,BASELINE_RESIDUAL_EXIT,ALL_PAIRS,ALL,12,0,12,1.0,,,,,,,,,,,,,,,,0.0,0,0,,,,,,,0.0
300,20,RAW_SPREAD,24,FRACTIONAL_RESIDUAL_EXIT,binance/bitget,NON_GATE_PAIRS,0,0,0,,,,,,,,,,,,,,,,,,0,0,,,,,,,
300,20,RAW_SPREAD,24,FRACTIONAL_RESIDUAL_EXIT,binance/gate,GATE_PAIRS,0,0,0,,,,,,,,,,,,,,,,,,0,0,,,,,,,
300,20,RAW_SPREAD,24,FRACTIONAL_RESIDUAL_EXIT,binance/hyperliquid,NON_GATE_PAIRS,0,0,0,,,,,,,,,,,,,,,,,,0,0,,,,,,,
300,20,RAW_SPREAD,24,FRACTIONAL_RESIDUAL_EXIT,binance/okx,NON_GATE_PAIRS,0,0,0,,,,,,,,,,,,,,,,,,0,0,,,,,,,
300,20,RAW_SPREAD,24,FRACTIONAL_RESIDUAL_EXIT,bitget/gate,GATE_PAIRS,0,0,0,,,,,,,,,,,,,,,,,,0,0,,,,,,,
300,20,RAW_SPREAD,24,FRACTIONAL_RESIDUAL_EXIT,bitget/hyperliquid,NON_GATE_PAIRS,0,0,0,,,,,,,,,,,,,,,,,,0,0,,,,,,,
300,20,RAW_SPREAD,24,FRACTIONAL_RESIDUAL_EXIT,bitget/okx,NON_GATE_PAIRS,0,0,0,,,,,,,,,,,,,,,,,,0,0,,,,,,,
300,20,RAW_SPREAD,24,FRACTIONAL_RESIDUAL_EXIT,gate/hyperliquid,GATE_PAIRS,8,0,8,1.0,,,,,,,,,,,,,,,,0.0,0,0,,,,,,,0.0
300,20,RAW_SPREAD,24,FRACTIONAL_RESIDUAL_EXIT,gate/okx,GATE_PAIRS,4,0,4,1.0,,,,,,,,,,,,,,,,0.0,0,0,,,,,,,0.0
300,20,RAW_SPREAD,24,FRACTIONAL_RESIDUAL_EXIT,hyperliquid/okx,NON_GATE_PAIRS,0,0,0,,,,,,,,,,,,,,,,,,0,0,,,,,,,
300,20,RAW_SPREAD,24,FRACTIONAL_RESIDUAL_EXIT,ALL_GATE_PAIRS,GATE_PAIRS,12,0,12,1.0,,,,,,,,,,,,,,,,0.0,0,0,,,,,,,0.0
300,20,RAW_SPREAD,24,FRACTIONAL_RESIDUAL_EXIT,ALL_NON_GATE_PAIRS,NON_GATE_PAIRS,0,0,0,,,,,,,,,,,,,,,,,0.0,0,0,,,,,,,0.0
300,20,RAW_SPREAD,24,FRACTIONAL_RESIDUAL_EXIT,ALL_PAIRS,ALL,12,0,12,1.0,,,,,,,,,,,,,,,,0.0,0,0,,,,,,,0.0
300,40,RAW_SPREAD,24,LEGACY_RAW_EXIT,binance/bitget,NON_GATE_PAIRS,0,0,0,,,,,,,,,,,,,,,,,,0,0,,,,,,,
300,40,RAW_SPREAD,24,LEGACY_RAW_EXIT,binance/gate,GATE_PAIRS,0,0,0,,,,,,,,,,,,,,,,,,0,0,,,,,,,
300,40,RAW_SPREAD,24,LEGACY_RAW_EXIT,binance/hyperliquid,NON_GATE_PAIRS,0,0,0,,,,,,,,,,,,,,,,,,0,0,,,,,,,
300,40,RAW_SPREAD,24,LEGACY_RAW_EXIT,binance/okx,NON_GATE_PAIRS,0,0,0,,,,,,,,,,,,,,,,,,0,0,,,,,,,
300,40,RAW_SPREAD,24,LEGACY_RAW_EXIT,bitget/gate,GATE_PAIRS,0,0,0,,,,,,,,,,,,,,,,,,0,0,,,,,,,
300,40,RAW_SPREAD,24,LEGACY_RAW_EXIT,bitget/hyperliquid,NON_GATE_PAIRS,0,0,0,,,,,,,,,,,,,,,,,,0,0,,,,,,,
300,40,RAW_SPREAD,24,LEGACY_RAW_EXIT,bitget/okx,NON_GATE_PAIRS,0,0,0,,,,,,,,,,,,,,,,,,0,0,,,,,,,
300,40,RAW_SPREAD,24,LEGACY_RAW_EXIT,gate/hyperliquid,GATE_PAIRS,8,0,8,1.0,,,,,,,,,,,,,,,,0.0,0,0,,,,,,,0.0
300,40,RAW_SPREAD,24,LEGACY_RAW_EXIT,gate/okx,GATE_PAIRS,4,0,4,1.0,,,,,,,,,,,,,,,,0.0,0,0,,,,,,,0.0
300,40,RAW_SPREAD,24,LEGACY_RAW_EXIT,hyperliquid/okx,NON_GATE_PAIRS,0,0,0,,,,,,,,,,,,,,,,,,0,0,,,,,,,
300,40,RAW_SPREAD,24,LEGACY_RAW_EXIT,ALL_GATE_PAIRS,GATE_PAIRS,12,0,12,1.0,,,,,,,,,,,,,,,,0.0,0,0,,,,,,,0.0
300,40,RAW_SPREAD,24,LEGACY_RAW_EXIT,ALL_NON_GATE_PAIRS,NON_GATE_PAIRS,0,0,0,,,,,,,,,,,,,,,,,0.0,0,0,,,,,,,0.0
300,40,RAW_SPREAD,24,LEGACY_RAW_EXIT,ALL_PAIRS,ALL,12,0,12,1.0,,,,,,,,,,,,,,,,0.0,0,0,,,,,,,0.0
300,40,RAW_SPREAD,24,BASELINE_RESIDUAL_EXIT,binance/bitget,NON_GATE_PAIRS,0,0,0,,,,,,,,,,,,,,,,,,0,0,,,,,,,
300,40,RAW_SPREAD,24,BASELINE_RESIDUAL_EXIT,binance/gate,GATE_PAIRS,0,0,0,,,,,,,,,,,,,,,,,,0,0,,,,,,,
300,40,RAW_SPREAD,24,BASELINE_RESIDUAL_EXIT,binance/hyperliquid,NON_GATE_PAIRS,0,0,0,,,,,,,,,,,,,,,,,,0,0,,,,,,,
300,40,RAW_SPREAD,24,BASELINE_RESIDUAL_EXIT,binance/okx,NON_GATE_PAIRS,0,0,0,,,,,,,,,,,,,,,,,,0,0,,,,,,,
300,40,RAW_SPREAD,24,BASELINE_RESIDUAL_EXIT,bitget/gate,GATE_PAIRS,0,0,0,,,,,,,,,,,,,,,,,,0,0,,,,,,,
300,40,RAW_SPREAD,24,BASELINE_RESIDUAL_EXIT,bitget/hyperliquid,NON_GATE_PAIRS,0,0,0,,,,,,,,,,,,,,,,,,0,0,,,,,,,
300,40,RAW_SPREAD,24,BASELINE_RESIDUAL_EXIT,bitget/okx,NON_GATE_PAIRS,0,0,0,,,,,,,,,,,,,,,,,,0,0,,,,,,,
300,40,RAW_SPREAD,24,BASELINE_RESIDUAL_EXIT,gate/hyperliquid,GATE_PAIRS,8,0,8,1.0,,,,,,,,,,,,,,,,0.0,0,0,,,,,,,0.0
300,40,RAW_SPREAD,24,BASELINE_RESIDUAL_EXIT,gate/okx,GATE_PAIRS,4,0,4,1.0,,,,,,,,,,,,,,,,0.0,0,0,,,,,,,0.0
300,40,RAW_SPREAD,24,BASELINE_RESIDUAL_EXIT,hyperliquid/okx,NON_GATE_PAIRS,0,0,0,,,,,,,,,,,,,,,,,,0,0,,,,,,,
300,40,RAW_SPREAD,24,BASELINE_RESIDUAL_EXIT,ALL_GATE_PAIRS,GATE_PAIRS,12,0,12,1.0,,,,,,,,,,,,,,,,0.0,0,0,,,,,,,0.0
300,40,RAW_SPREAD,24,BASELINE_RESIDUAL_EXIT,ALL_NON_GATE_PAIRS,NON_GATE_PAIRS,0,0,0,,,,,,,,,,,,,,,,,0.0,0,0,,,,,,,0.0
300,40,RAW_SPREAD,24,BASELINE_RESIDUAL_EXIT,ALL_PAIRS,ALL,12,0,12,1.0,,,,,,,,,,,,,,,,0.0,0,0,,,,,,,0.0
300,40,RAW_SPREAD,24,FRACTIONAL_RESIDUAL_EXIT,binance/bitget,NON_GATE_PAIRS,0,0,0,,,,,,,,,,,,,,,,,,0,0,,,,,,,
300,40,RAW_SPREAD,24,FRACTIONAL_RESIDUAL_EXIT,binance/gate,GATE_PAIRS,0,0,0,,,,,,,,,,,,,,,,,,0,0,,,,,,,
300,40,RAW_SPREAD,24,FRACTIONAL_RESIDUAL_EXIT,binance/hyperliquid,NON_GATE_PAIRS,0,0,0,,,,,,,,,,,,,,,,,,0,0,,,,,,,
300,40,RAW_SPREAD,24,FRACTIONAL_RESIDUAL_EXIT,binance/okx,NON_GATE_PAIRS,0,0,0,,,,,,,,,,,,,,,,,,0,0,,,,,,,
300,40,RAW_SPREAD,24,FRACTIONAL_RESIDUAL_EXIT,bitget/gate,GATE_PAIRS,0,0,0,,,,,,,,,,,,,,,,,,0,0,,,,,,,
300,40,RAW_SPREAD,24,FRACTIONAL_RESIDUAL_EXIT,bitget/hyperliquid,NON_GATE_PAIRS,0,0,0,,,,,,,,,,,,,,,,,,0,0,,,,,,,
300,40,RAW_SPREAD,24,FRACTIONAL_RESIDUAL_EXIT,bitget/okx,NON_GATE_PAIRS,0,0,0,,,,,,,,,,,,,,,,,,0,0,,,,,,,
300,40,RAW_SPREAD,24,FRACTIONAL_RESIDUAL_EXIT,gate/hyperliquid,GATE_PAIRS,8,0,8,1.0,,,,,,,,,,,,,,,,0.0,0,0,,,,,,,0.0
300,40,RAW_SPREAD,24,FRACTIONAL_RESIDUAL_EXIT,gate/okx,GATE_PAIRS,4,0,4,1.0,,,,,,,,,,,,,,,,0.0,0,0,,,,,,,0.0
300,40,RAW_SPREAD,24,FRACTIONAL_RESIDUAL_EXIT,hyperliquid/okx,NON_GATE_PAIRS,0,0,0,,,,,,,,,,,,,,,,,,0,0,,,,,,,
300,40,RAW_SPREAD,24,FRACTIONAL_RESIDUAL_EXIT,ALL_GATE_PAIRS,GATE_PAIRS,12,0,12,1.0,,,,,,,,,,,,,,,,0.0,0,0,,,,,,,0.0
300,40,RAW_SPREAD,24,FRACTIONAL_RESIDUAL_EXIT,ALL_NON_GATE_PAIRS,NON_GATE_PAIRS,0,0,0,,,,,,,,,,,,,,,,,0.0,0,0,,,,,,,0.0
300,40,RAW_SPREAD,24,FRACTIONAL_RESIDUAL_EXIT,ALL_PAIRS,ALL,12,0,12,1.0,,,,,,,,,,,,,,,,0.0,0,0,,,,,,,0.0
300,58,RAW_SPREAD,24,LEGACY_RAW_EXIT,binance/bitget,NON_GATE_PAIRS,0,0,0,,,,,,,,,,,,,,,,,,0,0,,,,,,,
300,58,RAW_SPREAD,24,LEGACY_RAW_EXIT,binance/gate,GATE_PAIRS,0,0,0,,,,,,,,,,,,,,,,,,0,0,,,,,,,
300,58,RAW_SPREAD,24,LEGACY_RAW_EXIT,binance/hyperliquid,NON_GATE_PAIRS,0,0,0,,,,,,,,,,,,,,,,,,0,0,,,,,,,
300,58,RAW_SPREAD,24,LEGACY_RAW_EXIT,binance/okx,NON_GATE_PAIRS,0,0,0,,,,,,,,,,,,,,,,,,0,0,,,,,,,
300,58,RAW_SPREAD,24,LEGACY_RAW_EXIT,bitget/gate,GATE_PAIRS,0,0,0,,,,,,,,,,,,,,,,,,0,0,,,,,,,
300,58,RAW_SPREAD,24,LEGACY_RAW_EXIT,bitget/hyperliquid,NON_GATE_PAIRS,0,0,0,,,,,,,,,,,,,,,,,,0,0,,,,,,,
300,58,RAW_SPREAD,24,LEGACY_RAW_EXIT,bitget/okx,NON_GATE_PAIRS,0,0,0,,,,,,,,,,,,,,,,,,0,0,,,,,,,
300,58,RAW_SPREAD,24,LEGACY_RAW_EXIT,gate/hyperliquid,GATE_PAIRS,8,0,8,1.0,,,,,,,,,,,,,,,,0.0,0,0,,,,,,,0.0
300,58,RAW_SPREAD,24,LEGACY_RAW_EXIT,gate/okx,GATE_PAIRS,4,0,4,1.0,,,,,,,,,,,,,,,,0.0,0,0,,,,,,,0.0
300,58,RAW_SPREAD,24,LEGACY_RAW_EXIT,hyperliquid/okx,NON_GATE_PAIRS,0,0,0,,,,,,,,,,,,,,,,,,0,0,,,,,,,
300,58,RAW_SPREAD,24,LEGACY_RAW_EXIT,ALL_GATE_PAIRS,GATE_PAIRS,12,0,12,1.0,,,,,,,,,,,,,,,,0.0,0,0,,,,,,,0.0
300,58,RAW_SPREAD,24,LEGACY_RAW_EXIT,ALL_NON_GATE_PAIRS,NON_GATE_PAIRS,0,0,0,,,,,,,,,,,,,,,,,0.0,0,0,,,,,,,0.0
300,58,RAW_SPREAD,24,LEGACY_RAW_EXIT,ALL_PAIRS,ALL,12,0,12,1.0,,,,,,,,,,,,,,,,0.0,0,0,,,,,,,0.0
300,58,RAW_SPREAD,24,BASELINE_RESIDUAL_EXIT,binance/bitget,NON_GATE_PAIRS,0,0,0,,,,,,,,,,,,,,,,,,0,0,,,,,,,
300,58,RAW_SPREAD,24,BASELINE_RESIDUAL_EXIT,binance/gate,GATE_PAIRS,0,0,0,,,,,,,,,,,,,,,,,,0,0,,,,,,,
300,58,RAW_SPREAD,24,BASELINE_RESIDUAL_EXIT,binance/hyperliquid,NON_GATE_PAIRS,0,0,0,,,,,,,,,,,,,,,,,,0,0,,,,,,,
300,58,RAW_SPREAD,24,BASELINE_RESIDUAL_EXIT,binance/okx,NON_GATE_PAIRS,0,0,0,,,,,,,,,,,,,,,,,,0,0,,,,,,,
300,58,RAW_SPREAD,24,BASELINE_RESIDUAL_EXIT,bitget/gate,GATE_PAIRS,0,0,0,,,,,,,,,,,,,,,,,,0,0,,,,,,,
300,58,RAW_SPREAD,24,BASELINE_RESIDUAL_EXIT,bitget/hyperliquid,NON_GATE_PAIRS,0,0,0,,,,,,,,,,,,,,,,,,0,0,,,,,,,
300,58,RAW_SPREAD,24,BASELINE_RESIDUAL_EXIT,bitget/okx,NON_GATE_PAIRS,0,0,0,,,,,,,,,,,,,,,,,,0,0,,,,,,,
300,58,RAW_SPREAD,24,BASELINE_RESIDUAL_EXIT,gate/hyperliquid,GATE_PAIRS,8,0,8,1.0,,,,,,,,,,,,,,,,0.0,0,0,,,,,,,0.0
300,58,RAW_SPREAD,24,BASELINE_RESIDUAL_EXIT,gate/okx,GATE_PAIRS,4,0,4,1.0,,,,,,,,,,,,,,,,0.0,0,0,,,,,,,0.0
300,58,RAW_SPREAD,24,BASELINE_RESIDUAL_EXIT,hyperliquid/okx,NON_GATE_PAIRS,0,0,0,,,,,,,,,,,,,,,,,,0,0,,,,,,,
300,58,RAW_SPREAD,24,BASELINE_RESIDUAL_EXIT,ALL_GATE_PAIRS,GATE_PAIRS,12,0,12,1.0,,,,,,,,,,,,,,,,0.0,0,0,,,,,,,0.0
300,58,RAW_SPREAD,24,BASELINE_RESIDUAL_EXIT,ALL_NON_GATE_PAIRS,NON_GATE_PAIRS,0,0,0,,,,,,,,,,,,,,,,,0.0,0,0,,,,,,,0.0
300,58,RAW_SPREAD,24,BASELINE_RESIDUAL_EXIT,ALL_PAIRS,ALL,12,0,12,1.0,,,,,,,,,,,,,,,,0.0,0,0,,,,,,,0.0
300,58,RAW_SPREAD,24,FRACTIONAL_RESIDUAL_EXIT,binance/bitget,NON_GATE_PAIRS,0,0,0,,,,,,,,,,,,,,,,,,0,0,,,,,,,
300,58,RAW_SPREAD,24,FRACTIONAL_RESIDUAL_EXIT,binance/gate,GATE_PAIRS,0,0,0,,,,,,,,,,,,,,,,,,0,0,,,,,,,
300,58,RAW_SPREAD,24,FRACTIONAL_RESIDUAL_EXIT,binance/hyperliquid,NON_GATE_PAIRS,0,0,0,,,,,,,,,,,,,,,,,,0,0,,,,,,,
300,58,RAW_SPREAD,24,FRACTIONAL_RESIDUAL_EXIT,binance/okx,NON_GATE_PAIRS,0,0,0,,,,,,,,,,,,,,,,,,0,0,,,,,,,
300,58,RAW_SPREAD,24,FRACTIONAL_RESIDUAL_EXIT,bitget/gate,GATE_PAIRS,0,0,0,,,,,,,,,,,,,,,,,,0,0,,,,,,,
300,58,RAW_SPREAD,24,FRACTIONAL_RESIDUAL_EXIT,bitget/hyperliquid,NON_GATE_PAIRS,0,0,0,,,,,,,,,,,,,,,,,,0,0,,,,,,,
300,58,RAW_SPREAD,24,FRACTIONAL_RESIDUAL_EXIT,bitget/okx,NON_GATE_PAIRS,0,0,0,,,,,,,,,,,,,,,,,,0,0,,,,,,,
300,58,RAW_SPREAD,24,FRACTIONAL_RESIDUAL_EXIT,gate/hyperliquid,GATE_PAIRS,8,0,8,1.0,,,,,,,,,,,,,,,,0.0,0,0,,,,,,,0.0
300,58,RAW_SPREAD,24,FRACTIONAL_RESIDUAL_EXIT,gate/okx,GATE_PAIRS,4,0,4,1.0,,,,,,,,,,,,,,,,0.0,0,0,,,,,,,0.0
300,58,RAW_SPREAD,24,FRACTIONAL_RESIDUAL_EXIT,hyperliquid/okx,NON_GATE_PAIRS,0,0,0,,,,,,,,,,,,,,,,,,0,0,,,,,,,
300,58,RAW_SPREAD,24,FRACTIONAL_RESIDUAL_EXIT,ALL_GATE_PAIRS,GATE_PAIRS,12,0,12,1.0,,,,,,,,,,,,,,,,0.0,0,0,,,,,,,0.0
300,58,RAW_SPREAD,24,FRACTIONAL_RESIDUAL_EXIT,ALL_NON_GATE_PAIRS,NON_GATE_PAIRS,0,0,0,,,,,,,,,,,,,,,,,0.0,0,0,,,,,,,0.0
300,58,RAW_SPREAD,24,FRACTIONAL_RESIDUAL_EXIT,ALL_PAIRS,ALL,12,0,12,1.0,,,,,,,,,,,,,,,,0.0,0,0,,,,,,,0.0
300,80,RAW_SPREAD,24,LEGACY_RAW_EXIT,binance/bitget,NON_GATE_PAIRS,0,0,0,,,,,,,,,,,,,,,,,,0,0,,,,,,,
300,80,RAW_SPREAD,24,LEGACY_RAW_EXIT,binance/gate,GATE_PAIRS,0,0,0,,,,,,,,,,,,,,,,,,0,0,,,,,,,
300,80,RAW_SPREAD,24,LEGACY_RAW_EXIT,binance/hyperliquid,NON_GATE_PAIRS,0,0,0,,,,,,,,,,,,,,,,,,0,0,,,,,,,
300,80,RAW_SPREAD,24,LEGACY_RAW_EXIT,binance/okx,NON_GATE_PAIRS,0,0,0,,,,,,,,,,,,,,,,,,0,0,,,,,,,
300,80,RAW_SPREAD,24,LEGACY_RAW_EXIT,bitget/gate,GATE_PAIRS,0,0,0,,,,,,,,,,,,,,,,,,0,0,,,,,,,
300,80,RAW_SPREAD,24,LEGACY_RAW_EXIT,bitget/hyperliquid,NON_GATE_PAIRS,0,0,0,,,,,,,,,,,,,,,,,,0,0,,,,,,,
300,80,RAW_SPREAD,24,LEGACY_RAW_EXIT,bitget/okx,NON_GATE_PAIRS,0,0,0,,,,,,,,,,,,,,,,,,0,0,,,,,,,
300,80,RAW_SPREAD,24,LEGACY_RAW_EXIT,gate/hyperliquid,GATE_PAIRS,8,0,8,1.0,,,,,,,,,,,,,,,,0.0,0,0,,,,,,,0.0
300,80,RAW_SPREAD,24,LEGACY_RAW_EXIT,gate/okx,GATE_PAIRS,4,0,4,1.0,,,,,,,,,,,,,,,,0.0,0,0,,,,,,,0.0
300,80,RAW_SPREAD,24,LEGACY_RAW_EXIT,hyperliquid/okx,NON_GATE_PAIRS,0,0,0,,,,,,,,,,,,,,,,,,0,0,,,,,,,
300,80,RAW_SPREAD,24,LEGACY_RAW_EXIT,ALL_GATE_PAIRS,GATE_PAIRS,12,0,12,1.0,,,,,,,,,,,,,,,,0.0,0,0,,,,,,,0.0
300,80,RAW_SPREAD,24,LEGACY_RAW_EXIT,ALL_NON_GATE_PAIRS,NON_GATE_PAIRS,0,0,0,,,,,,,,,,,,,,,,,0.0,0,0,,,,,,,0.0
300,80,RAW_SPREAD,24,LEGACY_RAW_EXIT,ALL_PAIRS,ALL,12,0,12,1.0,,,,,,,,,,,,,,,,0.0,0,0,,,,,,,0.0
300,80,RAW_SPREAD,24,BASELINE_RESIDUAL_EXIT,binance/bitget,NON_GATE_PAIRS,0,0,0,,,,,,,,,,,,,,,,,,0,0,,,,,,,
300,80,RAW_SPREAD,24,BASELINE_RESIDUAL_EXIT,binance/gate,GATE_PAIRS,0,0,0,,,,,,,,,,,,,,,,,,0,0,,,,,,,
300,80,RAW_SPREAD,24,BASELINE_RESIDUAL_EXIT,binance/hyperliquid,NON_GATE_PAIRS,0,0,0,,,,,,,,,,,,,,,,,,0,0,,,,,,,
300,80,RAW_SPREAD,24,BASELINE_RESIDUAL_EXIT,binance/okx,NON_GATE_PAIRS,0,0,0,,,,,,,,,,,,,,,,,,0,0,,,,,,,
300,80,RAW_SPREAD,24,BASELINE_RESIDUAL_EXIT,bitget/gate,GATE_PAIRS,0,0,0,,,,,,,,,,,,,,,,,,0,0,,,,,,,
300,80,RAW_SPREAD,24,BASELINE_RESIDUAL_EXIT,bitget/hyperliquid,NON_GATE_PAIRS,0,0,0,,,,,,,,,,,,,,,,,,0,0,,,,,,,
300,80,RAW_SPREAD,24,BASELINE_RESIDUAL_EXIT,bitget/okx,NON_GATE_PAIRS,0,0,0,,,,,,,,,,,,,,,,,,0,0,,,,,,,
300,80,RAW_SPREAD,24,BASELINE_RESIDUAL_EXIT,gate/hyperliquid,GATE_PAIRS,8,0,8,1.0,,,,,,,,,,,,,,,,0.0,0,0,,,,,,,0.0
300,80,RAW_SPREAD,24,BASELINE_RESIDUAL_EXIT,gate/okx,GATE_PAIRS,4,0,4,1.0,,,,,,,,,,,,,,,,0.0,0,0,,,,,,,0.0
300,80,RAW_SPREAD,24,BASELINE_RESIDUAL_EXIT,hyperliquid/okx,NON_GATE_PAIRS,0,0,0,,,,,,,,,,,,,,,,,,0,0,,,,,,,
300,80,RAW_SPREAD,24,BASELINE_RESIDUAL_EXIT,ALL_GATE_PAIRS,GATE_PAIRS,12,0,12,1.0,,,,,,,,,,,,,,,,0.0,0,0,,,,,,,0.0
300,80,RAW_SPREAD,24,BASELINE_RESIDUAL_EXIT,ALL_NON_GATE_PAIRS,NON_GATE_PAIRS,0,0,0,,,,,,,,,,,,,,,,,0.0,0,0,,,,,,,0.0
300,80,RAW_SPREAD,24,BASELINE_RESIDUAL_EXIT,ALL_PAIRS,ALL,12,0,12,1.0,,,,,,,,,,,,,,,,0.0,0,0,,,,,,,0.0
300,80,RAW_SPREAD,24,FRACTIONAL_RESIDUAL_EXIT,binance/bitget,NON_GATE_PAIRS,0,0,0,,,,,,,,,,,,,,,,,,0,0,,,,,,,
300,80,RAW_SPREAD,24,FRACTIONAL_RESIDUAL_EXIT,binance/gate,GATE_PAIRS,0,0,0,,,,,,,,,,,,,,,,,,0,0,,,,,,,
300,80,RAW_SPREAD,24,FRACTIONAL_RESIDUAL_EXIT,binance/hyperliquid,NON_GATE_PAIRS,0,0,0,,,,,,,,,,,,,,,,,,0,0,,,,,,,
300,80,RAW_SPREAD,24,FRACTIONAL_RESIDUAL_EXIT,binance/okx,NON_GATE_PAIRS,0,0,0,,,,,,,,,,,,,,,,,,0,0,,,,,,,
300,80,RAW_SPREAD,24,FRACTIONAL_RESIDUAL_EXIT,bitget/gate,GATE_PAIRS,0,0,0,,,,,,,,,,,,,,,,,,0,0,,,,,,,
300,80,RAW_SPREAD,24,FRACTIONAL_RESIDUAL_EXIT,bitget/hyperliquid,NON_GATE_PAIRS,0,0,0,,,,,,,,,,,,,,,,,,0,0,,,,,,,
300,80,RAW_SPREAD,24,FRACTIONAL_RESIDUAL_EXIT,bitget/okx,NON_GATE_PAIRS,0,0,0,,,,,,,,,,,,,,,,,,0,0,,,,,,,
300,80,RAW_SPREAD,24,FRACTIONAL_RESIDUAL_EXIT,gate/hyperliquid,GATE_PAIRS,8,0,8,1.0,,,,,,,,,,,,,,,,0.0,0,0,,,,,,,0.0
300,80,RAW_SPREAD,24,FRACTIONAL_RESIDUAL_EXIT,gate/okx,GATE_PAIRS,4,0,4,1.0,,,,,,,,,,,,,,,,0.0,0,0,,,,,,,0.0
300,80,RAW_SPREAD,24,FRACTIONAL_RESIDUAL_EXIT,hyperliquid/okx,NON_GATE_PAIRS,0,0,0,,,,,,,,,,,,,,,,,,0,0,,,,,,,
300,80,RAW_SPREAD,24,FRACTIONAL_RESIDUAL_EXIT,ALL_GATE_PAIRS,GATE_PAIRS,12,0,12,1.0,,,,,,,,,,,,,,,,0.0,0,0,,,,,,,0.0
300,80,RAW_SPREAD,24,FRACTIONAL_RESIDUAL_EXIT,ALL_NON_GATE_PAIRS,NON_GATE_PAIRS,0,0,0,,,,,,,,,,,,,,,,,0.0,0,0,,,,,,,0.0
300,80,RAW_SPREAD,24,FRACTIONAL_RESIDUAL_EXIT,ALL_PAIRS,ALL,12,0,12,1.0,,,,,,,,,,,,,,,,0.0,0,0,,,,,,,0.0
400,0,RAW_SPREAD,24,LEGACY_RAW_EXIT,binance/bitget,NON_GATE_PAIRS,0,0,0,,,,,,,,,,,,,,,,,,0,0,,,,,,,
400,0,RAW_SPREAD,24,LEGACY_RAW_EXIT,binance/gate,GATE_PAIRS,0,0,0,,,,,,,,,,,,,,,,,,0,0,,,,,,,
400,0,RAW_SPREAD,24,LEGACY_RAW_EXIT,binance/hyperliquid,NON_GATE_PAIRS,0,0,0,,,,,,,,,,,,,,,,,,0,0,,,,,,,
400,0,RAW_SPREAD,24,LEGACY_RAW_EXIT,binance/okx,NON_GATE_PAIRS,0,0,0,,,,,,,,,,,,,,,,,,0,0,,,,,,,
400,0,RAW_SPREAD,24,LEGACY_RAW_EXIT,bitget/gate,GATE_PAIRS,0,0,0,,,,,,,,,,,,,,,,,,0,0,,,,,,,
400,0,RAW_SPREAD,24,LEGACY_RAW_EXIT,bitget/hyperliquid,NON_GATE_PAIRS,0,0,0,,,,,,,,,,,,,,,,,,0,0,,,,,,,
400,0,RAW_SPREAD,24,LEGACY_RAW_EXIT,bitget/okx,NON_GATE_PAIRS,0,0,0,,,,,,,,,,,,,,,,,,0,0,,,,,,,
400,0,RAW_SPREAD,24,LEGACY_RAW_EXIT,gate/hyperliquid,GATE_PAIRS,2,0,2,1.0,,,,,,,,,,,,,,,,0.0,0,0,,,,,,,0.0
400,0,RAW_SPREAD,24,LEGACY_RAW_EXIT,gate/okx,GATE_PAIRS,0,0,0,,,,,,,,,,,,,,,,,,0,0,,,,,,,
400,0,RAW_SPREAD,24,LEGACY_RAW_EXIT,hyperliquid/okx,NON_GATE_PAIRS,0,0,0,,,,,,,,,,,,,,,,,,0,0,,,,,,,
400,0,RAW_SPREAD,24,LEGACY_RAW_EXIT,ALL_GATE_PAIRS,GATE_PAIRS,2,0,2,1.0,,,,,,,,,,,,,,,,0.0,0,0,,,,,,,0.0
400,0,RAW_SPREAD,24,LEGACY_RAW_EXIT,ALL_NON_GATE_PAIRS,NON_GATE_PAIRS,0,0,0,,,,,,,,,,,,,,,,,0.0,0,0,,,,,,,0.0
400,0,RAW_SPREAD,24,LEGACY_RAW_EXIT,ALL_PAIRS,ALL,2,0,2,1.0,,,,,,,,,,,,,,,,0.0,0,0,,,,,,,0.0
400,0,RAW_SPREAD,24,BASELINE_RESIDUAL_EXIT,binance/bitget,NON_GATE_PAIRS,0,0,0,,,,,,,,,,,,,,,,,,0,0,,,,,,,
400,0,RAW_SPREAD,24,BASELINE_RESIDUAL_EXIT,binance/gate,GATE_PAIRS,0,0,0,,,,,,,,,,,,,,,,,,0,0,,,,,,,
400,0,RAW_SPREAD,24,BASELINE_RESIDUAL_EXIT,binance/hyperliquid,NON_GATE_PAIRS,0,0,0,,,,,,,,,,,,,,,,,,0,0,,,,,,,
400,0,RAW_SPREAD,24,BASELINE_RESIDUAL_EXIT,binance/okx,NON_GATE_PAIRS,0,0,0,,,,,,,,,,,,,,,,,,0,0,,,,,,,
400,0,RAW_SPREAD,24,BASELINE_RESIDUAL_EXIT,bitget/gate,GATE_PAIRS,0,0,0,,,,,,,,,,,,,,,,,,0,0,,,,,,,
400,0,RAW_SPREAD,24,BASELINE_RESIDUAL_EXIT,bitget/hyperliquid,NON_GATE_PAIRS,0,0,0,,,,,,,,,,,,,,,,,,0,0,,,,,,,
400,0,RAW_SPREAD,24,BASELINE_RESIDUAL_EXIT,bitget/okx,NON_GATE_PAIRS,0,0,0,,,,,,,,,,,,,,,,,,0,0,,,,,,,
400,0,RAW_SPREAD,24,BASELINE_RESIDUAL_EXIT,gate/hyperliquid,GATE_PAIRS,2,0,2,1.0,,,,,,,,,,,,,,,,0.0,0,0,,,,,,,0.0
400,0,RAW_SPREAD,24,BASELINE_RESIDUAL_EXIT,gate/okx,GATE_PAIRS,0,0,0,,,,,,,,,,,,,,,,,,0,0,,,,,,,
400,0,RAW_SPREAD,24,BASELINE_RESIDUAL_EXIT,hyperliquid/okx,NON_GATE_PAIRS,0,0,0,,,,,,,,,,,,,,,,,,0,0,,,,,,,
400,0,RAW_SPREAD,24,BASELINE_RESIDUAL_EXIT,ALL_GATE_PAIRS,GATE_PAIRS,2,0,2,1.0,,,,,,,,,,,,,,,,0.0,0,0,,,,,,,0.0
400,0,RAW_SPREAD,24,BASELINE_RESIDUAL_EXIT,ALL_NON_GATE_PAIRS,NON_GATE_PAIRS,0,0,0,,,,,,,,,,,,,,,,,0.0,0,0,,,,,,,0.0
400,0,RAW_SPREAD,24,BASELINE_RESIDUAL_EXIT,ALL_PAIRS,ALL,2,0,2,1.0,,,,,,,,,,,,,,,,0.0,0,0,,,,,,,0.0
400,0,RAW_SPREAD,24,FRACTIONAL_RESIDUAL_EXIT,binance/bitget,NON_GATE_PAIRS,0,0,0,,,,,,,,,,,,,,,,,,0,0,,,,,,,
400,0,RAW_SPREAD,24,FRACTIONAL_RESIDUAL_EXIT,binance/gate,GATE_PAIRS,0,0,0,,,,,,,,,,,,,,,,,,0,0,,,,,,,
400,0,RAW_SPREAD,24,FRACTIONAL_RESIDUAL_EXIT,binance/hyperliquid,NON_GATE_PAIRS,0,0,0,,,,,,,,,,,,,,,,,,0,0,,,,,,,
400,0,RAW_SPREAD,24,FRACTIONAL_RESIDUAL_EXIT,binance/okx,NON_GATE_PAIRS,0,0,0,,,,,,,,,,,,,,,,,,0,0,,,,,,,
400,0,RAW_SPREAD,24,FRACTIONAL_RESIDUAL_EXIT,bitget/gate,GATE_PAIRS,0,0,0,,,,,,,,,,,,,,,,,,0,0,,,,,,,
400,0,RAW_SPREAD,24,FRACTIONAL_RESIDUAL_EXIT,bitget/hyperliquid,NON_GATE_PAIRS,0,0,0,,,,,,,,,,,,,,,,,,0,0,,,,,,,
400,0,RAW_SPREAD,24,FRACTIONAL_RESIDUAL_EXIT,bitget/okx,NON_GATE_PAIRS,0,0,0,,,,,,,,,,,,,,,,,,0,0,,,,,,,
400,0,RAW_SPREAD,24,FRACTIONAL_RESIDUAL_EXIT,gate/hyperliquid,GATE_PAIRS,2,0,2,1.0,,,,,,,,,,,,,,,,0.0,0,0,,,,,,,0.0
400,0,RAW_SPREAD,24,FRACTIONAL_RESIDUAL_EXIT,gate/okx,GATE_PAIRS,0,0,0,,,,,,,,,,,,,,,,,,0,0,,,,,,,
400,0,RAW_SPREAD,24,FRACTIONAL_RESIDUAL_EXIT,hyperliquid/okx,NON_GATE_PAIRS,0,0,0,,,,,,,,,,,,,,,,,,0,0,,,,,,,
400,0,RAW_SPREAD,24,FRACTIONAL_RESIDUAL_EXIT,ALL_GATE_PAIRS,GATE_PAIRS,2,0,2,1.0,,,,,,,,,,,,,,,,0.0,0,0,,,,,,,0.0
400,0,RAW_SPREAD,24,FRACTIONAL_RESIDUAL_EXIT,ALL_NON_GATE_PAIRS,NON_GATE_PAIRS,0,0,0,,,,,,,,,,,,,,,,,0.0,0,0,,,,,,,0.0
400,0,RAW_SPREAD,24,FRACTIONAL_RESIDUAL_EXIT,ALL_PAIRS,ALL,2,0,2,1.0,,,,,,,,,,,,,,,,0.0,0,0,,,,,,,0.0
400,20,RAW_SPREAD,24,LEGACY_RAW_EXIT,binance/bitget,NON_GATE_PAIRS,0,0,0,,,,,,,,,,,,,,,,,,0,0,,,,,,,
400,20,RAW_SPREAD,24,LEGACY_RAW_EXIT,binance/gate,GATE_PAIRS,0,0,0,,,,,,,,,,,,,,,,,,0,0,,,,,,,
400,20,RAW_SPREAD,24,LEGACY_RAW_EXIT,binance/hyperliquid,NON_GATE_PAIRS,0,0,0,,,,,,,,,,,,,,,,,,0,0,,,,,,,
400,20,RAW_SPREAD,24,LEGACY_RAW_EXIT,binance/okx,NON_GATE_PAIRS,0,0,0,,,,,,,,,,,,,,,,,,0,0,,,,,,,
400,20,RAW_SPREAD,24,LEGACY_RAW_EXIT,bitget/gate,GATE_PAIRS,0,0,0,,,,,,,,,,,,,,,,,,0,0,,,,,,,
400,20,RAW_SPREAD,24,LEGACY_RAW_EXIT,bitget/hyperliquid,NON_GATE_PAIRS,0,0,0,,,,,,,,,,,,,,,,,,0,0,,,,,,,
400,20,RAW_SPREAD,24,LEGACY_RAW_EXIT,bitget/okx,NON_GATE_PAIRS,0,0,0,,,,,,,,,,,,,,,,,,0,0,,,,,,,
400,20,RAW_SPREAD,24,LEGACY_RAW_EXIT,gate/hyperliquid,GATE_PAIRS,2,0,2,1.0,,,,,,,,,,,,,,,,0.0,0,0,,,,,,,0.0
400,20,RAW_SPREAD,24,LEGACY_RAW_EXIT,gate/okx,GATE_PAIRS,0,0,0,,,,,,,,,,,,,,,,,,0,0,,,,,,,
400,20,RAW_SPREAD,24,LEGACY_RAW_EXIT,hyperliquid/okx,NON_GATE_PAIRS,0,0,0,,,,,,,,,,,,,,,,,,0,0,,,,,,,
400,20,RAW_SPREAD,24,LEGACY_RAW_EXIT,ALL_GATE_PAIRS,GATE_PAIRS,2,0,2,1.0,,,,,,,,,,,,,,,,0.0,0,0,,,,,,,0.0
400,20,RAW_SPREAD,24,LEGACY_RAW_EXIT,ALL_NON_GATE_PAIRS,NON_GATE_PAIRS,0,0,0,,,,,,,,,,,,,,,,,0.0,0,0,,,,,,,0.0
400,20,RAW_SPREAD,24,LEGACY_RAW_EXIT,ALL_PAIRS,ALL,2,0,2,1.0,,,,,,,,,,,,,,,,0.0,0,0,,,,,,,0.0
400,20,RAW_SPREAD,24,BASELINE_RESIDUAL_EXIT,binance/bitget,NON_GATE_PAIRS,0,0,0,,,,,,,,,,,,,,,,,,0,0,,,,,,,
400,20,RAW_SPREAD,24,BASELINE_RESIDUAL_EXIT,binance/gate,GATE_PAIRS,0,0,0,,,,,,,,,,,,,,,,,,0,0,,,,,,,
400,20,RAW_SPREAD,24,BASELINE_RESIDUAL_EXIT,binance/hyperliquid,NON_GATE_PAIRS,0,0,0,,,,,,,,,,,,,,,,,,0,0,,,,,,,
400,20,RAW_SPREAD,24,BASELINE_RESIDUAL_EXIT,binance/okx,NON_GATE_PAIRS,0,0,0,,,,,,,,,,,,,,,,,,0,0,,,,,,,
400,20,RAW_SPREAD,24,BASELINE_RESIDUAL_EXIT,bitget/gate,GATE_PAIRS,0,0,0,,,,,,,,,,,,,,,,,,0,0,,,,,,,
400,20,RAW_SPREAD,24,BASELINE_RESIDUAL_EXIT,bitget/hyperliquid,NON_GATE_PAIRS,0,0,0,,,,,,,,,,,,,,,,,,0,0,,,,,,,
400,20,RAW_SPREAD,24,BASELINE_RESIDUAL_EXIT,bitget/okx,NON_GATE_PAIRS,0,0,0,,,,,,,,,,,,,,,,,,0,0,,,,,,,
400,20,RAW_SPREAD,24,BASELINE_RESIDUAL_EXIT,gate/hyperliquid,GATE_PAIRS,2,0,2,1.0,,,,,,,,,,,,,,,,0.0,0,0,,,,,,,0.0
400,20,RAW_SPREAD,24,BASELINE_RESIDUAL_EXIT,gate/okx,GATE_PAIRS,0,0,0,,,,,,,,,,,,,,,,,,0,0,,,,,,,
400,20,RAW_SPREAD,24,BASELINE_RESIDUAL_EXIT,hyperliquid/okx,NON_GATE_PAIRS,0,0,0,,,,,,,,,,,,,,,,,,0,0,,,,,,,
400,20,RAW_SPREAD,24,BASELINE_RESIDUAL_EXIT,ALL_GATE_PAIRS,GATE_PAIRS,2,0,2,1.0,,,,,,,,,,,,,,,,0.0,0,0,,,,,,,0.0
400,20,RAW_SPREAD,24,BASELINE_RESIDUAL_EXIT,ALL_NON_GATE_PAIRS,NON_GATE_PAIRS,0,0,0,,,,,,,,,,,,,,,,,0.0,0,0,,,,,,,0.0
400,20,RAW_SPREAD,24,BASELINE_RESIDUAL_EXIT,ALL_PAIRS,ALL,2,0,2,1.0,,,,,,,,,,,,,,,,0.0,0,0,,,,,,,0.0
400,20,RAW_SPREAD,24,FRACTIONAL_RESIDUAL_EXIT,binance/bitget,NON_GATE_PAIRS,0,0,0,,,,,,,,,,,,,,,,,,0,0,,,,,,,
400,20,RAW_SPREAD,24,FRACTIONAL_RESIDUAL_EXIT,binance/gate,GATE_PAIRS,0,0,0,,,,,,,,,,,,,,,,,,0,0,,,,,,,
400,20,RAW_SPREAD,24,FRACTIONAL_RESIDUAL_EXIT,binance/hyperliquid,NON_GATE_PAIRS,0,0,0,,,,,,,,,,,,,,,,,,0,0,,,,,,,
400,20,RAW_SPREAD,24,FRACTIONAL_RESIDUAL_EXIT,binance/okx,NON_GATE_PAIRS,0,0,0,,,,,,,,,,,,,,,,,,0,0,,,,,,,
400,20,RAW_SPREAD,24,FRACTIONAL_RESIDUAL_EXIT,bitget/gate,GATE_PAIRS,0,0,0,,,,,,,,,,,,,,,,,,0,0,,,,,,,
400,20,RAW_SPREAD,24,FRACTIONAL_RESIDUAL_EXIT,bitget/hyperliquid,NON_GATE_PAIRS,0,0,0,,,,,,,,,,,,,,,,,,0,0,,,,,,,
400,20,RAW_SPREAD,24,FRACTIONAL_RESIDUAL_EXIT,bitget/okx,NON_GATE_PAIRS,0,0,0,,,,,,,,,,,,,,,,,,0,0,,,,,,,
400,20,RAW_SPREAD,24,FRACTIONAL_RESIDUAL_EXIT,gate/hyperliquid,GATE_PAIRS,2,0,2,1.0,,,,,,,,,,,,,,,,0.0,0,0,,,,,,,0.0
400,20,RAW_SPREAD,24,FRACTIONAL_RESIDUAL_EXIT,gate/okx,GATE_PAIRS,0,0,0,,,,,,,,,,,,,,,,,,0,0,,,,,,,
400,20,RAW_SPREAD,24,FRACTIONAL_RESIDUAL_EXIT,hyperliquid/okx,NON_GATE_PAIRS,0,0,0,,,,,,,,,,,,,,,,,,0,0,,,,,,,
400,20,RAW_SPREAD,24,FRACTIONAL_RESIDUAL_EXIT,ALL_GATE_PAIRS,GATE_PAIRS,2,0,2,1.0,,,,,,,,,,,,,,,,0.0,0,0,,,,,,,0.0
400,20,RAW_SPREAD,24,FRACTIONAL_RESIDUAL_EXIT,ALL_NON_GATE_PAIRS,NON_GATE_PAIRS,0,0,0,,,,,,,,,,,,,,,,,0.0,0,0,,,,,,,0.0
400,20,RAW_SPREAD,24,FRACTIONAL_RESIDUAL_EXIT,ALL_PAIRS,ALL,2,0,2,1.0,,,,,,,,,,,,,,,,0.0,0,0,,,,,,,0.0
400,40,RAW_SPREAD,24,LEGACY_RAW_EXIT,binance/bitget,NON_GATE_PAIRS,0,0,0,,,,,,,,,,,,,,,,,,0,0,,,,,,,
400,40,RAW_SPREAD,24,LEGACY_RAW_EXIT,binance/gate,GATE_PAIRS,0,0,0,,,,,,,,,,,,,,,,,,0,0,,,,,,,
400,40,RAW_SPREAD,24,LEGACY_RAW_EXIT,binance/hyperliquid,NON_GATE_PAIRS,0,0,0,,,,,,,,,,,,,,,,,,0,0,,,,,,,
400,40,RAW_SPREAD,24,LEGACY_RAW_EXIT,binance/okx,NON_GATE_PAIRS,0,0,0,,,,,,,,,,,,,,,,,,0,0,,,,,,,
400,40,RAW_SPREAD,24,LEGACY_RAW_EXIT,bitget/gate,GATE_PAIRS,0,0,0,,,,,,,,,,,,,,,,,,0,0,,,,,,,
400,40,RAW_SPREAD,24,LEGACY_RAW_EXIT,bitget/hyperliquid,NON_GATE_PAIRS,0,0,0,,,,,,,,,,,,,,,,,,0,0,,,,,,,
400,40,RAW_SPREAD,24,LEGACY_RAW_EXIT,bitget/okx,NON_GATE_PAIRS,0,0,0,,,,,,,,,,,,,,,,,,0,0,,,,,,,
400,40,RAW_SPREAD,24,LEGACY_RAW_EXIT,gate/hyperliquid,GATE_PAIRS,2,0,2,1.0,,,,,,,,,,,,,,,,0.0,0,0,,,,,,,0.0
400,40,RAW_SPREAD,24,LEGACY_RAW_EXIT,gate/okx,GATE_PAIRS,0,0,0,,,,,,,,,,,,,,,,,,0,0,,,,,,,
400,40,RAW_SPREAD,24,LEGACY_RAW_EXIT,hyperliquid/okx,NON_GATE_PAIRS,0,0,0,,,,,,,,,,,,,,,,,,0,0,,,,,,,
400,40,RAW_SPREAD,24,LEGACY_RAW_EXIT,ALL_GATE_PAIRS,GATE_PAIRS,2,0,2,1.0,,,,,,,,,,,,,,,,0.0,0,0,,,,,,,0.0
400,40,RAW_SPREAD,24,LEGACY_RAW_EXIT,ALL_NON_GATE_PAIRS,NON_GATE_PAIRS,0,0,0,,,,,,,,,,,,,,,,,0.0,0,0,,,,,,,0.0
400,40,RAW_SPREAD,24,LEGACY_RAW_EXIT,ALL_PAIRS,ALL,2,0,2,1.0,,,,,,,,,,,,,,,,0.0,0,0,,,,,,,0.0
400,40,RAW_SPREAD,24,BASELINE_RESIDUAL_EXIT,binance/bitget,NON_GATE_PAIRS,0,0,0,,,,,,,,,,,,,,,,,,0,0,,,,,,,
400,40,RAW_SPREAD,24,BASELINE_RESIDUAL_EXIT,binance/gate,GATE_PAIRS,0,0,0,,,,,,,,,,,,,,,,,,0,0,,,,,,,
400,40,RAW_SPREAD,24,BASELINE_RESIDUAL_EXIT,binance/hyperliquid,NON_GATE_PAIRS,0,0,0,,,,,,,,,,,,,,,,,,0,0,,,,,,,
400,40,RAW_SPREAD,24,BASELINE_RESIDUAL_EXIT,binance/okx,NON_GATE_PAIRS,0,0,0,,,,,,,,,,,,,,,,,,0,0,,,,,,,
400,40,RAW_SPREAD,24,BASELINE_RESIDUAL_EXIT,bitget/gate,GATE_PAIRS,0,0,0,,,,,,,,,,,,,,,,,,0,0,,,,,,,
400,40,RAW_SPREAD,24,BASELINE_RESIDUAL_EXIT,bitget/hyperliquid,NON_GATE_PAIRS,0,0,0,,,,,,,,,,,,,,,,,,0,0,,,,,,,
400,40,RAW_SPREAD,24,BASELINE_RESIDUAL_EXIT,bitget/okx,NON_GATE_PAIRS,0,0,0,,,,,,,,,,,,,,,,,,0,0,,,,,,,
400,40,RAW_SPREAD,24,BASELINE_RESIDUAL_EXIT,gate/hyperliquid,GATE_PAIRS,2,0,2,1.0,,,,,,,,,,,,,,,,0.0,0,0,,,,,,,0.0
400,40,RAW_SPREAD,24,BASELINE_RESIDUAL_EXIT,gate/okx,GATE_PAIRS,0,0,0,,,,,,,,,,,,,,,,,,0,0,,,,,,,
400,40,RAW_SPREAD,24,BASELINE_RESIDUAL_EXIT,hyperliquid/okx,NON_GATE_PAIRS,0,0,0,,,,,,,,,,,,,,,,,,0,0,,,,,,,
400,40,RAW_SPREAD,24,BASELINE_RESIDUAL_EXIT,ALL_GATE_PAIRS,GATE_PAIRS,2,0,2,1.0,,,,,,,,,,,,,,,,0.0,0,0,,,,,,,0.0
400,40,RAW_SPREAD,24,BASELINE_RESIDUAL_EXIT,ALL_NON_GATE_PAIRS,NON_GATE_PAIRS,0,0,0,,,,,,,,,,,,,,,,,0.0,0,0,,,,,,,0.0
400,40,RAW_SPREAD,24,BASELINE_RESIDUAL_EXIT,ALL_PAIRS,ALL,2,0,2,1.0,,,,,,,,,,,,,,,,0.0,0,0,,,,,,,0.0
400,40,RAW_SPREAD,24,FRACTIONAL_RESIDUAL_EXIT,binance/bitget,NON_GATE_PAIRS,0,0,0,,,,,,,,,,,,,,,,,,0,0,,,,,,,
400,40,RAW_SPREAD,24,FRACTIONAL_RESIDUAL_EXIT,binance/gate,GATE_PAIRS,0,0,0,,,,,,,,,,,,,,,,,,0,0,,,,,,,
400,40,RAW_SPREAD,24,FRACTIONAL_RESIDUAL_EXIT,binance/hyperliquid,NON_GATE_PAIRS,0,0,0,,,,,,,,,,,,,,,,,,0,0,,,,,,,
400,40,RAW_SPREAD,24,FRACTIONAL_RESIDUAL_EXIT,binance/okx,NON_GATE_PAIRS,0,0,0,,,,,,,,,,,,,,,,,,0,0,,,,,,,
400,40,RAW_SPREAD,24,FRACTIONAL_RESIDUAL_EXIT,bitget/gate,GATE_PAIRS,0,0,0,,,,,,,,,,,,,,,,,,0,0,,,,,,,
400,40,RAW_SPREAD,24,FRACTIONAL_RESIDUAL_EXIT,bitget/hyperliquid,NON_GATE_PAIRS,0,0,0,,,,,,,,,,,,,,,,,,0,0,,,,,,,
400,40,RAW_SPREAD,24,FRACTIONAL_RESIDUAL_EXIT,bitget/okx,NON_GATE_PAIRS,0,0,0,,,,,,,,,,,,,,,,,,0,0,,,,,,,
400,40,RAW_SPREAD,24,FRACTIONAL_RESIDUAL_EXIT,gate/hyperliquid,GATE_PAIRS,2,0,2,1.0,,,,,,,,,,,,,,,,0.0,0,0,,,,,,,0.0
400,40,RAW_SPREAD,24,FRACTIONAL_RESIDUAL_EXIT,gate/okx,GATE_PAIRS,0,0,0,,,,,,,,,,,,,,,,,,0,0,,,,,,,
400,40,RAW_SPREAD,24,FRACTIONAL_RESIDUAL_EXIT,hyperliquid/okx,NON_GATE_PAIRS,0,0,0,,,,,,,,,,,,,,,,,,0,0,,,,,,,
400,40,RAW_SPREAD,24,FRACTIONAL_RESIDUAL_EXIT,ALL_GATE_PAIRS,GATE_PAIRS,2,0,2,1.0,,,,,,,,,,,,,,,,0.0,0,0,,,,,,,0.0
400,40,RAW_SPREAD,24,FRACTIONAL_RESIDUAL_EXIT,ALL_NON_GATE_PAIRS,NON_GATE_PAIRS,0,0,0,,,,,,,,,,,,,,,,,0.0,0,0,,,,,,,0.0
400,40,RAW_SPREAD,24,FRACTIONAL_RESIDUAL_EXIT,ALL_PAIRS,ALL,2,0,2,1.0,,,,,,,,,,,,,,,,0.0,0,0,,,,,,,0.0
400,58,RAW_SPREAD,24,LEGACY_RAW_EXIT,binance/bitget,NON_GATE_PAIRS,0,0,0,,,,,,,,,,,,,,,,,,0,0,,,,,,,
400,58,RAW_SPREAD,24,LEGACY_RAW_EXIT,binance/gate,GATE_PAIRS,0,0,0,,,,,,,,,,,,,,,,,,0,0,,,,,,,
400,58,RAW_SPREAD,24,LEGACY_RAW_EXIT,binance/hyperliquid,NON_GATE_PAIRS,0,0,0,,,,,,,,,,,,,,,,,,0,0,,,,,,,
400,58,RAW_SPREAD,24,LEGACY_RAW_EXIT,binance/okx,NON_GATE_PAIRS,0,0,0,,,,,,,,,,,,,,,,,,0,0,,,,,,,
400,58,RAW_SPREAD,24,LEGACY_RAW_EXIT,bitget/gate,GATE_PAIRS,0,0,0,,,,,,,,,,,,,,,,,,0,0,,,,,,,
400,58,RAW_SPREAD,24,LEGACY_RAW_EXIT,bitget/hyperliquid,NON_GATE_PAIRS,0,0,0,,,,,,,,,,,,,,,,,,0,0,,,,,,,
400,58,RAW_SPREAD,24,LEGACY_RAW_EXIT,bitget/okx,NON_GATE_PAIRS,0,0,0,,,,,,,,,,,,,,,,,,0,0,,,,,,,
400,58,RAW_SPREAD,24,LEGACY_RAW_EXIT,gate/hyperliquid,GATE_PAIRS,2,0,2,1.0,,,,,,,,,,,,,,,,0.0,0,0,,,,,,,0.0
400,58,RAW_SPREAD,24,LEGACY_RAW_EXIT,gate/okx,GATE_PAIRS,0,0,0,,,,,,,,,,,,,,,,,,0,0,,,,,,,
400,58,RAW_SPREAD,24,LEGACY_RAW_EXIT,hyperliquid/okx,NON_GATE_PAIRS,0,0,0,,,,,,,,,,,,,,,,,,0,0,,,,,,,
400,58,RAW_SPREAD,24,LEGACY_RAW_EXIT,ALL_GATE_PAIRS,GATE_PAIRS,2,0,2,1.0,,,,,,,,,,,,,,,,0.0,0,0,,,,,,,0.0
400,58,RAW_SPREAD,24,LEGACY_RAW_EXIT,ALL_NON_GATE_PAIRS,NON_GATE_PAIRS,0,0,0,,,,,,,,,,,,,,,,,0.0,0,0,,,,,,,0.0
400,58,RAW_SPREAD,24,LEGACY_RAW_EXIT,ALL_PAIRS,ALL,2,0,2,1.0,,,,,,,,,,,,,,,,0.0,0,0,,,,,,,0.0
400,58,RAW_SPREAD,24,BASELINE_RESIDUAL_EXIT,binance/bitget,NON_GATE_PAIRS,0,0,0,,,,,,,,,,,,,,,,,,0,0,,,,,,,
400,58,RAW_SPREAD,24,BASELINE_RESIDUAL_EXIT,binance/gate,GATE_PAIRS,0,0,0,,,,,,,,,,,,,,,,,,0,0,,,,,,,
400,58,RAW_SPREAD,24,BASELINE_RESIDUAL_EXIT,binance/hyperliquid,NON_GATE_PAIRS,0,0,0,,,,,,,,,,,,,,,,,,0,0,,,,,,,
400,58,RAW_SPREAD,24,BASELINE_RESIDUAL_EXIT,binance/okx,NON_GATE_PAIRS,0,0,0,,,,,,,,,,,,,,,,,,0,0,,,,,,,
400,58,RAW_SPREAD,24,BASELINE_RESIDUAL_EXIT,bitget/gate,GATE_PAIRS,0,0,0,,,,,,,,,,,,,,,,,,0,0,,,,,,,
400,58,RAW_SPREAD,24,BASELINE_RESIDUAL_EXIT,bitget/hyperliquid,NON_GATE_PAIRS,0,0,0,,,,,,,,,,,,,,,,,,0,0,,,,,,,
400,58,RAW_SPREAD,24,BASELINE_RESIDUAL_EXIT,bitget/okx,NON_GATE_PAIRS,0,0,0,,,,,,,,,,,,,,,,,,0,0,,,,,,,
400,58,RAW_SPREAD,24,BASELINE_RESIDUAL_EXIT,gate/hyperliquid,GATE_PAIRS,2,0,2,1.0,,,,,,,,,,,,,,,,0.0,0,0,,,,,,,0.0
400,58,RAW_SPREAD,24,BASELINE_RESIDUAL_EXIT,gate/okx,GATE_PAIRS,0,0,0,,,,,,,,,,,,,,,,,,0,0,,,,,,,
400,58,RAW_SPREAD,24,BASELINE_RESIDUAL_EXIT,hyperliquid/okx,NON_GATE_PAIRS,0,0,0,,,,,,,,,,,,,,,,,,0,0,,,,,,,
400,58,RAW_SPREAD,24,BASELINE_RESIDUAL_EXIT,ALL_GATE_PAIRS,GATE_PAIRS,2,0,2,1.0,,,,,,,,,,,,,,,,0.0,0,0,,,,,,,0.0
400,58,RAW_SPREAD,24,BASELINE_RESIDUAL_EXIT,ALL_NON_GATE_PAIRS,NON_GATE_PAIRS,0,0,0,,,,,,,,,,,,,,,,,0.0,0,0,,,,,,,0.0
400,58,RAW_SPREAD,24,BASELINE_RESIDUAL_EXIT,ALL_PAIRS,ALL,2,0,2,1.0,,,,,,,,,,,,,,,,0.0,0,0,,,,,,,0.0
400,58,RAW_SPREAD,24,FRACTIONAL_RESIDUAL_EXIT,binance/bitget,NON_GATE_PAIRS,0,0,0,,,,,,,,,,,,,,,,,,0,0,,,,,,,
400,58,RAW_SPREAD,24,FRACTIONAL_RESIDUAL_EXIT,binance/gate,GATE_PAIRS,0,0,0,,,,,,,,,,,,,,,,,,0,0,,,,,,,
400,58,RAW_SPREAD,24,FRACTIONAL_RESIDUAL_EXIT,binance/hyperliquid,NON_GATE_PAIRS,0,0,0,,,,,,,,,,,,,,,,,,0,0,,,,,,,
400,58,RAW_SPREAD,24,FRACTIONAL_RESIDUAL_EXIT,binance/okx,NON_GATE_PAIRS,0,0,0,,,,,,,,,,,,,,,,,,0,0,,,,,,,
400,58,RAW_SPREAD,24,FRACTIONAL_RESIDUAL_EXIT,bitget/gate,GATE_PAIRS,0,0,0,,,,,,,,,,,,,,,,,,0,0,,,,,,,
400,58,RAW_SPREAD,24,FRACTIONAL_RESIDUAL_EXIT,bitget/hyperliquid,NON_GATE_PAIRS,0,0,0,,,,,,,,,,,,,,,,,,0,0,,,,,,,
400,58,RAW_SPREAD,24,FRACTIONAL_RESIDUAL_EXIT,bitget/okx,NON_GATE_PAIRS,0,0,0,,,,,,,,,,,,,,,,,,0,0,,,,,,,
400,58,RAW_SPREAD,24,FRACTIONAL_RESIDUAL_EXIT,gate/hyperliquid,GATE_PAIRS,2,0,2,1.0,,,,,,,,,,,,,,,,0.0,0,0,,,,,,,0.0
400,58,RAW_SPREAD,24,FRACTIONAL_RESIDUAL_EXIT,gate/okx,GATE_PAIRS,0,0,0,,,,,,,,,,,,,,,,,,0,0,,,,,,,
400,58,RAW_SPREAD,24,FRACTIONAL_RESIDUAL_EXIT,hyperliquid/okx,NON_GATE_PAIRS,0,0,0,,,,,,,,,,,,,,,,,,0,0,,,,,,,
400,58,RAW_SPREAD,24,FRACTIONAL_RESIDUAL_EXIT,ALL_GATE_PAIRS,GATE_PAIRS,2,0,2,1.0,,,,,,,,,,,,,,,,0.0,0,0,,,,,,,0.0
400,58,RAW_SPREAD,24,FRACTIONAL_RESIDUAL_EXIT,ALL_NON_GATE_PAIRS,NON_GATE_PAIRS,0,0,0,,,,,,,,,,,,,,,,,0.0,0,0,,,,,,,0.0
400,58,RAW_SPREAD,24,FRACTIONAL_RESIDUAL_EXIT,ALL_PAIRS,ALL,2,0,2,1.0,,,,,,,,,,,,,,,,0.0,0,0,,,,,,,0.0
400,80,RAW_SPREAD,24,LEGACY_RAW_EXIT,binance/bitget,NON_GATE_PAIRS,0,0,0,,,,,,,,,,,,,,,,,,0,0,,,,,,,
400,80,RAW_SPREAD,24,LEGACY_RAW_EXIT,binance/gate,GATE_PAIRS,0,0,0,,,,,,,,,,,,,,,,,,0,0,,,,,,,
400,80,RAW_SPREAD,24,LEGACY_RAW_EXIT,binance/hyperliquid,NON_GATE_PAIRS,0,0,0,,,,,,,,,,,,,,,,,,0,0,,,,,,,
400,80,RAW_SPREAD,24,LEGACY_RAW_EXIT,binance/okx,NON_GATE_PAIRS,0,0,0,,,,,,,,,,,,,,,,,,0,0,,,,,,,
400,80,RAW_SPREAD,24,LEGACY_RAW_EXIT,bitget/gate,GATE_PAIRS,0,0,0,,,,,,,,,,,,,,,,,,0,0,,,,,,,
400,80,RAW_SPREAD,24,LEGACY_RAW_EXIT,bitget/hyperliquid,NON_GATE_PAIRS,0,0,0,,,,,,,,,,,,,,,,,,0,0,,,,,,,
400,80,RAW_SPREAD,24,LEGACY_RAW_EXIT,bitget/okx,NON_GATE_PAIRS,0,0,0,,,,,,,,,,,,,,,,,,0,0,,,,,,,
400,80,RAW_SPREAD,24,LEGACY_RAW_EXIT,gate/hyperliquid,GATE_PAIRS,2,0,2,1.0,,,,,,,,,,,,,,,,0.0,0,0,,,,,,,0.0
400,80,RAW_SPREAD,24,LEGACY_RAW_EXIT,gate/okx,GATE_PAIRS,0,0,0,,,,,,,,,,,,,,,,,,0,0,,,,,,,
400,80,RAW_SPREAD,24,LEGACY_RAW_EXIT,hyperliquid/okx,NON_GATE_PAIRS,0,0,0,,,,,,,,,,,,,,,,,,0,0,,,,,,,
400,80,RAW_SPREAD,24,LEGACY_RAW_EXIT,ALL_GATE_PAIRS,GATE_PAIRS,2,0,2,1.0,,,,,,,,,,,,,,,,0.0,0,0,,,,,,,0.0
400,80,RAW_SPREAD,24,LEGACY_RAW_EXIT,ALL_NON_GATE_PAIRS,NON_GATE_PAIRS,0,0,0,,,,,,,,,,,,,,,,,0.0,0,0,,,,,,,0.0
400,80,RAW_SPREAD,24,LEGACY_RAW_EXIT,ALL_PAIRS,ALL,2,0,2,1.0,,,,,,,,,,,,,,,,0.0,0,0,,,,,,,0.0
400,80,RAW_SPREAD,24,BASELINE_RESIDUAL_EXIT,binance/bitget,NON_GATE_PAIRS,0,0,0,,,,,,,,,,,,,,,,,,0,0,,,,,,,
400,80,RAW_SPREAD,24,BASELINE_RESIDUAL_EXIT,binance/gate,GATE_PAIRS,0,0,0,,,,,,,,,,,,,,,,,,0,0,,,,,,,
400,80,RAW_SPREAD,24,BASELINE_RESIDUAL_EXIT,binance/hyperliquid,NON_GATE_PAIRS,0,0,0,,,,,,,,,,,,,,,,,,0,0,,,,,,,
400,80,RAW_SPREAD,24,BASELINE_RESIDUAL_EXIT,binance/okx,NON_GATE_PAIRS,0,0,0,,,,,,,,,,,,,,,,,,0,0,,,,,,,
400,80,RAW_SPREAD,24,BASELINE_RESIDUAL_EXIT,bitget/gate,GATE_PAIRS,0,0,0,,,,,,,,,,,,,,,,,,0,0,,,,,,,
400,80,RAW_SPREAD,24,BASELINE_RESIDUAL_EXIT,bitget/hyperliquid,NON_GATE_PAIRS,0,0,0,,,,,,,,,,,,,,,,,,0,0,,,,,,,
400,80,RAW_SPREAD,24,BASELINE_RESIDUAL_EXIT,bitget/okx,NON_GATE_PAIRS,0,0,0,,,,,,,,,,,,,,,,,,0,0,,,,,,,
400,80,RAW_SPREAD,24,BASELINE_RESIDUAL_EXIT,gate/hyperliquid,GATE_PAIRS,2,0,2,1.0,,,,,,,,,,,,,,,,0.0,0,0,,,,,,,0.0
400,80,RAW_SPREAD,24,BASELINE_RESIDUAL_EXIT,gate/okx,GATE_PAIRS,0,0,0,,,,,,,,,,,,,,,,,,0,0,,,,,,,
400,80,RAW_SPREAD,24,BASELINE_RESIDUAL_EXIT,hyperliquid/okx,NON_GATE_PAIRS,0,0,0,,,,,,,,,,,,,,,,,,0,0,,,,,,,
400,80,RAW_SPREAD,24,BASELINE_RESIDUAL_EXIT,ALL_GATE_PAIRS,GATE_PAIRS,2,0,2,1.0,,,,,,,,,,,,,,,,0.0,0,0,,,,,,,0.0
400,80,RAW_SPREAD,24,BASELINE_RESIDUAL_EXIT,ALL_NON_GATE_PAIRS,NON_GATE_PAIRS,0,0,0,,,,,,,,,,,,,,,,,0.0,0,0,,,,,,,0.0
400,80,RAW_SPREAD,24,BASELINE_RESIDUAL_EXIT,ALL_PAIRS,ALL,2,0,2,1.0,,,,,,,,,,,,,,,,0.0,0,0,,,,,,,0.0
400,80,RAW_SPREAD,24,FRACTIONAL_RESIDUAL_EXIT,binance/bitget,NON_GATE_PAIRS,0,0,0,,,,,,,,,,,,,,,,,,0,0,,,,,,,
400,80,RAW_SPREAD,24,FRACTIONAL_RESIDUAL_EXIT,binance/gate,GATE_PAIRS,0,0,0,,,,,,,,,,,,,,,,,,0,0,,,,,,,
400,80,RAW_SPREAD,24,FRACTIONAL_RESIDUAL_EXIT,binance/hyperliquid,NON_GATE_PAIRS,0,0,0,,,,,,,,,,,,,,,,,,0,0,,,,,,,
400,80,RAW_SPREAD,24,FRACTIONAL_RESIDUAL_EXIT,binance/okx,NON_GATE_PAIRS,0,0,0,,,,,,,,,,,,,,,,,,0,0,,,,,,,
400,80,RAW_SPREAD,24,FRACTIONAL_RESIDUAL_EXIT,bitget/gate,GATE_PAIRS,0,0,0,,,,,,,,,,,,,,,,,,0,0,,,,,,,
400,80,RAW_SPREAD,24,FRACTIONAL_RESIDUAL_EXIT,bitget/hyperliquid,NON_GATE_PAIRS,0,0,0,,,,,,,,,,,,,,,,,,0,0,,,,,,,
400,80,RAW_SPREAD,24,FRACTIONAL_RESIDUAL_EXIT,bitget/okx,NON_GATE_PAIRS,0,0,0,,,,,,,,,,,,,,,,,,0,0,,,,,,,
400,80,RAW_SPREAD,24,FRACTIONAL_RESIDUAL_EXIT,gate/hyperliquid,GATE_PAIRS,2,0,2,1.0,,,,,,,,,,,,,,,,0.0,0,0,,,,,,,0.0
400,80,RAW_SPREAD,24,FRACTIONAL_RESIDUAL_EXIT,gate/okx,GATE_PAIRS,0,0,0,,,,,,,,,,,,,,,,,,0,0,,,,,,,
400,80,RAW_SPREAD,24,FRACTIONAL_RESIDUAL_EXIT,hyperliquid/okx,NON_GATE_PAIRS,0,0,0,,,,,,,,,,,,,,,,,,0,0,,,,,,,
400,80,RAW_SPREAD,24,FRACTIONAL_RESIDUAL_EXIT,ALL_GATE_PAIRS,GATE_PAIRS,2,0,2,1.0,,,,,,,,,,,,,,,,0.0,0,0,,,,,,,0.0
400,80,RAW_SPREAD,24,FRACTIONAL_RESIDUAL_EXIT,ALL_NON_GATE_PAIRS,NON_GATE_PAIRS,0,0,0,,,,,,,,,,,,,,,,,0.0,0,0,,,,,,,0.0
400,80,RAW_SPREAD,24,FRACTIONAL_RESIDUAL_EXIT,ALL_PAIRS,ALL,2,0,2,1.0,,,,,,,,,,,,,,,,0.0,0,0,,,,,,,0.0
500,0,RAW_SPREAD,24,LEGACY_RAW_EXIT,binance/bitget,NON_GATE_PAIRS,0,0,0,,,,,,,,,,,,,,,,,,0,0,,,,,,,
500,0,RAW_SPREAD,24,LEGACY_RAW_EXIT,binance/gate,GATE_PAIRS,0,0,0,,,,,,,,,,,,,,,,,,0,0,,,,,,,
500,0,RAW_SPREAD,24,LEGACY_RAW_EXIT,binance/hyperliquid,NON_GATE_PAIRS,0,0,0,,,,,,,,,,,,,,,,,,0,0,,,,,,,
500,0,RAW_SPREAD,24,LEGACY_RAW_EXIT,binance/okx,NON_GATE_PAIRS,0,0,0,,,,,,,,,,,,,,,,,,0,0,,,,,,,
500,0,RAW_SPREAD,24,LEGACY_RAW_EXIT,bitget/gate,GATE_PAIRS,0,0,0,,,,,,,,,,,,,,,,,,0,0,,,,,,,
500,0,RAW_SPREAD,24,LEGACY_RAW_EXIT,bitget/hyperliquid,NON_GATE_PAIRS,0,0,0,,,,,,,,,,,,,,,,,,0,0,,,,,,,
500,0,RAW_SPREAD,24,LEGACY_RAW_EXIT,bitget/okx,NON_GATE_PAIRS,0,0,0,,,,,,,,,,,,,,,,,,0,0,,,,,,,
500,0,RAW_SPREAD,24,LEGACY_RAW_EXIT,gate/hyperliquid,GATE_PAIRS,0,0,0,,,,,,,,,,,,,,,,,,0,0,,,,,,,
500,0,RAW_SPREAD,24,LEGACY_RAW_EXIT,gate/okx,GATE_PAIRS,0,0,0,,,,,,,,,,,,,,,,,,0,0,,,,,,,
500,0,RAW_SPREAD,24,LEGACY_RAW_EXIT,hyperliquid/okx,NON_GATE_PAIRS,0,0,0,,,,,,,,,,,,,,,,,,0,0,,,,,,,
500,0,RAW_SPREAD,24,LEGACY_RAW_EXIT,ALL_GATE_PAIRS,GATE_PAIRS,0,0,0,,,,,,,,,,,,,,,,,,0,0,,,,,,,
500,0,RAW_SPREAD,24,LEGACY_RAW_EXIT,ALL_NON_GATE_PAIRS,NON_GATE_PAIRS,0,0,0,,,,,,,,,,,,,,,,,,0,0,,,,,,,
500,0,RAW_SPREAD,24,LEGACY_RAW_EXIT,ALL_PAIRS,ALL,0,0,0,,,,,,,,,,,,,,,,,,0,0,,,,,,,
500,0,RAW_SPREAD,24,BASELINE_RESIDUAL_EXIT,binance/bitget,NON_GATE_PAIRS,0,0,0,,,,,,,,,,,,,,,,,,0,0,,,,,,,
500,0,RAW_SPREAD,24,BASELINE_RESIDUAL_EXIT,binance/gate,GATE_PAIRS,0,0,0,,,,,,,,,,,,,,,,,,0,0,,,,,,,
500,0,RAW_SPREAD,24,BASELINE_RESIDUAL_EXIT,binance/hyperliquid,NON_GATE_PAIRS,0,0,0,,,,,,,,,,,,,,,,,,0,0,,,,,,,
500,0,RAW_SPREAD,24,BASELINE_RESIDUAL_EXIT,binance/okx,NON_GATE_PAIRS,0,0,0,,,,,,,,,,,,,,,,,,0,0,,,,,,,
500,0,RAW_SPREAD,24,BASELINE_RESIDUAL_EXIT,bitget/gate,GATE_PAIRS,0,0,0,,,,,,,,,,,,,,,,,,0,0,,,,,,,
500,0,RAW_SPREAD,24,BASELINE_RESIDUAL_EXIT,bitget/hyperliquid,NON_GATE_PAIRS,0,0,0,,,,,,,,,,,,,,,,,,0,0,,,,,,,
500,0,RAW_SPREAD,24,BASELINE_RESIDUAL_EXIT,bitget/okx,NON_GATE_PAIRS,0,0,0,,,,,,,,,,,,,,,,,,0,0,,,,,,,
500,0,RAW_SPREAD,24,BASELINE_RESIDUAL_EXIT,gate/hyperliquid,GATE_PAIRS,0,0,0,,,,,,,,,,,,,,,,,,0,0,,,,,,,
500,0,RAW_SPREAD,24,BASELINE_RESIDUAL_EXIT,gate/okx,GATE_PAIRS,0,0,0,,,,,,,,,,,,,,,,,,0,0,,,,,,,
500,0,RAW_SPREAD,24,BASELINE_RESIDUAL_EXIT,hyperliquid/okx,NON_GATE_PAIRS,0,0,0,,,,,,,,,,,,,,,,,,0,0,,,,,,,
500,0,RAW_SPREAD,24,BASELINE_RESIDUAL_EXIT,ALL_GATE_PAIRS,GATE_PAIRS,0,0,0,,,,,,,,,,,,,,,,,,0,0,,,,,,,
500,0,RAW_SPREAD,24,BASELINE_RESIDUAL_EXIT,ALL_NON_GATE_PAIRS,NON_GATE_PAIRS,0,0,0,,,,,,,,,,,,,,,,,,0,0,,,,,,,
500,0,RAW_SPREAD,24,BASELINE_RESIDUAL_EXIT,ALL_PAIRS,ALL,0,0,0,,,,,,,,,,,,,,,,,,0,0,,,,,,,
500,0,RAW_SPREAD,24,FRACTIONAL_RESIDUAL_EXIT,binance/bitget,NON_GATE_PAIRS,0,0,0,,,,,,,,,,,,,,,,,,0,0,,,,,,,
500,0,RAW_SPREAD,24,FRACTIONAL_RESIDUAL_EXIT,binance/gate,GATE_PAIRS,0,0,0,,,,,,,,,,,,,,,,,,0,0,,,,,,,
500,0,RAW_SPREAD,24,FRACTIONAL_RESIDUAL_EXIT,binance/hyperliquid,NON_GATE_PAIRS,0,0,0,,,,,,,,,,,,,,,,,,0,0,,,,,,,
500,0,RAW_SPREAD,24,FRACTIONAL_RESIDUAL_EXIT,binance/okx,NON_GATE_PAIRS,0,0,0,,,,,,,,,,,,,,,,,,0,0,,,,,,,
500,0,RAW_SPREAD,24,FRACTIONAL_RESIDUAL_EXIT,bitget/gate,GATE_PAIRS,0,0,0,,,,,,,,,,,,,,,,,,0,0,,,,,,,
500,0,RAW_SPREAD,24,FRACTIONAL_RESIDUAL_EXIT,bitget/hyperliquid,NON_GATE_PAIRS,0,0,0,,,,,,,,,,,,,,,,,,0,0,,,,,,,
500,0,RAW_SPREAD,24,FRACTIONAL_RESIDUAL_EXIT,bitget/okx,NON_GATE_PAIRS,0,0,0,,,,,,,,,,,,,,,,,,0,0,,,,,,,
500,0,RAW_SPREAD,24,FRACTIONAL_RESIDUAL_EXIT,gate/hyperliquid,GATE_PAIRS,0,0,0,,,,,,,,,,,,,,,,,,0,0,,,,,,,
500,0,RAW_SPREAD,24,FRACTIONAL_RESIDUAL_EXIT,gate/okx,GATE_PAIRS,0,0,0,,,,,,,,,,,,,,,,,,0,0,,,,,,,
500,0,RAW_SPREAD,24,FRACTIONAL_RESIDUAL_EXIT,hyperliquid/okx,NON_GATE_PAIRS,0,0,0,,,,,,,,,,,,,,,,,,0,0,,,,,,,
500,0,RAW_SPREAD,24,FRACTIONAL_RESIDUAL_EXIT,ALL_GATE_PAIRS,GATE_PAIRS,0,0,0,,,,,,,,,,,,,,,,,,0,0,,,,,,,
500,0,RAW_SPREAD,24,FRACTIONAL_RESIDUAL_EXIT,ALL_NON_GATE_PAIRS,NON_GATE_PAIRS,0,0,0,,,,,,,,,,,,,,,,,,0,0,,,,,,,
500,0,RAW_SPREAD,24,FRACTIONAL_RESIDUAL_EXIT,ALL_PAIRS,ALL,0,0,0,,,,,,,,,,,,,,,,,,0,0,,,,,,,
500,20,RAW_SPREAD,24,LEGACY_RAW_EXIT,binance/bitget,NON_GATE_PAIRS,0,0,0,,,,,,,,,,,,,,,,,,0,0,,,,,,,
500,20,RAW_SPREAD,24,LEGACY_RAW_EXIT,binance/gate,GATE_PAIRS,0,0,0,,,,,,,,,,,,,,,,,,0,0,,,,,,,
500,20,RAW_SPREAD,24,LEGACY_RAW_EXIT,binance/hyperliquid,NON_GATE_PAIRS,0,0,0,,,,,,,,,,,,,,,,,,0,0,,,,,,,
500,20,RAW_SPREAD,24,LEGACY_RAW_EXIT,binance/okx,NON_GATE_PAIRS,0,0,0,,,,,,,,,,,,,,,,,,0,0,,,,,,,
500,20,RAW_SPREAD,24,LEGACY_RAW_EXIT,bitget/gate,GATE_PAIRS,0,0,0,,,,,,,,,,,,,,,,,,0,0,,,,,,,
500,20,RAW_SPREAD,24,LEGACY_RAW_EXIT,bitget/hyperliquid,NON_GATE_PAIRS,0,0,0,,,,,,,,,,,,,,,,,,0,0,,,,,,,
500,20,RAW_SPREAD,24,LEGACY_RAW_EXIT,bitget/okx,NON_GATE_PAIRS,0,0,0,,,,,,,,,,,,,,,,,,0,0,,,,,,,
500,20,RAW_SPREAD,24,LEGACY_RAW_EXIT,gate/hyperliquid,GATE_PAIRS,0,0,0,,,,,,,,,,,,,,,,,,0,0,,,,,,,
500,20,RAW_SPREAD,24,LEGACY_RAW_EXIT,gate/okx,GATE_PAIRS,0,0,0,,,,,,,,,,,,,,,,,,0,0,,,,,,,
500,20,RAW_SPREAD,24,LEGACY_RAW_EXIT,hyperliquid/okx,NON_GATE_PAIRS,0,0,0,,,,,,,,,,,,,,,,,,0,0,,,,,,,
500,20,RAW_SPREAD,24,LEGACY_RAW_EXIT,ALL_GATE_PAIRS,GATE_PAIRS,0,0,0,,,,,,,,,,,,,,,,,,0,0,,,,,,,
500,20,RAW_SPREAD,24,LEGACY_RAW_EXIT,ALL_NON_GATE_PAIRS,NON_GATE_PAIRS,0,0,0,,,,,,,,,,,,,,,,,,0,0,,,,,,,
500,20,RAW_SPREAD,24,LEGACY_RAW_EXIT,ALL_PAIRS,ALL,0,0,0,,,,,,,,,,,,,,,,,,0,0,,,,,,,
500,20,RAW_SPREAD,24,BASELINE_RESIDUAL_EXIT,binance/bitget,NON_GATE_PAIRS,0,0,0,,,,,,,,,,,,,,,,,,0,0,,,,,,,
500,20,RAW_SPREAD,24,BASELINE_RESIDUAL_EXIT,binance/gate,GATE_PAIRS,0,0,0,,,,,,,,,,,,,,,,,,0,0,,,,,,,
500,20,RAW_SPREAD,24,BASELINE_RESIDUAL_EXIT,binance/hyperliquid,NON_GATE_PAIRS,0,0,0,,,,,,,,,,,,,,,,,,0,0,,,,,,,
500,20,RAW_SPREAD,24,BASELINE_RESIDUAL_EXIT,binance/okx,NON_GATE_PAIRS,0,0,0,,,,,,,,,,,,,,,,,,0,0,,,,,,,
500,20,RAW_SPREAD,24,BASELINE_RESIDUAL_EXIT,bitget/gate,GATE_PAIRS,0,0,0,,,,,,,,,,,,,,,,,,0,0,,,,,,,
500,20,RAW_SPREAD,24,BASELINE_RESIDUAL_EXIT,bitget/hyperliquid,NON_GATE_PAIRS,0,0,0,,,,,,,,,,,,,,,,,,0,0,,,,,,,
500,20,RAW_SPREAD,24,BASELINE_RESIDUAL_EXIT,bitget/okx,NON_GATE_PAIRS,0,0,0,,,,,,,,,,,,,,,,,,0,0,,,,,,,
500,20,RAW_SPREAD,24,BASELINE_RESIDUAL_EXIT,gate/hyperliquid,GATE_PAIRS,0,0,0,,,,,,,,,,,,,,,,,,0,0,,,,,,,
500,20,RAW_SPREAD,24,BASELINE_RESIDUAL_EXIT,gate/okx,GATE_PAIRS,0,0,0,,,,,,,,,,,,,,,,,,0,0,,,,,,,
500,20,RAW_SPREAD,24,BASELINE_RESIDUAL_EXIT,hyperliquid/okx,NON_GATE_PAIRS,0,0,0,,,,,,,,,,,,,,,,,,0,0,,,,,,,
500,20,RAW_SPREAD,24,BASELINE_RESIDUAL_EXIT,ALL_GATE_PAIRS,GATE_PAIRS,0,0,0,,,,,,,,,,,,,,,,,,0,0,,,,,,,
500,20,RAW_SPREAD,24,BASELINE_RESIDUAL_EXIT,ALL_NON_GATE_PAIRS,NON_GATE_PAIRS,0,0,0,,,,,,,,,,,,,,,,,,0,0,,,,,,,
500,20,RAW_SPREAD,24,BASELINE_RESIDUAL_EXIT,ALL_PAIRS,ALL,0,0,0,,,,,,,,,,,,,,,,,,0,0,,,,,,,
500,20,RAW_SPREAD,24,FRACTIONAL_RESIDUAL_EXIT,binance/bitget,NON_GATE_PAIRS,0,0,0,,,,,,,,,,,,,,,,,,0,0,,,,,,,
500,20,RAW_SPREAD,24,FRACTIONAL_RESIDUAL_EXIT,binance/gate,GATE_PAIRS,0,0,0,,,,,,,,,,,,,,,,,,0,0,,,,,,,
500,20,RAW_SPREAD,24,FRACTIONAL_RESIDUAL_EXIT,binance/hyperliquid,NON_GATE_PAIRS,0,0,0,,,,,,,,,,,,,,,,,,0,0,,,,,,,
500,20,RAW_SPREAD,24,FRACTIONAL_RESIDUAL_EXIT,binance/okx,NON_GATE_PAIRS,0,0,0,,,,,,,,,,,,,,,,,,0,0,,,,,,,
500,20,RAW_SPREAD,24,FRACTIONAL_RESIDUAL_EXIT,bitget/gate,GATE_PAIRS,0,0,0,,,,,,,,,,,,,,,,,,0,0,,,,,,,
500,20,RAW_SPREAD,24,FRACTIONAL_RESIDUAL_EXIT,bitget/hyperliquid,NON_GATE_PAIRS,0,0,0,,,,,,,,,,,,,,,,,,0,0,,,,,,,
500,20,RAW_SPREAD,24,FRACTIONAL_RESIDUAL_EXIT,bitget/okx,NON_GATE_PAIRS,0,0,0,,,,,,,,,,,,,,,,,,0,0,,,,,,,
500,20,RAW_SPREAD,24,FRACTIONAL_RESIDUAL_EXIT,gate/hyperliquid,GATE_PAIRS,0,0,0,,,,,,,,,,,,,,,,,,0,0,,,,,,,
500,20,RAW_SPREAD,24,FRACTIONAL_RESIDUAL_EXIT,gate/okx,GATE_PAIRS,0,0,0,,,,,,,,,,,,,,,,,,0,0,,,,,,,
500,20,RAW_SPREAD,24,FRACTIONAL_RESIDUAL_EXIT,hyperliquid/okx,NON_GATE_PAIRS,0,0,0,,,,,,,,,,,,,,,,,,0,0,,,,,,,
500,20,RAW_SPREAD,24,FRACTIONAL_RESIDUAL_EXIT,ALL_GATE_PAIRS,GATE_PAIRS,0,0,0,,,,,,,,,,,,,,,,,,0,0,,,,,,,
500,20,RAW_SPREAD,24,FRACTIONAL_RESIDUAL_EXIT,ALL_NON_GATE_PAIRS,NON_GATE_PAIRS,0,0,0,,,,,,,,,,,,,,,,,,0,0,,,,,,,
500,20,RAW_SPREAD,24,FRACTIONAL_RESIDUAL_EXIT,ALL_PAIRS,ALL,0,0,0,,,,,,,,,,,,,,,,,,0,0,,,,,,,
500,40,RAW_SPREAD,24,LEGACY_RAW_EXIT,binance/bitget,NON_GATE_PAIRS,0,0,0,,,,,,,,,,,,,,,,,,0,0,,,,,,,
500,40,RAW_SPREAD,24,LEGACY_RAW_EXIT,binance/gate,GATE_PAIRS,0,0,0,,,,,,,,,,,,,,,,,,0,0,,,,,,,
500,40,RAW_SPREAD,24,LEGACY_RAW_EXIT,binance/hyperliquid,NON_GATE_PAIRS,0,0,0,,,,,,,,,,,,,,,,,,0,0,,,,,,,
500,40,RAW_SPREAD,24,LEGACY_RAW_EXIT,binance/okx,NON_GATE_PAIRS,0,0,0,,,,,,,,,,,,,,,,,,0,0,,,,,,,
500,40,RAW_SPREAD,24,LEGACY_RAW_EXIT,bitget/gate,GATE_PAIRS,0,0,0,,,,,,,,,,,,,,,,,,0,0,,,,,,,
500,40,RAW_SPREAD,24,LEGACY_RAW_EXIT,bitget/hyperliquid,NON_GATE_PAIRS,0,0,0,,,,,,,,,,,,,,,,,,0,0,,,,,,,
500,40,RAW_SPREAD,24,LEGACY_RAW_EXIT,bitget/okx,NON_GATE_PAIRS,0,0,0,,,,,,,,,,,,,,,,,,0,0,,,,,,,
500,40,RAW_SPREAD,24,LEGACY_RAW_EXIT,gate/hyperliquid,GATE_PAIRS,0,0,0,,,,,,,,,,,,,,,,,,0,0,,,,,,,
500,40,RAW_SPREAD,24,LEGACY_RAW_EXIT,gate/okx,GATE_PAIRS,0,0,0,,,,,,,,,,,,,,,,,,0,0,,,,,,,
500,40,RAW_SPREAD,24,LEGACY_RAW_EXIT,hyperliquid/okx,NON_GATE_PAIRS,0,0,0,,,,,,,,,,,,,,,,,,0,0,,,,,,,
500,40,RAW_SPREAD,24,LEGACY_RAW_EXIT,ALL_GATE_PAIRS,GATE_PAIRS,0,0,0,,,,,,,,,,,,,,,,,,0,0,,,,,,,
500,40,RAW_SPREAD,24,LEGACY_RAW_EXIT,ALL_NON_GATE_PAIRS,NON_GATE_PAIRS,0,0,0,,,,,,,,,,,,,,,,,,0,0,,,,,,,
500,40,RAW_SPREAD,24,LEGACY_RAW_EXIT,ALL_PAIRS,ALL,0,0,0,,,,,,,,,,,,,,,,,,0,0,,,,,,,
500,40,RAW_SPREAD,24,BASELINE_RESIDUAL_EXIT,binance/bitget,NON_GATE_PAIRS,0,0,0,,,,,,,,,,,,,,,,,,0,0,,,,,,,
500,40,RAW_SPREAD,24,BASELINE_RESIDUAL_EXIT,binance/gate,GATE_PAIRS,0,0,0,,,,,,,,,,,,,,,,,,0,0,,,,,,,
500,40,RAW_SPREAD,24,BASELINE_RESIDUAL_EXIT,binance/hyperliquid,NON_GATE_PAIRS,0,0,0,,,,,,,,,,,,,,,,,,0,0,,,,,,,
500,40,RAW_SPREAD,24,BASELINE_RESIDUAL_EXIT,binance/okx,NON_GATE_PAIRS,0,0,0,,,,,,,,,,,,,,,,,,0,0,,,,,,,
500,40,RAW_SPREAD,24,BASELINE_RESIDUAL_EXIT,bitget/gate,GATE_PAIRS,0,0,0,,,,,,,,,,,,,,,,,,0,0,,,,,,,
500,40,RAW_SPREAD,24,BASELINE_RESIDUAL_EXIT,bitget/hyperliquid,NON_GATE_PAIRS,0,0,0,,,,,,,,,,,,,,,,,,0,0,,,,,,,
500,40,RAW_SPREAD,24,BASELINE_RESIDUAL_EXIT,bitget/okx,NON_GATE_PAIRS,0,0,0,,,,,,,,,,,,,,,,,,0,0,,,,,,,
500,40,RAW_SPREAD,24,BASELINE_RESIDUAL_EXIT,gate/hyperliquid,GATE_PAIRS,0,0,0,,,,,,,,,,,,,,,,,,0,0,,,,,,,
500,40,RAW_SPREAD,24,BASELINE_RESIDUAL_EXIT,gate/okx,GATE_PAIRS,0,0,0,,,,,,,,,,,,,,,,,,0,0,,,,,,,
500,40,RAW_SPREAD,24,BASELINE_RESIDUAL_EXIT,hyperliquid/okx,NON_GATE_PAIRS,0,0,0,,,,,,,,,,,,,,,,,,0,0,,,,,,,
500,40,RAW_SPREAD,24,BASELINE_RESIDUAL_EXIT,ALL_GATE_PAIRS,GATE_PAIRS,0,0,0,,,,,,,,,,,,,,,,,,0,0,,,,,,,
500,40,RAW_SPREAD,24,BASELINE_RESIDUAL_EXIT,ALL_NON_GATE_PAIRS,NON_GATE_PAIRS,0,0,0,,,,,,,,,,,,,,,,,,0,0,,,,,,,
500,40,RAW_SPREAD,24,BASELINE_RESIDUAL_EXIT,ALL_PAIRS,ALL,0,0,0,,,,,,,,,,,,,,,,,,0,0,,,,,,,
500,40,RAW_SPREAD,24,FRACTIONAL_RESIDUAL_EXIT,binance/bitget,NON_GATE_PAIRS,0,0,0,,,,,,,,,,,,,,,,,,0,0,,,,,,,
500,40,RAW_SPREAD,24,FRACTIONAL_RESIDUAL_EXIT,binance/gate,GATE_PAIRS,0,0,0,,,,,,,,,,,,,,,,,,0,0,,,,,,,
500,40,RAW_SPREAD,24,FRACTIONAL_RESIDUAL_EXIT,binance/hyperliquid,NON_GATE_PAIRS,0,0,0,,,,,,,,,,,,,,,,,,0,0,,,,,,,
500,40,RAW_SPREAD,24,FRACTIONAL_RESIDUAL_EXIT,binance/okx,NON_GATE_PAIRS,0,0,0,,,,,,,,,,,,,,,,,,0,0,,,,,,,
500,40,RAW_SPREAD,24,FRACTIONAL_RESIDUAL_EXIT,bitget/gate,GATE_PAIRS,0,0,0,,,,,,,,,,,,,,,,,,0,0,,,,,,,
500,40,RAW_SPREAD,24,FRACTIONAL_RESIDUAL_EXIT,bitget/hyperliquid,NON_GATE_PAIRS,0,0,0,,,,,,,,,,,,,,,,,,0,0,,,,,,,
500,40,RAW_SPREAD,24,FRACTIONAL_RESIDUAL_EXIT,bitget/okx,NON_GATE_PAIRS,0,0,0,,,,,,,,,,,,,,,,,,0,0,,,,,,,
500,40,RAW_SPREAD,24,FRACTIONAL_RESIDUAL_EXIT,gate/hyperliquid,GATE_PAIRS,0,0,0,,,,,,,,,,,,,,,,,,0,0,,,,,,,
500,40,RAW_SPREAD,24,FRACTIONAL_RESIDUAL_EXIT,gate/okx,GATE_PAIRS,0,0,0,,,,,,,,,,,,,,,,,,0,0,,,,,,,
500,40,RAW_SPREAD,24,FRACTIONAL_RESIDUAL_EXIT,hyperliquid/okx,NON_GATE_PAIRS,0,0,0,,,,,,,,,,,,,,,,,,0,0,,,,,,,
500,40,RAW_SPREAD,24,FRACTIONAL_RESIDUAL_EXIT,ALL_GATE_PAIRS,GATE_PAIRS,0,0,0,,,,,,,,,,,,,,,,,,0,0,,,,,,,
500,40,RAW_SPREAD,24,FRACTIONAL_RESIDUAL_EXIT,ALL_NON_GATE_PAIRS,NON_GATE_PAIRS,0,0,0,,,,,,,,,,,,,,,,,,0,0,,,,,,,
500,40,RAW_SPREAD,24,FRACTIONAL_RESIDUAL_EXIT,ALL_PAIRS,ALL,0,0,0,,,,,,,,,,,,,,,,,,0,0,,,,,,,
500,58,RAW_SPREAD,24,LEGACY_RAW_EXIT,binance/bitget,NON_GATE_PAIRS,0,0,0,,,,,,,,,,,,,,,,,,0,0,,,,,,,
500,58,RAW_SPREAD,24,LEGACY_RAW_EXIT,binance/gate,GATE_PAIRS,0,0,0,,,,,,,,,,,,,,,,,,0,0,,,,,,,
500,58,RAW_SPREAD,24,LEGACY_RAW_EXIT,binance/hyperliquid,NON_GATE_PAIRS,0,0,0,,,,,,,,,,,,,,,,,,0,0,,,,,,,
500,58,RAW_SPREAD,24,LEGACY_RAW_EXIT,binance/okx,NON_GATE_PAIRS,0,0,0,,,,,,,,,,,,,,,,,,0,0,,,,,,,
500,58,RAW_SPREAD,24,LEGACY_RAW_EXIT,bitget/gate,GATE_PAIRS,0,0,0,,,,,,,,,,,,,,,,,,0,0,,,,,,,
500,58,RAW_SPREAD,24,LEGACY_RAW_EXIT,bitget/hyperliquid,NON_GATE_PAIRS,0,0,0,,,,,,,,,,,,,,,,,,0,0,,,,,,,
500,58,RAW_SPREAD,24,LEGACY_RAW_EXIT,bitget/okx,NON_GATE_PAIRS,0,0,0,,,,,,,,,,,,,,,,,,0,0,,,,,,,
500,58,RAW_SPREAD,24,LEGACY_RAW_EXIT,gate/hyperliquid,GATE_PAIRS,0,0,0,,,,,,,,,,,,,,,,,,0,0,,,,,,,
500,58,RAW_SPREAD,24,LEGACY_RAW_EXIT,gate/okx,GATE_PAIRS,0,0,0,,,,,,,,,,,,,,,,,,0,0,,,,,,,
500,58,RAW_SPREAD,24,LEGACY_RAW_EXIT,hyperliquid/okx,NON_GATE_PAIRS,0,0,0,,,,,,,,,,,,,,,,,,0,0,,,,,,,
500,58,RAW_SPREAD,24,LEGACY_RAW_EXIT,ALL_GATE_PAIRS,GATE_PAIRS,0,0,0,,,,,,,,,,,,,,,,,,0,0,,,,,,,
500,58,RAW_SPREAD,24,LEGACY_RAW_EXIT,ALL_NON_GATE_PAIRS,NON_GATE_PAIRS,0,0,0,,,,,,,,,,,,,,,,,,0,0,,,,,,,
500,58,RAW_SPREAD,24,LEGACY_RAW_EXIT,ALL_PAIRS,ALL,0,0,0,,,,,,,,,,,,,,,,,,0,0,,,,,,,
500,58,RAW_SPREAD,24,BASELINE_RESIDUAL_EXIT,binance/bitget,NON_GATE_PAIRS,0,0,0,,,,,,,,,,,,,,,,,,0,0,,,,,,,
500,58,RAW_SPREAD,24,BASELINE_RESIDUAL_EXIT,binance/gate,GATE_PAIRS,0,0,0,,,,,,,,,,,,,,,,,,0,0,,,,,,,
500,58,RAW_SPREAD,24,BASELINE_RESIDUAL_EXIT,binance/hyperliquid,NON_GATE_PAIRS,0,0,0,,,,,,,,,,,,,,,,,,0,0,,,,,,,
500,58,RAW_SPREAD,24,BASELINE_RESIDUAL_EXIT,binance/okx,NON_GATE_PAIRS,0,0,0,,,,,,,,,,,,,,,,,,0,0,,,,,,,
500,58,RAW_SPREAD,24,BASELINE_RESIDUAL_EXIT,bitget/gate,GATE_PAIRS,0,0,0,,,,,,,,,,,,,,,,,,0,0,,,,,,,
500,58,RAW_SPREAD,24,BASELINE_RESIDUAL_EXIT,bitget/hyperliquid,NON_GATE_PAIRS,0,0,0,,,,,,,,,,,,,,,,,,0,0,,,,,,,
500,58,RAW_SPREAD,24,BASELINE_RESIDUAL_EXIT,bitget/okx,NON_GATE_PAIRS,0,0,0,,,,,,,,,,,,,,,,,,0,0,,,,,,,
500,58,RAW_SPREAD,24,BASELINE_RESIDUAL_EXIT,gate/hyperliquid,GATE_PAIRS,0,0,0,,,,,,,,,,,,,,,,,,0,0,,,,,,,
500,58,RAW_SPREAD,24,BASELINE_RESIDUAL_EXIT,gate/okx,GATE_PAIRS,0,0,0,,,,,,,,,,,,,,,,,,0,0,,,,,,,
500,58,RAW_SPREAD,24,BASELINE_RESIDUAL_EXIT,hyperliquid/okx,NON_GATE_PAIRS,0,0,0,,,,,,,,,,,,,,,,,,0,0,,,,,,,
500,58,RAW_SPREAD,24,BASELINE_RESIDUAL_EXIT,ALL_GATE_PAIRS,GATE_PAIRS,0,0,0,,,,,,,,,,,,,,,,,,0,0,,,,,,,
500,58,RAW_SPREAD,24,BASELINE_RESIDUAL_EXIT,ALL_NON_GATE_PAIRS,NON_GATE_PAIRS,0,0,0,,,,,,,,,,,,,,,,,,0,0,,,,,,,
500,58,RAW_SPREAD,24,BASELINE_RESIDUAL_EXIT,ALL_PAIRS,ALL,0,0,0,,,,,,,,,,,,,,,,,,0,0,,,,,,,
500,58,RAW_SPREAD,24,FRACTIONAL_RESIDUAL_EXIT,binance/bitget,NON_GATE_PAIRS,0,0,0,,,,,,,,,,,,,,,,,,0,0,,,,,,,
500,58,RAW_SPREAD,24,FRACTIONAL_RESIDUAL_EXIT,binance/gate,GATE_PAIRS,0,0,0,,,,,,,,,,,,,,,,,,0,0,,,,,,,
500,58,RAW_SPREAD,24,FRACTIONAL_RESIDUAL_EXIT,binance/hyperliquid,NON_GATE_PAIRS,0,0,0,,,,,,,,,,,,,,,,,,0,0,,,,,,,
500,58,RAW_SPREAD,24,FRACTIONAL_RESIDUAL_EXIT,binance/okx,NON_GATE_PAIRS,0,0,0,,,,,,,,,,,,,,,,,,0,0,,,,,,,
500,58,RAW_SPREAD,24,FRACTIONAL_RESIDUAL_EXIT,bitget/gate,GATE_PAIRS,0,0,0,,,,,,,,,,,,,,,,,,0,0,,,,,,,
500,58,RAW_SPREAD,24,FRACTIONAL_RESIDUAL_EXIT,bitget/hyperliquid,NON_GATE_PAIRS,0,0,0,,,,,,,,,,,,,,,,,,0,0,,,,,,,
500,58,RAW_SPREAD,24,FRACTIONAL_RESIDUAL_EXIT,bitget/okx,NON_GATE_PAIRS,0,0,0,,,,,,,,,,,,,,,,,,0,0,,,,,,,
500,58,RAW_SPREAD,24,FRACTIONAL_RESIDUAL_EXIT,gate/hyperliquid,GATE_PAIRS,0,0,0,,,,,,,,,,,,,,,,,,0,0,,,,,,,
500,58,RAW_SPREAD,24,FRACTIONAL_RESIDUAL_EXIT,gate/okx,GATE_PAIRS,0,0,0,,,,,,,,,,,,,,,,,,0,0,,,,,,,
500,58,RAW_SPREAD,24,FRACTIONAL_RESIDUAL_EXIT,hyperliquid/okx,NON_GATE_PAIRS,0,0,0,,,,,,,,,,,,,,,,,,0,0,,,,,,,
500,58,RAW_SPREAD,24,FRACTIONAL_RESIDUAL_EXIT,ALL_GATE_PAIRS,GATE_PAIRS,0,0,0,,,,,,,,,,,,,,,,,,0,0,,,,,,,
500,58,RAW_SPREAD,24,FRACTIONAL_RESIDUAL_EXIT,ALL_NON_GATE_PAIRS,NON_GATE_PAIRS,0,0,0,,,,,,,,,,,,,,,,,,0,0,,,,,,,
500,58,RAW_SPREAD,24,FRACTIONAL_RESIDUAL_EXIT,ALL_PAIRS,ALL,0,0,0,,,,,,,,,,,,,,,,,,0,0,,,,,,,
500,80,RAW_SPREAD,24,LEGACY_RAW_EXIT,binance/bitget,NON_GATE_PAIRS,0,0,0,,,,,,,,,,,,,,,,,,0,0,,,,,,,
500,80,RAW_SPREAD,24,LEGACY_RAW_EXIT,binance/gate,GATE_PAIRS,0,0,0,,,,,,,,,,,,,,,,,,0,0,,,,,,,
500,80,RAW_SPREAD,24,LEGACY_RAW_EXIT,binance/hyperliquid,NON_GATE_PAIRS,0,0,0,,,,,,,,,,,,,,,,,,0,0,,,,,,,
500,80,RAW_SPREAD,24,LEGACY_RAW_EXIT,binance/okx,NON_GATE_PAIRS,0,0,0,,,,,,,,,,,,,,,,,,0,0,,,,,,,
500,80,RAW_SPREAD,24,LEGACY_RAW_EXIT,bitget/gate,GATE_PAIRS,0,0,0,,,,,,,,,,,,,,,,,,0,0,,,,,,,
500,80,RAW_SPREAD,24,LEGACY_RAW_EXIT,bitget/hyperliquid,NON_GATE_PAIRS,0,0,0,,,,,,,,,,,,,,,,,,0,0,,,,,,,
500,80,RAW_SPREAD,24,LEGACY_RAW_EXIT,bitget/okx,NON_GATE_PAIRS,0,0,0,,,,,,,,,,,,,,,,,,0,0,,,,,,,
500,80,RAW_SPREAD,24,LEGACY_RAW_EXIT,gate/hyperliquid,GATE_PAIRS,0,0,0,,,,,,,,,,,,,,,,,,0,0,,,,,,,
500,80,RAW_SPREAD,24,LEGACY_RAW_EXIT,gate/okx,GATE_PAIRS,0,0,0,,,,,,,,,,,,,,,,,,0,0,,,,,,,
500,80,RAW_SPREAD,24,LEGACY_RAW_EXIT,hyperliquid/okx,NON_GATE_PAIRS,0,0,0,,,,,,,,,,,,,,,,,,0,0,,,,,,,
500,80,RAW_SPREAD,24,LEGACY_RAW_EXIT,ALL_GATE_PAIRS,GATE_PAIRS,0,0,0,,,,,,,,,,,,,,,,,,0,0,,,,,,,
500,80,RAW_SPREAD,24,LEGACY_RAW_EXIT,ALL_NON_GATE_PAIRS,NON_GATE_PAIRS,0,0,0,,,,,,,,,,,,,,,,,,0,0,,,,,,,
500,80,RAW_SPREAD,24,LEGACY_RAW_EXIT,ALL_PAIRS,ALL,0,0,0,,,,,,,,,,,,,,,,,,0,0,,,,,,,
500,80,RAW_SPREAD,24,BASELINE_RESIDUAL_EXIT,binance/bitget,NON_GATE_PAIRS,0,0,0,,,,,,,,,,,,,,,,,,0,0,,,,,,,
500,80,RAW_SPREAD,24,BASELINE_RESIDUAL_EXIT,binance/gate,GATE_PAIRS,0,0,0,,,,,,,,,,,,,,,,,,0,0,,,,,,,
500,80,RAW_SPREAD,24,BASELINE_RESIDUAL_EXIT,binance/hyperliquid,NON_GATE_PAIRS,0,0,0,,,,,,,,,,,,,,,,,,0,0,,,,,,,
500,80,RAW_SPREAD,24,BASELINE_RESIDUAL_EXIT,binance/okx,NON_GATE_PAIRS,0,0,0,,,,,,,,,,,,,,,,,,0,0,,,,,,,
500,80,RAW_SPREAD,24,BASELINE_RESIDUAL_EXIT,bitget/gate,GATE_PAIRS,0,0,0,,,,,,,,,,,,,,,,,,0,0,,,,,,,
500,80,RAW_SPREAD,24,BASELINE_RESIDUAL_EXIT,bitget/hyperliquid,NON_GATE_PAIRS,0,0,0,,,,,,,,,,,,,,,,,,0,0,,,,,,,
500,80,RAW_SPREAD,24,BASELINE_RESIDUAL_EXIT,bitget/okx,NON_GATE_PAIRS,0,0,0,,,,,,,,,,,,,,,,,,0,0,,,,,,,
500,80,RAW_SPREAD,24,BASELINE_RESIDUAL_EXIT,gate/hyperliquid,GATE_PAIRS,0,0,0,,,,,,,,,,,,,,,,,,0,0,,,,,,,
500,80,RAW_SPREAD,24,BASELINE_RESIDUAL_EXIT,gate/okx,GATE_PAIRS,0,0,0,,,,,,,,,,,,,,,,,,0,0,,,,,,,
500,80,RAW_SPREAD,24,BASELINE_RESIDUAL_EXIT,hyperliquid/okx,NON_GATE_PAIRS,0,0,0,,,,,,,,,,,,,,,,,,0,0,,,,,,,
500,80,RAW_SPREAD,24,BASELINE_RESIDUAL_EXIT,ALL_GATE_PAIRS,GATE_PAIRS,0,0,0,,,,,,,,,,,,,,,,,,0,0,,,,,,,
500,80,RAW_SPREAD,24,BASELINE_RESIDUAL_EXIT,ALL_NON_GATE_PAIRS,NON_GATE_PAIRS,0,0,0,,,,,,,,,,,,,,,,,,0,0,,,,,,,
500,80,RAW_SPREAD,24,BASELINE_RESIDUAL_EXIT,ALL_PAIRS,ALL,0,0,0,,,,,,,,,,,,,,,,,,0,0,,,,,,,
500,80,RAW_SPREAD,24,FRACTIONAL_RESIDUAL_EXIT,binance/bitget,NON_GATE_PAIRS,0,0,0,,,,,,,,,,,,,,,,,,0,0,,,,,,,
500,80,RAW_SPREAD,24,FRACTIONAL_RESIDUAL_EXIT,binance/gate,GATE_PAIRS,0,0,0,,,,,,,,,,,,,,,,,,0,0,,,,,,,
500,80,RAW_SPREAD,24,FRACTIONAL_RESIDUAL_EXIT,binance/hyperliquid,NON_GATE_PAIRS,0,0,0,,,,,,,,,,,,,,,,,,0,0,,,,,,,
500,80,RAW_SPREAD,24,FRACTIONAL_RESIDUAL_EXIT,binance/okx,NON_GATE_PAIRS,0,0,0,,,,,,,,,,,,,,,,,,0,0,,,,,,,
500,80,RAW_SPREAD,24,FRACTIONAL_RESIDUAL_EXIT,bitget/gate,GATE_PAIRS,0,0,0,,,,,,,,,,,,,,,,,,0,0,,,,,,,
500,80,RAW_SPREAD,24,FRACTIONAL_RESIDUAL_EXIT,bitget/hyperliquid,NON_GATE_PAIRS,0,0,0,,,,,,,,,,,,,,,,,,0,0,,,,,,,
500,80,RAW_SPREAD,24,FRACTIONAL_RESIDUAL_EXIT,bitget/okx,NON_GATE_PAIRS,0,0,0,,,,,,,,,,,,,,,,,,0,0,,,,,,,
500,80,RAW_SPREAD,24,FRACTIONAL_RESIDUAL_EXIT,gate/hyperliquid,GATE_PAIRS,0,0,0,,,,,,,,,,,,,,,,,,0,0,,,,,,,
500,80,RAW_SPREAD,24,FRACTIONAL_RESIDUAL_EXIT,gate/okx,GATE_PAIRS,0,0,0,,,,,,,,,,,,,,,,,,0,0,,,,,,,
500,80,RAW_SPREAD,24,FRACTIONAL_RESIDUAL_EXIT,hyperliquid/okx,NON_GATE_PAIRS,0,0,0,,,,,,,,,,,,,,,,,,0,0,,,,,,,
500,80,RAW_SPREAD,24,FRACTIONAL_RESIDUAL_EXIT,ALL_GATE_PAIRS,GATE_PAIRS,0,0,0,,,,,,,,,,,,,,,,,,0,0,,,,,,,
500,80,RAW_SPREAD,24,FRACTIONAL_RESIDUAL_EXIT,ALL_NON_GATE_PAIRS,NON_GATE_PAIRS,0,0,0,,,,,,,,,,,,,,,,,,0,0,,,,,,,
500,80,RAW_SPREAD,24,FRACTIONAL_RESIDUAL_EXIT,ALL_PAIRS,ALL,0,0,0,,,,,,,,,,,,,,,,,,0,0,,,,,,,
