threshold_bps,assumed_total_cost_bps,trigger_type,baseline_window_hours,exit_policy,pair,pair_scope,total_signal_count,realized_event_count,censored_event_count,censor_rate,mean_net_bps,median_net_bps,win_rate,p05_net_bps,p25_net_bps,p75_net_bps,p95_net_bps,mean_mae_bps,median_mae_bps,mean_mfe_bps,median_mfe_bps,mean_holding_minutes,median_holding_minutes,p90_holding_minutes,max_holding_minutes,capital_occupancy_rate,same_pair_overlap_count,cross_pair_overlap_count,day_block_ci_low,day_block_ci_high,mean_gross_price_pnl_bps,mean_funding_pnl_bps,mean_gross_combined_pnl_bps,mean_cost_contribution_bps,realized_day_count
20,0,RESIDUAL_SPREAD,24,LEGACY_RAW_EXIT,binance/bitget,NON_GATE_PAIRS,54,0,54,1.0,,,,,,,,,,,,,,,,0.0,0,0,,,,,,,0.0
20,0,RESIDUAL_SPREAD,24,LEGACY_RAW_EXIT,binance/gate,GATE_PAIRS,166,2,164,0.9879518072289156,26.068816914158056,26.068816914158056,1.0,3.6595754566735454,13.619238326666661,38.51839550164945,48.47805837164256,-9.195063725098708,-9.195063725098708,26.25096733016308,26.25096733016308,232.5,232.5,406.5,450.0,0.0087595365922577,4,0,1.169659739175266,50.967974089140846,22.704266914158055,3.3645500000000004,26.068816914158056,-0.0,2.0
20,0,RESIDUAL_SPREAD,24,LEGACY_RAW_EXIT,binance/hyperliquid,NON_GATE_PAIRS,85,77,8,0.09411764705882353,9.317835144452864,2.8545553059916835,0.6363636363636364,-17.0994762708232,-2.978009066767484,16.4865097798665,39.71824427031921,-5.256263224393804,-3.146648242642325,17.48800572173483,9.560748639305672,205.9090909090909,30.0,762.0000000000006,1485.0,0.2986719412263351,93,0,3.9151612871369905,19.141824408985602,13.441716611985331,-4.123881467532468,9.317835144452864,-0.0,28.0
20,0,RESIDUAL_SPREAD,24,LEGACY_RAW_EXIT,binance/okx,NON_GATE_PAIRS,93,91,2,0.021505376344086023,6.901993015149711,4.806097817301458,0.7912087912087912,-7.8348268134503245,0.6612717228637877,12.106504790534434,25.79790331961241,1.852940675028495,2.952450253272953,10.838988600279684,7.789417669794574,50.76923076923077,15.0,75.0,915.0,0.08703023452952811,24,0,3.324734079672931,10.434853189367715,9.464597144308318,-2.562604129158604,6.901993015149711,-0.0,27.0
20,0,RESIDUAL_SPREAD,24,LEGACY_RAW_EXIT,bitget/gate,GATE_PAIRS,69,2,67,0.9710144927536232,-6.163981148836206,-6.163981148836206,0.0,-9.541099548281695,-8.040158037417033,-4.287804260255379,-2.786862749390718,-5.497856843028059,-5.497856843028059,-1.5122774623604898,-1.5122774623604898,22.5,22.5,28.5,30.0,0.0008476970895733258,0,0,-9.91633492599786,-2.411627371674552,-6.163981148836206,0.0,-6.163981148836206,-0.0,2.0
20,0,RESIDUAL_SPREAD,24,LEGACY_RAW_EXIT,bitget/hyperliquid,NON_GATE_PAIRS,68,3,65,0.9558823529411765,-2.7191469177445526,-7.82689612700338,0.3333333333333333,-9.865182609316015,-8.959277506065956,0.9671090659474348,8.002313220308086,-2.511530385893208,-5.228481160134413,-1.2665821477061037,-1.4936364455730988,20.0,15.0,27.0,30.0,0.0011302627860977678,0,0,-10.09165888512853,9.761114258898251,-2.7191469177445526,0.0,-2.7191469177445526,-0.0,3.0
20,0,RESIDUAL_SPREAD,24,LEGACY_RAW_EXIT,bitget/okx,NON_GATE_PAIRS,60,3,57,0.95,-2.010559962376904,-0.7149270912987227,0.3333333333333333,-8.636737311876084,-5.115932769397257,1.7426292801825394,3.7086743773675486,-2.0976808774945486,-0.976289836651656,-2.0976808774945486,-0.976289836651656,15.0,15.0,15.0,15.0,0.0008476970895733258,0,0,-9.516938447495791,4.200185651663801,-2.010559962376904,0.0,-2.010559962376904,-0.0,3.0
20,0,RESIDUAL_SPREAD,24,LEGACY_RAW_EXIT,gate/hyperliquid,GATE_PAIRS,251,2,249,0.9920318725099602,22.93571335099778,22.93571335099778,1.0,14.381441806579522,18.183340270765413,27.688086431230143,31.489984895416033,-13.239494306474532,-13.239494306474532,18.354538051794655,18.354538051794655,510.0,510.0,906.0,1005.0,0.01921446736366205,10,0,13.43096719053305,32.44045951146251,21.757411850997777,1.1783015000000008,22.93571335099778,-0.0,2.0
20,0,RESIDUAL_SPREAD,24,LEGACY_RAW_EXIT,gate/okx,GATE_PAIRS,217,4,213,0.9815668202764977,13.13165470028435,9.886576560008134,0.75,-0.7373900530946997,0.6749845460651827,22.3432467142273,31.543808850050098,-0.7848653855302423,-1.0359907563523008,10.490566569910376,5.379299936851822,120.0,15.0,309.00000000000006,435.0,0.009042102288782142,1,0,0.08649512974856499,26.176814270820138,13.3806353168231,-0.2489806165387502,13.13165470028435,-0.0,4.0
20,0,RESIDUAL_SPREAD,24,LEGACY_RAW_EXIT,hyperliquid/okx,NON_GATE_PAIRS,113,108,5,0.04424778761061947,13.104369244394247,8.39282720050516,0.7870370370370371,-6.042930303159782,0.6980439257196552,20.5330627522817,49.54010902868102,0.26139415107655145,0.7694238930311403,18.317009453128218,16.461650475022573,119.16666666666667,22.5,358.4999999999999,930.0,0.24244136761797117,89,0,9.706127817907019,17.611749999144365,13.572425109247346,-0.46805586485310163,13.104369244394247,-0.0,33.0
20,0,RESIDUAL_SPREAD,24,LEGACY_RAW_EXIT,ALL_GATE_PAIRS,GATE_PAIRS,703,10,693,0.9857752489331437,13.820771703377668,7.347220576457425,0.7,-6.539216526552371,-0.5254478423696862,28.957764423005496,43.26216297183006,-5.900429129132357,-4.628952474531878,12.8148722118836,-0.5374276742714512,201.0,15.0,505.4999999999998,1005.0,0.009465950833568805,15,0,3.8849940132188867,23.662653490707964,13.011793649993166,0.8089780533845001,13.820771703377668,-0.0,7.0
20,0,RESIDUAL_SPREAD,24,LEGACY_RAW_EXIT,ALL_NON_GATE_PAIRS,NON_GATE_PAIRS,473,282,191,0.40380549682875266,9.739849036367762,5.414168133145436,0.7375886524822695,-13.844075858740922,-0.39976843639044635,16.08279322363959,41.515115622155726,-0.7862118167539907,0.4494750745465126,15.25201643638751,10.735161014449046,118.61702127659575,15.0,358.5000000000001,1485.0,0.10502025054158425,206,171,6.8887518510701975,13.91277420327111,11.872068476642825,-2.132219440275064,9.739849036367762,-0.0,35.0
20,0,RESIDUAL_SPREAD,24,LEGACY_RAW_EXIT,ALL_PAIRS,ALL,1176,292,884,0.7517006802721088,9.879606661950291,5.414168133145436,0.7363013698630136,-13.717566667050706,-0.4044140331044901,16.238717563219822,42.41934052555661,-0.9613562452600992,0.15172278065356254,15.168552593082582,10.20583823428234,121.43835616438356,15.0,403.5000000000005,1485.0,0.06679853065837807,221,184,7.018526841264612,13.891432744634612,11.911100160661674,-2.03149349871138,9.879606661950291,-0.0,35.0
20,0,RESIDUAL_SPREAD,24,BASELINE_RESIDUAL_EXIT,binance/bitget,NON_GATE_PAIRS,54,0,54,1.0,,,,,,,,,,,,,,,,0.0,0,0,,,,,,,0.0
20,0,RESIDUAL_SPREAD,24,BASELINE_RESIDUAL_EXIT,binance/gate,GATE_PAIRS,170,1,169,0.9941176470588236,8.96070981688979,8.96070981688979,1.0,8.96070981688979,8.96070981688979,8.96070981688979,8.96070981688979,12.908370190145568,12.908370190145568,12.908370190145568,12.908370190145568,15.0,15.0,15.0,15.0,0.00028256569652444194,0,0,8.96070981688979,8.96070981688979,8.96070981688979,0.0,8.96070981688979,-0.0,1.0
20,0,RESIDUAL_SPREAD,24,BASELINE_RESIDUAL_EXIT,binance/hyperliquid,NON_GATE_PAIRS,154,148,6,0.03896103896103896,7.858033743848064,5.3669379637982795,0.7837837837837838,-7.536008620062283,0.7079597392870007,12.185297929674034,30.82020509319322,-1.414812188562278,1.4916036871653882,13.002802358034021,8.625437192038564,55.439189189189186,30.0,120.0,525.0,0.15456343599886974,41,0,5.942459281350548,10.028177961565456,10.947101284388605,-3.0890675405405412,7.858033743848064,-0.0,34.0
20,0,RESIDUAL_SPREAD,24,BASELINE_RESIDUAL_EXIT,binance/okx,NON_GATE_PAIRS,98,95,3,0.030612244897959183,8.622650343280203,6.657506127549784,0.8736842105263158,-6.2452413776250255,3.36189681045318,12.392304896286511,25.465711303700875,2.816576090456263,2.952450253272953,11.07700270472225,8.046922232974874,37.73684210526316,15.0,69.00000000000013,585.0,0.06753320146934162,19,0,6.404828879402774,11.12885635521039,10.793336786510066,-2.1706864432298634,8.622650343280203,-0.0,27.0
20,0,RESIDUAL_SPREAD,24,BASELINE_RESIDUAL_EXIT,bitget/gate,GATE_PAIRS,69,2,67,0.9710144927536232,13.807785780763357,13.807785780763357,1.0,5.936890577151021,9.435066223200948,18.180505338325766,21.678680984375692,2.224709556296056,2.224709556296056,14.09851726116851,14.09851726116851,22.5,22.5,28.5,30.0,0.0008476970895733258,0,0,5.06234666563854,22.553224895888174,13.807785780763357,0.0,13.807785780763357,-0.0,2.0
20,0,RESIDUAL_SPREAD,24,BASELINE_RESIDUAL_EXIT,bitget/hyperliquid,NON_GATE_PAIRS,68,4,64,0.9411764705882353,-1.089269141166358,-1.6253756833231314,0.25,-4.93062007731678,-2.8406761558811677,0.12603133139167833,3.5026309540035445,-1.0010465336743324,-0.010060250261179071,0.8875569480351619,-0.010060250261179071,18.75,15.0,25.500000000000004,30.0,0.0014128284826222096,1,0,-4.410050837764246,2.767619097588303,-0.9228786411663581,-0.1663905,-1.089269141166358,-0.0,4.0
20,0,RESIDUAL_SPREAD,24,BASELINE_RESIDUAL_EXIT,bitget/okx,NON_GATE_PAIRS,59,3,56,0.9491525423728814,10.268339454399483,5.04509639421169,1.0,4.901183710883439,4.965144903473773,12.959912475231295,19.29176534004698,0.3808524622235989,4.885193412735855,15.683819260794431,5.774302421430733,20.0,15.0,27.0,30.0,0.0011302627860977678,3,0,4.885193412735855,20.8747285562509,13.432718456540814,-3.164379002141333,10.268339454399483,-0.0,3.0
20,0,RESIDUAL_SPREAD,24,BASELINE_RESIDUAL_EXIT,gate/hyperliquid,GATE_PAIRS,261,3,258,0.9885057471264368,17.528091380369286,15.176841768062904,1.0,12.608235400281865,13.749838230406771,20.130719724178608,24.09382208907117,11.171275461753595,19.46281070702049,21.25013382391794,22.11529217888586,25.0,15.0,39.0,45.0,0.0014128284826222096,0,0,15.176841768062904,18.703716186522477,18.08771904703595,-0.5596276666666666,17.528091380369286,-0.0,2.0
20,0,RESIDUAL_SPREAD,24,BASELINE_RESIDUAL_EXIT,gate/okx,GATE_PAIRS,217,4,213,0.9815668202764977,5.390957784290885,2.771614266984246,0.75,-1.926193976916235,0.3253363331764958,7.8372357180986345,16.375190469727293,3.012083555760381,0.7454984597732306,4.601385979819406,3.92410330789128,18.75,15.0,25.500000000000004,30.0,0.0014128284826222096,1,0,-1.5509389252341133,14.1981278588213,5.390957784290885,0.0,5.390957784290885,-0.0,4.0
20,0,RESIDUAL_SPREAD,24,BASELINE_RESIDUAL_EXIT,hyperliquid/okx,NON_GATE_PAIRS,157,153,4,0.025477707006369428,11.461496981438541,8.896138474636661,0.8888888888888888,-5.378924147241987,3.2655480787247004,17.717875715766993,32.78979924591719,3.9006291672086437,3.5884496545968148,15.14687224650006,12.180724738303228,43.529411764705884,30.0,90.0,435.0,0.12545916925685222,48,0,9.302537657316561,14.009372098361077,13.247496111854378,-1.7859991304158367,11.461496981438541,-0.0,33.0
20,0,RESIDUAL_SPREAD,24,BASELINE_RESIDUAL_EXIT,ALL_GATE_PAIRS,GATE_PAIRS,717,10,707,0.9860529986052998,11.07243866566879,10.641772254820214,0.9,-0.8004288218698696,4.475402595099654,17.676469810241574,23.94547992731155,6.291994991104,3.744351528216505,12.3261350103514,12.301164767548611,21.0,15.0,31.499999999999993,45.0,0.0009889799378355467,1,0,4.220184086201113,15.716047138761594,11.240326965668789,-0.1678883,11.07243866566879,-0.0,7.0
20,0,RESIDUAL_SPREAD,24,BASELINE_RESIDUAL_EXIT,ALL_NON_GATE_PAIRS,NON_GATE_PAIRS,590,403,187,0.3169491525423729,9.335478304366658,7.203849387700245,0.8411910669975186,-6.2752111163168065,2.382694100958834,14.40707235998841,30.25579760147534,1.6181567208958412,2.633608551175781,13.262538821902437,9.29797717684755,46.116625310173696,30.0,90.0,585.0,0.05834981633229726,112,230,7.899405115512425,10.769911229717263,11.684892135798131,-2.349413831431474,9.335478304366658,-0.0,36.0
20,0,RESIDUAL_SPREAD,24,BASELINE_RESIDUAL_EXIT,ALL_PAIRS,ALL,1307,413,894,0.6840091813312931,9.377535455972035,7.280970251984931,0.8426150121065376,-6.015555454782959,2.4194124315819074,14.543549133375288,30.218662417432537,1.7313247177531812,2.633608551175781,13.239865606126383,9.383992850386935,45.50847457627118,15.0,90.0,585.0,0.035405481774512575,113,241,7.988624679630926,10.765320356889012,11.67412784596449,-2.2965923899924556,9.377535455972035,-0.0,36.0
20,0,RESIDUAL_SPREAD,24,FRACTIONAL_RESIDUAL_EXIT,binance/bitget,NON_GATE_PAIRS,54,0,54,1.0,,,,,,,,,,,,,,,,0.0,0,0,,,,,,,0.0
20,0,RESIDUAL_SPREAD,24,FRACTIONAL_RESIDUAL_EXIT,binance/gate,GATE_PAIRS,169,1,168,0.9940828402366864,12.546657468109636,12.546657468109636,1.0,12.546657468109636,12.546657468109636,12.546657468109636,12.546657468109636,-16.159349377646848,-16.159349377646848,12.908370190145568,12.908370190145568,135.0,135.0,135.0,135.0,0.002543091268719977,1,0,12.546657468109636,12.546657468109636,5.817557468109635,6.729100000000001,12.546657468109636,-0.0,1.0
20,0,RESIDUAL_SPREAD,24,FRACTIONAL_RESIDUAL_EXIT,binance/hyperliquid,NON_GATE_PAIRS,94,86,8,0.0851063829787234,14.44471149431785,14.892284933341237,0.8255813953488372,-17.142385746489424,5.778203161713721,22.813235994949075,46.44687914726608,-8.212047928180237,-2.4447770649665967,26.97352022264051,20.148596124004435,208.6046511627907,142.5,495.0,1035.0,0.33794857304323256,97,0,11.217625096786513,17.807403794067817,20.265935494317844,-5.821224000000001,14.44471149431785,-0.0,33.0
20,0,RESIDUAL_SPREAD,24,FRACTIONAL_RESIDUAL_EXIT,binance/okx,NON_GATE_PAIRS,69,63,6,0.08695652173913043,16.259112379733,16.31765000628227,0.9206349206349206,-1.0589369557316068,8.198137440367695,22.328961746204136,34.35911202277663,-0.7756379853076368,0.4408635865327248,22.925503159686677,19.24619368998126,132.85714285714286,105.0,240.0,705.0,0.1576716586606386,35,0,13.42982843773915,18.93941667087032,20.110556463602194,-3.851444083869191,16.259112379733,-0.0,26.0
20,0,RESIDUAL_SPREAD,24,FRACTIONAL_RESIDUAL_EXIT,bitget/gate,GATE_PAIRS,69,1,68,0.9855072463768116,22.553224895888174,22.553224895888174,1.0,22.553224895888174,22.553224895888174,22.553224895888174,22.553224895888174,-0.6129275530464273,-0.6129275530464273,23.13468785669848,23.13468785669848,30.0,30.0,30.0,30.0,0.0005651313930488839,0,0,22.553224895888174,22.553224895888174,22.553224895888174,0.0,22.553224895888174,-0.0,1.0
20,0,RESIDUAL_SPREAD,24,FRACTIONAL_RESIDUAL_EXIT,bitget/hyperliquid,NON_GATE_PAIRS,68,0,68,1.0,,,,,,,,,,,,,,,,0.0,0,0,,,,,,,0.0
20,0,RESIDUAL_SPREAD,24,FRACTIONAL_RESIDUAL_EXIT,bitget/okx,NON_GATE_PAIRS,59,0,59,1.0,,,,,,,,,,,,,,,,0.0,0,0,,,,,,,0.0
20,0,RESIDUAL_SPREAD,24,FRACTIONAL_RESIDUAL_EXIT,gate/hyperliquid,GATE_PAIRS,261,3,258,0.9885057471264368,17.528091380369286,15.176841768062904,1.0,12.608235400281865,13.749838230406771,20.130719724178608,24.09382208907117,11.171275461753595,19.46281070702049,21.25013382391794,22.11529217888586,25.0,15.0,39.0,45.0,0.0014128284826222096,0,0,15.176841768062904,18.703716186522477,18.08771904703595,-0.5596276666666666,17.528091380369286,-0.0,2.0
20,0,RESIDUAL_SPREAD,24,FRACTIONAL_RESIDUAL_EXIT,gate/okx,GATE_PAIRS,217,4,213,0.9815668202764977,13.732648663819067,15.187273758398229,1.0,6.99195057441393,10.774280948688265,18.145641473529032,18.436871620813378,-0.7848653855302423,-1.0359907563523008,15.524802417757332,14.929966055791665,48.75,45.0,81.0,90.0,0.003673354054817745,1,0,9.040849880340815,18.266987368230843,15.231629280357817,-1.4989806165387503,13.732648663819067,-0.0,4.0
20,0,RESIDUAL_SPREAD,24,FRACTIONAL_RESIDUAL_EXIT,hyperliquid/okx,NON_GATE_PAIRS,107,100,7,0.06542056074766354,18.49098525331077,19.389080328594048,0.94,-3.412817617812573,12.834267410245745,23.9278366021791,33.84125271330967,-3.267745413769585,-0.512900704469077,24.980347184699973,21.38037032671125,144.6,82.5,286.5000000000001,960.0,0.272393331449562,95,0,16.50362081914653,20.52560524957584,21.15316725591626,-2.66218200260549,18.49098525331077,-0.0,33.0
20,0,RESIDUAL_SPREAD,24,FRACTIONAL_RESIDUAL_EXIT,ALL_GATE_PAIRS,GATE_PAIRS,716,9,707,0.9874301675977654,15.846083462264659,15.176841768062904,1.0,8.556954665607464,12.350251937969237,18.509679157634466,24.072048566531855,1.5113431013829492,-0.9353594712480096,17.98807435440302,19.46281070702049,48.333333333333336,30.0,99.0,135.0,0.002048601299802204,2,0,12.137666730089288,18.012618856082778,15.951161847392992,-0.10507838512833335,15.846083462264659,-0.0,6.0
20,0,RESIDUAL_SPREAD,24,FRACTIONAL_RESIDUAL_EXIT,ALL_NON_GATE_PAIRS,NON_GATE_PAIRS,451,249,202,0.44789356984478934,16.52878632034374,16.49031996326711,0.8955823293172691,-10.44658506983574,10.0706071336284,23.34432963428633,38.78441199882755,-4.3448829569270675,-0.7753929817067018,25.14885203484876,20.60256099381652,163.73493975903614,105.0,405.0,1035.0,0.1280022605255722,227,205,14.958991833497723,18.169507312470362,20.58294070405582,-4.05415438371208,16.52878632034374,-0.0,34.0
20,0,RESIDUAL_SPREAD,24,FRACTIONAL_RESIDUAL_EXIT,ALL_PAIRS,ALL,1167,258,909,0.7789203084832905,16.504971104364234,16.488414871566803,0.8992248062015504,-10.383826638129497,10.231352887795476,23.168156552904666,36.653082873640514,-4.140596001404624,-0.8017746523025782,24.899057464600652,20.559056739120063,159.7093023255814,97.5,405.0,1035.0,0.0776207968352642,229,215,14.971231595413817,18.12299497037047,20.421367023009445,-3.9163959186452053,16.504971104364234,-0.0,34.0
20,0,RESIDUAL_SPREAD,72,LEGACY_RAW_EXIT,binance/bitget,NON_GATE_PAIRS,19,0,19,1.0,,,,,,,,,,,,,,,,0.0,0,0,,,,,,,0.0
20,0,RESIDUAL_SPREAD,72,LEGACY_RAW_EXIT,binance/gate,GATE_PAIRS,133,0,133,1.0,,,,,,,,,,,,,,,,0.0,0,0,,,,,,,0.0
20,0,RESIDUAL_SPREAD,72,LEGACY_RAW_EXIT,binance/hyperliquid,NON_GATE_PAIRS,114,105,9,0.07894736842105263,2.2555025913770597,0.2152705220770379,0.5142857142857142,-19.884684144153635,-4.734204894523089,7.077236767250028,29.74672722394904,-6.410987562443257,-1.826366360856424,11.19349558423367,5.366276424390026,161.0,15.0,579.0000000000008,1335.0,0.31845153998304604,105,0,-1.0308746661717227,6.182627865452261,4.592734658043725,-2.337232066666667,2.2555025913770597,-0.0,31.0
20,0,RESIDUAL_SPREAD,72,LEGACY_RAW_EXIT,binance/okx,NON_GATE_PAIRS,87,86,1,0.011494252873563218,9.28240624515145,6.9571401883591655,0.8372093023255814,-2.614042322721909,1.9080722186665122,12.293817582510467,24.721270391827588,2.3657992204856186,2.642733010902454,11.049776262629505,8.39126649232469,57.2093023255814,15.0,135.0,930.0,0.09268154846001696,27,0,5.982583433290306,13.20974458017984,10.240099143028765,-0.957692897877314,9.28240624515145,-0.0,26.0
20,0,RESIDUAL_SPREAD,72,LEGACY_RAW_EXIT,bitget/gate,GATE_PAIRS,19,0,19,1.0,,,,,,,,,,,,,,,,0.0,0,0,,,,,,,0.0
20,0,RESIDUAL_SPREAD,72,LEGACY_RAW_EXIT,bitget/hyperliquid,NON_GATE_PAIRS,19,0,19,1.0,,,,,,,,,,,,,,,,0.0,0,0,,,,,,,0.0
20,0,RESIDUAL_SPREAD,72,LEGACY_RAW_EXIT,bitget/okx,NON_GATE_PAIRS,19,0,19,1.0,,,,,,,,,,,,,,,,0.0,0,0,,,,,,,0.0
20,0,RESIDUAL_SPREAD,72,LEGACY_RAW_EXIT,gate/hyperliquid,GATE_PAIRS,236,5,231,0.9788135593220338,32.61953463630936,32.44045951146251,0.8,1.5650529731445986,13.43096719053305,54.478099571111215,62.21527790593627,-11.59729802717857,-8.121282907607164,37.670112367912395,44.83035901119648,390.0,345.0,789.0,1005.0,0.03673354054817745,20,0,11.299908546024716,53.939160726594004,34.30623903630936,-1.6867044,32.61953463630936,-0.0,5.0
20,0,RESIDUAL_SPREAD,72,LEGACY_RAW_EXIT,gate/okx,GATE_PAIRS,174,4,170,0.9770114942528736,10.854043971471189,9.098585475869887,1.0,6.879762322904659,7.561508508481252,12.391120938859824,17.285967513879534,5.917094500275111,8.989443328941693,14.21126799628636,10.82129506968843,18.75,15.0,25.500000000000004,30.0,0.0014128284826222096,2,0,7.277447597824338,15.84365172301039,13.402328223077188,-2.548284251606,10.854043971471189,-0.0,4.0
20,0,RESIDUAL_SPREAD,72,LEGACY_RAW_EXIT,hyperliquid/okx,NON_GATE_PAIRS,137,133,4,0.029197080291970802,9.24458205826852,4.375808081202859,0.6992481203007519,-12.092707227157273,-1.538355345179765,15.246050961930257,44.29174227993486,-1.503143271626008,-0.1559003932372071,12.851806936565518,7.2818999456059075,99.81203007518798,15.0,311.99999999999994,1095.0,0.2500706414241311,102,0,6.294916994177101,13.816818238732326,8.896008473676412,0.3485735845921054,9.24458205826852,-0.0,34.0
20,0,RESIDUAL_SPREAD,72,LEGACY_RAW_EXIT,ALL_GATE_PAIRS,GATE_PAIRS,562,9,553,0.9839857651245552,22.945983229714614,13.43096719053305,0.8888888888888888,1.842874961882696,7.845569419138165,32.44045951146251,60.28098332223001,-3.8131235705324906,-3.887104735795788,27.243959313856383,27.172225982310398,225.0,30.0,573.0000000000001,1005.0,0.009536592257699915,22,4,9.624659676637405,39.72842524783861,25.015612008206176,-2.069628778491556,22.945983229714614,-0.0,6.0
20,0,RESIDUAL_SPREAD,72,LEGACY_RAW_EXIT,ALL_NON_GATE_PAIRS,NON_GATE_PAIRS,395,324,71,0.17974683544303796,6.989642354713979,3.5632866715121914,0.6759259259259259,-13.891066119928851,-1.5621226629114457,11.87782375676116,37.11112314945038,-2.0667068401883886,-0.3216654646331918,11.836074436709525,7.441845652813028,108.33333333333333,15.0,325.49999999999983,1335.0,0.11020062164453236,234,178,4.594093668186662,9.968698973434503,7.85819380368527,-0.8685514489712932,6.989642354713979,-0.0,36.0
20,0,RESIDUAL_SPREAD,72,LEGACY_RAW_EXIT,ALL_PAIRS,ALL,957,333,624,0.6520376175548589,7.420894810795078,3.8493018829266994,0.6816816816816816,-13.872886468271783,-1.4014255812025145,12.202311732702675,40.499434873240155,-2.1139072923598508,-0.3837173515108816,12.252503757713495,7.7883995941507855,111.48648648648648,15.0,330.0,1335.0,0.06993500988979938,256,188,4.957374064924279,10.31476088480549,8.321907809212863,-0.9010129984177868,7.420894810795078,-0.0,36.0
20,0,RESIDUAL_SPREAD,72,BASELINE_RESIDUAL_EXIT,binance/bitget,NON_GATE_PAIRS,19,0,19,1.0,,,,,,,,,,,,,,,,0.0,0,0,,,,,,,0.0
20,0,RESIDUAL_SPREAD,72,BASELINE_RESIDUAL_EXIT,binance/gate,GATE_PAIRS,133,0,133,1.0,,,,,,,,,,,,,,,,0.0,0,0,,,,,,,0.0
20,0,RESIDUAL_SPREAD,72,BASELINE_RESIDUAL_EXIT,binance/hyperliquid,NON_GATE_PAIRS,177,173,4,0.022598870056497175,6.888233867701784,6.060805562390933,0.8265895953757225,-7.31104165745079,1.3109012192075642,10.484599690985936,23.77066624930543,-2.2432263381433404,0.631144753069357,10.941848993514004,7.746732182339899,65.3757225433526,30.0,147.00000000000017,615.0,0.2130545351794292,62,0,5.488904392747294,8.23003781050935,9.810778925505254,-2.922545057803468,6.888233867701784,-0.0,32.0
20,0,RESIDUAL_SPREAD,72,BASELINE_RESIDUAL_EXIT,binance/okx,NON_GATE_PAIRS,96,94,2,0.020833333333333332,9.895824655877941,7.578670564335477,0.9042553191489362,-0.8843492452180746,3.208385177709827,12.816367746100527,25.548759307678754,2.7993341692738554,3.1205205089113175,11.038110777406267,7.879639747206957,48.03191489361702,15.0,70.50000000000004,945.0,0.08505227465385702,18,0,7.151681332727247,12.695437977902493,10.730235048639644,-0.8344103927617024,9.895824655877941,-0.0,26.0
20,0,RESIDUAL_SPREAD,72,BASELINE_RESIDUAL_EXIT,bitget/gate,GATE_PAIRS,19,0,19,1.0,,,,,,,,,,,,,,,,0.0,0,0,,,,,,,0.0
20,0,RESIDUAL_SPREAD,72,BASELINE_RESIDUAL_EXIT,bitget/hyperliquid,NON_GATE_PAIRS,19,0,19,1.0,,,,,,,,,,,,,,,,0.0,0,0,,,,,,,0.0
20,0,RESIDUAL_SPREAD,72,BASELINE_RESIDUAL_EXIT,bitget/okx,NON_GATE_PAIRS,19,0,19,1.0,,,,,,,,,,,,,,,,0.0,0,0,,,,,,,0.0
20,0,RESIDUAL_SPREAD,72,BASELINE_RESIDUAL_EXIT,gate/hyperliquid,GATE_PAIRS,256,5,251,0.98046875,21.526161759176755,18.782101083616443,1.0,12.359173827043564,14.967413081344402,25.084597680294312,34.68858588578707,3.1648219306248406,10.873625900714725,25.84185793133154,22.17229858584746,96.0,15.0,234.0,300.0,0.009042102288782142,0,0,14.426231054648392,29.77902923871475,21.773947959176756,-0.2477862,21.526161759176755,-0.0,5.0
20,0,RESIDUAL_SPREAD,72,BASELINE_RESIDUAL_EXIT,gate/okx,GATE_PAIRS,174,4,170,0.9770114942528736,10.854043971471189,9.098585475869887,1.0,6.879762322904659,7.561508508481252,12.391120938859824,17.285967513879534,5.917094500275111,8.989443328941693,14.21126799628636,10.82129506968843,18.75,15.0,25.500000000000004,30.0,0.0014128284826222096,2,0,7.277447597824338,15.84365172301039,13.402328223077188,-2.548284251606,10.854043971471189,-0.0,4.0
20,0,RESIDUAL_SPREAD,72,BASELINE_RESIDUAL_EXIT,hyperliquid/okx,NON_GATE_PAIRS,189,185,4,0.021164021164021163,10.753503777887145,7.600463273188529,0.9243243243243243,-1.8060442346154293,3.2585935054700106,15.80989074507766,30.20426497752559,2.3230426670986444,3.2714029668201583,13.066170234041564,8.888318818938146,40.21621621621622,15.0,90.0,480.0,0.1401525854761232,56,0,8.915555322557745,12.975558650070312,11.729862699705926,-0.9763589218187785,10.753503777887145,-0.0,33.0
20,0,RESIDUAL_SPREAD,72,BASELINE_RESIDUAL_EXIT,ALL_GATE_PAIRS,GATE_PAIRS,582,9,573,0.9845360824742269,16.782998297974284,14.967413081344402,1.0,7.163823233561573,10.35160153260161,18.782101083616443,32.287588834413874,4.388054183802739,9.948630794425206,20.672706849089234,17.06392551282132,61.666666666666664,15.0,168.00000000000003,300.0,0.002613732692851088,2,2,11.830119513389244,24.76180264673304,18.05322807646584,-1.2702297784915553,16.782998297974284,-0.0,6.0
20,0,RESIDUAL_SPREAD,72,BASELINE_RESIDUAL_EXIT,ALL_NON_GATE_PAIRS,NON_GATE_PAIRS,519,452,67,0.12909441233140656,9.095730477154994,6.943265130316956,0.8827433628318584,-3.0049271608237675,2.6692318847032386,13.524164674487517,28.914348233228885,0.674385285013703,2.3522789172392145,11.831335801442037,8.303994394053827,51.4712389380531,15.0,105.0,945.0,0.07304323255156824,136,267,7.786012326530115,10.447704102670418,10.787458956040112,-1.6917284788851192,9.095730477154994,-0.0,35.0
20,0,RESIDUAL_SPREAD,72,BASELINE_RESIDUAL_EXIT,ALL_PAIRS,ALL,1101,461,640,0.5812897366030881,9.24580728927511,7.077236767250028,0.8850325379609545,-2.9296444248152893,2.749734594078568,13.914289340852816,28.96783072250072,0.7468864131896279,2.374477802276065,12.003943913001311,8.350941271553225,51.670281995661604,15.0,105.0,945.0,0.04487143260808138,138,281,7.997314020935108,10.57093484155139,10.929306943206775,-1.6834996539316658,9.24580728927511,-0.0,35.0
20,0,RESIDUAL_SPREAD,72,FRACTIONAL_RESIDUAL_EXIT,binance/bitget,NON_GATE_PAIRS,19,0,19,1.0,,,,,,,,,,,,,,,,0.0,0,0,,,,,,,0.0
20,0,RESIDUAL_SPREAD,72,FRACTIONAL_RESIDUAL_EXIT,binance/gate,GATE_PAIRS,133,0,133,1.0,,,,,,,,,,,,,,,,0.0,0,0,,,,,,,0.0
20,0,RESIDUAL_SPREAD,72,FRACTIONAL_RESIDUAL_EXIT,binance/hyperliquid,NON_GATE_PAIRS,86,78,8,0.09302325581395349,14.25239603950593,14.0584484058671,0.8974358974358975,-8.101480832766608,6.597531472004875,20.763591093014924,36.239842362345335,-11.837652547390011,-4.752156146525244,23.849269633645015,19.155324763172054,286.9230769230769,172.5,652.4999999999998,1365.0,0.42158801921446737,134,0,11.309019694702078,17.1395738117604,19.037384975403363,-4.784988935897436,14.25239603950593,-0.0,31.0
20,0,RESIDUAL_SPREAD,72,FRACTIONAL_RESIDUAL_EXIT,binance/okx,NON_GATE_PAIRS,59,54,5,0.0847457627118644,18.52990651786728,17.83463381101913,0.9444444444444444,2.3563295378555456,14.74168932769665,22.2078446760559,30.433579344213825,-2.2527021753675984,0.15663602357274264,21.443738971818988,19.99129121976251,173.61111111111111,82.5,430.50000000000006,1275.0,0.17660356032777622,47,0,15.423991543421721,21.665020410638363,20.59943848677604,-2.0695319689087595,18.52990651786728,-0.0,24.0
20,0,RESIDUAL_SPREAD,72,FRACTIONAL_RESIDUAL_EXIT,bitget/gate,GATE_PAIRS,19,0,19,1.0,,,,,,,,,,,,,,,,0.0,0,0,,,,,,,0.0
20,0,RESIDUAL_SPREAD,72,FRACTIONAL_RESIDUAL_EXIT,bitget/hyperliquid,NON_GATE_PAIRS,19,0,19,1.0,,,,,,,,,,,,,,,,0.0,0,0,,,,,,,0.0
20,0,RESIDUAL_SPREAD,72,FRACTIONAL_RESIDUAL_EXIT,bitget/okx,NON_GATE_PAIRS,19,0,19,1.0,,,,,,,,,,,,,,,,0.0,0,0,,,,,,,0.0
20,0,RESIDUAL_SPREAD,72,FRACTIONAL_RESIDUAL_EXIT,gate/hyperliquid,GATE_PAIRS,254,5,249,0.9803149606299213,26.113417254603014,25.084597680294312,1.0,16.604193263264367,18.782101083616443,33.551088263767696,36.38188400248175,1.6691369798624855,3.3952011469029486,31.020379314123716,30.732337896268724,132.0,90.0,297.0,405.0,0.012432890647075446,2,0,18.953646492775977,33.27318801643004,26.703905654603012,-0.5904884000000001,26.113417254603014,-0.0,5.0
20,0,RESIDUAL_SPREAD,72,FRACTIONAL_RESIDUAL_EXIT,gate/okx,GATE_PAIRS,172,4,168,0.9767441860465116,15.168414471921386,14.909693726625552,1.0,9.429011607034068,10.756562210739412,19.321545987807525,21.27002638022287,1.7194072600279497,1.9720813963453043,20.178078992806604,17.030466022353032,120.0,52.5,274.50000000000006,360.0,0.009042102288782142,4,0,10.203416125862185,20.133412817980584,19.276698723527385,-4.108284251605999,15.168414471921386,-0.0,4.0
20,0,RESIDUAL_SPREAD,72,FRACTIONAL_RESIDUAL_EXIT,hyperliquid/okx,NON_GATE_PAIRS,113,107,6,0.05309734513274336,19.846204677123755,19.652332787321605,0.9439252336448598,-1.2766290560627418,13.160224082437862,26.92329318646121,36.61720860271035,-5.596345001143298,-2.4840841923268187,25.72866216650503,22.22855306282856,172.42990654205607,105.0,441.0000000000001,900.0,0.3475558067250636,131,0,17.578118456841107,21.920160945689524,21.448161547052614,-1.601956869928859,19.846204677123755,-0.0,31.0
20,0,RESIDUAL_SPREAD,72,FRACTIONAL_RESIDUAL_EXIT,ALL_GATE_PAIRS,GATE_PAIRS,578,9,569,0.9844290657439446,21.24897157341118,18.782101083616443,1.0,9.982157691911295,16.05971630817635,25.084597680294312,35.67418506780323,1.6914793266026915,3.3952011469029486,26.201579171316112,22.17229858584746,126.66666666666667,75.0,369.0,405.0,0.005368748233964397,6,2,15.826230778822612,28.212881340327208,23.40292479634718,-2.153953222936,21.24897157341118,-0.0,6.0
20,0,RESIDUAL_SPREAD,72,FRACTIONAL_RESIDUAL_EXIT,ALL_NON_GATE_PAIRS,NON_GATE_PAIRS,315,239,76,0.24126984126984127,17.723203947692625,17.81323348050926,0.9288702928870293,-4.883168117950829,11.064393686856423,23.6021888402638,36.1686760013844,-6.877789670663614,-2.7357674671546484,24.147162291709513,20.71949443214205,210.06276150627616,120.0,513.0000000000002,1365.0,0.15762456437788452,312,200,15.904682663350739,19.789677393003235,20.469619212979076,-2.7464152652864477,17.723203947692625,-0.0,33.0
20,0,RESIDUAL_SPREAD,72,FRACTIONAL_RESIDUAL_EXIT,ALL_PAIRS,ALL,893,248,645,0.7222844344904815,17.85115519217435,17.83463381101913,0.9314516129032258,-3.7479633354726962,11.18894863029207,23.769486689617647,36.717449056966025,-6.5668081344725,-2.7339731855213767,24.22171774298556,20.731839026773002,207.03629032258064,120.0,510.0,1365.0,0.09672223792031648,318,209,16.06647668639378,19.861311559698773,20.576069818827108,-2.724914626652762,17.85115519217435,-0.0,33.0
20,20,RESIDUAL_SPREAD,24,LEGACY_RAW_EXIT,binance/bitget,NON_GATE_PAIRS,54,0,54,1.0,,,,,,,,,,,,,,,,0.0,0,0,,,,,,,0.0
20,20,RESIDUAL_SPREAD,24,LEGACY_RAW_EXIT,binance/gate,GATE_PAIRS,166,2,164,0.9879518072289156,6.0688169141580595,6.0688169141580595,0.5,-16.34042454332645,-6.380761673333335,18.518395501649454,28.478058371642568,-9.195063725098708,-9.195063725098708,26.25096733016308,26.25096733016308,232.5,232.5,406.5,450.0,0.0087595365922577,4,0,-18.83034026082473,30.96797408914085,22.704266914158055,3.3645500000000004,26.068816914158056,-20.0,2.0
20,20,RESIDUAL_SPREAD,24,LEGACY_RAW_EXIT,binance/hyperliquid,NON_GATE_PAIRS,85,77,8,0.09411764705882353,-10.682164855547136,-17.145444694008315,0.18181818181818182,-37.099476270823196,-22.978009066767484,-3.5134902201335017,19.718244270319214,-5.256263224393804,-3.146648242642325,17.48800572173483,9.560748639305672,205.9090909090909,30.0,762.0000000000006,1485.0,0.2986719412263351,93,0,-16.420975789684807,-1.8849707235376176,13.441716611985331,-4.123881467532468,9.317835144452864,-20.0,28.0
20,20,RESIDUAL_SPREAD,24,LEGACY_RAW_EXIT,binance/okx,NON_GATE_PAIRS,93,91,2,0.021505376344086023,-13.098006984850292,-15.193902182698542,0.0989010989010989,-27.834826813450324,-19.338728277136212,-7.893495209465566,5.7979033196124075,1.852940675028495,2.952450253272953,10.838988600279684,7.789417669794574,50.76923076923077,15.0,75.0,915.0,0.08703023452952811,24,0,-16.354509524256695,-9.523239091137047,9.464597144308318,-2.562604129158604,6.901993015149711,-20.0,27.0
20,20,RESIDUAL_SPREAD,24,LEGACY_RAW_EXIT,bitget/gate,GATE_PAIRS,69,2,67,0.9710144927536232,-26.163981148836207,-26.163981148836207,0.0,-29.541099548281693,-28.040158037417033,-24.287804260255378,-22.786862749390718,-5.497856843028059,-5.497856843028059,-1.5122774623604898,-1.5122774623604898,22.5,22.5,28.5,30.0,0.0008476970895733258,0,0,-29.91633492599786,-22.41162737167455,-6.163981148836206,0.0,-6.163981148836206,-20.0,2.0
20,20,RESIDUAL_SPREAD,24,LEGACY_RAW_EXIT,bitget/hyperliquid,NON_GATE_PAIRS,68,3,65,0.9558823529411765,-22.719146917744553,-27.82689612700338,0.0,-29.865182609316015,-28.959277506065956,-19.032890934052567,-11.997686779691914,-2.511530385893208,-5.228481160134413,-1.2665821477061037,-1.4936364455730988,20.0,15.0,27.0,30.0,0.0011302627860977678,0,0,-30.091658885128528,-10.238885741101749,-2.7191469177445526,0.0,-2.7191469177445526,-20.0,3.0
20,20,RESIDUAL_SPREAD,24,LEGACY_RAW_EXIT,bitget/okx,NON_GATE_PAIRS,60,3,57,0.95,-22.010559962376906,-20.714927091298723,0.0,-28.63673731187609,-25.11593276939726,-18.257370719817462,-16.291325622632453,-2.0976808774945486,-0.976289836651656,-2.0976808774945486,-0.976289836651656,15.0,15.0,15.0,15.0,0.0008476970895733258,0,0,-29.5169384474958,-15.7998143483362,-2.010559962376904,0.0,-2.010559962376904,-20.0,3.0
20,20,RESIDUAL_SPREAD,24,LEGACY_RAW_EXIT,gate/hyperliquid,GATE_PAIRS,251,2,249,0.9920318725099602,2.935713350997779,2.935713350997779,0.5,-5.618558193420477,-1.8166597292345852,7.688086431230143,11.489984895416034,-13.239494306474532,-13.239494306474532,18.354538051794655,18.354538051794655,510.0,510.0,906.0,1005.0,0.01921446736366205,10,0,-6.56903280946695,12.440459511462509,21.757411850997777,1.1783015000000008,22.93571335099778,-20.0,2.0
20,20,RESIDUAL_SPREAD,24,LEGACY_RAW_EXIT,gate/okx,GATE_PAIRS,217,4,213,0.9815668202764977,-6.868345299715655,-10.11342343999187,0.25,-20.7373900530947,-19.325015453934817,2.3432467142272957,11.543808850050091,-0.7848653855302423,-1.0359907563523008,10.490566569910376,5.379299936851822,120.0,15.0,309.00000000000006,435.0,0.009042102288782142,1,0,-20.501994286568053,6.176814270820129,13.3806353168231,-0.2489806165387502,13.13165470028435,-20.0,4.0
20,20,RESIDUAL_SPREAD,24,LEGACY_RAW_EXIT,hyperliquid/okx,NON_GATE_PAIRS,113,108,5,0.04424778761061947,-6.895630755605753,-11.60717279949484,0.25925925925925924,-26.042930303159782,-19.301956074280344,0.533062752281702,29.54010902868102,0.26139415107655145,0.7694238930311403,18.317009453128218,16.461650475022573,119.16666666666667,22.5,358.4999999999999,930.0,0.24244136761797117,89,0,-10.259780323070482,-1.8871937858505976,13.572425109247346,-0.46805586485310163,13.104369244394247,-20.0,33.0
20,20,RESIDUAL_SPREAD,24,LEGACY_RAW_EXIT,ALL_GATE_PAIRS,GATE_PAIRS,703,10,693,0.9857752489331437,-6.179228296622336,-12.652779423542576,0.3,-26.53921652655237,-20.525447842369683,8.957764423005496,23.262162971830058,-5.900429129132357,-4.628952474531878,12.8148722118836,-0.5374276742714512,201.0,15.0,505.4999999999998,1005.0,0.009465950833568805,15,0,-14.77707102419385,3.893772358723647,13.011793649993166,0.8089780533845001,13.820771703377668,-20.0,7.0
20,20,RESIDUAL_SPREAD,24,LEGACY_RAW_EXIT,ALL_NON_GATE_PAIRS,NON_GATE_PAIRS,473,282,191,0.40380549682875266,-10.26015096363224,-14.585831866854562,0.18085106382978725,-33.84407585874092,-20.39976843639045,-3.9172067763604095,21.515115622155722,-0.7862118167539907,0.4494750745465126,15.25201643638751,10.735161014449046,118.61702127659575,15.0,358.5000000000001,1485.0,0.10502025054158425,206,171,-13.153979733915648,-6.332847710751563,11.872068476642825,-2.132219440275064,9.739849036367762,-20.0,35.0
20,20,RESIDUAL_SPREAD,24,LEGACY_RAW_EXIT,ALL_PAIRS,ALL,1176,292,884,0.7517006802721088,-10.120393338049709,-14.585831866854562,0.18493150684931506,-33.717566667050704,-20.40441403310449,-3.7612824367801796,22.419340525556617,-0.9613562452600992,0.15172278065356254,15.168552593082582,10.20583823428234,121.43835616438356,15.0,403.5000000000005,1485.0,0.06679853065837807,221,184,-13.013774440494569,-6.334347325531151,11.911100160661674,-2.03149349871138,9.879606661950291,-20.0,35.0
20,20,RESIDUAL_SPREAD,24,BASELINE_RESIDUAL_EXIT,binance/bitget,NON_GATE_PAIRS,54,0,54,1.0,,,,,,,,,,,,,,,,0.0,0,0,,,,,,,0.0
20,20,RESIDUAL_SPREAD,24,BASELINE_RESIDUAL_EXIT,binance/gate,GATE_PAIRS,170,1,169,0.9941176470588236,-11.03929018311021,-11.03929018311021,0.0,-11.03929018311021,-11.03929018311021,-11.03929018311021,-11.03929018311021,12.908370190145568,12.908370190145568,12.908370190145568,12.908370190145568,15.0,15.0,15.0,15.0,0.00028256569652444194,0,0,-11.03929018311021,-11.03929018311021,8.96070981688979,0.0,8.96070981688979,-20.0,1.0
20,20,RESIDUAL_SPREAD,24,BASELINE_RESIDUAL_EXIT,binance/hyperliquid,NON_GATE_PAIRS,154,148,6,0.03896103896103896,-12.141966256151937,-14.633062036201721,0.13513513513513514,-27.53600862006228,-19.292040260713,-7.814702070325966,10.820205093193222,-1.414812188562278,1.4916036871653882,13.002802358034021,8.625437192038564,55.439189189189186,30.0,120.0,525.0,0.15456343599886974,41,0,-14.010459750958628,-9.980057066579826,10.947101284388605,-3.0890675405405412,7.858033743848064,-20.0,34.0
20,20,RESIDUAL_SPREAD,24,BASELINE_RESIDUAL_EXIT,binance/okx,NON_GATE_PAIRS,98,95,3,0.030612244897959183,-11.377349656719797,-13.342493872450216,0.10526315789473684,-26.245241377625025,-16.63810318954682,-7.60769510371349,5.465711303700876,2.816576090456263,2.952450253272953,11.07700270472225,8.046922232974874,37.73684210526316,15.0,69.00000000000013,585.0,0.06753320146934162,19,0,-13.626508644495575,-8.496738600039055,10.793336786510066,-2.1706864432298634,8.622650343280203,-20.0,27.0
20,20,RESIDUAL_SPREAD,24,BASELINE_RESIDUAL_EXIT,bitget/gate,GATE_PAIRS,69,2,67,0.9710144927536232,-6.192214219236641,-6.192214219236641,0.5,-14.063109422848978,-10.564933776799052,-1.8194946616742316,1.6786809843756954,2.224709556296056,2.224709556296056,14.09851726116851,14.09851726116851,22.5,22.5,28.5,30.0,0.0008476970895733258,0,0,-14.93765333436146,2.553224895888178,13.807785780763357,0.0,13.807785780763357,-20.0,2.0
20,20,RESIDUAL_SPREAD,24,BASELINE_RESIDUAL_EXIT,bitget/hyperliquid,NON_GATE_PAIRS,68,4,64,0.9411764705882353,-21.08926914116636,-21.62537568332313,0.0,-24.930620077316778,-22.84067615588117,-19.87396866860832,-16.497369045996454,-1.0010465336743324,-0.010060250261179071,0.8875569480351619,-0.010060250261179071,18.75,15.0,25.500000000000004,30.0,0.0014128284826222096,1,0,-24.410050837764246,-17.2323809024117,-0.9228786411663581,-0.1663905,-1.089269141166358,-20.0,4.0
20,20,RESIDUAL_SPREAD,24,BASELINE_RESIDUAL_EXIT,bitget/okx,NON_GATE_PAIRS,59,3,56,0.9491525423728814,-9.731660545600517,-14.95490360578831,0.3333333333333333,-15.098816289116561,-15.034855096526227,-7.040087524768705,-0.7082346599530218,0.3808524622235989,4.885193412735855,15.683819260794431,5.774302421430733,20.0,15.0,27.0,30.0,0.0011302627860977678,3,0,-15.114806587264146,0.8747285562509006,13.432718456540814,-3.164379002141333,10.268339454399483,-20.0,3.0
20,20,RESIDUAL_SPREAD,24,BASELINE_RESIDUAL_EXIT,gate/hyperliquid,GATE_PAIRS,261,3,258,0.9885057471264368,-2.4719086196307143,-4.823158231937095,0.3333333333333333,-7.391764599718134,-6.250161769593228,0.13071972417860866,4.09382208907117,11.171275461753595,19.46281070702049,21.25013382391794,22.11529217888586,25.0,15.0,39.0,45.0,0.0014128284826222096,0,0,-4.823158231937095,-1.2962838134775243,18.08771904703595,-0.5596276666666666,17.528091380369286,-20.0,2.0
20,20,RESIDUAL_SPREAD,24,BASELINE_RESIDUAL_EXIT,gate/okx,GATE_PAIRS,217,4,213,0.9815668202764977,-14.609042215709117,-17.228385733015756,0.0,-21.92619397691623,-19.674663666823506,-12.162764281901365,-3.6248095302727084,3.012083555760381,0.7454984597732306,4.601385979819406,3.92410330789128,18.75,15.0,25.500000000000004,30.0,0.0014128284826222096,1,0,-20.79686877293289,-5.801872141178704,5.390957784290885,0.0,5.390957784290885,-20.0,4.0
20,20,RESIDUAL_SPREAD,24,BASELINE_RESIDUAL_EXIT,hyperliquid/okx,NON_GATE_PAIRS,157,153,4,0.025477707006369428,-8.538503018561457,-11.10386152536334,0.19607843137254902,-25.378924147241985,-16.7344519212753,-2.2821242842330065,12.78979924591719,3.9006291672086437,3.5884496545968148,15.14687224650006,12.180724738303228,43.529411764705884,30.0,90.0,435.0,0.12545916925685222,48,0,-10.692174488549622,-6.1766946945289805,13.247496111854378,-1.7859991304158367,11.461496981438541,-20.0,33.0
20,20,RESIDUAL_SPREAD,24,BASELINE_RESIDUAL_EXIT,ALL_GATE_PAIRS,GATE_PAIRS,717,10,707,0.9860529986052998,-8.92756133433121,-9.358227745179786,0.2,-20.80042882186987,-15.524597404900346,-2.3235301897584275,3.945479927311549,6.291994991104,3.744351528216505,12.3261350103514,12.301164767548611,21.0,15.0,31.499999999999993,45.0,0.0009889799378355467,1,0,-15.311014808853086,-4.498477984752627,11.240326965668789,-0.1678883,11.07243866566879,-20.0,7.0
20,20,RESIDUAL_SPREAD,24,BASELINE_RESIDUAL_EXIT,ALL_NON_GATE_PAIRS,NON_GATE_PAIRS,590,403,187,0.3169491525423729,-10.664521695633344,-12.796150612299757,0.1513647642679901,-26.275211116316807,-17.617305899041163,-5.59292764001159,10.255797601475338,1.6181567208958412,2.633608551175781,13.262538821902437,9.29797717684755,46.116625310173696,30.0,90.0,585.0,0.05834981633229726,112,230,-11.992269405377066,-9.27487673768714,11.684892135798131,-2.349413831431474,9.335478304366658,-20.0,36.0
20,20,RESIDUAL_SPREAD,24,BASELINE_RESIDUAL_EXIT,ALL_PAIRS,ALL,1307,413,894,0.6840091813312931,-10.622464544027965,-12.71902974801507,0.15254237288135594,-26.01555545478296,-17.580587568418093,-5.456450866624712,10.218662417432537,1.7313247177531812,2.633608551175781,13.239865606126383,9.383992850386935,45.50847457627118,15.0,90.0,585.0,0.035405481774512575,113,241,-11.898151917873374,-9.268436969524947,11.67412784596449,-2.2965923899924556,9.377535455972035,-20.0,36.0
20,20,RESIDUAL_SPREAD,24,FRACTIONAL_RESIDUAL_EXIT,binance/bitget,NON_GATE_PAIRS,54,0,54,1.0,,,,,,,,,,,,,,,,0.0,0,0,,,,,,,0.0
20,20,RESIDUAL_SPREAD,24,FRACTIONAL_RESIDUAL_EXIT,binance/gate,GATE_PAIRS,169,1,168,0.9940828402366864,-7.453342531890364,-7.453342531890364,0.0,-7.453342531890364,-7.453342531890364,-7.453342531890364,-7.453342531890364,-16.159349377646848,-16.159349377646848,12.908370190145568,12.908370190145568,135.0,135.0,135.0,135.0,0.002543091268719977,1,0,-7.453342531890364,-7.453342531890364,5.817557468109635,6.729100000000001,12.546657468109636,-20.0,1.0
20,20,RESIDUAL_SPREAD,24,FRACTIONAL_RESIDUAL_EXIT,binance/hyperliquid,NON_GATE_PAIRS,94,86,8,0.0851063829787234,-5.555288505682154,-5.107715066658763,0.32558139534883723,-37.142385746489424,-14.221796838286279,2.813235994949075,26.44687914726608,-8.212047928180237,-2.4447770649665967,26.97352022264051,20.148596124004435,208.6046511627907,142.5,495.0,1035.0,0.33794857304323256,97,0,-8.903712214488074,-2.099029227575278,20.265935494317844,-5.821224000000001,14.44471149431785,-20.0,33.0
20,20,RESIDUAL_SPREAD,24,FRACTIONAL_RESIDUAL_EXIT,binance/okx,NON_GATE_PAIRS,69,63,6,0.08695652173913043,-3.7408876202670003,-3.682349993717729,0.31746031746031744,-21.05893695573161,-11.801862559632305,2.3289617462041345,14.359112022776625,-0.7756379853076368,0.4408635865327248,22.925503159686677,19.24619368998126,132.85714285714286,105.0,240.0,705.0,0.1576716586606386,35,0,-6.5478008937374765,-1.1071963655694037,20.110556463602194,-3.851444083869191,16.259112379733,-20.0,26.0
20,20,RESIDUAL_SPREAD,24,FRACTIONAL_RESIDUAL_EXIT,bitget/gate,GATE_PAIRS,69,1,68,0.9855072463768116,2.553224895888178,2.553224895888178,1.0,2.553224895888178,2.553224895888178,2.553224895888178,2.553224895888178,-0.6129275530464273,-0.6129275530464273,23.13468785669848,23.13468785669848,30.0,30.0,30.0,30.0,0.0005651313930488839,0,0,2.553224895888178,2.553224895888178,22.553224895888174,0.0,22.553224895888174,-20.0,1.0
20,20,RESIDUAL_SPREAD,24,FRACTIONAL_RESIDUAL_EXIT,bitget/hyperliquid,NON_GATE_PAIRS,68,0,68,1.0,,,,,,,,,,,,,,,,0.0,0,0,,,,,,,0.0
20,20,RESIDUAL_SPREAD,24,FRACTIONAL_RESIDUAL_EXIT,bitget/okx,NON_GATE_PAIRS,59,0,59,1.0,,,,,,,,,,,,,,,,0.0,0,0,,,,,,,0.0
20,20,RESIDUAL_SPREAD,24,FRACTIONAL_RESIDUAL_EXIT,gate/hyperliquid,GATE_PAIRS,261,3,258,0.9885057471264368,-2.4719086196307143,-4.823158231937095,0.3333333333333333,-7.391764599718134,-6.250161769593228,0.13071972417860866,4.09382208907117,11.171275461753595,19.46281070702049,21.25013382391794,22.11529217888586,25.0,15.0,39.0,45.0,0.0014128284826222096,0,0,-4.823158231937095,-1.2962838134775243,18.08771904703595,-0.5596276666666666,17.528091380369286,-20.0,2.0
20,20,RESIDUAL_SPREAD,24,FRACTIONAL_RESIDUAL_EXIT,gate/okx,GATE_PAIRS,217,4,213,0.9815668202764977,-6.267351336180933,-4.812726241601771,0.0,-13.00804942558607,-9.225719051311735,-1.8543585264709685,-1.5631283791866244,-0.7848653855302423,-1.0359907563523008,15.524802417757332,14.929966055791665,48.75,45.0,81.0,90.0,0.003673354054817745,1,0,-10.959150119659185,-1.7330126317691583,15.231629280357817,-1.4989806165387503,13.732648663819067,-20.0,4.0
20,20,RESIDUAL_SPREAD,24,FRACTIONAL_RESIDUAL_EXIT,hyperliquid/okx,NON_GATE_PAIRS,107,100,7,0.06542056074766354,-1.5090147466892292,-0.6109196714059504,0.43,-23.41281761781257,-7.1657325897542545,3.9278366021790965,13.841252713309668,-3.267745413769585,-0.512900704469077,24.980347184699973,21.38037032671125,144.6,82.5,286.5000000000001,960.0,0.272393331449562,95,0,-3.39907263985775,0.5789068244752253,21.15316725591626,-2.66218200260549,18.49098525331077,-20.0,33.0
20,20,RESIDUAL_SPREAD,24,FRACTIONAL_RESIDUAL_EXIT,ALL_GATE_PAIRS,GATE_PAIRS,716,9,707,0.9874301675977654,-4.15391653773534,-4.823158231937095,0.2222222222222222,-11.443045334392536,-7.649748062030763,-1.490320842365538,4.0720485665318575,1.5113431013829492,-0.9353594712480096,17.98807435440302,19.46281070702049,48.333333333333336,30.0,99.0,135.0,0.002048601299802204,2,0,-7.861037504952587,-2.10873155545605,15.951161847392992,-0.10507838512833335,15.846083462264659,-20.0,6.0
20,20,RESIDUAL_SPREAD,24,FRACTIONAL_RESIDUAL_EXIT,ALL_NON_GATE_PAIRS,NON_GATE_PAIRS,451,249,202,0.44789356984478934,-3.471213679656262,-3.509680036732892,0.3654618473895582,-30.44658506983574,-9.9293928663716,3.3443296342863285,18.78441199882755,-4.3448829569270675,-0.7753929817067018,25.14885203484876,20.60256099381652,163.73493975903614,105.0,405.0,1035.0,0.1280022605255722,227,205,-4.998759442714972,-1.9373572532207521,20.58294070405582,-4.05415438371208,16.52878632034374,-20.0,34.0
20,20,RESIDUAL_SPREAD,24,FRACTIONAL_RESIDUAL_EXIT,ALL_PAIRS,ALL,1167,258,909,0.7789203084832905,-3.495028895635765,-3.5115851284331967,0.36046511627906974,-30.3838266381295,-9.768647112204524,3.1681565529046667,16.653082873640514,-4.140596001404624,-0.8017746523025782,24.899057464600652,20.559056739120063,159.7093023255814,97.5,405.0,1035.0,0.0776207968352642,229,215,-5.037225679842481,-1.9774116011915253,20.421367023009445,-3.9163959186452053,16.504971104364234,-20.0,34.0
20,20,RESIDUAL_SPREAD,72,LEGACY_RAW_EXIT,binance/bitget,NON_GATE_PAIRS,19,0,19,1.0,,,,,,,,,,,,,,,,0.0,0,0,,,,,,,0.0
20,20,RESIDUAL_SPREAD,72,LEGACY_RAW_EXIT,binance/gate,GATE_PAIRS,133,0,133,1.0,,,,,,,,,,,,,,,,0.0,0,0,,,,,,,0.0
20,20,RESIDUAL_SPREAD,72,LEGACY_RAW_EXIT,binance/hyperliquid,NON_GATE_PAIRS,114,105,9,0.07894736842105263,-17.74449740862294,-19.78472947792296,0.10476190476190476,-39.88468414415364,-24.73420489452309,-12.922763232749972,9.746727223949037,-6.410987562443257,-1.826366360856424,11.19349558423367,5.366276424390026,161.0,15.0,579.0000000000008,1335.0,0.31845153998304604,105,0,-21.060886749898316,-13.61575546638393,4.592734658043725,-2.337232066666667,2.2555025913770597,-20.0,31.0
20,20,RESIDUAL_SPREAD,72,LEGACY_RAW_EXIT,binance/okx,NON_GATE_PAIRS,87,86,1,0.011494252873563218,-10.71759375484855,-13.042859811640835,0.09302325581395349,-22.614042322721907,-18.09192778133349,-7.706182417489531,4.721270391827588,2.3657992204856186,2.642733010902454,11.049776262629505,8.39126649232469,57.2093023255814,15.0,135.0,930.0,0.09268154846001696,27,0,-14.096584955149144,-6.897677593815633,10.240099143028765,-0.957692897877314,9.28240624515145,-20.0,26.0
20,20,RESIDUAL_SPREAD,72,LEGACY_RAW_EXIT,bitget/gate,GATE_PAIRS,19,0,19,1.0,,,,,,,,,,,,,,,,0.0,0,0,,,,,,,0.0
20,20,RESIDUAL_SPREAD,72,LEGACY_RAW_EXIT,bitget/hyperliquid,NON_GATE_PAIRS,19,0,19,1.0,,,,,,,,,,,,,,,,0.0,0,0,,,,,,,0.0
20,20,RESIDUAL_SPREAD,72,LEGACY_RAW_EXIT,bitget/okx,NON_GATE_PAIRS,19,0,19,1.0,,,,,,,,,,,,,,,,0.0,0,0,,,,,,,0.0
20,20,RESIDUAL_SPREAD,72,LEGACY_RAW_EXIT,gate/hyperliquid,GATE_PAIRS,236,5,231,0.9788135593220338,12.619534636309359,12.440459511462509,0.6,-18.434947026855404,-6.56903280946695,34.478099571111215,42.21527790593627,-11.59729802717857,-8.121282907607164,37.670112367912395,44.83035901119648,390.0,345.0,789.0,1005.0,0.03673354054817745,20,0,-8.700091453975284,33.939160726594004,34.30623903630936,-1.6867044,32.61953463630936,-20.0,5.0
20,20,RESIDUAL_SPREAD,72,LEGACY_RAW_EXIT,gate/okx,GATE_PAIRS,174,4,170,0.9770114942528736,-9.145956028528815,-10.901414524130114,0.0,-13.120237677095341,-12.43849149151875,-7.608879061140177,-2.7140324861204688,5.917094500275111,8.989443328941693,14.21126799628636,10.82129506968843,18.75,15.0,25.500000000000004,30.0,0.0014128284826222096,2,0,-12.729653924942077,-4.156348276989613,13.402328223077188,-2.548284251606,10.854043971471189,-20.0,4.0
20,20,RESIDUAL_SPREAD,72,LEGACY_RAW_EXIT,hyperliquid/okx,NON_GATE_PAIRS,137,133,4,0.029197080291970802,-10.755417941731482,-15.62419191879714,0.18045112781954886,-32.09270722715728,-21.538355345179767,-4.753949038069743,24.291742279934855,-1.503143271626008,-0.1559003932372071,12.851806936565518,7.2818999456059075,99.81203007518798,15.0,311.99999999999994,1095.0,0.2500706414241311,102,0,-13.75468135642789,-6.0269725073081855,8.896008473676412,0.3485735845921054,9.24458205826852,-20.0,34.0
20,20,RESIDUAL_SPREAD,72,LEGACY_RAW_EXIT,ALL_GATE_PAIRS,GATE_PAIRS,562,9,553,0.9839857651245552,2.9459832297146153,-6.56903280946695,0.3333333333333333,-18.157125038117307,-12.154430580861836,12.440459511462509,40.28098332223001,-3.8131235705324906,-3.887104735795788,27.243959313856383,27.172225982310398,225.0,30.0,573.0000000000001,1005.0,0.009536592257699915,22,4,-9.367057837111817,19.728425247838608,25.015612008206176,-2.069628778491556,22.945983229714614,-20.0,6.0
20,20,RESIDUAL_SPREAD,72,LEGACY_RAW_EXIT,ALL_NON_GATE_PAIRS,NON_GATE_PAIRS,395,324,71,0.17974683544303796,-13.010357645286023,-16.43671332848781,0.13271604938271606,-33.89106611992885,-21.56212266291145,-8.12217624323884,17.11112314945038,-2.0667068401883886,-0.3216654646331918,11.836074436709525,7.441845652813028,108.33333333333333,15.0,325.49999999999983,1335.0,0.11020062164453236,234,178,-15.555672244549898,-10.092191334661916,7.85819380368527,-0.8685514489712932,6.989642354713979,-20.0,36.0
20,20,RESIDUAL_SPREAD,72,LEGACY_RAW_EXIT,ALL_PAIRS,ALL,957,333,624,0.6520376175548589,-12.579105189204924,-16.1506981170733,0.13813813813813813,-33.87288646827178,-21.401425581202517,-7.797688267297325,20.49943487324016,-2.1139072923598508,-0.3837173515108816,12.252503757713495,7.7883995941507855,111.48648648648648,15.0,330.0,1335.0,0.06993500988979938,256,188,-15.111574680236902,-9.683447072958373,8.321907809212863,-0.9010129984177868,7.420894810795078,-20.0,36.0
20,20,RESIDUAL_SPREAD,72,BASELINE_RESIDUAL_EXIT,binance/bitget,NON_GATE_PAIRS,19,0,19,1.0,,,,,,,,,,,,,,,,0.0,0,0,,,,,,,0.0
20,20,RESIDUAL_SPREAD,72,BASELINE_RESIDUAL_EXIT,binance/gate,GATE_PAIRS,133,0,133,1.0,,,,,,,,,,,,,,,,0.0,0,0,,,,,,,0.0
20,20,RESIDUAL_SPREAD,72,BASELINE_RESIDUAL_EXIT,binance/hyperliquid,NON_GATE_PAIRS,177,173,4,0.022598870056497175,-13.111766132298216,-13.939194437609068,0.09826589595375723,-27.311041657450794,-18.689098780792435,-9.515400309014064,3.770666249305432,-2.2432263381433404,0.631144753069357,10.941848993514004,7.746732182339899,65.3757225433526,30.0,147.00000000000017,615.0,0.2130545351794292,62,0,-14.372822658849508,-11.769582678419779,9.810778925505254,-2.922545057803468,6.888233867701784,-20.0,32.0
20,20,RESIDUAL_SPREAD,72,BASELINE_RESIDUAL_EXIT,binance/okx,NON_GATE_PAIRS,96,94,2,0.020833333333333332,-10.104175344122059,-12.421329435664523,0.09574468085106383,-20.884349245218075,-16.79161482229017,-7.183632253899472,5.548759307678752,2.7993341692738554,3.1205205089113175,11.038110777406267,7.879639747206957,48.03191489361702,15.0,70.50000000000004,945.0,0.08505227465385702,18,0,-12.637909986494568,-7.280490378297303,10.730235048639644,-0.8344103927617024,9.895824655877941,-20.0,26.0
20,20,RESIDUAL_SPREAD,72,BASELINE_RESIDUAL_EXIT,bitget/gate,GATE_PAIRS,19,0,19,1.0,,,,,,,,,,,,,,,,0.0,0,0,,,,,,,0.0
20,20,RESIDUAL_SPREAD,72,BASELINE_RESIDUAL_EXIT,bitget/hyperliquid,NON_GATE_PAIRS,19,0,19,1.0,,,,,,,,,,,,,,,,0.0,0,0,,,,,,,0.0
20,20,RESIDUAL_SPREAD,72,BASELINE_RESIDUAL_EXIT,bitget/okx,NON_GATE_PAIRS,19,0,19,1.0,,,,,,,,,,,,,,,,0.0,0,0,,,,,,,0.0
20,20,RESIDUAL_SPREAD,72,BASELINE_RESIDUAL_EXIT,gate/hyperliquid,GATE_PAIRS,256,5,251,0.98046875,1.5261617591767542,-1.2178989163835574,0.4,-7.640826172956435,-5.032586918655598,5.084597680294312,14.688585885787067,3.1648219306248406,10.873625900714725,25.84185793133154,22.17229858584746,96.0,15.0,234.0,300.0,0.009042102288782142,0,0,-5.573768945351608,9.88659178304069,21.773947959176756,-0.2477862,21.526161759176755,-20.0,5.0
20,20,RESIDUAL_SPREAD,72,BASELINE_RESIDUAL_EXIT,gate/okx,GATE_PAIRS,174,4,170,0.9770114942528736,-9.145956028528815,-10.901414524130114,0.0,-13.120237677095341,-12.43849149151875,-7.608879061140177,-2.7140324861204688,5.917094500275111,8.989443328941693,14.21126799628636,10.82129506968843,18.75,15.0,25.500000000000004,30.0,0.0014128284826222096,2,0,-12.729653924942077,-4.156348276989613,13.402328223077188,-2.548284251606,10.854043971471189,-20.0,4.0
20,20,RESIDUAL_SPREAD,72,BASELINE_RESIDUAL_EXIT,hyperliquid/okx,NON_GATE_PAIRS,189,185,4,0.021164021164021163,-9.246496222112857,-12.399536726811473,0.1837837837837838,-21.80604423461543,-16.74140649452999,-4.190109254922341,10.20426497752559,2.3230426670986444,3.2714029668201583,13.066170234041564,8.888318818938146,40.21621621621622,15.0,90.0,480.0,0.1401525854761232,56,0,-11.17386979048612,-7.090357244697656,11.729862699705926,-0.9763589218187785,10.753503777887145,-20.0,33.0
20,20,RESIDUAL_SPREAD,72,BASELINE_RESIDUAL_EXIT,ALL_GATE_PAIRS,GATE_PAIRS,582,9,573,0.9845360824742269,-3.217001702025721,-5.032586918655598,0.2222222222222222,-12.836176766438427,-9.64839846739839,-1.2178989163835574,12.287588834413876,4.388054183802739,9.948630794425206,20.672706849089234,17.06392551282132,61.666666666666664,15.0,168.00000000000003,300.0,0.002613732692851088,2,2,-8.268681091441287,5.6946536242258485,18.05322807646584,-1.2702297784915553,16.782998297974284,-20.0,6.0
20,20,RESIDUAL_SPREAD,72,BASELINE_RESIDUAL_EXIT,ALL_NON_GATE_PAIRS,NON_GATE_PAIRS,519,452,67,0.12909441233140656,-10.904269522845006,-13.056734869683044,0.13274336283185842,-23.00492716082377,-17.330768115296763,-6.475835325512483,8.914348233228885,0.674385285013703,2.3522789172392145,11.831335801442037,8.303994394053827,51.4712389380531,15.0,105.0,945.0,0.07304323255156824,136,267,-12.307059141324759,-9.637280996561174,10.787458956040112,-1.6917284788851192,9.095730477154994,-20.0,35.0
20,20,RESIDUAL_SPREAD,72,BASELINE_RESIDUAL_EXIT,ALL_PAIRS,ALL,1101,461,640,0.5812897366030881,-10.75419271072489,-12.922763232749972,0.13449023861171366,-22.92964442481529,-17.250265405921432,-6.0857106591471855,8.967830722500718,0.7468864131896279,2.374477802276065,12.003943913001311,8.350941271553225,51.670281995661604,15.0,105.0,945.0,0.04487143260808138,138,281,-12.072497377940024,-9.481124947374562,10.929306943206775,-1.6834996539316658,9.24580728927511,-20.0,35.0
20,20,RESIDUAL_SPREAD,72,FRACTIONAL_RESIDUAL_EXIT,binance/bitget,NON_GATE_PAIRS,19,0,19,1.0,,,,,,,,,,,,,,,,0.0,0,0,,,,,,,0.0
20,20,RESIDUAL_SPREAD,72,FRACTIONAL_RESIDUAL_EXIT,binance/gate,GATE_PAIRS,133,0,133,1.0,,,,,,,,,,,,,,,,0.0,0,0,,,,,,,0.0
20,20,RESIDUAL_SPREAD,72,FRACTIONAL_RESIDUAL_EXIT,binance/hyperliquid,NON_GATE_PAIRS,86,78,8,0.09302325581395349,-5.747603960494074,-5.9415515941329,0.28205128205128205,-28.101480832766608,-13.402468527995126,0.7635910930149219,16.239842362345335,-11.837652547390011,-4.752156146525244,23.849269633645015,19.155324763172054,286.9230769230769,172.5,652.4999999999998,1365.0,0.42158801921446737,134,0,-8.631152809588992,-3.175472560296159,19.037384975403363,-4.784988935897436,14.25239603950593,-20.0,31.0
20,20,RESIDUAL_SPREAD,72,FRACTIONAL_RESIDUAL_EXIT,binance/okx,NON_GATE_PAIRS,59,54,5,0.0847457627118644,-1.4700934821327212,-2.1653661889808706,0.3333333333333333,-17.643670462144456,-5.258310672303351,2.207844676055898,10.433579344213825,-2.2527021753675984,0.15663602357274264,21.443738971818988,19.99129121976251,173.61111111111111,82.5,430.50000000000006,1275.0,0.17660356032777622,47,0,-4.786224119720219,1.6899983271934782,20.59943848677604,-2.0695319689087595,18.52990651786728,-20.0,24.0
20,20,RESIDUAL_SPREAD,72,FRACTIONAL_RESIDUAL_EXIT,bitget/gate,GATE_PAIRS,19,0,19,1.0,,,,,,,,,,,,,,,,0.0,0,0,,,,,,,0.0
20,20,RESIDUAL_SPREAD,72,FRACTIONAL_RESIDUAL_EXIT,bitget/hyperliquid,NON_GATE_PAIRS,19,0,19,1.0,,,,,,,,,,,,,,,,0.0,0,0,,,,,,,0.0
20,20,RESIDUAL_SPREAD,72,FRACTIONAL_RESIDUAL_EXIT,bitget/okx,NON_GATE_PAIRS,19,0,19,1.0,,,,,,,,,,,,,,,,0.0,0,0,,,,,,,0.0
20,20,RESIDUAL_SPREAD,72,FRACTIONAL_RESIDUAL_EXIT,gate/hyperliquid,GATE_PAIRS,254,5,249,0.9803149606299213,6.113417254603012,5.084597680294312,0.6,-3.3958067367356333,-1.2178989163835574,13.551088263767696,16.381884002481744,1.6691369798624855,3.3952011469029486,31.020379314123716,30.732337896268724,132.0,90.0,297.0,405.0,0.012432890647075446,2,0,-0.5018765521360025,13.273188016430044,26.703905654603012,-0.5904884000000001,26.113417254603014,-20.0,5.0
20,20,RESIDUAL_SPREAD,72,FRACTIONAL_RESIDUAL_EXIT,gate/okx,GATE_PAIRS,172,4,168,0.9767441860465116,-4.831585528078615,-5.090306273374449,0.25,-10.570988392965932,-9.243437789260588,-0.6784540121924769,1.2700263802228688,1.7194072600279497,1.9720813963453043,20.178078992806604,17.030466022353032,120.0,52.5,274.50000000000006,360.0,0.009042102288782142,4,0,-9.796583874137815,0.1334128179805844,19.276698723527385,-4.108284251605999,15.168414471921386,-20.0,4.0
20,20,RESIDUAL_SPREAD,72,FRACTIONAL_RESIDUAL_EXIT,hyperliquid/okx,NON_GATE_PAIRS,113,107,6,0.05309734513274336,-0.15379532287624334,-0.3476672126783953,0.4672897196261682,-21.276629056062742,-6.839775917562138,6.92329318646121,16.617208602710352,-5.596345001143298,-2.4840841923268187,25.72866216650503,22.22855306282856,172.42990654205607,105.0,441.0000000000001,900.0,0.3475558067250636,131,0,-2.2317426729166425,1.8763612035895392,21.448161547052614,-1.601956869928859,19.846204677123755,-20.0,31.0
20,20,RESIDUAL_SPREAD,72,FRACTIONAL_RESIDUAL_EXIT,ALL_GATE_PAIRS,GATE_PAIRS,578,9,569,0.9844290657439446,1.2489715734111773,-1.2178989163835574,0.4444444444444444,-10.017842308088705,-3.940283691823652,5.084597680294312,15.674185067803233,1.6914793266026915,3.3952011469029486,26.201579171316112,22.17229858584746,126.66666666666667,75.0,369.0,405.0,0.005368748233964397,6,2,-4.216390112931174,8.315023285273808,23.40292479634718,-2.153953222936,21.24897157341118,-20.0,6.0
20,20,RESIDUAL_SPREAD,72,FRACTIONAL_RESIDUAL_EXIT,ALL_NON_GATE_PAIRS,NON_GATE_PAIRS,315,239,76,0.24126984126984127,-2.276796052307376,-2.186766519490739,0.37656903765690375,-24.883168117950827,-8.935606313143575,3.6021888402638,16.168676001384398,-6.877789670663614,-2.7357674671546484,24.147162291709513,20.71949443214205,210.06276150627616,120.0,513.0000000000002,1365.0,0.15762456437788452,312,200,-4.205275739545714,-0.2647901277833924,20.469619212979076,-2.7464152652864477,17.723203947692625,-20.0,33.0
20,20,RESIDUAL_SPREAD,72,FRACTIONAL_RESIDUAL_EXIT,ALL_PAIRS,ALL,893,248,645,0.7222844344904815,-2.1488448078256543,-2.1653661889808706,0.3790322580645161,-23.747963335472697,-8.81105136970793,3.7694866896176467,16.71744905696603,-6.5668081344725,-2.7339731855213767,24.22171774298556,20.731839026773002,207.03629032258064,120.0,510.0,1365.0,0.09672223792031648,318,209,-3.967092526547629,-0.19005278061736802,20.576069818827108,-2.724914626652762,17.85115519217435,-20.0,33.0
20,40,RESIDUAL_SPREAD,24,LEGACY_RAW_EXIT,binance/bitget,NON_GATE_PAIRS,54,0,54,1.0,,,,,,,,,,,,,,,,0.0,0,0,,,,,,,0.0
20,40,RESIDUAL_SPREAD,24,LEGACY_RAW_EXIT,binance/gate,GATE_PAIRS,166,2,164,0.9879518072289156,-13.931183085841944,-13.931183085841944,0.5,-36.340424543326456,-26.38076167333334,-1.4816044983505492,8.478058371642565,-9.195063725098708,-9.195063725098708,26.25096733016308,26.25096733016308,232.5,232.5,406.5,450.0,0.0087595365922577,4,0,-38.830340260824734,10.967974089140846,22.704266914158055,3.3645500000000004,26.068816914158056,-40.0,2.0
20,40,RESIDUAL_SPREAD,24,LEGACY_RAW_EXIT,binance/hyperliquid,NON_GATE_PAIRS,85,77,8,0.09411764705882353,-30.682164855547146,-37.14544469400832,0.05194805194805195,-57.099476270823196,-42.97800906676749,-23.5134902201335,-0.2817557296807868,-5.256263224393804,-3.146648242642325,17.48800572173483,9.560748639305672,205.9090909090909,30.0,762.0000000000006,1485.0,0.2986719412263351,93,0,-36.15939940511808,-20.39421332132123,13.441716611985331,-4.123881467532468,9.317835144452864,-40.0,28.0
20,40,RESIDUAL_SPREAD,24,LEGACY_RAW_EXIT,binance/okx,NON_GATE_PAIRS,93,91,2,0.021505376344086023,-33.09800698485028,-35.193902182698544,0.02197802197802198,-47.83482681345032,-39.33872827713621,-27.893495209465563,-14.202096680387593,1.852940675028495,2.952450253272953,10.838988600279684,7.789417669794574,50.76923076923077,15.0,75.0,915.0,0.08703023452952811,24,0,-36.25549903293144,-29.782684898004273,9.464597144308318,-2.562604129158604,6.901993015149711,-40.0,27.0
20,40,RESIDUAL_SPREAD,24,LEGACY_RAW_EXIT,bitget/gate,GATE_PAIRS,69,2,67,0.9710144927536232,-46.163981148836214,-46.163981148836214,0.0,-49.54109954828169,-48.04015803741704,-44.287804260255385,-42.78686274939073,-5.497856843028059,-5.497856843028059,-1.5122774623604898,-1.5122774623604898,22.5,22.5,28.5,30.0,0.0008476970895733258,0,0,-49.91633492599786,-42.41162737167456,-6.163981148836206,0.0,-6.163981148836206,-40.0,2.0
20,40,RESIDUAL_SPREAD,24,LEGACY_RAW_EXIT,bitget/hyperliquid,NON_GATE_PAIRS,68,3,65,0.9558823529411765,-42.71914691774455,-47.82689612700338,0.0,-49.865182609316015,-48.95927750606596,-39.03289093405256,-31.99768677969191,-2.511530385893208,-5.228481160134413,-1.2665821477061037,-1.4936364455730988,20.0,15.0,27.0,30.0,0.0011302627860977678,0,0,-50.09165888512853,-30.23888574110175,-2.7191469177445526,0.0,-2.7191469177445526,-40.0,3.0
20,40,RESIDUAL_SPREAD,24,LEGACY_RAW_EXIT,bitget/okx,NON_GATE_PAIRS,60,3,57,0.95,-42.0105599623769,-40.71492709129872,0.0,-48.63673731187608,-45.115932769397254,-38.25737071981746,-36.29132562263245,-2.0976808774945486,-0.976289836651656,-2.0976808774945486,-0.976289836651656,15.0,15.0,15.0,15.0,0.0008476970895733258,0,0,-49.51693844749579,-35.7998143483362,-2.010559962376904,0.0,-2.010559962376904,-40.0,3.0
20,40,RESIDUAL_SPREAD,24,LEGACY_RAW_EXIT,gate/hyperliquid,GATE_PAIRS,251,2,249,0.9920318725099602,-17.06428664900222,-17.06428664900222,0.0,-25.618558193420476,-21.816659729234587,-12.311913568769857,-8.510015104583967,-13.239494306474532,-13.239494306474532,18.354538051794655,18.354538051794655,510.0,510.0,906.0,1005.0,0.01921446736366205,10,0,-26.56903280946695,-7.559540488537493,21.757411850997777,1.1783015000000008,22.93571335099778,-40.0,2.0
20,40,RESIDUAL_SPREAD,24,LEGACY_RAW_EXIT,gate/okx,GATE_PAIRS,217,4,213,0.9815668202764977,-26.86834529971565,-30.113423439991866,0.0,-40.7373900530947,-39.32501545393482,-17.6567532857727,-8.456191149949909,-0.7848653855302423,-1.0359907563523008,10.490566569910376,5.379299936851822,120.0,15.0,309.00000000000006,435.0,0.009042102288782142,1,0,-39.91350487025144,-13.823185729179869,13.3806353168231,-0.2489806165387502,13.13165470028435,-40.0,4.0
20,40,RESIDUAL_SPREAD,24,LEGACY_RAW_EXIT,hyperliquid/okx,NON_GATE_PAIRS,113,108,5,0.04424778761061947,-26.89563075560575,-31.60717279949484,0.09259259259259259,-46.04293030315978,-39.30195607428034,-19.4669372477183,9.54010902868102,0.26139415107655145,0.7694238930311403,18.317009453128218,16.461650475022573,119.16666666666667,22.5,358.4999999999999,930.0,0.24244136761797117,89,0,-30.39548595214746,-22.679775295217595,13.572425109247346,-0.46805586485310163,13.104369244394247,-40.0,33.0
20,40,RESIDUAL_SPREAD,24,LEGACY_RAW_EXIT,ALL_GATE_PAIRS,GATE_PAIRS,703,10,693,0.9857752489331437,-26.179228296622334,-32.652779423542576,0.1,-46.53921652655237,-40.52544784236969,-11.042235576994504,3.2621629718300555,-5.900429129132357,-4.628952474531878,12.8148722118836,-0.5374276742714512,201.0,15.0,505.4999999999998,1005.0,0.009465950833568805,15,0,-34.470955909928435,-16.863548095869753,13.011793649993166,0.8089780533845001,13.820771703377668,-40.0,7.0
20,40,RESIDUAL_SPREAD,24,LEGACY_RAW_EXIT,ALL_NON_GATE_PAIRS,NON_GATE_PAIRS,473,282,191,0.40380549682875266,-30.260150963632242,-34.58583186685456,0.05673758865248227,-53.84407585874092,-40.399768436390445,-23.91720677636041,1.5151156221557234,-0.7862118167539907,0.4494750745465126,15.25201643638751,10.735161014449046,118.61702127659575,15.0,358.5000000000001,1485.0,0.10502025054158425,206,171,-33.18537272195807,-26.364921851330536,11.872068476642825,-2.132219440275064,9.739849036367762,-40.0,35.0
20,40,RESIDUAL_SPREAD,24,LEGACY_RAW_EXIT,ALL_PAIRS,ALL,1176,292,884,0.7517006802721088,-30.120393338049713,-34.58583186685456,0.05821917808219178,-53.717566667050704,-40.40441403310449,-23.761282436780178,2.419340525556616,-0.9613562452600992,0.15172278065356254,15.168552593082582,10.20583823428234,121.43835616438356,15.0,403.5000000000005,1485.0,0.06679853065837807,221,184,-32.95706940269183,-26.44707639192378,11.911100160661674,-2.03149349871138,9.879606661950291,-40.0,35.0
20,40,RESIDUAL_SPREAD,24,BASELINE_RESIDUAL_EXIT,binance/bitget,NON_GATE_PAIRS,54,0,54,1.0,,,,,,,,,,,,,,,,0.0,0,0,,,,,,,0.0
20,40,RESIDUAL_SPREAD,24,BASELINE_RESIDUAL_EXIT,binance/gate,GATE_PAIRS,170,1,169,0.9941176470588236,-31.03929018311021,-31.03929018311021,0.0,-31.03929018311021,-31.03929018311021,-31.03929018311021,-31.03929018311021,12.908370190145568,12.908370190145568,12.908370190145568,12.908370190145568,15.0,15.0,15.0,15.0,0.00028256569652444194,0,0,-31.03929018311021,-31.03929018311021,8.96070981688979,0.0,8.96070981688979,-40.0,1.0
20,40,RESIDUAL_SPREAD,24,BASELINE_RESIDUAL_EXIT,binance/hyperliquid,NON_GATE_PAIRS,154,148,6,0.03896103896103896,-32.14196625615193,-34.63306203620172,0.02027027027027027,-47.53600862006228,-39.29204026071301,-27.814702070325968,-9.179794906806778,-1.414812188562278,1.4916036871653882,13.002802358034021,8.625437192038564,55.439189189189186,30.0,120.0,525.0,0.15456343599886974,41,0,-34.109418338639045,-29.922691716638756,10.947101284388605,-3.0890675405405412,7.858033743848064,-40.0,34.0
20,40,RESIDUAL_SPREAD,24,BASELINE_RESIDUAL_EXIT,binance/okx,NON_GATE_PAIRS,98,95,3,0.030612244897959183,-31.377349656719797,-33.34249387245022,0.010526315789473684,-46.24524137762503,-36.638103189546825,-27.60769510371349,-14.534288696299125,2.816576090456263,2.952450253272953,11.07700270472225,8.046922232974874,37.73684210526316,15.0,69.00000000000013,585.0,0.06753320146934162,19,0,-33.57100743460506,-28.615684675180866,10.793336786510066,-2.1706864432298634,8.622650343280203,-40.0,27.0
20,40,RESIDUAL_SPREAD,24,BASELINE_RESIDUAL_EXIT,bitget/gate,GATE_PAIRS,69,2,67,0.9710144927536232,-26.19221421923664,-26.19221421923664,0.0,-34.063109422848974,-30.564933776799048,-21.81949466167423,-18.321319015624304,2.224709556296056,2.224709556296056,14.09851726116851,14.09851726116851,22.5,22.5,28.5,30.0,0.0008476970895733258,0,0,-34.93765333436146,-17.446775104111822,13.807785780763357,0.0,13.807785780763357,-40.0,2.0
20,40,RESIDUAL_SPREAD,24,BASELINE_RESIDUAL_EXIT,bitget/hyperliquid,NON_GATE_PAIRS,68,4,64,0.9411764705882353,-41.089269141166355,-41.62537568332313,0.0,-44.93062007731678,-42.84067615588117,-39.87396866860832,-36.49736904599646,-1.0010465336743324,-0.010060250261179071,0.8875569480351619,-0.010060250261179071,18.75,15.0,25.500000000000004,30.0,0.0014128284826222096,1,0,-44.410050837764246,-37.0601356497651,-0.9228786411663581,-0.1663905,-1.089269141166358,-40.0,4.0
20,40,RESIDUAL_SPREAD,24,BASELINE_RESIDUAL_EXIT,bitget/okx,NON_GATE_PAIRS,59,3,56,0.9491525423728814,-29.731660545600516,-34.95490360578831,0.0,-35.098816289116556,-35.03485509652623,-27.040087524768705,-20.70823465995302,0.3808524622235989,4.885193412735855,15.683819260794431,5.774302421430733,20.0,15.0,27.0,30.0,0.0011302627860977678,3,0,-35.11480658726414,-19.1252714437491,13.432718456540814,-3.164379002141333,10.268339454399483,-40.0,3.0
20,40,RESIDUAL_SPREAD,24,BASELINE_RESIDUAL_EXIT,gate/hyperliquid,GATE_PAIRS,261,3,258,0.9885057471264368,-22.47190861963071,-24.823158231937093,0.0,-27.391764599718133,-26.250161769593227,-19.86928027582139,-15.906177910928829,11.171275461753595,19.46281070702049,21.25013382391794,22.11529217888586,25.0,15.0,39.0,45.0,0.0014128284826222096,0,0,-24.823158231937093,-21.296283813477523,18.08771904703595,-0.5596276666666666,17.528091380369286,-40.0,2.0
20,40,RESIDUAL_SPREAD,24,BASELINE_RESIDUAL_EXIT,gate/okx,GATE_PAIRS,217,4,213,0.9815668202764977,-34.60904221570912,-37.228385733015756,0.0,-41.92619397691624,-39.674663666823506,-32.16276428190136,-23.624809530272707,3.012083555760381,0.7454984597732306,4.601385979819406,3.92410330789128,18.75,15.0,25.500000000000004,30.0,0.0014128284826222096,1,0,-40.796868772932896,-25.047801988877477,5.390957784290885,0.0,5.390957784290885,-40.0,4.0
20,40,RESIDUAL_SPREAD,24,BASELINE_RESIDUAL_EXIT,hyperliquid/okx,NON_GATE_PAIRS,157,153,4,0.025477707006369428,-28.538503018561457,-31.10386152536334,0.0392156862745098,-45.37892414724199,-36.7344519212753,-22.282124284233007,-7.210200754082811,3.9006291672086437,3.5884496545968148,15.14687224650006,12.180724738303228,43.529411764705884,30.0,90.0,435.0,0.12545916925685222,48,0,-30.78579268041935,-26.432979170053216,13.247496111854378,-1.7859991304158367,11.461496981438541,-40.0,33.0
20,40,RESIDUAL_SPREAD,24,BASELINE_RESIDUAL_EXIT,ALL_GATE_PAIRS,GATE_PAIRS,717,10,707,0.9860529986052998,-28.92756133433121,-29.358227745179786,0.0,-40.80042882186987,-35.52459740490035,-22.323530189758422,-16.05452007268845,6.291994991104,3.744351528216505,12.3261350103514,12.301164767548611,21.0,15.0,31.499999999999993,45.0,0.0009889799378355467,1,0,-35.49905943562967,-24.616010474468474,11.240326965668789,-0.1678883,11.07243866566879,-40.0,7.0
20,40,RESIDUAL_SPREAD,24,BASELINE_RESIDUAL_EXIT,ALL_NON_GATE_PAIRS,NON_GATE_PAIRS,590,403,187,0.3169491525423729,-30.66452169563334,-32.796150612299755,0.02481389578163772,-46.275211116316804,-37.61730589904117,-25.592927640011588,-9.744202398524662,1.6181567208958412,2.633608551175781,13.262538821902437,9.29797717684755,46.116625310173696,30.0,90.0,585.0,0.05834981633229726,112,230,-32.059204558578806,-29.26626882939733,11.684892135798131,-2.349413831431474,9.335478304366658,-40.0,36.0
20,40,RESIDUAL_SPREAD,24,BASELINE_RESIDUAL_EXIT,ALL_PAIRS,ALL,1307,413,894,0.6840091813312931,-30.622464544027963,-32.71902974801507,0.024213075060532687,-46.015555454782955,-37.580587568418096,-25.456450866624717,-9.781337582567463,1.7313247177531812,2.633608551175781,13.239865606126383,9.383992850386935,45.50847457627118,15.0,90.0,585.0,0.035405481774512575,113,241,-32.015997316761926,-29.273154811372198,11.67412784596449,-2.2965923899924556,9.377535455972035,-40.0,36.0
20,40,RESIDUAL_SPREAD,24,FRACTIONAL_RESIDUAL_EXIT,binance/bitget,NON_GATE_PAIRS,54,0,54,1.0,,,,,,,,,,,,,,,,0.0,0,0,,,,,,,0.0
20,40,RESIDUAL_SPREAD,24,FRACTIONAL_RESIDUAL_EXIT,binance/gate,GATE_PAIRS,169,1,168,0.9940828402366864,-27.453342531890364,-27.453342531890364,0.0,-27.453342531890364,-27.453342531890364,-27.453342531890364,-27.453342531890364,-16.159349377646848,-16.159349377646848,12.908370190145568,12.908370190145568,135.0,135.0,135.0,135.0,0.002543091268719977,1,0,-27.453342531890364,-27.453342531890364,5.817557468109635,6.729100000000001,12.546657468109636,-40.0,1.0
20,40,RESIDUAL_SPREAD,24,FRACTIONAL_RESIDUAL_EXIT,binance/hyperliquid,NON_GATE_PAIRS,94,86,8,0.0851063829787234,-25.555288505682157,-25.107715066658763,0.06976744186046512,-57.142385746489424,-34.22179683828628,-17.186764005050925,6.446879147266083,-8.212047928180237,-2.4447770649665967,26.97352022264051,20.148596124004435,208.6046511627907,142.5,495.0,1035.0,0.33794857304323256,97,0,-28.55649201808822,-22.13470930224578,20.265935494317844,-5.821224000000001,14.44471149431785,-40.0,33.0
20,40,RESIDUAL_SPREAD,24,FRACTIONAL_RESIDUAL_EXIT,binance/okx,NON_GATE_PAIRS,69,63,6,0.08695652173913043,-23.740887620267,-23.68234999371773,0.047619047619047616,-41.0589369557316,-31.801862559632305,-17.671038253795864,-5.640887977223374,-0.7756379853076368,0.4408635865327248,22.925503159686677,19.24619368998126,132.85714285714286,105.0,240.0,705.0,0.1576716586606386,35,0,-26.487905126653022,-20.89809578970619,20.110556463602194,-3.851444083869191,16.259112379733,-40.0,26.0
20,40,RESIDUAL_SPREAD,24,FRACTIONAL_RESIDUAL_EXIT,bitget/gate,GATE_PAIRS,69,1,68,0.9855072463768116,-17.446775104111822,-17.446775104111822,0.0,-17.446775104111822,-17.446775104111822,-17.446775104111822,-17.446775104111822,-0.6129275530464273,-0.6129275530464273,23.13468785669848,23.13468785669848,30.0,30.0,30.0,30.0,0.0005651313930488839,0,0,-17.446775104111822,-17.446775104111822,22.553224895888174,0.0,22.553224895888174,-40.0,1.0
20,40,RESIDUAL_SPREAD,24,FRACTIONAL_RESIDUAL_EXIT,bitget/hyperliquid,NON_GATE_PAIRS,68,0,68,1.0,,,,,,,,,,,,,,,,0.0,0,0,,,,,,,0.0
20,40,RESIDUAL_SPREAD,24,FRACTIONAL_RESIDUAL_EXIT,bitget/okx,NON_GATE_PAIRS,59,0,59,1.0,,,,,,,,,,,,,,,,0.0,0,0,,,,,,,0.0
20,40,RESIDUAL_SPREAD,24,FRACTIONAL_RESIDUAL_EXIT,gate/hyperliquid,GATE_PAIRS,261,3,258,0.9885057471264368,-22.47190861963071,-24.823158231937093,0.0,-27.391764599718133,-26.250161769593227,-19.86928027582139,-15.906177910928829,11.171275461753595,19.46281070702049,21.25013382391794,22.11529217888586,25.0,15.0,39.0,45.0,0.0014128284826222096,0,0,-24.823158231937093,-21.296283813477523,18.08771904703595,-0.5596276666666666,17.528091380369286,-40.0,2.0
20,40,RESIDUAL_SPREAD,24,FRACTIONAL_RESIDUAL_EXIT,gate/okx,GATE_PAIRS,217,4,213,0.9815668202764977,-26.267351336180933,-24.812726241601773,0.0,-33.00804942558607,-29.225719051311735,-21.854358526470968,-21.563128379186622,-0.7848653855302423,-1.0359907563523008,15.524802417757332,14.929966055791665,48.75,45.0,81.0,90.0,0.003673354054817745,1,0,-30.959150119659185,-21.611666737067345,15.231629280357817,-1.4989806165387503,13.732648663819067,-40.0,4.0
20,40,RESIDUAL_SPREAD,24,FRACTIONAL_RESIDUAL_EXIT,hyperliquid/okx,NON_GATE_PAIRS,107,100,7,0.06542056074766354,-21.50901474668923,-20.610919671405952,0.04,-43.41281761781257,-27.165732589754256,-16.0721633978209,-6.158747286690332,-3.267745413769585,-0.512900704469077,24.980347184699973,21.38037032671125,144.6,82.5,286.5000000000001,960.0,0.272393331449562,95,0,-23.445589459455856,-19.720940531556302,21.15316725591626,-2.66218200260549,18.49098525331077,-40.0,33.0
20,40,RESIDUAL_SPREAD,24,FRACTIONAL_RESIDUAL_EXIT,ALL_GATE_PAIRS,GATE_PAIRS,716,9,707,0.9874301675977654,-24.153916537735338,-24.823158231937093,0.0,-31.443045334392536,-27.649748062030763,-21.490320842365534,-15.927951433468142,1.5113431013829492,-0.9353594712480096,17.98807435440302,19.46281070702049,48.333333333333336,30.0,99.0,135.0,0.002048601299802204,2,0,-27.964682321303926,-22.035014080656044,15.951161847392992,-0.10507838512833335,15.846083462264659,-40.0,6.0
20,40,RESIDUAL_SPREAD,24,FRACTIONAL_RESIDUAL_EXIT,ALL_NON_GATE_PAIRS,NON_GATE_PAIRS,451,249,202,0.44789356984478934,-23.47121367965626,-23.50968003673289,0.05220883534136546,-50.446585069835734,-29.9293928663716,-16.65567036571367,-1.2155880011724491,-4.3448829569270675,-0.7753929817067018,25.14885203484876,20.60256099381652,163.73493975903614,105.0,405.0,1035.0,0.1280022605255722,227,205,-25.028400191286185,-21.937091899085452,20.58294070405582,-4.05415438371208,16.52878632034374,-40.0,34.0
20,40,RESIDUAL_SPREAD,24,FRACTIONAL_RESIDUAL_EXIT,ALL_PAIRS,ALL,1167,258,909,0.7789203084832905,-23.495028895635766,-23.511585128433197,0.050387596899224806,-50.3838266381295,-29.76864711220453,-16.831843447095334,-3.3469171263594872,-4.140596001404624,-0.8017746523025782,24.899057464600652,20.559056739120063,159.7093023255814,97.5,405.0,1035.0,0.0776207968352642,229,215,-24.992371404576172,-21.974394090415327,20.421367023009445,-3.9163959186452053,16.504971104364234,-40.0,34.0
20,40,RESIDUAL_SPREAD,72,LEGACY_RAW_EXIT,binance/bitget,NON_GATE_PAIRS,19,0,19,1.0,,,,,,,,,,,,,,,,0.0,0,0,,,,,,,0.0
20,40,RESIDUAL_SPREAD,72,LEGACY_RAW_EXIT,binance/gate,GATE_PAIRS,133,0,133,1.0,,,,,,,,,,,,,,,,0.0,0,0,,,,,,,0.0
20,40,RESIDUAL_SPREAD,72,LEGACY_RAW_EXIT,binance/hyperliquid,NON_GATE_PAIRS,114,105,9,0.07894736842105263,-37.74449740862295,-39.784729477922966,0.02857142857142857,-59.88468414415364,-44.73420489452309,-32.92276323274997,-10.253272776050961,-6.410987562443257,-1.826366360856424,11.19349558423367,5.366276424390026,161.0,15.0,579.0000000000008,1335.0,0.31845153998304604,105,0,-40.968640777334734,-33.33409855810624,4.592734658043725,-2.337232066666667,2.2555025913770597,-40.0,31.0
20,40,RESIDUAL_SPREAD,72,LEGACY_RAW_EXIT,binance/okx,NON_GATE_PAIRS,87,86,1,0.011494252873563218,-30.717593754848547,-33.04285981164084,0.023255813953488372,-42.61404232272191,-38.09192778133349,-27.70618241748953,-15.278729608172412,2.3657992204856186,2.642733010902454,11.049776262629505,8.39126649232469,57.2093023255814,15.0,135.0,930.0,0.09268154846001696,27,0,-33.96622909063091,-26.583211402183373,10.240099143028765,-0.957692897877314,9.28240624515145,-40.0,26.0
20,40,RESIDUAL_SPREAD,72,LEGACY_RAW_EXIT,bitget/gate,GATE_PAIRS,19,0,19,1.0,,,,,,,,,,,,,,,,0.0,0,0,,,,,,,0.0
20,40,RESIDUAL_SPREAD,72,LEGACY_RAW_EXIT,bitget/hyperliquid,NON_GATE_PAIRS,19,0,19,1.0,,,,,,,,,,,,,,,,0.0,0,0,,,,,,,0.0
20,40,RESIDUAL_SPREAD,72,LEGACY_RAW_EXIT,bitget/okx,NON_GATE_PAIRS,19,0,19,1.0,,,,,,,,,,,,,,,,0.0,0,0,,,,,,,0.0
20,40,RESIDUAL_SPREAD,72,LEGACY_RAW_EXIT,gate/hyperliquid,GATE_PAIRS,236,5,231,0.9788135593220338,-7.380465363690641,-7.559540488537493,0.4,-38.434947026855404,-26.56903280946695,14.478099571111215,22.215277905936272,-11.59729802717857,-8.121282907607164,37.670112367912395,44.83035901119648,390.0,345.0,789.0,1005.0,0.03673354054817745,20,0,-28.700091453975283,12.071556846114376,34.30623903630936,-1.6867044,32.61953463630936,-40.0,5.0
20,40,RESIDUAL_SPREAD,72,LEGACY_RAW_EXIT,gate/okx,GATE_PAIRS,174,4,170,0.9770114942528736,-29.14595602852881,-30.90141452413011,0.0,-33.12023767709534,-32.43849149151875,-27.608879061140176,-22.714032486120466,5.917094500275111,8.989443328941693,14.21126799628636,10.82129506968843,18.75,15.0,25.500000000000004,30.0,0.0014128284826222096,2,0,-32.722552402175666,-23.52984024862375,13.402328223077188,-2.548284251606,10.854043971471189,-40.0,4.0
20,40,RESIDUAL_SPREAD,72,LEGACY_RAW_EXIT,hyperliquid/okx,NON_GATE_PAIRS,137,133,4,0.029197080291970802,-30.75541794173148,-35.62419191879714,0.07518796992481203,-52.09270722715728,-41.53835534517977,-24.75394903806974,4.291742279934855,-1.503143271626008,-0.1559003932372071,12.851806936565518,7.2818999456059075,99.81203007518798,15.0,311.99999999999994,1095.0,0.2500706414241311,102,0,-33.89024707768871,-26.62026219602425,8.896008473676412,0.3485735845921054,9.24458205826852,-40.0,34.0
20,40,RESIDUAL_SPREAD,72,LEGACY_RAW_EXIT,ALL_GATE_PAIRS,GATE_PAIRS,562,9,553,0.9839857651245552,-17.054016770285383,-26.56903280946695,0.2222222222222222,-38.15712503811731,-32.154430580861835,-7.559540488537493,20.280983322230004,-3.8131235705324906,-3.887104735795788,27.243959313856383,27.172225982310398,225.0,30.0,573.0000000000001,1005.0,0.009536592257699915,22,4,-29.041852958459774,-1.8312250198343938,25.015612008206176,-2.069628778491556,22.945983229714614,-40.0,6.0
20,40,RESIDUAL_SPREAD,72,LEGACY_RAW_EXIT,ALL_NON_GATE_PAIRS,NON_GATE_PAIRS,395,324,71,0.17974683544303796,-33.01035764528602,-36.43671332848781,0.046296296296296294,-53.89106611992885,-41.56212266291145,-28.12217624323884,-2.8888768505496225,-2.0667068401883886,-0.3216654646331918,11.836074436709525,7.441845652813028,108.33333333333333,15.0,325.49999999999983,1335.0,0.11020062164453236,234,178,-35.44733726422956,-29.911227154550765,7.85819380368527,-0.8685514489712932,6.989642354713979,-40.0,36.0
20,40,RESIDUAL_SPREAD,72,LEGACY_RAW_EXIT,ALL_PAIRS,ALL,957,333,624,0.6520376175548589,-32.579105189204924,-36.1506981170733,0.05105105105105105,-53.87288646827178,-41.40142558120252,-27.797688267297325,0.4994348732401559,-2.1139072923598508,-0.3837173515108816,12.252503757713495,7.7883995941507855,111.48648648648648,15.0,330.0,1335.0,0.06993500988979938,256,188,-35.11548741363674,-29.59337810789077,8.321907809212863,-0.9010129984177868,7.420894810795078,-40.0,36.0
20,40,RESIDUAL_SPREAD,72,BASELINE_RESIDUAL_EXIT,binance/bitget,NON_GATE_PAIRS,19,0,19,1.0,,,,,,,,,,,,,,,,0.0,0,0,,,,,,,0.0
20,40,RESIDUAL_SPREAD,72,BASELINE_RESIDUAL_EXIT,binance/gate,GATE_PAIRS,133,0,133,1.0,,,,,,,,,,,,,,,,0.0,0,0,,,,,,,0.0
20,40,RESIDUAL_SPREAD,72,BASELINE_RESIDUAL_EXIT,binance/hyperliquid,NON_GATE_PAIRS,177,173,4,0.022598870056497175,-33.11176613229821,-33.93919443760907,0.005780346820809248,-47.311041657450794,-38.68909878079244,-29.515400309014066,-16.22933375069457,-2.2432263381433404,0.631144753069357,10.941848993514004,7.746732182339899,65.3757225433526,30.0,147.00000000000017,615.0,0.2130545351794292,62,0,-34.370595853422316,-31.705074122077765,9.810778925505254,-2.922545057803468,6.888233867701784,-40.0,32.0
20,40,RESIDUAL_SPREAD,72,BASELINE_RESIDUAL_EXIT,binance/okx,NON_GATE_PAIRS,96,94,2,0.020833333333333332,-30.104175344122055,-32.42132943566452,0.02127659574468085,-40.884349245218075,-36.79161482229017,-27.183632253899468,-14.451240692321248,2.7993341692738554,3.1205205089113175,11.038110777406267,7.879639747206957,48.03191489361702,15.0,70.50000000000004,945.0,0.08505227465385702,18,0,-32.75246770886836,-27.087400722673518,10.730235048639644,-0.8344103927617024,9.895824655877941,-40.0,26.0
20,40,RESIDUAL_SPREAD,72,BASELINE_RESIDUAL_EXIT,bitget/gate,GATE_PAIRS,19,0,19,1.0,,,,,,,,,,,,,,,,0.0,0,0,,,,,,,0.0
20,40,RESIDUAL_SPREAD,72,BASELINE_RESIDUAL_EXIT,bitget/hyperliquid,NON_GATE_PAIRS,19,0,19,1.0,,,,,,,,,,,,,,,,0.0,0,0,,,,,,,0.0
20,40,RESIDUAL_SPREAD,72,BASELINE_RESIDUAL_EXIT,bitget/okx,NON_GATE_PAIRS,19,0,19,1.0,,,,,,,,,,,,,,,,0.0,0,0,,,,,,,0.0
20,40,RESIDUAL_SPREAD,72,BASELINE_RESIDUAL_EXIT,gate/hyperliquid,GATE_PAIRS,256,5,251,0.98046875,-18.473838240823248,-21.21789891638356,0.0,-27.640826172956434,-25.0325869186556,-14.915402319705688,-5.3114141142129325,3.1648219306248406,10.873625900714725,25.84185793133154,22.17229858584746,96.0,15.0,234.0,300.0,0.009042102288782142,0,0,-25.57376894535161,-10.387907898951312,21.773947959176756,-0.2477862,21.526161759176755,-40.0,5.0
20,40,RESIDUAL_SPREAD,72,BASELINE_RESIDUAL_EXIT,gate/okx,GATE_PAIRS,174,4,170,0.9770114942528736,-29.14595602852881,-30.90141452413011,0.0,-33.12023767709534,-32.43849149151875,-27.608879061140176,-22.714032486120466,5.917094500275111,8.989443328941693,14.21126799628636,10.82129506968843,18.75,15.0,25.500000000000004,30.0,0.0014128284826222096,2,0,-32.722552402175666,-23.52984024862375,13.402328223077188,-2.548284251606,10.854043971471189,-40.0,4.0
20,40,RESIDUAL_SPREAD,72,BASELINE_RESIDUAL_EXIT,hyperliquid/okx,NON_GATE_PAIRS,189,185,4,0.021164021164021163,-29.24649622211285,-32.39953672681147,0.021621621621621623,-41.806044234615435,-36.74140649452999,-24.19010925492234,-9.79573502247441,2.3230426670986444,3.2714029668201583,13.066170234041564,8.888318818938146,40.21621621621622,15.0,90.0,480.0,0.1401525854761232,56,0,-31.07177454977868,-27.25737723497428,11.729862699705926,-0.9763589218187785,10.753503777887145,-40.0,33.0
20,40,RESIDUAL_SPREAD,72,BASELINE_RESIDUAL_EXIT,ALL_GATE_PAIRS,GATE_PAIRS,582,9,573,0.9845360824742269,-23.217001702025716,-25.0325869186556,0.0,-32.83617676643843,-29.64839846739839,-21.21789891638356,-7.712411165586124,4.388054183802739,9.948630794425206,20.672706849089234,17.06392551282132,61.666666666666664,15.0,168.00000000000003,300.0,0.002613732692851088,2,2,-27.956695364170617,-15.970956135573939,18.05322807646584,-1.2702297784915553,16.782998297974284,-40.0,6.0
20,40,RESIDUAL_SPREAD,72,BASELINE_RESIDUAL_EXIT,ALL_NON_GATE_PAIRS,NON_GATE_PAIRS,519,452,67,0.12909441233140656,-30.904269522845006,-33.05673486968304,0.015486725663716814,-43.00492716082377,-37.33076811529676,-26.475835325512485,-11.085651766771115,0.674385285013703,2.3522789172392145,11.831335801442037,8.303994394053827,51.4712389380531,15.0,105.0,945.0,0.07304323255156824,136,267,-32.18260414048036,-29.637691269987286,10.787458956040112,-1.6917284788851192,9.095730477154994,-40.0,35.0
20,40,RESIDUAL_SPREAD,72,BASELINE_RESIDUAL_EXIT,ALL_PAIRS,ALL,1101,461,640,0.5812897366030881,-30.75419271072489,-32.92276323274997,0.015184381778741865,-42.92964442481529,-37.25026540592143,-26.085710659147185,-11.032169277499282,0.7468864131896279,2.374477802276065,12.003943913001311,8.350941271553225,51.670281995661604,15.0,105.0,945.0,0.04487143260808138,138,281,-32.04411536313744,-29.51273951069591,10.929306943206775,-1.6834996539316658,9.24580728927511,-40.0,35.0
20,40,RESIDUAL_SPREAD,72,FRACTIONAL_RESIDUAL_EXIT,binance/bitget,NON_GATE_PAIRS,19,0,19,1.0,,,,,,,,,,,,,,,,0.0,0,0,,,,,,,0.0
20,40,RESIDUAL_SPREAD,72,FRACTIONAL_RESIDUAL_EXIT,binance/gate,GATE_PAIRS,133,0,133,1.0,,,,,,,,,,,,,,,,0.0,0,0,,,,,,,0.0
20,40,RESIDUAL_SPREAD,72,FRACTIONAL_RESIDUAL_EXIT,binance/hyperliquid,NON_GATE_PAIRS,86,78,8,0.09302325581395349,-25.74760396049407,-25.9415515941329,0.038461538461538464,-48.10148083276661,-33.402468527995126,-19.236408906985076,-3.760157637654663,-11.837652547390011,-4.752156146525244,23.849269633645015,19.155324763172054,286.9230769230769,172.5,652.4999999999998,1365.0,0.42158801921446737,134,0,-28.898172736836656,-22.843459064085984,19.037384975403363,-4.784988935897436,14.25239603950593,-40.0,31.0
20,40,RESIDUAL_SPREAD,72,FRACTIONAL_RESIDUAL_EXIT,binance/okx,NON_GATE_PAIRS,59,54,5,0.0847457627118644,-21.470093482132715,-22.16536618898087,0.037037037037037035,-37.64367046214445,-25.258310672303352,-17.7921553239441,-9.566420655786175,-2.2527021753675984,0.15663602357274264,21.443738971818988,19.99129121976251,173.61111111111111,82.5,430.50000000000006,1275.0,0.17660356032777622,47,0,-25.028561092022372,-18.522407659875473,20.59943848677604,-2.0695319689087595,18.52990651786728,-40.0,24.0
20,40,RESIDUAL_SPREAD,72,FRACTIONAL_RESIDUAL_EXIT,bitget/gate,GATE_PAIRS,19,0,19,1.0,,,,,,,,,,,,,,,,0.0,0,0,,,,,,,0.0
20,40,RESIDUAL_SPREAD,72,FRACTIONAL_RESIDUAL_EXIT,bitget/hyperliquid,NON_GATE_PAIRS,19,0,19,1.0,,,,,,,,,,,,,,,,0.0,0,0,,,,,,,0.0
20,40,RESIDUAL_SPREAD,72,FRACTIONAL_RESIDUAL_EXIT,bitget/okx,NON_GATE_PAIRS,19,0,19,1.0,,,,,,,,,,,,,,,,0.0,0,0,,,,,,,0.0
20,40,RESIDUAL_SPREAD,72,FRACTIONAL_RESIDUAL_EXIT,gate/hyperliquid,GATE_PAIRS,254,5,249,0.9803149606299213,-13.88658274539699,-14.915402319705688,0.0,-23.395806736735633,-21.21789891638356,-6.448911736232304,-3.618115997518254,1.6691369798624855,3.3952011469029486,31.020379314123716,30.732337896268724,132.0,90.0,297.0,405.0,0.012432890647075446,2,0,-21.046353507224023,-6.726811983569957,26.703905654603012,-0.5904884000000001,26.113417254603014,-40.0,5.0
20,40,RESIDUAL_SPREAD,72,FRACTIONAL_RESIDUAL_EXIT,gate/okx,GATE_PAIRS,172,4,168,0.9767441860465116,-24.831585528078612,-25.09030627337445,0.0,-30.57098839296593,-29.24343778926059,-20.678454012192475,-18.72997361977713,1.7194072600279497,1.9720813963453043,20.178078992806604,17.030466022353032,120.0,52.5,274.50000000000006,360.0,0.009042102288782142,4,0,-29.796583874137816,-19.866587182019416,19.276698723527385,-4.108284251605999,15.168414471921386,-40.0,4.0
20,40,RESIDUAL_SPREAD,72,FRACTIONAL_RESIDUAL_EXIT,hyperliquid/okx,NON_GATE_PAIRS,113,107,6,0.05309734513274336,-20.153795322876245,-20.347667212678395,0.04672897196261682,-41.276629056062745,-26.839775917562136,-13.07670681353879,-3.3827913972896493,-5.596345001143298,-2.4840841923268187,25.72866216650503,22.22855306282856,172.42990654205607,105.0,441.0000000000001,900.0,0.3475558067250636,131,0,-22.38711958888413,-18.03542995381435,21.448161547052614,-1.601956869928859,19.846204677123755,-40.0,31.0
20,40,RESIDUAL_SPREAD,72,FRACTIONAL_RESIDUAL_EXIT,ALL_GATE_PAIRS,GATE_PAIRS,578,9,569,0.9844290657439446,-18.75102842658882,-21.21789891638356,0.0,-30.017842308088706,-23.94028369182365,-14.915402319705688,-4.325814932196767,1.6914793266026915,3.3952011469029486,26.201579171316112,22.17229858584746,126.66666666666667,75.0,369.0,405.0,0.005368748233964397,6,2,-24.095764809710616,-11.524841401908194,23.40292479634718,-2.153953222936,21.24897157341118,-40.0,6.0
20,40,RESIDUAL_SPREAD,72,FRACTIONAL_RESIDUAL_EXIT,ALL_NON_GATE_PAIRS,NON_GATE_PAIRS,315,239,76,0.24126984126984127,-22.276796052307375,-22.18676651949074,0.04184100418410042,-44.88316811795083,-28.935606313143573,-16.3978111597362,-3.8313239986156007,-6.877789670663614,-2.7357674671546484,24.147162291709513,20.71949443214205,210.06276150627616,120.0,513.0000000000002,1365.0,0.15762456437788452,312,200,-24.12024404305682,-20.398272045168355,20.469619212979076,-2.7464152652864477,17.723203947692625,-40.0,33.0
20,40,RESIDUAL_SPREAD,72,FRACTIONAL_RESIDUAL_EXIT,ALL_PAIRS,ALL,893,248,645,0.7222844344904815,-22.14884480782565,-22.16536618898087,0.04032258064516129,-43.7479633354727,-28.81105136970793,-16.230513310382353,-3.2825509430339728,-6.5668081344725,-2.7339731855213767,24.22171774298556,20.731839026773002,207.03629032258064,120.0,510.0,1365.0,0.09672223792031648,318,209,-23.920194304543,-20.30439656269693,20.576069818827108,-2.724914626652762,17.85115519217435,-40.0,33.0
20,58,RESIDUAL_SPREAD,24,LEGACY_RAW_EXIT,binance/bitget,NON_GATE_PAIRS,54,0,54,1.0,,,,,,,,,,,,,,,,0.0,0,0,,,,,,,0.0
20,58,RESIDUAL_SPREAD,24,LEGACY_RAW_EXIT,binance/gate,GATE_PAIRS,166,2,164,0.9879518072289156,-31.931183085841944,-31.931183085841944,0.0,-54.340424543326456,-44.38076167333334,-19.48160449835055,-9.521941628357435,-9.195063725098708,-9.195063725098708,26.25096733016308,26.25096733016308,232.5,232.5,406.5,450.0,0.0087595365922577,4,0,-56.830340260824734,-7.032025910859154,22.704266914158055,3.3645500000000004,26.068816914158056,-58.0,2.0
20,58,RESIDUAL_SPREAD,24,LEGACY_RAW_EXIT,binance/hyperliquid,NON_GATE_PAIRS,85,77,8,0.09411764705882353,-48.68216485554714,-55.14544469400832,0.012987012987012988,-75.0994762708232,-60.97800906676749,-41.51349022013351,-18.281755729680786,-5.256263224393804,-3.146648242642325,17.48800572173483,9.560748639305672,205.9090909090909,30.0,762.0000000000006,1485.0,0.2986719412263351,93,0,-54.312122128352534,-39.3012811179093,13.441716611985331,-4.123881467532468,9.317835144452864,-58.0,28.0
20,58,RESIDUAL_SPREAD,24,LEGACY_RAW_EXIT,binance/okx,NON_GATE_PAIRS,93,91,2,0.021505376344086023,-51.098006984850294,-53.193902182698544,0.01098901098901099,-65.83482681345032,-57.33872827713621,-45.89349520946557,-32.20209668038759,1.852940675028495,2.952450253272953,10.838988600279684,7.789417669794574,50.76923076923077,15.0,75.0,915.0,0.08703023452952811,24,0,-54.41253563356004,-47.51380420296654,9.464597144308318,-2.562604129158604,6.901993015149711,-58.0,27.0
20,58,RESIDUAL_SPREAD,24,LEGACY_RAW_EXIT,bitget/gate,GATE_PAIRS,69,2,67,0.9710144927536232,-64.16398114883621,-64.16398114883621,0.0,-67.5410995482817,-66.04015803741703,-62.287804260255385,-60.78686274939073,-5.497856843028059,-5.497856843028059,-1.5122774623604898,-1.5122774623604898,22.5,22.5,28.5,30.0,0.0008476970895733258,0,0,-67.91633492599786,-60.41162737167456,-6.163981148836206,0.0,-6.163981148836206,-58.0,2.0
20,58,RESIDUAL_SPREAD,24,LEGACY_RAW_EXIT,bitget/hyperliquid,NON_GATE_PAIRS,68,3,65,0.9558823529411765,-60.719146917744546,-65.82689612700338,0.0,-67.86518260931601,-66.95927750606594,-57.03289093405256,-49.99768677969191,-2.511530385893208,-5.228481160134413,-1.2665821477061037,-1.4936364455730988,20.0,15.0,27.0,30.0,0.0011302627860977678,0,0,-68.09165888512852,-48.23888574110175,-2.7191469177445526,0.0,-2.7191469177445526,-58.0,3.0
20,58,RESIDUAL_SPREAD,24,LEGACY_RAW_EXIT,bitget/okx,NON_GATE_PAIRS,60,3,57,0.95,-60.0105599623769,-58.71492709129872,0.0,-66.63673731187609,-63.115932769397254,-56.25737071981746,-54.29132562263245,-2.0976808774945486,-0.976289836651656,-2.0976808774945486,-0.976289836651656,15.0,15.0,15.0,15.0,0.0008476970895733258,0,0,-67.51693844749579,-53.79981434833619,-2.010559962376904,0.0,-2.010559962376904,-58.0,3.0
20,58,RESIDUAL_SPREAD,24,LEGACY_RAW_EXIT,gate/hyperliquid,GATE_PAIRS,251,2,249,0.9920318725099602,-35.06428664900222,-35.06428664900222,0.0,-43.618558193420476,-39.81665972923459,-30.311913568769857,-26.510015104583967,-13.239494306474532,-13.239494306474532,18.354538051794655,18.354538051794655,510.0,510.0,906.0,1005.0,0.01921446736366205,10,0,-44.56903280946695,-25.559540488537493,21.757411850997777,1.1783015000000008,22.93571335099778,-58.0,2.0
20,58,RESIDUAL_SPREAD,24,LEGACY_RAW_EXIT,gate/okx,GATE_PAIRS,217,4,213,0.9815668202764977,-44.868345299715656,-48.11342343999186,0.0,-58.7373900530947,-57.32501545393482,-35.6567532857727,-26.45619114994991,-0.7848653855302423,-1.0359907563523008,10.490566569910376,5.379299936851822,120.0,15.0,309.00000000000006,435.0,0.009042102288782142,1,0,-57.91350487025143,-31.82318572917987,13.3806353168231,-0.2489806165387502,13.13165470028435,-58.0,4.0
20,58,RESIDUAL_SPREAD,24,LEGACY_RAW_EXIT,hyperliquid/okx,NON_GATE_PAIRS,113,108,5,0.04424778761061947,-44.895630755605744,-49.60717279949484,0.037037037037037035,-64.04293030315978,-57.30195607428034,-37.4669372477183,-8.459890971318979,0.26139415107655145,0.7694238930311403,18.317009453128218,16.461650475022573,119.16666666666667,22.5,358.4999999999999,930.0,0.24244136761797117,89,0,-48.26107115822652,-40.60368130694322,13.572425109247346,-0.46805586485310163,13.104369244394247,-58.0,33.0
20,58,RESIDUAL_SPREAD,24,LEGACY_RAW_EXIT,ALL_GATE_PAIRS,GATE_PAIRS,703,10,693,0.9857752489331437,-44.179228296622334,-50.65277942354257,0.0,-64.53921652655238,-58.52544784236969,-29.042235576994504,-14.737837028169945,-5.900429129132357,-4.628952474531878,12.8148722118836,-0.5374276742714512,201.0,15.0,505.4999999999998,1005.0,0.009465950833568805,15,0,-53.13592398155651,-34.59801929483336,13.011793649993166,0.8089780533845001,13.820771703377668,-58.0,7.0
20,58,RESIDUAL_SPREAD,24,LEGACY_RAW_EXIT,ALL_NON_GATE_PAIRS,NON_GATE_PAIRS,473,282,191,0.40380549682875266,-48.26015096363224,-52.58583186685456,0.02127659574468085,-71.84407585874092,-58.399768436390445,-41.917206776360416,-16.484884377844278,-0.7862118167539907,0.4494750745465126,15.25201643638751,10.735161014449046,118.61702127659575,15.0,358.5000000000001,1485.0,0.10502025054158425,206,171,-51.24728722872065,-44.25251502121346,11.872068476642825,-2.132219440275064,9.739849036367762,-58.0,35.0
20,58,RESIDUAL_SPREAD,24,LEGACY_RAW_EXIT,ALL_PAIRS,ALL,1176,292,884,0.7517006802721088,-48.12039333804971,-52.58583186685456,0.02054794520547945,-71.7175666670507,-58.40441403310449,-41.76128243678018,-15.580659474443385,-0.9613562452600992,0.15172278065356254,15.168552593082582,10.20583823428234,121.43835616438356,15.0,403.5000000000005,1485.0,0.06679853065837807,221,184,-51.10618150714221,-44.11324576950228,11.911100160661674,-2.03149349871138,9.879606661950291,-58.0,35.0
20,58,RESIDUAL_SPREAD,24,BASELINE_RESIDUAL_EXIT,binance/bitget,NON_GATE_PAIRS,54,0,54,1.0,,,,,,,,,,,,,,,,0.0,0,0,,,,,,,0.0
20,58,RESIDUAL_SPREAD,24,BASELINE_RESIDUAL_EXIT,binance/gate,GATE_PAIRS,170,1,169,0.9941176470588236,-49.03929018311021,-49.03929018311021,0.0,-49.03929018311021,-49.03929018311021,-49.03929018311021,-49.03929018311021,12.908370190145568,12.908370190145568,12.908370190145568,12.908370190145568,15.0,15.0,15.0,15.0,0.00028256569652444194,0,0,-49.03929018311021,-49.03929018311021,8.96070981688979,0.0,8.96070981688979,-58.0,1.0
20,58,RESIDUAL_SPREAD,24,BASELINE_RESIDUAL_EXIT,binance/hyperliquid,NON_GATE_PAIRS,154,148,6,0.03896103896103896,-50.14196625615193,-52.63306203620172,0.006756756756756757,-65.53600862006229,-57.29204026071301,-45.814702070325964,-27.17979490680678,-1.414812188562278,1.4916036871653882,13.002802358034021,8.625437192038564,55.439189189189186,30.0,120.0,525.0,0.15456343599886974,41,0,-51.99192804352695,-48.04208925023654,10.947101284388605,-3.0890675405405412,7.858033743848064,-58.0,34.0
20,58,RESIDUAL_SPREAD,24,BASELINE_RESIDUAL_EXIT,binance/okx,NON_GATE_PAIRS,98,95,3,0.030612244897959183,-49.37734965671979,-51.34249387245022,0.010526315789473684,-64.24524137762502,-54.638103189546825,-45.607695103713496,-32.53428869629912,2.816576090456263,2.952450253272953,11.07700270472225,8.046922232974874,37.73684210526316,15.0,69.00000000000013,585.0,0.06753320146934162,19,0,-51.55303937294475,-46.68338543979344,10.793336786510066,-2.1706864432298634,8.622650343280203,-58.0,27.0
20,58,RESIDUAL_SPREAD,24,BASELINE_RESIDUAL_EXIT,bitget/gate,GATE_PAIRS,69,2,67,0.9710144927536232,-44.19221421923664,-44.19221421923664,0.0,-52.063109422848974,-48.56493377679905,-39.81949466167423,-36.321319015624304,2.224709556296056,2.224709556296056,14.09851726116851,14.09851726116851,22.5,22.5,28.5,30.0,0.0008476970895733258,0,0,-52.93765333436146,-35.44677510411182,13.807785780763357,0.0,13.807785780763357,-58.0,2.0
20,58,RESIDUAL_SPREAD,24,BASELINE_RESIDUAL_EXIT,bitget/hyperliquid,NON_GATE_PAIRS,68,4,64,0.9411764705882353,-59.089269141166355,-59.62537568332313,0.0,-62.93062007731678,-60.84067615588117,-57.87396866860832,-54.49736904599646,-1.0010465336743324,-0.010060250261179071,0.8875569480351619,-0.010060250261179071,18.75,15.0,25.500000000000004,30.0,0.0014128284826222096,1,0,-62.410050837764246,-55.2323809024117,-0.9228786411663581,-0.1663905,-1.089269141166358,-58.0,4.0
20,58,RESIDUAL_SPREAD,24,BASELINE_RESIDUAL_EXIT,bitget/okx,NON_GATE_PAIRS,59,3,56,0.9491525423728814,-47.73166054560051,-52.95490360578831,0.0,-53.098816289116556,-53.03485509652623,-45.04008752476871,-38.70823465995302,0.3808524622235989,4.885193412735855,15.683819260794431,5.774302421430733,20.0,15.0,27.0,30.0,0.0011302627860977678,3,0,-53.11480658726415,-37.1252714437491,13.432718456540814,-3.164379002141333,10.268339454399483,-58.0,3.0
20,58,RESIDUAL_SPREAD,24,BASELINE_RESIDUAL_EXIT,gate/hyperliquid,GATE_PAIRS,261,3,258,0.9885057471264368,-40.47190861963072,-42.82315823193709,0.0,-45.39176459971814,-44.25016176959323,-37.869280275821396,-33.90617791092883,11.171275461753595,19.46281070702049,21.25013382391794,22.11529217888586,25.0,15.0,39.0,45.0,0.0014128284826222096,0,0,-42.82315823193709,-39.29628381347753,18.08771904703595,-0.5596276666666666,17.528091380369286,-58.0,2.0
20,58,RESIDUAL_SPREAD,24,BASELINE_RESIDUAL_EXIT,gate/okx,GATE_PAIRS,217,4,213,0.9815668202764977,-52.60904221570911,-55.228385733015756,0.0,-59.92619397691624,-57.674663666823506,-50.16276428190136,-41.62480953027271,3.012083555760381,0.7454984597732306,4.601385979819406,3.92410330789128,18.75,15.0,25.500000000000004,30.0,0.0014128284826222096,1,0,-58.796868772932896,-43.80187214117869,5.390957784290885,0.0,5.390957784290885,-58.0,4.0
20,58,RESIDUAL_SPREAD,24,BASELINE_RESIDUAL_EXIT,hyperliquid/okx,NON_GATE_PAIRS,157,153,4,0.025477707006369428,-46.53850301856146,-49.10386152536334,0.006535947712418301,-63.37892414724199,-54.7344519212753,-40.28212428423301,-25.21020075408281,3.9006291672086437,3.5884496545968148,15.14687224650006,12.180724738303228,43.529411764705884,30.0,90.0,435.0,0.12545916925685222,48,0,-48.79193851791994,-44.144392787316086,13.247496111854378,-1.7859991304158367,11.461496981438541,-58.0,33.0
20,58,RESIDUAL_SPREAD,24,BASELINE_RESIDUAL_EXIT,ALL_GATE_PAIRS,GATE_PAIRS,717,10,707,0.9860529986052998,-46.92756133433121,-47.35822774517979,0.0,-58.80042882186987,-53.52459740490035,-40.32353018975842,-34.054520072688454,6.291994991104,3.744351528216505,12.3261350103514,12.301164767548611,21.0,15.0,31.499999999999993,45.0,0.0009889799378355467,1,0,-53.58437759034774,-42.40305480234826,11.240326965668789,-0.1678883,11.07243866566879,-58.0,7.0
20,58,RESIDUAL_SPREAD,24,BASELINE_RESIDUAL_EXIT,ALL_NON_GATE_PAIRS,NON_GATE_PAIRS,590,403,187,0.3169491525423729,-48.66452169563334,-50.79615061229976,0.007444168734491315,-64.2752111163168,-55.61730589904117,-43.59292764001159,-27.74420239852466,1.6181567208958412,2.633608551175781,13.262538821902437,9.29797717684755,46.116625310173696,30.0,90.0,585.0,0.05834981633229726,112,230,-50.11847541465908,-47.23178851554647,11.684892135798131,-2.349413831431474,9.335478304366658,-58.0,36.0
20,58,RESIDUAL_SPREAD,24,BASELINE_RESIDUAL_EXIT,ALL_PAIRS,ALL,1307,413,894,0.6840091813312931,-48.62246454402797,-50.71902974801507,0.007263922518159807,-64.01555545478296,-55.580587568418096,-43.45645086662472,-27.781337582567463,1.7313247177531812,2.633608551175781,13.239865606126383,9.383992850386935,45.50847457627118,15.0,90.0,585.0,0.035405481774512575,113,241,-50.04643080668724,-47.19367772374083,11.67412784596449,-2.2965923899924556,9.377535455972035,-58.0,36.0
20,58,RESIDUAL_SPREAD,24,FRACTIONAL_RESIDUAL_EXIT,binance/bitget,NON_GATE_PAIRS,54,0,54,1.0,,,,,,,,,,,,,,,,0.0,0,0,,,,,,,0.0
20,58,RESIDUAL_SPREAD,24,FRACTIONAL_RESIDUAL_EXIT,binance/gate,GATE_PAIRS,169,1,168,0.9940828402366864,-45.45334253189037,-45.45334253189037,0.0,-45.45334253189037,-45.45334253189037,-45.45334253189037,-45.45334253189037,-16.159349377646848,-16.159349377646848,12.908370190145568,12.908370190145568,135.0,135.0,135.0,135.0,0.002543091268719977,1,0,-45.45334253189037,-45.45334253189037,5.817557468109635,6.729100000000001,12.546657468109636,-58.0,1.0
20,58,RESIDUAL_SPREAD,24,FRACTIONAL_RESIDUAL_EXIT,binance/hyperliquid,NON_GATE_PAIRS,94,86,8,0.0851063829787234,-43.55528850568215,-43.107715066658756,0.03488372093023256,-75.14238574648942,-52.22179683828628,-35.186764005050925,-11.553120852733917,-8.212047928180237,-2.4447770649665967,26.97352022264051,20.148596124004435,208.6046511627907,142.5,495.0,1035.0,0.33794857304323256,97,0,-46.7105240515898,-40.01326924197812,20.265935494317844,-5.821224000000001,14.44471149431785,-58.0,33.0
20,58,RESIDUAL_SPREAD,24,FRACTIONAL_RESIDUAL_EXIT,binance/okx,NON_GATE_PAIRS,69,63,6,0.08695652173913043,-41.740887620266996,-41.68234999371773,0.031746031746031744,-59.0589369557316,-49.8018625596323,-35.671038253795864,-23.640887977223375,-0.7756379853076368,0.4408635865327248,22.925503159686677,19.24619368998126,132.85714285714286,105.0,240.0,705.0,0.1576716586606386,35,0,-44.459895441860674,-39.1348776066576,20.110556463602194,-3.851444083869191,16.259112379733,-58.0,26.0
20,58,RESIDUAL_SPREAD,24,FRACTIONAL_RESIDUAL_EXIT,bitget/gate,GATE_PAIRS,69,1,68,0.9855072463768116,-35.44677510411182,-35.44677510411182,0.0,-35.44677510411182,-35.44677510411182,-35.44677510411182,-35.44677510411182,-0.6129275530464273,-0.6129275530464273,23.13468785669848,23.13468785669848,30.0,30.0,30.0,30.0,0.0005651313930488839,0,0,-35.44677510411182,-35.44677510411182,22.553224895888174,0.0,22.553224895888174,-58.0,1.0
20,58,RESIDUAL_SPREAD,24,FRACTIONAL_RESIDUAL_EXIT,bitget/hyperliquid,NON_GATE_PAIRS,68,0,68,1.0,,,,,,,,,,,,,,,,0.0,0,0,,,,,,,0.0
20,58,RESIDUAL_SPREAD,24,FRACTIONAL_RESIDUAL_EXIT,bitget/okx,NON_GATE_PAIRS,59,0,59,1.0,,,,,,,,,,,,,,,,0.0,0,0,,,,,,,0.0
20,58,RESIDUAL_SPREAD,24,FRACTIONAL_RESIDUAL_EXIT,gate/hyperliquid,GATE_PAIRS,261,3,258,0.9885057471264368,-40.47190861963072,-42.82315823193709,0.0,-45.39176459971814,-44.25016176959323,-37.869280275821396,-33.90617791092883,11.171275461753595,19.46281070702049,21.25013382391794,22.11529217888586,25.0,15.0,39.0,45.0,0.0014128284826222096,0,0,-42.82315823193709,-39.29628381347753,18.08771904703595,-0.5596276666666666,17.528091380369286,-58.0,2.0
20,58,RESIDUAL_SPREAD,24,FRACTIONAL_RESIDUAL_EXIT,gate/okx,GATE_PAIRS,217,4,213,0.9815668202764977,-44.26735133618094,-42.81272624160177,0.0,-51.00804942558607,-47.22571905131174,-39.85435852647097,-39.56312837918662,-0.7848653855302423,-1.0359907563523008,15.524802417757332,14.929966055791665,48.75,45.0,81.0,90.0,0.003673354054817745,1,0,-48.959150119659185,-39.73301263176916,15.231629280357817,-1.4989806165387503,13.732648663819067,-58.0,4.0
20,58,RESIDUAL_SPREAD,24,FRACTIONAL_RESIDUAL_EXIT,hyperliquid/okx,NON_GATE_PAIRS,107,100,7,0.06542056074766354,-39.509014746689225,-38.610919671405945,0.02,-61.41281761781257,-45.165732589754256,-34.0721633978209,-24.158747286690335,-3.267745413769585,-0.512900704469077,24.980347184699973,21.38037032671125,144.6,82.5,286.5000000000001,960.0,0.272393331449562,95,0,-41.49435339404161,-37.44334934702486,21.15316725591626,-2.66218200260549,18.49098525331077,-58.0,33.0
20,58,RESIDUAL_SPREAD,24,FRACTIONAL_RESIDUAL_EXIT,ALL_GATE_PAIRS,GATE_PAIRS,716,9,707,0.9874301675977654,-42.15391653773534,-42.82315823193709,0.0,-49.44304533439254,-45.64974806203077,-39.490320842365534,-33.927951433468145,1.5113431013829492,-0.9353594712480096,17.98807435440302,19.46281070702049,48.333333333333336,30.0,99.0,135.0,0.002048601299802204,2,0,-46.05520945380996,-40.035003195572926,15.951161847392992,-0.10507838512833335,15.846083462264659,-58.0,6.0
20,58,RESIDUAL_SPREAD,24,FRACTIONAL_RESIDUAL_EXIT,ALL_NON_GATE_PAIRS,NON_GATE_PAIRS,451,249,202,0.44789356984478934,-41.47121367965626,-41.50968003673289,0.028112449799196786,-68.44658506983573,-47.9293928663716,-34.655670365713675,-19.21558800117245,-4.3448829569270675,-0.7753929817067018,25.14885203484876,20.60256099381652,163.73493975903614,105.0,405.0,1035.0,0.1280022605255722,227,205,-43.14979453381919,-39.877065417687454,20.58294070405582,-4.05415438371208,16.52878632034374,-58.0,34.0
20,58,RESIDUAL_SPREAD,24,FRACTIONAL_RESIDUAL_EXIT,ALL_PAIRS,ALL,1167,258,909,0.7789203084832905,-41.49502889563576,-41.5115851284332,0.027131782945736434,-68.38382663812949,-47.76864711220453,-34.83184344709534,-21.34691712635949,-4.140596001404624,-0.8017746523025782,24.899057464600652,20.559056739120063,159.7093023255814,97.5,405.0,1035.0,0.0776207968352642,229,215,-43.10798581791788,-39.95060480838121,20.421367023009445,-3.9163959186452053,16.504971104364234,-58.0,34.0
20,58,RESIDUAL_SPREAD,72,LEGACY_RAW_EXIT,binance/bitget,NON_GATE_PAIRS,19,0,19,1.0,,,,,,,,,,,,,,,,0.0,0,0,,,,,,,0.0
20,58,RESIDUAL_SPREAD,72,LEGACY_RAW_EXIT,binance/gate,GATE_PAIRS,133,0,133,1.0,,,,,,,,,,,,,,,,0.0,0,0,,,,,,,0.0
20,58,RESIDUAL_SPREAD,72,LEGACY_RAW_EXIT,binance/hyperliquid,NON_GATE_PAIRS,114,105,9,0.07894736842105263,-55.744497408622934,-57.784729477922966,0.009523809523809525,-77.88468414415364,-62.73420489452309,-50.92276323274997,-28.25327277605096,-6.410987562443257,-1.826366360856424,11.19349558423367,5.366276424390026,161.0,15.0,579.0000000000008,1335.0,0.31845153998304604,105,0,-59.08933601443936,-51.7337813365485,4.592734658043725,-2.337232066666667,2.2555025913770597,-58.0,31.0
20,58,RESIDUAL_SPREAD,72,LEGACY_RAW_EXIT,binance/okx,NON_GATE_PAIRS,87,86,1,0.011494252873563218,-48.71759375484855,-51.04285981164084,0.023255813953488372,-60.61404232272191,-56.09192778133349,-45.70618241748953,-33.27872960817241,2.3657992204856186,2.642733010902454,11.049776262629505,8.39126649232469,57.2093023255814,15.0,135.0,930.0,0.09268154846001696,27,0,-52.06071626522296,-44.429488173357505,10.240099143028765,-0.957692897877314,9.28240624515145,-58.0,26.0
20,58,RESIDUAL_SPREAD,72,LEGACY_RAW_EXIT,bitget/gate,GATE_PAIRS,19,0,19,1.0,,,,,,,,,,,,,,,,0.0,0,0,,,,,,,0.0
20,58,RESIDUAL_SPREAD,72,LEGACY_RAW_EXIT,bitget/hyperliquid,NON_GATE_PAIRS,19,0,19,1.0,,,,,,,,,,,,,,,,0.0,0,0,,,,,,,0.0
20,58,RESIDUAL_SPREAD,72,LEGACY_RAW_EXIT,bitget/okx,NON_GATE_PAIRS,19,0,19,1.0,,,,,,,,,,,,,,,,0.0,0,0,,,,,,,0.0
20,58,RESIDUAL_SPREAD,72,LEGACY_RAW_EXIT,gate/hyperliquid,GATE_PAIRS,236,5,231,0.9788135593220338,-25.38046536369064,-25.559540488537493,0.2,-56.434947026855404,-44.56903280946695,-3.5219004288887845,4.215277905936271,-11.59729802717857,-8.121282907607164,37.670112367912395,44.83035901119648,390.0,345.0,789.0,1005.0,0.03673354054817745,20,0,-49.666570008322395,-5.881753056873675,34.30623903630936,-1.6867044,32.61953463630936,-58.0,5.0
20,58,RESIDUAL_SPREAD,72,LEGACY_RAW_EXIT,gate/okx,GATE_PAIRS,174,4,170,0.9770114942528736,-47.145956028528815,-48.90141452413012,0.0,-51.12023767709534,-50.438491491518754,-45.608879061140186,-40.714032486120466,5.917094500275111,8.989443328941693,14.21126799628636,10.82129506968843,18.75,15.0,25.500000000000004,30.0,0.0014128284826222096,2,0,-50.722552402175666,-42.156348276989604,13.402328223077188,-2.548284251606,10.854043971471189,-58.0,4.0
20,58,RESIDUAL_SPREAD,72,LEGACY_RAW_EXIT,hyperliquid/okx,NON_GATE_PAIRS,137,133,4,0.029197080291970802,-48.75541794173148,-53.62419191879714,0.022556390977443608,-70.09270722715728,-59.53835534517977,-42.75394903806974,-13.708257720065145,-1.503143271626008,-0.1559003932372071,12.851806936565518,7.2818999456059075,99.81203007518798,15.0,311.99999999999994,1095.0,0.2500706414241311,102,0,-51.84328777378279,-44.96318480947211,8.896008473676412,0.3485735845921054,9.24458205826852,-58.0,34.0
20,58,RESIDUAL_SPREAD,72,LEGACY_RAW_EXIT,ALL_GATE_PAIRS,GATE_PAIRS,562,9,553,0.9839857651245552,-35.054016770285386,-44.56903280946695,0.1111111111111111,-56.15712503811731,-50.15443058086184,-25.559540488537493,2.280983322230005,-3.8131235705324906,-3.887104735795788,27.243959313856383,27.172225982310398,225.0,30.0,573.0000000000001,1005.0,0.009536592257699915,22,4,-47.38459084767266,-18.632831081322216,25.015612008206176,-2.069628778491556,22.945983229714614,-58.0,6.0
20,58,RESIDUAL_SPREAD,72,LEGACY_RAW_EXIT,ALL_NON_GATE_PAIRS,NON_GATE_PAIRS,395,324,71,0.17974683544303796,-51.01035764528603,-54.43671332848781,0.018518518518518517,-71.89106611992885,-59.56212266291145,-46.12217624323884,-20.88887685054962,-2.0667068401883886,-0.3216654646331918,11.836074436709525,7.441845652813028,108.33333333333333,15.0,325.49999999999983,1335.0,0.11020062164453236,234,178,-53.56894250536878,-48.01076859110666,7.85819380368527,-0.8685514489712932,6.989642354713979,-58.0,36.0
20,58,RESIDUAL_SPREAD,72,LEGACY_RAW_EXIT,ALL_PAIRS,ALL,957,333,624,0.6520376175548589,-50.57910518920493,-54.1506981170733,0.021021021021021023,-71.87288646827179,-59.40142558120252,-45.797688267297325,-17.500565126759845,-2.1139072923598508,-0.3837173515108816,12.252503757713495,7.7883995941507855,111.48648648648648,15.0,330.0,1335.0,0.06993500988979938,256,188,-53.11527180748474,-47.63792981038748,8.321907809212863,-0.9010129984177868,7.420894810795078,-58.0,36.0
20,58,RESIDUAL_SPREAD,72,BASELINE_RESIDUAL_EXIT,binance/bitget,NON_GATE_PAIRS,19,0,19,1.0,,,,,,,,,,,,,,,,0.0,0,0,,,,,,,0.0
20,58,RESIDUAL_SPREAD,72,BASELINE_RESIDUAL_EXIT,binance/gate,GATE_PAIRS,133,0,133,1.0,,,,,,,,,,,,,,,,0.0,0,0,,,,,,,0.0
20,58,RESIDUAL_SPREAD,72,BASELINE_RESIDUAL_EXIT,binance/hyperliquid,NON_GATE_PAIRS,177,173,4,0.022598870056497175,-51.11176613229821,-51.93919443760907,0.0,-65.31104165745079,-56.68909878079244,-47.51540030901406,-34.229333750694565,-2.2432263381433404,0.631144753069357,10.941848993514004,7.746732182339899,65.3757225433526,30.0,147.00000000000017,615.0,0.2130545351794292,62,0,-52.33249513408918,-49.730634088464456,9.810778925505254,-2.922545057803468,6.888233867701784,-58.0,32.0
20,58,RESIDUAL_SPREAD,72,BASELINE_RESIDUAL_EXIT,binance/okx,NON_GATE_PAIRS,96,94,2,0.020833333333333332,-48.10417534412206,-50.42132943566452,0.02127659574468085,-58.884349245218075,-54.79161482229017,-45.183632253899475,-32.45124069232125,2.7993341692738554,3.1205205089113175,11.038110777406267,7.879639747206957,48.03191489361702,15.0,70.50000000000004,945.0,0.08505227465385702,18,0,-50.66898190735809,-45.204601155410366,10.730235048639644,-0.8344103927617024,9.895824655877941,-58.0,26.0
20,58,RESIDUAL_SPREAD,72,BASELINE_RESIDUAL_EXIT,bitget/gate,GATE_PAIRS,19,0,19,1.0,,,,,,,,,,,,,,,,0.0,0,0,,,,,,,0.0
20,58,RESIDUAL_SPREAD,72,BASELINE_RESIDUAL_EXIT,bitget/hyperliquid,NON_GATE_PAIRS,19,0,19,1.0,,,,,,,,,,,,,,,,0.0,0,0,,,,,,,0.0
20,58,RESIDUAL_SPREAD,72,BASELINE_RESIDUAL_EXIT,bitget/okx,NON_GATE_PAIRS,19,0,19,1.0,,,,,,,,,,,,,,,,0.0,0,0,,,,,,,0.0
20,58,RESIDUAL_SPREAD,72,BASELINE_RESIDUAL_EXIT,gate/hyperliquid,GATE_PAIRS,256,5,251,0.98046875,-36.47383824082325,-39.21789891638356,0.0,-45.640826172956444,-43.0325869186556,-32.91540231970569,-23.311414114212933,3.1648219306248406,10.873625900714725,25.84185793133154,22.17229858584746,96.0,15.0,234.0,300.0,0.009042102288782142,0,0,-43.57485945304699,-28.23340980425727,21.773947959176756,-0.2477862,21.526161759176755,-58.0,5.0
20,58,RESIDUAL_SPREAD,72,BASELINE_RESIDUAL_EXIT,gate/okx,GATE_PAIRS,174,4,170,0.9770114942528736,-47.145956028528815,-48.90141452413012,0.0,-51.12023767709534,-50.438491491518754,-45.608879061140186,-40.714032486120466,5.917094500275111,8.989443328941693,14.21126799628636,10.82129506968843,18.75,15.0,25.500000000000004,30.0,0.0014128284826222096,2,0,-50.722552402175666,-42.156348276989604,13.402328223077188,-2.548284251606,10.854043971471189,-58.0,4.0
20,58,RESIDUAL_SPREAD,72,BASELINE_RESIDUAL_EXIT,hyperliquid/okx,NON_GATE_PAIRS,189,185,4,0.021164021164021163,-47.24649622211285,-50.39953672681147,0.0,-59.806044234615435,-54.74140649452999,-42.19010925492234,-27.79573502247441,2.3230426670986444,3.2714029668201583,13.066170234041564,8.888318818938146,40.21621621621622,15.0,90.0,480.0,0.1401525854761232,56,0,-49.058421009476156,-44.86364702086753,11.729862699705926,-0.9763589218187785,10.753503777887145,-58.0,33.0
20,58,RESIDUAL_SPREAD,72,BASELINE_RESIDUAL_EXIT,ALL_GATE_PAIRS,GATE_PAIRS,582,9,573,0.9845360824742269,-41.217001702025726,-43.0325869186556,0.0,-50.83617676643843,-47.6483984673984,-39.21789891638356,-25.712411165586126,4.388054183802739,9.948630794425206,20.672706849089234,17.06392551282132,61.666666666666664,15.0,168.00000000000003,300.0,0.002613732692851088,2,2,-46.23591546131057,-33.2314553451303,18.05322807646584,-1.2702297784915553,16.782998297974284,-58.0,6.0
20,58,RESIDUAL_SPREAD,72,BASELINE_RESIDUAL_EXIT,ALL_NON_GATE_PAIRS,NON_GATE_PAIRS,519,452,67,0.12909441233140656,-48.904269522845006,-51.05673486968304,0.004424778761061947,-61.00492716082377,-55.33076811529676,-44.475835325512485,-29.085651766771115,0.674385285013703,2.3522789172392145,11.831335801442037,8.303994394053827,51.4712389380531,15.0,105.0,945.0,0.07304323255156824,136,267,-50.18160337489886,-47.64174595556911,10.787458956040112,-1.6917284788851192,9.095730477154994,-58.0,35.0
20,58,RESIDUAL_SPREAD,72,BASELINE_RESIDUAL_EXIT,ALL_PAIRS,ALL,1101,461,640,0.5812897366030881,-48.75419271072488,-50.92276323274997,0.004338394793926247,-60.92964442481529,-55.25026540592143,-44.08571065914718,-29.03216927749928,0.7468864131896279,2.374477802276065,12.003943913001311,8.350941271553225,51.670281995661604,15.0,105.0,945.0,0.04487143260808138,138,281,-50.005239861874614,-47.49875410979842,10.929306943206775,-1.6834996539316658,9.24580728927511,-58.0,35.0
20,58,RESIDUAL_SPREAD,72,FRACTIONAL_RESIDUAL_EXIT,binance/bitget,NON_GATE_PAIRS,19,0,19,1.0,,,,,,,,,,,,,,,,0.0,0,0,,,,,,,0.0
20,58,RESIDUAL_SPREAD,72,FRACTIONAL_RESIDUAL_EXIT,binance/gate,GATE_PAIRS,133,0,133,1.0,,,,,,,,,,,,,,,,0.0,0,0,,,,,,,0.0
20,58,RESIDUAL_SPREAD,72,FRACTIONAL_RESIDUAL_EXIT,binance/hyperliquid,NON_GATE_PAIRS,86,78,8,0.09302325581395349,-43.747603960494075,-43.9415515941329,0.0,-66.1014808327666,-51.402468527995126,-37.236408906985076,-21.760157637654668,-11.837652547390011,-4.752156146525244,23.849269633645015,19.155324763172054,286.9230769230769,172.5,652.4999999999998,1365.0,0.42158801921446737,134,0,-46.982088289497206,-40.78467510189073,19.037384975403363,-4.784988935897436,14.25239603950593,-58.0,31.0
20,58,RESIDUAL_SPREAD,72,FRACTIONAL_RESIDUAL_EXIT,binance/okx,NON_GATE_PAIRS,59,54,5,0.0847457627118644,-39.47009348213272,-40.16536618898087,0.037037037037037035,-55.64367046214445,-43.25831067230335,-35.7921553239441,-27.566420655786175,-2.2527021753675984,0.15663602357274264,21.443738971818988,19.99129121976251,173.61111111111111,82.5,430.50000000000006,1275.0,0.17660356032777622,47,0,-42.467199411736125,-36.418365527929446,20.59943848677604,-2.0695319689087595,18.52990651786728,-58.0,24.0
20,58,RESIDUAL_SPREAD,72,FRACTIONAL_RESIDUAL_EXIT,bitget/gate,GATE_PAIRS,19,0,19,1.0,,,,,,,,,,,,,,,,0.0,0,0,,,,,,,0.0
20,58,RESIDUAL_SPREAD,72,FRACTIONAL_RESIDUAL_EXIT,bitget/hyperliquid,NON_GATE_PAIRS,19,0,19,1.0,,,,,,,,,,,,,,,,0.0,0,0,,,,,,,0.0
20,58,RESIDUAL_SPREAD,72,FRACTIONAL_RESIDUAL_EXIT,bitget/okx,NON_GATE_PAIRS,19,0,19,1.0,,,,,,,,,,,,,,,,0.0,0,0,,,,,,,0.0
20,58,RESIDUAL_SPREAD,72,FRACTIONAL_RESIDUAL_EXIT,gate/hyperliquid,GATE_PAIRS,254,5,249,0.9803149606299213,-31.886582745396993,-32.91540231970569,0.0,-41.395806736735636,-39.21789891638356,-24.448911736232304,-21.618115997518256,1.6691369798624855,3.3952011469029486,31.020379314123716,30.732337896268724,132.0,90.0,297.0,405.0,0.012432890647075446,2,0,-38.501876552136004,-24.726811983569956,26.703905654603012,-0.5904884000000001,26.113417254603014,-58.0,5.0
20,58,RESIDUAL_SPREAD,72,FRACTIONAL_RESIDUAL_EXIT,gate/okx,GATE_PAIRS,172,4,168,0.9767441860465116,-42.83158552807861,-43.09030627337445,0.0,-48.57098839296593,-47.24343778926059,-38.678454012192475,-36.729973619777134,1.7194072600279497,1.9720813963453043,20.178078992806604,17.030466022353032,120.0,52.5,274.50000000000006,360.0,0.009042102288782142,4,0,-47.79658387413781,-37.866587182019416,19.276698723527385,-4.108284251605999,15.168414471921386,-58.0,4.0
20,58,RESIDUAL_SPREAD,72,FRACTIONAL_RESIDUAL_EXIT,hyperliquid/okx,NON_GATE_PAIRS,113,107,6,0.05309734513274336,-38.15379532287624,-38.3476672126784,0.009345794392523364,-59.276629056062745,-44.839775917562136,-31.076706813538788,-21.38279139728965,-5.596345001143298,-2.4840841923268187,25.72866216650503,22.22855306282856,172.42990654205607,105.0,441.0000000000001,900.0,0.3475558067250636,131,0,-40.14315469597265,-36.04330561063612,21.448161547052614,-1.601956869928859,19.846204677123755,-58.0,31.0
20,58,RESIDUAL_SPREAD,72,FRACTIONAL_RESIDUAL_EXIT,ALL_GATE_PAIRS,GATE_PAIRS,578,9,569,0.9844290657439446,-36.75102842658882,-39.21789891638356,0.0,-48.0178423080887,-41.94028369182365,-32.91540231970569,-22.325814932196767,1.6914793266026915,3.3952011469029486,26.201579171316112,22.17229858584746,126.66666666666667,75.0,369.0,405.0,0.005368748233964397,6,2,-42.21519242697514,-29.690532123623143,23.40292479634718,-2.153953222936,21.24897157341118,-58.0,6.0
20,58,RESIDUAL_SPREAD,72,FRACTIONAL_RESIDUAL_EXIT,ALL_NON_GATE_PAIRS,NON_GATE_PAIRS,315,239,76,0.24126984126984127,-40.27679605230738,-40.18676651949074,0.012552301255230125,-62.88316811795083,-46.93560631314357,-34.3978111597362,-21.831323998615606,-6.877789670663614,-2.7357674671546484,24.147162291709513,20.71949443214205,210.06276150627616,120.0,513.0000000000002,1365.0,0.15762456437788452,312,200,-42.00786033208072,-38.41792926850233,20.469619212979076,-2.7464152652864477,17.723203947692625,-58.0,33.0
20,58,RESIDUAL_SPREAD,72,FRACTIONAL_RESIDUAL_EXIT,ALL_PAIRS,ALL,893,248,645,0.7222844344904815,-40.148844807825654,-40.16536618898087,0.012096774193548387,-61.7479633354727,-46.811051369707926,-34.23051331038235,-21.282550943033975,-6.5668081344725,-2.7339731855213767,24.22171774298556,20.731839026773002,207.03629032258064,120.0,510.0,1365.0,0.09672223792031648,318,209,-41.79996926673075,-38.31785236618503,20.576069818827108,-2.724914626652762,17.85115519217435,-58.0,33.0
20,80,RESIDUAL_SPREAD,24,LEGACY_RAW_EXIT,binance/bitget,NON_GATE_PAIRS,54,0,54,1.0,,,,,,,,,,,,,,,,0.0,0,0,,,,,,,0.0
20,80,RESIDUAL_SPREAD,24,LEGACY_RAW_EXIT,binance/gate,GATE_PAIRS,166,2,164,0.9879518072289156,-53.93118308584194,-53.93118308584194,0.0,-76.34042454332645,-66.38076167333334,-41.48160449835055,-31.521941628357435,-9.195063725098708,-9.195063725098708,26.25096733016308,26.25096733016308,232.5,232.5,406.5,450.0,0.0087595365922577,4,0,-78.83034026082473,-29.032025910859154,22.704266914158055,3.3645500000000004,26.068816914158056,-80.0,2.0
20,80,RESIDUAL_SPREAD,24,LEGACY_RAW_EXIT,binance/hyperliquid,NON_GATE_PAIRS,85,77,8,0.09411764705882353,-70.68216485554711,-77.14544469400832,0.012987012987012988,-97.0994762708232,-82.97800906676748,-63.51349022013351,-40.28175572968079,-5.256263224393804,-3.146648242642325,17.48800572173483,9.560748639305672,205.9090909090909,30.0,762.0000000000006,1485.0,0.2986719412263351,93,0,-76.24188774741187,-60.926499059583534,13.441716611985331,-4.123881467532468,9.317835144452864,-80.0,28.0
20,80,RESIDUAL_SPREAD,24,LEGACY_RAW_EXIT,binance/okx,NON_GATE_PAIRS,93,91,2,0.021505376344086023,-73.09800698485029,-75.19390218269854,0.01098901098901099,-87.83482681345032,-79.33872827713621,-67.89349520946557,-54.2020966803876,1.852940675028495,2.952450253272953,10.838988600279684,7.789417669794574,50.76923076923077,15.0,75.0,915.0,0.08703023452952811,24,0,-76.3722673009062,-68.96046773247689,9.464597144308318,-2.562604129158604,6.901993015149711,-80.0,27.0
20,80,RESIDUAL_SPREAD,24,LEGACY_RAW_EXIT,bitget/gate,GATE_PAIRS,69,2,67,0.9710144927536232,-86.1639811488362,-86.1639811488362,0.0,-89.5410995482817,-88.04015803741703,-84.28780426025538,-82.78686274939072,-5.497856843028059,-5.497856843028059,-1.5122774623604898,-1.5122774623604898,22.5,22.5,28.5,30.0,0.0008476970895733258,0,0,-89.91633492599786,-82.41162737167456,-6.163981148836206,0.0,-6.163981148836206,-80.0,2.0
20,80,RESIDUAL_SPREAD,24,LEGACY_RAW_EXIT,bitget/hyperliquid,NON_GATE_PAIRS,68,3,65,0.9558823529411765,-82.71914691774457,-87.82689612700338,0.0,-89.86518260931601,-88.95927750606594,-79.03289093405257,-71.99768677969192,-2.511530385893208,-5.228481160134413,-1.2665821477061037,-1.4936364455730988,20.0,15.0,27.0,30.0,0.0011302627860977678,0,0,-90.09165888512852,-70.23888574110175,-2.7191469177445526,0.0,-2.7191469177445526,-80.0,3.0
20,80,RESIDUAL_SPREAD,24,LEGACY_RAW_EXIT,bitget/okx,NON_GATE_PAIRS,60,3,57,0.95,-82.01055996237692,-80.71492709129872,0.0,-88.63673731187609,-85.11593276939726,-78.25737071981746,-76.29132562263246,-2.0976808774945486,-0.976289836651656,-2.0976808774945486,-0.976289836651656,15.0,15.0,15.0,15.0,0.0008476970895733258,0,0,-89.51693844749578,-75.7998143483362,-2.010559962376904,0.0,-2.010559962376904,-80.0,3.0
20,80,RESIDUAL_SPREAD,24,LEGACY_RAW_EXIT,gate/hyperliquid,GATE_PAIRS,251,2,249,0.9920318725099602,-57.06428664900222,-57.06428664900222,0.0,-65.61855819342047,-61.81665972923459,-52.31191356876985,-48.510015104583964,-13.239494306474532,-13.239494306474532,18.354538051794655,18.354538051794655,510.0,510.0,906.0,1005.0,0.01921446736366205,10,0,-66.56903280946695,-47.55954048853749,21.757411850997777,1.1783015000000008,22.93571335099778,-80.0,2.0
20,80,RESIDUAL_SPREAD,24,LEGACY_RAW_EXIT,gate/okx,GATE_PAIRS,217,4,213,0.9815668202764977,-66.86834529971566,-70.11342343999186,0.0,-80.7373900530947,-79.32501545393482,-57.6567532857727,-48.456191149949916,-0.7848653855302423,-1.0359907563523008,10.490566569910376,5.379299936851822,120.0,15.0,309.00000000000006,435.0,0.009042102288782142,1,0,-79.91350487025144,-53.82318572917987,13.3806353168231,-0.2489806165387502,13.13165470028435,-80.0,4.0
20,80,RESIDUAL_SPREAD,24,LEGACY_RAW_EXIT,hyperliquid/okx,NON_GATE_PAIRS,113,108,5,0.04424778761061947,-66.89563075560574,-71.60717279949485,0.009259259259259259,-86.04293030315978,-79.30195607428034,-59.4669372477183,-30.45989097131898,0.26139415107655145,0.7694238930311403,18.317009453128218,16.461650475022573,119.16666666666667,22.5,358.4999999999999,930.0,0.24244136761797117,89,0,-70.30878892441174,-61.964427389425744,13.572425109247346,-0.46805586485310163,13.104369244394247,-80.0,33.0
20,80,RESIDUAL_SPREAD,24,LEGACY_RAW_EXIT,ALL_GATE_PAIRS,GATE_PAIRS,703,10,693,0.9857752489331437,-66.17922829662233,-72.65277942354257,0.0,-86.53921652655237,-80.52544784236969,-51.0422355769945,-36.73783702816995,-5.900429129132357,-4.628952474531878,12.8148722118836,-0.5374276742714512,201.0,15.0,505.4999999999998,1005.0,0.009465950833568805,15,0,-74.47232440665353,-56.24639856939879,13.011793649993166,0.8089780533845001,13.820771703377668,-80.0,7.0
20,80,RESIDUAL_SPREAD,24,LEGACY_RAW_EXIT,ALL_NON_GATE_PAIRS,NON_GATE_PAIRS,473,282,191,0.40380549682875266,-70.26015096363224,-74.58583186685456,0.010638297872340425,-93.84407585874092,-80.39976843639045,-63.917206776360416,-38.484884377844274,-0.7862118167539907,0.4494750745465126,15.25201643638751,10.735161014449046,118.61702127659575,15.0,358.5000000000001,1485.0,0.10502025054158425,206,171,-73.14535430432466,-66.08225914907825,11.872068476642825,-2.132219440275064,9.739849036367762,-80.0,35.0
20,80,RESIDUAL_SPREAD,24,LEGACY_RAW_EXIT,ALL_PAIRS,ALL,1176,292,884,0.7517006802721088,-70.12039333804971,-74.58583186685456,0.010273972602739725,-93.7175666670507,-80.40441403310449,-63.76128243678018,-37.58065947444338,-0.9613562452600992,0.15172278065356254,15.168552593082582,10.20583823428234,121.43835616438356,15.0,403.5000000000005,1485.0,0.06679853065837807,221,184,-72.94019415818285,-65.9724013023569,11.911100160661674,-2.03149349871138,9.879606661950291,-80.0,35.0
20,80,RESIDUAL_SPREAD,24,BASELINE_RESIDUAL_EXIT,binance/bitget,NON_GATE_PAIRS,54,0,54,1.0,,,,,,,,,,,,,,,,0.0,0,0,,,,,,,0.0
20,80,RESIDUAL_SPREAD,24,BASELINE_RESIDUAL_EXIT,binance/gate,GATE_PAIRS,170,1,169,0.9941176470588236,-71.03929018311021,-71.03929018311021,0.0,-71.03929018311021,-71.03929018311021,-71.03929018311021,-71.03929018311021,12.908370190145568,12.908370190145568,12.908370190145568,12.908370190145568,15.0,15.0,15.0,15.0,0.00028256569652444194,0,0,-71.03929018311021,-71.03929018311021,8.96070981688979,0.0,8.96070981688979,-80.0,1.0
20,80,RESIDUAL_SPREAD,24,BASELINE_RESIDUAL_EXIT,binance/hyperliquid,NON_GATE_PAIRS,154,148,6,0.03896103896103896,-72.14196625615192,-74.63306203620172,0.0,-87.53600862006229,-79.292040260713,-67.81470207032596,-49.179794906806784,-1.414812188562278,1.4916036871653882,13.002802358034021,8.625437192038564,55.439189189189186,30.0,120.0,525.0,0.15456343599886974,41,0,-74.10818451831632,-70.05953755439018,10.947101284388605,-3.0890675405405412,7.858033743848064,-80.0,34.0
20,80,RESIDUAL_SPREAD,24,BASELINE_RESIDUAL_EXIT,binance/okx,NON_GATE_PAIRS,98,95,3,0.030612244897959183,-71.37734965671979,-73.34249387245022,0.010526315789473684,-86.24524137762502,-76.63810318954683,-67.6076951037135,-54.53428869629913,2.816576090456263,2.952450253272953,11.07700270472225,8.046922232974874,37.73684210526316,15.0,69.00000000000013,585.0,0.06753320146934162,19,0,-73.62182606841496,-68.61218448098512,10.793336786510066,-2.1706864432298634,8.622650343280203,-80.0,27.0
20,80,RESIDUAL_SPREAD,24,BASELINE_RESIDUAL_EXIT,bitget/gate,GATE_PAIRS,69,2,67,0.9710144927536232,-66.19221421923663,-66.19221421923663,0.0,-74.06310942284898,-70.56493377679905,-61.81949466167423,-58.321319015624304,2.224709556296056,2.224709556296056,14.09851726116851,14.09851726116851,22.5,22.5,28.5,30.0,0.0008476970895733258,0,0,-74.93765333436146,-57.44677510411182,13.807785780763357,0.0,13.807785780763357,-80.0,2.0
20,80,RESIDUAL_SPREAD,24,BASELINE_RESIDUAL_EXIT,bitget/hyperliquid,NON_GATE_PAIRS,68,4,64,0.9411764705882353,-81.08926914116635,-81.62537568332313,0.0,-84.93062007731677,-82.84067615588117,-79.87396866860831,-76.49736904599645,-1.0010465336743324,-0.010060250261179071,0.8875569480351619,-0.010060250261179071,18.75,15.0,25.500000000000004,30.0,0.0014128284826222096,1,0,-84.41005083776425,-77.23238090241169,-0.9228786411663581,-0.1663905,-1.089269141166358,-80.0,4.0
20,80,RESIDUAL_SPREAD,24,BASELINE_RESIDUAL_EXIT,bitget/okx,NON_GATE_PAIRS,59,3,56,0.9491525423728814,-69.73166054560052,-74.9549036057883,0.0,-75.09881628911656,-75.03485509652623,-67.0400875247687,-60.70823465995302,0.3808524622235989,4.885193412735855,15.683819260794431,5.774302421430733,20.0,15.0,27.0,30.0,0.0011302627860977678,3,0,-75.11480658726414,-59.12527144374909,13.432718456540814,-3.164379002141333,10.268339454399483,-80.0,3.0
20,80,RESIDUAL_SPREAD,24,BASELINE_RESIDUAL_EXIT,gate/hyperliquid,GATE_PAIRS,261,3,258,0.9885057471264368,-62.47190861963072,-64.8231582319371,0.0,-67.39176459971814,-66.25016176959323,-59.869280275821396,-55.90617791092883,11.171275461753595,19.46281070702049,21.25013382391794,22.11529217888586,25.0,15.0,39.0,45.0,0.0014128284826222096,0,0,-64.8231582319371,-61.29628381347753,18.08771904703595,-0.5596276666666666,17.528091380369286,-80.0,2.0
20,80,RESIDUAL_SPREAD,24,BASELINE_RESIDUAL_EXIT,gate/okx,GATE_PAIRS,217,4,213,0.9815668202764977,-74.60904221570911,-77.22838573301576,0.0,-81.92619397691624,-79.6746636668235,-72.16276428190136,-63.62480953027271,3.012083555760381,0.7454984597732306,4.601385979819406,3.92410330789128,18.75,15.0,25.500000000000004,30.0,0.0014128284826222096,1,0,-80.79686877293288,-65.80187214117869,5.390957784290885,0.0,5.390957784290885,-80.0,4.0
20,80,RESIDUAL_SPREAD,24,BASELINE_RESIDUAL_EXIT,hyperliquid/okx,NON_GATE_PAIRS,157,153,4,0.025477707006369428,-68.53850301856146,-71.10386152536334,0.0,-85.37892414724199,-76.7344519212753,-62.28212428423301,-47.21020075408281,3.9006291672086437,3.5884496545968148,15.14687224650006,12.180724738303228,43.529411764705884,30.0,90.0,435.0,0.12545916925685222,48,0,-70.57631975400152,-66.2214428635511,13.247496111854378,-1.7859991304158367,11.461496981438541,-80.0,33.0
20,80,RESIDUAL_SPREAD,24,BASELINE_RESIDUAL_EXIT,ALL_GATE_PAIRS,GATE_PAIRS,717,10,707,0.9860529986052998,-68.92756133433122,-69.35822774517979,0.0,-80.80042882186987,-75.52459740490035,-62.32353018975843,-56.054520072688454,6.291994991104,3.744351528216505,12.3261350103514,12.301164767548611,21.0,15.0,31.499999999999993,45.0,0.0009889799378355467,1,0,-76.13753378346931,-64.52275262702263,11.240326965668789,-0.1678883,11.07243866566879,-80.0,7.0
20,80,RESIDUAL_SPREAD,24,BASELINE_RESIDUAL_EXIT,ALL_NON_GATE_PAIRS,NON_GATE_PAIRS,590,403,187,0.3169491525423729,-70.66452169563334,-72.79615061229975,0.0024813895781637717,-86.2752111163168,-77.61730589904117,-65.5929276400116,-49.74420239852466,1.6181567208958412,2.633608551175781,13.262538821902437,9.29797717684755,46.116625310173696,30.0,90.0,585.0,0.05834981633229726,112,230,-72.01682566247902,-69.25024275533733,11.684892135798131,-2.349413831431474,9.335478304366658,-80.0,36.0
20,80,RESIDUAL_SPREAD,24,BASELINE_RESIDUAL_EXIT,ALL_PAIRS,ALL,1307,413,894,0.6840091813312931,-70.62246454402796,-72.71902974801507,0.002421307506053269,-86.01555545478296,-77.5805875684181,-65.4564508666247,-49.78133758256747,1.7313247177531812,2.633608551175781,13.239865606126383,9.383992850386935,45.50847457627118,15.0,90.0,585.0,0.035405481774512575,113,241,-71.96949901953799,-69.25287636122815,11.67412784596449,-2.2965923899924556,9.377535455972035,-80.0,36.0
20,80,RESIDUAL_SPREAD,24,FRACTIONAL_RESIDUAL_EXIT,binance/bitget,NON_GATE_PAIRS,54,0,54,1.0,,,,,,,,,,,,,,,,0.0,0,0,,,,,,,0.0
20,80,RESIDUAL_SPREAD,24,FRACTIONAL_RESIDUAL_EXIT,binance/gate,GATE_PAIRS,169,1,168,0.9940828402366864,-67.45334253189037,-67.45334253189037,0.0,-67.45334253189037,-67.45334253189037,-67.45334253189037,-67.45334253189037,-16.159349377646848,-16.159349377646848,12.908370190145568,12.908370190145568,135.0,135.0,135.0,135.0,0.002543091268719977,1,0,-67.45334253189037,-67.45334253189037,5.817557468109635,6.729100000000001,12.546657468109636,-80.0,1.0
20,80,RESIDUAL_SPREAD,24,FRACTIONAL_RESIDUAL_EXIT,binance/hyperliquid,NON_GATE_PAIRS,94,86,8,0.0851063829787234,-65.55528850568216,-65.10771506665876,0.011627906976744186,-97.14238574648942,-74.22179683828628,-57.186764005050925,-33.55312085273392,-8.212047928180237,-2.4447770649665967,26.97352022264051,20.148596124004435,208.6046511627907,142.5,495.0,1035.0,0.33794857304323256,97,0,-69.01911855714654,-62.1550243331295,20.265935494317844,-5.821224000000001,14.44471149431785,-80.0,33.0
20,80,RESIDUAL_SPREAD,24,FRACTIONAL_RESIDUAL_EXIT,binance/okx,NON_GATE_PAIRS,69,63,6,0.08695652173913043,-63.740887620266996,-63.68234999371773,0.015873015873015872,-81.0589369557316,-71.8018625596323,-57.671038253795864,-45.64088797722337,-0.7756379853076368,0.4408635865327248,22.925503159686677,19.24619368998126,132.85714285714286,105.0,240.0,705.0,0.1576716586606386,35,0,-66.69555875714553,-60.84103868444706,20.110556463602194,-3.851444083869191,16.259112379733,-80.0,26.0
20,80,RESIDUAL_SPREAD,24,FRACTIONAL_RESIDUAL_EXIT,bitget/gate,GATE_PAIRS,69,1,68,0.9855072463768116,-57.44677510411182,-57.44677510411182,0.0,-57.44677510411182,-57.44677510411182,-57.44677510411182,-57.44677510411182,-0.6129275530464273,-0.6129275530464273,23.13468785669848,23.13468785669848,30.0,30.0,30.0,30.0,0.0005651313930488839,0,0,-57.44677510411182,-57.44677510411182,22.553224895888174,0.0,22.553224895888174,-80.0,1.0
20,80,RESIDUAL_SPREAD,24,FRACTIONAL_RESIDUAL_EXIT,bitget/hyperliquid,NON_GATE_PAIRS,68,0,68,1.0,,,,,,,,,,,,,,,,0.0,0,0,,,,,,,0.0
20,80,RESIDUAL_SPREAD,24,FRACTIONAL_RESIDUAL_EXIT,bitget/okx,NON_GATE_PAIRS,59,0,59,1.0,,,,,,,,,,,,,,,,0.0,0,0,,,,,,,0.0
20,80,RESIDUAL_SPREAD,24,FRACTIONAL_RESIDUAL_EXIT,gate/hyperliquid,GATE_PAIRS,261,3,258,0.9885057471264368,-62.47190861963072,-64.8231582319371,0.0,-67.39176459971814,-66.25016176959323,-59.869280275821396,-55.90617791092883,11.171275461753595,19.46281070702049,21.25013382391794,22.11529217888586,25.0,15.0,39.0,45.0,0.0014128284826222096,0,0,-64.8231582319371,-61.29628381347753,18.08771904703595,-0.5596276666666666,17.528091380369286,-80.0,2.0
20,80,RESIDUAL_SPREAD,24,FRACTIONAL_RESIDUAL_EXIT,gate/okx,GATE_PAIRS,217,4,213,0.9815668202764977,-66.26735133618094,-64.81272624160178,0.0,-73.00804942558607,-69.22571905131174,-61.85435852647097,-61.56312837918662,-0.7848653855302423,-1.0359907563523008,15.524802417757332,14.929966055791665,48.75,45.0,81.0,90.0,0.003673354054817745,1,0,-70.95915011965918,-61.73301263176916,15.231629280357817,-1.4989806165387503,13.732648663819067,-80.0,4.0
20,80,RESIDUAL_SPREAD,24,FRACTIONAL_RESIDUAL_EXIT,hyperliquid/okx,NON_GATE_PAIRS,107,100,7,0.06542056074766354,-61.509014746689225,-60.610919671405945,0.0,-83.41281761781258,-67.16573258975426,-56.0721633978209,-46.15874728669033,-3.267745413769585,-0.512900704469077,24.980347184699973,21.38037032671125,144.6,82.5,286.5000000000001,960.0,0.272393331449562,95,0,-63.42668284577824,-59.532597635380114,21.15316725591626,-2.66218200260549,18.49098525331077,-80.0,33.0
20,80,RESIDUAL_SPREAD,24,FRACTIONAL_RESIDUAL_EXIT,ALL_GATE_PAIRS,GATE_PAIRS,716,9,707,0.9874301675977654,-64.15391653773534,-64.8231582319371,0.0,-71.44304533439254,-67.64974806203077,-61.490320842365534,-55.927951433468145,1.5113431013829492,-0.9353594712480096,17.98807435440302,19.46281070702049,48.333333333333336,30.0,99.0,135.0,0.002048601299802204,2,0,-67.8596948341194,-61.90609127384935,15.951161847392992,-0.10507838512833335,15.846083462264659,-80.0,6.0
20,80,RESIDUAL_SPREAD,24,FRACTIONAL_RESIDUAL_EXIT,ALL_NON_GATE_PAIRS,NON_GATE_PAIRS,451,249,202,0.44789356984478934,-63.47121367965626,-63.50968003673289,0.008032128514056224,-90.44658506983575,-69.9293928663716,-56.65567036571368,-41.21558800117245,-4.3448829569270675,-0.7753929817067018,25.14885203484876,20.60256099381652,163.73493975903614,105.0,405.0,1035.0,0.1280022605255722,227,205,-65.06325952713844,-61.851851766640436,20.58294070405582,-4.05415438371208,16.52878632034374,-80.0,34.0
20,80,RESIDUAL_SPREAD,24,FRACTIONAL_RESIDUAL_EXIT,ALL_PAIRS,ALL,1167,258,909,0.7789203084832905,-63.49502889563576,-63.5115851284332,0.007751937984496124,-90.38382663812949,-69.76864711220452,-56.83184344709534,-43.346917126359486,-4.140596001404624,-0.8017746523025782,24.899057464600652,20.559056739120063,159.7093023255814,97.5,405.0,1035.0,0.0776207968352642,229,215,-65.04368107322493,-61.87782544697331,20.421367023009445,-3.9163959186452053,16.504971104364234,-80.0,34.0
20,80,RESIDUAL_SPREAD,72,LEGACY_RAW_EXIT,binance/bitget,NON_GATE_PAIRS,19,0,19,1.0,,,,,,,,,,,,,,,,0.0,0,0,,,,,,,0.0
20,80,RESIDUAL_SPREAD,72,LEGACY_RAW_EXIT,binance/gate,GATE_PAIRS,133,0,133,1.0,,,,,,,,,,,,,,,,0.0,0,0,,,,,,,0.0
20,80,RESIDUAL_SPREAD,72,LEGACY_RAW_EXIT,binance/hyperliquid,NON_GATE_PAIRS,114,105,9,0.07894736842105263,-77.74449740862293,-79.78472947792297,0.009523809523809525,-99.88468414415364,-84.73420489452309,-72.92276323274997,-50.253272776050956,-6.410987562443257,-1.826366360856424,11.19349558423367,5.366276424390026,161.0,15.0,579.0000000000008,1335.0,0.31845153998304604,105,0,-81.08530669276074,-73.42769216169991,4.592734658043725,-2.337232066666667,2.2555025913770597,-80.0,31.0
20,80,RESIDUAL_SPREAD,72,LEGACY_RAW_EXIT,binance/okx,NON_GATE_PAIRS,87,86,1,0.011494252873563218,-70.71759375484855,-73.04285981164082,0.023255813953488372,-82.6140423227219,-78.09192778133348,-67.70618241748954,-55.27872960817241,2.3657992204856186,2.642733010902454,11.049776262629505,8.39126649232469,57.2093023255814,15.0,135.0,930.0,0.09268154846001696,27,0,-73.86282245753885,-66.32169757279206,10.240099143028765,-0.957692897877314,9.28240624515145,-80.0,26.0
20,80,RESIDUAL_SPREAD,72,LEGACY_RAW_EXIT,bitget/gate,GATE_PAIRS,19,0,19,1.0,,,,,,,,,,,,,,,,0.0,0,0,,,,,,,0.0
20,80,RESIDUAL_SPREAD,72,LEGACY_RAW_EXIT,bitget/hyperliquid,NON_GATE_PAIRS,19,0,19,1.0,,,,,,,,,,,,,,,,0.0,0,0,,,,,,,0.0
20,80,RESIDUAL_SPREAD,72,LEGACY_RAW_EXIT,bitget/okx,NON_GATE_PAIRS,19,0,19,1.0,,,,,,,,,,,,,,,,0.0,0,0,,,,,,,0.0
20,80,RESIDUAL_SPREAD,72,LEGACY_RAW_EXIT,gate/hyperliquid,GATE_PAIRS,236,5,231,0.9788135593220338,-47.38046536369064,-47.55954048853749,0.0,-78.4349470268554,-66.56903280946695,-25.521900428888785,-17.78472209406373,-11.59729802717857,-8.121282907607164,37.670112367912395,44.83035901119648,390.0,345.0,789.0,1005.0,0.03673354054817745,20,0,-69.55276159348718,-26.060839273405996,34.30623903630936,-1.6867044,32.61953463630936,-80.0,5.0
20,80,RESIDUAL_SPREAD,72,LEGACY_RAW_EXIT,gate/okx,GATE_PAIRS,174,4,170,0.9770114942528736,-69.1459560285288,-70.9014145241301,0.0,-73.12023767709535,-72.43849149151875,-67.60887906114019,-62.714032486120466,5.917094500275111,8.989443328941693,14.21126799628636,10.82129506968843,18.75,15.0,25.500000000000004,30.0,0.0014128284826222096,2,0,-72.72255240217567,-64.14068557628048,13.402328223077188,-2.548284251606,10.854043971471189,-80.0,4.0
20,80,RESIDUAL_SPREAD,72,LEGACY_RAW_EXIT,hyperliquid/okx,NON_GATE_PAIRS,137,133,4,0.029197080291970802,-70.7554179417315,-75.62419191879714,0.0,-92.09270722715728,-81.53835534517977,-64.75394903806975,-35.70825772006514,-1.503143271626008,-0.1559003932372071,12.851806936565518,7.2818999456059075,99.81203007518798,15.0,311.99999999999994,1095.0,0.2500706414241311,102,0,-73.73656916919559,-66.8948919301992,8.896008473676412,0.3485735845921054,9.24458205826852,-80.0,34.0
20,80,RESIDUAL_SPREAD,72,LEGACY_RAW_EXIT,ALL_GATE_PAIRS,GATE_PAIRS,562,9,553,0.9839857651245552,-57.05401677028538,-66.56903280946695,0.0,-78.1571250381173,-72.15443058086183,-47.55954048853749,-19.719016677769996,-3.8131235705324906,-3.887104735795788,27.243959313856383,27.172225982310398,225.0,30.0,573.0000000000001,1005.0,0.009536592257699915,22,4,-69.87153098428328,-40.63697511362251,25.015612008206176,-2.069628778491556,22.945983229714614,-80.0,6.0
20,80,RESIDUAL_SPREAD,72,LEGACY_RAW_EXIT,ALL_NON_GATE_PAIRS,NON_GATE_PAIRS,395,324,71,0.17974683544303796,-73.01035764528602,-76.4367133284878,0.009259259259259259,-93.89106611992887,-81.56212266291145,-68.12217624323884,-42.88887685054962,-2.0667068401883886,-0.3216654646331918,11.836074436709525,7.441845652813028,108.33333333333333,15.0,325.49999999999983,1335.0,0.11020062164453236,234,178,-75.53912804847629,-70.05337807375936,7.85819380368527,-0.8685514489712932,6.989642354713979,-80.0,36.0
20,80,RESIDUAL_SPREAD,72,LEGACY_RAW_EXIT,ALL_PAIRS,ALL,957,333,624,0.6520376175548589,-72.57910518920492,-76.1506981170733,0.009009009009009009,-93.87288646827179,-81.40142558120252,-67.79768826729733,-39.500565126759845,-2.1139072923598508,-0.3837173515108816,12.252503757713495,7.7883995941507855,111.48648648648648,15.0,330.0,1335.0,0.06993500988979938,256,188,-75.10558589600426,-69.65434579481064,8.321907809212863,-0.9010129984177868,7.420894810795078,-80.0,36.0
20,80,RESIDUAL_SPREAD,72,BASELINE_RESIDUAL_EXIT,binance/bitget,NON_GATE_PAIRS,19,0,19,1.0,,,,,,,,,,,,,,,,0.0,0,0,,,,,,,0.0
20,80,RESIDUAL_SPREAD,72,BASELINE_RESIDUAL_EXIT,binance/gate,GATE_PAIRS,133,0,133,1.0,,,,,,,,,,,,,,,,0.0,0,0,,,,,,,0.0
20,80,RESIDUAL_SPREAD,72,BASELINE_RESIDUAL_EXIT,binance/hyperliquid,NON_GATE_PAIRS,177,173,4,0.022598870056497175,-73.11176613229821,-73.93919443760906,0.0,-87.31104165745079,-78.68909878079243,-69.51540030901407,-56.229333750694565,-2.2432263381433404,0.631144753069357,10.941848993514004,7.746732182339899,65.3757225433526,30.0,147.00000000000017,615.0,0.2130545351794292,62,0,-74.50523889248232,-71.76270790145854,9.810778925505254,-2.922545057803468,6.888233867701784,-80.0,32.0
20,80,RESIDUAL_SPREAD,72,BASELINE_RESIDUAL_EXIT,binance/okx,NON_GATE_PAIRS,96,94,2,0.020833333333333332,-70.10417534412207,-72.42132943566452,0.010638297872340425,-80.88434924521808,-76.79161482229017,-67.18363225389948,-54.45124069232125,2.7993341692738554,3.1205205089113175,11.038110777406267,7.879639747206957,48.03191489361702,15.0,70.50000000000004,945.0,0.08505227465385702,18,0,-72.58466899740945,-67.2037886765176,10.730235048639644,-0.8344103927617024,9.895824655877941,-80.0,26.0
20,80,RESIDUAL_SPREAD,72,BASELINE_RESIDUAL_EXIT,bitget/gate,GATE_PAIRS,19,0,19,1.0,,,,,,,,,,,,,,,,0.0,0,0,,,,,,,0.0
20,80,RESIDUAL_SPREAD,72,BASELINE_RESIDUAL_EXIT,bitget/hyperliquid,NON_GATE_PAIRS,19,0,19,1.0,,,,,,,,,,,,,,,,0.0,0,0,,,,,,,0.0
20,80,RESIDUAL_SPREAD,72,BASELINE_RESIDUAL_EXIT,bitget/okx,NON_GATE_PAIRS,19,0,19,1.0,,,,,,,,,,,,,,,,0.0,0,0,,,,,,,0.0
20,80,RESIDUAL_SPREAD,72,BASELINE_RESIDUAL_EXIT,gate/hyperliquid,GATE_PAIRS,256,5,251,0.98046875,-58.47383824082324,-61.21789891638356,0.0,-67.64082617295644,-65.0325869186556,-54.91540231970569,-45.31141411421294,3.1648219306248406,10.873625900714725,25.84185793133154,22.17229858584746,96.0,15.0,234.0,300.0,0.009042102288782142,0,0,-65.5765408900236,-50.38790789895131,21.773947959176756,-0.2477862,21.526161759176755,-80.0,5.0
20,80,RESIDUAL_SPREAD,72,BASELINE_RESIDUAL_EXIT,gate/okx,GATE_PAIRS,174,4,170,0.9770114942528736,-69.1459560285288,-70.9014145241301,0.0,-73.12023767709535,-72.43849149151875,-67.60887906114019,-62.714032486120466,5.917094500275111,8.989443328941693,14.21126799628636,10.82129506968843,18.75,15.0,25.500000000000004,30.0,0.0014128284826222096,2,0,-72.72255240217567,-64.14068557628048,13.402328223077188,-2.548284251606,10.854043971471189,-80.0,4.0
20,80,RESIDUAL_SPREAD,72,BASELINE_RESIDUAL_EXIT,hyperliquid/okx,NON_GATE_PAIRS,189,185,4,0.021164021164021163,-69.24649622211285,-72.39953672681148,0.0,-81.80604423461543,-76.74140649452998,-64.19010925492233,-49.79573502247441,2.3230426670986444,3.2714029668201583,13.066170234041564,8.888318818938146,40.21621621621622,15.0,90.0,480.0,0.1401525854761232,56,0,-71.13305846478154,-66.95200029175611,11.729862699705926,-0.9763589218187785,10.753503777887145,-80.0,33.0
20,80,RESIDUAL_SPREAD,72,BASELINE_RESIDUAL_EXIT,ALL_GATE_PAIRS,GATE_PAIRS,582,9,573,0.9845360824742269,-63.21700170202572,-65.0325869186556,0.0,-72.83617676643843,-69.6483984673984,-61.21789891638356,-47.712411165586126,4.388054183802739,9.948630794425206,20.672706849089234,17.06392551282132,61.666666666666664,15.0,168.00000000000003,300.0,0.002613732692851088,2,2,-68.58633652025017,-55.81518920987704,18.05322807646584,-1.2702297784915553,16.782998297974284,-80.0,6.0
20,80,RESIDUAL_SPREAD,72,BASELINE_RESIDUAL_EXIT,ALL_NON_GATE_PAIRS,NON_GATE_PAIRS,519,452,67,0.12909441233140656,-70.90426952284501,-73.05673486968304,0.0022123893805309734,-83.00492716082377,-77.33076811529676,-66.47583532551248,-51.085651766771115,0.674385285013703,2.3522789172392145,11.831335801442037,8.303994394053827,51.4712389380531,15.0,105.0,945.0,0.07304323255156824,136,267,-72.19895338185285,-69.52698416299239,10.787458956040112,-1.6917284788851192,9.095730477154994,-80.0,35.0
20,80,RESIDUAL_SPREAD,72,BASELINE_RESIDUAL_EXIT,ALL_PAIRS,ALL,1101,461,640,0.5812897366030881,-70.7541927107249,-72.92276323274997,0.0021691973969631237,-82.9296444248153,-77.25026540592143,-66.08571065914718,-51.03216927749928,0.7468864131896279,2.374477802276065,12.003943913001311,8.350941271553225,51.670281995661604,15.0,105.0,945.0,0.04487143260808138,138,281,-72.00475646252367,-69.36671651820087,10.929306943206775,-1.6834996539316658,9.24580728927511,-80.0,35.0
20,80,RESIDUAL_SPREAD,72,FRACTIONAL_RESIDUAL_EXIT,binance/bitget,NON_GATE_PAIRS,19,0,19,1.0,,,,,,,,,,,,,,,,0.0,0,0,,,,,,,0.0
20,80,RESIDUAL_SPREAD,72,FRACTIONAL_RESIDUAL_EXIT,binance/gate,GATE_PAIRS,133,0,133,1.0,,,,,,,,,,,,,,,,0.0,0,0,,,,,,,0.0
20,80,RESIDUAL_SPREAD,72,FRACTIONAL_RESIDUAL_EXIT,binance/hyperliquid,NON_GATE_PAIRS,86,78,8,0.09302325581395349,-65.74760396049408,-65.9415515941329,0.0,-88.1014808327666,-73.40246852799513,-59.236408906985076,-43.760157637654665,-11.837652547390011,-4.752156146525244,23.849269633645015,19.155324763172054,286.9230769230769,172.5,652.4999999999998,1365.0,0.42158801921446737,134,0,-68.72382754330094,-63.187307771798686,19.037384975403363,-4.784988935897436,14.25239603950593,-80.0,31.0
20,80,RESIDUAL_SPREAD,72,FRACTIONAL_RESIDUAL_EXIT,binance/okx,NON_GATE_PAIRS,59,54,5,0.0847457627118644,-61.47009348213272,-62.16536618898087,0.018518518518518517,-77.64367046214446,-65.25831067230335,-57.7921553239441,-49.566420655786175,-2.2527021753675984,0.15663602357274264,21.443738971818988,19.99129121976251,173.61111111111111,82.5,430.50000000000006,1275.0,0.17660356032777622,47,0,-65.04813722050646,-58.36068500954779,20.59943848677604,-2.0695319689087595,18.52990651786728,-80.0,24.0
20,80,RESIDUAL_SPREAD,72,FRACTIONAL_RESIDUAL_EXIT,bitget/gate,GATE_PAIRS,19,0,19,1.0,,,,,,,,,,,,,,,,0.0,0,0,,,,,,,0.0
20,80,RESIDUAL_SPREAD,72,FRACTIONAL_RESIDUAL_EXIT,bitget/hyperliquid,NON_GATE_PAIRS,19,0,19,1.0,,,,,,,,,,,,,,,,0.0,0,0,,,,,,,0.0
20,80,RESIDUAL_SPREAD,72,FRACTIONAL_RESIDUAL_EXIT,bitget/okx,NON_GATE_PAIRS,19,0,19,1.0,,,,,,,,,,,,,,,,0.0,0,0,,,,,,,0.0
20,80,RESIDUAL_SPREAD,72,FRACTIONAL_RESIDUAL_EXIT,gate/hyperliquid,GATE_PAIRS,254,5,249,0.9803149606299213,-53.88658274539698,-54.91540231970569,0.0,-63.395806736735636,-61.21789891638356,-46.448911736232304,-43.61811599751825,1.6691369798624855,3.3952011469029486,31.020379314123716,30.732337896268724,132.0,90.0,297.0,405.0,0.012432890647075446,2,0,-60.515488476013196,-47.27961236822702,26.703905654603012,-0.5904884000000001,26.113417254603014,-80.0,5.0
20,80,RESIDUAL_SPREAD,72,FRACTIONAL_RESIDUAL_EXIT,gate/okx,GATE_PAIRS,172,4,168,0.9767441860465116,-64.8315855280786,-65.09030627337444,0.0,-70.57098839296593,-69.24343778926058,-60.678454012192475,-58.729973619777134,1.7194072600279497,1.9720813963453043,20.178078992806604,17.030466022353032,120.0,52.5,274.50000000000006,360.0,0.009042102288782142,4,0,-69.79658387413781,-59.866587182019416,19.276698723527385,-4.108284251605999,15.168414471921386,-80.0,4.0
20,80,RESIDUAL_SPREAD,72,FRACTIONAL_RESIDUAL_EXIT,hyperliquid/okx,NON_GATE_PAIRS,113,107,6,0.05309734513274336,-60.15379532287624,-60.3476672126784,0.0,-81.27662905606275,-66.83977591756214,-53.076706813538785,-43.38279139728965,-5.596345001143298,-2.4840841923268187,25.72866216650503,22.22855306282856,172.42990654205607,105.0,441.0000000000001,900.0,0.3475558067250636,131,0,-62.382562625430175,-57.98332865104166,21.448161547052614,-1.601956869928859,19.846204677123755,-80.0,31.0
20,80,RESIDUAL_SPREAD,72,FRACTIONAL_RESIDUAL_EXIT,ALL_GATE_PAIRS,GATE_PAIRS,578,9,569,0.9844290657439446,-58.75102842658882,-61.21789891638356,0.0,-70.0178423080887,-63.94028369182365,-54.91540231970569,-44.32581493219677,1.6914793266026915,3.3952011469029486,26.201579171316112,22.17229858584746,126.66666666666667,75.0,369.0,405.0,0.005368748233964397,6,2,-64.31707569902758,-51.68869641548029,23.40292479634718,-2.153953222936,21.24897157341118,-80.0,6.0
20,80,RESIDUAL_SPREAD,72,FRACTIONAL_RESIDUAL_EXIT,ALL_NON_GATE_PAIRS,NON_GATE_PAIRS,315,239,76,0.24126984126984127,-62.276796052307375,-62.18676651949074,0.0041841004184100415,-84.88316811795083,-68.93560631314358,-56.3978111597362,-43.8313239986156,-6.877789670663614,-2.7357674671546484,24.147162291709513,20.71949443214205,210.06276150627616,120.0,513.0000000000002,1365.0,0.15762456437788452,312,200,-64.24773941141345,-60.27355432020674,20.469619212979076,-2.7464152652864477,17.723203947692625,-80.0,33.0
20,80,RESIDUAL_SPREAD,72,FRACTIONAL_RESIDUAL_EXIT,ALL_PAIRS,ALL,893,248,645,0.7222844344904815,-62.148844807825654,-62.16536618898087,0.004032258064516129,-83.74796333547269,-68.81105136970793,-56.23051331038235,-43.282550943033975,-6.5668081344725,-2.7339731855213767,24.22171774298556,20.731839026773002,207.03629032258064,120.0,510.0,1365.0,0.09672223792031648,318,209,-64.00895028635688,-60.16627524657401,20.576069818827108,-2.724914626652762,17.85115519217435,-80.0,33.0
50,0,RESIDUAL_SPREAD,24,LEGACY_RAW_EXIT,binance/bitget,NON_GATE_PAIRS,52,0,52,1.0,,,,,,,,,,,,,,,,0.0,0,0,,,,,,,0.0
50,0,RESIDUAL_SPREAD,24,LEGACY_RAW_EXIT,binance/gate,GATE_PAIRS,68,0,68,1.0,,,,,,,,,,,,,,,,0.0,0,0,,,,,,,0.0
50,0,RESIDUAL_SPREAD,24,LEGACY_RAW_EXIT,binance/hyperliquid,NON_GATE_PAIRS,32,31,1,0.03125,7.891755750557334,5.687677071197772,0.7096774193548387,-28.36650565947798,-1.4526810016712854,12.729813104715603,61.9234033770596,-4.4740664952333455,2.3264762984309684,15.134740577169286,9.344842326312053,112.74193548387096,15.0,195.0,900.0,0.06583780729019496,21,0,-1.0467820357609525,19.770594640609918,12.00345581507346,-4.111700064516129,7.891755750557334,-0.0,18.0
50,0,RESIDUAL_SPREAD,24,LEGACY_RAW_EXIT,binance/okx,NON_GATE_PAIRS,8,7,1,0.125,16.033384205605106,8.500696154654097,0.8571428571428571,0.29379901294943284,3.4986988637542016,21.655381057552937,44.39627802159843,0.4983613675070754,5.2562446442239175,29.440437533162186,16.074035706394874,53.57142857142857,15.0,129.00000000000006,255.0,0.007064142413111049,3,0,7.3714048537558385,24.402380279040834,28.077193603021392,-12.043809397416284,16.033384205605106,-0.0,5.0
50,0,RESIDUAL_SPREAD,24,LEGACY_RAW_EXIT,bitget/gate,GATE_PAIRS,55,0,55,1.0,,,,,,,,,,,,,,,,0.0,0,0,,,,,,,0.0
50,0,RESIDUAL_SPREAD,24,LEGACY_RAW_EXIT,bitget/hyperliquid,NON_GATE_PAIRS,58,3,55,0.9482758620689655,1.9051565411857634,0.7514764331306711,0.6666666666666666,-4.242261318311402,-2.0228223176704807,5.256295346014461,8.860150476321493,1.7041959495578407,0.7514764331306711,7.497575993941815,9.158232484014484,20.0,15.0,27.0,30.0,0.0011302627860977678,1,0,-4.7971210684716326,9.761114258898251,1.9051565411857634,0.0,1.9051565411857634,-0.0,3.0
50,0,RESIDUAL_SPREAD,24,LEGACY_RAW_EXIT,bitget/okx,NON_GATE_PAIRS,55,1,54,0.9818181818181818,39.85071032988064,39.85071032988064,1.0,39.85071032988064,39.85071032988064,39.85071032988064,39.85071032988064,45.863939433909984,45.863939433909984,45.863939433909984,45.863939433909984,15.0,15.0,15.0,15.0,0.00028256569652444194,0,0,39.85071032988064,39.85071032988064,39.85071032988064,0.0,39.85071032988064,-0.0,1.0
50,0,RESIDUAL_SPREAD,24,LEGACY_RAW_EXIT,gate/hyperliquid,GATE_PAIRS,77,2,75,0.974025974025974,44.256385428692816,44.256385428692816,1.0,16.513509014349026,28.84367630961293,59.6690945477727,71.9992618430366,2.5963204408741003,2.5963204408741003,33.18304719213461,33.18304719213461,37.5,37.5,55.5,60.0,0.0014128284826222096,0,0,13.43096719053305,75.08180366685258,43.10078992869282,1.1555955,44.256385428692816,-0.0,2.0
50,0,RESIDUAL_SPREAD,24,LEGACY_RAW_EXIT,gate/okx,GATE_PAIRS,64,1,63,0.984375,53.44361988814161,53.44361988814161,1.0,53.44361988814161,53.44361988814161,53.44361988814161,53.44361988814161,7.82469257743279,7.82469257743279,57.70953685083957,57.70953685083957,315.0,315.0,315.0,315.0,0.00593387962701328,0,0,53.44361988814161,53.44361988814161,54.80120739527861,-1.357587507136999,53.44361988814161,-0.0,1.0
50,0,RESIDUAL_SPREAD,24,LEGACY_RAW_EXIT,hyperliquid/okx,NON_GATE_PAIRS,29,29,0,0.0,13.976793994403522,7.099852298958632,0.6896551724137931,-9.047566191183076,-0.840830740772569,24.576955021884512,65.04025121442173,4.104202738910511,-0.1381148921109076,16.233604501638652,5.053699426145197,37.241379310344826,15.0,77.99999999999999,210.0,0.020344730149759818,6,0,5.242406615836341,27.741726117659407,16.00735782126311,-2.030563826859586,13.976793994403522,-0.0,12.0
50,0,RESIDUAL_SPREAD,24,LEGACY_RAW_EXIT,ALL_GATE_PAIRS,GATE_PAIRS,264,3,261,0.9886363636363636,47.318796915175746,53.44361988814161,1.0,17.432232460293907,33.43729353933733,64.26271177749709,72.91798528898148,4.339111153060331,7.82469257743279,41.358543745036265,57.70953685083957,130.0,60.0,264.0,315.0,0.0018366770274088726,0,0,13.430967190533048,75.08180366685258,47.00092908422141,0.3178678309543337,47.318796915175746,-0.0,3.0
50,0,RESIDUAL_SPREAD,24,LEGACY_RAW_EXIT,ALL_NON_GATE_PAIRS,NON_GATE_PAIRS,234,71,163,0.6965811965811965,11.377060894333143,7.099852298958632,0.7183098591549296,-17.228617918297935,-0.528034825575256,20.32916791889694,62.56154228618995,0.49001232297611524,1.6221106544678232,17.10410167024844,9.158232484014484,70.77464788732394,15.0,165.0,900.0,0.015776584722614676,31,29,4.354803790679537,21.675346283257017,15.18911327124641,-3.8120523769132673,11.377060894333143,-0.0,20.0
50,0,RESIDUAL_SPREAD,24,LEGACY_RAW_EXIT,ALL_PAIRS,ALL,498,74,424,0.8514056224899599,12.834158300583516,7.813389081456958,0.7297297297297297,-16.7211202643986,-0.22641287704191365,21.860151956536622,72.10179469586076,0.6460568701416913,1.6465617891536777,18.08738986246957,9.251537405163269,73.17567567567568,15.0,186.00000000000009,900.0,0.010200621644532355,31,29,5.554427596551479,23.921748161781245,16.478781479880535,-3.644623179297013,12.834158300583516,-0.0,21.0
50,0,RESIDUAL_SPREAD,24,BASELINE_RESIDUAL_EXIT,binance/bitget,NON_GATE_PAIRS,52,0,52,1.0,,,,,,,,,,,,,,,,0.0,0,0,,,,,,,0.0
50,0,RESIDUAL_SPREAD,24,BASELINE_RESIDUAL_EXIT,binance/gate,GATE_PAIRS,68,0,68,1.0,,,,,,,,,,,,,,,,0.0,0,0,,,,,,,0.0
50,0,RESIDUAL_SPREAD,24,BASELINE_RESIDUAL_EXIT,binance/hyperliquid,NON_GATE_PAIRS,31,28,3,0.0967741935483871,26.057070890255098,21.964920092539245,0.8571428571428571,-5.6210027417422275,11.963765610820495,43.02573731368629,64.78650839083696,-6.963695896256363,-6.209678048307854,41.70757477433511,39.26341406062628,137.14285714285714,120.0,252.00000000000006,510.0,0.07233681831025714,22,0,19.253723964144534,32.486764308990296,41.55532796168366,-15.49825707142857,26.057070890255098,-0.0,17.0
50,0,RESIDUAL_SPREAD,24,BASELINE_RESIDUAL_EXIT,binance/okx,NON_GATE_PAIRS,7,6,1,0.14285714285714285,22.412543920761333,20.984784893527213,1.0,15.35309788053948,17.901291859339224,26.65702720868119,31.315554675091168,-7.263833419902849,-4.5166923602507625,53.03395156663263,55.76225970955806,162.5,120.0,345.0,510.0,0.018366770274088725,4,0,18.802076643548105,28.46049933890407,51.59627044944566,-29.183726528684335,22.412543920761333,-0.0,4.0
50,0,RESIDUAL_SPREAD,24,BASELINE_RESIDUAL_EXIT,bitget/gate,GATE_PAIRS,55,0,55,1.0,,,,,,,,,,,,,,,,0.0,0,0,,,,,,,0.0
50,0,RESIDUAL_SPREAD,24,BASELINE_RESIDUAL_EXIT,bitget/hyperliquid,NON_GATE_PAIRS,58,0,58,1.0,,,,,,,,,,,,,,,,0.0,0,0,,,,,,,0.0
50,0,RESIDUAL_SPREAD,24,BASELINE_RESIDUAL_EXIT,bitget/okx,NON_GATE_PAIRS,55,1,54,0.9818181818181818,39.85071032988064,39.85071032988064,1.0,39.85071032988064,39.85071032988064,39.85071032988064,39.85071032988064,45.863939433909984,45.863939433909984,45.863939433909984,45.863939433909984,15.0,15.0,15.0,15.0,0.00028256569652444194,0,0,39.85071032988064,39.85071032988064,39.85071032988064,0.0,39.85071032988064,-0.0,1.0
50,0,RESIDUAL_SPREAD,24,BASELINE_RESIDUAL_EXIT,gate/hyperliquid,GATE_PAIRS,77,2,75,0.974025974025974,45.12932271745774,45.12932271745774,1.0,18.172089863002387,30.153082242760323,60.10556319215516,72.0865555719131,2.5963204408741003,2.5963204408741003,48.30133473538112,48.30133473538112,52.5,52.5,58.5,60.0,0.0019779598756710934,0,0,15.176841768062904,75.08180366685258,44.36194671745774,0.7673760000000001,45.12932271745774,-0.0,2.0
50,0,RESIDUAL_SPREAD,24,BASELINE_RESIDUAL_EXIT,gate/okx,GATE_PAIRS,64,1,63,0.984375,34.76155489836374,34.76155489836374,1.0,34.76155489836374,34.76155489836374,34.76155489836374,34.76155489836374,7.82469257743279,7.82469257743279,34.03368890138925,34.03368890138925,180.0,180.0,180.0,180.0,0.003390788358293303,0,0,34.76155489836374,34.76155489836374,36.11914240550074,-1.357587507136999,34.76155489836374,-0.0,1.0
50,0,RESIDUAL_SPREAD,24,BASELINE_RESIDUAL_EXIT,hyperliquid/okx,NON_GATE_PAIRS,17,17,0,0.0,28.70111384401982,26.63923795601776,0.8823529411764706,-1.658929237557531,15.268774559504784,33.409361557718526,70.99379368542738,-4.304626090435384,-5.273627171044071,43.53151692164456,43.52046384497265,160.58823529411765,90.0,297.0,555.0,0.051426956767448434,18,0,18.229887683371803,43.31140082847957,42.12710837525658,-13.425994531236766,28.70111384401982,-0.0,12.0
50,0,RESIDUAL_SPREAD,24,BASELINE_RESIDUAL_EXIT,ALL_GATE_PAIRS,GATE_PAIRS,264,3,261,0.9886363636363636,41.67340011109307,34.76155489836374,1.0,17.13531308109299,24.96919833321332,54.92167928260816,71.04977879000369,4.339111153060331,7.82469257743279,43.54545279071717,34.03368890138925,95.0,60.0,156.0,180.0,0.0013421870584910992,0,0,15.176841768062905,75.08180366685258,41.61434528013874,0.05905483095433365,41.67340011109307,-0.0,3.0
50,0,RESIDUAL_SPREAD,24,BASELINE_RESIDUAL_EXIT,ALL_NON_GATE_PAIRS,NON_GATE_PAIRS,220,52,168,0.7636363636363637,26.766209502498626,24.83090464312125,0.8846153846153846,-3.9662422015435825,15.152571290214219,38.62490185781696,68.13300560044165,-5.1130998022709,-5.460719161791139,43.690683272750896,41.061059749799014,145.3846153846154,105.0,311.99999999999994,555.0,0.02373551850805312,44,36,19.980515246744755,33.130506759530974,42.86804535255882,-16.10183585006021,26.766209502498626,-0.0,18.0
50,0,RESIDUAL_SPREAD,24,BASELINE_RESIDUAL_EXIT,ALL_PAIRS,ALL,484,55,429,0.8863636363636364,27.57932899024014,25.08485426435799,0.8909090909090909,-3.1154082043445834,15.222808163783844,38.81276056054658,72.53035276157175,-4.597524659252834,-5.273627171044071,43.68276161009451,40.026154338911326,142.63636363636363,90.0,303.00000000000006,555.0,0.014778185928228313,44,37,21.193503821257377,33.80060963180002,42.799661712245005,-15.220332722004871,27.57932899024014,-0.0,20.0
50,0,RESIDUAL_SPREAD,24,FRACTIONAL_RESIDUAL_EXIT,binance/bitget,NON_GATE_PAIRS,52,0,52,1.0,,,,,,,,,,,,,,,,0.0,0,0,,,,,,,0.0
50,0,RESIDUAL_SPREAD,24,FRACTIONAL_RESIDUAL_EXIT,binance/gate,GATE_PAIRS,68,0,68,1.0,,,,,,,,,,,,,,,,0.0,0,0,,,,,,,0.0
50,0,RESIDUAL_SPREAD,24,FRACTIONAL_RESIDUAL_EXIT,binance/hyperliquid,NON_GATE_PAIRS,29,26,3,0.10344827586206896,27.56580116893167,23.291890794103153,0.8846153846153846,-6.720182033875422,10.480825212055262,44.82687499593707,71.21108135055579,-10.360847732830072,-9.811340543769422,47.04819665013464,41.83863370435248,190.3846153846154,142.5,427.5,660.0,0.09324667985306584,24,0,19.805454925713633,34.410554680429826,43.58574239970091,-16.01994123076923,27.56580116893167,-0.0,17.0
50,0,RESIDUAL_SPREAD,24,FRACTIONAL_RESIDUAL_EXIT,binance/okx,NON_GATE_PAIRS,7,6,1,0.14285714285714285,20.604184596790972,20.984784893527213,1.0,11.733950493797687,18.22918626145242,24.814787624693338,27.806648558549448,-7.263833419902849,-4.5166923602507625,54.39665664006887,55.76225970955806,170.0,127.5,352.5,525.0,0.01921446736366205,4,0,13.865627834617769,24.186263088322224,51.59525382679664,-30.991069230005674,20.604184596790972,-0.0,4.0
50,0,RESIDUAL_SPREAD,24,FRACTIONAL_RESIDUAL_EXIT,bitget/gate,GATE_PAIRS,55,0,55,1.0,,,,,,,,,,,,,,,,0.0,0,0,,,,,,,0.0
50,0,RESIDUAL_SPREAD,24,FRACTIONAL_RESIDUAL_EXIT,bitget/hyperliquid,NON_GATE_PAIRS,58,0,58,1.0,,,,,,,,,,,,,,,,0.0,0,0,,,,,,,0.0
50,0,RESIDUAL_SPREAD,24,FRACTIONAL_RESIDUAL_EXIT,bitget/okx,NON_GATE_PAIRS,55,1,54,0.9818181818181818,39.85071032988064,39.85071032988064,1.0,39.85071032988064,39.85071032988064,39.85071032988064,39.85071032988064,45.863939433909984,45.863939433909984,45.863939433909984,45.863939433909984,15.0,15.0,15.0,15.0,0.00028256569652444194,0,0,39.85071032988064,39.85071032988064,39.85071032988064,0.0,39.85071032988064,-0.0,1.0
50,0,RESIDUAL_SPREAD,24,FRACTIONAL_RESIDUAL_EXIT,gate/hyperliquid,GATE_PAIRS,77,2,75,0.974025974025974,37.383284198446844,37.383284198446844,1.0,17.397486011101297,26.280062983254872,48.48650541363881,57.36908238579239,2.5963204408741003,2.5963204408741003,48.30133473538112,48.30133473538112,60.0,60.0,72.0,75.0,0.0022605255721955355,0,0,15.176841768062904,59.58972662883078,36.615908198446846,0.7673760000000001,37.383284198446844,-0.0,2.0
50,0,RESIDUAL_SPREAD,24,FRACTIONAL_RESIDUAL_EXIT,gate/okx,GATE_PAIRS,64,1,63,0.984375,34.76155489836374,34.76155489836374,1.0,34.76155489836374,34.76155489836374,34.76155489836374,34.76155489836374,7.82469257743279,7.82469257743279,34.03368890138925,34.03368890138925,180.0,180.0,180.0,180.0,0.003390788358293303,0,0,34.76155489836374,34.76155489836374,36.11914240550074,-1.357587507136999,34.76155489836374,-0.0,1.0
50,0,RESIDUAL_SPREAD,24,FRACTIONAL_RESIDUAL_EXIT,hyperliquid/okx,NON_GATE_PAIRS,15,14,1,0.06666666666666667,31.796584563716358,28.317816631955587,0.8571428571428571,-0.386133976535897,16.43574133346121,43.76313335652837,75.23494523907273,-5.681069168345019,-8.205573840903146,48.28894444867044,44.74752514367963,240.0,142.5,597.0000000000001,720.0,0.06329471602147499,19,0,17.065896374652063,48.37470622578731,45.30501256593243,-13.508428002216073,31.796584563716358,-0.0,12.0
50,0,RESIDUAL_SPREAD,24,FRACTIONAL_RESIDUAL_EXIT,ALL_GATE_PAIRS,GATE_PAIRS,264,3,261,0.9886363636363636,36.50937443175247,34.76155489836374,1.0,17.13531308109299,24.96919833321332,47.17564076359726,57.10690945578408,4.339111153060331,7.82469257743279,43.54545279071717,34.03368890138925,100.0,75.0,159.0,180.0,0.0014128284826222096,0,0,15.176841768062905,59.58972662883078,36.45031960079814,0.05905483095433365,36.50937443175247,-0.0,3.0
50,0,RESIDUAL_SPREAD,24,FRACTIONAL_RESIDUAL_EXIT,ALL_NON_GATE_PAIRS,NON_GATE_PAIRS,216,47,169,0.7824074074074074,28.19869855733785,24.576955021884512,0.8936170212765957,-0.4700981206098589,10.899503002540122,43.117525000027314,71.14369900757218,-7.375235542466368,-9.04924731786272,48.33068541402575,43.6554731268246,198.82978723404256,135.0,546.0,720.0,0.029339738155787887,47,32,20.691222549944303,34.570227271611856,45.0408874809774,-16.842188923639554,28.19869855733785,-0.0,18.0
50,0,RESIDUAL_SPREAD,24,FRACTIONAL_RESIDUAL_EXIT,ALL_PAIRS,ALL,480,50,430,0.8958333333333334,28.69733910980273,24.785845622354003,0.9,-0.43411348743530376,12.222227048863793,43.20931268636833,70.94155197862138,-6.672374740734764,-7.222618604152964,48.043571456627234,43.58796848589863,192.9,127.5,541.5,720.0,0.018168974286521616,47,33,21.489036168550196,35.11029395137344,44.52545340816665,-15.82811429836392,28.69733910980273,-0.0,20.0
50,0,RESIDUAL_SPREAD,72,LEGACY_RAW_EXIT,binance/bitget,NON_GATE_PAIRS,19,0,19,1.0,,,,,,,,,,,,,,,,0.0,0,0,,,,,,,0.0
50,0,RESIDUAL_SPREAD,72,LEGACY_RAW_EXIT,binance/gate,GATE_PAIRS,89,1,88,0.9887640449438202,8.96070981688979,8.96070981688979,1.0,8.96070981688979,8.96070981688979,8.96070981688979,8.96070981688979,12.908370190145568,12.908370190145568,12.908370190145568,12.908370190145568,15.0,15.0,15.0,15.0,0.00028256569652444194,0,0,8.96070981688979,8.96070981688979,8.96070981688979,0.0,8.96070981688979,-0.0,1.0
50,0,RESIDUAL_SPREAD,72,LEGACY_RAW_EXIT,binance/hyperliquid,NON_GATE_PAIRS,35,34,1,0.02857142857142857,12.807979448513294,8.816599951020432,0.6470588235294118,-11.998583475189227,-1.7158903720126961,21.08199409414761,56.38643043732313,-0.9901736183872096,-0.07162688107464901,16.748343669789254,6.938225751951244,83.82352941176471,15.0,185.99999999999997,945.0,0.05368748233964397,11,0,4.966017805800449,23.522518942074687,16.637611860278,-3.829632411764707,12.807979448513294,-0.0,17.0
50,0,RESIDUAL_SPREAD,72,LEGACY_RAW_EXIT,binance/okx,NON_GATE_PAIRS,16,15,1,0.0625,9.389245726278094,6.9264570400084935,0.7333333333333333,-9.037005271590015,-0.06936789654576891,17.474027417338277,33.38551476793403,0.99200643571673,0.4353287669633943,12.9876877466338,11.3224088226771,63.0,15.0,167.99999999999994,390.0,0.017801638881039843,5,0,1.4028902649467525,23.85545812448944,12.26806424514056,-2.8788185188624666,9.389245726278094,-0.0,7.0
50,0,RESIDUAL_SPREAD,72,LEGACY_RAW_EXIT,bitget/gate,GATE_PAIRS,19,0,19,1.0,,,,,,,,,,,,,,,,0.0,0,0,,,,,,,0.0
50,0,RESIDUAL_SPREAD,72,LEGACY_RAW_EXIT,bitget/hyperliquid,NON_GATE_PAIRS,19,0,19,1.0,,,,,,,,,,,,,,,,0.0,0,0,,,,,,,0.0
50,0,RESIDUAL_SPREAD,72,LEGACY_RAW_EXIT,bitget/okx,NON_GATE_PAIRS,19,0,19,1.0,,,,,,,,,,,,,,,,0.0,0,0,,,,,,,0.0
50,0,RESIDUAL_SPREAD,72,LEGACY_RAW_EXIT,gate/hyperliquid,GATE_PAIRS,104,2,102,0.9807692307692307,42.21739808045405,42.21739808045405,1.0,16.30961027952515,27.82418263549355,56.61061352541455,68.12518588138295,-7.163470041865461,-7.163470041865461,32.57421072576094,32.57421072576094,232.5,232.5,406.5,450.0,0.0087595365922577,4,0,13.43096719053305,71.00382897037505,36.63365408045405,5.583744000000001,42.21739808045405,-0.0,2.0
50,0,RESIDUAL_SPREAD,72,LEGACY_RAW_EXIT,gate/okx,GATE_PAIRS,97,0,97,1.0,,,,,,,,,,,,,,,,0.0,0,0,,,,,,,0.0
50,0,RESIDUAL_SPREAD,72,LEGACY_RAW_EXIT,hyperliquid/okx,NON_GATE_PAIRS,25,24,1,0.04,26.89097119911766,24.607606018433298,0.7916666666666666,-7.274772934754147,1.9581384988966801,46.44862227257461,79.75054154420926,12.054735423683388,7.145357274945807,31.495613757614404,33.486227811964085,64.375,22.5,187.49999999999994,420.0,0.02910426674201752,7,0,12.928741368539168,40.43763157068173,29.705399964029084,-2.814428764911417,26.89097119911766,-0.0,14.0
50,0,RESIDUAL_SPREAD,72,LEGACY_RAW_EXIT,ALL_GATE_PAIRS,GATE_PAIRS,309,3,306,0.9902912621359223,31.13183532593263,13.43096719053305,1.0,9.407735554254115,11.19583850371142,42.21739808045405,65.24654279239085,-0.47285663119511767,-6.205657176123758,26.018930547222485,12.908370190145568,160.0,15.0,363.0,450.0,0.0022605255721955355,4,2,13.43096719053305,39.98226939363242,27.40933932593263,3.722496000000001,31.13183532593263,-0.0,2.0
50,0,RESIDUAL_SPREAD,72,LEGACY_RAW_EXIT,ALL_NON_GATE_PAIRS,NON_GATE_PAIRS,133,73,60,0.45112781954887216,16.735524601677362,9.241573341562948,0.7123287671232876,-10.453233065360834,-0.4074896369546108,27.210475316088445,74.34955451487022,3.705860872314892,0.690577206936549,20.824023714453254,11.504123755934348,73.15068493150685,15.0,206.99999999999994,945.0,0.016765564660450222,23,23,7.414445701792758,27.429311818336053,20.03601871319532,-3.300494111517959,16.735524601677362,-0.0,21.0
50,0,RESIDUAL_SPREAD,72,LEGACY_RAW_EXIT,ALL_PAIRS,ALL,442,76,366,0.8280542986425339,17.303800025003227,9.625090228408961,0.7236842105263158,-9.635089862524982,-0.3600501703635641,27.823347050330295,73.97349083648224,3.5409114971763387,0.6332573405853914,21.029085826273086,11.804886762736832,76.57894736842105,15.0,210.0,945.0,0.010963549025148346,27,25,8.438984430543515,27.536203250606388,20.32707084264548,-3.0232708176422505,17.303800025003227,-0.0,21.0
50,0,RESIDUAL_SPREAD,72,BASELINE_RESIDUAL_EXIT,binance/bitget,NON_GATE_PAIRS,19,0,19,1.0,,,,,,,,,,,,,,,,0.0,0,0,,,,,,,0.0
50,0,RESIDUAL_SPREAD,72,BASELINE_RESIDUAL_EXIT,binance/gate,GATE_PAIRS,85,1,84,0.9882352941176471,42.18338144216434,42.18338144216434,1.0,42.18338144216434,42.18338144216434,42.18338144216434,42.18338144216434,-17.92819965470094,-17.92819965470094,31.90925628714369,31.90925628714369,435.0,435.0,435.0,435.0,0.008194405199208816,4,0,42.18338144216434,42.18338144216434,35.45428144216434,6.729100000000001,42.18338144216434,-0.0,1.0
50,0,RESIDUAL_SPREAD,72,BASELINE_RESIDUAL_EXIT,binance/hyperliquid,NON_GATE_PAIRS,29,27,2,0.06896551724137931,22.544117643279257,30.42209345485085,0.8888888888888888,-9.098780826564347,14.328961617827673,34.06139265992428,39.03203643101608,-9.457955630149497,-6.794204724134279,41.64659262243976,39.48832576339933,165.55555555555554,120.0,393.0000000000004,555.0,0.08420457756428369,19,0,16.759986479615364,27.34812726622293,40.79749775439036,-18.253380111111113,22.544117643279257,-0.0,18.0
50,0,RESIDUAL_SPREAD,72,BASELINE_RESIDUAL_EXIT,binance/okx,NON_GATE_PAIRS,9,8,1,0.1111111111111111,23.580270059359407,20.759676386790954,0.875,-12.087914861153344,17.165300655546872,38.322059647205236,54.766312379634975,-16.204025421184127,-7.151993445149162,42.74771155566431,40.672677902580666,339.375,307.5,685.5,780.0,0.05114439107092399,12,0,2.1232995118879088,40.141053002890644,41.311324163044034,-17.731054103684627,23.580270059359407,-0.0,6.0
50,0,RESIDUAL_SPREAD,72,BASELINE_RESIDUAL_EXIT,bitget/gate,GATE_PAIRS,19,0,19,1.0,,,,,,,,,,,,,,,,0.0,0,0,,,,,,,0.0
50,0,RESIDUAL_SPREAD,72,BASELINE_RESIDUAL_EXIT,bitget/hyperliquid,NON_GATE_PAIRS,19,0,19,1.0,,,,,,,,,,,,,,,,0.0,0,0,,,,,,,0.0
50,0,RESIDUAL_SPREAD,72,BASELINE_RESIDUAL_EXIT,bitget/okx,NON_GATE_PAIRS,19,0,19,1.0,,,,,,,,,,,,,,,,0.0,0,0,,,,,,,0.0
50,0,RESIDUAL_SPREAD,72,BASELINE_RESIDUAL_EXIT,gate/hyperliquid,GATE_PAIRS,103,3,100,0.970873786407767,23.081570295778192,14.967413081344402,1.0,3.989038400113686,8.868316036216227,33.23774594812326,47.85401224154634,-12.481197707884993,-8.121282907607164,25.279395274132586,26.24437289108772,425.0,315.0,591.0,660.0,0.024018084204577565,8,0,2.769218991088051,51.50807881490212,20.119291629111526,2.9622786666666667,23.081570295778192,-0.0,3.0
50,0,RESIDUAL_SPREAD,72,BASELINE_RESIDUAL_EXIT,gate/okx,GATE_PAIRS,97,0,97,1.0,,,,,,,,,,,,,,,,0.0,0,0,,,,,,,0.0
50,0,RESIDUAL_SPREAD,72,BASELINE_RESIDUAL_EXIT,hyperliquid/okx,NON_GATE_PAIRS,20,19,1,0.05,40.52092225797518,39.61016550147626,0.9473684210526315,4.6017669697462384,22.295506943305256,49.3942993296016,98.97746069843318,10.172838117288016,1.6975819668352266,51.97136287388943,43.52046384497265,105.0,75.0,213.0,420.0,0.03758123763775078,10,0,25.853222083855286,54.33554446903937,50.129319936125185,-9.60839767815,40.52092225797518,-0.0,14.0
50,0,RESIDUAL_SPREAD,72,BASELINE_RESIDUAL_EXIT,ALL_GATE_PAIRS,GATE_PAIRS,304,4,300,0.9868421052631579,27.85702308237473,28.57539726175437,1.0,4.598948104626504,11.917864558780314,44.51455578534878,50.10937420899145,-13.84294819458898,-13.024741281154052,26.936860527385363,29.076814589115706,427.5,375.0,592.5,660.0,0.008053122350946596,12,2,2.769218991088051,46.84573012853323,23.953039082374726,3.9039840000000003,27.85702308237473,-0.0,3.0
50,0,RESIDUAL_SPREAD,72,BASELINE_RESIDUAL_EXIT,ALL_NON_GATE_PAIRS,NON_GATE_PAIRS,115,54,61,0.5304347826086957,29.022793698980443,30.985944508151594,0.9074074074074074,-5.6190883474204565,16.511255092366767,39.05811002018104,68.44785597690027,-3.550242243611799,-4.029876248287101,45.44251088620532,40.66460798076821,170.0,90.0,483.0000000000002,780.0,0.028821701045493076,41,37,20.669889241082874,36.52534684846639,44.15703910109761,-15.134245402117166,29.022793698980443,-0.0,21.0
50,0,RESIDUAL_SPREAD,72,BASELINE_RESIDUAL_EXIT,ALL_PAIRS,ALL,419,58,361,0.8615751789976134,28.942395725421424,30.985944508151594,0.9137931034482759,-3.6306926450525236,15.31260258553636,39.50474361760865,64.75851929650918,-4.260084033334364,-5.656867474634897,44.166259137321184,40.36159125709371,187.75862068965517,112.5,514.5000000000001,780.0,0.020514269567674485,53,41,20.927977647454362,35.65280065618751,42.76365978946155,-13.82126406404012,28.942395725421424,-0.0,22.0
50,0,RESIDUAL_SPREAD,72,FRACTIONAL_RESIDUAL_EXIT,binance/bitget,NON_GATE_PAIRS,19,0,19,1.0,,,,,,,,,,,,,,,,0.0,0,0,,,,,,,0.0
50,0,RESIDUAL_SPREAD,72,FRACTIONAL_RESIDUAL_EXIT,binance/gate,GATE_PAIRS,85,1,84,0.9882352941176471,50.967974089140846,50.967974089140846,1.0,50.967974089140846,50.967974089140846,50.967974089140846,50.967974089140846,-17.92819965470094,-17.92819965470094,52.96386245582263,52.96386245582263,450.0,450.0,450.0,450.0,0.008476970895733259,4,0,50.967974089140846,50.967974089140846,44.23887408914084,6.729100000000001,50.967974089140846,-0.0,1.0
50,0,RESIDUAL_SPREAD,72,FRACTIONAL_RESIDUAL_EXIT,binance/hyperliquid,NON_GATE_PAIRS,27,25,2,0.07407407407407407,29.543219234097606,33.63746748426533,0.92,-1.1301777668497555,17.987984267671642,39.9971671495864,53.00098557863644,-10.143132493829832,-6.794204724134279,49.155282518264,46.24694469123614,221.4,150.0,471.00000000000017,930.0,0.10426674201751908,21,0,21.759654798806878,36.5765780919308,48.688285754097606,-19.14506652,29.543219234097606,-0.0,18.0
50,0,RESIDUAL_SPREAD,72,FRACTIONAL_RESIDUAL_EXIT,binance/okx,NON_GATE_PAIRS,9,8,1,0.1111111111111111,24.729386537094886,25.95101904124305,0.875,-14.596647061659525,17.910909855966857,38.970719256503564,55.67443583265264,-16.204025421184127,-7.151993445149162,44.80109277802485,42.896244742982034,376.875,322.5,761.9999999999999,1035.0,0.05679570500141283,12,0,2.687630125647563,40.353305736007634,41.57655703337676,-16.847170496281876,24.729386537094886,-0.0,6.0
50,0,RESIDUAL_SPREAD,72,FRACTIONAL_RESIDUAL_EXIT,bitget/gate,GATE_PAIRS,19,0,19,1.0,,,,,,,,,,,,,,,,0.0,0,0,,,,,,,0.0
50,0,RESIDUAL_SPREAD,72,FRACTIONAL_RESIDUAL_EXIT,bitget/hyperliquid,NON_GATE_PAIRS,19,0,19,1.0,,,,,,,,,,,,,,,,0.0,0,0,,,,,,,0.0
50,0,RESIDUAL_SPREAD,72,FRACTIONAL_RESIDUAL_EXIT,bitget/okx,NON_GATE_PAIRS,19,0,19,1.0,,,,,,,,,,,,,,,,0.0,0,0,,,,,,,0.0
50,0,RESIDUAL_SPREAD,72,FRACTIONAL_RESIDUAL_EXIT,gate/hyperliquid,GATE_PAIRS,103,3,100,0.970873786407767,34.94412998031908,33.551088263767696,1.0,10.78362012515148,20.902494853425353,48.289244248937116,60.07976903707265,-12.481197707884993,-8.121282907607164,29.444788470976608,30.732337896268724,485.0,405.0,621.0,675.0,0.02740887256287087,8,0,8.253901443083011,63.02740023410653,32.17726064698575,2.7668693333333327,34.94412998031908,-0.0,3.0
50,0,RESIDUAL_SPREAD,72,FRACTIONAL_RESIDUAL_EXIT,gate/okx,GATE_PAIRS,97,0,97,1.0,,,,,,,,,,,,,,,,0.0,0,0,,,,,,,0.0
50,0,RESIDUAL_SPREAD,72,FRACTIONAL_RESIDUAL_EXIT,hyperliquid/okx,NON_GATE_PAIRS,20,19,1,0.05,41.66685720006777,40.14317417869313,0.9473684210526315,4.6017669697462384,24.72361116261621,56.30681264116559,78.18535092665357,8.543198083385347,1.6975819668352266,54.91469776532967,47.95629947737301,159.47368421052633,105.0,341.99999999999983,525.0,0.05707827069793727,10,0,28.197631423513116,52.97153500421947,50.94295161505987,-9.276094414992107,41.66685720006777,-0.0,14.0
50,0,RESIDUAL_SPREAD,72,FRACTIONAL_RESIDUAL_EXIT,ALL_GATE_PAIRS,GATE_PAIRS,304,4,300,0.9868421052631579,38.95009100752452,42.259531176454274,1.0,12.048479466185714,27.226791558596524,53.98283062538227,61.21848631236168,-13.84294819458898,-13.024741281154052,35.324556967188116,38.12316654183023,476.25,427.5,607.5,675.0,0.008971460864651032,12,2,8.253901443083011,56.997687161623695,35.19266400752452,3.757427,38.95009100752452,-0.0,3.0
50,0,RESIDUAL_SPREAD,72,FRACTIONAL_RESIDUAL_EXIT,ALL_NON_GATE_PAIRS,NON_GATE_PAIRS,113,52,61,0.5398230088495575,33.23242038366321,34.15619483468468,0.9230769230769231,-1.1289215485785216,18.029017392258456,47.398271188361,74.69153886495225,-4.247879848671101,-4.029876248287101,50.589808898501204,46.0432609258854,222.69230769230768,142.5,525.0,1035.0,0.03635678628614486,43,39,24.79202813404869,40.91404101246847,48.417993861645996,-15.18557347798279,33.23242038366321,-0.0,21.0
50,0,RESIDUAL_SPREAD,72,FRACTIONAL_RESIDUAL_EXIT,ALL_PAIRS,ALL,417,56,361,0.8657074340527577,33.64082542822473,34.15619483468468,0.9285714285714286,-0.7614763414155945,18.029017392258456,49.03705866653297,74.26889509641772,-4.9332418733795205,-5.656867474634897,49.49943376055027,45.733599572369,240.80357142857142,150.0,525.0,1035.0,0.02540265611754733,55,43,25.53113272778873,40.58933974754296,47.473327443494455,-13.83250201526973,33.64082542822473,-0.0,22.0
50,20,RESIDUAL_SPREAD,24,LEGACY_RAW_EXIT,binance/bitget,NON_GATE_PAIRS,52,0,52,1.0,,,,,,,,,,,,,,,,0.0,0,0,,,,,,,0.0
50,20,RESIDUAL_SPREAD,24,LEGACY_RAW_EXIT,binance/gate,GATE_PAIRS,68,0,68,1.0,,,,,,,,,,,,,,,,0.0,0,0,,,,,,,0.0
50,20,RESIDUAL_SPREAD,24,LEGACY_RAW_EXIT,binance/hyperliquid,NON_GATE_PAIRS,32,31,1,0.03125,-12.108244249442665,-14.312322928802228,0.16129032258064516,-48.36650565947798,-21.452681001671287,-7.270186895284396,41.9234033770596,-4.4740664952333455,2.3264762984309684,15.134740577169286,9.344842326312053,112.74193548387096,15.0,195.0,900.0,0.06583780729019496,21,0,-21.175712718430518,-0.20693917120318803,12.00345581507346,-4.111700064516129,7.891755750557334,-20.0,18.0
50,20,RESIDUAL_SPREAD,24,LEGACY_RAW_EXIT,binance/okx,NON_GATE_PAIRS,8,7,1,0.125,-3.9666157943948908,-11.499303845345905,0.42857142857142855,-19.706200987050565,-16.501301136245797,1.6553810575529369,24.396278021598427,0.4983613675070754,5.2562446442239175,29.440437533162186,16.074035706394874,53.57142857142857,15.0,129.00000000000006,255.0,0.007064142413111049,3,0,-13.474999344960084,4.69536355745438,28.077193603021392,-12.043809397416284,16.033384205605106,-20.0,5.0
50,20,RESIDUAL_SPREAD,24,LEGACY_RAW_EXIT,bitget/gate,GATE_PAIRS,55,0,55,1.0,,,,,,,,,,,,,,,,0.0,0,0,,,,,,,0.0
50,20,RESIDUAL_SPREAD,24,LEGACY_RAW_EXIT,bitget/hyperliquid,NON_GATE_PAIRS,58,3,55,0.9482758620689655,-18.09484345881424,-19.24852356686933,0.0,-24.242261318311407,-22.02282231767048,-14.743704653985539,-11.139849523678508,1.7041959495578407,0.7514764331306711,7.497575993941815,9.158232484014484,20.0,15.0,27.0,30.0,0.0011302627860977678,1,0,-24.797121068471636,-10.238885741101749,1.9051565411857634,0.0,1.9051565411857634,-20.0,3.0
50,20,RESIDUAL_SPREAD,24,LEGACY_RAW_EXIT,bitget/okx,NON_GATE_PAIRS,55,1,54,0.9818181818181818,19.850710329880638,19.850710329880638,1.0,19.850710329880638,19.850710329880638,19.850710329880638,19.850710329880638,45.863939433909984,45.863939433909984,45.863939433909984,45.863939433909984,15.0,15.0,15.0,15.0,0.00028256569652444194,0,0,19.850710329880638,19.850710329880638,39.85071032988064,0.0,39.85071032988064,-20.0,1.0
50,20,RESIDUAL_SPREAD,24,LEGACY_RAW_EXIT,gate/hyperliquid,GATE_PAIRS,77,2,75,0.974025974025974,24.256385428692816,24.256385428692816,0.5,-3.486490985650974,8.843676309612931,39.6690945477727,51.9992618430366,2.5963204408741003,2.5963204408741003,33.18304719213461,33.18304719213461,37.5,37.5,55.5,60.0,0.0014128284826222096,0,0,-6.56903280946695,55.08180366685258,43.10078992869282,1.1555955,44.256385428692816,-20.0,2.0
50,20,RESIDUAL_SPREAD,24,LEGACY_RAW_EXIT,gate/okx,GATE_PAIRS,64,1,63,0.984375,33.44361988814161,33.44361988814161,1.0,33.44361988814161,33.44361988814161,33.44361988814161,33.44361988814161,7.82469257743279,7.82469257743279,57.70953685083957,57.70953685083957,315.0,315.0,315.0,315.0,0.00593387962701328,0,0,33.44361988814161,33.44361988814161,54.80120739527861,-1.357587507136999,53.44361988814161,-20.0,1.0
50,20,RESIDUAL_SPREAD,24,LEGACY_RAW_EXIT,hyperliquid/okx,NON_GATE_PAIRS,29,29,0,0.0,-6.02320600559648,-12.900147701041368,0.3448275862068966,-29.047566191183076,-20.840830740772567,4.576955021884512,45.04025121442173,4.104202738910511,-0.1381148921109076,16.233604501638652,5.053699426145197,37.241379310344826,15.0,77.99999999999999,210.0,0.020344730149759818,6,0,-14.798113497477777,7.558012288492447,16.00735782126311,-2.030563826859586,13.976793994403522,-20.0,12.0
50,20,RESIDUAL_SPREAD,24,LEGACY_RAW_EXIT,ALL_GATE_PAIRS,GATE_PAIRS,264,3,261,0.9886363636363636,27.31879691517575,33.44361988814161,0.6666666666666666,-2.567767539706094,13.437293539337333,44.262711777497096,52.917985288981484,4.339111153060331,7.82469257743279,41.358543745036265,57.70953685083957,130.0,60.0,264.0,315.0,0.0018366770274088726,0,0,-6.56903280946695,55.08180366685258,47.00092908422141,0.3178678309543337,47.318796915175746,-20.0,3.0
50,20,RESIDUAL_SPREAD,24,LEGACY_RAW_EXIT,ALL_NON_GATE_PAIRS,NON_GATE_PAIRS,234,71,163,0.6965811965811965,-8.622939105666855,-12.900147701041368,0.2676056338028169,-37.22861791829793,-20.528034825575254,0.32916791889694075,42.56154228618995,0.49001232297611524,1.6221106544678232,17.10410167024844,9.158232484014484,70.77464788732394,15.0,165.0,900.0,0.015776584722614676,31,29,-16.35354165769606,1.6264971150680176,15.18911327124641,-3.8120523769132673,11.377060894333143,-20.0,20.0
50,20,RESIDUAL_SPREAD,24,LEGACY_RAW_EXIT,ALL_PAIRS,ALL,498,74,424,0.8514056224899599,-7.165841699416481,-12.186610918543042,0.28378378378378377,-36.7211202643986,-20.226412877041913,1.8601519565366225,52.10179469586077,0.6460568701416913,1.6465617891536777,18.08738986246957,9.251537405163269,73.17567567567568,15.0,186.00000000000009,900.0,0.010200621644532355,31,29,-14.794876718684607,3.017175324900079,16.478781479880535,-3.644623179297013,12.834158300583516,-20.0,21.0
50,20,RESIDUAL_SPREAD,24,BASELINE_RESIDUAL_EXIT,binance/bitget,NON_GATE_PAIRS,52,0,52,1.0,,,,,,,,,,,,,,,,0.0,0,0,,,,,,,0.0
50,20,RESIDUAL_SPREAD,24,BASELINE_RESIDUAL_EXIT,binance/gate,GATE_PAIRS,68,0,68,1.0,,,,,,,,,,,,,,,,0.0,0,0,,,,,,,0.0
50,20,RESIDUAL_SPREAD,24,BASELINE_RESIDUAL_EXIT,binance/hyperliquid,NON_GATE_PAIRS,31,28,3,0.0967741935483871,6.057070890255098,1.964920092539245,0.5,-25.621002741742227,-8.036234389179505,23.025737313686296,44.78650839083695,-6.963695896256363,-6.209678048307854,41.70757477433511,39.26341406062628,137.14285714285714,120.0,252.00000000000006,510.0,0.07233681831025714,22,0,-0.9937038324712325,12.577777615289396,41.55532796168366,-15.49825707142857,26.057070890255098,-20.0,17.0
50,20,RESIDUAL_SPREAD,24,BASELINE_RESIDUAL_EXIT,binance/okx,NON_GATE_PAIRS,7,6,1,0.14285714285714285,2.4125439207613346,0.9847848935272125,0.6666666666666666,-4.646902119460522,-2.0987081406607757,6.657027208681191,11.31555467509117,-7.263833419902849,-4.5166923602507625,53.03395156663263,55.76225970955806,162.5,120.0,345.0,510.0,0.018366770274088725,4,0,-1.197923356451895,8.460499338904071,51.59627044944566,-29.183726528684335,22.412543920761333,-20.0,4.0
50,20,RESIDUAL_SPREAD,24,BASELINE_RESIDUAL_EXIT,bitget/gate,GATE_PAIRS,55,0,55,1.0,,,,,,,,,,,,,,,,0.0,0,0,,,,,,,0.0
50,20,RESIDUAL_SPREAD,24,BASELINE_RESIDUAL_EXIT,bitget/hyperliquid,NON_GATE_PAIRS,58,0,58,1.0,,,,,,,,,,,,,,,,0.0,0,0,,,,,,,0.0
50,20,RESIDUAL_SPREAD,24,BASELINE_RESIDUAL_EXIT,bitget/okx,NON_GATE_PAIRS,55,1,54,0.9818181818181818,19.850710329880638,19.850710329880638,1.0,19.850710329880638,19.850710329880638,19.850710329880638,19.850710329880638,45.863939433909984,45.863939433909984,45.863939433909984,45.863939433909984,15.0,15.0,15.0,15.0,0.00028256569652444194,0,0,19.850710329880638,19.850710329880638,39.85071032988064,0.0,39.85071032988064,-20.0,1.0
50,20,RESIDUAL_SPREAD,24,BASELINE_RESIDUAL_EXIT,gate/hyperliquid,GATE_PAIRS,77,2,75,0.974025974025974,25.129322717457743,25.129322717457743,0.5,-1.8279101369976107,10.153082242760323,40.10556319215516,52.086555571913095,2.5963204408741003,2.5963204408741003,48.30133473538112,48.30133473538112,52.5,52.5,58.5,60.0,0.0019779598756710934,0,0,-4.823158231937095,55.08180366685258,44.36194671745774,0.7673760000000001,45.12932271745774,-20.0,2.0
50,20,RESIDUAL_SPREAD,24,BASELINE_RESIDUAL_EXIT,gate/okx,GATE_PAIRS,64,1,63,0.984375,14.76155489836374,14.76155489836374,1.0,14.76155489836374,14.76155489836374,14.76155489836374,14.76155489836374,7.82469257743279,7.82469257743279,34.03368890138925,34.03368890138925,180.0,180.0,180.0,180.0,0.003390788358293303,0,0,14.76155489836374,14.76155489836374,36.11914240550074,-1.357587507136999,34.76155489836374,-20.0,1.0
50,20,RESIDUAL_SPREAD,24,BASELINE_RESIDUAL_EXIT,hyperliquid/okx,NON_GATE_PAIRS,17,17,0,0.0,8.70111384401982,6.639237956017759,0.7058823529411765,-21.65892923755753,-4.731225440495216,13.409361557718526,50.99379368542738,-4.304626090435384,-5.273627171044071,43.53151692164456,43.52046384497265,160.58823529411765,90.0,297.0,555.0,0.051426956767448434,18,0,-1.901309771087169,22.902869932701257,42.12710837525658,-13.425994531236766,28.70111384401982,-20.0,12.0
50,20,RESIDUAL_SPREAD,24,BASELINE_RESIDUAL_EXIT,ALL_GATE_PAIRS,GATE_PAIRS,264,3,261,0.9886363636363636,21.673400111093073,14.76155489836374,0.6666666666666666,-2.864686918907011,4.969198333213322,34.92167928260816,51.04977879000369,4.339111153060331,7.82469257743279,43.54545279071717,34.03368890138925,95.0,60.0,156.0,180.0,0.0013421870584910992,0,0,-4.823158231937095,55.08180366685258,41.61434528013874,0.05905483095433365,41.67340011109307,-20.0,3.0
50,20,RESIDUAL_SPREAD,24,BASELINE_RESIDUAL_EXIT,ALL_NON_GATE_PAIRS,NON_GATE_PAIRS,220,52,168,0.7636363636363637,6.766209502498622,4.830904643121251,0.5961538461538461,-23.966242201543583,-4.847428709785781,18.62490185781696,48.13300560044165,-5.1130998022709,-5.460719161791139,43.690683272750896,41.061059749799014,145.3846153846154,105.0,311.99999999999994,555.0,0.02373551850805312,44,36,-0.08511626328074087,13.571849154158503,42.86804535255882,-16.10183585006021,26.766209502498626,-20.0,18.0
50,20,RESIDUAL_SPREAD,24,BASELINE_RESIDUAL_EXIT,ALL_PAIRS,ALL,484,55,429,0.8863636363636364,7.579328990240137,5.08485426435799,0.6,-23.115408204344583,-4.777191836216155,18.812760560546582,52.53035276157174,-4.597524659252834,-5.273627171044071,43.68276161009451,40.026154338911326,142.63636363636363,90.0,303.00000000000006,555.0,0.014778185928228313,44,37,1.0943217628866406,13.748371141623176,42.799661712245005,-15.220332722004871,27.57932899024014,-20.0,20.0
50,20,RESIDUAL_SPREAD,24,FRACTIONAL_RESIDUAL_EXIT,binance/bitget,NON_GATE_PAIRS,52,0,52,1.0,,,,,,,,,,,,,,,,0.0,0,0,,,,,,,0.0
50,20,RESIDUAL_SPREAD,24,FRACTIONAL_RESIDUAL_EXIT,binance/gate,GATE_PAIRS,68,0,68,1.0,,,,,,,,,,,,,,,,0.0,0,0,,,,,,,0.0
50,20,RESIDUAL_SPREAD,24,FRACTIONAL_RESIDUAL_EXIT,binance/hyperliquid,NON_GATE_PAIRS,29,26,3,0.10344827586206896,7.565801168931674,3.2918907941031534,0.5769230769230769,-26.720182033875425,-9.519174787944738,24.826874995937068,51.21108135055578,-10.360847732830072,-9.811340543769422,47.04819665013464,41.83863370435248,190.3846153846154,142.5,427.5,660.0,0.09324667985306584,24,0,-0.947861507831171,13.968372820521491,43.58574239970091,-16.01994123076923,27.56580116893167,-20.0,17.0
50,20,RESIDUAL_SPREAD,24,FRACTIONAL_RESIDUAL_EXIT,binance/okx,NON_GATE_PAIRS,7,6,1,0.14285714285714285,0.6041845967909746,0.9847848935272125,0.6666666666666666,-8.266049506202313,-1.7708137385475826,4.814787624693334,7.806648558549449,-7.263833419902849,-4.5166923602507625,54.39665664006887,55.76225970955806,170.0,127.5,352.5,525.0,0.01921446736366205,4,0,-6.134372165382231,4.186263088322224,51.59525382679664,-30.991069230005674,20.604184596790972,-20.0,4.0
50,20,RESIDUAL_SPREAD,24,FRACTIONAL_RESIDUAL_EXIT,bitget/gate,GATE_PAIRS,55,0,55,1.0,,,,,,,,,,,,,,,,0.0,0,0,,,,,,,0.0
50,20,RESIDUAL_SPREAD,24,FRACTIONAL_RESIDUAL_EXIT,bitget/hyperliquid,NON_GATE_PAIRS,58,0,58,1.0,,,,,,,,,,,,,,,,0.0,0,0,,,,,,,0.0
50,20,RESIDUAL_SPREAD,24,FRACTIONAL_RESIDUAL_EXIT,bitget/okx,NON_GATE_PAIRS,55,1,54,0.9818181818181818,19.850710329880638,19.850710329880638,1.0,19.850710329880638,19.850710329880638,19.850710329880638,19.850710329880638,45.863939433909984,45.863939433909984,45.863939433909984,45.863939433909984,15.0,15.0,15.0,15.0,0.00028256569652444194,0,0,19.850710329880638,19.850710329880638,39.85071032988064,0.0,39.85071032988064,-20.0,1.0
50,20,RESIDUAL_SPREAD,24,FRACTIONAL_RESIDUAL_EXIT,gate/hyperliquid,GATE_PAIRS,77,2,75,0.974025974025974,17.383284198446844,17.383284198446844,0.5,-2.602513988898701,6.280062983254874,28.486505413638813,37.36908238579239,2.5963204408741003,2.5963204408741003,48.30133473538112,48.30133473538112,60.0,60.0,72.0,75.0,0.0022605255721955355,0,0,-4.823158231937095,39.58972662883078,36.615908198446846,0.7673760000000001,37.383284198446844,-20.0,2.0
50,20,RESIDUAL_SPREAD,24,FRACTIONAL_RESIDUAL_EXIT,gate/okx,GATE_PAIRS,64,1,63,0.984375,14.76155489836374,14.76155489836374,1.0,14.76155489836374,14.76155489836374,14.76155489836374,14.76155489836374,7.82469257743279,7.82469257743279,34.03368890138925,34.03368890138925,180.0,180.0,180.0,180.0,0.003390788358293303,0,0,14.76155489836374,14.76155489836374,36.11914240550074,-1.357587507136999,34.76155489836374,-20.0,1.0
50,20,RESIDUAL_SPREAD,24,FRACTIONAL_RESIDUAL_EXIT,hyperliquid/okx,NON_GATE_PAIRS,15,14,1,0.06666666666666667,11.79658456371636,8.317816631955587,0.6428571428571429,-20.386133976535895,-3.564258666538791,23.763133356528375,55.23494523907274,-5.681069168345019,-8.205573840903146,48.28894444867044,44.74752514367963,240.0,142.5,597.0000000000001,720.0,0.06329471602147499,19,0,-4.25257693737941,27.364872491282416,45.30501256593243,-13.508428002216073,31.796584563716358,-20.0,12.0
50,20,RESIDUAL_SPREAD,24,FRACTIONAL_RESIDUAL_EXIT,ALL_GATE_PAIRS,GATE_PAIRS,264,3,261,0.9886363636363636,16.509374431752477,14.76155489836374,0.6666666666666666,-2.864686918907011,4.969198333213322,27.17564076359726,37.10690945578408,4.339111153060331,7.82469257743279,43.54545279071717,34.03368890138925,100.0,75.0,159.0,180.0,0.0014128284826222096,0,0,-4.823158231937095,39.58972662883078,36.45031960079814,0.05905483095433365,36.50937443175247,-20.0,3.0
50,20,RESIDUAL_SPREAD,24,FRACTIONAL_RESIDUAL_EXIT,ALL_NON_GATE_PAIRS,NON_GATE_PAIRS,216,47,169,0.7824074074074074,8.198698557337853,4.576955021884512,0.6170212765957447,-20.47009812060986,-9.100496997459878,23.117525000027314,51.143699007572174,-7.375235542466368,-9.04924731786272,48.33068541402575,43.6554731268246,198.82978723404256,135.0,546.0,720.0,0.029339738155787887,47,32,-0.2739654253623189,15.230070730851047,45.0408874809774,-16.842188923639554,28.19869855733785,-20.0,18.0
50,20,RESIDUAL_SPREAD,24,FRACTIONAL_RESIDUAL_EXIT,ALL_PAIRS,ALL,480,50,430,0.8958333333333334,8.697339109802728,4.785845622354001,0.62,-20.4341134874353,-7.777772951136207,23.209312686368328,50.941551978621376,-6.672374740734764,-7.222618604152964,48.043571456627234,43.58796848589863,192.9,127.5,541.5,720.0,0.018168974286521616,47,33,1.0630853990988722,15.271735894721935,44.52545340816665,-15.82811429836392,28.69733910980273,-20.0,20.0
50,20,RESIDUAL_SPREAD,72,LEGACY_RAW_EXIT,binance/bitget,NON_GATE_PAIRS,19,0,19,1.0,,,,,,,,,,,,,,,,0.0,0,0,,,,,,,0.0
50,20,RESIDUAL_SPREAD,72,LEGACY_RAW_EXIT,binance/gate,GATE_PAIRS,89,1,88,0.9887640449438202,-11.03929018311021,-11.03929018311021,0.0,-11.03929018311021,-11.03929018311021,-11.03929018311021,-11.03929018311021,12.908370190145568,12.908370190145568,12.908370190145568,12.908370190145568,15.0,15.0,15.0,15.0,0.00028256569652444194,0,0,-11.03929018311021,-11.03929018311021,8.96070981688979,0.0,8.96070981688979,-20.0,1.0
50,20,RESIDUAL_SPREAD,72,LEGACY_RAW_EXIT,binance/hyperliquid,NON_GATE_PAIRS,35,34,1,0.02857142857142857,-7.192020551486706,-11.183400048979568,0.29411764705882354,-31.998583475189225,-21.715890372012694,1.0819940941476096,36.38643043732313,-0.9901736183872096,-0.07162688107464901,16.748343669789254,6.938225751951244,83.82352941176471,15.0,185.99999999999997,945.0,0.05368748233964397,11,0,-15.89631731416278,3.700714257530247,16.637611860278,-3.829632411764707,12.807979448513294,-20.0,17.0
50,20,RESIDUAL_SPREAD,72,LEGACY_RAW_EXIT,binance/okx,NON_GATE_PAIRS,16,15,1,0.0625,-10.610754273721906,-13.073542959991508,0.26666666666666666,-29.03700527159002,-20.06936789654577,-2.525972582661721,13.385514767934032,0.99200643571673,0.4353287669633943,12.9876877466338,11.3224088226771,63.0,15.0,167.99999999999994,390.0,0.017801638881039843,5,0,-18.466968648330297,3.2660762074036893,12.26806424514056,-2.8788185188624666,9.389245726278094,-20.0,7.0
50,20,RESIDUAL_SPREAD,72,LEGACY_RAW_EXIT,bitget/gate,GATE_PAIRS,19,0,19,1.0,,,,,,,,,,,,,,,,0.0,0,0,,,,,,,0.0
50,20,RESIDUAL_SPREAD,72,LEGACY_RAW_EXIT,bitget/hyperliquid,NON_GATE_PAIRS,19,0,19,1.0,,,,,,,,,,,,,,,,0.0,0,0,,,,,,,0.0
50,20,RESIDUAL_SPREAD,72,LEGACY_RAW_EXIT,bitget/okx,NON_GATE_PAIRS,19,0,19,1.0,,,,,,,,,,,,,,,,0.0,0,0,,,,,,,0.0
50,20,RESIDUAL_SPREAD,72,LEGACY_RAW_EXIT,gate/hyperliquid,GATE_PAIRS,104,2,102,0.9807692307692307,22.217398080454053,22.217398080454053,0.5,-3.69038972047485,7.82418263549355,36.61061352541455,48.125185881382954,-7.163470041865461,-7.163470041865461,32.57421072576094,32.57421072576094,232.5,232.5,406.5,450.0,0.0087595365922577,4,0,-6.56903280946695,51.003828970375054,36.63365408045405,5.583744000000001,42.21739808045405,-20.0,2.0
50,20,RESIDUAL_SPREAD,72,LEGACY_RAW_EXIT,gate/okx,GATE_PAIRS,97,0,97,1.0,,,,,,,,,,,,,,,,0.0,0,0,,,,,,,0.0
50,20,RESIDUAL_SPREAD,72,LEGACY_RAW_EXIT,hyperliquid/okx,NON_GATE_PAIRS,25,24,1,0.04,6.890971199117664,4.607606018433298,0.5416666666666666,-27.274772934754147,-18.04186150110332,26.448622272574607,59.75054154420925,12.054735423683388,7.145357274945807,31.495613757614404,33.486227811964085,64.375,22.5,187.49999999999994,420.0,0.02910426674201752,7,0,-7.080099552631638,22.010774469897704,29.705399964029084,-2.814428764911417,26.89097119911766,-20.0,14.0
50,20,RESIDUAL_SPREAD,72,LEGACY_RAW_EXIT,ALL_GATE_PAIRS,GATE_PAIRS,309,3,306,0.9902912621359223,11.131835325932633,-6.56903280946695,0.3333333333333333,-10.592264445745885,-8.80416149628858,22.217398080454053,45.24654279239085,-0.47285663119511767,-6.205657176123758,26.018930547222485,12.908370190145568,160.0,15.0,363.0,450.0,0.0022605255721955355,4,2,-6.56903280946695,19.98226939363242,27.40933932593263,3.722496000000001,31.13183532593263,-20.0,2.0
50,20,RESIDUAL_SPREAD,72,LEGACY_RAW_EXIT,ALL_NON_GATE_PAIRS,NON_GATE_PAIRS,133,73,60,0.45112781954887216,-3.26447539832264,-10.758426658437052,0.3698630136986301,-30.453233065360834,-20.40748963695461,7.210475316088445,54.34955451487022,3.705860872314892,0.690577206936549,20.824023714453254,11.504123755934348,73.15068493150685,15.0,206.99999999999994,945.0,0.016765564660450222,23,23,-13.163239064548826,8.28015354820655,20.03601871319532,-3.300494111517959,16.735524601677362,-20.0,21.0
50,20,RESIDUAL_SPREAD,72,LEGACY_RAW_EXIT,ALL_PAIRS,ALL,442,76,366,0.8280542986425339,-2.696199974996774,-10.374909771591039,0.3684210526315789,-29.635089862524982,-20.36005017036356,7.823347050330294,53.97349083648224,3.5409114971763387,0.6332573405853914,21.029085826273086,11.804886762736832,76.57894736842105,15.0,210.0,945.0,0.010963549025148346,27,25,-11.61077885513953,8.281394383834803,20.32707084264548,-3.0232708176422505,17.303800025003227,-20.0,21.0
50,20,RESIDUAL_SPREAD,72,BASELINE_RESIDUAL_EXIT,binance/bitget,NON_GATE_PAIRS,19,0,19,1.0,,,,,,,,,,,,,,,,0.0,0,0,,,,,,,0.0
50,20,RESIDUAL_SPREAD,72,BASELINE_RESIDUAL_EXIT,binance/gate,GATE_PAIRS,85,1,84,0.9882352941176471,22.18338144216434,22.18338144216434,1.0,22.18338144216434,22.18338144216434,22.18338144216434,22.18338144216434,-17.92819965470094,-17.92819965470094,31.90925628714369,31.90925628714369,435.0,435.0,435.0,435.0,0.008194405199208816,4,0,22.18338144216434,22.18338144216434,35.45428144216434,6.729100000000001,42.18338144216434,-20.0,1.0
50,20,RESIDUAL_SPREAD,72,BASELINE_RESIDUAL_EXIT,binance/hyperliquid,NON_GATE_PAIRS,29,27,2,0.06896551724137931,2.544117643279258,10.422093454850849,0.5925925925925926,-29.098780826564347,-5.671038382172327,14.06139265992428,19.032036431016085,-9.457955630149497,-6.794204724134279,41.64659262243976,39.48832576339933,165.55555555555554,120.0,393.0000000000004,555.0,0.08420457756428369,19,0,-3.001738938516541,7.647090341836609,40.79749775439036,-18.253380111111113,22.544117643279257,-20.0,18.0
50,20,RESIDUAL_SPREAD,72,BASELINE_RESIDUAL_EXIT,binance/okx,NON_GATE_PAIRS,9,8,1,0.1111111111111111,3.5802700593594095,0.759676386790952,0.625,-32.087914861153344,-2.834699344453126,18.322059647205236,34.766312379634975,-16.204025421184127,-7.151993445149162,42.74771155566431,40.672677902580666,339.375,307.5,685.5,780.0,0.05114439107092399,12,0,-17.276177298639507,20.421949782569953,41.311324163044034,-17.731054103684627,23.580270059359407,-20.0,6.0
50,20,RESIDUAL_SPREAD,72,BASELINE_RESIDUAL_EXIT,bitget/gate,GATE_PAIRS,19,0,19,1.0,,,,,,,,,,,,,,,,0.0,0,0,,,,,,,0.0
50,20,RESIDUAL_SPREAD,72,BASELINE_RESIDUAL_EXIT,bitget/hyperliquid,NON_GATE_PAIRS,19,0,19,1.0,,,,,,,,,,,,,,,,0.0,0,0,,,,,,,0.0
50,20,RESIDUAL_SPREAD,72,BASELINE_RESIDUAL_EXIT,bitget/okx,NON_GATE_PAIRS,19,0,19,1.0,,,,,,,,,,,,,,,,0.0,0,0,,,,,,,0.0
50,20,RESIDUAL_SPREAD,72,BASELINE_RESIDUAL_EXIT,gate/hyperliquid,GATE_PAIRS,103,3,100,0.970873786407767,3.0815702957781923,-5.032586918655598,0.3333333333333333,-16.01096159988631,-11.131683963783772,13.237745948123262,27.854012241546346,-12.481197707884993,-8.121282907607164,25.279395274132586,26.24437289108772,425.0,315.0,591.0,660.0,0.024018084204577565,8,0,-17.230781008911947,31.50807881490212,20.119291629111526,2.9622786666666667,23.081570295778192,-20.0,3.0
50,20,RESIDUAL_SPREAD,72,BASELINE_RESIDUAL_EXIT,gate/okx,GATE_PAIRS,97,0,97,1.0,,,,,,,,,,,,,,,,0.0,0,0,,,,,,,0.0
50,20,RESIDUAL_SPREAD,72,BASELINE_RESIDUAL_EXIT,hyperliquid/okx,NON_GATE_PAIRS,20,19,1,0.05,20.52092225797518,19.61016550147626,0.7894736842105263,-15.398233030253762,2.2955069433052557,29.3942993296016,78.97746069843319,10.172838117288016,1.6975819668352266,51.97136287388943,43.52046384497265,105.0,75.0,213.0,420.0,0.03758123763775078,10,0,5.374941860196133,35.32215550177271,50.129319936125185,-9.60839767815,40.52092225797518,-20.0,14.0
50,20,RESIDUAL_SPREAD,72,BASELINE_RESIDUAL_EXIT,ALL_GATE_PAIRS,GATE_PAIRS,304,4,300,0.9868421052631579,7.857023082374729,8.575397261754372,0.5,-15.401051895373495,-8.082135441219686,24.514555785348783,30.10937420899145,-13.84294819458898,-13.024741281154052,26.936860527385363,29.076814589115706,427.5,375.0,592.5,660.0,0.008053122350946596,12,2,-17.230781008911947,26.84573012853323,23.953039082374726,3.9039840000000003,27.85702308237473,-20.0,3.0
50,20,RESIDUAL_SPREAD,72,BASELINE_RESIDUAL_EXIT,ALL_NON_GATE_PAIRS,NON_GATE_PAIRS,115,54,61,0.5304347826086957,9.022793698980436,10.985944508151594,0.6666666666666666,-25.61908834742046,-3.488744907633235,19.058110020181044,48.44785597690027,-3.550242243611799,-4.029876248287101,45.44251088620532,40.66460798076821,170.0,90.0,483.0000000000002,780.0,0.028821701045493076,41,37,0.19363704806307383,15.875418367249024,44.15703910109761,-15.134245402117166,29.022793698980443,-20.0,21.0
50,20,RESIDUAL_SPREAD,72,BASELINE_RESIDUAL_EXIT,ALL_PAIRS,ALL,419,58,361,0.8615751789976134,8.942395725421422,10.985944508151594,0.6551724137931034,-23.630692645052523,-4.687397414463639,19.504743617608653,44.758519296509185,-4.260084033334364,-5.656867474634897,44.166259137321184,40.36159125709371,187.75862068965517,112.5,514.5000000000001,780.0,0.020514269567674485,53,41,0.5270121235293438,15.806598196813974,42.76365978946155,-13.82126406404012,28.942395725421424,-20.0,22.0
50,20,RESIDUAL_SPREAD,72,FRACTIONAL_RESIDUAL_EXIT,binance/bitget,NON_GATE_PAIRS,19,0,19,1.0,,,,,,,,,,,,,,,,0.0,0,0,,,,,,,0.0
50,20,RESIDUAL_SPREAD,72,FRACTIONAL_RESIDUAL_EXIT,binance/gate,GATE_PAIRS,85,1,84,0.9882352941176471,30.96797408914085,30.96797408914085,1.0,30.96797408914085,30.96797408914085,30.96797408914085,30.96797408914085,-17.92819965470094,-17.92819965470094,52.96386245582263,52.96386245582263,450.0,450.0,450.0,450.0,0.008476970895733259,4,0,30.96797408914085,30.96797408914085,44.23887408914084,6.729100000000001,50.967974089140846,-20.0,1.0
50,20,RESIDUAL_SPREAD,72,FRACTIONAL_RESIDUAL_EXIT,binance/hyperliquid,NON_GATE_PAIRS,27,25,2,0.07407407407407407,9.543219234097604,13.63746748426533,0.68,-21.130177766849755,-2.012015732328358,19.9971671495864,33.00098557863644,-10.143132493829832,-6.794204724134279,49.155282518264,46.24694469123614,221.4,150.0,471.00000000000017,930.0,0.10426674201751908,21,0,1.9116178316893744,16.78778087543911,48.688285754097606,-19.14506652,29.543219234097606,-20.0,18.0
50,20,RESIDUAL_SPREAD,72,FRACTIONAL_RESIDUAL_EXIT,binance/okx,NON_GATE_PAIRS,9,8,1,0.1111111111111111,4.729386537094886,5.951019041243053,0.75,-34.596647061659525,-2.0890901440331433,18.970719256503564,35.67443583265264,-16.204025421184127,-7.151993445149162,44.80109277802485,42.896244742982034,376.875,322.5,761.9999999999999,1035.0,0.05679570500141283,12,0,-17.416604480256556,21.24988064470726,41.57655703337676,-16.847170496281876,24.729386537094886,-20.0,6.0
50,20,RESIDUAL_SPREAD,72,FRACTIONAL_RESIDUAL_EXIT,bitget/gate,GATE_PAIRS,19,0,19,1.0,,,,,,,,,,,,,,,,0.0,0,0,,,,,,,0.0
50,20,RESIDUAL_SPREAD,72,FRACTIONAL_RESIDUAL_EXIT,bitget/hyperliquid,NON_GATE_PAIRS,19,0,19,1.0,,,,,,,,,,,,,,,,0.0,0,0,,,,,,,0.0
50,20,RESIDUAL_SPREAD,72,FRACTIONAL_RESIDUAL_EXIT,bitget/okx,NON_GATE_PAIRS,19,0,19,1.0,,,,,,,,,,,,,,,,0.0,0,0,,,,,,,0.0
50,20,RESIDUAL_SPREAD,72,FRACTIONAL_RESIDUAL_EXIT,gate/hyperliquid,GATE_PAIRS,103,3,100,0.970873786407767,14.944129980319081,13.551088263767696,0.6666666666666666,-9.216379874848519,0.9024948534253543,28.289244248937116,40.07976903707265,-12.481197707884993,-8.121282907607164,29.444788470976608,30.732337896268724,485.0,405.0,621.0,675.0,0.02740887256287087,8,0,-11.746098556916985,43.02740023410653,32.17726064698575,2.7668693333333327,34.94412998031908,-20.0,3.0
50,20,RESIDUAL_SPREAD,72,FRACTIONAL_RESIDUAL_EXIT,gate/okx,GATE_PAIRS,97,0,97,1.0,,,,,,,,,,,,,,,,0.0,0,0,,,,,,,0.0
50,20,RESIDUAL_SPREAD,72,FRACTIONAL_RESIDUAL_EXIT,hyperliquid/okx,NON_GATE_PAIRS,20,19,1,0.05,21.666857200067764,20.14317417869313,0.7894736842105263,-15.398233030253762,4.72361116261621,36.30681264116559,58.18535092665357,8.543198083385347,1.6975819668352266,54.91469776532967,47.95629947737301,159.47368421052633,105.0,341.99999999999983,525.0,0.05707827069793727,10,0,7.927285095567098,33.58971031578437,50.94295161505987,-9.276094414992107,41.66685720006777,-20.0,14.0
50,20,RESIDUAL_SPREAD,72,FRACTIONAL_RESIDUAL_EXIT,ALL_GATE_PAIRS,GATE_PAIRS,304,4,300,0.9868421052631579,18.950091007524524,22.259531176454274,0.75,-7.951520533814284,7.226791558596525,33.98283062538227,41.21848631236168,-13.84294819458898,-13.024741281154052,35.324556967188116,38.12316654183023,476.25,427.5,607.5,675.0,0.008971460864651032,12,2,-11.746098556916985,36.997687161623695,35.19266400752452,3.757427,38.95009100752452,-20.0,3.0
50,20,RESIDUAL_SPREAD,72,FRACTIONAL_RESIDUAL_EXIT,ALL_NON_GATE_PAIRS,NON_GATE_PAIRS,113,52,61,0.5398230088495575,13.232420383663205,14.156194834684683,0.7307692307692307,-21.128921548578518,-1.9709826077415435,27.398271188361004,54.69153886495225,-4.247879848671101,-4.029876248287101,50.589808898501204,46.0432609258854,222.69230769230768,142.5,525.0,1035.0,0.03635678628614486,43,39,3.981277188171979,20.50250579470959,48.417993861645996,-15.18557347798279,33.23242038366321,-20.0,21.0
50,20,RESIDUAL_SPREAD,72,FRACTIONAL_RESIDUAL_EXIT,ALL_PAIRS,ALL,417,56,361,0.8657074340527577,13.64082542822473,14.156194834684683,0.7321428571428571,-20.76147634141559,-1.9709826077415435,29.037058666532978,54.26889509641773,-4.9332418733795205,-5.656867474634897,49.49943376055027,45.733599572369,240.80357142857142,150.0,525.0,1035.0,0.02540265611754733,55,43,5.098505647601028,20.620207579123935,47.473327443494455,-13.83250201526973,33.64082542822473,-20.0,22.0
50,40,RESIDUAL_SPREAD,24,LEGACY_RAW_EXIT,binance/bitget,NON_GATE_PAIRS,52,0,52,1.0,,,,,,,,,,,,,,,,0.0,0,0,,,,,,,0.0
50,40,RESIDUAL_SPREAD,24,LEGACY_RAW_EXIT,binance/gate,GATE_PAIRS,68,0,68,1.0,,,,,,,,,,,,,,,,0.0,0,0,,,,,,,0.0
50,40,RESIDUAL_SPREAD,24,LEGACY_RAW_EXIT,binance/hyperliquid,NON_GATE_PAIRS,32,31,1,0.03125,-32.10824424944266,-34.31232292880223,0.0967741935483871,-68.36650565947798,-41.45268100167128,-27.2701868952844,21.9234033770596,-4.4740664952333455,2.3264762984309684,15.134740577169286,9.344842326312053,112.74193548387096,15.0,195.0,900.0,0.06583780729019496,21,0,-41.36460091364648,-19.04001379667765,12.00345581507346,-4.111700064516129,7.891755750557334,-40.0,18.0
50,40,RESIDUAL_SPREAD,24,LEGACY_RAW_EXIT,binance/okx,NON_GATE_PAIRS,8,7,1,0.125,-23.966615794394894,-31.499303845345903,0.14285714285714285,-39.70620098705057,-36.5013011362458,-18.344618942447063,4.396278021598427,0.4983613675070754,5.2562446442239175,29.440437533162186,16.074035706394874,53.57142857142857,15.0,129.00000000000006,255.0,0.007064142413111049,3,0,-33.47499934496008,-15.30463644254562,28.077193603021392,-12.043809397416284,16.033384205605106,-40.0,5.0
50,40,RESIDUAL_SPREAD,24,LEGACY_RAW_EXIT,bitget/gate,GATE_PAIRS,55,0,55,1.0,,,,,,,,,,,,,,,,0.0,0,0,,,,,,,0.0
50,40,RESIDUAL_SPREAD,24,LEGACY_RAW_EXIT,bitget/hyperliquid,NON_GATE_PAIRS,58,3,55,0.9482758620689655,-38.09484345881424,-39.24852356686933,0.0,-44.2422613183114,-42.02282231767048,-34.74370465398554,-31.139849523678507,1.7041959495578407,0.7514764331306711,7.497575993941815,9.158232484014484,20.0,15.0,27.0,30.0,0.0011302627860977678,1,0,-44.79712106847163,-30.23888574110175,1.9051565411857634,0.0,1.9051565411857634,-40.0,3.0
50,40,RESIDUAL_SPREAD,24,LEGACY_RAW_EXIT,bitget/okx,NON_GATE_PAIRS,55,1,54,0.9818181818181818,-0.1492896701193657,-0.1492896701193657,0.0,-0.1492896701193657,-0.1492896701193657,-0.1492896701193657,-0.1492896701193657,45.863939433909984,45.863939433909984,45.863939433909984,45.863939433909984,15.0,15.0,15.0,15.0,0.00028256569652444194,0,0,-0.1492896701193657,-0.1492896701193657,39.85071032988064,0.0,39.85071032988064,-40.0,1.0
50,40,RESIDUAL_SPREAD,24,LEGACY_RAW_EXIT,gate/hyperliquid,GATE_PAIRS,77,2,75,0.974025974025974,4.256385428692814,4.256385428692814,0.5,-23.486490985650974,-11.156323690387069,19.669094547772698,31.9992618430366,2.5963204408741003,2.5963204408741003,33.18304719213461,33.18304719213461,37.5,37.5,55.5,60.0,0.0014128284826222096,0,0,-26.56903280946695,35.08180366685258,43.10078992869282,1.1555955,44.256385428692816,-40.0,2.0
50,40,RESIDUAL_SPREAD,24,LEGACY_RAW_EXIT,gate/okx,GATE_PAIRS,64,1,63,0.984375,13.443619888141612,13.443619888141612,1.0,13.443619888141612,13.443619888141612,13.443619888141612,13.443619888141612,7.82469257743279,7.82469257743279,57.70953685083957,57.70953685083957,315.0,315.0,315.0,315.0,0.00593387962701328,0,0,13.443619888141612,13.443619888141612,54.80120739527861,-1.357587507136999,53.44361988814161,-40.0,1.0
50,40,RESIDUAL_SPREAD,24,LEGACY_RAW_EXIT,hyperliquid/okx,NON_GATE_PAIRS,29,29,0,0.0,-26.023206005596474,-32.90014770104137,0.10344827586206896,-49.04756619118308,-40.84083074077257,-15.423044978115488,25.04025121442173,4.104202738910511,-0.1381148921109076,16.233604501638652,5.053699426145197,37.241379310344826,15.0,77.99999999999999,210.0,0.020344730149759818,6,0,-34.80236789526995,-12.605095053178088,16.00735782126311,-2.030563826859586,13.976793994403522,-40.0,12.0
50,40,RESIDUAL_SPREAD,24,LEGACY_RAW_EXIT,ALL_GATE_PAIRS,GATE_PAIRS,264,3,261,0.9886363636363636,7.318796915175747,13.443619888141612,0.6666666666666666,-22.567767539706093,-6.5627064606626675,24.262711777497096,32.917985288981484,4.339111153060331,7.82469257743279,41.358543745036265,57.70953685083957,130.0,60.0,264.0,315.0,0.0018366770274088726,0,0,-26.56903280946695,35.08180366685258,47.00092908422141,0.3178678309543337,47.318796915175746,-40.0,3.0
50,40,RESIDUAL_SPREAD,24,LEGACY_RAW_EXIT,ALL_NON_GATE_PAIRS,NON_GATE_PAIRS,234,71,163,0.6965811965811965,-28.622939105666855,-32.90014770104137,0.09859154929577464,-57.22861791829793,-40.52803482557526,-19.670832081103057,22.561542286189944,0.49001232297611524,1.6221106544678232,17.10410167024844,9.158232484014484,70.77464788732394,15.0,165.0,900.0,0.015776584722614676,31,29,-35.71368261415744,-18.497892018920506,15.18911327124641,-3.8120523769132673,11.377060894333143,-40.0,20.0
50,40,RESIDUAL_SPREAD,24,LEGACY_RAW_EXIT,ALL_PAIRS,ALL,498,74,424,0.8514056224899599,-27.165841699416475,-32.18661091854304,0.12162162162162163,-56.7211202643986,-40.226412877041916,-18.139848043463378,32.10179469586077,0.6460568701416913,1.6465617891536777,18.08738986246957,9.251537405163269,73.17567567567568,15.0,186.00000000000009,900.0,0.010200621644532355,31,29,-34.629815795591306,-16.787063265449696,16.478781479880535,-3.644623179297013,12.834158300583516,-40.0,21.0
50,40,RESIDUAL_SPREAD,24,BASELINE_RESIDUAL_EXIT,binance/bitget,NON_GATE_PAIRS,52,0,52,1.0,,,,,,,,,,,,,,,,0.0,0,0,,,,,,,0.0
50,40,RESIDUAL_SPREAD,24,BASELINE_RESIDUAL_EXIT,binance/gate,GATE_PAIRS,68,0,68,1.0,,,,,,,,,,,,,,,,0.0,0,0,,,,,,,0.0
50,40,RESIDUAL_SPREAD,24,BASELINE_RESIDUAL_EXIT,binance/hyperliquid,NON_GATE_PAIRS,31,28,3,0.0967741935483871,-13.9429291097449,-18.035079907460755,0.2857142857142857,-45.621002741742224,-28.0362343891795,3.025737313686294,24.786508390836953,-6.963695896256363,-6.209678048307854,41.70757477433511,39.26341406062628,137.14285714285714,120.0,252.00000000000006,510.0,0.07233681831025714,22,0,-20.320816078572875,-7.387471898633091,41.55532796168366,-15.49825707142857,26.057070890255098,-40.0,17.0
50,40,RESIDUAL_SPREAD,24,BASELINE_RESIDUAL_EXIT,binance/okx,NON_GATE_PAIRS,7,6,1,0.14285714285714285,-17.587456079238667,-19.015215106472787,0.0,-24.646902119460524,-22.098708140660776,-13.342972791318807,-8.68444532490883,-7.263833419902849,-4.5166923602507625,53.03395156663263,55.76225970955806,162.5,120.0,345.0,510.0,0.018366770274088725,4,0,-21.220442976057097,-11.539500661095929,51.59627044944566,-29.183726528684335,22.412543920761333,-40.0,4.0
50,40,RESIDUAL_SPREAD,24,BASELINE_RESIDUAL_EXIT,bitget/gate,GATE_PAIRS,55,0,55,1.0,,,,,,,,,,,,,,,,0.0,0,0,,,,,,,0.0
50,40,RESIDUAL_SPREAD,24,BASELINE_RESIDUAL_EXIT,bitget/hyperliquid,NON_GATE_PAIRS,58,0,58,1.0,,,,,,,,,,,,,,,,0.0,0,0,,,,,,,0.0
50,40,RESIDUAL_SPREAD,24,BASELINE_RESIDUAL_EXIT,bitget/okx,NON_GATE_PAIRS,55,1,54,0.9818181818181818,-0.1492896701193657,-0.1492896701193657,0.0,-0.1492896701193657,-0.1492896701193657,-0.1492896701193657,-0.1492896701193657,45.863939433909984,45.863939433909984,45.863939433909984,45.863939433909984,15.0,15.0,15.0,15.0,0.00028256569652444194,0,0,-0.1492896701193657,-0.1492896701193657,39.85071032988064,0.0,39.85071032988064,-40.0,1.0
50,40,RESIDUAL_SPREAD,24,BASELINE_RESIDUAL_EXIT,gate/hyperliquid,GATE_PAIRS,77,2,75,0.974025974025974,5.129322717457743,5.129322717457743,0.5,-21.82791013699761,-9.846917757239675,20.10556319215516,32.086555571913095,2.5963204408741003,2.5963204408741003,48.30133473538112,48.30133473538112,52.5,52.5,58.5,60.0,0.0019779598756710934,0,0,-24.823158231937093,35.08180366685258,44.36194671745774,0.7673760000000001,45.12932271745774,-40.0,2.0
50,40,RESIDUAL_SPREAD,24,BASELINE_RESIDUAL_EXIT,gate/okx,GATE_PAIRS,64,1,63,0.984375,-5.238445101636259,-5.238445101636259,0.0,-5.238445101636259,-5.238445101636259,-5.238445101636259,-5.238445101636259,7.82469257743279,7.82469257743279,34.03368890138925,34.03368890138925,180.0,180.0,180.0,180.0,0.003390788358293303,0,0,-5.238445101636259,-5.238445101636259,36.11914240550074,-1.357587507136999,34.76155489836374,-40.0,1.0
50,40,RESIDUAL_SPREAD,24,BASELINE_RESIDUAL_EXIT,hyperliquid/okx,NON_GATE_PAIRS,17,17,0,0.0,-11.298886155980181,-13.36076204398224,0.17647058823529413,-41.65892923755753,-24.731225440495216,-6.590638442281474,30.993793685427377,-4.304626090435384,-5.273627171044071,43.53151692164456,43.52046384497265,160.58823529411765,90.0,297.0,555.0,0.051426956767448434,18,0,-22.124668320992082,3.107669468560271,42.12710837525658,-13.425994531236766,28.70111384401982,-40.0,12.0
50,40,RESIDUAL_SPREAD,24,BASELINE_RESIDUAL_EXIT,ALL_GATE_PAIRS,GATE_PAIRS,264,3,261,0.9886363636363636,1.6734001110930758,-5.238445101636259,0.3333333333333333,-22.864686918907008,-15.030801666786676,14.92167928260816,31.049778790003693,4.339111153060331,7.82469257743279,43.54545279071717,34.03368890138925,95.0,60.0,156.0,180.0,0.0013421870584910992,0,0,-24.82315823193709,35.08180366685258,41.61434528013874,0.05905483095433365,41.67340011109307,-40.0,3.0
50,40,RESIDUAL_SPREAD,24,BASELINE_RESIDUAL_EXIT,ALL_NON_GATE_PAIRS,NON_GATE_PAIRS,220,52,168,0.7636363636363637,-13.23379049750138,-15.16909535687875,0.21153846153846154,-43.96624220154359,-24.84742870978578,-1.37509814218304,28.13300560044165,-5.1130998022709,-5.460719161791139,43.690683272750896,41.061059749799014,145.3846153846154,105.0,311.99999999999994,555.0,0.02373551850805312,44,36,-19.119036486505234,-6.0615100216705065,42.86804535255882,-16.10183585006021,26.766209502498626,-40.0,18.0
50,40,RESIDUAL_SPREAD,24,BASELINE_RESIDUAL_EXIT,ALL_PAIRS,ALL,484,55,429,0.8863636363636364,-12.420671009759866,-14.91514573564201,0.21818181818181817,-43.11540820434458,-24.777191836216154,-1.1872394394534176,32.53035276157174,-4.597524659252834,-5.273627171044071,43.68276161009451,40.026154338911326,142.63636363636363,90.0,303.00000000000006,555.0,0.014778185928228313,44,37,-18.705553823721743,-5.492722102325255,42.799661712245005,-15.220332722004871,27.57932899024014,-40.0,20.0
50,40,RESIDUAL_SPREAD,24,FRACTIONAL_RESIDUAL_EXIT,binance/bitget,NON_GATE_PAIRS,52,0,52,1.0,,,,,,,,,,,,,,,,0.0,0,0,,,,,,,0.0
50,40,RESIDUAL_SPREAD,24,FRACTIONAL_RESIDUAL_EXIT,binance/gate,GATE_PAIRS,68,0,68,1.0,,,,,,,,,,,,,,,,0.0,0,0,,,,,,,0.0
50,40,RESIDUAL_SPREAD,24,FRACTIONAL_RESIDUAL_EXIT,binance/hyperliquid,NON_GATE_PAIRS,29,26,3,0.10344827586206896,-12.434198831068326,-16.708109205896847,0.34615384615384615,-46.720182033875425,-29.51917478794474,4.826874995937068,31.21108135055578,-10.360847732830072,-9.811340543769422,47.04819665013464,41.83863370435248,190.3846153846154,142.5,427.5,660.0,0.09324667985306584,24,0,-19.637270433699406,-5.986237887084312,43.58574239970091,-16.01994123076923,27.56580116893167,-40.0,17.0
50,40,RESIDUAL_SPREAD,24,FRACTIONAL_RESIDUAL_EXIT,binance/okx,NON_GATE_PAIRS,7,6,1,0.14285714285714285,-19.395815403209024,-19.015215106472787,0.0,-28.26604950620231,-21.77081373854758,-15.185212375306667,-12.193351441450549,-7.263833419902849,-4.5166923602507625,54.39665664006887,55.76225970955806,170.0,127.5,352.5,525.0,0.01921446736366205,4,0,-26.167876932648426,-15.813736911677777,51.59525382679664,-30.991069230005674,20.604184596790972,-40.0,4.0
50,40,RESIDUAL_SPREAD,24,FRACTIONAL_RESIDUAL_EXIT,bitget/gate,GATE_PAIRS,55,0,55,1.0,,,,,,,,,,,,,,,,0.0,0,0,,,,,,,0.0
50,40,RESIDUAL_SPREAD,24,FRACTIONAL_RESIDUAL_EXIT,bitget/hyperliquid,NON_GATE_PAIRS,58,0,58,1.0,,,,,,,,,,,,,,,,0.0,0,0,,,,,,,0.0
50,40,RESIDUAL_SPREAD,24,FRACTIONAL_RESIDUAL_EXIT,bitget/okx,NON_GATE_PAIRS,55,1,54,0.9818181818181818,-0.1492896701193657,-0.1492896701193657,0.0,-0.1492896701193657,-0.1492896701193657,-0.1492896701193657,-0.1492896701193657,45.863939433909984,45.863939433909984,45.863939433909984,45.863939433909984,15.0,15.0,15.0,15.0,0.00028256569652444194,0,0,-0.1492896701193657,-0.1492896701193657,39.85071032988064,0.0,39.85071032988064,-40.0,1.0
50,40,RESIDUAL_SPREAD,24,FRACTIONAL_RESIDUAL_EXIT,gate/hyperliquid,GATE_PAIRS,77,2,75,0.974025974025974,-2.6167158015531538,-2.6167158015531538,0.5,-22.6025139888987,-13.719937016745124,8.486505413638817,17.36908238579239,2.5963204408741003,2.5963204408741003,48.30133473538112,48.30133473538112,60.0,60.0,72.0,75.0,0.0022605255721955355,0,0,-24.823158231937093,19.589726628830785,36.615908198446846,0.7673760000000001,37.383284198446844,-40.0,2.0
50,40,RESIDUAL_SPREAD,24,FRACTIONAL_RESIDUAL_EXIT,gate/okx,GATE_PAIRS,64,1,63,0.984375,-5.238445101636259,-5.238445101636259,0.0,-5.238445101636259,-5.238445101636259,-5.238445101636259,-5.238445101636259,7.82469257743279,7.82469257743279,34.03368890138925,34.03368890138925,180.0,180.0,180.0,180.0,0.003390788358293303,0,0,-5.238445101636259,-5.238445101636259,36.11914240550074,-1.357587507136999,34.76155489836374,-40.0,1.0
50,40,RESIDUAL_SPREAD,24,FRACTIONAL_RESIDUAL_EXIT,hyperliquid/okx,NON_GATE_PAIRS,15,14,1,0.06666666666666667,-8.203415436283642,-11.682183368044415,0.2857142857142857,-40.386133976535895,-23.56425866653879,3.763133356528373,35.23494523907274,-5.681069168345019,-8.205573840903146,48.28894444867044,44.74752514367963,240.0,142.5,597.0000000000001,720.0,0.06329471602147499,19,0,-22.95273444222085,7.785516695030669,45.30501256593243,-13.508428002216073,31.796584563716358,-40.0,12.0
50,40,RESIDUAL_SPREAD,24,FRACTIONAL_RESIDUAL_EXIT,ALL_GATE_PAIRS,GATE_PAIRS,264,3,261,0.9886363636363636,-3.490625568247522,-5.238445101636259,0.3333333333333333,-22.864686918907008,-15.030801666786676,7.175640763597263,17.106909455784077,4.339111153060331,7.82469257743279,43.54545279071717,34.03368890138925,100.0,75.0,159.0,180.0,0.0014128284826222096,0,0,-24.82315823193709,19.589726628830785,36.45031960079814,0.05905483095433365,36.50937443175247,-40.0,3.0
50,40,RESIDUAL_SPREAD,24,FRACTIONAL_RESIDUAL_EXIT,ALL_NON_GATE_PAIRS,NON_GATE_PAIRS,216,47,169,0.7824074074074074,-11.801301442662147,-15.423044978115488,0.2765957446808511,-40.47009812060986,-29.100496997459878,3.1175250000273103,31.143699007572177,-7.375235542466368,-9.04924731786272,48.33068541402575,43.6554731268246,198.82978723404256,135.0,546.0,720.0,0.029339738155787887,47,32,-18.745223678888554,-4.688259528154177,45.0408874809774,-16.842188923639554,28.19869855733785,-40.0,18.0
50,40,RESIDUAL_SPREAD,24,FRACTIONAL_RESIDUAL_EXIT,ALL_PAIRS,ALL,480,50,430,0.8958333333333334,-11.302660890197268,-15.214154377645999,0.28,-40.434113487435305,-27.777772951136203,3.2093126863683263,30.94155197862138,-6.672374740734764,-7.222618604152964,48.043571456627234,43.58796848589863,192.9,127.5,541.5,720.0,0.018168974286521616,47,33,-18.524962133587646,-4.525221979202858,44.52545340816665,-15.82811429836392,28.69733910980273,-40.0,20.0
50,40,RESIDUAL_SPREAD,72,LEGACY_RAW_EXIT,binance/bitget,NON_GATE_PAIRS,19,0,19,1.0,,,,,,,,,,,,,,,,0.0,0,0,,,,,,,0.0
50,40,RESIDUAL_SPREAD,72,LEGACY_RAW_EXIT,binance/gate,GATE_PAIRS,89,1,88,0.9887640449438202,-31.03929018311021,-31.03929018311021,0.0,-31.03929018311021,-31.03929018311021,-31.03929018311021,-31.03929018311021,12.908370190145568,12.908370190145568,12.908370190145568,12.908370190145568,15.0,15.0,15.0,15.0,0.00028256569652444194,0,0,-31.03929018311021,-31.03929018311021,8.96070981688979,0.0,8.96070981688979,-40.0,1.0
50,40,RESIDUAL_SPREAD,72,LEGACY_RAW_EXIT,binance/hyperliquid,NON_GATE_PAIRS,35,34,1,0.02857142857142857,-27.192020551486703,-31.18340004897957,0.08823529411764706,-51.99858347518922,-41.715890372012694,-18.91800590585239,16.386430437323128,-0.9901736183872096,-0.07162688107464901,16.748343669789254,6.938225751951244,83.82352941176471,15.0,185.99999999999997,945.0,0.05368748233964397,11,0,-35.79219638013683,-16.536580441928997,16.637611860278,-3.829632411764707,12.807979448513294,-40.0,17.0
50,40,RESIDUAL_SPREAD,72,LEGACY_RAW_EXIT,binance/okx,NON_GATE_PAIRS,16,15,1,0.0625,-30.61075427372191,-33.07354295999151,0.06666666666666667,-49.03700527159002,-40.06936789654577,-22.525972582661723,-6.614485232065969,0.99200643571673,0.4353287669633943,12.9876877466338,11.3224088226771,63.0,15.0,167.99999999999994,390.0,0.017801638881039843,5,0,-38.747112615958294,-15.390037862425784,12.26806424514056,-2.8788185188624666,9.389245726278094,-40.0,7.0
50,40,RESIDUAL_SPREAD,72,LEGACY_RAW_EXIT,bitget/gate,GATE_PAIRS,19,0,19,1.0,,,,,,,,,,,,,,,,0.0,0,0,,,,,,,0.0
50,40,RESIDUAL_SPREAD,72,LEGACY_RAW_EXIT,bitget/hyperliquid,NON_GATE_PAIRS,19,0,19,1.0,,,,,,,,,,,,,,,,0.0,0,0,,,,,,,0.0
50,40,RESIDUAL_SPREAD,72,LEGACY_RAW_EXIT,bitget/okx,NON_GATE_PAIRS,19,0,19,1.0,,,,,,,,,,,,,,,,0.0,0,0,,,,,,,0.0
50,40,RESIDUAL_SPREAD,72,LEGACY_RAW_EXIT,gate/hyperliquid,GATE_PAIRS,104,2,102,0.9807692307692307,2.2173980804540516,2.2173980804540516,0.5,-23.69038972047485,-12.17581736450645,16.610613525414553,28.12518588138295,-7.163470041865461,-7.163470041865461,32.57421072576094,32.57421072576094,232.5,232.5,406.5,450.0,0.0087595365922577,4,0,-26.56903280946695,31.003828970375054,36.63365408045405,5.583744000000001,42.21739808045405,-40.0,2.0
50,40,RESIDUAL_SPREAD,72,LEGACY_RAW_EXIT,gate/okx,GATE_PAIRS,97,0,97,1.0,,,,,,,,,,,,,,,,0.0,0,0,,,,,,,0.0
50,40,RESIDUAL_SPREAD,72,LEGACY_RAW_EXIT,hyperliquid/okx,NON_GATE_PAIRS,25,24,1,0.04,-13.109028800882337,-15.392393981566702,0.2916666666666667,-47.274772934754154,-38.04186150110332,6.4486222725746085,39.75054154420925,12.054735423683388,7.145357274945807,31.495613757614404,33.486227811964085,64.375,22.5,187.49999999999994,420.0,0.02910426674201752,7,0,-27.094869649751864,1.2224553610683815,29.705399964029084,-2.814428764911417,26.89097119911766,-40.0,14.0
50,40,RESIDUAL_SPREAD,72,LEGACY_RAW_EXIT,ALL_GATE_PAIRS,GATE_PAIRS,309,3,306,0.9902912621359223,-8.868164674067367,-26.56903280946695,0.3333333333333333,-30.592264445745883,-28.80416149628858,2.2173980804540534,25.246542792390848,-0.47285663119511767,-6.205657176123758,26.018930547222485,12.908370190145568,160.0,15.0,363.0,450.0,0.0022605255721955355,4,2,-26.56903280946695,-0.017730606367578616,27.40933932593263,3.722496000000001,31.13183532593263,-40.0,2.0
50,40,RESIDUAL_SPREAD,72,LEGACY_RAW_EXIT,ALL_NON_GATE_PAIRS,NON_GATE_PAIRS,133,73,60,0.45112781954887216,-23.264475398322638,-30.75842665843705,0.1506849315068493,-50.453233065360834,-40.40748963695461,-12.789524683911557,34.34955451487022,3.705860872314892,0.690577206936549,20.824023714453254,11.504123755934348,73.15068493150685,15.0,206.99999999999994,945.0,0.016765564660450222,23,23,-32.8525492947406,-13.301765787508351,20.03601871319532,-3.300494111517959,16.735524601677362,-40.0,21.0
50,40,RESIDUAL_SPREAD,72,LEGACY_RAW_EXIT,ALL_PAIRS,ALL,442,76,366,0.8280542986425339,-22.696199974996773,-30.374909771591035,0.15789473684210525,-49.63508986252498,-40.360050170363564,-12.176652949669707,33.97349083648224,3.5409114971763387,0.6332573405853914,21.029085826273086,11.804886762736832,76.57894736842105,15.0,210.0,945.0,0.010963549025148346,27,25,-31.87922100075748,-13.142474677040424,20.32707084264548,-3.0232708176422505,17.303800025003227,-40.0,21.0
50,40,RESIDUAL_SPREAD,72,BASELINE_RESIDUAL_EXIT,binance/bitget,NON_GATE_PAIRS,19,0,19,1.0,,,,,,,,,,,,,,,,0.0,0,0,,,,,,,0.0
50,40,RESIDUAL_SPREAD,72,BASELINE_RESIDUAL_EXIT,binance/gate,GATE_PAIRS,85,1,84,0.9882352941176471,2.18338144216434,2.18338144216434,1.0,2.18338144216434,2.18338144216434,2.18338144216434,2.18338144216434,-17.92819965470094,-17.92819965470094,31.90925628714369,31.90925628714369,435.0,435.0,435.0,435.0,0.008194405199208816,4,0,2.18338144216434,2.18338144216434,35.45428144216434,6.729100000000001,42.18338144216434,-40.0,1.0
50,40,RESIDUAL_SPREAD,72,BASELINE_RESIDUAL_EXIT,binance/hyperliquid,NON_GATE_PAIRS,29,27,2,0.06896551724137931,-17.455882356720743,-9.577906545149151,0.037037037037037035,-49.09878082656435,-25.671038382172327,-5.93860734007572,-0.9679635689839156,-9.457955630149497,-6.794204724134279,41.64659262243976,39.48832576339933,165.55555555555554,120.0,393.0000000000004,555.0,0.08420457756428369,19,0,-23.3013812141436,-12.849698107512737,40.79749775439036,-18.253380111111113,22.544117643279257,-40.0,18.0
50,40,RESIDUAL_SPREAD,72,BASELINE_RESIDUAL_EXIT,binance/okx,NON_GATE_PAIRS,9,8,1,0.1111111111111111,-16.419729940640593,-19.24032361320905,0.25,-52.087914861153344,-22.834699344453128,-1.6779403527947636,14.766312379634972,-16.204025421184127,-7.151993445149162,42.74771155566431,40.672677902580666,339.375,307.5,685.5,780.0,0.05114439107092399,12,0,-33.24272055520722,-0.028442609534491393,41.311324163044034,-17.731054103684627,23.580270059359407,-40.0,6.0
50,40,RESIDUAL_SPREAD,72,BASELINE_RESIDUAL_EXIT,bitget/gate,GATE_PAIRS,19,0,19,1.0,,,,,,,,,,,,,,,,0.0,0,0,,,,,,,0.0
50,40,RESIDUAL_SPREAD,72,BASELINE_RESIDUAL_EXIT,bitget/hyperliquid,NON_GATE_PAIRS,19,0,19,1.0,,,,,,,,,,,,,,,,0.0,0,0,,,,,,,0.0
50,40,RESIDUAL_SPREAD,72,BASELINE_RESIDUAL_EXIT,bitget/okx,NON_GATE_PAIRS,19,0,19,1.0,,,,,,,,,,,,,,,,0.0,0,0,,,,,,,0.0
50,40,RESIDUAL_SPREAD,72,BASELINE_RESIDUAL_EXIT,gate/hyperliquid,GATE_PAIRS,103,3,100,0.970873786407767,-16.918429704221808,-25.0325869186556,0.3333333333333333,-36.010961599886315,-31.13168396378377,-6.762254051876738,7.854012241546345,-12.481197707884993,-8.121282907607164,25.279395274132586,26.24437289108772,425.0,315.0,591.0,660.0,0.024018084204577565,8,0,-37.23078100891195,11.50807881490212,20.119291629111526,2.9622786666666667,23.081570295778192,-40.0,3.0
50,40,RESIDUAL_SPREAD,72,BASELINE_RESIDUAL_EXIT,gate/okx,GATE_PAIRS,97,0,97,1.0,,,,,,,,,,,,,,,,0.0,0,0,,,,,,,0.0
50,40,RESIDUAL_SPREAD,72,BASELINE_RESIDUAL_EXIT,hyperliquid/okx,NON_GATE_PAIRS,20,19,1,0.05,0.5209222579751792,-0.3898344985237401,0.47368421052631576,-35.39823303025376,-17.704493056694744,9.394299329601601,58.97746069843319,10.172838117288016,1.6975819668352266,51.97136287388943,43.52046384497265,105.0,75.0,213.0,420.0,0.03758123763775078,10,0,-14.55835471052915,14.152090420677128,50.129319936125185,-9.60839767815,40.52092225797518,-40.0,14.0
50,40,RESIDUAL_SPREAD,72,BASELINE_RESIDUAL_EXIT,ALL_GATE_PAIRS,GATE_PAIRS,304,4,300,0.9868421052631579,-12.142976917625273,-11.42460273824563,0.5,-35.40105189537349,-28.082135441219688,4.514555785348785,10.10937420899145,-13.84294819458898,-13.024741281154052,26.936860527385363,29.076814589115706,427.5,375.0,592.5,660.0,0.008053122350946596,12,2,-37.23078100891195,6.84573012853323,23.953039082374726,3.9039840000000003,27.85702308237473,-40.0,3.0
50,40,RESIDUAL_SPREAD,72,BASELINE_RESIDUAL_EXIT,ALL_NON_GATE_PAIRS,NON_GATE_PAIRS,115,54,61,0.5304347826086957,-10.977206301019566,-9.014055491848406,0.2222222222222222,-45.61908834742046,-23.488744907633233,-0.9418899798189582,28.447855976900268,-3.550242243611799,-4.029876248287101,45.44251088620532,40.66460798076821,170.0,90.0,483.0000000000002,780.0,0.028821701045493076,41,37,-19.965093375248678,-4.019350935472875,44.15703910109761,-15.134245402117166,29.022793698980443,-40.0,21.0
50,40,RESIDUAL_SPREAD,72,BASELINE_RESIDUAL_EXIT,ALL_PAIRS,ALL,419,58,361,0.8615751789976134,-11.057604274578578,-9.014055491848406,0.2413793103448276,-43.63069264505253,-24.68739741446364,-0.4952563823913483,24.758519296509178,-4.260084033334364,-5.656867474634897,44.166259137321184,40.36159125709371,187.75862068965517,112.5,514.5000000000001,780.0,0.020514269567674485,53,41,-18.89311022272643,-4.237713837250909,42.76365978946155,-13.82126406404012,28.942395725421424,-40.0,22.0
50,40,RESIDUAL_SPREAD,72,FRACTIONAL_RESIDUAL_EXIT,binance/bitget,NON_GATE_PAIRS,19,0,19,1.0,,,,,,,,,,,,,,,,0.0,0,0,,,,,,,0.0
50,40,RESIDUAL_SPREAD,72,FRACTIONAL_RESIDUAL_EXIT,binance/gate,GATE_PAIRS,85,1,84,0.9882352941176471,10.967974089140846,10.967974089140846,1.0,10.967974089140846,10.967974089140846,10.967974089140846,10.967974089140846,-17.92819965470094,-17.92819965470094,52.96386245582263,52.96386245582263,450.0,450.0,450.0,450.0,0.008476970895733259,4,0,10.967974089140846,10.967974089140846,44.23887408914084,6.729100000000001,50.967974089140846,-40.0,1.0
50,40,RESIDUAL_SPREAD,72,FRACTIONAL_RESIDUAL_EXIT,binance/hyperliquid,NON_GATE_PAIRS,27,25,2,0.07407407407407407,-10.456780765902394,-6.362532515734671,0.24,-41.130177766849755,-22.01201573232836,-0.0028328504136041,13.00098557863644,-10.143132493829832,-6.794204724134279,49.155282518264,46.24694469123614,221.4,150.0,471.00000000000017,930.0,0.10426674201751908,21,0,-18.942257901325487,-3.998230496313904,48.688285754097606,-19.14506652,29.543219234097606,-40.0,18.0
50,40,RESIDUAL_SPREAD,72,FRACTIONAL_RESIDUAL_EXIT,binance/okx,NON_GATE_PAIRS,9,8,1,0.1111111111111111,-15.270613462905114,-14.048980958756946,0.25,-54.596647061659525,-22.089090144033143,-1.0292807434964342,15.674435832652634,-16.204025421184127,-7.151993445149162,44.80109277802485,42.896244742982034,376.875,322.5,761.9999999999999,1035.0,0.05679570500141283,12,0,-34.00203390444012,0.35699735819351563,41.57655703337676,-16.847170496281876,24.729386537094886,-40.0,6.0
50,40,RESIDUAL_SPREAD,72,FRACTIONAL_RESIDUAL_EXIT,bitget/gate,GATE_PAIRS,19,0,19,1.0,,,,,,,,,,,,,,,,0.0,0,0,,,,,,,0.0
50,40,RESIDUAL_SPREAD,72,FRACTIONAL_RESIDUAL_EXIT,bitget/hyperliquid,NON_GATE_PAIRS,19,0,19,1.0,,,,,,,,,,,,,,,,0.0,0,0,,,,,,,0.0
50,40,RESIDUAL_SPREAD,72,FRACTIONAL_RESIDUAL_EXIT,bitget/okx,NON_GATE_PAIRS,19,0,19,1.0,,,,,,,,,,,,,,,,0.0,0,0,,,,,,,0.0
50,40,RESIDUAL_SPREAD,72,FRACTIONAL_RESIDUAL_EXIT,gate/hyperliquid,GATE_PAIRS,103,3,100,0.970873786407767,-5.05587001968092,-6.448911736232304,0.3333333333333333,-29.21637987484852,-19.097505146574647,8.289244248937116,20.07976903707265,-12.481197707884993,-8.121282907607164,29.444788470976608,30.732337896268724,485.0,405.0,621.0,675.0,0.02740887256287087,8,0,-31.74609855691699,23.027400234106537,32.17726064698575,2.7668693333333327,34.94412998031908,-40.0,3.0
50,40,RESIDUAL_SPREAD,72,FRACTIONAL_RESIDUAL_EXIT,gate/okx,GATE_PAIRS,97,0,97,1.0,,,,,,,,,,,,,,,,0.0,0,0,,,,,,,0.0
50,40,RESIDUAL_SPREAD,72,FRACTIONAL_RESIDUAL_EXIT,hyperliquid/okx,NON_GATE_PAIRS,20,19,1,0.05,1.6668572000677644,0.1431741786931297,0.5263157894736842,-35.39823303025376,-15.27638883738379,16.306812641165596,38.18535092665357,8.543198083385347,1.6975819668352266,54.91469776532967,47.95629947737301,159.47368421052633,105.0,341.99999999999983,525.0,0.05707827069793727,10,0,-10.973452059726485,12.965204995839073,50.94295161505987,-9.276094414992107,41.66685720006777,-40.0,14.0
50,40,RESIDUAL_SPREAD,72,FRACTIONAL_RESIDUAL_EXIT,ALL_GATE_PAIRS,GATE_PAIRS,304,4,300,0.9868421052631579,-1.049908992475478,2.2595311764542707,0.5,-27.95152053381429,-12.773208441403476,13.982830625382269,21.21848631236168,-13.84294819458898,-13.024741281154052,35.324556967188116,38.12316654183023,476.25,427.5,607.5,675.0,0.008971460864651032,12,2,-31.74609855691699,16.99768716162369,35.19266400752452,3.757427,38.95009100752452,-40.0,3.0
50,40,RESIDUAL_SPREAD,72,FRACTIONAL_RESIDUAL_EXIT,ALL_NON_GATE_PAIRS,NON_GATE_PAIRS,113,52,61,0.5398230088495575,-6.7675796163367945,-5.843805165315317,0.34615384615384615,-41.128921548578525,-21.970982607741544,7.398271188361003,34.69153886495225,-4.247879848671101,-4.029876248287101,50.589808898501204,46.0432609258854,222.69230769230768,142.5,525.0,1035.0,0.03635678628614486,43,39,-16.113755643368393,0.17553325652448462,48.417993861645996,-15.18557347798279,33.23242038366321,-40.0,21.0
50,40,RESIDUAL_SPREAD,72,FRACTIONAL_RESIDUAL_EXIT,ALL_PAIRS,ALL,417,56,361,0.8657074340527577,-6.359174571775271,-5.843805165315317,0.35714285714285715,-40.761476341415595,-21.970982607741544,9.037058666532973,34.26889509641773,-4.9332418733795205,-5.656867474634897,49.49943376055027,45.733599572369,240.80357142857142,150.0,525.0,1035.0,0.02540265611754733,55,43,-14.280880975530557,0.6720073337940109,47.473327443494455,-13.83250201526973,33.64082542822473,-40.0,22.0
50,58,RESIDUAL_SPREAD,24,LEGACY_RAW_EXIT,binance/bitget,NON_GATE_PAIRS,52,0,52,1.0,,,,,,,,,,,,,,,,0.0,0,0,,,,,,,0.0
50,58,RESIDUAL_SPREAD,24,LEGACY_RAW_EXIT,binance/gate,GATE_PAIRS,68,0,68,1.0,,,,,,,,,,,,,,,,0.0,0,0,,,,,,,0.0
50,58,RESIDUAL_SPREAD,24,LEGACY_RAW_EXIT,binance/hyperliquid,NON_GATE_PAIRS,32,31,1,0.03125,-50.108244249442656,-52.31232292880223,0.06451612903225806,-86.36650565947798,-59.45268100167128,-45.2701868952844,3.9234033770596,-4.4740664952333455,2.3264762984309684,15.134740577169286,9.344842326312053,112.74193548387096,15.0,195.0,900.0,0.06583780729019496,21,0,-59.274687344426084,-38.79186725398447,12.00345581507346,-4.111700064516129,7.891755750557334,-58.0,18.0
50,58,RESIDUAL_SPREAD,24,LEGACY_RAW_EXIT,binance/okx,NON_GATE_PAIRS,8,7,1,0.125,-41.9666157943949,-49.49930384534591,0.0,-57.70620098705057,-54.5013011362458,-36.34461894244706,-13.603721978401571,0.4983613675070754,5.2562446442239175,29.440437533162186,16.074035706394874,53.57142857142857,15.0,129.00000000000006,255.0,0.007064142413111049,3,0,-50.628595146244166,-33.30463644254562,28.077193603021392,-12.043809397416284,16.033384205605106,-58.0,5.0
50,58,RESIDUAL_SPREAD,24,LEGACY_RAW_EXIT,bitget/gate,GATE_PAIRS,55,0,55,1.0,,,,,,,,,,,,,,,,0.0,0,0,,,,,,,0.0
50,58,RESIDUAL_SPREAD,24,LEGACY_RAW_EXIT,bitget/hyperliquid,NON_GATE_PAIRS,58,3,55,0.9482758620689655,-56.09484345881424,-57.24852356686933,0.0,-62.2422613183114,-60.02282231767048,-52.74370465398554,-49.13984952367851,1.7041959495578407,0.7514764331306711,7.497575993941815,9.158232484014484,20.0,15.0,27.0,30.0,0.0011302627860977678,1,0,-62.79712106847163,-48.23888574110175,1.9051565411857634,0.0,1.9051565411857634,-58.0,3.0
50,58,RESIDUAL_SPREAD,24,LEGACY_RAW_EXIT,bitget/okx,NON_GATE_PAIRS,55,1,54,0.9818181818181818,-18.14928967011937,-18.14928967011937,0.0,-18.14928967011937,-18.14928967011937,-18.14928967011937,-18.14928967011937,45.863939433909984,45.863939433909984,45.863939433909984,45.863939433909984,15.0,15.0,15.0,15.0,0.00028256569652444194,0,0,-18.14928967011937,-18.14928967011937,39.85071032988064,0.0,39.85071032988064,-58.0,1.0
50,58,RESIDUAL_SPREAD,24,LEGACY_RAW_EXIT,gate/hyperliquid,GATE_PAIRS,77,2,75,0.974025974025974,-13.743614571307184,-13.743614571307184,0.5,-41.486490985650974,-29.156323690387065,1.6690945477726977,13.9992618430366,2.5963204408741003,2.5963204408741003,33.18304719213461,33.18304719213461,37.5,37.5,55.5,60.0,0.0014128284826222096,0,0,-44.56903280946695,17.08180366685258,43.10078992869282,1.1555955,44.256385428692816,-58.0,2.0
50,58,RESIDUAL_SPREAD,24,LEGACY_RAW_EXIT,gate/okx,GATE_PAIRS,64,1,63,0.984375,-4.556380111858388,-4.556380111858388,0.0,-4.556380111858388,-4.556380111858388,-4.556380111858388,-4.556380111858388,7.82469257743279,7.82469257743279,57.70953685083957,57.70953685083957,315.0,315.0,315.0,315.0,0.00593387962701328,0,0,-4.556380111858388,-4.556380111858388,54.80120739527861,-1.357587507136999,53.44361988814161,-58.0,1.0
50,58,RESIDUAL_SPREAD,24,LEGACY_RAW_EXIT,hyperliquid/okx,NON_GATE_PAIRS,29,29,0,0.0,-44.02320600559647,-50.90014770104137,0.06896551724137931,-67.04756619118308,-58.84083074077257,-33.423044978115485,7.0402512144217315,4.104202738910511,-0.1381148921109076,16.233604501638652,5.053699426145197,37.241379310344826,15.0,77.99999999999999,210.0,0.020344730149759818,6,0,-52.87568689816778,-30.857002132133065,16.00735782126311,-2.030563826859586,13.976793994403522,-58.0,12.0
50,58,RESIDUAL_SPREAD,24,LEGACY_RAW_EXIT,ALL_GATE_PAIRS,GATE_PAIRS,264,3,261,0.9886363636363636,-10.681203084824253,-4.556380111858388,0.3333333333333333,-40.56776753970609,-24.562706460662667,6.2627117774970955,14.91798528898148,4.339111153060331,7.82469257743279,41.358543745036265,57.70953685083957,130.0,60.0,264.0,315.0,0.0018366770274088726,0,0,-44.569032809466954,17.08180366685258,47.00092908422141,0.3178678309543337,47.318796915175746,-58.0,3.0
50,58,RESIDUAL_SPREAD,24,LEGACY_RAW_EXIT,ALL_NON_GATE_PAIRS,NON_GATE_PAIRS,234,71,163,0.6965811965811965,-46.62293910566686,-50.90014770104137,0.056338028169014086,-75.22861791829794,-58.52803482557526,-37.67083208110306,4.561542286189944,0.49001232297611524,1.6221106544678232,17.10410167024844,9.158232484014484,70.77464788732394,15.0,165.0,900.0,0.015776584722614676,31,29,-53.82476489333219,-34.929958278868554,15.18911327124641,-3.8120523769132673,11.377060894333143,-58.0,20.0
50,58,RESIDUAL_SPREAD,24,LEGACY_RAW_EXIT,ALL_PAIRS,ALL,498,74,424,0.8514056224899599,-45.16584169941648,-50.18661091854304,0.06756756756756757,-74.7211202643986,-58.226412877041916,-36.139848043463374,14.101794695860765,0.6460568701416913,1.6465617891536777,18.08738986246957,9.251537405163269,73.17567567567568,15.0,186.00000000000009,900.0,0.010200621644532355,31,29,-52.48703302393888,-34.591050243225155,16.478781479880535,-3.644623179297013,12.834158300583516,-58.0,21.0
50,58,RESIDUAL_SPREAD,24,BASELINE_RESIDUAL_EXIT,binance/bitget,NON_GATE_PAIRS,52,0,52,1.0,,,,,,,,,,,,,,,,0.0,0,0,,,,,,,0.0
50,58,RESIDUAL_SPREAD,24,BASELINE_RESIDUAL_EXIT,binance/gate,GATE_PAIRS,68,0,68,1.0,,,,,,,,,,,,,,,,0.0,0,0,,,,,,,0.0
50,58,RESIDUAL_SPREAD,24,BASELINE_RESIDUAL_EXIT,binance/hyperliquid,NON_GATE_PAIRS,31,28,3,0.0967741935483871,-31.942929109744902,-36.035079907460755,0.07142857142857142,-63.621002741742224,-46.036234389179505,-14.974262686313706,6.786508390836953,-6.963695896256363,-6.209678048307854,41.70757477433511,39.26341406062628,137.14285714285714,120.0,252.00000000000006,510.0,0.07233681831025714,22,0,-38.607813842726685,-24.924925713136577,41.55532796168366,-15.49825707142857,26.057070890255098,-58.0,17.0
50,58,RESIDUAL_SPREAD,24,BASELINE_RESIDUAL_EXIT,binance/okx,NON_GATE_PAIRS,7,6,1,0.14285714285714285,-35.58745607923867,-37.01521510647279,0.0,-42.64690211946052,-40.098708140660776,-31.342972791318807,-26.68444532490883,-7.263833419902849,-4.5166923602507625,53.03395156663263,55.76225970955806,162.5,120.0,345.0,510.0,0.018366770274088725,4,0,-39.197923356451895,-29.53950066109593,51.59627044944566,-29.183726528684335,22.412543920761333,-58.0,4.0
50,58,RESIDUAL_SPREAD,24,BASELINE_RESIDUAL_EXIT,bitget/gate,GATE_PAIRS,55,0,55,1.0,,,,,,,,,,,,,,,,0.0,0,0,,,,,,,0.0
50,58,RESIDUAL_SPREAD,24,BASELINE_RESIDUAL_EXIT,bitget/hyperliquid,NON_GATE_PAIRS,58,0,58,1.0,,,,,,,,,,,,,,,,0.0,0,0,,,,,,,0.0
50,58,RESIDUAL_SPREAD,24,BASELINE_RESIDUAL_EXIT,bitget/okx,NON_GATE_PAIRS,55,1,54,0.9818181818181818,-18.14928967011937,-18.14928967011937,0.0,-18.14928967011937,-18.14928967011937,-18.14928967011937,-18.14928967011937,45.863939433909984,45.863939433909984,45.863939433909984,45.863939433909984,15.0,15.0,15.0,15.0,0.00028256569652444194,0,0,-18.14928967011937,-18.14928967011937,39.85071032988064,0.0,39.85071032988064,-58.0,1.0
50,58,RESIDUAL_SPREAD,24,BASELINE_RESIDUAL_EXIT,gate/hyperliquid,GATE_PAIRS,77,2,75,0.974025974025974,-12.870677282542257,-12.870677282542257,0.5,-39.82791013699761,-27.846917757239673,2.105563192155161,14.086555571913093,2.5963204408741003,2.5963204408741003,48.30133473538112,48.30133473538112,52.5,52.5,58.5,60.0,0.0019779598756710934,0,0,-42.82315823193709,17.08180366685258,44.36194671745774,0.7673760000000001,45.12932271745774,-58.0,2.0
50,58,RESIDUAL_SPREAD,24,BASELINE_RESIDUAL_EXIT,gate/okx,GATE_PAIRS,64,1,63,0.984375,-23.23844510163626,-23.23844510163626,0.0,-23.23844510163626,-23.23844510163626,-23.23844510163626,-23.23844510163626,7.82469257743279,7.82469257743279,34.03368890138925,34.03368890138925,180.0,180.0,180.0,180.0,0.003390788358293303,0,0,-23.23844510163626,-23.23844510163626,36.11914240550074,-1.357587507136999,34.76155489836374,-58.0,1.0
50,58,RESIDUAL_SPREAD,24,BASELINE_RESIDUAL_EXIT,hyperliquid/okx,NON_GATE_PAIRS,17,17,0,0.0,-29.29888615598018,-31.36076204398224,0.11764705882352941,-59.65892923755753,-42.731225440495216,-24.590638442281477,12.993793685427374,-4.304626090435384,-5.273627171044071,43.53151692164456,43.52046384497265,160.58823529411765,90.0,297.0,555.0,0.051426956767448434,18,0,-40.45119805997889,-15.48393254827906,42.12710837525658,-13.425994531236766,28.70111384401982,-58.0,12.0
50,58,RESIDUAL_SPREAD,24,BASELINE_RESIDUAL_EXIT,ALL_GATE_PAIRS,GATE_PAIRS,264,3,261,0.9886363636363636,-16.326599888906923,-23.23844510163626,0.3333333333333333,-40.86468691890701,-33.03080166678667,-3.07832071739184,13.049778790003693,4.339111153060331,7.82469257743279,43.54545279071717,34.03368890138925,95.0,60.0,156.0,180.0,0.0013421870584910992,0,0,-42.82315823193709,17.08180366685258,41.61434528013874,0.05905483095433365,41.67340011109307,-58.0,3.0
50,58,RESIDUAL_SPREAD,24,BASELINE_RESIDUAL_EXIT,ALL_NON_GATE_PAIRS,NON_GATE_PAIRS,220,52,168,0.7636363636363637,-31.233790497501374,-33.16909535687875,0.07692307692307693,-61.96624220154359,-42.84742870978578,-19.37509814218304,10.133005600441649,-5.1130998022709,-5.460719161791139,43.690683272750896,41.061059749799014,145.3846153846154,105.0,311.99999999999994,555.0,0.02373551850805312,44,36,-37.6937863931015,-24.599435909824685,42.86804535255882,-16.10183585006021,26.766209502498626,-58.0,18.0
50,58,RESIDUAL_SPREAD,24,BASELINE_RESIDUAL_EXIT,ALL_PAIRS,ALL,484,55,429,0.8863636363636364,-30.42067100975986,-32.915145735642014,0.09090909090909091,-61.11540820434458,-42.777191836216154,-19.187239439453418,14.530352761571741,-4.597524659252834,-5.273627171044071,43.68276161009451,40.026154338911326,142.63636363636363,90.0,303.00000000000006,555.0,0.014778185928228313,44,37,-36.37966171869953,-23.64886836885405,42.799661712245005,-15.220332722004871,27.57932899024014,-58.0,20.0
50,58,RESIDUAL_SPREAD,24,FRACTIONAL_RESIDUAL_EXIT,binance/bitget,NON_GATE_PAIRS,52,0,52,1.0,,,,,,,,,,,,,,,,0.0,0,0,,,,,,,0.0
50,58,RESIDUAL_SPREAD,24,FRACTIONAL_RESIDUAL_EXIT,binance/gate,GATE_PAIRS,68,0,68,1.0,,,,,,,,,,,,,,,,0.0,0,0,,,,,,,0.0
50,58,RESIDUAL_SPREAD,24,FRACTIONAL_RESIDUAL_EXIT,binance/hyperliquid,NON_GATE_PAIRS,29,26,3,0.10344827586206896,-30.43419883106833,-34.70810920589685,0.11538461538461539,-64.72018203387543,-47.51917478794474,-13.173125004062932,13.21108135055578,-10.360847732830072,-9.811340543769422,47.04819665013464,41.83863370435248,190.3846153846154,142.5,427.5,660.0,0.09324667985306584,24,0,-38.34357958539896,-23.716024097530916,43.58574239970091,-16.01994123076923,27.56580116893167,-58.0,17.0
50,58,RESIDUAL_SPREAD,24,FRACTIONAL_RESIDUAL_EXIT,binance/okx,NON_GATE_PAIRS,7,6,1,0.14285714285714285,-37.39581540320903,-37.01521510647279,0.0,-46.266049506202314,-39.77081373854758,-33.18521237530666,-30.193351441450552,-7.263833419902849,-4.5166923602507625,54.39665664006887,55.76225970955806,170.0,127.5,352.5,525.0,0.01921446736366205,4,0,-44.13437216538223,-33.81373691167778,51.59525382679664,-30.991069230005674,20.604184596790972,-58.0,4.0
50,58,RESIDUAL_SPREAD,24,FRACTIONAL_RESIDUAL_EXIT,bitget/gate,GATE_PAIRS,55,0,55,1.0,,,,,,,,,,,,,,,,0.0,0,0,,,,,,,0.0
50,58,RESIDUAL_SPREAD,24,FRACTIONAL_RESIDUAL_EXIT,bitget/hyperliquid,NON_GATE_PAIRS,58,0,58,1.0,,,,,,,,,,,,,,,,0.0,0,0,,,,,,,0.0
50,58,RESIDUAL_SPREAD,24,FRACTIONAL_RESIDUAL_EXIT,bitget/okx,NON_GATE_PAIRS,55,1,54,0.9818181818181818,-18.14928967011937,-18.14928967011937,0.0,-18.14928967011937,-18.14928967011937,-18.14928967011937,-18.14928967011937,45.863939433909984,45.863939433909984,45.863939433909984,45.863939433909984,15.0,15.0,15.0,15.0,0.00028256569652444194,0,0,-18.14928967011937,-18.14928967011937,39.85071032988064,0.0,39.85071032988064,-58.0,1.0
50,58,RESIDUAL_SPREAD,24,FRACTIONAL_RESIDUAL_EXIT,gate/hyperliquid,GATE_PAIRS,77,2,75,0.974025974025974,-20.616715801553156,-20.616715801553156,0.5,-40.6025139888987,-31.719937016745124,-9.513494586361187,-0.6309176142076136,2.5963204408741003,2.5963204408741003,48.30133473538112,48.30133473538112,60.0,60.0,72.0,75.0,0.0022605255721955355,0,0,-42.82315823193709,1.589726628830782,36.615908198446846,0.7673760000000001,37.383284198446844,-58.0,2.0
50,58,RESIDUAL_SPREAD,24,FRACTIONAL_RESIDUAL_EXIT,gate/okx,GATE_PAIRS,64,1,63,0.984375,-23.23844510163626,-23.23844510163626,0.0,-23.23844510163626,-23.23844510163626,-23.23844510163626,-23.23844510163626,7.82469257743279,7.82469257743279,34.03368890138925,34.03368890138925,180.0,180.0,180.0,180.0,0.003390788358293303,0,0,-23.23844510163626,-23.23844510163626,36.11914240550074,-1.357587507136999,34.76155489836374,-58.0,1.0
50,58,RESIDUAL_SPREAD,24,FRACTIONAL_RESIDUAL_EXIT,hyperliquid/okx,NON_GATE_PAIRS,15,14,1,0.06666666666666667,-26.203415436283642,-29.682183368044413,0.14285714285714285,-58.386133976535895,-41.56425866653879,-14.236866643471629,17.234945239072736,-5.681069168345019,-8.205573840903146,48.28894444867044,44.74752514367963,240.0,142.5,597.0000000000001,720.0,0.06329471602147499,19,0,-42.264570899509124,-10.264857077812978,45.30501256593243,-13.508428002216073,31.796584563716358,-58.0,12.0
50,58,RESIDUAL_SPREAD,24,FRACTIONAL_RESIDUAL_EXIT,ALL_GATE_PAIRS,GATE_PAIRS,264,3,261,0.9886363636363636,-21.49062556824752,-23.23844510163626,0.3333333333333333,-40.86468691890701,-33.03080166678667,-10.824359236402739,-0.893090544215924,4.339111153060331,7.82469257743279,43.54545279071717,34.03368890138925,100.0,75.0,159.0,180.0,0.0014128284826222096,0,0,-42.82315823193709,1.589726628830782,36.45031960079814,0.05905483095433365,36.50937443175247,-58.0,3.0
50,58,RESIDUAL_SPREAD,24,FRACTIONAL_RESIDUAL_EXIT,ALL_NON_GATE_PAIRS,NON_GATE_PAIRS,216,47,169,0.7824074074074074,-29.80130144266215,-33.423044978115485,0.10638297872340426,-58.47009812060986,-47.100496997459885,-14.88247499997269,13.143699007572174,-7.375235542466368,-9.04924731786272,48.33068541402575,43.6554731268246,198.82978723404256,135.0,546.0,720.0,0.029339738155787887,47,32,-37.13872436558635,-22.85289950425244,45.0408874809774,-16.842188923639554,28.19869855733785,-58.0,18.0
50,58,RESIDUAL_SPREAD,24,FRACTIONAL_RESIDUAL_EXIT,ALL_PAIRS,ALL,480,50,430,0.8958333333333334,-29.30266089019727,-33.214154377646,0.12,-58.434113487435305,-45.77777295113621,-14.790687313631674,12.941551978621378,-6.672374740734764,-7.222618604152964,48.043571456627234,43.58796848589863,192.9,127.5,541.5,720.0,0.018168974286521616,47,33,-36.436205343422436,-22.46340280950588,44.52545340816665,-15.82811429836392,28.69733910980273,-58.0,20.0
50,58,RESIDUAL_SPREAD,72,LEGACY_RAW_EXIT,binance/bitget,NON_GATE_PAIRS,19,0,19,1.0,,,,,,,,,,,,,,,,0.0,0,0,,,,,,,0.0
50,58,RESIDUAL_SPREAD,72,LEGACY_RAW_EXIT,binance/gate,GATE_PAIRS,89,1,88,0.9887640449438202,-49.03929018311021,-49.03929018311021,0.0,-49.03929018311021,-49.03929018311021,-49.03929018311021,-49.03929018311021,12.908370190145568,12.908370190145568,12.908370190145568,12.908370190145568,15.0,15.0,15.0,15.0,0.00028256569652444194,0,0,-49.03929018311021,-49.03929018311021,8.96070981688979,0.0,8.96070981688979,-58.0,1.0
50,58,RESIDUAL_SPREAD,72,LEGACY_RAW_EXIT,binance/hyperliquid,NON_GATE_PAIRS,35,34,1,0.02857142857142857,-45.1920205514867,-49.183400048979564,0.058823529411764705,-69.99858347518922,-59.715890372012694,-36.91800590585239,-1.6135695626768705,-0.9901736183872096,-0.07162688107464901,16.748343669789254,6.938225751951244,83.82352941176471,15.0,185.99999999999997,945.0,0.05368748233964397,11,0,-52.9452697636612,-33.67031002857547,16.637611860278,-3.829632411764707,12.807979448513294,-58.0,17.0
50,58,RESIDUAL_SPREAD,72,LEGACY_RAW_EXIT,binance/okx,NON_GATE_PAIRS,16,15,1,0.0625,-48.610754273721916,-51.07354295999151,0.0,-67.03700527159002,-58.06936789654577,-40.52597258266172,-24.614485232065967,0.99200643571673,0.4353287669633943,12.9876877466338,11.3224088226771,63.0,15.0,167.99999999999994,390.0,0.017801638881039843,5,0,-56.44863014476935,-34.48840959544174,12.26806424514056,-2.8788185188624666,9.389245726278094,-58.0,7.0
50,58,RESIDUAL_SPREAD,72,LEGACY_RAW_EXIT,bitget/gate,GATE_PAIRS,19,0,19,1.0,,,,,,,,,,,,,,,,0.0,0,0,,,,,,,0.0
50,58,RESIDUAL_SPREAD,72,LEGACY_RAW_EXIT,bitget/hyperliquid,NON_GATE_PAIRS,19,0,19,1.0,,,,,,,,,,,,,,,,0.0,0,0,,,,,,,0.0
50,58,RESIDUAL_SPREAD,72,LEGACY_RAW_EXIT,bitget/okx,NON_GATE_PAIRS,19,0,19,1.0,,,,,,,,,,,,,,,,0.0,0,0,,,,,,,0.0
50,58,RESIDUAL_SPREAD,72,LEGACY_RAW_EXIT,gate/hyperliquid,GATE_PAIRS,104,2,102,0.9807692307692307,-15.782601919545947,-15.782601919545947,0.5,-41.69038972047485,-30.175817364506447,-1.3893864745854465,10.12518588138295,-7.163470041865461,-7.163470041865461,32.57421072576094,32.57421072576094,232.5,232.5,406.5,450.0,0.0087595365922577,4,0,-44.56903280946695,13.003828970375054,36.63365408045405,5.583744000000001,42.21739808045405,-58.0,2.0
50,58,RESIDUAL_SPREAD,72,LEGACY_RAW_EXIT,gate/okx,GATE_PAIRS,97,0,97,1.0,,,,,,,,,,,,,,,,0.0,0,0,,,,,,,0.0
50,58,RESIDUAL_SPREAD,72,LEGACY_RAW_EXIT,hyperliquid/okx,NON_GATE_PAIRS,25,24,1,0.04,-31.10902880088234,-33.3923939815667,0.125,-65.27477293475414,-56.04186150110332,-11.551377727425391,21.750541544209252,12.054735423683388,7.145357274945807,31.495613757614404,33.486227811964085,64.375,22.5,187.49999999999994,420.0,0.02910426674201752,7,0,-45.86388320881543,-18.21240631231733,29.705399964029084,-2.814428764911417,26.89097119911766,-58.0,14.0
50,58,RESIDUAL_SPREAD,72,LEGACY_RAW_EXIT,ALL_GATE_PAIRS,GATE_PAIRS,309,3,306,0.9902912621359223,-26.86816467406737,-44.56903280946695,0.3333333333333333,-48.59226444574588,-46.80416149628858,-15.782601919545947,7.246542792390849,-0.47285663119511767,-6.205657176123758,26.018930547222485,12.908370190145568,160.0,15.0,363.0,450.0,0.0022605255721955355,4,2,-44.56903280946695,-18.01773060636758,27.40933932593263,3.722496000000001,31.13183532593263,-58.0,2.0
50,58,RESIDUAL_SPREAD,72,LEGACY_RAW_EXIT,ALL_NON_GATE_PAIRS,NON_GATE_PAIRS,133,73,60,0.45112781954887216,-41.26447539832264,-48.75842665843705,0.0684931506849315,-68.45323306536083,-58.40748963695461,-30.789524683911555,16.34955451487022,3.705860872314892,0.690577206936549,20.824023714453254,11.504123755934348,73.15068493150685,15.0,206.99999999999994,945.0,0.016765564660450222,23,23,-50.055104270465016,-30.76241262385189,20.03601871319532,-3.300494111517959,16.735524601677362,-58.0,21.0
50,58,RESIDUAL_SPREAD,72,LEGACY_RAW_EXIT,ALL_PAIRS,ALL,442,76,366,0.8280542986425339,-40.69619997499677,-48.37490977159104,0.07894736842105263,-67.63508986252498,-58.360050170363564,-30.176652949669705,15.973490836482245,3.5409114971763387,0.6332573405853914,21.029085826273086,11.804886762736832,76.57894736842105,15.0,210.0,945.0,0.010963549025148346,27,25,-49.07217951646476,-30.77963915752157,20.32707084264548,-3.0232708176422505,17.303800025003227,-58.0,21.0
50,58,RESIDUAL_SPREAD,72,BASELINE_RESIDUAL_EXIT,binance/bitget,NON_GATE_PAIRS,19,0,19,1.0,,,,,,,,,,,,,,,,0.0,0,0,,,,,,,0.0
50,58,RESIDUAL_SPREAD,72,BASELINE_RESIDUAL_EXIT,binance/gate,GATE_PAIRS,85,1,84,0.9882352941176471,-15.81661855783566,-15.81661855783566,0.0,-15.81661855783566,-15.81661855783566,-15.81661855783566,-15.81661855783566,-17.92819965470094,-17.92819965470094,31.90925628714369,31.90925628714369,435.0,435.0,435.0,435.0,0.008194405199208816,4,0,-15.81661855783566,-15.81661855783566,35.45428144216434,6.729100000000001,42.18338144216434,-58.0,1.0
50,58,RESIDUAL_SPREAD,72,BASELINE_RESIDUAL_EXIT,binance/hyperliquid,NON_GATE_PAIRS,29,27,2,0.06896551724137931,-35.45588235672074,-27.57790654514915,0.0,-67.09878082656434,-43.67103838217233,-23.93860734007572,-18.967963568983915,-9.457955630149497,-6.794204724134279,41.64659262243976,39.48832576339933,165.55555555555554,120.0,393.0000000000004,555.0,0.08420457756428369,19,0,-41.06637073582552,-30.498068391916377,40.79749775439036,-18.253380111111113,22.544117643279257,-58.0,18.0
50,58,RESIDUAL_SPREAD,72,BASELINE_RESIDUAL_EXIT,binance/okx,NON_GATE_PAIRS,9,8,1,0.1111111111111111,-34.41972994064059,-37.24032361320905,0.125,-70.08791486115334,-40.83469934445313,-19.677940352794764,-3.2336876203650284,-16.204025421184127,-7.151993445149162,42.74771155566431,40.672677902580666,339.375,307.5,685.5,780.0,0.05114439107092399,12,0,-54.67565410916691,-17.644170599494856,41.311324163044034,-17.731054103684627,23.580270059359407,-58.0,6.0
50,58,RESIDUAL_SPREAD,72,BASELINE_RESIDUAL_EXIT,bitget/gate,GATE_PAIRS,19,0,19,1.0,,,,,,,,,,,,,,,,0.0,0,0,,,,,,,0.0
50,58,RESIDUAL_SPREAD,72,BASELINE_RESIDUAL_EXIT,bitget/hyperliquid,NON_GATE_PAIRS,19,0,19,1.0,,,,,,,,,,,,,,,,0.0,0,0,,,,,,,0.0
50,58,RESIDUAL_SPREAD,72,BASELINE_RESIDUAL_EXIT,bitget/okx,NON_GATE_PAIRS,19,0,19,1.0,,,,,,,,,,,,,,,,0.0,0,0,,,,,,,0.0
50,58,RESIDUAL_SPREAD,72,BASELINE_RESIDUAL_EXIT,gate/hyperliquid,GATE_PAIRS,103,3,100,0.970873786407767,-34.91842970422181,-43.0325869186556,0.0,-54.010961599886315,-49.13168396378377,-24.76225405187674,-10.145987758453655,-12.481197707884993,-8.121282907607164,25.279395274132586,26.24437289108772,425.0,315.0,591.0,660.0,0.024018084204577565,8,0,-55.23078100891195,-6.49192118509788,20.119291629111526,2.9622786666666667,23.081570295778192,-58.0,3.0
50,58,RESIDUAL_SPREAD,72,BASELINE_RESIDUAL_EXIT,gate/okx,GATE_PAIRS,97,0,97,1.0,,,,,,,,,,,,,,,,0.0,0,0,,,,,,,0.0
50,58,RESIDUAL_SPREAD,72,BASELINE_RESIDUAL_EXIT,hyperliquid/okx,NON_GATE_PAIRS,20,19,1,0.05,-17.47907774202482,-18.38983449852374,0.15789473684210525,-53.39823303025376,-35.704493056694744,-8.605700670398399,40.97746069843319,10.172838117288016,1.6975819668352266,51.97136287388943,43.52046384497265,105.0,75.0,213.0,420.0,0.03758123763775078,10,0,-31.605459116165243,-3.916010593576115,50.129319936125185,-9.60839767815,40.52092225797518,-58.0,14.0
50,58,RESIDUAL_SPREAD,72,BASELINE_RESIDUAL_EXIT,ALL_GATE_PAIRS,GATE_PAIRS,304,4,300,0.9868421052631579,-30.142976917625273,-29.424602738245632,0.0,-53.4010518953735,-46.08213544121969,-13.485444214651215,-7.89062579100855,-13.84294819458898,-13.024741281154052,26.936860527385363,29.076814589115706,427.5,375.0,592.5,660.0,0.008053122350946596,12,2,-55.23078100891195,-11.154269871466772,23.953039082374726,3.9039840000000003,27.85702308237473,-58.0,3.0
50,58,RESIDUAL_SPREAD,72,BASELINE_RESIDUAL_EXIT,ALL_NON_GATE_PAIRS,NON_GATE_PAIRS,115,54,61,0.5304347826086957,-28.977206301019557,-27.014055491848406,0.07407407407407407,-63.61908834742045,-41.48874490763323,-18.94188997981896,10.447855976900271,-3.550242243611799,-4.029876248287101,45.44251088620532,40.66460798076821,170.0,90.0,483.0000000000002,780.0,0.028821701045493076,41,37,-37.94952304939513,-21.740776465614516,44.15703910109761,-15.134245402117166,29.022793698980443,-58.0,21.0
50,58,RESIDUAL_SPREAD,72,BASELINE_RESIDUAL_EXIT,ALL_PAIRS,ALL,419,58,361,0.8615751789976134,-29.057604274578576,-27.014055491848406,0.06896551724137931,-61.63069264505252,-42.687397414463646,-18.495256382391347,6.758519296509178,-4.260084033334364,-5.656867474634897,44.166259137321184,40.36159125709371,187.75862068965517,112.5,514.5000000000001,780.0,0.020514269567674485,53,41,-36.634212512135164,-22.284295947248395,42.76365978946155,-13.82126406404012,28.942395725421424,-58.0,22.0
50,58,RESIDUAL_SPREAD,72,FRACTIONAL_RESIDUAL_EXIT,binance/bitget,NON_GATE_PAIRS,19,0,19,1.0,,,,,,,,,,,,,,,,0.0,0,0,,,,,,,0.0
50,58,RESIDUAL_SPREAD,72,FRACTIONAL_RESIDUAL_EXIT,binance/gate,GATE_PAIRS,85,1,84,0.9882352941176471,-7.032025910859154,-7.032025910859154,0.0,-7.032025910859154,-7.032025910859154,-7.032025910859154,-7.032025910859154,-17.92819965470094,-17.92819965470094,52.96386245582263,52.96386245582263,450.0,450.0,450.0,450.0,0.008476970895733259,4,0,-7.032025910859154,-7.032025910859154,44.23887408914084,6.729100000000001,50.967974089140846,-58.0,1.0
50,58,RESIDUAL_SPREAD,72,FRACTIONAL_RESIDUAL_EXIT,binance/hyperliquid,NON_GATE_PAIRS,27,25,2,0.07407407407407407,-28.456780765902394,-24.36253251573467,0.04,-59.130177766849755,-40.01201573232836,-18.002832850413604,-4.99901442136356,-10.143132493829832,-6.794204724134279,49.155282518264,46.24694469123614,221.4,150.0,471.00000000000017,930.0,0.10426674201751908,21,0,-35.94657269374547,-21.78010299261142,48.688285754097606,-19.14506652,29.543219234097606,-58.0,18.0
50,58,RESIDUAL_SPREAD,72,FRACTIONAL_RESIDUAL_EXIT,binance/okx,NON_GATE_PAIRS,9,8,1,0.1111111111111111,-33.27061346290512,-32.04898095875695,0.125,-72.59664706165952,-40.08909014403314,-19.029280743496436,-2.325564167347366,-16.204025421184127,-7.151993445149162,44.80109277802485,42.896244742982034,376.875,322.5,761.9999999999999,1035.0,0.05679570500141283,12,0,-55.10668678779487,-17.100861367893103,41.57655703337676,-16.847170496281876,24.729386537094886,-58.0,6.0
50,58,RESIDUAL_SPREAD,72,FRACTIONAL_RESIDUAL_EXIT,bitget/gate,GATE_PAIRS,19,0,19,1.0,,,,,,,,,,,,,,,,0.0,0,0,,,,,,,0.0
50,58,RESIDUAL_SPREAD,72,FRACTIONAL_RESIDUAL_EXIT,bitget/hyperliquid,NON_GATE_PAIRS,19,0,19,1.0,,,,,,,,,,,,,,,,0.0,0,0,,,,,,,0.0
50,58,RESIDUAL_SPREAD,72,FRACTIONAL_RESIDUAL_EXIT,bitget/okx,NON_GATE_PAIRS,19,0,19,1.0,,,,,,,,,,,,,,,,0.0,0,0,,,,,,,0.0
50,58,RESIDUAL_SPREAD,72,FRACTIONAL_RESIDUAL_EXIT,gate/hyperliquid,GATE_PAIRS,103,3,100,0.970873786407767,-23.05587001968092,-24.448911736232304,0.3333333333333333,-47.21637987484852,-37.09750514657465,-9.710755751062884,2.07976903707265,-12.481197707884993,-8.121282907607164,29.444788470976608,30.732337896268724,485.0,405.0,621.0,675.0,0.02740887256287087,8,0,-49.74609855691699,5.027400234106537,32.17726064698575,2.7668693333333327,34.94412998031908,-58.0,3.0
50,58,RESIDUAL_SPREAD,72,FRACTIONAL_RESIDUAL_EXIT,gate/okx,GATE_PAIRS,97,0,97,1.0,,,,,,,,,,,,,,,,0.0,0,0,,,,,,,0.0
50,58,RESIDUAL_SPREAD,72,FRACTIONAL_RESIDUAL_EXIT,hyperliquid/okx,NON_GATE_PAIRS,20,19,1,0.05,-16.333142799932236,-17.85682582130687,0.21052631578947367,-53.39823303025376,-33.27638883738379,-1.693187358834404,20.185350926653573,8.543198083385347,1.6975819668352266,54.91469776532967,47.95629947737301,159.47368421052633,105.0,341.99999999999983,525.0,0.05707827069793727,10,0,-29.167296195074034,-5.6957757021334485,50.94295161505987,-9.276094414992107,41.66685720006777,-58.0,14.0
50,58,RESIDUAL_SPREAD,72,FRACTIONAL_RESIDUAL_EXIT,ALL_GATE_PAIRS,GATE_PAIRS,304,4,300,0.9868421052631579,-19.04990899247548,-15.74046882354573,0.25,-45.95152053381429,-30.773208441403476,-4.0171693746177315,3.218486312361679,-13.84294819458898,-13.024741281154052,35.324556967188116,38.12316654183023,476.25,427.5,607.5,675.0,0.008971460864651032,12,2,-49.74609855691699,-1.0023128383763087,35.19266400752452,3.757427,38.95009100752452,-58.0,3.0
50,58,RESIDUAL_SPREAD,72,FRACTIONAL_RESIDUAL_EXIT,ALL_NON_GATE_PAIRS,NON_GATE_PAIRS,113,52,61,0.5398230088495575,-24.76757961633679,-23.843805165315317,0.11538461538461539,-59.128921548578525,-39.97098260774155,-10.601728811638997,16.691538864952246,-4.247879848671101,-4.029876248287101,50.589808898501204,46.0432609258854,222.69230769230768,142.5,525.0,1035.0,0.03635678628614486,43,39,-33.8880199444243,-17.176517102687434,48.417993861645996,-15.18557347798279,33.23242038366321,-58.0,21.0
50,58,RESIDUAL_SPREAD,72,FRACTIONAL_RESIDUAL_EXIT,ALL_PAIRS,ALL,417,56,361,0.8657074340527577,-24.359174571775274,-23.843805165315317,0.125,-58.761476341415595,-39.97098260774155,-8.962941333467027,16.268895096417722,-4.9332418733795205,-5.656867474634897,49.49943376055027,45.733599572369,240.80357142857142,150.0,525.0,1035.0,0.02540265611754733,55,43,-31.942948644327736,-17.44977654459087,47.473327443494455,-13.83250201526973,33.64082542822473,-58.0,22.0
50,80,RESIDUAL_SPREAD,24,LEGACY_RAW_EXIT,binance/bitget,NON_GATE_PAIRS,52,0,52,1.0,,,,,,,,,,,,,,,,0.0,0,0,,,,,,,0.0
50,80,RESIDUAL_SPREAD,24,LEGACY_RAW_EXIT,binance/gate,GATE_PAIRS,68,0,68,1.0,,,,,,,,,,,,,,,,0.0,0,0,,,,,,,0.0
50,80,RESIDUAL_SPREAD,24,LEGACY_RAW_EXIT,binance/hyperliquid,NON_GATE_PAIRS,32,31,1,0.03125,-72.10824424944265,-74.31232292880223,0.0,-108.36650565947798,-81.4526810016713,-67.2701868952844,-18.0765966229404,-4.4740664952333455,2.3264762984309684,15.134740577169286,9.344842326312053,112.74193548387096,15.0,195.0,900.0,0.06583780729019496,21,0,-80.98687908963696,-59.5057866085961,12.00345581507346,-4.111700064516129,7.891755750557334,-80.0,18.0
50,80,RESIDUAL_SPREAD,24,LEGACY_RAW_EXIT,binance/okx,NON_GATE_PAIRS,8,7,1,0.125,-63.9666157943949,-71.4993038453459,0.0,-79.70620098705056,-76.50130113624579,-58.34461894244706,-35.60372197840157,0.4983613675070754,5.2562446442239175,29.440437533162186,16.074035706394874,53.57142857142857,15.0,129.00000000000006,255.0,0.007064142413111049,3,0,-72.32809947607642,-55.59778150455518,28.077193603021392,-12.043809397416284,16.033384205605106,-80.0,5.0
50,80,RESIDUAL_SPREAD,24,LEGACY_RAW_EXIT,bitget/gate,GATE_PAIRS,55,0,55,1.0,,,,,,,,,,,,,,,,0.0,0,0,,,,,,,0.0
50,80,RESIDUAL_SPREAD,24,LEGACY_RAW_EXIT,bitget/hyperliquid,NON_GATE_PAIRS,58,3,55,0.9482758620689655,-78.09484345881424,-79.24852356686932,0.0,-84.24226131831139,-82.02282231767047,-74.74370465398553,-71.1398495236785,1.7041959495578407,0.7514764331306711,7.497575993941815,9.158232484014484,20.0,15.0,27.0,30.0,0.0011302627860977678,1,0,-84.79712106847163,-70.23888574110175,1.9051565411857634,0.0,1.9051565411857634,-80.0,3.0
50,80,RESIDUAL_SPREAD,24,LEGACY_RAW_EXIT,bitget/okx,NON_GATE_PAIRS,55,1,54,0.9818181818181818,-40.149289670119366,-40.149289670119366,0.0,-40.149289670119366,-40.149289670119366,-40.149289670119366,-40.149289670119366,45.863939433909984,45.863939433909984,45.863939433909984,45.863939433909984,15.0,15.0,15.0,15.0,0.00028256569652444194,0,0,-40.149289670119366,-40.149289670119366,39.85071032988064,0.0,39.85071032988064,-80.0,1.0
50,80,RESIDUAL_SPREAD,24,LEGACY_RAW_EXIT,gate/hyperliquid,GATE_PAIRS,77,2,75,0.974025974025974,-35.743614571307184,-35.743614571307184,0.0,-63.486490985650974,-51.15632369038707,-20.330905452227302,-8.0007381569634,2.5963204408741003,2.5963204408741003,33.18304719213461,33.18304719213461,37.5,37.5,55.5,60.0,0.0014128284826222096,0,0,-66.56903280946695,-4.918196333147421,43.10078992869282,1.1555955,44.256385428692816,-80.0,2.0
50,80,RESIDUAL_SPREAD,24,LEGACY_RAW_EXIT,gate/okx,GATE_PAIRS,64,1,63,0.984375,-26.556380111858388,-26.556380111858388,0.0,-26.556380111858388,-26.556380111858388,-26.556380111858388,-26.556380111858388,7.82469257743279,7.82469257743279,57.70953685083957,57.70953685083957,315.0,315.0,315.0,315.0,0.00593387962701328,0,0,-26.556380111858388,-26.556380111858388,54.80120739527861,-1.357587507136999,53.44361988814161,-80.0,1.0
50,80,RESIDUAL_SPREAD,24,LEGACY_RAW_EXIT,hyperliquid/okx,NON_GATE_PAIRS,29,29,0,0.0,-66.02320600559648,-72.90014770104136,0.034482758620689655,-89.04756619118308,-80.84083074077257,-55.423044978115485,-14.959748785578268,4.104202738910511,-0.1381148921109076,16.233604501638652,5.053699426145197,37.241379310344826,15.0,77.99999999999999,210.0,0.020344730149759818,6,0,-74.66411733393643,-51.56514956860207,16.00735782126311,-2.030563826859586,13.976793994403522,-80.0,12.0
50,80,RESIDUAL_SPREAD,24,LEGACY_RAW_EXIT,ALL_GATE_PAIRS,GATE_PAIRS,264,3,261,0.9886363636363636,-32.681203084824254,-26.556380111858388,0.0,-62.56776753970609,-46.56270646066267,-15.737288222502904,-7.08201471101852,4.339111153060331,7.82469257743279,41.358543745036265,57.70953685083957,130.0,60.0,264.0,315.0,0.0018366770274088726,0,0,-66.56903280946695,-4.918196333147421,47.00092908422141,0.3178678309543337,47.318796915175746,-80.0,3.0
50,80,RESIDUAL_SPREAD,24,LEGACY_RAW_EXIT,ALL_NON_GATE_PAIRS,NON_GATE_PAIRS,234,71,163,0.6965811965811965,-68.62293910566684,-72.90014770104136,0.014084507042253521,-97.22861791829794,-80.52803482557526,-59.67083208110306,-17.438457713810056,0.49001232297611524,1.6221106544678232,17.10410167024844,9.158232484014484,70.77464788732394,15.0,165.0,900.0,0.015776584722614676,31,29,-75.98768129321898,-57.50570257820526,15.18911327124641,-3.8120523769132673,11.377060894333143,-80.0,20.0
50,80,RESIDUAL_SPREAD,24,LEGACY_RAW_EXIT,ALL_PAIRS,ALL,498,74,424,0.8514056224899599,-67.16584169941648,-72.18661091854304,0.013513513513513514,-96.7211202643986,-80.22641287704192,-58.139848043463374,-7.8982053041392355,0.6460568701416913,1.6465617891536777,18.08738986246957,9.251537405163269,73.17567567567568,15.0,186.00000000000009,900.0,0.010200621644532355,31,29,-74.34037860973353,-56.08911609173582,16.478781479880535,-3.644623179297013,12.834158300583516,-80.0,21.0
50,80,RESIDUAL_SPREAD,24,BASELINE_RESIDUAL_EXIT,binance/bitget,NON_GATE_PAIRS,52,0,52,1.0,,,,,,,,,,,,,,,,0.0,0,0,,,,,,,0.0
50,80,RESIDUAL_SPREAD,24,BASELINE_RESIDUAL_EXIT,binance/gate,GATE_PAIRS,68,0,68,1.0,,,,,,,,,,,,,,,,0.0,0,0,,,,,,,0.0
50,80,RESIDUAL_SPREAD,24,BASELINE_RESIDUAL_EXIT,binance/hyperliquid,NON_GATE_PAIRS,31,28,3,0.0967741935483871,-53.9429291097449,-58.035079907460755,0.0,-85.62100274174223,-68.03623438917951,-36.97426268631371,-15.213491609163047,-6.963695896256363,-6.209678048307854,41.70757477433511,39.26341406062628,137.14285714285714,120.0,252.00000000000006,510.0,0.07233681831025714,22,0,-60.920872167809115,-47.38733252563461,41.55532796168366,-15.49825707142857,26.057070890255098,-80.0,17.0
50,80,RESIDUAL_SPREAD,24,BASELINE_RESIDUAL_EXIT,binance/okx,NON_GATE_PAIRS,7,6,1,0.14285714285714285,-57.58745607923867,-59.01521510647279,0.0,-64.64690211946052,-62.098708140660776,-53.342972791318815,-48.684445324908836,-7.263833419902849,-4.5166923602507625,53.03395156663263,55.76225970955806,162.5,120.0,345.0,510.0,0.018366770274088725,4,0,-61.197923356451895,-50.63871587688705,51.59627044944566,-29.183726528684335,22.412543920761333,-80.0,4.0
50,80,RESIDUAL_SPREAD,24,BASELINE_RESIDUAL_EXIT,bitget/gate,GATE_PAIRS,55,0,55,1.0,,,,,,,,,,,,,,,,0.0,0,0,,,,,,,0.0
50,80,RESIDUAL_SPREAD,24,BASELINE_RESIDUAL_EXIT,bitget/hyperliquid,NON_GATE_PAIRS,58,0,58,1.0,,,,,,,,,,,,,,,,0.0,0,0,,,,,,,0.0
50,80,RESIDUAL_SPREAD,24,BASELINE_RESIDUAL_EXIT,bitget/okx,NON_GATE_PAIRS,55,1,54,0.9818181818181818,-40.149289670119366,-40.149289670119366,0.0,-40.149289670119366,-40.149289670119366,-40.149289670119366,-40.149289670119366,45.863939433909984,45.863939433909984,45.863939433909984,45.863939433909984,15.0,15.0,15.0,15.0,0.00028256569652444194,0,0,-40.149289670119366,-40.149289670119366,39.85071032988064,0.0,39.85071032988064,-80.0,1.0
50,80,RESIDUAL_SPREAD,24,BASELINE_RESIDUAL_EXIT,gate/hyperliquid,GATE_PAIRS,77,2,75,0.974025974025974,-34.87067728254226,-34.87067728254226,0.0,-61.827910136997616,-49.84691775723968,-19.89443680784484,-7.913444428086907,2.5963204408741003,2.5963204408741003,48.30133473538112,48.30133473538112,52.5,52.5,58.5,60.0,0.0019779598756710934,0,0,-64.8231582319371,-4.918196333147421,44.36194671745774,0.7673760000000001,45.12932271745774,-80.0,2.0
50,80,RESIDUAL_SPREAD,24,BASELINE_RESIDUAL_EXIT,gate/okx,GATE_PAIRS,64,1,63,0.984375,-45.23844510163626,-45.23844510163626,0.0,-45.23844510163626,-45.23844510163626,-45.23844510163626,-45.23844510163626,7.82469257743279,7.82469257743279,34.03368890138925,34.03368890138925,180.0,180.0,180.0,180.0,0.003390788358293303,0,0,-45.23844510163626,-45.23844510163626,36.11914240550074,-1.357587507136999,34.76155489836374,-80.0,1.0
50,80,RESIDUAL_SPREAD,24,BASELINE_RESIDUAL_EXIT,hyperliquid/okx,NON_GATE_PAIRS,17,17,0,0.0,-51.298886155980185,-53.36076204398224,0.058823529411764705,-81.65892923755754,-64.73122544049522,-46.590638442281474,-9.006206314572626,-4.304626090435384,-5.273627171044071,43.53151692164456,43.52046384497265,160.58823529411765,90.0,297.0,555.0,0.051426956767448434,18,0,-61.78229534565981,-37.91807545061849,42.12710837525658,-13.425994531236766,28.70111384401982,-80.0,12.0
50,80,RESIDUAL_SPREAD,24,BASELINE_RESIDUAL_EXIT,ALL_GATE_PAIRS,GATE_PAIRS,264,3,261,0.9886363636363636,-38.32659988890693,-45.23844510163626,0.0,-62.86468691890702,-55.03080166678668,-25.07832071739184,-8.950221209996307,4.339111153060331,7.82469257743279,43.54545279071717,34.03368890138925,95.0,60.0,156.0,180.0,0.0013421870584910992,0,0,-64.8231582319371,-4.918196333147421,41.61434528013874,0.05905483095433365,41.67340011109307,-80.0,3.0
50,80,RESIDUAL_SPREAD,24,BASELINE_RESIDUAL_EXIT,ALL_NON_GATE_PAIRS,NON_GATE_PAIRS,220,52,168,0.7636363636363637,-53.233790497501396,-55.16909535687875,0.019230769230769232,-83.96624220154358,-64.84742870978579,-41.37509814218304,-11.866994399558353,-5.1130998022709,-5.460719161791139,43.690683272750896,41.061059749799014,145.3846153846154,105.0,311.99999999999994,555.0,0.02373551850805312,44,36,-59.80247262975548,-46.6718447661384,42.86804535255882,-16.10183585006021,26.766209502498626,-80.0,18.0
50,80,RESIDUAL_SPREAD,24,BASELINE_RESIDUAL_EXIT,ALL_PAIRS,ALL,484,55,429,0.8863636363636364,-52.420671009759864,-54.915145735642014,0.01818181818181818,-83.11540820434459,-64.77719183621616,-41.18723943945342,-7.469647238428258,-4.597524659252834,-5.273627171044071,43.68276161009451,40.026154338911326,142.63636363636363,90.0,303.00000000000006,555.0,0.014778185928228313,44,37,-58.48822121785616,-45.68073190172557,42.799661712245005,-15.220332722004871,27.57932899024014,-80.0,20.0
50,80,RESIDUAL_SPREAD,24,FRACTIONAL_RESIDUAL_EXIT,binance/bitget,NON_GATE_PAIRS,52,0,52,1.0,,,,,,,,,,,,,,,,0.0,0,0,,,,,,,0.0
50,80,RESIDUAL_SPREAD,24,FRACTIONAL_RESIDUAL_EXIT,binance/gate,GATE_PAIRS,68,0,68,1.0,,,,,,,,,,,,,,,,0.0,0,0,,,,,,,0.0
50,80,RESIDUAL_SPREAD,24,FRACTIONAL_RESIDUAL_EXIT,binance/hyperliquid,NON_GATE_PAIRS,29,26,3,0.10344827586206896,-52.43419883106833,-56.70810920589685,0.0,-86.72018203387543,-69.51917478794473,-35.17312500406293,-8.78891864944422,-10.360847732830072,-9.811340543769422,47.04819665013464,41.83863370435248,190.3846153846154,142.5,427.5,660.0,0.09324667985306584,24,0,-60.59744356014781,-45.77312254477264,43.58574239970091,-16.01994123076923,27.56580116893167,-80.0,17.0
50,80,RESIDUAL_SPREAD,24,FRACTIONAL_RESIDUAL_EXIT,binance/okx,NON_GATE_PAIRS,7,6,1,0.14285714285714285,-59.39581540320902,-59.01521510647279,0.0,-68.26604950620231,-61.77081373854758,-55.18521237530666,-52.19335144145056,-7.263833419902849,-4.5166923602507625,54.39665664006887,55.76225970955806,170.0,127.5,352.5,525.0,0.01921446736366205,4,0,-66.13437216538223,-55.37578171608734,51.59525382679664,-30.991069230005674,20.604184596790972,-80.0,4.0
50,80,RESIDUAL_SPREAD,24,FRACTIONAL_RESIDUAL_EXIT,bitget/gate,GATE_PAIRS,55,0,55,1.0,,,,,,,,,,,,,,,,0.0,0,0,,,,,,,0.0
50,80,RESIDUAL_SPREAD,24,FRACTIONAL_RESIDUAL_EXIT,bitget/hyperliquid,NON_GATE_PAIRS,58,0,58,1.0,,,,,,,,,,,,,,,,0.0,0,0,,,,,,,0.0
50,80,RESIDUAL_SPREAD,24,FRACTIONAL_RESIDUAL_EXIT,bitget/okx,NON_GATE_PAIRS,55,1,54,0.9818181818181818,-40.149289670119366,-40.149289670119366,0.0,-40.149289670119366,-40.149289670119366,-40.149289670119366,-40.149289670119366,45.863939433909984,45.863939433909984,45.863939433909984,45.863939433909984,15.0,15.0,15.0,15.0,0.00028256569652444194,0,0,-40.149289670119366,-40.149289670119366,39.85071032988064,0.0,39.85071032988064,-80.0,1.0
50,80,RESIDUAL_SPREAD,24,FRACTIONAL_RESIDUAL_EXIT,gate/hyperliquid,GATE_PAIRS,77,2,75,0.974025974025974,-42.616715801553156,-42.616715801553156,0.0,-62.60251398889871,-53.71993701674513,-31.513494586361187,-22.63091761420761,2.5963204408741003,2.5963204408741003,48.30133473538112,48.30133473538112,60.0,60.0,72.0,75.0,0.0022605255721955355,0,0,-64.8231582319371,-20.410273371169215,36.615908198446846,0.7673760000000001,37.383284198446844,-80.0,2.0
50,80,RESIDUAL_SPREAD,24,FRACTIONAL_RESIDUAL_EXIT,gate/okx,GATE_PAIRS,64,1,63,0.984375,-45.23844510163626,-45.23844510163626,0.0,-45.23844510163626,-45.23844510163626,-45.23844510163626,-45.23844510163626,7.82469257743279,7.82469257743279,34.03368890138925,34.03368890138925,180.0,180.0,180.0,180.0,0.003390788358293303,0,0,-45.23844510163626,-45.23844510163626,36.11914240550074,-1.357587507136999,34.76155489836374,-80.0,1.0
50,80,RESIDUAL_SPREAD,24,FRACTIONAL_RESIDUAL_EXIT,hyperliquid/okx,NON_GATE_PAIRS,15,14,1,0.06666666666666667,-48.20341543628364,-51.68218336804441,0.07142857142857142,-80.3861339765359,-63.5642586665388,-36.23686664347163,-4.765054760927267,-5.681069168345019,-8.205573840903146,48.28894444867044,44.74752514367963,240.0,142.5,597.0000000000001,720.0,0.06329471602147499,19,0,-64.02578755143873,-32.52791307440949,45.30501256593243,-13.508428002216073,31.796584563716358,-80.0,12.0
50,80,RESIDUAL_SPREAD,24,FRACTIONAL_RESIDUAL_EXIT,ALL_GATE_PAIRS,GATE_PAIRS,264,3,261,0.9886363636363636,-43.49062556824753,-45.23844510163626,0.0,-62.86468691890702,-55.03080166678668,-32.824359236402735,-22.893090544215923,4.339111153060331,7.82469257743279,43.54545279071717,34.03368890138925,100.0,75.0,159.0,180.0,0.0014128284826222096,0,0,-64.8231582319371,-20.410273371169215,36.45031960079814,0.05905483095433365,36.50937443175247,-80.0,3.0
50,80,RESIDUAL_SPREAD,24,FRACTIONAL_RESIDUAL_EXIT,ALL_NON_GATE_PAIRS,NON_GATE_PAIRS,216,47,169,0.7824074074074074,-51.801301442662144,-55.423044978115485,0.02127659574468085,-80.47009812060986,-69.10049699745989,-36.882474999972686,-8.856300992427826,-7.375235542466368,-9.04924731786272,48.33068541402575,43.6554731268246,198.82978723404256,135.0,546.0,720.0,0.029339738155787887,47,32,-59.01485380058975,-44.90766172444943,45.0408874809774,-16.842188923639554,28.19869855733785,-80.0,18.0
50,80,RESIDUAL_SPREAD,24,FRACTIONAL_RESIDUAL_EXIT,ALL_PAIRS,ALL,480,50,430,0.8958333333333334,-51.302660890197274,-55.214154377646,0.02,-80.4341134874353,-67.77777295113621,-36.79068731363167,-9.058448021378622,-6.672374740734764,-7.222618604152964,48.043571456627234,43.58796848589863,192.9,127.5,541.5,720.0,0.018168974286521616,47,33,-58.13220952604729,-44.35861678558655,44.52545340816665,-15.82811429836392,28.69733910980273,-80.0,20.0
50,80,RESIDUAL_SPREAD,72,LEGACY_RAW_EXIT,binance/bitget,NON_GATE_PAIRS,19,0,19,1.0,,,,,,,,,,,,,,,,0.0,0,0,,,,,,,0.0
50,80,RESIDUAL_SPREAD,72,LEGACY_RAW_EXIT,binance/gate,GATE_PAIRS,89,1,88,0.9887640449438202,-71.03929018311021,-71.03929018311021,0.0,-71.03929018311021,-71.03929018311021,-71.03929018311021,-71.03929018311021,12.908370190145568,12.908370190145568,12.908370190145568,12.908370190145568,15.0,15.0,15.0,15.0,0.00028256569652444194,0,0,-71.03929018311021,-71.03929018311021,8.96070981688979,0.0,8.96070981688979,-80.0,1.0
50,80,RESIDUAL_SPREAD,72,LEGACY_RAW_EXIT,binance/hyperliquid,NON_GATE_PAIRS,35,34,1,0.02857142857142857,-67.1920205514867,-71.18340004897956,0.029411764705882353,-91.99858347518922,-81.7158903720127,-58.91800590585239,-23.613569562676872,-0.9901736183872096,-0.07162688107464901,16.748343669789254,6.938225751951244,83.82352941176471,15.0,185.99999999999997,945.0,0.05368748233964397,11,0,-75.32530535173466,-56.60680563999353,16.637611860278,-3.829632411764707,12.807979448513294,-80.0,17.0
50,80,RESIDUAL_SPREAD,72,LEGACY_RAW_EXIT,binance/okx,NON_GATE_PAIRS,16,15,1,0.0625,-70.61075427372192,-73.0735429599915,0.0,-89.03700527159002,-80.06936789654577,-62.52597258266172,-46.61448523206597,0.99200643571673,0.4353287669633943,12.9876877466338,11.3224088226771,63.0,15.0,167.99999999999994,390.0,0.017801638881039843,5,0,-78.49686672781301,-56.72995609422646,12.26806424514056,-2.8788185188624666,9.389245726278094,-80.0,7.0
50,80,RESIDUAL_SPREAD,72,LEGACY_RAW_EXIT,bitget/gate,GATE_PAIRS,19,0,19,1.0,,,,,,,,,,,,,,,,0.0,0,0,,,,,,,0.0
50,80,RESIDUAL_SPREAD,72,LEGACY_RAW_EXIT,bitget/hyperliquid,NON_GATE_PAIRS,19,0,19,1.0,,,,,,,,,,,,,,,,0.0,0,0,,,,,,,0.0
50,80,RESIDUAL_SPREAD,72,LEGACY_RAW_EXIT,bitget/okx,NON_GATE_PAIRS,19,0,19,1.0,,,,,,,,,,,,,,,,0.0,0,0,,,,,,,0.0
50,80,RESIDUAL_SPREAD,72,LEGACY_RAW_EXIT,gate/hyperliquid,GATE_PAIRS,104,2,102,0.9807692307692307,-37.78260191954595,-37.78260191954595,0.0,-63.69038972047485,-52.17581736450644,-23.389386474585447,-11.87481411861705,-7.163470041865461,-7.163470041865461,32.57421072576094,32.57421072576094,232.5,232.5,406.5,450.0,0.0087595365922577,4,0,-66.56903280946695,-8.996171029624946,36.63365408045405,5.583744000000001,42.21739808045405,-80.0,2.0
50,80,RESIDUAL_SPREAD,72,LEGACY_RAW_EXIT,gate/okx,GATE_PAIRS,97,0,97,1.0,,,,,,,,,,,,,,,,0.0,0,0,,,,,,,0.0
50,80,RESIDUAL_SPREAD,72,LEGACY_RAW_EXIT,hyperliquid/okx,NON_GATE_PAIRS,25,24,1,0.04,-53.109028800882335,-55.3923939815667,0.08333333333333333,-87.27477293475414,-78.04186150110331,-33.55137772742539,-0.24945845579075066,12.054735423683388,7.145357274945807,31.495613757614404,33.486227811964085,64.375,22.5,187.49999999999994,420.0,0.02910426674201752,7,0,-66.95873751541771,-39.851679786905194,29.705399964029084,-2.814428764911417,26.89097119911766,-80.0,14.0
50,80,RESIDUAL_SPREAD,72,LEGACY_RAW_EXIT,ALL_GATE_PAIRS,GATE_PAIRS,309,3,306,0.9902912621359223,-48.868164674067366,-66.56903280946695,0.0,-70.59226444574588,-68.80416149628857,-37.78260191954595,-14.753457207609152,-0.47285663119511767,-6.205657176123758,26.018930547222485,12.908370190145568,160.0,15.0,363.0,450.0,0.0022605255721955355,4,2,-66.56903280946695,-40.01773060636758,27.40933932593263,3.722496000000001,31.13183532593263,-80.0,2.0
50,80,RESIDUAL_SPREAD,72,LEGACY_RAW_EXIT,ALL_NON_GATE_PAIRS,NON_GATE_PAIRS,133,73,60,0.45112781954887216,-63.26447539832263,-70.75842665843706,0.0410958904109589,-90.45323306536083,-80.40748963695461,-52.78952468391155,-5.650445485129781,3.705860872314892,0.690577206936549,20.824023714453254,11.504123755934348,73.15068493150685,15.0,206.99999999999994,945.0,0.016765564660450222,23,23,-71.79787743672064,-52.13156860034209,20.03601871319532,-3.300494111517959,16.735524601677362,-80.0,21.0
50,80,RESIDUAL_SPREAD,72,LEGACY_RAW_EXIT,ALL_PAIRS,ALL,442,76,366,0.8280542986425339,-62.696199974996766,-70.37490977159104,0.039473684210526314,-89.63508986252498,-80.36005017036356,-52.1766529496697,-6.026509163517755,3.5409114971763387,0.6332573405853914,21.029085826273086,11.804886762736832,76.57894736842105,15.0,210.0,945.0,0.010963549025148346,27,25,-70.92143988991344,-52.19140161754135,20.32707084264548,-3.0232708176422505,17.303800025003227,-80.0,21.0
50,80,RESIDUAL_SPREAD,72,BASELINE_RESIDUAL_EXIT,binance/bitget,NON_GATE_PAIRS,19,0,19,1.0,,,,,,,,,,,,,,,,0.0,0,0,,,,,,,0.0
50,80,RESIDUAL_SPREAD,72,BASELINE_RESIDUAL_EXIT,binance/gate,GATE_PAIRS,85,1,84,0.9882352941176471,-37.81661855783566,-37.81661855783566,0.0,-37.81661855783566,-37.81661855783566,-37.81661855783566,-37.81661855783566,-17.92819965470094,-17.92819965470094,31.90925628714369,31.90925628714369,435.0,435.0,435.0,435.0,0.008194405199208816,4,0,-37.81661855783566,-37.81661855783566,35.45428144216434,6.729100000000001,42.18338144216434,-80.0,1.0
50,80,RESIDUAL_SPREAD,72,BASELINE_RESIDUAL_EXIT,binance/hyperliquid,NON_GATE_PAIRS,29,27,2,0.06896551724137931,-57.45588235672074,-49.57790654514915,0.0,-89.09878082656435,-65.67103838217233,-45.93860734007572,-40.96796356898392,-9.457955630149497,-6.794204724134279,41.64659262243976,39.48832576339933,165.55555555555554,120.0,393.0000000000004,555.0,0.08420457756428369,19,0,-62.76779057766045,-52.720091287005566,40.79749775439036,-18.253380111111113,22.544117643279257,-80.0,18.0
50,80,RESIDUAL_SPREAD,72,BASELINE_RESIDUAL_EXIT,binance/okx,NON_GATE_PAIRS,9,8,1,0.1111111111111111,-56.41972994064059,-59.24032361320905,0.0,-92.08791486115334,-62.83469934445313,-41.677940352794764,-25.23368762036503,-16.204025421184127,-7.151993445149162,42.74771155566431,40.672677902580666,339.375,307.5,685.5,780.0,0.05114439107092399,12,0,-77.2761772986395,-40.26966812149749,41.311324163044034,-17.731054103684627,23.580270059359407,-80.0,6.0
50,80,RESIDUAL_SPREAD,72,BASELINE_RESIDUAL_EXIT,bitget/gate,GATE_PAIRS,19,0,19,1.0,,,,,,,,,,,,,,,,0.0,0,0,,,,,,,0.0
50,80,RESIDUAL_SPREAD,72,BASELINE_RESIDUAL_EXIT,bitget/hyperliquid,NON_GATE_PAIRS,19,0,19,1.0,,,,,,,,,,,,,,,,0.0,0,0,,,,,,,0.0
50,80,RESIDUAL_SPREAD,72,BASELINE_RESIDUAL_EXIT,bitget/okx,NON_GATE_PAIRS,19,0,19,1.0,,,,,,,,,,,,,,,,0.0,0,0,,,,,,,0.0
50,80,RESIDUAL_SPREAD,72,BASELINE_RESIDUAL_EXIT,gate/hyperliquid,GATE_PAIRS,103,3,100,0.970873786407767,-56.91842970422181,-65.0325869186556,0.0,-76.01096159988631,-71.13168396378377,-46.76225405187674,-32.14598775845366,-12.481197707884993,-8.121282907607164,25.279395274132586,26.24437289108772,425.0,315.0,591.0,660.0,0.024018084204577565,8,0,-77.23078100891195,-28.49192118509788,20.119291629111526,2.9622786666666667,23.081570295778192,-80.0,3.0
50,80,RESIDUAL_SPREAD,72,BASELINE_RESIDUAL_EXIT,gate/okx,GATE_PAIRS,97,0,97,1.0,,,,,,,,,,,,,,,,0.0,0,0,,,,,,,0.0
50,80,RESIDUAL_SPREAD,72,BASELINE_RESIDUAL_EXIT,hyperliquid/okx,NON_GATE_PAIRS,20,19,1,0.05,-39.47907774202482,-40.38983449852374,0.15789473684210525,-75.39823303025376,-57.704493056694744,-30.6057006703984,18.97746069843319,10.172838117288016,1.6975819668352266,51.97136287388943,43.52046384497265,105.0,75.0,213.0,420.0,0.03758123763775078,10,0,-53.9049633789899,-25.713361774112798,50.129319936125185,-9.60839767815,40.52092225797518,-80.0,14.0
50,80,RESIDUAL_SPREAD,72,BASELINE_RESIDUAL_EXIT,ALL_GATE_PAIRS,GATE_PAIRS,304,4,300,0.9868421052631579,-52.14297691762527,-51.424602738245625,0.0,-75.4010518953735,-68.08213544121969,-35.48544421465122,-29.89062579100855,-13.84294819458898,-13.024741281154052,26.936860527385363,29.076814589115706,427.5,375.0,592.5,660.0,0.008053122350946596,12,2,-77.23078100891195,-33.15426987146677,23.953039082374726,3.9039840000000003,27.85702308237473,-80.0,3.0
50,80,RESIDUAL_SPREAD,72,BASELINE_RESIDUAL_EXIT,ALL_NON_GATE_PAIRS,NON_GATE_PAIRS,115,54,61,0.5304347826086957,-50.97720630101957,-49.01405549184841,0.05555555555555555,-85.61908834742046,-63.48874490763323,-40.94188997981896,-11.552144023099732,-3.550242243611799,-4.029876248287101,45.44251088620532,40.66460798076821,170.0,90.0,483.0000000000002,780.0,0.028821701045493076,41,37,-59.458042192246424,-43.77825059686846,44.15703910109761,-15.134245402117166,29.022793698980443,-80.0,21.0
50,80,RESIDUAL_SPREAD,72,BASELINE_RESIDUAL_EXIT,ALL_PAIRS,ALL,419,58,361,0.8615751789976134,-51.05760427457858,-49.01405549184841,0.05172413793103448,-83.63069264505253,-64.68739741446363,-40.49525638239135,-15.241480703490822,-4.260084033334364,-5.656867474634897,44.166259137321184,40.36159125709371,187.75862068965517,112.5,514.5000000000001,780.0,0.020514269567674485,53,41,-59.17102452203022,-43.89975228743991,42.76365978946155,-13.82126406404012,28.942395725421424,-80.0,22.0
50,80,RESIDUAL_SPREAD,72,FRACTIONAL_RESIDUAL_EXIT,binance/bitget,NON_GATE_PAIRS,19,0,19,1.0,,,,,,,,,,,,,,,,0.0,0,0,,,,,,,0.0
50,80,RESIDUAL_SPREAD,72,FRACTIONAL_RESIDUAL_EXIT,binance/gate,GATE_PAIRS,85,1,84,0.9882352941176471,-29.032025910859154,-29.032025910859154,0.0,-29.032025910859154,-29.032025910859154,-29.032025910859154,-29.032025910859154,-17.92819965470094,-17.92819965470094,52.96386245582263,52.96386245582263,450.0,450.0,450.0,450.0,0.008476970895733259,4,0,-29.032025910859154,-29.032025910859154,44.23887408914084,6.729100000000001,50.967974089140846,-80.0,1.0
50,80,RESIDUAL_SPREAD,72,FRACTIONAL_RESIDUAL_EXIT,binance/hyperliquid,NON_GATE_PAIRS,27,25,2,0.07407407407407407,-50.4567807659024,-46.36253251573467,0.0,-81.13017776684976,-62.01201573232836,-40.0028328504136,-26.99901442136356,-10.143132493829832,-6.794204724134279,49.155282518264,46.24694469123614,221.4,150.0,471.00000000000017,930.0,0.10426674201751908,21,0,-57.774170592281735,-43.855379865505085,48.688285754097606,-19.14506652,29.543219234097606,-80.0,18.0
50,80,RESIDUAL_SPREAD,72,FRACTIONAL_RESIDUAL_EXIT,binance/okx,NON_GATE_PAIRS,9,8,1,0.1111111111111111,-55.27061346290512,-54.04898095875694,0.0,-94.59664706165952,-62.08909014403314,-41.029280743496436,-24.325564167347366,-16.204025421184127,-7.151993445149162,44.80109277802485,42.896244742982034,376.875,322.5,761.9999999999999,1035.0,0.05679570500141283,12,0,-77.30969719214977,-39.499029376556635,41.57655703337676,-16.847170496281876,24.729386537094886,-80.0,6.0
50,80,RESIDUAL_SPREAD,72,FRACTIONAL_RESIDUAL_EXIT,bitget/gate,GATE_PAIRS,19,0,19,1.0,,,,,,,,,,,,,,,,0.0,0,0,,,,,,,0.0
50,80,RESIDUAL_SPREAD,72,FRACTIONAL_RESIDUAL_EXIT,bitget/hyperliquid,NON_GATE_PAIRS,19,0,19,1.0,,,,,,,,,,,,,,,,0.0,0,0,,,,,,,0.0
50,80,RESIDUAL_SPREAD,72,FRACTIONAL_RESIDUAL_EXIT,bitget/okx,NON_GATE_PAIRS,19,0,19,1.0,,,,,,,,,,,,,,,,0.0,0,0,,,,,,,0.0
50,80,RESIDUAL_SPREAD,72,FRACTIONAL_RESIDUAL_EXIT,gate/hyperliquid,GATE_PAIRS,103,3,100,0.970873786407767,-45.055870019680924,-46.448911736232304,0.0,-69.21637987484853,-59.09750514657465,-31.710755751062884,-19.92023096292735,-12.481197707884993,-8.121282907607164,29.444788470976608,30.732337896268724,485.0,405.0,621.0,675.0,0.02740887256287087,8,0,-71.74609855691699,-16.972599765893463,32.17726064698575,2.7668693333333327,34.94412998031908,-80.0,3.0
50,80,RESIDUAL_SPREAD,72,FRACTIONAL_RESIDUAL_EXIT,gate/okx,GATE_PAIRS,97,0,97,1.0,,,,,,,,,,,,,,,,0.0,0,0,,,,,,,0.0
50,80,RESIDUAL_SPREAD,72,FRACTIONAL_RESIDUAL_EXIT,hyperliquid/okx,NON_GATE_PAIRS,20,19,1,0.05,-38.33314279993223,-39.85682582130687,0.05263157894736842,-75.39823303025376,-55.27638883738379,-23.693187358834404,-1.8146490733464278,8.543198083385347,1.6975819668352266,54.91469776532967,47.95629947737301,159.47368421052633,105.0,341.99999999999983,525.0,0.05707827069793727,10,0,-51.11605895904648,-27.454339190077835,50.94295161505987,-9.276094414992107,41.66685720006777,-80.0,14.0
50,80,RESIDUAL_SPREAD,72,FRACTIONAL_RESIDUAL_EXIT,ALL_GATE_PAIRS,GATE_PAIRS,304,4,300,0.9868421052631579,-41.04990899247548,-37.740468823545726,0.0,-67.95152053381429,-52.773208441403476,-26.01716937461773,-18.78151368763832,-13.84294819458898,-13.024741281154052,35.324556967188116,38.12316654183023,476.25,427.5,607.5,675.0,0.008971460864651032,12,2,-71.74609855691699,-23.00231283837631,35.19266400752452,3.757427,38.95009100752452,-80.0,3.0
50,80,RESIDUAL_SPREAD,72,FRACTIONAL_RESIDUAL_EXIT,ALL_NON_GATE_PAIRS,NON_GATE_PAIRS,113,52,61,0.5398230088495575,-46.76757961633679,-45.84380516531532,0.019230769230769232,-81.12892154857853,-61.97098260774155,-32.601728811639,-5.308461135047754,-4.247879848671101,-4.029876248287101,50.589808898501204,46.0432609258854,222.69230769230768,142.5,525.0,1035.0,0.03635678628614486,43,39,-55.65940825393125,-39.38744955448322,48.417993861645996,-15.18557347798279,33.23242038366321,-80.0,21.0
50,80,RESIDUAL_SPREAD,72,FRACTIONAL_RESIDUAL_EXIT,ALL_PAIRS,ALL,417,56,361,0.8657074340527577,-46.35917457177528,-45.84380516531532,0.017857142857142856,-80.7614763414156,-61.97098260774155,-30.96294133346703,-5.731104903582278,-4.9332418733795205,-5.656867474634897,49.49943376055027,45.733599572369,240.80357142857142,150.0,525.0,1035.0,0.02540265611754733,55,43,-54.29680596383789,-39.302626757131804,47.473327443494455,-13.83250201526973,33.64082542822473,-80.0,22.0
100,0,RESIDUAL_SPREAD,24,LEGACY_RAW_EXIT,binance/bitget,NON_GATE_PAIRS,52,0,52,1.0,,,,,,,,,,,,,,,,0.0,0,0,,,,,,,0.0
100,0,RESIDUAL_SPREAD,24,LEGACY_RAW_EXIT,binance/gate,GATE_PAIRS,17,0,17,1.0,,,,,,,,,,,,,,,,0.0,0,0,,,,,,,0.0
100,0,RESIDUAL_SPREAD,24,LEGACY_RAW_EXIT,binance/hyperliquid,NON_GATE_PAIRS,4,3,1,0.25,-2.3827579407790602,-2.0247638700521264,0.3333333333333333,-6.600656439506469,-4.5669264086378725,-0.019592437556781084,1.5845447084394948,-2.0772093722561578,-0.3266850160899004,-2.0772093722561578,-0.3266850160899004,15.0,15.0,15.0,15.0,0.0008476970895733258,0,0,-2.5617549761425273,-2.0247638700521264,-2.3827579407790602,0.0,-2.3827579407790602,-0.0,2.0
100,0,RESIDUAL_SPREAD,24,LEGACY_RAW_EXIT,binance/okx,NON_GATE_PAIRS,3,3,0,0.0,62.08182206465646,74.66988248480442,1.0,9.940720260659125,38.7092368047237,91.7484375346632,105.4112815745502,-0.23495309419141344,-20.66963511940356,71.33943706534306,58.82593174095119,75.0,75.0,123.0,135.0,0.004238485447866629,0,0,55.78779185458247,74.66988248480442,71.89672061508777,-9.814898550431334,62.08182206465646,-0.0,2.0
100,0,RESIDUAL_SPREAD,24,LEGACY_RAW_EXIT,bitget/gate,GATE_PAIRS,53,0,53,1.0,,,,,,,,,,,,,,,,0.0,0,0,,,,,,,0.0
100,0,RESIDUAL_SPREAD,24,LEGACY_RAW_EXIT,bitget/hyperliquid,NON_GATE_PAIRS,52,0,52,1.0,,,,,,,,,,,,,,,,0.0,0,0,,,,,,,0.0
100,0,RESIDUAL_SPREAD,24,LEGACY_RAW_EXIT,bitget/okx,NON_GATE_PAIRS,52,0,52,1.0,,,,,,,,,,,,,,,,0.0,0,0,,,,,,,0.0
100,0,RESIDUAL_SPREAD,24,LEGACY_RAW_EXIT,gate/hyperliquid,GATE_PAIRS,36,0,36,1.0,,,,,,,,,,,,,,,,0.0,0,0,,,,,,,0.0
100,0,RESIDUAL_SPREAD,24,LEGACY_RAW_EXIT,gate/okx,GATE_PAIRS,16,0,16,1.0,,,,,,,,,,,,,,,,0.0,0,0,,,,,,,0.0
100,0,RESIDUAL_SPREAD,24,LEGACY_RAW_EXIT,hyperliquid/okx,NON_GATE_PAIRS,1,1,0,0.0,99.16922621073624,99.16922621073624,1.0,99.16922621073624,99.16922621073624,99.16922621073624,99.16922621073624,95.45605521404488,95.45605521404488,95.45605521404488,95.45605521404488,15.0,15.0,15.0,15.0,0.00028256569652444194,0,0,99.16922621073624,99.16922621073624,91.09717921073624,8.072047,99.16922621073624,-0.0,1.0
100,0,RESIDUAL_SPREAD,24,LEGACY_RAW_EXIT,ALL_GATE_PAIRS,GATE_PAIRS,122,0,122,1.0,,,,,,,,,,,,,,,,0.0,0,0,,,,,,,0.0
100,0,RESIDUAL_SPREAD,24,LEGACY_RAW_EXIT,ALL_NON_GATE_PAIRS,NON_GATE_PAIRS,164,7,157,0.9573170731707317,39.75234551176692,2.748591124642981,0.7142857142857143,-5.583791424072171,-0.019592437556781084,86.91955434777033,105.92966267238624,12.645652544957454,-0.3266850160899004,43.320391184757945,30.18762270379005,40.714285714285715,15.0,99.00000000000003,135.0,0.0008947913723273994,0,2,-2.0247638700521264,55.78779185458247,42.80558103338035,-3.0532355216134284,39.75234551176692,-0.0,3.0
100,0,RESIDUAL_SPREAD,24,LEGACY_RAW_EXIT,ALL_PAIRS,ALL,286,7,279,0.9755244755244755,39.75234551176692,2.748591124642981,0.7142857142857143,-5.583791424072171,-0.019592437556781084,86.91955434777033,105.92966267238624,12.645652544957454,-0.3266850160899004,43.320391184757945,30.18762270379005,40.714285714285715,15.0,99.00000000000003,135.0,0.0005368748233964397,0,2,-2.0247638700521264,55.78779185458247,42.80558103338035,-3.0532355216134284,39.75234551176692,-0.0,3.0
100,0,RESIDUAL_SPREAD,24,BASELINE_RESIDUAL_EXIT,binance/bitget,NON_GATE_PAIRS,52,0,52,1.0,,,,,,,,,,,,,,,,0.0,0,0,,,,,,,0.0
100,0,RESIDUAL_SPREAD,24,BASELINE_RESIDUAL_EXIT,binance/gate,GATE_PAIRS,17,0,17,1.0,,,,,,,,,,,,,,,,0.0,0,0,,,,,,,0.0
100,0,RESIDUAL_SPREAD,24,BASELINE_RESIDUAL_EXIT,binance/hyperliquid,NON_GATE_PAIRS,3,1,2,0.6666666666666666,53.60247113056825,53.60247113056825,1.0,53.60247113056825,53.60247113056825,53.60247113056825,53.60247113056825,-5.33931553579059,-5.33931553579059,96.10800213056824,96.10800213056824,240.0,240.0,240.0,240.0,0.004521051144391071,1,0,53.60247113056825,53.60247113056825,96.10800213056824,-42.505531000000005,53.60247113056825,-0.0,1.0
100,0,RESIDUAL_SPREAD,24,BASELINE_RESIDUAL_EXIT,binance/okx,NON_GATE_PAIRS,2,1,1,0.5,74.66988248480442,74.66988248480442,1.0,74.66988248480442,74.66988248480442,74.66988248480442,74.66988248480442,-38.86115590412187,-38.86115590412187,125.00475675128796,125.00475675128796,135.0,135.0,135.0,135.0,0.002543091268719977,0,0,74.66988248480442,74.66988248480442,125.9504482667184,-51.280565781914,74.66988248480442,-0.0,1.0
100,0,RESIDUAL_SPREAD,24,BASELINE_RESIDUAL_EXIT,bitget/gate,GATE_PAIRS,53,0,53,1.0,,,,,,,,,,,,,,,,0.0,0,0,,,,,,,0.0
100,0,RESIDUAL_SPREAD,24,BASELINE_RESIDUAL_EXIT,bitget/hyperliquid,NON_GATE_PAIRS,52,0,52,1.0,,,,,,,,,,,,,,,,0.0,0,0,,,,,,,0.0
100,0,RESIDUAL_SPREAD,24,BASELINE_RESIDUAL_EXIT,bitget/okx,NON_GATE_PAIRS,52,0,52,1.0,,,,,,,,,,,,,,,,0.0,0,0,,,,,,,0.0
100,0,RESIDUAL_SPREAD,24,BASELINE_RESIDUAL_EXIT,gate/hyperliquid,GATE_PAIRS,36,0,36,1.0,,,,,,,,,,,,,,,,0.0,0,0,,,,,,,0.0
100,0,RESIDUAL_SPREAD,24,BASELINE_RESIDUAL_EXIT,gate/okx,GATE_PAIRS,16,0,16,1.0,,,,,,,,,,,,,,,,0.0,0,0,,,,,,,0.0
100,0,RESIDUAL_SPREAD,24,BASELINE_RESIDUAL_EXIT,hyperliquid/okx,NON_GATE_PAIRS,1,1,0,0.0,118.36863870286112,118.36863870286112,1.0,118.36863870286112,118.36863870286112,118.36863870286112,118.36863870286112,38.20778618617071,38.20778618617071,102.76874599164375,102.76874599164375,525.0,525.0,525.0,525.0,0.009889799378355468,0,0,118.36863870286112,118.36863870286112,94.11822047993512,24.250418222926,118.36863870286112,-0.0,1.0
100,0,RESIDUAL_SPREAD,24,BASELINE_RESIDUAL_EXIT,ALL_GATE_PAIRS,GATE_PAIRS,122,0,122,1.0,,,,,,,,,,,,,,,,0.0,0,0,,,,,,,0.0
100,0,RESIDUAL_SPREAD,24,BASELINE_RESIDUAL_EXIT,ALL_NON_GATE_PAIRS,NON_GATE_PAIRS,162,3,159,0.9814814814814815,82.21366410607793,74.66988248480442,1.0,55.709212265991866,64.13617680768633,96.51926059383277,113.99876308105544,-1.9975617512472514,-5.33931553579059,107.96050162449997,102.76874599164375,300.0,240.0,468.0,525.0,0.0028256569652444193,1,3,82.21366410607793,82.21366410607793,105.39222362574058,-23.17855951966267,82.21366410607793,-0.0,1.0
100,0,RESIDUAL_SPREAD,24,BASELINE_RESIDUAL_EXIT,ALL_PAIRS,ALL,284,3,281,0.9894366197183099,82.21366410607793,74.66988248480442,1.0,55.709212265991866,64.13617680768633,96.51926059383277,113.99876308105544,-1.9975617512472514,-5.33931553579059,107.96050162449997,102.76874599164375,300.0,240.0,468.0,525.0,0.0016953941791466515,1,3,82.21366410607793,82.21366410607793,105.39222362574058,-23.17855951966267,82.21366410607793,-0.0,1.0
100,0,RESIDUAL_SPREAD,24,FRACTIONAL_RESIDUAL_EXIT,binance/bitget,NON_GATE_PAIRS,52,0,52,1.0,,,,,,,,,,,,,,,,0.0,0,0,,,,,,,0.0
100,0,RESIDUAL_SPREAD,24,FRACTIONAL_RESIDUAL_EXIT,binance/gate,GATE_PAIRS,17,0,17,1.0,,,,,,,,,,,,,,,,0.0,0,0,,,,,,,0.0
100,0,RESIDUAL_SPREAD,24,FRACTIONAL_RESIDUAL_EXIT,binance/hyperliquid,NON_GATE_PAIRS,3,1,2,0.6666666666666666,39.06390944305225,39.06390944305225,1.0,39.06390944305225,39.06390944305225,39.06390944305225,39.06390944305225,-5.33931553579059,-5.33931553579059,79.2251409978717,79.2251409978717,225.0,225.0,225.0,225.0,0.004238485447866629,1,0,39.06390944305225,39.06390944305225,81.56944044305226,-42.505531000000005,39.06390944305225,-0.0,1.0
100,0,RESIDUAL_SPREAD,24,FRACTIONAL_RESIDUAL_EXIT,binance/okx,NON_GATE_PAIRS,2,1,1,0.5,33.26676667820026,33.26676667820026,1.0,33.26676667820026,33.26676667820026,33.26676667820026,33.26676667820026,-38.86115590412187,-38.86115590412187,83.75960020700734,83.75960020700734,105.0,105.0,105.0,105.0,0.0019779598756710934,0,0,33.26676667820026,33.26676667820026,84.54733246011426,-51.280565781914,33.26676667820026,-0.0,1.0
100,0,RESIDUAL_SPREAD,24,FRACTIONAL_RESIDUAL_EXIT,bitget/gate,GATE_PAIRS,53,0,53,1.0,,,,,,,,,,,,,,,,0.0,0,0,,,,,,,0.0
100,0,RESIDUAL_SPREAD,24,FRACTIONAL_RESIDUAL_EXIT,bitget/hyperliquid,NON_GATE_PAIRS,52,0,52,1.0,,,,,,,,,,,,,,,,0.0,0,0,,,,,,,0.0
100,0,RESIDUAL_SPREAD,24,FRACTIONAL_RESIDUAL_EXIT,bitget/okx,NON_GATE_PAIRS,52,0,52,1.0,,,,,,,,,,,,,,,,0.0,0,0,,,,,,,0.0
100,0,RESIDUAL_SPREAD,24,FRACTIONAL_RESIDUAL_EXIT,gate/hyperliquid,GATE_PAIRS,36,0,36,1.0,,,,,,,,,,,,,,,,0.0,0,0,,,,,,,0.0
100,0,RESIDUAL_SPREAD,24,FRACTIONAL_RESIDUAL_EXIT,gate/okx,GATE_PAIRS,16,0,16,1.0,,,,,,,,,,,,,,,,0.0,0,0,,,,,,,0.0
100,0,RESIDUAL_SPREAD,24,FRACTIONAL_RESIDUAL_EXIT,hyperliquid/okx,NON_GATE_PAIRS,1,1,0,0.0,99.16922621073624,99.16922621073624,1.0,99.16922621073624,99.16922621073624,99.16922621073624,99.16922621073624,95.45605521404488,95.45605521404488,95.45605521404488,95.45605521404488,15.0,15.0,15.0,15.0,0.00028256569652444194,0,0,99.16922621073624,99.16922621073624,91.09717921073624,8.072047,99.16922621073624,-0.0,1.0
100,0,RESIDUAL_SPREAD,24,FRACTIONAL_RESIDUAL_EXIT,ALL_GATE_PAIRS,GATE_PAIRS,122,0,122,1.0,,,,,,,,,,,,,,,,0.0,0,0,,,,,,,0.0
100,0,RESIDUAL_SPREAD,24,FRACTIONAL_RESIDUAL_EXIT,ALL_NON_GATE_PAIRS,NON_GATE_PAIRS,162,3,159,0.9814814814814815,57.16663411066292,39.06390944305225,1.0,33.84648095468546,36.165338060626254,69.11656782689425,93.15869453396783,17.085194591377473,-5.33931553579059,86.14693213964131,83.75960020700734,115.0,105.0,201.0,225.0,0.001083168503343694,1,2,57.16663411066292,57.16663411066292,85.73798403796759,-28.57134992730467,57.16663411066292,-0.0,1.0
100,0,RESIDUAL_SPREAD,24,FRACTIONAL_RESIDUAL_EXIT,ALL_PAIRS,ALL,284,3,281,0.9894366197183099,57.16663411066292,39.06390944305225,1.0,33.84648095468546,36.165338060626254,69.11656782689425,93.15869453396783,17.085194591377473,-5.33931553579059,86.14693213964131,83.75960020700734,115.0,105.0,201.0,225.0,0.0006499011020062164,1,2,57.16663411066292,57.16663411066292,85.73798403796759,-28.57134992730467,57.16663411066292,-0.0,1.0
100,0,RESIDUAL_SPREAD,72,LEGACY_RAW_EXIT,binance/bitget,NON_GATE_PAIRS,19,0,19,1.0,,,,,,,,,,,,,,,,0.0,0,0,,,,,,,0.0
100,0,RESIDUAL_SPREAD,72,LEGACY_RAW_EXIT,binance/gate,GATE_PAIRS,32,0,32,1.0,,,,,,,,,,,,,,,,0.0,0,0,,,,,,,0.0
100,0,RESIDUAL_SPREAD,72,LEGACY_RAW_EXIT,binance/hyperliquid,NON_GATE_PAIRS,3,2,1,0.3333333333333333,61.673691062705515,61.673691062705515,1.0,53.5505354720884,57.16082684569601,66.18655527971502,69.79684665332263,-66.94019409565155,-66.94019409565155,74.45754072144095,74.45754072144095,352.5,352.5,502.5,540.0,0.013280587736648771,4,0,52.6479626286865,70.69941949672453,75.69559106270552,-14.021899999999999,61.673691062705515,-0.0,2.0
100,0,RESIDUAL_SPREAD,72,LEGACY_RAW_EXIT,binance/okx,NON_GATE_PAIRS,4,4,0,0.0,35.59518456316399,15.584659772260856,1.0,2.4390508737668752,2.6575498743853028,48.522294461039536,96.76605295982544,-10.179609227367878,-11.52735701545615,49.819774326441696,45.15179841336648,78.75,60.0,148.50000000000003,180.0,0.00593387962701328,1,0,28.42072841987873,37.98666994425907,49.775227921721736,-14.18004335855775,35.59518456316399,-0.0,2.0
100,0,RESIDUAL_SPREAD,72,LEGACY_RAW_EXIT,bitget/gate,GATE_PAIRS,19,0,19,1.0,,,,,,,,,,,,,,,,0.0,0,0,,,,,,,0.0
100,0,RESIDUAL_SPREAD,72,LEGACY_RAW_EXIT,bitget/hyperliquid,NON_GATE_PAIRS,19,0,19,1.0,,,,,,,,,,,,,,,,0.0,0,0,,,,,,,0.0
100,0,RESIDUAL_SPREAD,72,LEGACY_RAW_EXIT,bitget/okx,NON_GATE_PAIRS,19,0,19,1.0,,,,,,,,,,,,,,,,0.0,0,0,,,,,,,0.0
100,0,RESIDUAL_SPREAD,72,LEGACY_RAW_EXIT,gate/hyperliquid,GATE_PAIRS,42,0,42,1.0,,,,,,,,,,,,,,,,0.0,0,0,,,,,,,0.0
100,0,RESIDUAL_SPREAD,72,LEGACY_RAW_EXIT,gate/okx,GATE_PAIRS,27,0,27,1.0,,,,,,,,,,,,,,,,0.0,0,0,,,,,,,0.0
100,0,RESIDUAL_SPREAD,72,LEGACY_RAW_EXIT,hyperliquid/okx,NON_GATE_PAIRS,0,0,0,,,,,,,,,,,,,,,,,,0,0,,,,,,,
100,0,RESIDUAL_SPREAD,72,LEGACY_RAW_EXIT,ALL_GATE_PAIRS,GATE_PAIRS,120,0,120,1.0,,,,,,,,,,,,,,,,0.0,0,0,,,,,,,0.0
100,0,RESIDUAL_SPREAD,72,LEGACY_RAW_EXIT,ALL_NON_GATE_PAIRS,NON_GATE_PAIRS,64,6,58,0.90625,44.28802006301115,40.534345524282614,1.0,2.4754673738699466,9.166625448451919,66.18655527971502,99.2950993125726,-29.099804183462435,-38.96621494583697,58.03236312477478,61.689232257181594,170.0,120.0,360.0,540.0,0.00384289347273241,5,4,40.534345524282614,46.16485733237543,58.41534896871633,-14.127328905705165,44.28802006301115,-0.0,2.0
100,0,RESIDUAL_SPREAD,72,LEGACY_RAW_EXIT,ALL_PAIRS,ALL,184,6,178,0.967391304347826,44.28802006301115,40.534345524282614,1.0,2.4754673738699466,9.166625448451919,66.18655527971502,99.2950993125726,-29.099804183462435,-38.96621494583697,58.03236312477478,61.689232257181594,170.0,120.0,360.0,540.0,0.0021349408181846725,5,4,40.534345524282614,46.16485733237543,58.41534896871633,-14.127328905705165,44.28802006301115,-0.0,2.0
100,0,RESIDUAL_SPREAD,72,BASELINE_RESIDUAL_EXIT,binance/bitget,NON_GATE_PAIRS,19,0,19,1.0,,,,,,,,,,,,,,,,0.0,0,0,,,,,,,0.0
100,0,RESIDUAL_SPREAD,72,BASELINE_RESIDUAL_EXIT,binance/gate,GATE_PAIRS,32,0,32,1.0,,,,,,,,,,,,,,,,0.0,0,0,,,,,,,0.0
100,0,RESIDUAL_SPREAD,72,BASELINE_RESIDUAL_EXIT,binance/hyperliquid,NON_GATE_PAIRS,3,2,1,0.3333333333333333,84.4597941887059,84.4597941887059,1.0,84.45508765463345,84.45717944755454,84.46240892985728,84.46450072277837,-66.94019409565155,-66.94019409565155,102.75821901218231,102.75821901218231,382.5,382.5,532.5,570.0,0.014410850522746538,4,0,84.45456470640318,84.46502367100864,103.97755818870591,-19.517764,84.4597941887059,-0.0,2.0
100,0,RESIDUAL_SPREAD,72,BASELINE_RESIDUAL_EXIT,binance/okx,NON_GATE_PAIRS,2,1,1,0.5,19.938927894704094,19.938927894704094,1.0,19.938927894704094,19.938927894704094,19.938927894704094,19.938927894704094,-102.70399994339984,-102.70399994339984,98.73999943358136,98.73999943358136,450.0,450.0,450.0,450.0,0.008476970895733259,2,0,19.938927894704094,19.938927894704094,98.4949714595551,-78.55604356485101,19.938927894704094,-0.0,1.0
100,0,RESIDUAL_SPREAD,72,BASELINE_RESIDUAL_EXIT,bitget/gate,GATE_PAIRS,19,0,19,1.0,,,,,,,,,,,,,,,,0.0,0,0,,,,,,,0.0
100,0,RESIDUAL_SPREAD,72,BASELINE_RESIDUAL_EXIT,bitget/hyperliquid,NON_GATE_PAIRS,19,0,19,1.0,,,,,,,,,,,,,,,,0.0,0,0,,,,,,,0.0
100,0,RESIDUAL_SPREAD,72,BASELINE_RESIDUAL_EXIT,bitget/okx,NON_GATE_PAIRS,19,0,19,1.0,,,,,,,,,,,,,,,,0.0,0,0,,,,,,,0.0
100,0,RESIDUAL_SPREAD,72,BASELINE_RESIDUAL_EXIT,gate/hyperliquid,GATE_PAIRS,42,0,42,1.0,,,,,,,,,,,,,,,,0.0,0,0,,,,,,,0.0
100,0,RESIDUAL_SPREAD,72,BASELINE_RESIDUAL_EXIT,gate/okx,GATE_PAIRS,27,0,27,1.0,,,,,,,,,,,,,,,,0.0,0,0,,,,,,,0.0
100,0,RESIDUAL_SPREAD,72,BASELINE_RESIDUAL_EXIT,hyperliquid/okx,NON_GATE_PAIRS,0,0,0,,,,,,,,,,,,,,,,,,0,0,,,,,,,
100,0,RESIDUAL_SPREAD,72,BASELINE_RESIDUAL_EXIT,ALL_GATE_PAIRS,GATE_PAIRS,120,0,120,1.0,,,,,,,,,,,,,,,,0.0,0,0,,,,,,,0.0
100,0,RESIDUAL_SPREAD,72,BASELINE_RESIDUAL_EXIT,ALL_NON_GATE_PAIRS,NON_GATE_PAIRS,62,3,59,0.9516129032258065,62.95283875737196,84.45456470640318,1.0,26.390491575874,52.196746300553635,84.4597941887059,84.46397777454808,-78.86146271156764,-76.61759341903274,101.418812485982,100.11547785806708,405.0,450.0,546.0,570.0,0.004577564283695959,6,3,52.201975782856366,84.45456470640318,102.15002927898898,-39.197190521617,62.95283875737196,-0.0,2.0
100,0,RESIDUAL_SPREAD,72,BASELINE_RESIDUAL_EXIT,ALL_PAIRS,ALL,182,3,179,0.9835164835164835,62.95283875737196,84.45456470640318,1.0,26.390491575874,52.196746300553635,84.4597941887059,84.46397777454808,-78.86146271156764,-76.61759341903274,101.418812485982,100.11547785806708,405.0,450.0,546.0,570.0,0.002543091268719977,6,3,52.201975782856366,84.45456470640318,102.15002927898898,-39.197190521617,62.95283875737196,-0.0,2.0
100,0,RESIDUAL_SPREAD,72,FRACTIONAL_RESIDUAL_EXIT,binance/bitget,NON_GATE_PAIRS,19,0,19,1.0,,,,,,,,,,,,,,,,0.0,0,0,,,,,,,0.0
100,0,RESIDUAL_SPREAD,72,FRACTIONAL_RESIDUAL_EXIT,binance/gate,GATE_PAIRS,32,0,32,1.0,,,,,,,,,,,,,,,,0.0,0,0,,,,,,,0.0
100,0,RESIDUAL_SPREAD,72,FRACTIONAL_RESIDUAL_EXIT,binance/hyperliquid,NON_GATE_PAIRS,3,2,1,0.3333333333333333,78.02396884315715,78.02396884315715,1.0,72.2364325662357,74.80867091153412,81.23926677478016,83.81150512007858,-66.94019409565155,-66.94019409565155,95.84297300198054,95.84297300198054,375.0,375.0,519.0,555.0,0.014128284826222097,4,0,71.59337297991111,84.45456470640318,97.54173284315715,-19.517764,78.02396884315715,-0.0,2.0
100,0,RESIDUAL_SPREAD,72,FRACTIONAL_RESIDUAL_EXIT,binance/okx,NON_GATE_PAIRS,2,1,1,0.5,19.938927894704094,19.938927894704094,1.0,19.938927894704094,19.938927894704094,19.938927894704094,19.938927894704094,-102.70399994339984,-102.70399994339984,98.73999943358136,98.73999943358136,450.0,450.0,450.0,450.0,0.008476970895733259,2,0,19.938927894704094,19.938927894704094,98.4949714595551,-78.55604356485101,19.938927894704094,-0.0,1.0
100,0,RESIDUAL_SPREAD,72,FRACTIONAL_RESIDUAL_EXIT,bitget/gate,GATE_PAIRS,19,0,19,1.0,,,,,,,,,,,,,,,,0.0,0,0,,,,,,,0.0
100,0,RESIDUAL_SPREAD,72,FRACTIONAL_RESIDUAL_EXIT,bitget/hyperliquid,NON_GATE_PAIRS,19,0,19,1.0,,,,,,,,,,,,,,,,0.0,0,0,,,,,,,0.0
100,0,RESIDUAL_SPREAD,72,FRACTIONAL_RESIDUAL_EXIT,bitget/okx,NON_GATE_PAIRS,19,0,19,1.0,,,,,,,,,,,,,,,,0.0,0,0,,,,,,,0.0
100,0,RESIDUAL_SPREAD,72,FRACTIONAL_RESIDUAL_EXIT,gate/hyperliquid,GATE_PAIRS,42,0,42,1.0,,,,,,,,,,,,,,,,0.0,0,0,,,,,,,0.0
100,0,RESIDUAL_SPREAD,72,FRACTIONAL_RESIDUAL_EXIT,gate/okx,GATE_PAIRS,27,0,27,1.0,,,,,,,,,,,,,,,,0.0,0,0,,,,,,,0.0
100,0,RESIDUAL_SPREAD,72,FRACTIONAL_RESIDUAL_EXIT,hyperliquid/okx,NON_GATE_PAIRS,0,0,0,,,,,,,,,,,,,,,,,,0,0,,,,,,,
100,0,RESIDUAL_SPREAD,72,FRACTIONAL_RESIDUAL_EXIT,ALL_GATE_PAIRS,GATE_PAIRS,120,0,120,1.0,,,,,,,,,,,,,,,,0.0,0,0,,,,,,,0.0
100,0,RESIDUAL_SPREAD,72,FRACTIONAL_RESIDUAL_EXIT,ALL_NON_GATE_PAIRS,NON_GATE_PAIRS,62,3,59,0.9516129032258065,58.662288527006126,71.59337297991111,1.0,25.104372403224794,45.7661504373076,78.02396884315715,83.16844553375397,-78.86146271156764,-76.61759341903274,96.80864847918082,98.73999943358136,400.0,450.0,534.0,555.0,0.004521051144391071,6,3,45.7661504373076,84.45456470640318,97.85947904862314,-39.197190521617,58.662288527006126,-0.0,2.0
100,0,RESIDUAL_SPREAD,72,FRACTIONAL_RESIDUAL_EXIT,ALL_PAIRS,ALL,182,3,179,0.9835164835164835,58.662288527006126,71.59337297991111,1.0,25.104372403224794,45.7661504373076,78.02396884315715,83.16844553375397,-78.86146271156764,-76.61759341903274,96.80864847918082,98.73999943358136,400.0,450.0,534.0,555.0,0.0025116950802172616,6,3,45.7661504373076,84.45456470640318,97.85947904862314,-39.197190521617,58.662288527006126,-0.0,2.0
100,20,RESIDUAL_SPREAD,24,LEGACY_RAW_EXIT,binance/bitget,NON_GATE_PAIRS,52,0,52,1.0,,,,,,,,,,,,,,,,0.0,0,0,,,,,,,0.0
100,20,RESIDUAL_SPREAD,24,LEGACY_RAW_EXIT,binance/gate,GATE_PAIRS,17,0,17,1.0,,,,,,,,,,,,,,,,0.0,0,0,,,,,,,0.0
100,20,RESIDUAL_SPREAD,24,LEGACY_RAW_EXIT,binance/hyperliquid,NON_GATE_PAIRS,4,3,1,0.25,-22.38275794077906,-22.024763870052126,0.0,-26.60065643950647,-24.566926408637872,-20.01959243755678,-18.41545529156051,-2.0772093722561578,-0.3266850160899004,-2.0772093722561578,-0.3266850160899004,15.0,15.0,15.0,15.0,0.0008476970895733258,0,0,-22.56175497614253,-22.024763870052126,-2.3827579407790602,0.0,-2.3827579407790602,-20.0,2.0
100,20,RESIDUAL_SPREAD,24,LEGACY_RAW_EXIT,binance/okx,NON_GATE_PAIRS,3,3,0,0.0,42.08182206465645,54.66988248480442,0.6666666666666666,-10.059279739340875,18.7092368047237,71.74843753466318,85.41128157455019,-0.23495309419141344,-20.66963511940356,71.33943706534306,58.82593174095119,75.0,75.0,123.0,135.0,0.004238485447866629,0,0,35.787791854582466,54.66988248480442,71.89672061508777,-9.814898550431334,62.08182206465646,-20.0,2.0
100,20,RESIDUAL_SPREAD,24,LEGACY_RAW_EXIT,bitget/gate,GATE_PAIRS,53,0,53,1.0,,,,,,,,,,,,,,,,0.0,0,0,,,,,,,0.0
100,20,RESIDUAL_SPREAD,24,LEGACY_RAW_EXIT,bitget/hyperliquid,NON_GATE_PAIRS,52,0,52,1.0,,,,,,,,,,,,,,,,0.0,0,0,,,,,,,0.0
100,20,RESIDUAL_SPREAD,24,LEGACY_RAW_EXIT,bitget/okx,NON_GATE_PAIRS,52,0,52,1.0,,,,,,,,,,,,,,,,0.0,0,0,,,,,,,0.0
100,20,RESIDUAL_SPREAD,24,LEGACY_RAW_EXIT,gate/hyperliquid,GATE_PAIRS,36,0,36,1.0,,,,,,,,,,,,,,,,0.0,0,0,,,,,,,0.0
100,20,RESIDUAL_SPREAD,24,LEGACY_RAW_EXIT,gate/okx,GATE_PAIRS,16,0,16,1.0,,,,,,,,,,,,,,,,0.0,0,0,,,,,,,0.0
100,20,RESIDUAL_SPREAD,24,LEGACY_RAW_EXIT,hyperliquid/okx,NON_GATE_PAIRS,1,1,0,0.0,79.16922621073623,79.16922621073623,1.0,79.16922621073623,79.16922621073623,79.16922621073623,79.16922621073623,95.45605521404488,95.45605521404488,95.45605521404488,95.45605521404488,15.0,15.0,15.0,15.0,0.00028256569652444194,0,0,79.16922621073623,79.16922621073623,91.09717921073624,8.072047,99.16922621073624,-20.0,1.0
100,20,RESIDUAL_SPREAD,24,LEGACY_RAW_EXIT,ALL_GATE_PAIRS,GATE_PAIRS,122,0,122,1.0,,,,,,,,,,,,,,,,0.0,0,0,,,,,,,0.0
100,20,RESIDUAL_SPREAD,24,LEGACY_RAW_EXIT,ALL_NON_GATE_PAIRS,NON_GATE_PAIRS,164,7,157,0.9573170731707317,19.75234551176691,-17.25140887535702,0.42857142857142855,-25.58379142407217,-20.01959243755678,66.91955434777032,85.92966267238623,12.645652544957454,-0.3266850160899004,43.320391184757945,30.18762270379005,40.714285714285715,15.0,99.00000000000003,135.0,0.0008947913723273994,0,2,-22.024763870052126,35.787791854582466,42.80558103338035,-3.0532355216134284,39.75234551176692,-20.0,3.0
100,20,RESIDUAL_SPREAD,24,LEGACY_RAW_EXIT,ALL_PAIRS,ALL,286,7,279,0.9755244755244755,19.75234551176691,-17.25140887535702,0.42857142857142855,-25.58379142407217,-20.01959243755678,66.91955434777032,85.92966267238623,12.645652544957454,-0.3266850160899004,43.320391184757945,30.18762270379005,40.714285714285715,15.0,99.00000000000003,135.0,0.0005368748233964397,0,2,-22.024763870052126,35.787791854582466,42.80558103338035,-3.0532355216134284,39.75234551176692,-20.0,3.0
100,20,RESIDUAL_SPREAD,24,BASELINE_RESIDUAL_EXIT,binance/bitget,NON_GATE_PAIRS,52,0,52,1.0,,,,,,,,,,,,,,,,0.0,0,0,,,,,,,0.0
100,20,RESIDUAL_SPREAD,24,BASELINE_RESIDUAL_EXIT,binance/gate,GATE_PAIRS,17,0,17,1.0,,,,,,,,,,,,,,,,0.0,0,0,,,,,,,0.0
100,20,RESIDUAL_SPREAD,24,BASELINE_RESIDUAL_EXIT,binance/hyperliquid,NON_GATE_PAIRS,3,1,2,0.6666666666666666,33.60247113056825,33.60247113056825,1.0,33.60247113056825,33.60247113056825,33.60247113056825,33.60247113056825,-5.33931553579059,-5.33931553579059,96.10800213056824,96.10800213056824,240.0,240.0,240.0,240.0,0.004521051144391071,1,0,33.60247113056825,33.60247113056825,96.10800213056824,-42.505531000000005,53.60247113056825,-20.0,1.0
100,20,RESIDUAL_SPREAD,24,BASELINE_RESIDUAL_EXIT,binance/okx,NON_GATE_PAIRS,2,1,1,0.5,54.66988248480442,54.66988248480442,1.0,54.66988248480442,54.66988248480442,54.66988248480442,54.66988248480442,-38.86115590412187,-38.86115590412187,125.00475675128796,125.00475675128796,135.0,135.0,135.0,135.0,0.002543091268719977,0,0,54.66988248480442,54.66988248480442,125.9504482667184,-51.280565781914,74.66988248480442,-20.0,1.0
100,20,RESIDUAL_SPREAD,24,BASELINE_RESIDUAL_EXIT,bitget/gate,GATE_PAIRS,53,0,53,1.0,,,,,,,,,,,,,,,,0.0,0,0,,,,,,,0.0
100,20,RESIDUAL_SPREAD,24,BASELINE_RESIDUAL_EXIT,bitget/hyperliquid,NON_GATE_PAIRS,52,0,52,1.0,,,,,,,,,,,,,,,,0.0,0,0,,,,,,,0.0
100,20,RESIDUAL_SPREAD,24,BASELINE_RESIDUAL_EXIT,bitget/okx,NON_GATE_PAIRS,52,0,52,1.0,,,,,,,,,,,,,,,,0.0,0,0,,,,,,,0.0
100,20,RESIDUAL_SPREAD,24,BASELINE_RESIDUAL_EXIT,gate/hyperliquid,GATE_PAIRS,36,0,36,1.0,,,,,,,,,,,,,,,,0.0,0,0,,,,,,,0.0
100,20,RESIDUAL_SPREAD,24,BASELINE_RESIDUAL_EXIT,gate/okx,GATE_PAIRS,16,0,16,1.0,,,,,,,,,,,,,,,,0.0,0,0,,,,,,,0.0
100,20,RESIDUAL_SPREAD,24,BASELINE_RESIDUAL_EXIT,hyperliquid/okx,NON_GATE_PAIRS,1,1,0,0.0,98.36863870286112,98.36863870286112,1.0,98.36863870286112,98.36863870286112,98.36863870286112,98.36863870286112,38.20778618617071,38.20778618617071,102.76874599164375,102.76874599164375,525.0,525.0,525.0,525.0,0.009889799378355468,0,0,98.36863870286112,98.36863870286112,94.11822047993512,24.250418222926,118.36863870286112,-20.0,1.0
100,20,RESIDUAL_SPREAD,24,BASELINE_RESIDUAL_EXIT,ALL_GATE_PAIRS,GATE_PAIRS,122,0,122,1.0,,,,,,,,,,,,,,,,0.0,0,0,,,,,,,0.0
100,20,RESIDUAL_SPREAD,24,BASELINE_RESIDUAL_EXIT,ALL_NON_GATE_PAIRS,NON_GATE_PAIRS,162,3,159,0.9814814814814815,62.21366410607792,54.66988248480442,1.0,35.709212265991866,44.13617680768633,76.51926059383277,93.99876308105544,-1.9975617512472514,-5.33931553579059,107.96050162449997,102.76874599164375,300.0,240.0,468.0,525.0,0.0028256569652444193,1,3,62.21366410607792,62.21366410607792,105.39222362574058,-23.17855951966267,82.21366410607793,-20.0,1.0
100,20,RESIDUAL_SPREAD,24,BASELINE_RESIDUAL_EXIT,ALL_PAIRS,ALL,284,3,281,0.9894366197183099,62.21366410607792,54.66988248480442,1.0,35.709212265991866,44.13617680768633,76.51926059383277,93.99876308105544,-1.9975617512472514,-5.33931553579059,107.96050162449997,102.76874599164375,300.0,240.0,468.0,525.0,0.0016953941791466515,1,3,62.21366410607792,62.21366410607792,105.39222362574058,-23.17855951966267,82.21366410607793,-20.0,1.0
100,20,RESIDUAL_SPREAD,24,FRACTIONAL_RESIDUAL_EXIT,binance/bitget,NON_GATE_PAIRS,52,0,52,1.0,,,,,,,,,,,,,,,,0.0,0,0,,,,,,,0.0
100,20,RESIDUAL_SPREAD,24,FRACTIONAL_RESIDUAL_EXIT,binance/gate,GATE_PAIRS,17,0,17,1.0,,,,,,,,,,,,,,,,0.0,0,0,,,,,,,0.0
100,20,RESIDUAL_SPREAD,24,FRACTIONAL_RESIDUAL_EXIT,binance/hyperliquid,NON_GATE_PAIRS,3,1,2,0.6666666666666666,19.063909443052253,19.063909443052253,1.0,19.063909443052253,19.063909443052253,19.063909443052253,19.063909443052253,-5.33931553579059,-5.33931553579059,79.2251409978717,79.2251409978717,225.0,225.0,225.0,225.0,0.004238485447866629,1,0,19.063909443052253,19.063909443052253,81.56944044305226,-42.505531000000005,39.06390944305225,-20.0,1.0
100,20,RESIDUAL_SPREAD,24,FRACTIONAL_RESIDUAL_EXIT,binance/okx,NON_GATE_PAIRS,2,1,1,0.5,13.266766678200264,13.266766678200264,1.0,13.266766678200264,13.266766678200264,13.266766678200264,13.266766678200264,-38.86115590412187,-38.86115590412187,83.75960020700734,83.75960020700734,105.0,105.0,105.0,105.0,0.0019779598756710934,0,0,13.266766678200264,13.266766678200264,84.54733246011426,-51.280565781914,33.26676667820026,-20.0,1.0
100,20,RESIDUAL_SPREAD,24,FRACTIONAL_RESIDUAL_EXIT,bitget/gate,GATE_PAIRS,53,0,53,1.0,,,,,,,,,,,,,,,,0.0,0,0,,,,,,,0.0
100,20,RESIDUAL_SPREAD,24,FRACTIONAL_RESIDUAL_EXIT,bitget/hyperliquid,NON_GATE_PAIRS,52,0,52,1.0,,,,,,,,,,,,,,,,0.0,0,0,,,,,,,0.0
100,20,RESIDUAL_SPREAD,24,FRACTIONAL_RESIDUAL_EXIT,bitget/okx,NON_GATE_PAIRS,52,0,52,1.0,,,,,,,,,,,,,,,,0.0,0,0,,,,,,,0.0
100,20,RESIDUAL_SPREAD,24,FRACTIONAL_RESIDUAL_EXIT,gate/hyperliquid,GATE_PAIRS,36,0,36,1.0,,,,,,,,,,,,,,,,0.0,0,0,,,,,,,0.0
100,20,RESIDUAL_SPREAD,24,FRACTIONAL_RESIDUAL_EXIT,gate/okx,GATE_PAIRS,16,0,16,1.0,,,,,,,,,,,,,,,,0.0,0,0,,,,,,,0.0
100,20,RESIDUAL_SPREAD,24,FRACTIONAL_RESIDUAL_EXIT,hyperliquid/okx,NON_GATE_PAIRS,1,1,0,0.0,79.16922621073623,79.16922621073623,1.0,79.16922621073623,79.16922621073623,79.16922621073623,79.16922621073623,95.45605521404488,95.45605521404488,95.45605521404488,95.45605521404488,15.0,15.0,15.0,15.0,0.00028256569652444194,0,0,79.16922621073623,79.16922621073623,91.09717921073624,8.072047,99.16922621073624,-20.0,1.0
100,20,RESIDUAL_SPREAD,24,FRACTIONAL_RESIDUAL_EXIT,ALL_GATE_PAIRS,GATE_PAIRS,122,0,122,1.0,,,,,,,,,,,,,,,,0.0,0,0,,,,,,,0.0
100,20,RESIDUAL_SPREAD,24,FRACTIONAL_RESIDUAL_EXIT,ALL_NON_GATE_PAIRS,NON_GATE_PAIRS,162,3,159,0.9814814814814815,37.16663411066292,19.063909443052253,1.0,13.846480954685463,16.165338060626258,49.11656782689424,73.15869453396782,17.085194591377473,-5.33931553579059,86.14693213964131,83.75960020700734,115.0,105.0,201.0,225.0,0.001083168503343694,1,2,37.16663411066292,37.16663411066292,85.73798403796759,-28.57134992730467,57.16663411066292,-20.0,1.0
100,20,RESIDUAL_SPREAD,24,FRACTIONAL_RESIDUAL_EXIT,ALL_PAIRS,ALL,284,3,281,0.9894366197183099,37.16663411066292,19.063909443052253,1.0,13.846480954685463,16.165338060626258,49.11656782689424,73.15869453396782,17.085194591377473,-5.33931553579059,86.14693213964131,83.75960020700734,115.0,105.0,201.0,225.0,0.0006499011020062164,1,2,37.16663411066292,37.16663411066292,85.73798403796759,-28.57134992730467,57.16663411066292,-20.0,1.0
100,20,RESIDUAL_SPREAD,72,LEGACY_RAW_EXIT,binance/bitget,NON_GATE_PAIRS,19,0,19,1.0,,,,,,,,,,,,,,,,0.0,0,0,,,,,,,0.0
100,20,RESIDUAL_SPREAD,72,LEGACY_RAW_EXIT,binance/gate,GATE_PAIRS,32,0,32,1.0,,,,,,,,,,,,,,,,0.0,0,0,,,,,,,0.0
100,20,RESIDUAL_SPREAD,72,LEGACY_RAW_EXIT,binance/hyperliquid,NON_GATE_PAIRS,3,2,1,0.3333333333333333,41.673691062705515,41.673691062705515,1.0,33.5505354720884,37.16082684569601,46.18655527971502,49.796846653322625,-66.94019409565155,-66.94019409565155,74.45754072144095,74.45754072144095,352.5,352.5,502.5,540.0,0.013280587736648771,4,0,32.6479626286865,50.69941949672453,75.69559106270552,-14.021899999999999,61.673691062705515,-20.0,2.0
100,20,RESIDUAL_SPREAD,72,LEGACY_RAW_EXIT,binance/okx,NON_GATE_PAIRS,4,4,0,0.0,15.595184563163984,-4.415340227739142,0.5,-17.560949126233126,-17.342450125614697,28.522294461039536,76.76605295982543,-10.179609227367878,-11.52735701545615,49.819774326441696,45.15179841336648,78.75,60.0,148.50000000000003,180.0,0.00593387962701328,1,0,8.420728419878735,17.986669944259067,49.775227921721736,-14.18004335855775,35.59518456316399,-20.0,2.0
100,20,RESIDUAL_SPREAD,72,LEGACY_RAW_EXIT,bitget/gate,GATE_PAIRS,19,0,19,1.0,,,,,,,,,,,,,,,,0.0,0,0,,,,,,,0.0
100,20,RESIDUAL_SPREAD,72,LEGACY_RAW_EXIT,bitget/hyperliquid,NON_GATE_PAIRS,19,0,19,1.0,,,,,,,,,,,,,,,,0.0,0,0,,,,,,,0.0
100,20,RESIDUAL_SPREAD,72,LEGACY_RAW_EXIT,bitget/okx,NON_GATE_PAIRS,19,0,19,1.0,,,,,,,,,,,,,,,,0.0,0,0,,,,,,,0.0
100,20,RESIDUAL_SPREAD,72,LEGACY_RAW_EXIT,gate/hyperliquid,GATE_PAIRS,42,0,42,1.0,,,,,,,,,,,,,,,,0.0,0,0,,,,,,,0.0
100,20,RESIDUAL_SPREAD,72,LEGACY_RAW_EXIT,gate/okx,GATE_PAIRS,27,0,27,1.0,,,,,,,,,,,,,,,,0.0,0,0,,,,,,,0.0
100,20,RESIDUAL_SPREAD,72,LEGACY_RAW_EXIT,hyperliquid/okx,NON_GATE_PAIRS,0,0,0,,,,,,,,,,,,,,,,,,0,0,,,,,,,
100,20,RESIDUAL_SPREAD,72,LEGACY_RAW_EXIT,ALL_GATE_PAIRS,GATE_PAIRS,120,0,120,1.0,,,,,,,,,,,,,,,,0.0,0,0,,,,,,,0.0
100,20,RESIDUAL_SPREAD,72,LEGACY_RAW_EXIT,ALL_NON_GATE_PAIRS,NON_GATE_PAIRS,64,6,58,0.90625,24.28802006301116,20.534345524282617,0.6666666666666666,-17.524532626130053,-10.83337455154808,46.18655527971502,79.29509931257259,-29.099804183462435,-38.96621494583697,58.03236312477478,61.689232257181594,170.0,120.0,360.0,540.0,0.00384289347273241,5,4,20.534345524282617,26.164857332375433,58.41534896871633,-14.127328905705165,44.28802006301115,-20.0,2.0
100,20,RESIDUAL_SPREAD,72,LEGACY_RAW_EXIT,ALL_PAIRS,ALL,184,6,178,0.967391304347826,24.28802006301116,20.534345524282617,0.6666666666666666,-17.524532626130053,-10.83337455154808,46.18655527971502,79.29509931257259,-29.099804183462435,-38.96621494583697,58.03236312477478,61.689232257181594,170.0,120.0,360.0,540.0,0.0021349408181846725,5,4,20.534345524282617,26.164857332375433,58.41534896871633,-14.127328905705165,44.28802006301115,-20.0,2.0
100,20,RESIDUAL_SPREAD,72,BASELINE_RESIDUAL_EXIT,binance/bitget,NON_GATE_PAIRS,19,0,19,1.0,,,,,,,,,,,,,,,,0.0,0,0,,,,,,,0.0
100,20,RESIDUAL_SPREAD,72,BASELINE_RESIDUAL_EXIT,binance/gate,GATE_PAIRS,32,0,32,1.0,,,,,,,,,,,,,,,,0.0,0,0,,,,,,,0.0
100,20,RESIDUAL_SPREAD,72,BASELINE_RESIDUAL_EXIT,binance/hyperliquid,NON_GATE_PAIRS,3,2,1,0.3333333333333333,64.4597941887059,64.4597941887059,1.0,64.45508765463345,64.45717944755454,64.46240892985728,64.46450072277837,-66.94019409565155,-66.94019409565155,102.75821901218231,102.75821901218231,382.5,382.5,532.5,570.0,0.014410850522746538,4,0,64.45456470640318,64.46502367100864,103.97755818870591,-19.517764,84.4597941887059,-20.0,2.0
100,20,RESIDUAL_SPREAD,72,BASELINE_RESIDUAL_EXIT,binance/okx,NON_GATE_PAIRS,2,1,1,0.5,-0.0610721052959064,-0.0610721052959064,0.0,-0.0610721052959064,-0.0610721052959064,-0.0610721052959064,-0.0610721052959064,-102.70399994339984,-102.70399994339984,98.73999943358136,98.73999943358136,450.0,450.0,450.0,450.0,0.008476970895733259,2,0,-0.0610721052959064,-0.0610721052959064,98.4949714595551,-78.55604356485101,19.938927894704094,-20.0,1.0
100,20,RESIDUAL_SPREAD,72,BASELINE_RESIDUAL_EXIT,bitget/gate,GATE_PAIRS,19,0,19,1.0,,,,,,,,,,,,,,,,0.0,0,0,,,,,,,0.0
100,20,RESIDUAL_SPREAD,72,BASELINE_RESIDUAL_EXIT,bitget/hyperliquid,NON_GATE_PAIRS,19,0,19,1.0,,,,,,,,,,,,,,,,0.0,0,0,,,,,,,0.0
100,20,RESIDUAL_SPREAD,72,BASELINE_RESIDUAL_EXIT,bitget/okx,NON_GATE_PAIRS,19,0,19,1.0,,,,,,,,,,,,,,,,0.0,0,0,,,,,,,0.0
100,20,RESIDUAL_SPREAD,72,BASELINE_RESIDUAL_EXIT,gate/hyperliquid,GATE_PAIRS,42,0,42,1.0,,,,,,,,,,,,,,,,0.0,0,0,,,,,,,0.0
100,20,RESIDUAL_SPREAD,72,BASELINE_RESIDUAL_EXIT,gate/okx,GATE_PAIRS,27,0,27,1.0,,,,,,,,,,,,,,,,0.0,0,0,,,,,,,0.0
100,20,RESIDUAL_SPREAD,72,BASELINE_RESIDUAL_EXIT,hyperliquid/okx,NON_GATE_PAIRS,0,0,0,,,,,,,,,,,,,,,,,,0,0,,,,,,,
100,20,RESIDUAL_SPREAD,72,BASELINE_RESIDUAL_EXIT,ALL_GATE_PAIRS,GATE_PAIRS,120,0,120,1.0,,,,,,,,,,,,,,,,0.0,0,0,,,,,,,0.0
100,20,RESIDUAL_SPREAD,72,BASELINE_RESIDUAL_EXIT,ALL_NON_GATE_PAIRS,NON_GATE_PAIRS,62,3,59,0.9516129032258065,42.95283875737197,64.45456470640318,0.6666666666666666,6.390491575874002,32.196746300553635,64.4597941887059,64.46397777454808,-78.86146271156764,-76.61759341903274,101.418812485982,100.11547785806708,405.0,450.0,546.0,570.0,0.004577564283695959,6,3,32.201975782856366,64.45456470640318,102.15002927898898,-39.197190521617,62.95283875737196,-20.0,2.0
100,20,RESIDUAL_SPREAD,72,BASELINE_RESIDUAL_EXIT,ALL_PAIRS,ALL,182,3,179,0.9835164835164835,42.95283875737197,64.45456470640318,0.6666666666666666,6.390491575874002,32.196746300553635,64.4597941887059,64.46397777454808,-78.86146271156764,-76.61759341903274,101.418812485982,100.11547785806708,405.0,450.0,546.0,570.0,0.002543091268719977,6,3,32.201975782856366,64.45456470640318,102.15002927898898,-39.197190521617,62.95283875737196,-20.0,2.0
100,20,RESIDUAL_SPREAD,72,FRACTIONAL_RESIDUAL_EXIT,binance/bitget,NON_GATE_PAIRS,19,0,19,1.0,,,,,,,,,,,,,,,,0.0,0,0,,,,,,,0.0
100,20,RESIDUAL_SPREAD,72,FRACTIONAL_RESIDUAL_EXIT,binance/gate,GATE_PAIRS,32,0,32,1.0,,,,,,,,,,,,,,,,0.0,0,0,,,,,,,0.0
100,20,RESIDUAL_SPREAD,72,FRACTIONAL_RESIDUAL_EXIT,binance/hyperliquid,NON_GATE_PAIRS,3,2,1,0.3333333333333333,58.02396884315714,58.02396884315714,1.0,52.23643256623571,54.80867091153412,61.23926677478016,63.81150512007857,-66.94019409565155,-66.94019409565155,95.84297300198054,95.84297300198054,375.0,375.0,519.0,555.0,0.014128284826222097,4,0,51.59337297991111,64.45456470640318,97.54173284315715,-19.517764,78.02396884315715,-20.0,2.0
100,20,RESIDUAL_SPREAD,72,FRACTIONAL_RESIDUAL_EXIT,binance/okx,NON_GATE_PAIRS,2,1,1,0.5,-0.0610721052959064,-0.0610721052959064,0.0,-0.0610721052959064,-0.0610721052959064,-0.0610721052959064,-0.0610721052959064,-102.70399994339984,-102.70399994339984,98.73999943358136,98.73999943358136,450.0,450.0,450.0,450.0,0.008476970895733259,2,0,-0.0610721052959064,-0.0610721052959064,98.4949714595551,-78.55604356485101,19.938927894704094,-20.0,1.0
100,20,RESIDUAL_SPREAD,72,FRACTIONAL_RESIDUAL_EXIT,bitget/gate,GATE_PAIRS,19,0,19,1.0,,,,,,,,,,,,,,,,0.0,0,0,,,,,,,0.0
100,20,RESIDUAL_SPREAD,72,FRACTIONAL_RESIDUAL_EXIT,bitget/hyperliquid,NON_GATE_PAIRS,19,0,19,1.0,,,,,,,,,,,,,,,,0.0,0,0,,,,,,,0.0
100,20,RESIDUAL_SPREAD,72,FRACTIONAL_RESIDUAL_EXIT,bitget/okx,NON_GATE_PAIRS,19,0,19,1.0,,,,,,,,,,,,,,,,0.0,0,0,,,,,,,0.0
100,20,RESIDUAL_SPREAD,72,FRACTIONAL_RESIDUAL_EXIT,gate/hyperliquid,GATE_PAIRS,42,0,42,1.0,,,,,,,,,,,,,,,,0.0,0,0,,,,,,,0.0
100,20,RESIDUAL_SPREAD,72,FRACTIONAL_RESIDUAL_EXIT,gate/okx,GATE_PAIRS,27,0,27,1.0,,,,,,,,,,,,,,,,0.0,0,0,,,,,,,0.0
100,20,RESIDUAL_SPREAD,72,FRACTIONAL_RESIDUAL_EXIT,hyperliquid/okx,NON_GATE_PAIRS,0,0,0,,,,,,,,,,,,,,,,,,0,0,,,,,,,
100,20,RESIDUAL_SPREAD,72,FRACTIONAL_RESIDUAL_EXIT,ALL_GATE_PAIRS,GATE_PAIRS,120,0,120,1.0,,,,,,,,,,,,,,,,0.0,0,0,,,,,,,0.0
100,20,RESIDUAL_SPREAD,72,FRACTIONAL_RESIDUAL_EXIT,ALL_NON_GATE_PAIRS,NON_GATE_PAIRS,62,3,59,0.9516129032258065,38.662288527006126,51.59337297991111,0.6666666666666666,5.1043724032247955,25.7661504373076,58.02396884315714,63.16844553375397,-78.86146271156764,-76.61759341903274,96.80864847918082,98.73999943358136,400.0,450.0,534.0,555.0,0.004521051144391071,6,3,25.7661504373076,64.45456470640318,97.85947904862314,-39.197190521617,58.662288527006126,-20.0,2.0
100,20,RESIDUAL_SPREAD,72,FRACTIONAL_RESIDUAL_EXIT,ALL_PAIRS,ALL,182,3,179,0.9835164835164835,38.662288527006126,51.59337297991111,0.6666666666666666,5.1043724032247955,25.7661504373076,58.02396884315714,63.16844553375397,-78.86146271156764,-76.61759341903274,96.80864847918082,98.73999943358136,400.0,450.0,534.0,555.0,0.0025116950802172616,6,3,25.7661504373076,64.45456470640318,97.85947904862314,-39.197190521617,58.662288527006126,-20.0,2.0
100,40,RESIDUAL_SPREAD,24,LEGACY_RAW_EXIT,binance/bitget,NON_GATE_PAIRS,52,0,52,1.0,,,,,,,,,,,,,,,,0.0,0,0,,,,,,,0.0
100,40,RESIDUAL_SPREAD,24,LEGACY_RAW_EXIT,binance/gate,GATE_PAIRS,17,0,17,1.0,,,,,,,,,,,,,,,,0.0,0,0,,,,,,,0.0
100,40,RESIDUAL_SPREAD,24,LEGACY_RAW_EXIT,binance/hyperliquid,NON_GATE_PAIRS,4,3,1,0.25,-42.382757940779065,-42.024763870052126,0.0,-46.600656439506466,-44.56692640863787,-40.01959243755678,-38.41545529156051,-2.0772093722561578,-0.3266850160899004,-2.0772093722561578,-0.3266850160899004,15.0,15.0,15.0,15.0,0.0008476970895733258,0,0,-42.56175497614253,-42.024763870052126,-2.3827579407790602,0.0,-2.3827579407790602,-40.0,2.0
100,40,RESIDUAL_SPREAD,24,LEGACY_RAW_EXIT,binance/okx,NON_GATE_PAIRS,3,3,0,0.0,22.08182206465645,34.66988248480442,0.6666666666666666,-30.059279739340873,-1.2907631952762983,51.74843753466318,65.41128157455019,-0.23495309419141344,-20.66963511940356,71.33943706534306,58.82593174095119,75.0,75.0,123.0,135.0,0.004238485447866629,0,0,15.787791854582466,34.66988248480442,71.89672061508777,-9.814898550431334,62.08182206465646,-40.0,2.0
100,40,RESIDUAL_SPREAD,24,LEGACY_RAW_EXIT,bitget/gate,GATE_PAIRS,53,0,53,1.0,,,,,,,,,,,,,,,,0.0,0,0,,,,,,,0.0
100,40,RESIDUAL_SPREAD,24,LEGACY_RAW_EXIT,bitget/hyperliquid,NON_GATE_PAIRS,52,0,52,1.0,,,,,,,,,,,,,,,,0.0,0,0,,,,,,,0.0
100,40,RESIDUAL_SPREAD,24,LEGACY_RAW_EXIT,bitget/okx,NON_GATE_PAIRS,52,0,52,1.0,,,,,,,,,,,,,,,,0.0,0,0,,,,,,,0.0
100,40,RESIDUAL_SPREAD,24,LEGACY_RAW_EXIT,gate/hyperliquid,GATE_PAIRS,36,0,36,1.0,,,,,,,,,,,,,,,,0.0,0,0,,,,,,,0.0
100,40,RESIDUAL_SPREAD,24,LEGACY_RAW_EXIT,gate/okx,GATE_PAIRS,16,0,16,1.0,,,,,,,,,,,,,,,,0.0,0,0,,,,,,,0.0
100,40,RESIDUAL_SPREAD,24,LEGACY_RAW_EXIT,hyperliquid/okx,NON_GATE_PAIRS,1,1,0,0.0,59.16922621073623,59.16922621073623,1.0,59.16922621073623,59.16922621073623,59.16922621073623,59.16922621073623,95.45605521404488,95.45605521404488,95.45605521404488,95.45605521404488,15.0,15.0,15.0,15.0,0.00028256569652444194,0,0,59.16922621073623,59.16922621073623,91.09717921073624,8.072047,99.16922621073624,-40.0,1.0
100,40,RESIDUAL_SPREAD,24,LEGACY_RAW_EXIT,ALL_GATE_PAIRS,GATE_PAIRS,122,0,122,1.0,,,,,,,,,,,,,,,,0.0,0,0,,,,,,,0.0
100,40,RESIDUAL_SPREAD,24,LEGACY_RAW_EXIT,ALL_NON_GATE_PAIRS,NON_GATE_PAIRS,164,7,157,0.9573170731707317,-0.24765448823308742,-37.251408875357015,0.42857142857142855,-45.58379142407217,-40.01959243755678,46.91955434777032,65.92966267238623,12.645652544957454,-0.3266850160899004,43.320391184757945,30.18762270379005,40.714285714285715,15.0,99.00000000000003,135.0,0.0008947913723273994,0,2,-42.024763870052126,15.787791854582466,42.80558103338035,-3.0532355216134284,39.75234551176692,-40.0,3.0
100,40,RESIDUAL_SPREAD,24,LEGACY_RAW_EXIT,ALL_PAIRS,ALL,286,7,279,0.9755244755244755,-0.24765448823308742,-37.251408875357015,0.42857142857142855,-45.58379142407217,-40.01959243755678,46.91955434777032,65.92966267238623,12.645652544957454,-0.3266850160899004,43.320391184757945,30.18762270379005,40.714285714285715,15.0,99.00000000000003,135.0,0.0005368748233964397,0,2,-42.024763870052126,15.787791854582466,42.80558103338035,-3.0532355216134284,39.75234551176692,-40.0,3.0
100,40,RESIDUAL_SPREAD,24,BASELINE_RESIDUAL_EXIT,binance/bitget,NON_GATE_PAIRS,52,0,52,1.0,,,,,,,,,,,,,,,,0.0,0,0,,,,,,,0.0
100,40,RESIDUAL_SPREAD,24,BASELINE_RESIDUAL_EXIT,binance/gate,GATE_PAIRS,17,0,17,1.0,,,,,,,,,,,,,,,,0.0,0,0,,,,,,,0.0
100,40,RESIDUAL_SPREAD,24,BASELINE_RESIDUAL_EXIT,binance/hyperliquid,NON_GATE_PAIRS,3,1,2,0.6666666666666666,13.602471130568247,13.602471130568247,1.0,13.602471130568247,13.602471130568247,13.602471130568247,13.602471130568247,-5.33931553579059,-5.33931553579059,96.10800213056824,96.10800213056824,240.0,240.0,240.0,240.0,0.004521051144391071,1,0,13.602471130568247,13.602471130568247,96.10800213056824,-42.505531000000005,53.60247113056825,-40.0,1.0
100,40,RESIDUAL_SPREAD,24,BASELINE_RESIDUAL_EXIT,binance/okx,NON_GATE_PAIRS,2,1,1,0.5,34.66988248480442,34.66988248480442,1.0,34.66988248480442,34.66988248480442,34.66988248480442,34.66988248480442,-38.86115590412187,-38.86115590412187,125.00475675128796,125.00475675128796,135.0,135.0,135.0,135.0,0.002543091268719977,0,0,34.66988248480442,34.66988248480442,125.9504482667184,-51.280565781914,74.66988248480442,-40.0,1.0
100,40,RESIDUAL_SPREAD,24,BASELINE_RESIDUAL_EXIT,bitget/gate,GATE_PAIRS,53,0,53,1.0,,,,,,,,,,,,,,,,0.0,0,0,,,,,,,0.0
100,40,RESIDUAL_SPREAD,24,BASELINE_RESIDUAL_EXIT,bitget/hyperliquid,NON_GATE_PAIRS,52,0,52,1.0,,,,,,,,,,,,,,,,0.0,0,0,,,,,,,0.0
100,40,RESIDUAL_SPREAD,24,BASELINE_RESIDUAL_EXIT,bitget/okx,NON_GATE_PAIRS,52,0,52,1.0,,,,,,,,,,,,,,,,0.0,0,0,,,,,,,0.0
100,40,RESIDUAL_SPREAD,24,BASELINE_RESIDUAL_EXIT,gate/hyperliquid,GATE_PAIRS,36,0,36,1.0,,,,,,,,,,,,,,,,0.0,0,0,,,,,,,0.0
100,40,RESIDUAL_SPREAD,24,BASELINE_RESIDUAL_EXIT,gate/okx,GATE_PAIRS,16,0,16,1.0,,,,,,,,,,,,,,,,0.0,0,0,,,,,,,0.0
100,40,RESIDUAL_SPREAD,24,BASELINE_RESIDUAL_EXIT,hyperliquid/okx,NON_GATE_PAIRS,1,1,0,0.0,78.36863870286112,78.36863870286112,1.0,78.36863870286112,78.36863870286112,78.36863870286112,78.36863870286112,38.20778618617071,38.20778618617071,102.76874599164375,102.76874599164375,525.0,525.0,525.0,525.0,0.009889799378355468,0,0,78.36863870286112,78.36863870286112,94.11822047993512,24.250418222926,118.36863870286112,-40.0,1.0
100,40,RESIDUAL_SPREAD,24,BASELINE_RESIDUAL_EXIT,ALL_GATE_PAIRS,GATE_PAIRS,122,0,122,1.0,,,,,,,,,,,,,,,,0.0,0,0,,,,,,,0.0
100,40,RESIDUAL_SPREAD,24,BASELINE_RESIDUAL_EXIT,ALL_NON_GATE_PAIRS,NON_GATE_PAIRS,162,3,159,0.9814814814814815,42.21366410607793,34.66988248480442,1.0,15.709212265991864,24.136176807686333,56.51926059383277,73.99876308105544,-1.9975617512472514,-5.33931553579059,107.96050162449997,102.76874599164375,300.0,240.0,468.0,525.0,0.0028256569652444193,1,3,42.21366410607793,42.21366410607793,105.39222362574058,-23.17855951966267,82.21366410607793,-40.0,1.0
100,40,RESIDUAL_SPREAD,24,BASELINE_RESIDUAL_EXIT,ALL_PAIRS,ALL,284,3,281,0.9894366197183099,42.21366410607793,34.66988248480442,1.0,15.709212265991864,24.136176807686333,56.51926059383277,73.99876308105544,-1.9975617512472514,-5.33931553579059,107.96050162449997,102.76874599164375,300.0,240.0,468.0,525.0,0.0016953941791466515,1,3,42.21366410607793,42.21366410607793,105.39222362574058,-23.17855951966267,82.21366410607793,-40.0,1.0
100,40,RESIDUAL_SPREAD,24,FRACTIONAL_RESIDUAL_EXIT,binance/bitget,NON_GATE_PAIRS,52,0,52,1.0,,,,,,,,,,,,,,,,0.0,0,0,,,,,,,0.0
100,40,RESIDUAL_SPREAD,24,FRACTIONAL_RESIDUAL_EXIT,binance/gate,GATE_PAIRS,17,0,17,1.0,,,,,,,,,,,,,,,,0.0,0,0,,,,,,,0.0
100,40,RESIDUAL_SPREAD,24,FRACTIONAL_RESIDUAL_EXIT,binance/hyperliquid,NON_GATE_PAIRS,3,1,2,0.6666666666666666,-0.9360905569477468,-0.9360905569477468,0.0,-0.9360905569477468,-0.9360905569477468,-0.9360905569477468,-0.9360905569477468,-5.33931553579059,-5.33931553579059,79.2251409978717,79.2251409978717,225.0,225.0,225.0,225.0,0.004238485447866629,1,0,-0.9360905569477468,-0.9360905569477468,81.56944044305226,-42.505531000000005,39.06390944305225,-40.0,1.0
100,40,RESIDUAL_SPREAD,24,FRACTIONAL_RESIDUAL_EXIT,binance/okx,NON_GATE_PAIRS,2,1,1,0.5,-6.733233321799737,-6.733233321799737,0.0,-6.733233321799737,-6.733233321799737,-6.733233321799737,-6.733233321799737,-38.86115590412187,-38.86115590412187,83.75960020700734,83.75960020700734,105.0,105.0,105.0,105.0,0.0019779598756710934,0,0,-6.733233321799737,-6.733233321799737,84.54733246011426,-51.280565781914,33.26676667820026,-40.0,1.0
100,40,RESIDUAL_SPREAD,24,FRACTIONAL_RESIDUAL_EXIT,bitget/gate,GATE_PAIRS,53,0,53,1.0,,,,,,,,,,,,,,,,0.0,0,0,,,,,,,0.0
100,40,RESIDUAL_SPREAD,24,FRACTIONAL_RESIDUAL_EXIT,bitget/hyperliquid,NON_GATE_PAIRS,52,0,52,1.0,,,,,,,,,,,,,,,,0.0,0,0,,,,,,,0.0
100,40,RESIDUAL_SPREAD,24,FRACTIONAL_RESIDUAL_EXIT,bitget/okx,NON_GATE_PAIRS,52,0,52,1.0,,,,,,,,,,,,,,,,0.0,0,0,,,,,,,0.0
100,40,RESIDUAL_SPREAD,24,FRACTIONAL_RESIDUAL_EXIT,gate/hyperliquid,GATE_PAIRS,36,0,36,1.0,,,,,,,,,,,,,,,,0.0,0,0,,,,,,,0.0
100,40,RESIDUAL_SPREAD,24,FRACTIONAL_RESIDUAL_EXIT,gate/okx,GATE_PAIRS,16,0,16,1.0,,,,,,,,,,,,,,,,0.0,0,0,,,,,,,0.0
100,40,RESIDUAL_SPREAD,24,FRACTIONAL_RESIDUAL_EXIT,hyperliquid/okx,NON_GATE_PAIRS,1,1,0,0.0,59.16922621073623,59.16922621073623,1.0,59.16922621073623,59.16922621073623,59.16922621073623,59.16922621073623,95.45605521404488,95.45605521404488,95.45605521404488,95.45605521404488,15.0,15.0,15.0,15.0,0.00028256569652444194,0,0,59.16922621073623,59.16922621073623,91.09717921073624,8.072047,99.16922621073624,-40.0,1.0
100,40,RESIDUAL_SPREAD,24,FRACTIONAL_RESIDUAL_EXIT,ALL_GATE_PAIRS,GATE_PAIRS,122,0,122,1.0,,,,,,,,,,,,,,,,0.0,0,0,,,,,,,0.0
100,40,RESIDUAL_SPREAD,24,FRACTIONAL_RESIDUAL_EXIT,ALL_NON_GATE_PAIRS,NON_GATE_PAIRS,162,3,159,0.9814814814814815,17.166634110662915,-0.9360905569477468,0.3333333333333333,-6.153519045314538,-3.834661939373742,29.11656782689424,53.158694533967825,17.085194591377473,-5.33931553579059,86.14693213964131,83.75960020700734,115.0,105.0,201.0,225.0,0.001083168503343694,1,2,17.166634110662915,17.166634110662915,85.73798403796759,-28.57134992730467,57.16663411066292,-40.0,1.0
100,40,RESIDUAL_SPREAD,24,FRACTIONAL_RESIDUAL_EXIT,ALL_PAIRS,ALL,284,3,281,0.9894366197183099,17.166634110662915,-0.9360905569477468,0.3333333333333333,-6.153519045314538,-3.834661939373742,29.11656782689424,53.158694533967825,17.085194591377473,-5.33931553579059,86.14693213964131,83.75960020700734,115.0,105.0,201.0,225.0,0.0006499011020062164,1,2,17.166634110662915,17.166634110662915,85.73798403796759,-28.57134992730467,57.16663411066292,-40.0,1.0
100,40,RESIDUAL_SPREAD,72,LEGACY_RAW_EXIT,binance/bitget,NON_GATE_PAIRS,19,0,19,1.0,,,,,,,,,,,,,,,,0.0,0,0,,,,,,,0.0
100,40,RESIDUAL_SPREAD,72,LEGACY_RAW_EXIT,binance/gate,GATE_PAIRS,32,0,32,1.0,,,,,,,,,,,,,,,,0.0,0,0,,,,,,,0.0
100,40,RESIDUAL_SPREAD,72,LEGACY_RAW_EXIT,binance/hyperliquid,NON_GATE_PAIRS,3,2,1,0.3333333333333333,21.673691062705515,21.673691062705515,1.0,13.550535472088402,17.160826845696008,26.186555279715023,29.79684665332263,-66.94019409565155,-66.94019409565155,74.45754072144095,74.45754072144095,352.5,352.5,502.5,540.0,0.013280587736648771,4,0,12.6479626286865,30.69941949672453,75.69559106270552,-14.021899999999999,61.673691062705515,-40.0,2.0
100,40,RESIDUAL_SPREAD,72,LEGACY_RAW_EXIT,binance/okx,NON_GATE_PAIRS,4,4,0,0.0,-4.4048154368360155,-24.41534022773914,0.25,-37.56094912623312,-37.34245012561469,8.522294461039538,56.76605295982544,-10.179609227367878,-11.52735701545615,49.819774326441696,45.15179841336648,78.75,60.0,148.50000000000003,180.0,0.00593387962701328,1,0,-11.579271580121263,-2.013330055740932,49.775227921721736,-14.18004335855775,35.59518456316399,-40.0,2.0
100,40,RESIDUAL_SPREAD,72,LEGACY_RAW_EXIT,bitget/gate,GATE_PAIRS,19,0,19,1.0,,,,,,,,,,,,,,,,0.0,0,0,,,,,,,0.0
100,40,RESIDUAL_SPREAD,72,LEGACY_RAW_EXIT,bitget/hyperliquid,NON_GATE_PAIRS,19,0,19,1.0,,,,,,,,,,,,,,,,0.0,0,0,,,,,,,0.0
100,40,RESIDUAL_SPREAD,72,LEGACY_RAW_EXIT,bitget/okx,NON_GATE_PAIRS,19,0,19,1.0,,,,,,,,,,,,,,,,0.0,0,0,,,,,,,0.0
100,40,RESIDUAL_SPREAD,72,LEGACY_RAW_EXIT,gate/hyperliquid,GATE_PAIRS,42,0,42,1.0,,,,,,,,,,,,,,,,0.0,0,0,,,,,,,0.0
100,40,RESIDUAL_SPREAD,72,LEGACY_RAW_EXIT,gate/okx,GATE_PAIRS,27,0,27,1.0,,,,,,,,,,,,,,,,0.0,0,0,,,,,,,0.0
100,40,RESIDUAL_SPREAD,72,LEGACY_RAW_EXIT,hyperliquid/okx,NON_GATE_PAIRS,0,0,0,,,,,,,,,,,,,,,,,,0,0,,,,,,,
100,40,RESIDUAL_SPREAD,72,LEGACY_RAW_EXIT,ALL_GATE_PAIRS,GATE_PAIRS,120,0,120,1.0,,,,,,,,,,,,,,,,0.0,0,0,,,,,,,0.0
100,40,RESIDUAL_SPREAD,72,LEGACY_RAW_EXIT,ALL_NON_GATE_PAIRS,NON_GATE_PAIRS,64,6,58,0.90625,4.288020063011161,0.5343455242826183,0.5,-37.52453262613005,-30.833374551548076,26.186555279715023,59.29509931257259,-29.099804183462435,-38.96621494583697,58.03236312477478,61.689232257181594,170.0,120.0,360.0,540.0,0.00384289347273241,5,4,0.5343455242826183,6.164857332375433,58.41534896871633,-14.127328905705165,44.28802006301115,-40.0,2.0
100,40,RESIDUAL_SPREAD,72,LEGACY_RAW_EXIT,ALL_PAIRS,ALL,184,6,178,0.967391304347826,4.288020063011161,0.5343455242826183,0.5,-37.52453262613005,-30.833374551548076,26.186555279715023,59.29509931257259,-29.099804183462435,-38.96621494583697,58.03236312477478,61.689232257181594,170.0,120.0,360.0,540.0,0.0021349408181846725,5,4,0.5343455242826183,6.164857332375433,58.41534896871633,-14.127328905705165,44.28802006301115,-40.0,2.0
100,40,RESIDUAL_SPREAD,72,BASELINE_RESIDUAL_EXIT,binance/bitget,NON_GATE_PAIRS,19,0,19,1.0,,,,,,,,,,,,,,,,0.0,0,0,,,,,,,0.0
100,40,RESIDUAL_SPREAD,72,BASELINE_RESIDUAL_EXIT,binance/gate,GATE_PAIRS,32,0,32,1.0,,,,,,,,,,,,,,,,0.0,0,0,,,,,,,0.0
100,40,RESIDUAL_SPREAD,72,BASELINE_RESIDUAL_EXIT,binance/hyperliquid,NON_GATE_PAIRS,3,2,1,0.3333333333333333,44.45979418870591,44.45979418870591,1.0,44.455087654633445,44.45717944755454,44.462408929857276,44.46450072277836,-66.94019409565155,-66.94019409565155,102.75821901218231,102.75821901218231,382.5,382.5,532.5,570.0,0.014410850522746538,4,0,44.454564706403175,44.46502367100864,103.97755818870591,-19.517764,84.4597941887059,-40.0,2.0
100,40,RESIDUAL_SPREAD,72,BASELINE_RESIDUAL_EXIT,binance/okx,NON_GATE_PAIRS,2,1,1,0.5,-20.061072105295903,-20.061072105295903,0.0,-20.061072105295903,-20.061072105295903,-20.061072105295903,-20.061072105295903,-102.70399994339984,-102.70399994339984,98.73999943358136,98.73999943358136,450.0,450.0,450.0,450.0,0.008476970895733259,2,0,-20.061072105295903,-20.061072105295903,98.4949714595551,-78.55604356485101,19.938927894704094,-40.0,1.0
100,40,RESIDUAL_SPREAD,72,BASELINE_RESIDUAL_EXIT,bitget/gate,GATE_PAIRS,19,0,19,1.0,,,,,,,,,,,,,,,,0.0,0,0,,,,,,,0.0
100,40,RESIDUAL_SPREAD,72,BASELINE_RESIDUAL_EXIT,bitget/hyperliquid,NON_GATE_PAIRS,19,0,19,1.0,,,,,,,,,,,,,,,,0.0,0,0,,,,,,,0.0
100,40,RESIDUAL_SPREAD,72,BASELINE_RESIDUAL_EXIT,bitget/okx,NON_GATE_PAIRS,19,0,19,1.0,,,,,,,,,,,,,,,,0.0,0,0,,,,,,,0.0
100,40,RESIDUAL_SPREAD,72,BASELINE_RESIDUAL_EXIT,gate/hyperliquid,GATE_PAIRS,42,0,42,1.0,,,,,,,,,,,,,,,,0.0,0,0,,,,,,,0.0
100,40,RESIDUAL_SPREAD,72,BASELINE_RESIDUAL_EXIT,gate/okx,GATE_PAIRS,27,0,27,1.0,,,,,,,,,,,,,,,,0.0,0,0,,,,,,,0.0
100,40,RESIDUAL_SPREAD,72,BASELINE_RESIDUAL_EXIT,hyperliquid/okx,NON_GATE_PAIRS,0,0,0,,,,,,,,,,,,,,,,,,0,0,,,,,,,
100,40,RESIDUAL_SPREAD,72,BASELINE_RESIDUAL_EXIT,ALL_GATE_PAIRS,GATE_PAIRS,120,0,120,1.0,,,,,,,,,,,,,,,,0.0,0,0,,,,,,,0.0
100,40,RESIDUAL_SPREAD,72,BASELINE_RESIDUAL_EXIT,ALL_NON_GATE_PAIRS,NON_GATE_PAIRS,62,3,59,0.9516129032258065,22.952838757371968,44.454564706403175,0.6666666666666666,-13.609508424125995,12.196746300553635,44.45979418870591,44.46397777454809,-78.86146271156764,-76.61759341903274,101.418812485982,100.11547785806708,405.0,450.0,546.0,570.0,0.004577564283695959,6,3,12.201975782856367,44.454564706403175,102.15002927898898,-39.197190521617,62.95283875737196,-40.0,2.0
100,40,RESIDUAL_SPREAD,72,BASELINE_RESIDUAL_EXIT,ALL_PAIRS,ALL,182,3,179,0.9835164835164835,22.952838757371968,44.454564706403175,0.6666666666666666,-13.609508424125995,12.196746300553635,44.45979418870591,44.46397777454809,-78.86146271156764,-76.61759341903274,101.418812485982,100.11547785806708,405.0,450.0,546.0,570.0,0.002543091268719977,6,3,12.201975782856367,44.454564706403175,102.15002927898898,-39.197190521617,62.95283875737196,-40.0,2.0
100,40,RESIDUAL_SPREAD,72,FRACTIONAL_RESIDUAL_EXIT,binance/bitget,NON_GATE_PAIRS,19,0,19,1.0,,,,,,,,,,,,,,,,0.0,0,0,,,,,,,0.0
100,40,RESIDUAL_SPREAD,72,FRACTIONAL_RESIDUAL_EXIT,binance/gate,GATE_PAIRS,32,0,32,1.0,,,,,,,,,,,,,,,,0.0,0,0,,,,,,,0.0
100,40,RESIDUAL_SPREAD,72,FRACTIONAL_RESIDUAL_EXIT,binance/hyperliquid,NON_GATE_PAIRS,3,2,1,0.3333333333333333,38.02396884315714,38.02396884315714,1.0,32.23643256623571,34.80867091153412,41.23926677478016,43.81150512007857,-66.94019409565155,-66.94019409565155,95.84297300198054,95.84297300198054,375.0,375.0,519.0,555.0,0.014128284826222097,4,0,31.59337297991111,44.454564706403175,97.54173284315715,-19.517764,78.02396884315715,-40.0,2.0
100,40,RESIDUAL_SPREAD,72,FRACTIONAL_RESIDUAL_EXIT,binance/okx,NON_GATE_PAIRS,2,1,1,0.5,-20.061072105295903,-20.061072105295903,0.0,-20.061072105295903,-20.061072105295903,-20.061072105295903,-20.061072105295903,-102.70399994339984,-102.70399994339984,98.73999943358136,98.73999943358136,450.0,450.0,450.0,450.0,0.008476970895733259,2,0,-20.061072105295903,-20.061072105295903,98.4949714595551,-78.55604356485101,19.938927894704094,-40.0,1.0
100,40,RESIDUAL_SPREAD,72,FRACTIONAL_RESIDUAL_EXIT,bitget/gate,GATE_PAIRS,19,0,19,1.0,,,,,,,,,,,,,,,,0.0,0,0,,,,,,,0.0
100,40,RESIDUAL_SPREAD,72,FRACTIONAL_RESIDUAL_EXIT,bitget/hyperliquid,NON_GATE_PAIRS,19,0,19,1.0,,,,,,,,,,,,,,,,0.0,0,0,,,,,,,0.0
100,40,RESIDUAL_SPREAD,72,FRACTIONAL_RESIDUAL_EXIT,bitget/okx,NON_GATE_PAIRS,19,0,19,1.0,,,,,,,,,,,,,,,,0.0,0,0,,,,,,,0.0
100,40,RESIDUAL_SPREAD,72,FRACTIONAL_RESIDUAL_EXIT,gate/hyperliquid,GATE_PAIRS,42,0,42,1.0,,,,,,,,,,,,,,,,0.0,0,0,,,,,,,0.0
100,40,RESIDUAL_SPREAD,72,FRACTIONAL_RESIDUAL_EXIT,gate/okx,GATE_PAIRS,27,0,27,1.0,,,,,,,,,,,,,,,,0.0,0,0,,,,,,,0.0
100,40,RESIDUAL_SPREAD,72,FRACTIONAL_RESIDUAL_EXIT,hyperliquid/okx,NON_GATE_PAIRS,0,0,0,,,,,,,,,,,,,,,,,,0,0,,,,,,,
100,40,RESIDUAL_SPREAD,72,FRACTIONAL_RESIDUAL_EXIT,ALL_GATE_PAIRS,GATE_PAIRS,120,0,120,1.0,,,,,,,,,,,,,,,,0.0,0,0,,,,,,,0.0
100,40,RESIDUAL_SPREAD,72,FRACTIONAL_RESIDUAL_EXIT,ALL_NON_GATE_PAIRS,NON_GATE_PAIRS,62,3,59,0.9516129032258065,18.662288527006126,31.59337297991111,0.6666666666666666,-14.895627596775201,5.766150437307601,38.02396884315714,43.16844553375397,-78.86146271156764,-76.61759341903274,96.80864847918082,98.73999943358136,400.0,450.0,534.0,555.0,0.004521051144391071,6,3,5.766150437307603,44.454564706403175,97.85947904862314,-39.197190521617,58.662288527006126,-40.0,2.0
100,40,RESIDUAL_SPREAD,72,FRACTIONAL_RESIDUAL_EXIT,ALL_PAIRS,ALL,182,3,179,0.9835164835164835,18.662288527006126,31.59337297991111,0.6666666666666666,-14.895627596775201,5.766150437307601,38.02396884315714,43.16844553375397,-78.86146271156764,-76.61759341903274,96.80864847918082,98.73999943358136,400.0,450.0,534.0,555.0,0.0025116950802172616,6,3,5.766150437307603,44.454564706403175,97.85947904862314,-39.197190521617,58.662288527006126,-40.0,2.0
100,58,RESIDUAL_SPREAD,24,LEGACY_RAW_EXIT,binance/bitget,NON_GATE_PAIRS,52,0,52,1.0,,,,,,,,,,,,,,,,0.0,0,0,,,,,,,0.0
100,58,RESIDUAL_SPREAD,24,LEGACY_RAW_EXIT,binance/gate,GATE_PAIRS,17,0,17,1.0,,,,,,,,,,,,,,,,0.0,0,0,,,,,,,0.0
100,58,RESIDUAL_SPREAD,24,LEGACY_RAW_EXIT,binance/hyperliquid,NON_GATE_PAIRS,4,3,1,0.25,-60.382757940779065,-60.024763870052126,0.0,-64.60065643950648,-62.566926408637876,-58.01959243755678,-56.41545529156051,-2.0772093722561578,-0.3266850160899004,-2.0772093722561578,-0.3266850160899004,15.0,15.0,15.0,15.0,0.0008476970895733258,0,0,-60.56175497614254,-60.024763870052126,-2.3827579407790602,0.0,-2.3827579407790602,-58.0,2.0
100,58,RESIDUAL_SPREAD,24,LEGACY_RAW_EXIT,binance/okx,NON_GATE_PAIRS,3,3,0,0.0,4.08182206465645,16.66988248480442,0.6666666666666666,-48.05927973934087,-19.2907631952763,33.74843753466318,47.41128157455019,-0.23495309419141344,-20.66963511940356,71.33943706534306,58.82593174095119,75.0,75.0,123.0,135.0,0.004238485447866629,0,0,-2.2122081454175344,16.66988248480442,71.89672061508777,-9.814898550431334,62.08182206465646,-58.0,2.0
100,58,RESIDUAL_SPREAD,24,LEGACY_RAW_EXIT,bitget/gate,GATE_PAIRS,53,0,53,1.0,,,,,,,,,,,,,,,,0.0,0,0,,,,,,,0.0
100,58,RESIDUAL_SPREAD,24,LEGACY_RAW_EXIT,bitget/hyperliquid,NON_GATE_PAIRS,52,0,52,1.0,,,,,,,,,,,,,,,,0.0,0,0,,,,,,,0.0
100,58,RESIDUAL_SPREAD,24,LEGACY_RAW_EXIT,bitget/okx,NON_GATE_PAIRS,52,0,52,1.0,,,,,,,,,,,,,,,,0.0,0,0,,,,,,,0.0
100,58,RESIDUAL_SPREAD,24,LEGACY_RAW_EXIT,gate/hyperliquid,GATE_PAIRS,36,0,36,1.0,,,,,,,,,,,,,,,,0.0,0,0,,,,,,,0.0
100,58,RESIDUAL_SPREAD,24,LEGACY_RAW_EXIT,gate/okx,GATE_PAIRS,16,0,16,1.0,,,,,,,,,,,,,,,,0.0,0,0,,,,,,,0.0
100,58,RESIDUAL_SPREAD,24,LEGACY_RAW_EXIT,hyperliquid/okx,NON_GATE_PAIRS,1,1,0,0.0,41.16922621073623,41.16922621073623,1.0,41.16922621073623,41.16922621073623,41.16922621073623,41.16922621073623,95.45605521404488,95.45605521404488,95.45605521404488,95.45605521404488,15.0,15.0,15.0,15.0,0.00028256569652444194,0,0,41.16922621073623,41.16922621073623,91.09717921073624,8.072047,99.16922621073624,-58.0,1.0
100,58,RESIDUAL_SPREAD,24,LEGACY_RAW_EXIT,ALL_GATE_PAIRS,GATE_PAIRS,122,0,122,1.0,,,,,,,,,,,,,,,,0.0,0,0,,,,,,,0.0
100,58,RESIDUAL_SPREAD,24,LEGACY_RAW_EXIT,ALL_NON_GATE_PAIRS,NON_GATE_PAIRS,164,7,157,0.9573170731707317,-18.24765448823309,-55.251408875357015,0.42857142857142855,-63.583791424072174,-58.01959243755678,28.919554347770323,47.92966267238622,12.645652544957454,-0.3266850160899004,43.320391184757945,30.18762270379005,40.714285714285715,15.0,99.00000000000003,135.0,0.0008947913723273994,0,2,-60.02476387005212,-2.2122081454175344,42.80558103338035,-3.0532355216134284,39.75234551176692,-58.0,3.0
100,58,RESIDUAL_SPREAD,24,LEGACY_RAW_EXIT,ALL_PAIRS,ALL,286,7,279,0.9755244755244755,-18.24765448823309,-55.251408875357015,0.42857142857142855,-63.583791424072174,-58.01959243755678,28.919554347770323,47.92966267238622,12.645652544957454,-0.3266850160899004,43.320391184757945,30.18762270379005,40.714285714285715,15.0,99.00000000000003,135.0,0.0005368748233964397,0,2,-60.02476387005212,-2.2122081454175344,42.80558103338035,-3.0532355216134284,39.75234551176692,-58.0,3.0
100,58,RESIDUAL_SPREAD,24,BASELINE_RESIDUAL_EXIT,binance/bitget,NON_GATE_PAIRS,52,0,52,1.0,,,,,,,,,,,,,,,,0.0,0,0,,,,,,,0.0
100,58,RESIDUAL_SPREAD,24,BASELINE_RESIDUAL_EXIT,binance/gate,GATE_PAIRS,17,0,17,1.0,,,,,,,,,,,,,,,,0.0,0,0,,,,,,,0.0
100,58,RESIDUAL_SPREAD,24,BASELINE_RESIDUAL_EXIT,binance/hyperliquid,NON_GATE_PAIRS,3,1,2,0.6666666666666666,-4.397528869431753,-4.397528869431753,0.0,-4.397528869431753,-4.397528869431753,-4.397528869431753,-4.397528869431753,-5.33931553579059,-5.33931553579059,96.10800213056824,96.10800213056824,240.0,240.0,240.0,240.0,0.004521051144391071,1,0,-4.397528869431753,-4.397528869431753,96.10800213056824,-42.505531000000005,53.60247113056825,-58.0,1.0
100,58,RESIDUAL_SPREAD,24,BASELINE_RESIDUAL_EXIT,binance/okx,NON_GATE_PAIRS,2,1,1,0.5,16.66988248480442,16.66988248480442,1.0,16.66988248480442,16.66988248480442,16.66988248480442,16.66988248480442,-38.86115590412187,-38.86115590412187,125.00475675128796,125.00475675128796,135.0,135.0,135.0,135.0,0.002543091268719977,0,0,16.66988248480442,16.66988248480442,125.9504482667184,-51.280565781914,74.66988248480442,-58.0,1.0
100,58,RESIDUAL_SPREAD,24,BASELINE_RESIDUAL_EXIT,bitget/gate,GATE_PAIRS,53,0,53,1.0,,,,,,,,,,,,,,,,0.0,0,0,,,,,,,0.0
100,58,RESIDUAL_SPREAD,24,BASELINE_RESIDUAL_EXIT,bitget/hyperliquid,NON_GATE_PAIRS,52,0,52,1.0,,,,,,,,,,,,,,,,0.0,0,0,,,,,,,0.0
100,58,RESIDUAL_SPREAD,24,BASELINE_RESIDUAL_EXIT,bitget/okx,NON_GATE_PAIRS,52,0,52,1.0,,,,,,,,,,,,,,,,0.0,0,0,,,,,,,0.0
100,58,RESIDUAL_SPREAD,24,BASELINE_RESIDUAL_EXIT,gate/hyperliquid,GATE_PAIRS,36,0,36,1.0,,,,,,,,,,,,,,,,0.0,0,0,,,,,,,0.0
100,58,RESIDUAL_SPREAD,24,BASELINE_RESIDUAL_EXIT,gate/okx,GATE_PAIRS,16,0,16,1.0,,,,,,,,,,,,,,,,0.0,0,0,,,,,,,0.0
100,58,RESIDUAL_SPREAD,24,BASELINE_RESIDUAL_EXIT,hyperliquid/okx,NON_GATE_PAIRS,1,1,0,0.0,60.36863870286112,60.36863870286112,1.0,60.36863870286112,60.36863870286112,60.36863870286112,60.36863870286112,38.20778618617071,38.20778618617071,102.76874599164375,102.76874599164375,525.0,525.0,525.0,525.0,0.009889799378355468,0,0,60.36863870286112,60.36863870286112,94.11822047993512,24.250418222926,118.36863870286112,-58.0,1.0
100,58,RESIDUAL_SPREAD,24,BASELINE_RESIDUAL_EXIT,ALL_GATE_PAIRS,GATE_PAIRS,122,0,122,1.0,,,,,,,,,,,,,,,,0.0,0,0,,,,,,,0.0
100,58,RESIDUAL_SPREAD,24,BASELINE_RESIDUAL_EXIT,ALL_NON_GATE_PAIRS,NON_GATE_PAIRS,162,3,159,0.9814814814814815,24.21366410607793,16.66988248480442,0.6666666666666666,-2.2907877340081355,6.136176807686333,38.51926059383277,55.99876308105544,-1.9975617512472514,-5.33931553579059,107.96050162449997,102.76874599164375,300.0,240.0,468.0,525.0,0.0028256569652444193,1,3,24.21366410607793,24.21366410607793,105.39222362574058,-23.17855951966267,82.21366410607793,-58.0,1.0
100,58,RESIDUAL_SPREAD,24,BASELINE_RESIDUAL_EXIT,ALL_PAIRS,ALL,284,3,281,0.9894366197183099,24.21366410607793,16.66988248480442,0.6666666666666666,-2.2907877340081355,6.136176807686333,38.51926059383277,55.99876308105544,-1.9975617512472514,-5.33931553579059,107.96050162449997,102.76874599164375,300.0,240.0,468.0,525.0,0.0016953941791466515,1,3,24.21366410607793,24.21366410607793,105.39222362574058,-23.17855951966267,82.21366410607793,-58.0,1.0
100,58,RESIDUAL_SPREAD,24,FRACTIONAL_RESIDUAL_EXIT,binance/bitget,NON_GATE_PAIRS,52,0,52,1.0,,,,,,,,,,,,,,,,0.0,0,0,,,,,,,0.0
100,58,RESIDUAL_SPREAD,24,FRACTIONAL_RESIDUAL_EXIT,binance/gate,GATE_PAIRS,17,0,17,1.0,,,,,,,,,,,,,,,,0.0,0,0,,,,,,,0.0
100,58,RESIDUAL_SPREAD,24,FRACTIONAL_RESIDUAL_EXIT,binance/hyperliquid,NON_GATE_PAIRS,3,1,2,0.6666666666666666,-18.936090556947747,-18.936090556947747,0.0,-18.936090556947747,-18.936090556947747,-18.936090556947747,-18.936090556947747,-5.33931553579059,-5.33931553579059,79.2251409978717,79.2251409978717,225.0,225.0,225.0,225.0,0.004238485447866629,1,0,-18.936090556947747,-18.936090556947747,81.56944044305226,-42.505531000000005,39.06390944305225,-58.0,1.0
100,58,RESIDUAL_SPREAD,24,FRACTIONAL_RESIDUAL_EXIT,binance/okx,NON_GATE_PAIRS,2,1,1,0.5,-24.733233321799737,-24.733233321799737,0.0,-24.733233321799737,-24.733233321799737,-24.733233321799737,-24.733233321799737,-38.86115590412187,-38.86115590412187,83.75960020700734,83.75960020700734,105.0,105.0,105.0,105.0,0.0019779598756710934,0,0,-24.733233321799737,-24.733233321799737,84.54733246011426,-51.280565781914,33.26676667820026,-58.0,1.0
100,58,RESIDUAL_SPREAD,24,FRACTIONAL_RESIDUAL_EXIT,bitget/gate,GATE_PAIRS,53,0,53,1.0,,,,,,,,,,,,,,,,0.0,0,0,,,,,,,0.0
100,58,RESIDUAL_SPREAD,24,FRACTIONAL_RESIDUAL_EXIT,bitget/hyperliquid,NON_GATE_PAIRS,52,0,52,1.0,,,,,,,,,,,,,,,,0.0,0,0,,,,,,,0.0
100,58,RESIDUAL_SPREAD,24,FRACTIONAL_RESIDUAL_EXIT,bitget/okx,NON_GATE_PAIRS,52,0,52,1.0,,,,,,,,,,,,,,,,0.0,0,0,,,,,,,0.0
100,58,RESIDUAL_SPREAD,24,FRACTIONAL_RESIDUAL_EXIT,gate/hyperliquid,GATE_PAIRS,36,0,36,1.0,,,,,,,,,,,,,,,,0.0,0,0,,,,,,,0.0
100,58,RESIDUAL_SPREAD,24,FRACTIONAL_RESIDUAL_EXIT,gate/okx,GATE_PAIRS,16,0,16,1.0,,,,,,,,,,,,,,,,0.0,0,0,,,,,,,0.0
100,58,RESIDUAL_SPREAD,24,FRACTIONAL_RESIDUAL_EXIT,hyperliquid/okx,NON_GATE_PAIRS,1,1,0,0.0,41.16922621073623,41.16922621073623,1.0,41.16922621073623,41.16922621073623,41.16922621073623,41.16922621073623,95.45605521404488,95.45605521404488,95.45605521404488,95.45605521404488,15.0,15.0,15.0,15.0,0.00028256569652444194,0,0,41.16922621073623,41.16922621073623,91.09717921073624,8.072047,99.16922621073624,-58.0,1.0
100,58,RESIDUAL_SPREAD,24,FRACTIONAL_RESIDUAL_EXIT,ALL_GATE_PAIRS,GATE_PAIRS,122,0,122,1.0,,,,,,,,,,,,,,,,0.0,0,0,,,,,,,0.0
100,58,RESIDUAL_SPREAD,24,FRACTIONAL_RESIDUAL_EXIT,ALL_NON_GATE_PAIRS,NON_GATE_PAIRS,162,3,159,0.9814814814814815,-0.8333658893370858,-18.936090556947747,0.3333333333333333,-24.15351904531454,-21.834661939373742,11.11656782689424,35.158694533967825,17.085194591377473,-5.33931553579059,86.14693213964131,83.75960020700734,115.0,105.0,201.0,225.0,0.001083168503343694,1,2,-0.8333658893370858,-0.8333658893370858,85.73798403796759,-28.57134992730467,57.16663411066292,-58.0,1.0
100,58,RESIDUAL_SPREAD,24,FRACTIONAL_RESIDUAL_EXIT,ALL_PAIRS,ALL,284,3,281,0.9894366197183099,-0.8333658893370858,-18.936090556947747,0.3333333333333333,-24.15351904531454,-21.834661939373742,11.11656782689424,35.158694533967825,17.085194591377473,-5.33931553579059,86.14693213964131,83.75960020700734,115.0,105.0,201.0,225.0,0.0006499011020062164,1,2,-0.8333658893370858,-0.8333658893370858,85.73798403796759,-28.57134992730467,57.16663411066292,-58.0,1.0
100,58,RESIDUAL_SPREAD,72,LEGACY_RAW_EXIT,binance/bitget,NON_GATE_PAIRS,19,0,19,1.0,,,,,,,,,,,,,,,,0.0,0,0,,,,,,,0.0
100,58,RESIDUAL_SPREAD,72,LEGACY_RAW_EXIT,binance/gate,GATE_PAIRS,32,0,32,1.0,,,,,,,,,,,,,,,,0.0,0,0,,,,,,,0.0
100,58,RESIDUAL_SPREAD,72,LEGACY_RAW_EXIT,binance/hyperliquid,NON_GATE_PAIRS,3,2,1,0.3333333333333333,3.6736910627055153,3.6736910627055153,0.5,-4.449464527911599,-0.8391731543039924,8.186555279715023,11.796846653322628,-66.94019409565155,-66.94019409565155,74.45754072144095,74.45754072144095,352.5,352.5,502.5,540.0,0.013280587736648771,4,0,-5.3520373713135,12.69941949672453,75.69559106270552,-14.021899999999999,61.673691062705515,-58.0,2.0
100,58,RESIDUAL_SPREAD,72,LEGACY_RAW_EXIT,binance/okx,NON_GATE_PAIRS,4,4,0,0.0,-22.404815436836017,-42.41534022773914,0.25,-55.56094912623312,-55.34245012561469,-9.477705538960464,38.76605295982544,-10.179609227367878,-11.52735701545615,49.819774326441696,45.15179841336648,78.75,60.0,148.50000000000003,180.0,0.00593387962701328,1,0,-29.579271580121265,-20.013330055740933,49.775227921721736,-14.18004335855775,35.59518456316399,-58.0,2.0
100,58,RESIDUAL_SPREAD,72,LEGACY_RAW_EXIT,bitget/gate,GATE_PAIRS,19,0,19,1.0,,,,,,,,,,,,,,,,0.0,0,0,,,,,,,0.0
100,58,RESIDUAL_SPREAD,72,LEGACY_RAW_EXIT,bitget/hyperliquid,NON_GATE_PAIRS,19,0,19,1.0,,,,,,,,,,,,,,,,0.0,0,0,,,,,,,0.0
100,58,RESIDUAL_SPREAD,72,LEGACY_RAW_EXIT,bitget/okx,NON_GATE_PAIRS,19,0,19,1.0,,,,,,,,,,,,,,,,0.0,0,0,,,,,,,0.0
100,58,RESIDUAL_SPREAD,72,LEGACY_RAW_EXIT,gate/hyperliquid,GATE_PAIRS,42,0,42,1.0,,,,,,,,,,,,,,,,0.0,0,0,,,,,,,0.0
100,58,RESIDUAL_SPREAD,72,LEGACY_RAW_EXIT,gate/okx,GATE_PAIRS,27,0,27,1.0,,,,,,,,,,,,,,,,0.0,0,0,,,,,,,0.0
100,58,RESIDUAL_SPREAD,72,LEGACY_RAW_EXIT,hyperliquid/okx,NON_GATE_PAIRS,0,0,0,,,,,,,,,,,,,,,,,,0,0,,,,,,,
100,58,RESIDUAL_SPREAD,72,LEGACY_RAW_EXIT,ALL_GATE_PAIRS,GATE_PAIRS,120,0,120,1.0,,,,,,,,,,,,,,,,0.0,0,0,,,,,,,0.0
100,58,RESIDUAL_SPREAD,72,LEGACY_RAW_EXIT,ALL_NON_GATE_PAIRS,NON_GATE_PAIRS,64,6,58,0.90625,-13.71197993698884,-17.465654475717383,0.3333333333333333,-55.52453262613005,-48.833374551548076,8.186555279715023,41.29509931257259,-29.099804183462435,-38.96621494583697,58.03236312477478,61.689232257181594,170.0,120.0,360.0,540.0,0.00384289347273241,5,4,-17.465654475717383,-11.835142667624567,58.41534896871633,-14.127328905705165,44.28802006301115,-58.0,2.0
100,58,RESIDUAL_SPREAD,72,LEGACY_RAW_EXIT,ALL_PAIRS,ALL,184,6,178,0.967391304347826,-13.71197993698884,-17.465654475717383,0.3333333333333333,-55.52453262613005,-48.833374551548076,8.186555279715023,41.29509931257259,-29.099804183462435,-38.96621494583697,58.03236312477478,61.689232257181594,170.0,120.0,360.0,540.0,0.0021349408181846725,5,4,-17.465654475717383,-11.835142667624567,58.41534896871633,-14.127328905705165,44.28802006301115,-58.0,2.0
100,58,RESIDUAL_SPREAD,72,BASELINE_RESIDUAL_EXIT,binance/bitget,NON_GATE_PAIRS,19,0,19,1.0,,,,,,,,,,,,,,,,0.0,0,0,,,,,,,0.0
100,58,RESIDUAL_SPREAD,72,BASELINE_RESIDUAL_EXIT,binance/gate,GATE_PAIRS,32,0,32,1.0,,,,,,,,,,,,,,,,0.0,0,0,,,,,,,0.0
100,58,RESIDUAL_SPREAD,72,BASELINE_RESIDUAL_EXIT,binance/hyperliquid,NON_GATE_PAIRS,3,2,1,0.3333333333333333,26.459794188705906,26.459794188705906,1.0,26.455087654633445,26.457179447554537,26.462408929857276,26.464500722778368,-66.94019409565155,-66.94019409565155,102.75821901218231,102.75821901218231,382.5,382.5,532.5,570.0,0.014410850522746538,4,0,26.454564706403172,26.46502367100864,103.97755818870591,-19.517764,84.4597941887059,-58.0,2.0
100,58,RESIDUAL_SPREAD,72,BASELINE_RESIDUAL_EXIT,binance/okx,NON_GATE_PAIRS,2,1,1,0.5,-38.06107210529591,-38.06107210529591,0.0,-38.06107210529591,-38.06107210529591,-38.06107210529591,-38.06107210529591,-102.70399994339984,-102.70399994339984,98.73999943358136,98.73999943358136,450.0,450.0,450.0,450.0,0.008476970895733259,2,0,-38.06107210529591,-38.06107210529591,98.4949714595551,-78.55604356485101,19.938927894704094,-58.0,1.0
100,58,RESIDUAL_SPREAD,72,BASELINE_RESIDUAL_EXIT,bitget/gate,GATE_PAIRS,19,0,19,1.0,,,,,,,,,,,,,,,,0.0,0,0,,,,,,,0.0
100,58,RESIDUAL_SPREAD,72,BASELINE_RESIDUAL_EXIT,bitget/hyperliquid,NON_GATE_PAIRS,19,0,19,1.0,,,,,,,,,,,,,,,,0.0,0,0,,,,,,,0.0
100,58,RESIDUAL_SPREAD,72,BASELINE_RESIDUAL_EXIT,bitget/okx,NON_GATE_PAIRS,19,0,19,1.0,,,,,,,,,,,,,,,,0.0,0,0,,,,,,,0.0
100,58,RESIDUAL_SPREAD,72,BASELINE_RESIDUAL_EXIT,gate/hyperliquid,GATE_PAIRS,42,0,42,1.0,,,,,,,,,,,,,,,,0.0,0,0,,,,,,,0.0
100,58,RESIDUAL_SPREAD,72,BASELINE_RESIDUAL_EXIT,gate/okx,GATE_PAIRS,27,0,27,1.0,,,,,,,,,,,,,,,,0.0,0,0,,,,,,,0.0
100,58,RESIDUAL_SPREAD,72,BASELINE_RESIDUAL_EXIT,hyperliquid/okx,NON_GATE_PAIRS,0,0,0,,,,,,,,,,,,,,,,,,0,0,,,,,,,
100,58,RESIDUAL_SPREAD,72,BASELINE_RESIDUAL_EXIT,ALL_GATE_PAIRS,GATE_PAIRS,120,0,120,1.0,,,,,,,,,,,,,,,,0.0,0,0,,,,,,,0.0
100,58,RESIDUAL_SPREAD,72,BASELINE_RESIDUAL_EXIT,ALL_NON_GATE_PAIRS,NON_GATE_PAIRS,62,3,59,0.9516129032258065,4.9528387573719685,26.454564706403172,0.6666666666666666,-31.609508424126,-5.803253699446369,26.459794188705906,26.463977774548095,-78.86146271156764,-76.61759341903274,101.418812485982,100.11547785806708,405.0,450.0,546.0,570.0,0.004577564283695959,6,3,-5.798024217143633,26.454564706403172,102.15002927898898,-39.197190521617,62.95283875737196,-58.0,2.0
100,58,RESIDUAL_SPREAD,72,BASELINE_RESIDUAL_EXIT,ALL_PAIRS,ALL,182,3,179,0.9835164835164835,4.9528387573719685,26.454564706403172,0.6666666666666666,-31.609508424126,-5.803253699446369,26.459794188705906,26.463977774548095,-78.86146271156764,-76.61759341903274,101.418812485982,100.11547785806708,405.0,450.0,546.0,570.0,0.002543091268719977,6,3,-5.798024217143633,26.454564706403172,102.15002927898898,-39.197190521617,62.95283875737196,-58.0,2.0
100,58,RESIDUAL_SPREAD,72,FRACTIONAL_RESIDUAL_EXIT,binance/bitget,NON_GATE_PAIRS,19,0,19,1.0,,,,,,,,,,,,,,,,0.0,0,0,,,,,,,0.0
100,58,RESIDUAL_SPREAD,72,FRACTIONAL_RESIDUAL_EXIT,binance/gate,GATE_PAIRS,32,0,32,1.0,,,,,,,,,,,,,,,,0.0,0,0,,,,,,,0.0
100,58,RESIDUAL_SPREAD,72,FRACTIONAL_RESIDUAL_EXIT,binance/hyperliquid,NON_GATE_PAIRS,3,2,1,0.3333333333333333,20.023968843157142,20.023968843157142,1.0,14.236432566235713,16.808670911534126,23.239266774780155,25.811505120078568,-66.94019409565155,-66.94019409565155,95.84297300198054,95.84297300198054,375.0,375.0,519.0,555.0,0.014128284826222097,4,0,13.59337297991111,26.454564706403172,97.54173284315715,-19.517764,78.02396884315715,-58.0,2.0
100,58,RESIDUAL_SPREAD,72,FRACTIONAL_RESIDUAL_EXIT,binance/okx,NON_GATE_PAIRS,2,1,1,0.5,-38.06107210529591,-38.06107210529591,0.0,-38.06107210529591,-38.06107210529591,-38.06107210529591,-38.06107210529591,-102.70399994339984,-102.70399994339984,98.73999943358136,98.73999943358136,450.0,450.0,450.0,450.0,0.008476970895733259,2,0,-38.06107210529591,-38.06107210529591,98.4949714595551,-78.55604356485101,19.938927894704094,-58.0,1.0
100,58,RESIDUAL_SPREAD,72,FRACTIONAL_RESIDUAL_EXIT,bitget/gate,GATE_PAIRS,19,0,19,1.0,,,,,,,,,,,,,,,,0.0,0,0,,,,,,,0.0
100,58,RESIDUAL_SPREAD,72,FRACTIONAL_RESIDUAL_EXIT,bitget/hyperliquid,NON_GATE_PAIRS,19,0,19,1.0,,,,,,,,,,,,,,,,0.0,0,0,,,,,,,0.0
100,58,RESIDUAL_SPREAD,72,FRACTIONAL_RESIDUAL_EXIT,bitget/okx,NON_GATE_PAIRS,19,0,19,1.0,,,,,,,,,,,,,,,,0.0,0,0,,,,,,,0.0
100,58,RESIDUAL_SPREAD,72,FRACTIONAL_RESIDUAL_EXIT,gate/hyperliquid,GATE_PAIRS,42,0,42,1.0,,,,,,,,,,,,,,,,0.0,0,0,,,,,,,0.0
100,58,RESIDUAL_SPREAD,72,FRACTIONAL_RESIDUAL_EXIT,gate/okx,GATE_PAIRS,27,0,27,1.0,,,,,,,,,,,,,,,,0.0,0,0,,,,,,,0.0
100,58,RESIDUAL_SPREAD,72,FRACTIONAL_RESIDUAL_EXIT,hyperliquid/okx,NON_GATE_PAIRS,0,0,0,,,,,,,,,,,,,,,,,,0,0,,,,,,,
100,58,RESIDUAL_SPREAD,72,FRACTIONAL_RESIDUAL_EXIT,ALL_GATE_PAIRS,GATE_PAIRS,120,0,120,1.0,,,,,,,,,,,,,,,,0.0,0,0,,,,,,,0.0
100,58,RESIDUAL_SPREAD,72,FRACTIONAL_RESIDUAL_EXIT,ALL_NON_GATE_PAIRS,NON_GATE_PAIRS,62,3,59,0.9516129032258065,0.6622885270061261,13.59337297991111,0.6666666666666666,-32.895627596775206,-12.233849562692399,20.023968843157142,25.168445533753964,-78.86146271156764,-76.61759341903274,96.80864847918082,98.73999943358136,400.0,450.0,534.0,555.0,0.004521051144391071,6,3,-12.233849562692399,26.454564706403172,97.85947904862314,-39.197190521617,58.662288527006126,-58.0,2.0
100,58,RESIDUAL_SPREAD,72,FRACTIONAL_RESIDUAL_EXIT,ALL_PAIRS,ALL,182,3,179,0.9835164835164835,0.6622885270061261,13.59337297991111,0.6666666666666666,-32.895627596775206,-12.233849562692399,20.023968843157142,25.168445533753964,-78.86146271156764,-76.61759341903274,96.80864847918082,98.73999943358136,400.0,450.0,534.0,555.0,0.0025116950802172616,6,3,-12.233849562692399,26.454564706403172,97.85947904862314,-39.197190521617,58.662288527006126,-58.0,2.0
100,80,RESIDUAL_SPREAD,24,LEGACY_RAW_EXIT,binance/bitget,NON_GATE_PAIRS,52,0,52,1.0,,,,,,,,,,,,,,,,0.0,0,0,,,,,,,0.0
100,80,RESIDUAL_SPREAD,24,LEGACY_RAW_EXIT,binance/gate,GATE_PAIRS,17,0,17,1.0,,,,,,,,,,,,,,,,0.0,0,0,,,,,,,0.0
100,80,RESIDUAL_SPREAD,24,LEGACY_RAW_EXIT,binance/hyperliquid,NON_GATE_PAIRS,4,3,1,0.25,-82.38275794077906,-82.02476387005213,0.0,-86.60065643950648,-84.56692640863787,-80.01959243755678,-78.4154552915605,-2.0772093722561578,-0.3266850160899004,-2.0772093722561578,-0.3266850160899004,15.0,15.0,15.0,15.0,0.0008476970895733258,0,0,-82.56175497614254,-82.02476387005213,-2.3827579407790602,0.0,-2.3827579407790602,-80.0,2.0
100,80,RESIDUAL_SPREAD,24,LEGACY_RAW_EXIT,binance/okx,NON_GATE_PAIRS,3,3,0,0.0,-17.91817793534355,-5.330117515195582,0.3333333333333333,-70.05927973934087,-41.2907631952763,11.748437534663179,25.411281574550188,-0.23495309419141344,-20.66963511940356,71.33943706534306,58.82593174095119,75.0,75.0,123.0,135.0,0.004238485447866629,0,0,-24.212208145417534,-5.330117515195582,71.89672061508777,-9.814898550431334,62.08182206465646,-80.0,2.0
100,80,RESIDUAL_SPREAD,24,LEGACY_RAW_EXIT,bitget/gate,GATE_PAIRS,53,0,53,1.0,,,,,,,,,,,,,,,,0.0,0,0,,,,,,,0.0
100,80,RESIDUAL_SPREAD,24,LEGACY_RAW_EXIT,bitget/hyperliquid,NON_GATE_PAIRS,52,0,52,1.0,,,,,,,,,,,,,,,,0.0,0,0,,,,,,,0.0
100,80,RESIDUAL_SPREAD,24,LEGACY_RAW_EXIT,bitget/okx,NON_GATE_PAIRS,52,0,52,1.0,,,,,,,,,,,,,,,,0.0,0,0,,,,,,,0.0
100,80,RESIDUAL_SPREAD,24,LEGACY_RAW_EXIT,gate/hyperliquid,GATE_PAIRS,36,0,36,1.0,,,,,,,,,,,,,,,,0.0,0,0,,,,,,,0.0
100,80,RESIDUAL_SPREAD,24,LEGACY_RAW_EXIT,gate/okx,GATE_PAIRS,16,0,16,1.0,,,,,,,,,,,,,,,,0.0,0,0,,,,,,,0.0
100,80,RESIDUAL_SPREAD,24,LEGACY_RAW_EXIT,hyperliquid/okx,NON_GATE_PAIRS,1,1,0,0.0,19.169226210736227,19.169226210736227,1.0,19.169226210736227,19.169226210736227,19.169226210736227,19.169226210736227,95.45605521404488,95.45605521404488,95.45605521404488,95.45605521404488,15.0,15.0,15.0,15.0,0.00028256569652444194,0,0,19.169226210736227,19.169226210736227,91.09717921073624,8.072047,99.16922621073624,-80.0,1.0
100,80,RESIDUAL_SPREAD,24,LEGACY_RAW_EXIT,ALL_GATE_PAIRS,GATE_PAIRS,122,0,122,1.0,,,,,,,,,,,,,,,,0.0,0,0,,,,,,,0.0
100,80,RESIDUAL_SPREAD,24,LEGACY_RAW_EXIT,ALL_NON_GATE_PAIRS,NON_GATE_PAIRS,164,7,157,0.9573170731707317,-40.24765448823309,-77.25140887535701,0.2857142857142857,-85.58379142407217,-80.01959243755678,6.9195543477703225,25.929662672386222,12.645652544957454,-0.3266850160899004,43.320391184757945,30.18762270379005,40.714285714285715,15.0,99.00000000000003,135.0,0.0008947913723273994,0,2,-82.02476387005213,-24.212208145417534,42.80558103338035,-3.0532355216134284,39.75234551176692,-80.0,3.0
100,80,RESIDUAL_SPREAD,24,LEGACY_RAW_EXIT,ALL_PAIRS,ALL,286,7,279,0.9755244755244755,-40.24765448823309,-77.25140887535701,0.2857142857142857,-85.58379142407217,-80.01959243755678,6.9195543477703225,25.929662672386222,12.645652544957454,-0.3266850160899004,43.320391184757945,30.18762270379005,40.714285714285715,15.0,99.00000000000003,135.0,0.0005368748233964397,0,2,-82.02476387005213,-24.212208145417534,42.80558103338035,-3.0532355216134284,39.75234551176692,-80.0,3.0
100,80,RESIDUAL_SPREAD,24,BASELINE_RESIDUAL_EXIT,binance/bitget,NON_GATE_PAIRS,52,0,52,1.0,,,,,,,,,,,,,,,,0.0,0,0,,,,,,,0.0
100,80,RESIDUAL_SPREAD,24,BASELINE_RESIDUAL_EXIT,binance/gate,GATE_PAIRS,17,0,17,1.0,,,,,,,,,,,,,,,,0.0,0,0,,,,,,,0.0
100,80,RESIDUAL_SPREAD,24,BASELINE_RESIDUAL_EXIT,binance/hyperliquid,NON_GATE_PAIRS,3,1,2,0.6666666666666666,-26.397528869431756,-26.397528869431756,0.0,-26.397528869431756,-26.397528869431756,-26.397528869431756,-26.397528869431756,-5.33931553579059,-5.33931553579059,96.10800213056824,96.10800213056824,240.0,240.0,240.0,240.0,0.004521051144391071,1,0,-26.397528869431756,-26.397528869431756,96.10800213056824,-42.505531000000005,53.60247113056825,-80.0,1.0
100,80,RESIDUAL_SPREAD,24,BASELINE_RESIDUAL_EXIT,binance/okx,NON_GATE_PAIRS,2,1,1,0.5,-5.330117515195582,-5.330117515195582,0.0,-5.330117515195582,-5.330117515195582,-5.330117515195582,-5.330117515195582,-38.86115590412187,-38.86115590412187,125.00475675128796,125.00475675128796,135.0,135.0,135.0,135.0,0.002543091268719977,0,0,-5.330117515195582,-5.330117515195582,125.9504482667184,-51.280565781914,74.66988248480442,-80.0,1.0
100,80,RESIDUAL_SPREAD,24,BASELINE_RESIDUAL_EXIT,bitget/gate,GATE_PAIRS,53,0,53,1.0,,,,,,,,,,,,,,,,0.0,0,0,,,,,,,0.0
100,80,RESIDUAL_SPREAD,24,BASELINE_RESIDUAL_EXIT,bitget/hyperliquid,NON_GATE_PAIRS,52,0,52,1.0,,,,,,,,,,,,,,,,0.0,0,0,,,,,,,0.0
100,80,RESIDUAL_SPREAD,24,BASELINE_RESIDUAL_EXIT,bitget/okx,NON_GATE_PAIRS,52,0,52,1.0,,,,,,,,,,,,,,,,0.0,0,0,,,,,,,0.0
100,80,RESIDUAL_SPREAD,24,BASELINE_RESIDUAL_EXIT,gate/hyperliquid,GATE_PAIRS,36,0,36,1.0,,,,,,,,,,,,,,,,0.0,0,0,,,,,,,0.0
100,80,RESIDUAL_SPREAD,24,BASELINE_RESIDUAL_EXIT,gate/okx,GATE_PAIRS,16,0,16,1.0,,,,,,,,,,,,,,,,0.0,0,0,,,,,,,0.0
100,80,RESIDUAL_SPREAD,24,BASELINE_RESIDUAL_EXIT,hyperliquid/okx,NON_GATE_PAIRS,1,1,0,0.0,38.36863870286112,38.36863870286112,1.0,38.36863870286112,38.36863870286112,38.36863870286112,38.36863870286112,38.20778618617071,38.20778618617071,102.76874599164375,102.76874599164375,525.0,525.0,525.0,525.0,0.009889799378355468,0,0,38.36863870286112,38.36863870286112,94.11822047993512,24.250418222926,118.36863870286112,-80.0,1.0
100,80,RESIDUAL_SPREAD,24,BASELINE_RESIDUAL_EXIT,ALL_GATE_PAIRS,GATE_PAIRS,122,0,122,1.0,,,,,,,,,,,,,,,,0.0,0,0,,,,,,,0.0
100,80,RESIDUAL_SPREAD,24,BASELINE_RESIDUAL_EXIT,ALL_NON_GATE_PAIRS,NON_GATE_PAIRS,162,3,159,0.9814814814814815,2.213664106077927,-5.330117515195582,0.3333333333333333,-24.290787734008138,-15.863823192313669,16.51926059383277,33.99876308105544,-1.9975617512472514,-5.33931553579059,107.96050162449997,102.76874599164375,300.0,240.0,468.0,525.0,0.0028256569652444193,1,3,2.213664106077927,2.213664106077927,105.39222362574058,-23.17855951966267,82.21366410607793,-80.0,1.0
100,80,RESIDUAL_SPREAD,24,BASELINE_RESIDUAL_EXIT,ALL_PAIRS,ALL,284,3,281,0.9894366197183099,2.213664106077927,-5.330117515195582,0.3333333333333333,-24.290787734008138,-15.863823192313669,16.51926059383277,33.99876308105544,-1.9975617512472514,-5.33931553579059,107.96050162449997,102.76874599164375,300.0,240.0,468.0,525.0,0.0016953941791466515,1,3,2.213664106077927,2.213664106077927,105.39222362574058,-23.17855951966267,82.21366410607793,-80.0,1.0
100,80,RESIDUAL_SPREAD,24,FRACTIONAL_RESIDUAL_EXIT,binance/bitget,NON_GATE_PAIRS,52,0,52,1.0,,,,,,,,,,,,,,,,0.0,0,0,,,,,,,0.0
100,80,RESIDUAL_SPREAD,24,FRACTIONAL_RESIDUAL_EXIT,binance/gate,GATE_PAIRS,17,0,17,1.0,,,,,,,,,,,,,,,,0.0,0,0,,,,,,,0.0
100,80,RESIDUAL_SPREAD,24,FRACTIONAL_RESIDUAL_EXIT,binance/hyperliquid,NON_GATE_PAIRS,3,1,2,0.6666666666666666,-40.93609055694775,-40.93609055694775,0.0,-40.93609055694775,-40.93609055694775,-40.93609055694775,-40.93609055694775,-5.33931553579059,-5.33931553579059,79.2251409978717,79.2251409978717,225.0,225.0,225.0,225.0,0.004238485447866629,1,0,-40.93609055694775,-40.93609055694775,81.56944044305226,-42.505531000000005,39.06390944305225,-80.0,1.0
100,80,RESIDUAL_SPREAD,24,FRACTIONAL_RESIDUAL_EXIT,binance/okx,NON_GATE_PAIRS,2,1,1,0.5,-46.73323332179974,-46.73323332179974,0.0,-46.73323332179974,-46.73323332179974,-46.73323332179974,-46.73323332179974,-38.86115590412187,-38.86115590412187,83.75960020700734,83.75960020700734,105.0,105.0,105.0,105.0,0.0019779598756710934,0,0,-46.73323332179974,-46.73323332179974,84.54733246011426,-51.280565781914,33.26676667820026,-80.0,1.0
100,80,RESIDUAL_SPREAD,24,FRACTIONAL_RESIDUAL_EXIT,bitget/gate,GATE_PAIRS,53,0,53,1.0,,,,,,,,,,,,,,,,0.0,0,0,,,,,,,0.0
100,80,RESIDUAL_SPREAD,24,FRACTIONAL_RESIDUAL_EXIT,bitget/hyperliquid,NON_GATE_PAIRS,52,0,52,1.0,,,,,,,,,,,,,,,,0.0,0,0,,,,,,,0.0
100,80,RESIDUAL_SPREAD,24,FRACTIONAL_RESIDUAL_EXIT,bitget/okx,NON_GATE_PAIRS,52,0,52,1.0,,,,,,,,,,,,,,,,0.0,0,0,,,,,,,0.0
100,80,RESIDUAL_SPREAD,24,FRACTIONAL_RESIDUAL_EXIT,gate/hyperliquid,GATE_PAIRS,36,0,36,1.0,,,,,,,,,,,,,,,,0.0,0,0,,,,,,,0.0
100,80,RESIDUAL_SPREAD,24,FRACTIONAL_RESIDUAL_EXIT,gate/okx,GATE_PAIRS,16,0,16,1.0,,,,,,,,,,,,,,,,0.0,0,0,,,,,,,0.0
100,80,RESIDUAL_SPREAD,24,FRACTIONAL_RESIDUAL_EXIT,hyperliquid/okx,NON_GATE_PAIRS,1,1,0,0.0,19.169226210736227,19.169226210736227,1.0,19.169226210736227,19.169226210736227,19.169226210736227,19.169226210736227,95.45605521404488,95.45605521404488,95.45605521404488,95.45605521404488,15.0,15.0,15.0,15.0,0.00028256569652444194,0,0,19.169226210736227,19.169226210736227,91.09717921073624,8.072047,99.16922621073624,-80.0,1.0
100,80,RESIDUAL_SPREAD,24,FRACTIONAL_RESIDUAL_EXIT,ALL_GATE_PAIRS,GATE_PAIRS,122,0,122,1.0,,,,,,,,,,,,,,,,0.0,0,0,,,,,,,0.0
100,80,RESIDUAL_SPREAD,24,FRACTIONAL_RESIDUAL_EXIT,ALL_NON_GATE_PAIRS,NON_GATE_PAIRS,162,3,159,0.9814814814814815,-22.833365889337088,-40.93609055694775,0.3333333333333333,-46.15351904531454,-43.834661939373746,-10.88343217310576,13.158694533967825,17.085194591377473,-5.33931553579059,86.14693213964131,83.75960020700734,115.0,105.0,201.0,225.0,0.001083168503343694,1,2,-22.833365889337085,-22.833365889337085,85.73798403796759,-28.57134992730467,57.16663411066292,-80.0,1.0
100,80,RESIDUAL_SPREAD,24,FRACTIONAL_RESIDUAL_EXIT,ALL_PAIRS,ALL,284,3,281,0.9894366197183099,-22.833365889337088,-40.93609055694775,0.3333333333333333,-46.15351904531454,-43.834661939373746,-10.88343217310576,13.158694533967825,17.085194591377473,-5.33931553579059,86.14693213964131,83.75960020700734,115.0,105.0,201.0,225.0,0.0006499011020062164,1,2,-22.833365889337085,-22.833365889337085,85.73798403796759,-28.57134992730467,57.16663411066292,-80.0,1.0
100,80,RESIDUAL_SPREAD,72,LEGACY_RAW_EXIT,binance/bitget,NON_GATE_PAIRS,19,0,19,1.0,,,,,,,,,,,,,,,,0.0,0,0,,,,,,,0.0
100,80,RESIDUAL_SPREAD,72,LEGACY_RAW_EXIT,binance/gate,GATE_PAIRS,32,0,32,1.0,,,,,,,,,,,,,,,,0.0,0,0,,,,,,,0.0
100,80,RESIDUAL_SPREAD,72,LEGACY_RAW_EXIT,binance/hyperliquid,NON_GATE_PAIRS,3,2,1,0.3333333333333333,-18.326308937294485,-18.326308937294485,0.0,-26.449464527911598,-22.839173154303992,-13.813444720284977,-10.203153346677372,-66.94019409565155,-66.94019409565155,74.45754072144095,74.45754072144095,352.5,352.5,502.5,540.0,0.013280587736648771,4,0,-27.3520373713135,-9.30058050327547,75.69559106270552,-14.021899999999999,61.673691062705515,-80.0,2.0
100,80,RESIDUAL_SPREAD,72,LEGACY_RAW_EXIT,binance/okx,NON_GATE_PAIRS,4,4,0,0.0,-44.40481543683602,-64.41534022773914,0.25,-77.56094912623313,-77.34245012561469,-31.477705538960468,16.76605295982543,-10.179609227367878,-11.52735701545615,49.819774326441696,45.15179841336648,78.75,60.0,148.50000000000003,180.0,0.00593387962701328,1,0,-51.57927158012127,-42.01333005574093,49.775227921721736,-14.18004335855775,35.59518456316399,-80.0,2.0
100,80,RESIDUAL_SPREAD,72,LEGACY_RAW_EXIT,bitget/gate,GATE_PAIRS,19,0,19,1.0,,,,,,,,,,,,,,,,0.0,0,0,,,,,,,0.0
100,80,RESIDUAL_SPREAD,72,LEGACY_RAW_EXIT,bitget/hyperliquid,NON_GATE_PAIRS,19,0,19,1.0,,,,,,,,,,,,,,,,0.0,0,0,,,,,,,0.0
100,80,RESIDUAL_SPREAD,72,LEGACY_RAW_EXIT,bitget/okx,NON_GATE_PAIRS,19,0,19,1.0,,,,,,,,,,,,,,,,0.0,0,0,,,,,,,0.0
100,80,RESIDUAL_SPREAD,72,LEGACY_RAW_EXIT,gate/hyperliquid,GATE_PAIRS,42,0,42,1.0,,,,,,,,,,,,,,,,0.0,0,0,,,,,,,0.0
100,80,RESIDUAL_SPREAD,72,LEGACY_RAW_EXIT,gate/okx,GATE_PAIRS,27,0,27,1.0,,,,,,,,,,,,,,,,0.0,0,0,,,,,,,0.0
100,80,RESIDUAL_SPREAD,72,LEGACY_RAW_EXIT,hyperliquid/okx,NON_GATE_PAIRS,0,0,0,,,,,,,,,,,,,,,,,,0,0,,,,,,,
100,80,RESIDUAL_SPREAD,72,LEGACY_RAW_EXIT,ALL_GATE_PAIRS,GATE_PAIRS,120,0,120,1.0,,,,,,,,,,,,,,,,0.0,0,0,,,,,,,0.0
100,80,RESIDUAL_SPREAD,72,LEGACY_RAW_EXIT,ALL_NON_GATE_PAIRS,NON_GATE_PAIRS,64,6,58,0.90625,-35.71197993698883,-39.465654475717386,0.16666666666666666,-77.52453262613005,-70.83337455154808,-13.813444720284977,19.29509931257259,-29.099804183462435,-38.96621494583697,58.03236312477478,61.689232257181594,170.0,120.0,360.0,540.0,0.00384289347273241,5,4,-39.465654475717386,-33.83514266762457,58.41534896871633,-14.127328905705165,44.28802006301115,-80.0,2.0
100,80,RESIDUAL_SPREAD,72,LEGACY_RAW_EXIT,ALL_PAIRS,ALL,184,6,178,0.967391304347826,-35.71197993698883,-39.465654475717386,0.16666666666666666,-77.52453262613005,-70.83337455154808,-13.813444720284977,19.29509931257259,-29.099804183462435,-38.96621494583697,58.03236312477478,61.689232257181594,170.0,120.0,360.0,540.0,0.0021349408181846725,5,4,-39.465654475717386,-33.83514266762457,58.41534896871633,-14.127328905705165,44.28802006301115,-80.0,2.0
100,80,RESIDUAL_SPREAD,72,BASELINE_RESIDUAL_EXIT,binance/bitget,NON_GATE_PAIRS,19,0,19,1.0,,,,,,,,,,,,,,,,0.0,0,0,,,,,,,0.0
100,80,RESIDUAL_SPREAD,72,BASELINE_RESIDUAL_EXIT,binance/gate,GATE_PAIRS,32,0,32,1.0,,,,,,,,,,,,,,,,0.0,0,0,,,,,,,0.0
100,80,RESIDUAL_SPREAD,72,BASELINE_RESIDUAL_EXIT,binance/hyperliquid,NON_GATE_PAIRS,3,2,1,0.3333333333333333,4.4597941887059065,4.4597941887059065,1.0,4.4550876546334495,4.457179447554542,4.462408929857272,4.464500722778364,-66.94019409565155,-66.94019409565155,102.75821901218231,102.75821901218231,382.5,382.5,532.5,570.0,0.014410850522746538,4,0,4.454564706403176,4.4650236710086375,103.97755818870591,-19.517764,84.4597941887059,-80.0,2.0
100,80,RESIDUAL_SPREAD,72,BASELINE_RESIDUAL_EXIT,binance/okx,NON_GATE_PAIRS,2,1,1,0.5,-60.06107210529591,-60.06107210529591,0.0,-60.06107210529591,-60.06107210529591,-60.06107210529591,-60.06107210529591,-102.70399994339984,-102.70399994339984,98.73999943358136,98.73999943358136,450.0,450.0,450.0,450.0,0.008476970895733259,2,0,-60.06107210529591,-60.06107210529591,98.4949714595551,-78.55604356485101,19.938927894704094,-80.0,1.0
100,80,RESIDUAL_SPREAD,72,BASELINE_RESIDUAL_EXIT,bitget/gate,GATE_PAIRS,19,0,19,1.0,,,,,,,,,,,,,,,,0.0,0,0,,,,,,,0.0
100,80,RESIDUAL_SPREAD,72,BASELINE_RESIDUAL_EXIT,bitget/hyperliquid,NON_GATE_PAIRS,19,0,19,1.0,,,,,,,,,,,,,,,,0.0,0,0,,,,,,,0.0
100,80,RESIDUAL_SPREAD,72,BASELINE_RESIDUAL_EXIT,bitget/okx,NON_GATE_PAIRS,19,0,19,1.0,,,,,,,,,,,,,,,,0.0,0,0,,,,,,,0.0
100,80,RESIDUAL_SPREAD,72,BASELINE_RESIDUAL_EXIT,gate/hyperliquid,GATE_PAIRS,42,0,42,1.0,,,,,,,,,,,,,,,,0.0,0,0,,,,,,,0.0
100,80,RESIDUAL_SPREAD,72,BASELINE_RESIDUAL_EXIT,gate/okx,GATE_PAIRS,27,0,27,1.0,,,,,,,,,,,,,,,,0.0,0,0,,,,,,,0.0
100,80,RESIDUAL_SPREAD,72,BASELINE_RESIDUAL_EXIT,hyperliquid/okx,NON_GATE_PAIRS,0,0,0,,,,,,,,,,,,,,,,,,0,0,,,,,,,
100,80,RESIDUAL_SPREAD,72,BASELINE_RESIDUAL_EXIT,ALL_GATE_PAIRS,GATE_PAIRS,120,0,120,1.0,,,,,,,,,,,,,,,,0.0,0,0,,,,,,,0.0
100,80,RESIDUAL_SPREAD,72,BASELINE_RESIDUAL_EXIT,ALL_NON_GATE_PAIRS,NON_GATE_PAIRS,62,3,59,0.9516129032258065,-17.047161242628032,4.454564706403176,0.6666666666666666,-53.609508424126,-27.803253699446365,4.4597941887059065,4.463977774548091,-78.86146271156764,-76.61759341903274,101.418812485982,100.11547785806708,405.0,450.0,546.0,570.0,0.004577564283695959,6,3,-27.798024217143634,4.454564706403176,102.15002927898898,-39.197190521617,62.95283875737196,-80.0,2.0
100,80,RESIDUAL_SPREAD,72,BASELINE_RESIDUAL_EXIT,ALL_PAIRS,ALL,182,3,179,0.9835164835164835,-17.047161242628032,4.454564706403176,0.6666666666666666,-53.609508424126,-27.803253699446365,4.4597941887059065,4.463977774548091,-78.86146271156764,-76.61759341903274,101.418812485982,100.11547785806708,405.0,450.0,546.0,570.0,0.002543091268719977,6,3,-27.798024217143634,4.454564706403176,102.15002927898898,-39.197190521617,62.95283875737196,-80.0,2.0
100,80,RESIDUAL_SPREAD,72,FRACTIONAL_RESIDUAL_EXIT,binance/bitget,NON_GATE_PAIRS,19,0,19,1.0,,,,,,,,,,,,,,,,0.0,0,0,,,,,,,0.0
100,80,RESIDUAL_SPREAD,72,FRACTIONAL_RESIDUAL_EXIT,binance/gate,GATE_PAIRS,32,0,32,1.0,,,,,,,,,,,,,,,,0.0,0,0,,,,,,,0.0
100,80,RESIDUAL_SPREAD,72,FRACTIONAL_RESIDUAL_EXIT,binance/hyperliquid,NON_GATE_PAIRS,3,2,1,0.3333333333333333,-1.9760311568428572,-1.9760311568428572,0.5,-7.763567433764288,-5.191329088465874,1.2392667747801598,3.8115051200785723,-66.94019409565155,-66.94019409565155,95.84297300198054,95.84297300198054,375.0,375.0,519.0,555.0,0.014128284826222097,4,0,-8.40662702008889,4.454564706403176,97.54173284315715,-19.517764,78.02396884315715,-80.0,2.0
100,80,RESIDUAL_SPREAD,72,FRACTIONAL_RESIDUAL_EXIT,binance/okx,NON_GATE_PAIRS,2,1,1,0.5,-60.06107210529591,-60.06107210529591,0.0,-60.06107210529591,-60.06107210529591,-60.06107210529591,-60.06107210529591,-102.70399994339984,-102.70399994339984,98.73999943358136,98.73999943358136,450.0,450.0,450.0,450.0,0.008476970895733259,2,0,-60.06107210529591,-60.06107210529591,98.4949714595551,-78.55604356485101,19.938927894704094,-80.0,1.0
100,80,RESIDUAL_SPREAD,72,FRACTIONAL_RESIDUAL_EXIT,bitget/gate,GATE_PAIRS,19,0,19,1.0,,,,,,,,,,,,,,,,0.0,0,0,,,,,,,0.0
100,80,RESIDUAL_SPREAD,72,FRACTIONAL_RESIDUAL_EXIT,bitget/hyperliquid,NON_GATE_PAIRS,19,0,19,1.0,,,,,,,,,,,,,,,,0.0,0,0,,,,,,,0.0
100,80,RESIDUAL_SPREAD,72,FRACTIONAL_RESIDUAL_EXIT,bitget/okx,NON_GATE_PAIRS,19,0,19,1.0,,,,,,,,,,,,,,,,0.0,0,0,,,,,,,0.0
100,80,RESIDUAL_SPREAD,72,FRACTIONAL_RESIDUAL_EXIT,gate/hyperliquid,GATE_PAIRS,42,0,42,1.0,,,,,,,,,,,,,,,,0.0,0,0,,,,,,,0.0
100,80,RESIDUAL_SPREAD,72,FRACTIONAL_RESIDUAL_EXIT,gate/okx,GATE_PAIRS,27,0,27,1.0,,,,,,,,,,,,,,,,0.0,0,0,,,,,,,0.0
100,80,RESIDUAL_SPREAD,72,FRACTIONAL_RESIDUAL_EXIT,hyperliquid/okx,NON_GATE_PAIRS,0,0,0,,,,,,,,,,,,,,,,,,0,0,,,,,,,
100,80,RESIDUAL_SPREAD,72,FRACTIONAL_RESIDUAL_EXIT,ALL_GATE_PAIRS,GATE_PAIRS,120,0,120,1.0,,,,,,,,,,,,,,,,0.0,0,0,,,,,,,0.0
100,80,RESIDUAL_SPREAD,72,FRACTIONAL_RESIDUAL_EXIT,ALL_NON_GATE_PAIRS,NON_GATE_PAIRS,62,3,59,0.9516129032258065,-21.337711472993874,-8.40662702008889,0.3333333333333333,-54.895627596775206,-34.2338495626924,-1.9760311568428568,3.1684455337539683,-78.86146271156764,-76.61759341903274,96.80864847918082,98.73999943358136,400.0,450.0,534.0,555.0,0.004521051144391071,6,3,-34.2338495626924,4.454564706403176,97.85947904862314,-39.197190521617,58.662288527006126,-80.0,2.0
100,80,RESIDUAL_SPREAD,72,FRACTIONAL_RESIDUAL_EXIT,ALL_PAIRS,ALL,182,3,179,0.9835164835164835,-21.337711472993874,-8.40662702008889,0.3333333333333333,-54.895627596775206,-34.2338495626924,-1.9760311568428568,3.1684455337539683,-78.86146271156764,-76.61759341903274,96.80864847918082,98.73999943358136,400.0,450.0,534.0,555.0,0.0025116950802172616,6,3,-34.2338495626924,4.454564706403176,97.85947904862314,-39.197190521617,58.662288527006126,-80.0,2.0
150,0,RESIDUAL_SPREAD,24,LEGACY_RAW_EXIT,binance/bitget,NON_GATE_PAIRS,52,0,52,1.0,,,,,,,,,,,,,,,,0.0,0,0,,,,,,,0.0
150,0,RESIDUAL_SPREAD,24,LEGACY_RAW_EXIT,binance/gate,GATE_PAIRS,1,0,1,1.0,,,,,,,,,,,,,,,,0.0,0,0,,,,,,,0.0
150,0,RESIDUAL_SPREAD,24,LEGACY_RAW_EXIT,binance/hyperliquid,NON_GATE_PAIRS,1,1,0,0.0,42.61508551144825,42.61508551144825,1.0,42.61508551144825,42.61508551144825,42.61508551144825,42.61508551144825,-7.046243341328751,-7.046243341328751,55.9051339367711,55.9051339367711,90.0,90.0,90.0,90.0,0.0016953941791466515,0,0,42.61508551144825,42.61508551144825,55.98426351144825,-13.369178,42.61508551144825,-0.0,1.0
150,0,RESIDUAL_SPREAD,24,LEGACY_RAW_EXIT,binance/okx,NON_GATE_PAIRS,0,0,0,,,,,,,,,,,,,,,,,,0,0,,,,,,,
150,0,RESIDUAL_SPREAD,24,LEGACY_RAW_EXIT,bitget/gate,GATE_PAIRS,52,0,52,1.0,,,,,,,,,,,,,,,,0.0,0,0,,,,,,,0.0
150,0,RESIDUAL_SPREAD,24,LEGACY_RAW_EXIT,bitget/hyperliquid,NON_GATE_PAIRS,52,0,52,1.0,,,,,,,,,,,,,,,,0.0,0,0,,,,,,,0.0
150,0,RESIDUAL_SPREAD,24,LEGACY_RAW_EXIT,bitget/okx,NON_GATE_PAIRS,52,0,52,1.0,,,,,,,,,,,,,,,,0.0,0,0,,,,,,,0.0
150,0,RESIDUAL_SPREAD,24,LEGACY_RAW_EXIT,gate/hyperliquid,GATE_PAIRS,6,0,6,1.0,,,,,,,,,,,,,,,,0.0,0,0,,,,,,,0.0
150,0,RESIDUAL_SPREAD,24,LEGACY_RAW_EXIT,gate/okx,GATE_PAIRS,2,0,2,1.0,,,,,,,,,,,,,,,,0.0,0,0,,,,,,,0.0
150,0,RESIDUAL_SPREAD,24,LEGACY_RAW_EXIT,hyperliquid/okx,NON_GATE_PAIRS,0,0,0,,,,,,,,,,,,,,,,,,0,0,,,,,,,
150,0,RESIDUAL_SPREAD,24,LEGACY_RAW_EXIT,ALL_GATE_PAIRS,GATE_PAIRS,61,0,61,1.0,,,,,,,,,,,,,,,,0.0,0,0,,,,,,,0.0
150,0,RESIDUAL_SPREAD,24,LEGACY_RAW_EXIT,ALL_NON_GATE_PAIRS,NON_GATE_PAIRS,157,1,156,0.9936305732484076,42.61508551144825,42.61508551144825,1.0,42.61508551144825,42.61508551144825,42.61508551144825,42.61508551144825,-7.046243341328751,-7.046243341328751,55.9051339367711,55.9051339367711,90.0,90.0,90.0,90.0,0.0004238485447866629,0,0,42.61508551144825,42.61508551144825,55.98426351144825,-13.369178,42.61508551144825,-0.0,1.0
150,0,RESIDUAL_SPREAD,24,LEGACY_RAW_EXIT,ALL_PAIRS,ALL,218,1,217,0.9954128440366973,42.61508551144825,42.61508551144825,1.0,42.61508551144825,42.61508551144825,42.61508551144825,42.61508551144825,-7.046243341328751,-7.046243341328751,55.9051339367711,55.9051339367711,90.0,90.0,90.0,90.0,0.00021192427239333144,0,0,42.61508551144825,42.61508551144825,55.98426351144825,-13.369178,42.61508551144825,-0.0,1.0
150,0,RESIDUAL_SPREAD,24,BASELINE_RESIDUAL_EXIT,binance/bitget,NON_GATE_PAIRS,52,0,52,1.0,,,,,,,,,,,,,,,,0.0,0,0,,,,,,,0.0
150,0,RESIDUAL_SPREAD,24,BASELINE_RESIDUAL_EXIT,binance/gate,GATE_PAIRS,1,0,1,1.0,,,,,,,,,,,,,,,,0.0,0,0,,,,,,,0.0
150,0,RESIDUAL_SPREAD,24,BASELINE_RESIDUAL_EXIT,binance/hyperliquid,NON_GATE_PAIRS,1,0,1,1.0,,,,,,,,,,,,,,,,0.0,0,0,,,,,,,0.0
150,0,RESIDUAL_SPREAD,24,BASELINE_RESIDUAL_EXIT,binance/okx,NON_GATE_PAIRS,0,0,0,,,,,,,,,,,,,,,,,,0,0,,,,,,,
150,0,RESIDUAL_SPREAD,24,BASELINE_RESIDUAL_EXIT,bitget/gate,GATE_PAIRS,52,0,52,1.0,,,,,,,,,,,,,,,,0.0,0,0,,,,,,,0.0
150,0,RESIDUAL_SPREAD,24,BASELINE_RESIDUAL_EXIT,bitget/hyperliquid,NON_GATE_PAIRS,52,0,52,1.0,,,,,,,,,,,,,,,,0.0,0,0,,,,,,,0.0
150,0,RESIDUAL_SPREAD,24,BASELINE_RESIDUAL_EXIT,bitget/okx,NON_GATE_PAIRS,52,0,52,1.0,,,,,,,,,,,,,,,,0.0,0,0,,,,,,,0.0
150,0,RESIDUAL_SPREAD,24,BASELINE_RESIDUAL_EXIT,gate/hyperliquid,GATE_PAIRS,6,0,6,1.0,,,,,,,,,,,,,,,,0.0,0,0,,,,,,,0.0
150,0,RESIDUAL_SPREAD,24,BASELINE_RESIDUAL_EXIT,gate/okx,GATE_PAIRS,2,0,2,1.0,,,,,,,,,,,,,,,,0.0,0,0,,,,,,,0.0
150,0,RESIDUAL_SPREAD,24,BASELINE_RESIDUAL_EXIT,hyperliquid/okx,NON_GATE_PAIRS,0,0,0,,,,,,,,,,,,,,,,,,0,0,,,,,,,
150,0,RESIDUAL_SPREAD,24,BASELINE_RESIDUAL_EXIT,ALL_GATE_PAIRS,GATE_PAIRS,61,0,61,1.0,,,,,,,,,,,,,,,,0.0,0,0,,,,,,,0.0
150,0,RESIDUAL_SPREAD,24,BASELINE_RESIDUAL_EXIT,ALL_NON_GATE_PAIRS,NON_GATE_PAIRS,157,0,157,1.0,,,,,,,,,,,,,,,,0.0,0,0,,,,,,,0.0
150,0,RESIDUAL_SPREAD,24,BASELINE_RESIDUAL_EXIT,ALL_PAIRS,ALL,218,0,218,1.0,,,,,,,,,,,,,,,,0.0,0,0,,,,,,,0.0
150,0,RESIDUAL_SPREAD,24,FRACTIONAL_RESIDUAL_EXIT,binance/bitget,NON_GATE_PAIRS,52,0,52,1.0,,,,,,,,,,,,,,,,0.0,0,0,,,,,,,0.0
150,0,RESIDUAL_SPREAD,24,FRACTIONAL_RESIDUAL_EXIT,binance/gate,GATE_PAIRS,1,0,1,1.0,,,,,,,,,,,,,,,,0.0,0,0,,,,,,,0.0
150,0,RESIDUAL_SPREAD,24,FRACTIONAL_RESIDUAL_EXIT,binance/hyperliquid,NON_GATE_PAIRS,1,0,1,1.0,,,,,,,,,,,,,,,,0.0,0,0,,,,,,,0.0
150,0,RESIDUAL_SPREAD,24,FRACTIONAL_RESIDUAL_EXIT,binance/okx,NON_GATE_PAIRS,0,0,0,,,,,,,,,,,,,,,,,,0,0,,,,,,,
150,0,RESIDUAL_SPREAD,24,FRACTIONAL_RESIDUAL_EXIT,bitget/gate,GATE_PAIRS,52,0,52,1.0,,,,,,,,,,,,,,,,0.0,0,0,,,,,,,0.0
150,0,RESIDUAL_SPREAD,24,FRACTIONAL_RESIDUAL_EXIT,bitget/hyperliquid,NON_GATE_PAIRS,52,0,52,1.0,,,,,,,,,,,,,,,,0.0,0,0,,,,,,,0.0
150,0,RESIDUAL_SPREAD,24,FRACTIONAL_RESIDUAL_EXIT,bitget/okx,NON_GATE_PAIRS,52,0,52,1.0,,,,,,,,,,,,,,,,0.0,0,0,,,,,,,0.0
150,0,RESIDUAL_SPREAD,24,FRACTIONAL_RESIDUAL_EXIT,gate/hyperliquid,GATE_PAIRS,6,0,6,1.0,,,,,,,,,,,,,,,,0.0,0,0,,,,,,,0.0
150,0,RESIDUAL_SPREAD,24,FRACTIONAL_RESIDUAL_EXIT,gate/okx,GATE_PAIRS,2,0,2,1.0,,,,,,,,,,,,,,,,0.0,0,0,,,,,,,0.0
150,0,RESIDUAL_SPREAD,24,FRACTIONAL_RESIDUAL_EXIT,hyperliquid/okx,NON_GATE_PAIRS,0,0,0,,,,,,,,,,,,,,,,,,0,0,,,,,,,
150,0,RESIDUAL_SPREAD,24,FRACTIONAL_RESIDUAL_EXIT,ALL_GATE_PAIRS,GATE_PAIRS,61,0,61,1.0,,,,,,,,,,,,,,,,0.0,0,0,,,,,,,0.0
150,0,RESIDUAL_SPREAD,24,FRACTIONAL_RESIDUAL_EXIT,ALL_NON_GATE_PAIRS,NON_GATE_PAIRS,157,0,157,1.0,,,,,,,,,,,,,,,,0.0,0,0,,,,,,,0.0
150,0,RESIDUAL_SPREAD,24,FRACTIONAL_RESIDUAL_EXIT,ALL_PAIRS,ALL,218,0,218,1.0,,,,,,,,,,,,,,,,0.0,0,0,,,,,,,0.0
150,0,RESIDUAL_SPREAD,72,LEGACY_RAW_EXIT,binance/bitget,NON_GATE_PAIRS,19,0,19,1.0,,,,,,,,,,,,,,,,0.0,0,0,,,,,,,0.0
150,0,RESIDUAL_SPREAD,72,LEGACY_RAW_EXIT,binance/gate,GATE_PAIRS,9,0,9,1.0,,,,,,,,,,,,,,,,0.0,0,0,,,,,,,0.0
150,0,RESIDUAL_SPREAD,72,LEGACY_RAW_EXIT,binance/hyperliquid,NON_GATE_PAIRS,3,3,0,0.0,72.98047465546836,71.54799306547378,1.0,45.5083762668508,57.081539288461016,88.16316922747839,101.4553101570821,-5.330351068471757,-5.647811152538207,87.34136829834371,91.39192885879498,80.0,90.0,90.0,90.0,0.004521051144391071,0,0,57.081539288461016,104.77834538948302,87.57726798880168,-14.596793333333332,72.98047465546836,-0.0,2.0
150,0,RESIDUAL_SPREAD,72,LEGACY_RAW_EXIT,binance/okx,NON_GATE_PAIRS,1,1,0,0.0,-8.394775930563831,-8.394775930563831,0.0,-8.394775930563831,-8.394775930563831,-8.394775930563831,-8.394775930563831,-38.86115590412187,-38.86115590412187,43.917453322726,43.917453322726,60.0,60.0,60.0,60.0,0.0011302627860977678,0,0,-8.394775930563831,-8.394775930563831,42.88578985135017,-51.280565781914,-8.394775930563831,-0.0,1.0
150,0,RESIDUAL_SPREAD,72,LEGACY_RAW_EXIT,bitget/gate,GATE_PAIRS,19,0,19,1.0,,,,,,,,,,,,,,,,0.0,0,0,,,,,,,0.0
150,0,RESIDUAL_SPREAD,72,LEGACY_RAW_EXIT,bitget/hyperliquid,NON_GATE_PAIRS,19,0,19,1.0,,,,,,,,,,,,,,,,0.0,0,0,,,,,,,0.0
150,0,RESIDUAL_SPREAD,72,LEGACY_RAW_EXIT,bitget/okx,NON_GATE_PAIRS,19,0,19,1.0,,,,,,,,,,,,,,,,0.0,0,0,,,,,,,0.0
150,0,RESIDUAL_SPREAD,72,LEGACY_RAW_EXIT,gate/hyperliquid,GATE_PAIRS,4,0,4,1.0,,,,,,,,,,,,,,,,0.0,0,0,,,,,,,0.0
150,0,RESIDUAL_SPREAD,72,LEGACY_RAW_EXIT,gate/okx,GATE_PAIRS,9,0,9,1.0,,,,,,,,,,,,,,,,0.0,0,0,,,,,,,0.0
150,0,RESIDUAL_SPREAD,72,LEGACY_RAW_EXIT,hyperliquid/okx,NON_GATE_PAIRS,0,0,0,,,,,,,,,,,,,,,,,,0,0,,,,,,,
150,0,RESIDUAL_SPREAD,72,LEGACY_RAW_EXIT,ALL_GATE_PAIRS,GATE_PAIRS,41,0,41,1.0,,,,,,,,,,,,,,,,0.0,0,0,,,,,,,0.0
150,0,RESIDUAL_SPREAD,72,LEGACY_RAW_EXIT,ALL_NON_GATE_PAIRS,NON_GATE_PAIRS,61,4,57,0.9344262295081968,52.63666200896031,57.081539288461016,0.75,-0.7432967142620184,29.86262015094523,79.85558114647608,99.79379254088163,-13.713052277384286,-6.347027246933479,76.48538955443928,73.64853139778305,75.0,75.0,90.0,90.0,0.0011302627860977678,0,2,48.1917847294596,57.081539288461016,76.4043984544388,-23.767736445478498,52.63666200896031,-0.0,2.0
150,0,RESIDUAL_SPREAD,72,LEGACY_RAW_EXIT,ALL_PAIRS,ALL,102,4,98,0.9607843137254902,52.63666200896031,57.081539288461016,0.75,-0.7432967142620184,29.86262015094523,79.85558114647608,99.79379254088163,-13.713052277384286,-6.347027246933479,76.48538955443928,73.64853139778305,75.0,75.0,90.0,90.0,0.0006279237700543154,0,2,48.1917847294596,57.081539288461016,76.4043984544388,-23.767736445478498,52.63666200896031,-0.0,2.0
150,0,RESIDUAL_SPREAD,72,BASELINE_RESIDUAL_EXIT,binance/bitget,NON_GATE_PAIRS,19,0,19,1.0,,,,,,,,,,,,,,,,0.0,0,0,,,,,,,0.0
150,0,RESIDUAL_SPREAD,72,BASELINE_RESIDUAL_EXIT,binance/gate,GATE_PAIRS,9,0,9,1.0,,,,,,,,,,,,,,,,0.0,0,0,,,,,,,0.0
150,0,RESIDUAL_SPREAD,72,BASELINE_RESIDUAL_EXIT,binance/hyperliquid,NON_GATE_PAIRS,3,2,1,0.3333333333333333,157.27122316280924,157.27122316280924,1.0,142.14284169667903,148.8665667927369,165.67587953288157,172.39960462893944,-4.472404932043261,-4.472404932043261,176.70882051075142,176.70882051075142,135.0,135.0,135.0,135.0,0.005086182537439954,0,0,140.46191042266457,174.0805359029539,177.97768816280922,-20.706465,157.27122316280924,-0.0,2.0
150,0,RESIDUAL_SPREAD,72,BASELINE_RESIDUAL_EXIT,binance/okx,NON_GATE_PAIRS,1,1,0,0.0,124.08450784975189,124.08450784975189,1.0,124.08450784975189,124.08450784975189,124.08450784975189,124.08450784975189,-38.86115590412187,-38.86115590412187,175.61832794965147,175.61832794965147,225.0,225.0,225.0,225.0,0.004238485447866629,0,0,124.08450784975189,124.08450784975189,175.3650736316659,-51.280565781914,124.08450784975189,-0.0,1.0
150,0,RESIDUAL_SPREAD,72,BASELINE_RESIDUAL_EXIT,bitget/gate,GATE_PAIRS,19,0,19,1.0,,,,,,,,,,,,,,,,0.0,0,0,,,,,,,0.0
150,0,RESIDUAL_SPREAD,72,BASELINE_RESIDUAL_EXIT,bitget/hyperliquid,NON_GATE_PAIRS,19,0,19,1.0,,,,,,,,,,,,,,,,0.0,0,0,,,,,,,0.0
150,0,RESIDUAL_SPREAD,72,BASELINE_RESIDUAL_EXIT,bitget/okx,NON_GATE_PAIRS,19,0,19,1.0,,,,,,,,,,,,,,,,0.0,0,0,,,,,,,0.0
150,0,RESIDUAL_SPREAD,72,BASELINE_RESIDUAL_EXIT,gate/hyperliquid,GATE_PAIRS,4,0,4,1.0,,,,,,,,,,,,,,,,0.0,0,0,,,,,,,0.0
150,0,RESIDUAL_SPREAD,72,BASELINE_RESIDUAL_EXIT,gate/okx,GATE_PAIRS,9,0,9,1.0,,,,,,,,,,,,,,,,0.0,0,0,,,,,,,0.0
150,0,RESIDUAL_SPREAD,72,BASELINE_RESIDUAL_EXIT,hyperliquid/okx,NON_GATE_PAIRS,0,0,0,,,,,,,,,,,,,,,,,,0,0,,,,,,,
150,0,RESIDUAL_SPREAD,72,BASELINE_RESIDUAL_EXIT,ALL_GATE_PAIRS,GATE_PAIRS,41,0,41,1.0,,,,,,,,,,,,,,,,0.0,0,0,,,,,,,0.0
150,0,RESIDUAL_SPREAD,72,BASELINE_RESIDUAL_EXIT,ALL_NON_GATE_PAIRS,NON_GATE_PAIRS,61,3,58,0.9508196721311475,146.20898472512346,140.46191042266457,1.0,125.72224810704316,132.27320913620824,157.27122316280924,170.71867335492496,-15.935321922736131,-5.647811152538207,176.34532299038474,175.61832794965147,165.0,135.0,207.0,225.0,0.0018649335970613167,0,2,140.46191042266457,149.0825218763529,177.10681665242814,-30.89783192730467,146.20898472512346,-0.0,2.0
150,0,RESIDUAL_SPREAD,72,BASELINE_RESIDUAL_EXIT,ALL_PAIRS,ALL,102,3,99,0.9705882352941176,146.20898472512346,140.46191042266457,1.0,125.72224810704316,132.27320913620824,157.27122316280924,170.71867335492496,-15.935321922736131,-5.647811152538207,176.34532299038474,175.61832794965147,165.0,135.0,207.0,225.0,0.0010360742205896205,0,2,140.46191042266457,149.0825218763529,177.10681665242814,-30.89783192730467,146.20898472512346,-0.0,2.0
150,0,RESIDUAL_SPREAD,72,FRACTIONAL_RESIDUAL_EXIT,binance/bitget,NON_GATE_PAIRS,19,0,19,1.0,,,,,,,,,,,,,,,,0.0,0,0,,,,,,,0.0
150,0,RESIDUAL_SPREAD,72,FRACTIONAL_RESIDUAL_EXIT,binance/gate,GATE_PAIRS,9,0,9,1.0,,,,,,,,,,,,,,,,0.0,0,0,,,,,,,0.0
150,0,RESIDUAL_SPREAD,72,FRACTIONAL_RESIDUAL_EXIT,binance/hyperliquid,NON_GATE_PAIRS,3,2,1,0.3333333333333333,132.27553029882847,132.27553029882847,1.0,126.10616932408192,128.8481075350804,135.70295306257657,138.44489127357505,-4.472404932043261,-4.472404932043261,146.19388827387337,146.19388827387337,105.0,105.0,105.0,105.0,0.003955919751342187,0,0,125.4206847713323,139.13037582632467,147.48613129882847,-15.210601,132.27553029882847,-0.0,2.0
150,0,RESIDUAL_SPREAD,72,FRACTIONAL_RESIDUAL_EXIT,binance/okx,NON_GATE_PAIRS,1,1,0,0.0,90.7993762483148,90.7993762483148,1.0,90.7993762483148,90.7993762483148,90.7993762483148,90.7993762483148,-38.86115590412187,-38.86115590412187,142.24722439226457,142.24722439226457,180.0,180.0,180.0,180.0,0.003390788358293303,0,0,90.7993762483148,90.7993762483148,142.07994203022878,-51.280565781914,90.7993762483148,-0.0,1.0
150,0,RESIDUAL_SPREAD,72,FRACTIONAL_RESIDUAL_EXIT,bitget/gate,GATE_PAIRS,19,0,19,1.0,,,,,,,,,,,,,,,,0.0,0,0,,,,,,,0.0
150,0,RESIDUAL_SPREAD,72,FRACTIONAL_RESIDUAL_EXIT,bitget/hyperliquid,NON_GATE_PAIRS,19,0,19,1.0,,,,,,,,,,,,,,,,0.0,0,0,,,,,,,0.0
150,0,RESIDUAL_SPREAD,72,FRACTIONAL_RESIDUAL_EXIT,bitget/okx,NON_GATE_PAIRS,19,0,19,1.0,,,,,,,,,,,,,,,,0.0,0,0,,,,,,,0.0
150,0,RESIDUAL_SPREAD,72,FRACTIONAL_RESIDUAL_EXIT,gate/hyperliquid,GATE_PAIRS,4,0,4,1.0,,,,,,,,,,,,,,,,0.0,0,0,,,,,,,0.0
150,0,RESIDUAL_SPREAD,72,FRACTIONAL_RESIDUAL_EXIT,gate/okx,GATE_PAIRS,9,0,9,1.0,,,,,,,,,,,,,,,,0.0,0,0,,,,,,,0.0
150,0,RESIDUAL_SPREAD,72,FRACTIONAL_RESIDUAL_EXIT,hyperliquid/okx,NON_GATE_PAIRS,0,0,0,,,,,,,,,,,,,,,,,,0,0,,,,,,,
150,0,RESIDUAL_SPREAD,72,FRACTIONAL_RESIDUAL_EXIT,ALL_GATE_PAIRS,GATE_PAIRS,41,0,41,1.0,,,,,,,,,,,,,,,,0.0,0,0,,,,,,,0.0
150,0,RESIDUAL_SPREAD,72,FRACTIONAL_RESIDUAL_EXIT,ALL_NON_GATE_PAIRS,NON_GATE_PAIRS,61,3,58,0.9508196721311475,118.4501456153239,125.4206847713323,1.0,94.26150710061656,108.11003050982356,132.27553029882847,137.75940672082544,-15.935321922736131,-5.647811152538207,144.87833364667043,145.3712884661784,130.0,105.0,165.0,180.0,0.001469341621927098,0,2,114.96487603731973,125.4206847713323,145.68406820929525,-27.233922593971332,118.4501456153239,-0.0,2.0
150,0,RESIDUAL_SPREAD,72,FRACTIONAL_RESIDUAL_EXIT,ALL_PAIRS,ALL,102,3,99,0.9705882352941176,118.4501456153239,125.4206847713323,1.0,94.26150710061656,108.11003050982356,132.27553029882847,137.75940672082544,-15.935321922736131,-5.647811152538207,144.87833364667043,145.3712884661784,130.0,105.0,165.0,180.0,0.00081630090107061,0,2,114.96487603731973,125.4206847713323,145.68406820929525,-27.233922593971332,118.4501456153239,-0.0,2.0
150,20,RESIDUAL_SPREAD,24,LEGACY_RAW_EXIT,binance/bitget,NON_GATE_PAIRS,52,0,52,1.0,,,,,,,,,,,,,,,,0.0,0,0,,,,,,,0.0
150,20,RESIDUAL_SPREAD,24,LEGACY_RAW_EXIT,binance/gate,GATE_PAIRS,1,0,1,1.0,,,,,,,,,,,,,,,,0.0,0,0,,,,,,,0.0
150,20,RESIDUAL_SPREAD,24,LEGACY_RAW_EXIT,binance/hyperliquid,NON_GATE_PAIRS,1,1,0,0.0,22.61508551144825,22.61508551144825,1.0,22.61508551144825,22.61508551144825,22.61508551144825,22.61508551144825,-7.046243341328751,-7.046243341328751,55.9051339367711,55.9051339367711,90.0,90.0,90.0,90.0,0.0016953941791466515,0,0,22.61508551144825,22.61508551144825,55.98426351144825,-13.369178,42.61508551144825,-20.0,1.0
150,20,RESIDUAL_SPREAD,24,LEGACY_RAW_EXIT,binance/okx,NON_GATE_PAIRS,0,0,0,,,,,,,,,,,,,,,,,,0,0,,,,,,,
150,20,RESIDUAL_SPREAD,24,LEGACY_RAW_EXIT,bitget/gate,GATE_PAIRS,52,0,52,1.0,,,,,,,,,,,,,,,,0.0,0,0,,,,,,,0.0
150,20,RESIDUAL_SPREAD,24,LEGACY_RAW_EXIT,bitget/hyperliquid,NON_GATE_PAIRS,52,0,52,1.0,,,,,,,,,,,,,,,,0.0,0,0,,,,,,,0.0
150,20,RESIDUAL_SPREAD,24,LEGACY_RAW_EXIT,bitget/okx,NON_GATE_PAIRS,52,0,52,1.0,,,,,,,,,,,,,,,,0.0,0,0,,,,,,,0.0
150,20,RESIDUAL_SPREAD,24,LEGACY_RAW_EXIT,gate/hyperliquid,GATE_PAIRS,6,0,6,1.0,,,,,,,,,,,,,,,,0.0,0,0,,,,,,,0.0
150,20,RESIDUAL_SPREAD,24,LEGACY_RAW_EXIT,gate/okx,GATE_PAIRS,2,0,2,1.0,,,,,,,,,,,,,,,,0.0,0,0,,,,,,,0.0
150,20,RESIDUAL_SPREAD,24,LEGACY_RAW_EXIT,hyperliquid/okx,NON_GATE_PAIRS,0,0,0,,,,,,,,,,,,,,,,,,0,0,,,,,,,
150,20,RESIDUAL_SPREAD,24,LEGACY_RAW_EXIT,ALL_GATE_PAIRS,GATE_PAIRS,61,0,61,1.0,,,,,,,,,,,,,,,,0.0,0,0,,,,,,,0.0
150,20,RESIDUAL_SPREAD,24,LEGACY_RAW_EXIT,ALL_NON_GATE_PAIRS,NON_GATE_PAIRS,157,1,156,0.9936305732484076,22.61508551144825,22.61508551144825,1.0,22.61508551144825,22.61508551144825,22.61508551144825,22.61508551144825,-7.046243341328751,-7.046243341328751,55.9051339367711,55.9051339367711,90.0,90.0,90.0,90.0,0.0004238485447866629,0,0,22.61508551144825,22.61508551144825,55.98426351144825,-13.369178,42.61508551144825,-20.0,1.0
150,20,RESIDUAL_SPREAD,24,LEGACY_RAW_EXIT,ALL_PAIRS,ALL,218,1,217,0.9954128440366973,22.61508551144825,22.61508551144825,1.0,22.61508551144825,22.61508551144825,22.61508551144825,22.61508551144825,-7.046243341328751,-7.046243341328751,55.9051339367711,55.9051339367711,90.0,90.0,90.0,90.0,0.00021192427239333144,0,0,22.61508551144825,22.61508551144825,55.98426351144825,-13.369178,42.61508551144825,-20.0,1.0
150,20,RESIDUAL_SPREAD,24,BASELINE_RESIDUAL_EXIT,binance/bitget,NON_GATE_PAIRS,52,0,52,1.0,,,,,,,,,,,,,,,,0.0,0,0,,,,,,,0.0
150,20,RESIDUAL_SPREAD,24,BASELINE_RESIDUAL_EXIT,binance/gate,GATE_PAIRS,1,0,1,1.0,,,,,,,,,,,,,,,,0.0,0,0,,,,,,,0.0
150,20,RESIDUAL_SPREAD,24,BASELINE_RESIDUAL_EXIT,binance/hyperliquid,NON_GATE_PAIRS,1,0,1,1.0,,,,,,,,,,,,,,,,0.0,0,0,,,,,,,0.0
150,20,RESIDUAL_SPREAD,24,BASELINE_RESIDUAL_EXIT,binance/okx,NON_GATE_PAIRS,0,0,0,,,,,,,,,,,,,,,,,,0,0,,,,,,,
150,20,RESIDUAL_SPREAD,24,BASELINE_RESIDUAL_EXIT,bitget/gate,GATE_PAIRS,52,0,52,1.0,,,,,,,,,,,,,,,,0.0,0,0,,,,,,,0.0
150,20,RESIDUAL_SPREAD,24,BASELINE_RESIDUAL_EXIT,bitget/hyperliquid,NON_GATE_PAIRS,52,0,52,1.0,,,,,,,,,,,,,,,,0.0,0,0,,,,,,,0.0
150,20,RESIDUAL_SPREAD,24,BASELINE_RESIDUAL_EXIT,bitget/okx,NON_GATE_PAIRS,52,0,52,1.0,,,,,,,,,,,,,,,,0.0,0,0,,,,,,,0.0
150,20,RESIDUAL_SPREAD,24,BASELINE_RESIDUAL_EXIT,gate/hyperliquid,GATE_PAIRS,6,0,6,1.0,,,,,,,,,,,,,,,,0.0,0,0,,,,,,,0.0
150,20,RESIDUAL_SPREAD,24,BASELINE_RESIDUAL_EXIT,gate/okx,GATE_PAIRS,2,0,2,1.0,,,,,,,,,,,,,,,,0.0,0,0,,,,,,,0.0
150,20,RESIDUAL_SPREAD,24,BASELINE_RESIDUAL_EXIT,hyperliquid/okx,NON_GATE_PAIRS,0,0,0,,,,,,,,,,,,,,,,,,0,0,,,,,,,
150,20,RESIDUAL_SPREAD,24,BASELINE_RESIDUAL_EXIT,ALL_GATE_PAIRS,GATE_PAIRS,61,0,61,1.0,,,,,,,,,,,,,,,,0.0,0,0,,,,,,,0.0
150,20,RESIDUAL_SPREAD,24,BASELINE_RESIDUAL_EXIT,ALL_NON_GATE_PAIRS,NON_GATE_PAIRS,157,0,157,1.0,,,,,,,,,,,,,,,,0.0,0,0,,,,,,,0.0
150,20,RESIDUAL_SPREAD,24,BASELINE_RESIDUAL_EXIT,ALL_PAIRS,ALL,218,0,218,1.0,,,,,,,,,,,,,,,,0.0,0,0,,,,,,,0.0
150,20,RESIDUAL_SPREAD,24,FRACTIONAL_RESIDUAL_EXIT,binance/bitget,NON_GATE_PAIRS,52,0,52,1.0,,,,,,,,,,,,,,,,0.0,0,0,,,,,,,0.0
150,20,RESIDUAL_SPREAD,24,FRACTIONAL_RESIDUAL_EXIT,binance/gate,GATE_PAIRS,1,0,1,1.0,,,,,,,,,,,,,,,,0.0,0,0,,,,,,,0.0
150,20,RESIDUAL_SPREAD,24,FRACTIONAL_RESIDUAL_EXIT,binance/hyperliquid,NON_GATE_PAIRS,1,0,1,1.0,,,,,,,,,,,,,,,,0.0,0,0,,,,,,,0.0
150,20,RESIDUAL_SPREAD,24,FRACTIONAL_RESIDUAL_EXIT,binance/okx,NON_GATE_PAIRS,0,0,0,,,,,,,,,,,,,,,,,,0,0,,,,,,,
150,20,RESIDUAL_SPREAD,24,FRACTIONAL_RESIDUAL_EXIT,bitget/gate,GATE_PAIRS,52,0,52,1.0,,,,,,,,,,,,,,,,0.0,0,0,,,,,,,0.0
150,20,RESIDUAL_SPREAD,24,FRACTIONAL_RESIDUAL_EXIT,bitget/hyperliquid,NON_GATE_PAIRS,52,0,52,1.0,,,,,,,,,,,,,,,,0.0,0,0,,,,,,,0.0
150,20,RESIDUAL_SPREAD,24,FRACTIONAL_RESIDUAL_EXIT,bitget/okx,NON_GATE_PAIRS,52,0,52,1.0,,,,,,,,,,,,,,,,0.0,0,0,,,,,,,0.0
150,20,RESIDUAL_SPREAD,24,FRACTIONAL_RESIDUAL_EXIT,gate/hyperliquid,GATE_PAIRS,6,0,6,1.0,,,,,,,,,,,,,,,,0.0,0,0,,,,,,,0.0
150,20,RESIDUAL_SPREAD,24,FRACTIONAL_RESIDUAL_EXIT,gate/okx,GATE_PAIRS,2,0,2,1.0,,,,,,,,,,,,,,,,0.0,0,0,,,,,,,0.0
150,20,RESIDUAL_SPREAD,24,FRACTIONAL_RESIDUAL_EXIT,hyperliquid/okx,NON_GATE_PAIRS,0,0,0,,,,,,,,,,,,,,,,,,0,0,,,,,,,
150,20,RESIDUAL_SPREAD,24,FRACTIONAL_RESIDUAL_EXIT,ALL_GATE_PAIRS,GATE_PAIRS,61,0,61,1.0,,,,,,,,,,,,,,,,0.0,0,0,,,,,,,0.0
150,20,RESIDUAL_SPREAD,24,FRACTIONAL_RESIDUAL_EXIT,ALL_NON_GATE_PAIRS,NON_GATE_PAIRS,157,0,157,1.0,,,,,,,,,,,,,,,,0.0,0,0,,,,,,,0.0
150,20,RESIDUAL_SPREAD,24,FRACTIONAL_RESIDUAL_EXIT,ALL_PAIRS,ALL,218,0,218,1.0,,,,,,,,,,,,,,,,0.0,0,0,,,,,,,0.0
150,20,RESIDUAL_SPREAD,72,LEGACY_RAW_EXIT,binance/bitget,NON_GATE_PAIRS,19,0,19,1.0,,,,,,,,,,,,,,,,0.0,0,0,,,,,,,0.0
150,20,RESIDUAL_SPREAD,72,LEGACY_RAW_EXIT,binance/gate,GATE_PAIRS,9,0,9,1.0,,,,,,,,,,,,,,,,0.0,0,0,,,,,,,0.0
150,20,RESIDUAL_SPREAD,72,LEGACY_RAW_EXIT,binance/hyperliquid,NON_GATE_PAIRS,3,3,0,0.0,52.980474655468356,51.547993065473776,1.0,25.508376266850803,37.081539288461016,68.16316922747839,81.4553101570821,-5.330351068471757,-5.647811152538207,87.34136829834371,91.39192885879498,80.0,90.0,90.0,90.0,0.004521051144391071,0,0,37.081539288461016,84.77834538948302,87.57726798880168,-14.596793333333332,72.98047465546836,-20.0,2.0
150,20,RESIDUAL_SPREAD,72,LEGACY_RAW_EXIT,binance/okx,NON_GATE_PAIRS,1,1,0,0.0,-28.39477593056383,-28.39477593056383,0.0,-28.39477593056383,-28.39477593056383,-28.39477593056383,-28.39477593056383,-38.86115590412187,-38.86115590412187,43.917453322726,43.917453322726,60.0,60.0,60.0,60.0,0.0011302627860977678,0,0,-28.39477593056383,-28.39477593056383,42.88578985135017,-51.280565781914,-8.394775930563831,-20.0,1.0
150,20,RESIDUAL_SPREAD,72,LEGACY_RAW_EXIT,bitget/gate,GATE_PAIRS,19,0,19,1.0,,,,,,,,,,,,,,,,0.0,0,0,,,,,,,0.0
150,20,RESIDUAL_SPREAD,72,LEGACY_RAW_EXIT,bitget/hyperliquid,NON_GATE_PAIRS,19,0,19,1.0,,,,,,,,,,,,,,,,0.0,0,0,,,,,,,0.0
150,20,RESIDUAL_SPREAD,72,LEGACY_RAW_EXIT,bitget/okx,NON_GATE_PAIRS,19,0,19,1.0,,,,,,,,,,,,,,,,0.0,0,0,,,,,,,0.0
150,20,RESIDUAL_SPREAD,72,LEGACY_RAW_EXIT,gate/hyperliquid,GATE_PAIRS,4,0,4,1.0,,,,,,,,,,,,,,,,0.0,0,0,,,,,,,0.0
150,20,RESIDUAL_SPREAD,72,LEGACY_RAW_EXIT,gate/okx,GATE_PAIRS,9,0,9,1.0,,,,,,,,,,,,,,,,0.0,0,0,,,,,,,0.0
150,20,RESIDUAL_SPREAD,72,LEGACY_RAW_EXIT,hyperliquid/okx,NON_GATE_PAIRS,0,0,0,,,,,,,,,,,,,,,,,,0,0,,,,,,,
150,20,RESIDUAL_SPREAD,72,LEGACY_RAW_EXIT,ALL_GATE_PAIRS,GATE_PAIRS,41,0,41,1.0,,,,,,,,,,,,,,,,0.0,0,0,,,,,,,0.0
150,20,RESIDUAL_SPREAD,72,LEGACY_RAW_EXIT,ALL_NON_GATE_PAIRS,NON_GATE_PAIRS,61,4,57,0.9344262295081968,32.63666200896031,37.081539288461016,0.75,-20.74329671426202,9.86262015094523,59.855581146476084,79.79379254088163,-13.713052277384286,-6.347027246933479,76.48538955443928,73.64853139778305,75.0,75.0,90.0,90.0,0.0011302627860977678,0,2,28.191784729459595,37.081539288461016,76.4043984544388,-23.767736445478498,52.63666200896031,-20.0,2.0
150,20,RESIDUAL_SPREAD,72,LEGACY_RAW_EXIT,ALL_PAIRS,ALL,102,4,98,0.9607843137254902,32.63666200896031,37.081539288461016,0.75,-20.74329671426202,9.86262015094523,59.855581146476084,79.79379254088163,-13.713052277384286,-6.347027246933479,76.48538955443928,73.64853139778305,75.0,75.0,90.0,90.0,0.0006279237700543154,0,2,28.191784729459595,37.081539288461016,76.4043984544388,-23.767736445478498,52.63666200896031,-20.0,2.0
150,20,RESIDUAL_SPREAD,72,BASELINE_RESIDUAL_EXIT,binance/bitget,NON_GATE_PAIRS,19,0,19,1.0,,,,,,,,,,,,,,,,0.0,0,0,,,,,,,0.0
150,20,RESIDUAL_SPREAD,72,BASELINE_RESIDUAL_EXIT,binance/gate,GATE_PAIRS,9,0,9,1.0,,,,,,,,,,,,,,,,0.0,0,0,,,,,,,0.0
150,20,RESIDUAL_SPREAD,72,BASELINE_RESIDUAL_EXIT,binance/hyperliquid,NON_GATE_PAIRS,3,2,1,0.3333333333333333,137.27122316280924,137.27122316280924,1.0,122.14284169667903,128.8665667927369,145.67587953288157,152.39960462893944,-4.472404932043261,-4.472404932043261,176.70882051075142,176.70882051075142,135.0,135.0,135.0,135.0,0.005086182537439954,0,0,120.46191042266456,154.0805359029539,177.97768816280922,-20.706465,157.27122316280924,-20.0,2.0
150,20,RESIDUAL_SPREAD,72,BASELINE_RESIDUAL_EXIT,binance/okx,NON_GATE_PAIRS,1,1,0,0.0,104.08450784975189,104.08450784975189,1.0,104.08450784975189,104.08450784975189,104.08450784975189,104.08450784975189,-38.86115590412187,-38.86115590412187,175.61832794965147,175.61832794965147,225.0,225.0,225.0,225.0,0.004238485447866629,0,0,104.08450784975189,104.08450784975189,175.3650736316659,-51.280565781914,124.08450784975189,-20.0,1.0
150,20,RESIDUAL_SPREAD,72,BASELINE_RESIDUAL_EXIT,bitget/gate,GATE_PAIRS,19,0,19,1.0,,,,,,,,,,,,,,,,0.0,0,0,,,,,,,0.0
150,20,RESIDUAL_SPREAD,72,BASELINE_RESIDUAL_EXIT,bitget/hyperliquid,NON_GATE_PAIRS,19,0,19,1.0,,,,,,,,,,,,,,,,0.0,0,0,,,,,,,0.0
150,20,RESIDUAL_SPREAD,72,BASELINE_RESIDUAL_EXIT,bitget/okx,NON_GATE_PAIRS,19,0,19,1.0,,,,,,,,,,,,,,,,0.0,0,0,,,,,,,0.0
150,20,RESIDUAL_SPREAD,72,BASELINE_RESIDUAL_EXIT,gate/hyperliquid,GATE_PAIRS,4,0,4,1.0,,,,,,,,,,,,,,,,0.0,0,0,,,,,,,0.0
150,20,RESIDUAL_SPREAD,72,BASELINE_RESIDUAL_EXIT,gate/okx,GATE_PAIRS,9,0,9,1.0,,,,,,,,,,,,,,,,0.0,0,0,,,,,,,0.0
150,20,RESIDUAL_SPREAD,72,BASELINE_RESIDUAL_EXIT,hyperliquid/okx,NON_GATE_PAIRS,0,0,0,,,,,,,,,,,,,,,,,,0,0,,,,,,,
150,20,RESIDUAL_SPREAD,72,BASELINE_RESIDUAL_EXIT,ALL_GATE_PAIRS,GATE_PAIRS,41,0,41,1.0,,,,,,,,,,,,,,,,0.0,0,0,,,,,,,0.0
150,20,RESIDUAL_SPREAD,72,BASELINE_RESIDUAL_EXIT,ALL_NON_GATE_PAIRS,NON_GATE_PAIRS,61,3,58,0.9508196721311475,126.20898472512346,120.46191042266456,1.0,105.72224810704316,112.27320913620822,137.27122316280924,150.71867335492496,-15.935321922736131,-5.647811152538207,176.34532299038474,175.61832794965147,165.0,135.0,207.0,225.0,0.0018649335970613167,0,2,120.46191042266456,129.0825218763529,177.10681665242814,-30.89783192730467,146.20898472512346,-20.0,2.0
150,20,RESIDUAL_SPREAD,72,BASELINE_RESIDUAL_EXIT,ALL_PAIRS,ALL,102,3,99,0.9705882352941176,126.20898472512346,120.46191042266456,1.0,105.72224810704316,112.27320913620822,137.27122316280924,150.71867335492496,-15.935321922736131,-5.647811152538207,176.34532299038474,175.61832794965147,165.0,135.0,207.0,225.0,0.0010360742205896205,0,2,120.46191042266456,129.0825218763529,177.10681665242814,-30.89783192730467,146.20898472512346,-20.0,2.0
150,20,RESIDUAL_SPREAD,72,FRACTIONAL_RESIDUAL_EXIT,binance/bitget,NON_GATE_PAIRS,19,0,19,1.0,,,,,,,,,,,,,,,,0.0,0,0,,,,,,,0.0
150,20,RESIDUAL_SPREAD,72,FRACTIONAL_RESIDUAL_EXIT,binance/gate,GATE_PAIRS,9,0,9,1.0,,,,,,,,,,,,,,,,0.0,0,0,,,,,,,0.0
150,20,RESIDUAL_SPREAD,72,FRACTIONAL_RESIDUAL_EXIT,binance/hyperliquid,NON_GATE_PAIRS,3,2,1,0.3333333333333333,112.2755302988285,112.2755302988285,1.0,106.10616932408192,108.8481075350804,115.70295306257658,118.44489127357507,-4.472404932043261,-4.472404932043261,146.19388827387337,146.19388827387337,105.0,105.0,105.0,105.0,0.003955919751342187,0,0,105.4206847713323,119.13037582632468,147.48613129882847,-15.210601,132.27553029882847,-20.0,2.0
150,20,RESIDUAL_SPREAD,72,FRACTIONAL_RESIDUAL_EXIT,binance/okx,NON_GATE_PAIRS,1,1,0,0.0,70.79937624831479,70.79937624831479,1.0,70.79937624831479,70.79937624831479,70.79937624831479,70.79937624831479,-38.86115590412187,-38.86115590412187,142.24722439226457,142.24722439226457,180.0,180.0,180.0,180.0,0.003390788358293303,0,0,70.79937624831479,70.79937624831479,142.07994203022878,-51.280565781914,90.7993762483148,-20.0,1.0
150,20,RESIDUAL_SPREAD,72,FRACTIONAL_RESIDUAL_EXIT,bitget/gate,GATE_PAIRS,19,0,19,1.0,,,,,,,,,,,,,,,,0.0,0,0,,,,,,,0.0
150,20,RESIDUAL_SPREAD,72,FRACTIONAL_RESIDUAL_EXIT,bitget/hyperliquid,NON_GATE_PAIRS,19,0,19,1.0,,,,,,,,,,,,,,,,0.0,0,0,,,,,,,0.0
150,20,RESIDUAL_SPREAD,72,FRACTIONAL_RESIDUAL_EXIT,bitget/okx,NON_GATE_PAIRS,19,0,19,1.0,,,,,,,,,,,,,,,,0.0,0,0,,,,,,,0.0
150,20,RESIDUAL_SPREAD,72,FRACTIONAL_RESIDUAL_EXIT,gate/hyperliquid,GATE_PAIRS,4,0,4,1.0,,,,,,,,,,,,,,,,0.0,0,0,,,,,,,0.0
150,20,RESIDUAL_SPREAD,72,FRACTIONAL_RESIDUAL_EXIT,gate/okx,GATE_PAIRS,9,0,9,1.0,,,,,,,,,,,,,,,,0.0,0,0,,,,,,,0.0
150,20,RESIDUAL_SPREAD,72,FRACTIONAL_RESIDUAL_EXIT,hyperliquid/okx,NON_GATE_PAIRS,0,0,0,,,,,,,,,,,,,,,,,,0,0,,,,,,,
150,20,RESIDUAL_SPREAD,72,FRACTIONAL_RESIDUAL_EXIT,ALL_GATE_PAIRS,GATE_PAIRS,41,0,41,1.0,,,,,,,,,,,,,,,,0.0,0,0,,,,,,,0.0
150,20,RESIDUAL_SPREAD,72,FRACTIONAL_RESIDUAL_EXIT,ALL_NON_GATE_PAIRS,NON_GATE_PAIRS,61,3,58,0.9508196721311475,98.45014561532393,105.4206847713323,1.0,74.26150710061654,88.11003050982355,112.2755302988285,117.75940672082544,-15.935321922736131,-5.647811152538207,144.87833364667043,145.3712884661784,130.0,105.0,165.0,180.0,0.001469341621927098,0,2,94.96487603731973,105.4206847713323,145.68406820929525,-27.233922593971332,118.4501456153239,-20.0,2.0
150,20,RESIDUAL_SPREAD,72,FRACTIONAL_RESIDUAL_EXIT,ALL_PAIRS,ALL,102,3,99,0.9705882352941176,98.45014561532393,105.4206847713323,1.0,74.26150710061654,88.11003050982355,112.2755302988285,117.75940672082544,-15.935321922736131,-5.647811152538207,144.87833364667043,145.3712884661784,130.0,105.0,165.0,180.0,0.00081630090107061,0,2,94.96487603731973,105.4206847713323,145.68406820929525,-27.233922593971332,118.4501456153239,-20.0,2.0
150,40,RESIDUAL_SPREAD,24,LEGACY_RAW_EXIT,binance/bitget,NON_GATE_PAIRS,52,0,52,1.0,,,,,,,,,,,,,,,,0.0,0,0,,,,,,,0.0
150,40,RESIDUAL_SPREAD,24,LEGACY_RAW_EXIT,binance/gate,GATE_PAIRS,1,0,1,1.0,,,,,,,,,,,,,,,,0.0,0,0,,,,,,,0.0
150,40,RESIDUAL_SPREAD,24,LEGACY_RAW_EXIT,binance/hyperliquid,NON_GATE_PAIRS,1,1,0,0.0,2.6150855114482496,2.6150855114482496,1.0,2.6150855114482496,2.6150855114482496,2.6150855114482496,2.6150855114482496,-7.046243341328751,-7.046243341328751,55.9051339367711,55.9051339367711,90.0,90.0,90.0,90.0,0.0016953941791466515,0,0,2.6150855114482496,2.6150855114482496,55.98426351144825,-13.369178,42.61508551144825,-40.0,1.0
150,40,RESIDUAL_SPREAD,24,LEGACY_RAW_EXIT,binance/okx,NON_GATE_PAIRS,0,0,0,,,,,,,,,,,,,,,,,,0,0,,,,,,,
150,40,RESIDUAL_SPREAD,24,LEGACY_RAW_EXIT,bitget/gate,GATE_PAIRS,52,0,52,1.0,,,,,,,,,,,,,,,,0.0,0,0,,,,,,,0.0
150,40,RESIDUAL_SPREAD,24,LEGACY_RAW_EXIT,bitget/hyperliquid,NON_GATE_PAIRS,52,0,52,1.0,,,,,,,,,,,,,,,,0.0,0,0,,,,,,,0.0
150,40,RESIDUAL_SPREAD,24,LEGACY_RAW_EXIT,bitget/okx,NON_GATE_PAIRS,52,0,52,1.0,,,,,,,,,,,,,,,,0.0,0,0,,,,,,,0.0
150,40,RESIDUAL_SPREAD,24,LEGACY_RAW_EXIT,gate/hyperliquid,GATE_PAIRS,6,0,6,1.0,,,,,,,,,,,,,,,,0.0,0,0,,,,,,,0.0
150,40,RESIDUAL_SPREAD,24,LEGACY_RAW_EXIT,gate/okx,GATE_PAIRS,2,0,2,1.0,,,,,,,,,,,,,,,,0.0,0,0,,,,,,,0.0
150,40,RESIDUAL_SPREAD,24,LEGACY_RAW_EXIT,hyperliquid/okx,NON_GATE_PAIRS,0,0,0,,,,,,,,,,,,,,,,,,0,0,,,,,,,
150,40,RESIDUAL_SPREAD,24,LEGACY_RAW_EXIT,ALL_GATE_PAIRS,GATE_PAIRS,61,0,61,1.0,,,,,,,,,,,,,,,,0.0,0,0,,,,,,,0.0
150,40,RESIDUAL_SPREAD,24,LEGACY_RAW_EXIT,ALL_NON_GATE_PAIRS,NON_GATE_PAIRS,157,1,156,0.9936305732484076,2.6150855114482496,2.6150855114482496,1.0,2.6150855114482496,2.6150855114482496,2.6150855114482496,2.6150855114482496,-7.046243341328751,-7.046243341328751,55.9051339367711,55.9051339367711,90.0,90.0,90.0,90.0,0.0004238485447866629,0,0,2.6150855114482496,2.6150855114482496,55.98426351144825,-13.369178,42.61508551144825,-40.0,1.0
150,40,RESIDUAL_SPREAD,24,LEGACY_RAW_EXIT,ALL_PAIRS,ALL,218,1,217,0.9954128440366973,2.6150855114482496,2.6150855114482496,1.0,2.6150855114482496,2.6150855114482496,2.6150855114482496,2.6150855114482496,-7.046243341328751,-7.046243341328751,55.9051339367711,55.9051339367711,90.0,90.0,90.0,90.0,0.00021192427239333144,0,0,2.6150855114482496,2.6150855114482496,55.98426351144825,-13.369178,42.61508551144825,-40.0,1.0
150,40,RESIDUAL_SPREAD,24,BASELINE_RESIDUAL_EXIT,binance/bitget,NON_GATE_PAIRS,52,0,52,1.0,,,,,,,,,,,,,,,,0.0,0,0,,,,,,,0.0
150,40,RESIDUAL_SPREAD,24,BASELINE_RESIDUAL_EXIT,binance/gate,GATE_PAIRS,1,0,1,1.0,,,,,,,,,,,,,,,,0.0,0,0,,,,,,,0.0
150,40,RESIDUAL_SPREAD,24,BASELINE_RESIDUAL_EXIT,binance/hyperliquid,NON_GATE_PAIRS,1,0,1,1.0,,,,,,,,,,,,,,,,0.0,0,0,,,,,,,0.0
150,40,RESIDUAL_SPREAD,24,BASELINE_RESIDUAL_EXIT,binance/okx,NON_GATE_PAIRS,0,0,0,,,,,,,,,,,,,,,,,,0,0,,,,,,,
150,40,RESIDUAL_SPREAD,24,BASELINE_RESIDUAL_EXIT,bitget/gate,GATE_PAIRS,52,0,52,1.0,,,,,,,,,,,,,,,,0.0,0,0,,,,,,,0.0
150,40,RESIDUAL_SPREAD,24,BASELINE_RESIDUAL_EXIT,bitget/hyperliquid,NON_GATE_PAIRS,52,0,52,1.0,,,,,,,,,,,,,,,,0.0,0,0,,,,,,,0.0
150,40,RESIDUAL_SPREAD,24,BASELINE_RESIDUAL_EXIT,bitget/okx,NON_GATE_PAIRS,52,0,52,1.0,,,,,,,,,,,,,,,,0.0,0,0,,,,,,,0.0
150,40,RESIDUAL_SPREAD,24,BASELINE_RESIDUAL_EXIT,gate/hyperliquid,GATE_PAIRS,6,0,6,1.0,,,,,,,,,,,,,,,,0.0,0,0,,,,,,,0.0
150,40,RESIDUAL_SPREAD,24,BASELINE_RESIDUAL_EXIT,gate/okx,GATE_PAIRS,2,0,2,1.0,,,,,,,,,,,,,,,,0.0,0,0,,,,,,,0.0
150,40,RESIDUAL_SPREAD,24,BASELINE_RESIDUAL_EXIT,hyperliquid/okx,NON_GATE_PAIRS,0,0,0,,,,,,,,,,,,,,,,,,0,0,,,,,,,
150,40,RESIDUAL_SPREAD,24,BASELINE_RESIDUAL_EXIT,ALL_GATE_PAIRS,GATE_PAIRS,61,0,61,1.0,,,,,,,,,,,,,,,,0.0,0,0,,,,,,,0.0
150,40,RESIDUAL_SPREAD,24,BASELINE_RESIDUAL_EXIT,ALL_NON_GATE_PAIRS,NON_GATE_PAIRS,157,0,157,1.0,,,,,,,,,,,,,,,,0.0,0,0,,,,,,,0.0
150,40,RESIDUAL_SPREAD,24,BASELINE_RESIDUAL_EXIT,ALL_PAIRS,ALL,218,0,218,1.0,,,,,,,,,,,,,,,,0.0,0,0,,,,,,,0.0
150,40,RESIDUAL_SPREAD,24,FRACTIONAL_RESIDUAL_EXIT,binance/bitget,NON_GATE_PAIRS,52,0,52,1.0,,,,,,,,,,,,,,,,0.0,0,0,,,,,,,0.0
150,40,RESIDUAL_SPREAD,24,FRACTIONAL_RESIDUAL_EXIT,binance/gate,GATE_PAIRS,1,0,1,1.0,,,,,,,,,,,,,,,,0.0,0,0,,,,,,,0.0
150,40,RESIDUAL_SPREAD,24,FRACTIONAL_RESIDUAL_EXIT,binance/hyperliquid,NON_GATE_PAIRS,1,0,1,1.0,,,,,,,,,,,,,,,,0.0,0,0,,,,,,,0.0
150,40,RESIDUAL_SPREAD,24,FRACTIONAL_RESIDUAL_EXIT,binance/okx,NON_GATE_PAIRS,0,0,0,,,,,,,,,,,,,,,,,,0,0,,,,,,,
150,40,RESIDUAL_SPREAD,24,FRACTIONAL_RESIDUAL_EXIT,bitget/gate,GATE_PAIRS,52,0,52,1.0,,,,,,,,,,,,,,,,0.0,0,0,,,,,,,0.0
150,40,RESIDUAL_SPREAD,24,FRACTIONAL_RESIDUAL_EXIT,bitget/hyperliquid,NON_GATE_PAIRS,52,0,52,1.0,,,,,,,,,,,,,,,,0.0,0,0,,,,,,,0.0
150,40,RESIDUAL_SPREAD,24,FRACTIONAL_RESIDUAL_EXIT,bitget/okx,NON_GATE_PAIRS,52,0,52,1.0,,,,,,,,,,,,,,,,0.0,0,0,,,,,,,0.0
150,40,RESIDUAL_SPREAD,24,FRACTIONAL_RESIDUAL_EXIT,gate/hyperliquid,GATE_PAIRS,6,0,6,1.0,,,,,,,,,,,,,,,,0.0,0,0,,,,,,,0.0
150,40,RESIDUAL_SPREAD,24,FRACTIONAL_RESIDUAL_EXIT,gate/okx,GATE_PAIRS,2,0,2,1.0,,,,,,,,,,,,,,,,0.0,0,0,,,,,,,0.0
150,40,RESIDUAL_SPREAD,24,FRACTIONAL_RESIDUAL_EXIT,hyperliquid/okx,NON_GATE_PAIRS,0,0,0,,,,,,,,,,,,,,,,,,0,0,,,,,,,
150,40,RESIDUAL_SPREAD,24,FRACTIONAL_RESIDUAL_EXIT,ALL_GATE_PAIRS,GATE_PAIRS,61,0,61,1.0,,,,,,,,,,,,,,,,0.0,0,0,,,,,,,0.0
150,40,RESIDUAL_SPREAD,24,FRACTIONAL_RESIDUAL_EXIT,ALL_NON_GATE_PAIRS,NON_GATE_PAIRS,157,0,157,1.0,,,,,,,,,,,,,,,,0.0,0,0,,,,,,,0.0
150,40,RESIDUAL_SPREAD,24,FRACTIONAL_RESIDUAL_EXIT,ALL_PAIRS,ALL,218,0,218,1.0,,,,,,,,,,,,,,,,0.0,0,0,,,,,,,0.0
150,40,RESIDUAL_SPREAD,72,LEGACY_RAW_EXIT,binance/bitget,NON_GATE_PAIRS,19,0,19,1.0,,,,,,,,,,,,,,,,0.0,0,0,,,,,,,0.0
150,40,RESIDUAL_SPREAD,72,LEGACY_RAW_EXIT,binance/gate,GATE_PAIRS,9,0,9,1.0,,,,,,,,,,,,,,,,0.0,0,0,,,,,,,0.0
150,40,RESIDUAL_SPREAD,72,LEGACY_RAW_EXIT,binance/hyperliquid,NON_GATE_PAIRS,3,3,0,0.0,32.98047465546835,31.547993065473776,1.0,5.508376266850803,17.081539288461013,48.1631692274784,61.455310157082096,-5.330351068471757,-5.647811152538207,87.34136829834371,91.39192885879498,80.0,90.0,90.0,90.0,0.004521051144391071,0,0,17.081539288461013,64.77834538948302,87.57726798880168,-14.596793333333332,72.98047465546836,-40.0,2.0
150,40,RESIDUAL_SPREAD,72,LEGACY_RAW_EXIT,binance/okx,NON_GATE_PAIRS,1,1,0,0.0,-48.39477593056383,-48.39477593056383,0.0,-48.39477593056383,-48.39477593056383,-48.39477593056383,-48.39477593056383,-38.86115590412187,-38.86115590412187,43.917453322726,43.917453322726,60.0,60.0,60.0,60.0,0.0011302627860977678,0,0,-48.39477593056383,-48.39477593056383,42.88578985135017,-51.280565781914,-8.394775930563831,-40.0,1.0
150,40,RESIDUAL_SPREAD,72,LEGACY_RAW_EXIT,bitget/gate,GATE_PAIRS,19,0,19,1.0,,,,,,,,,,,,,,,,0.0,0,0,,,,,,,0.0
150,40,RESIDUAL_SPREAD,72,LEGACY_RAW_EXIT,bitget/hyperliquid,NON_GATE_PAIRS,19,0,19,1.0,,,,,,,,,,,,,,,,0.0,0,0,,,,,,,0.0
150,40,RESIDUAL_SPREAD,72,LEGACY_RAW_EXIT,bitget/okx,NON_GATE_PAIRS,19,0,19,1.0,,,,,,,,,,,,,,,,0.0,0,0,,,,,,,0.0
150,40,RESIDUAL_SPREAD,72,LEGACY_RAW_EXIT,gate/hyperliquid,GATE_PAIRS,4,0,4,1.0,,,,,,,,,,,,,,,,0.0,0,0,,,,,,,0.0
150,40,RESIDUAL_SPREAD,72,LEGACY_RAW_EXIT,gate/okx,GATE_PAIRS,9,0,9,1.0,,,,,,,,,,,,,,,,0.0,0,0,,,,,,,0.0
150,40,RESIDUAL_SPREAD,72,LEGACY_RAW_EXIT,hyperliquid/okx,NON_GATE_PAIRS,0,0,0,,,,,,,,,,,,,,,,,,0,0,,,,,,,
150,40,RESIDUAL_SPREAD,72,LEGACY_RAW_EXIT,ALL_GATE_PAIRS,GATE_PAIRS,41,0,41,1.0,,,,,,,,,,,,,,,,0.0,0,0,,,,,,,0.0
150,40,RESIDUAL_SPREAD,72,LEGACY_RAW_EXIT,ALL_NON_GATE_PAIRS,NON_GATE_PAIRS,61,4,57,0.9344262295081968,12.636662008960302,17.081539288461013,0.75,-40.743296714262016,-10.13737984905477,39.855581146476084,59.793792540881626,-13.713052277384286,-6.347027246933479,76.48538955443928,73.64853139778305,75.0,75.0,90.0,90.0,0.0011302627860977678,0,2,8.191784729459595,17.081539288461013,76.4043984544388,-23.767736445478498,52.63666200896031,-40.0,2.0
150,40,RESIDUAL_SPREAD,72,LEGACY_RAW_EXIT,ALL_PAIRS,ALL,102,4,98,0.9607843137254902,12.636662008960302,17.081539288461013,0.75,-40.743296714262016,-10.13737984905477,39.855581146476084,59.793792540881626,-13.713052277384286,-6.347027246933479,76.48538955443928,73.64853139778305,75.0,75.0,90.0,90.0,0.0006279237700543154,0,2,8.191784729459595,17.081539288461013,76.4043984544388,-23.767736445478498,52.63666200896031,-40.0,2.0
150,40,RESIDUAL_SPREAD,72,BASELINE_RESIDUAL_EXIT,binance/bitget,NON_GATE_PAIRS,19,0,19,1.0,,,,,,,,,,,,,,,,0.0,0,0,,,,,,,0.0
150,40,RESIDUAL_SPREAD,72,BASELINE_RESIDUAL_EXIT,binance/gate,GATE_PAIRS,9,0,9,1.0,,,,,,,,,,,,,,,,0.0,0,0,,,,,,,0.0
150,40,RESIDUAL_SPREAD,72,BASELINE_RESIDUAL_EXIT,binance/hyperliquid,NON_GATE_PAIRS,3,2,1,0.3333333333333333,117.27122316280924,117.27122316280924,1.0,102.14284169667903,108.86656679273689,125.67587953288157,132.39960462893944,-4.472404932043261,-4.472404932043261,176.70882051075142,176.70882051075142,135.0,135.0,135.0,135.0,0.005086182537439954,0,0,100.46191042266456,134.0805359029539,177.97768816280922,-20.706465,157.27122316280924,-40.0,2.0
150,40,RESIDUAL_SPREAD,72,BASELINE_RESIDUAL_EXIT,binance/okx,NON_GATE_PAIRS,1,1,0,0.0,84.08450784975187,84.08450784975187,1.0,84.08450784975187,84.08450784975187,84.08450784975187,84.08450784975187,-38.86115590412187,-38.86115590412187,175.61832794965147,175.61832794965147,225.0,225.0,225.0,225.0,0.004238485447866629,0,0,84.08450784975187,84.08450784975187,175.3650736316659,-51.280565781914,124.08450784975189,-40.0,1.0
150,40,RESIDUAL_SPREAD,72,BASELINE_RESIDUAL_EXIT,bitget/gate,GATE_PAIRS,19,0,19,1.0,,,,,,,,,,,,,,,,0.0,0,0,,,,,,,0.0
150,40,RESIDUAL_SPREAD,72,BASELINE_RESIDUAL_EXIT,bitget/hyperliquid,NON_GATE_PAIRS,19,0,19,1.0,,,,,,,,,,,,,,,,0.0,0,0,,,,,,,0.0
150,40,RESIDUAL_SPREAD,72,BASELINE_RESIDUAL_EXIT,bitget/okx,NON_GATE_PAIRS,19,0,19,1.0,,,,,,,,,,,,,,,,0.0,0,0,,,,,,,0.0
150,40,RESIDUAL_SPREAD,72,BASELINE_RESIDUAL_EXIT,gate/hyperliquid,GATE_PAIRS,4,0,4,1.0,,,,,,,,,,,,,,,,0.0,0,0,,,,,,,0.0
150,40,RESIDUAL_SPREAD,72,BASELINE_RESIDUAL_EXIT,gate/okx,GATE_PAIRS,9,0,9,1.0,,,,,,,,,,,,,,,,0.0,0,0,,,,,,,0.0
150,40,RESIDUAL_SPREAD,72,BASELINE_RESIDUAL_EXIT,hyperliquid/okx,NON_GATE_PAIRS,0,0,0,,,,,,,,,,,,,,,,,,0,0,,,,,,,
150,40,RESIDUAL_SPREAD,72,BASELINE_RESIDUAL_EXIT,ALL_GATE_PAIRS,GATE_PAIRS,41,0,41,1.0,,,,,,,,,,,,,,,,0.0,0,0,,,,,,,0.0
150,40,RESIDUAL_SPREAD,72,BASELINE_RESIDUAL_EXIT,ALL_NON_GATE_PAIRS,NON_GATE_PAIRS,61,3,58,0.9508196721311475,106.20898472512344,100.46191042266456,1.0,85.72224810704314,92.27320913620821,117.27122316280924,130.71867335492496,-15.935321922736131,-5.647811152538207,176.34532299038474,175.61832794965147,165.0,135.0,207.0,225.0,0.0018649335970613167,0,2,100.46191042266456,109.08252187635289,177.10681665242814,-30.89783192730467,146.20898472512346,-40.0,2.0
150,40,RESIDUAL_SPREAD,72,BASELINE_RESIDUAL_EXIT,ALL_PAIRS,ALL,102,3,99,0.9705882352941176,106.20898472512344,100.46191042266456,1.0,85.72224810704314,92.27320913620821,117.27122316280924,130.71867335492496,-15.935321922736131,-5.647811152538207,176.34532299038474,175.61832794965147,165.0,135.0,207.0,225.0,0.0010360742205896205,0,2,100.46191042266456,109.08252187635289,177.10681665242814,-30.89783192730467,146.20898472512346,-40.0,2.0
150,40,RESIDUAL_SPREAD,72,FRACTIONAL_RESIDUAL_EXIT,binance/bitget,NON_GATE_PAIRS,19,0,19,1.0,,,,,,,,,,,,,,,,0.0,0,0,,,,,,,0.0
150,40,RESIDUAL_SPREAD,72,FRACTIONAL_RESIDUAL_EXIT,binance/gate,GATE_PAIRS,9,0,9,1.0,,,,,,,,,,,,,,,,0.0,0,0,,,,,,,0.0
150,40,RESIDUAL_SPREAD,72,FRACTIONAL_RESIDUAL_EXIT,binance/hyperliquid,NON_GATE_PAIRS,3,2,1,0.3333333333333333,92.2755302988285,92.2755302988285,1.0,86.10616932408192,88.8481075350804,95.70295306257658,98.44489127357507,-4.472404932043261,-4.472404932043261,146.19388827387337,146.19388827387337,105.0,105.0,105.0,105.0,0.003955919751342187,0,0,85.4206847713323,99.13037582632468,147.48613129882847,-15.210601,132.27553029882847,-40.0,2.0
150,40,RESIDUAL_SPREAD,72,FRACTIONAL_RESIDUAL_EXIT,binance/okx,NON_GATE_PAIRS,1,1,0,0.0,50.79937624831479,50.79937624831479,1.0,50.79937624831479,50.79937624831479,50.79937624831479,50.79937624831479,-38.86115590412187,-38.86115590412187,142.24722439226457,142.24722439226457,180.0,180.0,180.0,180.0,0.003390788358293303,0,0,50.79937624831479,50.79937624831479,142.07994203022878,-51.280565781914,90.7993762483148,-40.0,1.0
150,40,RESIDUAL_SPREAD,72,FRACTIONAL_RESIDUAL_EXIT,bitget/gate,GATE_PAIRS,19,0,19,1.0,,,,,,,,,,,,,,,,0.0,0,0,,,,,,,0.0
150,40,RESIDUAL_SPREAD,72,FRACTIONAL_RESIDUAL_EXIT,bitget/hyperliquid,NON_GATE_PAIRS,19,0,19,1.0,,,,,,,,,,,,,,,,0.0,0,0,,,,,,,0.0
150,40,RESIDUAL_SPREAD,72,FRACTIONAL_RESIDUAL_EXIT,bitget/okx,NON_GATE_PAIRS,19,0,19,1.0,,,,,,,,,,,,,,,,0.0,0,0,,,,,,,0.0
150,40,RESIDUAL_SPREAD,72,FRACTIONAL_RESIDUAL_EXIT,gate/hyperliquid,GATE_PAIRS,4,0,4,1.0,,,,,,,,,,,,,,,,0.0,0,0,,,,,,,0.0
150,40,RESIDUAL_SPREAD,72,FRACTIONAL_RESIDUAL_EXIT,gate/okx,GATE_PAIRS,9,0,9,1.0,,,,,,,,,,,,,,,,0.0,0,0,,,,,,,0.0
150,40,RESIDUAL_SPREAD,72,FRACTIONAL_RESIDUAL_EXIT,hyperliquid/okx,NON_GATE_PAIRS,0,0,0,,,,,,,,,,,,,,,,,,0,0,,,,,,,
150,40,RESIDUAL_SPREAD,72,FRACTIONAL_RESIDUAL_EXIT,ALL_GATE_PAIRS,GATE_PAIRS,41,0,41,1.0,,,,,,,,,,,,,,,,0.0,0,0,,,,,,,0.0
150,40,RESIDUAL_SPREAD,72,FRACTIONAL_RESIDUAL_EXIT,ALL_NON_GATE_PAIRS,NON_GATE_PAIRS,61,3,58,0.9508196721311475,78.45014561532393,85.4206847713323,1.0,54.26150710061654,68.11003050982355,92.2755302988285,97.75940672082544,-15.935321922736131,-5.647811152538207,144.87833364667043,145.3712884661784,130.0,105.0,165.0,180.0,0.001469341621927098,0,2,74.96487603731974,85.4206847713323,145.68406820929525,-27.233922593971332,118.4501456153239,-40.0,2.0
150,40,RESIDUAL_SPREAD,72,FRACTIONAL_RESIDUAL_EXIT,ALL_PAIRS,ALL,102,3,99,0.9705882352941176,78.45014561532393,85.4206847713323,1.0,54.26150710061654,68.11003050982355,92.2755302988285,97.75940672082544,-15.935321922736131,-5.647811152538207,144.87833364667043,145.3712884661784,130.0,105.0,165.0,180.0,0.00081630090107061,0,2,74.96487603731974,85.4206847713323,145.68406820929525,-27.233922593971332,118.4501456153239,-40.0,2.0
150,58,RESIDUAL_SPREAD,24,LEGACY_RAW_EXIT,binance/bitget,NON_GATE_PAIRS,52,0,52,1.0,,,,,,,,,,,,,,,,0.0,0,0,,,,,,,0.0
150,58,RESIDUAL_SPREAD,24,LEGACY_RAW_EXIT,binance/gate,GATE_PAIRS,1,0,1,1.0,,,,,,,,,,,,,,,,0.0,0,0,,,,,,,0.0
150,58,RESIDUAL_SPREAD,24,LEGACY_RAW_EXIT,binance/hyperliquid,NON_GATE_PAIRS,1,1,0,0.0,-15.38491448855175,-15.38491448855175,0.0,-15.38491448855175,-15.38491448855175,-15.38491448855175,-15.38491448855175,-7.046243341328751,-7.046243341328751,55.9051339367711,55.9051339367711,90.0,90.0,90.0,90.0,0.0016953941791466515,0,0,-15.38491448855175,-15.38491448855175,55.98426351144825,-13.369178,42.61508551144825,-58.0,1.0
150,58,RESIDUAL_SPREAD,24,LEGACY_RAW_EXIT,binance/okx,NON_GATE_PAIRS,0,0,0,,,,,,,,,,,,,,,,,,0,0,,,,,,,
150,58,RESIDUAL_SPREAD,24,LEGACY_RAW_EXIT,bitget/gate,GATE_PAIRS,52,0,52,1.0,,,,,,,,,,,,,,,,0.0,0,0,,,,,,,0.0
150,58,RESIDUAL_SPREAD,24,LEGACY_RAW_EXIT,bitget/hyperliquid,NON_GATE_PAIRS,52,0,52,1.0,,,,,,,,,,,,,,,,0.0,0,0,,,,,,,0.0
150,58,RESIDUAL_SPREAD,24,LEGACY_RAW_EXIT,bitget/okx,NON_GATE_PAIRS,52,0,52,1.0,,,,,,,,,,,,,,,,0.0,0,0,,,,,,,0.0
150,58,RESIDUAL_SPREAD,24,LEGACY_RAW_EXIT,gate/hyperliquid,GATE_PAIRS,6,0,6,1.0,,,,,,,,,,,,,,,,0.0,0,0,,,,,,,0.0
150,58,RESIDUAL_SPREAD,24,LEGACY_RAW_EXIT,gate/okx,GATE_PAIRS,2,0,2,1.0,,,,,,,,,,,,,,,,0.0,0,0,,,,,,,0.0
150,58,RESIDUAL_SPREAD,24,LEGACY_RAW_EXIT,hyperliquid/okx,NON_GATE_PAIRS,0,0,0,,,,,,,,,,,,,,,,,,0,0,,,,,,,
150,58,RESIDUAL_SPREAD,24,LEGACY_RAW_EXIT,ALL_GATE_PAIRS,GATE_PAIRS,61,0,61,1.0,,,,,,,,,,,,,,,,0.0,0,0,,,,,,,0.0
150,58,RESIDUAL_SPREAD,24,LEGACY_RAW_EXIT,ALL_NON_GATE_PAIRS,NON_GATE_PAIRS,157,1,156,0.9936305732484076,-15.38491448855175,-15.38491448855175,0.0,-15.38491448855175,-15.38491448855175,-15.38491448855175,-15.38491448855175,-7.046243341328751,-7.046243341328751,55.9051339367711,55.9051339367711,90.0,90.0,90.0,90.0,0.0004238485447866629,0,0,-15.38491448855175,-15.38491448855175,55.98426351144825,-13.369178,42.61508551144825,-58.0,1.0
150,58,RESIDUAL_SPREAD,24,LEGACY_RAW_EXIT,ALL_PAIRS,ALL,218,1,217,0.9954128440366973,-15.38491448855175,-15.38491448855175,0.0,-15.38491448855175,-15.38491448855175,-15.38491448855175,-15.38491448855175,-7.046243341328751,-7.046243341328751,55.9051339367711,55.9051339367711,90.0,90.0,90.0,90.0,0.00021192427239333144,0,0,-15.38491448855175,-15.38491448855175,55.98426351144825,-13.369178,42.61508551144825,-58.0,1.0
150,58,RESIDUAL_SPREAD,24,BASELINE_RESIDUAL_EXIT,binance/bitget,NON_GATE_PAIRS,52,0,52,1.0,,,,,,,,,,,,,,,,0.0,0,0,,,,,,,0.0
150,58,RESIDUAL_SPREAD,24,BASELINE_RESIDUAL_EXIT,binance/gate,GATE_PAIRS,1,0,1,1.0,,,,,,,,,,,,,,,,0.0,0,0,,,,,,,0.0
150,58,RESIDUAL_SPREAD,24,BASELINE_RESIDUAL_EXIT,binance/hyperliquid,NON_GATE_PAIRS,1,0,1,1.0,,,,,,,,,,,,,,,,0.0,0,0,,,,,,,0.0
150,58,RESIDUAL_SPREAD,24,BASELINE_RESIDUAL_EXIT,binance/okx,NON_GATE_PAIRS,0,0,0,,,,,,,,,,,,,,,,,,0,0,,,,,,,
150,58,RESIDUAL_SPREAD,24,BASELINE_RESIDUAL_EXIT,bitget/gate,GATE_PAIRS,52,0,52,1.0,,,,,,,,,,,,,,,,0.0,0,0,,,,,,,0.0
150,58,RESIDUAL_SPREAD,24,BASELINE_RESIDUAL_EXIT,bitget/hyperliquid,NON_GATE_PAIRS,52,0,52,1.0,,,,,,,,,,,,,,,,0.0,0,0,,,,,,,0.0
150,58,RESIDUAL_SPREAD,24,BASELINE_RESIDUAL_EXIT,bitget/okx,NON_GATE_PAIRS,52,0,52,1.0,,,,,,,,,,,,,,,,0.0,0,0,,,,,,,0.0
150,58,RESIDUAL_SPREAD,24,BASELINE_RESIDUAL_EXIT,gate/hyperliquid,GATE_PAIRS,6,0,6,1.0,,,,,,,,,,,,,,,,0.0,0,0,,,,,,,0.0
150,58,RESIDUAL_SPREAD,24,BASELINE_RESIDUAL_EXIT,gate/okx,GATE_PAIRS,2,0,2,1.0,,,,,,,,,,,,,,,,0.0,0,0,,,,,,,0.0
150,58,RESIDUAL_SPREAD,24,BASELINE_RESIDUAL_EXIT,hyperliquid/okx,NON_GATE_PAIRS,0,0,0,,,,,,,,,,,,,,,,,,0,0,,,,,,,
150,58,RESIDUAL_SPREAD,24,BASELINE_RESIDUAL_EXIT,ALL_GATE_PAIRS,GATE_PAIRS,61,0,61,1.0,,,,,,,,,,,,,,,,0.0,0,0,,,,,,,0.0
150,58,RESIDUAL_SPREAD,24,BASELINE_RESIDUAL_EXIT,ALL_NON_GATE_PAIRS,NON_GATE_PAIRS,157,0,157,1.0,,,,,,,,,,,,,,,,0.0,0,0,,,,,,,0.0
150,58,RESIDUAL_SPREAD,24,BASELINE_RESIDUAL_EXIT,ALL_PAIRS,ALL,218,0,218,1.0,,,,,,,,,,,,,,,,0.0,0,0,,,,,,,0.0
150,58,RESIDUAL_SPREAD,24,FRACTIONAL_RESIDUAL_EXIT,binance/bitget,NON_GATE_PAIRS,52,0,52,1.0,,,,,,,,,,,,,,,,0.0,0,0,,,,,,,0.0
150,58,RESIDUAL_SPREAD,24,FRACTIONAL_RESIDUAL_EXIT,binance/gate,GATE_PAIRS,1,0,1,1.0,,,,,,,,,,,,,,,,0.0,0,0,,,,,,,0.0
150,58,RESIDUAL_SPREAD,24,FRACTIONAL_RESIDUAL_EXIT,binance/hyperliquid,NON_GATE_PAIRS,1,0,1,1.0,,,,,,,,,,,,,,,,0.0,0,0,,,,,,,0.0
150,58,RESIDUAL_SPREAD,24,FRACTIONAL_RESIDUAL_EXIT,binance/okx,NON_GATE_PAIRS,0,0,0,,,,,,,,,,,,,,,,,,0,0,,,,,,,
150,58,RESIDUAL_SPREAD,24,FRACTIONAL_RESIDUAL_EXIT,bitget/gate,GATE_PAIRS,52,0,52,1.0,,,,,,,,,,,,,,,,0.0,0,0,,,,,,,0.0
150,58,RESIDUAL_SPREAD,24,FRACTIONAL_RESIDUAL_EXIT,bitget/hyperliquid,NON_GATE_PAIRS,52,0,52,1.0,,,,,,,,,,,,,,,,0.0,0,0,,,,,,,0.0
150,58,RESIDUAL_SPREAD,24,FRACTIONAL_RESIDUAL_EXIT,bitget/okx,NON_GATE_PAIRS,52,0,52,1.0,,,,,,,,,,,,,,,,0.0,0,0,,,,,,,0.0
150,58,RESIDUAL_SPREAD,24,FRACTIONAL_RESIDUAL_EXIT,gate/hyperliquid,GATE_PAIRS,6,0,6,1.0,,,,,,,,,,,,,,,,0.0,0,0,,,,,,,0.0
150,58,RESIDUAL_SPREAD,24,FRACTIONAL_RESIDUAL_EXIT,gate/okx,GATE_PAIRS,2,0,2,1.0,,,,,,,,,,,,,,,,0.0,0,0,,,,,,,0.0
150,58,RESIDUAL_SPREAD,24,FRACTIONAL_RESIDUAL_EXIT,hyperliquid/okx,NON_GATE_PAIRS,0,0,0,,,,,,,,,,,,,,,,,,0,0,,,,,,,
150,58,RESIDUAL_SPREAD,24,FRACTIONAL_RESIDUAL_EXIT,ALL_GATE_PAIRS,GATE_PAIRS,61,0,61,1.0,,,,,,,,,,,,,,,,0.0,0,0,,,,,,,0.0
150,58,RESIDUAL_SPREAD,24,FRACTIONAL_RESIDUAL_EXIT,ALL_NON_GATE_PAIRS,NON_GATE_PAIRS,157,0,157,1.0,,,,,,,,,,,,,,,,0.0,0,0,,,,,,,0.0
150,58,RESIDUAL_SPREAD,24,FRACTIONAL_RESIDUAL_EXIT,ALL_PAIRS,ALL,218,0,218,1.0,,,,,,,,,,,,,,,,0.0,0,0,,,,,,,0.0
150,58,RESIDUAL_SPREAD,72,LEGACY_RAW_EXIT,binance/bitget,NON_GATE_PAIRS,19,0,19,1.0,,,,,,,,,,,,,,,,0.0,0,0,,,,,,,0.0
150,58,RESIDUAL_SPREAD,72,LEGACY_RAW_EXIT,binance/gate,GATE_PAIRS,9,0,9,1.0,,,,,,,,,,,,,,,,0.0,0,0,,,,,,,0.0
150,58,RESIDUAL_SPREAD,72,LEGACY_RAW_EXIT,binance/hyperliquid,NON_GATE_PAIRS,3,3,0,0.0,14.980474655468349,13.547993065473776,0.6666666666666666,-12.491623733149197,-0.9184607115389873,30.1631692274784,43.455310157082096,-5.330351068471757,-5.647811152538207,87.34136829834371,91.39192885879498,80.0,90.0,90.0,90.0,0.004521051144391071,0,0,-0.9184607115389873,46.77834538948302,87.57726798880168,-14.596793333333332,72.98047465546836,-58.0,2.0
150,58,RESIDUAL_SPREAD,72,LEGACY_RAW_EXIT,binance/okx,NON_GATE_PAIRS,1,1,0,0.0,-66.39477593056384,-66.39477593056384,0.0,-66.39477593056384,-66.39477593056384,-66.39477593056384,-66.39477593056384,-38.86115590412187,-38.86115590412187,43.917453322726,43.917453322726,60.0,60.0,60.0,60.0,0.0011302627860977678,0,0,-66.39477593056384,-66.39477593056384,42.88578985135017,-51.280565781914,-8.394775930563831,-58.0,1.0
150,58,RESIDUAL_SPREAD,72,LEGACY_RAW_EXIT,bitget/gate,GATE_PAIRS,19,0,19,1.0,,,,,,,,,,,,,,,,0.0,0,0,,,,,,,0.0
150,58,RESIDUAL_SPREAD,72,LEGACY_RAW_EXIT,bitget/hyperliquid,NON_GATE_PAIRS,19,0,19,1.0,,,,,,,,,,,,,,,,0.0,0,0,,,,,,,0.0
150,58,RESIDUAL_SPREAD,72,LEGACY_RAW_EXIT,bitget/okx,NON_GATE_PAIRS,19,0,19,1.0,,,,,,,,,,,,,,,,0.0,0,0,,,,,,,0.0
150,58,RESIDUAL_SPREAD,72,LEGACY_RAW_EXIT,gate/hyperliquid,GATE_PAIRS,4,0,4,1.0,,,,,,,,,,,,,,,,0.0,0,0,,,,,,,0.0
150,58,RESIDUAL_SPREAD,72,LEGACY_RAW_EXIT,gate/okx,GATE_PAIRS,9,0,9,1.0,,,,,,,,,,,,,,,,0.0,0,0,,,,,,,0.0
150,58,RESIDUAL_SPREAD,72,LEGACY_RAW_EXIT,hyperliquid/okx,NON_GATE_PAIRS,0,0,0,,,,,,,,,,,,,,,,,,0,0,,,,,,,
150,58,RESIDUAL_SPREAD,72,LEGACY_RAW_EXIT,ALL_GATE_PAIRS,GATE_PAIRS,41,0,41,1.0,,,,,,,,,,,,,,,,0.0,0,0,,,,,,,0.0
150,58,RESIDUAL_SPREAD,72,LEGACY_RAW_EXIT,ALL_NON_GATE_PAIRS,NON_GATE_PAIRS,61,4,57,0.9344262295081968,-5.363337991039698,-0.9184607115389873,0.5,-58.74329671426202,-28.137379849054774,21.855581146476087,41.793792540881626,-13.713052277384286,-6.347027246933479,76.48538955443928,73.64853139778305,75.0,75.0,90.0,90.0,0.0011302627860977678,0,2,-9.808215270540408,-0.9184607115389873,76.4043984544388,-23.767736445478498,52.63666200896031,-58.0,2.0
150,58,RESIDUAL_SPREAD,72,LEGACY_RAW_EXIT,ALL_PAIRS,ALL,102,4,98,0.9607843137254902,-5.363337991039698,-0.9184607115389873,0.5,-58.74329671426202,-28.137379849054774,21.855581146476087,41.793792540881626,-13.713052277384286,-6.347027246933479,76.48538955443928,73.64853139778305,75.0,75.0,90.0,90.0,0.0006279237700543154,0,2,-9.808215270540408,-0.9184607115389873,76.4043984544388,-23.767736445478498,52.63666200896031,-58.0,2.0
150,58,RESIDUAL_SPREAD,72,BASELINE_RESIDUAL_EXIT,binance/bitget,NON_GATE_PAIRS,19,0,19,1.0,,,,,,,,,,,,,,,,0.0,0,0,,,,,,,0.0
150,58,RESIDUAL_SPREAD,72,BASELINE_RESIDUAL_EXIT,binance/gate,GATE_PAIRS,9,0,9,1.0,,,,,,,,,,,,,,,,0.0,0,0,,,,,,,0.0
150,58,RESIDUAL_SPREAD,72,BASELINE_RESIDUAL_EXIT,binance/hyperliquid,NON_GATE_PAIRS,3,2,1,0.3333333333333333,99.27122316280924,99.27122316280924,1.0,84.14284169667904,90.8665667927369,107.67587953288157,114.39960462893943,-4.472404932043261,-4.472404932043261,176.70882051075142,176.70882051075142,135.0,135.0,135.0,135.0,0.005086182537439954,0,0,82.46191042266457,116.0805359029539,177.97768816280922,-20.706465,157.27122316280924,-58.0,2.0
150,58,RESIDUAL_SPREAD,72,BASELINE_RESIDUAL_EXIT,binance/okx,NON_GATE_PAIRS,1,1,0,0.0,66.08450784975187,66.08450784975187,1.0,66.08450784975187,66.08450784975187,66.08450784975187,66.08450784975187,-38.86115590412187,-38.86115590412187,175.61832794965147,175.61832794965147,225.0,225.0,225.0,225.0,0.004238485447866629,0,0,66.08450784975187,66.08450784975187,175.3650736316659,-51.280565781914,124.08450784975189,-58.0,1.0
150,58,RESIDUAL_SPREAD,72,BASELINE_RESIDUAL_EXIT,bitget/gate,GATE_PAIRS,19,0,19,1.0,,,,,,,,,,,,,,,,0.0,0,0,,,,,,,0.0
150,58,RESIDUAL_SPREAD,72,BASELINE_RESIDUAL_EXIT,bitget/hyperliquid,NON_GATE_PAIRS,19,0,19,1.0,,,,,,,,,,,,,,,,0.0,0,0,,,,,,,0.0
150,58,RESIDUAL_SPREAD,72,BASELINE_RESIDUAL_EXIT,bitget/okx,NON_GATE_PAIRS,19,0,19,1.0,,,,,,,,,,,,,,,,0.0,0,0,,,,,,,0.0
150,58,RESIDUAL_SPREAD,72,BASELINE_RESIDUAL_EXIT,gate/hyperliquid,GATE_PAIRS,4,0,4,1.0,,,,,,,,,,,,,,,,0.0,0,0,,,,,,,0.0
150,58,RESIDUAL_SPREAD,72,BASELINE_RESIDUAL_EXIT,gate/okx,GATE_PAIRS,9,0,9,1.0,,,,,,,,,,,,,,,,0.0,0,0,,,,,,,0.0
150,58,RESIDUAL_SPREAD,72,BASELINE_RESIDUAL_EXIT,hyperliquid/okx,NON_GATE_PAIRS,0,0,0,,,,,,,,,,,,,,,,,,0,0,,,,,,,
150,58,RESIDUAL_SPREAD,72,BASELINE_RESIDUAL_EXIT,ALL_GATE_PAIRS,GATE_PAIRS,41,0,41,1.0,,,,,,,,,,,,,,,,0.0,0,0,,,,,,,0.0
150,58,RESIDUAL_SPREAD,72,BASELINE_RESIDUAL_EXIT,ALL_NON_GATE_PAIRS,NON_GATE_PAIRS,61,3,58,0.9508196721311475,88.20898472512344,82.46191042266457,1.0,67.72224810704314,74.27320913620822,99.27122316280924,112.71867335492496,-15.935321922736131,-5.647811152538207,176.34532299038474,175.61832794965147,165.0,135.0,207.0,225.0,0.0018649335970613167,0,2,82.46191042266457,91.08252187635289,177.10681665242814,-30.89783192730467,146.20898472512346,-58.0,2.0
150,58,RESIDUAL_SPREAD,72,BASELINE_RESIDUAL_EXIT,ALL_PAIRS,ALL,102,3,99,0.9705882352941176,88.20898472512344,82.46191042266457,1.0,67.72224810704314,74.27320913620822,99.27122316280924,112.71867335492496,-15.935321922736131,-5.647811152538207,176.34532299038474,175.61832794965147,165.0,135.0,207.0,225.0,0.0010360742205896205,0,2,82.46191042266457,91.08252187635289,177.10681665242814,-30.89783192730467,146.20898472512346,-58.0,2.0
150,58,RESIDUAL_SPREAD,72,FRACTIONAL_RESIDUAL_EXIT,binance/bitget,NON_GATE_PAIRS,19,0,19,1.0,,,,,,,,,,,,,,,,0.0,0,0,,,,,,,0.0
150,58,RESIDUAL_SPREAD,72,FRACTIONAL_RESIDUAL_EXIT,binance/gate,GATE_PAIRS,9,0,9,1.0,,,,,,,,,,,,,,,,0.0,0,0,,,,,,,0.0
150,58,RESIDUAL_SPREAD,72,FRACTIONAL_RESIDUAL_EXIT,binance/hyperliquid,NON_GATE_PAIRS,3,2,1,0.3333333333333333,74.27553029882849,74.27553029882849,1.0,68.10616932408192,70.8481075350804,77.70295306257657,80.44489127357505,-4.472404932043261,-4.472404932043261,146.19388827387337,146.19388827387337,105.0,105.0,105.0,105.0,0.003955919751342187,0,0,67.4206847713323,81.13037582632467,147.48613129882847,-15.210601,132.27553029882847,-58.0,2.0
150,58,RESIDUAL_SPREAD,72,FRACTIONAL_RESIDUAL_EXIT,binance/okx,NON_GATE_PAIRS,1,1,0,0.0,32.799376248314786,32.799376248314786,1.0,32.799376248314786,32.799376248314786,32.799376248314786,32.799376248314786,-38.86115590412187,-38.86115590412187,142.24722439226457,142.24722439226457,180.0,180.0,180.0,180.0,0.003390788358293303,0,0,32.799376248314786,32.799376248314786,142.07994203022878,-51.280565781914,90.7993762483148,-58.0,1.0
150,58,RESIDUAL_SPREAD,72,FRACTIONAL_RESIDUAL_EXIT,bitget/gate,GATE_PAIRS,19,0,19,1.0,,,,,,,,,,,,,,,,0.0,0,0,,,,,,,0.0
150,58,RESIDUAL_SPREAD,72,FRACTIONAL_RESIDUAL_EXIT,bitget/hyperliquid,NON_GATE_PAIRS,19,0,19,1.0,,,,,,,,,,,,,,,,0.0,0,0,,,,,,,0.0
150,58,RESIDUAL_SPREAD,72,FRACTIONAL_RESIDUAL_EXIT,bitget/okx,NON_GATE_PAIRS,19,0,19,1.0,,,,,,,,,,,,,,,,0.0,0,0,,,,,,,0.0
150,58,RESIDUAL_SPREAD,72,FRACTIONAL_RESIDUAL_EXIT,gate/hyperliquid,GATE_PAIRS,4,0,4,1.0,,,,,,,,,,,,,,,,0.0,0,0,,,,,,,0.0
150,58,RESIDUAL_SPREAD,72,FRACTIONAL_RESIDUAL_EXIT,gate/okx,GATE_PAIRS,9,0,9,1.0,,,,,,,,,,,,,,,,0.0,0,0,,,,,,,0.0
150,58,RESIDUAL_SPREAD,72,FRACTIONAL_RESIDUAL_EXIT,hyperliquid/okx,NON_GATE_PAIRS,0,0,0,,,,,,,,,,,,,,,,,,0,0,,,,,,,
150,58,RESIDUAL_SPREAD,72,FRACTIONAL_RESIDUAL_EXIT,ALL_GATE_PAIRS,GATE_PAIRS,41,0,41,1.0,,,,,,,,,,,,,,,,0.0,0,0,,,,,,,0.0
150,58,RESIDUAL_SPREAD,72,FRACTIONAL_RESIDUAL_EXIT,ALL_NON_GATE_PAIRS,NON_GATE_PAIRS,61,3,58,0.9508196721311475,60.45014561532392,67.4206847713323,1.0,36.26150710061654,50.110030509823545,74.27553029882849,79.75940672082542,-15.935321922736131,-5.647811152538207,144.87833364667043,145.3712884661784,130.0,105.0,165.0,180.0,0.001469341621927098,0,2,56.964876037319726,67.4206847713323,145.68406820929525,-27.233922593971332,118.4501456153239,-58.0,2.0
150,58,RESIDUAL_SPREAD,72,FRACTIONAL_RESIDUAL_EXIT,ALL_PAIRS,ALL,102,3,99,0.9705882352941176,60.45014561532392,67.4206847713323,1.0,36.26150710061654,50.110030509823545,74.27553029882849,79.75940672082542,-15.935321922736131,-5.647811152538207,144.87833364667043,145.3712884661784,130.0,105.0,165.0,180.0,0.00081630090107061,0,2,56.964876037319726,67.4206847713323,145.68406820929525,-27.233922593971332,118.4501456153239,-58.0,2.0
150,80,RESIDUAL_SPREAD,24,LEGACY_RAW_EXIT,binance/bitget,NON_GATE_PAIRS,52,0,52,1.0,,,,,,,,,,,,,,,,0.0,0,0,,,,,,,0.0
150,80,RESIDUAL_SPREAD,24,LEGACY_RAW_EXIT,binance/gate,GATE_PAIRS,1,0,1,1.0,,,,,,,,,,,,,,,,0.0,0,0,,,,,,,0.0
150,80,RESIDUAL_SPREAD,24,LEGACY_RAW_EXIT,binance/hyperliquid,NON_GATE_PAIRS,1,1,0,0.0,-37.38491448855175,-37.38491448855175,0.0,-37.38491448855175,-37.38491448855175,-37.38491448855175,-37.38491448855175,-7.046243341328751,-7.046243341328751,55.9051339367711,55.9051339367711,90.0,90.0,90.0,90.0,0.0016953941791466515,0,0,-37.38491448855175,-37.38491448855175,55.98426351144825,-13.369178,42.61508551144825,-80.0,1.0
150,80,RESIDUAL_SPREAD,24,LEGACY_RAW_EXIT,binance/okx,NON_GATE_PAIRS,0,0,0,,,,,,,,,,,,,,,,,,0,0,,,,,,,
150,80,RESIDUAL_SPREAD,24,LEGACY_RAW_EXIT,bitget/gate,GATE_PAIRS,52,0,52,1.0,,,,,,,,,,,,,,,,0.0,0,0,,,,,,,0.0
150,80,RESIDUAL_SPREAD,24,LEGACY_RAW_EXIT,bitget/hyperliquid,NON_GATE_PAIRS,52,0,52,1.0,,,,,,,,,,,,,,,,0.0,0,0,,,,,,,0.0
150,80,RESIDUAL_SPREAD,24,LEGACY_RAW_EXIT,bitget/okx,NON_GATE_PAIRS,52,0,52,1.0,,,,,,,,,,,,,,,,0.0,0,0,,,,,,,0.0
150,80,RESIDUAL_SPREAD,24,LEGACY_RAW_EXIT,gate/hyperliquid,GATE_PAIRS,6,0,6,1.0,,,,,,,,,,,,,,,,0.0,0,0,,,,,,,0.0
150,80,RESIDUAL_SPREAD,24,LEGACY_RAW_EXIT,gate/okx,GATE_PAIRS,2,0,2,1.0,,,,,,,,,,,,,,,,0.0,0,0,,,,,,,0.0
150,80,RESIDUAL_SPREAD,24,LEGACY_RAW_EXIT,hyperliquid/okx,NON_GATE_PAIRS,0,0,0,,,,,,,,,,,,,,,,,,0,0,,,,,,,
150,80,RESIDUAL_SPREAD,24,LEGACY_RAW_EXIT,ALL_GATE_PAIRS,GATE_PAIRS,61,0,61,1.0,,,,,,,,,,,,,,,,0.0,0,0,,,,,,,0.0
150,80,RESIDUAL_SPREAD,24,LEGACY_RAW_EXIT,ALL_NON_GATE_PAIRS,NON_GATE_PAIRS,157,1,156,0.9936305732484076,-37.38491448855175,-37.38491448855175,0.0,-37.38491448855175,-37.38491448855175,-37.38491448855175,-37.38491448855175,-7.046243341328751,-7.046243341328751,55.9051339367711,55.9051339367711,90.0,90.0,90.0,90.0,0.0004238485447866629,0,0,-37.38491448855175,-37.38491448855175,55.98426351144825,-13.369178,42.61508551144825,-80.0,1.0
150,80,RESIDUAL_SPREAD,24,LEGACY_RAW_EXIT,ALL_PAIRS,ALL,218,1,217,0.9954128440366973,-37.38491448855175,-37.38491448855175,0.0,-37.38491448855175,-37.38491448855175,-37.38491448855175,-37.38491448855175,-7.046243341328751,-7.046243341328751,55.9051339367711,55.9051339367711,90.0,90.0,90.0,90.0,0.00021192427239333144,0,0,-37.38491448855175,-37.38491448855175,55.98426351144825,-13.369178,42.61508551144825,-80.0,1.0
150,80,RESIDUAL_SPREAD,24,BASELINE_RESIDUAL_EXIT,binance/bitget,NON_GATE_PAIRS,52,0,52,1.0,,,,,,,,,,,,,,,,0.0,0,0,,,,,,,0.0
150,80,RESIDUAL_SPREAD,24,BASELINE_RESIDUAL_EXIT,binance/gate,GATE_PAIRS,1,0,1,1.0,,,,,,,,,,,,,,,,0.0,0,0,,,,,,,0.0
150,80,RESIDUAL_SPREAD,24,BASELINE_RESIDUAL_EXIT,binance/hyperliquid,NON_GATE_PAIRS,1,0,1,1.0,,,,,,,,,,,,,,,,0.0,0,0,,,,,,,0.0
150,80,RESIDUAL_SPREAD,24,BASELINE_RESIDUAL_EXIT,binance/okx,NON_GATE_PAIRS,0,0,0,,,,,,,,,,,,,,,,,,0,0,,,,,,,
150,80,RESIDUAL_SPREAD,24,BASELINE_RESIDUAL_EXIT,bitget/gate,GATE_PAIRS,52,0,52,1.0,,,,,,,,,,,,,,,,0.0,0,0,,,,,,,0.0
150,80,RESIDUAL_SPREAD,24,BASELINE_RESIDUAL_EXIT,bitget/hyperliquid,NON_GATE_PAIRS,52,0,52,1.0,,,,,,,,,,,,,,,,0.0,0,0,,,,,,,0.0
150,80,RESIDUAL_SPREAD,24,BASELINE_RESIDUAL_EXIT,bitget/okx,NON_GATE_PAIRS,52,0,52,1.0,,,,,,,,,,,,,,,,0.0,0,0,,,,,,,0.0
150,80,RESIDUAL_SPREAD,24,BASELINE_RESIDUAL_EXIT,gate/hyperliquid,GATE_PAIRS,6,0,6,1.0,,,,,,,,,,,,,,,,0.0,0,0,,,,,,,0.0
150,80,RESIDUAL_SPREAD,24,BASELINE_RESIDUAL_EXIT,gate/okx,GATE_PAIRS,2,0,2,1.0,,,,,,,,,,,,,,,,0.0,0,0,,,,,,,0.0
150,80,RESIDUAL_SPREAD,24,BASELINE_RESIDUAL_EXIT,hyperliquid/okx,NON_GATE_PAIRS,0,0,0,,,,,,,,,,,,,,,,,,0,0,,,,,,,
150,80,RESIDUAL_SPREAD,24,BASELINE_RESIDUAL_EXIT,ALL_GATE_PAIRS,GATE_PAIRS,61,0,61,1.0,,,,,,,,,,,,,,,,0.0,0,0,,,,,,,0.0
150,80,RESIDUAL_SPREAD,24,BASELINE_RESIDUAL_EXIT,ALL_NON_GATE_PAIRS,NON_GATE_PAIRS,157,0,157,1.0,,,,,,,,,,,,,,,,0.0,0,0,,,,,,,0.0
150,80,RESIDUAL_SPREAD,24,BASELINE_RESIDUAL_EXIT,ALL_PAIRS,ALL,218,0,218,1.0,,,,,,,,,,,,,,,,0.0,0,0,,,,,,,0.0
150,80,RESIDUAL_SPREAD,24,FRACTIONAL_RESIDUAL_EXIT,binance/bitget,NON_GATE_PAIRS,52,0,52,1.0,,,,,,,,,,,,,,,,0.0,0,0,,,,,,,0.0
150,80,RESIDUAL_SPREAD,24,FRACTIONAL_RESIDUAL_EXIT,binance/gate,GATE_PAIRS,1,0,1,1.0,,,,,,,,,,,,,,,,0.0,0,0,,,,,,,0.0
150,80,RESIDUAL_SPREAD,24,FRACTIONAL_RESIDUAL_EXIT,binance/hyperliquid,NON_GATE_PAIRS,1,0,1,1.0,,,,,,,,,,,,,,,,0.0,0,0,,,,,,,0.0
150,80,RESIDUAL_SPREAD,24,FRACTIONAL_RESIDUAL_EXIT,binance/okx,NON_GATE_PAIRS,0,0,0,,,,,,,,,,,,,,,,,,0,0,,,,,,,
150,80,RESIDUAL_SPREAD,24,FRACTIONAL_RESIDUAL_EXIT,bitget/gate,GATE_PAIRS,52,0,52,1.0,,,,,,,,,,,,,,,,0.0,0,0,,,,,,,0.0
150,80,RESIDUAL_SPREAD,24,FRACTIONAL_RESIDUAL_EXIT,bitget/hyperliquid,NON_GATE_PAIRS,52,0,52,1.0,,,,,,,,,,,,,,,,0.0,0,0,,,,,,,0.0
150,80,RESIDUAL_SPREAD,24,FRACTIONAL_RESIDUAL_EXIT,bitget/okx,NON_GATE_PAIRS,52,0,52,1.0,,,,,,,,,,,,,,,,0.0,0,0,,,,,,,0.0
150,80,RESIDUAL_SPREAD,24,FRACTIONAL_RESIDUAL_EXIT,gate/hyperliquid,GATE_PAIRS,6,0,6,1.0,,,,,,,,,,,,,,,,0.0,0,0,,,,,,,0.0
150,80,RESIDUAL_SPREAD,24,FRACTIONAL_RESIDUAL_EXIT,gate/okx,GATE_PAIRS,2,0,2,1.0,,,,,,,,,,,,,,,,0.0,0,0,,,,,,,0.0
150,80,RESIDUAL_SPREAD,24,FRACTIONAL_RESIDUAL_EXIT,hyperliquid/okx,NON_GATE_PAIRS,0,0,0,,,,,,,,,,,,,,,,,,0,0,,,,,,,
150,80,RESIDUAL_SPREAD,24,FRACTIONAL_RESIDUAL_EXIT,ALL_GATE_PAIRS,GATE_PAIRS,61,0,61,1.0,,,,,,,,,,,,,,,,0.0,0,0,,,,,,,0.0
150,80,RESIDUAL_SPREAD,24,FRACTIONAL_RESIDUAL_EXIT,ALL_NON_GATE_PAIRS,NON_GATE_PAIRS,157,0,157,1.0,,,,,,,,,,,,,,,,0.0,0,0,,,,,,,0.0
150,80,RESIDUAL_SPREAD,24,FRACTIONAL_RESIDUAL_EXIT,ALL_PAIRS,ALL,218,0,218,1.0,,,,,,,,,,,,,,,,0.0,0,0,,,,,,,0.0
150,80,RESIDUAL_SPREAD,72,LEGACY_RAW_EXIT,binance/bitget,NON_GATE_PAIRS,19,0,19,1.0,,,,,,,,,,,,,,,,0.0,0,0,,,,,,,0.0
150,80,RESIDUAL_SPREAD,72,LEGACY_RAW_EXIT,binance/gate,GATE_PAIRS,9,0,9,1.0,,,,,,,,,,,,,,,,0.0,0,0,,,,,,,0.0
150,80,RESIDUAL_SPREAD,72,LEGACY_RAW_EXIT,binance/hyperliquid,NON_GATE_PAIRS,3,3,0,0.0,-7.019525344531651,-8.452006934526224,0.3333333333333333,-34.4916237331492,-22.918460711538987,8.163169227478399,21.455310157082096,-5.330351068471757,-5.647811152538207,87.34136829834371,91.39192885879498,80.0,90.0,90.0,90.0,0.004521051144391071,0,0,-22.918460711538987,24.77834538948302,87.57726798880168,-14.596793333333332,72.98047465546836,-80.0,2.0
150,80,RESIDUAL_SPREAD,72,LEGACY_RAW_EXIT,binance/okx,NON_GATE_PAIRS,1,1,0,0.0,-88.39477593056384,-88.39477593056384,0.0,-88.39477593056384,-88.39477593056384,-88.39477593056384,-88.39477593056384,-38.86115590412187,-38.86115590412187,43.917453322726,43.917453322726,60.0,60.0,60.0,60.0,0.0011302627860977678,0,0,-88.39477593056384,-88.39477593056384,42.88578985135017,-51.280565781914,-8.394775930563831,-80.0,1.0
150,80,RESIDUAL_SPREAD,72,LEGACY_RAW_EXIT,bitget/gate,GATE_PAIRS,19,0,19,1.0,,,,,,,,,,,,,,,,0.0,0,0,,,,,,,0.0
150,80,RESIDUAL_SPREAD,72,LEGACY_RAW_EXIT,bitget/hyperliquid,NON_GATE_PAIRS,19,0,19,1.0,,,,,,,,,,,,,,,,0.0,0,0,,,,,,,0.0
150,80,RESIDUAL_SPREAD,72,LEGACY_RAW_EXIT,bitget/okx,NON_GATE_PAIRS,19,0,19,1.0,,,,,,,,,,,,,,,,0.0,0,0,,,,,,,0.0
150,80,RESIDUAL_SPREAD,72,LEGACY_RAW_EXIT,gate/hyperliquid,GATE_PAIRS,4,0,4,1.0,,,,,,,,,,,,,,,,0.0,0,0,,,,,,,0.0
150,80,RESIDUAL_SPREAD,72,LEGACY_RAW_EXIT,gate/okx,GATE_PAIRS,9,0,9,1.0,,,,,,,,,,,,,,,,0.0,0,0,,,,,,,0.0
150,80,RESIDUAL_SPREAD,72,LEGACY_RAW_EXIT,hyperliquid/okx,NON_GATE_PAIRS,0,0,0,,,,,,,,,,,,,,,,,,0,0,,,,,,,
150,80,RESIDUAL_SPREAD,72,LEGACY_RAW_EXIT,ALL_GATE_PAIRS,GATE_PAIRS,41,0,41,1.0,,,,,,,,,,,,,,,,0.0,0,0,,,,,,,0.0
150,80,RESIDUAL_SPREAD,72,LEGACY_RAW_EXIT,ALL_NON_GATE_PAIRS,NON_GATE_PAIRS,61,4,57,0.9344262295081968,-27.3633379910397,-22.918460711538987,0.25,-80.74329671426203,-50.137379849054774,-0.14441885352391282,19.793792540881622,-13.713052277384286,-6.347027246933479,76.48538955443928,73.64853139778305,75.0,75.0,90.0,90.0,0.0011302627860977678,0,2,-31.80821527054041,-22.918460711538987,76.4043984544388,-23.767736445478498,52.63666200896031,-80.0,2.0
150,80,RESIDUAL_SPREAD,72,LEGACY_RAW_EXIT,ALL_PAIRS,ALL,102,4,98,0.9607843137254902,-27.3633379910397,-22.918460711538987,0.25,-80.74329671426203,-50.137379849054774,-0.14441885352391282,19.793792540881622,-13.713052277384286,-6.347027246933479,76.48538955443928,73.64853139778305,75.0,75.0,90.0,90.0,0.0006279237700543154,0,2,-31.80821527054041,-22.918460711538987,76.4043984544388,-23.767736445478498,52.63666200896031,-80.0,2.0
150,80,RESIDUAL_SPREAD,72,BASELINE_RESIDUAL_EXIT,binance/bitget,NON_GATE_PAIRS,19,0,19,1.0,,,,,,,,,,,,,,,,0.0,0,0,,,,,,,0.0
150,80,RESIDUAL_SPREAD,72,BASELINE_RESIDUAL_EXIT,binance/gate,GATE_PAIRS,9,0,9,1.0,,,,,,,,,,,,,,,,0.0,0,0,,,,,,,0.0
150,80,RESIDUAL_SPREAD,72,BASELINE_RESIDUAL_EXIT,binance/hyperliquid,NON_GATE_PAIRS,3,2,1,0.3333333333333333,77.27122316280924,77.27122316280924,1.0,62.14284169667904,68.8665667927369,85.67587953288157,92.39960462893943,-4.472404932043261,-4.472404932043261,176.70882051075142,176.70882051075142,135.0,135.0,135.0,135.0,0.005086182537439954,0,0,60.46191042266457,94.0805359029539,177.97768816280922,-20.706465,157.27122316280924,-80.0,2.0
150,80,RESIDUAL_SPREAD,72,BASELINE_RESIDUAL_EXIT,binance/okx,NON_GATE_PAIRS,1,1,0,0.0,44.08450784975187,44.08450784975187,1.0,44.08450784975187,44.08450784975187,44.08450784975187,44.08450784975187,-38.86115590412187,-38.86115590412187,175.61832794965147,175.61832794965147,225.0,225.0,225.0,225.0,0.004238485447866629,0,0,44.08450784975187,44.08450784975187,175.3650736316659,-51.280565781914,124.08450784975189,-80.0,1.0
150,80,RESIDUAL_SPREAD,72,BASELINE_RESIDUAL_EXIT,bitget/gate,GATE_PAIRS,19,0,19,1.0,,,,,,,,,,,,,,,,0.0,0,0,,,,,,,0.0
150,80,RESIDUAL_SPREAD,72,BASELINE_RESIDUAL_EXIT,bitget/hyperliquid,NON_GATE_PAIRS,19,0,19,1.0,,,,,,,,,,,,,,,,0.0,0,0,,,,,,,0.0
150,80,RESIDUAL_SPREAD,72,BASELINE_RESIDUAL_EXIT,bitget/okx,NON_GATE_PAIRS,19,0,19,1.0,,,,,,,,,,,,,,,,0.0,0,0,,,,,,,0.0
150,80,RESIDUAL_SPREAD,72,BASELINE_RESIDUAL_EXIT,gate/hyperliquid,GATE_PAIRS,4,0,4,1.0,,,,,,,,,,,,,,,,0.0,0,0,,,,,,,0.0
150,80,RESIDUAL_SPREAD,72,BASELINE_RESIDUAL_EXIT,gate/okx,GATE_PAIRS,9,0,9,1.0,,,,,,,,,,,,,,,,0.0,0,0,,,,,,,0.0
150,80,RESIDUAL_SPREAD,72,BASELINE_RESIDUAL_EXIT,hyperliquid/okx,NON_GATE_PAIRS,0,0,0,,,,,,,,,,,,,,,,,,0,0,,,,,,,
150,80,RESIDUAL_SPREAD,72,BASELINE_RESIDUAL_EXIT,ALL_GATE_PAIRS,GATE_PAIRS,41,0,41,1.0,,,,,,,,,,,,,,,,0.0,0,0,,,,,,,0.0
150,80,RESIDUAL_SPREAD,72,BASELINE_RESIDUAL_EXIT,ALL_NON_GATE_PAIRS,NON_GATE_PAIRS,61,3,58,0.9508196721311475,66.20898472512344,60.46191042266457,1.0,45.72224810704314,52.27320913620822,77.27122316280924,90.71867335492496,-15.935321922736131,-5.647811152538207,176.34532299038474,175.61832794965147,165.0,135.0,207.0,225.0,0.0018649335970613167,0,2,60.46191042266457,69.08252187635289,177.10681665242814,-30.89783192730467,146.20898472512346,-80.0,2.0
150,80,RESIDUAL_SPREAD,72,BASELINE_RESIDUAL_EXIT,ALL_PAIRS,ALL,102,3,99,0.9705882352941176,66.20898472512344,60.46191042266457,1.0,45.72224810704314,52.27320913620822,77.27122316280924,90.71867335492496,-15.935321922736131,-5.647811152538207,176.34532299038474,175.61832794965147,165.0,135.0,207.0,225.0,0.0010360742205896205,0,2,60.46191042266457,69.08252187635289,177.10681665242814,-30.89783192730467,146.20898472512346,-80.0,2.0
150,80,RESIDUAL_SPREAD,72,FRACTIONAL_RESIDUAL_EXIT,binance/bitget,NON_GATE_PAIRS,19,0,19,1.0,,,,,,,,,,,,,,,,0.0,0,0,,,,,,,0.0
150,80,RESIDUAL_SPREAD,72,FRACTIONAL_RESIDUAL_EXIT,binance/gate,GATE_PAIRS,9,0,9,1.0,,,,,,,,,,,,,,,,0.0,0,0,,,,,,,0.0
150,80,RESIDUAL_SPREAD,72,FRACTIONAL_RESIDUAL_EXIT,binance/hyperliquid,NON_GATE_PAIRS,3,2,1,0.3333333333333333,52.275530298828485,52.275530298828485,1.0,46.106169324081925,48.848107535080395,55.702953062576576,58.444891273575045,-4.472404932043261,-4.472404932043261,146.19388827387337,146.19388827387337,105.0,105.0,105.0,105.0,0.003955919751342187,0,0,45.420684771332304,59.130375826324666,147.48613129882847,-15.210601,132.27553029882847,-80.0,2.0
150,80,RESIDUAL_SPREAD,72,FRACTIONAL_RESIDUAL_EXIT,binance/okx,NON_GATE_PAIRS,1,1,0,0.0,10.799376248314786,10.799376248314786,1.0,10.799376248314786,10.799376248314786,10.799376248314786,10.799376248314786,-38.86115590412187,-38.86115590412187,142.24722439226457,142.24722439226457,180.0,180.0,180.0,180.0,0.003390788358293303,0,0,10.799376248314786,10.799376248314786,142.07994203022878,-51.280565781914,90.7993762483148,-80.0,1.0
150,80,RESIDUAL_SPREAD,72,FRACTIONAL_RESIDUAL_EXIT,bitget/gate,GATE_PAIRS,19,0,19,1.0,,,,,,,,,,,,,,,,0.0,0,0,,,,,,,0.0
150,80,RESIDUAL_SPREAD,72,FRACTIONAL_RESIDUAL_EXIT,bitget/hyperliquid,NON_GATE_PAIRS,19,0,19,1.0,,,,,,,,,,,,,,,,0.0,0,0,,,,,,,0.0
150,80,RESIDUAL_SPREAD,72,FRACTIONAL_RESIDUAL_EXIT,bitget/okx,NON_GATE_PAIRS,19,0,19,1.0,,,,,,,,,,,,,,,,0.0,0,0,,,,,,,0.0
150,80,RESIDUAL_SPREAD,72,FRACTIONAL_RESIDUAL_EXIT,gate/hyperliquid,GATE_PAIRS,4,0,4,1.0,,,,,,,,,,,,,,,,0.0,0,0,,,,,,,0.0
150,80,RESIDUAL_SPREAD,72,FRACTIONAL_RESIDUAL_EXIT,gate/okx,GATE_PAIRS,9,0,9,1.0,,,,,,,,,,,,,,,,0.0,0,0,,,,,,,0.0
150,80,RESIDUAL_SPREAD,72,FRACTIONAL_RESIDUAL_EXIT,hyperliquid/okx,NON_GATE_PAIRS,0,0,0,,,,,,,,,,,,,,,,,,0,0,,,,,,,
150,80,RESIDUAL_SPREAD,72,FRACTIONAL_RESIDUAL_EXIT,ALL_GATE_PAIRS,GATE_PAIRS,41,0,41,1.0,,,,,,,,,,,,,,,,0.0,0,0,,,,,,,0.0
150,80,RESIDUAL_SPREAD,72,FRACTIONAL_RESIDUAL_EXIT,ALL_NON_GATE_PAIRS,NON_GATE_PAIRS,61,3,58,0.9508196721311475,38.45014561532392,45.420684771332304,1.0,14.261507100616537,28.110030509823545,52.275530298828485,57.75940672082543,-15.935321922736131,-5.647811152538207,144.87833364667043,145.3712884661784,130.0,105.0,165.0,180.0,0.001469341621927098,0,2,34.964876037319726,45.420684771332304,145.68406820929525,-27.233922593971332,118.4501456153239,-80.0,2.0
150,80,RESIDUAL_SPREAD,72,FRACTIONAL_RESIDUAL_EXIT,ALL_PAIRS,ALL,102,3,99,0.9705882352941176,38.45014561532392,45.420684771332304,1.0,14.261507100616537,28.110030509823545,52.275530298828485,57.75940672082543,-15.935321922736131,-5.647811152538207,144.87833364667043,145.3712884661784,130.0,105.0,165.0,180.0,0.00081630090107061,0,2,34.964876037319726,45.420684771332304,145.68406820929525,-27.233922593971332,118.4501456153239,-80.0,2.0
200,0,RESIDUAL_SPREAD,24,LEGACY_RAW_EXIT,binance/bitget,NON_GATE_PAIRS,52,0,52,1.0,,,,,,,,,,,,,,,,0.0,0,0,,,,,,,0.0
200,0,RESIDUAL_SPREAD,24,LEGACY_RAW_EXIT,binance/gate,GATE_PAIRS,0,0,0,,,,,,,,,,,,,,,,,,0,0,,,,,,,
200,0,RESIDUAL_SPREAD,24,LEGACY_RAW_EXIT,binance/hyperliquid,NON_GATE_PAIRS,0,0,0,,,,,,,,,,,,,,,,,,0,0,,,,,,,
200,0,RESIDUAL_SPREAD,24,LEGACY_RAW_EXIT,binance/okx,NON_GATE_PAIRS,0,0,0,,,,,,,,,,,,,,,,,,0,0,,,,,,,
200,0,RESIDUAL_SPREAD,24,LEGACY_RAW_EXIT,bitget/gate,GATE_PAIRS,52,0,52,1.0,,,,,,,,,,,,,,,,0.0,0,0,,,,,,,0.0
200,0,RESIDUAL_SPREAD,24,LEGACY_RAW_EXIT,bitget/hyperliquid,NON_GATE_PAIRS,52,0,52,1.0,,,,,,,,,,,,,,,,0.0,0,0,,,,,,,0.0
200,0,RESIDUAL_SPREAD,24,LEGACY_RAW_EXIT,bitget/okx,NON_GATE_PAIRS,52,0,52,1.0,,,,,,,,,,,,,,,,0.0,0,0,,,,,,,0.0
200,0,RESIDUAL_SPREAD,24,LEGACY_RAW_EXIT,gate/hyperliquid,GATE_PAIRS,0,0,0,,,,,,,,,,,,,,,,,,0,0,,,,,,,
200,0,RESIDUAL_SPREAD,24,LEGACY_RAW_EXIT,gate/okx,GATE_PAIRS,0,0,0,,,,,,,,,,,,,,,,,,0,0,,,,,,,
200,0,RESIDUAL_SPREAD,24,LEGACY_RAW_EXIT,hyperliquid/okx,NON_GATE_PAIRS,0,0,0,,,,,,,,,,,,,,,,,,0,0,,,,,,,
200,0,RESIDUAL_SPREAD,24,LEGACY_RAW_EXIT,ALL_GATE_PAIRS,GATE_PAIRS,52,0,52,1.0,,,,,,,,,,,,,,,,0.0,0,0,,,,,,,0.0
200,0,RESIDUAL_SPREAD,24,LEGACY_RAW_EXIT,ALL_NON_GATE_PAIRS,NON_GATE_PAIRS,156,0,156,1.0,,,,,,,,,,,,,,,,0.0,0,0,,,,,,,0.0
200,0,RESIDUAL_SPREAD,24,LEGACY_RAW_EXIT,ALL_PAIRS,ALL,208,0,208,1.0,,,,,,,,,,,,,,,,0.0,0,0,,,,,,,0.0
200,0,RESIDUAL_SPREAD,24,BASELINE_RESIDUAL_EXIT,binance/bitget,NON_GATE_PAIRS,52,0,52,1.0,,,,,,,,,,,,,,,,0.0,0,0,,,,,,,0.0
200,0,RESIDUAL_SPREAD,24,BASELINE_RESIDUAL_EXIT,binance/gate,GATE_PAIRS,0,0,0,,,,,,,,,,,,,,,,,,0,0,,,,,,,
200,0,RESIDUAL_SPREAD,24,BASELINE_RESIDUAL_EXIT,binance/hyperliquid,NON_GATE_PAIRS,0,0,0,,,,,,,,,,,,,,,,,,0,0,,,,,,,
200,0,RESIDUAL_SPREAD,24,BASELINE_RESIDUAL_EXIT,binance/okx,NON_GATE_PAIRS,0,0,0,,,,,,,,,,,,,,,,,,0,0,,,,,,,
200,0,RESIDUAL_SPREAD,24,BASELINE_RESIDUAL_EXIT,bitget/gate,GATE_PAIRS,52,0,52,1.0,,,,,,,,,,,,,,,,0.0,0,0,,,,,,,0.0
200,0,RESIDUAL_SPREAD,24,BASELINE_RESIDUAL_EXIT,bitget/hyperliquid,NON_GATE_PAIRS,52,0,52,1.0,,,,,,,,,,,,,,,,0.0,0,0,,,,,,,0.0
200,0,RESIDUAL_SPREAD,24,BASELINE_RESIDUAL_EXIT,bitget/okx,NON_GATE_PAIRS,52,0,52,1.0,,,,,,,,,,,,,,,,0.0,0,0,,,,,,,0.0
200,0,RESIDUAL_SPREAD,24,BASELINE_RESIDUAL_EXIT,gate/hyperliquid,GATE_PAIRS,0,0,0,,,,,,,,,,,,,,,,,,0,0,,,,,,,
200,0,RESIDUAL_SPREAD,24,BASELINE_RESIDUAL_EXIT,gate/okx,GATE_PAIRS,0,0,0,,,,,,,,,,,,,,,,,,0,0,,,,,,,
200,0,RESIDUAL_SPREAD,24,BASELINE_RESIDUAL_EXIT,hyperliquid/okx,NON_GATE_PAIRS,0,0,0,,,,,,,,,,,,,,,,,,0,0,,,,,,,
200,0,RESIDUAL_SPREAD,24,BASELINE_RESIDUAL_EXIT,ALL_GATE_PAIRS,GATE_PAIRS,52,0,52,1.0,,,,,,,,,,,,,,,,0.0,0,0,,,,,,,0.0
200,0,RESIDUAL_SPREAD,24,BASELINE_RESIDUAL_EXIT,ALL_NON_GATE_PAIRS,NON_GATE_PAIRS,156,0,156,1.0,,,,,,,,,,,,,,,,0.0,0,0,,,,,,,0.0
200,0,RESIDUAL_SPREAD,24,BASELINE_RESIDUAL_EXIT,ALL_PAIRS,ALL,208,0,208,1.0,,,,,,,,,,,,,,,,0.0,0,0,,,,,,,0.0
200,0,RESIDUAL_SPREAD,24,FRACTIONAL_RESIDUAL_EXIT,binance/bitget,NON_GATE_PAIRS,52,0,52,1.0,,,,,,,,,,,,,,,,0.0,0,0,,,,,,,0.0
200,0,RESIDUAL_SPREAD,24,FRACTIONAL_RESIDUAL_EXIT,binance/gate,GATE_PAIRS,0,0,0,,,,,,,,,,,,,,,,,,0,0,,,,,,,
200,0,RESIDUAL_SPREAD,24,FRACTIONAL_RESIDUAL_EXIT,binance/hyperliquid,NON_GATE_PAIRS,0,0,0,,,,,,,,,,,,,,,,,,0,0,,,,,,,
200,0,RESIDUAL_SPREAD,24,FRACTIONAL_RESIDUAL_EXIT,binance/okx,NON_GATE_PAIRS,0,0,0,,,,,,,,,,,,,,,,,,0,0,,,,,,,
200,0,RESIDUAL_SPREAD,24,FRACTIONAL_RESIDUAL_EXIT,bitget/gate,GATE_PAIRS,52,0,52,1.0,,,,,,,,,,,,,,,,0.0,0,0,,,,,,,0.0
200,0,RESIDUAL_SPREAD,24,FRACTIONAL_RESIDUAL_EXIT,bitget/hyperliquid,NON_GATE_PAIRS,52,0,52,1.0,,,,,,,,,,,,,,,,0.0,0,0,,,,,,,0.0
200,0,RESIDUAL_SPREAD,24,FRACTIONAL_RESIDUAL_EXIT,bitget/okx,NON_GATE_PAIRS,52,0,52,1.0,,,,,,,,,,,,,,,,0.0,0,0,,,,,,,0.0
200,0,RESIDUAL_SPREAD,24,FRACTIONAL_RESIDUAL_EXIT,gate/hyperliquid,GATE_PAIRS,0,0,0,,,,,,,,,,,,,,,,,,0,0,,,,,,,
200,0,RESIDUAL_SPREAD,24,FRACTIONAL_RESIDUAL_EXIT,gate/okx,GATE_PAIRS,0,0,0,,,,,,,,,,,,,,,,,,0,0,,,,,,,
200,0,RESIDUAL_SPREAD,24,FRACTIONAL_RESIDUAL_EXIT,hyperliquid/okx,NON_GATE_PAIRS,0,0,0,,,,,,,,,,,,,,,,,,0,0,,,,,,,
200,0,RESIDUAL_SPREAD,24,FRACTIONAL_RESIDUAL_EXIT,ALL_GATE_PAIRS,GATE_PAIRS,52,0,52,1.0,,,,,,,,,,,,,,,,0.0,0,0,,,,,,,0.0
200,0,RESIDUAL_SPREAD,24,FRACTIONAL_RESIDUAL_EXIT,ALL_NON_GATE_PAIRS,NON_GATE_PAIRS,156,0,156,1.0,,,,,,,,,,,,,,,,0.0,0,0,,,,,,,0.0
200,0,RESIDUAL_SPREAD,24,FRACTIONAL_RESIDUAL_EXIT,ALL_PAIRS,ALL,208,0,208,1.0,,,,,,,,,,,,,,,,0.0,0,0,,,,,,,0.0
200,0,RESIDUAL_SPREAD,72,LEGACY_RAW_EXIT,binance/bitget,NON_GATE_PAIRS,19,0,19,1.0,,,,,,,,,,,,,,,,0.0,0,0,,,,,,,0.0
200,0,RESIDUAL_SPREAD,72,LEGACY_RAW_EXIT,binance/gate,GATE_PAIRS,0,0,0,,,,,,,,,,,,,,,,,,0,0,,,,,,,
200,0,RESIDUAL_SPREAD,72,LEGACY_RAW_EXIT,binance/hyperliquid,NON_GATE_PAIRS,0,0,0,,,,,,,,,,,,,,,,,,0,0,,,,,,,
200,0,RESIDUAL_SPREAD,72,LEGACY_RAW_EXIT,binance/okx,NON_GATE_PAIRS,1,1,0,0.0,30.39938146461284,30.39938146461284,1.0,30.39938146461284,30.39938146461284,30.39938146461284,30.39938146461284,6.128390071133971,6.128390071133971,82.70086760622908,82.70086760622908,45.0,45.0,45.0,45.0,0.0008476970895733258,0,0,30.39938146461284,30.39938146461284,81.67994724652684,-51.280565781914,30.39938146461284,-0.0,1.0
200,0,RESIDUAL_SPREAD,72,LEGACY_RAW_EXIT,bitget/gate,GATE_PAIRS,19,0,19,1.0,,,,,,,,,,,,,,,,0.0,0,0,,,,,,,0.0
200,0,RESIDUAL_SPREAD,72,LEGACY_RAW_EXIT,bitget/hyperliquid,NON_GATE_PAIRS,19,0,19,1.0,,,,,,,,,,,,,,,,0.0,0,0,,,,,,,0.0
200,0,RESIDUAL_SPREAD,72,LEGACY_RAW_EXIT,bitget/okx,NON_GATE_PAIRS,19,0,19,1.0,,,,,,,,,,,,,,,,0.0,0,0,,,,,,,0.0
200,0,RESIDUAL_SPREAD,72,LEGACY_RAW_EXIT,gate/hyperliquid,GATE_PAIRS,2,0,2,1.0,,,,,,,,,,,,,,,,0.0,0,0,,,,,,,0.0
200,0,RESIDUAL_SPREAD,72,LEGACY_RAW_EXIT,gate/okx,GATE_PAIRS,0,0,0,,,,,,,,,,,,,,,,,,0,0,,,,,,,
200,0,RESIDUAL_SPREAD,72,LEGACY_RAW_EXIT,hyperliquid/okx,NON_GATE_PAIRS,0,0,0,,,,,,,,,,,,,,,,,,0,0,,,,,,,
200,0,RESIDUAL_SPREAD,72,LEGACY_RAW_EXIT,ALL_GATE_PAIRS,GATE_PAIRS,21,0,21,1.0,,,,,,,,,,,,,,,,0.0,0,0,,,,,,,0.0
200,0,RESIDUAL_SPREAD,72,LEGACY_RAW_EXIT,ALL_NON_GATE_PAIRS,NON_GATE_PAIRS,58,1,57,0.9827586206896551,30.39938146461284,30.39938146461284,1.0,30.39938146461284,30.39938146461284,30.39938146461284,30.39938146461284,6.128390071133971,6.128390071133971,82.70086760622908,82.70086760622908,45.0,45.0,45.0,45.0,0.00021192427239333144,0,0,30.39938146461284,30.39938146461284,81.67994724652684,-51.280565781914,30.39938146461284,-0.0,1.0
200,0,RESIDUAL_SPREAD,72,LEGACY_RAW_EXIT,ALL_PAIRS,ALL,79,1,78,0.9873417721518988,30.39938146461284,30.39938146461284,1.0,30.39938146461284,30.39938146461284,30.39938146461284,30.39938146461284,6.128390071133971,6.128390071133971,82.70086760622908,82.70086760622908,45.0,45.0,45.0,45.0,0.00014128284826222097,0,0,30.39938146461284,30.39938146461284,81.67994724652684,-51.280565781914,30.39938146461284,-0.0,1.0
200,0,RESIDUAL_SPREAD,72,BASELINE_RESIDUAL_EXIT,binance/bitget,NON_GATE_PAIRS,19,0,19,1.0,,,,,,,,,,,,,,,,0.0,0,0,,,,,,,0.0
200,0,RESIDUAL_SPREAD,72,BASELINE_RESIDUAL_EXIT,binance/gate,GATE_PAIRS,0,0,0,,,,,,,,,,,,,,,,,,0,0,,,,,,,
200,0,RESIDUAL_SPREAD,72,BASELINE_RESIDUAL_EXIT,binance/hyperliquid,NON_GATE_PAIRS,0,0,0,,,,,,,,,,,,,,,,,,0,0,,,,,,,
200,0,RESIDUAL_SPREAD,72,BASELINE_RESIDUAL_EXIT,binance/okx,NON_GATE_PAIRS,1,1,0,0.0,164.20110925340657,164.20110925340657,1.0,164.20110925340657,164.20110925340657,164.20110925340657,164.20110925340657,6.128390071133971,6.128390071133971,215.7313151375062,215.7313151375062,210.0,210.0,210.0,210.0,0.003955919751342187,0,0,164.20110925340657,164.20110925340657,215.48167503532056,-51.280565781914,164.20110925340657,-0.0,1.0
200,0,RESIDUAL_SPREAD,72,BASELINE_RESIDUAL_EXIT,bitget/gate,GATE_PAIRS,19,0,19,1.0,,,,,,,,,,,,,,,,0.0,0,0,,,,,,,0.0
200,0,RESIDUAL_SPREAD,72,BASELINE_RESIDUAL_EXIT,bitget/hyperliquid,NON_GATE_PAIRS,19,0,19,1.0,,,,,,,,,,,,,,,,0.0,0,0,,,,,,,0.0
200,0,RESIDUAL_SPREAD,72,BASELINE_RESIDUAL_EXIT,bitget/okx,NON_GATE_PAIRS,19,0,19,1.0,,,,,,,,,,,,,,,,0.0,0,0,,,,,,,0.0
200,0,RESIDUAL_SPREAD,72,BASELINE_RESIDUAL_EXIT,gate/hyperliquid,GATE_PAIRS,2,0,2,1.0,,,,,,,,,,,,,,,,0.0,0,0,,,,,,,0.0
200,0,RESIDUAL_SPREAD,72,BASELINE_RESIDUAL_EXIT,gate/okx,GATE_PAIRS,0,0,0,,,,,,,,,,,,,,,,,,0,0,,,,,,,
200,0,RESIDUAL_SPREAD,72,BASELINE_RESIDUAL_EXIT,hyperliquid/okx,NON_GATE_PAIRS,0,0,0,,,,,,,,,,,,,,,,,,0,0,,,,,,,
200,0,RESIDUAL_SPREAD,72,BASELINE_RESIDUAL_EXIT,ALL_GATE_PAIRS,GATE_PAIRS,21,0,21,1.0,,,,,,,,,,,,,,,,0.0,0,0,,,,,,,0.0
200,0,RESIDUAL_SPREAD,72,BASELINE_RESIDUAL_EXIT,ALL_NON_GATE_PAIRS,NON_GATE_PAIRS,58,1,57,0.9827586206896551,164.20110925340657,164.20110925340657,1.0,164.20110925340657,164.20110925340657,164.20110925340657,164.20110925340657,6.128390071133971,6.128390071133971,215.7313151375062,215.7313151375062,210.0,210.0,210.0,210.0,0.0009889799378355467,0,0,164.20110925340657,164.20110925340657,215.48167503532056,-51.280565781914,164.20110925340657,-0.0,1.0
200,0,RESIDUAL_SPREAD,72,BASELINE_RESIDUAL_EXIT,ALL_PAIRS,ALL,79,1,78,0.9873417721518988,164.20110925340657,164.20110925340657,1.0,164.20110925340657,164.20110925340657,164.20110925340657,164.20110925340657,6.128390071133971,6.128390071133971,215.7313151375062,215.7313151375062,210.0,210.0,210.0,210.0,0.0006593199585570312,0,0,164.20110925340657,164.20110925340657,215.48167503532056,-51.280565781914,164.20110925340657,-0.0,1.0
200,0,RESIDUAL_SPREAD,72,FRACTIONAL_RESIDUAL_EXIT,binance/bitget,NON_GATE_PAIRS,19,0,19,1.0,,,,,,,,,,,,,,,,0.0,0,0,,,,,,,0.0
200,0,RESIDUAL_SPREAD,72,FRACTIONAL_RESIDUAL_EXIT,binance/gate,GATE_PAIRS,0,0,0,,,,,,,,,,,,,,,,,,0,0,,,,,,,
200,0,RESIDUAL_SPREAD,72,FRACTIONAL_RESIDUAL_EXIT,binance/hyperliquid,NON_GATE_PAIRS,0,0,0,,,,,,,,,,,,,,,,,,0,0,,,,,,,
200,0,RESIDUAL_SPREAD,72,FRACTIONAL_RESIDUAL_EXIT,binance/okx,NON_GATE_PAIRS,1,1,0,0.0,131.25965768972492,131.25965768972492,1.0,131.25965768972492,131.25965768972492,131.25965768972492,131.25965768972492,6.128390071133971,6.128390071133971,182.7047868771814,182.7047868771814,165.0,165.0,165.0,165.0,0.0031082226617688614,0,0,131.25965768972492,131.25965768972492,182.5402234716389,-51.280565781914,131.25965768972492,-0.0,1.0
200,0,RESIDUAL_SPREAD,72,FRACTIONAL_RESIDUAL_EXIT,bitget/gate,GATE_PAIRS,19,0,19,1.0,,,,,,,,,,,,,,,,0.0,0,0,,,,,,,0.0
200,0,RESIDUAL_SPREAD,72,FRACTIONAL_RESIDUAL_EXIT,bitget/hyperliquid,NON_GATE_PAIRS,19,0,19,1.0,,,,,,,,,,,,,,,,0.0,0,0,,,,,,,0.0
200,0,RESIDUAL_SPREAD,72,FRACTIONAL_RESIDUAL_EXIT,bitget/okx,NON_GATE_PAIRS,19,0,19,1.0,,,,,,,,,,,,,,,,0.0,0,0,,,,,,,0.0
200,0,RESIDUAL_SPREAD,72,FRACTIONAL_RESIDUAL_EXIT,gate/hyperliquid,GATE_PAIRS,2,0,2,1.0,,,,,,,,,,,,,,,,0.0,0,0,,,,,,,0.0
200,0,RESIDUAL_SPREAD,72,FRACTIONAL_RESIDUAL_EXIT,gate/okx,GATE_PAIRS,0,0,0,,,,,,,,,,,,,,,,,,0,0,,,,,,,
200,0,RESIDUAL_SPREAD,72,FRACTIONAL_RESIDUAL_EXIT,hyperliquid/okx,NON_GATE_PAIRS,0,0,0,,,,,,,,,,,,,,,,,,0,0,,,,,,,
200,0,RESIDUAL_SPREAD,72,FRACTIONAL_RESIDUAL_EXIT,ALL_GATE_PAIRS,GATE_PAIRS,21,0,21,1.0,,,,,,,,,,,,,,,,0.0,0,0,,,,,,,0.0
200,0,RESIDUAL_SPREAD,72,FRACTIONAL_RESIDUAL_EXIT,ALL_NON_GATE_PAIRS,NON_GATE_PAIRS,58,1,57,0.9827586206896551,131.25965768972492,131.25965768972492,1.0,131.25965768972492,131.25965768972492,131.25965768972492,131.25965768972492,6.128390071133971,6.128390071133971,182.7047868771814,182.7047868771814,165.0,165.0,165.0,165.0,0.0007770556654422153,0,0,131.25965768972492,131.25965768972492,182.5402234716389,-51.280565781914,131.25965768972492,-0.0,1.0
200,0,RESIDUAL_SPREAD,72,FRACTIONAL_RESIDUAL_EXIT,ALL_PAIRS,ALL,79,1,78,0.9873417721518988,131.25965768972492,131.25965768972492,1.0,131.25965768972492,131.25965768972492,131.25965768972492,131.25965768972492,6.128390071133971,6.128390071133971,182.7047868771814,182.7047868771814,165.0,165.0,165.0,165.0,0.0005180371102948102,0,0,131.25965768972492,131.25965768972492,182.5402234716389,-51.280565781914,131.25965768972492,-0.0,1.0
200,20,RESIDUAL_SPREAD,24,LEGACY_RAW_EXIT,binance/bitget,NON_GATE_PAIRS,52,0,52,1.0,,,,,,,,,,,,,,,,0.0,0,0,,,,,,,0.0
200,20,RESIDUAL_SPREAD,24,LEGACY_RAW_EXIT,binance/gate,GATE_PAIRS,0,0,0,,,,,,,,,,,,,,,,,,0,0,,,,,,,
200,20,RESIDUAL_SPREAD,24,LEGACY_RAW_EXIT,binance/hyperliquid,NON_GATE_PAIRS,0,0,0,,,,,,,,,,,,,,,,,,0,0,,,,,,,
200,20,RESIDUAL_SPREAD,24,LEGACY_RAW_EXIT,binance/okx,NON_GATE_PAIRS,0,0,0,,,,,,,,,,,,,,,,,,0,0,,,,,,,
200,20,RESIDUAL_SPREAD,24,LEGACY_RAW_EXIT,bitget/gate,GATE_PAIRS,52,0,52,1.0,,,,,,,,,,,,,,,,0.0,0,0,,,,,,,0.0
200,20,RESIDUAL_SPREAD,24,LEGACY_RAW_EXIT,bitget/hyperliquid,NON_GATE_PAIRS,52,0,52,1.0,,,,,,,,,,,,,,,,0.0,0,0,,,,,,,0.0
200,20,RESIDUAL_SPREAD,24,LEGACY_RAW_EXIT,bitget/okx,NON_GATE_PAIRS,52,0,52,1.0,,,,,,,,,,,,,,,,0.0,0,0,,,,,,,0.0
200,20,RESIDUAL_SPREAD,24,LEGACY_RAW_EXIT,gate/hyperliquid,GATE_PAIRS,0,0,0,,,,,,,,,,,,,,,,,,0,0,,,,,,,
200,20,RESIDUAL_SPREAD,24,LEGACY_RAW_EXIT,gate/okx,GATE_PAIRS,0,0,0,,,,,,,,,,,,,,,,,,0,0,,,,,,,
200,20,RESIDUAL_SPREAD,24,LEGACY_RAW_EXIT,hyperliquid/okx,NON_GATE_PAIRS,0,0,0,,,,,,,,,,,,,,,,,,0,0,,,,,,,
200,20,RESIDUAL_SPREAD,24,LEGACY_RAW_EXIT,ALL_GATE_PAIRS,GATE_PAIRS,52,0,52,1.0,,,,,,,,,,,,,,,,0.0,0,0,,,,,,,0.0
200,20,RESIDUAL_SPREAD,24,LEGACY_RAW_EXIT,ALL_NON_GATE_PAIRS,NON_GATE_PAIRS,156,0,156,1.0,,,,,,,,,,,,,,,,0.0,0,0,,,,,,,0.0
200,20,RESIDUAL_SPREAD,24,LEGACY_RAW_EXIT,ALL_PAIRS,ALL,208,0,208,1.0,,,,,,,,,,,,,,,,0.0,0,0,,,,,,,0.0
200,20,RESIDUAL_SPREAD,24,BASELINE_RESIDUAL_EXIT,binance/bitget,NON_GATE_PAIRS,52,0,52,1.0,,,,,,,,,,,,,,,,0.0,0,0,,,,,,,0.0
200,20,RESIDUAL_SPREAD,24,BASELINE_RESIDUAL_EXIT,binance/gate,GATE_PAIRS,0,0,0,,,,,,,,,,,,,,,,,,0,0,,,,,,,
200,20,RESIDUAL_SPREAD,24,BASELINE_RESIDUAL_EXIT,binance/hyperliquid,NON_GATE_PAIRS,0,0,0,,,,,,,,,,,,,,,,,,0,0,,,,,,,
200,20,RESIDUAL_SPREAD,24,BASELINE_RESIDUAL_EXIT,binance/okx,NON_GATE_PAIRS,0,0,0,,,,,,,,,,,,,,,,,,0,0,,,,,,,
200,20,RESIDUAL_SPREAD,24,BASELINE_RESIDUAL_EXIT,bitget/gate,GATE_PAIRS,52,0,52,1.0,,,,,,,,,,,,,,,,0.0,0,0,,,,,,,0.0
200,20,RESIDUAL_SPREAD,24,BASELINE_RESIDUAL_EXIT,bitget/hyperliquid,NON_GATE_PAIRS,52,0,52,1.0,,,,,,,,,,,,,,,,0.0,0,0,,,,,,,0.0
200,20,RESIDUAL_SPREAD,24,BASELINE_RESIDUAL_EXIT,bitget/okx,NON_GATE_PAIRS,52,0,52,1.0,,,,,,,,,,,,,,,,0.0,0,0,,,,,,,0.0
200,20,RESIDUAL_SPREAD,24,BASELINE_RESIDUAL_EXIT,gate/hyperliquid,GATE_PAIRS,0,0,0,,,,,,,,,,,,,,,,,,0,0,,,,,,,
200,20,RESIDUAL_SPREAD,24,BASELINE_RESIDUAL_EXIT,gate/okx,GATE_PAIRS,0,0,0,,,,,,,,,,,,,,,,,,0,0,,,,,,,
200,20,RESIDUAL_SPREAD,24,BASELINE_RESIDUAL_EXIT,hyperliquid/okx,NON_GATE_PAIRS,0,0,0,,,,,,,,,,,,,,,,,,0,0,,,,,,,
200,20,RESIDUAL_SPREAD,24,BASELINE_RESIDUAL_EXIT,ALL_GATE_PAIRS,GATE_PAIRS,52,0,52,1.0,,,,,,,,,,,,,,,,0.0,0,0,,,,,,,0.0
200,20,RESIDUAL_SPREAD,24,BASELINE_RESIDUAL_EXIT,ALL_NON_GATE_PAIRS,NON_GATE_PAIRS,156,0,156,1.0,,,,,,,,,,,,,,,,0.0,0,0,,,,,,,0.0
200,20,RESIDUAL_SPREAD,24,BASELINE_RESIDUAL_EXIT,ALL_PAIRS,ALL,208,0,208,1.0,,,,,,,,,,,,,,,,0.0,0,0,,,,,,,0.0
200,20,RESIDUAL_SPREAD,24,FRACTIONAL_RESIDUAL_EXIT,binance/bitget,NON_GATE_PAIRS,52,0,52,1.0,,,,,,,,,,,,,,,,0.0,0,0,,,,,,,0.0
200,20,RESIDUAL_SPREAD,24,FRACTIONAL_RESIDUAL_EXIT,binance/gate,GATE_PAIRS,0,0,0,,,,,,,,,,,,,,,,,,0,0,,,,,,,
200,20,RESIDUAL_SPREAD,24,FRACTIONAL_RESIDUAL_EXIT,binance/hyperliquid,NON_GATE_PAIRS,0,0,0,,,,,,,,,,,,,,,,,,0,0,,,,,,,
200,20,RESIDUAL_SPREAD,24,FRACTIONAL_RESIDUAL_EXIT,binance/okx,NON_GATE_PAIRS,0,0,0,,,,,,,,,,,,,,,,,,0,0,,,,,,,
200,20,RESIDUAL_SPREAD,24,FRACTIONAL_RESIDUAL_EXIT,bitget/gate,GATE_PAIRS,52,0,52,1.0,,,,,,,,,,,,,,,,0.0,0,0,,,,,,,0.0
200,20,RESIDUAL_SPREAD,24,FRACTIONAL_RESIDUAL_EXIT,bitget/hyperliquid,NON_GATE_PAIRS,52,0,52,1.0,,,,,,,,,,,,,,,,0.0,0,0,,,,,,,0.0
200,20,RESIDUAL_SPREAD,24,FRACTIONAL_RESIDUAL_EXIT,bitget/okx,NON_GATE_PAIRS,52,0,52,1.0,,,,,,,,,,,,,,,,0.0,0,0,,,,,,,0.0
200,20,RESIDUAL_SPREAD,24,FRACTIONAL_RESIDUAL_EXIT,gate/hyperliquid,GATE_PAIRS,0,0,0,,,,,,,,,,,,,,,,,,0,0,,,,,,,
200,20,RESIDUAL_SPREAD,24,FRACTIONAL_RESIDUAL_EXIT,gate/okx,GATE_PAIRS,0,0,0,,,,,,,,,,,,,,,,,,0,0,,,,,,,
200,20,RESIDUAL_SPREAD,24,FRACTIONAL_RESIDUAL_EXIT,hyperliquid/okx,NON_GATE_PAIRS,0,0,0,,,,,,,,,,,,,,,,,,0,0,,,,,,,
200,20,RESIDUAL_SPREAD,24,FRACTIONAL_RESIDUAL_EXIT,ALL_GATE_PAIRS,GATE_PAIRS,52,0,52,1.0,,,,,,,,,,,,,,,,0.0,0,0,,,,,,,0.0
200,20,RESIDUAL_SPREAD,24,FRACTIONAL_RESIDUAL_EXIT,ALL_NON_GATE_PAIRS,NON_GATE_PAIRS,156,0,156,1.0,,,,,,,,,,,,,,,,0.0,0,0,,,,,,,0.0
200,20,RESIDUAL_SPREAD,24,FRACTIONAL_RESIDUAL_EXIT,ALL_PAIRS,ALL,208,0,208,1.0,,,,,,,,,,,,,,,,0.0,0,0,,,,,,,0.0
200,20,RESIDUAL_SPREAD,72,LEGACY_RAW_EXIT,binance/bitget,NON_GATE_PAIRS,19,0,19,1.0,,,,,,,,,,,,,,,,0.0,0,0,,,,,,,0.0
200,20,RESIDUAL_SPREAD,72,LEGACY_RAW_EXIT,binance/gate,GATE_PAIRS,0,0,0,,,,,,,,,,,,,,,,,,0,0,,,,,,,
200,20,RESIDUAL_SPREAD,72,LEGACY_RAW_EXIT,binance/hyperliquid,NON_GATE_PAIRS,0,0,0,,,,,,,,,,,,,,,,,,0,0,,,,,,,
200,20,RESIDUAL_SPREAD,72,LEGACY_RAW_EXIT,binance/okx,NON_GATE_PAIRS,1,1,0,0.0,10.399381464612835,10.399381464612835,1.0,10.399381464612835,10.399381464612835,10.399381464612835,10.399381464612835,6.128390071133971,6.128390071133971,82.70086760622908,82.70086760622908,45.0,45.0,45.0,45.0,0.0008476970895733258,0,0,10.399381464612835,10.399381464612835,81.67994724652684,-51.280565781914,30.39938146461284,-20.0,1.0
200,20,RESIDUAL_SPREAD,72,LEGACY_RAW_EXIT,bitget/gate,GATE_PAIRS,19,0,19,1.0,,,,,,,,,,,,,,,,0.0,0,0,,,,,,,0.0
200,20,RESIDUAL_SPREAD,72,LEGACY_RAW_EXIT,bitget/hyperliquid,NON_GATE_PAIRS,19,0,19,1.0,,,,,,,,,,,,,,,,0.0,0,0,,,,,,,0.0
200,20,RESIDUAL_SPREAD,72,LEGACY_RAW_EXIT,bitget/okx,NON_GATE_PAIRS,19,0,19,1.0,,,,,,,,,,,,,,,,0.0,0,0,,,,,,,0.0
200,20,RESIDUAL_SPREAD,72,LEGACY_RAW_EXIT,gate/hyperliquid,GATE_PAIRS,2,0,2,1.0,,,,,,,,,,,,,,,,0.0,0,0,,,,,,,0.0
200,20,RESIDUAL_SPREAD,72,LEGACY_RAW_EXIT,gate/okx,GATE_PAIRS,0,0,0,,,,,,,,,,,,,,,,,,0,0,,,,,,,
200,20,RESIDUAL_SPREAD,72,LEGACY_RAW_EXIT,hyperliquid/okx,NON_GATE_PAIRS,0,0,0,,,,,,,,,,,,,,,,,,0,0,,,,,,,
200,20,RESIDUAL_SPREAD,72,LEGACY_RAW_EXIT,ALL_GATE_PAIRS,GATE_PAIRS,21,0,21,1.0,,,,,,,,,,,,,,,,0.0,0,0,,,,,,,0.0
200,20,RESIDUAL_SPREAD,72,LEGACY_RAW_EXIT,ALL_NON_GATE_PAIRS,NON_GATE_PAIRS,58,1,57,0.9827586206896551,10.399381464612835,10.399381464612835,1.0,10.399381464612835,10.399381464612835,10.399381464612835,10.399381464612835,6.128390071133971,6.128390071133971,82.70086760622908,82.70086760622908,45.0,45.0,45.0,45.0,0.00021192427239333144,0,0,10.399381464612835,10.399381464612835,81.67994724652684,-51.280565781914,30.39938146461284,-20.0,1.0
200,20,RESIDUAL_SPREAD,72,LEGACY_RAW_EXIT,ALL_PAIRS,ALL,79,1,78,0.9873417721518988,10.399381464612835,10.399381464612835,1.0,10.399381464612835,10.399381464612835,10.399381464612835,10.399381464612835,6.128390071133971,6.128390071133971,82.70086760622908,82.70086760622908,45.0,45.0,45.0,45.0,0.00014128284826222097,0,0,10.399381464612835,10.399381464612835,81.67994724652684,-51.280565781914,30.39938146461284,-20.0,1.0
200,20,RESIDUAL_SPREAD,72,BASELINE_RESIDUAL_EXIT,binance/bitget,NON_GATE_PAIRS,19,0,19,1.0,,,,,,,,,,,,,,,,0.0,0,0,,,,,,,0.0
200,20,RESIDUAL_SPREAD,72,BASELINE_RESIDUAL_EXIT,binance/gate,GATE_PAIRS,0,0,0,,,,,,,,,,,,,,,,,,0,0,,,,,,,
200,20,RESIDUAL_SPREAD,72,BASELINE_RESIDUAL_EXIT,binance/hyperliquid,NON_GATE_PAIRS,0,0,0,,,,,,,,,,,,,,,,,,0,0,,,,,,,
200,20,RESIDUAL_SPREAD,72,BASELINE_RESIDUAL_EXIT,binance/okx,NON_GATE_PAIRS,1,1,0,0.0,144.20110925340657,144.20110925340657,1.0,144.20110925340657,144.20110925340657,144.20110925340657,144.20110925340657,6.128390071133971,6.128390071133971,215.7313151375062,215.7313151375062,210.0,210.0,210.0,210.0,0.003955919751342187,0,0,144.20110925340657,144.20110925340657,215.48167503532056,-51.280565781914,164.20110925340657,-20.0,1.0
200,20,RESIDUAL_SPREAD,72,BASELINE_RESIDUAL_EXIT,bitget/gate,GATE_PAIRS,19,0,19,1.0,,,,,,,,,,,,,,,,0.0,0,0,,,,,,,0.0
200,20,RESIDUAL_SPREAD,72,BASELINE_RESIDUAL_EXIT,bitget/hyperliquid,NON_GATE_PAIRS,19,0,19,1.0,,,,,,,,,,,,,,,,0.0,0,0,,,,,,,0.0
200,20,RESIDUAL_SPREAD,72,BASELINE_RESIDUAL_EXIT,bitget/okx,NON_GATE_PAIRS,19,0,19,1.0,,,,,,,,,,,,,,,,0.0,0,0,,,,,,,0.0
200,20,RESIDUAL_SPREAD,72,BASELINE_RESIDUAL_EXIT,gate/hyperliquid,GATE_PAIRS,2,0,2,1.0,,,,,,,,,,,,,,,,0.0,0,0,,,,,,,0.0
200,20,RESIDUAL_SPREAD,72,BASELINE_RESIDUAL_EXIT,gate/okx,GATE_PAIRS,0,0,0,,,,,,,,,,,,,,,,,,0,0,,,,,,,
200,20,RESIDUAL_SPREAD,72,BASELINE_RESIDUAL_EXIT,hyperliquid/okx,NON_GATE_PAIRS,0,0,0,,,,,,,,,,,,,,,,,,0,0,,,,,,,
200,20,RESIDUAL_SPREAD,72,BASELINE_RESIDUAL_EXIT,ALL_GATE_PAIRS,GATE_PAIRS,21,0,21,1.0,,,,,,,,,,,,,,,,0.0,0,0,,,,,,,0.0
200,20,RESIDUAL_SPREAD,72,BASELINE_RESIDUAL_EXIT,ALL_NON_GATE_PAIRS,NON_GATE_PAIRS,58,1,57,0.9827586206896551,144.20110925340657,144.20110925340657,1.0,144.20110925340657,144.20110925340657,144.20110925340657,144.20110925340657,6.128390071133971,6.128390071133971,215.7313151375062,215.7313151375062,210.0,210.0,210.0,210.0,0.0009889799378355467,0,0,144.20110925340657,144.20110925340657,215.48167503532056,-51.280565781914,164.20110925340657,-20.0,1.0
200,20,RESIDUAL_SPREAD,72,BASELINE_RESIDUAL_EXIT,ALL_PAIRS,ALL,79,1,78,0.9873417721518988,144.20110925340657,144.20110925340657,1.0,144.20110925340657,144.20110925340657,144.20110925340657,144.20110925340657,6.128390071133971,6.128390071133971,215.7313151375062,215.7313151375062,210.0,210.0,210.0,210.0,0.0006593199585570312,0,0,144.20110925340657,144.20110925340657,215.48167503532056,-51.280565781914,164.20110925340657,-20.0,1.0
200,20,RESIDUAL_SPREAD,72,FRACTIONAL_RESIDUAL_EXIT,binance/bitget,NON_GATE_PAIRS,19,0,19,1.0,,,,,,,,,,,,,,,,0.0,0,0,,,,,,,0.0
200,20,RESIDUAL_SPREAD,72,FRACTIONAL_RESIDUAL_EXIT,binance/gate,GATE_PAIRS,0,0,0,,,,,,,,,,,,,,,,,,0,0,,,,,,,
200,20,RESIDUAL_SPREAD,72,FRACTIONAL_RESIDUAL_EXIT,binance/hyperliquid,NON_GATE_PAIRS,0,0,0,,,,,,,,,,,,,,,,,,0,0,,,,,,,
200,20,RESIDUAL_SPREAD,72,FRACTIONAL_RESIDUAL_EXIT,binance/okx,NON_GATE_PAIRS,1,1,0,0.0,111.25965768972492,111.25965768972492,1.0,111.25965768972492,111.25965768972492,111.25965768972492,111.25965768972492,6.128390071133971,6.128390071133971,182.7047868771814,182.7047868771814,165.0,165.0,165.0,165.0,0.0031082226617688614,0,0,111.25965768972492,111.25965768972492,182.5402234716389,-51.280565781914,131.25965768972492,-20.0,1.0
200,20,RESIDUAL_SPREAD,72,FRACTIONAL_RESIDUAL_EXIT,bitget/gate,GATE_PAIRS,19,0,19,1.0,,,,,,,,,,,,,,,,0.0,0,0,,,,,,,0.0
200,20,RESIDUAL_SPREAD,72,FRACTIONAL_RESIDUAL_EXIT,bitget/hyperliquid,NON_GATE_PAIRS,19,0,19,1.0,,,,,,,,,,,,,,,,0.0,0,0,,,,,,,0.0
200,20,RESIDUAL_SPREAD,72,FRACTIONAL_RESIDUAL_EXIT,bitget/okx,NON_GATE_PAIRS,19,0,19,1.0,,,,,,,,,,,,,,,,0.0,0,0,,,,,,,0.0
200,20,RESIDUAL_SPREAD,72,FRACTIONAL_RESIDUAL_EXIT,gate/hyperliquid,GATE_PAIRS,2,0,2,1.0,,,,,,,,,,,,,,,,0.0,0,0,,,,,,,0.0
200,20,RESIDUAL_SPREAD,72,FRACTIONAL_RESIDUAL_EXIT,gate/okx,GATE_PAIRS,0,0,0,,,,,,,,,,,,,,,,,,0,0,,,,,,,
200,20,RESIDUAL_SPREAD,72,FRACTIONAL_RESIDUAL_EXIT,hyperliquid/okx,NON_GATE_PAIRS,0,0,0,,,,,,,,,,,,,,,,,,0,0,,,,,,,
200,20,RESIDUAL_SPREAD,72,FRACTIONAL_RESIDUAL_EXIT,ALL_GATE_PAIRS,GATE_PAIRS,21,0,21,1.0,,,,,,,,,,,,,,,,0.0,0,0,,,,,,,0.0
200,20,RESIDUAL_SPREAD,72,FRACTIONAL_RESIDUAL_EXIT,ALL_NON_GATE_PAIRS,NON_GATE_PAIRS,58,1,57,0.9827586206896551,111.25965768972492,111.25965768972492,1.0,111.25965768972492,111.25965768972492,111.25965768972492,111.25965768972492,6.128390071133971,6.128390071133971,182.7047868771814,182.7047868771814,165.0,165.0,165.0,165.0,0.0007770556654422153,0,0,111.25965768972492,111.25965768972492,182.5402234716389,-51.280565781914,131.25965768972492,-20.0,1.0
200,20,RESIDUAL_SPREAD,72,FRACTIONAL_RESIDUAL_EXIT,ALL_PAIRS,ALL,79,1,78,0.9873417721518988,111.25965768972492,111.25965768972492,1.0,111.25965768972492,111.25965768972492,111.25965768972492,111.25965768972492,6.128390071133971,6.128390071133971,182.7047868771814,182.7047868771814,165.0,165.0,165.0,165.0,0.0005180371102948102,0,0,111.25965768972492,111.25965768972492,182.5402234716389,-51.280565781914,131.25965768972492,-20.0,1.0
200,40,RESIDUAL_SPREAD,24,LEGACY_RAW_EXIT,binance/bitget,NON_GATE_PAIRS,52,0,52,1.0,,,,,,,,,,,,,,,,0.0,0,0,,,,,,,0.0
200,40,RESIDUAL_SPREAD,24,LEGACY_RAW_EXIT,binance/gate,GATE_PAIRS,0,0,0,,,,,,,,,,,,,,,,,,0,0,,,,,,,
200,40,RESIDUAL_SPREAD,24,LEGACY_RAW_EXIT,binance/hyperliquid,NON_GATE_PAIRS,0,0,0,,,,,,,,,,,,,,,,,,0,0,,,,,,,
200,40,RESIDUAL_SPREAD,24,LEGACY_RAW_EXIT,binance/okx,NON_GATE_PAIRS,0,0,0,,,,,,,,,,,,,,,,,,0,0,,,,,,,
200,40,RESIDUAL_SPREAD,24,LEGACY_RAW_EXIT,bitget/gate,GATE_PAIRS,52,0,52,1.0,,,,,,,,,,,,,,,,0.0,0,0,,,,,,,0.0
200,40,RESIDUAL_SPREAD,24,LEGACY_RAW_EXIT,bitget/hyperliquid,NON_GATE_PAIRS,52,0,52,1.0,,,,,,,,,,,,,,,,0.0,0,0,,,,,,,0.0
200,40,RESIDUAL_SPREAD,24,LEGACY_RAW_EXIT,bitget/okx,NON_GATE_PAIRS,52,0,52,1.0,,,,,,,,,,,,,,,,0.0,0,0,,,,,,,0.0
200,40,RESIDUAL_SPREAD,24,LEGACY_RAW_EXIT,gate/hyperliquid,GATE_PAIRS,0,0,0,,,,,,,,,,,,,,,,,,0,0,,,,,,,
200,40,RESIDUAL_SPREAD,24,LEGACY_RAW_EXIT,gate/okx,GATE_PAIRS,0,0,0,,,,,,,,,,,,,,,,,,0,0,,,,,,,
200,40,RESIDUAL_SPREAD,24,LEGACY_RAW_EXIT,hyperliquid/okx,NON_GATE_PAIRS,0,0,0,,,,,,,,,,,,,,,,,,0,0,,,,,,,
200,40,RESIDUAL_SPREAD,24,LEGACY_RAW_EXIT,ALL_GATE_PAIRS,GATE_PAIRS,52,0,52,1.0,,,,,,,,,,,,,,,,0.0,0,0,,,,,,,0.0
200,40,RESIDUAL_SPREAD,24,LEGACY_RAW_EXIT,ALL_NON_GATE_PAIRS,NON_GATE_PAIRS,156,0,156,1.0,,,,,,,,,,,,,,,,0.0,0,0,,,,,,,0.0
200,40,RESIDUAL_SPREAD,24,LEGACY_RAW_EXIT,ALL_PAIRS,ALL,208,0,208,1.0,,,,,,,,,,,,,,,,0.0,0,0,,,,,,,0.0
200,40,RESIDUAL_SPREAD,24,BASELINE_RESIDUAL_EXIT,binance/bitget,NON_GATE_PAIRS,52,0,52,1.0,,,,,,,,,,,,,,,,0.0,0,0,,,,,,,0.0
200,40,RESIDUAL_SPREAD,24,BASELINE_RESIDUAL_EXIT,binance/gate,GATE_PAIRS,0,0,0,,,,,,,,,,,,,,,,,,0,0,,,,,,,
200,40,RESIDUAL_SPREAD,24,BASELINE_RESIDUAL_EXIT,binance/hyperliquid,NON_GATE_PAIRS,0,0,0,,,,,,,,,,,,,,,,,,0,0,,,,,,,
200,40,RESIDUAL_SPREAD,24,BASELINE_RESIDUAL_EXIT,binance/okx,NON_GATE_PAIRS,0,0,0,,,,,,,,,,,,,,,,,,0,0,,,,,,,
200,40,RESIDUAL_SPREAD,24,BASELINE_RESIDUAL_EXIT,bitget/gate,GATE_PAIRS,52,0,52,1.0,,,,,,,,,,,,,,,,0.0,0,0,,,,,,,0.0
200,40,RESIDUAL_SPREAD,24,BASELINE_RESIDUAL_EXIT,bitget/hyperliquid,NON_GATE_PAIRS,52,0,52,1.0,,,,,,,,,,,,,,,,0.0,0,0,,,,,,,0.0
200,40,RESIDUAL_SPREAD,24,BASELINE_RESIDUAL_EXIT,bitget/okx,NON_GATE_PAIRS,52,0,52,1.0,,,,,,,,,,,,,,,,0.0,0,0,,,,,,,0.0
200,40,RESIDUAL_SPREAD,24,BASELINE_RESIDUAL_EXIT,gate/hyperliquid,GATE_PAIRS,0,0,0,,,,,,,,,,,,,,,,,,0,0,,,,,,,
200,40,RESIDUAL_SPREAD,24,BASELINE_RESIDUAL_EXIT,gate/okx,GATE_PAIRS,0,0,0,,,,,,,,,,,,,,,,,,0,0,,,,,,,
200,40,RESIDUAL_SPREAD,24,BASELINE_RESIDUAL_EXIT,hyperliquid/okx,NON_GATE_PAIRS,0,0,0,,,,,,,,,,,,,,,,,,0,0,,,,,,,
200,40,RESIDUAL_SPREAD,24,BASELINE_RESIDUAL_EXIT,ALL_GATE_PAIRS,GATE_PAIRS,52,0,52,1.0,,,,,,,,,,,,,,,,0.0,0,0,,,,,,,0.0
200,40,RESIDUAL_SPREAD,24,BASELINE_RESIDUAL_EXIT,ALL_NON_GATE_PAIRS,NON_GATE_PAIRS,156,0,156,1.0,,,,,,,,,,,,,,,,0.0,0,0,,,,,,,0.0
200,40,RESIDUAL_SPREAD,24,BASELINE_RESIDUAL_EXIT,ALL_PAIRS,ALL,208,0,208,1.0,,,,,,,,,,,,,,,,0.0,0,0,,,,,,,0.0
200,40,RESIDUAL_SPREAD,24,FRACTIONAL_RESIDUAL_EXIT,binance/bitget,NON_GATE_PAIRS,52,0,52,1.0,,,,,,,,,,,,,,,,0.0,0,0,,,,,,,0.0
200,40,RESIDUAL_SPREAD,24,FRACTIONAL_RESIDUAL_EXIT,binance/gate,GATE_PAIRS,0,0,0,,,,,,,,,,,,,,,,,,0,0,,,,,,,
200,40,RESIDUAL_SPREAD,24,FRACTIONAL_RESIDUAL_EXIT,binance/hyperliquid,NON_GATE_PAIRS,0,0,0,,,,,,,,,,,,,,,,,,0,0,,,,,,,
200,40,RESIDUAL_SPREAD,24,FRACTIONAL_RESIDUAL_EXIT,binance/okx,NON_GATE_PAIRS,0,0,0,,,,,,,,,,,,,,,,,,0,0,,,,,,,
200,40,RESIDUAL_SPREAD,24,FRACTIONAL_RESIDUAL_EXIT,bitget/gate,GATE_PAIRS,52,0,52,1.0,,,,,,,,,,,,,,,,0.0,0,0,,,,,,,0.0
200,40,RESIDUAL_SPREAD,24,FRACTIONAL_RESIDUAL_EXIT,bitget/hyperliquid,NON_GATE_PAIRS,52,0,52,1.0,,,,,,,,,,,,,,,,0.0,0,0,,,,,,,0.0
200,40,RESIDUAL_SPREAD,24,FRACTIONAL_RESIDUAL_EXIT,bitget/okx,NON_GATE_PAIRS,52,0,52,1.0,,,,,,,,,,,,,,,,0.0,0,0,,,,,,,0.0
200,40,RESIDUAL_SPREAD,24,FRACTIONAL_RESIDUAL_EXIT,gate/hyperliquid,GATE_PAIRS,0,0,0,,,,,,,,,,,,,,,,,,0,0,,,,,,,
200,40,RESIDUAL_SPREAD,24,FRACTIONAL_RESIDUAL_EXIT,gate/okx,GATE_PAIRS,0,0,0,,,,,,,,,,,,,,,,,,0,0,,,,,,,
200,40,RESIDUAL_SPREAD,24,FRACTIONAL_RESIDUAL_EXIT,hyperliquid/okx,NON_GATE_PAIRS,0,0,0,,,,,,,,,,,,,,,,,,0,0,,,,,,,
200,40,RESIDUAL_SPREAD,24,FRACTIONAL_RESIDUAL_EXIT,ALL_GATE_PAIRS,GATE_PAIRS,52,0,52,1.0,,,,,,,,,,,,,,,,0.0,0,0,,,,,,,0.0
200,40,RESIDUAL_SPREAD,24,FRACTIONAL_RESIDUAL_EXIT,ALL_NON_GATE_PAIRS,NON_GATE_PAIRS,156,0,156,1.0,,,,,,,,,,,,,,,,0.0,0,0,,,,,,,0.0
200,40,RESIDUAL_SPREAD,24,FRACTIONAL_RESIDUAL_EXIT,ALL_PAIRS,ALL,208,0,208,1.0,,,,,,,,,,,,,,,,0.0,0,0,,,,,,,0.0
200,40,RESIDUAL_SPREAD,72,LEGACY_RAW_EXIT,binance/bitget,NON_GATE_PAIRS,19,0,19,1.0,,,,,,,,,,,,,,,,0.0,0,0,,,,,,,0.0
200,40,RESIDUAL_SPREAD,72,LEGACY_RAW_EXIT,binance/gate,GATE_PAIRS,0,0,0,,,,,,,,,,,,,,,,,,0,0,,,,,,,
200,40,RESIDUAL_SPREAD,72,LEGACY_RAW_EXIT,binance/hyperliquid,NON_GATE_PAIRS,0,0,0,,,,,,,,,,,,,,,,,,0,0,,,,,,,
200,40,RESIDUAL_SPREAD,72,LEGACY_RAW_EXIT,binance/okx,NON_GATE_PAIRS,1,1,0,0.0,-9.600618535387165,-9.600618535387165,0.0,-9.600618535387165,-9.600618535387165,-9.600618535387165,-9.600618535387165,6.128390071133971,6.128390071133971,82.70086760622908,82.70086760622908,45.0,45.0,45.0,45.0,0.0008476970895733258,0,0,-9.600618535387165,-9.600618535387165,81.67994724652684,-51.280565781914,30.39938146461284,-40.0,1.0
200,40,RESIDUAL_SPREAD,72,LEGACY_RAW_EXIT,bitget/gate,GATE_PAIRS,19,0,19,1.0,,,,,,,,,,,,,,,,0.0,0,0,,,,,,,0.0
200,40,RESIDUAL_SPREAD,72,LEGACY_RAW_EXIT,bitget/hyperliquid,NON_GATE_PAIRS,19,0,19,1.0,,,,,,,,,,,,,,,,0.0,0,0,,,,,,,0.0
200,40,RESIDUAL_SPREAD,72,LEGACY_RAW_EXIT,bitget/okx,NON_GATE_PAIRS,19,0,19,1.0,,,,,,,,,,,,,,,,0.0,0,0,,,,,,,0.0
200,40,RESIDUAL_SPREAD,72,LEGACY_RAW_EXIT,gate/hyperliquid,GATE_PAIRS,2,0,2,1.0,,,,,,,,,,,,,,,,0.0,0,0,,,,,,,0.0
200,40,RESIDUAL_SPREAD,72,LEGACY_RAW_EXIT,gate/okx,GATE_PAIRS,0,0,0,,,,,,,,,,,,,,,,,,0,0,,,,,,,
200,40,RESIDUAL_SPREAD,72,LEGACY_RAW_EXIT,hyperliquid/okx,NON_GATE_PAIRS,0,0,0,,,,,,,,,,,,,,,,,,0,0,,,,,,,
200,40,RESIDUAL_SPREAD,72,LEGACY_RAW_EXIT,ALL_GATE_PAIRS,GATE_PAIRS,21,0,21,1.0,,,,,,,,,,,,,,,,0.0,0,0,,,,,,,0.0
200,40,RESIDUAL_SPREAD,72,LEGACY_RAW_EXIT,ALL_NON_GATE_PAIRS,NON_GATE_PAIRS,58,1,57,0.9827586206896551,-9.600618535387165,-9.600618535387165,0.0,-9.600618535387165,-9.600618535387165,-9.600618535387165,-9.600618535387165,6.128390071133971,6.128390071133971,82.70086760622908,82.70086760622908,45.0,45.0,45.0,45.0,0.00021192427239333144,0,0,-9.600618535387165,-9.600618535387165,81.67994724652684,-51.280565781914,30.39938146461284,-40.0,1.0
200,40,RESIDUAL_SPREAD,72,LEGACY_RAW_EXIT,ALL_PAIRS,ALL,79,1,78,0.9873417721518988,-9.600618535387165,-9.600618535387165,0.0,-9.600618535387165,-9.600618535387165,-9.600618535387165,-9.600618535387165,6.128390071133971,6.128390071133971,82.70086760622908,82.70086760622908,45.0,45.0,45.0,45.0,0.00014128284826222097,0,0,-9.600618535387165,-9.600618535387165,81.67994724652684,-51.280565781914,30.39938146461284,-40.0,1.0
200,40,RESIDUAL_SPREAD,72,BASELINE_RESIDUAL_EXIT,binance/bitget,NON_GATE_PAIRS,19,0,19,1.0,,,,,,,,,,,,,,,,0.0,0,0,,,,,,,0.0
200,40,RESIDUAL_SPREAD,72,BASELINE_RESIDUAL_EXIT,binance/gate,GATE_PAIRS,0,0,0,,,,,,,,,,,,,,,,,,0,0,,,,,,,
200,40,RESIDUAL_SPREAD,72,BASELINE_RESIDUAL_EXIT,binance/hyperliquid,NON_GATE_PAIRS,0,0,0,,,,,,,,,,,,,,,,,,0,0,,,,,,,
200,40,RESIDUAL_SPREAD,72,BASELINE_RESIDUAL_EXIT,binance/okx,NON_GATE_PAIRS,1,1,0,0.0,124.20110925340656,124.20110925340656,1.0,124.20110925340656,124.20110925340656,124.20110925340656,124.20110925340656,6.128390071133971,6.128390071133971,215.7313151375062,215.7313151375062,210.0,210.0,210.0,210.0,0.003955919751342187,0,0,124.20110925340656,124.20110925340656,215.48167503532056,-51.280565781914,164.20110925340657,-40.0,1.0
200,40,RESIDUAL_SPREAD,72,BASELINE_RESIDUAL_EXIT,bitget/gate,GATE_PAIRS,19,0,19,1.0,,,,,,,,,,,,,,,,0.0,0,0,,,,,,,0.0
200,40,RESIDUAL_SPREAD,72,BASELINE_RESIDUAL_EXIT,bitget/hyperliquid,NON_GATE_PAIRS,19,0,19,1.0,,,,,,,,,,,,,,,,0.0,0,0,,,,,,,0.0
200,40,RESIDUAL_SPREAD,72,BASELINE_RESIDUAL_EXIT,bitget/okx,NON_GATE_PAIRS,19,0,19,1.0,,,,,,,,,,,,,,,,0.0,0,0,,,,,,,0.0
200,40,RESIDUAL_SPREAD,72,BASELINE_RESIDUAL_EXIT,gate/hyperliquid,GATE_PAIRS,2,0,2,1.0,,,,,,,,,,,,,,,,0.0,0,0,,,,,,,0.0
200,40,RESIDUAL_SPREAD,72,BASELINE_RESIDUAL_EXIT,gate/okx,GATE_PAIRS,0,0,0,,,,,,,,,,,,,,,,,,0,0,,,,,,,
200,40,RESIDUAL_SPREAD,72,BASELINE_RESIDUAL_EXIT,hyperliquid/okx,NON_GATE_PAIRS,0,0,0,,,,,,,,,,,,,,,,,,0,0,,,,,,,
200,40,RESIDUAL_SPREAD,72,BASELINE_RESIDUAL_EXIT,ALL_GATE_PAIRS,GATE_PAIRS,21,0,21,1.0,,,,,,,,,,,,,,,,0.0,0,0,,,,,,,0.0
200,40,RESIDUAL_SPREAD,72,BASELINE_RESIDUAL_EXIT,ALL_NON_GATE_PAIRS,NON_GATE_PAIRS,58,1,57,0.9827586206896551,124.20110925340656,124.20110925340656,1.0,124.20110925340656,124.20110925340656,124.20110925340656,124.20110925340656,6.128390071133971,6.128390071133971,215.7313151375062,215.7313151375062,210.0,210.0,210.0,210.0,0.0009889799378355467,0,0,124.20110925340656,124.20110925340656,215.48167503532056,-51.280565781914,164.20110925340657,-40.0,1.0
200,40,RESIDUAL_SPREAD,72,BASELINE_RESIDUAL_EXIT,ALL_PAIRS,ALL,79,1,78,0.9873417721518988,124.20110925340656,124.20110925340656,1.0,124.20110925340656,124.20110925340656,124.20110925340656,124.20110925340656,6.128390071133971,6.128390071133971,215.7313151375062,215.7313151375062,210.0,210.0,210.0,210.0,0.0006593199585570312,0,0,124.20110925340656,124.20110925340656,215.48167503532056,-51.280565781914,164.20110925340657,-40.0,1.0
200,40,RESIDUAL_SPREAD,72,FRACTIONAL_RESIDUAL_EXIT,binance/bitget,NON_GATE_PAIRS,19,0,19,1.0,,,,,,,,,,,,,,,,0.0,0,0,,,,,,,0.0
200,40,RESIDUAL_SPREAD,72,FRACTIONAL_RESIDUAL_EXIT,binance/gate,GATE_PAIRS,0,0,0,,,,,,,,,,,,,,,,,,0,0,,,,,,,
200,40,RESIDUAL_SPREAD,72,FRACTIONAL_RESIDUAL_EXIT,binance/hyperliquid,NON_GATE_PAIRS,0,0,0,,,,,,,,,,,,,,,,,,0,0,,,,,,,
200,40,RESIDUAL_SPREAD,72,FRACTIONAL_RESIDUAL_EXIT,binance/okx,NON_GATE_PAIRS,1,1,0,0.0,91.25965768972492,91.25965768972492,1.0,91.25965768972492,91.25965768972492,91.25965768972492,91.25965768972492,6.128390071133971,6.128390071133971,182.7047868771814,182.7047868771814,165.0,165.0,165.0,165.0,0.0031082226617688614,0,0,91.25965768972492,91.25965768972492,182.5402234716389,-51.280565781914,131.25965768972492,-40.0,1.0
200,40,RESIDUAL_SPREAD,72,FRACTIONAL_RESIDUAL_EXIT,bitget/gate,GATE_PAIRS,19,0,19,1.0,,,,,,,,,,,,,,,,0.0,0,0,,,,,,,0.0
200,40,RESIDUAL_SPREAD,72,FRACTIONAL_RESIDUAL_EXIT,bitget/hyperliquid,NON_GATE_PAIRS,19,0,19,1.0,,,,,,,,,,,,,,,,0.0,0,0,,,,,,,0.0
200,40,RESIDUAL_SPREAD,72,FRACTIONAL_RESIDUAL_EXIT,bitget/okx,NON_GATE_PAIRS,19,0,19,1.0,,,,,,,,,,,,,,,,0.0,0,0,,,,,,,0.0
200,40,RESIDUAL_SPREAD,72,FRACTIONAL_RESIDUAL_EXIT,gate/hyperliquid,GATE_PAIRS,2,0,2,1.0,,,,,,,,,,,,,,,,0.0,0,0,,,,,,,0.0
200,40,RESIDUAL_SPREAD,72,FRACTIONAL_RESIDUAL_EXIT,gate/okx,GATE_PAIRS,0,0,0,,,,,,,,,,,,,,,,,,0,0,,,,,,,
200,40,RESIDUAL_SPREAD,72,FRACTIONAL_RESIDUAL_EXIT,hyperliquid/okx,NON_GATE_PAIRS,0,0,0,,,,,,,,,,,,,,,,,,0,0,,,,,,,
200,40,RESIDUAL_SPREAD,72,FRACTIONAL_RESIDUAL_EXIT,ALL_GATE_PAIRS,GATE_PAIRS,21,0,21,1.0,,,,,,,,,,,,,,,,0.0,0,0,,,,,,,0.0
200,40,RESIDUAL_SPREAD,72,FRACTIONAL_RESIDUAL_EXIT,ALL_NON_GATE_PAIRS,NON_GATE_PAIRS,58,1,57,0.9827586206896551,91.25965768972492,91.25965768972492,1.0,91.25965768972492,91.25965768972492,91.25965768972492,91.25965768972492,6.128390071133971,6.128390071133971,182.7047868771814,182.7047868771814,165.0,165.0,165.0,165.0,0.0007770556654422153,0,0,91.25965768972492,91.25965768972492,182.5402234716389,-51.280565781914,131.25965768972492,-40.0,1.0
200,40,RESIDUAL_SPREAD,72,FRACTIONAL_RESIDUAL_EXIT,ALL_PAIRS,ALL,79,1,78,0.9873417721518988,91.25965768972492,91.25965768972492,1.0,91.25965768972492,91.25965768972492,91.25965768972492,91.25965768972492,6.128390071133971,6.128390071133971,182.7047868771814,182.7047868771814,165.0,165.0,165.0,165.0,0.0005180371102948102,0,0,91.25965768972492,91.25965768972492,182.5402234716389,-51.280565781914,131.25965768972492,-40.0,1.0
200,58,RESIDUAL_SPREAD,24,LEGACY_RAW_EXIT,binance/bitget,NON_GATE_PAIRS,52,0,52,1.0,,,,,,,,,,,,,,,,0.0,0,0,,,,,,,0.0
200,58,RESIDUAL_SPREAD,24,LEGACY_RAW_EXIT,binance/gate,GATE_PAIRS,0,0,0,,,,,,,,,,,,,,,,,,0,0,,,,,,,
200,58,RESIDUAL_SPREAD,24,LEGACY_RAW_EXIT,binance/hyperliquid,NON_GATE_PAIRS,0,0,0,,,,,,,,,,,,,,,,,,0,0,,,,,,,
200,58,RESIDUAL_SPREAD,24,LEGACY_RAW_EXIT,binance/okx,NON_GATE_PAIRS,0,0,0,,,,,,,,,,,,,,,,,,0,0,,,,,,,
200,58,RESIDUAL_SPREAD,24,LEGACY_RAW_EXIT,bitget/gate,GATE_PAIRS,52,0,52,1.0,,,,,,,,,,,,,,,,0.0,0,0,,,,,,,0.0
200,58,RESIDUAL_SPREAD,24,LEGACY_RAW_EXIT,bitget/hyperliquid,NON_GATE_PAIRS,52,0,52,1.0,,,,,,,,,,,,,,,,0.0,0,0,,,,,,,0.0
200,58,RESIDUAL_SPREAD,24,LEGACY_RAW_EXIT,bitget/okx,NON_GATE_PAIRS,52,0,52,1.0,,,,,,,,,,,,,,,,0.0,0,0,,,,,,,0.0
200,58,RESIDUAL_SPREAD,24,LEGACY_RAW_EXIT,gate/hyperliquid,GATE_PAIRS,0,0,0,,,,,,,,,,,,,,,,,,0,0,,,,,,,
200,58,RESIDUAL_SPREAD,24,LEGACY_RAW_EXIT,gate/okx,GATE_PAIRS,0,0,0,,,,,,,,,,,,,,,,,,0,0,,,,,,,
200,58,RESIDUAL_SPREAD,24,LEGACY_RAW_EXIT,hyperliquid/okx,NON_GATE_PAIRS,0,0,0,,,,,,,,,,,,,,,,,,0,0,,,,,,,
200,58,RESIDUAL_SPREAD,24,LEGACY_RAW_EXIT,ALL_GATE_PAIRS,GATE_PAIRS,52,0,52,1.0,,,,,,,,,,,,,,,,0.0,0,0,,,,,,,0.0
200,58,RESIDUAL_SPREAD,24,LEGACY_RAW_EXIT,ALL_NON_GATE_PAIRS,NON_GATE_PAIRS,156,0,156,1.0,,,,,,,,,,,,,,,,0.0,0,0,,,,,,,0.0
200,58,RESIDUAL_SPREAD,24,LEGACY_RAW_EXIT,ALL_PAIRS,ALL,208,0,208,1.0,,,,,,,,,,,,,,,,0.0,0,0,,,,,,,0.0
200,58,RESIDUAL_SPREAD,24,BASELINE_RESIDUAL_EXIT,binance/bitget,NON_GATE_PAIRS,52,0,52,1.0,,,,,,,,,,,,,,,,0.0,0,0,,,,,,,0.0
200,58,RESIDUAL_SPREAD,24,BASELINE_RESIDUAL_EXIT,binance/gate,GATE_PAIRS,0,0,0,,,,,,,,,,,,,,,,,,0,0,,,,,,,
200,58,RESIDUAL_SPREAD,24,BASELINE_RESIDUAL_EXIT,binance/hyperliquid,NON_GATE_PAIRS,0,0,0,,,,,,,,,,,,,,,,,,0,0,,,,,,,
200,58,RESIDUAL_SPREAD,24,BASELINE_RESIDUAL_EXIT,binance/okx,NON_GATE_PAIRS,0,0,0,,,,,,,,,,,,,,,,,,0,0,,,,,,,
200,58,RESIDUAL_SPREAD,24,BASELINE_RESIDUAL_EXIT,bitget/gate,GATE_PAIRS,52,0,52,1.0,,,,,,,,,,,,,,,,0.0,0,0,,,,,,,0.0
200,58,RESIDUAL_SPREAD,24,BASELINE_RESIDUAL_EXIT,bitget/hyperliquid,NON_GATE_PAIRS,52,0,52,1.0,,,,,,,,,,,,,,,,0.0,0,0,,,,,,,0.0
200,58,RESIDUAL_SPREAD,24,BASELINE_RESIDUAL_EXIT,bitget/okx,NON_GATE_PAIRS,52,0,52,1.0,,,,,,,,,,,,,,,,0.0,0,0,,,,,,,0.0
200,58,RESIDUAL_SPREAD,24,BASELINE_RESIDUAL_EXIT,gate/hyperliquid,GATE_PAIRS,0,0,0,,,,,,,,,,,,,,,,,,0,0,,,,,,,
200,58,RESIDUAL_SPREAD,24,BASELINE_RESIDUAL_EXIT,gate/okx,GATE_PAIRS,0,0,0,,,,,,,,,,,,,,,,,,0,0,,,,,,,
200,58,RESIDUAL_SPREAD,24,BASELINE_RESIDUAL_EXIT,hyperliquid/okx,NON_GATE_PAIRS,0,0,0,,,,,,,,,,,,,,,,,,0,0,,,,,,,
200,58,RESIDUAL_SPREAD,24,BASELINE_RESIDUAL_EXIT,ALL_GATE_PAIRS,GATE_PAIRS,52,0,52,1.0,,,,,,,,,,,,,,,,0.0,0,0,,,,,,,0.0
200,58,RESIDUAL_SPREAD,24,BASELINE_RESIDUAL_EXIT,ALL_NON_GATE_PAIRS,NON_GATE_PAIRS,156,0,156,1.0,,,,,,,,,,,,,,,,0.0,0,0,,,,,,,0.0
200,58,RESIDUAL_SPREAD,24,BASELINE_RESIDUAL_EXIT,ALL_PAIRS,ALL,208,0,208,1.0,,,,,,,,,,,,,,,,0.0,0,0,,,,,,,0.0
200,58,RESIDUAL_SPREAD,24,FRACTIONAL_RESIDUAL_EXIT,binance/bitget,NON_GATE_PAIRS,52,0,52,1.0,,,,,,,,,,,,,,,,0.0,0,0,,,,,,,0.0
200,58,RESIDUAL_SPREAD,24,FRACTIONAL_RESIDUAL_EXIT,binance/gate,GATE_PAIRS,0,0,0,,,,,,,,,,,,,,,,,,0,0,,,,,,,
200,58,RESIDUAL_SPREAD,24,FRACTIONAL_RESIDUAL_EXIT,binance/hyperliquid,NON_GATE_PAIRS,0,0,0,,,,,,,,,,,,,,,,,,0,0,,,,,,,
200,58,RESIDUAL_SPREAD,24,FRACTIONAL_RESIDUAL_EXIT,binance/okx,NON_GATE_PAIRS,0,0,0,,,,,,,,,,,,,,,,,,0,0,,,,,,,
200,58,RESIDUAL_SPREAD,24,FRACTIONAL_RESIDUAL_EXIT,bitget/gate,GATE_PAIRS,52,0,52,1.0,,,,,,,,,,,,,,,,0.0,0,0,,,,,,,0.0
200,58,RESIDUAL_SPREAD,24,FRACTIONAL_RESIDUAL_EXIT,bitget/hyperliquid,NON_GATE_PAIRS,52,0,52,1.0,,,,,,,,,,,,,,,,0.0,0,0,,,,,,,0.0
200,58,RESIDUAL_SPREAD,24,FRACTIONAL_RESIDUAL_EXIT,bitget/okx,NON_GATE_PAIRS,52,0,52,1.0,,,,,,,,,,,,,,,,0.0,0,0,,,,,,,0.0
200,58,RESIDUAL_SPREAD,24,FRACTIONAL_RESIDUAL_EXIT,gate/hyperliquid,GATE_PAIRS,0,0,0,,,,,,,,,,,,,,,,,,0,0,,,,,,,
200,58,RESIDUAL_SPREAD,24,FRACTIONAL_RESIDUAL_EXIT,gate/okx,GATE_PAIRS,0,0,0,,,,,,,,,,,,,,,,,,0,0,,,,,,,
200,58,RESIDUAL_SPREAD,24,FRACTIONAL_RESIDUAL_EXIT,hyperliquid/okx,NON_GATE_PAIRS,0,0,0,,,,,,,,,,,,,,,,,,0,0,,,,,,,
200,58,RESIDUAL_SPREAD,24,FRACTIONAL_RESIDUAL_EXIT,ALL_GATE_PAIRS,GATE_PAIRS,52,0,52,1.0,,,,,,,,,,,,,,,,0.0,0,0,,,,,,,0.0
200,58,RESIDUAL_SPREAD,24,FRACTIONAL_RESIDUAL_EXIT,ALL_NON_GATE_PAIRS,NON_GATE_PAIRS,156,0,156,1.0,,,,,,,,,,,,,,,,0.0,0,0,,,,,,,0.0
200,58,RESIDUAL_SPREAD,24,FRACTIONAL_RESIDUAL_EXIT,ALL_PAIRS,ALL,208,0,208,1.0,,,,,,,,,,,,,,,,0.0,0,0,,,,,,,0.0
200,58,RESIDUAL_SPREAD,72,LEGACY_RAW_EXIT,binance/bitget,NON_GATE_PAIRS,19,0,19,1.0,,,,,,,,,,,,,,,,0.0,0,0,,,,,,,0.0
200,58,RESIDUAL_SPREAD,72,LEGACY_RAW_EXIT,binance/gate,GATE_PAIRS,0,0,0,,,,,,,,,,,,,,,,,,0,0,,,,,,,
200,58,RESIDUAL_SPREAD,72,LEGACY_RAW_EXIT,binance/hyperliquid,NON_GATE_PAIRS,0,0,0,,,,,,,,,,,,,,,,,,0,0,,,,,,,
200,58,RESIDUAL_SPREAD,72,LEGACY_RAW_EXIT,binance/okx,NON_GATE_PAIRS,1,1,0,0.0,-27.600618535387163,-27.600618535387163,0.0,-27.600618535387163,-27.600618535387163,-27.600618535387163,-27.600618535387163,6.128390071133971,6.128390071133971,82.70086760622908,82.70086760622908,45.0,45.0,45.0,45.0,0.0008476970895733258,0,0,-27.600618535387163,-27.600618535387163,81.67994724652684,-51.280565781914,30.39938146461284,-58.0,1.0
200,58,RESIDUAL_SPREAD,72,LEGACY_RAW_EXIT,bitget/gate,GATE_PAIRS,19,0,19,1.0,,,,,,,,,,,,,,,,0.0,0,0,,,,,,,0.0
200,58,RESIDUAL_SPREAD,72,LEGACY_RAW_EXIT,bitget/hyperliquid,NON_GATE_PAIRS,19,0,19,1.0,,,,,,,,,,,,,,,,0.0,0,0,,,,,,,0.0
200,58,RESIDUAL_SPREAD,72,LEGACY_RAW_EXIT,bitget/okx,NON_GATE_PAIRS,19,0,19,1.0,,,,,,,,,,,,,,,,0.0,0,0,,,,,,,0.0
200,58,RESIDUAL_SPREAD,72,LEGACY_RAW_EXIT,gate/hyperliquid,GATE_PAIRS,2,0,2,1.0,,,,,,,,,,,,,,,,0.0,0,0,,,,,,,0.0
200,58,RESIDUAL_SPREAD,72,LEGACY_RAW_EXIT,gate/okx,GATE_PAIRS,0,0,0,,,,,,,,,,,,,,,,,,0,0,,,,,,,
200,58,RESIDUAL_SPREAD,72,LEGACY_RAW_EXIT,hyperliquid/okx,NON_GATE_PAIRS,0,0,0,,,,,,,,,,,,,,,,,,0,0,,,,,,,
200,58,RESIDUAL_SPREAD,72,LEGACY_RAW_EXIT,ALL_GATE_PAIRS,GATE_PAIRS,21,0,21,1.0,,,,,,,,,,,,,,,,0.0,0,0,,,,,,,0.0
200,58,RESIDUAL_SPREAD,72,LEGACY_RAW_EXIT,ALL_NON_GATE_PAIRS,NON_GATE_PAIRS,58,1,57,0.9827586206896551,-27.600618535387163,-27.600618535387163,0.0,-27.600618535387163,-27.600618535387163,-27.600618535387163,-27.600618535387163,6.128390071133971,6.128390071133971,82.70086760622908,82.70086760622908,45.0,45.0,45.0,45.0,0.00021192427239333144,0,0,-27.600618535387163,-27.600618535387163,81.67994724652684,-51.280565781914,30.39938146461284,-58.0,1.0
200,58,RESIDUAL_SPREAD,72,LEGACY_RAW_EXIT,ALL_PAIRS,ALL,79,1,78,0.9873417721518988,-27.600618535387163,-27.600618535387163,0.0,-27.600618535387163,-27.600618535387163,-27.600618535387163,-27.600618535387163,6.128390071133971,6.128390071133971,82.70086760622908,82.70086760622908,45.0,45.0,45.0,45.0,0.00014128284826222097,0,0,-27.600618535387163,-27.600618535387163,81.67994724652684,-51.280565781914,30.39938146461284,-58.0,1.0
200,58,RESIDUAL_SPREAD,72,BASELINE_RESIDUAL_EXIT,binance/bitget,NON_GATE_PAIRS,19,0,19,1.0,,,,,,,,,,,,,,,,0.0,0,0,,,,,,,0.0
200,58,RESIDUAL_SPREAD,72,BASELINE_RESIDUAL_EXIT,binance/gate,GATE_PAIRS,0,0,0,,,,,,,,,,,,,,,,,,0,0,,,,,,,
200,58,RESIDUAL_SPREAD,72,BASELINE_RESIDUAL_EXIT,binance/hyperliquid,NON_GATE_PAIRS,0,0,0,,,,,,,,,,,,,,,,,,0,0,,,,,,,
200,58,RESIDUAL_SPREAD,72,BASELINE_RESIDUAL_EXIT,binance/okx,NON_GATE_PAIRS,1,1,0,0.0,106.20110925340656,106.20110925340656,1.0,106.20110925340656,106.20110925340656,106.20110925340656,106.20110925340656,6.128390071133971,6.128390071133971,215.7313151375062,215.7313151375062,210.0,210.0,210.0,210.0,0.003955919751342187,0,0,106.20110925340656,106.20110925340656,215.48167503532056,-51.280565781914,164.20110925340657,-58.0,1.0
200,58,RESIDUAL_SPREAD,72,BASELINE_RESIDUAL_EXIT,bitget/gate,GATE_PAIRS,19,0,19,1.0,,,,,,,,,,,,,,,,0.0,0,0,,,,,,,0.0
200,58,RESIDUAL_SPREAD,72,BASELINE_RESIDUAL_EXIT,bitget/hyperliquid,NON_GATE_PAIRS,19,0,19,1.0,,,,,,,,,,,,,,,,0.0,0,0,,,,,,,0.0
200,58,RESIDUAL_SPREAD,72,BASELINE_RESIDUAL_EXIT,bitget/okx,NON_GATE_PAIRS,19,0,19,1.0,,,,,,,,,,,,,,,,0.0,0,0,,,,,,,0.0
200,58,RESIDUAL_SPREAD,72,BASELINE_RESIDUAL_EXIT,gate/hyperliquid,GATE_PAIRS,2,0,2,1.0,,,,,,,,,,,,,,,,0.0,0,0,,,,,,,0.0
200,58,RESIDUAL_SPREAD,72,BASELINE_RESIDUAL_EXIT,gate/okx,GATE_PAIRS,0,0,0,,,,,,,,,,,,,,,,,,0,0,,,,,,,
200,58,RESIDUAL_SPREAD,72,BASELINE_RESIDUAL_EXIT,hyperliquid/okx,NON_GATE_PAIRS,0,0,0,,,,,,,,,,,,,,,,,,0,0,,,,,,,
200,58,RESIDUAL_SPREAD,72,BASELINE_RESIDUAL_EXIT,ALL_GATE_PAIRS,GATE_PAIRS,21,0,21,1.0,,,,,,,,,,,,,,,,0.0,0,0,,,,,,,0.0
200,58,RESIDUAL_SPREAD,72,BASELINE_RESIDUAL_EXIT,ALL_NON_GATE_PAIRS,NON_GATE_PAIRS,58,1,57,0.9827586206896551,106.20110925340656,106.20110925340656,1.0,106.20110925340656,106.20110925340656,106.20110925340656,106.20110925340656,6.128390071133971,6.128390071133971,215.7313151375062,215.7313151375062,210.0,210.0,210.0,210.0,0.0009889799378355467,0,0,106.20110925340656,106.20110925340656,215.48167503532056,-51.280565781914,164.20110925340657,-58.0,1.0
200,58,RESIDUAL_SPREAD,72,BASELINE_RESIDUAL_EXIT,ALL_PAIRS,ALL,79,1,78,0.9873417721518988,106.20110925340656,106.20110925340656,1.0,106.20110925340656,106.20110925340656,106.20110925340656,106.20110925340656,6.128390071133971,6.128390071133971,215.7313151375062,215.7313151375062,210.0,210.0,210.0,210.0,0.0006593199585570312,0,0,106.20110925340656,106.20110925340656,215.48167503532056,-51.280565781914,164.20110925340657,-58.0,1.0
200,58,RESIDUAL_SPREAD,72,FRACTIONAL_RESIDUAL_EXIT,binance/bitget,NON_GATE_PAIRS,19,0,19,1.0,,,,,,,,,,,,,,,,0.0,0,0,,,,,,,0.0
200,58,RESIDUAL_SPREAD,72,FRACTIONAL_RESIDUAL_EXIT,binance/gate,GATE_PAIRS,0,0,0,,,,,,,,,,,,,,,,,,0,0,,,,,,,
200,58,RESIDUAL_SPREAD,72,FRACTIONAL_RESIDUAL_EXIT,binance/hyperliquid,NON_GATE_PAIRS,0,0,0,,,,,,,,,,,,,,,,,,0,0,,,,,,,
200,58,RESIDUAL_SPREAD,72,FRACTIONAL_RESIDUAL_EXIT,binance/okx,NON_GATE_PAIRS,1,1,0,0.0,73.25965768972492,73.25965768972492,1.0,73.25965768972492,73.25965768972492,73.25965768972492,73.25965768972492,6.128390071133971,6.128390071133971,182.7047868771814,182.7047868771814,165.0,165.0,165.0,165.0,0.0031082226617688614,0,0,73.25965768972492,73.25965768972492,182.5402234716389,-51.280565781914,131.25965768972492,-58.0,1.0
200,58,RESIDUAL_SPREAD,72,FRACTIONAL_RESIDUAL_EXIT,bitget/gate,GATE_PAIRS,19,0,19,1.0,,,,,,,,,,,,,,,,0.0,0,0,,,,,,,0.0
200,58,RESIDUAL_SPREAD,72,FRACTIONAL_RESIDUAL_EXIT,bitget/hyperliquid,NON_GATE_PAIRS,19,0,19,1.0,,,,,,,,,,,,,,,,0.0,0,0,,,,,,,0.0
200,58,RESIDUAL_SPREAD,72,FRACTIONAL_RESIDUAL_EXIT,bitget/okx,NON_GATE_PAIRS,19,0,19,1.0,,,,,,,,,,,,,,,,0.0,0,0,,,,,,,0.0
200,58,RESIDUAL_SPREAD,72,FRACTIONAL_RESIDUAL_EXIT,gate/hyperliquid,GATE_PAIRS,2,0,2,1.0,,,,,,,,,,,,,,,,0.0,0,0,,,,,,,0.0
200,58,RESIDUAL_SPREAD,72,FRACTIONAL_RESIDUAL_EXIT,gate/okx,GATE_PAIRS,0,0,0,,,,,,,,,,,,,,,,,,0,0,,,,,,,
200,58,RESIDUAL_SPREAD,72,FRACTIONAL_RESIDUAL_EXIT,hyperliquid/okx,NON_GATE_PAIRS,0,0,0,,,,,,,,,,,,,,,,,,0,0,,,,,,,
200,58,RESIDUAL_SPREAD,72,FRACTIONAL_RESIDUAL_EXIT,ALL_GATE_PAIRS,GATE_PAIRS,21,0,21,1.0,,,,,,,,,,,,,,,,0.0,0,0,,,,,,,0.0
200,58,RESIDUAL_SPREAD,72,FRACTIONAL_RESIDUAL_EXIT,ALL_NON_GATE_PAIRS,NON_GATE_PAIRS,58,1,57,0.9827586206896551,73.25965768972492,73.25965768972492,1.0,73.25965768972492,73.25965768972492,73.25965768972492,73.25965768972492,6.128390071133971,6.128390071133971,182.7047868771814,182.7047868771814,165.0,165.0,165.0,165.0,0.0007770556654422153,0,0,73.25965768972492,73.25965768972492,182.5402234716389,-51.280565781914,131.25965768972492,-58.0,1.0
200,58,RESIDUAL_SPREAD,72,FRACTIONAL_RESIDUAL_EXIT,ALL_PAIRS,ALL,79,1,78,0.9873417721518988,73.25965768972492,73.25965768972492,1.0,73.25965768972492,73.25965768972492,73.25965768972492,73.25965768972492,6.128390071133971,6.128390071133971,182.7047868771814,182.7047868771814,165.0,165.0,165.0,165.0,0.0005180371102948102,0,0,73.25965768972492,73.25965768972492,182.5402234716389,-51.280565781914,131.25965768972492,-58.0,1.0
200,80,RESIDUAL_SPREAD,24,LEGACY_RAW_EXIT,binance/bitget,NON_GATE_PAIRS,52,0,52,1.0,,,,,,,,,,,,,,,,0.0,0,0,,,,,,,0.0
200,80,RESIDUAL_SPREAD,24,LEGACY_RAW_EXIT,binance/gate,GATE_PAIRS,0,0,0,,,,,,,,,,,,,,,,,,0,0,,,,,,,
200,80,RESIDUAL_SPREAD,24,LEGACY_RAW_EXIT,binance/hyperliquid,NON_GATE_PAIRS,0,0,0,,,,,,,,,,,,,,,,,,0,0,,,,,,,
200,80,RESIDUAL_SPREAD,24,LEGACY_RAW_EXIT,binance/okx,NON_GATE_PAIRS,0,0,0,,,,,,,,,,,,,,,,,,0,0,,,,,,,
200,80,RESIDUAL_SPREAD,24,LEGACY_RAW_EXIT,bitget/gate,GATE_PAIRS,52,0,52,1.0,,,,,,,,,,,,,,,,0.0,0,0,,,,,,,0.0
200,80,RESIDUAL_SPREAD,24,LEGACY_RAW_EXIT,bitget/hyperliquid,NON_GATE_PAIRS,52,0,52,1.0,,,,,,,,,,,,,,,,0.0,0,0,,,,,,,0.0
200,80,RESIDUAL_SPREAD,24,LEGACY_RAW_EXIT,bitget/okx,NON_GATE_PAIRS,52,0,52,1.0,,,,,,,,,,,,,,,,0.0,0,0,,,,,,,0.0
200,80,RESIDUAL_SPREAD,24,LEGACY_RAW_EXIT,gate/hyperliquid,GATE_PAIRS,0,0,0,,,,,,,,,,,,,,,,,,0,0,,,,,,,
200,80,RESIDUAL_SPREAD,24,LEGACY_RAW_EXIT,gate/okx,GATE_PAIRS,0,0,0,,,,,,,,,,,,,,,,,,0,0,,,,,,,
200,80,RESIDUAL_SPREAD,24,LEGACY_RAW_EXIT,hyperliquid/okx,NON_GATE_PAIRS,0,0,0,,,,,,,,,,,,,,,,,,0,0,,,,,,,
200,80,RESIDUAL_SPREAD,24,LEGACY_RAW_EXIT,ALL_GATE_PAIRS,GATE_PAIRS,52,0,52,1.0,,,,,,,,,,,,,,,,0.0,0,0,,,,,,,0.0
200,80,RESIDUAL_SPREAD,24,LEGACY_RAW_EXIT,ALL_NON_GATE_PAIRS,NON_GATE_PAIRS,156,0,156,1.0,,,,,,,,,,,,,,,,0.0,0,0,,,,,,,0.0
200,80,RESIDUAL_SPREAD,24,LEGACY_RAW_EXIT,ALL_PAIRS,ALL,208,0,208,1.0,,,,,,,,,,,,,,,,0.0,0,0,,,,,,,0.0
200,80,RESIDUAL_SPREAD,24,BASELINE_RESIDUAL_EXIT,binance/bitget,NON_GATE_PAIRS,52,0,52,1.0,,,,,,,,,,,,,,,,0.0,0,0,,,,,,,0.0
200,80,RESIDUAL_SPREAD,24,BASELINE_RESIDUAL_EXIT,binance/gate,GATE_PAIRS,0,0,0,,,,,,,,,,,,,,,,,,0,0,,,,,,,
200,80,RESIDUAL_SPREAD,24,BASELINE_RESIDUAL_EXIT,binance/hyperliquid,NON_GATE_PAIRS,0,0,0,,,,,,,,,,,,,,,,,,0,0,,,,,,,
200,80,RESIDUAL_SPREAD,24,BASELINE_RESIDUAL_EXIT,binance/okx,NON_GATE_PAIRS,0,0,0,,,,,,,,,,,,,,,,,,0,0,,,,,,,
200,80,RESIDUAL_SPREAD,24,BASELINE_RESIDUAL_EXIT,bitget/gate,GATE_PAIRS,52,0,52,1.0,,,,,,,,,,,,,,,,0.0,0,0,,,,,,,0.0
200,80,RESIDUAL_SPREAD,24,BASELINE_RESIDUAL_EXIT,bitget/hyperliquid,NON_GATE_PAIRS,52,0,52,1.0,,,,,,,,,,,,,,,,0.0,0,0,,,,,,,0.0
200,80,RESIDUAL_SPREAD,24,BASELINE_RESIDUAL_EXIT,bitget/okx,NON_GATE_PAIRS,52,0,52,1.0,,,,,,,,,,,,,,,,0.0,0,0,,,,,,,0.0
200,80,RESIDUAL_SPREAD,24,BASELINE_RESIDUAL_EXIT,gate/hyperliquid,GATE_PAIRS,0,0,0,,,,,,,,,,,,,,,,,,0,0,,,,,,,
200,80,RESIDUAL_SPREAD,24,BASELINE_RESIDUAL_EXIT,gate/okx,GATE_PAIRS,0,0,0,,,,,,,,,,,,,,,,,,0,0,,,,,,,
200,80,RESIDUAL_SPREAD,24,BASELINE_RESIDUAL_EXIT,hyperliquid/okx,NON_GATE_PAIRS,0,0,0,,,,,,,,,,,,,,,,,,0,0,,,,,,,
200,80,RESIDUAL_SPREAD,24,BASELINE_RESIDUAL_EXIT,ALL_GATE_PAIRS,GATE_PAIRS,52,0,52,1.0,,,,,,,,,,,,,,,,0.0,0,0,,,,,,,0.0
200,80,RESIDUAL_SPREAD,24,BASELINE_RESIDUAL_EXIT,ALL_NON_GATE_PAIRS,NON_GATE_PAIRS,156,0,156,1.0,,,,,,,,,,,,,,,,0.0,0,0,,,,,,,0.0
200,80,RESIDUAL_SPREAD,24,BASELINE_RESIDUAL_EXIT,ALL_PAIRS,ALL,208,0,208,1.0,,,,,,,,,,,,,,,,0.0,0,0,,,,,,,0.0
200,80,RESIDUAL_SPREAD,24,FRACTIONAL_RESIDUAL_EXIT,binance/bitget,NON_GATE_PAIRS,52,0,52,1.0,,,,,,,,,,,,,,,,0.0,0,0,,,,,,,0.0
200,80,RESIDUAL_SPREAD,24,FRACTIONAL_RESIDUAL_EXIT,binance/gate,GATE_PAIRS,0,0,0,,,,,,,,,,,,,,,,,,0,0,,,,,,,
200,80,RESIDUAL_SPREAD,24,FRACTIONAL_RESIDUAL_EXIT,binance/hyperliquid,NON_GATE_PAIRS,0,0,0,,,,,,,,,,,,,,,,,,0,0,,,,,,,
200,80,RESIDUAL_SPREAD,24,FRACTIONAL_RESIDUAL_EXIT,binance/okx,NON_GATE_PAIRS,0,0,0,,,,,,,,,,,,,,,,,,0,0,,,,,,,
200,80,RESIDUAL_SPREAD,24,FRACTIONAL_RESIDUAL_EXIT,bitget/gate,GATE_PAIRS,52,0,52,1.0,,,,,,,,,,,,,,,,0.0,0,0,,,,,,,0.0
200,80,RESIDUAL_SPREAD,24,FRACTIONAL_RESIDUAL_EXIT,bitget/hyperliquid,NON_GATE_PAIRS,52,0,52,1.0,,,,,,,,,,,,,,,,0.0,0,0,,,,,,,0.0
200,80,RESIDUAL_SPREAD,24,FRACTIONAL_RESIDUAL_EXIT,bitget/okx,NON_GATE_PAIRS,52,0,52,1.0,,,,,,,,,,,,,,,,0.0,0,0,,,,,,,0.0
200,80,RESIDUAL_SPREAD,24,FRACTIONAL_RESIDUAL_EXIT,gate/hyperliquid,GATE_PAIRS,0,0,0,,,,,,,,,,,,,,,,,,0,0,,,,,,,
200,80,RESIDUAL_SPREAD,24,FRACTIONAL_RESIDUAL_EXIT,gate/okx,GATE_PAIRS,0,0,0,,,,,,,,,,,,,,,,,,0,0,,,,,,,
200,80,RESIDUAL_SPREAD,24,FRACTIONAL_RESIDUAL_EXIT,hyperliquid/okx,NON_GATE_PAIRS,0,0,0,,,,,,,,,,,,,,,,,,0,0,,,,,,,
200,80,RESIDUAL_SPREAD,24,FRACTIONAL_RESIDUAL_EXIT,ALL_GATE_PAIRS,GATE_PAIRS,52,0,52,1.0,,,,,,,,,,,,,,,,0.0,0,0,,,,,,,0.0
200,80,RESIDUAL_SPREAD,24,FRACTIONAL_RESIDUAL_EXIT,ALL_NON_GATE_PAIRS,NON_GATE_PAIRS,156,0,156,1.0,,,,,,,,,,,,,,,,0.0,0,0,,,,,,,0.0
200,80,RESIDUAL_SPREAD,24,FRACTIONAL_RESIDUAL_EXIT,ALL_PAIRS,ALL,208,0,208,1.0,,,,,,,,,,,,,,,,0.0,0,0,,,,,,,0.0
200,80,RESIDUAL_SPREAD,72,LEGACY_RAW_EXIT,binance/bitget,NON_GATE_PAIRS,19,0,19,1.0,,,,,,,,,,,,,,,,0.0,0,0,,,,,,,0.0
200,80,RESIDUAL_SPREAD,72,LEGACY_RAW_EXIT,binance/gate,GATE_PAIRS,0,0,0,,,,,,,,,,,,,,,,,,0,0,,,,,,,
200,80,RESIDUAL_SPREAD,72,LEGACY_RAW_EXIT,binance/hyperliquid,NON_GATE_PAIRS,0,0,0,,,,,,,,,,,,,,,,,,0,0,,,,,,,
200,80,RESIDUAL_SPREAD,72,LEGACY_RAW_EXIT,binance/okx,NON_GATE_PAIRS,1,1,0,0.0,-49.60061853538716,-49.60061853538716,0.0,-49.60061853538716,-49.60061853538716,-49.60061853538716,-49.60061853538716,6.128390071133971,6.128390071133971,82.70086760622908,82.70086760622908,45.0,45.0,45.0,45.0,0.0008476970895733258,0,0,-49.60061853538716,-49.60061853538716,81.67994724652684,-51.280565781914,30.39938146461284,-80.0,1.0
200,80,RESIDUAL_SPREAD,72,LEGACY_RAW_EXIT,bitget/gate,GATE_PAIRS,19,0,19,1.0,,,,,,,,,,,,,,,,0.0,0,0,,,,,,,0.0
200,80,RESIDUAL_SPREAD,72,LEGACY_RAW_EXIT,bitget/hyperliquid,NON_GATE_PAIRS,19,0,19,1.0,,,,,,,,,,,,,,,,0.0,0,0,,,,,,,0.0
200,80,RESIDUAL_SPREAD,72,LEGACY_RAW_EXIT,bitget/okx,NON_GATE_PAIRS,19,0,19,1.0,,,,,,,,,,,,,,,,0.0,0,0,,,,,,,0.0
200,80,RESIDUAL_SPREAD,72,LEGACY_RAW_EXIT,gate/hyperliquid,GATE_PAIRS,2,0,2,1.0,,,,,,,,,,,,,,,,0.0,0,0,,,,,,,0.0
200,80,RESIDUAL_SPREAD,72,LEGACY_RAW_EXIT,gate/okx,GATE_PAIRS,0,0,0,,,,,,,,,,,,,,,,,,0,0,,,,,,,
200,80,RESIDUAL_SPREAD,72,LEGACY_RAW_EXIT,hyperliquid/okx,NON_GATE_PAIRS,0,0,0,,,,,,,,,,,,,,,,,,0,0,,,,,,,
200,80,RESIDUAL_SPREAD,72,LEGACY_RAW_EXIT,ALL_GATE_PAIRS,GATE_PAIRS,21,0,21,1.0,,,,,,,,,,,,,,,,0.0,0,0,,,,,,,0.0
200,80,RESIDUAL_SPREAD,72,LEGACY_RAW_EXIT,ALL_NON_GATE_PAIRS,NON_GATE_PAIRS,58,1,57,0.9827586206896551,-49.60061853538716,-49.60061853538716,0.0,-49.60061853538716,-49.60061853538716,-49.60061853538716,-49.60061853538716,6.128390071133971,6.128390071133971,82.70086760622908,82.70086760622908,45.0,45.0,45.0,45.0,0.00021192427239333144,0,0,-49.60061853538716,-49.60061853538716,81.67994724652684,-51.280565781914,30.39938146461284,-80.0,1.0
200,80,RESIDUAL_SPREAD,72,LEGACY_RAW_EXIT,ALL_PAIRS,ALL,79,1,78,0.9873417721518988,-49.60061853538716,-49.60061853538716,0.0,-49.60061853538716,-49.60061853538716,-49.60061853538716,-49.60061853538716,6.128390071133971,6.128390071133971,82.70086760622908,82.70086760622908,45.0,45.0,45.0,45.0,0.00014128284826222097,0,0,-49.60061853538716,-49.60061853538716,81.67994724652684,-51.280565781914,30.39938146461284,-80.0,1.0
200,80,RESIDUAL_SPREAD,72,BASELINE_RESIDUAL_EXIT,binance/bitget,NON_GATE_PAIRS,19,0,19,1.0,,,,,,,,,,,,,,,,0.0,0,0,,,,,,,0.0
200,80,RESIDUAL_SPREAD,72,BASELINE_RESIDUAL_EXIT,binance/gate,GATE_PAIRS,0,0,0,,,,,,,,,,,,,,,,,,0,0,,,,,,,
200,80,RESIDUAL_SPREAD,72,BASELINE_RESIDUAL_EXIT,binance/hyperliquid,NON_GATE_PAIRS,0,0,0,,,,,,,,,,,,,,,,,,0,0,,,,,,,
200,80,RESIDUAL_SPREAD,72,BASELINE_RESIDUAL_EXIT,binance/okx,NON_GATE_PAIRS,1,1,0,0.0,84.20110925340657,84.20110925340657,1.0,84.20110925340657,84.20110925340657,84.20110925340657,84.20110925340657,6.128390071133971,6.128390071133971,215.7313151375062,215.7313151375062,210.0,210.0,210.0,210.0,0.003955919751342187,0,0,84.20110925340657,84.20110925340657,215.48167503532056,-51.280565781914,164.20110925340657,-80.0,1.0
200,80,RESIDUAL_SPREAD,72,BASELINE_RESIDUAL_EXIT,bitget/gate,GATE_PAIRS,19,0,19,1.0,,,,,,,,,,,,,,,,0.0,0,0,,,,,,,0.0
200,80,RESIDUAL_SPREAD,72,BASELINE_RESIDUAL_EXIT,bitget/hyperliquid,NON_GATE_PAIRS,19,0,19,1.0,,,,,,,,,,,,,,,,0.0,0,0,,,,,,,0.0
200,80,RESIDUAL_SPREAD,72,BASELINE_RESIDUAL_EXIT,bitget/okx,NON_GATE_PAIRS,19,0,19,1.0,,,,,,,,,,,,,,,,0.0,0,0,,,,,,,0.0
200,80,RESIDUAL_SPREAD,72,BASELINE_RESIDUAL_EXIT,gate/hyperliquid,GATE_PAIRS,2,0,2,1.0,,,,,,,,,,,,,,,,0.0,0,0,,,,,,,0.0
200,80,RESIDUAL_SPREAD,72,BASELINE_RESIDUAL_EXIT,gate/okx,GATE_PAIRS,0,0,0,,,,,,,,,,,,,,,,,,0,0,,,,,,,
200,80,RESIDUAL_SPREAD,72,BASELINE_RESIDUAL_EXIT,hyperliquid/okx,NON_GATE_PAIRS,0,0,0,,,,,,,,,,,,,,,,,,0,0,,,,,,,
200,80,RESIDUAL_SPREAD,72,BASELINE_RESIDUAL_EXIT,ALL_GATE_PAIRS,GATE_PAIRS,21,0,21,1.0,,,,,,,,,,,,,,,,0.0,0,0,,,,,,,0.0
200,80,RESIDUAL_SPREAD,72,BASELINE_RESIDUAL_EXIT,ALL_NON_GATE_PAIRS,NON_GATE_PAIRS,58,1,57,0.9827586206896551,84.20110925340657,84.20110925340657,1.0,84.20110925340657,84.20110925340657,84.20110925340657,84.20110925340657,6.128390071133971,6.128390071133971,215.7313151375062,215.7313151375062,210.0,210.0,210.0,210.0,0.0009889799378355467,0,0,84.20110925340657,84.20110925340657,215.48167503532056,-51.280565781914,164.20110925340657,-80.0,1.0
200,80,RESIDUAL_SPREAD,72,BASELINE_RESIDUAL_EXIT,ALL_PAIRS,ALL,79,1,78,0.9873417721518988,84.20110925340657,84.20110925340657,1.0,84.20110925340657,84.20110925340657,84.20110925340657,84.20110925340657,6.128390071133971,6.128390071133971,215.7313151375062,215.7313151375062,210.0,210.0,210.0,210.0,0.0006593199585570312,0,0,84.20110925340657,84.20110925340657,215.48167503532056,-51.280565781914,164.20110925340657,-80.0,1.0
200,80,RESIDUAL_SPREAD,72,FRACTIONAL_RESIDUAL_EXIT,binance/bitget,NON_GATE_PAIRS,19,0,19,1.0,,,,,,,,,,,,,,,,0.0,0,0,,,,,,,0.0
200,80,RESIDUAL_SPREAD,72,FRACTIONAL_RESIDUAL_EXIT,binance/gate,GATE_PAIRS,0,0,0,,,,,,,,,,,,,,,,,,0,0,,,,,,,
200,80,RESIDUAL_SPREAD,72,FRACTIONAL_RESIDUAL_EXIT,binance/hyperliquid,NON_GATE_PAIRS,0,0,0,,,,,,,,,,,,,,,,,,0,0,,,,,,,
200,80,RESIDUAL_SPREAD,72,FRACTIONAL_RESIDUAL_EXIT,binance/okx,NON_GATE_PAIRS,1,1,0,0.0,51.25965768972492,51.25965768972492,1.0,51.25965768972492,51.25965768972492,51.25965768972492,51.25965768972492,6.128390071133971,6.128390071133971,182.7047868771814,182.7047868771814,165.0,165.0,165.0,165.0,0.0031082226617688614,0,0,51.25965768972492,51.25965768972492,182.5402234716389,-51.280565781914,131.25965768972492,-80.0,1.0
200,80,RESIDUAL_SPREAD,72,FRACTIONAL_RESIDUAL_EXIT,bitget/gate,GATE_PAIRS,19,0,19,1.0,,,,,,,,,,,,,,,,0.0,0,0,,,,,,,0.0
200,80,RESIDUAL_SPREAD,72,FRACTIONAL_RESIDUAL_EXIT,bitget/hyperliquid,NON_GATE_PAIRS,19,0,19,1.0,,,,,,,,,,,,,,,,0.0,0,0,,,,,,,0.0
200,80,RESIDUAL_SPREAD,72,FRACTIONAL_RESIDUAL_EXIT,bitget/okx,NON_GATE_PAIRS,19,0,19,1.0,,,,,,,,,,,,,,,,0.0,0,0,,,,,,,0.0
200,80,RESIDUAL_SPREAD,72,FRACTIONAL_RESIDUAL_EXIT,gate/hyperliquid,GATE_PAIRS,2,0,2,1.0,,,,,,,,,,,,,,,,0.0,0,0,,,,,,,0.0
200,80,RESIDUAL_SPREAD,72,FRACTIONAL_RESIDUAL_EXIT,gate/okx,GATE_PAIRS,0,0,0,,,,,,,,,,,,,,,,,,0,0,,,,,,,
200,80,RESIDUAL_SPREAD,72,FRACTIONAL_RESIDUAL_EXIT,hyperliquid/okx,NON_GATE_PAIRS,0,0,0,,,,,,,,,,,,,,,,,,0,0,,,,,,,
200,80,RESIDUAL_SPREAD,72,FRACTIONAL_RESIDUAL_EXIT,ALL_GATE_PAIRS,GATE_PAIRS,21,0,21,1.0,,,,,,,,,,,,,,,,0.0,0,0,,,,,,,0.0
200,80,RESIDUAL_SPREAD,72,FRACTIONAL_RESIDUAL_EXIT,ALL_NON_GATE_PAIRS,NON_GATE_PAIRS,58,1,57,0.9827586206896551,51.25965768972492,51.25965768972492,1.0,51.25965768972492,51.25965768972492,51.25965768972492,51.25965768972492,6.128390071133971,6.128390071133971,182.7047868771814,182.7047868771814,165.0,165.0,165.0,165.0,0.0007770556654422153,0,0,51.25965768972492,51.25965768972492,182.5402234716389,-51.280565781914,131.25965768972492,-80.0,1.0
200,80,RESIDUAL_SPREAD,72,FRACTIONAL_RESIDUAL_EXIT,ALL_PAIRS,ALL,79,1,78,0.9873417721518988,51.25965768972492,51.25965768972492,1.0,51.25965768972492,51.25965768972492,51.25965768972492,51.25965768972492,6.128390071133971,6.128390071133971,182.7047868771814,182.7047868771814,165.0,165.0,165.0,165.0,0.0005180371102948102,0,0,51.25965768972492,51.25965768972492,182.5402234716389,-51.280565781914,131.25965768972492,-80.0,1.0
250,0,RESIDUAL_SPREAD,24,LEGACY_RAW_EXIT,binance/bitget,NON_GATE_PAIRS,52,0,52,1.0,,,,,,,,,,,,,,,,0.0,0,0,,,,,,,0.0
250,0,RESIDUAL_SPREAD,24,LEGACY_RAW_EXIT,binance/gate,GATE_PAIRS,0,0,0,,,,,,,,,,,,,,,,,,0,0,,,,,,,
250,0,RESIDUAL_SPREAD,24,LEGACY_RAW_EXIT,binance/hyperliquid,NON_GATE_PAIRS,0,0,0,,,,,,,,,,,,,,,,,,0,0,,,,,,,
250,0,RESIDUAL_SPREAD,24,LEGACY_RAW_EXIT,binance/okx,NON_GATE_PAIRS,0,0,0,,,,,,,,,,,,,,,,,,0,0,,,,,,,
250,0,RESIDUAL_SPREAD,24,LEGACY_RAW_EXIT,bitget/gate,GATE_PAIRS,52,0,52,1.0,,,,,,,,,,,,,,,,0.0,0,0,,,,,,,0.0
250,0,RESIDUAL_SPREAD,24,LEGACY_RAW_EXIT,bitget/hyperliquid,NON_GATE_PAIRS,52,0,52,1.0,,,,,,,,,,,,,,,,0.0,0,0,,,,,,,0.0
250,0,RESIDUAL_SPREAD,24,LEGACY_RAW_EXIT,bitget/okx,NON_GATE_PAIRS,52,0,52,1.0,,,,,,,,,,,,,,,,0.0,0,0,,,,,,,0.0
250,0,RESIDUAL_SPREAD,24,LEGACY_RAW_EXIT,gate/hyperliquid,GATE_PAIRS,0,0,0,,,,,,,,,,,,,,,,,,0,0,,,,,,,
250,0,RESIDUAL_SPREAD,24,LEGACY_RAW_EXIT,gate/okx,GATE_PAIRS,0,0,0,,,,,,,,,,,,,,,,,,0,0,,,,,,,
250,0,RESIDUAL_SPREAD,24,LEGACY_RAW_EXIT,hyperliquid/okx,NON_GATE_PAIRS,0,0,0,,,,,,,,,,,,,,,,,,0,0,,,,,,,
250,0,RESIDUAL_SPREAD,24,LEGACY_RAW_EXIT,ALL_GATE_PAIRS,GATE_PAIRS,52,0,52,1.0,,,,,,,,,,,,,,,,0.0,0,0,,,,,,,0.0
250,0,RESIDUAL_SPREAD,24,LEGACY_RAW_EXIT,ALL_NON_GATE_PAIRS,NON_GATE_PAIRS,156,0,156,1.0,,,,,,,,,,,,,,,,0.0,0,0,,,,,,,0.0
250,0,RESIDUAL_SPREAD,24,LEGACY_RAW_EXIT,ALL_PAIRS,ALL,208,0,208,1.0,,,,,,,,,,,,,,,,0.0,0,0,,,,,,,0.0
250,0,RESIDUAL_SPREAD,24,BASELINE_RESIDUAL_EXIT,binance/bitget,NON_GATE_PAIRS,52,0,52,1.0,,,,,,,,,,,,,,,,0.0,0,0,,,,,,,0.0
250,0,RESIDUAL_SPREAD,24,BASELINE_RESIDUAL_EXIT,binance/gate,GATE_PAIRS,0,0,0,,,,,,,,,,,,,,,,,,0,0,,,,,,,
250,0,RESIDUAL_SPREAD,24,BASELINE_RESIDUAL_EXIT,binance/hyperliquid,NON_GATE_PAIRS,0,0,0,,,,,,,,,,,,,,,,,,0,0,,,,,,,
250,0,RESIDUAL_SPREAD,24,BASELINE_RESIDUAL_EXIT,binance/okx,NON_GATE_PAIRS,0,0,0,,,,,,,,,,,,,,,,,,0,0,,,,,,,
250,0,RESIDUAL_SPREAD,24,BASELINE_RESIDUAL_EXIT,bitget/gate,GATE_PAIRS,52,0,52,1.0,,,,,,,,,,,,,,,,0.0,0,0,,,,,,,0.0
250,0,RESIDUAL_SPREAD,24,BASELINE_RESIDUAL_EXIT,bitget/hyperliquid,NON_GATE_PAIRS,52,0,52,1.0,,,,,,,,,,,,,,,,0.0,0,0,,,,,,,0.0
250,0,RESIDUAL_SPREAD,24,BASELINE_RESIDUAL_EXIT,bitget/okx,NON_GATE_PAIRS,52,0,52,1.0,,,,,,,,,,,,,,,,0.0,0,0,,,,,,,0.0
250,0,RESIDUAL_SPREAD,24,BASELINE_RESIDUAL_EXIT,gate/hyperliquid,GATE_PAIRS,0,0,0,,,,,,,,,,,,,,,,,,0,0,,,,,,,
250,0,RESIDUAL_SPREAD,24,BASELINE_RESIDUAL_EXIT,gate/okx,GATE_PAIRS,0,0,0,,,,,,,,,,,,,,,,,,0,0,,,,,,,
250,0,RESIDUAL_SPREAD,24,BASELINE_RESIDUAL_EXIT,hyperliquid/okx,NON_GATE_PAIRS,0,0,0,,,,,,,,,,,,,,,,,,0,0,,,,,,,
250,0,RESIDUAL_SPREAD,24,BASELINE_RESIDUAL_EXIT,ALL_GATE_PAIRS,GATE_PAIRS,52,0,52,1.0,,,,,,,,,,,,,,,,0.0,0,0,,,,,,,0.0
250,0,RESIDUAL_SPREAD,24,BASELINE_RESIDUAL_EXIT,ALL_NON_GATE_PAIRS,NON_GATE_PAIRS,156,0,156,1.0,,,,,,,,,,,,,,,,0.0,0,0,,,,,,,0.0
250,0,RESIDUAL_SPREAD,24,BASELINE_RESIDUAL_EXIT,ALL_PAIRS,ALL,208,0,208,1.0,,,,,,,,,,,,,,,,0.0,0,0,,,,,,,0.0
250,0,RESIDUAL_SPREAD,24,FRACTIONAL_RESIDUAL_EXIT,binance/bitget,NON_GATE_PAIRS,52,0,52,1.0,,,,,,,,,,,,,,,,0.0,0,0,,,,,,,0.0
250,0,RESIDUAL_SPREAD,24,FRACTIONAL_RESIDUAL_EXIT,binance/gate,GATE_PAIRS,0,0,0,,,,,,,,,,,,,,,,,,0,0,,,,,,,
250,0,RESIDUAL_SPREAD,24,FRACTIONAL_RESIDUAL_EXIT,binance/hyperliquid,NON_GATE_PAIRS,0,0,0,,,,,,,,,,,,,,,,,,0,0,,,,,,,
250,0,RESIDUAL_SPREAD,24,FRACTIONAL_RESIDUAL_EXIT,binance/okx,NON_GATE_PAIRS,0,0,0,,,,,,,,,,,,,,,,,,0,0,,,,,,,
250,0,RESIDUAL_SPREAD,24,FRACTIONAL_RESIDUAL_EXIT,bitget/gate,GATE_PAIRS,52,0,52,1.0,,,,,,,,,,,,,,,,0.0,0,0,,,,,,,0.0
250,0,RESIDUAL_SPREAD,24,FRACTIONAL_RESIDUAL_EXIT,bitget/hyperliquid,NON_GATE_PAIRS,52,0,52,1.0,,,,,,,,,,,,,,,,0.0,0,0,,,,,,,0.0
250,0,RESIDUAL_SPREAD,24,FRACTIONAL_RESIDUAL_EXIT,bitget/okx,NON_GATE_PAIRS,52,0,52,1.0,,,,,,,,,,,,,,,,0.0,0,0,,,,,,,0.0
250,0,RESIDUAL_SPREAD,24,FRACTIONAL_RESIDUAL_EXIT,gate/hyperliquid,GATE_PAIRS,0,0,0,,,,,,,,,,,,,,,,,,0,0,,,,,,,
250,0,RESIDUAL_SPREAD,24,FRACTIONAL_RESIDUAL_EXIT,gate/okx,GATE_PAIRS,0,0,0,,,,,,,,,,,,,,,,,,0,0,,,,,,,
250,0,RESIDUAL_SPREAD,24,FRACTIONAL_RESIDUAL_EXIT,hyperliquid/okx,NON_GATE_PAIRS,0,0,0,,,,,,,,,,,,,,,,,,0,0,,,,,,,
250,0,RESIDUAL_SPREAD,24,FRACTIONAL_RESIDUAL_EXIT,ALL_GATE_PAIRS,GATE_PAIRS,52,0,52,1.0,,,,,,,,,,,,,,,,0.0,0,0,,,,,,,0.0
250,0,RESIDUAL_SPREAD,24,FRACTIONAL_RESIDUAL_EXIT,ALL_NON_GATE_PAIRS,NON_GATE_PAIRS,156,0,156,1.0,,,,,,,,,,,,,,,,0.0,0,0,,,,,,,0.0
250,0,RESIDUAL_SPREAD,24,FRACTIONAL_RESIDUAL_EXIT,ALL_PAIRS,ALL,208,0,208,1.0,,,,,,,,,,,,,,,,0.0,0,0,,,,,,,0.0
250,0,RESIDUAL_SPREAD,72,LEGACY_RAW_EXIT,binance/bitget,NON_GATE_PAIRS,19,0,19,1.0,,,,,,,,,,,,,,,,0.0,0,0,,,,,,,0.0
250,0,RESIDUAL_SPREAD,72,LEGACY_RAW_EXIT,binance/gate,GATE_PAIRS,0,0,0,,,,,,,,,,,,,,,,,,0,0,,,,,,,
250,0,RESIDUAL_SPREAD,72,LEGACY_RAW_EXIT,binance/hyperliquid,NON_GATE_PAIRS,0,0,0,,,,,,,,,,,,,,,,,,0,0,,,,,,,
250,0,RESIDUAL_SPREAD,72,LEGACY_RAW_EXIT,binance/okx,NON_GATE_PAIRS,0,0,0,,,,,,,,,,,,,,,,,,0,0,,,,,,,
250,0,RESIDUAL_SPREAD,72,LEGACY_RAW_EXIT,bitget/gate,GATE_PAIRS,19,0,19,1.0,,,,,,,,,,,,,,,,0.0,0,0,,,,,,,0.0
250,0,RESIDUAL_SPREAD,72,LEGACY_RAW_EXIT,bitget/hyperliquid,NON_GATE_PAIRS,19,0,19,1.0,,,,,,,,,,,,,,,,0.0,0,0,,,,,,,0.0
250,0,RESIDUAL_SPREAD,72,LEGACY_RAW_EXIT,bitget/okx,NON_GATE_PAIRS,19,0,19,1.0,,,,,,,,,,,,,,,,0.0,0,0,,,,,,,0.0
250,0,RESIDUAL_SPREAD,72,LEGACY_RAW_EXIT,gate/hyperliquid,GATE_PAIRS,0,0,0,,,,,,,,,,,,,,,,,,0,0,,,,,,,
250,0,RESIDUAL_SPREAD,72,LEGACY_RAW_EXIT,gate/okx,GATE_PAIRS,0,0,0,,,,,,,,,,,,,,,,,,0,0,,,,,,,
250,0,RESIDUAL_SPREAD,72,LEGACY_RAW_EXIT,hyperliquid/okx,NON_GATE_PAIRS,0,0,0,,,,,,,,,,,,,,,,,,0,0,,,,,,,
250,0,RESIDUAL_SPREAD,72,LEGACY_RAW_EXIT,ALL_GATE_PAIRS,GATE_PAIRS,19,0,19,1.0,,,,,,,,,,,,,,,,0.0,0,0,,,,,,,0.0
250,0,RESIDUAL_SPREAD,72,LEGACY_RAW_EXIT,ALL_NON_GATE_PAIRS,NON_GATE_PAIRS,57,0,57,1.0,,,,,,,,,,,,,,,,0.0,0,0,,,,,,,0.0
250,0,RESIDUAL_SPREAD,72,LEGACY_RAW_EXIT,ALL_PAIRS,ALL,76,0,76,1.0,,,,,,,,,,,,,,,,0.0,0,0,,,,,,,0.0
250,0,RESIDUAL_SPREAD,72,BASELINE_RESIDUAL_EXIT,binance/bitget,NON_GATE_PAIRS,19,0,19,1.0,,,,,,,,,,,,,,,,0.0,0,0,,,,,,,0.0
250,0,RESIDUAL_SPREAD,72,BASELINE_RESIDUAL_EXIT,binance/gate,GATE_PAIRS,0,0,0,,,,,,,,,,,,,,,,,,0,0,,,,,,,
250,0,RESIDUAL_SPREAD,72,BASELINE_RESIDUAL_EXIT,binance/hyperliquid,NON_GATE_PAIRS,0,0,0,,,,,,,,,,,,,,,,,,0,0,,,,,,,
250,0,RESIDUAL_SPREAD,72,BASELINE_RESIDUAL_EXIT,binance/okx,NON_GATE_PAIRS,0,0,0,,,,,,,,,,,,,,,,,,0,0,,,,,,,
250,0,RESIDUAL_SPREAD,72,BASELINE_RESIDUAL_EXIT,bitget/gate,GATE_PAIRS,19,0,19,1.0,,,,,,,,,,,,,,,,0.0,0,0,,,,,,,0.0
250,0,RESIDUAL_SPREAD,72,BASELINE_RESIDUAL_EXIT,bitget/hyperliquid,NON_GATE_PAIRS,19,0,19,1.0,,,,,,,,,,,,,,,,0.0,0,0,,,,,,,0.0
250,0,RESIDUAL_SPREAD,72,BASELINE_RESIDUAL_EXIT,bitget/okx,NON_GATE_PAIRS,19,0,19,1.0,,,,,,,,,,,,,,,,0.0,0,0,,,,,,,0.0
250,0,RESIDUAL_SPREAD,72,BASELINE_RESIDUAL_EXIT,gate/hyperliquid,GATE_PAIRS,0,0,0,,,,,,,,,,,,,,,,,,0,0,,,,,,,
250,0,RESIDUAL_SPREAD,72,BASELINE_RESIDUAL_EXIT,gate/okx,GATE_PAIRS,0,0,0,,,,,,,,,,,,,,,,,,0,0,,,,,,,
250,0,RESIDUAL_SPREAD,72,BASELINE_RESIDUAL_EXIT,hyperliquid/okx,NON_GATE_PAIRS,0,0,0,,,,,,,,,,,,,,,,,,0,0,,,,,,,
250,0,RESIDUAL_SPREAD,72,BASELINE_RESIDUAL_EXIT,ALL_GATE_PAIRS,GATE_PAIRS,19,0,19,1.0,,,,,,,,,,,,,,,,0.0,0,0,,,,,,,0.0
250,0,RESIDUAL_SPREAD,72,BASELINE_RESIDUAL_EXIT,ALL_NON_GATE_PAIRS,NON_GATE_PAIRS,57,0,57,1.0,,,,,,,,,,,,,,,,0.0,0,0,,,,,,,0.0
250,0,RESIDUAL_SPREAD,72,BASELINE_RESIDUAL_EXIT,ALL_PAIRS,ALL,76,0,76,1.0,,,,,,,,,,,,,,,,0.0,0,0,,,,,,,0.0
250,0,RESIDUAL_SPREAD,72,FRACTIONAL_RESIDUAL_EXIT,binance/bitget,NON_GATE_PAIRS,19,0,19,1.0,,,,,,,,,,,,,,,,0.0,0,0,,,,,,,0.0
250,0,RESIDUAL_SPREAD,72,FRACTIONAL_RESIDUAL_EXIT,binance/gate,GATE_PAIRS,0,0,0,,,,,,,,,,,,,,,,,,0,0,,,,,,,
250,0,RESIDUAL_SPREAD,72,FRACTIONAL_RESIDUAL_EXIT,binance/hyperliquid,NON_GATE_PAIRS,0,0,0,,,,,,,,,,,,,,,,,,0,0,,,,,,,
250,0,RESIDUAL_SPREAD,72,FRACTIONAL_RESIDUAL_EXIT,binance/okx,NON_GATE_PAIRS,0,0,0,,,,,,,,,,,,,,,,,,0,0,,,,,,,
250,0,RESIDUAL_SPREAD,72,FRACTIONAL_RESIDUAL_EXIT,bitget/gate,GATE_PAIRS,19,0,19,1.0,,,,,,,,,,,,,,,,0.0,0,0,,,,,,,0.0
250,0,RESIDUAL_SPREAD,72,FRACTIONAL_RESIDUAL_EXIT,bitget/hyperliquid,NON_GATE_PAIRS,19,0,19,1.0,,,,,,,,,,,,,,,,0.0,0,0,,,,,,,0.0
250,0,RESIDUAL_SPREAD,72,FRACTIONAL_RESIDUAL_EXIT,bitget/okx,NON_GATE_PAIRS,19,0,19,1.0,,,,,,,,,,,,,,,,0.0,0,0,,,,,,,0.0
250,0,RESIDUAL_SPREAD,72,FRACTIONAL_RESIDUAL_EXIT,gate/hyperliquid,GATE_PAIRS,0,0,0,,,,,,,,,,,,,,,,,,0,0,,,,,,,
250,0,RESIDUAL_SPREAD,72,FRACTIONAL_RESIDUAL_EXIT,gate/okx,GATE_PAIRS,0,0,0,,,,,,,,,,,,,,,,,,0,0,,,,,,,
250,0,RESIDUAL_SPREAD,72,FRACTIONAL_RESIDUAL_EXIT,hyperliquid/okx,NON_GATE_PAIRS,0,0,0,,,,,,,,,,,,,,,,,,0,0,,,,,,,
250,0,RESIDUAL_SPREAD,72,FRACTIONAL_RESIDUAL_EXIT,ALL_GATE_PAIRS,GATE_PAIRS,19,0,19,1.0,,,,,,,,,,,,,,,,0.0,0,0,,,,,,,0.0
250,0,RESIDUAL_SPREAD,72,FRACTIONAL_RESIDUAL_EXIT,ALL_NON_GATE_PAIRS,NON_GATE_PAIRS,57,0,57,1.0,,,,,,,,,,,,,,,,0.0,0,0,,,,,,,0.0
250,0,RESIDUAL_SPREAD,72,FRACTIONAL_RESIDUAL_EXIT,ALL_PAIRS,ALL,76,0,76,1.0,,,,,,,,,,,,,,,,0.0,0,0,,,,,,,0.0
250,20,RESIDUAL_SPREAD,24,LEGACY_RAW_EXIT,binance/bitget,NON_GATE_PAIRS,52,0,52,1.0,,,,,,,,,,,,,,,,0.0,0,0,,,,,,,0.0
250,20,RESIDUAL_SPREAD,24,LEGACY_RAW_EXIT,binance/gate,GATE_PAIRS,0,0,0,,,,,,,,,,,,,,,,,,0,0,,,,,,,
250,20,RESIDUAL_SPREAD,24,LEGACY_RAW_EXIT,binance/hyperliquid,NON_GATE_PAIRS,0,0,0,,,,,,,,,,,,,,,,,,0,0,,,,,,,
250,20,RESIDUAL_SPREAD,24,LEGACY_RAW_EXIT,binance/okx,NON_GATE_PAIRS,0,0,0,,,,,,,,,,,,,,,,,,0,0,,,,,,,
250,20,RESIDUAL_SPREAD,24,LEGACY_RAW_EXIT,bitget/gate,GATE_PAIRS,52,0,52,1.0,,,,,,,,,,,,,,,,0.0,0,0,,,,,,,0.0
250,20,RESIDUAL_SPREAD,24,LEGACY_RAW_EXIT,bitget/hyperliquid,NON_GATE_PAIRS,52,0,52,1.0,,,,,,,,,,,,,,,,0.0,0,0,,,,,,,0.0
250,20,RESIDUAL_SPREAD,24,LEGACY_RAW_EXIT,bitget/okx,NON_GATE_PAIRS,52,0,52,1.0,,,,,,,,,,,,,,,,0.0,0,0,,,,,,,0.0
250,20,RESIDUAL_SPREAD,24,LEGACY_RAW_EXIT,gate/hyperliquid,GATE_PAIRS,0,0,0,,,,,,,,,,,,,,,,,,0,0,,,,,,,
250,20,RESIDUAL_SPREAD,24,LEGACY_RAW_EXIT,gate/okx,GATE_PAIRS,0,0,0,,,,,,,,,,,,,,,,,,0,0,,,,,,,
250,20,RESIDUAL_SPREAD,24,LEGACY_RAW_EXIT,hyperliquid/okx,NON_GATE_PAIRS,0,0,0,,,,,,,,,,,,,,,,,,0,0,,,,,,,
250,20,RESIDUAL_SPREAD,24,LEGACY_RAW_EXIT,ALL_GATE_PAIRS,GATE_PAIRS,52,0,52,1.0,,,,,,,,,,,,,,,,0.0,0,0,,,,,,,0.0
250,20,RESIDUAL_SPREAD,24,LEGACY_RAW_EXIT,ALL_NON_GATE_PAIRS,NON_GATE_PAIRS,156,0,156,1.0,,,,,,,,,,,,,,,,0.0,0,0,,,,,,,0.0
250,20,RESIDUAL_SPREAD,24,LEGACY_RAW_EXIT,ALL_PAIRS,ALL,208,0,208,1.0,,,,,,,,,,,,,,,,0.0,0,0,,,,,,,0.0
250,20,RESIDUAL_SPREAD,24,BASELINE_RESIDUAL_EXIT,binance/bitget,NON_GATE_PAIRS,52,0,52,1.0,,,,,,,,,,,,,,,,0.0,0,0,,,,,,,0.0
250,20,RESIDUAL_SPREAD,24,BASELINE_RESIDUAL_EXIT,binance/gate,GATE_PAIRS,0,0,0,,,,,,,,,,,,,,,,,,0,0,,,,,,,
250,20,RESIDUAL_SPREAD,24,BASELINE_RESIDUAL_EXIT,binance/hyperliquid,NON_GATE_PAIRS,0,0,0,,,,,,,,,,,,,,,,,,0,0,,,,,,,
250,20,RESIDUAL_SPREAD,24,BASELINE_RESIDUAL_EXIT,binance/okx,NON_GATE_PAIRS,0,0,0,,,,,,,,,,,,,,,,,,0,0,,,,,,,
250,20,RESIDUAL_SPREAD,24,BASELINE_RESIDUAL_EXIT,bitget/gate,GATE_PAIRS,52,0,52,1.0,,,,,,,,,,,,,,,,0.0,0,0,,,,,,,0.0
250,20,RESIDUAL_SPREAD,24,BASELINE_RESIDUAL_EXIT,bitget/hyperliquid,NON_GATE_PAIRS,52,0,52,1.0,,,,,,,,,,,,,,,,0.0,0,0,,,,,,,0.0
250,20,RESIDUAL_SPREAD,24,BASELINE_RESIDUAL_EXIT,bitget/okx,NON_GATE_PAIRS,52,0,52,1.0,,,,,,,,,,,,,,,,0.0,0,0,,,,,,,0.0
250,20,RESIDUAL_SPREAD,24,BASELINE_RESIDUAL_EXIT,gate/hyperliquid,GATE_PAIRS,0,0,0,,,,,,,,,,,,,,,,,,0,0,,,,,,,
250,20,RESIDUAL_SPREAD,24,BASELINE_RESIDUAL_EXIT,gate/okx,GATE_PAIRS,0,0,0,,,,,,,,,,,,,,,,,,0,0,,,,,,,
250,20,RESIDUAL_SPREAD,24,BASELINE_RESIDUAL_EXIT,hyperliquid/okx,NON_GATE_PAIRS,0,0,0,,,,,,,,,,,,,,,,,,0,0,,,,,,,
250,20,RESIDUAL_SPREAD,24,BASELINE_RESIDUAL_EXIT,ALL_GATE_PAIRS,GATE_PAIRS,52,0,52,1.0,,,,,,,,,,,,,,,,0.0,0,0,,,,,,,0.0
250,20,RESIDUAL_SPREAD,24,BASELINE_RESIDUAL_EXIT,ALL_NON_GATE_PAIRS,NON_GATE_PAIRS,156,0,156,1.0,,,,,,,,,,,,,,,,0.0,0,0,,,,,,,0.0
250,20,RESIDUAL_SPREAD,24,BASELINE_RESIDUAL_EXIT,ALL_PAIRS,ALL,208,0,208,1.0,,,,,,,,,,,,,,,,0.0,0,0,,,,,,,0.0
250,20,RESIDUAL_SPREAD,24,FRACTIONAL_RESIDUAL_EXIT,binance/bitget,NON_GATE_PAIRS,52,0,52,1.0,,,,,,,,,,,,,,,,0.0,0,0,,,,,,,0.0
250,20,RESIDUAL_SPREAD,24,FRACTIONAL_RESIDUAL_EXIT,binance/gate,GATE_PAIRS,0,0,0,,,,,,,,,,,,,,,,,,0,0,,,,,,,
250,20,RESIDUAL_SPREAD,24,FRACTIONAL_RESIDUAL_EXIT,binance/hyperliquid,NON_GATE_PAIRS,0,0,0,,,,,,,,,,,,,,,,,,0,0,,,,,,,
250,20,RESIDUAL_SPREAD,24,FRACTIONAL_RESIDUAL_EXIT,binance/okx,NON_GATE_PAIRS,0,0,0,,,,,,,,,,,,,,,,,,0,0,,,,,,,
250,20,RESIDUAL_SPREAD,24,FRACTIONAL_RESIDUAL_EXIT,bitget/gate,GATE_PAIRS,52,0,52,1.0,,,,,,,,,,,,,,,,0.0,0,0,,,,,,,0.0
250,20,RESIDUAL_SPREAD,24,FRACTIONAL_RESIDUAL_EXIT,bitget/hyperliquid,NON_GATE_PAIRS,52,0,52,1.0,,,,,,,,,,,,,,,,0.0,0,0,,,,,,,0.0
250,20,RESIDUAL_SPREAD,24,FRACTIONAL_RESIDUAL_EXIT,bitget/okx,NON_GATE_PAIRS,52,0,52,1.0,,,,,,,,,,,,,,,,0.0,0,0,,,,,,,0.0
250,20,RESIDUAL_SPREAD,24,FRACTIONAL_RESIDUAL_EXIT,gate/hyperliquid,GATE_PAIRS,0,0,0,,,,,,,,,,,,,,,,,,0,0,,,,,,,
250,20,RESIDUAL_SPREAD,24,FRACTIONAL_RESIDUAL_EXIT,gate/okx,GATE_PAIRS,0,0,0,,,,,,,,,,,,,,,,,,0,0,,,,,,,
250,20,RESIDUAL_SPREAD,24,FRACTIONAL_RESIDUAL_EXIT,hyperliquid/okx,NON_GATE_PAIRS,0,0,0,,,,,,,,,,,,,,,,,,0,0,,,,,,,
250,20,RESIDUAL_SPREAD,24,FRACTIONAL_RESIDUAL_EXIT,ALL_GATE_PAIRS,GATE_PAIRS,52,0,52,1.0,,,,,,,,,,,,,,,,0.0,0,0,,,,,,,0.0
250,20,RESIDUAL_SPREAD,24,FRACTIONAL_RESIDUAL_EXIT,ALL_NON_GATE_PAIRS,NON_GATE_PAIRS,156,0,156,1.0,,,,,,,,,,,,,,,,0.0,0,0,,,,,,,0.0
250,20,RESIDUAL_SPREAD,24,FRACTIONAL_RESIDUAL_EXIT,ALL_PAIRS,ALL,208,0,208,1.0,,,,,,,,,,,,,,,,0.0,0,0,,,,,,,0.0
250,20,RESIDUAL_SPREAD,72,LEGACY_RAW_EXIT,binance/bitget,NON_GATE_PAIRS,19,0,19,1.0,,,,,,,,,,,,,,,,0.0,0,0,,,,,,,0.0
250,20,RESIDUAL_SPREAD,72,LEGACY_RAW_EXIT,binance/gate,GATE_PAIRS,0,0,0,,,,,,,,,,,,,,,,,,0,0,,,,,,,
250,20,RESIDUAL_SPREAD,72,LEGACY_RAW_EXIT,binance/hyperliquid,NON_GATE_PAIRS,0,0,0,,,,,,,,,,,,,,,,,,0,0,,,,,,,
250,20,RESIDUAL_SPREAD,72,LEGACY_RAW_EXIT,binance/okx,NON_GATE_PAIRS,0,0,0,,,,,,,,,,,,,,,,,,0,0,,,,,,,
250,20,RESIDUAL_SPREAD,72,LEGACY_RAW_EXIT,bitget/gate,GATE_PAIRS,19,0,19,1.0,,,,,,,,,,,,,,,,0.0,0,0,,,,,,,0.0
250,20,RESIDUAL_SPREAD,72,LEGACY_RAW_EXIT,bitget/hyperliquid,NON_GATE_PAIRS,19,0,19,1.0,,,,,,,,,,,,,,,,0.0,0,0,,,,,,,0.0
250,20,RESIDUAL_SPREAD,72,LEGACY_RAW_EXIT,bitget/okx,NON_GATE_PAIRS,19,0,19,1.0,,,,,,,,,,,,,,,,0.0,0,0,,,,,,,0.0
250,20,RESIDUAL_SPREAD,72,LEGACY_RAW_EXIT,gate/hyperliquid,GATE_PAIRS,0,0,0,,,,,,,,,,,,,,,,,,0,0,,,,,,,
250,20,RESIDUAL_SPREAD,72,LEGACY_RAW_EXIT,gate/okx,GATE_PAIRS,0,0,0,,,,,,,,,,,,,,,,,,0,0,,,,,,,
250,20,RESIDUAL_SPREAD,72,LEGACY_RAW_EXIT,hyperliquid/okx,NON_GATE_PAIRS,0,0,0,,,,,,,,,,,,,,,,,,0,0,,,,,,,
250,20,RESIDUAL_SPREAD,72,LEGACY_RAW_EXIT,ALL_GATE_PAIRS,GATE_PAIRS,19,0,19,1.0,,,,,,,,,,,,,,,,0.0,0,0,,,,,,,0.0
250,20,RESIDUAL_SPREAD,72,LEGACY_RAW_EXIT,ALL_NON_GATE_PAIRS,NON_GATE_PAIRS,57,0,57,1.0,,,,,,,,,,,,,,,,0.0,0,0,,,,,,,0.0
250,20,RESIDUAL_SPREAD,72,LEGACY_RAW_EXIT,ALL_PAIRS,ALL,76,0,76,1.0,,,,,,,,,,,,,,,,0.0,0,0,,,,,,,0.0
250,20,RESIDUAL_SPREAD,72,BASELINE_RESIDUAL_EXIT,binance/bitget,NON_GATE_PAIRS,19,0,19,1.0,,,,,,,,,,,,,,,,0.0,0,0,,,,,,,0.0
250,20,RESIDUAL_SPREAD,72,BASELINE_RESIDUAL_EXIT,binance/gate,GATE_PAIRS,0,0,0,,,,,,,,,,,,,,,,,,0,0,,,,,,,
250,20,RESIDUAL_SPREAD,72,BASELINE_RESIDUAL_EXIT,binance/hyperliquid,NON_GATE_PAIRS,0,0,0,,,,,,,,,,,,,,,,,,0,0,,,,,,,
250,20,RESIDUAL_SPREAD,72,BASELINE_RESIDUAL_EXIT,binance/okx,NON_GATE_PAIRS,0,0,0,,,,,,,,,,,,,,,,,,0,0,,,,,,,
250,20,RESIDUAL_SPREAD,72,BASELINE_RESIDUAL_EXIT,bitget/gate,GATE_PAIRS,19,0,19,1.0,,,,,,,,,,,,,,,,0.0,0,0,,,,,,,0.0
250,20,RESIDUAL_SPREAD,72,BASELINE_RESIDUAL_EXIT,bitget/hyperliquid,NON_GATE_PAIRS,19,0,19,1.0,,,,,,,,,,,,,,,,0.0,0,0,,,,,,,0.0
250,20,RESIDUAL_SPREAD,72,BASELINE_RESIDUAL_EXIT,bitget/okx,NON_GATE_PAIRS,19,0,19,1.0,,,,,,,,,,,,,,,,0.0,0,0,,,,,,,0.0
250,20,RESIDUAL_SPREAD,72,BASELINE_RESIDUAL_EXIT,gate/hyperliquid,GATE_PAIRS,0,0,0,,,,,,,,,,,,,,,,,,0,0,,,,,,,
250,20,RESIDUAL_SPREAD,72,BASELINE_RESIDUAL_EXIT,gate/okx,GATE_PAIRS,0,0,0,,,,,,,,,,,,,,,,,,0,0,,,,,,,
250,20,RESIDUAL_SPREAD,72,BASELINE_RESIDUAL_EXIT,hyperliquid/okx,NON_GATE_PAIRS,0,0,0,,,,,,,,,,,,,,,,,,0,0,,,,,,,
250,20,RESIDUAL_SPREAD,72,BASELINE_RESIDUAL_EXIT,ALL_GATE_PAIRS,GATE_PAIRS,19,0,19,1.0,,,,,,,,,,,,,,,,0.0,0,0,,,,,,,0.0
250,20,RESIDUAL_SPREAD,72,BASELINE_RESIDUAL_EXIT,ALL_NON_GATE_PAIRS,NON_GATE_PAIRS,57,0,57,1.0,,,,,,,,,,,,,,,,0.0,0,0,,,,,,,0.0
250,20,RESIDUAL_SPREAD,72,BASELINE_RESIDUAL_EXIT,ALL_PAIRS,ALL,76,0,76,1.0,,,,,,,,,,,,,,,,0.0,0,0,,,,,,,0.0
250,20,RESIDUAL_SPREAD,72,FRACTIONAL_RESIDUAL_EXIT,binance/bitget,NON_GATE_PAIRS,19,0,19,1.0,,,,,,,,,,,,,,,,0.0,0,0,,,,,,,0.0
250,20,RESIDUAL_SPREAD,72,FRACTIONAL_RESIDUAL_EXIT,binance/gate,GATE_PAIRS,0,0,0,,,,,,,,,,,,,,,,,,0,0,,,,,,,
250,20,RESIDUAL_SPREAD,72,FRACTIONAL_RESIDUAL_EXIT,binance/hyperliquid,NON_GATE_PAIRS,0,0,0,,,,,,,,,,,,,,,,,,0,0,,,,,,,
250,20,RESIDUAL_SPREAD,72,FRACTIONAL_RESIDUAL_EXIT,binance/okx,NON_GATE_PAIRS,0,0,0,,,,,,,,,,,,,,,,,,0,0,,,,,,,
250,20,RESIDUAL_SPREAD,72,FRACTIONAL_RESIDUAL_EXIT,bitget/gate,GATE_PAIRS,19,0,19,1.0,,,,,,,,,,,,,,,,0.0,0,0,,,,,,,0.0
250,20,RESIDUAL_SPREAD,72,FRACTIONAL_RESIDUAL_EXIT,bitget/hyperliquid,NON_GATE_PAIRS,19,0,19,1.0,,,,,,,,,,,,,,,,0.0,0,0,,,,,,,0.0
250,20,RESIDUAL_SPREAD,72,FRACTIONAL_RESIDUAL_EXIT,bitget/okx,NON_GATE_PAIRS,19,0,19,1.0,,,,,,,,,,,,,,,,0.0,0,0,,,,,,,0.0
250,20,RESIDUAL_SPREAD,72,FRACTIONAL_RESIDUAL_EXIT,gate/hyperliquid,GATE_PAIRS,0,0,0,,,,,,,,,,,,,,,,,,0,0,,,,,,,
250,20,RESIDUAL_SPREAD,72,FRACTIONAL_RESIDUAL_EXIT,gate/okx,GATE_PAIRS,0,0,0,,,,,,,,,,,,,,,,,,0,0,,,,,,,
250,20,RESIDUAL_SPREAD,72,FRACTIONAL_RESIDUAL_EXIT,hyperliquid/okx,NON_GATE_PAIRS,0,0,0,,,,,,,,,,,,,,,,,,0,0,,,,,,,
250,20,RESIDUAL_SPREAD,72,FRACTIONAL_RESIDUAL_EXIT,ALL_GATE_PAIRS,GATE_PAIRS,19,0,19,1.0,,,,,,,,,,,,,,,,0.0,0,0,,,,,,,0.0
250,20,RESIDUAL_SPREAD,72,FRACTIONAL_RESIDUAL_EXIT,ALL_NON_GATE_PAIRS,NON_GATE_PAIRS,57,0,57,1.0,,,,,,,,,,,,,,,,0.0,0,0,,,,,,,0.0
250,20,RESIDUAL_SPREAD,72,FRACTIONAL_RESIDUAL_EXIT,ALL_PAIRS,ALL,76,0,76,1.0,,,,,,,,,,,,,,,,0.0,0,0,,,,,,,0.0
250,40,RESIDUAL_SPREAD,24,LEGACY_RAW_EXIT,binance/bitget,NON_GATE_PAIRS,52,0,52,1.0,,,,,,,,,,,,,,,,0.0,0,0,,,,,,,0.0
250,40,RESIDUAL_SPREAD,24,LEGACY_RAW_EXIT,binance/gate,GATE_PAIRS,0,0,0,,,,,,,,,,,,,,,,,,0,0,,,,,,,
250,40,RESIDUAL_SPREAD,24,LEGACY_RAW_EXIT,binance/hyperliquid,NON_GATE_PAIRS,0,0,0,,,,,,,,,,,,,,,,,,0,0,,,,,,,
250,40,RESIDUAL_SPREAD,24,LEGACY_RAW_EXIT,binance/okx,NON_GATE_PAIRS,0,0,0,,,,,,,,,,,,,,,,,,0,0,,,,,,,
250,40,RESIDUAL_SPREAD,24,LEGACY_RAW_EXIT,bitget/gate,GATE_PAIRS,52,0,52,1.0,,,,,,,,,,,,,,,,0.0,0,0,,,,,,,0.0
250,40,RESIDUAL_SPREAD,24,LEGACY_RAW_EXIT,bitget/hyperliquid,NON_GATE_PAIRS,52,0,52,1.0,,,,,,,,,,,,,,,,0.0,0,0,,,,,,,0.0
250,40,RESIDUAL_SPREAD,24,LEGACY_RAW_EXIT,bitget/okx,NON_GATE_PAIRS,52,0,52,1.0,,,,,,,,,,,,,,,,0.0,0,0,,,,,,,0.0
250,40,RESIDUAL_SPREAD,24,LEGACY_RAW_EXIT,gate/hyperliquid,GATE_PAIRS,0,0,0,,,,,,,,,,,,,,,,,,0,0,,,,,,,
250,40,RESIDUAL_SPREAD,24,LEGACY_RAW_EXIT,gate/okx,GATE_PAIRS,0,0,0,,,,,,,,,,,,,,,,,,0,0,,,,,,,
250,40,RESIDUAL_SPREAD,24,LEGACY_RAW_EXIT,hyperliquid/okx,NON_GATE_PAIRS,0,0,0,,,,,,,,,,,,,,,,,,0,0,,,,,,,
250,40,RESIDUAL_SPREAD,24,LEGACY_RAW_EXIT,ALL_GATE_PAIRS,GATE_PAIRS,52,0,52,1.0,,,,,,,,,,,,,,,,0.0,0,0,,,,,,,0.0
250,40,RESIDUAL_SPREAD,24,LEGACY_RAW_EXIT,ALL_NON_GATE_PAIRS,NON_GATE_PAIRS,156,0,156,1.0,,,,,,,,,,,,,,,,0.0,0,0,,,,,,,0.0
250,40,RESIDUAL_SPREAD,24,LEGACY_RAW_EXIT,ALL_PAIRS,ALL,208,0,208,1.0,,,,,,,,,,,,,,,,0.0,0,0,,,,,,,0.0
250,40,RESIDUAL_SPREAD,24,BASELINE_RESIDUAL_EXIT,binance/bitget,NON_GATE_PAIRS,52,0,52,1.0,,,,,,,,,,,,,,,,0.0,0,0,,,,,,,0.0
250,40,RESIDUAL_SPREAD,24,BASELINE_RESIDUAL_EXIT,binance/gate,GATE_PAIRS,0,0,0,,,,,,,,,,,,,,,,,,0,0,,,,,,,
250,40,RESIDUAL_SPREAD,24,BASELINE_RESIDUAL_EXIT,binance/hyperliquid,NON_GATE_PAIRS,0,0,0,,,,,,,,,,,,,,,,,,0,0,,,,,,,
250,40,RESIDUAL_SPREAD,24,BASELINE_RESIDUAL_EXIT,binance/okx,NON_GATE_PAIRS,0,0,0,,,,,,,,,,,,,,,,,,0,0,,,,,,,
250,40,RESIDUAL_SPREAD,24,BASELINE_RESIDUAL_EXIT,bitget/gate,GATE_PAIRS,52,0,52,1.0,,,,,,,,,,,,,,,,0.0,0,0,,,,,,,0.0
250,40,RESIDUAL_SPREAD,24,BASELINE_RESIDUAL_EXIT,bitget/hyperliquid,NON_GATE_PAIRS,52,0,52,1.0,,,,,,,,,,,,,,,,0.0,0,0,,,,,,,0.0
250,40,RESIDUAL_SPREAD,24,BASELINE_RESIDUAL_EXIT,bitget/okx,NON_GATE_PAIRS,52,0,52,1.0,,,,,,,,,,,,,,,,0.0,0,0,,,,,,,0.0
250,40,RESIDUAL_SPREAD,24,BASELINE_RESIDUAL_EXIT,gate/hyperliquid,GATE_PAIRS,0,0,0,,,,,,,,,,,,,,,,,,0,0,,,,,,,
250,40,RESIDUAL_SPREAD,24,BASELINE_RESIDUAL_EXIT,gate/okx,GATE_PAIRS,0,0,0,,,,,,,,,,,,,,,,,,0,0,,,,,,,
250,40,RESIDUAL_SPREAD,24,BASELINE_RESIDUAL_EXIT,hyperliquid/okx,NON_GATE_PAIRS,0,0,0,,,,,,,,,,,,,,,,,,0,0,,,,,,,
250,40,RESIDUAL_SPREAD,24,BASELINE_RESIDUAL_EXIT,ALL_GATE_PAIRS,GATE_PAIRS,52,0,52,1.0,,,,,,,,,,,,,,,,0.0,0,0,,,,,,,0.0
250,40,RESIDUAL_SPREAD,24,BASELINE_RESIDUAL_EXIT,ALL_NON_GATE_PAIRS,NON_GATE_PAIRS,156,0,156,1.0,,,,,,,,,,,,,,,,0.0,0,0,,,,,,,0.0
250,40,RESIDUAL_SPREAD,24,BASELINE_RESIDUAL_EXIT,ALL_PAIRS,ALL,208,0,208,1.0,,,,,,,,,,,,,,,,0.0,0,0,,,,,,,0.0
250,40,RESIDUAL_SPREAD,24,FRACTIONAL_RESIDUAL_EXIT,binance/bitget,NON_GATE_PAIRS,52,0,52,1.0,,,,,,,,,,,,,,,,0.0,0,0,,,,,,,0.0
250,40,RESIDUAL_SPREAD,24,FRACTIONAL_RESIDUAL_EXIT,binance/gate,GATE_PAIRS,0,0,0,,,,,,,,,,,,,,,,,,0,0,,,,,,,
250,40,RESIDUAL_SPREAD,24,FRACTIONAL_RESIDUAL_EXIT,binance/hyperliquid,NON_GATE_PAIRS,0,0,0,,,,,,,,,,,,,,,,,,0,0,,,,,,,
250,40,RESIDUAL_SPREAD,24,FRACTIONAL_RESIDUAL_EXIT,binance/okx,NON_GATE_PAIRS,0,0,0,,,,,,,,,,,,,,,,,,0,0,,,,,,,
250,40,RESIDUAL_SPREAD,24,FRACTIONAL_RESIDUAL_EXIT,bitget/gate,GATE_PAIRS,52,0,52,1.0,,,,,,,,,,,,,,,,0.0,0,0,,,,,,,0.0
250,40,RESIDUAL_SPREAD,24,FRACTIONAL_RESIDUAL_EXIT,bitget/hyperliquid,NON_GATE_PAIRS,52,0,52,1.0,,,,,,,,,,,,,,,,0.0,0,0,,,,,,,0.0
250,40,RESIDUAL_SPREAD,24,FRACTIONAL_RESIDUAL_EXIT,bitget/okx,NON_GATE_PAIRS,52,0,52,1.0,,,,,,,,,,,,,,,,0.0,0,0,,,,,,,0.0
250,40,RESIDUAL_SPREAD,24,FRACTIONAL_RESIDUAL_EXIT,gate/hyperliquid,GATE_PAIRS,0,0,0,,,,,,,,,,,,,,,,,,0,0,,,,,,,
250,40,RESIDUAL_SPREAD,24,FRACTIONAL_RESIDUAL_EXIT,gate/okx,GATE_PAIRS,0,0,0,,,,,,,,,,,,,,,,,,0,0,,,,,,,
250,40,RESIDUAL_SPREAD,24,FRACTIONAL_RESIDUAL_EXIT,hyperliquid/okx,NON_GATE_PAIRS,0,0,0,,,,,,,,,,,,,,,,,,0,0,,,,,,,
250,40,RESIDUAL_SPREAD,24,FRACTIONAL_RESIDUAL_EXIT,ALL_GATE_PAIRS,GATE_PAIRS,52,0,52,1.0,,,,,,,,,,,,,,,,0.0,0,0,,,,,,,0.0
250,40,RESIDUAL_SPREAD,24,FRACTIONAL_RESIDUAL_EXIT,ALL_NON_GATE_PAIRS,NON_GATE_PAIRS,156,0,156,1.0,,,,,,,,,,,,,,,,0.0,0,0,,,,,,,0.0
250,40,RESIDUAL_SPREAD,24,FRACTIONAL_RESIDUAL_EXIT,ALL_PAIRS,ALL,208,0,208,1.0,,,,,,,,,,,,,,,,0.0,0,0,,,,,,,0.0
250,40,RESIDUAL_SPREAD,72,LEGACY_RAW_EXIT,binance/bitget,NON_GATE_PAIRS,19,0,19,1.0,,,,,,,,,,,,,,,,0.0,0,0,,,,,,,0.0
250,40,RESIDUAL_SPREAD,72,LEGACY_RAW_EXIT,binance/gate,GATE_PAIRS,0,0,0,,,,,,,,,,,,,,,,,,0,0,,,,,,,
250,40,RESIDUAL_SPREAD,72,LEGACY_RAW_EXIT,binance/hyperliquid,NON_GATE_PAIRS,0,0,0,,,,,,,,,,,,,,,,,,0,0,,,,,,,
250,40,RESIDUAL_SPREAD,72,LEGACY_RAW_EXIT,binance/okx,NON_GATE_PAIRS,0,0,0,,,,,,,,,,,,,,,,,,0,0,,,,,,,
250,40,RESIDUAL_SPREAD,72,LEGACY_RAW_EXIT,bitget/gate,GATE_PAIRS,19,0,19,1.0,,,,,,,,,,,,,,,,0.0,0,0,,,,,,,0.0
250,40,RESIDUAL_SPREAD,72,LEGACY_RAW_EXIT,bitget/hyperliquid,NON_GATE_PAIRS,19,0,19,1.0,,,,,,,,,,,,,,,,0.0,0,0,,,,,,,0.0
250,40,RESIDUAL_SPREAD,72,LEGACY_RAW_EXIT,bitget/okx,NON_GATE_PAIRS,19,0,19,1.0,,,,,,,,,,,,,,,,0.0,0,0,,,,,,,0.0
250,40,RESIDUAL_SPREAD,72,LEGACY_RAW_EXIT,gate/hyperliquid,GATE_PAIRS,0,0,0,,,,,,,,,,,,,,,,,,0,0,,,,,,,
250,40,RESIDUAL_SPREAD,72,LEGACY_RAW_EXIT,gate/okx,GATE_PAIRS,0,0,0,,,,,,,,,,,,,,,,,,0,0,,,,,,,
250,40,RESIDUAL_SPREAD,72,LEGACY_RAW_EXIT,hyperliquid/okx,NON_GATE_PAIRS,0,0,0,,,,,,,,,,,,,,,,,,0,0,,,,,,,
250,40,RESIDUAL_SPREAD,72,LEGACY_RAW_EXIT,ALL_GATE_PAIRS,GATE_PAIRS,19,0,19,1.0,,,,,,,,,,,,,,,,0.0,0,0,,,,,,,0.0
250,40,RESIDUAL_SPREAD,72,LEGACY_RAW_EXIT,ALL_NON_GATE_PAIRS,NON_GATE_PAIRS,57,0,57,1.0,,,,,,,,,,,,,,,,0.0,0,0,,,,,,,0.0
250,40,RESIDUAL_SPREAD,72,LEGACY_RAW_EXIT,ALL_PAIRS,ALL,76,0,76,1.0,,,,,,,,,,,,,,,,0.0,0,0,,,,,,,0.0
250,40,RESIDUAL_SPREAD,72,BASELINE_RESIDUAL_EXIT,binance/bitget,NON_GATE_PAIRS,19,0,19,1.0,,,,,,,,,,,,,,,,0.0,0,0,,,,,,,0.0
250,40,RESIDUAL_SPREAD,72,BASELINE_RESIDUAL_EXIT,binance/gate,GATE_PAIRS,0,0,0,,,,,,,,,,,,,,,,,,0,0,,,,,,,
250,40,RESIDUAL_SPREAD,72,BASELINE_RESIDUAL_EXIT,binance/hyperliquid,NON_GATE_PAIRS,0,0,0,,,,,,,,,,,,,,,,,,0,0,,,,,,,
250,40,RESIDUAL_SPREAD,72,BASELINE_RESIDUAL_EXIT,binance/okx,NON_GATE_PAIRS,0,0,0,,,,,,,,,,,,,,,,,,0,0,,,,,,,
250,40,RESIDUAL_SPREAD,72,BASELINE_RESIDUAL_EXIT,bitget/gate,GATE_PAIRS,19,0,19,1.0,,,,,,,,,,,,,,,,0.0,0,0,,,,,,,0.0
250,40,RESIDUAL_SPREAD,72,BASELINE_RESIDUAL_EXIT,bitget/hyperliquid,NON_GATE_PAIRS,19,0,19,1.0,,,,,,,,,,,,,,,,0.0,0,0,,,,,,,0.0
250,40,RESIDUAL_SPREAD,72,BASELINE_RESIDUAL_EXIT,bitget/okx,NON_GATE_PAIRS,19,0,19,1.0,,,,,,,,,,,,,,,,0.0,0,0,,,,,,,0.0
250,40,RESIDUAL_SPREAD,72,BASELINE_RESIDUAL_EXIT,gate/hyperliquid,GATE_PAIRS,0,0,0,,,,,,,,,,,,,,,,,,0,0,,,,,,,
250,40,RESIDUAL_SPREAD,72,BASELINE_RESIDUAL_EXIT,gate/okx,GATE_PAIRS,0,0,0,,,,,,,,,,,,,,,,,,0,0,,,,,,,
250,40,RESIDUAL_SPREAD,72,BASELINE_RESIDUAL_EXIT,hyperliquid/okx,NON_GATE_PAIRS,0,0,0,,,,,,,,,,,,,,,,,,0,0,,,,,,,
250,40,RESIDUAL_SPREAD,72,BASELINE_RESIDUAL_EXIT,ALL_GATE_PAIRS,GATE_PAIRS,19,0,19,1.0,,,,,,,,,,,,,,,,0.0,0,0,,,,,,,0.0
250,40,RESIDUAL_SPREAD,72,BASELINE_RESIDUAL_EXIT,ALL_NON_GATE_PAIRS,NON_GATE_PAIRS,57,0,57,1.0,,,,,,,,,,,,,,,,0.0,0,0,,,,,,,0.0
250,40,RESIDUAL_SPREAD,72,BASELINE_RESIDUAL_EXIT,ALL_PAIRS,ALL,76,0,76,1.0,,,,,,,,,,,,,,,,0.0,0,0,,,,,,,0.0
250,40,RESIDUAL_SPREAD,72,FRACTIONAL_RESIDUAL_EXIT,binance/bitget,NON_GATE_PAIRS,19,0,19,1.0,,,,,,,,,,,,,,,,0.0,0,0,,,,,,,0.0
250,40,RESIDUAL_SPREAD,72,FRACTIONAL_RESIDUAL_EXIT,binance/gate,GATE_PAIRS,0,0,0,,,,,,,,,,,,,,,,,,0,0,,,,,,,
250,40,RESIDUAL_SPREAD,72,FRACTIONAL_RESIDUAL_EXIT,binance/hyperliquid,NON_GATE_PAIRS,0,0,0,,,,,,,,,,,,,,,,,,0,0,,,,,,,
250,40,RESIDUAL_SPREAD,72,FRACTIONAL_RESIDUAL_EXIT,binance/okx,NON_GATE_PAIRS,0,0,0,,,,,,,,,,,,,,,,,,0,0,,,,,,,
250,40,RESIDUAL_SPREAD,72,FRACTIONAL_RESIDUAL_EXIT,bitget/gate,GATE_PAIRS,19,0,19,1.0,,,,,,,,,,,,,,,,0.0,0,0,,,,,,,0.0
250,40,RESIDUAL_SPREAD,72,FRACTIONAL_RESIDUAL_EXIT,bitget/hyperliquid,NON_GATE_PAIRS,19,0,19,1.0,,,,,,,,,,,,,,,,0.0,0,0,,,,,,,0.0
250,40,RESIDUAL_SPREAD,72,FRACTIONAL_RESIDUAL_EXIT,bitget/okx,NON_GATE_PAIRS,19,0,19,1.0,,,,,,,,,,,,,,,,0.0,0,0,,,,,,,0.0
250,40,RESIDUAL_SPREAD,72,FRACTIONAL_RESIDUAL_EXIT,gate/hyperliquid,GATE_PAIRS,0,0,0,,,,,,,,,,,,,,,,,,0,0,,,,,,,
250,40,RESIDUAL_SPREAD,72,FRACTIONAL_RESIDUAL_EXIT,gate/okx,GATE_PAIRS,0,0,0,,,,,,,,,,,,,,,,,,0,0,,,,,,,
250,40,RESIDUAL_SPREAD,72,FRACTIONAL_RESIDUAL_EXIT,hyperliquid/okx,NON_GATE_PAIRS,0,0,0,,,,,,,,,,,,,,,,,,0,0,,,,,,,
250,40,RESIDUAL_SPREAD,72,FRACTIONAL_RESIDUAL_EXIT,ALL_GATE_PAIRS,GATE_PAIRS,19,0,19,1.0,,,,,,,,,,,,,,,,0.0,0,0,,,,,,,0.0
250,40,RESIDUAL_SPREAD,72,FRACTIONAL_RESIDUAL_EXIT,ALL_NON_GATE_PAIRS,NON_GATE_PAIRS,57,0,57,1.0,,,,,,,,,,,,,,,,0.0,0,0,,,,,,,0.0
250,40,RESIDUAL_SPREAD,72,FRACTIONAL_RESIDUAL_EXIT,ALL_PAIRS,ALL,76,0,76,1.0,,,,,,,,,,,,,,,,0.0,0,0,,,,,,,0.0
250,58,RESIDUAL_SPREAD,24,LEGACY_RAW_EXIT,binance/bitget,NON_GATE_PAIRS,52,0,52,1.0,,,,,,,,,,,,,,,,0.0,0,0,,,,,,,0.0
250,58,RESIDUAL_SPREAD,24,LEGACY_RAW_EXIT,binance/gate,GATE_PAIRS,0,0,0,,,,,,,,,,,,,,,,,,0,0,,,,,,,
250,58,RESIDUAL_SPREAD,24,LEGACY_RAW_EXIT,binance/hyperliquid,NON_GATE_PAIRS,0,0,0,,,,,,,,,,,,,,,,,,0,0,,,,,,,
250,58,RESIDUAL_SPREAD,24,LEGACY_RAW_EXIT,binance/okx,NON_GATE_PAIRS,0,0,0,,,,,,,,,,,,,,,,,,0,0,,,,,,,
250,58,RESIDUAL_SPREAD,24,LEGACY_RAW_EXIT,bitget/gate,GATE_PAIRS,52,0,52,1.0,,,,,,,,,,,,,,,,0.0,0,0,,,,,,,0.0
250,58,RESIDUAL_SPREAD,24,LEGACY_RAW_EXIT,bitget/hyperliquid,NON_GATE_PAIRS,52,0,52,1.0,,,,,,,,,,,,,,,,0.0,0,0,,,,,,,0.0
250,58,RESIDUAL_SPREAD,24,LEGACY_RAW_EXIT,bitget/okx,NON_GATE_PAIRS,52,0,52,1.0,,,,,,,,,,,,,,,,0.0,0,0,,,,,,,0.0
250,58,RESIDUAL_SPREAD,24,LEGACY_RAW_EXIT,gate/hyperliquid,GATE_PAIRS,0,0,0,,,,,,,,,,,,,,,,,,0,0,,,,,,,
250,58,RESIDUAL_SPREAD,24,LEGACY_RAW_EXIT,gate/okx,GATE_PAIRS,0,0,0,,,,,,,,,,,,,,,,,,0,0,,,,,,,
250,58,RESIDUAL_SPREAD,24,LEGACY_RAW_EXIT,hyperliquid/okx,NON_GATE_PAIRS,0,0,0,,,,,,,,,,,,,,,,,,0,0,,,,,,,
250,58,RESIDUAL_SPREAD,24,LEGACY_RAW_EXIT,ALL_GATE_PAIRS,GATE_PAIRS,52,0,52,1.0,,,,,,,,,,,,,,,,0.0,0,0,,,,,,,0.0
250,58,RESIDUAL_SPREAD,24,LEGACY_RAW_EXIT,ALL_NON_GATE_PAIRS,NON_GATE_PAIRS,156,0,156,1.0,,,,,,,,,,,,,,,,0.0,0,0,,,,,,,0.0
250,58,RESIDUAL_SPREAD,24,LEGACY_RAW_EXIT,ALL_PAIRS,ALL,208,0,208,1.0,,,,,,,,,,,,,,,,0.0,0,0,,,,,,,0.0
250,58,RESIDUAL_SPREAD,24,BASELINE_RESIDUAL_EXIT,binance/bitget,NON_GATE_PAIRS,52,0,52,1.0,,,,,,,,,,,,,,,,0.0,0,0,,,,,,,0.0
250,58,RESIDUAL_SPREAD,24,BASELINE_RESIDUAL_EXIT,binance/gate,GATE_PAIRS,0,0,0,,,,,,,,,,,,,,,,,,0,0,,,,,,,
250,58,RESIDUAL_SPREAD,24,BASELINE_RESIDUAL_EXIT,binance/hyperliquid,NON_GATE_PAIRS,0,0,0,,,,,,,,,,,,,,,,,,0,0,,,,,,,
250,58,RESIDUAL_SPREAD,24,BASELINE_RESIDUAL_EXIT,binance/okx,NON_GATE_PAIRS,0,0,0,,,,,,,,,,,,,,,,,,0,0,,,,,,,
250,58,RESIDUAL_SPREAD,24,BASELINE_RESIDUAL_EXIT,bitget/gate,GATE_PAIRS,52,0,52,1.0,,,,,,,,,,,,,,,,0.0,0,0,,,,,,,0.0
250,58,RESIDUAL_SPREAD,24,BASELINE_RESIDUAL_EXIT,bitget/hyperliquid,NON_GATE_PAIRS,52,0,52,1.0,,,,,,,,,,,,,,,,0.0,0,0,,,,,,,0.0
250,58,RESIDUAL_SPREAD,24,BASELINE_RESIDUAL_EXIT,bitget/okx,NON_GATE_PAIRS,52,0,52,1.0,,,,,,,,,,,,,,,,0.0,0,0,,,,,,,0.0
250,58,RESIDUAL_SPREAD,24,BASELINE_RESIDUAL_EXIT,gate/hyperliquid,GATE_PAIRS,0,0,0,,,,,,,,,,,,,,,,,,0,0,,,,,,,
250,58,RESIDUAL_SPREAD,24,BASELINE_RESIDUAL_EXIT,gate/okx,GATE_PAIRS,0,0,0,,,,,,,,,,,,,,,,,,0,0,,,,,,,
250,58,RESIDUAL_SPREAD,24,BASELINE_RESIDUAL_EXIT,hyperliquid/okx,NON_GATE_PAIRS,0,0,0,,,,,,,,,,,,,,,,,,0,0,,,,,,,
250,58,RESIDUAL_SPREAD,24,BASELINE_RESIDUAL_EXIT,ALL_GATE_PAIRS,GATE_PAIRS,52,0,52,1.0,,,,,,,,,,,,,,,,0.0,0,0,,,,,,,0.0
250,58,RESIDUAL_SPREAD,24,BASELINE_RESIDUAL_EXIT,ALL_NON_GATE_PAIRS,NON_GATE_PAIRS,156,0,156,1.0,,,,,,,,,,,,,,,,0.0,0,0,,,,,,,0.0
250,58,RESIDUAL_SPREAD,24,BASELINE_RESIDUAL_EXIT,ALL_PAIRS,ALL,208,0,208,1.0,,,,,,,,,,,,,,,,0.0,0,0,,,,,,,0.0
250,58,RESIDUAL_SPREAD,24,FRACTIONAL_RESIDUAL_EXIT,binance/bitget,NON_GATE_PAIRS,52,0,52,1.0,,,,,,,,,,,,,,,,0.0,0,0,,,,,,,0.0
250,58,RESIDUAL_SPREAD,24,FRACTIONAL_RESIDUAL_EXIT,binance/gate,GATE_PAIRS,0,0,0,,,,,,,,,,,,,,,,,,0,0,,,,,,,
250,58,RESIDUAL_SPREAD,24,FRACTIONAL_RESIDUAL_EXIT,binance/hyperliquid,NON_GATE_PAIRS,0,0,0,,,,,,,,,,,,,,,,,,0,0,,,,,,,
250,58,RESIDUAL_SPREAD,24,FRACTIONAL_RESIDUAL_EXIT,binance/okx,NON_GATE_PAIRS,0,0,0,,,,,,,,,,,,,,,,,,0,0,,,,,,,
250,58,RESIDUAL_SPREAD,24,FRACTIONAL_RESIDUAL_EXIT,bitget/gate,GATE_PAIRS,52,0,52,1.0,,,,,,,,,,,,,,,,0.0,0,0,,,,,,,0.0
250,58,RESIDUAL_SPREAD,24,FRACTIONAL_RESIDUAL_EXIT,bitget/hyperliquid,NON_GATE_PAIRS,52,0,52,1.0,,,,,,,,,,,,,,,,0.0,0,0,,,,,,,0.0
250,58,RESIDUAL_SPREAD,24,FRACTIONAL_RESIDUAL_EXIT,bitget/okx,NON_GATE_PAIRS,52,0,52,1.0,,,,,,,,,,,,,,,,0.0,0,0,,,,,,,0.0
250,58,RESIDUAL_SPREAD,24,FRACTIONAL_RESIDUAL_EXIT,gate/hyperliquid,GATE_PAIRS,0,0,0,,,,,,,,,,,,,,,,,,0,0,,,,,,,
250,58,RESIDUAL_SPREAD,24,FRACTIONAL_RESIDUAL_EXIT,gate/okx,GATE_PAIRS,0,0,0,,,,,,,,,,,,,,,,,,0,0,,,,,,,
250,58,RESIDUAL_SPREAD,24,FRACTIONAL_RESIDUAL_EXIT,hyperliquid/okx,NON_GATE_PAIRS,0,0,0,,,,,,,,,,,,,,,,,,0,0,,,,,,,
250,58,RESIDUAL_SPREAD,24,FRACTIONAL_RESIDUAL_EXIT,ALL_GATE_PAIRS,GATE_PAIRS,52,0,52,1.0,,,,,,,,,,,,,,,,0.0,0,0,,,,,,,0.0
250,58,RESIDUAL_SPREAD,24,FRACTIONAL_RESIDUAL_EXIT,ALL_NON_GATE_PAIRS,NON_GATE_PAIRS,156,0,156,1.0,,,,,,,,,,,,,,,,0.0,0,0,,,,,,,0.0
250,58,RESIDUAL_SPREAD,24,FRACTIONAL_RESIDUAL_EXIT,ALL_PAIRS,ALL,208,0,208,1.0,,,,,,,,,,,,,,,,0.0,0,0,,,,,,,0.0
250,58,RESIDUAL_SPREAD,72,LEGACY_RAW_EXIT,binance/bitget,NON_GATE_PAIRS,19,0,19,1.0,,,,,,,,,,,,,,,,0.0,0,0,,,,,,,0.0
250,58,RESIDUAL_SPREAD,72,LEGACY_RAW_EXIT,binance/gate,GATE_PAIRS,0,0,0,,,,,,,,,,,,,,,,,,0,0,,,,,,,
250,58,RESIDUAL_SPREAD,72,LEGACY_RAW_EXIT,binance/hyperliquid,NON_GATE_PAIRS,0,0,0,,,,,,,,,,,,,,,,,,0,0,,,,,,,
250,58,RESIDUAL_SPREAD,72,LEGACY_RAW_EXIT,binance/okx,NON_GATE_PAIRS,0,0,0,,,,,,,,,,,,,,,,,,0,0,,,,,,,
250,58,RESIDUAL_SPREAD,72,LEGACY_RAW_EXIT,bitget/gate,GATE_PAIRS,19,0,19,1.0,,,,,,,,,,,,,,,,0.0,0,0,,,,,,,0.0
250,58,RESIDUAL_SPREAD,72,LEGACY_RAW_EXIT,bitget/hyperliquid,NON_GATE_PAIRS,19,0,19,1.0,,,,,,,,,,,,,,,,0.0,0,0,,,,,,,0.0
250,58,RESIDUAL_SPREAD,72,LEGACY_RAW_EXIT,bitget/okx,NON_GATE_PAIRS,19,0,19,1.0,,,,,,,,,,,,,,,,0.0,0,0,,,,,,,0.0
250,58,RESIDUAL_SPREAD,72,LEGACY_RAW_EXIT,gate/hyperliquid,GATE_PAIRS,0,0,0,,,,,,,,,,,,,,,,,,0,0,,,,,,,
250,58,RESIDUAL_SPREAD,72,LEGACY_RAW_EXIT,gate/okx,GATE_PAIRS,0,0,0,,,,,,,,,,,,,,,,,,0,0,,,,,,,
250,58,RESIDUAL_SPREAD,72,LEGACY_RAW_EXIT,hyperliquid/okx,NON_GATE_PAIRS,0,0,0,,,,,,,,,,,,,,,,,,0,0,,,,,,,
250,58,RESIDUAL_SPREAD,72,LEGACY_RAW_EXIT,ALL_GATE_PAIRS,GATE_PAIRS,19,0,19,1.0,,,,,,,,,,,,,,,,0.0,0,0,,,,,,,0.0
250,58,RESIDUAL_SPREAD,72,LEGACY_RAW_EXIT,ALL_NON_GATE_PAIRS,NON_GATE_PAIRS,57,0,57,1.0,,,,,,,,,,,,,,,,0.0,0,0,,,,,,,0.0
250,58,RESIDUAL_SPREAD,72,LEGACY_RAW_EXIT,ALL_PAIRS,ALL,76,0,76,1.0,,,,,,,,,,,,,,,,0.0,0,0,,,,,,,0.0
250,58,RESIDUAL_SPREAD,72,BASELINE_RESIDUAL_EXIT,binance/bitget,NON_GATE_PAIRS,19,0,19,1.0,,,,,,,,,,,,,,,,0.0,0,0,,,,,,,0.0
250,58,RESIDUAL_SPREAD,72,BASELINE_RESIDUAL_EXIT,binance/gate,GATE_PAIRS,0,0,0,,,,,,,,,,,,,,,,,,0,0,,,,,,,
250,58,RESIDUAL_SPREAD,72,BASELINE_RESIDUAL_EXIT,binance/hyperliquid,NON_GATE_PAIRS,0,0,0,,,,,,,,,,,,,,,,,,0,0,,,,,,,
250,58,RESIDUAL_SPREAD,72,BASELINE_RESIDUAL_EXIT,binance/okx,NON_GATE_PAIRS,0,0,0,,,,,,,,,,,,,,,,,,0,0,,,,,,,
250,58,RESIDUAL_SPREAD,72,BASELINE_RESIDUAL_EXIT,bitget/gate,GATE_PAIRS,19,0,19,1.0,,,,,,,,,,,,,,,,0.0,0,0,,,,,,,0.0
250,58,RESIDUAL_SPREAD,72,BASELINE_RESIDUAL_EXIT,bitget/hyperliquid,NON_GATE_PAIRS,19,0,19,1.0,,,,,,,,,,,,,,,,0.0,0,0,,,,,,,0.0
250,58,RESIDUAL_SPREAD,72,BASELINE_RESIDUAL_EXIT,bitget/okx,NON_GATE_PAIRS,19,0,19,1.0,,,,,,,,,,,,,,,,0.0,0,0,,,,,,,0.0
250,58,RESIDUAL_SPREAD,72,BASELINE_RESIDUAL_EXIT,gate/hyperliquid,GATE_PAIRS,0,0,0,,,,,,,,,,,,,,,,,,0,0,,,,,,,
250,58,RESIDUAL_SPREAD,72,BASELINE_RESIDUAL_EXIT,gate/okx,GATE_PAIRS,0,0,0,,,,,,,,,,,,,,,,,,0,0,,,,,,,
250,58,RESIDUAL_SPREAD,72,BASELINE_RESIDUAL_EXIT,hyperliquid/okx,NON_GATE_PAIRS,0,0,0,,,,,,,,,,,,,,,,,,0,0,,,,,,,
250,58,RESIDUAL_SPREAD,72,BASELINE_RESIDUAL_EXIT,ALL_GATE_PAIRS,GATE_PAIRS,19,0,19,1.0,,,,,,,,,,,,,,,,0.0,0,0,,,,,,,0.0
250,58,RESIDUAL_SPREAD,72,BASELINE_RESIDUAL_EXIT,ALL_NON_GATE_PAIRS,NON_GATE_PAIRS,57,0,57,1.0,,,,,,,,,,,,,,,,0.0,0,0,,,,,,,0.0
250,58,RESIDUAL_SPREAD,72,BASELINE_RESIDUAL_EXIT,ALL_PAIRS,ALL,76,0,76,1.0,,,,,,,,,,,,,,,,0.0,0,0,,,,,,,0.0
250,58,RESIDUAL_SPREAD,72,FRACTIONAL_RESIDUAL_EXIT,binance/bitget,NON_GATE_PAIRS,19,0,19,1.0,,,,,,,,,,,,,,,,0.0,0,0,,,,,,,0.0
250,58,RESIDUAL_SPREAD,72,FRACTIONAL_RESIDUAL_EXIT,binance/gate,GATE_PAIRS,0,0,0,,,,,,,,,,,,,,,,,,0,0,,,,,,,
250,58,RESIDUAL_SPREAD,72,FRACTIONAL_RESIDUAL_EXIT,binance/hyperliquid,NON_GATE_PAIRS,0,0,0,,,,,,,,,,,,,,,,,,0,0,,,,,,,
250,58,RESIDUAL_SPREAD,72,FRACTIONAL_RESIDUAL_EXIT,binance/okx,NON_GATE_PAIRS,0,0,0,,,,,,,,,,,,,,,,,,0,0,,,,,,,
250,58,RESIDUAL_SPREAD,72,FRACTIONAL_RESIDUAL_EXIT,bitget/gate,GATE_PAIRS,19,0,19,1.0,,,,,,,,,,,,,,,,0.0,0,0,,,,,,,0.0
250,58,RESIDUAL_SPREAD,72,FRACTIONAL_RESIDUAL_EXIT,bitget/hyperliquid,NON_GATE_PAIRS,19,0,19,1.0,,,,,,,,,,,,,,,,0.0,0,0,,,,,,,0.0
250,58,RESIDUAL_SPREAD,72,FRACTIONAL_RESIDUAL_EXIT,bitget/okx,NON_GATE_PAIRS,19,0,19,1.0,,,,,,,,,,,,,,,,0.0,0,0,,,,,,,0.0
250,58,RESIDUAL_SPREAD,72,FRACTIONAL_RESIDUAL_EXIT,gate/hyperliquid,GATE_PAIRS,0,0,0,,,,,,,,,,,,,,,,,,0,0,,,,,,,
250,58,RESIDUAL_SPREAD,72,FRACTIONAL_RESIDUAL_EXIT,gate/okx,GATE_PAIRS,0,0,0,,,,,,,,,,,,,,,,,,0,0,,,,,,,
250,58,RESIDUAL_SPREAD,72,FRACTIONAL_RESIDUAL_EXIT,hyperliquid/okx,NON_GATE_PAIRS,0,0,0,,,,,,,,,,,,,,,,,,0,0,,,,,,,
250,58,RESIDUAL_SPREAD,72,FRACTIONAL_RESIDUAL_EXIT,ALL_GATE_PAIRS,GATE_PAIRS,19,0,19,1.0,,,,,,,,,,,,,,,,0.0,0,0,,,,,,,0.0
250,58,RESIDUAL_SPREAD,72,FRACTIONAL_RESIDUAL_EXIT,ALL_NON_GATE_PAIRS,NON_GATE_PAIRS,57,0,57,1.0,,,,,,,,,,,,,,,,0.0,0,0,,,,,,,0.0
250,58,RESIDUAL_SPREAD,72,FRACTIONAL_RESIDUAL_EXIT,ALL_PAIRS,ALL,76,0,76,1.0,,,,,,,,,,,,,,,,0.0,0,0,,,,,,,0.0
250,80,RESIDUAL_SPREAD,24,LEGACY_RAW_EXIT,binance/bitget,NON_GATE_PAIRS,52,0,52,1.0,,,,,,,,,,,,,,,,0.0,0,0,,,,,,,0.0
250,80,RESIDUAL_SPREAD,24,LEGACY_RAW_EXIT,binance/gate,GATE_PAIRS,0,0,0,,,,,,,,,,,,,,,,,,0,0,,,,,,,
250,80,RESIDUAL_SPREAD,24,LEGACY_RAW_EXIT,binance/hyperliquid,NON_GATE_PAIRS,0,0,0,,,,,,,,,,,,,,,,,,0,0,,,,,,,
250,80,RESIDUAL_SPREAD,24,LEGACY_RAW_EXIT,binance/okx,NON_GATE_PAIRS,0,0,0,,,,,,,,,,,,,,,,,,0,0,,,,,,,
250,80,RESIDUAL_SPREAD,24,LEGACY_RAW_EXIT,bitget/gate,GATE_PAIRS,52,0,52,1.0,,,,,,,,,,,,,,,,0.0,0,0,,,,,,,0.0
250,80,RESIDUAL_SPREAD,24,LEGACY_RAW_EXIT,bitget/hyperliquid,NON_GATE_PAIRS,52,0,52,1.0,,,,,,,,,,,,,,,,0.0,0,0,,,,,,,0.0
250,80,RESIDUAL_SPREAD,24,LEGACY_RAW_EXIT,bitget/okx,NON_GATE_PAIRS,52,0,52,1.0,,,,,,,,,,,,,,,,0.0,0,0,,,,,,,0.0
250,80,RESIDUAL_SPREAD,24,LEGACY_RAW_EXIT,gate/hyperliquid,GATE_PAIRS,0,0,0,,,,,,,,,,,,,,,,,,0,0,,,,,,,
250,80,RESIDUAL_SPREAD,24,LEGACY_RAW_EXIT,gate/okx,GATE_PAIRS,0,0,0,,,,,,,,,,,,,,,,,,0,0,,,,,,,
250,80,RESIDUAL_SPREAD,24,LEGACY_RAW_EXIT,hyperliquid/okx,NON_GATE_PAIRS,0,0,0,,,,,,,,,,,,,,,,,,0,0,,,,,,,
250,80,RESIDUAL_SPREAD,24,LEGACY_RAW_EXIT,ALL_GATE_PAIRS,GATE_PAIRS,52,0,52,1.0,,,,,,,,,,,,,,,,0.0,0,0,,,,,,,0.0
250,80,RESIDUAL_SPREAD,24,LEGACY_RAW_EXIT,ALL_NON_GATE_PAIRS,NON_GATE_PAIRS,156,0,156,1.0,,,,,,,,,,,,,,,,0.0,0,0,,,,,,,0.0
250,80,RESIDUAL_SPREAD,24,LEGACY_RAW_EXIT,ALL_PAIRS,ALL,208,0,208,1.0,,,,,,,,,,,,,,,,0.0,0,0,,,,,,,0.0
250,80,RESIDUAL_SPREAD,24,BASELINE_RESIDUAL_EXIT,binance/bitget,NON_GATE_PAIRS,52,0,52,1.0,,,,,,,,,,,,,,,,0.0,0,0,,,,,,,0.0
250,80,RESIDUAL_SPREAD,24,BASELINE_RESIDUAL_EXIT,binance/gate,GATE_PAIRS,0,0,0,,,,,,,,,,,,,,,,,,0,0,,,,,,,
250,80,RESIDUAL_SPREAD,24,BASELINE_RESIDUAL_EXIT,binance/hyperliquid,NON_GATE_PAIRS,0,0,0,,,,,,,,,,,,,,,,,,0,0,,,,,,,
250,80,RESIDUAL_SPREAD,24,BASELINE_RESIDUAL_EXIT,binance/okx,NON_GATE_PAIRS,0,0,0,,,,,,,,,,,,,,,,,,0,0,,,,,,,
250,80,RESIDUAL_SPREAD,24,BASELINE_RESIDUAL_EXIT,bitget/gate,GATE_PAIRS,52,0,52,1.0,,,,,,,,,,,,,,,,0.0,0,0,,,,,,,0.0
250,80,RESIDUAL_SPREAD,24,BASELINE_RESIDUAL_EXIT,bitget/hyperliquid,NON_GATE_PAIRS,52,0,52,1.0,,,,,,,,,,,,,,,,0.0,0,0,,,,,,,0.0
250,80,RESIDUAL_SPREAD,24,BASELINE_RESIDUAL_EXIT,bitget/okx,NON_GATE_PAIRS,52,0,52,1.0,,,,,,,,,,,,,,,,0.0,0,0,,,,,,,0.0
250,80,RESIDUAL_SPREAD,24,BASELINE_RESIDUAL_EXIT,gate/hyperliquid,GATE_PAIRS,0,0,0,,,,,,,,,,,,,,,,,,0,0,,,,,,,
250,80,RESIDUAL_SPREAD,24,BASELINE_RESIDUAL_EXIT,gate/okx,GATE_PAIRS,0,0,0,,,,,,,,,,,,,,,,,,0,0,,,,,,,
250,80,RESIDUAL_SPREAD,24,BASELINE_RESIDUAL_EXIT,hyperliquid/okx,NON_GATE_PAIRS,0,0,0,,,,,,,,,,,,,,,,,,0,0,,,,,,,
250,80,RESIDUAL_SPREAD,24,BASELINE_RESIDUAL_EXIT,ALL_GATE_PAIRS,GATE_PAIRS,52,0,52,1.0,,,,,,,,,,,,,,,,0.0,0,0,,,,,,,0.0
250,80,RESIDUAL_SPREAD,24,BASELINE_RESIDUAL_EXIT,ALL_NON_GATE_PAIRS,NON_GATE_PAIRS,156,0,156,1.0,,,,,,,,,,,,,,,,0.0,0,0,,,,,,,0.0
250,80,RESIDUAL_SPREAD,24,BASELINE_RESIDUAL_EXIT,ALL_PAIRS,ALL,208,0,208,1.0,,,,,,,,,,,,,,,,0.0,0,0,,,,,,,0.0
250,80,RESIDUAL_SPREAD,24,FRACTIONAL_RESIDUAL_EXIT,binance/bitget,NON_GATE_PAIRS,52,0,52,1.0,,,,,,,,,,,,,,,,0.0,0,0,,,,,,,0.0
250,80,RESIDUAL_SPREAD,24,FRACTIONAL_RESIDUAL_EXIT,binance/gate,GATE_PAIRS,0,0,0,,,,,,,,,,,,,,,,,,0,0,,,,,,,
250,80,RESIDUAL_SPREAD,24,FRACTIONAL_RESIDUAL_EXIT,binance/hyperliquid,NON_GATE_PAIRS,0,0,0,,,,,,,,,,,,,,,,,,0,0,,,,,,,
250,80,RESIDUAL_SPREAD,24,FRACTIONAL_RESIDUAL_EXIT,binance/okx,NON_GATE_PAIRS,0,0,0,,,,,,,,,,,,,,,,,,0,0,,,,,,,
250,80,RESIDUAL_SPREAD,24,FRACTIONAL_RESIDUAL_EXIT,bitget/gate,GATE_PAIRS,52,0,52,1.0,,,,,,,,,,,,,,,,0.0,0,0,,,,,,,0.0
250,80,RESIDUAL_SPREAD,24,FRACTIONAL_RESIDUAL_EXIT,bitget/hyperliquid,NON_GATE_PAIRS,52,0,52,1.0,,,,,,,,,,,,,,,,0.0,0,0,,,,,,,0.0
250,80,RESIDUAL_SPREAD,24,FRACTIONAL_RESIDUAL_EXIT,bitget/okx,NON_GATE_PAIRS,52,0,52,1.0,,,,,,,,,,,,,,,,0.0,0,0,,,,,,,0.0
250,80,RESIDUAL_SPREAD,24,FRACTIONAL_RESIDUAL_EXIT,gate/hyperliquid,GATE_PAIRS,0,0,0,,,,,,,,,,,,,,,,,,0,0,,,,,,,
250,80,RESIDUAL_SPREAD,24,FRACTIONAL_RESIDUAL_EXIT,gate/okx,GATE_PAIRS,0,0,0,,,,,,,,,,,,,,,,,,0,0,,,,,,,
250,80,RESIDUAL_SPREAD,24,FRACTIONAL_RESIDUAL_EXIT,hyperliquid/okx,NON_GATE_PAIRS,0,0,0,,,,,,,,,,,,,,,,,,0,0,,,,,,,
250,80,RESIDUAL_SPREAD,24,FRACTIONAL_RESIDUAL_EXIT,ALL_GATE_PAIRS,GATE_PAIRS,52,0,52,1.0,,,,,,,,,,,,,,,,0.0,0,0,,,,,,,0.0
250,80,RESIDUAL_SPREAD,24,FRACTIONAL_RESIDUAL_EXIT,ALL_NON_GATE_PAIRS,NON_GATE_PAIRS,156,0,156,1.0,,,,,,,,,,,,,,,,0.0,0,0,,,,,,,0.0
250,80,RESIDUAL_SPREAD,24,FRACTIONAL_RESIDUAL_EXIT,ALL_PAIRS,ALL,208,0,208,1.0,,,,,,,,,,,,,,,,0.0,0,0,,,,,,,0.0
250,80,RESIDUAL_SPREAD,72,LEGACY_RAW_EXIT,binance/bitget,NON_GATE_PAIRS,19,0,19,1.0,,,,,,,,,,,,,,,,0.0,0,0,,,,,,,0.0
250,80,RESIDUAL_SPREAD,72,LEGACY_RAW_EXIT,binance/gate,GATE_PAIRS,0,0,0,,,,,,,,,,,,,,,,,,0,0,,,,,,,
250,80,RESIDUAL_SPREAD,72,LEGACY_RAW_EXIT,binance/hyperliquid,NON_GATE_PAIRS,0,0,0,,,,,,,,,,,,,,,,,,0,0,,,,,,,
250,80,RESIDUAL_SPREAD,72,LEGACY_RAW_EXIT,binance/okx,NON_GATE_PAIRS,0,0,0,,,,,,,,,,,,,,,,,,0,0,,,,,,,
250,80,RESIDUAL_SPREAD,72,LEGACY_RAW_EXIT,bitget/gate,GATE_PAIRS,19,0,19,1.0,,,,,,,,,,,,,,,,0.0,0,0,,,,,,,0.0
250,80,RESIDUAL_SPREAD,72,LEGACY_RAW_EXIT,bitget/hyperliquid,NON_GATE_PAIRS,19,0,19,1.0,,,,,,,,,,,,,,,,0.0,0,0,,,,,,,0.0
250,80,RESIDUAL_SPREAD,72,LEGACY_RAW_EXIT,bitget/okx,NON_GATE_PAIRS,19,0,19,1.0,,,,,,,,,,,,,,,,0.0,0,0,,,,,,,0.0
250,80,RESIDUAL_SPREAD,72,LEGACY_RAW_EXIT,gate/hyperliquid,GATE_PAIRS,0,0,0,,,,,,,,,,,,,,,,,,0,0,,,,,,,
250,80,RESIDUAL_SPREAD,72,LEGACY_RAW_EXIT,gate/okx,GATE_PAIRS,0,0,0,,,,,,,,,,,,,,,,,,0,0,,,,,,,
250,80,RESIDUAL_SPREAD,72,LEGACY_RAW_EXIT,hyperliquid/okx,NON_GATE_PAIRS,0,0,0,,,,,,,,,,,,,,,,,,0,0,,,,,,,
250,80,RESIDUAL_SPREAD,72,LEGACY_RAW_EXIT,ALL_GATE_PAIRS,GATE_PAIRS,19,0,19,1.0,,,,,,,,,,,,,,,,0.0,0,0,,,,,,,0.0
250,80,RESIDUAL_SPREAD,72,LEGACY_RAW_EXIT,ALL_NON_GATE_PAIRS,NON_GATE_PAIRS,57,0,57,1.0,,,,,,,,,,,,,,,,0.0,0,0,,,,,,,0.0
250,80,RESIDUAL_SPREAD,72,LEGACY_RAW_EXIT,ALL_PAIRS,ALL,76,0,76,1.0,,,,,,,,,,,,,,,,0.0,0,0,,,,,,,0.0
250,80,RESIDUAL_SPREAD,72,BASELINE_RESIDUAL_EXIT,binance/bitget,NON_GATE_PAIRS,19,0,19,1.0,,,,,,,,,,,,,,,,0.0,0,0,,,,,,,0.0
250,80,RESIDUAL_SPREAD,72,BASELINE_RESIDUAL_EXIT,binance/gate,GATE_PAIRS,0,0,0,,,,,,,,,,,,,,,,,,0,0,,,,,,,
250,80,RESIDUAL_SPREAD,72,BASELINE_RESIDUAL_EXIT,binance/hyperliquid,NON_GATE_PAIRS,0,0,0,,,,,,,,,,,,,,,,,,0,0,,,,,,,
250,80,RESIDUAL_SPREAD,72,BASELINE_RESIDUAL_EXIT,binance/okx,NON_GATE_PAIRS,0,0,0,,,,,,,,,,,,,,,,,,0,0,,,,,,,
250,80,RESIDUAL_SPREAD,72,BASELINE_RESIDUAL_EXIT,bitget/gate,GATE_PAIRS,19,0,19,1.0,,,,,,,,,,,,,,,,0.0,0,0,,,,,,,0.0
250,80,RESIDUAL_SPREAD,72,BASELINE_RESIDUAL_EXIT,bitget/hyperliquid,NON_GATE_PAIRS,19,0,19,1.0,,,,,,,,,,,,,,,,0.0,0,0,,,,,,,0.0
250,80,RESIDUAL_SPREAD,72,BASELINE_RESIDUAL_EXIT,bitget/okx,NON_GATE_PAIRS,19,0,19,1.0,,,,,,,,,,,,,,,,0.0,0,0,,,,,,,0.0
250,80,RESIDUAL_SPREAD,72,BASELINE_RESIDUAL_EXIT,gate/hyperliquid,GATE_PAIRS,0,0,0,,,,,,,,,,,,,,,,,,0,0,,,,,,,
250,80,RESIDUAL_SPREAD,72,BASELINE_RESIDUAL_EXIT,gate/okx,GATE_PAIRS,0,0,0,,,,,,,,,,,,,,,,,,0,0,,,,,,,
250,80,RESIDUAL_SPREAD,72,BASELINE_RESIDUAL_EXIT,hyperliquid/okx,NON_GATE_PAIRS,0,0,0,,,,,,,,,,,,,,,,,,0,0,,,,,,,
250,80,RESIDUAL_SPREAD,72,BASELINE_RESIDUAL_EXIT,ALL_GATE_PAIRS,GATE_PAIRS,19,0,19,1.0,,,,,,,,,,,,,,,,0.0,0,0,,,,,,,0.0
250,80,RESIDUAL_SPREAD,72,BASELINE_RESIDUAL_EXIT,ALL_NON_GATE_PAIRS,NON_GATE_PAIRS,57,0,57,1.0,,,,,,,,,,,,,,,,0.0,0,0,,,,,,,0.0
250,80,RESIDUAL_SPREAD,72,BASELINE_RESIDUAL_EXIT,ALL_PAIRS,ALL,76,0,76,1.0,,,,,,,,,,,,,,,,0.0,0,0,,,,,,,0.0
250,80,RESIDUAL_SPREAD,72,FRACTIONAL_RESIDUAL_EXIT,binance/bitget,NON_GATE_PAIRS,19,0,19,1.0,,,,,,,,,,,,,,,,0.0,0,0,,,,,,,0.0
250,80,RESIDUAL_SPREAD,72,FRACTIONAL_RESIDUAL_EXIT,binance/gate,GATE_PAIRS,0,0,0,,,,,,,,,,,,,,,,,,0,0,,,,,,,
250,80,RESIDUAL_SPREAD,72,FRACTIONAL_RESIDUAL_EXIT,binance/hyperliquid,NON_GATE_PAIRS,0,0,0,,,,,,,,,,,,,,,,,,0,0,,,,,,,
250,80,RESIDUAL_SPREAD,72,FRACTIONAL_RESIDUAL_EXIT,binance/okx,NON_GATE_PAIRS,0,0,0,,,,,,,,,,,,,,,,,,0,0,,,,,,,
250,80,RESIDUAL_SPREAD,72,FRACTIONAL_RESIDUAL_EXIT,bitget/gate,GATE_PAIRS,19,0,19,1.0,,,,,,,,,,,,,,,,0.0,0,0,,,,,,,0.0
250,80,RESIDUAL_SPREAD,72,FRACTIONAL_RESIDUAL_EXIT,bitget/hyperliquid,NON_GATE_PAIRS,19,0,19,1.0,,,,,,,,,,,,,,,,0.0,0,0,,,,,,,0.0
250,80,RESIDUAL_SPREAD,72,FRACTIONAL_RESIDUAL_EXIT,bitget/okx,NON_GATE_PAIRS,19,0,19,1.0,,,,,,,,,,,,,,,,0.0,0,0,,,,,,,0.0
250,80,RESIDUAL_SPREAD,72,FRACTIONAL_RESIDUAL_EXIT,gate/hyperliquid,GATE_PAIRS,0,0,0,,,,,,,,,,,,,,,,,,0,0,,,,,,,
250,80,RESIDUAL_SPREAD,72,FRACTIONAL_RESIDUAL_EXIT,gate/okx,GATE_PAIRS,0,0,0,,,,,,,,,,,,,,,,,,0,0,,,,,,,
250,80,RESIDUAL_SPREAD,72,FRACTIONAL_RESIDUAL_EXIT,hyperliquid/okx,NON_GATE_PAIRS,0,0,0,,,,,,,,,,,,,,,,,,0,0,,,,,,,
250,80,RESIDUAL_SPREAD,72,FRACTIONAL_RESIDUAL_EXIT,ALL_GATE_PAIRS,GATE_PAIRS,19,0,19,1.0,,,,,,,,,,,,,,,,0.0,0,0,,,,,,,0.0
250,80,RESIDUAL_SPREAD,72,FRACTIONAL_RESIDUAL_EXIT,ALL_NON_GATE_PAIRS,NON_GATE_PAIRS,57,0,57,1.0,,,,,,,,,,,,,,,,0.0,0,0,,,,,,,0.0
250,80,RESIDUAL_SPREAD,72,FRACTIONAL_RESIDUAL_EXIT,ALL_PAIRS,ALL,76,0,76,1.0,,,,,,,,,,,,,,,,0.0,0,0,,,,,,,0.0
300,0,RESIDUAL_SPREAD,24,LEGACY_RAW_EXIT,binance/bitget,NON_GATE_PAIRS,52,0,52,1.0,,,,,,,,,,,,,,,,0.0,0,0,,,,,,,0.0
300,0,RESIDUAL_SPREAD,24,LEGACY_RAW_EXIT,binance/gate,GATE_PAIRS,0,0,0,,,,,,,,,,,,,,,,,,0,0,,,,,,,
300,0,RESIDUAL_SPREAD,24,LEGACY_RAW_EXIT,binance/hyperliquid,NON_GATE_PAIRS,0,0,0,,,,,,,,,,,,,,,,,,0,0,,,,,,,
300,0,RESIDUAL_SPREAD,24,LEGACY_RAW_EXIT,binance/okx,NON_GATE_PAIRS,0,0,0,,,,,,,,,,,,,,,,,,0,0,,,,,,,
300,0,RESIDUAL_SPREAD,24,LEGACY_RAW_EXIT,bitget/gate,GATE_PAIRS,52,0,52,1.0,,,,,,,,,,,,,,,,0.0,0,0,,,,,,,0.0
300,0,RESIDUAL_SPREAD,24,LEGACY_RAW_EXIT,bitget/hyperliquid,NON_GATE_PAIRS,52,0,52,1.0,,,,,,,,,,,,,,,,0.0,0,0,,,,,,,0.0
300,0,RESIDUAL_SPREAD,24,LEGACY_RAW_EXIT,bitget/okx,NON_GATE_PAIRS,52,0,52,1.0,,,,,,,,,,,,,,,,0.0,0,0,,,,,,,0.0
300,0,RESIDUAL_SPREAD,24,LEGACY_RAW_EXIT,gate/hyperliquid,GATE_PAIRS,0,0,0,,,,,,,,,,,,,,,,,,0,0,,,,,,,
300,0,RESIDUAL_SPREAD,24,LEGACY_RAW_EXIT,gate/okx,GATE_PAIRS,0,0,0,,,,,,,,,,,,,,,,,,0,0,,,,,,,
300,0,RESIDUAL_SPREAD,24,LEGACY_RAW_EXIT,hyperliquid/okx,NON_GATE_PAIRS,0,0,0,,,,,,,,,,,,,,,,,,0,0,,,,,,,
300,0,RESIDUAL_SPREAD,24,LEGACY_RAW_EXIT,ALL_GATE_PAIRS,GATE_PAIRS,52,0,52,1.0,,,,,,,,,,,,,,,,0.0,0,0,,,,,,,0.0
300,0,RESIDUAL_SPREAD,24,LEGACY_RAW_EXIT,ALL_NON_GATE_PAIRS,NON_GATE_PAIRS,156,0,156,1.0,,,,,,,,,,,,,,,,0.0,0,0,,,,,,,0.0
300,0,RESIDUAL_SPREAD,24,LEGACY_RAW_EXIT,ALL_PAIRS,ALL,208,0,208,1.0,,,,,,,,,,,,,,,,0.0,0,0,,,,,,,0.0
300,0,RESIDUAL_SPREAD,24,BASELINE_RESIDUAL_EXIT,binance/bitget,NON_GATE_PAIRS,52,0,52,1.0,,,,,,,,,,,,,,,,0.0,0,0,,,,,,,0.0
300,0,RESIDUAL_SPREAD,24,BASELINE_RESIDUAL_EXIT,binance/gate,GATE_PAIRS,0,0,0,,,,,,,,,,,,,,,,,,0,0,,,,,,,
300,0,RESIDUAL_SPREAD,24,BASELINE_RESIDUAL_EXIT,binance/hyperliquid,NON_GATE_PAIRS,0,0,0,,,,,,,,,,,,,,,,,,0,0,,,,,,,
300,0,RESIDUAL_SPREAD,24,BASELINE_RESIDUAL_EXIT,binance/okx,NON_GATE_PAIRS,0,0,0,,,,,,,,,,,,,,,,,,0,0,,,,,,,
300,0,RESIDUAL_SPREAD,24,BASELINE_RESIDUAL_EXIT,bitget/gate,GATE_PAIRS,52,0,52,1.0,,,,,,,,,,,,,,,,0.0,0,0,,,,,,,0.0
300,0,RESIDUAL_SPREAD,24,BASELINE_RESIDUAL_EXIT,bitget/hyperliquid,NON_GATE_PAIRS,52,0,52,1.0,,,,,,,,,,,,,,,,0.0,0,0,,,,,,,0.0
300,0,RESIDUAL_SPREAD,24,BASELINE_RESIDUAL_EXIT,bitget/okx,NON_GATE_PAIRS,52,0,52,1.0,,,,,,,,,,,,,,,,0.0,0,0,,,,,,,0.0
300,0,RESIDUAL_SPREAD,24,BASELINE_RESIDUAL_EXIT,gate/hyperliquid,GATE_PAIRS,0,0,0,,,,,,,,,,,,,,,,,,0,0,,,,,,,
300,0,RESIDUAL_SPREAD,24,BASELINE_RESIDUAL_EXIT,gate/okx,GATE_PAIRS,0,0,0,,,,,,,,,,,,,,,,,,0,0,,,,,,,
300,0,RESIDUAL_SPREAD,24,BASELINE_RESIDUAL_EXIT,hyperliquid/okx,NON_GATE_PAIRS,0,0,0,,,,,,,,,,,,,,,,,,0,0,,,,,,,
300,0,RESIDUAL_SPREAD,24,BASELINE_RESIDUAL_EXIT,ALL_GATE_PAIRS,GATE_PAIRS,52,0,52,1.0,,,,,,,,,,,,,,,,0.0,0,0,,,,,,,0.0
300,0,RESIDUAL_SPREAD,24,BASELINE_RESIDUAL_EXIT,ALL_NON_GATE_PAIRS,NON_GATE_PAIRS,156,0,156,1.0,,,,,,,,,,,,,,,,0.0,0,0,,,,,,,0.0
300,0,RESIDUAL_SPREAD,24,BASELINE_RESIDUAL_EXIT,ALL_PAIRS,ALL,208,0,208,1.0,,,,,,,,,,,,,,,,0.0,0,0,,,,,,,0.0
300,0,RESIDUAL_SPREAD,24,FRACTIONAL_RESIDUAL_EXIT,binance/bitget,NON_GATE_PAIRS,52,0,52,1.0,,,,,,,,,,,,,,,,0.0,0,0,,,,,,,0.0
300,0,RESIDUAL_SPREAD,24,FRACTIONAL_RESIDUAL_EXIT,binance/gate,GATE_PAIRS,0,0,0,,,,,,,,,,,,,,,,,,0,0,,,,,,,
300,0,RESIDUAL_SPREAD,24,FRACTIONAL_RESIDUAL_EXIT,binance/hyperliquid,NON_GATE_PAIRS,0,0,0,,,,,,,,,,,,,,,,,,0,0,,,,,,,
300,0,RESIDUAL_SPREAD,24,FRACTIONAL_RESIDUAL_EXIT,binance/okx,NON_GATE_PAIRS,0,0,0,,,,,,,,,,,,,,,,,,0,0,,,,,,,
300,0,RESIDUAL_SPREAD,24,FRACTIONAL_RESIDUAL_EXIT,bitget/gate,GATE_PAIRS,52,0,52,1.0,,,,,,,,,,,,,,,,0.0,0,0,,,,,,,0.0
300,0,RESIDUAL_SPREAD,24,FRACTIONAL_RESIDUAL_EXIT,bitget/hyperliquid,NON_GATE_PAIRS,52,0,52,1.0,,,,,,,,,,,,,,,,0.0,0,0,,,,,,,0.0
300,0,RESIDUAL_SPREAD,24,FRACTIONAL_RESIDUAL_EXIT,bitget/okx,NON_GATE_PAIRS,52,0,52,1.0,,,,,,,,,,,,,,,,0.0,0,0,,,,,,,0.0
300,0,RESIDUAL_SPREAD,24,FRACTIONAL_RESIDUAL_EXIT,gate/hyperliquid,GATE_PAIRS,0,0,0,,,,,,,,,,,,,,,,,,0,0,,,,,,,
300,0,RESIDUAL_SPREAD,24,FRACTIONAL_RESIDUAL_EXIT,gate/okx,GATE_PAIRS,0,0,0,,,,,,,,,,,,,,,,,,0,0,,,,,,,
300,0,RESIDUAL_SPREAD,24,FRACTIONAL_RESIDUAL_EXIT,hyperliquid/okx,NON_GATE_PAIRS,0,0,0,,,,,,,,,,,,,,,,,,0,0,,,,,,,
300,0,RESIDUAL_SPREAD,24,FRACTIONAL_RESIDUAL_EXIT,ALL_GATE_PAIRS,GATE_PAIRS,52,0,52,1.0,,,,,,,,,,,,,,,,0.0,0,0,,,,,,,0.0
300,0,RESIDUAL_SPREAD,24,FRACTIONAL_RESIDUAL_EXIT,ALL_NON_GATE_PAIRS,NON_GATE_PAIRS,156,0,156,1.0,,,,,,,,,,,,,,,,0.0,0,0,,,,,,,0.0
300,0,RESIDUAL_SPREAD,24,FRACTIONAL_RESIDUAL_EXIT,ALL_PAIRS,ALL,208,0,208,1.0,,,,,,,,,,,,,,,,0.0,0,0,,,,,,,0.0
300,0,RESIDUAL_SPREAD,72,LEGACY_RAW_EXIT,binance/bitget,NON_GATE_PAIRS,19,0,19,1.0,,,,,,,,,,,,,,,,0.0,0,0,,,,,,,0.0
300,0,RESIDUAL_SPREAD,72,LEGACY_RAW_EXIT,binance/gate,GATE_PAIRS,0,0,0,,,,,,,,,,,,,,,,,,0,0,,,,,,,
300,0,RESIDUAL_SPREAD,72,LEGACY_RAW_EXIT,binance/hyperliquid,NON_GATE_PAIRS,0,0,0,,,,,,,,,,,,,,,,,,0,0,,,,,,,
300,0,RESIDUAL_SPREAD,72,LEGACY_RAW_EXIT,binance/okx,NON_GATE_PAIRS,0,0,0,,,,,,,,,,,,,,,,,,0,0,,,,,,,
300,0,RESIDUAL_SPREAD,72,LEGACY_RAW_EXIT,bitget/gate,GATE_PAIRS,19,0,19,1.0,,,,,,,,,,,,,,,,0.0,0,0,,,,,,,0.0
300,0,RESIDUAL_SPREAD,72,LEGACY_RAW_EXIT,bitget/hyperliquid,NON_GATE_PAIRS,19,0,19,1.0,,,,,,,,,,,,,,,,0.0,0,0,,,,,,,0.0
300,0,RESIDUAL_SPREAD,72,LEGACY_RAW_EXIT,bitget/okx,NON_GATE_PAIRS,19,0,19,1.0,,,,,,,,,,,,,,,,0.0,0,0,,,,,,,0.0
300,0,RESIDUAL_SPREAD,72,LEGACY_RAW_EXIT,gate/hyperliquid,GATE_PAIRS,0,0,0,,,,,,,,,,,,,,,,,,0,0,,,,,,,
300,0,RESIDUAL_SPREAD,72,LEGACY_RAW_EXIT,gate/okx,GATE_PAIRS,0,0,0,,,,,,,,,,,,,,,,,,0,0,,,,,,,
300,0,RESIDUAL_SPREAD,72,LEGACY_RAW_EXIT,hyperliquid/okx,NON_GATE_PAIRS,0,0,0,,,,,,,,,,,,,,,,,,0,0,,,,,,,
300,0,RESIDUAL_SPREAD,72,LEGACY_RAW_EXIT,ALL_GATE_PAIRS,GATE_PAIRS,19,0,19,1.0,,,,,,,,,,,,,,,,0.0,0,0,,,,,,,0.0
300,0,RESIDUAL_SPREAD,72,LEGACY_RAW_EXIT,ALL_NON_GATE_PAIRS,NON_GATE_PAIRS,57,0,57,1.0,,,,,,,,,,,,,,,,0.0,0,0,,,,,,,0.0
300,0,RESIDUAL_SPREAD,72,LEGACY_RAW_EXIT,ALL_PAIRS,ALL,76,0,76,1.0,,,,,,,,,,,,,,,,0.0,0,0,,,,,,,0.0
300,0,RESIDUAL_SPREAD,72,BASELINE_RESIDUAL_EXIT,binance/bitget,NON_GATE_PAIRS,19,0,19,1.0,,,,,,,,,,,,,,,,0.0,0,0,,,,,,,0.0
300,0,RESIDUAL_SPREAD,72,BASELINE_RESIDUAL_EXIT,binance/gate,GATE_PAIRS,0,0,0,,,,,,,,,,,,,,,,,,0,0,,,,,,,
300,0,RESIDUAL_SPREAD,72,BASELINE_RESIDUAL_EXIT,binance/hyperliquid,NON_GATE_PAIRS,0,0,0,,,,,,,,,,,,,,,,,,0,0,,,,,,,
300,0,RESIDUAL_SPREAD,72,BASELINE_RESIDUAL_EXIT,binance/okx,NON_GATE_PAIRS,0,0,0,,,,,,,,,,,,,,,,,,0,0,,,,,,,
300,0,RESIDUAL_SPREAD,72,BASELINE_RESIDUAL_EXIT,bitget/gate,GATE_PAIRS,19,0,19,1.0,,,,,,,,,,,,,,,,0.0,0,0,,,,,,,0.0
300,0,RESIDUAL_SPREAD,72,BASELINE_RESIDUAL_EXIT,bitget/hyperliquid,NON_GATE_PAIRS,19,0,19,1.0,,,,,,,,,,,,,,,,0.0,0,0,,,,,,,0.0
300,0,RESIDUAL_SPREAD,72,BASELINE_RESIDUAL_EXIT,bitget/okx,NON_GATE_PAIRS,19,0,19,1.0,,,,,,,,,,,,,,,,0.0,0,0,,,,,,,0.0
300,0,RESIDUAL_SPREAD,72,BASELINE_RESIDUAL_EXIT,gate/hyperliquid,GATE_PAIRS,0,0,0,,,,,,,,,,,,,,,,,,0,0,,,,,,,
300,0,RESIDUAL_SPREAD,72,BASELINE_RESIDUAL_EXIT,gate/okx,GATE_PAIRS,0,0,0,,,,,,,,,,,,,,,,,,0,0,,,,,,,
300,0,RESIDUAL_SPREAD,72,BASELINE_RESIDUAL_EXIT,hyperliquid/okx,NON_GATE_PAIRS,0,0,0,,,,,,,,,,,,,,,,,,0,0,,,,,,,
300,0,RESIDUAL_SPREAD,72,BASELINE_RESIDUAL_EXIT,ALL_GATE_PAIRS,GATE_PAIRS,19,0,19,1.0,,,,,,,,,,,,,,,,0.0,0,0,,,,,,,0.0
300,0,RESIDUAL_SPREAD,72,BASELINE_RESIDUAL_EXIT,ALL_NON_GATE_PAIRS,NON_GATE_PAIRS,57,0,57,1.0,,,,,,,,,,,,,,,,0.0,0,0,,,,,,,0.0
300,0,RESIDUAL_SPREAD,72,BASELINE_RESIDUAL_EXIT,ALL_PAIRS,ALL,76,0,76,1.0,,,,,,,,,,,,,,,,0.0,0,0,,,,,,,0.0
300,0,RESIDUAL_SPREAD,72,FRACTIONAL_RESIDUAL_EXIT,binance/bitget,NON_GATE_PAIRS,19,0,19,1.0,,,,,,,,,,,,,,,,0.0,0,0,,,,,,,0.0
300,0,RESIDUAL_SPREAD,72,FRACTIONAL_RESIDUAL_EXIT,binance/gate,GATE_PAIRS,0,0,0,,,,,,,,,,,,,,,,,,0,0,,,,,,,
300,0,RESIDUAL_SPREAD,72,FRACTIONAL_RESIDUAL_EXIT,binance/hyperliquid,NON_GATE_PAIRS,0,0,0,,,,,,,,,,,,,,,,,,0,0,,,,,,,
300,0,RESIDUAL_SPREAD,72,FRACTIONAL_RESIDUAL_EXIT,binance/okx,NON_GATE_PAIRS,0,0,0,,,,,,,,,,,,,,,,,,0,0,,,,,,,
300,0,RESIDUAL_SPREAD,72,FRACTIONAL_RESIDUAL_EXIT,bitget/gate,GATE_PAIRS,19,0,19,1.0,,,,,,,,,,,,,,,,0.0,0,0,,,,,,,0.0
300,0,RESIDUAL_SPREAD,72,FRACTIONAL_RESIDUAL_EXIT,bitget/hyperliquid,NON_GATE_PAIRS,19,0,19,1.0,,,,,,,,,,,,,,,,0.0,0,0,,,,,,,0.0
300,0,RESIDUAL_SPREAD,72,FRACTIONAL_RESIDUAL_EXIT,bitget/okx,NON_GATE_PAIRS,19,0,19,1.0,,,,,,,,,,,,,,,,0.0,0,0,,,,,,,0.0
300,0,RESIDUAL_SPREAD,72,FRACTIONAL_RESIDUAL_EXIT,gate/hyperliquid,GATE_PAIRS,0,0,0,,,,,,,,,,,,,,,,,,0,0,,,,,,,
300,0,RESIDUAL_SPREAD,72,FRACTIONAL_RESIDUAL_EXIT,gate/okx,GATE_PAIRS,0,0,0,,,,,,,,,,,,,,,,,,0,0,,,,,,,
300,0,RESIDUAL_SPREAD,72,FRACTIONAL_RESIDUAL_EXIT,hyperliquid/okx,NON_GATE_PAIRS,0,0,0,,,,,,,,,,,,,,,,,,0,0,,,,,,,
300,0,RESIDUAL_SPREAD,72,FRACTIONAL_RESIDUAL_EXIT,ALL_GATE_PAIRS,GATE_PAIRS,19,0,19,1.0,,,,,,,,,,,,,,,,0.0,0,0,,,,,,,0.0
300,0,RESIDUAL_SPREAD,72,FRACTIONAL_RESIDUAL_EXIT,ALL_NON_GATE_PAIRS,NON_GATE_PAIRS,57,0,57,1.0,,,,,,,,,,,,,,,,0.0,0,0,,,,,,,0.0
300,0,RESIDUAL_SPREAD,72,FRACTIONAL_RESIDUAL_EXIT,ALL_PAIRS,ALL,76,0,76,1.0,,,,,,,,,,,,,,,,0.0,0,0,,,,,,,0.0
300,20,RESIDUAL_SPREAD,24,LEGACY_RAW_EXIT,binance/bitget,NON_GATE_PAIRS,52,0,52,1.0,,,,,,,,,,,,,,,,0.0,0,0,,,,,,,0.0
300,20,RESIDUAL_SPREAD,24,LEGACY_RAW_EXIT,binance/gate,GATE_PAIRS,0,0,0,,,,,,,,,,,,,,,,,,0,0,,,,,,,
300,20,RESIDUAL_SPREAD,24,LEGACY_RAW_EXIT,binance/hyperliquid,NON_GATE_PAIRS,0,0,0,,,,,,,,,,,,,,,,,,0,0,,,,,,,
300,20,RESIDUAL_SPREAD,24,LEGACY_RAW_EXIT,binance/okx,NON_GATE_PAIRS,0,0,0,,,,,,,,,,,,,,,,,,0,0,,,,,,,
300,20,RESIDUAL_SPREAD,24,LEGACY_RAW_EXIT,bitget/gate,GATE_PAIRS,52,0,52,1.0,,,,,,,,,,,,,,,,0.0,0,0,,,,,,,0.0
300,20,RESIDUAL_SPREAD,24,LEGACY_RAW_EXIT,bitget/hyperliquid,NON_GATE_PAIRS,52,0,52,1.0,,,,,,,,,,,,,,,,0.0,0,0,,,,,,,0.0
300,20,RESIDUAL_SPREAD,24,LEGACY_RAW_EXIT,bitget/okx,NON_GATE_PAIRS,52,0,52,1.0,,,,,,,,,,,,,,,,0.0,0,0,,,,,,,0.0
300,20,RESIDUAL_SPREAD,24,LEGACY_RAW_EXIT,gate/hyperliquid,GATE_PAIRS,0,0,0,,,,,,,,,,,,,,,,,,0,0,,,,,,,
300,20,RESIDUAL_SPREAD,24,LEGACY_RAW_EXIT,gate/okx,GATE_PAIRS,0,0,0,,,,,,,,,,,,,,,,,,0,0,,,,,,,
300,20,RESIDUAL_SPREAD,24,LEGACY_RAW_EXIT,hyperliquid/okx,NON_GATE_PAIRS,0,0,0,,,,,,,,,,,,,,,,,,0,0,,,,,,,
300,20,RESIDUAL_SPREAD,24,LEGACY_RAW_EXIT,ALL_GATE_PAIRS,GATE_PAIRS,52,0,52,1.0,,,,,,,,,,,,,,,,0.0,0,0,,,,,,,0.0
300,20,RESIDUAL_SPREAD,24,LEGACY_RAW_EXIT,ALL_NON_GATE_PAIRS,NON_GATE_PAIRS,156,0,156,1.0,,,,,,,,,,,,,,,,0.0,0,0,,,,,,,0.0
300,20,RESIDUAL_SPREAD,24,LEGACY_RAW_EXIT,ALL_PAIRS,ALL,208,0,208,1.0,,,,,,,,,,,,,,,,0.0,0,0,,,,,,,0.0
300,20,RESIDUAL_SPREAD,24,BASELINE_RESIDUAL_EXIT,binance/bitget,NON_GATE_PAIRS,52,0,52,1.0,,,,,,,,,,,,,,,,0.0,0,0,,,,,,,0.0
300,20,RESIDUAL_SPREAD,24,BASELINE_RESIDUAL_EXIT,binance/gate,GATE_PAIRS,0,0,0,,,,,,,,,,,,,,,,,,0,0,,,,,,,
300,20,RESIDUAL_SPREAD,24,BASELINE_RESIDUAL_EXIT,binance/hyperliquid,NON_GATE_PAIRS,0,0,0,,,,,,,,,,,,,,,,,,0,0,,,,,,,
300,20,RESIDUAL_SPREAD,24,BASELINE_RESIDUAL_EXIT,binance/okx,NON_GATE_PAIRS,0,0,0,,,,,,,,,,,,,,,,,,0,0,,,,,,,
300,20,RESIDUAL_SPREAD,24,BASELINE_RESIDUAL_EXIT,bitget/gate,GATE_PAIRS,52,0,52,1.0,,,,,,,,,,,,,,,,0.0,0,0,,,,,,,0.0
300,20,RESIDUAL_SPREAD,24,BASELINE_RESIDUAL_EXIT,bitget/hyperliquid,NON_GATE_PAIRS,52,0,52,1.0,,,,,,,,,,,,,,,,0.0,0,0,,,,,,,0.0
300,20,RESIDUAL_SPREAD,24,BASELINE_RESIDUAL_EXIT,bitget/okx,NON_GATE_PAIRS,52,0,52,1.0,,,,,,,,,,,,,,,,0.0,0,0,,,,,,,0.0
300,20,RESIDUAL_SPREAD,24,BASELINE_RESIDUAL_EXIT,gate/hyperliquid,GATE_PAIRS,0,0,0,,,,,,,,,,,,,,,,,,0,0,,,,,,,
300,20,RESIDUAL_SPREAD,24,BASELINE_RESIDUAL_EXIT,gate/okx,GATE_PAIRS,0,0,0,,,,,,,,,,,,,,,,,,0,0,,,,,,,
300,20,RESIDUAL_SPREAD,24,BASELINE_RESIDUAL_EXIT,hyperliquid/okx,NON_GATE_PAIRS,0,0,0,,,,,,,,,,,,,,,,,,0,0,,,,,,,
300,20,RESIDUAL_SPREAD,24,BASELINE_RESIDUAL_EXIT,ALL_GATE_PAIRS,GATE_PAIRS,52,0,52,1.0,,,,,,,,,,,,,,,,0.0,0,0,,,,,,,0.0
300,20,RESIDUAL_SPREAD,24,BASELINE_RESIDUAL_EXIT,ALL_NON_GATE_PAIRS,NON_GATE_PAIRS,156,0,156,1.0,,,,,,,,,,,,,,,,0.0,0,0,,,,,,,0.0
300,20,RESIDUAL_SPREAD,24,BASELINE_RESIDUAL_EXIT,ALL_PAIRS,ALL,208,0,208,1.0,,,,,,,,,,,,,,,,0.0,0,0,,,,,,,0.0
300,20,RESIDUAL_SPREAD,24,FRACTIONAL_RESIDUAL_EXIT,binance/bitget,NON_GATE_PAIRS,52,0,52,1.0,,,,,,,,,,,,,,,,0.0,0,0,,,,,,,0.0
300,20,RESIDUAL_SPREAD,24,FRACTIONAL_RESIDUAL_EXIT,binance/gate,GATE_PAIRS,0,0,0,,,,,,,,,,,,,,,,,,0,0,,,,,,,
300,20,RESIDUAL_SPREAD,24,FRACTIONAL_RESIDUAL_EXIT,binance/hyperliquid,NON_GATE_PAIRS,0,0,0,,,,,,,,,,,,,,,,,,0,0,,,,,,,
300,20,RESIDUAL_SPREAD,24,FRACTIONAL_RESIDUAL_EXIT,binance/okx,NON_GATE_PAIRS,0,0,0,,,,,,,,,,,,,,,,,,0,0,,,,,,,
300,20,RESIDUAL_SPREAD,24,FRACTIONAL_RESIDUAL_EXIT,bitget/gate,GATE_PAIRS,52,0,52,1.0,,,,,,,,,,,,,,,,0.0,0,0,,,,,,,0.0
300,20,RESIDUAL_SPREAD,24,FRACTIONAL_RESIDUAL_EXIT,bitget/hyperliquid,NON_GATE_PAIRS,52,0,52,1.0,,,,,,,,,,,,,,,,0.0,0,0,,,,,,,0.0
300,20,RESIDUAL_SPREAD,24,FRACTIONAL_RESIDUAL_EXIT,bitget/okx,NON_GATE_PAIRS,52,0,52,1.0,,,,,,,,,,,,,,,,0.0,0,0,,,,,,,0.0
300,20,RESIDUAL_SPREAD,24,FRACTIONAL_RESIDUAL_EXIT,gate/hyperliquid,GATE_PAIRS,0,0,0,,,,,,,,,,,,,,,,,,0,0,,,,,,,
300,20,RESIDUAL_SPREAD,24,FRACTIONAL_RESIDUAL_EXIT,gate/okx,GATE_PAIRS,0,0,0,,,,,,,,,,,,,,,,,,0,0,,,,,,,
300,20,RESIDUAL_SPREAD,24,FRACTIONAL_RESIDUAL_EXIT,hyperliquid/okx,NON_GATE_PAIRS,0,0,0,,,,,,,,,,,,,,,,,,0,0,,,,,,,
300,20,RESIDUAL_SPREAD,24,FRACTIONAL_RESIDUAL_EXIT,ALL_GATE_PAIRS,GATE_PAIRS,52,0,52,1.0,,,,,,,,,,,,,,,,0.0,0,0,,,,,,,0.0
300,20,RESIDUAL_SPREAD,24,FRACTIONAL_RESIDUAL_EXIT,ALL_NON_GATE_PAIRS,NON_GATE_PAIRS,156,0,156,1.0,,,,,,,,,,,,,,,,0.0,0,0,,,,,,,0.0
300,20,RESIDUAL_SPREAD,24,FRACTIONAL_RESIDUAL_EXIT,ALL_PAIRS,ALL,208,0,208,1.0,,,,,,,,,,,,,,,,0.0,0,0,,,,,,,0.0
300,20,RESIDUAL_SPREAD,72,LEGACY_RAW_EXIT,binance/bitget,NON_GATE_PAIRS,19,0,19,1.0,,,,,,,,,,,,,,,,0.0,0,0,,,,,,,0.0
300,20,RESIDUAL_SPREAD,72,LEGACY_RAW_EXIT,binance/gate,GATE_PAIRS,0,0,0,,,,,,,,,,,,,,,,,,0,0,,,,,,,
300,20,RESIDUAL_SPREAD,72,LEGACY_RAW_EXIT,binance/hyperliquid,NON_GATE_PAIRS,0,0,0,,,,,,,,,,,,,,,,,,0,0,,,,,,,
300,20,RESIDUAL_SPREAD,72,LEGACY_RAW_EXIT,binance/okx,NON_GATE_PAIRS,0,0,0,,,,,,,,,,,,,,,,,,0,0,,,,,,,
300,20,RESIDUAL_SPREAD,72,LEGACY_RAW_EXIT,bitget/gate,GATE_PAIRS,19,0,19,1.0,,,,,,,,,,,,,,,,0.0,0,0,,,,,,,0.0
300,20,RESIDUAL_SPREAD,72,LEGACY_RAW_EXIT,bitget/hyperliquid,NON_GATE_PAIRS,19,0,19,1.0,,,,,,,,,,,,,,,,0.0,0,0,,,,,,,0.0
300,20,RESIDUAL_SPREAD,72,LEGACY_RAW_EXIT,bitget/okx,NON_GATE_PAIRS,19,0,19,1.0,,,,,,,,,,,,,,,,0.0,0,0,,,,,,,0.0
300,20,RESIDUAL_SPREAD,72,LEGACY_RAW_EXIT,gate/hyperliquid,GATE_PAIRS,0,0,0,,,,,,,,,,,,,,,,,,0,0,,,,,,,
300,20,RESIDUAL_SPREAD,72,LEGACY_RAW_EXIT,gate/okx,GATE_PAIRS,0,0,0,,,,,,,,,,,,,,,,,,0,0,,,,,,,
300,20,RESIDUAL_SPREAD,72,LEGACY_RAW_EXIT,hyperliquid/okx,NON_GATE_PAIRS,0,0,0,,,,,,,,,,,,,,,,,,0,0,,,,,,,
300,20,RESIDUAL_SPREAD,72,LEGACY_RAW_EXIT,ALL_GATE_PAIRS,GATE_PAIRS,19,0,19,1.0,,,,,,,,,,,,,,,,0.0,0,0,,,,,,,0.0
300,20,RESIDUAL_SPREAD,72,LEGACY_RAW_EXIT,ALL_NON_GATE_PAIRS,NON_GATE_PAIRS,57,0,57,1.0,,,,,,,,,,,,,,,,0.0,0,0,,,,,,,0.0
300,20,RESIDUAL_SPREAD,72,LEGACY_RAW_EXIT,ALL_PAIRS,ALL,76,0,76,1.0,,,,,,,,,,,,,,,,0.0,0,0,,,,,,,0.0
300,20,RESIDUAL_SPREAD,72,BASELINE_RESIDUAL_EXIT,binance/bitget,NON_GATE_PAIRS,19,0,19,1.0,,,,,,,,,,,,,,,,0.0,0,0,,,,,,,0.0
300,20,RESIDUAL_SPREAD,72,BASELINE_RESIDUAL_EXIT,binance/gate,GATE_PAIRS,0,0,0,,,,,,,,,,,,,,,,,,0,0,,,,,,,
300,20,RESIDUAL_SPREAD,72,BASELINE_RESIDUAL_EXIT,binance/hyperliquid,NON_GATE_PAIRS,0,0,0,,,,,,,,,,,,,,,,,,0,0,,,,,,,
300,20,RESIDUAL_SPREAD,72,BASELINE_RESIDUAL_EXIT,binance/okx,NON_GATE_PAIRS,0,0,0,,,,,,,,,,,,,,,,,,0,0,,,,,,,
300,20,RESIDUAL_SPREAD,72,BASELINE_RESIDUAL_EXIT,bitget/gate,GATE_PAIRS,19,0,19,1.0,,,,,,,,,,,,,,,,0.0,0,0,,,,,,,0.0
300,20,RESIDUAL_SPREAD,72,BASELINE_RESIDUAL_EXIT,bitget/hyperliquid,NON_GATE_PAIRS,19,0,19,1.0,,,,,,,,,,,,,,,,0.0,0,0,,,,,,,0.0
300,20,RESIDUAL_SPREAD,72,BASELINE_RESIDUAL_EXIT,bitget/okx,NON_GATE_PAIRS,19,0,19,1.0,,,,,,,,,,,,,,,,0.0,0,0,,,,,,,0.0
300,20,RESIDUAL_SPREAD,72,BASELINE_RESIDUAL_EXIT,gate/hyperliquid,GATE_PAIRS,0,0,0,,,,,,,,,,,,,,,,,,0,0,,,,,,,
300,20,RESIDUAL_SPREAD,72,BASELINE_RESIDUAL_EXIT,gate/okx,GATE_PAIRS,0,0,0,,,,,,,,,,,,,,,,,,0,0,,,,,,,
300,20,RESIDUAL_SPREAD,72,BASELINE_RESIDUAL_EXIT,hyperliquid/okx,NON_GATE_PAIRS,0,0,0,,,,,,,,,,,,,,,,,,0,0,,,,,,,
300,20,RESIDUAL_SPREAD,72,BASELINE_RESIDUAL_EXIT,ALL_GATE_PAIRS,GATE_PAIRS,19,0,19,1.0,,,,,,,,,,,,,,,,0.0,0,0,,,,,,,0.0
300,20,RESIDUAL_SPREAD,72,BASELINE_RESIDUAL_EXIT,ALL_NON_GATE_PAIRS,NON_GATE_PAIRS,57,0,57,1.0,,,,,,,,,,,,,,,,0.0,0,0,,,,,,,0.0
300,20,RESIDUAL_SPREAD,72,BASELINE_RESIDUAL_EXIT,ALL_PAIRS,ALL,76,0,76,1.0,,,,,,,,,,,,,,,,0.0,0,0,,,,,,,0.0
300,20,RESIDUAL_SPREAD,72,FRACTIONAL_RESIDUAL_EXIT,binance/bitget,NON_GATE_PAIRS,19,0,19,1.0,,,,,,,,,,,,,,,,0.0,0,0,,,,,,,0.0
300,20,RESIDUAL_SPREAD,72,FRACTIONAL_RESIDUAL_EXIT,binance/gate,GATE_PAIRS,0,0,0,,,,,,,,,,,,,,,,,,0,0,,,,,,,
300,20,RESIDUAL_SPREAD,72,FRACTIONAL_RESIDUAL_EXIT,binance/hyperliquid,NON_GATE_PAIRS,0,0,0,,,,,,,,,,,,,,,,,,0,0,,,,,,,
300,20,RESIDUAL_SPREAD,72,FRACTIONAL_RESIDUAL_EXIT,binance/okx,NON_GATE_PAIRS,0,0,0,,,,,,,,,,,,,,,,,,0,0,,,,,,,
300,20,RESIDUAL_SPREAD,72,FRACTIONAL_RESIDUAL_EXIT,bitget/gate,GATE_PAIRS,19,0,19,1.0,,,,,,,,,,,,,,,,0.0,0,0,,,,,,,0.0
300,20,RESIDUAL_SPREAD,72,FRACTIONAL_RESIDUAL_EXIT,bitget/hyperliquid,NON_GATE_PAIRS,19,0,19,1.0,,,,,,,,,,,,,,,,0.0,0,0,,,,,,,0.0
300,20,RESIDUAL_SPREAD,72,FRACTIONAL_RESIDUAL_EXIT,bitget/okx,NON_GATE_PAIRS,19,0,19,1.0,,,,,,,,,,,,,,,,0.0,0,0,,,,,,,0.0
300,20,RESIDUAL_SPREAD,72,FRACTIONAL_RESIDUAL_EXIT,gate/hyperliquid,GATE_PAIRS,0,0,0,,,,,,,,,,,,,,,,,,0,0,,,,,,,
300,20,RESIDUAL_SPREAD,72,FRACTIONAL_RESIDUAL_EXIT,gate/okx,GATE_PAIRS,0,0,0,,,,,,,,,,,,,,,,,,0,0,,,,,,,
300,20,RESIDUAL_SPREAD,72,FRACTIONAL_RESIDUAL_EXIT,hyperliquid/okx,NON_GATE_PAIRS,0,0,0,,,,,,,,,,,,,,,,,,0,0,,,,,,,
300,20,RESIDUAL_SPREAD,72,FRACTIONAL_RESIDUAL_EXIT,ALL_GATE_PAIRS,GATE_PAIRS,19,0,19,1.0,,,,,,,,,,,,,,,,0.0,0,0,,,,,,,0.0
300,20,RESIDUAL_SPREAD,72,FRACTIONAL_RESIDUAL_EXIT,ALL_NON_GATE_PAIRS,NON_GATE_PAIRS,57,0,57,1.0,,,,,,,,,,,,,,,,0.0,0,0,,,,,,,0.0
300,20,RESIDUAL_SPREAD,72,FRACTIONAL_RESIDUAL_EXIT,ALL_PAIRS,ALL,76,0,76,1.0,,,,,,,,,,,,,,,,0.0,0,0,,,,,,,0.0
300,40,RESIDUAL_SPREAD,24,LEGACY_RAW_EXIT,binance/bitget,NON_GATE_PAIRS,52,0,52,1.0,,,,,,,,,,,,,,,,0.0,0,0,,,,,,,0.0
300,40,RESIDUAL_SPREAD,24,LEGACY_RAW_EXIT,binance/gate,GATE_PAIRS,0,0,0,,,,,,,,,,,,,,,,,,0,0,,,,,,,
300,40,RESIDUAL_SPREAD,24,LEGACY_RAW_EXIT,binance/hyperliquid,NON_GATE_PAIRS,0,0,0,,,,,,,,,,,,,,,,,,0,0,,,,,,,
300,40,RESIDUAL_SPREAD,24,LEGACY_RAW_EXIT,binance/okx,NON_GATE_PAIRS,0,0,0,,,,,,,,,,,,,,,,,,0,0,,,,,,,
300,40,RESIDUAL_SPREAD,24,LEGACY_RAW_EXIT,bitget/gate,GATE_PAIRS,52,0,52,1.0,,,,,,,,,,,,,,,,0.0,0,0,,,,,,,0.0
300,40,RESIDUAL_SPREAD,24,LEGACY_RAW_EXIT,bitget/hyperliquid,NON_GATE_PAIRS,52,0,52,1.0,,,,,,,,,,,,,,,,0.0,0,0,,,,,,,0.0
300,40,RESIDUAL_SPREAD,24,LEGACY_RAW_EXIT,bitget/okx,NON_GATE_PAIRS,52,0,52,1.0,,,,,,,,,,,,,,,,0.0,0,0,,,,,,,0.0
300,40,RESIDUAL_SPREAD,24,LEGACY_RAW_EXIT,gate/hyperliquid,GATE_PAIRS,0,0,0,,,,,,,,,,,,,,,,,,0,0,,,,,,,
300,40,RESIDUAL_SPREAD,24,LEGACY_RAW_EXIT,gate/okx,GATE_PAIRS,0,0,0,,,,,,,,,,,,,,,,,,0,0,,,,,,,
300,40,RESIDUAL_SPREAD,24,LEGACY_RAW_EXIT,hyperliquid/okx,NON_GATE_PAIRS,0,0,0,,,,,,,,,,,,,,,,,,0,0,,,,,,,
300,40,RESIDUAL_SPREAD,24,LEGACY_RAW_EXIT,ALL_GATE_PAIRS,GATE_PAIRS,52,0,52,1.0,,,,,,,,,,,,,,,,0.0,0,0,,,,,,,0.0
300,40,RESIDUAL_SPREAD,24,LEGACY_RAW_EXIT,ALL_NON_GATE_PAIRS,NON_GATE_PAIRS,156,0,156,1.0,,,,,,,,,,,,,,,,0.0,0,0,,,,,,,0.0
300,40,RESIDUAL_SPREAD,24,LEGACY_RAW_EXIT,ALL_PAIRS,ALL,208,0,208,1.0,,,,,,,,,,,,,,,,0.0,0,0,,,,,,,0.0
300,40,RESIDUAL_SPREAD,24,BASELINE_RESIDUAL_EXIT,binance/bitget,NON_GATE_PAIRS,52,0,52,1.0,,,,,,,,,,,,,,,,0.0,0,0,,,,,,,0.0
300,40,RESIDUAL_SPREAD,24,BASELINE_RESIDUAL_EXIT,binance/gate,GATE_PAIRS,0,0,0,,,,,,,,,,,,,,,,,,0,0,,,,,,,
300,40,RESIDUAL_SPREAD,24,BASELINE_RESIDUAL_EXIT,binance/hyperliquid,NON_GATE_PAIRS,0,0,0,,,,,,,,,,,,,,,,,,0,0,,,,,,,
300,40,RESIDUAL_SPREAD,24,BASELINE_RESIDUAL_EXIT,binance/okx,NON_GATE_PAIRS,0,0,0,,,,,,,,,,,,,,,,,,0,0,,,,,,,
300,40,RESIDUAL_SPREAD,24,BASELINE_RESIDUAL_EXIT,bitget/gate,GATE_PAIRS,52,0,52,1.0,,,,,,,,,,,,,,,,0.0,0,0,,,,,,,0.0
300,40,RESIDUAL_SPREAD,24,BASELINE_RESIDUAL_EXIT,bitget/hyperliquid,NON_GATE_PAIRS,52,0,52,1.0,,,,,,,,,,,,,,,,0.0,0,0,,,,,,,0.0
300,40,RESIDUAL_SPREAD,24,BASELINE_RESIDUAL_EXIT,bitget/okx,NON_GATE_PAIRS,52,0,52,1.0,,,,,,,,,,,,,,,,0.0,0,0,,,,,,,0.0
300,40,RESIDUAL_SPREAD,24,BASELINE_RESIDUAL_EXIT,gate/hyperliquid,GATE_PAIRS,0,0,0,,,,,,,,,,,,,,,,,,0,0,,,,,,,
300,40,RESIDUAL_SPREAD,24,BASELINE_RESIDUAL_EXIT,gate/okx,GATE_PAIRS,0,0,0,,,,,,,,,,,,,,,,,,0,0,,,,,,,
300,40,RESIDUAL_SPREAD,24,BASELINE_RESIDUAL_EXIT,hyperliquid/okx,NON_GATE_PAIRS,0,0,0,,,,,,,,,,,,,,,,,,0,0,,,,,,,
300,40,RESIDUAL_SPREAD,24,BASELINE_RESIDUAL_EXIT,ALL_GATE_PAIRS,GATE_PAIRS,52,0,52,1.0,,,,,,,,,,,,,,,,0.0,0,0,,,,,,,0.0
300,40,RESIDUAL_SPREAD,24,BASELINE_RESIDUAL_EXIT,ALL_NON_GATE_PAIRS,NON_GATE_PAIRS,156,0,156,1.0,,,,,,,,,,,,,,,,0.0,0,0,,,,,,,0.0
300,40,RESIDUAL_SPREAD,24,BASELINE_RESIDUAL_EXIT,ALL_PAIRS,ALL,208,0,208,1.0,,,,,,,,,,,,,,,,0.0,0,0,,,,,,,0.0
300,40,RESIDUAL_SPREAD,24,FRACTIONAL_RESIDUAL_EXIT,binance/bitget,NON_GATE_PAIRS,52,0,52,1.0,,,,,,,,,,,,,,,,0.0,0,0,,,,,,,0.0
300,40,RESIDUAL_SPREAD,24,FRACTIONAL_RESIDUAL_EXIT,binance/gate,GATE_PAIRS,0,0,0,,,,,,,,,,,,,,,,,,0,0,,,,,,,
300,40,RESIDUAL_SPREAD,24,FRACTIONAL_RESIDUAL_EXIT,binance/hyperliquid,NON_GATE_PAIRS,0,0,0,,,,,,,,,,,,,,,,,,0,0,,,,,,,
300,40,RESIDUAL_SPREAD,24,FRACTIONAL_RESIDUAL_EXIT,binance/okx,NON_GATE_PAIRS,0,0,0,,,,,,,,,,,,,,,,,,0,0,,,,,,,
300,40,RESIDUAL_SPREAD,24,FRACTIONAL_RESIDUAL_EXIT,bitget/gate,GATE_PAIRS,52,0,52,1.0,,,,,,,,,,,,,,,,0.0,0,0,,,,,,,0.0
300,40,RESIDUAL_SPREAD,24,FRACTIONAL_RESIDUAL_EXIT,bitget/hyperliquid,NON_GATE_PAIRS,52,0,52,1.0,,,,,,,,,,,,,,,,0.0,0,0,,,,,,,0.0
300,40,RESIDUAL_SPREAD,24,FRACTIONAL_RESIDUAL_EXIT,bitget/okx,NON_GATE_PAIRS,52,0,52,1.0,,,,,,,,,,,,,,,,0.0,0,0,,,,,,,0.0
300,40,RESIDUAL_SPREAD,24,FRACTIONAL_RESIDUAL_EXIT,gate/hyperliquid,GATE_PAIRS,0,0,0,,,,,,,,,,,,,,,,,,0,0,,,,,,,
300,40,RESIDUAL_SPREAD,24,FRACTIONAL_RESIDUAL_EXIT,gate/okx,GATE_PAIRS,0,0,0,,,,,,,,,,,,,,,,,,0,0,,,,,,,
300,40,RESIDUAL_SPREAD,24,FRACTIONAL_RESIDUAL_EXIT,hyperliquid/okx,NON_GATE_PAIRS,0,0,0,,,,,,,,,,,,,,,,,,0,0,,,,,,,
300,40,RESIDUAL_SPREAD,24,FRACTIONAL_RESIDUAL_EXIT,ALL_GATE_PAIRS,GATE_PAIRS,52,0,52,1.0,,,,,,,,,,,,,,,,0.0,0,0,,,,,,,0.0
300,40,RESIDUAL_SPREAD,24,FRACTIONAL_RESIDUAL_EXIT,ALL_NON_GATE_PAIRS,NON_GATE_PAIRS,156,0,156,1.0,,,,,,,,,,,,,,,,0.0,0,0,,,,,,,0.0
300,40,RESIDUAL_SPREAD,24,FRACTIONAL_RESIDUAL_EXIT,ALL_PAIRS,ALL,208,0,208,1.0,,,,,,,,,,,,,,,,0.0,0,0,,,,,,,0.0
300,40,RESIDUAL_SPREAD,72,LEGACY_RAW_EXIT,binance/bitget,NON_GATE_PAIRS,19,0,19,1.0,,,,,,,,,,,,,,,,0.0,0,0,,,,,,,0.0
300,40,RESIDUAL_SPREAD,72,LEGACY_RAW_EXIT,binance/gate,GATE_PAIRS,0,0,0,,,,,,,,,,,,,,,,,,0,0,,,,,,,
300,40,RESIDUAL_SPREAD,72,LEGACY_RAW_EXIT,binance/hyperliquid,NON_GATE_PAIRS,0,0,0,,,,,,,,,,,,,,,,,,0,0,,,,,,,
300,40,RESIDUAL_SPREAD,72,LEGACY_RAW_EXIT,binance/okx,NON_GATE_PAIRS,0,0,0,,,,,,,,,,,,,,,,,,0,0,,,,,,,
300,40,RESIDUAL_SPREAD,72,LEGACY_RAW_EXIT,bitget/gate,GATE_PAIRS,19,0,19,1.0,,,,,,,,,,,,,,,,0.0,0,0,,,,,,,0.0
300,40,RESIDUAL_SPREAD,72,LEGACY_RAW_EXIT,bitget/hyperliquid,NON_GATE_PAIRS,19,0,19,1.0,,,,,,,,,,,,,,,,0.0,0,0,,,,,,,0.0
300,40,RESIDUAL_SPREAD,72,LEGACY_RAW_EXIT,bitget/okx,NON_GATE_PAIRS,19,0,19,1.0,,,,,,,,,,,,,,,,0.0,0,0,,,,,,,0.0
300,40,RESIDUAL_SPREAD,72,LEGACY_RAW_EXIT,gate/hyperliquid,GATE_PAIRS,0,0,0,,,,,,,,,,,,,,,,,,0,0,,,,,,,
300,40,RESIDUAL_SPREAD,72,LEGACY_RAW_EXIT,gate/okx,GATE_PAIRS,0,0,0,,,,,,,,,,,,,,,,,,0,0,,,,,,,
300,40,RESIDUAL_SPREAD,72,LEGACY_RAW_EXIT,hyperliquid/okx,NON_GATE_PAIRS,0,0,0,,,,,,,,,,,,,,,,,,0,0,,,,,,,
300,40,RESIDUAL_SPREAD,72,LEGACY_RAW_EXIT,ALL_GATE_PAIRS,GATE_PAIRS,19,0,19,1.0,,,,,,,,,,,,,,,,0.0,0,0,,,,,,,0.0
300,40,RESIDUAL_SPREAD,72,LEGACY_RAW_EXIT,ALL_NON_GATE_PAIRS,NON_GATE_PAIRS,57,0,57,1.0,,,,,,,,,,,,,,,,0.0,0,0,,,,,,,0.0
300,40,RESIDUAL_SPREAD,72,LEGACY_RAW_EXIT,ALL_PAIRS,ALL,76,0,76,1.0,,,,,,,,,,,,,,,,0.0,0,0,,,,,,,0.0
300,40,RESIDUAL_SPREAD,72,BASELINE_RESIDUAL_EXIT,binance/bitget,NON_GATE_PAIRS,19,0,19,1.0,,,,,,,,,,,,,,,,0.0,0,0,,,,,,,0.0
300,40,RESIDUAL_SPREAD,72,BASELINE_RESIDUAL_EXIT,binance/gate,GATE_PAIRS,0,0,0,,,,,,,,,,,,,,,,,,0,0,,,,,,,
300,40,RESIDUAL_SPREAD,72,BASELINE_RESIDUAL_EXIT,binance/hyperliquid,NON_GATE_PAIRS,0,0,0,,,,,,,,,,,,,,,,,,0,0,,,,,,,
300,40,RESIDUAL_SPREAD,72,BASELINE_RESIDUAL_EXIT,binance/okx,NON_GATE_PAIRS,0,0,0,,,,,,,,,,,,,,,,,,0,0,,,,,,,
300,40,RESIDUAL_SPREAD,72,BASELINE_RESIDUAL_EXIT,bitget/gate,GATE_PAIRS,19,0,19,1.0,,,,,,,,,,,,,,,,0.0,0,0,,,,,,,0.0
300,40,RESIDUAL_SPREAD,72,BASELINE_RESIDUAL_EXIT,bitget/hyperliquid,NON_GATE_PAIRS,19,0,19,1.0,,,,,,,,,,,,,,,,0.0,0,0,,,,,,,0.0
300,40,RESIDUAL_SPREAD,72,BASELINE_RESIDUAL_EXIT,bitget/okx,NON_GATE_PAIRS,19,0,19,1.0,,,,,,,,,,,,,,,,0.0,0,0,,,,,,,0.0
300,40,RESIDUAL_SPREAD,72,BASELINE_RESIDUAL_EXIT,gate/hyperliquid,GATE_PAIRS,0,0,0,,,,,,,,,,,,,,,,,,0,0,,,,,,,
300,40,RESIDUAL_SPREAD,72,BASELINE_RESIDUAL_EXIT,gate/okx,GATE_PAIRS,0,0,0,,,,,,,,,,,,,,,,,,0,0,,,,,,,
300,40,RESIDUAL_SPREAD,72,BASELINE_RESIDUAL_EXIT,hyperliquid/okx,NON_GATE_PAIRS,0,0,0,,,,,,,,,,,,,,,,,,0,0,,,,,,,
300,40,RESIDUAL_SPREAD,72,BASELINE_RESIDUAL_EXIT,ALL_GATE_PAIRS,GATE_PAIRS,19,0,19,1.0,,,,,,,,,,,,,,,,0.0,0,0,,,,,,,0.0
300,40,RESIDUAL_SPREAD,72,BASELINE_RESIDUAL_EXIT,ALL_NON_GATE_PAIRS,NON_GATE_PAIRS,57,0,57,1.0,,,,,,,,,,,,,,,,0.0,0,0,,,,,,,0.0
300,40,RESIDUAL_SPREAD,72,BASELINE_RESIDUAL_EXIT,ALL_PAIRS,ALL,76,0,76,1.0,,,,,,,,,,,,,,,,0.0,0,0,,,,,,,0.0
300,40,RESIDUAL_SPREAD,72,FRACTIONAL_RESIDUAL_EXIT,binance/bitget,NON_GATE_PAIRS,19,0,19,1.0,,,,,,,,,,,,,,,,0.0,0,0,,,,,,,0.0
300,40,RESIDUAL_SPREAD,72,FRACTIONAL_RESIDUAL_EXIT,binance/gate,GATE_PAIRS,0,0,0,,,,,,,,,,,,,,,,,,0,0,,,,,,,
300,40,RESIDUAL_SPREAD,72,FRACTIONAL_RESIDUAL_EXIT,binance/hyperliquid,NON_GATE_PAIRS,0,0,0,,,,,,,,,,,,,,,,,,0,0,,,,,,,
300,40,RESIDUAL_SPREAD,72,FRACTIONAL_RESIDUAL_EXIT,binance/okx,NON_GATE_PAIRS,0,0,0,,,,,,,,,,,,,,,,,,0,0,,,,,,,
300,40,RESIDUAL_SPREAD,72,FRACTIONAL_RESIDUAL_EXIT,bitget/gate,GATE_PAIRS,19,0,19,1.0,,,,,,,,,,,,,,,,0.0,0,0,,,,,,,0.0
300,40,RESIDUAL_SPREAD,72,FRACTIONAL_RESIDUAL_EXIT,bitget/hyperliquid,NON_GATE_PAIRS,19,0,19,1.0,,,,,,,,,,,,,,,,0.0,0,0,,,,,,,0.0
300,40,RESIDUAL_SPREAD,72,FRACTIONAL_RESIDUAL_EXIT,bitget/okx,NON_GATE_PAIRS,19,0,19,1.0,,,,,,,,,,,,,,,,0.0,0,0,,,,,,,0.0
300,40,RESIDUAL_SPREAD,72,FRACTIONAL_RESIDUAL_EXIT,gate/hyperliquid,GATE_PAIRS,0,0,0,,,,,,,,,,,,,,,,,,0,0,,,,,,,
300,40,RESIDUAL_SPREAD,72,FRACTIONAL_RESIDUAL_EXIT,gate/okx,GATE_PAIRS,0,0,0,,,,,,,,,,,,,,,,,,0,0,,,,,,,
300,40,RESIDUAL_SPREAD,72,FRACTIONAL_RESIDUAL_EXIT,hyperliquid/okx,NON_GATE_PAIRS,0,0,0,,,,,,,,,,,,,,,,,,0,0,,,,,,,
300,40,RESIDUAL_SPREAD,72,FRACTIONAL_RESIDUAL_EXIT,ALL_GATE_PAIRS,GATE_PAIRS,19,0,19,1.0,,,,,,,,,,,,,,,,0.0,0,0,,,,,,,0.0
300,40,RESIDUAL_SPREAD,72,FRACTIONAL_RESIDUAL_EXIT,ALL_NON_GATE_PAIRS,NON_GATE_PAIRS,57,0,57,1.0,,,,,,,,,,,,,,,,0.0,0,0,,,,,,,0.0
300,40,RESIDUAL_SPREAD,72,FRACTIONAL_RESIDUAL_EXIT,ALL_PAIRS,ALL,76,0,76,1.0,,,,,,,,,,,,,,,,0.0,0,0,,,,,,,0.0
300,58,RESIDUAL_SPREAD,24,LEGACY_RAW_EXIT,binance/bitget,NON_GATE_PAIRS,52,0,52,1.0,,,,,,,,,,,,,,,,0.0,0,0,,,,,,,0.0
300,58,RESIDUAL_SPREAD,24,LEGACY_RAW_EXIT,binance/gate,GATE_PAIRS,0,0,0,,,,,,,,,,,,,,,,,,0,0,,,,,,,
300,58,RESIDUAL_SPREAD,24,LEGACY_RAW_EXIT,binance/hyperliquid,NON_GATE_PAIRS,0,0,0,,,,,,,,,,,,,,,,,,0,0,,,,,,,
300,58,RESIDUAL_SPREAD,24,LEGACY_RAW_EXIT,binance/okx,NON_GATE_PAIRS,0,0,0,,,,,,,,,,,,,,,,,,0,0,,,,,,,
300,58,RESIDUAL_SPREAD,24,LEGACY_RAW_EXIT,bitget/gate,GATE_PAIRS,52,0,52,1.0,,,,,,,,,,,,,,,,0.0,0,0,,,,,,,0.0
300,58,RESIDUAL_SPREAD,24,LEGACY_RAW_EXIT,bitget/hyperliquid,NON_GATE_PAIRS,52,0,52,1.0,,,,,,,,,,,,,,,,0.0,0,0,,,,,,,0.0
300,58,RESIDUAL_SPREAD,24,LEGACY_RAW_EXIT,bitget/okx,NON_GATE_PAIRS,52,0,52,1.0,,,,,,,,,,,,,,,,0.0,0,0,,,,,,,0.0
300,58,RESIDUAL_SPREAD,24,LEGACY_RAW_EXIT,gate/hyperliquid,GATE_PAIRS,0,0,0,,,,,,,,,,,,,,,,,,0,0,,,,,,,
300,58,RESIDUAL_SPREAD,24,LEGACY_RAW_EXIT,gate/okx,GATE_PAIRS,0,0,0,,,,,,,,,,,,,,,,,,0,0,,,,,,,
300,58,RESIDUAL_SPREAD,24,LEGACY_RAW_EXIT,hyperliquid/okx,NON_GATE_PAIRS,0,0,0,,,,,,,,,,,,,,,,,,0,0,,,,,,,
300,58,RESIDUAL_SPREAD,24,LEGACY_RAW_EXIT,ALL_GATE_PAIRS,GATE_PAIRS,52,0,52,1.0,,,,,,,,,,,,,,,,0.0,0,0,,,,,,,0.0
300,58,RESIDUAL_SPREAD,24,LEGACY_RAW_EXIT,ALL_NON_GATE_PAIRS,NON_GATE_PAIRS,156,0,156,1.0,,,,,,,,,,,,,,,,0.0,0,0,,,,,,,0.0
300,58,RESIDUAL_SPREAD,24,LEGACY_RAW_EXIT,ALL_PAIRS,ALL,208,0,208,1.0,,,,,,,,,,,,,,,,0.0,0,0,,,,,,,0.0
300,58,RESIDUAL_SPREAD,24,BASELINE_RESIDUAL_EXIT,binance/bitget,NON_GATE_PAIRS,52,0,52,1.0,,,,,,,,,,,,,,,,0.0,0,0,,,,,,,0.0
300,58,RESIDUAL_SPREAD,24,BASELINE_RESIDUAL_EXIT,binance/gate,GATE_PAIRS,0,0,0,,,,,,,,,,,,,,,,,,0,0,,,,,,,
300,58,RESIDUAL_SPREAD,24,BASELINE_RESIDUAL_EXIT,binance/hyperliquid,NON_GATE_PAIRS,0,0,0,,,,,,,,,,,,,,,,,,0,0,,,,,,,
300,58,RESIDUAL_SPREAD,24,BASELINE_RESIDUAL_EXIT,binance/okx,NON_GATE_PAIRS,0,0,0,,,,,,,,,,,,,,,,,,0,0,,,,,,,
300,58,RESIDUAL_SPREAD,24,BASELINE_RESIDUAL_EXIT,bitget/gate,GATE_PAIRS,52,0,52,1.0,,,,,,,,,,,,,,,,0.0,0,0,,,,,,,0.0
300,58,RESIDUAL_SPREAD,24,BASELINE_RESIDUAL_EXIT,bitget/hyperliquid,NON_GATE_PAIRS,52,0,52,1.0,,,,,,,,,,,,,,,,0.0,0,0,,,,,,,0.0
300,58,RESIDUAL_SPREAD,24,BASELINE_RESIDUAL_EXIT,bitget/okx,NON_GATE_PAIRS,52,0,52,1.0,,,,,,,,,,,,,,,,0.0,0,0,,,,,,,0.0
300,58,RESIDUAL_SPREAD,24,BASELINE_RESIDUAL_EXIT,gate/hyperliquid,GATE_PAIRS,0,0,0,,,,,,,,,,,,,,,,,,0,0,,,,,,,
300,58,RESIDUAL_SPREAD,24,BASELINE_RESIDUAL_EXIT,gate/okx,GATE_PAIRS,0,0,0,,,,,,,,,,,,,,,,,,0,0,,,,,,,
300,58,RESIDUAL_SPREAD,24,BASELINE_RESIDUAL_EXIT,hyperliquid/okx,NON_GATE_PAIRS,0,0,0,,,,,,,,,,,,,,,,,,0,0,,,,,,,
300,58,RESIDUAL_SPREAD,24,BASELINE_RESIDUAL_EXIT,ALL_GATE_PAIRS,GATE_PAIRS,52,0,52,1.0,,,,,,,,,,,,,,,,0.0,0,0,,,,,,,0.0
300,58,RESIDUAL_SPREAD,24,BASELINE_RESIDUAL_EXIT,ALL_NON_GATE_PAIRS,NON_GATE_PAIRS,156,0,156,1.0,,,,,,,,,,,,,,,,0.0,0,0,,,,,,,0.0
300,58,RESIDUAL_SPREAD,24,BASELINE_RESIDUAL_EXIT,ALL_PAIRS,ALL,208,0,208,1.0,,,,,,,,,,,,,,,,0.0,0,0,,,,,,,0.0
300,58,RESIDUAL_SPREAD,24,FRACTIONAL_RESIDUAL_EXIT,binance/bitget,NON_GATE_PAIRS,52,0,52,1.0,,,,,,,,,,,,,,,,0.0,0,0,,,,,,,0.0
300,58,RESIDUAL_SPREAD,24,FRACTIONAL_RESIDUAL_EXIT,binance/gate,GATE_PAIRS,0,0,0,,,,,,,,,,,,,,,,,,0,0,,,,,,,
300,58,RESIDUAL_SPREAD,24,FRACTIONAL_RESIDUAL_EXIT,binance/hyperliquid,NON_GATE_PAIRS,0,0,0,,,,,,,,,,,,,,,,,,0,0,,,,,,,
300,58,RESIDUAL_SPREAD,24,FRACTIONAL_RESIDUAL_EXIT,binance/okx,NON_GATE_PAIRS,0,0,0,,,,,,,,,,,,,,,,,,0,0,,,,,,,
300,58,RESIDUAL_SPREAD,24,FRACTIONAL_RESIDUAL_EXIT,bitget/gate,GATE_PAIRS,52,0,52,1.0,,,,,,,,,,,,,,,,0.0,0,0,,,,,,,0.0
300,58,RESIDUAL_SPREAD,24,FRACTIONAL_RESIDUAL_EXIT,bitget/hyperliquid,NON_GATE_PAIRS,52,0,52,1.0,,,,,,,,,,,,,,,,0.0,0,0,,,,,,,0.0
300,58,RESIDUAL_SPREAD,24,FRACTIONAL_RESIDUAL_EXIT,bitget/okx,NON_GATE_PAIRS,52,0,52,1.0,,,,,,,,,,,,,,,,0.0,0,0,,,,,,,0.0
300,58,RESIDUAL_SPREAD,24,FRACTIONAL_RESIDUAL_EXIT,gate/hyperliquid,GATE_PAIRS,0,0,0,,,,,,,,,,,,,,,,,,0,0,,,,,,,
300,58,RESIDUAL_SPREAD,24,FRACTIONAL_RESIDUAL_EXIT,gate/okx,GATE_PAIRS,0,0,0,,,,,,,,,,,,,,,,,,0,0,,,,,,,
300,58,RESIDUAL_SPREAD,24,FRACTIONAL_RESIDUAL_EXIT,hyperliquid/okx,NON_GATE_PAIRS,0,0,0,,,,,,,,,,,,,,,,,,0,0,,,,,,,
300,58,RESIDUAL_SPREAD,24,FRACTIONAL_RESIDUAL_EXIT,ALL_GATE_PAIRS,GATE_PAIRS,52,0,52,1.0,,,,,,,,,,,,,,,,0.0,0,0,,,,,,,0.0
300,58,RESIDUAL_SPREAD,24,FRACTIONAL_RESIDUAL_EXIT,ALL_NON_GATE_PAIRS,NON_GATE_PAIRS,156,0,156,1.0,,,,,,,,,,,,,,,,0.0,0,0,,,,,,,0.0
300,58,RESIDUAL_SPREAD,24,FRACTIONAL_RESIDUAL_EXIT,ALL_PAIRS,ALL,208,0,208,1.0,,,,,,,,,,,,,,,,0.0,0,0,,,,,,,0.0
300,58,RESIDUAL_SPREAD,72,LEGACY_RAW_EXIT,binance/bitget,NON_GATE_PAIRS,19,0,19,1.0,,,,,,,,,,,,,,,,0.0,0,0,,,,,,,0.0
300,58,RESIDUAL_SPREAD,72,LEGACY_RAW_EXIT,binance/gate,GATE_PAIRS,0,0,0,,,,,,,,,,,,,,,,,,0,0,,,,,,,
300,58,RESIDUAL_SPREAD,72,LEGACY_RAW_EXIT,binance/hyperliquid,NON_GATE_PAIRS,0,0,0,,,,,,,,,,,,,,,,,,0,0,,,,,,,
300,58,RESIDUAL_SPREAD,72,LEGACY_RAW_EXIT,binance/okx,NON_GATE_PAIRS,0,0,0,,,,,,,,,,,,,,,,,,0,0,,,,,,,
300,58,RESIDUAL_SPREAD,72,LEGACY_RAW_EXIT,bitget/gate,GATE_PAIRS,19,0,19,1.0,,,,,,,,,,,,,,,,0.0,0,0,,,,,,,0.0
300,58,RESIDUAL_SPREAD,72,LEGACY_RAW_EXIT,bitget/hyperliquid,NON_GATE_PAIRS,19,0,19,1.0,,,,,,,,,,,,,,,,0.0,0,0,,,,,,,0.0
300,58,RESIDUAL_SPREAD,72,LEGACY_RAW_EXIT,bitget/okx,NON_GATE_PAIRS,19,0,19,1.0,,,,,,,,,,,,,,,,0.0,0,0,,,,,,,0.0
300,58,RESIDUAL_SPREAD,72,LEGACY_RAW_EXIT,gate/hyperliquid,GATE_PAIRS,0,0,0,,,,,,,,,,,,,,,,,,0,0,,,,,,,
300,58,RESIDUAL_SPREAD,72,LEGACY_RAW_EXIT,gate/okx,GATE_PAIRS,0,0,0,,,,,,,,,,,,,,,,,,0,0,,,,,,,
300,58,RESIDUAL_SPREAD,72,LEGACY_RAW_EXIT,hyperliquid/okx,NON_GATE_PAIRS,0,0,0,,,,,,,,,,,,,,,,,,0,0,,,,,,,
300,58,RESIDUAL_SPREAD,72,LEGACY_RAW_EXIT,ALL_GATE_PAIRS,GATE_PAIRS,19,0,19,1.0,,,,,,,,,,,,,,,,0.0,0,0,,,,,,,0.0
300,58,RESIDUAL_SPREAD,72,LEGACY_RAW_EXIT,ALL_NON_GATE_PAIRS,NON_GATE_PAIRS,57,0,57,1.0,,,,,,,,,,,,,,,,0.0,0,0,,,,,,,0.0
300,58,RESIDUAL_SPREAD,72,LEGACY_RAW_EXIT,ALL_PAIRS,ALL,76,0,76,1.0,,,,,,,,,,,,,,,,0.0,0,0,,,,,,,0.0
300,58,RESIDUAL_SPREAD,72,BASELINE_RESIDUAL_EXIT,binance/bitget,NON_GATE_PAIRS,19,0,19,1.0,,,,,,,,,,,,,,,,0.0,0,0,,,,,,,0.0
300,58,RESIDUAL_SPREAD,72,BASELINE_RESIDUAL_EXIT,binance/gate,GATE_PAIRS,0,0,0,,,,,,,,,,,,,,,,,,0,0,,,,,,,
300,58,RESIDUAL_SPREAD,72,BASELINE_RESIDUAL_EXIT,binance/hyperliquid,NON_GATE_PAIRS,0,0,0,,,,,,,,,,,,,,,,,,0,0,,,,,,,
300,58,RESIDUAL_SPREAD,72,BASELINE_RESIDUAL_EXIT,binance/okx,NON_GATE_PAIRS,0,0,0,,,,,,,,,,,,,,,,,,0,0,,,,,,,
300,58,RESIDUAL_SPREAD,72,BASELINE_RESIDUAL_EXIT,bitget/gate,GATE_PAIRS,19,0,19,1.0,,,,,,,,,,,,,,,,0.0,0,0,,,,,,,0.0
300,58,RESIDUAL_SPREAD,72,BASELINE_RESIDUAL_EXIT,bitget/hyperliquid,NON_GATE_PAIRS,19,0,19,1.0,,,,,,,,,,,,,,,,0.0,0,0,,,,,,,0.0
300,58,RESIDUAL_SPREAD,72,BASELINE_RESIDUAL_EXIT,bitget/okx,NON_GATE_PAIRS,19,0,19,1.0,,,,,,,,,,,,,,,,0.0,0,0,,,,,,,0.0
300,58,RESIDUAL_SPREAD,72,BASELINE_RESIDUAL_EXIT,gate/hyperliquid,GATE_PAIRS,0,0,0,,,,,,,,,,,,,,,,,,0,0,,,,,,,
300,58,RESIDUAL_SPREAD,72,BASELINE_RESIDUAL_EXIT,gate/okx,GATE_PAIRS,0,0,0,,,,,,,,,,,,,,,,,,0,0,,,,,,,
300,58,RESIDUAL_SPREAD,72,BASELINE_RESIDUAL_EXIT,hyperliquid/okx,NON_GATE_PAIRS,0,0,0,,,,,,,,,,,,,,,,,,0,0,,,,,,,
300,58,RESIDUAL_SPREAD,72,BASELINE_RESIDUAL_EXIT,ALL_GATE_PAIRS,GATE_PAIRS,19,0,19,1.0,,,,,,,,,,,,,,,,0.0,0,0,,,,,,,0.0
300,58,RESIDUAL_SPREAD,72,BASELINE_RESIDUAL_EXIT,ALL_NON_GATE_PAIRS,NON_GATE_PAIRS,57,0,57,1.0,,,,,,,,,,,,,,,,0.0,0,0,,,,,,,0.0
300,58,RESIDUAL_SPREAD,72,BASELINE_RESIDUAL_EXIT,ALL_PAIRS,ALL,76,0,76,1.0,,,,,,,,,,,,,,,,0.0,0,0,,,,,,,0.0
300,58,RESIDUAL_SPREAD,72,FRACTIONAL_RESIDUAL_EXIT,binance/bitget,NON_GATE_PAIRS,19,0,19,1.0,,,,,,,,,,,,,,,,0.0,0,0,,,,,,,0.0
300,58,RESIDUAL_SPREAD,72,FRACTIONAL_RESIDUAL_EXIT,binance/gate,GATE_PAIRS,0,0,0,,,,,,,,,,,,,,,,,,0,0,,,,,,,
300,58,RESIDUAL_SPREAD,72,FRACTIONAL_RESIDUAL_EXIT,binance/hyperliquid,NON_GATE_PAIRS,0,0,0,,,,,,,,,,,,,,,,,,0,0,,,,,,,
300,58,RESIDUAL_SPREAD,72,FRACTIONAL_RESIDUAL_EXIT,binance/okx,NON_GATE_PAIRS,0,0,0,,,,,,,,,,,,,,,,,,0,0,,,,,,,
300,58,RESIDUAL_SPREAD,72,FRACTIONAL_RESIDUAL_EXIT,bitget/gate,GATE_PAIRS,19,0,19,1.0,,,,,,,,,,,,,,,,0.0,0,0,,,,,,,0.0
300,58,RESIDUAL_SPREAD,72,FRACTIONAL_RESIDUAL_EXIT,bitget/hyperliquid,NON_GATE_PAIRS,19,0,19,1.0,,,,,,,,,,,,,,,,0.0,0,0,,,,,,,0.0
300,58,RESIDUAL_SPREAD,72,FRACTIONAL_RESIDUAL_EXIT,bitget/okx,NON_GATE_PAIRS,19,0,19,1.0,,,,,,,,,,,,,,,,0.0,0,0,,,,,,,0.0
300,58,RESIDUAL_SPREAD,72,FRACTIONAL_RESIDUAL_EXIT,gate/hyperliquid,GATE_PAIRS,0,0,0,,,,,,,,,,,,,,,,,,0,0,,,,,,,
300,58,RESIDUAL_SPREAD,72,FRACTIONAL_RESIDUAL_EXIT,gate/okx,GATE_PAIRS,0,0,0,,,,,,,,,,,,,,,,,,0,0,,,,,,,
300,58,RESIDUAL_SPREAD,72,FRACTIONAL_RESIDUAL_EXIT,hyperliquid/okx,NON_GATE_PAIRS,0,0,0,,,,,,,,,,,,,,,,,,0,0,,,,,,,
300,58,RESIDUAL_SPREAD,72,FRACTIONAL_RESIDUAL_EXIT,ALL_GATE_PAIRS,GATE_PAIRS,19,0,19,1.0,,,,,,,,,,,,,,,,0.0,0,0,,,,,,,0.0
300,58,RESIDUAL_SPREAD,72,FRACTIONAL_RESIDUAL_EXIT,ALL_NON_GATE_PAIRS,NON_GATE_PAIRS,57,0,57,1.0,,,,,,,,,,,,,,,,0.0,0,0,,,,,,,0.0
300,58,RESIDUAL_SPREAD,72,FRACTIONAL_RESIDUAL_EXIT,ALL_PAIRS,ALL,76,0,76,1.0,,,,,,,,,,,,,,,,0.0,0,0,,,,,,,0.0
300,80,RESIDUAL_SPREAD,24,LEGACY_RAW_EXIT,binance/bitget,NON_GATE_PAIRS,52,0,52,1.0,,,,,,,,,,,,,,,,0.0,0,0,,,,,,,0.0
300,80,RESIDUAL_SPREAD,24,LEGACY_RAW_EXIT,binance/gate,GATE_PAIRS,0,0,0,,,,,,,,,,,,,,,,,,0,0,,,,,,,
300,80,RESIDUAL_SPREAD,24,LEGACY_RAW_EXIT,binance/hyperliquid,NON_GATE_PAIRS,0,0,0,,,,,,,,,,,,,,,,,,0,0,,,,,,,
300,80,RESIDUAL_SPREAD,24,LEGACY_RAW_EXIT,binance/okx,NON_GATE_PAIRS,0,0,0,,,,,,,,,,,,,,,,,,0,0,,,,,,,
300,80,RESIDUAL_SPREAD,24,LEGACY_RAW_EXIT,bitget/gate,GATE_PAIRS,52,0,52,1.0,,,,,,,,,,,,,,,,0.0,0,0,,,,,,,0.0
300,80,RESIDUAL_SPREAD,24,LEGACY_RAW_EXIT,bitget/hyperliquid,NON_GATE_PAIRS,52,0,52,1.0,,,,,,,,,,,,,,,,0.0,0,0,,,,,,,0.0
300,80,RESIDUAL_SPREAD,24,LEGACY_RAW_EXIT,bitget/okx,NON_GATE_PAIRS,52,0,52,1.0,,,,,,,,,,,,,,,,0.0,0,0,,,,,,,0.0
300,80,RESIDUAL_SPREAD,24,LEGACY_RAW_EXIT,gate/hyperliquid,GATE_PAIRS,0,0,0,,,,,,,,,,,,,,,,,,0,0,,,,,,,
300,80,RESIDUAL_SPREAD,24,LEGACY_RAW_EXIT,gate/okx,GATE_PAIRS,0,0,0,,,,,,,,,,,,,,,,,,0,0,,,,,,,
300,80,RESIDUAL_SPREAD,24,LEGACY_RAW_EXIT,hyperliquid/okx,NON_GATE_PAIRS,0,0,0,,,,,,,,,,,,,,,,,,0,0,,,,,,,
300,80,RESIDUAL_SPREAD,24,LEGACY_RAW_EXIT,ALL_GATE_PAIRS,GATE_PAIRS,52,0,52,1.0,,,,,,,,,,,,,,,,0.0,0,0,,,,,,,0.0
300,80,RESIDUAL_SPREAD,24,LEGACY_RAW_EXIT,ALL_NON_GATE_PAIRS,NON_GATE_PAIRS,156,0,156,1.0,,,,,,,,,,,,,,,,0.0,0,0,,,,,,,0.0
300,80,RESIDUAL_SPREAD,24,LEGACY_RAW_EXIT,ALL_PAIRS,ALL,208,0,208,1.0,,,,,,,,,,,,,,,,0.0,0,0,,,,,,,0.0
300,80,RESIDUAL_SPREAD,24,BASELINE_RESIDUAL_EXIT,binance/bitget,NON_GATE_PAIRS,52,0,52,1.0,,,,,,,,,,,,,,,,0.0,0,0,,,,,,,0.0
300,80,RESIDUAL_SPREAD,24,BASELINE_RESIDUAL_EXIT,binance/gate,GATE_PAIRS,0,0,0,,,,,,,,,,,,,,,,,,0,0,,,,,,,
300,80,RESIDUAL_SPREAD,24,BASELINE_RESIDUAL_EXIT,binance/hyperliquid,NON_GATE_PAIRS,0,0,0,,,,,,,,,,,,,,,,,,0,0,,,,,,,
300,80,RESIDUAL_SPREAD,24,BASELINE_RESIDUAL_EXIT,binance/okx,NON_GATE_PAIRS,0,0,0,,,,,,,,,,,,,,,,,,0,0,,,,,,,
300,80,RESIDUAL_SPREAD,24,BASELINE_RESIDUAL_EXIT,bitget/gate,GATE_PAIRS,52,0,52,1.0,,,,,,,,,,,,,,,,0.0,0,0,,,,,,,0.0
300,80,RESIDUAL_SPREAD,24,BASELINE_RESIDUAL_EXIT,bitget/hyperliquid,NON_GATE_PAIRS,52,0,52,1.0,,,,,,,,,,,,,,,,0.0,0,0,,,,,,,0.0
300,80,RESIDUAL_SPREAD,24,BASELINE_RESIDUAL_EXIT,bitget/okx,NON_GATE_PAIRS,52,0,52,1.0,,,,,,,,,,,,,,,,0.0,0,0,,,,,,,0.0
300,80,RESIDUAL_SPREAD,24,BASELINE_RESIDUAL_EXIT,gate/hyperliquid,GATE_PAIRS,0,0,0,,,,,,,,,,,,,,,,,,0,0,,,,,,,
300,80,RESIDUAL_SPREAD,24,BASELINE_RESIDUAL_EXIT,gate/okx,GATE_PAIRS,0,0,0,,,,,,,,,,,,,,,,,,0,0,,,,,,,
300,80,RESIDUAL_SPREAD,24,BASELINE_RESIDUAL_EXIT,hyperliquid/okx,NON_GATE_PAIRS,0,0,0,,,,,,,,,,,,,,,,,,0,0,,,,,,,
300,80,RESIDUAL_SPREAD,24,BASELINE_RESIDUAL_EXIT,ALL_GATE_PAIRS,GATE_PAIRS,52,0,52,1.0,,,,,,,,,,,,,,,,0.0,0,0,,,,,,,0.0
300,80,RESIDUAL_SPREAD,24,BASELINE_RESIDUAL_EXIT,ALL_NON_GATE_PAIRS,NON_GATE_PAIRS,156,0,156,1.0,,,,,,,,,,,,,,,,0.0,0,0,,,,,,,0.0
300,80,RESIDUAL_SPREAD,24,BASELINE_RESIDUAL_EXIT,ALL_PAIRS,ALL,208,0,208,1.0,,,,,,,,,,,,,,,,0.0,0,0,,,,,,,0.0
300,80,RESIDUAL_SPREAD,24,FRACTIONAL_RESIDUAL_EXIT,binance/bitget,NON_GATE_PAIRS,52,0,52,1.0,,,,,,,,,,,,,,,,0.0,0,0,,,,,,,0.0
300,80,RESIDUAL_SPREAD,24,FRACTIONAL_RESIDUAL_EXIT,binance/gate,GATE_PAIRS,0,0,0,,,,,,,,,,,,,,,,,,0,0,,,,,,,
300,80,RESIDUAL_SPREAD,24,FRACTIONAL_RESIDUAL_EXIT,binance/hyperliquid,NON_GATE_PAIRS,0,0,0,,,,,,,,,,,,,,,,,,0,0,,,,,,,
300,80,RESIDUAL_SPREAD,24,FRACTIONAL_RESIDUAL_EXIT,binance/okx,NON_GATE_PAIRS,0,0,0,,,,,,,,,,,,,,,,,,0,0,,,,,,,
300,80,RESIDUAL_SPREAD,24,FRACTIONAL_RESIDUAL_EXIT,bitget/gate,GATE_PAIRS,52,0,52,1.0,,,,,,,,,,,,,,,,0.0,0,0,,,,,,,0.0
300,80,RESIDUAL_SPREAD,24,FRACTIONAL_RESIDUAL_EXIT,bitget/hyperliquid,NON_GATE_PAIRS,52,0,52,1.0,,,,,,,,,,,,,,,,0.0,0,0,,,,,,,0.0
300,80,RESIDUAL_SPREAD,24,FRACTIONAL_RESIDUAL_EXIT,bitget/okx,NON_GATE_PAIRS,52,0,52,1.0,,,,,,,,,,,,,,,,0.0,0,0,,,,,,,0.0
300,80,RESIDUAL_SPREAD,24,FRACTIONAL_RESIDUAL_EXIT,gate/hyperliquid,GATE_PAIRS,0,0,0,,,,,,,,,,,,,,,,,,0,0,,,,,,,
300,80,RESIDUAL_SPREAD,24,FRACTIONAL_RESIDUAL_EXIT,gate/okx,GATE_PAIRS,0,0,0,,,,,,,,,,,,,,,,,,0,0,,,,,,,
300,80,RESIDUAL_SPREAD,24,FRACTIONAL_RESIDUAL_EXIT,hyperliquid/okx,NON_GATE_PAIRS,0,0,0,,,,,,,,,,,,,,,,,,0,0,,,,,,,
300,80,RESIDUAL_SPREAD,24,FRACTIONAL_RESIDUAL_EXIT,ALL_GATE_PAIRS,GATE_PAIRS,52,0,52,1.0,,,,,,,,,,,,,,,,0.0,0,0,,,,,,,0.0
300,80,RESIDUAL_SPREAD,24,FRACTIONAL_RESIDUAL_EXIT,ALL_NON_GATE_PAIRS,NON_GATE_PAIRS,156,0,156,1.0,,,,,,,,,,,,,,,,0.0,0,0,,,,,,,0.0
300,80,RESIDUAL_SPREAD,24,FRACTIONAL_RESIDUAL_EXIT,ALL_PAIRS,ALL,208,0,208,1.0,,,,,,,,,,,,,,,,0.0,0,0,,,,,,,0.0
300,80,RESIDUAL_SPREAD,72,LEGACY_RAW_EXIT,binance/bitget,NON_GATE_PAIRS,19,0,19,1.0,,,,,,,,,,,,,,,,0.0,0,0,,,,,,,0.0
300,80,RESIDUAL_SPREAD,72,LEGACY_RAW_EXIT,binance/gate,GATE_PAIRS,0,0,0,,,,,,,,,,,,,,,,,,0,0,,,,,,,
300,80,RESIDUAL_SPREAD,72,LEGACY_RAW_EXIT,binance/hyperliquid,NON_GATE_PAIRS,0,0,0,,,,,,,,,,,,,,,,,,0,0,,,,,,,
300,80,RESIDUAL_SPREAD,72,LEGACY_RAW_EXIT,binance/okx,NON_GATE_PAIRS,0,0,0,,,,,,,,,,,,,,,,,,0,0,,,,,,,
300,80,RESIDUAL_SPREAD,72,LEGACY_RAW_EXIT,bitget/gate,GATE_PAIRS,19,0,19,1.0,,,,,,,,,,,,,,,,0.0,0,0,,,,,,,0.0
300,80,RESIDUAL_SPREAD,72,LEGACY_RAW_EXIT,bitget/hyperliquid,NON_GATE_PAIRS,19,0,19,1.0,,,,,,,,,,,,,,,,0.0,0,0,,,,,,,0.0
300,80,RESIDUAL_SPREAD,72,LEGACY_RAW_EXIT,bitget/okx,NON_GATE_PAIRS,19,0,19,1.0,,,,,,,,,,,,,,,,0.0,0,0,,,,,,,0.0
300,80,RESIDUAL_SPREAD,72,LEGACY_RAW_EXIT,gate/hyperliquid,GATE_PAIRS,0,0,0,,,,,,,,,,,,,,,,,,0,0,,,,,,,
300,80,RESIDUAL_SPREAD,72,LEGACY_RAW_EXIT,gate/okx,GATE_PAIRS,0,0,0,,,,,,,,,,,,,,,,,,0,0,,,,,,,
300,80,RESIDUAL_SPREAD,72,LEGACY_RAW_EXIT,hyperliquid/okx,NON_GATE_PAIRS,0,0,0,,,,,,,,,,,,,,,,,,0,0,,,,,,,
300,80,RESIDUAL_SPREAD,72,LEGACY_RAW_EXIT,ALL_GATE_PAIRS,GATE_PAIRS,19,0,19,1.0,,,,,,,,,,,,,,,,0.0,0,0,,,,,,,0.0
300,80,RESIDUAL_SPREAD,72,LEGACY_RAW_EXIT,ALL_NON_GATE_PAIRS,NON_GATE_PAIRS,57,0,57,1.0,,,,,,,,,,,,,,,,0.0,0,0,,,,,,,0.0
300,80,RESIDUAL_SPREAD,72,LEGACY_RAW_EXIT,ALL_PAIRS,ALL,76,0,76,1.0,,,,,,,,,,,,,,,,0.0,0,0,,,,,,,0.0
300,80,RESIDUAL_SPREAD,72,BASELINE_RESIDUAL_EXIT,binance/bitget,NON_GATE_PAIRS,19,0,19,1.0,,,,,,,,,,,,,,,,0.0,0,0,,,,,,,0.0
300,80,RESIDUAL_SPREAD,72,BASELINE_RESIDUAL_EXIT,binance/gate,GATE_PAIRS,0,0,0,,,,,,,,,,,,,,,,,,0,0,,,,,,,
300,80,RESIDUAL_SPREAD,72,BASELINE_RESIDUAL_EXIT,binance/hyperliquid,NON_GATE_PAIRS,0,0,0,,,,,,,,,,,,,,,,,,0,0,,,,,,,
300,80,RESIDUAL_SPREAD,72,BASELINE_RESIDUAL_EXIT,binance/okx,NON_GATE_PAIRS,0,0,0,,,,,,,,,,,,,,,,,,0,0,,,,,,,
300,80,RESIDUAL_SPREAD,72,BASELINE_RESIDUAL_EXIT,bitget/gate,GATE_PAIRS,19,0,19,1.0,,,,,,,,,,,,,,,,0.0,0,0,,,,,,,0.0
300,80,RESIDUAL_SPREAD,72,BASELINE_RESIDUAL_EXIT,bitget/hyperliquid,NON_GATE_PAIRS,19,0,19,1.0,,,,,,,,,,,,,,,,0.0,0,0,,,,,,,0.0
300,80,RESIDUAL_SPREAD,72,BASELINE_RESIDUAL_EXIT,bitget/okx,NON_GATE_PAIRS,19,0,19,1.0,,,,,,,,,,,,,,,,0.0,0,0,,,,,,,0.0
300,80,RESIDUAL_SPREAD,72,BASELINE_RESIDUAL_EXIT,gate/hyperliquid,GATE_PAIRS,0,0,0,,,,,,,,,,,,,,,,,,0,0,,,,,,,
300,80,RESIDUAL_SPREAD,72,BASELINE_RESIDUAL_EXIT,gate/okx,GATE_PAIRS,0,0,0,,,,,,,,,,,,,,,,,,0,0,,,,,,,
300,80,RESIDUAL_SPREAD,72,BASELINE_RESIDUAL_EXIT,hyperliquid/okx,NON_GATE_PAIRS,0,0,0,,,,,,,,,,,,,,,,,,0,0,,,,,,,
300,80,RESIDUAL_SPREAD,72,BASELINE_RESIDUAL_EXIT,ALL_GATE_PAIRS,GATE_PAIRS,19,0,19,1.0,,,,,,,,,,,,,,,,0.0,0,0,,,,,,,0.0
300,80,RESIDUAL_SPREAD,72,BASELINE_RESIDUAL_EXIT,ALL_NON_GATE_PAIRS,NON_GATE_PAIRS,57,0,57,1.0,,,,,,,,,,,,,,,,0.0,0,0,,,,,,,0.0
300,80,RESIDUAL_SPREAD,72,BASELINE_RESIDUAL_EXIT,ALL_PAIRS,ALL,76,0,76,1.0,,,,,,,,,,,,,,,,0.0,0,0,,,,,,,0.0
300,80,RESIDUAL_SPREAD,72,FRACTIONAL_RESIDUAL_EXIT,binance/bitget,NON_GATE_PAIRS,19,0,19,1.0,,,,,,,,,,,,,,,,0.0,0,0,,,,,,,0.0
300,80,RESIDUAL_SPREAD,72,FRACTIONAL_RESIDUAL_EXIT,binance/gate,GATE_PAIRS,0,0,0,,,,,,,,,,,,,,,,,,0,0,,,,,,,
300,80,RESIDUAL_SPREAD,72,FRACTIONAL_RESIDUAL_EXIT,binance/hyperliquid,NON_GATE_PAIRS,0,0,0,,,,,,,,,,,,,,,,,,0,0,,,,,,,
300,80,RESIDUAL_SPREAD,72,FRACTIONAL_RESIDUAL_EXIT,binance/okx,NON_GATE_PAIRS,0,0,0,,,,,,,,,,,,,,,,,,0,0,,,,,,,
300,80,RESIDUAL_SPREAD,72,FRACTIONAL_RESIDUAL_EXIT,bitget/gate,GATE_PAIRS,19,0,19,1.0,,,,,,,,,,,,,,,,0.0,0,0,,,,,,,0.0
300,80,RESIDUAL_SPREAD,72,FRACTIONAL_RESIDUAL_EXIT,bitget/hyperliquid,NON_GATE_PAIRS,19,0,19,1.0,,,,,,,,,,,,,,,,0.0,0,0,,,,,,,0.0
300,80,RESIDUAL_SPREAD,72,FRACTIONAL_RESIDUAL_EXIT,bitget/okx,NON_GATE_PAIRS,19,0,19,1.0,,,,,,,,,,,,,,,,0.0,0,0,,,,,,,0.0
300,80,RESIDUAL_SPREAD,72,FRACTIONAL_RESIDUAL_EXIT,gate/hyperliquid,GATE_PAIRS,0,0,0,,,,,,,,,,,,,,,,,,0,0,,,,,,,
300,80,RESIDUAL_SPREAD,72,FRACTIONAL_RESIDUAL_EXIT,gate/okx,GATE_PAIRS,0,0,0,,,,,,,,,,,,,,,,,,0,0,,,,,,,
300,80,RESIDUAL_SPREAD,72,FRACTIONAL_RESIDUAL_EXIT,hyperliquid/okx,NON_GATE_PAIRS,0,0,0,,,,,,,,,,,,,,,,,,0,0,,,,,,,
300,80,RESIDUAL_SPREAD,72,FRACTIONAL_RESIDUAL_EXIT,ALL_GATE_PAIRS,GATE_PAIRS,19,0,19,1.0,,,,,,,,,,,,,,,,0.0,0,0,,,,,,,0.0
300,80,RESIDUAL_SPREAD,72,FRACTIONAL_RESIDUAL_EXIT,ALL_NON_GATE_PAIRS,NON_GATE_PAIRS,57,0,57,1.0,,,,,,,,,,,,,,,,0.0,0,0,,,,,,,0.0
300,80,RESIDUAL_SPREAD,72,FRACTIONAL_RESIDUAL_EXIT,ALL_PAIRS,ALL,76,0,76,1.0,,,,,,,,,,,,,,,,0.0,0,0,,,,,,,0.0
400,0,RESIDUAL_SPREAD,24,LEGACY_RAW_EXIT,binance/bitget,NON_GATE_PAIRS,52,0,52,1.0,,,,,,,,,,,,,,,,0.0,0,0,,,,,,,0.0
400,0,RESIDUAL_SPREAD,24,LEGACY_RAW_EXIT,binance/gate,GATE_PAIRS,0,0,0,,,,,,,,,,,,,,,,,,0,0,,,,,,,
400,0,RESIDUAL_SPREAD,24,LEGACY_RAW_EXIT,binance/hyperliquid,NON_GATE_PAIRS,0,0,0,,,,,,,,,,,,,,,,,,0,0,,,,,,,
400,0,RESIDUAL_SPREAD,24,LEGACY_RAW_EXIT,binance/okx,NON_GATE_PAIRS,0,0,0,,,,,,,,,,,,,,,,,,0,0,,,,,,,
400,0,RESIDUAL_SPREAD,24,LEGACY_RAW_EXIT,bitget/gate,GATE_PAIRS,52,0,52,1.0,,,,,,,,,,,,,,,,0.0,0,0,,,,,,,0.0
400,0,RESIDUAL_SPREAD,24,LEGACY_RAW_EXIT,bitget/hyperliquid,NON_GATE_PAIRS,52,0,52,1.0,,,,,,,,,,,,,,,,0.0,0,0,,,,,,,0.0
400,0,RESIDUAL_SPREAD,24,LEGACY_RAW_EXIT,bitget/okx,NON_GATE_PAIRS,52,0,52,1.0,,,,,,,,,,,,,,,,0.0,0,0,,,,,,,0.0
400,0,RESIDUAL_SPREAD,24,LEGACY_RAW_EXIT,gate/hyperliquid,GATE_PAIRS,0,0,0,,,,,,,,,,,,,,,,,,0,0,,,,,,,
400,0,RESIDUAL_SPREAD,24,LEGACY_RAW_EXIT,gate/okx,GATE_PAIRS,0,0,0,,,,,,,,,,,,,,,,,,0,0,,,,,,,
400,0,RESIDUAL_SPREAD,24,LEGACY_RAW_EXIT,hyperliquid/okx,NON_GATE_PAIRS,0,0,0,,,,,,,,,,,,,,,,,,0,0,,,,,,,
400,0,RESIDUAL_SPREAD,24,LEGACY_RAW_EXIT,ALL_GATE_PAIRS,GATE_PAIRS,52,0,52,1.0,,,,,,,,,,,,,,,,0.0,0,0,,,,,,,0.0
400,0,RESIDUAL_SPREAD,24,LEGACY_RAW_EXIT,ALL_NON_GATE_PAIRS,NON_GATE_PAIRS,156,0,156,1.0,,,,,,,,,,,,,,,,0.0,0,0,,,,,,,0.0
400,0,RESIDUAL_SPREAD,24,LEGACY_RAW_EXIT,ALL_PAIRS,ALL,208,0,208,1.0,,,,,,,,,,,,,,,,0.0,0,0,,,,,,,0.0
400,0,RESIDUAL_SPREAD,24,BASELINE_RESIDUAL_EXIT,binance/bitget,NON_GATE_PAIRS,52,0,52,1.0,,,,,,,,,,,,,,,,0.0,0,0,,,,,,,0.0
400,0,RESIDUAL_SPREAD,24,BASELINE_RESIDUAL_EXIT,binance/gate,GATE_PAIRS,0,0,0,,,,,,,,,,,,,,,,,,0,0,,,,,,,
400,0,RESIDUAL_SPREAD,24,BASELINE_RESIDUAL_EXIT,binance/hyperliquid,NON_GATE_PAIRS,0,0,0,,,,,,,,,,,,,,,,,,0,0,,,,,,,
400,0,RESIDUAL_SPREAD,24,BASELINE_RESIDUAL_EXIT,binance/okx,NON_GATE_PAIRS,0,0,0,,,,,,,,,,,,,,,,,,0,0,,,,,,,
400,0,RESIDUAL_SPREAD,24,BASELINE_RESIDUAL_EXIT,bitget/gate,GATE_PAIRS,52,0,52,1.0,,,,,,,,,,,,,,,,0.0,0,0,,,,,,,0.0
400,0,RESIDUAL_SPREAD,24,BASELINE_RESIDUAL_EXIT,bitget/hyperliquid,NON_GATE_PAIRS,52,0,52,1.0,,,,,,,,,,,,,,,,0.0,0,0,,,,,,,0.0
400,0,RESIDUAL_SPREAD,24,BASELINE_RESIDUAL_EXIT,bitget/okx,NON_GATE_PAIRS,52,0,52,1.0,,,,,,,,,,,,,,,,0.0,0,0,,,,,,,0.0
400,0,RESIDUAL_SPREAD,24,BASELINE_RESIDUAL_EXIT,gate/hyperliquid,GATE_PAIRS,0,0,0,,,,,,,,,,,,,,,,,,0,0,,,,,,,
400,0,RESIDUAL_SPREAD,24,BASELINE_RESIDUAL_EXIT,gate/okx,GATE_PAIRS,0,0,0,,,,,,,,,,,,,,,,,,0,0,,,,,,,
400,0,RESIDUAL_SPREAD,24,BASELINE_RESIDUAL_EXIT,hyperliquid/okx,NON_GATE_PAIRS,0,0,0,,,,,,,,,,,,,,,,,,0,0,,,,,,,
400,0,RESIDUAL_SPREAD,24,BASELINE_RESIDUAL_EXIT,ALL_GATE_PAIRS,GATE_PAIRS,52,0,52,1.0,,,,,,,,,,,,,,,,0.0,0,0,,,,,,,0.0
400,0,RESIDUAL_SPREAD,24,BASELINE_RESIDUAL_EXIT,ALL_NON_GATE_PAIRS,NON_GATE_PAIRS,156,0,156,1.0,,,,,,,,,,,,,,,,0.0,0,0,,,,,,,0.0
400,0,RESIDUAL_SPREAD,24,BASELINE_RESIDUAL_EXIT,ALL_PAIRS,ALL,208,0,208,1.0,,,,,,,,,,,,,,,,0.0,0,0,,,,,,,0.0
400,0,RESIDUAL_SPREAD,24,FRACTIONAL_RESIDUAL_EXIT,binance/bitget,NON_GATE_PAIRS,52,0,52,1.0,,,,,,,,,,,,,,,,0.0,0,0,,,,,,,0.0
400,0,RESIDUAL_SPREAD,24,FRACTIONAL_RESIDUAL_EXIT,binance/gate,GATE_PAIRS,0,0,0,,,,,,,,,,,,,,,,,,0,0,,,,,,,
400,0,RESIDUAL_SPREAD,24,FRACTIONAL_RESIDUAL_EXIT,binance/hyperliquid,NON_GATE_PAIRS,0,0,0,,,,,,,,,,,,,,,,,,0,0,,,,,,,
400,0,RESIDUAL_SPREAD,24,FRACTIONAL_RESIDUAL_EXIT,binance/okx,NON_GATE_PAIRS,0,0,0,,,,,,,,,,,,,,,,,,0,0,,,,,,,
400,0,RESIDUAL_SPREAD,24,FRACTIONAL_RESIDUAL_EXIT,bitget/gate,GATE_PAIRS,52,0,52,1.0,,,,,,,,,,,,,,,,0.0,0,0,,,,,,,0.0
400,0,RESIDUAL_SPREAD,24,FRACTIONAL_RESIDUAL_EXIT,bitget/hyperliquid,NON_GATE_PAIRS,52,0,52,1.0,,,,,,,,,,,,,,,,0.0,0,0,,,,,,,0.0
400,0,RESIDUAL_SPREAD,24,FRACTIONAL_RESIDUAL_EXIT,bitget/okx,NON_GATE_PAIRS,52,0,52,1.0,,,,,,,,,,,,,,,,0.0,0,0,,,,,,,0.0
400,0,RESIDUAL_SPREAD,24,FRACTIONAL_RESIDUAL_EXIT,gate/hyperliquid,GATE_PAIRS,0,0,0,,,,,,,,,,,,,,,,,,0,0,,,,,,,
400,0,RESIDUAL_SPREAD,24,FRACTIONAL_RESIDUAL_EXIT,gate/okx,GATE_PAIRS,0,0,0,,,,,,,,,,,,,,,,,,0,0,,,,,,,
400,0,RESIDUAL_SPREAD,24,FRACTIONAL_RESIDUAL_EXIT,hyperliquid/okx,NON_GATE_PAIRS,0,0,0,,,,,,,,,,,,,,,,,,0,0,,,,,,,
400,0,RESIDUAL_SPREAD,24,FRACTIONAL_RESIDUAL_EXIT,ALL_GATE_PAIRS,GATE_PAIRS,52,0,52,1.0,,,,,,,,,,,,,,,,0.0,0,0,,,,,,,0.0
400,0,RESIDUAL_SPREAD,24,FRACTIONAL_RESIDUAL_EXIT,ALL_NON_GATE_PAIRS,NON_GATE_PAIRS,156,0,156,1.0,,,,,,,,,,,,,,,,0.0,0,0,,,,,,,0.0
400,0,RESIDUAL_SPREAD,24,FRACTIONAL_RESIDUAL_EXIT,ALL_PAIRS,ALL,208,0,208,1.0,,,,,,,,,,,,,,,,0.0,0,0,,,,,,,0.0
400,0,RESIDUAL_SPREAD,72,LEGACY_RAW_EXIT,binance/bitget,NON_GATE_PAIRS,19,0,19,1.0,,,,,,,,,,,,,,,,0.0,0,0,,,,,,,0.0
400,0,RESIDUAL_SPREAD,72,LEGACY_RAW_EXIT,binance/gate,GATE_PAIRS,0,0,0,,,,,,,,,,,,,,,,,,0,0,,,,,,,
400,0,RESIDUAL_SPREAD,72,LEGACY_RAW_EXIT,binance/hyperliquid,NON_GATE_PAIRS,0,0,0,,,,,,,,,,,,,,,,,,0,0,,,,,,,
400,0,RESIDUAL_SPREAD,72,LEGACY_RAW_EXIT,binance/okx,NON_GATE_PAIRS,0,0,0,,,,,,,,,,,,,,,,,,0,0,,,,,,,
400,0,RESIDUAL_SPREAD,72,LEGACY_RAW_EXIT,bitget/gate,GATE_PAIRS,19,0,19,1.0,,,,,,,,,,,,,,,,0.0,0,0,,,,,,,0.0
400,0,RESIDUAL_SPREAD,72,LEGACY_RAW_EXIT,bitget/hyperliquid,NON_GATE_PAIRS,19,0,19,1.0,,,,,,,,,,,,,,,,0.0,0,0,,,,,,,0.0
400,0,RESIDUAL_SPREAD,72,LEGACY_RAW_EXIT,bitget/okx,NON_GATE_PAIRS,19,0,19,1.0,,,,,,,,,,,,,,,,0.0,0,0,,,,,,,0.0
400,0,RESIDUAL_SPREAD,72,LEGACY_RAW_EXIT,gate/hyperliquid,GATE_PAIRS,0,0,0,,,,,,,,,,,,,,,,,,0,0,,,,,,,
400,0,RESIDUAL_SPREAD,72,LEGACY_RAW_EXIT,gate/okx,GATE_PAIRS,0,0,0,,,,,,,,,,,,,,,,,,0,0,,,,,,,
400,0,RESIDUAL_SPREAD,72,LEGACY_RAW_EXIT,hyperliquid/okx,NON_GATE_PAIRS,0,0,0,,,,,,,,,,,,,,,,,,0,0,,,,,,,
400,0,RESIDUAL_SPREAD,72,LEGACY_RAW_EXIT,ALL_GATE_PAIRS,GATE_PAIRS,19,0,19,1.0,,,,,,,,,,,,,,,,0.0,0,0,,,,,,,0.0
400,0,RESIDUAL_SPREAD,72,LEGACY_RAW_EXIT,ALL_NON_GATE_PAIRS,NON_GATE_PAIRS,57,0,57,1.0,,,,,,,,,,,,,,,,0.0,0,0,,,,,,,0.0
400,0,RESIDUAL_SPREAD,72,LEGACY_RAW_EXIT,ALL_PAIRS,ALL,76,0,76,1.0,,,,,,,,,,,,,,,,0.0,0,0,,,,,,,0.0
400,0,RESIDUAL_SPREAD,72,BASELINE_RESIDUAL_EXIT,binance/bitget,NON_GATE_PAIRS,19,0,19,1.0,,,,,,,,,,,,,,,,0.0,0,0,,,,,,,0.0
400,0,RESIDUAL_SPREAD,72,BASELINE_RESIDUAL_EXIT,binance/gate,GATE_PAIRS,0,0,0,,,,,,,,,,,,,,,,,,0,0,,,,,,,
400,0,RESIDUAL_SPREAD,72,BASELINE_RESIDUAL_EXIT,binance/hyperliquid,NON_GATE_PAIRS,0,0,0,,,,,,,,,,,,,,,,,,0,0,,,,,,,
400,0,RESIDUAL_SPREAD,72,BASELINE_RESIDUAL_EXIT,binance/okx,NON_GATE_PAIRS,0,0,0,,,,,,,,,,,,,,,,,,0,0,,,,,,,
400,0,RESIDUAL_SPREAD,72,BASELINE_RESIDUAL_EXIT,bitget/gate,GATE_PAIRS,19,0,19,1.0,,,,,,,,,,,,,,,,0.0,0,0,,,,,,,0.0
400,0,RESIDUAL_SPREAD,72,BASELINE_RESIDUAL_EXIT,bitget/hyperliquid,NON_GATE_PAIRS,19,0,19,1.0,,,,,,,,,,,,,,,,0.0,0,0,,,,,,,0.0
400,0,RESIDUAL_SPREAD,72,BASELINE_RESIDUAL_EXIT,bitget/okx,NON_GATE_PAIRS,19,0,19,1.0,,,,,,,,,,,,,,,,0.0,0,0,,,,,,,0.0
400,0,RESIDUAL_SPREAD,72,BASELINE_RESIDUAL_EXIT,gate/hyperliquid,GATE_PAIRS,0,0,0,,,,,,,,,,,,,,,,,,0,0,,,,,,,
400,0,RESIDUAL_SPREAD,72,BASELINE_RESIDUAL_EXIT,gate/okx,GATE_PAIRS,0,0,0,,,,,,,,,,,,,,,,,,0,0,,,,,,,
400,0,RESIDUAL_SPREAD,72,BASELINE_RESIDUAL_EXIT,hyperliquid/okx,NON_GATE_PAIRS,0,0,0,,,,,,,,,,,,,,,,,,0,0,,,,,,,
400,0,RESIDUAL_SPREAD,72,BASELINE_RESIDUAL_EXIT,ALL_GATE_PAIRS,GATE_PAIRS,19,0,19,1.0,,,,,,,,,,,,,,,,0.0,0,0,,,,,,,0.0
400,0,RESIDUAL_SPREAD,72,BASELINE_RESIDUAL_EXIT,ALL_NON_GATE_PAIRS,NON_GATE_PAIRS,57,0,57,1.0,,,,,,,,,,,,,,,,0.0,0,0,,,,,,,0.0
400,0,RESIDUAL_SPREAD,72,BASELINE_RESIDUAL_EXIT,ALL_PAIRS,ALL,76,0,76,1.0,,,,,,,,,,,,,,,,0.0,0,0,,,,,,,0.0
400,0,RESIDUAL_SPREAD,72,FRACTIONAL_RESIDUAL_EXIT,binance/bitget,NON_GATE_PAIRS,19,0,19,1.0,,,,,,,,,,,,,,,,0.0,0,0,,,,,,,0.0
400,0,RESIDUAL_SPREAD,72,FRACTIONAL_RESIDUAL_EXIT,binance/gate,GATE_PAIRS,0,0,0,,,,,,,,,,,,,,,,,,0,0,,,,,,,
400,0,RESIDUAL_SPREAD,72,FRACTIONAL_RESIDUAL_EXIT,binance/hyperliquid,NON_GATE_PAIRS,0,0,0,,,,,,,,,,,,,,,,,,0,0,,,,,,,
400,0,RESIDUAL_SPREAD,72,FRACTIONAL_RESIDUAL_EXIT,binance/okx,NON_GATE_PAIRS,0,0,0,,,,,,,,,,,,,,,,,,0,0,,,,,,,
400,0,RESIDUAL_SPREAD,72,FRACTIONAL_RESIDUAL_EXIT,bitget/gate,GATE_PAIRS,19,0,19,1.0,,,,,,,,,,,,,,,,0.0,0,0,,,,,,,0.0
400,0,RESIDUAL_SPREAD,72,FRACTIONAL_RESIDUAL_EXIT,bitget/hyperliquid,NON_GATE_PAIRS,19,0,19,1.0,,,,,,,,,,,,,,,,0.0,0,0,,,,,,,0.0
400,0,RESIDUAL_SPREAD,72,FRACTIONAL_RESIDUAL_EXIT,bitget/okx,NON_GATE_PAIRS,19,0,19,1.0,,,,,,,,,,,,,,,,0.0,0,0,,,,,,,0.0
400,0,RESIDUAL_SPREAD,72,FRACTIONAL_RESIDUAL_EXIT,gate/hyperliquid,GATE_PAIRS,0,0,0,,,,,,,,,,,,,,,,,,0,0,,,,,,,
400,0,RESIDUAL_SPREAD,72,FRACTIONAL_RESIDUAL_EXIT,gate/okx,GATE_PAIRS,0,0,0,,,,,,,,,,,,,,,,,,0,0,,,,,,,
400,0,RESIDUAL_SPREAD,72,FRACTIONAL_RESIDUAL_EXIT,hyperliquid/okx,NON_GATE_PAIRS,0,0,0,,,,,,,,,,,,,,,,,,0,0,,,,,,,
400,0,RESIDUAL_SPREAD,72,FRACTIONAL_RESIDUAL_EXIT,ALL_GATE_PAIRS,GATE_PAIRS,19,0,19,1.0,,,,,,,,,,,,,,,,0.0,0,0,,,,,,,0.0
400,0,RESIDUAL_SPREAD,72,FRACTIONAL_RESIDUAL_EXIT,ALL_NON_GATE_PAIRS,NON_GATE_PAIRS,57,0,57,1.0,,,,,,,,,,,,,,,,0.0,0,0,,,,,,,0.0
400,0,RESIDUAL_SPREAD,72,FRACTIONAL_RESIDUAL_EXIT,ALL_PAIRS,ALL,76,0,76,1.0,,,,,,,,,,,,,,,,0.0,0,0,,,,,,,0.0
400,20,RESIDUAL_SPREAD,24,LEGACY_RAW_EXIT,binance/bitget,NON_GATE_PAIRS,52,0,52,1.0,,,,,,,,,,,,,,,,0.0,0,0,,,,,,,0.0
400,20,RESIDUAL_SPREAD,24,LEGACY_RAW_EXIT,binance/gate,GATE_PAIRS,0,0,0,,,,,,,,,,,,,,,,,,0,0,,,,,,,
400,20,RESIDUAL_SPREAD,24,LEGACY_RAW_EXIT,binance/hyperliquid,NON_GATE_PAIRS,0,0,0,,,,,,,,,,,,,,,,,,0,0,,,,,,,
400,20,RESIDUAL_SPREAD,24,LEGACY_RAW_EXIT,binance/okx,NON_GATE_PAIRS,0,0,0,,,,,,,,,,,,,,,,,,0,0,,,,,,,
400,20,RESIDUAL_SPREAD,24,LEGACY_RAW_EXIT,bitget/gate,GATE_PAIRS,52,0,52,1.0,,,,,,,,,,,,,,,,0.0,0,0,,,,,,,0.0
400,20,RESIDUAL_SPREAD,24,LEGACY_RAW_EXIT,bitget/hyperliquid,NON_GATE_PAIRS,52,0,52,1.0,,,,,,,,,,,,,,,,0.0,0,0,,,,,,,0.0
400,20,RESIDUAL_SPREAD,24,LEGACY_RAW_EXIT,bitget/okx,NON_GATE_PAIRS,52,0,52,1.0,,,,,,,,,,,,,,,,0.0,0,0,,,,,,,0.0
400,20,RESIDUAL_SPREAD,24,LEGACY_RAW_EXIT,gate/hyperliquid,GATE_PAIRS,0,0,0,,,,,,,,,,,,,,,,,,0,0,,,,,,,
400,20,RESIDUAL_SPREAD,24,LEGACY_RAW_EXIT,gate/okx,GATE_PAIRS,0,0,0,,,,,,,,,,,,,,,,,,0,0,,,,,,,
400,20,RESIDUAL_SPREAD,24,LEGACY_RAW_EXIT,hyperliquid/okx,NON_GATE_PAIRS,0,0,0,,,,,,,,,,,,,,,,,,0,0,,,,,,,
400,20,RESIDUAL_SPREAD,24,LEGACY_RAW_EXIT,ALL_GATE_PAIRS,GATE_PAIRS,52,0,52,1.0,,,,,,,,,,,,,,,,0.0,0,0,,,,,,,0.0
400,20,RESIDUAL_SPREAD,24,LEGACY_RAW_EXIT,ALL_NON_GATE_PAIRS,NON_GATE_PAIRS,156,0,156,1.0,,,,,,,,,,,,,,,,0.0,0,0,,,,,,,0.0
400,20,RESIDUAL_SPREAD,24,LEGACY_RAW_EXIT,ALL_PAIRS,ALL,208,0,208,1.0,,,,,,,,,,,,,,,,0.0,0,0,,,,,,,0.0
400,20,RESIDUAL_SPREAD,24,BASELINE_RESIDUAL_EXIT,binance/bitget,NON_GATE_PAIRS,52,0,52,1.0,,,,,,,,,,,,,,,,0.0,0,0,,,,,,,0.0
400,20,RESIDUAL_SPREAD,24,BASELINE_RESIDUAL_EXIT,binance/gate,GATE_PAIRS,0,0,0,,,,,,,,,,,,,,,,,,0,0,,,,,,,
400,20,RESIDUAL_SPREAD,24,BASELINE_RESIDUAL_EXIT,binance/hyperliquid,NON_GATE_PAIRS,0,0,0,,,,,,,,,,,,,,,,,,0,0,,,,,,,
400,20,RESIDUAL_SPREAD,24,BASELINE_RESIDUAL_EXIT,binance/okx,NON_GATE_PAIRS,0,0,0,,,,,,,,,,,,,,,,,,0,0,,,,,,,
400,20,RESIDUAL_SPREAD,24,BASELINE_RESIDUAL_EXIT,bitget/gate,GATE_PAIRS,52,0,52,1.0,,,,,,,,,,,,,,,,0.0,0,0,,,,,,,0.0
400,20,RESIDUAL_SPREAD,24,BASELINE_RESIDUAL_EXIT,bitget/hyperliquid,NON_GATE_PAIRS,52,0,52,1.0,,,,,,,,,,,,,,,,0.0,0,0,,,,,,,0.0
400,20,RESIDUAL_SPREAD,24,BASELINE_RESIDUAL_EXIT,bitget/okx,NON_GATE_PAIRS,52,0,52,1.0,,,,,,,,,,,,,,,,0.0,0,0,,,,,,,0.0
400,20,RESIDUAL_SPREAD,24,BASELINE_RESIDUAL_EXIT,gate/hyperliquid,GATE_PAIRS,0,0,0,,,,,,,,,,,,,,,,,,0,0,,,,,,,
400,20,RESIDUAL_SPREAD,24,BASELINE_RESIDUAL_EXIT,gate/okx,GATE_PAIRS,0,0,0,,,,,,,,,,,,,,,,,,0,0,,,,,,,
400,20,RESIDUAL_SPREAD,24,BASELINE_RESIDUAL_EXIT,hyperliquid/okx,NON_GATE_PAIRS,0,0,0,,,,,,,,,,,,,,,,,,0,0,,,,,,,
400,20,RESIDUAL_SPREAD,24,BASELINE_RESIDUAL_EXIT,ALL_GATE_PAIRS,GATE_PAIRS,52,0,52,1.0,,,,,,,,,,,,,,,,0.0,0,0,,,,,,,0.0
400,20,RESIDUAL_SPREAD,24,BASELINE_RESIDUAL_EXIT,ALL_NON_GATE_PAIRS,NON_GATE_PAIRS,156,0,156,1.0,,,,,,,,,,,,,,,,0.0,0,0,,,,,,,0.0
400,20,RESIDUAL_SPREAD,24,BASELINE_RESIDUAL_EXIT,ALL_PAIRS,ALL,208,0,208,1.0,,,,,,,,,,,,,,,,0.0,0,0,,,,,,,0.0
400,20,RESIDUAL_SPREAD,24,FRACTIONAL_RESIDUAL_EXIT,binance/bitget,NON_GATE_PAIRS,52,0,52,1.0,,,,,,,,,,,,,,,,0.0,0,0,,,,,,,0.0
400,20,RESIDUAL_SPREAD,24,FRACTIONAL_RESIDUAL_EXIT,binance/gate,GATE_PAIRS,0,0,0,,,,,,,,,,,,,,,,,,0,0,,,,,,,
400,20,RESIDUAL_SPREAD,24,FRACTIONAL_RESIDUAL_EXIT,binance/hyperliquid,NON_GATE_PAIRS,0,0,0,,,,,,,,,,,,,,,,,,0,0,,,,,,,
400,20,RESIDUAL_SPREAD,24,FRACTIONAL_RESIDUAL_EXIT,binance/okx,NON_GATE_PAIRS,0,0,0,,,,,,,,,,,,,,,,,,0,0,,,,,,,
400,20,RESIDUAL_SPREAD,24,FRACTIONAL_RESIDUAL_EXIT,bitget/gate,GATE_PAIRS,52,0,52,1.0,,,,,,,,,,,,,,,,0.0,0,0,,,,,,,0.0
400,20,RESIDUAL_SPREAD,24,FRACTIONAL_RESIDUAL_EXIT,bitget/hyperliquid,NON_GATE_PAIRS,52,0,52,1.0,,,,,,,,,,,,,,,,0.0,0,0,,,,,,,0.0
400,20,RESIDUAL_SPREAD,24,FRACTIONAL_RESIDUAL_EXIT,bitget/okx,NON_GATE_PAIRS,52,0,52,1.0,,,,,,,,,,,,,,,,0.0,0,0,,,,,,,0.0
400,20,RESIDUAL_SPREAD,24,FRACTIONAL_RESIDUAL_EXIT,gate/hyperliquid,GATE_PAIRS,0,0,0,,,,,,,,,,,,,,,,,,0,0,,,,,,,
400,20,RESIDUAL_SPREAD,24,FRACTIONAL_RESIDUAL_EXIT,gate/okx,GATE_PAIRS,0,0,0,,,,,,,,,,,,,,,,,,0,0,,,,,,,
400,20,RESIDUAL_SPREAD,24,FRACTIONAL_RESIDUAL_EXIT,hyperliquid/okx,NON_GATE_PAIRS,0,0,0,,,,,,,,,,,,,,,,,,0,0,,,,,,,
400,20,RESIDUAL_SPREAD,24,FRACTIONAL_RESIDUAL_EXIT,ALL_GATE_PAIRS,GATE_PAIRS,52,0,52,1.0,,,,,,,,,,,,,,,,0.0,0,0,,,,,,,0.0
400,20,RESIDUAL_SPREAD,24,FRACTIONAL_RESIDUAL_EXIT,ALL_NON_GATE_PAIRS,NON_GATE_PAIRS,156,0,156,1.0,,,,,,,,,,,,,,,,0.0,0,0,,,,,,,0.0
400,20,RESIDUAL_SPREAD,24,FRACTIONAL_RESIDUAL_EXIT,ALL_PAIRS,ALL,208,0,208,1.0,,,,,,,,,,,,,,,,0.0,0,0,,,,,,,0.0
400,20,RESIDUAL_SPREAD,72,LEGACY_RAW_EXIT,binance/bitget,NON_GATE_PAIRS,19,0,19,1.0,,,,,,,,,,,,,,,,0.0,0,0,,,,,,,0.0
400,20,RESIDUAL_SPREAD,72,LEGACY_RAW_EXIT,binance/gate,GATE_PAIRS,0,0,0,,,,,,,,,,,,,,,,,,0,0,,,,,,,
400,20,RESIDUAL_SPREAD,72,LEGACY_RAW_EXIT,binance/hyperliquid,NON_GATE_PAIRS,0,0,0,,,,,,,,,,,,,,,,,,0,0,,,,,,,
400,20,RESIDUAL_SPREAD,72,LEGACY_RAW_EXIT,binance/okx,NON_GATE_PAIRS,0,0,0,,,,,,,,,,,,,,,,,,0,0,,,,,,,
400,20,RESIDUAL_SPREAD,72,LEGACY_RAW_EXIT,bitget/gate,GATE_PAIRS,19,0,19,1.0,,,,,,,,,,,,,,,,0.0,0,0,,,,,,,0.0
400,20,RESIDUAL_SPREAD,72,LEGACY_RAW_EXIT,bitget/hyperliquid,NON_GATE_PAIRS,19,0,19,1.0,,,,,,,,,,,,,,,,0.0,0,0,,,,,,,0.0
400,20,RESIDUAL_SPREAD,72,LEGACY_RAW_EXIT,bitget/okx,NON_GATE_PAIRS,19,0,19,1.0,,,,,,,,,,,,,,,,0.0,0,0,,,,,,,0.0
400,20,RESIDUAL_SPREAD,72,LEGACY_RAW_EXIT,gate/hyperliquid,GATE_PAIRS,0,0,0,,,,,,,,,,,,,,,,,,0,0,,,,,,,
400,20,RESIDUAL_SPREAD,72,LEGACY_RAW_EXIT,gate/okx,GATE_PAIRS,0,0,0,,,,,,,,,,,,,,,,,,0,0,,,,,,,
400,20,RESIDUAL_SPREAD,72,LEGACY_RAW_EXIT,hyperliquid/okx,NON_GATE_PAIRS,0,0,0,,,,,,,,,,,,,,,,,,0,0,,,,,,,
400,20,RESIDUAL_SPREAD,72,LEGACY_RAW_EXIT,ALL_GATE_PAIRS,GATE_PAIRS,19,0,19,1.0,,,,,,,,,,,,,,,,0.0,0,0,,,,,,,0.0
400,20,RESIDUAL_SPREAD,72,LEGACY_RAW_EXIT,ALL_NON_GATE_PAIRS,NON_GATE_PAIRS,57,0,57,1.0,,,,,,,,,,,,,,,,0.0,0,0,,,,,,,0.0
400,20,RESIDUAL_SPREAD,72,LEGACY_RAW_EXIT,ALL_PAIRS,ALL,76,0,76,1.0,,,,,,,,,,,,,,,,0.0,0,0,,,,,,,0.0
400,20,RESIDUAL_SPREAD,72,BASELINE_RESIDUAL_EXIT,binance/bitget,NON_GATE_PAIRS,19,0,19,1.0,,,,,,,,,,,,,,,,0.0,0,0,,,,,,,0.0
400,20,RESIDUAL_SPREAD,72,BASELINE_RESIDUAL_EXIT,binance/gate,GATE_PAIRS,0,0,0,,,,,,,,,,,,,,,,,,0,0,,,,,,,
400,20,RESIDUAL_SPREAD,72,BASELINE_RESIDUAL_EXIT,binance/hyperliquid,NON_GATE_PAIRS,0,0,0,,,,,,,,,,,,,,,,,,0,0,,,,,,,
400,20,RESIDUAL_SPREAD,72,BASELINE_RESIDUAL_EXIT,binance/okx,NON_GATE_PAIRS,0,0,0,,,,,,,,,,,,,,,,,,0,0,,,,,,,
400,20,RESIDUAL_SPREAD,72,BASELINE_RESIDUAL_EXIT,bitget/gate,GATE_PAIRS,19,0,19,1.0,,,,,,,,,,,,,,,,0.0,0,0,,,,,,,0.0
400,20,RESIDUAL_SPREAD,72,BASELINE_RESIDUAL_EXIT,bitget/hyperliquid,NON_GATE_PAIRS,19,0,19,1.0,,,,,,,,,,,,,,,,0.0,0,0,,,,,,,0.0
400,20,RESIDUAL_SPREAD,72,BASELINE_RESIDUAL_EXIT,bitget/okx,NON_GATE_PAIRS,19,0,19,1.0,,,,,,,,,,,,,,,,0.0,0,0,,,,,,,0.0
400,20,RESIDUAL_SPREAD,72,BASELINE_RESIDUAL_EXIT,gate/hyperliquid,GATE_PAIRS,0,0,0,,,,,,,,,,,,,,,,,,0,0,,,,,,,
400,20,RESIDUAL_SPREAD,72,BASELINE_RESIDUAL_EXIT,gate/okx,GATE_PAIRS,0,0,0,,,,,,,,,,,,,,,,,,0,0,,,,,,,
400,20,RESIDUAL_SPREAD,72,BASELINE_RESIDUAL_EXIT,hyperliquid/okx,NON_GATE_PAIRS,0,0,0,,,,,,,,,,,,,,,,,,0,0,,,,,,,
400,20,RESIDUAL_SPREAD,72,BASELINE_RESIDUAL_EXIT,ALL_GATE_PAIRS,GATE_PAIRS,19,0,19,1.0,,,,,,,,,,,,,,,,0.0,0,0,,,,,,,0.0
400,20,RESIDUAL_SPREAD,72,BASELINE_RESIDUAL_EXIT,ALL_NON_GATE_PAIRS,NON_GATE_PAIRS,57,0,57,1.0,,,,,,,,,,,,,,,,0.0,0,0,,,,,,,0.0
400,20,RESIDUAL_SPREAD,72,BASELINE_RESIDUAL_EXIT,ALL_PAIRS,ALL,76,0,76,1.0,,,,,,,,,,,,,,,,0.0,0,0,,,,,,,0.0
400,20,RESIDUAL_SPREAD,72,FRACTIONAL_RESIDUAL_EXIT,binance/bitget,NON_GATE_PAIRS,19,0,19,1.0,,,,,,,,,,,,,,,,0.0,0,0,,,,,,,0.0
400,20,RESIDUAL_SPREAD,72,FRACTIONAL_RESIDUAL_EXIT,binance/gate,GATE_PAIRS,0,0,0,,,,,,,,,,,,,,,,,,0,0,,,,,,,
400,20,RESIDUAL_SPREAD,72,FRACTIONAL_RESIDUAL_EXIT,binance/hyperliquid,NON_GATE_PAIRS,0,0,0,,,,,,,,,,,,,,,,,,0,0,,,,,,,
400,20,RESIDUAL_SPREAD,72,FRACTIONAL_RESIDUAL_EXIT,binance/okx,NON_GATE_PAIRS,0,0,0,,,,,,,,,,,,,,,,,,0,0,,,,,,,
400,20,RESIDUAL_SPREAD,72,FRACTIONAL_RESIDUAL_EXIT,bitget/gate,GATE_PAIRS,19,0,19,1.0,,,,,,,,,,,,,,,,0.0,0,0,,,,,,,0.0
400,20,RESIDUAL_SPREAD,72,FRACTIONAL_RESIDUAL_EXIT,bitget/hyperliquid,NON_GATE_PAIRS,19,0,19,1.0,,,,,,,,,,,,,,,,0.0,0,0,,,,,,,0.0
400,20,RESIDUAL_SPREAD,72,FRACTIONAL_RESIDUAL_EXIT,bitget/okx,NON_GATE_PAIRS,19,0,19,1.0,,,,,,,,,,,,,,,,0.0,0,0,,,,,,,0.0
400,20,RESIDUAL_SPREAD,72,FRACTIONAL_RESIDUAL_EXIT,gate/hyperliquid,GATE_PAIRS,0,0,0,,,,,,,,,,,,,,,,,,0,0,,,,,,,
400,20,RESIDUAL_SPREAD,72,FRACTIONAL_RESIDUAL_EXIT,gate/okx,GATE_PAIRS,0,0,0,,,,,,,,,,,,,,,,,,0,0,,,,,,,
400,20,RESIDUAL_SPREAD,72,FRACTIONAL_RESIDUAL_EXIT,hyperliquid/okx,NON_GATE_PAIRS,0,0,0,,,,,,,,,,,,,,,,,,0,0,,,,,,,
400,20,RESIDUAL_SPREAD,72,FRACTIONAL_RESIDUAL_EXIT,ALL_GATE_PAIRS,GATE_PAIRS,19,0,19,1.0,,,,,,,,,,,,,,,,0.0,0,0,,,,,,,0.0
400,20,RESIDUAL_SPREAD,72,FRACTIONAL_RESIDUAL_EXIT,ALL_NON_GATE_PAIRS,NON_GATE_PAIRS,57,0,57,1.0,,,,,,,,,,,,,,,,0.0,0,0,,,,,,,0.0
400,20,RESIDUAL_SPREAD,72,FRACTIONAL_RESIDUAL_EXIT,ALL_PAIRS,ALL,76,0,76,1.0,,,,,,,,,,,,,,,,0.0,0,0,,,,,,,0.0
400,40,RESIDUAL_SPREAD,24,LEGACY_RAW_EXIT,binance/bitget,NON_GATE_PAIRS,52,0,52,1.0,,,,,,,,,,,,,,,,0.0,0,0,,,,,,,0.0
400,40,RESIDUAL_SPREAD,24,LEGACY_RAW_EXIT,binance/gate,GATE_PAIRS,0,0,0,,,,,,,,,,,,,,,,,,0,0,,,,,,,
400,40,RESIDUAL_SPREAD,24,LEGACY_RAW_EXIT,binance/hyperliquid,NON_GATE_PAIRS,0,0,0,,,,,,,,,,,,,,,,,,0,0,,,,,,,
400,40,RESIDUAL_SPREAD,24,LEGACY_RAW_EXIT,binance/okx,NON_GATE_PAIRS,0,0,0,,,,,,,,,,,,,,,,,,0,0,,,,,,,
400,40,RESIDUAL_SPREAD,24,LEGACY_RAW_EXIT,bitget/gate,GATE_PAIRS,52,0,52,1.0,,,,,,,,,,,,,,,,0.0,0,0,,,,,,,0.0
400,40,RESIDUAL_SPREAD,24,LEGACY_RAW_EXIT,bitget/hyperliquid,NON_GATE_PAIRS,52,0,52,1.0,,,,,,,,,,,,,,,,0.0,0,0,,,,,,,0.0
400,40,RESIDUAL_SPREAD,24,LEGACY_RAW_EXIT,bitget/okx,NON_GATE_PAIRS,52,0,52,1.0,,,,,,,,,,,,,,,,0.0,0,0,,,,,,,0.0
400,40,RESIDUAL_SPREAD,24,LEGACY_RAW_EXIT,gate/hyperliquid,GATE_PAIRS,0,0,0,,,,,,,,,,,,,,,,,,0,0,,,,,,,
400,40,RESIDUAL_SPREAD,24,LEGACY_RAW_EXIT,gate/okx,GATE_PAIRS,0,0,0,,,,,,,,,,,,,,,,,,0,0,,,,,,,
400,40,RESIDUAL_SPREAD,24,LEGACY_RAW_EXIT,hyperliquid/okx,NON_GATE_PAIRS,0,0,0,,,,,,,,,,,,,,,,,,0,0,,,,,,,
400,40,RESIDUAL_SPREAD,24,LEGACY_RAW_EXIT,ALL_GATE_PAIRS,GATE_PAIRS,52,0,52,1.0,,,,,,,,,,,,,,,,0.0,0,0,,,,,,,0.0
400,40,RESIDUAL_SPREAD,24,LEGACY_RAW_EXIT,ALL_NON_GATE_PAIRS,NON_GATE_PAIRS,156,0,156,1.0,,,,,,,,,,,,,,,,0.0,0,0,,,,,,,0.0
400,40,RESIDUAL_SPREAD,24,LEGACY_RAW_EXIT,ALL_PAIRS,ALL,208,0,208,1.0,,,,,,,,,,,,,,,,0.0,0,0,,,,,,,0.0
400,40,RESIDUAL_SPREAD,24,BASELINE_RESIDUAL_EXIT,binance/bitget,NON_GATE_PAIRS,52,0,52,1.0,,,,,,,,,,,,,,,,0.0,0,0,,,,,,,0.0
400,40,RESIDUAL_SPREAD,24,BASELINE_RESIDUAL_EXIT,binance/gate,GATE_PAIRS,0,0,0,,,,,,,,,,,,,,,,,,0,0,,,,,,,
400,40,RESIDUAL_SPREAD,24,BASELINE_RESIDUAL_EXIT,binance/hyperliquid,NON_GATE_PAIRS,0,0,0,,,,,,,,,,,,,,,,,,0,0,,,,,,,
400,40,RESIDUAL_SPREAD,24,BASELINE_RESIDUAL_EXIT,binance/okx,NON_GATE_PAIRS,0,0,0,,,,,,,,,,,,,,,,,,0,0,,,,,,,
400,40,RESIDUAL_SPREAD,24,BASELINE_RESIDUAL_EXIT,bitget/gate,GATE_PAIRS,52,0,52,1.0,,,,,,,,,,,,,,,,0.0,0,0,,,,,,,0.0
400,40,RESIDUAL_SPREAD,24,BASELINE_RESIDUAL_EXIT,bitget/hyperliquid,NON_GATE_PAIRS,52,0,52,1.0,,,,,,,,,,,,,,,,0.0,0,0,,,,,,,0.0
400,40,RESIDUAL_SPREAD,24,BASELINE_RESIDUAL_EXIT,bitget/okx,NON_GATE_PAIRS,52,0,52,1.0,,,,,,,,,,,,,,,,0.0,0,0,,,,,,,0.0
400,40,RESIDUAL_SPREAD,24,BASELINE_RESIDUAL_EXIT,gate/hyperliquid,GATE_PAIRS,0,0,0,,,,,,,,,,,,,,,,,,0,0,,,,,,,
400,40,RESIDUAL_SPREAD,24,BASELINE_RESIDUAL_EXIT,gate/okx,GATE_PAIRS,0,0,0,,,,,,,,,,,,,,,,,,0,0,,,,,,,
400,40,RESIDUAL_SPREAD,24,BASELINE_RESIDUAL_EXIT,hyperliquid/okx,NON_GATE_PAIRS,0,0,0,,,,,,,,,,,,,,,,,,0,0,,,,,,,
400,40,RESIDUAL_SPREAD,24,BASELINE_RESIDUAL_EXIT,ALL_GATE_PAIRS,GATE_PAIRS,52,0,52,1.0,,,,,,,,,,,,,,,,0.0,0,0,,,,,,,0.0
400,40,RESIDUAL_SPREAD,24,BASELINE_RESIDUAL_EXIT,ALL_NON_GATE_PAIRS,NON_GATE_PAIRS,156,0,156,1.0,,,,,,,,,,,,,,,,0.0,0,0,,,,,,,0.0
400,40,RESIDUAL_SPREAD,24,BASELINE_RESIDUAL_EXIT,ALL_PAIRS,ALL,208,0,208,1.0,,,,,,,,,,,,,,,,0.0,0,0,,,,,,,0.0
400,40,RESIDUAL_SPREAD,24,FRACTIONAL_RESIDUAL_EXIT,binance/bitget,NON_GATE_PAIRS,52,0,52,1.0,,,,,,,,,,,,,,,,0.0,0,0,,,,,,,0.0
400,40,RESIDUAL_SPREAD,24,FRACTIONAL_RESIDUAL_EXIT,binance/gate,GATE_PAIRS,0,0,0,,,,,,,,,,,,,,,,,,0,0,,,,,,,
400,40,RESIDUAL_SPREAD,24,FRACTIONAL_RESIDUAL_EXIT,binance/hyperliquid,NON_GATE_PAIRS,0,0,0,,,,,,,,,,,,,,,,,,0,0,,,,,,,
400,40,RESIDUAL_SPREAD,24,FRACTIONAL_RESIDUAL_EXIT,binance/okx,NON_GATE_PAIRS,0,0,0,,,,,,,,,,,,,,,,,,0,0,,,,,,,
400,40,RESIDUAL_SPREAD,24,FRACTIONAL_RESIDUAL_EXIT,bitget/gate,GATE_PAIRS,52,0,52,1.0,,,,,,,,,,,,,,,,0.0,0,0,,,,,,,0.0
400,40,RESIDUAL_SPREAD,24,FRACTIONAL_RESIDUAL_EXIT,bitget/hyperliquid,NON_GATE_PAIRS,52,0,52,1.0,,,,,,,,,,,,,,,,0.0,0,0,,,,,,,0.0
400,40,RESIDUAL_SPREAD,24,FRACTIONAL_RESIDUAL_EXIT,bitget/okx,NON_GATE_PAIRS,52,0,52,1.0,,,,,,,,,,,,,,,,0.0,0,0,,,,,,,0.0
400,40,RESIDUAL_SPREAD,24,FRACTIONAL_RESIDUAL_EXIT,gate/hyperliquid,GATE_PAIRS,0,0,0,,,,,,,,,,,,,,,,,,0,0,,,,,,,
400,40,RESIDUAL_SPREAD,24,FRACTIONAL_RESIDUAL_EXIT,gate/okx,GATE_PAIRS,0,0,0,,,,,,,,,,,,,,,,,,0,0,,,,,,,
400,40,RESIDUAL_SPREAD,24,FRACTIONAL_RESIDUAL_EXIT,hyperliquid/okx,NON_GATE_PAIRS,0,0,0,,,,,,,,,,,,,,,,,,0,0,,,,,,,
400,40,RESIDUAL_SPREAD,24,FRACTIONAL_RESIDUAL_EXIT,ALL_GATE_PAIRS,GATE_PAIRS,52,0,52,1.0,,,,,,,,,,,,,,,,0.0,0,0,,,,,,,0.0
400,40,RESIDUAL_SPREAD,24,FRACTIONAL_RESIDUAL_EXIT,ALL_NON_GATE_PAIRS,NON_GATE_PAIRS,156,0,156,1.0,,,,,,,,,,,,,,,,0.0,0,0,,,,,,,0.0
400,40,RESIDUAL_SPREAD,24,FRACTIONAL_RESIDUAL_EXIT,ALL_PAIRS,ALL,208,0,208,1.0,,,,,,,,,,,,,,,,0.0,0,0,,,,,,,0.0
400,40,RESIDUAL_SPREAD,72,LEGACY_RAW_EXIT,binance/bitget,NON_GATE_PAIRS,19,0,19,1.0,,,,,,,,,,,,,,,,0.0,0,0,,,,,,,0.0
400,40,RESIDUAL_SPREAD,72,LEGACY_RAW_EXIT,binance/gate,GATE_PAIRS,0,0,0,,,,,,,,,,,,,,,,,,0,0,,,,,,,
400,40,RESIDUAL_SPREAD,72,LEGACY_RAW_EXIT,binance/hyperliquid,NON_GATE_PAIRS,0,0,0,,,,,,,,,,,,,,,,,,0,0,,,,,,,
400,40,RESIDUAL_SPREAD,72,LEGACY_RAW_EXIT,binance/okx,NON_GATE_PAIRS,0,0,0,,,,,,,,,,,,,,,,,,0,0,,,,,,,
400,40,RESIDUAL_SPREAD,72,LEGACY_RAW_EXIT,bitget/gate,GATE_PAIRS,19,0,19,1.0,,,,,,,,,,,,,,,,0.0,0,0,,,,,,,0.0
400,40,RESIDUAL_SPREAD,72,LEGACY_RAW_EXIT,bitget/hyperliquid,NON_GATE_PAIRS,19,0,19,1.0,,,,,,,,,,,,,,,,0.0,0,0,,,,,,,0.0
400,40,RESIDUAL_SPREAD,72,LEGACY_RAW_EXIT,bitget/okx,NON_GATE_PAIRS,19,0,19,1.0,,,,,,,,,,,,,,,,0.0,0,0,,,,,,,0.0
400,40,RESIDUAL_SPREAD,72,LEGACY_RAW_EXIT,gate/hyperliquid,GATE_PAIRS,0,0,0,,,,,,,,,,,,,,,,,,0,0,,,,,,,
400,40,RESIDUAL_SPREAD,72,LEGACY_RAW_EXIT,gate/okx,GATE_PAIRS,0,0,0,,,,,,,,,,,,,,,,,,0,0,,,,,,,
400,40,RESIDUAL_SPREAD,72,LEGACY_RAW_EXIT,hyperliquid/okx,NON_GATE_PAIRS,0,0,0,,,,,,,,,,,,,,,,,,0,0,,,,,,,
400,40,RESIDUAL_SPREAD,72,LEGACY_RAW_EXIT,ALL_GATE_PAIRS,GATE_PAIRS,19,0,19,1.0,,,,,,,,,,,,,,,,0.0,0,0,,,,,,,0.0
400,40,RESIDUAL_SPREAD,72,LEGACY_RAW_EXIT,ALL_NON_GATE_PAIRS,NON_GATE_PAIRS,57,0,57,1.0,,,,,,,,,,,,,,,,0.0,0,0,,,,,,,0.0
400,40,RESIDUAL_SPREAD,72,LEGACY_RAW_EXIT,ALL_PAIRS,ALL,76,0,76,1.0,,,,,,,,,,,,,,,,0.0,0,0,,,,,,,0.0
400,40,RESIDUAL_SPREAD,72,BASELINE_RESIDUAL_EXIT,binance/bitget,NON_GATE_PAIRS,19,0,19,1.0,,,,,,,,,,,,,,,,0.0,0,0,,,,,,,0.0
400,40,RESIDUAL_SPREAD,72,BASELINE_RESIDUAL_EXIT,binance/gate,GATE_PAIRS,0,0,0,,,,,,,,,,,,,,,,,,0,0,,,,,,,
400,40,RESIDUAL_SPREAD,72,BASELINE_RESIDUAL_EXIT,binance/hyperliquid,NON_GATE_PAIRS,0,0,0,,,,,,,,,,,,,,,,,,0,0,,,,,,,
400,40,RESIDUAL_SPREAD,72,BASELINE_RESIDUAL_EXIT,binance/okx,NON_GATE_PAIRS,0,0,0,,,,,,,,,,,,,,,,,,0,0,,,,,,,
400,40,RESIDUAL_SPREAD,72,BASELINE_RESIDUAL_EXIT,bitget/gate,GATE_PAIRS,19,0,19,1.0,,,,,,,,,,,,,,,,0.0,0,0,,,,,,,0.0
400,40,RESIDUAL_SPREAD,72,BASELINE_RESIDUAL_EXIT,bitget/hyperliquid,NON_GATE_PAIRS,19,0,19,1.0,,,,,,,,,,,,,,,,0.0,0,0,,,,,,,0.0
400,40,RESIDUAL_SPREAD,72,BASELINE_RESIDUAL_EXIT,bitget/okx,NON_GATE_PAIRS,19,0,19,1.0,,,,,,,,,,,,,,,,0.0,0,0,,,,,,,0.0
400,40,RESIDUAL_SPREAD,72,BASELINE_RESIDUAL_EXIT,gate/hyperliquid,GATE_PAIRS,0,0,0,,,,,,,,,,,,,,,,,,0,0,,,,,,,
400,40,RESIDUAL_SPREAD,72,BASELINE_RESIDUAL_EXIT,gate/okx,GATE_PAIRS,0,0,0,,,,,,,,,,,,,,,,,,0,0,,,,,,,
400,40,RESIDUAL_SPREAD,72,BASELINE_RESIDUAL_EXIT,hyperliquid/okx,NON_GATE_PAIRS,0,0,0,,,,,,,,,,,,,,,,,,0,0,,,,,,,
400,40,RESIDUAL_SPREAD,72,BASELINE_RESIDUAL_EXIT,ALL_GATE_PAIRS,GATE_PAIRS,19,0,19,1.0,,,,,,,,,,,,,,,,0.0,0,0,,,,,,,0.0
400,40,RESIDUAL_SPREAD,72,BASELINE_RESIDUAL_EXIT,ALL_NON_GATE_PAIRS,NON_GATE_PAIRS,57,0,57,1.0,,,,,,,,,,,,,,,,0.0,0,0,,,,,,,0.0
400,40,RESIDUAL_SPREAD,72,BASELINE_RESIDUAL_EXIT,ALL_PAIRS,ALL,76,0,76,1.0,,,,,,,,,,,,,,,,0.0,0,0,,,,,,,0.0
400,40,RESIDUAL_SPREAD,72,FRACTIONAL_RESIDUAL_EXIT,binance/bitget,NON_GATE_PAIRS,19,0,19,1.0,,,,,,,,,,,,,,,,0.0,0,0,,,,,,,0.0
400,40,RESIDUAL_SPREAD,72,FRACTIONAL_RESIDUAL_EXIT,binance/gate,GATE_PAIRS,0,0,0,,,,,,,,,,,,,,,,,,0,0,,,,,,,
400,40,RESIDUAL_SPREAD,72,FRACTIONAL_RESIDUAL_EXIT,binance/hyperliquid,NON_GATE_PAIRS,0,0,0,,,,,,,,,,,,,,,,,,0,0,,,,,,,
400,40,RESIDUAL_SPREAD,72,FRACTIONAL_RESIDUAL_EXIT,binance/okx,NON_GATE_PAIRS,0,0,0,,,,,,,,,,,,,,,,,,0,0,,,,,,,
400,40,RESIDUAL_SPREAD,72,FRACTIONAL_RESIDUAL_EXIT,bitget/gate,GATE_PAIRS,19,0,19,1.0,,,,,,,,,,,,,,,,0.0,0,0,,,,,,,0.0
400,40,RESIDUAL_SPREAD,72,FRACTIONAL_RESIDUAL_EXIT,bitget/hyperliquid,NON_GATE_PAIRS,19,0,19,1.0,,,,,,,,,,,,,,,,0.0,0,0,,,,,,,0.0
400,40,RESIDUAL_SPREAD,72,FRACTIONAL_RESIDUAL_EXIT,bitget/okx,NON_GATE_PAIRS,19,0,19,1.0,,,,,,,,,,,,,,,,0.0,0,0,,,,,,,0.0
400,40,RESIDUAL_SPREAD,72,FRACTIONAL_RESIDUAL_EXIT,gate/hyperliquid,GATE_PAIRS,0,0,0,,,,,,,,,,,,,,,,,,0,0,,,,,,,
400,40,RESIDUAL_SPREAD,72,FRACTIONAL_RESIDUAL_EXIT,gate/okx,GATE_PAIRS,0,0,0,,,,,,,,,,,,,,,,,,0,0,,,,,,,
400,40,RESIDUAL_SPREAD,72,FRACTIONAL_RESIDUAL_EXIT,hyperliquid/okx,NON_GATE_PAIRS,0,0,0,,,,,,,,,,,,,,,,,,0,0,,,,,,,
400,40,RESIDUAL_SPREAD,72,FRACTIONAL_RESIDUAL_EXIT,ALL_GATE_PAIRS,GATE_PAIRS,19,0,19,1.0,,,,,,,,,,,,,,,,0.0,0,0,,,,,,,0.0
400,40,RESIDUAL_SPREAD,72,FRACTIONAL_RESIDUAL_EXIT,ALL_NON_GATE_PAIRS,NON_GATE_PAIRS,57,0,57,1.0,,,,,,,,,,,,,,,,0.0,0,0,,,,,,,0.0
400,40,RESIDUAL_SPREAD,72,FRACTIONAL_RESIDUAL_EXIT,ALL_PAIRS,ALL,76,0,76,1.0,,,,,,,,,,,,,,,,0.0,0,0,,,,,,,0.0
400,58,RESIDUAL_SPREAD,24,LEGACY_RAW_EXIT,binance/bitget,NON_GATE_PAIRS,52,0,52,1.0,,,,,,,,,,,,,,,,0.0,0,0,,,,,,,0.0
400,58,RESIDUAL_SPREAD,24,LEGACY_RAW_EXIT,binance/gate,GATE_PAIRS,0,0,0,,,,,,,,,,,,,,,,,,0,0,,,,,,,
400,58,RESIDUAL_SPREAD,24,LEGACY_RAW_EXIT,binance/hyperliquid,NON_GATE_PAIRS,0,0,0,,,,,,,,,,,,,,,,,,0,0,,,,,,,
400,58,RESIDUAL_SPREAD,24,LEGACY_RAW_EXIT,binance/okx,NON_GATE_PAIRS,0,0,0,,,,,,,,,,,,,,,,,,0,0,,,,,,,
400,58,RESIDUAL_SPREAD,24,LEGACY_RAW_EXIT,bitget/gate,GATE_PAIRS,52,0,52,1.0,,,,,,,,,,,,,,,,0.0,0,0,,,,,,,0.0
400,58,RESIDUAL_SPREAD,24,LEGACY_RAW_EXIT,bitget/hyperliquid,NON_GATE_PAIRS,52,0,52,1.0,,,,,,,,,,,,,,,,0.0,0,0,,,,,,,0.0
400,58,RESIDUAL_SPREAD,24,LEGACY_RAW_EXIT,bitget/okx,NON_GATE_PAIRS,52,0,52,1.0,,,,,,,,,,,,,,,,0.0,0,0,,,,,,,0.0
400,58,RESIDUAL_SPREAD,24,LEGACY_RAW_EXIT,gate/hyperliquid,GATE_PAIRS,0,0,0,,,,,,,,,,,,,,,,,,0,0,,,,,,,
400,58,RESIDUAL_SPREAD,24,LEGACY_RAW_EXIT,gate/okx,GATE_PAIRS,0,0,0,,,,,,,,,,,,,,,,,,0,0,,,,,,,
400,58,RESIDUAL_SPREAD,24,LEGACY_RAW_EXIT,hyperliquid/okx,NON_GATE_PAIRS,0,0,0,,,,,,,,,,,,,,,,,,0,0,,,,,,,
400,58,RESIDUAL_SPREAD,24,LEGACY_RAW_EXIT,ALL_GATE_PAIRS,GATE_PAIRS,52,0,52,1.0,,,,,,,,,,,,,,,,0.0,0,0,,,,,,,0.0
400,58,RESIDUAL_SPREAD,24,LEGACY_RAW_EXIT,ALL_NON_GATE_PAIRS,NON_GATE_PAIRS,156,0,156,1.0,,,,,,,,,,,,,,,,0.0,0,0,,,,,,,0.0
400,58,RESIDUAL_SPREAD,24,LEGACY_RAW_EXIT,ALL_PAIRS,ALL,208,0,208,1.0,,,,,,,,,,,,,,,,0.0,0,0,,,,,,,0.0
400,58,RESIDUAL_SPREAD,24,BASELINE_RESIDUAL_EXIT,binance/bitget,NON_GATE_PAIRS,52,0,52,1.0,,,,,,,,,,,,,,,,0.0,0,0,,,,,,,0.0
400,58,RESIDUAL_SPREAD,24,BASELINE_RESIDUAL_EXIT,binance/gate,GATE_PAIRS,0,0,0,,,,,,,,,,,,,,,,,,0,0,,,,,,,
400,58,RESIDUAL_SPREAD,24,BASELINE_RESIDUAL_EXIT,binance/hyperliquid,NON_GATE_PAIRS,0,0,0,,,,,,,,,,,,,,,,,,0,0,,,,,,,
400,58,RESIDUAL_SPREAD,24,BASELINE_RESIDUAL_EXIT,binance/okx,NON_GATE_PAIRS,0,0,0,,,,,,,,,,,,,,,,,,0,0,,,,,,,
400,58,RESIDUAL_SPREAD,24,BASELINE_RESIDUAL_EXIT,bitget/gate,GATE_PAIRS,52,0,52,1.0,,,,,,,,,,,,,,,,0.0,0,0,,,,,,,0.0
400,58,RESIDUAL_SPREAD,24,BASELINE_RESIDUAL_EXIT,bitget/hyperliquid,NON_GATE_PAIRS,52,0,52,1.0,,,,,,,,,,,,,,,,0.0,0,0,,,,,,,0.0
400,58,RESIDUAL_SPREAD,24,BASELINE_RESIDUAL_EXIT,bitget/okx,NON_GATE_PAIRS,52,0,52,1.0,,,,,,,,,,,,,,,,0.0,0,0,,,,,,,0.0
400,58,RESIDUAL_SPREAD,24,BASELINE_RESIDUAL_EXIT,gate/hyperliquid,GATE_PAIRS,0,0,0,,,,,,,,,,,,,,,,,,0,0,,,,,,,
400,58,RESIDUAL_SPREAD,24,BASELINE_RESIDUAL_EXIT,gate/okx,GATE_PAIRS,0,0,0,,,,,,,,,,,,,,,,,,0,0,,,,,,,
400,58,RESIDUAL_SPREAD,24,BASELINE_RESIDUAL_EXIT,hyperliquid/okx,NON_GATE_PAIRS,0,0,0,,,,,,,,,,,,,,,,,,0,0,,,,,,,
400,58,RESIDUAL_SPREAD,24,BASELINE_RESIDUAL_EXIT,ALL_GATE_PAIRS,GATE_PAIRS,52,0,52,1.0,,,,,,,,,,,,,,,,0.0,0,0,,,,,,,0.0
400,58,RESIDUAL_SPREAD,24,BASELINE_RESIDUAL_EXIT,ALL_NON_GATE_PAIRS,NON_GATE_PAIRS,156,0,156,1.0,,,,,,,,,,,,,,,,0.0,0,0,,,,,,,0.0
400,58,RESIDUAL_SPREAD,24,BASELINE_RESIDUAL_EXIT,ALL_PAIRS,ALL,208,0,208,1.0,,,,,,,,,,,,,,,,0.0,0,0,,,,,,,0.0
400,58,RESIDUAL_SPREAD,24,FRACTIONAL_RESIDUAL_EXIT,binance/bitget,NON_GATE_PAIRS,52,0,52,1.0,,,,,,,,,,,,,,,,0.0,0,0,,,,,,,0.0
400,58,RESIDUAL_SPREAD,24,FRACTIONAL_RESIDUAL_EXIT,binance/gate,GATE_PAIRS,0,0,0,,,,,,,,,,,,,,,,,,0,0,,,,,,,
400,58,RESIDUAL_SPREAD,24,FRACTIONAL_RESIDUAL_EXIT,binance/hyperliquid,NON_GATE_PAIRS,0,0,0,,,,,,,,,,,,,,,,,,0,0,,,,,,,
400,58,RESIDUAL_SPREAD,24,FRACTIONAL_RESIDUAL_EXIT,binance/okx,NON_GATE_PAIRS,0,0,0,,,,,,,,,,,,,,,,,,0,0,,,,,,,
400,58,RESIDUAL_SPREAD,24,FRACTIONAL_RESIDUAL_EXIT,bitget/gate,GATE_PAIRS,52,0,52,1.0,,,,,,,,,,,,,,,,0.0,0,0,,,,,,,0.0
400,58,RESIDUAL_SPREAD,24,FRACTIONAL_RESIDUAL_EXIT,bitget/hyperliquid,NON_GATE_PAIRS,52,0,52,1.0,,,,,,,,,,,,,,,,0.0,0,0,,,,,,,0.0
400,58,RESIDUAL_SPREAD,24,FRACTIONAL_RESIDUAL_EXIT,bitget/okx,NON_GATE_PAIRS,52,0,52,1.0,,,,,,,,,,,,,,,,0.0,0,0,,,,,,,0.0
400,58,RESIDUAL_SPREAD,24,FRACTIONAL_RESIDUAL_EXIT,gate/hyperliquid,GATE_PAIRS,0,0,0,,,,,,,,,,,,,,,,,,0,0,,,,,,,
400,58,RESIDUAL_SPREAD,24,FRACTIONAL_RESIDUAL_EXIT,gate/okx,GATE_PAIRS,0,0,0,,,,,,,,,,,,,,,,,,0,0,,,,,,,
400,58,RESIDUAL_SPREAD,24,FRACTIONAL_RESIDUAL_EXIT,hyperliquid/okx,NON_GATE_PAIRS,0,0,0,,,,,,,,,,,,,,,,,,0,0,,,,,,,
400,58,RESIDUAL_SPREAD,24,FRACTIONAL_RESIDUAL_EXIT,ALL_GATE_PAIRS,GATE_PAIRS,52,0,52,1.0,,,,,,,,,,,,,,,,0.0,0,0,,,,,,,0.0
400,58,RESIDUAL_SPREAD,24,FRACTIONAL_RESIDUAL_EXIT,ALL_NON_GATE_PAIRS,NON_GATE_PAIRS,156,0,156,1.0,,,,,,,,,,,,,,,,0.0,0,0,,,,,,,0.0
400,58,RESIDUAL_SPREAD,24,FRACTIONAL_RESIDUAL_EXIT,ALL_PAIRS,ALL,208,0,208,1.0,,,,,,,,,,,,,,,,0.0,0,0,,,,,,,0.0
400,58,RESIDUAL_SPREAD,72,LEGACY_RAW_EXIT,binance/bitget,NON_GATE_PAIRS,19,0,19,1.0,,,,,,,,,,,,,,,,0.0,0,0,,,,,,,0.0
400,58,RESIDUAL_SPREAD,72,LEGACY_RAW_EXIT,binance/gate,GATE_PAIRS,0,0,0,,,,,,,,,,,,,,,,,,0,0,,,,,,,
400,58,RESIDUAL_SPREAD,72,LEGACY_RAW_EXIT,binance/hyperliquid,NON_GATE_PAIRS,0,0,0,,,,,,,,,,,,,,,,,,0,0,,,,,,,
400,58,RESIDUAL_SPREAD,72,LEGACY_RAW_EXIT,binance/okx,NON_GATE_PAIRS,0,0,0,,,,,,,,,,,,,,,,,,0,0,,,,,,,
400,58,RESIDUAL_SPREAD,72,LEGACY_RAW_EXIT,bitget/gate,GATE_PAIRS,19,0,19,1.0,,,,,,,,,,,,,,,,0.0,0,0,,,,,,,0.0
400,58,RESIDUAL_SPREAD,72,LEGACY_RAW_EXIT,bitget/hyperliquid,NON_GATE_PAIRS,19,0,19,1.0,,,,,,,,,,,,,,,,0.0,0,0,,,,,,,0.0
400,58,RESIDUAL_SPREAD,72,LEGACY_RAW_EXIT,bitget/okx,NON_GATE_PAIRS,19,0,19,1.0,,,,,,,,,,,,,,,,0.0,0,0,,,,,,,0.0
400,58,RESIDUAL_SPREAD,72,LEGACY_RAW_EXIT,gate/hyperliquid,GATE_PAIRS,0,0,0,,,,,,,,,,,,,,,,,,0,0,,,,,,,
400,58,RESIDUAL_SPREAD,72,LEGACY_RAW_EXIT,gate/okx,GATE_PAIRS,0,0,0,,,,,,,,,,,,,,,,,,0,0,,,,,,,
400,58,RESIDUAL_SPREAD,72,LEGACY_RAW_EXIT,hyperliquid/okx,NON_GATE_PAIRS,0,0,0,,,,,,,,,,,,,,,,,,0,0,,,,,,,
400,58,RESIDUAL_SPREAD,72,LEGACY_RAW_EXIT,ALL_GATE_PAIRS,GATE_PAIRS,19,0,19,1.0,,,,,,,,,,,,,,,,0.0,0,0,,,,,,,0.0
400,58,RESIDUAL_SPREAD,72,LEGACY_RAW_EXIT,ALL_NON_GATE_PAIRS,NON_GATE_PAIRS,57,0,57,1.0,,,,,,,,,,,,,,,,0.0,0,0,,,,,,,0.0
400,58,RESIDUAL_SPREAD,72,LEGACY_RAW_EXIT,ALL_PAIRS,ALL,76,0,76,1.0,,,,,,,,,,,,,,,,0.0,0,0,,,,,,,0.0
400,58,RESIDUAL_SPREAD,72,BASELINE_RESIDUAL_EXIT,binance/bitget,NON_GATE_PAIRS,19,0,19,1.0,,,,,,,,,,,,,,,,0.0,0,0,,,,,,,0.0
400,58,RESIDUAL_SPREAD,72,BASELINE_RESIDUAL_EXIT,binance/gate,GATE_PAIRS,0,0,0,,,,,,,,,,,,,,,,,,0,0,,,,,,,
400,58,RESIDUAL_SPREAD,72,BASELINE_RESIDUAL_EXIT,binance/hyperliquid,NON_GATE_PAIRS,0,0,0,,,,,,,,,,,,,,,,,,0,0,,,,,,,
400,58,RESIDUAL_SPREAD,72,BASELINE_RESIDUAL_EXIT,binance/okx,NON_GATE_PAIRS,0,0,0,,,,,,,,,,,,,,,,,,0,0,,,,,,,
400,58,RESIDUAL_SPREAD,72,BASELINE_RESIDUAL_EXIT,bitget/gate,GATE_PAIRS,19,0,19,1.0,,,,,,,,,,,,,,,,0.0,0,0,,,,,,,0.0
400,58,RESIDUAL_SPREAD,72,BASELINE_RESIDUAL_EXIT,bitget/hyperliquid,NON_GATE_PAIRS,19,0,19,1.0,,,,,,,,,,,,,,,,0.0,0,0,,,,,,,0.0
400,58,RESIDUAL_SPREAD,72,BASELINE_RESIDUAL_EXIT,bitget/okx,NON_GATE_PAIRS,19,0,19,1.0,,,,,,,,,,,,,,,,0.0,0,0,,,,,,,0.0
400,58,RESIDUAL_SPREAD,72,BASELINE_RESIDUAL_EXIT,gate/hyperliquid,GATE_PAIRS,0,0,0,,,,,,,,,,,,,,,,,,0,0,,,,,,,
400,58,RESIDUAL_SPREAD,72,BASELINE_RESIDUAL_EXIT,gate/okx,GATE_PAIRS,0,0,0,,,,,,,,,,,,,,,,,,0,0,,,,,,,
400,58,RESIDUAL_SPREAD,72,BASELINE_RESIDUAL_EXIT,hyperliquid/okx,NON_GATE_PAIRS,0,0,0,,,,,,,,,,,,,,,,,,0,0,,,,,,,
400,58,RESIDUAL_SPREAD,72,BASELINE_RESIDUAL_EXIT,ALL_GATE_PAIRS,GATE_PAIRS,19,0,19,1.0,,,,,,,,,,,,,,,,0.0,0,0,,,,,,,0.0
400,58,RESIDUAL_SPREAD,72,BASELINE_RESIDUAL_EXIT,ALL_NON_GATE_PAIRS,NON_GATE_PAIRS,57,0,57,1.0,,,,,,,,,,,,,,,,0.0,0,0,,,,,,,0.0
400,58,RESIDUAL_SPREAD,72,BASELINE_RESIDUAL_EXIT,ALL_PAIRS,ALL,76,0,76,1.0,,,,,,,,,,,,,,,,0.0,0,0,,,,,,,0.0
400,58,RESIDUAL_SPREAD,72,FRACTIONAL_RESIDUAL_EXIT,binance/bitget,NON_GATE_PAIRS,19,0,19,1.0,,,,,,,,,,,,,,,,0.0,0,0,,,,,,,0.0
400,58,RESIDUAL_SPREAD,72,FRACTIONAL_RESIDUAL_EXIT,binance/gate,GATE_PAIRS,0,0,0,,,,,,,,,,,,,,,,,,0,0,,,,,,,
400,58,RESIDUAL_SPREAD,72,FRACTIONAL_RESIDUAL_EXIT,binance/hyperliquid,NON_GATE_PAIRS,0,0,0,,,,,,,,,,,,,,,,,,0,0,,,,,,,
400,58,RESIDUAL_SPREAD,72,FRACTIONAL_RESIDUAL_EXIT,binance/okx,NON_GATE_PAIRS,0,0,0,,,,,,,,,,,,,,,,,,0,0,,,,,,,
400,58,RESIDUAL_SPREAD,72,FRACTIONAL_RESIDUAL_EXIT,bitget/gate,GATE_PAIRS,19,0,19,1.0,,,,,,,,,,,,,,,,0.0,0,0,,,,,,,0.0
400,58,RESIDUAL_SPREAD,72,FRACTIONAL_RESIDUAL_EXIT,bitget/hyperliquid,NON_GATE_PAIRS,19,0,19,1.0,,,,,,,,,,,,,,,,0.0,0,0,,,,,,,0.0
400,58,RESIDUAL_SPREAD,72,FRACTIONAL_RESIDUAL_EXIT,bitget/okx,NON_GATE_PAIRS,19,0,19,1.0,,,,,,,,,,,,,,,,0.0,0,0,,,,,,,0.0
400,58,RESIDUAL_SPREAD,72,FRACTIONAL_RESIDUAL_EXIT,gate/hyperliquid,GATE_PAIRS,0,0,0,,,,,,,,,,,,,,,,,,0,0,,,,,,,
400,58,RESIDUAL_SPREAD,72,FRACTIONAL_RESIDUAL_EXIT,gate/okx,GATE_PAIRS,0,0,0,,,,,,,,,,,,,,,,,,0,0,,,,,,,
400,58,RESIDUAL_SPREAD,72,FRACTIONAL_RESIDUAL_EXIT,hyperliquid/okx,NON_GATE_PAIRS,0,0,0,,,,,,,,,,,,,,,,,,0,0,,,,,,,
400,58,RESIDUAL_SPREAD,72,FRACTIONAL_RESIDUAL_EXIT,ALL_GATE_PAIRS,GATE_PAIRS,19,0,19,1.0,,,,,,,,,,,,,,,,0.0,0,0,,,,,,,0.0
400,58,RESIDUAL_SPREAD,72,FRACTIONAL_RESIDUAL_EXIT,ALL_NON_GATE_PAIRS,NON_GATE_PAIRS,57,0,57,1.0,,,,,,,,,,,,,,,,0.0,0,0,,,,,,,0.0
400,58,RESIDUAL_SPREAD,72,FRACTIONAL_RESIDUAL_EXIT,ALL_PAIRS,ALL,76,0,76,1.0,,,,,,,,,,,,,,,,0.0,0,0,,,,,,,0.0
400,80,RESIDUAL_SPREAD,24,LEGACY_RAW_EXIT,binance/bitget,NON_GATE_PAIRS,52,0,52,1.0,,,,,,,,,,,,,,,,0.0,0,0,,,,,,,0.0
400,80,RESIDUAL_SPREAD,24,LEGACY_RAW_EXIT,binance/gate,GATE_PAIRS,0,0,0,,,,,,,,,,,,,,,,,,0,0,,,,,,,
400,80,RESIDUAL_SPREAD,24,LEGACY_RAW_EXIT,binance/hyperliquid,NON_GATE_PAIRS,0,0,0,,,,,,,,,,,,,,,,,,0,0,,,,,,,
400,80,RESIDUAL_SPREAD,24,LEGACY_RAW_EXIT,binance/okx,NON_GATE_PAIRS,0,0,0,,,,,,,,,,,,,,,,,,0,0,,,,,,,
400,80,RESIDUAL_SPREAD,24,LEGACY_RAW_EXIT,bitget/gate,GATE_PAIRS,52,0,52,1.0,,,,,,,,,,,,,,,,0.0,0,0,,,,,,,0.0
400,80,RESIDUAL_SPREAD,24,LEGACY_RAW_EXIT,bitget/hyperliquid,NON_GATE_PAIRS,52,0,52,1.0,,,,,,,,,,,,,,,,0.0,0,0,,,,,,,0.0
400,80,RESIDUAL_SPREAD,24,LEGACY_RAW_EXIT,bitget/okx,NON_GATE_PAIRS,52,0,52,1.0,,,,,,,,,,,,,,,,0.0,0,0,,,,,,,0.0
400,80,RESIDUAL_SPREAD,24,LEGACY_RAW_EXIT,gate/hyperliquid,GATE_PAIRS,0,0,0,,,,,,,,,,,,,,,,,,0,0,,,,,,,
400,80,RESIDUAL_SPREAD,24,LEGACY_RAW_EXIT,gate/okx,GATE_PAIRS,0,0,0,,,,,,,,,,,,,,,,,,0,0,,,,,,,
400,80,RESIDUAL_SPREAD,24,LEGACY_RAW_EXIT,hyperliquid/okx,NON_GATE_PAIRS,0,0,0,,,,,,,,,,,,,,,,,,0,0,,,,,,,
400,80,RESIDUAL_SPREAD,24,LEGACY_RAW_EXIT,ALL_GATE_PAIRS,GATE_PAIRS,52,0,52,1.0,,,,,,,,,,,,,,,,0.0,0,0,,,,,,,0.0
400,80,RESIDUAL_SPREAD,24,LEGACY_RAW_EXIT,ALL_NON_GATE_PAIRS,NON_GATE_PAIRS,156,0,156,1.0,,,,,,,,,,,,,,,,0.0,0,0,,,,,,,0.0
400,80,RESIDUAL_SPREAD,24,LEGACY_RAW_EXIT,ALL_PAIRS,ALL,208,0,208,1.0,,,,,,,,,,,,,,,,0.0,0,0,,,,,,,0.0
400,80,RESIDUAL_SPREAD,24,BASELINE_RESIDUAL_EXIT,binance/bitget,NON_GATE_PAIRS,52,0,52,1.0,,,,,,,,,,,,,,,,0.0,0,0,,,,,,,0.0
400,80,RESIDUAL_SPREAD,24,BASELINE_RESIDUAL_EXIT,binance/gate,GATE_PAIRS,0,0,0,,,,,,,,,,,,,,,,,,0,0,,,,,,,
400,80,RESIDUAL_SPREAD,24,BASELINE_RESIDUAL_EXIT,binance/hyperliquid,NON_GATE_PAIRS,0,0,0,,,,,,,,,,,,,,,,,,0,0,,,,,,,
400,80,RESIDUAL_SPREAD,24,BASELINE_RESIDUAL_EXIT,binance/okx,NON_GATE_PAIRS,0,0,0,,,,,,,,,,,,,,,,,,0,0,,,,,,,
400,80,RESIDUAL_SPREAD,24,BASELINE_RESIDUAL_EXIT,bitget/gate,GATE_PAIRS,52,0,52,1.0,,,,,,,,,,,,,,,,0.0,0,0,,,,,,,0.0
400,80,RESIDUAL_SPREAD,24,BASELINE_RESIDUAL_EXIT,bitget/hyperliquid,NON_GATE_PAIRS,52,0,52,1.0,,,,,,,,,,,,,,,,0.0,0,0,,,,,,,0.0
400,80,RESIDUAL_SPREAD,24,BASELINE_RESIDUAL_EXIT,bitget/okx,NON_GATE_PAIRS,52,0,52,1.0,,,,,,,,,,,,,,,,0.0,0,0,,,,,,,0.0
400,80,RESIDUAL_SPREAD,24,BASELINE_RESIDUAL_EXIT,gate/hyperliquid,GATE_PAIRS,0,0,0,,,,,,,,,,,,,,,,,,0,0,,,,,,,
400,80,RESIDUAL_SPREAD,24,BASELINE_RESIDUAL_EXIT,gate/okx,GATE_PAIRS,0,0,0,,,,,,,,,,,,,,,,,,0,0,,,,,,,
400,80,RESIDUAL_SPREAD,24,BASELINE_RESIDUAL_EXIT,hyperliquid/okx,NON_GATE_PAIRS,0,0,0,,,,,,,,,,,,,,,,,,0,0,,,,,,,
400,80,RESIDUAL_SPREAD,24,BASELINE_RESIDUAL_EXIT,ALL_GATE_PAIRS,GATE_PAIRS,52,0,52,1.0,,,,,,,,,,,,,,,,0.0,0,0,,,,,,,0.0
400,80,RESIDUAL_SPREAD,24,BASELINE_RESIDUAL_EXIT,ALL_NON_GATE_PAIRS,NON_GATE_PAIRS,156,0,156,1.0,,,,,,,,,,,,,,,,0.0,0,0,,,,,,,0.0
400,80,RESIDUAL_SPREAD,24,BASELINE_RESIDUAL_EXIT,ALL_PAIRS,ALL,208,0,208,1.0,,,,,,,,,,,,,,,,0.0,0,0,,,,,,,0.0
400,80,RESIDUAL_SPREAD,24,FRACTIONAL_RESIDUAL_EXIT,binance/bitget,NON_GATE_PAIRS,52,0,52,1.0,,,,,,,,,,,,,,,,0.0,0,0,,,,,,,0.0
400,80,RESIDUAL_SPREAD,24,FRACTIONAL_RESIDUAL_EXIT,binance/gate,GATE_PAIRS,0,0,0,,,,,,,,,,,,,,,,,,0,0,,,,,,,
400,80,RESIDUAL_SPREAD,24,FRACTIONAL_RESIDUAL_EXIT,binance/hyperliquid,NON_GATE_PAIRS,0,0,0,,,,,,,,,,,,,,,,,,0,0,,,,,,,
400,80,RESIDUAL_SPREAD,24,FRACTIONAL_RESIDUAL_EXIT,binance/okx,NON_GATE_PAIRS,0,0,0,,,,,,,,,,,,,,,,,,0,0,,,,,,,
400,80,RESIDUAL_SPREAD,24,FRACTIONAL_RESIDUAL_EXIT,bitget/gate,GATE_PAIRS,52,0,52,1.0,,,,,,,,,,,,,,,,0.0,0,0,,,,,,,0.0
400,80,RESIDUAL_SPREAD,24,FRACTIONAL_RESIDUAL_EXIT,bitget/hyperliquid,NON_GATE_PAIRS,52,0,52,1.0,,,,,,,,,,,,,,,,0.0,0,0,,,,,,,0.0
400,80,RESIDUAL_SPREAD,24,FRACTIONAL_RESIDUAL_EXIT,bitget/okx,NON_GATE_PAIRS,52,0,52,1.0,,,,,,,,,,,,,,,,0.0,0,0,,,,,,,0.0
400,80,RESIDUAL_SPREAD,24,FRACTIONAL_RESIDUAL_EXIT,gate/hyperliquid,GATE_PAIRS,0,0,0,,,,,,,,,,,,,,,,,,0,0,,,,,,,
400,80,RESIDUAL_SPREAD,24,FRACTIONAL_RESIDUAL_EXIT,gate/okx,GATE_PAIRS,0,0,0,,,,,,,,,,,,,,,,,,0,0,,,,,,,
400,80,RESIDUAL_SPREAD,24,FRACTIONAL_RESIDUAL_EXIT,hyperliquid/okx,NON_GATE_PAIRS,0,0,0,,,,,,,,,,,,,,,,,,0,0,,,,,,,
400,80,RESIDUAL_SPREAD,24,FRACTIONAL_RESIDUAL_EXIT,ALL_GATE_PAIRS,GATE_PAIRS,52,0,52,1.0,,,,,,,,,,,,,,,,0.0,0,0,,,,,,,0.0
400,80,RESIDUAL_SPREAD,24,FRACTIONAL_RESIDUAL_EXIT,ALL_NON_GATE_PAIRS,NON_GATE_PAIRS,156,0,156,1.0,,,,,,,,,,,,,,,,0.0,0,0,,,,,,,0.0
400,80,RESIDUAL_SPREAD,24,FRACTIONAL_RESIDUAL_EXIT,ALL_PAIRS,ALL,208,0,208,1.0,,,,,,,,,,,,,,,,0.0,0,0,,,,,,,0.0
400,80,RESIDUAL_SPREAD,72,LEGACY_RAW_EXIT,binance/bitget,NON_GATE_PAIRS,19,0,19,1.0,,,,,,,,,,,,,,,,0.0,0,0,,,,,,,0.0
400,80,RESIDUAL_SPREAD,72,LEGACY_RAW_EXIT,binance/gate,GATE_PAIRS,0,0,0,,,,,,,,,,,,,,,,,,0,0,,,,,,,
400,80,RESIDUAL_SPREAD,72,LEGACY_RAW_EXIT,binance/hyperliquid,NON_GATE_PAIRS,0,0,0,,,,,,,,,,,,,,,,,,0,0,,,,,,,
400,80,RESIDUAL_SPREAD,72,LEGACY_RAW_EXIT,binance/okx,NON_GATE_PAIRS,0,0,0,,,,,,,,,,,,,,,,,,0,0,,,,,,,
400,80,RESIDUAL_SPREAD,72,LEGACY_RAW_EXIT,bitget/gate,GATE_PAIRS,19,0,19,1.0,,,,,,,,,,,,,,,,0.0,0,0,,,,,,,0.0
400,80,RESIDUAL_SPREAD,72,LEGACY_RAW_EXIT,bitget/hyperliquid,NON_GATE_PAIRS,19,0,19,1.0,,,,,,,,,,,,,,,,0.0,0,0,,,,,,,0.0
400,80,RESIDUAL_SPREAD,72,LEGACY_RAW_EXIT,bitget/okx,NON_GATE_PAIRS,19,0,19,1.0,,,,,,,,,,,,,,,,0.0,0,0,,,,,,,0.0
400,80,RESIDUAL_SPREAD,72,LEGACY_RAW_EXIT,gate/hyperliquid,GATE_PAIRS,0,0,0,,,,,,,,,,,,,,,,,,0,0,,,,,,,
400,80,RESIDUAL_SPREAD,72,LEGACY_RAW_EXIT,gate/okx,GATE_PAIRS,0,0,0,,,,,,,,,,,,,,,,,,0,0,,,,,,,
400,80,RESIDUAL_SPREAD,72,LEGACY_RAW_EXIT,hyperliquid/okx,NON_GATE_PAIRS,0,0,0,,,,,,,,,,,,,,,,,,0,0,,,,,,,
400,80,RESIDUAL_SPREAD,72,LEGACY_RAW_EXIT,ALL_GATE_PAIRS,GATE_PAIRS,19,0,19,1.0,,,,,,,,,,,,,,,,0.0,0,0,,,,,,,0.0
400,80,RESIDUAL_SPREAD,72,LEGACY_RAW_EXIT,ALL_NON_GATE_PAIRS,NON_GATE_PAIRS,57,0,57,1.0,,,,,,,,,,,,,,,,0.0,0,0,,,,,,,0.0
400,80,RESIDUAL_SPREAD,72,LEGACY_RAW_EXIT,ALL_PAIRS,ALL,76,0,76,1.0,,,,,,,,,,,,,,,,0.0,0,0,,,,,,,0.0
400,80,RESIDUAL_SPREAD,72,BASELINE_RESIDUAL_EXIT,binance/bitget,NON_GATE_PAIRS,19,0,19,1.0,,,,,,,,,,,,,,,,0.0,0,0,,,,,,,0.0
400,80,RESIDUAL_SPREAD,72,BASELINE_RESIDUAL_EXIT,binance/gate,GATE_PAIRS,0,0,0,,,,,,,,,,,,,,,,,,0,0,,,,,,,
400,80,RESIDUAL_SPREAD,72,BASELINE_RESIDUAL_EXIT,binance/hyperliquid,NON_GATE_PAIRS,0,0,0,,,,,,,,,,,,,,,,,,0,0,,,,,,,
400,80,RESIDUAL_SPREAD,72,BASELINE_RESIDUAL_EXIT,binance/okx,NON_GATE_PAIRS,0,0,0,,,,,,,,,,,,,,,,,,0,0,,,,,,,
400,80,RESIDUAL_SPREAD,72,BASELINE_RESIDUAL_EXIT,bitget/gate,GATE_PAIRS,19,0,19,1.0,,,,,,,,,,,,,,,,0.0,0,0,,,,,,,0.0
400,80,RESIDUAL_SPREAD,72,BASELINE_RESIDUAL_EXIT,bitget/hyperliquid,NON_GATE_PAIRS,19,0,19,1.0,,,,,,,,,,,,,,,,0.0,0,0,,,,,,,0.0
400,80,RESIDUAL_SPREAD,72,BASELINE_RESIDUAL_EXIT,bitget/okx,NON_GATE_PAIRS,19,0,19,1.0,,,,,,,,,,,,,,,,0.0,0,0,,,,,,,0.0
400,80,RESIDUAL_SPREAD,72,BASELINE_RESIDUAL_EXIT,gate/hyperliquid,GATE_PAIRS,0,0,0,,,,,,,,,,,,,,,,,,0,0,,,,,,,
400,80,RESIDUAL_SPREAD,72,BASELINE_RESIDUAL_EXIT,gate/okx,GATE_PAIRS,0,0,0,,,,,,,,,,,,,,,,,,0,0,,,,,,,
400,80,RESIDUAL_SPREAD,72,BASELINE_RESIDUAL_EXIT,hyperliquid/okx,NON_GATE_PAIRS,0,0,0,,,,,,,,,,,,,,,,,,0,0,,,,,,,
400,80,RESIDUAL_SPREAD,72,BASELINE_RESIDUAL_EXIT,ALL_GATE_PAIRS,GATE_PAIRS,19,0,19,1.0,,,,,,,,,,,,,,,,0.0,0,0,,,,,,,0.0
400,80,RESIDUAL_SPREAD,72,BASELINE_RESIDUAL_EXIT,ALL_NON_GATE_PAIRS,NON_GATE_PAIRS,57,0,57,1.0,,,,,,,,,,,,,,,,0.0,0,0,,,,,,,0.0
400,80,RESIDUAL_SPREAD,72,BASELINE_RESIDUAL_EXIT,ALL_PAIRS,ALL,76,0,76,1.0,,,,,,,,,,,,,,,,0.0,0,0,,,,,,,0.0
400,80,RESIDUAL_SPREAD,72,FRACTIONAL_RESIDUAL_EXIT,binance/bitget,NON_GATE_PAIRS,19,0,19,1.0,,,,,,,,,,,,,,,,0.0,0,0,,,,,,,0.0
400,80,RESIDUAL_SPREAD,72,FRACTIONAL_RESIDUAL_EXIT,binance/gate,GATE_PAIRS,0,0,0,,,,,,,,,,,,,,,,,,0,0,,,,,,,
400,80,RESIDUAL_SPREAD,72,FRACTIONAL_RESIDUAL_EXIT,binance/hyperliquid,NON_GATE_PAIRS,0,0,0,,,,,,,,,,,,,,,,,,0,0,,,,,,,
400,80,RESIDUAL_SPREAD,72,FRACTIONAL_RESIDUAL_EXIT,binance/okx,NON_GATE_PAIRS,0,0,0,,,,,,,,,,,,,,,,,,0,0,,,,,,,
400,80,RESIDUAL_SPREAD,72,FRACTIONAL_RESIDUAL_EXIT,bitget/gate,GATE_PAIRS,19,0,19,1.0,,,,,,,,,,,,,,,,0.0,0,0,,,,,,,0.0
400,80,RESIDUAL_SPREAD,72,FRACTIONAL_RESIDUAL_EXIT,bitget/hyperliquid,NON_GATE_PAIRS,19,0,19,1.0,,,,,,,,,,,,,,,,0.0,0,0,,,,,,,0.0
400,80,RESIDUAL_SPREAD,72,FRACTIONAL_RESIDUAL_EXIT,bitget/okx,NON_GATE_PAIRS,19,0,19,1.0,,,,,,,,,,,,,,,,0.0,0,0,,,,,,,0.0
400,80,RESIDUAL_SPREAD,72,FRACTIONAL_RESIDUAL_EXIT,gate/hyperliquid,GATE_PAIRS,0,0,0,,,,,,,,,,,,,,,,,,0,0,,,,,,,
400,80,RESIDUAL_SPREAD,72,FRACTIONAL_RESIDUAL_EXIT,gate/okx,GATE_PAIRS,0,0,0,,,,,,,,,,,,,,,,,,0,0,,,,,,,
400,80,RESIDUAL_SPREAD,72,FRACTIONAL_RESIDUAL_EXIT,hyperliquid/okx,NON_GATE_PAIRS,0,0,0,,,,,,,,,,,,,,,,,,0,0,,,,,,,
400,80,RESIDUAL_SPREAD,72,FRACTIONAL_RESIDUAL_EXIT,ALL_GATE_PAIRS,GATE_PAIRS,19,0,19,1.0,,,,,,,,,,,,,,,,0.0,0,0,,,,,,,0.0
400,80,RESIDUAL_SPREAD,72,FRACTIONAL_RESIDUAL_EXIT,ALL_NON_GATE_PAIRS,NON_GATE_PAIRS,57,0,57,1.0,,,,,,,,,,,,,,,,0.0,0,0,,,,,,,0.0
400,80,RESIDUAL_SPREAD,72,FRACTIONAL_RESIDUAL_EXIT,ALL_PAIRS,ALL,76,0,76,1.0,,,,,,,,,,,,,,,,0.0,0,0,,,,,,,0.0
500,0,RESIDUAL_SPREAD,24,LEGACY_RAW_EXIT,binance/bitget,NON_GATE_PAIRS,52,0,52,1.0,,,,,,,,,,,,,,,,0.0,0,0,,,,,,,0.0
500,0,RESIDUAL_SPREAD,24,LEGACY_RAW_EXIT,binance/gate,GATE_PAIRS,0,0,0,,,,,,,,,,,,,,,,,,0,0,,,,,,,
500,0,RESIDUAL_SPREAD,24,LEGACY_RAW_EXIT,binance/hyperliquid,NON_GATE_PAIRS,0,0,0,,,,,,,,,,,,,,,,,,0,0,,,,,,,
500,0,RESIDUAL_SPREAD,24,LEGACY_RAW_EXIT,binance/okx,NON_GATE_PAIRS,0,0,0,,,,,,,,,,,,,,,,,,0,0,,,,,,,
500,0,RESIDUAL_SPREAD,24,LEGACY_RAW_EXIT,bitget/gate,GATE_PAIRS,52,0,52,1.0,,,,,,,,,,,,,,,,0.0,0,0,,,,,,,0.0
500,0,RESIDUAL_SPREAD,24,LEGACY_RAW_EXIT,bitget/hyperliquid,NON_GATE_PAIRS,52,0,52,1.0,,,,,,,,,,,,,,,,0.0,0,0,,,,,,,0.0
500,0,RESIDUAL_SPREAD,24,LEGACY_RAW_EXIT,bitget/okx,NON_GATE_PAIRS,52,0,52,1.0,,,,,,,,,,,,,,,,0.0,0,0,,,,,,,0.0
500,0,RESIDUAL_SPREAD,24,LEGACY_RAW_EXIT,gate/hyperliquid,GATE_PAIRS,0,0,0,,,,,,,,,,,,,,,,,,0,0,,,,,,,
500,0,RESIDUAL_SPREAD,24,LEGACY_RAW_EXIT,gate/okx,GATE_PAIRS,0,0,0,,,,,,,,,,,,,,,,,,0,0,,,,,,,
500,0,RESIDUAL_SPREAD,24,LEGACY_RAW_EXIT,hyperliquid/okx,NON_GATE_PAIRS,0,0,0,,,,,,,,,,,,,,,,,,0,0,,,,,,,
500,0,RESIDUAL_SPREAD,24,LEGACY_RAW_EXIT,ALL_GATE_PAIRS,GATE_PAIRS,52,0,52,1.0,,,,,,,,,,,,,,,,0.0,0,0,,,,,,,0.0
500,0,RESIDUAL_SPREAD,24,LEGACY_RAW_EXIT,ALL_NON_GATE_PAIRS,NON_GATE_PAIRS,156,0,156,1.0,,,,,,,,,,,,,,,,0.0,0,0,,,,,,,0.0
500,0,RESIDUAL_SPREAD,24,LEGACY_RAW_EXIT,ALL_PAIRS,ALL,208,0,208,1.0,,,,,,,,,,,,,,,,0.0,0,0,,,,,,,0.0
500,0,RESIDUAL_SPREAD,24,BASELINE_RESIDUAL_EXIT,binance/bitget,NON_GATE_PAIRS,52,0,52,1.0,,,,,,,,,,,,,,,,0.0,0,0,,,,,,,0.0
500,0,RESIDUAL_SPREAD,24,BASELINE_RESIDUAL_EXIT,binance/gate,GATE_PAIRS,0,0,0,,,,,,,,,,,,,,,,,,0,0,,,,,,,
500,0,RESIDUAL_SPREAD,24,BASELINE_RESIDUAL_EXIT,binance/hyperliquid,NON_GATE_PAIRS,0,0,0,,,,,,,,,,,,,,,,,,0,0,,,,,,,
500,0,RESIDUAL_SPREAD,24,BASELINE_RESIDUAL_EXIT,binance/okx,NON_GATE_PAIRS,0,0,0,,,,,,,,,,,,,,,,,,0,0,,,,,,,
500,0,RESIDUAL_SPREAD,24,BASELINE_RESIDUAL_EXIT,bitget/gate,GATE_PAIRS,52,0,52,1.0,,,,,,,,,,,,,,,,0.0,0,0,,,,,,,0.0
500,0,RESIDUAL_SPREAD,24,BASELINE_RESIDUAL_EXIT,bitget/hyperliquid,NON_GATE_PAIRS,52,0,52,1.0,,,,,,,,,,,,,,,,0.0,0,0,,,,,,,0.0
500,0,RESIDUAL_SPREAD,24,BASELINE_RESIDUAL_EXIT,bitget/okx,NON_GATE_PAIRS,52,0,52,1.0,,,,,,,,,,,,,,,,0.0,0,0,,,,,,,0.0
500,0,RESIDUAL_SPREAD,24,BASELINE_RESIDUAL_EXIT,gate/hyperliquid,GATE_PAIRS,0,0,0,,,,,,,,,,,,,,,,,,0,0,,,,,,,
500,0,RESIDUAL_SPREAD,24,BASELINE_RESIDUAL_EXIT,gate/okx,GATE_PAIRS,0,0,0,,,,,,,,,,,,,,,,,,0,0,,,,,,,
500,0,RESIDUAL_SPREAD,24,BASELINE_RESIDUAL_EXIT,hyperliquid/okx,NON_GATE_PAIRS,0,0,0,,,,,,,,,,,,,,,,,,0,0,,,,,,,
500,0,RESIDUAL_SPREAD,24,BASELINE_RESIDUAL_EXIT,ALL_GATE_PAIRS,GATE_PAIRS,52,0,52,1.0,,,,,,,,,,,,,,,,0.0,0,0,,,,,,,0.0
500,0,RESIDUAL_SPREAD,24,BASELINE_RESIDUAL_EXIT,ALL_NON_GATE_PAIRS,NON_GATE_PAIRS,156,0,156,1.0,,,,,,,,,,,,,,,,0.0,0,0,,,,,,,0.0
500,0,RESIDUAL_SPREAD,24,BASELINE_RESIDUAL_EXIT,ALL_PAIRS,ALL,208,0,208,1.0,,,,,,,,,,,,,,,,0.0,0,0,,,,,,,0.0
500,0,RESIDUAL_SPREAD,24,FRACTIONAL_RESIDUAL_EXIT,binance/bitget,NON_GATE_PAIRS,52,0,52,1.0,,,,,,,,,,,,,,,,0.0,0,0,,,,,,,0.0
500,0,RESIDUAL_SPREAD,24,FRACTIONAL_RESIDUAL_EXIT,binance/gate,GATE_PAIRS,0,0,0,,,,,,,,,,,,,,,,,,0,0,,,,,,,
500,0,RESIDUAL_SPREAD,24,FRACTIONAL_RESIDUAL_EXIT,binance/hyperliquid,NON_GATE_PAIRS,0,0,0,,,,,,,,,,,,,,,,,,0,0,,,,,,,
500,0,RESIDUAL_SPREAD,24,FRACTIONAL_RESIDUAL_EXIT,binance/okx,NON_GATE_PAIRS,0,0,0,,,,,,,,,,,,,,,,,,0,0,,,,,,,
500,0,RESIDUAL_SPREAD,24,FRACTIONAL_RESIDUAL_EXIT,bitget/gate,GATE_PAIRS,52,0,52,1.0,,,,,,,,,,,,,,,,0.0,0,0,,,,,,,0.0
500,0,RESIDUAL_SPREAD,24,FRACTIONAL_RESIDUAL_EXIT,bitget/hyperliquid,NON_GATE_PAIRS,52,0,52,1.0,,,,,,,,,,,,,,,,0.0,0,0,,,,,,,0.0
500,0,RESIDUAL_SPREAD,24,FRACTIONAL_RESIDUAL_EXIT,bitget/okx,NON_GATE_PAIRS,52,0,52,1.0,,,,,,,,,,,,,,,,0.0,0,0,,,,,,,0.0
500,0,RESIDUAL_SPREAD,24,FRACTIONAL_RESIDUAL_EXIT,gate/hyperliquid,GATE_PAIRS,0,0,0,,,,,,,,,,,,,,,,,,0,0,,,,,,,
500,0,RESIDUAL_SPREAD,24,FRACTIONAL_RESIDUAL_EXIT,gate/okx,GATE_PAIRS,0,0,0,,,,,,,,,,,,,,,,,,0,0,,,,,,,
500,0,RESIDUAL_SPREAD,24,FRACTIONAL_RESIDUAL_EXIT,hyperliquid/okx,NON_GATE_PAIRS,0,0,0,,,,,,,,,,,,,,,,,,0,0,,,,,,,
500,0,RESIDUAL_SPREAD,24,FRACTIONAL_RESIDUAL_EXIT,ALL_GATE_PAIRS,GATE_PAIRS,52,0,52,1.0,,,,,,,,,,,,,,,,0.0,0,0,,,,,,,0.0
500,0,RESIDUAL_SPREAD,24,FRACTIONAL_RESIDUAL_EXIT,ALL_NON_GATE_PAIRS,NON_GATE_PAIRS,156,0,156,1.0,,,,,,,,,,,,,,,,0.0,0,0,,,,,,,0.0
500,0,RESIDUAL_SPREAD,24,FRACTIONAL_RESIDUAL_EXIT,ALL_PAIRS,ALL,208,0,208,1.0,,,,,,,,,,,,,,,,0.0,0,0,,,,,,,0.0
500,0,RESIDUAL_SPREAD,72,LEGACY_RAW_EXIT,binance/bitget,NON_GATE_PAIRS,19,0,19,1.0,,,,,,,,,,,,,,,,0.0,0,0,,,,,,,0.0
500,0,RESIDUAL_SPREAD,72,LEGACY_RAW_EXIT,binance/gate,GATE_PAIRS,0,0,0,,,,,,,,,,,,,,,,,,0,0,,,,,,,
500,0,RESIDUAL_SPREAD,72,LEGACY_RAW_EXIT,binance/hyperliquid,NON_GATE_PAIRS,0,0,0,,,,,,,,,,,,,,,,,,0,0,,,,,,,
500,0,RESIDUAL_SPREAD,72,LEGACY_RAW_EXIT,binance/okx,NON_GATE_PAIRS,0,0,0,,,,,,,,,,,,,,,,,,0,0,,,,,,,
500,0,RESIDUAL_SPREAD,72,LEGACY_RAW_EXIT,bitget/gate,GATE_PAIRS,19,0,19,1.0,,,,,,,,,,,,,,,,0.0,0,0,,,,,,,0.0
500,0,RESIDUAL_SPREAD,72,LEGACY_RAW_EXIT,bitget/hyperliquid,NON_GATE_PAIRS,19,0,19,1.0,,,,,,,,,,,,,,,,0.0,0,0,,,,,,,0.0
500,0,RESIDUAL_SPREAD,72,LEGACY_RAW_EXIT,bitget/okx,NON_GATE_PAIRS,19,0,19,1.0,,,,,,,,,,,,,,,,0.0,0,0,,,,,,,0.0
500,0,RESIDUAL_SPREAD,72,LEGACY_RAW_EXIT,gate/hyperliquid,GATE_PAIRS,0,0,0,,,,,,,,,,,,,,,,,,0,0,,,,,,,
500,0,RESIDUAL_SPREAD,72,LEGACY_RAW_EXIT,gate/okx,GATE_PAIRS,0,0,0,,,,,,,,,,,,,,,,,,0,0,,,,,,,
500,0,RESIDUAL_SPREAD,72,LEGACY_RAW_EXIT,hyperliquid/okx,NON_GATE_PAIRS,0,0,0,,,,,,,,,,,,,,,,,,0,0,,,,,,,
500,0,RESIDUAL_SPREAD,72,LEGACY_RAW_EXIT,ALL_GATE_PAIRS,GATE_PAIRS,19,0,19,1.0,,,,,,,,,,,,,,,,0.0,0,0,,,,,,,0.0
500,0,RESIDUAL_SPREAD,72,LEGACY_RAW_EXIT,ALL_NON_GATE_PAIRS,NON_GATE_PAIRS,57,0,57,1.0,,,,,,,,,,,,,,,,0.0,0,0,,,,,,,0.0
500,0,RESIDUAL_SPREAD,72,LEGACY_RAW_EXIT,ALL_PAIRS,ALL,76,0,76,1.0,,,,,,,,,,,,,,,,0.0,0,0,,,,,,,0.0
500,0,RESIDUAL_SPREAD,72,BASELINE_RESIDUAL_EXIT,binance/bitget,NON_GATE_PAIRS,19,0,19,1.0,,,,,,,,,,,,,,,,0.0,0,0,,,,,,,0.0
500,0,RESIDUAL_SPREAD,72,BASELINE_RESIDUAL_EXIT,binance/gate,GATE_PAIRS,0,0,0,,,,,,,,,,,,,,,,,,0,0,,,,,,,
500,0,RESIDUAL_SPREAD,72,BASELINE_RESIDUAL_EXIT,binance/hyperliquid,NON_GATE_PAIRS,0,0,0,,,,,,,,,,,,,,,,,,0,0,,,,,,,
500,0,RESIDUAL_SPREAD,72,BASELINE_RESIDUAL_EXIT,binance/okx,NON_GATE_PAIRS,0,0,0,,,,,,,,,,,,,,,,,,0,0,,,,,,,
500,0,RESIDUAL_SPREAD,72,BASELINE_RESIDUAL_EXIT,bitget/gate,GATE_PAIRS,19,0,19,1.0,,,,,,,,,,,,,,,,0.0,0,0,,,,,,,0.0
500,0,RESIDUAL_SPREAD,72,BASELINE_RESIDUAL_EXIT,bitget/hyperliquid,NON_GATE_PAIRS,19,0,19,1.0,,,,,,,,,,,,,,,,0.0,0,0,,,,,,,0.0
500,0,RESIDUAL_SPREAD,72,BASELINE_RESIDUAL_EXIT,bitget/okx,NON_GATE_PAIRS,19,0,19,1.0,,,,,,,,,,,,,,,,0.0,0,0,,,,,,,0.0
500,0,RESIDUAL_SPREAD,72,BASELINE_RESIDUAL_EXIT,gate/hyperliquid,GATE_PAIRS,0,0,0,,,,,,,,,,,,,,,,,,0,0,,,,,,,
500,0,RESIDUAL_SPREAD,72,BASELINE_RESIDUAL_EXIT,gate/okx,GATE_PAIRS,0,0,0,,,,,,,,,,,,,,,,,,0,0,,,,,,,
500,0,RESIDUAL_SPREAD,72,BASELINE_RESIDUAL_EXIT,hyperliquid/okx,NON_GATE_PAIRS,0,0,0,,,,,,,,,,,,,,,,,,0,0,,,,,,,
500,0,RESIDUAL_SPREAD,72,BASELINE_RESIDUAL_EXIT,ALL_GATE_PAIRS,GATE_PAIRS,19,0,19,1.0,,,,,,,,,,,,,,,,0.0,0,0,,,,,,,0.0
500,0,RESIDUAL_SPREAD,72,BASELINE_RESIDUAL_EXIT,ALL_NON_GATE_PAIRS,NON_GATE_PAIRS,57,0,57,1.0,,,,,,,,,,,,,,,,0.0,0,0,,,,,,,0.0
500,0,RESIDUAL_SPREAD,72,BASELINE_RESIDUAL_EXIT,ALL_PAIRS,ALL,76,0,76,1.0,,,,,,,,,,,,,,,,0.0,0,0,,,,,,,0.0
500,0,RESIDUAL_SPREAD,72,FRACTIONAL_RESIDUAL_EXIT,binance/bitget,NON_GATE_PAIRS,19,0,19,1.0,,,,,,,,,,,,,,,,0.0,0,0,,,,,,,0.0
500,0,RESIDUAL_SPREAD,72,FRACTIONAL_RESIDUAL_EXIT,binance/gate,GATE_PAIRS,0,0,0,,,,,,,,,,,,,,,,,,0,0,,,,,,,
500,0,RESIDUAL_SPREAD,72,FRACTIONAL_RESIDUAL_EXIT,binance/hyperliquid,NON_GATE_PAIRS,0,0,0,,,,,,,,,,,,,,,,,,0,0,,,,,,,
500,0,RESIDUAL_SPREAD,72,FRACTIONAL_RESIDUAL_EXIT,binance/okx,NON_GATE_PAIRS,0,0,0,,,,,,,,,,,,,,,,,,0,0,,,,,,,
500,0,RESIDUAL_SPREAD,72,FRACTIONAL_RESIDUAL_EXIT,bitget/gate,GATE_PAIRS,19,0,19,1.0,,,,,,,,,,,,,,,,0.0,0,0,,,,,,,0.0
500,0,RESIDUAL_SPREAD,72,FRACTIONAL_RESIDUAL_EXIT,bitget/hyperliquid,NON_GATE_PAIRS,19,0,19,1.0,,,,,,,,,,,,,,,,0.0,0,0,,,,,,,0.0
500,0,RESIDUAL_SPREAD,72,FRACTIONAL_RESIDUAL_EXIT,bitget/okx,NON_GATE_PAIRS,19,0,19,1.0,,,,,,,,,,,,,,,,0.0,0,0,,,,,,,0.0
500,0,RESIDUAL_SPREAD,72,FRACTIONAL_RESIDUAL_EXIT,gate/hyperliquid,GATE_PAIRS,0,0,0,,,,,,,,,,,,,,,,,,0,0,,,,,,,
500,0,RESIDUAL_SPREAD,72,FRACTIONAL_RESIDUAL_EXIT,gate/okx,GATE_PAIRS,0,0,0,,,,,,,,,,,,,,,,,,0,0,,,,,,,
500,0,RESIDUAL_SPREAD,72,FRACTIONAL_RESIDUAL_EXIT,hyperliquid/okx,NON_GATE_PAIRS,0,0,0,,,,,,,,,,,,,,,,,,0,0,,,,,,,
500,0,RESIDUAL_SPREAD,72,FRACTIONAL_RESIDUAL_EXIT,ALL_GATE_PAIRS,GATE_PAIRS,19,0,19,1.0,,,,,,,,,,,,,,,,0.0,0,0,,,,,,,0.0
500,0,RESIDUAL_SPREAD,72,FRACTIONAL_RESIDUAL_EXIT,ALL_NON_GATE_PAIRS,NON_GATE_PAIRS,57,0,57,1.0,,,,,,,,,,,,,,,,0.0,0,0,,,,,,,0.0
500,0,RESIDUAL_SPREAD,72,FRACTIONAL_RESIDUAL_EXIT,ALL_PAIRS,ALL,76,0,76,1.0,,,,,,,,,,,,,,,,0.0,0,0,,,,,,,0.0
500,20,RESIDUAL_SPREAD,24,LEGACY_RAW_EXIT,binance/bitget,NON_GATE_PAIRS,52,0,52,1.0,,,,,,,,,,,,,,,,0.0,0,0,,,,,,,0.0
500,20,RESIDUAL_SPREAD,24,LEGACY_RAW_EXIT,binance/gate,GATE_PAIRS,0,0,0,,,,,,,,,,,,,,,,,,0,0,,,,,,,
500,20,RESIDUAL_SPREAD,24,LEGACY_RAW_EXIT,binance/hyperliquid,NON_GATE_PAIRS,0,0,0,,,,,,,,,,,,,,,,,,0,0,,,,,,,
500,20,RESIDUAL_SPREAD,24,LEGACY_RAW_EXIT,binance/okx,NON_GATE_PAIRS,0,0,0,,,,,,,,,,,,,,,,,,0,0,,,,,,,
500,20,RESIDUAL_SPREAD,24,LEGACY_RAW_EXIT,bitget/gate,GATE_PAIRS,52,0,52,1.0,,,,,,,,,,,,,,,,0.0,0,0,,,,,,,0.0
500,20,RESIDUAL_SPREAD,24,LEGACY_RAW_EXIT,bitget/hyperliquid,NON_GATE_PAIRS,52,0,52,1.0,,,,,,,,,,,,,,,,0.0,0,0,,,,,,,0.0
500,20,RESIDUAL_SPREAD,24,LEGACY_RAW_EXIT,bitget/okx,NON_GATE_PAIRS,52,0,52,1.0,,,,,,,,,,,,,,,,0.0,0,0,,,,,,,0.0
500,20,RESIDUAL_SPREAD,24,LEGACY_RAW_EXIT,gate/hyperliquid,GATE_PAIRS,0,0,0,,,,,,,,,,,,,,,,,,0,0,,,,,,,
500,20,RESIDUAL_SPREAD,24,LEGACY_RAW_EXIT,gate/okx,GATE_PAIRS,0,0,0,,,,,,,,,,,,,,,,,,0,0,,,,,,,
500,20,RESIDUAL_SPREAD,24,LEGACY_RAW_EXIT,hyperliquid/okx,NON_GATE_PAIRS,0,0,0,,,,,,,,,,,,,,,,,,0,0,,,,,,,
500,20,RESIDUAL_SPREAD,24,LEGACY_RAW_EXIT,ALL_GATE_PAIRS,GATE_PAIRS,52,0,52,1.0,,,,,,,,,,,,,,,,0.0,0,0,,,,,,,0.0
500,20,RESIDUAL_SPREAD,24,LEGACY_RAW_EXIT,ALL_NON_GATE_PAIRS,NON_GATE_PAIRS,156,0,156,1.0,,,,,,,,,,,,,,,,0.0,0,0,,,,,,,0.0
500,20,RESIDUAL_SPREAD,24,LEGACY_RAW_EXIT,ALL_PAIRS,ALL,208,0,208,1.0,,,,,,,,,,,,,,,,0.0,0,0,,,,,,,0.0
500,20,RESIDUAL_SPREAD,24,BASELINE_RESIDUAL_EXIT,binance/bitget,NON_GATE_PAIRS,52,0,52,1.0,,,,,,,,,,,,,,,,0.0,0,0,,,,,,,0.0
500,20,RESIDUAL_SPREAD,24,BASELINE_RESIDUAL_EXIT,binance/gate,GATE_PAIRS,0,0,0,,,,,,,,,,,,,,,,,,0,0,,,,,,,
500,20,RESIDUAL_SPREAD,24,BASELINE_RESIDUAL_EXIT,binance/hyperliquid,NON_GATE_PAIRS,0,0,0,,,,,,,,,,,,,,,,,,0,0,,,,,,,
500,20,RESIDUAL_SPREAD,24,BASELINE_RESIDUAL_EXIT,binance/okx,NON_GATE_PAIRS,0,0,0,,,,,,,,,,,,,,,,,,0,0,,,,,,,
500,20,RESIDUAL_SPREAD,24,BASELINE_RESIDUAL_EXIT,bitget/gate,GATE_PAIRS,52,0,52,1.0,,,,,,,,,,,,,,,,0.0,0,0,,,,,,,0.0
500,20,RESIDUAL_SPREAD,24,BASELINE_RESIDUAL_EXIT,bitget/hyperliquid,NON_GATE_PAIRS,52,0,52,1.0,,,,,,,,,,,,,,,,0.0,0,0,,,,,,,0.0
500,20,RESIDUAL_SPREAD,24,BASELINE_RESIDUAL_EXIT,bitget/okx,NON_GATE_PAIRS,52,0,52,1.0,,,,,,,,,,,,,,,,0.0,0,0,,,,,,,0.0
500,20,RESIDUAL_SPREAD,24,BASELINE_RESIDUAL_EXIT,gate/hyperliquid,GATE_PAIRS,0,0,0,,,,,,,,,,,,,,,,,,0,0,,,,,,,
500,20,RESIDUAL_SPREAD,24,BASELINE_RESIDUAL_EXIT,gate/okx,GATE_PAIRS,0,0,0,,,,,,,,,,,,,,,,,,0,0,,,,,,,
500,20,RESIDUAL_SPREAD,24,BASELINE_RESIDUAL_EXIT,hyperliquid/okx,NON_GATE_PAIRS,0,0,0,,,,,,,,,,,,,,,,,,0,0,,,,,,,
500,20,RESIDUAL_SPREAD,24,BASELINE_RESIDUAL_EXIT,ALL_GATE_PAIRS,GATE_PAIRS,52,0,52,1.0,,,,,,,,,,,,,,,,0.0,0,0,,,,,,,0.0
500,20,RESIDUAL_SPREAD,24,BASELINE_RESIDUAL_EXIT,ALL_NON_GATE_PAIRS,NON_GATE_PAIRS,156,0,156,1.0,,,,,,,,,,,,,,,,0.0,0,0,,,,,,,0.0
500,20,RESIDUAL_SPREAD,24,BASELINE_RESIDUAL_EXIT,ALL_PAIRS,ALL,208,0,208,1.0,,,,,,,,,,,,,,,,0.0,0,0,,,,,,,0.0
500,20,RESIDUAL_SPREAD,24,FRACTIONAL_RESIDUAL_EXIT,binance/bitget,NON_GATE_PAIRS,52,0,52,1.0,,,,,,,,,,,,,,,,0.0,0,0,,,,,,,0.0
500,20,RESIDUAL_SPREAD,24,FRACTIONAL_RESIDUAL_EXIT,binance/gate,GATE_PAIRS,0,0,0,,,,,,,,,,,,,,,,,,0,0,,,,,,,
500,20,RESIDUAL_SPREAD,24,FRACTIONAL_RESIDUAL_EXIT,binance/hyperliquid,NON_GATE_PAIRS,0,0,0,,,,,,,,,,,,,,,,,,0,0,,,,,,,
500,20,RESIDUAL_SPREAD,24,FRACTIONAL_RESIDUAL_EXIT,binance/okx,NON_GATE_PAIRS,0,0,0,,,,,,,,,,,,,,,,,,0,0,,,,,,,
500,20,RESIDUAL_SPREAD,24,FRACTIONAL_RESIDUAL_EXIT,bitget/gate,GATE_PAIRS,52,0,52,1.0,,,,,,,,,,,,,,,,0.0,0,0,,,,,,,0.0
500,20,RESIDUAL_SPREAD,24,FRACTIONAL_RESIDUAL_EXIT,bitget/hyperliquid,NON_GATE_PAIRS,52,0,52,1.0,,,,,,,,,,,,,,,,0.0,0,0,,,,,,,0.0
500,20,RESIDUAL_SPREAD,24,FRACTIONAL_RESIDUAL_EXIT,bitget/okx,NON_GATE_PAIRS,52,0,52,1.0,,,,,,,,,,,,,,,,0.0,0,0,,,,,,,0.0
500,20,RESIDUAL_SPREAD,24,FRACTIONAL_RESIDUAL_EXIT,gate/hyperliquid,GATE_PAIRS,0,0,0,,,,,,,,,,,,,,,,,,0,0,,,,,,,
500,20,RESIDUAL_SPREAD,24,FRACTIONAL_RESIDUAL_EXIT,gate/okx,GATE_PAIRS,0,0,0,,,,,,,,,,,,,,,,,,0,0,,,,,,,
500,20,RESIDUAL_SPREAD,24,FRACTIONAL_RESIDUAL_EXIT,hyperliquid/okx,NON_GATE_PAIRS,0,0,0,,,,,,,,,,,,,,,,,,0,0,,,,,,,
500,20,RESIDUAL_SPREAD,24,FRACTIONAL_RESIDUAL_EXIT,ALL_GATE_PAIRS,GATE_PAIRS,52,0,52,1.0,,,,,,,,,,,,,,,,0.0,0,0,,,,,,,0.0
500,20,RESIDUAL_SPREAD,24,FRACTIONAL_RESIDUAL_EXIT,ALL_NON_GATE_PAIRS,NON_GATE_PAIRS,156,0,156,1.0,,,,,,,,,,,,,,,,0.0,0,0,,,,,,,0.0
500,20,RESIDUAL_SPREAD,24,FRACTIONAL_RESIDUAL_EXIT,ALL_PAIRS,ALL,208,0,208,1.0,,,,,,,,,,,,,,,,0.0,0,0,,,,,,,0.0
500,20,RESIDUAL_SPREAD,72,LEGACY_RAW_EXIT,binance/bitget,NON_GATE_PAIRS,19,0,19,1.0,,,,,,,,,,,,,,,,0.0,0,0,,,,,,,0.0
500,20,RESIDUAL_SPREAD,72,LEGACY_RAW_EXIT,binance/gate,GATE_PAIRS,0,0,0,,,,,,,,,,,,,,,,,,0,0,,,,,,,
500,20,RESIDUAL_SPREAD,72,LEGACY_RAW_EXIT,binance/hyperliquid,NON_GATE_PAIRS,0,0,0,,,,,,,,,,,,,,,,,,0,0,,,,,,,
500,20,RESIDUAL_SPREAD,72,LEGACY_RAW_EXIT,binance/okx,NON_GATE_PAIRS,0,0,0,,,,,,,,,,,,,,,,,,0,0,,,,,,,
500,20,RESIDUAL_SPREAD,72,LEGACY_RAW_EXIT,bitget/gate,GATE_PAIRS,19,0,19,1.0,,,,,,,,,,,,,,,,0.0,0,0,,,,,,,0.0
500,20,RESIDUAL_SPREAD,72,LEGACY_RAW_EXIT,bitget/hyperliquid,NON_GATE_PAIRS,19,0,19,1.0,,,,,,,,,,,,,,,,0.0,0,0,,,,,,,0.0
500,20,RESIDUAL_SPREAD,72,LEGACY_RAW_EXIT,bitget/okx,NON_GATE_PAIRS,19,0,19,1.0,,,,,,,,,,,,,,,,0.0,0,0,,,,,,,0.0
500,20,RESIDUAL_SPREAD,72,LEGACY_RAW_EXIT,gate/hyperliquid,GATE_PAIRS,0,0,0,,,,,,,,,,,,,,,,,,0,0,,,,,,,
500,20,RESIDUAL_SPREAD,72,LEGACY_RAW_EXIT,gate/okx,GATE_PAIRS,0,0,0,,,,,,,,,,,,,,,,,,0,0,,,,,,,
500,20,RESIDUAL_SPREAD,72,LEGACY_RAW_EXIT,hyperliquid/okx,NON_GATE_PAIRS,0,0,0,,,,,,,,,,,,,,,,,,0,0,,,,,,,
500,20,RESIDUAL_SPREAD,72,LEGACY_RAW_EXIT,ALL_GATE_PAIRS,GATE_PAIRS,19,0,19,1.0,,,,,,,,,,,,,,,,0.0,0,0,,,,,,,0.0
500,20,RESIDUAL_SPREAD,72,LEGACY_RAW_EXIT,ALL_NON_GATE_PAIRS,NON_GATE_PAIRS,57,0,57,1.0,,,,,,,,,,,,,,,,0.0,0,0,,,,,,,0.0
500,20,RESIDUAL_SPREAD,72,LEGACY_RAW_EXIT,ALL_PAIRS,ALL,76,0,76,1.0,,,,,,,,,,,,,,,,0.0,0,0,,,,,,,0.0
500,20,RESIDUAL_SPREAD,72,BASELINE_RESIDUAL_EXIT,binance/bitget,NON_GATE_PAIRS,19,0,19,1.0,,,,,,,,,,,,,,,,0.0,0,0,,,,,,,0.0
500,20,RESIDUAL_SPREAD,72,BASELINE_RESIDUAL_EXIT,binance/gate,GATE_PAIRS,0,0,0,,,,,,,,,,,,,,,,,,0,0,,,,,,,
500,20,RESIDUAL_SPREAD,72,BASELINE_RESIDUAL_EXIT,binance/hyperliquid,NON_GATE_PAIRS,0,0,0,,,,,,,,,,,,,,,,,,0,0,,,,,,,
500,20,RESIDUAL_SPREAD,72,BASELINE_RESIDUAL_EXIT,binance/okx,NON_GATE_PAIRS,0,0,0,,,,,,,,,,,,,,,,,,0,0,,,,,,,
500,20,RESIDUAL_SPREAD,72,BASELINE_RESIDUAL_EXIT,bitget/gate,GATE_PAIRS,19,0,19,1.0,,,,,,,,,,,,,,,,0.0,0,0,,,,,,,0.0
500,20,RESIDUAL_SPREAD,72,BASELINE_RESIDUAL_EXIT,bitget/hyperliquid,NON_GATE_PAIRS,19,0,19,1.0,,,,,,,,,,,,,,,,0.0,0,0,,,,,,,0.0
500,20,RESIDUAL_SPREAD,72,BASELINE_RESIDUAL_EXIT,bitget/okx,NON_GATE_PAIRS,19,0,19,1.0,,,,,,,,,,,,,,,,0.0,0,0,,,,,,,0.0
500,20,RESIDUAL_SPREAD,72,BASELINE_RESIDUAL_EXIT,gate/hyperliquid,GATE_PAIRS,0,0,0,,,,,,,,,,,,,,,,,,0,0,,,,,,,
500,20,RESIDUAL_SPREAD,72,BASELINE_RESIDUAL_EXIT,gate/okx,GATE_PAIRS,0,0,0,,,,,,,,,,,,,,,,,,0,0,,,,,,,
500,20,RESIDUAL_SPREAD,72,BASELINE_RESIDUAL_EXIT,hyperliquid/okx,NON_GATE_PAIRS,0,0,0,,,,,,,,,,,,,,,,,,0,0,,,,,,,
500,20,RESIDUAL_SPREAD,72,BASELINE_RESIDUAL_EXIT,ALL_GATE_PAIRS,GATE_PAIRS,19,0,19,1.0,,,,,,,,,,,,,,,,0.0,0,0,,,,,,,0.0
500,20,RESIDUAL_SPREAD,72,BASELINE_RESIDUAL_EXIT,ALL_NON_GATE_PAIRS,NON_GATE_PAIRS,57,0,57,1.0,,,,,,,,,,,,,,,,0.0,0,0,,,,,,,0.0
500,20,RESIDUAL_SPREAD,72,BASELINE_RESIDUAL_EXIT,ALL_PAIRS,ALL,76,0,76,1.0,,,,,,,,,,,,,,,,0.0,0,0,,,,,,,0.0
500,20,RESIDUAL_SPREAD,72,FRACTIONAL_RESIDUAL_EXIT,binance/bitget,NON_GATE_PAIRS,19,0,19,1.0,,,,,,,,,,,,,,,,0.0,0,0,,,,,,,0.0
500,20,RESIDUAL_SPREAD,72,FRACTIONAL_RESIDUAL_EXIT,binance/gate,GATE_PAIRS,0,0,0,,,,,,,,,,,,,,,,,,0,0,,,,,,,
500,20,RESIDUAL_SPREAD,72,FRACTIONAL_RESIDUAL_EXIT,binance/hyperliquid,NON_GATE_PAIRS,0,0,0,,,,,,,,,,,,,,,,,,0,0,,,,,,,
500,20,RESIDUAL_SPREAD,72,FRACTIONAL_RESIDUAL_EXIT,binance/okx,NON_GATE_PAIRS,0,0,0,,,,,,,,,,,,,,,,,,0,0,,,,,,,
500,20,RESIDUAL_SPREAD,72,FRACTIONAL_RESIDUAL_EXIT,bitget/gate,GATE_PAIRS,19,0,19,1.0,,,,,,,,,,,,,,,,0.0,0,0,,,,,,,0.0
500,20,RESIDUAL_SPREAD,72,FRACTIONAL_RESIDUAL_EXIT,bitget/hyperliquid,NON_GATE_PAIRS,19,0,19,1.0,,,,,,,,,,,,,,,,0.0,0,0,,,,,,,0.0
500,20,RESIDUAL_SPREAD,72,FRACTIONAL_RESIDUAL_EXIT,bitget/okx,NON_GATE_PAIRS,19,0,19,1.0,,,,,,,,,,,,,,,,0.0,0,0,,,,,,,0.0
500,20,RESIDUAL_SPREAD,72,FRACTIONAL_RESIDUAL_EXIT,gate/hyperliquid,GATE_PAIRS,0,0,0,,,,,,,,,,,,,,,,,,0,0,,,,,,,
500,20,RESIDUAL_SPREAD,72,FRACTIONAL_RESIDUAL_EXIT,gate/okx,GATE_PAIRS,0,0,0,,,,,,,,,,,,,,,,,,0,0,,,,,,,
500,20,RESIDUAL_SPREAD,72,FRACTIONAL_RESIDUAL_EXIT,hyperliquid/okx,NON_GATE_PAIRS,0,0,0,,,,,,,,,,,,,,,,,,0,0,,,,,,,
500,20,RESIDUAL_SPREAD,72,FRACTIONAL_RESIDUAL_EXIT,ALL_GATE_PAIRS,GATE_PAIRS,19,0,19,1.0,,,,,,,,,,,,,,,,0.0,0,0,,,,,,,0.0
500,20,RESIDUAL_SPREAD,72,FRACTIONAL_RESIDUAL_EXIT,ALL_NON_GATE_PAIRS,NON_GATE_PAIRS,57,0,57,1.0,,,,,,,,,,,,,,,,0.0,0,0,,,,,,,0.0
500,20,RESIDUAL_SPREAD,72,FRACTIONAL_RESIDUAL_EXIT,ALL_PAIRS,ALL,76,0,76,1.0,,,,,,,,,,,,,,,,0.0,0,0,,,,,,,0.0
500,40,RESIDUAL_SPREAD,24,LEGACY_RAW_EXIT,binance/bitget,NON_GATE_PAIRS,52,0,52,1.0,,,,,,,,,,,,,,,,0.0,0,0,,,,,,,0.0
500,40,RESIDUAL_SPREAD,24,LEGACY_RAW_EXIT,binance/gate,GATE_PAIRS,0,0,0,,,,,,,,,,,,,,,,,,0,0,,,,,,,
500,40,RESIDUAL_SPREAD,24,LEGACY_RAW_EXIT,binance/hyperliquid,NON_GATE_PAIRS,0,0,0,,,,,,,,,,,,,,,,,,0,0,,,,,,,
500,40,RESIDUAL_SPREAD,24,LEGACY_RAW_EXIT,binance/okx,NON_GATE_PAIRS,0,0,0,,,,,,,,,,,,,,,,,,0,0,,,,,,,
500,40,RESIDUAL_SPREAD,24,LEGACY_RAW_EXIT,bitget/gate,GATE_PAIRS,52,0,52,1.0,,,,,,,,,,,,,,,,0.0,0,0,,,,,,,0.0
500,40,RESIDUAL_SPREAD,24,LEGACY_RAW_EXIT,bitget/hyperliquid,NON_GATE_PAIRS,52,0,52,1.0,,,,,,,,,,,,,,,,0.0,0,0,,,,,,,0.0
500,40,RESIDUAL_SPREAD,24,LEGACY_RAW_EXIT,bitget/okx,NON_GATE_PAIRS,52,0,52,1.0,,,,,,,,,,,,,,,,0.0,0,0,,,,,,,0.0
500,40,RESIDUAL_SPREAD,24,LEGACY_RAW_EXIT,gate/hyperliquid,GATE_PAIRS,0,0,0,,,,,,,,,,,,,,,,,,0,0,,,,,,,
500,40,RESIDUAL_SPREAD,24,LEGACY_RAW_EXIT,gate/okx,GATE_PAIRS,0,0,0,,,,,,,,,,,,,,,,,,0,0,,,,,,,
500,40,RESIDUAL_SPREAD,24,LEGACY_RAW_EXIT,hyperliquid/okx,NON_GATE_PAIRS,0,0,0,,,,,,,,,,,,,,,,,,0,0,,,,,,,
500,40,RESIDUAL_SPREAD,24,LEGACY_RAW_EXIT,ALL_GATE_PAIRS,GATE_PAIRS,52,0,52,1.0,,,,,,,,,,,,,,,,0.0,0,0,,,,,,,0.0
500,40,RESIDUAL_SPREAD,24,LEGACY_RAW_EXIT,ALL_NON_GATE_PAIRS,NON_GATE_PAIRS,156,0,156,1.0,,,,,,,,,,,,,,,,0.0,0,0,,,,,,,0.0
500,40,RESIDUAL_SPREAD,24,LEGACY_RAW_EXIT,ALL_PAIRS,ALL,208,0,208,1.0,,,,,,,,,,,,,,,,0.0,0,0,,,,,,,0.0
500,40,RESIDUAL_SPREAD,24,BASELINE_RESIDUAL_EXIT,binance/bitget,NON_GATE_PAIRS,52,0,52,1.0,,,,,,,,,,,,,,,,0.0,0,0,,,,,,,0.0
500,40,RESIDUAL_SPREAD,24,BASELINE_RESIDUAL_EXIT,binance/gate,GATE_PAIRS,0,0,0,,,,,,,,,,,,,,,,,,0,0,,,,,,,
500,40,RESIDUAL_SPREAD,24,BASELINE_RESIDUAL_EXIT,binance/hyperliquid,NON_GATE_PAIRS,0,0,0,,,,,,,,,,,,,,,,,,0,0,,,,,,,
500,40,RESIDUAL_SPREAD,24,BASELINE_RESIDUAL_EXIT,binance/okx,NON_GATE_PAIRS,0,0,0,,,,,,,,,,,,,,,,,,0,0,,,,,,,
500,40,RESIDUAL_SPREAD,24,BASELINE_RESIDUAL_EXIT,bitget/gate,GATE_PAIRS,52,0,52,1.0,,,,,,,,,,,,,,,,0.0,0,0,,,,,,,0.0
500,40,RESIDUAL_SPREAD,24,BASELINE_RESIDUAL_EXIT,bitget/hyperliquid,NON_GATE_PAIRS,52,0,52,1.0,,,,,,,,,,,,,,,,0.0,0,0,,,,,,,0.0
500,40,RESIDUAL_SPREAD,24,BASELINE_RESIDUAL_EXIT,bitget/okx,NON_GATE_PAIRS,52,0,52,1.0,,,,,,,,,,,,,,,,0.0,0,0,,,,,,,0.0
500,40,RESIDUAL_SPREAD,24,BASELINE_RESIDUAL_EXIT,gate/hyperliquid,GATE_PAIRS,0,0,0,,,,,,,,,,,,,,,,,,0,0,,,,,,,
500,40,RESIDUAL_SPREAD,24,BASELINE_RESIDUAL_EXIT,gate/okx,GATE_PAIRS,0,0,0,,,,,,,,,,,,,,,,,,0,0,,,,,,,
500,40,RESIDUAL_SPREAD,24,BASELINE_RESIDUAL_EXIT,hyperliquid/okx,NON_GATE_PAIRS,0,0,0,,,,,,,,,,,,,,,,,,0,0,,,,,,,
500,40,RESIDUAL_SPREAD,24,BASELINE_RESIDUAL_EXIT,ALL_GATE_PAIRS,GATE_PAIRS,52,0,52,1.0,,,,,,,,,,,,,,,,0.0,0,0,,,,,,,0.0
500,40,RESIDUAL_SPREAD,24,BASELINE_RESIDUAL_EXIT,ALL_NON_GATE_PAIRS,NON_GATE_PAIRS,156,0,156,1.0,,,,,,,,,,,,,,,,0.0,0,0,,,,,,,0.0
500,40,RESIDUAL_SPREAD,24,BASELINE_RESIDUAL_EXIT,ALL_PAIRS,ALL,208,0,208,1.0,,,,,,,,,,,,,,,,0.0,0,0,,,,,,,0.0
500,40,RESIDUAL_SPREAD,24,FRACTIONAL_RESIDUAL_EXIT,binance/bitget,NON_GATE_PAIRS,52,0,52,1.0,,,,,,,,,,,,,,,,0.0,0,0,,,,,,,0.0
500,40,RESIDUAL_SPREAD,24,FRACTIONAL_RESIDUAL_EXIT,binance/gate,GATE_PAIRS,0,0,0,,,,,,,,,,,,,,,,,,0,0,,,,,,,
500,40,RESIDUAL_SPREAD,24,FRACTIONAL_RESIDUAL_EXIT,binance/hyperliquid,NON_GATE_PAIRS,0,0,0,,,,,,,,,,,,,,,,,,0,0,,,,,,,
500,40,RESIDUAL_SPREAD,24,FRACTIONAL_RESIDUAL_EXIT,binance/okx,NON_GATE_PAIRS,0,0,0,,,,,,,,,,,,,,,,,,0,0,,,,,,,
500,40,RESIDUAL_SPREAD,24,FRACTIONAL_RESIDUAL_EXIT,bitget/gate,GATE_PAIRS,52,0,52,1.0,,,,,,,,,,,,,,,,0.0,0,0,,,,,,,0.0
500,40,RESIDUAL_SPREAD,24,FRACTIONAL_RESIDUAL_EXIT,bitget/hyperliquid,NON_GATE_PAIRS,52,0,52,1.0,,,,,,,,,,,,,,,,0.0,0,0,,,,,,,0.0
500,40,RESIDUAL_SPREAD,24,FRACTIONAL_RESIDUAL_EXIT,bitget/okx,NON_GATE_PAIRS,52,0,52,1.0,,,,,,,,,,,,,,,,0.0,0,0,,,,,,,0.0
500,40,RESIDUAL_SPREAD,24,FRACTIONAL_RESIDUAL_EXIT,gate/hyperliquid,GATE_PAIRS,0,0,0,,,,,,,,,,,,,,,,,,0,0,,,,,,,
500,40,RESIDUAL_SPREAD,24,FRACTIONAL_RESIDUAL_EXIT,gate/okx,GATE_PAIRS,0,0,0,,,,,,,,,,,,,,,,,,0,0,,,,,,,
500,40,RESIDUAL_SPREAD,24,FRACTIONAL_RESIDUAL_EXIT,hyperliquid/okx,NON_GATE_PAIRS,0,0,0,,,,,,,,,,,,,,,,,,0,0,,,,,,,
500,40,RESIDUAL_SPREAD,24,FRACTIONAL_RESIDUAL_EXIT,ALL_GATE_PAIRS,GATE_PAIRS,52,0,52,1.0,,,,,,,,,,,,,,,,0.0,0,0,,,,,,,0.0
500,40,RESIDUAL_SPREAD,24,FRACTIONAL_RESIDUAL_EXIT,ALL_NON_GATE_PAIRS,NON_GATE_PAIRS,156,0,156,1.0,,,,,,,,,,,,,,,,0.0,0,0,,,,,,,0.0
500,40,RESIDUAL_SPREAD,24,FRACTIONAL_RESIDUAL_EXIT,ALL_PAIRS,ALL,208,0,208,1.0,,,,,,,,,,,,,,,,0.0,0,0,,,,,,,0.0
500,40,RESIDUAL_SPREAD,72,LEGACY_RAW_EXIT,binance/bitget,NON_GATE_PAIRS,19,0,19,1.0,,,,,,,,,,,,,,,,0.0,0,0,,,,,,,0.0
500,40,RESIDUAL_SPREAD,72,LEGACY_RAW_EXIT,binance/gate,GATE_PAIRS,0,0,0,,,,,,,,,,,,,,,,,,0,0,,,,,,,
500,40,RESIDUAL_SPREAD,72,LEGACY_RAW_EXIT,binance/hyperliquid,NON_GATE_PAIRS,0,0,0,,,,,,,,,,,,,,,,,,0,0,,,,,,,
500,40,RESIDUAL_SPREAD,72,LEGACY_RAW_EXIT,binance/okx,NON_GATE_PAIRS,0,0,0,,,,,,,,,,,,,,,,,,0,0,,,,,,,
500,40,RESIDUAL_SPREAD,72,LEGACY_RAW_EXIT,bitget/gate,GATE_PAIRS,19,0,19,1.0,,,,,,,,,,,,,,,,0.0,0,0,,,,,,,0.0
500,40,RESIDUAL_SPREAD,72,LEGACY_RAW_EXIT,bitget/hyperliquid,NON_GATE_PAIRS,19,0,19,1.0,,,,,,,,,,,,,,,,0.0,0,0,,,,,,,0.0
500,40,RESIDUAL_SPREAD,72,LEGACY_RAW_EXIT,bitget/okx,NON_GATE_PAIRS,19,0,19,1.0,,,,,,,,,,,,,,,,0.0,0,0,,,,,,,0.0
500,40,RESIDUAL_SPREAD,72,LEGACY_RAW_EXIT,gate/hyperliquid,GATE_PAIRS,0,0,0,,,,,,,,,,,,,,,,,,0,0,,,,,,,
500,40,RESIDUAL_SPREAD,72,LEGACY_RAW_EXIT,gate/okx,GATE_PAIRS,0,0,0,,,,,,,,,,,,,,,,,,0,0,,,,,,,
500,40,RESIDUAL_SPREAD,72,LEGACY_RAW_EXIT,hyperliquid/okx,NON_GATE_PAIRS,0,0,0,,,,,,,,,,,,,,,,,,0,0,,,,,,,
500,40,RESIDUAL_SPREAD,72,LEGACY_RAW_EXIT,ALL_GATE_PAIRS,GATE_PAIRS,19,0,19,1.0,,,,,,,,,,,,,,,,0.0,0,0,,,,,,,0.0
500,40,RESIDUAL_SPREAD,72,LEGACY_RAW_EXIT,ALL_NON_GATE_PAIRS,NON_GATE_PAIRS,57,0,57,1.0,,,,,,,,,,,,,,,,0.0,0,0,,,,,,,0.0
500,40,RESIDUAL_SPREAD,72,LEGACY_RAW_EXIT,ALL_PAIRS,ALL,76,0,76,1.0,,,,,,,,,,,,,,,,0.0,0,0,,,,,,,0.0
500,40,RESIDUAL_SPREAD,72,BASELINE_RESIDUAL_EXIT,binance/bitget,NON_GATE_PAIRS,19,0,19,1.0,,,,,,,,,,,,,,,,0.0,0,0,,,,,,,0.0
500,40,RESIDUAL_SPREAD,72,BASELINE_RESIDUAL_EXIT,binance/gate,GATE_PAIRS,0,0,0,,,,,,,,,,,,,,,,,,0,0,,,,,,,
500,40,RESIDUAL_SPREAD,72,BASELINE_RESIDUAL_EXIT,binance/hyperliquid,NON_GATE_PAIRS,0,0,0,,,,,,,,,,,,,,,,,,0,0,,,,,,,
500,40,RESIDUAL_SPREAD,72,BASELINE_RESIDUAL_EXIT,binance/okx,NON_GATE_PAIRS,0,0,0,,,,,,,,,,,,,,,,,,0,0,,,,,,,
500,40,RESIDUAL_SPREAD,72,BASELINE_RESIDUAL_EXIT,bitget/gate,GATE_PAIRS,19,0,19,1.0,,,,,,,,,,,,,,,,0.0,0,0,,,,,,,0.0
500,40,RESIDUAL_SPREAD,72,BASELINE_RESIDUAL_EXIT,bitget/hyperliquid,NON_GATE_PAIRS,19,0,19,1.0,,,,,,,,,,,,,,,,0.0,0,0,,,,,,,0.0
500,40,RESIDUAL_SPREAD,72,BASELINE_RESIDUAL_EXIT,bitget/okx,NON_GATE_PAIRS,19,0,19,1.0,,,,,,,,,,,,,,,,0.0,0,0,,,,,,,0.0
500,40,RESIDUAL_SPREAD,72,BASELINE_RESIDUAL_EXIT,gate/hyperliquid,GATE_PAIRS,0,0,0,,,,,,,,,,,,,,,,,,0,0,,,,,,,
500,40,RESIDUAL_SPREAD,72,BASELINE_RESIDUAL_EXIT,gate/okx,GATE_PAIRS,0,0,0,,,,,,,,,,,,,,,,,,0,0,,,,,,,
500,40,RESIDUAL_SPREAD,72,BASELINE_RESIDUAL_EXIT,hyperliquid/okx,NON_GATE_PAIRS,0,0,0,,,,,,,,,,,,,,,,,,0,0,,,,,,,
500,40,RESIDUAL_SPREAD,72,BASELINE_RESIDUAL_EXIT,ALL_GATE_PAIRS,GATE_PAIRS,19,0,19,1.0,,,,,,,,,,,,,,,,0.0,0,0,,,,,,,0.0
500,40,RESIDUAL_SPREAD,72,BASELINE_RESIDUAL_EXIT,ALL_NON_GATE_PAIRS,NON_GATE_PAIRS,57,0,57,1.0,,,,,,,,,,,,,,,,0.0,0,0,,,,,,,0.0
500,40,RESIDUAL_SPREAD,72,BASELINE_RESIDUAL_EXIT,ALL_PAIRS,ALL,76,0,76,1.0,,,,,,,,,,,,,,,,0.0,0,0,,,,,,,0.0
500,40,RESIDUAL_SPREAD,72,FRACTIONAL_RESIDUAL_EXIT,binance/bitget,NON_GATE_PAIRS,19,0,19,1.0,,,,,,,,,,,,,,,,0.0,0,0,,,,,,,0.0
500,40,RESIDUAL_SPREAD,72,FRACTIONAL_RESIDUAL_EXIT,binance/gate,GATE_PAIRS,0,0,0,,,,,,,,,,,,,,,,,,0,0,,,,,,,
500,40,RESIDUAL_SPREAD,72,FRACTIONAL_RESIDUAL_EXIT,binance/hyperliquid,NON_GATE_PAIRS,0,0,0,,,,,,,,,,,,,,,,,,0,0,,,,,,,
500,40,RESIDUAL_SPREAD,72,FRACTIONAL_RESIDUAL_EXIT,binance/okx,NON_GATE_PAIRS,0,0,0,,,,,,,,,,,,,,,,,,0,0,,,,,,,
500,40,RESIDUAL_SPREAD,72,FRACTIONAL_RESIDUAL_EXIT,bitget/gate,GATE_PAIRS,19,0,19,1.0,,,,,,,,,,,,,,,,0.0,0,0,,,,,,,0.0
500,40,RESIDUAL_SPREAD,72,FRACTIONAL_RESIDUAL_EXIT,bitget/hyperliquid,NON_GATE_PAIRS,19,0,19,1.0,,,,,,,,,,,,,,,,0.0,0,0,,,,,,,0.0
500,40,RESIDUAL_SPREAD,72,FRACTIONAL_RESIDUAL_EXIT,bitget/okx,NON_GATE_PAIRS,19,0,19,1.0,,,,,,,,,,,,,,,,0.0,0,0,,,,,,,0.0
500,40,RESIDUAL_SPREAD,72,FRACTIONAL_RESIDUAL_EXIT,gate/hyperliquid,GATE_PAIRS,0,0,0,,,,,,,,,,,,,,,,,,0,0,,,,,,,
500,40,RESIDUAL_SPREAD,72,FRACTIONAL_RESIDUAL_EXIT,gate/okx,GATE_PAIRS,0,0,0,,,,,,,,,,,,,,,,,,0,0,,,,,,,
500,40,RESIDUAL_SPREAD,72,FRACTIONAL_RESIDUAL_EXIT,hyperliquid/okx,NON_GATE_PAIRS,0,0,0,,,,,,,,,,,,,,,,,,0,0,,,,,,,
500,40,RESIDUAL_SPREAD,72,FRACTIONAL_RESIDUAL_EXIT,ALL_GATE_PAIRS,GATE_PAIRS,19,0,19,1.0,,,,,,,,,,,,,,,,0.0,0,0,,,,,,,0.0
500,40,RESIDUAL_SPREAD,72,FRACTIONAL_RESIDUAL_EXIT,ALL_NON_GATE_PAIRS,NON_GATE_PAIRS,57,0,57,1.0,,,,,,,,,,,,,,,,0.0,0,0,,,,,,,0.0
500,40,RESIDUAL_SPREAD,72,FRACTIONAL_RESIDUAL_EXIT,ALL_PAIRS,ALL,76,0,76,1.0,,,,,,,,,,,,,,,,0.0,0,0,,,,,,,0.0
500,58,RESIDUAL_SPREAD,24,LEGACY_RAW_EXIT,binance/bitget,NON_GATE_PAIRS,52,0,52,1.0,,,,,,,,,,,,,,,,0.0,0,0,,,,,,,0.0
500,58,RESIDUAL_SPREAD,24,LEGACY_RAW_EXIT,binance/gate,GATE_PAIRS,0,0,0,,,,,,,,,,,,,,,,,,0,0,,,,,,,
500,58,RESIDUAL_SPREAD,24,LEGACY_RAW_EXIT,binance/hyperliquid,NON_GATE_PAIRS,0,0,0,,,,,,,,,,,,,,,,,,0,0,,,,,,,
500,58,RESIDUAL_SPREAD,24,LEGACY_RAW_EXIT,binance/okx,NON_GATE_PAIRS,0,0,0,,,,,,,,,,,,,,,,,,0,0,,,,,,,
500,58,RESIDUAL_SPREAD,24,LEGACY_RAW_EXIT,bitget/gate,GATE_PAIRS,52,0,52,1.0,,,,,,,,,,,,,,,,0.0,0,0,,,,,,,0.0
500,58,RESIDUAL_SPREAD,24,LEGACY_RAW_EXIT,bitget/hyperliquid,NON_GATE_PAIRS,52,0,52,1.0,,,,,,,,,,,,,,,,0.0,0,0,,,,,,,0.0
500,58,RESIDUAL_SPREAD,24,LEGACY_RAW_EXIT,bitget/okx,NON_GATE_PAIRS,52,0,52,1.0,,,,,,,,,,,,,,,,0.0,0,0,,,,,,,0.0
500,58,RESIDUAL_SPREAD,24,LEGACY_RAW_EXIT,gate/hyperliquid,GATE_PAIRS,0,0,0,,,,,,,,,,,,,,,,,,0,0,,,,,,,
500,58,RESIDUAL_SPREAD,24,LEGACY_RAW_EXIT,gate/okx,GATE_PAIRS,0,0,0,,,,,,,,,,,,,,,,,,0,0,,,,,,,
500,58,RESIDUAL_SPREAD,24,LEGACY_RAW_EXIT,hyperliquid/okx,NON_GATE_PAIRS,0,0,0,,,,,,,,,,,,,,,,,,0,0,,,,,,,
500,58,RESIDUAL_SPREAD,24,LEGACY_RAW_EXIT,ALL_GATE_PAIRS,GATE_PAIRS,52,0,52,1.0,,,,,,,,,,,,,,,,0.0,0,0,,,,,,,0.0
500,58,RESIDUAL_SPREAD,24,LEGACY_RAW_EXIT,ALL_NON_GATE_PAIRS,NON_GATE_PAIRS,156,0,156,1.0,,,,,,,,,,,,,,,,0.0,0,0,,,,,,,0.0
500,58,RESIDUAL_SPREAD,24,LEGACY_RAW_EXIT,ALL_PAIRS,ALL,208,0,208,1.0,,,,,,,,,,,,,,,,0.0,0,0,,,,,,,0.0
500,58,RESIDUAL_SPREAD,24,BASELINE_RESIDUAL_EXIT,binance/bitget,NON_GATE_PAIRS,52,0,52,1.0,,,,,,,,,,,,,,,,0.0,0,0,,,,,,,0.0
500,58,RESIDUAL_SPREAD,24,BASELINE_RESIDUAL_EXIT,binance/gate,GATE_PAIRS,0,0,0,,,,,,,,,,,,,,,,,,0,0,,,,,,,
500,58,RESIDUAL_SPREAD,24,BASELINE_RESIDUAL_EXIT,binance/hyperliquid,NON_GATE_PAIRS,0,0,0,,,,,,,,,,,,,,,,,,0,0,,,,,,,
500,58,RESIDUAL_SPREAD,24,BASELINE_RESIDUAL_EXIT,binance/okx,NON_GATE_PAIRS,0,0,0,,,,,,,,,,,,,,,,,,0,0,,,,,,,
500,58,RESIDUAL_SPREAD,24,BASELINE_RESIDUAL_EXIT,bitget/gate,GATE_PAIRS,52,0,52,1.0,,,,,,,,,,,,,,,,0.0,0,0,,,,,,,0.0
500,58,RESIDUAL_SPREAD,24,BASELINE_RESIDUAL_EXIT,bitget/hyperliquid,NON_GATE_PAIRS,52,0,52,1.0,,,,,,,,,,,,,,,,0.0,0,0,,,,,,,0.0
500,58,RESIDUAL_SPREAD,24,BASELINE_RESIDUAL_EXIT,bitget/okx,NON_GATE_PAIRS,52,0,52,1.0,,,,,,,,,,,,,,,,0.0,0,0,,,,,,,0.0
500,58,RESIDUAL_SPREAD,24,BASELINE_RESIDUAL_EXIT,gate/hyperliquid,GATE_PAIRS,0,0,0,,,,,,,,,,,,,,,,,,0,0,,,,,,,
500,58,RESIDUAL_SPREAD,24,BASELINE_RESIDUAL_EXIT,gate/okx,GATE_PAIRS,0,0,0,,,,,,,,,,,,,,,,,,0,0,,,,,,,
500,58,RESIDUAL_SPREAD,24,BASELINE_RESIDUAL_EXIT,hyperliquid/okx,NON_GATE_PAIRS,0,0,0,,,,,,,,,,,,,,,,,,0,0,,,,,,,
500,58,RESIDUAL_SPREAD,24,BASELINE_RESIDUAL_EXIT,ALL_GATE_PAIRS,GATE_PAIRS,52,0,52,1.0,,,,,,,,,,,,,,,,0.0,0,0,,,,,,,0.0
500,58,RESIDUAL_SPREAD,24,BASELINE_RESIDUAL_EXIT,ALL_NON_GATE_PAIRS,NON_GATE_PAIRS,156,0,156,1.0,,,,,,,,,,,,,,,,0.0,0,0,,,,,,,0.0
500,58,RESIDUAL_SPREAD,24,BASELINE_RESIDUAL_EXIT,ALL_PAIRS,ALL,208,0,208,1.0,,,,,,,,,,,,,,,,0.0,0,0,,,,,,,0.0
500,58,RESIDUAL_SPREAD,24,FRACTIONAL_RESIDUAL_EXIT,binance/bitget,NON_GATE_PAIRS,52,0,52,1.0,,,,,,,,,,,,,,,,0.0,0,0,,,,,,,0.0
500,58,RESIDUAL_SPREAD,24,FRACTIONAL_RESIDUAL_EXIT,binance/gate,GATE_PAIRS,0,0,0,,,,,,,,,,,,,,,,,,0,0,,,,,,,
500,58,RESIDUAL_SPREAD,24,FRACTIONAL_RESIDUAL_EXIT,binance/hyperliquid,NON_GATE_PAIRS,0,0,0,,,,,,,,,,,,,,,,,,0,0,,,,,,,
500,58,RESIDUAL_SPREAD,24,FRACTIONAL_RESIDUAL_EXIT,binance/okx,NON_GATE_PAIRS,0,0,0,,,,,,,,,,,,,,,,,,0,0,,,,,,,
500,58,RESIDUAL_SPREAD,24,FRACTIONAL_RESIDUAL_EXIT,bitget/gate,GATE_PAIRS,52,0,52,1.0,,,,,,,,,,,,,,,,0.0,0,0,,,,,,,0.0
500,58,RESIDUAL_SPREAD,24,FRACTIONAL_RESIDUAL_EXIT,bitget/hyperliquid,NON_GATE_PAIRS,52,0,52,1.0,,,,,,,,,,,,,,,,0.0,0,0,,,,,,,0.0
500,58,RESIDUAL_SPREAD,24,FRACTIONAL_RESIDUAL_EXIT,bitget/okx,NON_GATE_PAIRS,52,0,52,1.0,,,,,,,,,,,,,,,,0.0,0,0,,,,,,,0.0
500,58,RESIDUAL_SPREAD,24,FRACTIONAL_RESIDUAL_EXIT,gate/hyperliquid,GATE_PAIRS,0,0,0,,,,,,,,,,,,,,,,,,0,0,,,,,,,
500,58,RESIDUAL_SPREAD,24,FRACTIONAL_RESIDUAL_EXIT,gate/okx,GATE_PAIRS,0,0,0,,,,,,,,,,,,,,,,,,0,0,,,,,,,
500,58,RESIDUAL_SPREAD,24,FRACTIONAL_RESIDUAL_EXIT,hyperliquid/okx,NON_GATE_PAIRS,0,0,0,,,,,,,,,,,,,,,,,,0,0,,,,,,,
500,58,RESIDUAL_SPREAD,24,FRACTIONAL_RESIDUAL_EXIT,ALL_GATE_PAIRS,GATE_PAIRS,52,0,52,1.0,,,,,,,,,,,,,,,,0.0,0,0,,,,,,,0.0
500,58,RESIDUAL_SPREAD,24,FRACTIONAL_RESIDUAL_EXIT,ALL_NON_GATE_PAIRS,NON_GATE_PAIRS,156,0,156,1.0,,,,,,,,,,,,,,,,0.0,0,0,,,,,,,0.0
500,58,RESIDUAL_SPREAD,24,FRACTIONAL_RESIDUAL_EXIT,ALL_PAIRS,ALL,208,0,208,1.0,,,,,,,,,,,,,,,,0.0,0,0,,,,,,,0.0
500,58,RESIDUAL_SPREAD,72,LEGACY_RAW_EXIT,binance/bitget,NON_GATE_PAIRS,19,0,19,1.0,,,,,,,,,,,,,,,,0.0,0,0,,,,,,,0.0
500,58,RESIDUAL_SPREAD,72,LEGACY_RAW_EXIT,binance/gate,GATE_PAIRS,0,0,0,,,,,,,,,,,,,,,,,,0,0,,,,,,,
500,58,RESIDUAL_SPREAD,72,LEGACY_RAW_EXIT,binance/hyperliquid,NON_GATE_PAIRS,0,0,0,,,,,,,,,,,,,,,,,,0,0,,,,,,,
500,58,RESIDUAL_SPREAD,72,LEGACY_RAW_EXIT,binance/okx,NON_GATE_PAIRS,0,0,0,,,,,,,,,,,,,,,,,,0,0,,,,,,,
500,58,RESIDUAL_SPREAD,72,LEGACY_RAW_EXIT,bitget/gate,GATE_PAIRS,19,0,19,1.0,,,,,,,,,,,,,,,,0.0,0,0,,,,,,,0.0
500,58,RESIDUAL_SPREAD,72,LEGACY_RAW_EXIT,bitget/hyperliquid,NON_GATE_PAIRS,19,0,19,1.0,,,,,,,,,,,,,,,,0.0,0,0,,,,,,,0.0
500,58,RESIDUAL_SPREAD,72,LEGACY_RAW_EXIT,bitget/okx,NON_GATE_PAIRS,19,0,19,1.0,,,,,,,,,,,,,,,,0.0,0,0,,,,,,,0.0
500,58,RESIDUAL_SPREAD,72,LEGACY_RAW_EXIT,gate/hyperliquid,GATE_PAIRS,0,0,0,,,,,,,,,,,,,,,,,,0,0,,,,,,,
500,58,RESIDUAL_SPREAD,72,LEGACY_RAW_EXIT,gate/okx,GATE_PAIRS,0,0,0,,,,,,,,,,,,,,,,,,0,0,,,,,,,
500,58,RESIDUAL_SPREAD,72,LEGACY_RAW_EXIT,hyperliquid/okx,NON_GATE_PAIRS,0,0,0,,,,,,,,,,,,,,,,,,0,0,,,,,,,
500,58,RESIDUAL_SPREAD,72,LEGACY_RAW_EXIT,ALL_GATE_PAIRS,GATE_PAIRS,19,0,19,1.0,,,,,,,,,,,,,,,,0.0,0,0,,,,,,,0.0
500,58,RESIDUAL_SPREAD,72,LEGACY_RAW_EXIT,ALL_NON_GATE_PAIRS,NON_GATE_PAIRS,57,0,57,1.0,,,,,,,,,,,,,,,,0.0,0,0,,,,,,,0.0
500,58,RESIDUAL_SPREAD,72,LEGACY_RAW_EXIT,ALL_PAIRS,ALL,76,0,76,1.0,,,,,,,,,,,,,,,,0.0,0,0,,,,,,,0.0
500,58,RESIDUAL_SPREAD,72,BASELINE_RESIDUAL_EXIT,binance/bitget,NON_GATE_PAIRS,19,0,19,1.0,,,,,,,,,,,,,,,,0.0,0,0,,,,,,,0.0
500,58,RESIDUAL_SPREAD,72,BASELINE_RESIDUAL_EXIT,binance/gate,GATE_PAIRS,0,0,0,,,,,,,,,,,,,,,,,,0,0,,,,,,,
500,58,RESIDUAL_SPREAD,72,BASELINE_RESIDUAL_EXIT,binance/hyperliquid,NON_GATE_PAIRS,0,0,0,,,,,,,,,,,,,,,,,,0,0,,,,,,,
500,58,RESIDUAL_SPREAD,72,BASELINE_RESIDUAL_EXIT,binance/okx,NON_GATE_PAIRS,0,0,0,,,,,,,,,,,,,,,,,,0,0,,,,,,,
500,58,RESIDUAL_SPREAD,72,BASELINE_RESIDUAL_EXIT,bitget/gate,GATE_PAIRS,19,0,19,1.0,,,,,,,,,,,,,,,,0.0,0,0,,,,,,,0.0
500,58,RESIDUAL_SPREAD,72,BASELINE_RESIDUAL_EXIT,bitget/hyperliquid,NON_GATE_PAIRS,19,0,19,1.0,,,,,,,,,,,,,,,,0.0,0,0,,,,,,,0.0
500,58,RESIDUAL_SPREAD,72,BASELINE_RESIDUAL_EXIT,bitget/okx,NON_GATE_PAIRS,19,0,19,1.0,,,,,,,,,,,,,,,,0.0,0,0,,,,,,,0.0
500,58,RESIDUAL_SPREAD,72,BASELINE_RESIDUAL_EXIT,gate/hyperliquid,GATE_PAIRS,0,0,0,,,,,,,,,,,,,,,,,,0,0,,,,,,,
500,58,RESIDUAL_SPREAD,72,BASELINE_RESIDUAL_EXIT,gate/okx,GATE_PAIRS,0,0,0,,,,,,,,,,,,,,,,,,0,0,,,,,,,
500,58,RESIDUAL_SPREAD,72,BASELINE_RESIDUAL_EXIT,hyperliquid/okx,NON_GATE_PAIRS,0,0,0,,,,,,,,,,,,,,,,,,0,0,,,,,,,
500,58,RESIDUAL_SPREAD,72,BASELINE_RESIDUAL_EXIT,ALL_GATE_PAIRS,GATE_PAIRS,19,0,19,1.0,,,,,,,,,,,,,,,,0.0,0,0,,,,,,,0.0
500,58,RESIDUAL_SPREAD,72,BASELINE_RESIDUAL_EXIT,ALL_NON_GATE_PAIRS,NON_GATE_PAIRS,57,0,57,1.0,,,,,,,,,,,,,,,,0.0,0,0,,,,,,,0.0
500,58,RESIDUAL_SPREAD,72,BASELINE_RESIDUAL_EXIT,ALL_PAIRS,ALL,76,0,76,1.0,,,,,,,,,,,,,,,,0.0,0,0,,,,,,,0.0
500,58,RESIDUAL_SPREAD,72,FRACTIONAL_RESIDUAL_EXIT,binance/bitget,NON_GATE_PAIRS,19,0,19,1.0,,,,,,,,,,,,,,,,0.0,0,0,,,,,,,0.0
500,58,RESIDUAL_SPREAD,72,FRACTIONAL_RESIDUAL_EXIT,binance/gate,GATE_PAIRS,0,0,0,,,,,,,,,,,,,,,,,,0,0,,,,,,,
500,58,RESIDUAL_SPREAD,72,FRACTIONAL_RESIDUAL_EXIT,binance/hyperliquid,NON_GATE_PAIRS,0,0,0,,,,,,,,,,,,,,,,,,0,0,,,,,,,
500,58,RESIDUAL_SPREAD,72,FRACTIONAL_RESIDUAL_EXIT,binance/okx,NON_GATE_PAIRS,0,0,0,,,,,,,,,,,,,,,,,,0,0,,,,,,,
500,58,RESIDUAL_SPREAD,72,FRACTIONAL_RESIDUAL_EXIT,bitget/gate,GATE_PAIRS,19,0,19,1.0,,,,,,,,,,,,,,,,0.0,0,0,,,,,,,0.0
500,58,RESIDUAL_SPREAD,72,FRACTIONAL_RESIDUAL_EXIT,bitget/hyperliquid,NON_GATE_PAIRS,19,0,19,1.0,,,,,,,,,,,,,,,,0.0,0,0,,,,,,,0.0
500,58,RESIDUAL_SPREAD,72,FRACTIONAL_RESIDUAL_EXIT,bitget/okx,NON_GATE_PAIRS,19,0,19,1.0,,,,,,,,,,,,,,,,0.0,0,0,,,,,,,0.0
500,58,RESIDUAL_SPREAD,72,FRACTIONAL_RESIDUAL_EXIT,gate/hyperliquid,GATE_PAIRS,0,0,0,,,,,,,,,,,,,,,,,,0,0,,,,,,,
500,58,RESIDUAL_SPREAD,72,FRACTIONAL_RESIDUAL_EXIT,gate/okx,GATE_PAIRS,0,0,0,,,,,,,,,,,,,,,,,,0,0,,,,,,,
500,58,RESIDUAL_SPREAD,72,FRACTIONAL_RESIDUAL_EXIT,hyperliquid/okx,NON_GATE_PAIRS,0,0,0,,,,,,,,,,,,,,,,,,0,0,,,,,,,
500,58,RESIDUAL_SPREAD,72,FRACTIONAL_RESIDUAL_EXIT,ALL_GATE_PAIRS,GATE_PAIRS,19,0,19,1.0,,,,,,,,,,,,,,,,0.0,0,0,,,,,,,0.0
500,58,RESIDUAL_SPREAD,72,FRACTIONAL_RESIDUAL_EXIT,ALL_NON_GATE_PAIRS,NON_GATE_PAIRS,57,0,57,1.0,,,,,,,,,,,,,,,,0.0,0,0,,,,,,,0.0
500,58,RESIDUAL_SPREAD,72,FRACTIONAL_RESIDUAL_EXIT,ALL_PAIRS,ALL,76,0,76,1.0,,,,,,,,,,,,,,,,0.0,0,0,,,,,,,0.0
500,80,RESIDUAL_SPREAD,24,LEGACY_RAW_EXIT,binance/bitget,NON_GATE_PAIRS,52,0,52,1.0,,,,,,,,,,,,,,,,0.0,0,0,,,,,,,0.0
500,80,RESIDUAL_SPREAD,24,LEGACY_RAW_EXIT,binance/gate,GATE_PAIRS,0,0,0,,,,,,,,,,,,,,,,,,0,0,,,,,,,
500,80,RESIDUAL_SPREAD,24,LEGACY_RAW_EXIT,binance/hyperliquid,NON_GATE_PAIRS,0,0,0,,,,,,,,,,,,,,,,,,0,0,,,,,,,
500,80,RESIDUAL_SPREAD,24,LEGACY_RAW_EXIT,binance/okx,NON_GATE_PAIRS,0,0,0,,,,,,,,,,,,,,,,,,0,0,,,,,,,
500,80,RESIDUAL_SPREAD,24,LEGACY_RAW_EXIT,bitget/gate,GATE_PAIRS,52,0,52,1.0,,,,,,,,,,,,,,,,0.0,0,0,,,,,,,0.0
500,80,RESIDUAL_SPREAD,24,LEGACY_RAW_EXIT,bitget/hyperliquid,NON_GATE_PAIRS,52,0,52,1.0,,,,,,,,,,,,,,,,0.0,0,0,,,,,,,0.0
500,80,RESIDUAL_SPREAD,24,LEGACY_RAW_EXIT,bitget/okx,NON_GATE_PAIRS,52,0,52,1.0,,,,,,,,,,,,,,,,0.0,0,0,,,,,,,0.0
500,80,RESIDUAL_SPREAD,24,LEGACY_RAW_EXIT,gate/hyperliquid,GATE_PAIRS,0,0,0,,,,,,,,,,,,,,,,,,0,0,,,,,,,
500,80,RESIDUAL_SPREAD,24,LEGACY_RAW_EXIT,gate/okx,GATE_PAIRS,0,0,0,,,,,,,,,,,,,,,,,,0,0,,,,,,,
500,80,RESIDUAL_SPREAD,24,LEGACY_RAW_EXIT,hyperliquid/okx,NON_GATE_PAIRS,0,0,0,,,,,,,,,,,,,,,,,,0,0,,,,,,,
500,80,RESIDUAL_SPREAD,24,LEGACY_RAW_EXIT,ALL_GATE_PAIRS,GATE_PAIRS,52,0,52,1.0,,,,,,,,,,,,,,,,0.0,0,0,,,,,,,0.0
500,80,RESIDUAL_SPREAD,24,LEGACY_RAW_EXIT,ALL_NON_GATE_PAIRS,NON_GATE_PAIRS,156,0,156,1.0,,,,,,,,,,,,,,,,0.0,0,0,,,,,,,0.0
500,80,RESIDUAL_SPREAD,24,LEGACY_RAW_EXIT,ALL_PAIRS,ALL,208,0,208,1.0,,,,,,,,,,,,,,,,0.0,0,0,,,,,,,0.0
500,80,RESIDUAL_SPREAD,24,BASELINE_RESIDUAL_EXIT,binance/bitget,NON_GATE_PAIRS,52,0,52,1.0,,,,,,,,,,,,,,,,0.0,0,0,,,,,,,0.0
500,80,RESIDUAL_SPREAD,24,BASELINE_RESIDUAL_EXIT,binance/gate,GATE_PAIRS,0,0,0,,,,,,,,,,,,,,,,,,0,0,,,,,,,
500,80,RESIDUAL_SPREAD,24,BASELINE_RESIDUAL_EXIT,binance/hyperliquid,NON_GATE_PAIRS,0,0,0,,,,,,,,,,,,,,,,,,0,0,,,,,,,
500,80,RESIDUAL_SPREAD,24,BASELINE_RESIDUAL_EXIT,binance/okx,NON_GATE_PAIRS,0,0,0,,,,,,,,,,,,,,,,,,0,0,,,,,,,
500,80,RESIDUAL_SPREAD,24,BASELINE_RESIDUAL_EXIT,bitget/gate,GATE_PAIRS,52,0,52,1.0,,,,,,,,,,,,,,,,0.0,0,0,,,,,,,0.0
500,80,RESIDUAL_SPREAD,24,BASELINE_RESIDUAL_EXIT,bitget/hyperliquid,NON_GATE_PAIRS,52,0,52,1.0,,,,,,,,,,,,,,,,0.0,0,0,,,,,,,0.0
500,80,RESIDUAL_SPREAD,24,BASELINE_RESIDUAL_EXIT,bitget/okx,NON_GATE_PAIRS,52,0,52,1.0,,,,,,,,,,,,,,,,0.0,0,0,,,,,,,0.0
500,80,RESIDUAL_SPREAD,24,BASELINE_RESIDUAL_EXIT,gate/hyperliquid,GATE_PAIRS,0,0,0,,,,,,,,,,,,,,,,,,0,0,,,,,,,
500,80,RESIDUAL_SPREAD,24,BASELINE_RESIDUAL_EXIT,gate/okx,GATE_PAIRS,0,0,0,,,,,,,,,,,,,,,,,,0,0,,,,,,,
500,80,RESIDUAL_SPREAD,24,BASELINE_RESIDUAL_EXIT,hyperliquid/okx,NON_GATE_PAIRS,0,0,0,,,,,,,,,,,,,,,,,,0,0,,,,,,,
500,80,RESIDUAL_SPREAD,24,BASELINE_RESIDUAL_EXIT,ALL_GATE_PAIRS,GATE_PAIRS,52,0,52,1.0,,,,,,,,,,,,,,,,0.0,0,0,,,,,,,0.0
500,80,RESIDUAL_SPREAD,24,BASELINE_RESIDUAL_EXIT,ALL_NON_GATE_PAIRS,NON_GATE_PAIRS,156,0,156,1.0,,,,,,,,,,,,,,,,0.0,0,0,,,,,,,0.0
500,80,RESIDUAL_SPREAD,24,BASELINE_RESIDUAL_EXIT,ALL_PAIRS,ALL,208,0,208,1.0,,,,,,,,,,,,,,,,0.0,0,0,,,,,,,0.0
500,80,RESIDUAL_SPREAD,24,FRACTIONAL_RESIDUAL_EXIT,binance/bitget,NON_GATE_PAIRS,52,0,52,1.0,,,,,,,,,,,,,,,,0.0,0,0,,,,,,,0.0
500,80,RESIDUAL_SPREAD,24,FRACTIONAL_RESIDUAL_EXIT,binance/gate,GATE_PAIRS,0,0,0,,,,,,,,,,,,,,,,,,0,0,,,,,,,
500,80,RESIDUAL_SPREAD,24,FRACTIONAL_RESIDUAL_EXIT,binance/hyperliquid,NON_GATE_PAIRS,0,0,0,,,,,,,,,,,,,,,,,,0,0,,,,,,,
500,80,RESIDUAL_SPREAD,24,FRACTIONAL_RESIDUAL_EXIT,binance/okx,NON_GATE_PAIRS,0,0,0,,,,,,,,,,,,,,,,,,0,0,,,,,,,
500,80,RESIDUAL_SPREAD,24,FRACTIONAL_RESIDUAL_EXIT,bitget/gate,GATE_PAIRS,52,0,52,1.0,,,,,,,,,,,,,,,,0.0,0,0,,,,,,,0.0
500,80,RESIDUAL_SPREAD,24,FRACTIONAL_RESIDUAL_EXIT,bitget/hyperliquid,NON_GATE_PAIRS,52,0,52,1.0,,,,,,,,,,,,,,,,0.0,0,0,,,,,,,0.0
500,80,RESIDUAL_SPREAD,24,FRACTIONAL_RESIDUAL_EXIT,bitget/okx,NON_GATE_PAIRS,52,0,52,1.0,,,,,,,,,,,,,,,,0.0,0,0,,,,,,,0.0
500,80,RESIDUAL_SPREAD,24,FRACTIONAL_RESIDUAL_EXIT,gate/hyperliquid,GATE_PAIRS,0,0,0,,,,,,,,,,,,,,,,,,0,0,,,,,,,
500,80,RESIDUAL_SPREAD,24,FRACTIONAL_RESIDUAL_EXIT,gate/okx,GATE_PAIRS,0,0,0,,,,,,,,,,,,,,,,,,0,0,,,,,,,
500,80,RESIDUAL_SPREAD,24,FRACTIONAL_RESIDUAL_EXIT,hyperliquid/okx,NON_GATE_PAIRS,0,0,0,,,,,,,,,,,,,,,,,,0,0,,,,,,,
500,80,RESIDUAL_SPREAD,24,FRACTIONAL_RESIDUAL_EXIT,ALL_GATE_PAIRS,GATE_PAIRS,52,0,52,1.0,,,,,,,,,,,,,,,,0.0,0,0,,,,,,,0.0
500,80,RESIDUAL_SPREAD,24,FRACTIONAL_RESIDUAL_EXIT,ALL_NON_GATE_PAIRS,NON_GATE_PAIRS,156,0,156,1.0,,,,,,,,,,,,,,,,0.0,0,0,,,,,,,0.0
500,80,RESIDUAL_SPREAD,24,FRACTIONAL_RESIDUAL_EXIT,ALL_PAIRS,ALL,208,0,208,1.0,,,,,,,,,,,,,,,,0.0,0,0,,,,,,,0.0
500,80,RESIDUAL_SPREAD,72,LEGACY_RAW_EXIT,binance/bitget,NON_GATE_PAIRS,19,0,19,1.0,,,,,,,,,,,,,,,,0.0,0,0,,,,,,,0.0
500,80,RESIDUAL_SPREAD,72,LEGACY_RAW_EXIT,binance/gate,GATE_PAIRS,0,0,0,,,,,,,,,,,,,,,,,,0,0,,,,,,,
500,80,RESIDUAL_SPREAD,72,LEGACY_RAW_EXIT,binance/hyperliquid,NON_GATE_PAIRS,0,0,0,,,,,,,,,,,,,,,,,,0,0,,,,,,,
500,80,RESIDUAL_SPREAD,72,LEGACY_RAW_EXIT,binance/okx,NON_GATE_PAIRS,0,0,0,,,,,,,,,,,,,,,,,,0,0,,,,,,,
500,80,RESIDUAL_SPREAD,72,LEGACY_RAW_EXIT,bitget/gate,GATE_PAIRS,19,0,19,1.0,,,,,,,,,,,,,,,,0.0,0,0,,,,,,,0.0
500,80,RESIDUAL_SPREAD,72,LEGACY_RAW_EXIT,bitget/hyperliquid,NON_GATE_PAIRS,19,0,19,1.0,,,,,,,,,,,,,,,,0.0,0,0,,,,,,,0.0
500,80,RESIDUAL_SPREAD,72,LEGACY_RAW_EXIT,bitget/okx,NON_GATE_PAIRS,19,0,19,1.0,,,,,,,,,,,,,,,,0.0,0,0,,,,,,,0.0
500,80,RESIDUAL_SPREAD,72,LEGACY_RAW_EXIT,gate/hyperliquid,GATE_PAIRS,0,0,0,,,,,,,,,,,,,,,,,,0,0,,,,,,,
500,80,RESIDUAL_SPREAD,72,LEGACY_RAW_EXIT,gate/okx,GATE_PAIRS,0,0,0,,,,,,,,,,,,,,,,,,0,0,,,,,,,
500,80,RESIDUAL_SPREAD,72,LEGACY_RAW_EXIT,hyperliquid/okx,NON_GATE_PAIRS,0,0,0,,,,,,,,,,,,,,,,,,0,0,,,,,,,
500,80,RESIDUAL_SPREAD,72,LEGACY_RAW_EXIT,ALL_GATE_PAIRS,GATE_PAIRS,19,0,19,1.0,,,,,,,,,,,,,,,,0.0,0,0,,,,,,,0.0
500,80,RESIDUAL_SPREAD,72,LEGACY_RAW_EXIT,ALL_NON_GATE_PAIRS,NON_GATE_PAIRS,57,0,57,1.0,,,,,,,,,,,,,,,,0.0,0,0,,,,,,,0.0
500,80,RESIDUAL_SPREAD,72,LEGACY_RAW_EXIT,ALL_PAIRS,ALL,76,0,76,1.0,,,,,,,,,,,,,,,,0.0,0,0,,,,,,,0.0
500,80,RESIDUAL_SPREAD,72,BASELINE_RESIDUAL_EXIT,binance/bitget,NON_GATE_PAIRS,19,0,19,1.0,,,,,,,,,,,,,,,,0.0,0,0,,,,,,,0.0
500,80,RESIDUAL_SPREAD,72,BASELINE_RESIDUAL_EXIT,binance/gate,GATE_PAIRS,0,0,0,,,,,,,,,,,,,,,,,,0,0,,,,,,,
500,80,RESIDUAL_SPREAD,72,BASELINE_RESIDUAL_EXIT,binance/hyperliquid,NON_GATE_PAIRS,0,0,0,,,,,,,,,,,,,,,,,,0,0,,,,,,,
500,80,RESIDUAL_SPREAD,72,BASELINE_RESIDUAL_EXIT,binance/okx,NON_GATE_PAIRS,0,0,0,,,,,,,,,,,,,,,,,,0,0,,,,,,,
500,80,RESIDUAL_SPREAD,72,BASELINE_RESIDUAL_EXIT,bitget/gate,GATE_PAIRS,19,0,19,1.0,,,,,,,,,,,,,,,,0.0,0,0,,,,,,,0.0
500,80,RESIDUAL_SPREAD,72,BASELINE_RESIDUAL_EXIT,bitget/hyperliquid,NON_GATE_PAIRS,19,0,19,1.0,,,,,,,,,,,,,,,,0.0,0,0,,,,,,,0.0
500,80,RESIDUAL_SPREAD,72,BASELINE_RESIDUAL_EXIT,bitget/okx,NON_GATE_PAIRS,19,0,19,1.0,,,,,,,,,,,,,,,,0.0,0,0,,,,,,,0.0
500,80,RESIDUAL_SPREAD,72,BASELINE_RESIDUAL_EXIT,gate/hyperliquid,GATE_PAIRS,0,0,0,,,,,,,,,,,,,,,,,,0,0,,,,,,,
500,80,RESIDUAL_SPREAD,72,BASELINE_RESIDUAL_EXIT,gate/okx,GATE_PAIRS,0,0,0,,,,,,,,,,,,,,,,,,0,0,,,,,,,
500,80,RESIDUAL_SPREAD,72,BASELINE_RESIDUAL_EXIT,hyperliquid/okx,NON_GATE_PAIRS,0,0,0,,,,,,,,,,,,,,,,,,0,0,,,,,,,
500,80,RESIDUAL_SPREAD,72,BASELINE_RESIDUAL_EXIT,ALL_GATE_PAIRS,GATE_PAIRS,19,0,19,1.0,,,,,,,,,,,,,,,,0.0,0,0,,,,,,,0.0
500,80,RESIDUAL_SPREAD,72,BASELINE_RESIDUAL_EXIT,ALL_NON_GATE_PAIRS,NON_GATE_PAIRS,57,0,57,1.0,,,,,,,,,,,,,,,,0.0,0,0,,,,,,,0.0
500,80,RESIDUAL_SPREAD,72,BASELINE_RESIDUAL_EXIT,ALL_PAIRS,ALL,76,0,76,1.0,,,,,,,,,,,,,,,,0.0,0,0,,,,,,,0.0
500,80,RESIDUAL_SPREAD,72,FRACTIONAL_RESIDUAL_EXIT,binance/bitget,NON_GATE_PAIRS,19,0,19,1.0,,,,,,,,,,,,,,,,0.0,0,0,,,,,,,0.0
500,80,RESIDUAL_SPREAD,72,FRACTIONAL_RESIDUAL_EXIT,binance/gate,GATE_PAIRS,0,0,0,,,,,,,,,,,,,,,,,,0,0,,,,,,,
500,80,RESIDUAL_SPREAD,72,FRACTIONAL_RESIDUAL_EXIT,binance/hyperliquid,NON_GATE_PAIRS,0,0,0,,,,,,,,,,,,,,,,,,0,0,,,,,,,
500,80,RESIDUAL_SPREAD,72,FRACTIONAL_RESIDUAL_EXIT,binance/okx,NON_GATE_PAIRS,0,0,0,,,,,,,,,,,,,,,,,,0,0,,,,,,,
500,80,RESIDUAL_SPREAD,72,FRACTIONAL_RESIDUAL_EXIT,bitget/gate,GATE_PAIRS,19,0,19,1.0,,,,,,,,,,,,,,,,0.0,0,0,,,,,,,0.0
500,80,RESIDUAL_SPREAD,72,FRACTIONAL_RESIDUAL_EXIT,bitget/hyperliquid,NON_GATE_PAIRS,19,0,19,1.0,,,,,,,,,,,,,,,,0.0,0,0,,,,,,,0.0
500,80,RESIDUAL_SPREAD,72,FRACTIONAL_RESIDUAL_EXIT,bitget/okx,NON_GATE_PAIRS,19,0,19,1.0,,,,,,,,,,,,,,,,0.0,0,0,,,,,,,0.0
500,80,RESIDUAL_SPREAD,72,FRACTIONAL_RESIDUAL_EXIT,gate/hyperliquid,GATE_PAIRS,0,0,0,,,,,,,,,,,,,,,,,,0,0,,,,,,,
500,80,RESIDUAL_SPREAD,72,FRACTIONAL_RESIDUAL_EXIT,gate/okx,GATE_PAIRS,0,0,0,,,,,,,,,,,,,,,,,,0,0,,,,,,,
500,80,RESIDUAL_SPREAD,72,FRACTIONAL_RESIDUAL_EXIT,hyperliquid/okx,NON_GATE_PAIRS,0,0,0,,,,,,,,,,,,,,,,,,0,0,,,,,,,
500,80,RESIDUAL_SPREAD,72,FRACTIONAL_RESIDUAL_EXIT,ALL_GATE_PAIRS,GATE_PAIRS,19,0,19,1.0,,,,,,,,,,,,,,,,0.0,0,0,,,,,,,0.0
500,80,RESIDUAL_SPREAD,72,FRACTIONAL_RESIDUAL_EXIT,ALL_NON_GATE_PAIRS,NON_GATE_PAIRS,57,0,57,1.0,,,,,,,,,,,,,,,,0.0,0,0,,,,,,,0.0
500,80,RESIDUAL_SPREAD,72,FRACTIONAL_RESIDUAL_EXIT,ALL_PAIRS,ALL,76,0,76,1.0,,,,,,,,,,,,,,,,0.0,0,0,,,,,,,0.0
