exchange,symbol,funding_time,funding_rate,funding_interval_hours,mark_price_if_available,index_price_if_available,source_endpoint,retrieved_at,raw_file,interval_source,hourly_equivalent_rate
binance,SKHYNIXUSDT,2026-06-10 08:00:00.001000+00:00,0.00463966,8.0,1335.70140979,,/fapi/v1/fundingRate,2026-07-23T07:13:16.005045+00:00,data/raw/binance/ef073c967aa705b0db89e221fb8dfe777001f53df55f48deb25d94199e450d72.json,inferred_from_events,0.0005799575
binance,SKHYNIXUSDT,2026-06-10 16:00:00.001000+00:00,0.00017878,8.0,1366.42,,/fapi/v1/fundingRate,2026-07-23T07:13:16.005137+00:00,data/raw/binance/ef073c967aa705b0db89e221fb8dfe777001f53df55f48deb25d94199e450d72.json,inferred_from_events,2.23475e-05
binance,SKHYNIXUSDT,2026-06-11 00:00:00.001000+00:00,-0.00220722,8.0,1313.33,,/fapi/v1/fundingRate,2026-07-23T07:13:16.005216+00:00,data/raw/binance/ef073c967aa705b0db89e221fb8dfe777001f53df55f48deb25d94199e450d72.json,inferred_from_events,-0.0002759025
binance,SKHYNIXUSDT,2026-06-11 08:00:00.001000+00:00,0.0033825,8.0,1381.68,,/fapi/v1/fundingRate,2026-07-23T07:13:16.005290+00:00,data/raw/binance/ef073c967aa705b0db89e221fb8dfe777001f53df55f48deb25d94199e450d72.json,inferred_from_events,0.0004228125
binance,SKHYNIXUSDT,2026-06-11 16:00:00.001000+00:00,5.254e-05,8.0,1410.63,,/fapi/v1/fundingRate,2026-07-23T07:13:16.005361+00:00,data/raw/binance/ef073c967aa705b0db89e221fb8dfe777001f53df55f48deb25d94199e450d72.json,inferred_from_events,6.5675e-06
binance,SKHYNIXUSDT,2026-06-12 00:00:00.001000+00:00,0.00216676,8.0,1521.0,,/fapi/v1/fundingRate,2026-07-23T07:13:16.005430+00:00,data/raw/binance/ef073c967aa705b0db89e221fb8dfe777001f53df55f48deb25d94199e450d72.json,inferred_from_events,0.000270845
binance,SKHYNIXUSDT,2026-06-12 08:00:00.001000+00:00,0.00074851,8.0,1429.09301385,,/fapi/v1/fundingRate,2026-07-23T07:13:16.005498+00:00,data/raw/binance/ef073c967aa705b0db89e221fb8dfe777001f53df55f48deb25d94199e450d72.json,inferred_from_events,9.356375e-05
binance,SKHYNIXUSDT,2026-06-12 16:00:00.001000+00:00,0.00091069,8.0,1448.24,,/fapi/v1/fundingRate,2026-07-23T07:13:16.005564+00:00,data/raw/binance/ef073c967aa705b0db89e221fb8dfe777001f53df55f48deb25d94199e450d72.json,inferred_from_events,0.00011383625
binance,SKHYNIXUSDT,2026-06-13 00:00:00.001000+00:00,0.0,8.0,1474.76429381,,/fapi/v1/fundingRate,2026-07-23T07:13:16.005631+00:00,data/raw/binance/ef073c967aa705b0db89e221fb8dfe777001f53df55f48deb25d94199e450d72.json,inferred_from_events,0.0
binance,SKHYNIXUSDT,2026-06-13 08:00:00.001000+00:00,0.0,8.0,1475.75,,/fapi/v1/fundingRate,2026-07-23T07:13:16.005698+00:00,data/raw/binance/ef073c967aa705b0db89e221fb8dfe777001f53df55f48deb25d94199e450d72.json,inferred_from_events,0.0
binance,SKHYNIXUSDT,2026-06-13 16:00:00.001000+00:00,0.0,8.0,1483.33,,/fapi/v1/fundingRate,2026-07-23T07:13:16.005763+00:00,data/raw/binance/ef073c967aa705b0db89e221fb8dfe777001f53df55f48deb25d94199e450d72.json,inferred_from_events,0.0
binance,SKHYNIXUSDT,2026-06-14 00:00:00.001000+00:00,0.0,8.0,1499.36284062,,/fapi/v1/fundingRate,2026-07-23T07:13:16.005874+00:00,data/raw/binance/ef073c967aa705b0db89e221fb8dfe777001f53df55f48deb25d94199e450d72.json,inferred_from_events,0.0
binance,SKHYNIXUSDT,2026-06-14 08:00:00.001000+00:00,0.0,8.0,1510.9903619,,/fapi/v1/fundingRate,2026-07-23T07:13:16.005953+00:00,data/raw/binance/ef073c967aa705b0db89e221fb8dfe777001f53df55f48deb25d94199e450d72.json,inferred_from_events,0.0
binance,SKHYNIXUSDT,2026-06-14 16:00:00.001000+00:00,0.0,8.0,1516.51,,/fapi/v1/fundingRate,2026-07-23T07:13:16.006025+00:00,data/raw/binance/ef073c967aa705b0db89e221fb8dfe777001f53df55f48deb25d94199e450d72.json,inferred_from_events,0.0
binance,SKHYNIXUSDT,2026-06-15 00:00:00.001000+00:00,0.00029335,8.0,1537.29094981,,/fapi/v1/fundingRate,2026-07-23T07:13:16.006092+00:00,data/raw/binance/ef073c967aa705b0db89e221fb8dfe777001f53df55f48deb25d94199e450d72.json,inferred_from_events,3.666875e-05
binance,SKHYNIXUSDT,2026-06-15 08:00:00.002000+00:00,0.00342426,8.0,1509.77707763,,/fapi/v1/fundingRate,2026-07-23T07:13:16.006160+00:00,data/raw/binance/ef073c967aa705b0db89e221fb8dfe777001f53df55f48deb25d94199e450d72.json,inferred_from_events,0.0004280325
binance,SKHYNIXUSDT,2026-06-15 16:00:00.001000+00:00,0.00097246,8.0,1575.75,,/fapi/v1/fundingRate,2026-07-23T07:13:16.006226+00:00,data/raw/binance/ef073c967aa705b0db89e221fb8dfe777001f53df55f48deb25d94199e450d72.json,inferred_from_events,0.0001215575
binance,SKHYNIXUSDT,2026-06-16 00:00:00.001000+00:00,-0.00014432,8.0,1582.65341427,,/fapi/v1/fundingRate,2026-07-23T07:13:16.006292+00:00,data/raw/binance/ef073c967aa705b0db89e221fb8dfe777001f53df55f48deb25d94199e450d72.json,inferred_from_events,-1.804e-05
binance,SKHYNIXUSDT,2026-06-16 08:00:00.001000+00:00,0.00158824,8.0,1588.97,,/fapi/v1/fundingRate,2026-07-23T07:13:16.006357+00:00,data/raw/binance/ef073c967aa705b0db89e221fb8dfe777001f53df55f48deb25d94199e450d72.json,inferred_from_events,0.00019853
binance,SKHYNIXUSDT,2026-06-16 16:00:00.001000+00:00,-0.00248513,8.0,1558.344855,,/fapi/v1/fundingRate,2026-07-23T07:13:16.006422+00:00,data/raw/binance/ef073c967aa705b0db89e221fb8dfe777001f53df55f48deb25d94199e450d72.json,inferred_from_events,-0.00031064125
binance,SKHYNIXUSDT,2026-06-17 00:00:00.001000+00:00,0.0,8.0,1551.66707107,,/fapi/v1/fundingRate,2026-07-23T07:13:16.006487+00:00,data/raw/binance/ef073c967aa705b0db89e221fb8dfe777001f53df55f48deb25d94199e450d72.json,inferred_from_events,0.0
binance,SKHYNIXUSDT,2026-06-17 08:00:00.001000+00:00,0.00159068,8.0,1657.78642883,,/fapi/v1/fundingRate,2026-07-23T07:13:16.006552+00:00,data/raw/binance/ef073c967aa705b0db89e221fb8dfe777001f53df55f48deb25d94199e450d72.json,inferred_from_events,0.000198835
binance,SKHYNIXUSDT,2026-06-17 16:00:00.001000+00:00,0.00116178,8.0,1691.82421526,,/fapi/v1/fundingRate,2026-07-23T07:13:16.006617+00:00,data/raw/binance/ef073c967aa705b0db89e221fb8dfe777001f53df55f48deb25d94199e450d72.json,inferred_from_events,0.0001452225
binance,SKHYNIXUSDT,2026-06-18 00:00:00.001000+00:00,0.0,8.0,1686.4,,/fapi/v1/fundingRate,2026-07-23T07:13:16.006682+00:00,data/raw/binance/ef073c967aa705b0db89e221fb8dfe777001f53df55f48deb25d94199e450d72.json,inferred_from_events,0.0
binance,SKHYNIXUSDT,2026-06-18 08:00:00.001000+00:00,0.00072339,8.0,1746.62,,/fapi/v1/fundingRate,2026-07-23T07:13:16.006746+00:00,data/raw/binance/ef073c967aa705b0db89e221fb8dfe777001f53df55f48deb25d94199e450d72.json,inferred_from_events,9.042375e-05
binance,SKHYNIXUSDT,2026-06-18 16:00:00.001000+00:00,0.00146713,8.0,1797.07568284,,/fapi/v1/fundingRate,2026-07-23T07:13:16.006855+00:00,data/raw/binance/ef073c967aa705b0db89e221fb8dfe777001f53df55f48deb25d94199e450d72.json,inferred_from_events,0.00018339125
binance,SKHYNIXUSDT,2026-06-19 00:00:00.001000+00:00,0.00035242,8.0,1851.93223451,,/fapi/v1/fundingRate,2026-07-23T07:13:16.006941+00:00,data/raw/binance/ef073c967aa705b0db89e221fb8dfe777001f53df55f48deb25d94199e450d72.json,inferred_from_events,4.40525e-05
binance,SKHYNIXUSDT,2026-06-19 08:00:00.001000+00:00,0.00213117,8.0,1799.4871575,,/fapi/v1/fundingRate,2026-07-23T07:13:16.007014+00:00,data/raw/binance/ef073c967aa705b0db89e221fb8dfe777001f53df55f48deb25d94199e450d72.json,inferred_from_events,0.00026639625
binance,SKHYNIXUSDT,2026-06-19 16:00:00.001000+00:00,0.0,8.0,1827.25,,/fapi/v1/fundingRate,2026-07-23T07:13:16.007082+00:00,data/raw/binance/ef073c967aa705b0db89e221fb8dfe777001f53df55f48deb25d94199e450d72.json,inferred_from_events,0.0
binance,SKHYNIXUSDT,2026-06-20 00:00:00.001000+00:00,0.00030862,8.0,1836.90603948,,/fapi/v1/fundingRate,2026-07-23T07:13:16.007150+00:00,data/raw/binance/ef073c967aa705b0db89e221fb8dfe777001f53df55f48deb25d94199e450d72.json,inferred_from_events,3.85775e-05
binance,SKHYNIXUSDT,2026-06-20 08:00:00.001000+00:00,0.00111189,8.0,1893.52634224,,/fapi/v1/fundingRate,2026-07-23T07:13:16.007216+00:00,data/raw/binance/ef073c967aa705b0db89e221fb8dfe777001f53df55f48deb25d94199e450d72.json,inferred_from_events,0.00013898625
binance,SKHYNIXUSDT,2026-06-20 16:00:00.001000+00:00,0.00013607,8.0,1895.62,,/fapi/v1/fundingRate,2026-07-23T07:13:16.007281+00:00,data/raw/binance/ef073c967aa705b0db89e221fb8dfe777001f53df55f48deb25d94199e450d72.json,inferred_from_events,1.700875e-05
binance,SKHYNIXUSDT,2026-06-21 00:00:00.001000+00:00,0.0,8.0,1916.23593558,,/fapi/v1/fundingRate,2026-07-23T07:13:16.007346+00:00,data/raw/binance/ef073c967aa705b0db89e221fb8dfe777001f53df55f48deb25d94199e450d72.json,inferred_from_events,0.0
binance,SKHYNIXUSDT,2026-06-21 08:00:00.001000+00:00,6.6e-05,8.0,1933.13511314,,/fapi/v1/fundingRate,2026-07-23T07:13:16.007411+00:00,data/raw/binance/ef073c967aa705b0db89e221fb8dfe777001f53df55f48deb25d94199e450d72.json,inferred_from_events,8.25e-06
binance,SKHYNIXUSDT,2026-06-21 16:00:00.001000+00:00,0.0,8.0,1914.24088095,,/fapi/v1/fundingRate,2026-07-23T07:13:16.007475+00:00,data/raw/binance/ef073c967aa705b0db89e221fb8dfe777001f53df55f48deb25d94199e450d72.json,inferred_from_events,0.0
binance,SKHYNIXUSDT,2026-06-22 00:00:00.001000+00:00,-0.00295553,8.0,1845.38,,/fapi/v1/fundingRate,2026-07-23T07:13:16.007592+00:00,data/raw/binance/ef073c967aa705b0db89e221fb8dfe777001f53df55f48deb25d94199e450d72.json,inferred_from_events,-0.00036944125
binance,SKHYNIXUSDT,2026-06-22 08:00:00.001000+00:00,0.00402973,8.0,1896.33,,/fapi/v1/fundingRate,2026-07-23T07:13:16.007664+00:00,data/raw/binance/ef073c967aa705b0db89e221fb8dfe777001f53df55f48deb25d94199e450d72.json,inferred_from_events,0.00050371625
binance,SKHYNIXUSDT,2026-06-22 16:00:00.001000+00:00,0.0,8.0,1926.12416251,,/fapi/v1/fundingRate,2026-07-23T07:13:16.007733+00:00,data/raw/binance/ef073c967aa705b0db89e221fb8dfe777001f53df55f48deb25d94199e450d72.json,inferred_from_events,0.0
binance,SKHYNIXUSDT,2026-06-23 00:00:00.001000+00:00,0.0,8.0,1931.95,,/fapi/v1/fundingRate,2026-07-23T07:13:16.007823+00:00,data/raw/binance/ef073c967aa705b0db89e221fb8dfe777001f53df55f48deb25d94199e450d72.json,inferred_from_events,0.0
binance,SKHYNIXUSDT,2026-06-23 08:00:00.002000+00:00,0.00580329,8.0,1677.12830759,,/fapi/v1/fundingRate,2026-07-23T07:13:16.007903+00:00,data/raw/binance/ef073c967aa705b0db89e221fb8dfe777001f53df55f48deb25d94199e450d72.json,inferred_from_events,0.00072541125
binance,SKHYNIXUSDT,2026-06-23 16:00:00.001000+00:00,0.00032709,8.0,1720.03410559,,/fapi/v1/fundingRate,2026-07-23T07:13:16.007974+00:00,data/raw/binance/ef073c967aa705b0db89e221fb8dfe777001f53df55f48deb25d94199e450d72.json,inferred_from_events,4.088625e-05
binance,SKHYNIXUSDT,2026-06-24 00:00:00.001000+00:00,0.0,8.0,1701.71,,/fapi/v1/fundingRate,2026-07-23T07:13:16.008042+00:00,data/raw/binance/ef073c967aa705b0db89e221fb8dfe777001f53df55f48deb25d94199e450d72.json,inferred_from_events,0.0
binance,SKHYNIXUSDT,2026-06-24 08:00:00.001000+00:00,0.00243107,8.0,1708.69,,/fapi/v1/fundingRate,2026-07-23T07:13:16.008109+00:00,data/raw/binance/ef073c967aa705b0db89e221fb8dfe777001f53df55f48deb25d94199e450d72.json,inferred_from_events,0.00030388375
binance,SKHYNIXUSDT,2026-06-24 16:00:00.001000+00:00,-0.00112959,8.0,1691.5894011,,/fapi/v1/fundingRate,2026-07-23T07:13:16.008178+00:00,data/raw/binance/ef073c967aa705b0db89e221fb8dfe777001f53df55f48deb25d94199e450d72.json,inferred_from_events,-0.00014119875
binance,SKHYNIXUSDT,2026-06-25 00:00:00.002000+00:00,0.00603242,8.0,1845.32169281,,/fapi/v1/fundingRate,2026-07-23T07:13:16.008245+00:00,data/raw/binance/ef073c967aa705b0db89e221fb8dfe777001f53df55f48deb25d94199e450d72.json,inferred_from_events,0.0007540525
binance,SKHYNIXUSDT,2026-06-25 08:00:00.001000+00:00,0.0,8.0,1901.13690827,,/fapi/v1/fundingRate,2026-07-23T07:13:16.008311+00:00,data/raw/binance/ef073c967aa705b0db89e221fb8dfe777001f53df55f48deb25d94199e450d72.json,inferred_from_events,0.0
binance,SKHYNIXUSDT,2026-06-25 16:00:00.001000+00:00,-0.00058133,8.0,1884.06823277,,/fapi/v1/fundingRate,2026-07-23T07:13:16.008376+00:00,data/raw/binance/ef073c967aa705b0db89e221fb8dfe777001f53df55f48deb25d94199e450d72.json,inferred_from_events,-7.266625e-05
binance,SKHYNIXUSDT,2026-06-26 00:00:00.001000+00:00,-0.00036501,8.0,1850.79,,/fapi/v1/fundingRate,2026-07-23T07:13:16.008440+00:00,data/raw/binance/ef073c967aa705b0db89e221fb8dfe777001f53df55f48deb25d94199e450d72.json,inferred_from_events,-4.562625e-05
binance,SKHYNIXUSDT,2026-06-26 08:00:00.002000+00:00,0.00458019,8.0,1755.24,,/fapi/v1/fundingRate,2026-07-23T07:13:16.008504+00:00,data/raw/binance/ef073c967aa705b0db89e221fb8dfe777001f53df55f48deb25d94199e450d72.json,inferred_from_events,0.00057252375
binance,SKHYNIXUSDT,2026-06-26 16:00:00.001000+00:00,0.00030982,8.0,1770.23,,/fapi/v1/fundingRate,2026-07-23T07:13:16.008569+00:00,data/raw/binance/ef073c967aa705b0db89e221fb8dfe777001f53df55f48deb25d94199e450d72.json,inferred_from_events,3.87275e-05
binance,SKHYNIXUSDT,2026-06-27 00:00:00.001000+00:00,0.0,8.0,1758.469089,,/fapi/v1/fundingRate,2026-07-23T07:13:16.008635+00:00,data/raw/binance/ef073c967aa705b0db89e221fb8dfe777001f53df55f48deb25d94199e450d72.json,inferred_from_events,0.0
binance,SKHYNIXUSDT,2026-06-27 08:00:00.001000+00:00,0.0,8.0,1762.8,,/fapi/v1/fundingRate,2026-07-23T07:13:16.008699+00:00,data/raw/binance/ef073c967aa705b0db89e221fb8dfe777001f53df55f48deb25d94199e450d72.json,inferred_from_events,0.0
binance,SKHYNIXUSDT,2026-06-27 16:00:00.001000+00:00,0.0,8.0,1768.96,,/fapi/v1/fundingRate,2026-07-23T07:13:16.008763+00:00,data/raw/binance/ef073c967aa705b0db89e221fb8dfe777001f53df55f48deb25d94199e450d72.json,inferred_from_events,0.0
binance,SKHYNIXUSDT,2026-06-28 00:00:00.002000+00:00,0.0,8.0,1760.73859166,,/fapi/v1/fundingRate,2026-07-23T07:13:16.008871+00:00,data/raw/binance/ef073c967aa705b0db89e221fb8dfe777001f53df55f48deb25d94199e450d72.json,inferred_from_events,0.0
binance,SKHYNIXUSDT,2026-06-28 08:00:00.002000+00:00,0.00012761,8.0,1764.40129379,,/fapi/v1/fundingRate,2026-07-23T07:13:16.008950+00:00,data/raw/binance/ef073c967aa705b0db89e221fb8dfe777001f53df55f48deb25d94199e450d72.json,inferred_from_events,1.595125e-05
binance,SKHYNIXUSDT,2026-06-28 16:00:00.001000+00:00,0.00039503,8.0,1806.4020069,,/fapi/v1/fundingRate,2026-07-23T07:13:16.009020+00:00,data/raw/binance/ef073c967aa705b0db89e221fb8dfe777001f53df55f48deb25d94199e450d72.json,inferred_from_events,4.937875e-05
binance,SKHYNIXUSDT,2026-06-29 00:00:00.001000+00:00,-0.00157443,8.0,1748.88,,/fapi/v1/fundingRate,2026-07-23T07:13:16.009088+00:00,data/raw/binance/ef073c967aa705b0db89e221fb8dfe777001f53df55f48deb25d94199e450d72.json,inferred_from_events,-0.00019680375
binance,SKHYNIXUSDT,2026-06-29 08:00:00.001000+00:00,0.00288018,8.0,1695.84,,/fapi/v1/fundingRate,2026-07-23T07:13:16.009172+00:00,data/raw/binance/ef073c967aa705b0db89e221fb8dfe777001f53df55f48deb25d94199e450d72.json,inferred_from_events,0.0003600225
binance,SKHYNIXUSDT,2026-06-29 16:00:00.001000+00:00,-0.00129015,8.0,1682.43,,/fapi/v1/fundingRate,2026-07-23T07:13:16.009242+00:00,data/raw/binance/ef073c967aa705b0db89e221fb8dfe777001f53df55f48deb25d94199e450d72.json,inferred_from_events,-0.00016126875
binance,SKHYNIXUSDT,2026-06-30 00:00:00+00:00,0.00023107,8.0,1714.78807046,,/fapi/v1/fundingRate,2026-07-23T07:13:16.009309+00:00,data/raw/binance/ef073c967aa705b0db89e221fb8dfe777001f53df55f48deb25d94199e450d72.json,inferred_from_events,2.888375e-05
binance,SKHYNIXUSDT,2026-06-30 08:00:00+00:00,0.00073258,8.0,1718.92,,/fapi/v1/fundingRate,2026-07-23T07:13:16.009375+00:00,data/raw/binance/ef073c967aa705b0db89e221fb8dfe777001f53df55f48deb25d94199e450d72.json,inferred_from_events,9.15725e-05
binance,SKHYNIXUSDT,2026-06-30 16:00:00.001000+00:00,0.00017477,8.0,1728.98,,/fapi/v1/fundingRate,2026-07-23T07:13:16.009440+00:00,data/raw/binance/ef073c967aa705b0db89e221fb8dfe777001f53df55f48deb25d94199e450d72.json,inferred_from_events,2.184625e-05
binance,SKHYNIXUSDT,2026-07-01 00:00:00+00:00,0.0,8.0,1741.377245,,/fapi/v1/fundingRate,2026-07-23T07:13:16.009504+00:00,data/raw/binance/ef073c967aa705b0db89e221fb8dfe777001f53df55f48deb25d94199e450d72.json,inferred_from_events,0.0
binance,SKHYNIXUSDT,2026-07-01 08:00:00.001000+00:00,0.00238242,8.0,1645.15053413,,/fapi/v1/fundingRate,2026-07-23T07:13:16.009570+00:00,data/raw/binance/ef073c967aa705b0db89e221fb8dfe777001f53df55f48deb25d94199e450d72.json,inferred_from_events,0.0002978025
binance,SKHYNIXUSDT,2026-07-01 16:00:00.001000+00:00,-0.00199192,8.0,1595.67424912,,/fapi/v1/fundingRate,2026-07-23T07:13:16.009636+00:00,data/raw/binance/ef073c967aa705b0db89e221fb8dfe777001f53df55f48deb25d94199e450d72.json,inferred_from_events,-0.00024899
binance,SKHYNIXUSDT,2026-07-02 00:00:00+00:00,-0.0016916,8.0,1539.14,,/fapi/v1/fundingRate,2026-07-23T07:13:16.009700+00:00,data/raw/binance/ef073c967aa705b0db89e221fb8dfe777001f53df55f48deb25d94199e450d72.json,inferred_from_events,-0.00021145
binance,SKHYNIXUSDT,2026-07-02 08:00:00.001000+00:00,0.00534933,8.0,1438.6917829,,/fapi/v1/fundingRate,2026-07-23T07:13:16.009764+00:00,data/raw/binance/ef073c967aa705b0db89e221fb8dfe777001f53df55f48deb25d94199e450d72.json,inferred_from_events,0.00066866625
binance,SKHYNIXUSDT,2026-07-02 16:00:00.001000+00:00,-0.00149748,8.0,1439.59395493,,/fapi/v1/fundingRate,2026-07-23T07:13:16.009870+00:00,data/raw/binance/ef073c967aa705b0db89e221fb8dfe777001f53df55f48deb25d94199e450d72.json,inferred_from_events,-0.000187185
binance,SKHYNIXUSDT,2026-07-03 00:00:00.001000+00:00,0.00074962,8.0,1435.07564382,,/fapi/v1/fundingRate,2026-07-23T07:13:16.009949+00:00,data/raw/binance/ef073c967aa705b0db89e221fb8dfe777001f53df55f48deb25d94199e450d72.json,inferred_from_events,9.37025e-05
binance,SKHYNIXUSDT,2026-07-03 08:00:00.001000+00:00,0.00024412,8.0,1578.0650933,,/fapi/v1/fundingRate,2026-07-23T07:13:16.010021+00:00,data/raw/binance/ef073c967aa705b0db89e221fb8dfe777001f53df55f48deb25d94199e450d72.json,inferred_from_events,3.0515e-05
binance,SKHYNIXUSDT,2026-07-03 16:00:00.001000+00:00,0.0,8.0,1590.52942576,,/fapi/v1/fundingRate,2026-07-23T07:13:16.010089+00:00,data/raw/binance/ef073c967aa705b0db89e221fb8dfe777001f53df55f48deb25d94199e450d72.json,inferred_from_events,0.0
binance,SKHYNIXUSDT,2026-07-04 00:00:00.001000+00:00,0.00054917,8.0,1622.65,,/fapi/v1/fundingRate,2026-07-23T07:13:16.010155+00:00,data/raw/binance/ef073c967aa705b0db89e221fb8dfe777001f53df55f48deb25d94199e450d72.json,inferred_from_events,6.864625e-05
binance,SKHYNIXUSDT,2026-07-04 08:00:00.001000+00:00,0.0,8.0,1607.70387913,,/fapi/v1/fundingRate,2026-07-23T07:13:16.010220+00:00,data/raw/binance/ef073c967aa705b0db89e221fb8dfe777001f53df55f48deb25d94199e450d72.json,inferred_from_events,0.0
binance,SKHYNIXUSDT,2026-07-04 16:00:00.001000+00:00,0.0,8.0,1604.93089107,,/fapi/v1/fundingRate,2026-07-23T07:13:16.010285+00:00,data/raw/binance/ef073c967aa705b0db89e221fb8dfe777001f53df55f48deb25d94199e450d72.json,inferred_from_events,0.0
binance,SKHYNIXUSDT,2026-07-05 00:00:00.002000+00:00,0.0,8.0,1606.82074585,,/fapi/v1/fundingRate,2026-07-23T07:13:16.010349+00:00,data/raw/binance/ef073c967aa705b0db89e221fb8dfe777001f53df55f48deb25d94199e450d72.json,inferred_from_events,0.0
binance,SKHYNIXUSDT,2026-07-05 08:00:00.001000+00:00,0.0,8.0,1615.7593296,,/fapi/v1/fundingRate,2026-07-23T07:13:16.010414+00:00,data/raw/binance/ef073c967aa705b0db89e221fb8dfe777001f53df55f48deb25d94199e450d72.json,inferred_from_events,0.0
binance,SKHYNIXUSDT,2026-07-05 16:00:00.001000+00:00,0.0,8.0,1623.12565787,,/fapi/v1/fundingRate,2026-07-23T07:13:16.010478+00:00,data/raw/binance/ef073c967aa705b0db89e221fb8dfe777001f53df55f48deb25d94199e450d72.json,inferred_from_events,0.0
binance,SKHYNIXUSDT,2026-07-06 00:00:00.001000+00:00,0.0,8.0,1605.96256035,,/fapi/v1/fundingRate,2026-07-23T07:13:16.010546+00:00,data/raw/binance/ef073c967aa705b0db89e221fb8dfe777001f53df55f48deb25d94199e450d72.json,inferred_from_events,0.0
binance,SKHYNIXUSDT,2026-07-06 08:00:00.001000+00:00,0.00247467,8.0,1534.78628354,,/fapi/v1/fundingRate,2026-07-23T07:13:16.010611+00:00,data/raw/binance/ef073c967aa705b0db89e221fb8dfe777001f53df55f48deb25d94199e450d72.json,inferred_from_events,0.00030933375
binance,SKHYNIXUSDT,2026-07-06 16:00:00.001000+00:00,0.0,8.0,1556.1,,/fapi/v1/fundingRate,2026-07-23T07:13:16.010676+00:00,data/raw/binance/ef073c967aa705b0db89e221fb8dfe777001f53df55f48deb25d94199e450d72.json,inferred_from_events,0.0
binance,SKHYNIXUSDT,2026-07-07 00:00:00.001000+00:00,-0.00187311,8.0,1505.27,,/fapi/v1/fundingRate,2026-07-23T07:13:16.010741+00:00,data/raw/binance/ef073c967aa705b0db89e221fb8dfe777001f53df55f48deb25d94199e450d72.json,inferred_from_events,-0.00023413875
binance,SKHYNIXUSDT,2026-07-07 08:00:00.001000+00:00,0.00661515,8.0,1432.03898135,,/fapi/v1/fundingRate,2026-07-23T07:13:16.010836+00:00,data/raw/binance/ef073c967aa705b0db89e221fb8dfe777001f53df55f48deb25d94199e450d72.json,inferred_from_events,0.00082689375
binance,SKHYNIXUSDT,2026-07-07 16:00:00.001000+00:00,-0.00087944,8.0,1421.82,,/fapi/v1/fundingRate,2026-07-23T07:13:16.010917+00:00,data/raw/binance/ef073c967aa705b0db89e221fb8dfe777001f53df55f48deb25d94199e450d72.json,inferred_from_events,-0.00010993
binance,SKHYNIXUSDT,2026-07-08 00:00:00.002000+00:00,-0.00176129,8.0,1400.68,,/fapi/v1/fundingRate,2026-07-23T07:13:16.010987+00:00,data/raw/binance/ef073c967aa705b0db89e221fb8dfe777001f53df55f48deb25d94199e450d72.json,inferred_from_events,-0.00022016125
binance,SKHYNIXUSDT,2026-07-08 08:00:00.001000+00:00,0.00386943,8.0,1390.75598006,,/fapi/v1/fundingRate,2026-07-23T07:13:16.011053+00:00,data/raw/binance/ef073c967aa705b0db89e221fb8dfe777001f53df55f48deb25d94199e450d72.json,inferred_from_events,0.00048367875
binance,SKHYNIXUSDT,2026-07-08 16:00:00.001000+00:00,0.00139656,8.0,1396.81028529,,/fapi/v1/fundingRate,2026-07-23T07:13:16.011120+00:00,data/raw/binance/ef073c967aa705b0db89e221fb8dfe777001f53df55f48deb25d94199e450d72.json,inferred_from_events,0.00017457
binance,SKHYNIXUSDT,2026-07-09 00:00:00.001000+00:00,0.00102242,8.0,1483.44,,/fapi/v1/fundingRate,2026-07-23T07:13:16.011185+00:00,data/raw/binance/ef073c967aa705b0db89e221fb8dfe777001f53df55f48deb25d94199e450d72.json,inferred_from_events,0.0001278025
binance,SKHYNIXUSDT,2026-07-09 08:00:00.001000+00:00,0.00473872,8.0,1477.50149439,,/fapi/v1/fundingRate,2026-07-23T07:13:16.011250+00:00,data/raw/binance/ef073c967aa705b0db89e221fb8dfe777001f53df55f48deb25d94199e450d72.json,inferred_from_events,0.00059234
binance,SKHYNIXUSDT,2026-07-09 16:00:00.001000+00:00,0.00112086,8.0,1535.79254508,,/fapi/v1/fundingRate,2026-07-23T07:13:16.011314+00:00,data/raw/binance/ef073c967aa705b0db89e221fb8dfe777001f53df55f48deb25d94199e450d72.json,inferred_from_events,0.0001401075
binance,SKHYNIXUSDT,2026-07-10 00:00:00.001000+00:00,0.0,8.0,1548.52911397,,/fapi/v1/fundingRate,2026-07-23T07:13:16.011378+00:00,data/raw/binance/ef073c967aa705b0db89e221fb8dfe777001f53df55f48deb25d94199e450d72.json,inferred_from_events,0.0
binance,SKHYNIXUSDT,2026-07-10 08:00:00.001000+00:00,0.00317264,8.0,1457.97,,/fapi/v1/fundingRate,2026-07-23T07:13:16.011441+00:00,data/raw/binance/ef073c967aa705b0db89e221fb8dfe777001f53df55f48deb25d94199e450d72.json,inferred_from_events,0.00039658
binance,SKHYNIXUSDT,2026-07-10 16:00:00.001000+00:00,0.0,8.0,1495.21490403,,/fapi/v1/fundingRate,2026-07-23T07:13:16.011551+00:00,data/raw/binance/ef073c967aa705b0db89e221fb8dfe777001f53df55f48deb25d94199e450d72.json,inferred_from_events,0.0
binance,SKHYNIXUSDT,2026-07-11 00:00:00.001000+00:00,0.0,8.0,1480.41606527,,/fapi/v1/fundingRate,2026-07-23T07:13:16.011625+00:00,data/raw/binance/ef073c967aa705b0db89e221fb8dfe777001f53df55f48deb25d94199e450d72.json,inferred_from_events,0.0
binance,SKHYNIXUSDT,2026-07-11 08:00:00.001000+00:00,0.0,8.0,1478.54,,/fapi/v1/fundingRate,2026-07-23T07:13:16.011696+00:00,data/raw/binance/ef073c967aa705b0db89e221fb8dfe777001f53df55f48deb25d94199e450d72.json,inferred_from_events,0.0
binance,SKHYNIXUSDT,2026-07-11 16:00:00.001000+00:00,0.0,8.0,1477.32406999,,/fapi/v1/fundingRate,2026-07-23T07:13:16.011761+00:00,data/raw/binance/ef073c967aa705b0db89e221fb8dfe777001f53df55f48deb25d94199e450d72.json,inferred_from_events,0.0
binance,SKHYNIXUSDT,2026-07-12 00:00:00.001000+00:00,-2.293e-05,8.0,1475.02,,/fapi/v1/fundingRate,2026-07-23T07:13:16.011854+00:00,data/raw/binance/ef073c967aa705b0db89e221fb8dfe777001f53df55f48deb25d94199e450d72.json,inferred_from_events,-2.86625e-06
binance,SKHYNIXUSDT,2026-07-12 08:00:00.001000+00:00,0.0,8.0,1476.73,,/fapi/v1/fundingRate,2026-07-23T07:13:16.011926+00:00,data/raw/binance/ef073c967aa705b0db89e221fb8dfe777001f53df55f48deb25d94199e450d72.json,inferred_from_events,0.0
binance,SKHYNIXUSDT,2026-07-12 16:00:00.001000+00:00,0.0,8.0,1482.88452938,,/fapi/v1/fundingRate,2026-07-23T07:13:16.011994+00:00,data/raw/binance/ef073c967aa705b0db89e221fb8dfe777001f53df55f48deb25d94199e450d72.json,inferred_from_events,0.0
binance,SKHYNIXUSDT,2026-07-13 00:00:00.001000+00:00,-0.00226626,8.0,1430.17,,/fapi/v1/fundingRate,2026-07-23T07:13:16.012059+00:00,data/raw/binance/ef073c967aa705b0db89e221fb8dfe777001f53df55f48deb25d94199e450d72.json,inferred_from_events,-0.0002832825
binance,SKHYNIXUSDT,2026-07-13 08:00:00.001000+00:00,0.005,8.0,1244.81996422,,/fapi/v1/fundingRate,2026-07-23T07:13:16.012141+00:00,data/raw/binance/ef073c967aa705b0db89e221fb8dfe777001f53df55f48deb25d94199e450d72.json,inferred_from_events,0.000625
binance,SKHYNIXUSDT,2026-07-13 16:00:00.001000+00:00,0.0,8.0,1268.41,,/fapi/v1/fundingRate,2026-07-23T07:13:16.012209+00:00,data/raw/binance/ef073c967aa705b0db89e221fb8dfe777001f53df55f48deb25d94199e450d72.json,inferred_from_events,0.0
binance,SKHYNIXUSDT,2026-07-14 00:00:00.002000+00:00,-0.00108201,8.0,1238.57022928,,/fapi/v1/fundingRate,2026-07-23T07:13:16.012274+00:00,data/raw/binance/ef073c967aa705b0db89e221fb8dfe777001f53df55f48deb25d94199e450d72.json,inferred_from_events,-0.00013525125
binance,SKHYNIXUSDT,2026-07-14 08:00:00.001000+00:00,0.005,8.0,1289.73398267,,/fapi/v1/fundingRate,2026-07-23T07:13:16.012340+00:00,data/raw/binance/ef073c967aa705b0db89e221fb8dfe777001f53df55f48deb25d94199e450d72.json,inferred_from_events,0.000625
binance,SKHYNIXUSDT,2026-07-14 16:00:00.001000+00:00,0.00192162,8.0,1335.01,,/fapi/v1/fundingRate,2026-07-23T07:13:16.012405+00:00,data/raw/binance/ef073c967aa705b0db89e221fb8dfe777001f53df55f48deb25d94199e450d72.json,inferred_from_events,0.0002402025
binance,SKHYNIXUSDT,2026-07-14 20:00:00.001000+00:00,0.00133532,8.0,1388.63,,/fapi/v1/fundingRate,2026-07-23T07:13:16.012469+00:00,data/raw/binance/ef073c967aa705b0db89e221fb8dfe777001f53df55f48deb25d94199e450d72.json,inferred_from_events,0.000166915
binance,SKHYNIXUSDT,2026-07-15 00:00:00.001000+00:00,0.00171193,8.0,1414.78,,/fapi/v1/fundingRate,2026-07-23T07:13:16.012533+00:00,data/raw/binance/ef073c967aa705b0db89e221fb8dfe777001f53df55f48deb25d94199e450d72.json,inferred_from_events,0.00021399125
binance,SKHYNIXUSDT,2026-07-15 04:00:00.001000+00:00,-0.00023997,8.0,1448.64488989,,/fapi/v1/fundingRate,2026-07-23T07:13:16.012598+00:00,data/raw/binance/ef073c967aa705b0db89e221fb8dfe777001f53df55f48deb25d94199e450d72.json,inferred_from_events,-2.999625e-05
binance,SKHYNIXUSDT,2026-07-15 08:00:00.001000+00:00,-0.00100191,8.0,1383.97,,/fapi/v1/fundingRate,2026-07-23T07:13:16.012663+00:00,data/raw/binance/ef073c967aa705b0db89e221fb8dfe777001f53df55f48deb25d94199e450d72.json,inferred_from_events,-0.00012523875
binance,SKHYNIXUSDT,2026-07-15 12:00:00.002000+00:00,0.0,8.0,1372.40222149,,/fapi/v1/fundingRate,2026-07-23T07:13:16.012727+00:00,data/raw/binance/ef073c967aa705b0db89e221fb8dfe777001f53df55f48deb25d94199e450d72.json,inferred_from_events,0.0
binance,SKHYNIXUSDT,2026-07-15 16:00:00.001000+00:00,-0.00196477,8.0,1317.93165728,,/fapi/v1/fundingRate,2026-07-23T07:13:16.012813+00:00,data/raw/binance/ef073c967aa705b0db89e221fb8dfe777001f53df55f48deb25d94199e450d72.json,inferred_from_events,-0.00024559625
binance,SKHYNIXUSDT,2026-07-15 20:00:00.001000+00:00,0.00064739,8.0,1318.6542178,,/fapi/v1/fundingRate,2026-07-23T07:13:16.012894+00:00,data/raw/binance/ef073c967aa705b0db89e221fb8dfe777001f53df55f48deb25d94199e450d72.json,inferred_from_events,8.092375e-05
binance,SKHYNIXUSDT,2026-07-16 00:00:00.001000+00:00,-0.00129085,8.0,1287.0,,/fapi/v1/fundingRate,2026-07-23T07:13:16.012965+00:00,data/raw/binance/ef073c967aa705b0db89e221fb8dfe777001f53df55f48deb25d94199e450d72.json,inferred_from_events,-0.00016135625
binance,SKHYNIXUSDT,2026-07-16 04:00:00.001000+00:00,0.00168949,8.0,1254.0,,/fapi/v1/fundingRate,2026-07-23T07:13:16.013032+00:00,data/raw/binance/ef073c967aa705b0db89e221fb8dfe777001f53df55f48deb25d94199e450d72.json,inferred_from_events,0.00021118625
binance,SKHYNIXUSDT,2026-07-16 08:00:00.002000+00:00,0.00034557,8.0,1238.44,,/fapi/v1/fundingRate,2026-07-23T07:13:16.013098+00:00,data/raw/binance/ef073c967aa705b0db89e221fb8dfe777001f53df55f48deb25d94199e450d72.json,inferred_from_events,4.319625e-05
binance,SKHYNIXUSDT,2026-07-16 12:00:00.001000+00:00,-9.577e-05,8.0,1231.59980645,,/fapi/v1/fundingRate,2026-07-23T07:13:16.013163+00:00,data/raw/binance/ef073c967aa705b0db89e221fb8dfe777001f53df55f48deb25d94199e450d72.json,inferred_from_events,-1.197125e-05
binance,SKHYNIXUSDT,2026-07-16 16:00:00.001000+00:00,-0.00042886,8.0,1218.8952612,,/fapi/v1/fundingRate,2026-07-23T07:13:16.013227+00:00,data/raw/binance/ef073c967aa705b0db89e221fb8dfe777001f53df55f48deb25d94199e450d72.json,inferred_from_events,-5.36075e-05
binance,SKHYNIXUSDT,2026-07-16 20:00:00.001000+00:00,-0.0009732,8.0,1190.84,,/fapi/v1/fundingRate,2026-07-23T07:13:16.013291+00:00,data/raw/binance/ef073c967aa705b0db89e221fb8dfe777001f53df55f48deb25d94199e450d72.json,inferred_from_events,-0.00012165
binance,SKHYNIXUSDT,2026-07-17 00:00:00.001000+00:00,-0.00092102,8.0,1188.21,,/fapi/v1/fundingRate,2026-07-23T07:13:16.013355+00:00,data/raw/binance/ef073c967aa705b0db89e221fb8dfe777001f53df55f48deb25d94199e450d72.json,inferred_from_events,-0.0001151275
binance,SKHYNIXUSDT,2026-07-17 04:00:00.001000+00:00,6.403e-05,8.0,1182.44801002,,/fapi/v1/fundingRate,2026-07-23T07:13:16.013420+00:00,data/raw/binance/ef073c967aa705b0db89e221fb8dfe777001f53df55f48deb25d94199e450d72.json,inferred_from_events,8.00375e-06
binance,SKHYNIXUSDT,2026-07-17 08:00:00.001000+00:00,-0.00143406,8.0,1146.11,,/fapi/v1/fundingRate,2026-07-23T07:13:16.013483+00:00,data/raw/binance/ef073c967aa705b0db89e221fb8dfe777001f53df55f48deb25d94199e450d72.json,inferred_from_events,-0.0001792575
binance,SKHYNIXUSDT,2026-07-17 12:00:00.001000+00:00,0.00041051,8.0,1167.56886683,,/fapi/v1/fundingRate,2026-07-23T07:13:16.013546+00:00,data/raw/binance/ef073c967aa705b0db89e221fb8dfe777001f53df55f48deb25d94199e450d72.json,inferred_from_events,5.131375e-05
binance,SKHYNIXUSDT,2026-07-17 16:00:00.001000+00:00,0.00150611,8.0,1211.66781351,,/fapi/v1/fundingRate,2026-07-23T07:13:16.013610+00:00,data/raw/binance/ef073c967aa705b0db89e221fb8dfe777001f53df55f48deb25d94199e450d72.json,inferred_from_events,0.00018826375
binance,SKHYNIXUSDT,2026-07-17 20:00:00.001000+00:00,-0.00094887,8.0,1165.11,,/fapi/v1/fundingRate,2026-07-23T07:13:16.013674+00:00,data/raw/binance/ef073c967aa705b0db89e221fb8dfe777001f53df55f48deb25d94199e450d72.json,inferred_from_events,-0.00011860875
binance,SKHYNIXUSDT,2026-07-18 00:00:00.001000+00:00,0.0,8.0,1156.67,,/fapi/v1/fundingRate,2026-07-23T07:13:16.013738+00:00,data/raw/binance/ef073c967aa705b0db89e221fb8dfe777001f53df55f48deb25d94199e450d72.json,inferred_from_events,0.0
binance,SKHYNIXUSDT,2026-07-18 04:00:00.002000+00:00,0.0,8.0,1164.14,,/fapi/v1/fundingRate,2026-07-23T07:13:16.013827+00:00,data/raw/binance/ef073c967aa705b0db89e221fb8dfe777001f53df55f48deb25d94199e450d72.json,inferred_from_events,0.0
binance,SKHYNIXUSDT,2026-07-18 08:00:00.001000+00:00,0.0,8.0,1161.58,,/fapi/v1/fundingRate,2026-07-23T07:13:16.013908+00:00,data/raw/binance/ef073c967aa705b0db89e221fb8dfe777001f53df55f48deb25d94199e450d72.json,inferred_from_events,0.0
binance,SKHYNIXUSDT,2026-07-18 12:00:00.001000+00:00,0.0,8.0,1161.11864637,,/fapi/v1/fundingRate,2026-07-23T07:13:16.013977+00:00,data/raw/binance/ef073c967aa705b0db89e221fb8dfe777001f53df55f48deb25d94199e450d72.json,inferred_from_events,0.0
binance,SKHYNIXUSDT,2026-07-18 16:00:00.001000+00:00,-4.143e-05,8.0,1150.8,,/fapi/v1/fundingRate,2026-07-23T07:13:16.014043+00:00,data/raw/binance/ef073c967aa705b0db89e221fb8dfe777001f53df55f48deb25d94199e450d72.json,inferred_from_events,-5.17875e-06
binance,SKHYNIXUSDT,2026-07-18 20:00:00.001000+00:00,0.0,8.0,1149.07286943,,/fapi/v1/fundingRate,2026-07-23T07:13:16.014109+00:00,data/raw/binance/ef073c967aa705b0db89e221fb8dfe777001f53df55f48deb25d94199e450d72.json,inferred_from_events,0.0
binance,SKHYNIXUSDT,2026-07-19 00:00:00.001000+00:00,0.0,8.0,1154.84,,/fapi/v1/fundingRate,2026-07-23T07:13:16.014177+00:00,data/raw/binance/ef073c967aa705b0db89e221fb8dfe777001f53df55f48deb25d94199e450d72.json,inferred_from_events,0.0
binance,SKHYNIXUSDT,2026-07-19 04:00:00.001000+00:00,0.0,8.0,1167.19385879,,/fapi/v1/fundingRate,2026-07-23T07:13:16.014242+00:00,data/raw/binance/ef073c967aa705b0db89e221fb8dfe777001f53df55f48deb25d94199e450d72.json,inferred_from_events,0.0
binance,SKHYNIXUSDT,2026-07-19 08:00:00.001000+00:00,8.177e-05,8.0,1185.36480444,,/fapi/v1/fundingRate,2026-07-23T07:13:16.014308+00:00,data/raw/binance/ef073c967aa705b0db89e221fb8dfe777001f53df55f48deb25d94199e450d72.json,inferred_from_events,1.022125e-05
binance,SKHYNIXUSDT,2026-07-19 12:00:00.001000+00:00,-0.00014976,8.0,1182.19,,/fapi/v1/fundingRate,2026-07-23T07:13:16.014374+00:00,data/raw/binance/ef073c967aa705b0db89e221fb8dfe777001f53df55f48deb25d94199e450d72.json,inferred_from_events,-1.872e-05
binance,SKHYNIXUSDT,2026-07-19 16:00:00.001000+00:00,0.0,8.0,1183.25761432,,/fapi/v1/fundingRate,2026-07-23T07:13:16.014438+00:00,data/raw/binance/ef073c967aa705b0db89e221fb8dfe777001f53df55f48deb25d94199e450d72.json,inferred_from_events,0.0
binance,SKHYNIXUSDT,2026-07-19 20:00:00.001000+00:00,0.00020692,8.0,1193.54169532,,/fapi/v1/fundingRate,2026-07-23T07:13:16.014503+00:00,data/raw/binance/ef073c967aa705b0db89e221fb8dfe777001f53df55f48deb25d94199e450d72.json,inferred_from_events,2.5865e-05
binance,SKHYNIXUSDT,2026-07-20 00:00:00.002000+00:00,-0.00031583,8.0,1174.85706611,,/fapi/v1/fundingRate,2026-07-23T07:13:16.014568+00:00,data/raw/binance/ef073c967aa705b0db89e221fb8dfe777001f53df55f48deb25d94199e450d72.json,inferred_from_events,-3.947875e-05
binance,SKHYNIXUSDT,2026-07-20 04:00:00.001000+00:00,0.00166537,8.0,1209.39,,/fapi/v1/fundingRate,2026-07-23T07:13:16.014634+00:00,data/raw/binance/ef073c967aa705b0db89e221fb8dfe777001f53df55f48deb25d94199e450d72.json,inferred_from_events,0.00020817125
binance,SKHYNIXUSDT,2026-07-20 08:00:00.001000+00:00,0.00052817,8.0,1206.43270265,,/fapi/v1/fundingRate,2026-07-23T07:13:16.014699+00:00,data/raw/binance/ef073c967aa705b0db89e221fb8dfe777001f53df55f48deb25d94199e450d72.json,inferred_from_events,6.602125e-05
binance,SKHYNIXUSDT,2026-07-20 12:00:00.001000+00:00,0.00060173,8.0,1243.21,,/fapi/v1/fundingRate,2026-07-23T07:13:16.014764+00:00,data/raw/binance/ef073c967aa705b0db89e221fb8dfe777001f53df55f48deb25d94199e450d72.json,inferred_from_events,7.521625e-05
binance,SKHYNIXUSDT,2026-07-20 16:00:00.001000+00:00,-0.00016124,8.0,1227.44,,/fapi/v1/fundingRate,2026-07-23T07:13:16.014861+00:00,data/raw/binance/ef073c967aa705b0db89e221fb8dfe777001f53df55f48deb25d94199e450d72.json,inferred_from_events,-2.0155e-05
binance,SKHYNIXUSDT,2026-07-20 20:00:00.001000+00:00,-0.00055024,8.0,1196.97,,/fapi/v1/fundingRate,2026-07-23T07:13:16.014935+00:00,data/raw/binance/ef073c967aa705b0db89e221fb8dfe777001f53df55f48deb25d94199e450d72.json,inferred_from_events,-6.878e-05
binance,SKHYNIXUSDT,2026-07-21 00:00:00.001000+00:00,0.00015674,8.0,1202.73369876,,/fapi/v1/fundingRate,2026-07-23T07:13:16.015002+00:00,data/raw/binance/ef073c967aa705b0db89e221fb8dfe777001f53df55f48deb25d94199e450d72.json,inferred_from_events,1.95925e-05
binance,SKHYNIXUSDT,2026-07-21 04:00:00.002000+00:00,0.00119891,8.0,1274.4,,/fapi/v1/fundingRate,2026-07-23T07:13:16.015069+00:00,data/raw/binance/ef073c967aa705b0db89e221fb8dfe777001f53df55f48deb25d94199e450d72.json,inferred_from_events,0.00014986375
binance,SKHYNIXUSDT,2026-07-21 08:00:00.001000+00:00,0.00022498,8.0,1261.76025821,,/fapi/v1/fundingRate,2026-07-23T07:13:16.015133+00:00,data/raw/binance/ef073c967aa705b0db89e221fb8dfe777001f53df55f48deb25d94199e450d72.json,inferred_from_events,2.81225e-05
binance,SKHYNIXUSDT,2026-07-21 12:00:00.001000+00:00,0.0,8.0,1262.86,,/fapi/v1/fundingRate,2026-07-23T07:13:16.015198+00:00,data/raw/binance/ef073c967aa705b0db89e221fb8dfe777001f53df55f48deb25d94199e450d72.json,inferred_from_events,0.0
binance,SKHYNIXUSDT,2026-07-21 16:00:00+00:00,0.00068707,8.0,1290.64,,/fapi/v1/fundingRate,2026-07-23T07:13:16.015262+00:00,data/raw/binance/ef073c967aa705b0db89e221fb8dfe777001f53df55f48deb25d94199e450d72.json,inferred_from_events,8.588375e-05
binance,SKHYNIXUSDT,2026-07-21 20:00:00.001000+00:00,0.00010694,8.0,1323.28,,/fapi/v1/fundingRate,2026-07-23T07:13:16.015326+00:00,data/raw/binance/ef073c967aa705b0db89e221fb8dfe777001f53df55f48deb25d94199e450d72.json,inferred_from_events,1.33675e-05
binance,SKHYNIXUSDT,2026-07-22 00:00:00+00:00,0.0,8.0,1336.81,,/fapi/v1/fundingRate,2026-07-23T07:13:16.015391+00:00,data/raw/binance/ef073c967aa705b0db89e221fb8dfe777001f53df55f48deb25d94199e450d72.json,inferred_from_events,0.0
binance,SKHYNIXUSDT,2026-07-22 04:00:00+00:00,0.00034064,8.0,1314.02,,/fapi/v1/fundingRate,2026-07-23T07:13:16.015457+00:00,data/raw/binance/ef073c967aa705b0db89e221fb8dfe777001f53df55f48deb25d94199e450d72.json,inferred_from_events,4.258e-05
binance,SKHYNIXUSDT,2026-07-22 08:00:00.001000+00:00,0.00068087,8.0,1250.28121741,,/fapi/v1/fundingRate,2026-07-23T07:13:16.015570+00:00,data/raw/binance/ef073c967aa705b0db89e221fb8dfe777001f53df55f48deb25d94199e450d72.json,inferred_from_events,8.510875e-05
binance,SKHYNIXUSDT,2026-07-22 12:00:00.001000+00:00,-0.00023337,8.0,1236.68,,/fapi/v1/fundingRate,2026-07-23T07:13:16.015644+00:00,data/raw/binance/ef073c967aa705b0db89e221fb8dfe777001f53df55f48deb25d94199e450d72.json,inferred_from_events,-2.917125e-05
binance,SKHYNIXUSDT,2026-07-22 16:00:00+00:00,0.0007125,8.0,1272.51,,/fapi/v1/fundingRate,2026-07-23T07:13:16.015711+00:00,data/raw/binance/ef073c967aa705b0db89e221fb8dfe777001f53df55f48deb25d94199e450d72.json,inferred_from_events,8.90625e-05
binance,SKHYNIXUSDT,2026-07-22 20:00:00+00:00,-5.632e-05,8.0,1260.89,,/fapi/v1/fundingRate,2026-07-23T07:13:16.015777+00:00,data/raw/binance/ef073c967aa705b0db89e221fb8dfe777001f53df55f48deb25d94199e450d72.json,inferred_from_events,-7.04e-06
binance,SKHYNIXUSDT,2026-07-23 00:00:00+00:00,0.0,8.0,1300.05,,/fapi/v1/fundingRate,2026-07-23T07:13:16.015874+00:00,data/raw/binance/ef073c967aa705b0db89e221fb8dfe777001f53df55f48deb25d94199e450d72.json,inferred_from_events,0.0
binance,SKHYNIXUSDT,2026-07-23 04:00:00.001000+00:00,0.00063342,8.0,1296.8723271,,/fapi/v1/fundingRate,2026-07-23T07:13:16.015947+00:00,data/raw/binance/ef073c967aa705b0db89e221fb8dfe777001f53df55f48deb25d94199e450d72.json,inferred_from_events,7.91775e-05
binance,SKHYNIXUSDT,2026-07-23 08:00:00.001000+00:00,6.207e-05,8.0,1304.97,,/fapi/v1/fundingRate,2026-07-23T08:17:34.399117+00:00,data/raw/binance/fc4a1e4358b18182ea5c85b5857543619c5e691413193d49bdc4abb1f08322ca.json,inferred_from_events,7.75875e-06
bitget,SKHYNIXUSDT,2026-06-10 08:00:00+00:00,0.001,8.0,,,/api/v3/market/history-fund-rate,2026-07-23T07:13:44.571121+00:00,data/raw/bitget/d4ef6308c3819b3f97583aa637fb9b647af06c583f55137e1ca9c6014c6aa8b4.json,inferred_from_events,0.000125
bitget,SKHYNIXUSDT,2026-06-10 16:00:00+00:00,0.0,8.0,,,/api/v3/market/history-fund-rate,2026-07-23T07:13:44.571037+00:00,data/raw/bitget/d4ef6308c3819b3f97583aa637fb9b647af06c583f55137e1ca9c6014c6aa8b4.json,inferred_from_events,0.0
bitget,SKHYNIXUSDT,2026-06-11 00:00:00+00:00,0.0,8.0,,,/api/v3/market/history-fund-rate,2026-07-23T07:13:44.570964+00:00,data/raw/bitget/d4ef6308c3819b3f97583aa637fb9b647af06c583f55137e1ca9c6014c6aa8b4.json,inferred_from_events,0.0
bitget,SKHYNIXUSDT,2026-06-11 08:00:00+00:00,0.001,8.0,,,/api/v3/market/history-fund-rate,2026-07-23T07:13:44.570886+00:00,data/raw/bitget/d4ef6308c3819b3f97583aa637fb9b647af06c583f55137e1ca9c6014c6aa8b4.json,inferred_from_events,0.000125
bitget,SKHYNIXUSDT,2026-06-11 16:00:00+00:00,0.0,8.0,,,/api/v3/market/history-fund-rate,2026-07-23T07:13:44.570781+00:00,data/raw/bitget/d4ef6308c3819b3f97583aa637fb9b647af06c583f55137e1ca9c6014c6aa8b4.json,inferred_from_events,0.0
bitget,SKHYNIXUSDT,2026-06-12 00:00:00+00:00,0.0,8.0,,,/api/v3/market/history-fund-rate,2026-07-23T07:13:44.570712+00:00,data/raw/bitget/d4ef6308c3819b3f97583aa637fb9b647af06c583f55137e1ca9c6014c6aa8b4.json,inferred_from_events,0.0
bitget,SKHYNIXUSDT,2026-06-12 08:00:00+00:00,0.000901,8.0,,,/api/v3/market/history-fund-rate,2026-07-23T07:13:44.570642+00:00,data/raw/bitget/d4ef6308c3819b3f97583aa637fb9b647af06c583f55137e1ca9c6014c6aa8b4.json,inferred_from_events,0.000112625
bitget,SKHYNIXUSDT,2026-06-12 16:00:00+00:00,0.0,8.0,,,/api/v3/market/history-fund-rate,2026-07-23T07:13:44.570570+00:00,data/raw/bitget/d4ef6308c3819b3f97583aa637fb9b647af06c583f55137e1ca9c6014c6aa8b4.json,inferred_from_events,0.0
bitget,SKHYNIXUSDT,2026-06-13 00:00:00+00:00,0.0,8.0,,,/api/v3/market/history-fund-rate,2026-07-23T07:13:44.570498+00:00,data/raw/bitget/d4ef6308c3819b3f97583aa637fb9b647af06c583f55137e1ca9c6014c6aa8b4.json,inferred_from_events,0.0
bitget,SKHYNIXUSDT,2026-06-13 08:00:00+00:00,0.0,8.0,,,/api/v3/market/history-fund-rate,2026-07-23T07:13:44.570425+00:00,data/raw/bitget/d4ef6308c3819b3f97583aa637fb9b647af06c583f55137e1ca9c6014c6aa8b4.json,inferred_from_events,0.0
bitget,SKHYNIXUSDT,2026-06-13 16:00:00+00:00,0.0,8.0,,,/api/v3/market/history-fund-rate,2026-07-23T07:13:44.570348+00:00,data/raw/bitget/d4ef6308c3819b3f97583aa637fb9b647af06c583f55137e1ca9c6014c6aa8b4.json,inferred_from_events,0.0
bitget,SKHYNIXUSDT,2026-06-14 00:00:00+00:00,0.0,8.0,,,/api/v3/market/history-fund-rate,2026-07-23T07:13:44.570259+00:00,data/raw/bitget/d4ef6308c3819b3f97583aa637fb9b647af06c583f55137e1ca9c6014c6aa8b4.json,inferred_from_events,0.0
bitget,SKHYNIXUSDT,2026-06-14 08:00:00+00:00,0.0,8.0,,,/api/v3/market/history-fund-rate,2026-07-23T07:13:44.570187+00:00,data/raw/bitget/d4ef6308c3819b3f97583aa637fb9b647af06c583f55137e1ca9c6014c6aa8b4.json,inferred_from_events,0.0
bitget,SKHYNIXUSDT,2026-06-14 16:00:00+00:00,0.0,8.0,,,/api/v3/market/history-fund-rate,2026-07-23T07:13:44.570115+00:00,data/raw/bitget/d4ef6308c3819b3f97583aa637fb9b647af06c583f55137e1ca9c6014c6aa8b4.json,inferred_from_events,0.0
bitget,SKHYNIXUSDT,2026-06-15 00:00:00+00:00,0.0,8.0,,,/api/v3/market/history-fund-rate,2026-07-23T07:13:44.570044+00:00,data/raw/bitget/d4ef6308c3819b3f97583aa637fb9b647af06c583f55137e1ca9c6014c6aa8b4.json,inferred_from_events,0.0
bitget,SKHYNIXUSDT,2026-06-15 08:00:00+00:00,0.001,8.0,,,/api/v3/market/history-fund-rate,2026-07-23T07:13:44.569972+00:00,data/raw/bitget/d4ef6308c3819b3f97583aa637fb9b647af06c583f55137e1ca9c6014c6aa8b4.json,inferred_from_events,0.000125
bitget,SKHYNIXUSDT,2026-06-15 16:00:00+00:00,0.0,8.0,,,/api/v3/market/history-fund-rate,2026-07-23T07:13:44.569895+00:00,data/raw/bitget/d4ef6308c3819b3f97583aa637fb9b647af06c583f55137e1ca9c6014c6aa8b4.json,inferred_from_events,0.0
bitget,SKHYNIXUSDT,2026-06-16 00:00:00+00:00,0.0,8.0,,,/api/v3/market/history-fund-rate,2026-07-23T07:13:44.569788+00:00,data/raw/bitget/d4ef6308c3819b3f97583aa637fb9b647af06c583f55137e1ca9c6014c6aa8b4.json,inferred_from_events,0.0
bitget,SKHYNIXUSDT,2026-06-16 08:00:00+00:00,0.001,8.0,,,/api/v3/market/history-fund-rate,2026-07-23T07:13:44.569717+00:00,data/raw/bitget/d4ef6308c3819b3f97583aa637fb9b647af06c583f55137e1ca9c6014c6aa8b4.json,inferred_from_events,0.000125
bitget,SKHYNIXUSDT,2026-06-16 16:00:00+00:00,0.0,8.0,,,/api/v3/market/history-fund-rate,2026-07-23T07:13:44.569646+00:00,data/raw/bitget/d4ef6308c3819b3f97583aa637fb9b647af06c583f55137e1ca9c6014c6aa8b4.json,inferred_from_events,0.0
bitget,SKHYNIXUSDT,2026-06-17 00:00:00+00:00,0.0,8.0,,,/api/v3/market/history-fund-rate,2026-07-23T07:13:44.569571+00:00,data/raw/bitget/d4ef6308c3819b3f97583aa637fb9b647af06c583f55137e1ca9c6014c6aa8b4.json,inferred_from_events,0.0
bitget,SKHYNIXUSDT,2026-06-17 08:00:00+00:00,0.001,8.0,,,/api/v3/market/history-fund-rate,2026-07-23T07:13:44.569488+00:00,data/raw/bitget/d4ef6308c3819b3f97583aa637fb9b647af06c583f55137e1ca9c6014c6aa8b4.json,inferred_from_events,0.000125
bitget,SKHYNIXUSDT,2026-06-17 16:00:00+00:00,0.0,8.0,,,/api/v3/market/history-fund-rate,2026-07-23T07:13:44.569417+00:00,data/raw/bitget/d4ef6308c3819b3f97583aa637fb9b647af06c583f55137e1ca9c6014c6aa8b4.json,inferred_from_events,0.0
bitget,SKHYNIXUSDT,2026-06-18 00:00:00+00:00,0.0,8.0,,,/api/v3/market/history-fund-rate,2026-07-23T07:13:44.569343+00:00,data/raw/bitget/d4ef6308c3819b3f97583aa637fb9b647af06c583f55137e1ca9c6014c6aa8b4.json,inferred_from_events,0.0
bitget,SKHYNIXUSDT,2026-06-18 08:00:00+00:00,0.001,8.0,,,/api/v3/market/history-fund-rate,2026-07-23T07:13:44.569262+00:00,data/raw/bitget/d4ef6308c3819b3f97583aa637fb9b647af06c583f55137e1ca9c6014c6aa8b4.json,inferred_from_events,0.000125
bitget,SKHYNIXUSDT,2026-06-18 16:00:00+00:00,0.0,8.0,,,/api/v3/market/history-fund-rate,2026-07-23T07:13:44.569174+00:00,data/raw/bitget/d4ef6308c3819b3f97583aa637fb9b647af06c583f55137e1ca9c6014c6aa8b4.json,inferred_from_events,0.0
bitget,SKHYNIXUSDT,2026-06-19 00:00:00+00:00,0.0,8.0,,,/api/v3/market/history-fund-rate,2026-07-23T07:13:44.569101+00:00,data/raw/bitget/d4ef6308c3819b3f97583aa637fb9b647af06c583f55137e1ca9c6014c6aa8b4.json,inferred_from_events,0.0
bitget,SKHYNIXUSDT,2026-06-19 08:00:00+00:00,0.001,8.0,,,/api/v3/market/history-fund-rate,2026-07-23T07:13:44.569026+00:00,data/raw/bitget/d4ef6308c3819b3f97583aa637fb9b647af06c583f55137e1ca9c6014c6aa8b4.json,inferred_from_events,0.000125
bitget,SKHYNIXUSDT,2026-06-19 16:00:00+00:00,0.0,8.0,,,/api/v3/market/history-fund-rate,2026-07-23T07:13:44.568949+00:00,data/raw/bitget/d4ef6308c3819b3f97583aa637fb9b647af06c583f55137e1ca9c6014c6aa8b4.json,inferred_from_events,0.0
bitget,SKHYNIXUSDT,2026-06-20 00:00:00+00:00,0.0,8.0,,,/api/v3/market/history-fund-rate,2026-07-23T07:13:44.568863+00:00,data/raw/bitget/d4ef6308c3819b3f97583aa637fb9b647af06c583f55137e1ca9c6014c6aa8b4.json,inferred_from_events,0.0
bitget,SKHYNIXUSDT,2026-06-20 08:00:00+00:00,0.0,8.0,,,/api/v3/market/history-fund-rate,2026-07-23T07:13:44.568749+00:00,data/raw/bitget/d4ef6308c3819b3f97583aa637fb9b647af06c583f55137e1ca9c6014c6aa8b4.json,inferred_from_events,0.0
bitget,SKHYNIXUSDT,2026-06-20 16:00:00+00:00,0.0,8.0,,,/api/v3/market/history-fund-rate,2026-07-23T07:13:44.568661+00:00,data/raw/bitget/d4ef6308c3819b3f97583aa637fb9b647af06c583f55137e1ca9c6014c6aa8b4.json,inferred_from_events,0.0
bitget,SKHYNIXUSDT,2026-06-21 00:00:00+00:00,0.0,8.0,,,/api/v3/market/history-fund-rate,2026-07-23T07:13:44.568589+00:00,data/raw/bitget/d4ef6308c3819b3f97583aa637fb9b647af06c583f55137e1ca9c6014c6aa8b4.json,inferred_from_events,0.0
bitget,SKHYNIXUSDT,2026-06-21 08:00:00+00:00,0.0,8.0,,,/api/v3/market/history-fund-rate,2026-07-23T07:13:44.568518+00:00,data/raw/bitget/d4ef6308c3819b3f97583aa637fb9b647af06c583f55137e1ca9c6014c6aa8b4.json,inferred_from_events,0.0
bitget,SKHYNIXUSDT,2026-06-21 16:00:00+00:00,0.0,8.0,,,/api/v3/market/history-fund-rate,2026-07-23T07:13:44.568447+00:00,data/raw/bitget/d4ef6308c3819b3f97583aa637fb9b647af06c583f55137e1ca9c6014c6aa8b4.json,inferred_from_events,0.0
bitget,SKHYNIXUSDT,2026-06-22 00:00:00+00:00,0.0,8.0,,,/api/v3/market/history-fund-rate,2026-07-23T07:13:44.568376+00:00,data/raw/bitget/d4ef6308c3819b3f97583aa637fb9b647af06c583f55137e1ca9c6014c6aa8b4.json,inferred_from_events,0.0
bitget,SKHYNIXUSDT,2026-06-22 08:00:00+00:00,0.001,8.0,,,/api/v3/market/history-fund-rate,2026-07-23T07:13:44.568304+00:00,data/raw/bitget/d4ef6308c3819b3f97583aa637fb9b647af06c583f55137e1ca9c6014c6aa8b4.json,inferred_from_events,0.000125
bitget,SKHYNIXUSDT,2026-06-22 16:00:00+00:00,0.0,8.0,,,/api/v3/market/history-fund-rate,2026-07-23T07:13:44.568231+00:00,data/raw/bitget/d4ef6308c3819b3f97583aa637fb9b647af06c583f55137e1ca9c6014c6aa8b4.json,inferred_from_events,0.0
bitget,SKHYNIXUSDT,2026-06-23 00:00:00+00:00,0.0,8.0,,,/api/v3/market/history-fund-rate,2026-07-23T07:13:44.568157+00:00,data/raw/bitget/d4ef6308c3819b3f97583aa637fb9b647af06c583f55137e1ca9c6014c6aa8b4.json,inferred_from_events,0.0
bitget,SKHYNIXUSDT,2026-06-23 08:00:00+00:00,0.001,8.0,,,/api/v3/market/history-fund-rate,2026-07-23T07:13:44.568084+00:00,data/raw/bitget/d4ef6308c3819b3f97583aa637fb9b647af06c583f55137e1ca9c6014c6aa8b4.json,inferred_from_events,0.000125
bitget,SKHYNIXUSDT,2026-06-23 16:00:00+00:00,0.0,8.0,,,/api/v3/market/history-fund-rate,2026-07-23T07:13:44.568007+00:00,data/raw/bitget/d4ef6308c3819b3f97583aa637fb9b647af06c583f55137e1ca9c6014c6aa8b4.json,inferred_from_events,0.0
bitget,SKHYNIXUSDT,2026-06-24 00:00:00+00:00,0.0,8.0,,,/api/v3/market/history-fund-rate,2026-07-23T07:13:44.567914+00:00,data/raw/bitget/d4ef6308c3819b3f97583aa637fb9b647af06c583f55137e1ca9c6014c6aa8b4.json,inferred_from_events,0.0
bitget,SKHYNIXUSDT,2026-06-24 08:00:00+00:00,0.005,8.0,,,/api/v3/market/history-fund-rate,2026-07-23T07:13:44.567824+00:00,data/raw/bitget/d4ef6308c3819b3f97583aa637fb9b647af06c583f55137e1ca9c6014c6aa8b4.json,inferred_from_events,0.000625
bitget,SKHYNIXUSDT,2026-06-24 16:00:00+00:00,0.0,8.0,,,/api/v3/market/history-fund-rate,2026-07-23T07:13:44.567723+00:00,data/raw/bitget/d4ef6308c3819b3f97583aa637fb9b647af06c583f55137e1ca9c6014c6aa8b4.json,inferred_from_events,0.0
bitget,SKHYNIXUSDT,2026-06-25 00:00:00+00:00,0.000707,8.0,,,/api/v3/market/history-fund-rate,2026-07-23T07:13:44.567648+00:00,data/raw/bitget/d4ef6308c3819b3f97583aa637fb9b647af06c583f55137e1ca9c6014c6aa8b4.json,inferred_from_events,8.8375e-05
bitget,SKHYNIXUSDT,2026-06-25 08:00:00+00:00,0.003784,8.0,,,/api/v3/market/history-fund-rate,2026-07-23T07:13:44.567570+00:00,data/raw/bitget/d4ef6308c3819b3f97583aa637fb9b647af06c583f55137e1ca9c6014c6aa8b4.json,inferred_from_events,0.000473
bitget,SKHYNIXUSDT,2026-06-25 16:00:00+00:00,0.0,8.0,,,/api/v3/market/history-fund-rate,2026-07-23T07:13:44.567458+00:00,data/raw/bitget/d4ef6308c3819b3f97583aa637fb9b647af06c583f55137e1ca9c6014c6aa8b4.json,inferred_from_events,0.0
bitget,SKHYNIXUSDT,2026-06-26 00:00:00+00:00,0.0,8.0,,,/api/v3/market/history-fund-rate,2026-07-23T07:13:44.567381+00:00,data/raw/bitget/d4ef6308c3819b3f97583aa637fb9b647af06c583f55137e1ca9c6014c6aa8b4.json,inferred_from_events,0.0
bitget,SKHYNIXUSDT,2026-06-26 08:00:00+00:00,0.005,8.0,,,/api/v3/market/history-fund-rate,2026-07-23T07:13:44.567307+00:00,data/raw/bitget/d4ef6308c3819b3f97583aa637fb9b647af06c583f55137e1ca9c6014c6aa8b4.json,inferred_from_events,0.000625
bitget,SKHYNIXUSDT,2026-06-26 16:00:00+00:00,0.0,8.0,,,/api/v3/market/history-fund-rate,2026-07-23T07:13:44.567232+00:00,data/raw/bitget/d4ef6308c3819b3f97583aa637fb9b647af06c583f55137e1ca9c6014c6aa8b4.json,inferred_from_events,0.0
bitget,SKHYNIXUSDT,2026-06-27 00:00:00+00:00,0.0,8.0,,,/api/v3/market/history-fund-rate,2026-07-23T07:13:44.567155+00:00,data/raw/bitget/d4ef6308c3819b3f97583aa637fb9b647af06c583f55137e1ca9c6014c6aa8b4.json,inferred_from_events,0.0
bitget,SKHYNIXUSDT,2026-06-27 08:00:00+00:00,0.0,8.0,,,/api/v3/market/history-fund-rate,2026-07-23T07:13:44.567062+00:00,data/raw/bitget/d4ef6308c3819b3f97583aa637fb9b647af06c583f55137e1ca9c6014c6aa8b4.json,inferred_from_events,0.0
bitget,SKHYNIXUSDT,2026-06-27 16:00:00+00:00,0.0,8.0,,,/api/v3/market/history-fund-rate,2026-07-23T07:13:44.566988+00:00,data/raw/bitget/d4ef6308c3819b3f97583aa637fb9b647af06c583f55137e1ca9c6014c6aa8b4.json,inferred_from_events,0.0
bitget,SKHYNIXUSDT,2026-06-28 00:00:00+00:00,0.0,8.0,,,/api/v3/market/history-fund-rate,2026-07-23T07:13:44.566908+00:00,data/raw/bitget/d4ef6308c3819b3f97583aa637fb9b647af06c583f55137e1ca9c6014c6aa8b4.json,inferred_from_events,0.0
bitget,SKHYNIXUSDT,2026-06-28 08:00:00+00:00,0.0,8.0,,,/api/v3/market/history-fund-rate,2026-07-23T07:13:44.566786+00:00,data/raw/bitget/d4ef6308c3819b3f97583aa637fb9b647af06c583f55137e1ca9c6014c6aa8b4.json,inferred_from_events,0.0
bitget,SKHYNIXUSDT,2026-06-28 16:00:00+00:00,0.0,8.0,,,/api/v3/market/history-fund-rate,2026-07-23T07:13:44.566695+00:00,data/raw/bitget/d4ef6308c3819b3f97583aa637fb9b647af06c583f55137e1ca9c6014c6aa8b4.json,inferred_from_events,0.0
bitget,SKHYNIXUSDT,2026-06-29 00:00:00+00:00,0.0,8.0,,,/api/v3/market/history-fund-rate,2026-07-23T07:13:44.566279+00:00,data/raw/bitget/a9940b9a3cd21d5fafdb355c0b601605b6736af5d0ddddeaf13ffd11fc77e9ae.json,inferred_from_events,0.0
bitget,SKHYNIXUSDT,2026-06-29 08:00:00+00:00,0.005,8.0,,,/api/v3/market/history-fund-rate,2026-07-23T07:13:44.566207+00:00,data/raw/bitget/a9940b9a3cd21d5fafdb355c0b601605b6736af5d0ddddeaf13ffd11fc77e9ae.json,inferred_from_events,0.000625
bitget,SKHYNIXUSDT,2026-06-29 16:00:00+00:00,0.0,8.0,,,/api/v3/market/history-fund-rate,2026-07-23T07:13:44.566134+00:00,data/raw/bitget/a9940b9a3cd21d5fafdb355c0b601605b6736af5d0ddddeaf13ffd11fc77e9ae.json,inferred_from_events,0.0
bitget,SKHYNIXUSDT,2026-06-30 00:00:00+00:00,0.0,8.0,,,/api/v3/market/history-fund-rate,2026-07-23T07:13:44.566061+00:00,data/raw/bitget/a9940b9a3cd21d5fafdb355c0b601605b6736af5d0ddddeaf13ffd11fc77e9ae.json,inferred_from_events,0.0
bitget,SKHYNIXUSDT,2026-06-30 08:00:00+00:00,0.001394,8.0,,,/api/v3/market/history-fund-rate,2026-07-23T07:13:44.565984+00:00,data/raw/bitget/a9940b9a3cd21d5fafdb355c0b601605b6736af5d0ddddeaf13ffd11fc77e9ae.json,inferred_from_events,0.00017425
bitget,SKHYNIXUSDT,2026-06-30 16:00:00+00:00,0.0,8.0,,,/api/v3/market/history-fund-rate,2026-07-23T07:13:44.565888+00:00,data/raw/bitget/a9940b9a3cd21d5fafdb355c0b601605b6736af5d0ddddeaf13ffd11fc77e9ae.json,inferred_from_events,0.0
bitget,SKHYNIXUSDT,2026-07-01 00:00:00+00:00,0.0,8.0,,,/api/v3/market/history-fund-rate,2026-07-23T07:13:44.565782+00:00,data/raw/bitget/a9940b9a3cd21d5fafdb355c0b601605b6736af5d0ddddeaf13ffd11fc77e9ae.json,inferred_from_events,0.0
bitget,SKHYNIXUSDT,2026-07-01 08:00:00+00:00,0.003308,8.0,,,/api/v3/market/history-fund-rate,2026-07-23T07:13:44.565710+00:00,data/raw/bitget/a9940b9a3cd21d5fafdb355c0b601605b6736af5d0ddddeaf13ffd11fc77e9ae.json,inferred_from_events,0.0004135
bitget,SKHYNIXUSDT,2026-07-01 16:00:00+00:00,-8e-06,8.0,,,/api/v3/market/history-fund-rate,2026-07-23T07:13:44.565638+00:00,data/raw/bitget/a9940b9a3cd21d5fafdb355c0b601605b6736af5d0ddddeaf13ffd11fc77e9ae.json,inferred_from_events,-1e-06
bitget,SKHYNIXUSDT,2026-07-02 00:00:00+00:00,-1.4e-05,8.0,,,/api/v3/market/history-fund-rate,2026-07-23T07:13:44.565566+00:00,data/raw/bitget/a9940b9a3cd21d5fafdb355c0b601605b6736af5d0ddddeaf13ffd11fc77e9ae.json,inferred_from_events,-1.75e-06
bitget,SKHYNIXUSDT,2026-07-02 08:00:00+00:00,0.005,8.0,,,/api/v3/market/history-fund-rate,2026-07-23T07:13:44.565493+00:00,data/raw/bitget/a9940b9a3cd21d5fafdb355c0b601605b6736af5d0ddddeaf13ffd11fc77e9ae.json,inferred_from_events,0.000625
bitget,SKHYNIXUSDT,2026-07-02 16:00:00+00:00,-6.9e-05,8.0,,,/api/v3/market/history-fund-rate,2026-07-23T07:13:44.565418+00:00,data/raw/bitget/a9940b9a3cd21d5fafdb355c0b601605b6736af5d0ddddeaf13ffd11fc77e9ae.json,inferred_from_events,-8.625e-06
bitget,SKHYNIXUSDT,2026-07-03 00:00:00+00:00,0.0,8.0,,,/api/v3/market/history-fund-rate,2026-07-23T07:13:44.565337+00:00,data/raw/bitget/a9940b9a3cd21d5fafdb355c0b601605b6736af5d0ddddeaf13ffd11fc77e9ae.json,inferred_from_events,0.0
bitget,SKHYNIXUSDT,2026-07-03 08:00:00+00:00,0.001529,8.0,,,/api/v3/market/history-fund-rate,2026-07-23T07:13:44.565261+00:00,data/raw/bitget/a9940b9a3cd21d5fafdb355c0b601605b6736af5d0ddddeaf13ffd11fc77e9ae.json,inferred_from_events,0.000191125
bitget,SKHYNIXUSDT,2026-07-03 16:00:00+00:00,0.0,8.0,,,/api/v3/market/history-fund-rate,2026-07-23T07:13:44.565178+00:00,data/raw/bitget/a9940b9a3cd21d5fafdb355c0b601605b6736af5d0ddddeaf13ffd11fc77e9ae.json,inferred_from_events,0.0
bitget,SKHYNIXUSDT,2026-07-04 00:00:00+00:00,0.0,8.0,,,/api/v3/market/history-fund-rate,2026-07-23T07:13:44.565091+00:00,data/raw/bitget/a9940b9a3cd21d5fafdb355c0b601605b6736af5d0ddddeaf13ffd11fc77e9ae.json,inferred_from_events,0.0
bitget,SKHYNIXUSDT,2026-07-04 08:00:00+00:00,0.0,8.0,,,/api/v3/market/history-fund-rate,2026-07-23T07:13:44.565018+00:00,data/raw/bitget/a9940b9a3cd21d5fafdb355c0b601605b6736af5d0ddddeaf13ffd11fc77e9ae.json,inferred_from_events,0.0
bitget,SKHYNIXUSDT,2026-07-04 16:00:00+00:00,0.0,8.0,,,/api/v3/market/history-fund-rate,2026-07-23T07:13:44.564941+00:00,data/raw/bitget/a9940b9a3cd21d5fafdb355c0b601605b6736af5d0ddddeaf13ffd11fc77e9ae.json,inferred_from_events,0.0
bitget,SKHYNIXUSDT,2026-07-05 00:00:00+00:00,0.0,8.0,,,/api/v3/market/history-fund-rate,2026-07-23T07:13:44.564853+00:00,data/raw/bitget/a9940b9a3cd21d5fafdb355c0b601605b6736af5d0ddddeaf13ffd11fc77e9ae.json,inferred_from_events,0.0
bitget,SKHYNIXUSDT,2026-07-05 08:00:00+00:00,0.0,8.0,,,/api/v3/market/history-fund-rate,2026-07-23T07:13:44.564742+00:00,data/raw/bitget/a9940b9a3cd21d5fafdb355c0b601605b6736af5d0ddddeaf13ffd11fc77e9ae.json,inferred_from_events,0.0
bitget,SKHYNIXUSDT,2026-07-05 16:00:00+00:00,0.0,8.0,,,/api/v3/market/history-fund-rate,2026-07-23T07:13:44.564670+00:00,data/raw/bitget/a9940b9a3cd21d5fafdb355c0b601605b6736af5d0ddddeaf13ffd11fc77e9ae.json,inferred_from_events,0.0
bitget,SKHYNIXUSDT,2026-07-06 00:00:00+00:00,0.0,8.0,,,/api/v3/market/history-fund-rate,2026-07-23T07:13:44.564598+00:00,data/raw/bitget/a9940b9a3cd21d5fafdb355c0b601605b6736af5d0ddddeaf13ffd11fc77e9ae.json,inferred_from_events,0.0
bitget,SKHYNIXUSDT,2026-07-06 08:00:00+00:00,0.002485,8.0,,,/api/v3/market/history-fund-rate,2026-07-23T07:13:44.564525+00:00,data/raw/bitget/a9940b9a3cd21d5fafdb355c0b601605b6736af5d0ddddeaf13ffd11fc77e9ae.json,inferred_from_events,0.000310625
bitget,SKHYNIXUSDT,2026-07-06 16:00:00+00:00,0.0,8.0,,,/api/v3/market/history-fund-rate,2026-07-23T07:13:44.564449+00:00,data/raw/bitget/a9940b9a3cd21d5fafdb355c0b601605b6736af5d0ddddeaf13ffd11fc77e9ae.json,inferred_from_events,0.0
bitget,SKHYNIXUSDT,2026-07-07 00:00:00+00:00,0.0,8.0,,,/api/v3/market/history-fund-rate,2026-07-23T07:13:44.564372+00:00,data/raw/bitget/a9940b9a3cd21d5fafdb355c0b601605b6736af5d0ddddeaf13ffd11fc77e9ae.json,inferred_from_events,0.0
bitget,SKHYNIXUSDT,2026-07-07 08:00:00+00:00,0.005,8.0,,,/api/v3/market/history-fund-rate,2026-07-23T07:13:44.564281+00:00,data/raw/bitget/a9940b9a3cd21d5fafdb355c0b601605b6736af5d0ddddeaf13ffd11fc77e9ae.json,inferred_from_events,0.000625
bitget,SKHYNIXUSDT,2026-07-07 16:00:00+00:00,0.0,8.0,,,/api/v3/market/history-fund-rate,2026-07-23T07:13:44.564210+00:00,data/raw/bitget/a9940b9a3cd21d5fafdb355c0b601605b6736af5d0ddddeaf13ffd11fc77e9ae.json,inferred_from_events,0.0
bitget,SKHYNIXUSDT,2026-07-08 00:00:00+00:00,0.0,8.0,,,/api/v3/market/history-fund-rate,2026-07-23T07:13:44.564139+00:00,data/raw/bitget/a9940b9a3cd21d5fafdb355c0b601605b6736af5d0ddddeaf13ffd11fc77e9ae.json,inferred_from_events,0.0
bitget,SKHYNIXUSDT,2026-07-08 08:00:00+00:00,0.003845,8.0,,,/api/v3/market/history-fund-rate,2026-07-23T07:13:44.564065+00:00,data/raw/bitget/a9940b9a3cd21d5fafdb355c0b601605b6736af5d0ddddeaf13ffd11fc77e9ae.json,inferred_from_events,0.000480625
bitget,SKHYNIXUSDT,2026-07-08 16:00:00+00:00,0.0,8.0,,,/api/v3/market/history-fund-rate,2026-07-23T07:13:44.563991+00:00,data/raw/bitget/a9940b9a3cd21d5fafdb355c0b601605b6736af5d0ddddeaf13ffd11fc77e9ae.json,inferred_from_events,0.0
bitget,SKHYNIXUSDT,2026-07-09 00:00:00+00:00,0.0,8.0,,,/api/v3/market/history-fund-rate,2026-07-23T07:13:44.563913+00:00,data/raw/bitget/a9940b9a3cd21d5fafdb355c0b601605b6736af5d0ddddeaf13ffd11fc77e9ae.json,inferred_from_events,0.0
bitget,SKHYNIXUSDT,2026-07-09 08:00:00+00:00,0.00409,8.0,,,/api/v3/market/history-fund-rate,2026-07-23T07:13:44.563824+00:00,data/raw/bitget/a9940b9a3cd21d5fafdb355c0b601605b6736af5d0ddddeaf13ffd11fc77e9ae.json,inferred_from_events,0.00051125
bitget,SKHYNIXUSDT,2026-07-09 16:00:00+00:00,0.0,8.0,,,/api/v3/market/history-fund-rate,2026-07-23T07:13:44.563730+00:00,data/raw/bitget/a9940b9a3cd21d5fafdb355c0b601605b6736af5d0ddddeaf13ffd11fc77e9ae.json,inferred_from_events,0.0
bitget,SKHYNIXUSDT,2026-07-10 00:00:00+00:00,0.0,8.0,,,/api/v3/market/history-fund-rate,2026-07-23T07:13:44.563656+00:00,data/raw/bitget/a9940b9a3cd21d5fafdb355c0b601605b6736af5d0ddddeaf13ffd11fc77e9ae.json,inferred_from_events,0.0
bitget,SKHYNIXUSDT,2026-07-10 08:00:00+00:00,0.004771,8.0,,,/api/v3/market/history-fund-rate,2026-07-23T07:13:44.563577+00:00,data/raw/bitget/a9940b9a3cd21d5fafdb355c0b601605b6736af5d0ddddeaf13ffd11fc77e9ae.json,inferred_from_events,0.000596375
bitget,SKHYNIXUSDT,2026-07-10 16:00:00+00:00,0.0,8.0,,,/api/v3/market/history-fund-rate,2026-07-23T07:13:44.563458+00:00,data/raw/bitget/a9940b9a3cd21d5fafdb355c0b601605b6736af5d0ddddeaf13ffd11fc77e9ae.json,inferred_from_events,0.0
bitget,SKHYNIXUSDT,2026-07-11 00:00:00+00:00,0.0,8.0,,,/api/v3/market/history-fund-rate,2026-07-23T07:13:44.563390+00:00,data/raw/bitget/a9940b9a3cd21d5fafdb355c0b601605b6736af5d0ddddeaf13ffd11fc77e9ae.json,inferred_from_events,0.0
bitget,SKHYNIXUSDT,2026-07-11 08:00:00+00:00,0.0,8.0,,,/api/v3/market/history-fund-rate,2026-07-23T07:13:44.563319+00:00,data/raw/bitget/a9940b9a3cd21d5fafdb355c0b601605b6736af5d0ddddeaf13ffd11fc77e9ae.json,inferred_from_events,0.0
bitget,SKHYNIXUSDT,2026-07-11 16:00:00+00:00,0.0,8.0,,,/api/v3/market/history-fund-rate,2026-07-23T07:13:44.563248+00:00,data/raw/bitget/a9940b9a3cd21d5fafdb355c0b601605b6736af5d0ddddeaf13ffd11fc77e9ae.json,inferred_from_events,0.0
bitget,SKHYNIXUSDT,2026-07-12 00:00:00+00:00,0.0,8.0,,,/api/v3/market/history-fund-rate,2026-07-23T07:13:44.563179+00:00,data/raw/bitget/a9940b9a3cd21d5fafdb355c0b601605b6736af5d0ddddeaf13ffd11fc77e9ae.json,inferred_from_events,0.0
bitget,SKHYNIXUSDT,2026-07-12 08:00:00+00:00,0.0,8.0,,,/api/v3/market/history-fund-rate,2026-07-23T07:13:44.563109+00:00,data/raw/bitget/a9940b9a3cd21d5fafdb355c0b601605b6736af5d0ddddeaf13ffd11fc77e9ae.json,inferred_from_events,0.0
bitget,SKHYNIXUSDT,2026-07-12 16:00:00+00:00,0.0,8.0,,,/api/v3/market/history-fund-rate,2026-07-23T07:13:44.563037+00:00,data/raw/bitget/a9940b9a3cd21d5fafdb355c0b601605b6736af5d0ddddeaf13ffd11fc77e9ae.json,inferred_from_events,0.0
bitget,SKHYNIXUSDT,2026-07-13 00:00:00+00:00,0.0,8.0,,,/api/v3/market/history-fund-rate,2026-07-23T07:13:44.562965+00:00,data/raw/bitget/a9940b9a3cd21d5fafdb355c0b601605b6736af5d0ddddeaf13ffd11fc77e9ae.json,inferred_from_events,0.0
bitget,SKHYNIXUSDT,2026-07-13 08:00:00+00:00,0.005,8.0,,,/api/v3/market/history-fund-rate,2026-07-23T07:13:44.562884+00:00,data/raw/bitget/a9940b9a3cd21d5fafdb355c0b601605b6736af5d0ddddeaf13ffd11fc77e9ae.json,inferred_from_events,0.000625
bitget,SKHYNIXUSDT,2026-07-13 16:00:00+00:00,0.0,8.0,,,/api/v3/market/history-fund-rate,2026-07-23T07:13:44.562779+00:00,data/raw/bitget/a9940b9a3cd21d5fafdb355c0b601605b6736af5d0ddddeaf13ffd11fc77e9ae.json,inferred_from_events,0.0
bitget,SKHYNIXUSDT,2026-07-14 00:00:00+00:00,0.0,8.0,,,/api/v3/market/history-fund-rate,2026-07-23T07:13:44.562697+00:00,data/raw/bitget/a9940b9a3cd21d5fafdb355c0b601605b6736af5d0ddddeaf13ffd11fc77e9ae.json,inferred_from_events,0.0
bitget,SKHYNIXUSDT,2026-07-14 08:00:00+00:00,0.005,8.0,,,/api/v3/market/history-fund-rate,2026-07-23T07:13:44.562616+00:00,data/raw/bitget/a9940b9a3cd21d5fafdb355c0b601605b6736af5d0ddddeaf13ffd11fc77e9ae.json,inferred_from_events,0.000625
bitget,SKHYNIXUSDT,2026-07-14 12:00:00+00:00,0.0,8.0,,,/api/v3/market/history-fund-rate,2026-07-23T07:13:44.562544+00:00,data/raw/bitget/a9940b9a3cd21d5fafdb355c0b601605b6736af5d0ddddeaf13ffd11fc77e9ae.json,inferred_from_events,0.0
bitget,SKHYNIXUSDT,2026-07-14 16:00:00+00:00,0.0,8.0,,,/api/v3/market/history-fund-rate,2026-07-23T07:13:44.562473+00:00,data/raw/bitget/a9940b9a3cd21d5fafdb355c0b601605b6736af5d0ddddeaf13ffd11fc77e9ae.json,inferred_from_events,0.0
bitget,SKHYNIXUSDT,2026-07-14 20:00:00+00:00,0.0,8.0,,,/api/v3/market/history-fund-rate,2026-07-23T07:13:44.562402+00:00,data/raw/bitget/a9940b9a3cd21d5fafdb355c0b601605b6736af5d0ddddeaf13ffd11fc77e9ae.json,inferred_from_events,0.0
bitget,SKHYNIXUSDT,2026-07-15 00:00:00+00:00,0.0,8.0,,,/api/v3/market/history-fund-rate,2026-07-23T07:13:44.562331+00:00,data/raw/bitget/a9940b9a3cd21d5fafdb355c0b601605b6736af5d0ddddeaf13ffd11fc77e9ae.json,inferred_from_events,0.0
bitget,SKHYNIXUSDT,2026-07-15 04:00:00+00:00,0.0,8.0,,,/api/v3/market/history-fund-rate,2026-07-23T07:13:44.562258+00:00,data/raw/bitget/a9940b9a3cd21d5fafdb355c0b601605b6736af5d0ddddeaf13ffd11fc77e9ae.json,inferred_from_events,0.0
bitget,SKHYNIXUSDT,2026-07-15 08:00:00+00:00,8e-05,8.0,,,/api/v3/market/history-fund-rate,2026-07-23T07:13:44.562183+00:00,data/raw/bitget/a9940b9a3cd21d5fafdb355c0b601605b6736af5d0ddddeaf13ffd11fc77e9ae.json,inferred_from_events,1e-05
bitget,SKHYNIXUSDT,2026-07-15 12:00:00+00:00,0.0,8.0,,,/api/v3/market/history-fund-rate,2026-07-23T07:13:44.562105+00:00,data/raw/bitget/a9940b9a3cd21d5fafdb355c0b601605b6736af5d0ddddeaf13ffd11fc77e9ae.json,inferred_from_events,0.0
bitget,SKHYNIXUSDT,2026-07-15 16:00:00+00:00,0.0,8.0,,,/api/v3/market/history-fund-rate,2026-07-23T07:13:44.562017+00:00,data/raw/bitget/a9940b9a3cd21d5fafdb355c0b601605b6736af5d0ddddeaf13ffd11fc77e9ae.json,inferred_from_events,0.0
bitget,SKHYNIXUSDT,2026-07-15 20:00:00+00:00,0.0,8.0,,,/api/v3/market/history-fund-rate,2026-07-23T07:13:44.561926+00:00,data/raw/bitget/a9940b9a3cd21d5fafdb355c0b601605b6736af5d0ddddeaf13ffd11fc77e9ae.json,inferred_from_events,0.0
bitget,SKHYNIXUSDT,2026-07-16 00:00:00+00:00,0.0,8.0,,,/api/v3/market/history-fund-rate,2026-07-23T07:13:44.561846+00:00,data/raw/bitget/a9940b9a3cd21d5fafdb355c0b601605b6736af5d0ddddeaf13ffd11fc77e9ae.json,inferred_from_events,0.0
bitget,SKHYNIXUSDT,2026-07-16 04:00:00+00:00,0.001857,8.0,,,/api/v3/market/history-fund-rate,2026-07-23T07:13:44.561748+00:00,data/raw/bitget/a9940b9a3cd21d5fafdb355c0b601605b6736af5d0ddddeaf13ffd11fc77e9ae.json,inferred_from_events,0.000232125
bitget,SKHYNIXUSDT,2026-07-16 08:00:00+00:00,0.000951,8.0,,,/api/v3/market/history-fund-rate,2026-07-23T07:13:44.561678+00:00,data/raw/bitget/a9940b9a3cd21d5fafdb355c0b601605b6736af5d0ddddeaf13ffd11fc77e9ae.json,inferred_from_events,0.000118875
bitget,SKHYNIXUSDT,2026-07-16 12:00:00+00:00,0.0,8.0,,,/api/v3/market/history-fund-rate,2026-07-23T07:13:44.561607+00:00,data/raw/bitget/a9940b9a3cd21d5fafdb355c0b601605b6736af5d0ddddeaf13ffd11fc77e9ae.json,inferred_from_events,0.0
bitget,SKHYNIXUSDT,2026-07-16 16:00:00+00:00,0.0,8.0,,,/api/v3/market/history-fund-rate,2026-07-23T07:13:44.561535+00:00,data/raw/bitget/a9940b9a3cd21d5fafdb355c0b601605b6736af5d0ddddeaf13ffd11fc77e9ae.json,inferred_from_events,0.0
bitget,SKHYNIXUSDT,2026-07-16 20:00:00+00:00,0.0,8.0,,,/api/v3/market/history-fund-rate,2026-07-23T07:13:44.561462+00:00,data/raw/bitget/a9940b9a3cd21d5fafdb355c0b601605b6736af5d0ddddeaf13ffd11fc77e9ae.json,inferred_from_events,0.0
bitget,SKHYNIXUSDT,2026-07-17 00:00:00+00:00,0.0,8.0,,,/api/v3/market/history-fund-rate,2026-07-23T07:13:44.561387+00:00,data/raw/bitget/a9940b9a3cd21d5fafdb355c0b601605b6736af5d0ddddeaf13ffd11fc77e9ae.json,inferred_from_events,0.0
bitget,SKHYNIXUSDT,2026-07-17 04:00:00+00:00,-0.002897,8.0,,,/api/v3/market/history-fund-rate,2026-07-23T07:13:44.561308+00:00,data/raw/bitget/a9940b9a3cd21d5fafdb355c0b601605b6736af5d0ddddeaf13ffd11fc77e9ae.json,inferred_from_events,-0.000362125
bitget,SKHYNIXUSDT,2026-07-17 08:00:00+00:00,0.0,8.0,,,/api/v3/market/history-fund-rate,2026-07-23T07:13:44.561225+00:00,data/raw/bitget/a9940b9a3cd21d5fafdb355c0b601605b6736af5d0ddddeaf13ffd11fc77e9ae.json,inferred_from_events,0.0
bitget,SKHYNIXUSDT,2026-07-17 12:00:00+00:00,0.0,8.0,,,/api/v3/market/history-fund-rate,2026-07-23T07:13:44.561134+00:00,data/raw/bitget/a9940b9a3cd21d5fafdb355c0b601605b6736af5d0ddddeaf13ffd11fc77e9ae.json,inferred_from_events,0.0
bitget,SKHYNIXUSDT,2026-07-17 16:00:00+00:00,0.0,8.0,,,/api/v3/market/history-fund-rate,2026-07-23T07:13:44.561062+00:00,data/raw/bitget/a9940b9a3cd21d5fafdb355c0b601605b6736af5d0ddddeaf13ffd11fc77e9ae.json,inferred_from_events,0.0
bitget,SKHYNIXUSDT,2026-07-17 20:00:00+00:00,0.0,8.0,,,/api/v3/market/history-fund-rate,2026-07-23T07:13:44.560988+00:00,data/raw/bitget/a9940b9a3cd21d5fafdb355c0b601605b6736af5d0ddddeaf13ffd11fc77e9ae.json,inferred_from_events,0.0
bitget,SKHYNIXUSDT,2026-07-18 00:00:00+00:00,0.0,8.0,,,/api/v3/market/history-fund-rate,2026-07-23T07:13:44.560908+00:00,data/raw/bitget/a9940b9a3cd21d5fafdb355c0b601605b6736af5d0ddddeaf13ffd11fc77e9ae.json,inferred_from_events,0.0
bitget,SKHYNIXUSDT,2026-07-18 04:00:00+00:00,0.0,8.0,,,/api/v3/market/history-fund-rate,2026-07-23T07:13:44.560788+00:00,data/raw/bitget/a9940b9a3cd21d5fafdb355c0b601605b6736af5d0ddddeaf13ffd11fc77e9ae.json,inferred_from_events,0.0
bitget,SKHYNIXUSDT,2026-07-18 08:00:00+00:00,0.0,8.0,,,/api/v3/market/history-fund-rate,2026-07-23T07:13:44.560717+00:00,data/raw/bitget/a9940b9a3cd21d5fafdb355c0b601605b6736af5d0ddddeaf13ffd11fc77e9ae.json,inferred_from_events,0.0
bitget,SKHYNIXUSDT,2026-07-18 12:00:00+00:00,0.0,8.0,,,/api/v3/market/history-fund-rate,2026-07-23T07:13:44.560645+00:00,data/raw/bitget/a9940b9a3cd21d5fafdb355c0b601605b6736af5d0ddddeaf13ffd11fc77e9ae.json,inferred_from_events,0.0
bitget,SKHYNIXUSDT,2026-07-18 16:00:00+00:00,0.0,8.0,,,/api/v3/market/history-fund-rate,2026-07-23T07:13:44.560574+00:00,data/raw/bitget/a9940b9a3cd21d5fafdb355c0b601605b6736af5d0ddddeaf13ffd11fc77e9ae.json,inferred_from_events,0.0
bitget,SKHYNIXUSDT,2026-07-18 20:00:00+00:00,0.0,8.0,,,/api/v3/market/history-fund-rate,2026-07-23T07:13:44.560502+00:00,data/raw/bitget/a9940b9a3cd21d5fafdb355c0b601605b6736af5d0ddddeaf13ffd11fc77e9ae.json,inferred_from_events,0.0
bitget,SKHYNIXUSDT,2026-07-19 00:00:00+00:00,0.0,8.0,,,/api/v3/market/history-fund-rate,2026-07-23T07:13:44.560428+00:00,data/raw/bitget/a9940b9a3cd21d5fafdb355c0b601605b6736af5d0ddddeaf13ffd11fc77e9ae.json,inferred_from_events,0.0
bitget,SKHYNIXUSDT,2026-07-19 04:00:00+00:00,0.0,8.0,,,/api/v3/market/history-fund-rate,2026-07-23T07:13:44.560344+00:00,data/raw/bitget/a9940b9a3cd21d5fafdb355c0b601605b6736af5d0ddddeaf13ffd11fc77e9ae.json,inferred_from_events,0.0
bitget,SKHYNIXUSDT,2026-07-19 08:00:00+00:00,0.0,8.0,,,/api/v3/market/history-fund-rate,2026-07-23T07:13:44.560271+00:00,data/raw/bitget/a9940b9a3cd21d5fafdb355c0b601605b6736af5d0ddddeaf13ffd11fc77e9ae.json,inferred_from_events,0.0
bitget,SKHYNIXUSDT,2026-07-19 12:00:00+00:00,0.0,8.0,,,/api/v3/market/history-fund-rate,2026-07-23T07:13:44.560193+00:00,data/raw/bitget/a9940b9a3cd21d5fafdb355c0b601605b6736af5d0ddddeaf13ffd11fc77e9ae.json,inferred_from_events,0.0
bitget,SKHYNIXUSDT,2026-07-19 16:00:00+00:00,0.0,8.0,,,/api/v3/market/history-fund-rate,2026-07-23T07:13:44.560109+00:00,data/raw/bitget/a9940b9a3cd21d5fafdb355c0b601605b6736af5d0ddddeaf13ffd11fc77e9ae.json,inferred_from_events,0.0
bitget,SKHYNIXUSDT,2026-07-19 20:00:00+00:00,0.0,8.0,,,/api/v3/market/history-fund-rate,2026-07-23T07:13:44.560035+00:00,data/raw/bitget/a9940b9a3cd21d5fafdb355c0b601605b6736af5d0ddddeaf13ffd11fc77e9ae.json,inferred_from_events,0.0
bitget,SKHYNIXUSDT,2026-07-20 00:00:00+00:00,0.0,8.0,,,/api/v3/market/history-fund-rate,2026-07-23T07:13:44.559959+00:00,data/raw/bitget/a9940b9a3cd21d5fafdb355c0b601605b6736af5d0ddddeaf13ffd11fc77e9ae.json,inferred_from_events,0.0
bitget,SKHYNIXUSDT,2026-07-20 04:00:00+00:00,0.002053,8.0,,,/api/v3/market/history-fund-rate,2026-07-23T07:13:44.559874+00:00,data/raw/bitget/a9940b9a3cd21d5fafdb355c0b601605b6736af5d0ddddeaf13ffd11fc77e9ae.json,inferred_from_events,0.000256625
bitget,SKHYNIXUSDT,2026-07-20 08:00:00+00:00,0.000392,8.0,,,/api/v3/market/history-fund-rate,2026-07-23T07:13:44.559768+00:00,data/raw/bitget/a9940b9a3cd21d5fafdb355c0b601605b6736af5d0ddddeaf13ffd11fc77e9ae.json,inferred_from_events,4.9e-05
bitget,SKHYNIXUSDT,2026-07-20 12:00:00+00:00,0.0,8.0,,,/api/v3/market/history-fund-rate,2026-07-23T07:13:44.559695+00:00,data/raw/bitget/a9940b9a3cd21d5fafdb355c0b601605b6736af5d0ddddeaf13ffd11fc77e9ae.json,inferred_from_events,0.0
bitget,SKHYNIXUSDT,2026-07-20 16:00:00+00:00,0.0,8.0,,,/api/v3/market/history-fund-rate,2026-07-23T07:13:44.559619+00:00,data/raw/bitget/a9940b9a3cd21d5fafdb355c0b601605b6736af5d0ddddeaf13ffd11fc77e9ae.json,inferred_from_events,0.0
bitget,SKHYNIXUSDT,2026-07-20 20:00:00+00:00,0.0,8.0,,,/api/v3/market/history-fund-rate,2026-07-23T07:13:44.559522+00:00,data/raw/bitget/a9940b9a3cd21d5fafdb355c0b601605b6736af5d0ddddeaf13ffd11fc77e9ae.json,inferred_from_events,0.0
bitget,SKHYNIXUSDT,2026-07-21 00:00:00+00:00,0.0,8.0,,,/api/v3/market/history-fund-rate,2026-07-23T07:13:44.559420+00:00,data/raw/bitget/a9940b9a3cd21d5fafdb355c0b601605b6736af5d0ddddeaf13ffd11fc77e9ae.json,inferred_from_events,0.0
bitget,SKHYNIXUSDT,2026-07-21 04:00:00+00:00,0.001675,8.0,,,/api/v3/market/history-fund-rate,2026-07-23T07:13:44.559349+00:00,data/raw/bitget/a9940b9a3cd21d5fafdb355c0b601605b6736af5d0ddddeaf13ffd11fc77e9ae.json,inferred_from_events,0.000209375
bitget,SKHYNIXUSDT,2026-07-21 08:00:00+00:00,0.000301,8.0,,,/api/v3/market/history-fund-rate,2026-07-23T07:13:44.559276+00:00,data/raw/bitget/a9940b9a3cd21d5fafdb355c0b601605b6736af5d0ddddeaf13ffd11fc77e9ae.json,inferred_from_events,3.7625e-05
bitget,SKHYNIXUSDT,2026-07-21 12:00:00+00:00,0.0,8.0,,,/api/v3/market/history-fund-rate,2026-07-23T07:13:44.559203+00:00,data/raw/bitget/a9940b9a3cd21d5fafdb355c0b601605b6736af5d0ddddeaf13ffd11fc77e9ae.json,inferred_from_events,0.0
bitget,SKHYNIXUSDT,2026-07-21 16:00:00+00:00,0.0,8.0,,,/api/v3/market/history-fund-rate,2026-07-23T07:13:44.559128+00:00,data/raw/bitget/a9940b9a3cd21d5fafdb355c0b601605b6736af5d0ddddeaf13ffd11fc77e9ae.json,inferred_from_events,0.0
bitget,SKHYNIXUSDT,2026-07-21 20:00:00+00:00,0.0,8.0,,,/api/v3/market/history-fund-rate,2026-07-23T07:13:44.559054+00:00,data/raw/bitget/a9940b9a3cd21d5fafdb355c0b601605b6736af5d0ddddeaf13ffd11fc77e9ae.json,inferred_from_events,0.0
bitget,SKHYNIXUSDT,2026-07-22 00:00:00+00:00,0.0,8.0,,,/api/v3/market/history-fund-rate,2026-07-23T07:13:44.558977+00:00,data/raw/bitget/a9940b9a3cd21d5fafdb355c0b601605b6736af5d0ddddeaf13ffd11fc77e9ae.json,inferred_from_events,0.0
bitget,SKHYNIXUSDT,2026-07-22 04:00:00+00:00,0.000984,8.0,,,/api/v3/market/history-fund-rate,2026-07-23T07:13:44.558896+00:00,data/raw/bitget/a9940b9a3cd21d5fafdb355c0b601605b6736af5d0ddddeaf13ffd11fc77e9ae.json,inferred_from_events,0.000123
bitget,SKHYNIXUSDT,2026-07-22 08:00:00+00:00,0.000694,8.0,,,/api/v3/market/history-fund-rate,2026-07-23T07:13:44.558776+00:00,data/raw/bitget/a9940b9a3cd21d5fafdb355c0b601605b6736af5d0ddddeaf13ffd11fc77e9ae.json,inferred_from_events,8.675e-05
bitget,SKHYNIXUSDT,2026-07-22 12:00:00+00:00,0.0,8.0,,,/api/v3/market/history-fund-rate,2026-07-23T07:13:44.558685+00:00,data/raw/bitget/a9940b9a3cd21d5fafdb355c0b601605b6736af5d0ddddeaf13ffd11fc77e9ae.json,inferred_from_events,0.0
bitget,SKHYNIXUSDT,2026-07-22 16:00:00+00:00,0.0,8.0,,,/api/v3/market/history-fund-rate,2026-07-23T07:13:44.558593+00:00,data/raw/bitget/a9940b9a3cd21d5fafdb355c0b601605b6736af5d0ddddeaf13ffd11fc77e9ae.json,inferred_from_events,0.0
bitget,SKHYNIXUSDT,2026-07-22 20:00:00+00:00,0.0,8.0,,,/api/v3/market/history-fund-rate,2026-07-23T07:13:44.558517+00:00,data/raw/bitget/a9940b9a3cd21d5fafdb355c0b601605b6736af5d0ddddeaf13ffd11fc77e9ae.json,inferred_from_events,0.0
bitget,SKHYNIXUSDT,2026-07-23 00:00:00+00:00,0.0,8.0,,,/api/v3/market/history-fund-rate,2026-07-23T07:13:44.558435+00:00,data/raw/bitget/a9940b9a3cd21d5fafdb355c0b601605b6736af5d0ddddeaf13ffd11fc77e9ae.json,inferred_from_events,0.0
bitget,SKHYNIXUSDT,2026-07-23 04:00:00+00:00,0.000909,8.0,,,/api/v3/market/history-fund-rate,2026-07-23T07:13:44.558337+00:00,data/raw/bitget/a9940b9a3cd21d5fafdb355c0b601605b6736af5d0ddddeaf13ffd11fc77e9ae.json,inferred_from_events,0.000113625
gate,SKHYNIX_USDT,2026-06-10 08:00:02+00:00,0.00401,8.0,,,/futures/usdt/funding_rate,2026-07-23T07:14:53.117940+00:00,data/raw/gate/a721047cc92391f777b81d3b7a8dd2778d32d453a7e84dfd3bacae0fbe93d253.json,inferred_from_events,0.00050125
gate,SKHYNIX_USDT,2026-06-10 16:00:02+00:00,0.000223,8.0,,,/futures/usdt/funding_rate,2026-07-23T07:14:53.117858+00:00,data/raw/gate/a721047cc92391f777b81d3b7a8dd2778d32d453a7e84dfd3bacae0fbe93d253.json,inferred_from_events,2.7875e-05
gate,SKHYNIX_USDT,2026-06-11 00:00:02+00:00,-0.001583,8.0,,,/futures/usdt/funding_rate,2026-07-23T07:14:53.117758+00:00,data/raw/gate/a721047cc92391f777b81d3b7a8dd2778d32d453a7e84dfd3bacae0fbe93d253.json,inferred_from_events,-0.000197875
gate,SKHYNIX_USDT,2026-06-11 08:00:02+00:00,0.002548,8.0,,,/futures/usdt/funding_rate,2026-07-23T07:14:53.117686+00:00,data/raw/gate/a721047cc92391f777b81d3b7a8dd2778d32d453a7e84dfd3bacae0fbe93d253.json,inferred_from_events,0.0003185
gate,SKHYNIX_USDT,2026-06-11 16:00:02+00:00,0.000344,8.0,,,/futures/usdt/funding_rate,2026-07-23T07:14:53.117614+00:00,data/raw/gate/a721047cc92391f777b81d3b7a8dd2778d32d453a7e84dfd3bacae0fbe93d253.json,inferred_from_events,4.3e-05
gate,SKHYNIX_USDT,2026-06-12 00:00:02+00:00,0.002061,8.0,,,/futures/usdt/funding_rate,2026-07-23T07:14:53.117543+00:00,data/raw/gate/a721047cc92391f777b81d3b7a8dd2778d32d453a7e84dfd3bacae0fbe93d253.json,inferred_from_events,0.000257625
gate,SKHYNIX_USDT,2026-06-12 08:00:02+00:00,0.001088,8.0,,,/futures/usdt/funding_rate,2026-07-23T07:14:53.117469+00:00,data/raw/gate/a721047cc92391f777b81d3b7a8dd2778d32d453a7e84dfd3bacae0fbe93d253.json,inferred_from_events,0.000136
gate,SKHYNIX_USDT,2026-06-12 16:00:02+00:00,0.000685,8.0,,,/futures/usdt/funding_rate,2026-07-23T07:14:53.117398+00:00,data/raw/gate/a721047cc92391f777b81d3b7a8dd2778d32d453a7e84dfd3bacae0fbe93d253.json,inferred_from_events,8.5625e-05
gate,SKHYNIX_USDT,2026-06-13 00:00:02+00:00,0.0001,8.0,,,/futures/usdt/funding_rate,2026-07-23T07:14:53.117328+00:00,data/raw/gate/a721047cc92391f777b81d3b7a8dd2778d32d453a7e84dfd3bacae0fbe93d253.json,inferred_from_events,1.25e-05
gate,SKHYNIX_USDT,2026-06-13 08:00:02+00:00,0.0001,8.0,,,/futures/usdt/funding_rate,2026-07-23T07:14:53.117257+00:00,data/raw/gate/a721047cc92391f777b81d3b7a8dd2778d32d453a7e84dfd3bacae0fbe93d253.json,inferred_from_events,1.25e-05
gate,SKHYNIX_USDT,2026-06-13 16:00:02+00:00,0.0001,8.0,,,/futures/usdt/funding_rate,2026-07-23T07:14:53.117185+00:00,data/raw/gate/a721047cc92391f777b81d3b7a8dd2778d32d453a7e84dfd3bacae0fbe93d253.json,inferred_from_events,1.25e-05
gate,SKHYNIX_USDT,2026-06-14 00:00:02+00:00,0.0001,8.0,,,/futures/usdt/funding_rate,2026-07-23T07:14:53.117112+00:00,data/raw/gate/a721047cc92391f777b81d3b7a8dd2778d32d453a7e84dfd3bacae0fbe93d253.json,inferred_from_events,1.25e-05
gate,SKHYNIX_USDT,2026-06-14 08:00:02+00:00,0.0001,8.0,,,/futures/usdt/funding_rate,2026-07-23T07:14:53.117037+00:00,data/raw/gate/a721047cc92391f777b81d3b7a8dd2778d32d453a7e84dfd3bacae0fbe93d253.json,inferred_from_events,1.25e-05
gate,SKHYNIX_USDT,2026-06-14 16:00:02+00:00,0.0001,8.0,,,/futures/usdt/funding_rate,2026-07-23T07:14:53.116959+00:00,data/raw/gate/a721047cc92391f777b81d3b7a8dd2778d32d453a7e84dfd3bacae0fbe93d253.json,inferred_from_events,1.25e-05
gate,SKHYNIX_USDT,2026-06-15 00:00:02+00:00,0.0001,8.0,,,/futures/usdt/funding_rate,2026-07-23T07:14:53.116874+00:00,data/raw/gate/a721047cc92391f777b81d3b7a8dd2778d32d453a7e84dfd3bacae0fbe93d253.json,inferred_from_events,1.25e-05
gate,SKHYNIX_USDT,2026-06-15 08:00:02+00:00,0.002437,8.0,,,/futures/usdt/funding_rate,2026-07-23T07:14:53.116766+00:00,data/raw/gate/a721047cc92391f777b81d3b7a8dd2778d32d453a7e84dfd3bacae0fbe93d253.json,inferred_from_events,0.000304625
gate,SKHYNIX_USDT,2026-06-15 16:00:02+00:00,0.00118,8.0,,,/futures/usdt/funding_rate,2026-07-23T07:14:53.116693+00:00,data/raw/gate/a721047cc92391f777b81d3b7a8dd2778d32d453a7e84dfd3bacae0fbe93d253.json,inferred_from_events,0.0001475
gate,SKHYNIX_USDT,2026-06-16 00:00:03+00:00,-0.000288,8.0,,,/futures/usdt/funding_rate,2026-07-23T07:14:53.116620+00:00,data/raw/gate/a721047cc92391f777b81d3b7a8dd2778d32d453a7e84dfd3bacae0fbe93d253.json,inferred_from_events,-3.6e-05
gate,SKHYNIX_USDT,2026-06-16 08:00:03+00:00,0.001027,8.0,,,/futures/usdt/funding_rate,2026-07-23T07:14:53.116547+00:00,data/raw/gate/a721047cc92391f777b81d3b7a8dd2778d32d453a7e84dfd3bacae0fbe93d253.json,inferred_from_events,0.000128375
gate,SKHYNIX_USDT,2026-06-16 16:00:03+00:00,-0.000901,8.0,,,/futures/usdt/funding_rate,2026-07-23T07:14:53.116473+00:00,data/raw/gate/a721047cc92391f777b81d3b7a8dd2778d32d453a7e84dfd3bacae0fbe93d253.json,inferred_from_events,-0.000112625
gate,SKHYNIX_USDT,2026-06-17 00:00:03+00:00,0.0001,8.0,,,/futures/usdt/funding_rate,2026-07-23T07:14:53.116401+00:00,data/raw/gate/a721047cc92391f777b81d3b7a8dd2778d32d453a7e84dfd3bacae0fbe93d253.json,inferred_from_events,1.25e-05
gate,SKHYNIX_USDT,2026-06-17 08:00:03+00:00,0.00107,8.0,,,/futures/usdt/funding_rate,2026-07-23T07:14:53.116328+00:00,data/raw/gate/a721047cc92391f777b81d3b7a8dd2778d32d453a7e84dfd3bacae0fbe93d253.json,inferred_from_events,0.00013375
gate,SKHYNIX_USDT,2026-06-17 16:00:03+00:00,0.001182,8.0,,,/futures/usdt/funding_rate,2026-07-23T07:14:53.116254+00:00,data/raw/gate/a721047cc92391f777b81d3b7a8dd2778d32d453a7e84dfd3bacae0fbe93d253.json,inferred_from_events,0.00014775
gate,SKHYNIX_USDT,2026-06-18 00:00:03+00:00,0.0001,8.0,,,/futures/usdt/funding_rate,2026-07-23T07:14:53.116177+00:00,data/raw/gate/a721047cc92391f777b81d3b7a8dd2778d32d453a7e84dfd3bacae0fbe93d253.json,inferred_from_events,1.25e-05
gate,SKHYNIX_USDT,2026-06-18 08:00:03+00:00,0.001019,8.0,,,/futures/usdt/funding_rate,2026-07-23T07:14:53.116101+00:00,data/raw/gate/a721047cc92391f777b81d3b7a8dd2778d32d453a7e84dfd3bacae0fbe93d253.json,inferred_from_events,0.000127375
gate,SKHYNIX_USDT,2026-06-18 16:00:03+00:00,0.001266,8.0,,,/futures/usdt/funding_rate,2026-07-23T07:14:53.116022+00:00,data/raw/gate/a721047cc92391f777b81d3b7a8dd2778d32d453a7e84dfd3bacae0fbe93d253.json,inferred_from_events,0.00015825
gate,SKHYNIX_USDT,2026-06-19 00:00:03+00:00,0.0007,8.0,,,/futures/usdt/funding_rate,2026-07-23T07:14:53.115932+00:00,data/raw/gate/a721047cc92391f777b81d3b7a8dd2778d32d453a7e84dfd3bacae0fbe93d253.json,inferred_from_events,8.75e-05
gate,SKHYNIX_USDT,2026-06-19 08:00:03+00:00,0.001987,8.0,,,/futures/usdt/funding_rate,2026-07-23T07:14:53.115823+00:00,data/raw/gate/a721047cc92391f777b81d3b7a8dd2778d32d453a7e84dfd3bacae0fbe93d253.json,inferred_from_events,0.000248375
gate,SKHYNIX_USDT,2026-06-19 16:00:03+00:00,0.000276,8.0,,,/futures/usdt/funding_rate,2026-07-23T07:14:53.115719+00:00,data/raw/gate/a721047cc92391f777b81d3b7a8dd2778d32d453a7e84dfd3bacae0fbe93d253.json,inferred_from_events,3.45e-05
gate,SKHYNIX_USDT,2026-06-20 00:00:04+00:00,0.000635,8.0,,,/futures/usdt/funding_rate,2026-07-23T07:14:53.115633+00:00,data/raw/gate/a721047cc92391f777b81d3b7a8dd2778d32d453a7e84dfd3bacae0fbe93d253.json,inferred_from_events,7.9375e-05
gate,SKHYNIX_USDT,2026-06-20 08:00:03+00:00,0.001176,8.0,,,/futures/usdt/funding_rate,2026-07-23T07:14:53.115531+00:00,data/raw/gate/a721047cc92391f777b81d3b7a8dd2778d32d453a7e84dfd3bacae0fbe93d253.json,inferred_from_events,0.000147
gate,SKHYNIX_USDT,2026-06-20 16:00:03+00:00,0.000411,8.0,,,/futures/usdt/funding_rate,2026-07-23T07:14:53.115425+00:00,data/raw/gate/a721047cc92391f777b81d3b7a8dd2778d32d453a7e84dfd3bacae0fbe93d253.json,inferred_from_events,5.1375e-05
gate,SKHYNIX_USDT,2026-06-21 00:00:03+00:00,0.000116,8.0,,,/futures/usdt/funding_rate,2026-07-23T07:14:53.115351+00:00,data/raw/gate/a721047cc92391f777b81d3b7a8dd2778d32d453a7e84dfd3bacae0fbe93d253.json,inferred_from_events,1.45e-05
gate,SKHYNIX_USDT,2026-06-21 08:00:03+00:00,0.0001,8.0,,,/futures/usdt/funding_rate,2026-07-23T07:14:53.115276+00:00,data/raw/gate/a721047cc92391f777b81d3b7a8dd2778d32d453a7e84dfd3bacae0fbe93d253.json,inferred_from_events,1.25e-05
gate,SKHYNIX_USDT,2026-06-21 16:00:03+00:00,0.0001,8.0,,,/futures/usdt/funding_rate,2026-07-23T07:14:53.115197+00:00,data/raw/gate/a721047cc92391f777b81d3b7a8dd2778d32d453a7e84dfd3bacae0fbe93d253.json,inferred_from_events,1.25e-05
gate,SKHYNIX_USDT,2026-06-22 00:00:03+00:00,-0.001471,8.0,,,/futures/usdt/funding_rate,2026-07-23T07:14:53.115119+00:00,data/raw/gate/a721047cc92391f777b81d3b7a8dd2778d32d453a7e84dfd3bacae0fbe93d253.json,inferred_from_events,-0.000183875
gate,SKHYNIX_USDT,2026-06-22 08:00:03+00:00,0.003333,8.0,,,/futures/usdt/funding_rate,2026-07-23T07:14:53.115038+00:00,data/raw/gate/a721047cc92391f777b81d3b7a8dd2778d32d453a7e84dfd3bacae0fbe93d253.json,inferred_from_events,0.000416625
gate,SKHYNIX_USDT,2026-06-22 16:00:03+00:00,0.0001,8.0,,,/futures/usdt/funding_rate,2026-07-23T07:14:53.114948+00:00,data/raw/gate/a721047cc92391f777b81d3b7a8dd2778d32d453a7e84dfd3bacae0fbe93d253.json,inferred_from_events,1.25e-05
gate,SKHYNIX_USDT,2026-06-23 00:00:03+00:00,0.0001,8.0,,,/futures/usdt/funding_rate,2026-07-23T07:14:53.114824+00:00,data/raw/gate/a721047cc92391f777b81d3b7a8dd2778d32d453a7e84dfd3bacae0fbe93d253.json,inferred_from_events,1.25e-05
gate,SKHYNIX_USDT,2026-06-23 08:00:03+00:00,0.003,8.0,,,/futures/usdt/funding_rate,2026-07-23T07:14:52.952556+00:00,data/raw/gate/72d967acbb03977482d98edd7d6038c08b47054d120c30f720d4fc2198a55117.json,inferred_from_events,0.000375
gate,SKHYNIX_USDT,2026-06-23 16:00:03+00:00,0.001,8.0,,,/futures/usdt/funding_rate,2026-07-23T07:14:52.952485+00:00,data/raw/gate/72d967acbb03977482d98edd7d6038c08b47054d120c30f720d4fc2198a55117.json,inferred_from_events,0.000125
gate,SKHYNIX_USDT,2026-06-24 00:00:03+00:00,0.001,8.0,,,/futures/usdt/funding_rate,2026-07-23T07:14:52.952414+00:00,data/raw/gate/72d967acbb03977482d98edd7d6038c08b47054d120c30f720d4fc2198a55117.json,inferred_from_events,0.000125
gate,SKHYNIX_USDT,2026-06-24 08:00:03+00:00,0.001,8.0,,,/futures/usdt/funding_rate,2026-07-23T07:14:52.952343+00:00,data/raw/gate/72d967acbb03977482d98edd7d6038c08b47054d120c30f720d4fc2198a55117.json,inferred_from_events,0.000125
gate,SKHYNIX_USDT,2026-06-24 16:00:04+00:00,0.001237,8.0,,,/futures/usdt/funding_rate,2026-07-23T07:14:52.952272+00:00,data/raw/gate/72d967acbb03977482d98edd7d6038c08b47054d120c30f720d4fc2198a55117.json,inferred_from_events,0.000154625
gate,SKHYNIX_USDT,2026-06-25 00:00:03+00:00,0.003,8.0,,,/futures/usdt/funding_rate,2026-07-23T07:14:52.952203+00:00,data/raw/gate/72d967acbb03977482d98edd7d6038c08b47054d120c30f720d4fc2198a55117.json,inferred_from_events,0.000375
gate,SKHYNIX_USDT,2026-06-25 08:00:03+00:00,0.003,8.0,,,/futures/usdt/funding_rate,2026-07-23T07:14:52.952133+00:00,data/raw/gate/72d967acbb03977482d98edd7d6038c08b47054d120c30f720d4fc2198a55117.json,inferred_from_events,0.000375
gate,SKHYNIX_USDT,2026-06-25 16:00:03+00:00,0.0001,8.0,,,/futures/usdt/funding_rate,2026-07-23T07:14:52.952063+00:00,data/raw/gate/72d967acbb03977482d98edd7d6038c08b47054d120c30f720d4fc2198a55117.json,inferred_from_events,1.25e-05
gate,SKHYNIX_USDT,2026-06-26 00:00:03+00:00,0.0001,8.0,,,/futures/usdt/funding_rate,2026-07-23T07:14:52.951991+00:00,data/raw/gate/72d967acbb03977482d98edd7d6038c08b47054d120c30f720d4fc2198a55117.json,inferred_from_events,1.25e-05
gate,SKHYNIX_USDT,2026-06-26 08:00:03+00:00,0.003,8.0,,,/futures/usdt/funding_rate,2026-07-23T07:14:52.951916+00:00,data/raw/gate/72d967acbb03977482d98edd7d6038c08b47054d120c30f720d4fc2198a55117.json,inferred_from_events,0.000375
gate,SKHYNIX_USDT,2026-06-26 16:00:03+00:00,0.000176,8.0,,,/futures/usdt/funding_rate,2026-07-23T07:14:52.951831+00:00,data/raw/gate/72d967acbb03977482d98edd7d6038c08b47054d120c30f720d4fc2198a55117.json,inferred_from_events,2.2e-05
gate,SKHYNIX_USDT,2026-06-27 00:00:03+00:00,0.000336,8.0,,,/futures/usdt/funding_rate,2026-07-23T07:14:52.951736+00:00,data/raw/gate/72d967acbb03977482d98edd7d6038c08b47054d120c30f720d4fc2198a55117.json,inferred_from_events,4.2e-05
gate,SKHYNIX_USDT,2026-06-27 08:00:03+00:00,0.000279,8.0,,,/futures/usdt/funding_rate,2026-07-23T07:14:52.951663+00:00,data/raw/gate/72d967acbb03977482d98edd7d6038c08b47054d120c30f720d4fc2198a55117.json,inferred_from_events,3.4875e-05
gate,SKHYNIX_USDT,2026-06-27 16:00:03+00:00,0.000218,8.0,,,/futures/usdt/funding_rate,2026-07-23T07:14:52.951585+00:00,data/raw/gate/72d967acbb03977482d98edd7d6038c08b47054d120c30f720d4fc2198a55117.json,inferred_from_events,2.725e-05
gate,SKHYNIX_USDT,2026-06-28 00:00:03+00:00,0.000127,8.0,,,/futures/usdt/funding_rate,2026-07-23T07:14:52.951476+00:00,data/raw/gate/72d967acbb03977482d98edd7d6038c08b47054d120c30f720d4fc2198a55117.json,inferred_from_events,1.5875e-05
gate,SKHYNIX_USDT,2026-06-28 08:00:03+00:00,0.000267,8.0,,,/futures/usdt/funding_rate,2026-07-23T07:14:52.951405+00:00,data/raw/gate/72d967acbb03977482d98edd7d6038c08b47054d120c30f720d4fc2198a55117.json,inferred_from_events,3.3375e-05
gate,SKHYNIX_USDT,2026-06-28 16:00:03+00:00,0.000275,8.0,,,/futures/usdt/funding_rate,2026-07-23T07:14:52.951334+00:00,data/raw/gate/72d967acbb03977482d98edd7d6038c08b47054d120c30f720d4fc2198a55117.json,inferred_from_events,3.4375e-05
gate,SKHYNIX_USDT,2026-06-29 00:00:04+00:00,0.000287,8.0,,,/futures/usdt/funding_rate,2026-07-23T07:14:52.951263+00:00,data/raw/gate/72d967acbb03977482d98edd7d6038c08b47054d120c30f720d4fc2198a55117.json,inferred_from_events,3.5875e-05
gate,SKHYNIX_USDT,2026-06-29 08:00:03+00:00,0.0005,8.0,,,/futures/usdt/funding_rate,2026-07-23T07:14:52.951190+00:00,data/raw/gate/72d967acbb03977482d98edd7d6038c08b47054d120c30f720d4fc2198a55117.json,inferred_from_events,6.25e-05
gate,SKHYNIX_USDT,2026-06-29 16:00:03+00:00,0.0001,8.0,,,/futures/usdt/funding_rate,2026-07-23T07:14:52.951119+00:00,data/raw/gate/72d967acbb03977482d98edd7d6038c08b47054d120c30f720d4fc2198a55117.json,inferred_from_events,1.25e-05
gate,SKHYNIX_USDT,2026-06-30 00:00:04+00:00,0.0001,8.0,,,/futures/usdt/funding_rate,2026-07-23T07:14:52.951046+00:00,data/raw/gate/72d967acbb03977482d98edd7d6038c08b47054d120c30f720d4fc2198a55117.json,inferred_from_events,1.25e-05
gate,SKHYNIX_USDT,2026-06-30 08:00:03+00:00,0.003,8.0,,,/futures/usdt/funding_rate,2026-07-23T07:14:52.950972+00:00,data/raw/gate/72d967acbb03977482d98edd7d6038c08b47054d120c30f720d4fc2198a55117.json,inferred_from_events,0.000375
gate,SKHYNIX_USDT,2026-06-30 16:00:03+00:00,0.0001,8.0,,,/futures/usdt/funding_rate,2026-07-23T07:14:52.950894+00:00,data/raw/gate/72d967acbb03977482d98edd7d6038c08b47054d120c30f720d4fc2198a55117.json,inferred_from_events,1.25e-05
gate,SKHYNIX_USDT,2026-07-01 00:00:04+00:00,0.0001,8.0,,,/futures/usdt/funding_rate,2026-07-23T07:14:52.950784+00:00,data/raw/gate/72d967acbb03977482d98edd7d6038c08b47054d120c30f720d4fc2198a55117.json,inferred_from_events,1.25e-05
gate,SKHYNIX_USDT,2026-07-01 08:00:03+00:00,0.003,8.0,,,/futures/usdt/funding_rate,2026-07-23T07:14:52.950715+00:00,data/raw/gate/72d967acbb03977482d98edd7d6038c08b47054d120c30f720d4fc2198a55117.json,inferred_from_events,0.000375
gate,SKHYNIX_USDT,2026-07-01 16:00:03+00:00,0.0001,8.0,,,/futures/usdt/funding_rate,2026-07-23T07:14:52.950644+00:00,data/raw/gate/72d967acbb03977482d98edd7d6038c08b47054d120c30f720d4fc2198a55117.json,inferred_from_events,1.25e-05
gate,SKHYNIX_USDT,2026-07-02 00:00:04+00:00,0.0001,8.0,,,/futures/usdt/funding_rate,2026-07-23T07:14:52.950573+00:00,data/raw/gate/72d967acbb03977482d98edd7d6038c08b47054d120c30f720d4fc2198a55117.json,inferred_from_events,1.25e-05
gate,SKHYNIX_USDT,2026-07-02 08:00:03+00:00,0.003,8.0,,,/futures/usdt/funding_rate,2026-07-23T07:14:52.950498+00:00,data/raw/gate/72d967acbb03977482d98edd7d6038c08b47054d120c30f720d4fc2198a55117.json,inferred_from_events,0.000375
gate,SKHYNIX_USDT,2026-07-02 16:00:04+00:00,0.0001,8.0,,,/futures/usdt/funding_rate,2026-07-23T07:14:52.950422+00:00,data/raw/gate/72d967acbb03977482d98edd7d6038c08b47054d120c30f720d4fc2198a55117.json,inferred_from_events,1.25e-05
gate,SKHYNIX_USDT,2026-07-03 00:00:03+00:00,0.0001,8.0,,,/futures/usdt/funding_rate,2026-07-23T07:14:52.950343+00:00,data/raw/gate/72d967acbb03977482d98edd7d6038c08b47054d120c30f720d4fc2198a55117.json,inferred_from_events,1.25e-05
gate,SKHYNIX_USDT,2026-07-03 08:00:03+00:00,0.002393,8.0,,,/futures/usdt/funding_rate,2026-07-23T07:14:52.950258+00:00,data/raw/gate/72d967acbb03977482d98edd7d6038c08b47054d120c30f720d4fc2198a55117.json,inferred_from_events,0.000299125
gate,SKHYNIX_USDT,2026-07-03 16:00:03+00:00,0.0001,8.0,,,/futures/usdt/funding_rate,2026-07-23T07:14:52.950187+00:00,data/raw/gate/72d967acbb03977482d98edd7d6038c08b47054d120c30f720d4fc2198a55117.json,inferred_from_events,1.25e-05
gate,SKHYNIX_USDT,2026-07-04 00:00:04+00:00,0.0001,8.0,,,/futures/usdt/funding_rate,2026-07-23T07:14:52.950114+00:00,data/raw/gate/72d967acbb03977482d98edd7d6038c08b47054d120c30f720d4fc2198a55117.json,inferred_from_events,1.25e-05
gate,SKHYNIX_USDT,2026-07-04 08:00:03+00:00,0.0001,8.0,,,/futures/usdt/funding_rate,2026-07-23T07:14:52.950040+00:00,data/raw/gate/72d967acbb03977482d98edd7d6038c08b47054d120c30f720d4fc2198a55117.json,inferred_from_events,1.25e-05
gate,SKHYNIX_USDT,2026-07-04 16:00:03+00:00,0.0001,8.0,,,/futures/usdt/funding_rate,2026-07-23T07:14:52.949965+00:00,data/raw/gate/72d967acbb03977482d98edd7d6038c08b47054d120c30f720d4fc2198a55117.json,inferred_from_events,1.25e-05
gate,SKHYNIX_USDT,2026-07-05 00:00:03+00:00,0.0001,8.0,,,/futures/usdt/funding_rate,2026-07-23T07:14:52.949884+00:00,data/raw/gate/72d967acbb03977482d98edd7d6038c08b47054d120c30f720d4fc2198a55117.json,inferred_from_events,1.25e-05
gate,SKHYNIX_USDT,2026-07-05 08:00:04+00:00,0.0001,8.0,,,/futures/usdt/funding_rate,2026-07-23T07:14:52.949776+00:00,data/raw/gate/72d967acbb03977482d98edd7d6038c08b47054d120c30f720d4fc2198a55117.json,inferred_from_events,1.25e-05
gate,SKHYNIX_USDT,2026-07-05 16:00:03+00:00,0.0001,8.0,,,/futures/usdt/funding_rate,2026-07-23T07:14:52.949705+00:00,data/raw/gate/72d967acbb03977482d98edd7d6038c08b47054d120c30f720d4fc2198a55117.json,inferred_from_events,1.25e-05
gate,SKHYNIX_USDT,2026-07-06 00:00:04+00:00,0.0001,8.0,,,/futures/usdt/funding_rate,2026-07-23T07:14:52.949635+00:00,data/raw/gate/72d967acbb03977482d98edd7d6038c08b47054d120c30f720d4fc2198a55117.json,inferred_from_events,1.25e-05
gate,SKHYNIX_USDT,2026-07-06 08:00:04+00:00,0.002712,8.0,,,/futures/usdt/funding_rate,2026-07-23T07:14:52.949561+00:00,data/raw/gate/72d967acbb03977482d98edd7d6038c08b47054d120c30f720d4fc2198a55117.json,inferred_from_events,0.000339
gate,SKHYNIX_USDT,2026-07-06 16:00:03+00:00,0.0001,8.0,,,/futures/usdt/funding_rate,2026-07-23T07:14:52.949489+00:00,data/raw/gate/72d967acbb03977482d98edd7d6038c08b47054d120c30f720d4fc2198a55117.json,inferred_from_events,1.25e-05
gate,SKHYNIX_USDT,2026-07-07 00:00:03+00:00,0.0001,8.0,,,/futures/usdt/funding_rate,2026-07-23T07:14:52.949417+00:00,data/raw/gate/72d967acbb03977482d98edd7d6038c08b47054d120c30f720d4fc2198a55117.json,inferred_from_events,1.25e-05
gate,SKHYNIX_USDT,2026-07-07 08:00:03+00:00,0.003,8.0,,,/futures/usdt/funding_rate,2026-07-23T07:14:52.949345+00:00,data/raw/gate/72d967acbb03977482d98edd7d6038c08b47054d120c30f720d4fc2198a55117.json,inferred_from_events,0.000375
gate,SKHYNIX_USDT,2026-07-07 16:00:03+00:00,0.000131,8.0,,,/futures/usdt/funding_rate,2026-07-23T07:14:52.949274+00:00,data/raw/gate/72d967acbb03977482d98edd7d6038c08b47054d120c30f720d4fc2198a55117.json,inferred_from_events,1.6375e-05
gate,SKHYNIX_USDT,2026-07-08 00:00:03+00:00,0.000104,8.0,,,/futures/usdt/funding_rate,2026-07-23T07:14:52.949202+00:00,data/raw/gate/72d967acbb03977482d98edd7d6038c08b47054d120c30f720d4fc2198a55117.json,inferred_from_events,1.3e-05
gate,SKHYNIX_USDT,2026-07-08 08:00:02+00:00,0.003,8.0,,,/futures/usdt/funding_rate,2026-07-23T07:14:52.949128+00:00,data/raw/gate/72d967acbb03977482d98edd7d6038c08b47054d120c30f720d4fc2198a55117.json,inferred_from_events,0.000375
gate,SKHYNIX_USDT,2026-07-08 16:00:03+00:00,0.0001,8.0,,,/futures/usdt/funding_rate,2026-07-23T07:14:52.949051+00:00,data/raw/gate/72d967acbb03977482d98edd7d6038c08b47054d120c30f720d4fc2198a55117.json,inferred_from_events,1.25e-05
gate,SKHYNIX_USDT,2026-07-09 00:00:03+00:00,0.0001,8.0,,,/futures/usdt/funding_rate,2026-07-23T07:14:52.948971+00:00,data/raw/gate/72d967acbb03977482d98edd7d6038c08b47054d120c30f720d4fc2198a55117.json,inferred_from_events,1.25e-05
gate,SKHYNIX_USDT,2026-07-09 08:00:03+00:00,0.003,8.0,,,/futures/usdt/funding_rate,2026-07-23T07:14:52.948875+00:00,data/raw/gate/72d967acbb03977482d98edd7d6038c08b47054d120c30f720d4fc2198a55117.json,inferred_from_events,0.000375
gate,SKHYNIX_USDT,2026-07-09 16:00:03+00:00,0.0001,8.0,,,/futures/usdt/funding_rate,2026-07-23T07:14:52.948763+00:00,data/raw/gate/72d967acbb03977482d98edd7d6038c08b47054d120c30f720d4fc2198a55117.json,inferred_from_events,1.25e-05
gate,SKHYNIX_USDT,2026-07-10 00:00:03+00:00,0.0001,8.0,,,/futures/usdt/funding_rate,2026-07-23T07:14:52.948692+00:00,data/raw/gate/72d967acbb03977482d98edd7d6038c08b47054d120c30f720d4fc2198a55117.json,inferred_from_events,1.25e-05
gate,SKHYNIX_USDT,2026-07-10 08:00:03+00:00,0.003,8.0,,,/futures/usdt/funding_rate,2026-07-23T07:14:52.948622+00:00,data/raw/gate/72d967acbb03977482d98edd7d6038c08b47054d120c30f720d4fc2198a55117.json,inferred_from_events,0.000375
gate,SKHYNIX_USDT,2026-07-10 16:00:03+00:00,0.000149,8.0,,,/futures/usdt/funding_rate,2026-07-23T07:14:52.948550+00:00,data/raw/gate/72d967acbb03977482d98edd7d6038c08b47054d120c30f720d4fc2198a55117.json,inferred_from_events,1.8625e-05
gate,SKHYNIX_USDT,2026-07-11 00:00:03+00:00,0.000218,8.0,,,/futures/usdt/funding_rate,2026-07-23T07:14:52.948478+00:00,data/raw/gate/72d967acbb03977482d98edd7d6038c08b47054d120c30f720d4fc2198a55117.json,inferred_from_events,2.725e-05
gate,SKHYNIX_USDT,2026-07-11 08:00:02+00:00,0.000362,8.0,,,/futures/usdt/funding_rate,2026-07-23T07:14:52.948404+00:00,data/raw/gate/72d967acbb03977482d98edd7d6038c08b47054d120c30f720d4fc2198a55117.json,inferred_from_events,4.525e-05
gate,SKHYNIX_USDT,2026-07-11 16:00:03+00:00,0.000312,8.0,,,/futures/usdt/funding_rate,2026-07-23T07:14:52.948329+00:00,data/raw/gate/72d967acbb03977482d98edd7d6038c08b47054d120c30f720d4fc2198a55117.json,inferred_from_events,3.9e-05
gate,SKHYNIX_USDT,2026-07-12 00:00:03+00:00,0.000501,8.0,,,/futures/usdt/funding_rate,2026-07-23T07:14:52.948249+00:00,data/raw/gate/72d967acbb03977482d98edd7d6038c08b47054d120c30f720d4fc2198a55117.json,inferred_from_events,6.2625e-05
gate,SKHYNIX_USDT,2026-07-12 08:00:02+00:00,0.000788,8.0,,,/futures/usdt/funding_rate,2026-07-23T07:14:52.948152+00:00,data/raw/gate/72d967acbb03977482d98edd7d6038c08b47054d120c30f720d4fc2198a55117.json,inferred_from_events,9.85e-05
gate,SKHYNIX_USDT,2026-07-12 16:00:02+00:00,0.000703,8.0,,,/futures/usdt/funding_rate,2026-07-23T07:14:52.947975+00:00,data/raw/gate/72d967acbb03977482d98edd7d6038c08b47054d120c30f720d4fc2198a55117.json,inferred_from_events,8.7875e-05
gate,SKHYNIX_USDT,2026-07-13 00:00:03+00:00,0.000481,8.0,,,/futures/usdt/funding_rate,2026-07-23T07:14:52.947895+00:00,data/raw/gate/72d967acbb03977482d98edd7d6038c08b47054d120c30f720d4fc2198a55117.json,inferred_from_events,6.0125e-05
gate,SKHYNIX_USDT,2026-07-13 08:00:03+00:00,0.003,8.0,,,/futures/usdt/funding_rate,2026-07-23T07:14:52.947785+00:00,data/raw/gate/72d967acbb03977482d98edd7d6038c08b47054d120c30f720d4fc2198a55117.json,inferred_from_events,0.000375
gate,SKHYNIX_USDT,2026-07-13 16:00:03+00:00,0.001426,8.0,,,/futures/usdt/funding_rate,2026-07-23T07:14:52.947713+00:00,data/raw/gate/72d967acbb03977482d98edd7d6038c08b47054d120c30f720d4fc2198a55117.json,inferred_from_events,0.00017825
gate,SKHYNIX_USDT,2026-07-14 00:00:03+00:00,0.0001,8.0,,,/futures/usdt/funding_rate,2026-07-23T07:14:52.947639+00:00,data/raw/gate/72d967acbb03977482d98edd7d6038c08b47054d120c30f720d4fc2198a55117.json,inferred_from_events,1.25e-05
gate,SKHYNIX_USDT,2026-07-14 08:00:03+00:00,0.003,8.0,,,/futures/usdt/funding_rate,2026-07-23T07:14:52.947562+00:00,data/raw/gate/72d967acbb03977482d98edd7d6038c08b47054d120c30f720d4fc2198a55117.json,inferred_from_events,0.000375
gate,SKHYNIX_USDT,2026-07-14 16:00:03+00:00,0.0001,8.0,,,/futures/usdt/funding_rate,2026-07-23T07:14:52.947450+00:00,data/raw/gate/72d967acbb03977482d98edd7d6038c08b47054d120c30f720d4fc2198a55117.json,inferred_from_events,1.25e-05
gate,SKHYNIX_USDT,2026-07-14 20:00:02+00:00,5e-05,8.0,,,/futures/usdt/funding_rate,2026-07-23T07:14:52.947379+00:00,data/raw/gate/72d967acbb03977482d98edd7d6038c08b47054d120c30f720d4fc2198a55117.json,inferred_from_events,6.25e-06
gate,SKHYNIX_USDT,2026-07-15 00:00:03+00:00,0.000182,8.0,,,/futures/usdt/funding_rate,2026-07-23T07:14:52.947308+00:00,data/raw/gate/72d967acbb03977482d98edd7d6038c08b47054d120c30f720d4fc2198a55117.json,inferred_from_events,2.275e-05
gate,SKHYNIX_USDT,2026-07-15 04:00:01+00:00,0.0005,8.0,,,/futures/usdt/funding_rate,2026-07-23T07:14:52.947237+00:00,data/raw/gate/72d967acbb03977482d98edd7d6038c08b47054d120c30f720d4fc2198a55117.json,inferred_from_events,6.25e-05
gate,SKHYNIX_USDT,2026-07-15 08:00:03+00:00,0.0005,8.0,,,/futures/usdt/funding_rate,2026-07-23T07:14:52.947165+00:00,data/raw/gate/72d967acbb03977482d98edd7d6038c08b47054d120c30f720d4fc2198a55117.json,inferred_from_events,6.25e-05
gate,SKHYNIX_USDT,2026-07-15 12:00:01+00:00,5e-05,8.0,,,/futures/usdt/funding_rate,2026-07-23T07:14:52.947092+00:00,data/raw/gate/72d967acbb03977482d98edd7d6038c08b47054d120c30f720d4fc2198a55117.json,inferred_from_events,6.25e-06
gate,SKHYNIX_USDT,2026-07-15 16:00:02+00:00,5e-05,8.0,,,/futures/usdt/funding_rate,2026-07-23T07:14:52.947014+00:00,data/raw/gate/72d967acbb03977482d98edd7d6038c08b47054d120c30f720d4fc2198a55117.json,inferred_from_events,6.25e-06
gate,SKHYNIX_USDT,2026-07-15 20:00:01+00:00,5e-05,8.0,,,/futures/usdt/funding_rate,2026-07-23T07:14:52.946929+00:00,data/raw/gate/72d967acbb03977482d98edd7d6038c08b47054d120c30f720d4fc2198a55117.json,inferred_from_events,6.25e-06
gate,SKHYNIX_USDT,2026-07-16 00:00:03+00:00,5e-05,8.0,,,/futures/usdt/funding_rate,2026-07-23T07:14:52.946840+00:00,data/raw/gate/72d967acbb03977482d98edd7d6038c08b47054d120c30f720d4fc2198a55117.json,inferred_from_events,6.25e-06
gate,SKHYNIX_USDT,2026-07-16 04:00:01+00:00,0.0005,8.0,,,/futures/usdt/funding_rate,2026-07-23T07:14:52.946728+00:00,data/raw/gate/72d967acbb03977482d98edd7d6038c08b47054d120c30f720d4fc2198a55117.json,inferred_from_events,6.25e-05
gate,SKHYNIX_USDT,2026-07-16 08:00:03+00:00,0.0005,8.0,,,/futures/usdt/funding_rate,2026-07-23T07:14:52.946658+00:00,data/raw/gate/72d967acbb03977482d98edd7d6038c08b47054d120c30f720d4fc2198a55117.json,inferred_from_events,6.25e-05
gate,SKHYNIX_USDT,2026-07-16 12:00:01+00:00,5e-05,8.0,,,/futures/usdt/funding_rate,2026-07-23T07:14:52.946586+00:00,data/raw/gate/72d967acbb03977482d98edd7d6038c08b47054d120c30f720d4fc2198a55117.json,inferred_from_events,6.25e-06
gate,SKHYNIX_USDT,2026-07-16 16:00:03+00:00,5e-05,8.0,,,/futures/usdt/funding_rate,2026-07-23T07:14:52.946514+00:00,data/raw/gate/72d967acbb03977482d98edd7d6038c08b47054d120c30f720d4fc2198a55117.json,inferred_from_events,6.25e-06
gate,SKHYNIX_USDT,2026-07-16 20:00:01+00:00,5e-05,8.0,,,/futures/usdt/funding_rate,2026-07-23T07:14:52.946442+00:00,data/raw/gate/72d967acbb03977482d98edd7d6038c08b47054d120c30f720d4fc2198a55117.json,inferred_from_events,6.25e-06
gate,SKHYNIX_USDT,2026-07-17 00:00:03+00:00,5e-05,8.0,,,/futures/usdt/funding_rate,2026-07-23T07:14:52.946369+00:00,data/raw/gate/72d967acbb03977482d98edd7d6038c08b47054d120c30f720d4fc2198a55117.json,inferred_from_events,6.25e-06
gate,SKHYNIX_USDT,2026-07-17 04:00:01+00:00,0.0005,8.0,,,/futures/usdt/funding_rate,2026-07-23T07:14:52.946296+00:00,data/raw/gate/72d967acbb03977482d98edd7d6038c08b47054d120c30f720d4fc2198a55117.json,inferred_from_events,6.25e-05
gate,SKHYNIX_USDT,2026-07-17 08:00:03+00:00,0.0005,8.0,,,/futures/usdt/funding_rate,2026-07-23T07:14:52.946221+00:00,data/raw/gate/72d967acbb03977482d98edd7d6038c08b47054d120c30f720d4fc2198a55117.json,inferred_from_events,6.25e-05
gate,SKHYNIX_USDT,2026-07-17 12:00:01+00:00,0.0005,8.0,,,/futures/usdt/funding_rate,2026-07-23T07:14:52.946148+00:00,data/raw/gate/72d967acbb03977482d98edd7d6038c08b47054d120c30f720d4fc2198a55117.json,inferred_from_events,6.25e-05
gate,SKHYNIX_USDT,2026-07-17 16:00:03+00:00,0.0005,8.0,,,/futures/usdt/funding_rate,2026-07-23T07:14:52.946075+00:00,data/raw/gate/72d967acbb03977482d98edd7d6038c08b47054d120c30f720d4fc2198a55117.json,inferred_from_events,6.25e-05
gate,SKHYNIX_USDT,2026-07-17 20:00:01+00:00,0.0005,8.0,,,/futures/usdt/funding_rate,2026-07-23T07:14:52.946000+00:00,data/raw/gate/72d967acbb03977482d98edd7d6038c08b47054d120c30f720d4fc2198a55117.json,inferred_from_events,6.25e-05
gate,SKHYNIX_USDT,2026-07-18 00:00:03+00:00,0.0005,8.0,,,/futures/usdt/funding_rate,2026-07-23T07:14:52.945920+00:00,data/raw/gate/72d967acbb03977482d98edd7d6038c08b47054d120c30f720d4fc2198a55117.json,inferred_from_events,6.25e-05
gate,SKHYNIX_USDT,2026-07-18 04:00:01+00:00,0.0005,8.0,,,/futures/usdt/funding_rate,2026-07-23T07:14:52.945829+00:00,data/raw/gate/72d967acbb03977482d98edd7d6038c08b47054d120c30f720d4fc2198a55117.json,inferred_from_events,6.25e-05
gate,SKHYNIX_USDT,2026-07-18 08:00:02+00:00,0.0005,8.0,,,/futures/usdt/funding_rate,2026-07-23T07:14:52.945723+00:00,data/raw/gate/72d967acbb03977482d98edd7d6038c08b47054d120c30f720d4fc2198a55117.json,inferred_from_events,6.25e-05
gate,SKHYNIX_USDT,2026-07-18 12:00:01+00:00,0.0005,8.0,,,/futures/usdt/funding_rate,2026-07-23T07:14:52.945648+00:00,data/raw/gate/72d967acbb03977482d98edd7d6038c08b47054d120c30f720d4fc2198a55117.json,inferred_from_events,6.25e-05
gate,SKHYNIX_USDT,2026-07-18 16:00:03+00:00,0.0005,8.0,,,/futures/usdt/funding_rate,2026-07-23T07:14:52.945575+00:00,data/raw/gate/72d967acbb03977482d98edd7d6038c08b47054d120c30f720d4fc2198a55117.json,inferred_from_events,6.25e-05
gate,SKHYNIX_USDT,2026-07-18 20:00:01+00:00,0.0005,8.0,,,/futures/usdt/funding_rate,2026-07-23T07:14:52.945502+00:00,data/raw/gate/72d967acbb03977482d98edd7d6038c08b47054d120c30f720d4fc2198a55117.json,inferred_from_events,6.25e-05
gate,SKHYNIX_USDT,2026-07-19 00:00:02+00:00,0.0005,8.0,,,/futures/usdt/funding_rate,2026-07-23T07:14:52.945428+00:00,data/raw/gate/72d967acbb03977482d98edd7d6038c08b47054d120c30f720d4fc2198a55117.json,inferred_from_events,6.25e-05
gate,SKHYNIX_USDT,2026-07-19 04:00:01+00:00,0.000443,8.0,,,/futures/usdt/funding_rate,2026-07-23T07:14:52.945351+00:00,data/raw/gate/72d967acbb03977482d98edd7d6038c08b47054d120c30f720d4fc2198a55117.json,inferred_from_events,5.5375e-05
gate,SKHYNIX_USDT,2026-07-19 08:00:03+00:00,0.0005,8.0,,,/futures/usdt/funding_rate,2026-07-23T07:14:52.945261+00:00,data/raw/gate/72d967acbb03977482d98edd7d6038c08b47054d120c30f720d4fc2198a55117.json,inferred_from_events,6.25e-05
gate,SKHYNIX_USDT,2026-07-19 12:00:01+00:00,0.000221,8.0,,,/futures/usdt/funding_rate,2026-07-23T07:14:52.945126+00:00,data/raw/gate/72d967acbb03977482d98edd7d6038c08b47054d120c30f720d4fc2198a55117.json,inferred_from_events,2.7625e-05
gate,SKHYNIX_USDT,2026-07-19 16:00:03+00:00,0.000377,8.0,,,/futures/usdt/funding_rate,2026-07-23T07:14:52.944936+00:00,data/raw/gate/72d967acbb03977482d98edd7d6038c08b47054d120c30f720d4fc2198a55117.json,inferred_from_events,4.7125e-05
gate,SKHYNIX_USDT,2026-07-19 20:00:01+00:00,0.0005,8.0,,,/futures/usdt/funding_rate,2026-07-23T07:14:52.944826+00:00,data/raw/gate/72d967acbb03977482d98edd7d6038c08b47054d120c30f720d4fc2198a55117.json,inferred_from_events,6.25e-05
gate,SKHYNIX_USDT,2026-07-20 00:00:03+00:00,0.0005,8.0,,,/futures/usdt/funding_rate,2026-07-23T07:14:52.944723+00:00,data/raw/gate/72d967acbb03977482d98edd7d6038c08b47054d120c30f720d4fc2198a55117.json,inferred_from_events,6.25e-05
gate,SKHYNIX_USDT,2026-07-20 04:00:02+00:00,0.0005,8.0,,,/futures/usdt/funding_rate,2026-07-23T07:14:52.944647+00:00,data/raw/gate/72d967acbb03977482d98edd7d6038c08b47054d120c30f720d4fc2198a55117.json,inferred_from_events,6.25e-05
gate,SKHYNIX_USDT,2026-07-20 08:00:03+00:00,0.0005,8.0,,,/futures/usdt/funding_rate,2026-07-23T07:14:52.944575+00:00,data/raw/gate/72d967acbb03977482d98edd7d6038c08b47054d120c30f720d4fc2198a55117.json,inferred_from_events,6.25e-05
gate,SKHYNIX_USDT,2026-07-20 12:00:01+00:00,5e-05,8.0,,,/futures/usdt/funding_rate,2026-07-23T07:14:52.944504+00:00,data/raw/gate/72d967acbb03977482d98edd7d6038c08b47054d120c30f720d4fc2198a55117.json,inferred_from_events,6.25e-06
gate,SKHYNIX_USDT,2026-07-20 16:00:03+00:00,5e-05,8.0,,,/futures/usdt/funding_rate,2026-07-23T07:14:52.944432+00:00,data/raw/gate/72d967acbb03977482d98edd7d6038c08b47054d120c30f720d4fc2198a55117.json,inferred_from_events,6.25e-06
gate,SKHYNIX_USDT,2026-07-20 20:00:01+00:00,5e-05,8.0,,,/futures/usdt/funding_rate,2026-07-23T07:14:52.944360+00:00,data/raw/gate/72d967acbb03977482d98edd7d6038c08b47054d120c30f720d4fc2198a55117.json,inferred_from_events,6.25e-06
gate,SKHYNIX_USDT,2026-07-21 00:00:03+00:00,0.000449,8.0,,,/futures/usdt/funding_rate,2026-07-23T07:14:52.944288+00:00,data/raw/gate/72d967acbb03977482d98edd7d6038c08b47054d120c30f720d4fc2198a55117.json,inferred_from_events,5.6125e-05
gate,SKHYNIX_USDT,2026-07-21 04:00:01+00:00,0.000175,8.0,,,/futures/usdt/funding_rate,2026-07-23T07:14:52.944214+00:00,data/raw/gate/72d967acbb03977482d98edd7d6038c08b47054d120c30f720d4fc2198a55117.json,inferred_from_events,2.1875e-05
gate,SKHYNIX_USDT,2026-07-21 08:00:03+00:00,0.000363,8.0,,,/futures/usdt/funding_rate,2026-07-23T07:14:52.944139+00:00,data/raw/gate/72d967acbb03977482d98edd7d6038c08b47054d120c30f720d4fc2198a55117.json,inferred_from_events,4.5375e-05
gate,SKHYNIX_USDT,2026-07-21 12:00:01+00:00,0.000178,8.0,,,/futures/usdt/funding_rate,2026-07-23T07:14:52.944065+00:00,data/raw/gate/72d967acbb03977482d98edd7d6038c08b47054d120c30f720d4fc2198a55117.json,inferred_from_events,2.225e-05
gate,SKHYNIX_USDT,2026-07-21 16:00:03+00:00,0.000493,8.0,,,/futures/usdt/funding_rate,2026-07-23T07:14:52.943989+00:00,data/raw/gate/72d967acbb03977482d98edd7d6038c08b47054d120c30f720d4fc2198a55117.json,inferred_from_events,6.1625e-05
gate,SKHYNIX_USDT,2026-07-21 20:00:01+00:00,5.8e-05,8.0,,,/futures/usdt/funding_rate,2026-07-23T07:14:52.943906+00:00,data/raw/gate/72d967acbb03977482d98edd7d6038c08b47054d120c30f720d4fc2198a55117.json,inferred_from_events,7.25e-06
gate,SKHYNIX_USDT,2026-07-22 00:00:03+00:00,0.000122,8.0,,,/futures/usdt/funding_rate,2026-07-23T07:14:52.943790+00:00,data/raw/gate/72d967acbb03977482d98edd7d6038c08b47054d120c30f720d4fc2198a55117.json,inferred_from_events,1.525e-05
gate,SKHYNIX_USDT,2026-07-22 04:00:02+00:00,5e-05,8.0,,,/futures/usdt/funding_rate,2026-07-23T07:14:52.943717+00:00,data/raw/gate/72d967acbb03977482d98edd7d6038c08b47054d120c30f720d4fc2198a55117.json,inferred_from_events,6.25e-06
gate,SKHYNIX_USDT,2026-07-22 08:00:03+00:00,0.000107,8.0,,,/futures/usdt/funding_rate,2026-07-23T07:14:52.943641+00:00,data/raw/gate/72d967acbb03977482d98edd7d6038c08b47054d120c30f720d4fc2198a55117.json,inferred_from_events,1.3375e-05
gate,SKHYNIX_USDT,2026-07-22 12:00:01+00:00,0.000102,8.0,,,/futures/usdt/funding_rate,2026-07-23T07:14:52.943556+00:00,data/raw/gate/72d967acbb03977482d98edd7d6038c08b47054d120c30f720d4fc2198a55117.json,inferred_from_events,1.275e-05
gate,SKHYNIX_USDT,2026-07-22 16:00:03+00:00,0.000262,8.0,,,/futures/usdt/funding_rate,2026-07-23T07:14:52.943440+00:00,data/raw/gate/72d967acbb03977482d98edd7d6038c08b47054d120c30f720d4fc2198a55117.json,inferred_from_events,3.275e-05
gate,SKHYNIX_USDT,2026-07-22 20:00:01+00:00,5e-05,8.0,,,/futures/usdt/funding_rate,2026-07-23T07:14:52.943361+00:00,data/raw/gate/72d967acbb03977482d98edd7d6038c08b47054d120c30f720d4fc2198a55117.json,inferred_from_events,6.25e-06
gate,SKHYNIX_USDT,2026-07-23 00:00:03+00:00,5e-05,8.0,,,/futures/usdt/funding_rate,2026-07-23T07:14:52.943275+00:00,data/raw/gate/72d967acbb03977482d98edd7d6038c08b47054d120c30f720d4fc2198a55117.json,inferred_from_events,6.25e-06
gate,SKHYNIX_USDT,2026-07-23 04:00:01+00:00,0.00014,8.0,,,/futures/usdt/funding_rate,2026-07-23T07:14:52.943168+00:00,data/raw/gate/72d967acbb03977482d98edd7d6038c08b47054d120c30f720d4fc2198a55117.json,inferred_from_events,1.75e-05
gate,SKHYNIX_USDT,2026-07-23 08:00:03+00:00,5e-05,8.0,,,/futures/usdt/funding_rate,2026-07-23T08:17:36.542543+00:00,data/raw/gate/cf48f2a5988e1c0351e99db66ff6f72d5ec307ee72ec4d76d1bf7a8a305d2f49.json,inferred_from_events,6.25e-06
hyperliquid,xyz:SKHX,2026-06-10 06:00:00.052000+00:00,0.0002400281,1.0,,,POST /info fundingHistory,2026-07-23T07:14:14.913714+00:00,data/raw/hyperliquid/560d34135fab4fdbe71d344adba8a8638cb41338a57089459aa1b82f4c973995.json,official_hourly_events,0.0002400281
hyperliquid,xyz:SKHX,2026-06-10 07:00:00.059000+00:00,4.55873e-05,1.0,,,POST /info fundingHistory,2026-07-23T07:14:14.913857+00:00,data/raw/hyperliquid/560d34135fab4fdbe71d344adba8a8638cb41338a57089459aa1b82f4c973995.json,official_hourly_events,4.55873e-05
hyperliquid,xyz:SKHX,2026-06-10 08:00:00.060000+00:00,-0.0002186475,1.0,,,POST /info fundingHistory,2026-07-23T07:14:14.913949+00:00,data/raw/hyperliquid/560d34135fab4fdbe71d344adba8a8638cb41338a57089459aa1b82f4c973995.json,official_hourly_events,-0.0002186475
hyperliquid,xyz:SKHX,2026-06-10 09:00:00.053000+00:00,0.0002722708,1.0,,,POST /info fundingHistory,2026-07-23T07:14:14.914025+00:00,data/raw/hyperliquid/560d34135fab4fdbe71d344adba8a8638cb41338a57089459aa1b82f4c973995.json,official_hourly_events,0.0002722708
hyperliquid,xyz:SKHX,2026-06-10 10:00:00.013000+00:00,0.0003429005,1.0,,,POST /info fundingHistory,2026-07-23T07:14:14.914097+00:00,data/raw/hyperliquid/560d34135fab4fdbe71d344adba8a8638cb41338a57089459aa1b82f4c973995.json,official_hourly_events,0.0003429005
hyperliquid,xyz:SKHX,2026-06-10 11:00:00.011000+00:00,0.0002685664,1.0,,,POST /info fundingHistory,2026-07-23T07:14:14.914169+00:00,data/raw/hyperliquid/560d34135fab4fdbe71d344adba8a8638cb41338a57089459aa1b82f4c973995.json,official_hourly_events,0.0002685664
hyperliquid,xyz:SKHX,2026-06-10 12:00:00.032000+00:00,1.06326e-05,1.0,,,POST /info fundingHistory,2026-07-23T07:14:14.914238+00:00,data/raw/hyperliquid/560d34135fab4fdbe71d344adba8a8638cb41338a57089459aa1b82f4c973995.json,official_hourly_events,1.06326e-05
hyperliquid,xyz:SKHX,2026-06-10 13:00:00.058000+00:00,0.0004918905,1.0,,,POST /info fundingHistory,2026-07-23T07:14:14.914306+00:00,data/raw/hyperliquid/560d34135fab4fdbe71d344adba8a8638cb41338a57089459aa1b82f4c973995.json,official_hourly_events,0.0004918905
hyperliquid,xyz:SKHX,2026-06-10 14:00:00.031000+00:00,0.0004347223,1.0,,,POST /info fundingHistory,2026-07-23T07:14:14.914373+00:00,data/raw/hyperliquid/560d34135fab4fdbe71d344adba8a8638cb41338a57089459aa1b82f4c973995.json,official_hourly_events,0.0004347223
hyperliquid,xyz:SKHX,2026-06-10 15:00:00.057000+00:00,0.0003385447,1.0,,,POST /info fundingHistory,2026-07-23T07:14:14.914444+00:00,data/raw/hyperliquid/560d34135fab4fdbe71d344adba8a8638cb41338a57089459aa1b82f4c973995.json,official_hourly_events,0.0003385447
hyperliquid,xyz:SKHX,2026-06-10 16:00:00.069000+00:00,-0.0005386043,1.0,,,POST /info fundingHistory,2026-07-23T07:14:14.914532+00:00,data/raw/hyperliquid/560d34135fab4fdbe71d344adba8a8638cb41338a57089459aa1b82f4c973995.json,official_hourly_events,-0.0005386043
hyperliquid,xyz:SKHX,2026-06-10 17:00:00.012000+00:00,0.0001971287,1.0,,,POST /info fundingHistory,2026-07-23T07:14:14.914606+00:00,data/raw/hyperliquid/560d34135fab4fdbe71d344adba8a8638cb41338a57089459aa1b82f4c973995.json,official_hourly_events,0.0001971287
hyperliquid,xyz:SKHX,2026-06-10 18:00:00.035000+00:00,-0.0001094916,1.0,,,POST /info fundingHistory,2026-07-23T07:14:14.914676+00:00,data/raw/hyperliquid/560d34135fab4fdbe71d344adba8a8638cb41338a57089459aa1b82f4c973995.json,official_hourly_events,-0.0001094916
hyperliquid,xyz:SKHX,2026-06-10 19:00:00.046000+00:00,-8.01035e-05,1.0,,,POST /info fundingHistory,2026-07-23T07:14:14.914743+00:00,data/raw/hyperliquid/560d34135fab4fdbe71d344adba8a8638cb41338a57089459aa1b82f4c973995.json,official_hourly_events,-8.01035e-05
hyperliquid,xyz:SKHX,2026-06-10 20:00:00.093000+00:00,-0.0003482089,1.0,,,POST /info fundingHistory,2026-07-23T07:14:14.914843+00:00,data/raw/hyperliquid/560d34135fab4fdbe71d344adba8a8638cb41338a57089459aa1b82f4c973995.json,official_hourly_events,-0.0003482089
hyperliquid,xyz:SKHX,2026-06-10 21:00:00.023000+00:00,-0.0002836099,1.0,,,POST /info fundingHistory,2026-07-23T07:14:14.914923+00:00,data/raw/hyperliquid/560d34135fab4fdbe71d344adba8a8638cb41338a57089459aa1b82f4c973995.json,official_hourly_events,-0.0002836099
hyperliquid,xyz:SKHX,2026-06-10 22:00:00.019000+00:00,-0.0001555632,1.0,,,POST /info fundingHistory,2026-07-23T07:14:14.914995+00:00,data/raw/hyperliquid/560d34135fab4fdbe71d344adba8a8638cb41338a57089459aa1b82f4c973995.json,official_hourly_events,-0.0001555632
hyperliquid,xyz:SKHX,2026-06-10 23:00:00.077000+00:00,-0.0001914476,1.0,,,POST /info fundingHistory,2026-07-23T07:14:14.915064+00:00,data/raw/hyperliquid/560d34135fab4fdbe71d344adba8a8638cb41338a57089459aa1b82f4c973995.json,official_hourly_events,-0.0001914476
hyperliquid,xyz:SKHX,2026-06-11 00:00:00.009000+00:00,0.000260223,1.0,,,POST /info fundingHistory,2026-07-23T07:14:14.915132+00:00,data/raw/hyperliquid/560d34135fab4fdbe71d344adba8a8638cb41338a57089459aa1b82f4c973995.json,official_hourly_events,0.000260223
hyperliquid,xyz:SKHX,2026-06-11 01:00:00.039000+00:00,0.0001368798,1.0,,,POST /info fundingHistory,2026-07-23T07:14:14.915210+00:00,data/raw/hyperliquid/560d34135fab4fdbe71d344adba8a8638cb41338a57089459aa1b82f4c973995.json,official_hourly_events,0.0001368798
hyperliquid,xyz:SKHX,2026-06-11 02:00:00.020000+00:00,6.56011e-05,1.0,,,POST /info fundingHistory,2026-07-23T07:14:14.915291+00:00,data/raw/hyperliquid/560d34135fab4fdbe71d344adba8a8638cb41338a57089459aa1b82f4c973995.json,official_hourly_events,6.56011e-05
hyperliquid,xyz:SKHX,2026-06-11 03:00:00.013000+00:00,0.0001387082,1.0,,,POST /info fundingHistory,2026-07-23T07:14:14.915360+00:00,data/raw/hyperliquid/560d34135fab4fdbe71d344adba8a8638cb41338a57089459aa1b82f4c973995.json,official_hourly_events,0.0001387082
hyperliquid,xyz:SKHX,2026-06-11 04:00:00.009000+00:00,0.0001052098,1.0,,,POST /info fundingHistory,2026-07-23T07:14:14.915428+00:00,data/raw/hyperliquid/560d34135fab4fdbe71d344adba8a8638cb41338a57089459aa1b82f4c973995.json,official_hourly_events,0.0001052098
hyperliquid,xyz:SKHX,2026-06-11 05:00:00.046000+00:00,0.0001967273,1.0,,,POST /info fundingHistory,2026-07-23T07:14:14.915535+00:00,data/raw/hyperliquid/560d34135fab4fdbe71d344adba8a8638cb41338a57089459aa1b82f4c973995.json,official_hourly_events,0.0001967273
hyperliquid,xyz:SKHX,2026-06-11 06:00:00.039000+00:00,9.00547e-05,1.0,,,POST /info fundingHistory,2026-07-23T07:14:14.915612+00:00,data/raw/hyperliquid/560d34135fab4fdbe71d344adba8a8638cb41338a57089459aa1b82f4c973995.json,official_hourly_events,9.00547e-05
hyperliquid,xyz:SKHX,2026-06-11 07:00:00.008000+00:00,-5.89083e-05,1.0,,,POST /info fundingHistory,2026-07-23T07:14:14.915683+00:00,data/raw/hyperliquid/560d34135fab4fdbe71d344adba8a8638cb41338a57089459aa1b82f4c973995.json,official_hourly_events,-5.89083e-05
hyperliquid,xyz:SKHX,2026-06-11 08:00:00.045000+00:00,-0.0001572619,1.0,,,POST /info fundingHistory,2026-07-23T07:14:14.915751+00:00,data/raw/hyperliquid/560d34135fab4fdbe71d344adba8a8638cb41338a57089459aa1b82f4c973995.json,official_hourly_events,-0.0001572619
hyperliquid,xyz:SKHX,2026-06-11 09:00:00.054000+00:00,-0.0002578067,1.0,,,POST /info fundingHistory,2026-07-23T07:14:14.915849+00:00,data/raw/hyperliquid/560d34135fab4fdbe71d344adba8a8638cb41338a57089459aa1b82f4c973995.json,official_hourly_events,-0.0002578067
hyperliquid,xyz:SKHX,2026-06-11 10:00:00.038000+00:00,-6.886e-05,1.0,,,POST /info fundingHistory,2026-07-23T07:14:14.915927+00:00,data/raw/hyperliquid/560d34135fab4fdbe71d344adba8a8638cb41338a57089459aa1b82f4c973995.json,official_hourly_events,-6.886e-05
hyperliquid,xyz:SKHX,2026-06-11 11:00:00.033000+00:00,6.25e-06,1.0,,,POST /info fundingHistory,2026-07-23T07:14:14.915997+00:00,data/raw/hyperliquid/560d34135fab4fdbe71d344adba8a8638cb41338a57089459aa1b82f4c973995.json,official_hourly_events,6.25e-06
hyperliquid,xyz:SKHX,2026-06-11 12:00:00.033000+00:00,6.25e-06,1.0,,,POST /info fundingHistory,2026-07-23T07:14:14.916081+00:00,data/raw/hyperliquid/560d34135fab4fdbe71d344adba8a8638cb41338a57089459aa1b82f4c973995.json,official_hourly_events,6.25e-06
hyperliquid,xyz:SKHX,2026-06-11 13:00:00.055000+00:00,-0.0003277627,1.0,,,POST /info fundingHistory,2026-07-23T07:14:14.916153+00:00,data/raw/hyperliquid/560d34135fab4fdbe71d344adba8a8638cb41338a57089459aa1b82f4c973995.json,official_hourly_events,-0.0003277627
hyperliquid,xyz:SKHX,2026-06-11 14:00:00.020000+00:00,0.0001598869,1.0,,,POST /info fundingHistory,2026-07-23T07:14:14.916232+00:00,data/raw/hyperliquid/560d34135fab4fdbe71d344adba8a8638cb41338a57089459aa1b82f4c973995.json,official_hourly_events,0.0001598869
hyperliquid,xyz:SKHX,2026-06-11 15:00:00.013000+00:00,0.0001246786,1.0,,,POST /info fundingHistory,2026-07-23T07:14:14.916305+00:00,data/raw/hyperliquid/560d34135fab4fdbe71d344adba8a8638cb41338a57089459aa1b82f4c973995.json,official_hourly_events,0.0001246786
hyperliquid,xyz:SKHX,2026-06-11 16:00:00.017000+00:00,1.99411e-05,1.0,,,POST /info fundingHistory,2026-07-23T07:14:14.916373+00:00,data/raw/hyperliquid/560d34135fab4fdbe71d344adba8a8638cb41338a57089459aa1b82f4c973995.json,official_hourly_events,1.99411e-05
hyperliquid,xyz:SKHX,2026-06-11 17:00:00.083000+00:00,0.0002404534,1.0,,,POST /info fundingHistory,2026-07-23T07:14:14.916440+00:00,data/raw/hyperliquid/560d34135fab4fdbe71d344adba8a8638cb41338a57089459aa1b82f4c973995.json,official_hourly_events,0.0002404534
hyperliquid,xyz:SKHX,2026-06-11 18:00:00.016000+00:00,0.0004420752,1.0,,,POST /info fundingHistory,2026-07-23T07:14:14.916505+00:00,data/raw/hyperliquid/560d34135fab4fdbe71d344adba8a8638cb41338a57089459aa1b82f4c973995.json,official_hourly_events,0.0004420752
hyperliquid,xyz:SKHX,2026-06-11 19:00:00.018000+00:00,0.0004494558,1.0,,,POST /info fundingHistory,2026-07-23T07:14:14.916571+00:00,data/raw/hyperliquid/560d34135fab4fdbe71d344adba8a8638cb41338a57089459aa1b82f4c973995.json,official_hourly_events,0.0004494558
hyperliquid,xyz:SKHX,2026-06-11 20:00:00.005000+00:00,0.0007657344,1.0,,,POST /info fundingHistory,2026-07-23T07:14:14.916637+00:00,data/raw/hyperliquid/560d34135fab4fdbe71d344adba8a8638cb41338a57089459aa1b82f4c973995.json,official_hourly_events,0.0007657344
hyperliquid,xyz:SKHX,2026-06-11 21:00:00.036000+00:00,0.0004357493,1.0,,,POST /info fundingHistory,2026-07-23T07:14:14.916704+00:00,data/raw/hyperliquid/560d34135fab4fdbe71d344adba8a8638cb41338a57089459aa1b82f4c973995.json,official_hourly_events,0.0004357493
hyperliquid,xyz:SKHX,2026-06-11 22:00:00.073000+00:00,0.0003629549,1.0,,,POST /info fundingHistory,2026-07-23T07:14:14.916784+00:00,data/raw/hyperliquid/560d34135fab4fdbe71d344adba8a8638cb41338a57089459aa1b82f4c973995.json,official_hourly_events,0.0003629549
hyperliquid,xyz:SKHX,2026-06-11 23:00:00.052000+00:00,8.80315e-05,1.0,,,POST /info fundingHistory,2026-07-23T07:14:14.916900+00:00,data/raw/hyperliquid/560d34135fab4fdbe71d344adba8a8638cb41338a57089459aa1b82f4c973995.json,official_hourly_events,8.80315e-05
hyperliquid,xyz:SKHX,2026-06-12 00:00:00.013000+00:00,0.0002598893,1.0,,,POST /info fundingHistory,2026-07-23T07:14:14.916976+00:00,data/raw/hyperliquid/560d34135fab4fdbe71d344adba8a8638cb41338a57089459aa1b82f4c973995.json,official_hourly_events,0.0002598893
hyperliquid,xyz:SKHX,2026-06-12 01:00:00.025000+00:00,0.0003254292,1.0,,,POST /info fundingHistory,2026-07-23T07:14:14.917045+00:00,data/raw/hyperliquid/560d34135fab4fdbe71d344adba8a8638cb41338a57089459aa1b82f4c973995.json,official_hourly_events,0.0003254292
hyperliquid,xyz:SKHX,2026-06-12 02:00:00.033000+00:00,0.0001746058,1.0,,,POST /info fundingHistory,2026-07-23T07:14:14.917112+00:00,data/raw/hyperliquid/560d34135fab4fdbe71d344adba8a8638cb41338a57089459aa1b82f4c973995.json,official_hourly_events,0.0001746058
hyperliquid,xyz:SKHX,2026-06-12 03:00:00.057000+00:00,0.0001252343,1.0,,,POST /info fundingHistory,2026-07-23T07:14:14.917178+00:00,data/raw/hyperliquid/560d34135fab4fdbe71d344adba8a8638cb41338a57089459aa1b82f4c973995.json,official_hourly_events,0.0001252343
hyperliquid,xyz:SKHX,2026-06-12 04:00:00.009000+00:00,4.87725e-05,1.0,,,POST /info fundingHistory,2026-07-23T07:14:14.917243+00:00,data/raw/hyperliquid/560d34135fab4fdbe71d344adba8a8638cb41338a57089459aa1b82f4c973995.json,official_hourly_events,4.87725e-05
hyperliquid,xyz:SKHX,2026-06-12 05:00:00.001000+00:00,2.34446e-05,1.0,,,POST /info fundingHistory,2026-07-23T07:14:14.917308+00:00,data/raw/hyperliquid/560d34135fab4fdbe71d344adba8a8638cb41338a57089459aa1b82f4c973995.json,official_hourly_events,2.34446e-05
hyperliquid,xyz:SKHX,2026-06-12 06:00:00.056000+00:00,0.0001014378,1.0,,,POST /info fundingHistory,2026-07-23T07:14:14.917372+00:00,data/raw/hyperliquid/560d34135fab4fdbe71d344adba8a8638cb41338a57089459aa1b82f4c973995.json,official_hourly_events,0.0001014378
hyperliquid,xyz:SKHX,2026-06-12 07:00:00.027000+00:00,0.0003197305,1.0,,,POST /info fundingHistory,2026-07-23T07:14:14.917437+00:00,data/raw/hyperliquid/560d34135fab4fdbe71d344adba8a8638cb41338a57089459aa1b82f4c973995.json,official_hourly_events,0.0003197305
hyperliquid,xyz:SKHX,2026-06-12 08:00:00.035000+00:00,0.0001758068,1.0,,,POST /info fundingHistory,2026-07-23T07:14:14.917521+00:00,data/raw/hyperliquid/560d34135fab4fdbe71d344adba8a8638cb41338a57089459aa1b82f4c973995.json,official_hourly_events,0.0001758068
hyperliquid,xyz:SKHX,2026-06-12 09:00:00.010000+00:00,0.000127541,1.0,,,POST /info fundingHistory,2026-07-23T07:14:14.917590+00:00,data/raw/hyperliquid/560d34135fab4fdbe71d344adba8a8638cb41338a57089459aa1b82f4c973995.json,official_hourly_events,0.000127541
hyperliquid,xyz:SKHX,2026-06-12 10:00:00.015000+00:00,-5.46903e-05,1.0,,,POST /info fundingHistory,2026-07-23T07:14:14.917656+00:00,data/raw/hyperliquid/560d34135fab4fdbe71d344adba8a8638cb41338a57089459aa1b82f4c973995.json,official_hourly_events,-5.46903e-05
hyperliquid,xyz:SKHX,2026-06-12 11:00:00.055000+00:00,0.0004923593,1.0,,,POST /info fundingHistory,2026-07-23T07:14:14.917723+00:00,data/raw/hyperliquid/560d34135fab4fdbe71d344adba8a8638cb41338a57089459aa1b82f4c973995.json,official_hourly_events,0.0004923593
hyperliquid,xyz:SKHX,2026-06-12 12:00:00.007000+00:00,0.0005330478,1.0,,,POST /info fundingHistory,2026-07-23T07:14:14.917789+00:00,data/raw/hyperliquid/560d34135fab4fdbe71d344adba8a8638cb41338a57089459aa1b82f4c973995.json,official_hourly_events,0.0005330478
hyperliquid,xyz:SKHX,2026-06-12 13:00:00.010000+00:00,-0.0002339593,1.0,,,POST /info fundingHistory,2026-07-23T07:14:14.917899+00:00,data/raw/hyperliquid/560d34135fab4fdbe71d344adba8a8638cb41338a57089459aa1b82f4c973995.json,official_hourly_events,-0.0002339593
hyperliquid,xyz:SKHX,2026-06-12 14:00:00.052000+00:00,-7.72283e-05,1.0,,,POST /info fundingHistory,2026-07-23T07:14:14.917972+00:00,data/raw/hyperliquid/560d34135fab4fdbe71d344adba8a8638cb41338a57089459aa1b82f4c973995.json,official_hourly_events,-7.72283e-05
hyperliquid,xyz:SKHX,2026-06-12 15:00:00.064000+00:00,0.0004640402,1.0,,,POST /info fundingHistory,2026-07-23T07:14:14.918041+00:00,data/raw/hyperliquid/560d34135fab4fdbe71d344adba8a8638cb41338a57089459aa1b82f4c973995.json,official_hourly_events,0.0004640402
hyperliquid,xyz:SKHX,2026-06-12 16:00:00.005000+00:00,0.0001735455,1.0,,,POST /info fundingHistory,2026-07-23T07:14:14.918107+00:00,data/raw/hyperliquid/560d34135fab4fdbe71d344adba8a8638cb41338a57089459aa1b82f4c973995.json,official_hourly_events,0.0001735455
hyperliquid,xyz:SKHX,2026-06-12 17:00:00.011000+00:00,0.0002075836,1.0,,,POST /info fundingHistory,2026-07-23T07:14:14.918174+00:00,data/raw/hyperliquid/560d34135fab4fdbe71d344adba8a8638cb41338a57089459aa1b82f4c973995.json,official_hourly_events,0.0002075836
hyperliquid,xyz:SKHX,2026-06-12 18:00:00.044000+00:00,0.0001272706,1.0,,,POST /info fundingHistory,2026-07-23T07:14:14.918258+00:00,data/raw/hyperliquid/560d34135fab4fdbe71d344adba8a8638cb41338a57089459aa1b82f4c973995.json,official_hourly_events,0.0001272706
hyperliquid,xyz:SKHX,2026-06-12 19:00:00.018000+00:00,-1.93681e-05,1.0,,,POST /info fundingHistory,2026-07-23T07:14:14.918336+00:00,data/raw/hyperliquid/560d34135fab4fdbe71d344adba8a8638cb41338a57089459aa1b82f4c973995.json,official_hourly_events,-1.93681e-05
hyperliquid,xyz:SKHX,2026-06-12 20:00:00.007000+00:00,-0.0002289982,1.0,,,POST /info fundingHistory,2026-07-23T07:14:14.918408+00:00,data/raw/hyperliquid/560d34135fab4fdbe71d344adba8a8638cb41338a57089459aa1b82f4c973995.json,official_hourly_events,-0.0002289982
hyperliquid,xyz:SKHX,2026-06-12 21:00:00.026000+00:00,1.50502e-05,1.0,,,POST /info fundingHistory,2026-07-23T07:14:14.918476+00:00,data/raw/hyperliquid/560d34135fab4fdbe71d344adba8a8638cb41338a57089459aa1b82f4c973995.json,official_hourly_events,1.50502e-05
hyperliquid,xyz:SKHX,2026-06-12 22:00:00.022000+00:00,-1.43119e-05,1.0,,,POST /info fundingHistory,2026-07-23T07:14:14.918551+00:00,data/raw/hyperliquid/560d34135fab4fdbe71d344adba8a8638cb41338a57089459aa1b82f4c973995.json,official_hourly_events,-1.43119e-05
hyperliquid,xyz:SKHX,2026-06-12 23:00:00.025000+00:00,1.22911e-05,1.0,,,POST /info fundingHistory,2026-07-23T07:14:14.918624+00:00,data/raw/hyperliquid/560d34135fab4fdbe71d344adba8a8638cb41338a57089459aa1b82f4c973995.json,official_hourly_events,1.22911e-05
hyperliquid,xyz:SKHX,2026-06-13 00:00:00.034000+00:00,2.86656e-05,1.0,,,POST /info fundingHistory,2026-07-23T07:14:14.918692+00:00,data/raw/hyperliquid/560d34135fab4fdbe71d344adba8a8638cb41338a57089459aa1b82f4c973995.json,official_hourly_events,2.86656e-05
hyperliquid,xyz:SKHX,2026-06-13 01:00:00.044000+00:00,-3.78144e-05,1.0,,,POST /info fundingHistory,2026-07-23T07:14:14.918759+00:00,data/raw/hyperliquid/560d34135fab4fdbe71d344adba8a8638cb41338a57089459aa1b82f4c973995.json,official_hourly_events,-3.78144e-05
hyperliquid,xyz:SKHX,2026-06-13 02:00:00.044000+00:00,-9.82088e-05,1.0,,,POST /info fundingHistory,2026-07-23T07:14:14.918859+00:00,data/raw/hyperliquid/560d34135fab4fdbe71d344adba8a8638cb41338a57089459aa1b82f4c973995.json,official_hourly_events,-9.82088e-05
hyperliquid,xyz:SKHX,2026-06-13 03:00:00+00:00,7.42067e-05,1.0,,,POST /info fundingHistory,2026-07-23T07:14:14.918940+00:00,data/raw/hyperliquid/560d34135fab4fdbe71d344adba8a8638cb41338a57089459aa1b82f4c973995.json,official_hourly_events,7.42067e-05
hyperliquid,xyz:SKHX,2026-06-13 04:00:00.040000+00:00,-9.73586e-05,1.0,,,POST /info fundingHistory,2026-07-23T07:14:14.919028+00:00,data/raw/hyperliquid/560d34135fab4fdbe71d344adba8a8638cb41338a57089459aa1b82f4c973995.json,official_hourly_events,-9.73586e-05
hyperliquid,xyz:SKHX,2026-06-13 05:00:00.006000+00:00,-3.90209e-05,1.0,,,POST /info fundingHistory,2026-07-23T07:14:14.919099+00:00,data/raw/hyperliquid/560d34135fab4fdbe71d344adba8a8638cb41338a57089459aa1b82f4c973995.json,official_hourly_events,-3.90209e-05
hyperliquid,xyz:SKHX,2026-06-13 06:00:00.043000+00:00,2.11313e-05,1.0,,,POST /info fundingHistory,2026-07-23T07:14:14.919168+00:00,data/raw/hyperliquid/560d34135fab4fdbe71d344adba8a8638cb41338a57089459aa1b82f4c973995.json,official_hourly_events,2.11313e-05
hyperliquid,xyz:SKHX,2026-06-13 07:00:00.030000+00:00,3.74526e-05,1.0,,,POST /info fundingHistory,2026-07-23T07:14:14.919234+00:00,data/raw/hyperliquid/560d34135fab4fdbe71d344adba8a8638cb41338a57089459aa1b82f4c973995.json,official_hourly_events,3.74526e-05
hyperliquid,xyz:SKHX,2026-06-13 08:00:00.040000+00:00,7.77163e-05,1.0,,,POST /info fundingHistory,2026-07-23T07:14:14.919301+00:00,data/raw/hyperliquid/560d34135fab4fdbe71d344adba8a8638cb41338a57089459aa1b82f4c973995.json,official_hourly_events,7.77163e-05
hyperliquid,xyz:SKHX,2026-06-13 09:00:00.053000+00:00,6.22948e-05,1.0,,,POST /info fundingHistory,2026-07-23T07:14:14.919367+00:00,data/raw/hyperliquid/560d34135fab4fdbe71d344adba8a8638cb41338a57089459aa1b82f4c973995.json,official_hourly_events,6.22948e-05
hyperliquid,xyz:SKHX,2026-06-13 10:00:00.009000+00:00,-0.0001462052,1.0,,,POST /info fundingHistory,2026-07-23T07:14:14.919432+00:00,data/raw/hyperliquid/560d34135fab4fdbe71d344adba8a8638cb41338a57089459aa1b82f4c973995.json,official_hourly_events,-0.0001462052
hyperliquid,xyz:SKHX,2026-06-13 11:00:00.051000+00:00,-3.3272e-06,1.0,,,POST /info fundingHistory,2026-07-23T07:14:14.919535+00:00,data/raw/hyperliquid/560d34135fab4fdbe71d344adba8a8638cb41338a57089459aa1b82f4c973995.json,official_hourly_events,-3.3272e-06
hyperliquid,xyz:SKHX,2026-06-13 12:00:00+00:00,6.25e-06,1.0,,,POST /info fundingHistory,2026-07-23T07:14:14.919609+00:00,data/raw/hyperliquid/560d34135fab4fdbe71d344adba8a8638cb41338a57089459aa1b82f4c973995.json,official_hourly_events,6.25e-06
hyperliquid,xyz:SKHX,2026-06-13 13:00:00.021000+00:00,4.07038e-05,1.0,,,POST /info fundingHistory,2026-07-23T07:14:14.919678+00:00,data/raw/hyperliquid/560d34135fab4fdbe71d344adba8a8638cb41338a57089459aa1b82f4c973995.json,official_hourly_events,4.07038e-05
hyperliquid,xyz:SKHX,2026-06-13 14:00:00.056000+00:00,3.0812e-05,1.0,,,POST /info fundingHistory,2026-07-23T07:14:14.919761+00:00,data/raw/hyperliquid/560d34135fab4fdbe71d344adba8a8638cb41338a57089459aa1b82f4c973995.json,official_hourly_events,3.0812e-05
hyperliquid,xyz:SKHX,2026-06-13 15:00:00.009000+00:00,5.21436e-05,1.0,,,POST /info fundingHistory,2026-07-23T07:14:14.919859+00:00,data/raw/hyperliquid/560d34135fab4fdbe71d344adba8a8638cb41338a57089459aa1b82f4c973995.json,official_hourly_events,5.21436e-05
hyperliquid,xyz:SKHX,2026-06-13 16:00:00.004000+00:00,9.33003e-05,1.0,,,POST /info fundingHistory,2026-07-23T07:14:14.919936+00:00,data/raw/hyperliquid/560d34135fab4fdbe71d344adba8a8638cb41338a57089459aa1b82f4c973995.json,official_hourly_events,9.33003e-05
hyperliquid,xyz:SKHX,2026-06-13 17:00:00.036000+00:00,-1.18477e-05,1.0,,,POST /info fundingHistory,2026-07-23T07:14:14.920005+00:00,data/raw/hyperliquid/560d34135fab4fdbe71d344adba8a8638cb41338a57089459aa1b82f4c973995.json,official_hourly_events,-1.18477e-05
hyperliquid,xyz:SKHX,2026-06-13 18:00:00.014000+00:00,6.25e-06,1.0,,,POST /info fundingHistory,2026-07-23T07:14:14.920071+00:00,data/raw/hyperliquid/560d34135fab4fdbe71d344adba8a8638cb41338a57089459aa1b82f4c973995.json,official_hourly_events,6.25e-06
hyperliquid,xyz:SKHX,2026-06-13 19:00:00.021000+00:00,0.0002973223,1.0,,,POST /info fundingHistory,2026-07-23T07:14:14.920137+00:00,data/raw/hyperliquid/560d34135fab4fdbe71d344adba8a8638cb41338a57089459aa1b82f4c973995.json,official_hourly_events,0.0002973223
hyperliquid,xyz:SKHX,2026-06-13 20:00:00.035000+00:00,9.18382e-05,1.0,,,POST /info fundingHistory,2026-07-23T07:14:14.920202+00:00,data/raw/hyperliquid/560d34135fab4fdbe71d344adba8a8638cb41338a57089459aa1b82f4c973995.json,official_hourly_events,9.18382e-05
hyperliquid,xyz:SKHX,2026-06-13 21:00:00.042000+00:00,6.25e-06,1.0,,,POST /info fundingHistory,2026-07-23T07:14:14.920267+00:00,data/raw/hyperliquid/560d34135fab4fdbe71d344adba8a8638cb41338a57089459aa1b82f4c973995.json,official_hourly_events,6.25e-06
hyperliquid,xyz:SKHX,2026-06-13 22:00:00.013000+00:00,4.29352e-05,1.0,,,POST /info fundingHistory,2026-07-23T07:14:14.920330+00:00,data/raw/hyperliquid/560d34135fab4fdbe71d344adba8a8638cb41338a57089459aa1b82f4c973995.json,official_hourly_events,4.29352e-05
hyperliquid,xyz:SKHX,2026-06-13 23:00:00.023000+00:00,6.25e-06,1.0,,,POST /info fundingHistory,2026-07-23T07:14:14.920395+00:00,data/raw/hyperliquid/560d34135fab4fdbe71d344adba8a8638cb41338a57089459aa1b82f4c973995.json,official_hourly_events,6.25e-06
hyperliquid,xyz:SKHX,2026-06-14 00:00:00.001000+00:00,6.6289e-06,1.0,,,POST /info fundingHistory,2026-07-23T07:14:14.920475+00:00,data/raw/hyperliquid/560d34135fab4fdbe71d344adba8a8638cb41338a57089459aa1b82f4c973995.json,official_hourly_events,6.6289e-06
hyperliquid,xyz:SKHX,2026-06-14 01:00:00.042000+00:00,6.25e-06,1.0,,,POST /info fundingHistory,2026-07-23T07:14:14.920544+00:00,data/raw/hyperliquid/560d34135fab4fdbe71d344adba8a8638cb41338a57089459aa1b82f4c973995.json,official_hourly_events,6.25e-06
hyperliquid,xyz:SKHX,2026-06-14 02:00:00.025000+00:00,0.0001931832,1.0,,,POST /info fundingHistory,2026-07-23T07:14:14.920610+00:00,data/raw/hyperliquid/560d34135fab4fdbe71d344adba8a8638cb41338a57089459aa1b82f4c973995.json,official_hourly_events,0.0001931832
hyperliquid,xyz:SKHX,2026-06-14 03:00:00.005000+00:00,6.25e-06,1.0,,,POST /info fundingHistory,2026-07-23T07:14:14.920676+00:00,data/raw/hyperliquid/560d34135fab4fdbe71d344adba8a8638cb41338a57089459aa1b82f4c973995.json,official_hourly_events,6.25e-06
hyperliquid,xyz:SKHX,2026-06-14 04:00:00.004000+00:00,6.25e-06,1.0,,,POST /info fundingHistory,2026-07-23T07:14:14.920741+00:00,data/raw/hyperliquid/560d34135fab4fdbe71d344adba8a8638cb41338a57089459aa1b82f4c973995.json,official_hourly_events,6.25e-06
hyperliquid,xyz:SKHX,2026-06-14 05:00:00.060000+00:00,-5.26976e-05,1.0,,,POST /info fundingHistory,2026-07-23T07:14:14.920834+00:00,data/raw/hyperliquid/560d34135fab4fdbe71d344adba8a8638cb41338a57089459aa1b82f4c973995.json,official_hourly_events,-5.26976e-05
hyperliquid,xyz:SKHX,2026-06-14 06:00:00.020000+00:00,-9.31882e-05,1.0,,,POST /info fundingHistory,2026-07-23T07:14:14.920931+00:00,data/raw/hyperliquid/560d34135fab4fdbe71d344adba8a8638cb41338a57089459aa1b82f4c973995.json,official_hourly_events,-9.31882e-05
hyperliquid,xyz:SKHX,2026-06-14 07:00:00.012000+00:00,-7.60999e-05,1.0,,,POST /info fundingHistory,2026-07-23T07:14:14.921008+00:00,data/raw/hyperliquid/560d34135fab4fdbe71d344adba8a8638cb41338a57089459aa1b82f4c973995.json,official_hourly_events,-7.60999e-05
hyperliquid,xyz:SKHX,2026-06-14 08:00:00.012000+00:00,8.08e-05,1.0,,,POST /info fundingHistory,2026-07-23T07:14:14.921079+00:00,data/raw/hyperliquid/560d34135fab4fdbe71d344adba8a8638cb41338a57089459aa1b82f4c973995.json,official_hourly_events,8.08e-05
hyperliquid,xyz:SKHX,2026-06-14 09:00:00.044000+00:00,0.0001274072,1.0,,,POST /info fundingHistory,2026-07-23T07:14:14.921148+00:00,data/raw/hyperliquid/560d34135fab4fdbe71d344adba8a8638cb41338a57089459aa1b82f4c973995.json,official_hourly_events,0.0001274072
hyperliquid,xyz:SKHX,2026-06-14 10:00:00.035000+00:00,6.02792e-05,1.0,,,POST /info fundingHistory,2026-07-23T07:14:14.921228+00:00,data/raw/hyperliquid/560d34135fab4fdbe71d344adba8a8638cb41338a57089459aa1b82f4c973995.json,official_hourly_events,6.02792e-05
hyperliquid,xyz:SKHX,2026-06-14 11:00:00.048000+00:00,0.0001478219,1.0,,,POST /info fundingHistory,2026-07-23T07:14:14.921296+00:00,data/raw/hyperliquid/560d34135fab4fdbe71d344adba8a8638cb41338a57089459aa1b82f4c973995.json,official_hourly_events,0.0001478219
hyperliquid,xyz:SKHX,2026-06-14 12:00:00.020000+00:00,0.0001396838,1.0,,,POST /info fundingHistory,2026-07-23T07:14:14.921363+00:00,data/raw/hyperliquid/560d34135fab4fdbe71d344adba8a8638cb41338a57089459aa1b82f4c973995.json,official_hourly_events,0.0001396838
hyperliquid,xyz:SKHX,2026-06-14 13:00:00.056000+00:00,-0.0001024128,1.0,,,POST /info fundingHistory,2026-07-23T07:14:14.921438+00:00,data/raw/hyperliquid/560d34135fab4fdbe71d344adba8a8638cb41338a57089459aa1b82f4c973995.json,official_hourly_events,-0.0001024128
hyperliquid,xyz:SKHX,2026-06-14 14:00:00.060000+00:00,-0.0001300331,1.0,,,POST /info fundingHistory,2026-07-23T07:14:14.921508+00:00,data/raw/hyperliquid/560d34135fab4fdbe71d344adba8a8638cb41338a57089459aa1b82f4c973995.json,official_hourly_events,-0.0001300331
hyperliquid,xyz:SKHX,2026-06-14 15:00:00.056000+00:00,-7.83886e-05,1.0,,,POST /info fundingHistory,2026-07-23T07:14:14.921579+00:00,data/raw/hyperliquid/560d34135fab4fdbe71d344adba8a8638cb41338a57089459aa1b82f4c973995.json,official_hourly_events,-7.83886e-05
hyperliquid,xyz:SKHX,2026-06-14 16:00:00.021000+00:00,0.0001173699,1.0,,,POST /info fundingHistory,2026-07-23T07:14:14.921647+00:00,data/raw/hyperliquid/560d34135fab4fdbe71d344adba8a8638cb41338a57089459aa1b82f4c973995.json,official_hourly_events,0.0001173699
hyperliquid,xyz:SKHX,2026-06-14 17:00:00.045000+00:00,-7.29262e-05,1.0,,,POST /info fundingHistory,2026-07-23T07:14:14.921713+00:00,data/raw/hyperliquid/560d34135fab4fdbe71d344adba8a8638cb41338a57089459aa1b82f4c973995.json,official_hourly_events,-7.29262e-05
hyperliquid,xyz:SKHX,2026-06-14 18:00:00.069000+00:00,-8.36456e-05,1.0,,,POST /info fundingHistory,2026-07-23T07:14:14.921777+00:00,data/raw/hyperliquid/560d34135fab4fdbe71d344adba8a8638cb41338a57089459aa1b82f4c973995.json,official_hourly_events,-8.36456e-05
hyperliquid,xyz:SKHX,2026-06-14 19:00:00.035000+00:00,-6.04052e-05,1.0,,,POST /info fundingHistory,2026-07-23T07:14:14.921878+00:00,data/raw/hyperliquid/560d34135fab4fdbe71d344adba8a8638cb41338a57089459aa1b82f4c973995.json,official_hourly_events,-6.04052e-05
hyperliquid,xyz:SKHX,2026-06-14 20:00:00.066000+00:00,6.25e-06,1.0,,,POST /info fundingHistory,2026-07-23T07:14:14.921961+00:00,data/raw/hyperliquid/560d34135fab4fdbe71d344adba8a8638cb41338a57089459aa1b82f4c973995.json,official_hourly_events,6.25e-06
hyperliquid,xyz:SKHX,2026-06-14 21:00:00.006000+00:00,6.25e-06,1.0,,,POST /info fundingHistory,2026-07-23T07:14:14.922031+00:00,data/raw/hyperliquid/560d34135fab4fdbe71d344adba8a8638cb41338a57089459aa1b82f4c973995.json,official_hourly_events,6.25e-06
hyperliquid,xyz:SKHX,2026-06-14 22:00:00+00:00,0.0005999973,1.0,,,POST /info fundingHistory,2026-07-23T07:14:14.922101+00:00,data/raw/hyperliquid/560d34135fab4fdbe71d344adba8a8638cb41338a57089459aa1b82f4c973995.json,official_hourly_events,0.0005999973
hyperliquid,xyz:SKHX,2026-06-14 23:00:00.037000+00:00,0.0004262003,1.0,,,POST /info fundingHistory,2026-07-23T07:14:14.922169+00:00,data/raw/hyperliquid/560d34135fab4fdbe71d344adba8a8638cb41338a57089459aa1b82f4c973995.json,official_hourly_events,0.0004262003
hyperliquid,xyz:SKHX,2026-06-15 00:00:00.049000+00:00,0.000647961,1.0,,,POST /info fundingHistory,2026-07-23T07:14:14.922235+00:00,data/raw/hyperliquid/560d34135fab4fdbe71d344adba8a8638cb41338a57089459aa1b82f4c973995.json,official_hourly_events,0.000647961
hyperliquid,xyz:SKHX,2026-06-15 01:00:00.042000+00:00,0.0002733052,1.0,,,POST /info fundingHistory,2026-07-23T07:14:14.922301+00:00,data/raw/hyperliquid/560d34135fab4fdbe71d344adba8a8638cb41338a57089459aa1b82f4c973995.json,official_hourly_events,0.0002733052
hyperliquid,xyz:SKHX,2026-06-15 02:00:00.063000+00:00,0.0002740971,1.0,,,POST /info fundingHistory,2026-07-23T07:14:14.922367+00:00,data/raw/hyperliquid/560d34135fab4fdbe71d344adba8a8638cb41338a57089459aa1b82f4c973995.json,official_hourly_events,0.0002740971
hyperliquid,xyz:SKHX,2026-06-15 03:00:00.033000+00:00,0.0002809813,1.0,,,POST /info fundingHistory,2026-07-23T07:14:14.922433+00:00,data/raw/hyperliquid/560d34135fab4fdbe71d344adba8a8638cb41338a57089459aa1b82f4c973995.json,official_hourly_events,0.0002809813
hyperliquid,xyz:SKHX,2026-06-15 04:00:00.023000+00:00,0.0001299642,1.0,,,POST /info fundingHistory,2026-07-23T07:14:14.922499+00:00,data/raw/hyperliquid/560d34135fab4fdbe71d344adba8a8638cb41338a57089459aa1b82f4c973995.json,official_hourly_events,0.0001299642
hyperliquid,xyz:SKHX,2026-06-15 05:00:00.034000+00:00,0.0001304647,1.0,,,POST /info fundingHistory,2026-07-23T07:14:14.922565+00:00,data/raw/hyperliquid/560d34135fab4fdbe71d344adba8a8638cb41338a57089459aa1b82f4c973995.json,official_hourly_events,0.0001304647
hyperliquid,xyz:SKHX,2026-06-15 06:00:00+00:00,0.000141059,1.0,,,POST /info fundingHistory,2026-07-23T07:14:14.922643+00:00,data/raw/hyperliquid/560d34135fab4fdbe71d344adba8a8638cb41338a57089459aa1b82f4c973995.json,official_hourly_events,0.000141059
hyperliquid,xyz:SKHX,2026-06-15 07:00:00.033000+00:00,-2.20532e-05,1.0,,,POST /info fundingHistory,2026-07-23T07:14:14.922713+00:00,data/raw/hyperliquid/560d34135fab4fdbe71d344adba8a8638cb41338a57089459aa1b82f4c973995.json,official_hourly_events,-2.20532e-05
hyperliquid,xyz:SKHX,2026-06-15 08:00:00.043000+00:00,2.89802e-05,1.0,,,POST /info fundingHistory,2026-07-23T07:14:14.922780+00:00,data/raw/hyperliquid/560d34135fab4fdbe71d344adba8a8638cb41338a57089459aa1b82f4c973995.json,official_hourly_events,2.89802e-05
hyperliquid,xyz:SKHX,2026-06-15 09:00:00.039000+00:00,6.96472e-05,1.0,,,POST /info fundingHistory,2026-07-23T07:14:14.922878+00:00,data/raw/hyperliquid/560d34135fab4fdbe71d344adba8a8638cb41338a57089459aa1b82f4c973995.json,official_hourly_events,6.96472e-05
hyperliquid,xyz:SKHX,2026-06-15 10:00:00.048000+00:00,0.000179211,1.0,,,POST /info fundingHistory,2026-07-23T07:14:14.922950+00:00,data/raw/hyperliquid/560d34135fab4fdbe71d344adba8a8638cb41338a57089459aa1b82f4c973995.json,official_hourly_events,0.000179211
hyperliquid,xyz:SKHX,2026-06-15 11:00:00.029000+00:00,0.0001814874,1.0,,,POST /info fundingHistory,2026-07-23T07:14:14.923019+00:00,data/raw/hyperliquid/560d34135fab4fdbe71d344adba8a8638cb41338a57089459aa1b82f4c973995.json,official_hourly_events,0.0001814874
hyperliquid,xyz:SKHX,2026-06-15 12:00:00+00:00,0.0002519657,1.0,,,POST /info fundingHistory,2026-07-23T07:14:14.923086+00:00,data/raw/hyperliquid/560d34135fab4fdbe71d344adba8a8638cb41338a57089459aa1b82f4c973995.json,official_hourly_events,0.0002519657
hyperliquid,xyz:SKHX,2026-06-15 13:00:00.063000+00:00,6.8777e-05,1.0,,,POST /info fundingHistory,2026-07-23T07:14:14.923164+00:00,data/raw/hyperliquid/560d34135fab4fdbe71d344adba8a8638cb41338a57089459aa1b82f4c973995.json,official_hourly_events,6.8777e-05
hyperliquid,xyz:SKHX,2026-06-15 14:00:00.031000+00:00,-7.3732e-06,1.0,,,POST /info fundingHistory,2026-07-23T07:14:14.923234+00:00,data/raw/hyperliquid/560d34135fab4fdbe71d344adba8a8638cb41338a57089459aa1b82f4c973995.json,official_hourly_events,-7.3732e-06
hyperliquid,xyz:SKHX,2026-06-15 15:00:00.041000+00:00,8.40572e-05,1.0,,,POST /info fundingHistory,2026-07-23T07:14:14.923306+00:00,data/raw/hyperliquid/560d34135fab4fdbe71d344adba8a8638cb41338a57089459aa1b82f4c973995.json,official_hourly_events,8.40572e-05
hyperliquid,xyz:SKHX,2026-06-15 16:00:00.005000+00:00,0.0002117795,1.0,,,POST /info fundingHistory,2026-07-23T07:14:14.923384+00:00,data/raw/hyperliquid/560d34135fab4fdbe71d344adba8a8638cb41338a57089459aa1b82f4c973995.json,official_hourly_events,0.0002117795
hyperliquid,xyz:SKHX,2026-06-15 17:00:00.050000+00:00,0.0001544479,1.0,,,POST /info fundingHistory,2026-07-23T07:14:14.923454+00:00,data/raw/hyperliquid/560d34135fab4fdbe71d344adba8a8638cb41338a57089459aa1b82f4c973995.json,official_hourly_events,0.0001544479
hyperliquid,xyz:SKHX,2026-06-15 18:00:00.012000+00:00,0.0002137668,1.0,,,POST /info fundingHistory,2026-07-23T07:14:14.923560+00:00,data/raw/hyperliquid/560d34135fab4fdbe71d344adba8a8638cb41338a57089459aa1b82f4c973995.json,official_hourly_events,0.0002137668
hyperliquid,xyz:SKHX,2026-06-15 19:00:00.021000+00:00,0.0001070228,1.0,,,POST /info fundingHistory,2026-07-23T07:14:14.923632+00:00,data/raw/hyperliquid/560d34135fab4fdbe71d344adba8a8638cb41338a57089459aa1b82f4c973995.json,official_hourly_events,0.0001070228
hyperliquid,xyz:SKHX,2026-06-15 20:00:00.038000+00:00,-5.07176e-05,1.0,,,POST /info fundingHistory,2026-07-23T07:14:14.923700+00:00,data/raw/hyperliquid/560d34135fab4fdbe71d344adba8a8638cb41338a57089459aa1b82f4c973995.json,official_hourly_events,-5.07176e-05
hyperliquid,xyz:SKHX,2026-06-15 21:00:00.032000+00:00,-1.65172e-05,1.0,,,POST /info fundingHistory,2026-07-23T07:14:14.923766+00:00,data/raw/hyperliquid/560d34135fab4fdbe71d344adba8a8638cb41338a57089459aa1b82f4c973995.json,official_hourly_events,-1.65172e-05
hyperliquid,xyz:SKHX,2026-06-15 22:00:00.024000+00:00,2.17873e-05,1.0,,,POST /info fundingHistory,2026-07-23T07:14:14.923859+00:00,data/raw/hyperliquid/560d34135fab4fdbe71d344adba8a8638cb41338a57089459aa1b82f4c973995.json,official_hourly_events,2.17873e-05
hyperliquid,xyz:SKHX,2026-06-15 23:00:00.029000+00:00,-0.0001829663,1.0,,,POST /info fundingHistory,2026-07-23T07:14:14.923937+00:00,data/raw/hyperliquid/560d34135fab4fdbe71d344adba8a8638cb41338a57089459aa1b82f4c973995.json,official_hourly_events,-0.0001829663
hyperliquid,xyz:SKHX,2026-06-16 00:00:00.049000+00:00,0.0003268134,1.0,,,POST /info fundingHistory,2026-07-23T07:14:14.924007+00:00,data/raw/hyperliquid/560d34135fab4fdbe71d344adba8a8638cb41338a57089459aa1b82f4c973995.json,official_hourly_events,0.0003268134
hyperliquid,xyz:SKHX,2026-06-16 01:00:00.062000+00:00,0.0001243085,1.0,,,POST /info fundingHistory,2026-07-23T07:14:14.924073+00:00,data/raw/hyperliquid/560d34135fab4fdbe71d344adba8a8638cb41338a57089459aa1b82f4c973995.json,official_hourly_events,0.0001243085
hyperliquid,xyz:SKHX,2026-06-16 02:00:00.020000+00:00,9.23773e-05,1.0,,,POST /info fundingHistory,2026-07-23T07:14:14.924157+00:00,data/raw/hyperliquid/560d34135fab4fdbe71d344adba8a8638cb41338a57089459aa1b82f4c973995.json,official_hourly_events,9.23773e-05
hyperliquid,xyz:SKHX,2026-06-16 03:00:00.030000+00:00,5.49292e-05,1.0,,,POST /info fundingHistory,2026-07-23T07:14:14.924227+00:00,data/raw/hyperliquid/560d34135fab4fdbe71d344adba8a8638cb41338a57089459aa1b82f4c973995.json,official_hourly_events,5.49292e-05
hyperliquid,xyz:SKHX,2026-06-16 04:00:00.067000+00:00,5.06422e-05,1.0,,,POST /info fundingHistory,2026-07-23T07:14:14.924294+00:00,data/raw/hyperliquid/560d34135fab4fdbe71d344adba8a8638cb41338a57089459aa1b82f4c973995.json,official_hourly_events,5.06422e-05
hyperliquid,xyz:SKHX,2026-06-16 05:00:00.040000+00:00,-8.5111e-06,1.0,,,POST /info fundingHistory,2026-07-23T07:14:14.924360+00:00,data/raw/hyperliquid/560d34135fab4fdbe71d344adba8a8638cb41338a57089459aa1b82f4c973995.json,official_hourly_events,-8.5111e-06
hyperliquid,xyz:SKHX,2026-06-16 06:00:00.054000+00:00,7.66981e-05,1.0,,,POST /info fundingHistory,2026-07-23T07:14:14.924426+00:00,data/raw/hyperliquid/560d34135fab4fdbe71d344adba8a8638cb41338a57089459aa1b82f4c973995.json,official_hourly_events,7.66981e-05
hyperliquid,xyz:SKHX,2026-06-16 07:00:00.002000+00:00,-9.12851e-05,1.0,,,POST /info fundingHistory,2026-07-23T07:14:14.924493+00:00,data/raw/hyperliquid/560d34135fab4fdbe71d344adba8a8638cb41338a57089459aa1b82f4c973995.json,official_hourly_events,-9.12851e-05
hyperliquid,xyz:SKHX,2026-06-16 08:00:00.014000+00:00,9.53817e-05,1.0,,,POST /info fundingHistory,2026-07-23T07:14:14.924569+00:00,data/raw/hyperliquid/560d34135fab4fdbe71d344adba8a8638cb41338a57089459aa1b82f4c973995.json,official_hourly_events,9.53817e-05
hyperliquid,xyz:SKHX,2026-06-16 09:00:00.032000+00:00,0.0002383887,1.0,,,POST /info fundingHistory,2026-07-23T07:14:14.924640+00:00,data/raw/hyperliquid/560d34135fab4fdbe71d344adba8a8638cb41338a57089459aa1b82f4c973995.json,official_hourly_events,0.0002383887
hyperliquid,xyz:SKHX,2026-06-16 10:00:00.053000+00:00,0.0004483913,1.0,,,POST /info fundingHistory,2026-07-23T07:14:14.924708+00:00,data/raw/hyperliquid/560d34135fab4fdbe71d344adba8a8638cb41338a57089459aa1b82f4c973995.json,official_hourly_events,0.0004483913
hyperliquid,xyz:SKHX,2026-06-16 11:00:00.052000+00:00,0.0003905808,1.0,,,POST /info fundingHistory,2026-07-23T07:14:14.924780+00:00,data/raw/hyperliquid/560d34135fab4fdbe71d344adba8a8638cb41338a57089459aa1b82f4c973995.json,official_hourly_events,0.0003905808
hyperliquid,xyz:SKHX,2026-06-16 12:00:00.012000+00:00,0.0001234547,1.0,,,POST /info fundingHistory,2026-07-23T07:14:14.924904+00:00,data/raw/hyperliquid/560d34135fab4fdbe71d344adba8a8638cb41338a57089459aa1b82f4c973995.json,official_hourly_events,0.0001234547
hyperliquid,xyz:SKHX,2026-06-16 13:00:00.018000+00:00,-7.01669e-05,1.0,,,POST /info fundingHistory,2026-07-23T07:14:14.924980+00:00,data/raw/hyperliquid/560d34135fab4fdbe71d344adba8a8638cb41338a57089459aa1b82f4c973995.json,official_hourly_events,-7.01669e-05
hyperliquid,xyz:SKHX,2026-06-16 14:00:00.003000+00:00,-4.36234e-05,1.0,,,POST /info fundingHistory,2026-07-23T07:14:14.925052+00:00,data/raw/hyperliquid/560d34135fab4fdbe71d344adba8a8638cb41338a57089459aa1b82f4c973995.json,official_hourly_events,-4.36234e-05
hyperliquid,xyz:SKHX,2026-06-16 15:00:00.025000+00:00,-0.0004291647,1.0,,,POST /info fundingHistory,2026-07-23T07:14:14.925119+00:00,data/raw/hyperliquid/560d34135fab4fdbe71d344adba8a8638cb41338a57089459aa1b82f4c973995.json,official_hourly_events,-0.0004291647
hyperliquid,xyz:SKHX,2026-06-16 16:00:00.006000+00:00,-0.0004689059,1.0,,,POST /info fundingHistory,2026-07-23T07:14:14.925186+00:00,data/raw/hyperliquid/560d34135fab4fdbe71d344adba8a8638cb41338a57089459aa1b82f4c973995.json,official_hourly_events,-0.0004689059
hyperliquid,xyz:SKHX,2026-06-16 17:00:00.014000+00:00,-0.000198289,1.0,,,POST /info fundingHistory,2026-07-23T07:14:14.925253+00:00,data/raw/hyperliquid/560d34135fab4fdbe71d344adba8a8638cb41338a57089459aa1b82f4c973995.json,official_hourly_events,-0.000198289
hyperliquid,xyz:SKHX,2026-06-16 18:00:00.055000+00:00,-5.33287e-05,1.0,,,POST /info fundingHistory,2026-07-23T07:14:14.925320+00:00,data/raw/hyperliquid/560d34135fab4fdbe71d344adba8a8638cb41338a57089459aa1b82f4c973995.json,official_hourly_events,-5.33287e-05
hyperliquid,xyz:SKHX,2026-06-16 19:00:00.059000+00:00,-6.08407e-05,1.0,,,POST /info fundingHistory,2026-07-23T07:14:14.925386+00:00,data/raw/hyperliquid/560d34135fab4fdbe71d344adba8a8638cb41338a57089459aa1b82f4c973995.json,official_hourly_events,-6.08407e-05
hyperliquid,xyz:SKHX,2026-06-16 20:00:00.016000+00:00,-0.0002395523,1.0,,,POST /info fundingHistory,2026-07-23T07:14:14.925450+00:00,data/raw/hyperliquid/560d34135fab4fdbe71d344adba8a8638cb41338a57089459aa1b82f4c973995.json,official_hourly_events,-0.0002395523
hyperliquid,xyz:SKHX,2026-06-16 21:00:00.008000+00:00,-6.29849e-05,1.0,,,POST /info fundingHistory,2026-07-23T07:14:14.925528+00:00,data/raw/hyperliquid/560d34135fab4fdbe71d344adba8a8638cb41338a57089459aa1b82f4c973995.json,official_hourly_events,-6.29849e-05
hyperliquid,xyz:SKHX,2026-06-16 22:00:00.006000+00:00,6.25e-06,1.0,,,POST /info fundingHistory,2026-07-23T07:14:14.925612+00:00,data/raw/hyperliquid/560d34135fab4fdbe71d344adba8a8638cb41338a57089459aa1b82f4c973995.json,official_hourly_events,6.25e-06
hyperliquid,xyz:SKHX,2026-06-16 23:00:00.065000+00:00,1.84003e-05,1.0,,,POST /info fundingHistory,2026-07-23T07:14:14.925682+00:00,data/raw/hyperliquid/560d34135fab4fdbe71d344adba8a8638cb41338a57089459aa1b82f4c973995.json,official_hourly_events,1.84003e-05
hyperliquid,xyz:SKHX,2026-06-17 00:00:00.032000+00:00,0.0001256096,1.0,,,POST /info fundingHistory,2026-07-23T07:14:14.925750+00:00,data/raw/hyperliquid/560d34135fab4fdbe71d344adba8a8638cb41338a57089459aa1b82f4c973995.json,official_hourly_events,0.0001256096
hyperliquid,xyz:SKHX,2026-06-17 01:00:00.044000+00:00,6.25e-06,1.0,,,POST /info fundingHistory,2026-07-23T07:14:14.925857+00:00,data/raw/hyperliquid/560d34135fab4fdbe71d344adba8a8638cb41338a57089459aa1b82f4c973995.json,official_hourly_events,6.25e-06
hyperliquid,xyz:SKHX,2026-06-17 02:00:00.023000+00:00,6.25e-06,1.0,,,POST /info fundingHistory,2026-07-23T07:14:14.925941+00:00,data/raw/hyperliquid/560d34135fab4fdbe71d344adba8a8638cb41338a57089459aa1b82f4c973995.json,official_hourly_events,6.25e-06
hyperliquid,xyz:SKHX,2026-06-17 03:00:00.051000+00:00,0.0001421749,1.0,,,POST /info fundingHistory,2026-07-23T07:14:14.926014+00:00,data/raw/hyperliquid/560d34135fab4fdbe71d344adba8a8638cb41338a57089459aa1b82f4c973995.json,official_hourly_events,0.0001421749
hyperliquid,xyz:SKHX,2026-06-17 04:00:00+00:00,-6.2329e-06,1.0,,,POST /info fundingHistory,2026-07-23T07:14:14.926084+00:00,data/raw/hyperliquid/560d34135fab4fdbe71d344adba8a8638cb41338a57089459aa1b82f4c973995.json,official_hourly_events,-6.2329e-06
hyperliquid,xyz:SKHX,2026-06-17 05:00:00.013000+00:00,5.87241e-05,1.0,,,POST /info fundingHistory,2026-07-23T07:14:14.926151+00:00,data/raw/hyperliquid/560d34135fab4fdbe71d344adba8a8638cb41338a57089459aa1b82f4c973995.json,official_hourly_events,5.87241e-05
hyperliquid,xyz:SKHX,2026-06-17 06:00:00.002000+00:00,0.000297084,1.0,,,POST /info fundingHistory,2026-07-23T07:14:14.926216+00:00,data/raw/hyperliquid/560d34135fab4fdbe71d344adba8a8638cb41338a57089459aa1b82f4c973995.json,official_hourly_events,0.000297084
hyperliquid,xyz:SKHX,2026-06-17 07:00:00.050000+00:00,-7.10039e-05,1.0,,,POST /info fundingHistory,2026-07-23T07:14:14.926280+00:00,data/raw/hyperliquid/560d34135fab4fdbe71d344adba8a8638cb41338a57089459aa1b82f4c973995.json,official_hourly_events,-7.10039e-05
hyperliquid,xyz:SKHX,2026-06-17 08:00:00.007000+00:00,-0.0002580674,1.0,,,POST /info fundingHistory,2026-07-23T07:14:14.926362+00:00,data/raw/hyperliquid/560d34135fab4fdbe71d344adba8a8638cb41338a57089459aa1b82f4c973995.json,official_hourly_events,-0.0002580674
hyperliquid,xyz:SKHX,2026-06-17 09:00:00.041000+00:00,-0.0001645268,1.0,,,POST /info fundingHistory,2026-07-23T07:14:14.926431+00:00,data/raw/hyperliquid/560d34135fab4fdbe71d344adba8a8638cb41338a57089459aa1b82f4c973995.json,official_hourly_events,-0.0001645268
hyperliquid,xyz:SKHX,2026-06-17 10:00:00.045000+00:00,-0.0001307499,1.0,,,POST /info fundingHistory,2026-07-23T07:14:14.926498+00:00,data/raw/hyperliquid/560d34135fab4fdbe71d344adba8a8638cb41338a57089459aa1b82f4c973995.json,official_hourly_events,-0.0001307499
hyperliquid,xyz:SKHX,2026-06-17 11:00:00.045000+00:00,3.66841e-05,1.0,,,POST /info fundingHistory,2026-07-23T07:14:14.926569+00:00,data/raw/hyperliquid/560d34135fab4fdbe71d344adba8a8638cb41338a57089459aa1b82f4c973995.json,official_hourly_events,3.66841e-05
hyperliquid,xyz:SKHX,2026-06-17 12:00:00.050000+00:00,-0.000161011,1.0,,,POST /info fundingHistory,2026-07-23T07:14:14.926635+00:00,data/raw/hyperliquid/560d34135fab4fdbe71d344adba8a8638cb41338a57089459aa1b82f4c973995.json,official_hourly_events,-0.000161011
hyperliquid,xyz:SKHX,2026-06-17 13:00:00.010000+00:00,2.12734e-05,1.0,,,POST /info fundingHistory,2026-07-23T07:14:14.926700+00:00,data/raw/hyperliquid/560d34135fab4fdbe71d344adba8a8638cb41338a57089459aa1b82f4c973995.json,official_hourly_events,2.12734e-05
hyperliquid,xyz:SKHX,2026-06-17 14:00:00.055000+00:00,9.9137e-06,1.0,,,POST /info fundingHistory,2026-07-23T07:14:14.926765+00:00,data/raw/hyperliquid/560d34135fab4fdbe71d344adba8a8638cb41338a57089459aa1b82f4c973995.json,official_hourly_events,9.9137e-06
hyperliquid,xyz:SKHX,2026-06-17 15:00:00.065000+00:00,3.26763e-05,1.0,,,POST /info fundingHistory,2026-07-23T07:14:14.926866+00:00,data/raw/hyperliquid/560d34135fab4fdbe71d344adba8a8638cb41338a57089459aa1b82f4c973995.json,official_hourly_events,3.26763e-05
hyperliquid,xyz:SKHX,2026-06-17 16:00:00.021000+00:00,0.0004565039,1.0,,,POST /info fundingHistory,2026-07-23T07:14:14.926944+00:00,data/raw/hyperliquid/560d34135fab4fdbe71d344adba8a8638cb41338a57089459aa1b82f4c973995.json,official_hourly_events,0.0004565039
hyperliquid,xyz:SKHX,2026-06-17 17:00:00.008000+00:00,0.0002464352,1.0,,,POST /info fundingHistory,2026-07-23T07:14:14.927014+00:00,data/raw/hyperliquid/560d34135fab4fdbe71d344adba8a8638cb41338a57089459aa1b82f4c973995.json,official_hourly_events,0.0002464352
hyperliquid,xyz:SKHX,2026-06-17 18:00:00.085000+00:00,0.0001014256,1.0,,,POST /info fundingHistory,2026-07-23T07:14:14.927096+00:00,data/raw/hyperliquid/560d34135fab4fdbe71d344adba8a8638cb41338a57089459aa1b82f4c973995.json,official_hourly_events,0.0001014256
hyperliquid,xyz:SKHX,2026-06-17 19:00:00.014000+00:00,0.0001434645,1.0,,,POST /info fundingHistory,2026-07-23T07:14:14.927165+00:00,data/raw/hyperliquid/560d34135fab4fdbe71d344adba8a8638cb41338a57089459aa1b82f4c973995.json,official_hourly_events,0.0001434645
hyperliquid,xyz:SKHX,2026-06-17 20:00:00.002000+00:00,-0.0003744558,1.0,,,POST /info fundingHistory,2026-07-23T07:14:14.927232+00:00,data/raw/hyperliquid/560d34135fab4fdbe71d344adba8a8638cb41338a57089459aa1b82f4c973995.json,official_hourly_events,-0.0003744558
hyperliquid,xyz:SKHX,2026-06-17 21:00:00.044000+00:00,-0.0001884962,1.0,,,POST /info fundingHistory,2026-07-23T07:14:14.927299+00:00,data/raw/hyperliquid/560d34135fab4fdbe71d344adba8a8638cb41338a57089459aa1b82f4c973995.json,official_hourly_events,-0.0001884962
hyperliquid,xyz:SKHX,2026-06-17 22:00:00.055000+00:00,0.0001286933,1.0,,,POST /info fundingHistory,2026-07-23T07:14:14.927367+00:00,data/raw/hyperliquid/560d34135fab4fdbe71d344adba8a8638cb41338a57089459aa1b82f4c973995.json,official_hourly_events,0.0001286933
hyperliquid,xyz:SKHX,2026-06-17 23:00:00.018000+00:00,3.24763e-05,1.0,,,POST /info fundingHistory,2026-07-23T07:14:14.927435+00:00,data/raw/hyperliquid/560d34135fab4fdbe71d344adba8a8638cb41338a57089459aa1b82f4c973995.json,official_hourly_events,3.24763e-05
hyperliquid,xyz:SKHX,2026-06-18 00:00:00.025000+00:00,0.0001931295,1.0,,,POST /info fundingHistory,2026-07-23T07:14:14.927546+00:00,data/raw/hyperliquid/560d34135fab4fdbe71d344adba8a8638cb41338a57089459aa1b82f4c973995.json,official_hourly_events,0.0001931295
hyperliquid,xyz:SKHX,2026-06-18 01:00:00.017000+00:00,0.0002092617,1.0,,,POST /info fundingHistory,2026-07-23T07:14:14.927622+00:00,data/raw/hyperliquid/560d34135fab4fdbe71d344adba8a8638cb41338a57089459aa1b82f4c973995.json,official_hourly_events,0.0002092617
hyperliquid,xyz:SKHX,2026-06-18 02:00:00.016000+00:00,0.0001881082,1.0,,,POST /info fundingHistory,2026-07-23T07:14:14.927691+00:00,data/raw/hyperliquid/560d34135fab4fdbe71d344adba8a8638cb41338a57089459aa1b82f4c973995.json,official_hourly_events,0.0001881082
hyperliquid,xyz:SKHX,2026-06-18 03:00:00.014000+00:00,9.4547e-05,1.0,,,POST /info fundingHistory,2026-07-23T07:14:14.927770+00:00,data/raw/hyperliquid/560d34135fab4fdbe71d344adba8a8638cb41338a57089459aa1b82f4c973995.json,official_hourly_events,9.4547e-05
hyperliquid,xyz:SKHX,2026-06-18 04:00:00.006000+00:00,0.0001793237,1.0,,,POST /info fundingHistory,2026-07-23T07:14:14.927885+00:00,data/raw/hyperliquid/560d34135fab4fdbe71d344adba8a8638cb41338a57089459aa1b82f4c973995.json,official_hourly_events,0.0001793237
hyperliquid,xyz:SKHX,2026-06-18 05:00:00.058000+00:00,7.96875e-05,1.0,,,POST /info fundingHistory,2026-07-23T07:14:14.927970+00:00,data/raw/hyperliquid/560d34135fab4fdbe71d344adba8a8638cb41338a57089459aa1b82f4c973995.json,official_hourly_events,7.96875e-05
hyperliquid,xyz:SKHX,2026-06-18 06:00:00.043000+00:00,6.96351e-05,1.0,,,POST /info fundingHistory,2026-07-23T07:14:14.928043+00:00,data/raw/hyperliquid/560d34135fab4fdbe71d344adba8a8638cb41338a57089459aa1b82f4c973995.json,official_hourly_events,6.96351e-05
hyperliquid,xyz:SKHX,2026-06-18 07:00:00.049000+00:00,4.75421e-05,1.0,,,POST /info fundingHistory,2026-07-23T07:14:14.928114+00:00,data/raw/hyperliquid/560d34135fab4fdbe71d344adba8a8638cb41338a57089459aa1b82f4c973995.json,official_hourly_events,4.75421e-05
hyperliquid,xyz:SKHX,2026-06-18 08:00:00.053000+00:00,-0.0001948787,1.0,,,POST /info fundingHistory,2026-07-23T07:14:14.928181+00:00,data/raw/hyperliquid/560d34135fab4fdbe71d344adba8a8638cb41338a57089459aa1b82f4c973995.json,official_hourly_events,-0.0001948787
hyperliquid,xyz:SKHX,2026-06-18 09:00:00.012000+00:00,0.0001960232,1.0,,,POST /info fundingHistory,2026-07-23T07:14:14.928248+00:00,data/raw/hyperliquid/560d34135fab4fdbe71d344adba8a8638cb41338a57089459aa1b82f4c973995.json,official_hourly_events,0.0001960232
hyperliquid,xyz:SKHX,2026-06-18 10:00:00.028000+00:00,0.0001522265,1.0,,,POST /info fundingHistory,2026-07-23T07:14:14.928315+00:00,data/raw/hyperliquid/560d34135fab4fdbe71d344adba8a8638cb41338a57089459aa1b82f4c973995.json,official_hourly_events,0.0001522265
hyperliquid,xyz:SKHX,2026-06-18 11:00:00.027000+00:00,0.0001496627,1.0,,,POST /info fundingHistory,2026-07-23T07:14:14.928381+00:00,data/raw/hyperliquid/560d34135fab4fdbe71d344adba8a8638cb41338a57089459aa1b82f4c973995.json,official_hourly_events,0.0001496627
hyperliquid,xyz:SKHX,2026-06-18 12:00:00.055000+00:00,0.000227798,1.0,,,POST /info fundingHistory,2026-07-23T07:14:14.928447+00:00,data/raw/hyperliquid/560d34135fab4fdbe71d344adba8a8638cb41338a57089459aa1b82f4c973995.json,official_hourly_events,0.000227798
hyperliquid,xyz:SKHX,2026-06-18 13:00:00.033000+00:00,0.0002881437,1.0,,,POST /info fundingHistory,2026-07-23T07:14:14.928512+00:00,data/raw/hyperliquid/560d34135fab4fdbe71d344adba8a8638cb41338a57089459aa1b82f4c973995.json,official_hourly_events,0.0002881437
hyperliquid,xyz:SKHX,2026-06-18 14:00:00.057000+00:00,0.000106159,1.0,,,POST /info fundingHistory,2026-07-23T07:14:14.928595+00:00,data/raw/hyperliquid/560d34135fab4fdbe71d344adba8a8638cb41338a57089459aa1b82f4c973995.json,official_hourly_events,0.000106159
hyperliquid,xyz:SKHX,2026-06-18 15:00:00.016000+00:00,0.0004003278,1.0,,,POST /info fundingHistory,2026-07-23T07:14:14.928671+00:00,data/raw/hyperliquid/560d34135fab4fdbe71d344adba8a8638cb41338a57089459aa1b82f4c973995.json,official_hourly_events,0.0004003278
hyperliquid,xyz:SKHX,2026-06-18 16:00:00.053000+00:00,5.22897e-05,1.0,,,POST /info fundingHistory,2026-07-23T07:14:14.928740+00:00,data/raw/hyperliquid/560d34135fab4fdbe71d344adba8a8638cb41338a57089459aa1b82f4c973995.json,official_hourly_events,5.22897e-05
hyperliquid,xyz:SKHX,2026-06-18 17:00:00.046000+00:00,2.5848e-06,1.0,,,POST /info fundingHistory,2026-07-23T07:14:14.928834+00:00,data/raw/hyperliquid/560d34135fab4fdbe71d344adba8a8638cb41338a57089459aa1b82f4c973995.json,official_hourly_events,2.5848e-06
hyperliquid,xyz:SKHX,2026-06-18 18:00:00.046000+00:00,0.0001518862,1.0,,,POST /info fundingHistory,2026-07-23T07:14:14.928914+00:00,data/raw/hyperliquid/560d34135fab4fdbe71d344adba8a8638cb41338a57089459aa1b82f4c973995.json,official_hourly_events,0.0001518862
hyperliquid,xyz:SKHX,2026-06-18 19:00:00.059000+00:00,8.52413e-05,1.0,,,POST /info fundingHistory,2026-07-23T07:14:14.928983+00:00,data/raw/hyperliquid/560d34135fab4fdbe71d344adba8a8638cb41338a57089459aa1b82f4c973995.json,official_hourly_events,8.52413e-05
hyperliquid,xyz:SKHX,2026-06-18 20:00:00.014000+00:00,3.21495e-05,1.0,,,POST /info fundingHistory,2026-07-23T07:14:14.929051+00:00,data/raw/hyperliquid/560d34135fab4fdbe71d344adba8a8638cb41338a57089459aa1b82f4c973995.json,official_hourly_events,3.21495e-05
hyperliquid,xyz:SKHX,2026-06-18 21:00:00.066000+00:00,4.00777e-05,1.0,,,POST /info fundingHistory,2026-07-23T07:14:14.929119+00:00,data/raw/hyperliquid/560d34135fab4fdbe71d344adba8a8638cb41338a57089459aa1b82f4c973995.json,official_hourly_events,4.00777e-05
hyperliquid,xyz:SKHX,2026-06-18 22:00:00.060000+00:00,0.0001127928,1.0,,,POST /info fundingHistory,2026-07-23T07:14:14.929185+00:00,data/raw/hyperliquid/560d34135fab4fdbe71d344adba8a8638cb41338a57089459aa1b82f4c973995.json,official_hourly_events,0.0001127928
hyperliquid,xyz:SKHX,2026-06-18 23:00:00.062000+00:00,4.10635e-05,1.0,,,POST /info fundingHistory,2026-07-23T07:14:14.929252+00:00,data/raw/hyperliquid/560d34135fab4fdbe71d344adba8a8638cb41338a57089459aa1b82f4c973995.json,official_hourly_events,4.10635e-05
hyperliquid,xyz:SKHX,2026-06-19 00:00:00.011000+00:00,0.0001669625,1.0,,,POST /info fundingHistory,2026-07-23T07:14:14.929320+00:00,data/raw/hyperliquid/560d34135fab4fdbe71d344adba8a8638cb41338a57089459aa1b82f4c973995.json,official_hourly_events,0.0001669625
hyperliquid,xyz:SKHX,2026-06-19 01:00:00.007000+00:00,0.0002086526,1.0,,,POST /info fundingHistory,2026-07-23T07:14:14.929386+00:00,data/raw/hyperliquid/560d34135fab4fdbe71d344adba8a8638cb41338a57089459aa1b82f4c973995.json,official_hourly_events,0.0002086526
hyperliquid,xyz:SKHX,2026-06-19 02:00:00.023000+00:00,0.0002204212,1.0,,,POST /info fundingHistory,2026-07-23T07:14:14.929453+00:00,data/raw/hyperliquid/560d34135fab4fdbe71d344adba8a8638cb41338a57089459aa1b82f4c973995.json,official_hourly_events,0.0002204212
hyperliquid,xyz:SKHX,2026-06-19 03:00:00.002000+00:00,0.0001684422,1.0,,,POST /info fundingHistory,2026-07-23T07:14:14.929518+00:00,data/raw/hyperliquid/560d34135fab4fdbe71d344adba8a8638cb41338a57089459aa1b82f4c973995.json,official_hourly_events,0.0001684422
hyperliquid,xyz:SKHX,2026-06-19 04:00:00.042000+00:00,0.000219475,1.0,,,POST /info fundingHistory,2026-07-23T07:14:14.929583+00:00,data/raw/hyperliquid/560d34135fab4fdbe71d344adba8a8638cb41338a57089459aa1b82f4c973995.json,official_hourly_events,0.000219475
hyperliquid,xyz:SKHX,2026-06-19 05:00:00.002000+00:00,0.0001897249,1.0,,,POST /info fundingHistory,2026-07-23T07:14:14.929647+00:00,data/raw/hyperliquid/560d34135fab4fdbe71d344adba8a8638cb41338a57089459aa1b82f4c973995.json,official_hourly_events,0.0001897249
hyperliquid,xyz:SKHX,2026-06-19 06:00:00.022000+00:00,0.0001025374,1.0,,,POST /info fundingHistory,2026-07-23T07:14:14.929711+00:00,data/raw/hyperliquid/560d34135fab4fdbe71d344adba8a8638cb41338a57089459aa1b82f4c973995.json,official_hourly_events,0.0001025374
hyperliquid,xyz:SKHX,2026-06-19 07:00:00.062000+00:00,-0.0001746763,1.0,,,POST /info fundingHistory,2026-07-23T07:14:14.929775+00:00,data/raw/hyperliquid/560d34135fab4fdbe71d344adba8a8638cb41338a57089459aa1b82f4c973995.json,official_hourly_events,-0.0001746763
hyperliquid,xyz:SKHX,2026-06-19 08:00:00.051000+00:00,-0.0003880581,1.0,,,POST /info fundingHistory,2026-07-23T07:14:14.929888+00:00,data/raw/hyperliquid/560d34135fab4fdbe71d344adba8a8638cb41338a57089459aa1b82f4c973995.json,official_hourly_events,-0.0003880581
hyperliquid,xyz:SKHX,2026-06-19 09:00:00.032000+00:00,-5.07178e-05,1.0,,,POST /info fundingHistory,2026-07-23T07:14:14.929968+00:00,data/raw/hyperliquid/560d34135fab4fdbe71d344adba8a8638cb41338a57089459aa1b82f4c973995.json,official_hourly_events,-5.07178e-05
hyperliquid,xyz:SKHX,2026-06-19 10:00:00.018000+00:00,9.02444e-05,1.0,,,POST /info fundingHistory,2026-07-23T07:14:14.930038+00:00,data/raw/hyperliquid/560d34135fab4fdbe71d344adba8a8638cb41338a57089459aa1b82f4c973995.json,official_hourly_events,9.02444e-05
hyperliquid,xyz:SKHX,2026-06-19 11:00:00+00:00,2.08957e-05,1.0,,,POST /info fundingHistory,2026-07-23T07:14:14.930106+00:00,data/raw/hyperliquid/560d34135fab4fdbe71d344adba8a8638cb41338a57089459aa1b82f4c973995.json,official_hourly_events,2.08957e-05
hyperliquid,xyz:SKHX,2026-06-19 12:00:00.053000+00:00,0.000209233,1.0,,,POST /info fundingHistory,2026-07-23T07:14:14.930173+00:00,data/raw/hyperliquid/560d34135fab4fdbe71d344adba8a8638cb41338a57089459aa1b82f4c973995.json,official_hourly_events,0.000209233
hyperliquid,xyz:SKHX,2026-06-19 13:00:00.015000+00:00,3.85653e-05,1.0,,,POST /info fundingHistory,2026-07-23T07:14:14.930239+00:00,data/raw/hyperliquid/560d34135fab4fdbe71d344adba8a8638cb41338a57089459aa1b82f4c973995.json,official_hourly_events,3.85653e-05
hyperliquid,xyz:SKHX,2026-06-19 14:00:00.037000+00:00,0.0001008715,1.0,,,POST /info fundingHistory,2026-07-23T07:14:14.930306+00:00,data/raw/hyperliquid/560d34135fab4fdbe71d344adba8a8638cb41338a57089459aa1b82f4c973995.json,official_hourly_events,0.0001008715
hyperliquid,xyz:SKHX,2026-06-19 15:00:00.043000+00:00,0.0001087245,1.0,,,POST /info fundingHistory,2026-07-23T07:14:14.930373+00:00,data/raw/hyperliquid/560d34135fab4fdbe71d344adba8a8638cb41338a57089459aa1b82f4c973995.json,official_hourly_events,0.0001087245
hyperliquid,xyz:SKHX,2026-06-19 16:00:00.032000+00:00,-8.94956e-05,1.0,,,POST /info fundingHistory,2026-07-23T07:14:14.930440+00:00,data/raw/hyperliquid/560d34135fab4fdbe71d344adba8a8638cb41338a57089459aa1b82f4c973995.json,official_hourly_events,-8.94956e-05
hyperliquid,xyz:SKHX,2026-06-19 17:00:00.013000+00:00,-1.0519e-05,1.0,,,POST /info fundingHistory,2026-07-23T07:14:14.930507+00:00,data/raw/hyperliquid/560d34135fab4fdbe71d344adba8a8638cb41338a57089459aa1b82f4c973995.json,official_hourly_events,-1.0519e-05
hyperliquid,xyz:SKHX,2026-06-19 18:00:00.044000+00:00,-4.36675e-05,1.0,,,POST /info fundingHistory,2026-07-23T07:14:14.930573+00:00,data/raw/hyperliquid/560d34135fab4fdbe71d344adba8a8638cb41338a57089459aa1b82f4c973995.json,official_hourly_events,-4.36675e-05
hyperliquid,xyz:SKHX,2026-06-19 19:00:00.013000+00:00,-0.0001266549,1.0,,,POST /info fundingHistory,2026-07-23T07:14:14.930637+00:00,data/raw/hyperliquid/560d34135fab4fdbe71d344adba8a8638cb41338a57089459aa1b82f4c973995.json,official_hourly_events,-0.0001266549
hyperliquid,xyz:SKHX,2026-06-19 20:00:00.028000+00:00,-1.97437e-05,1.0,,,POST /info fundingHistory,2026-07-23T07:14:14.930704+00:00,data/raw/hyperliquid/560d34135fab4fdbe71d344adba8a8638cb41338a57089459aa1b82f4c973995.json,official_hourly_events,-1.97437e-05
hyperliquid,xyz:SKHX,2026-06-19 21:00:00.023000+00:00,1.33348e-05,1.0,,,POST /info fundingHistory,2026-07-23T07:14:14.931007+00:00,data/raw/hyperliquid/560d34135fab4fdbe71d344adba8a8638cb41338a57089459aa1b82f4c973995.json,official_hourly_events,1.33348e-05
hyperliquid,xyz:SKHX,2026-06-19 22:00:00.007000+00:00,6.25e-06,1.0,,,POST /info fundingHistory,2026-07-23T07:14:14.931323+00:00,data/raw/hyperliquid/560d34135fab4fdbe71d344adba8a8638cb41338a57089459aa1b82f4c973995.json,official_hourly_events,6.25e-06
hyperliquid,xyz:SKHX,2026-06-19 23:00:00.072000+00:00,0.0001186856,1.0,,,POST /info fundingHistory,2026-07-23T07:14:14.931558+00:00,data/raw/hyperliquid/560d34135fab4fdbe71d344adba8a8638cb41338a57089459aa1b82f4c973995.json,official_hourly_events,0.0001186856
hyperliquid,xyz:SKHX,2026-06-20 00:00:00.067000+00:00,0.0001964402,1.0,,,POST /info fundingHistory,2026-07-23T07:14:14.931753+00:00,data/raw/hyperliquid/560d34135fab4fdbe71d344adba8a8638cb41338a57089459aa1b82f4c973995.json,official_hourly_events,0.0001964402
hyperliquid,xyz:SKHX,2026-06-20 01:00:00.031000+00:00,6.25e-06,1.0,,,POST /info fundingHistory,2026-07-23T07:14:14.932024+00:00,data/raw/hyperliquid/560d34135fab4fdbe71d344adba8a8638cb41338a57089459aa1b82f4c973995.json,official_hourly_events,6.25e-06
hyperliquid,xyz:SKHX,2026-06-20 02:00:00.026000+00:00,5.59254e-05,1.0,,,POST /info fundingHistory,2026-07-23T07:14:14.932164+00:00,data/raw/hyperliquid/560d34135fab4fdbe71d344adba8a8638cb41338a57089459aa1b82f4c973995.json,official_hourly_events,5.59254e-05
hyperliquid,xyz:SKHX,2026-06-20 03:00:00.064000+00:00,0.0001611958,1.0,,,POST /info fundingHistory,2026-07-23T07:14:14.932294+00:00,data/raw/hyperliquid/560d34135fab4fdbe71d344adba8a8638cb41338a57089459aa1b82f4c973995.json,official_hourly_events,0.0001611958
hyperliquid,xyz:SKHX,2026-06-20 04:00:00.056000+00:00,8.70066e-05,1.0,,,POST /info fundingHistory,2026-07-23T07:14:14.932405+00:00,data/raw/hyperliquid/560d34135fab4fdbe71d344adba8a8638cb41338a57089459aa1b82f4c973995.json,official_hourly_events,8.70066e-05
hyperliquid,xyz:SKHX,2026-06-20 05:00:00.023000+00:00,0.0002234586,1.0,,,POST /info fundingHistory,2026-07-23T07:14:14.932486+00:00,data/raw/hyperliquid/560d34135fab4fdbe71d344adba8a8638cb41338a57089459aa1b82f4c973995.json,official_hourly_events,0.0002234586
hyperliquid,xyz:SKHX,2026-06-20 06:00:00.048000+00:00,0.000241665,1.0,,,POST /info fundingHistory,2026-07-23T07:14:14.932560+00:00,data/raw/hyperliquid/560d34135fab4fdbe71d344adba8a8638cb41338a57089459aa1b82f4c973995.json,official_hourly_events,0.000241665
hyperliquid,xyz:SKHX,2026-06-20 07:00:00.021000+00:00,0.0004203119,1.0,,,POST /info fundingHistory,2026-07-23T07:14:14.932631+00:00,data/raw/hyperliquid/560d34135fab4fdbe71d344adba8a8638cb41338a57089459aa1b82f4c973995.json,official_hourly_events,0.0004203119
hyperliquid,xyz:SKHX,2026-06-20 08:00:00.036000+00:00,-0.000180984,1.0,,,POST /info fundingHistory,2026-07-23T07:14:14.932699+00:00,data/raw/hyperliquid/560d34135fab4fdbe71d344adba8a8638cb41338a57089459aa1b82f4c973995.json,official_hourly_events,-0.000180984
hyperliquid,xyz:SKHX,2026-06-20 09:00:00.017000+00:00,-0.0001967502,1.0,,,POST /info fundingHistory,2026-07-23T07:14:14.932877+00:00,data/raw/hyperliquid/560d34135fab4fdbe71d344adba8a8638cb41338a57089459aa1b82f4c973995.json,official_hourly_events,-0.0001967502
hyperliquid,xyz:SKHX,2026-06-20 10:00:00.001000+00:00,6.25e-06,1.0,,,POST /info fundingHistory,2026-07-23T07:14:14.933256+00:00,data/raw/hyperliquid/560d34135fab4fdbe71d344adba8a8638cb41338a57089459aa1b82f4c973995.json,official_hourly_events,6.25e-06
hyperliquid,xyz:SKHX,2026-06-20 11:00:00.008000+00:00,1.13362e-05,1.0,,,POST /info fundingHistory,2026-07-23T07:14:14.933474+00:00,data/raw/hyperliquid/560d34135fab4fdbe71d344adba8a8638cb41338a57089459aa1b82f4c973995.json,official_hourly_events,1.13362e-05
hyperliquid,xyz:SKHX,2026-06-20 12:00:00.010000+00:00,6.25e-06,1.0,,,POST /info fundingHistory,2026-07-23T07:14:14.933624+00:00,data/raw/hyperliquid/560d34135fab4fdbe71d344adba8a8638cb41338a57089459aa1b82f4c973995.json,official_hourly_events,6.25e-06
hyperliquid,xyz:SKHX,2026-06-20 13:00:00.008000+00:00,-1.64599e-05,1.0,,,POST /info fundingHistory,2026-07-23T07:14:14.934024+00:00,data/raw/hyperliquid/560d34135fab4fdbe71d344adba8a8638cb41338a57089459aa1b82f4c973995.json,official_hourly_events,-1.64599e-05
hyperliquid,xyz:SKHX,2026-06-20 14:00:00.023000+00:00,-0.0001059489,1.0,,,POST /info fundingHistory,2026-07-23T07:14:14.934254+00:00,data/raw/hyperliquid/560d34135fab4fdbe71d344adba8a8638cb41338a57089459aa1b82f4c973995.json,official_hourly_events,-0.0001059489
hyperliquid,xyz:SKHX,2026-06-20 15:00:00.024000+00:00,9.71102e-05,1.0,,,POST /info fundingHistory,2026-07-23T07:14:14.934402+00:00,data/raw/hyperliquid/560d34135fab4fdbe71d344adba8a8638cb41338a57089459aa1b82f4c973995.json,official_hourly_events,9.71102e-05
hyperliquid,xyz:SKHX,2026-06-20 16:00:00.039000+00:00,0.0001485125,1.0,,,POST /info fundingHistory,2026-07-23T07:14:14.934511+00:00,data/raw/hyperliquid/560d34135fab4fdbe71d344adba8a8638cb41338a57089459aa1b82f4c973995.json,official_hourly_events,0.0001485125
hyperliquid,xyz:SKHX,2026-06-20 17:00:00.006000+00:00,5.84095e-05,1.0,,,POST /info fundingHistory,2026-07-23T07:14:14.934591+00:00,data/raw/hyperliquid/560d34135fab4fdbe71d344adba8a8638cb41338a57089459aa1b82f4c973995.json,official_hourly_events,5.84095e-05
hyperliquid,xyz:SKHX,2026-06-20 18:00:00.046000+00:00,2.77234e-05,1.0,,,POST /info fundingHistory,2026-07-23T07:14:14.934664+00:00,data/raw/hyperliquid/560d34135fab4fdbe71d344adba8a8638cb41338a57089459aa1b82f4c973995.json,official_hourly_events,2.77234e-05
hyperliquid,xyz:SKHX,2026-06-20 19:00:00.017000+00:00,6.25e-06,1.0,,,POST /info fundingHistory,2026-07-23T07:14:14.934852+00:00,data/raw/hyperliquid/560d34135fab4fdbe71d344adba8a8638cb41338a57089459aa1b82f4c973995.json,official_hourly_events,6.25e-06
hyperliquid,xyz:SKHX,2026-06-20 20:00:00.032000+00:00,7.9319e-06,1.0,,,POST /info fundingHistory,2026-07-23T07:14:14.934997+00:00,data/raw/hyperliquid/560d34135fab4fdbe71d344adba8a8638cb41338a57089459aa1b82f4c973995.json,official_hourly_events,7.9319e-06
hyperliquid,xyz:SKHX,2026-06-20 21:00:00.043000+00:00,4.92596e-05,1.0,,,POST /info fundingHistory,2026-07-23T07:14:14.935084+00:00,data/raw/hyperliquid/560d34135fab4fdbe71d344adba8a8638cb41338a57089459aa1b82f4c973995.json,official_hourly_events,4.92596e-05
hyperliquid,xyz:SKHX,2026-06-20 22:00:00.059000+00:00,6.25e-06,1.0,,,POST /info fundingHistory,2026-07-23T07:14:14.935159+00:00,data/raw/hyperliquid/560d34135fab4fdbe71d344adba8a8638cb41338a57089459aa1b82f4c973995.json,official_hourly_events,6.25e-06
hyperliquid,xyz:SKHX,2026-06-20 23:00:00.038000+00:00,6.25e-06,1.0,,,POST /info fundingHistory,2026-07-23T07:14:14.935231+00:00,data/raw/hyperliquid/560d34135fab4fdbe71d344adba8a8638cb41338a57089459aa1b82f4c973995.json,official_hourly_events,6.25e-06
hyperliquid,xyz:SKHX,2026-06-21 00:00:00.047000+00:00,3.21794e-05,1.0,,,POST /info fundingHistory,2026-07-23T07:14:14.935300+00:00,data/raw/hyperliquid/560d34135fab4fdbe71d344adba8a8638cb41338a57089459aa1b82f4c973995.json,official_hourly_events,3.21794e-05
hyperliquid,xyz:SKHX,2026-06-21 01:00:00.035000+00:00,-1.64897e-05,1.0,,,POST /info fundingHistory,2026-07-23T07:14:14.935368+00:00,data/raw/hyperliquid/560d34135fab4fdbe71d344adba8a8638cb41338a57089459aa1b82f4c973995.json,official_hourly_events,-1.64897e-05
hyperliquid,xyz:SKHX,2026-06-21 02:00:00.009000+00:00,4.07938e-05,1.0,,,POST /info fundingHistory,2026-07-23T07:14:14.935435+00:00,data/raw/hyperliquid/560d34135fab4fdbe71d344adba8a8638cb41338a57089459aa1b82f4c973995.json,official_hourly_events,4.07938e-05
hyperliquid,xyz:SKHX,2026-06-21 03:00:00.033000+00:00,8.296e-06,1.0,,,POST /info fundingHistory,2026-07-23T07:14:14.935543+00:00,data/raw/hyperliquid/560d34135fab4fdbe71d344adba8a8638cb41338a57089459aa1b82f4c973995.json,official_hourly_events,8.296e-06
hyperliquid,xyz:SKHX,2026-06-21 04:00:00.034000+00:00,9.0881e-06,1.0,,,POST /info fundingHistory,2026-07-23T07:14:14.935770+00:00,data/raw/hyperliquid/560d34135fab4fdbe71d344adba8a8638cb41338a57089459aa1b82f4c973995.json,official_hourly_events,9.0881e-06
hyperliquid,xyz:SKHX,2026-06-21 05:00:00.004000+00:00,3.06203e-05,1.0,,,POST /info fundingHistory,2026-07-23T07:14:14.935929+00:00,data/raw/hyperliquid/560d34135fab4fdbe71d344adba8a8638cb41338a57089459aa1b82f4c973995.json,official_hourly_events,3.06203e-05
hyperliquid,xyz:SKHX,2026-06-21 06:00:00.025000+00:00,3.23515e-05,1.0,,,POST /info fundingHistory,2026-07-23T07:14:14.936110+00:00,data/raw/hyperliquid/560d34135fab4fdbe71d344adba8a8638cb41338a57089459aa1b82f4c973995.json,official_hourly_events,3.23515e-05
hyperliquid,xyz:SKHX,2026-06-21 07:00:00.043000+00:00,6.25e-06,1.0,,,POST /info fundingHistory,2026-07-23T07:14:14.936278+00:00,data/raw/hyperliquid/560d34135fab4fdbe71d344adba8a8638cb41338a57089459aa1b82f4c973995.json,official_hourly_events,6.25e-06
hyperliquid,xyz:SKHX,2026-06-21 08:00:00.033000+00:00,6.17228e-05,1.0,,,POST /info fundingHistory,2026-07-23T07:14:14.936458+00:00,data/raw/hyperliquid/560d34135fab4fdbe71d344adba8a8638cb41338a57089459aa1b82f4c973995.json,official_hourly_events,6.17228e-05
hyperliquid,xyz:SKHX,2026-06-21 09:00:00.005000+00:00,6.48941e-05,1.0,,,POST /info fundingHistory,2026-07-23T07:14:14.936621+00:00,data/raw/hyperliquid/560d34135fab4fdbe71d344adba8a8638cb41338a57089459aa1b82f4c973995.json,official_hourly_events,6.48941e-05
hyperliquid,xyz:SKHX,2026-06-21 10:00:00.020000+00:00,-8.07782e-05,1.0,,,POST /info fundingHistory,2026-07-23T07:14:14.936725+00:00,data/raw/hyperliquid/560d34135fab4fdbe71d344adba8a8638cb41338a57089459aa1b82f4c973995.json,official_hourly_events,-8.07782e-05
hyperliquid,xyz:SKHX,2026-06-21 11:00:00.040000+00:00,6.25e-06,1.0,,,POST /info fundingHistory,2026-07-23T07:14:14.936838+00:00,data/raw/hyperliquid/560d34135fab4fdbe71d344adba8a8638cb41338a57089459aa1b82f4c973995.json,official_hourly_events,6.25e-06
hyperliquid,xyz:SKHX,2026-06-21 12:00:00.044000+00:00,-4.99981e-05,1.0,,,POST /info fundingHistory,2026-07-23T07:14:14.936922+00:00,data/raw/hyperliquid/560d34135fab4fdbe71d344adba8a8638cb41338a57089459aa1b82f4c973995.json,official_hourly_events,-4.99981e-05
hyperliquid,xyz:SKHX,2026-06-21 13:00:00.053000+00:00,-2.16487e-05,1.0,,,POST /info fundingHistory,2026-07-23T07:14:14.936997+00:00,data/raw/hyperliquid/560d34135fab4fdbe71d344adba8a8638cb41338a57089459aa1b82f4c973995.json,official_hourly_events,-2.16487e-05
hyperliquid,xyz:SKHX,2026-06-21 14:00:00.007000+00:00,-0.0001236248,1.0,,,POST /info fundingHistory,2026-07-23T07:14:14.937068+00:00,data/raw/hyperliquid/560d34135fab4fdbe71d344adba8a8638cb41338a57089459aa1b82f4c973995.json,official_hourly_events,-0.0001236248
hyperliquid,xyz:SKHX,2026-06-21 15:00:00.003000+00:00,-0.0001241614,1.0,,,POST /info fundingHistory,2026-07-23T07:14:14.937154+00:00,data/raw/hyperliquid/560d34135fab4fdbe71d344adba8a8638cb41338a57089459aa1b82f4c973995.json,official_hourly_events,-0.0001241614
hyperliquid,xyz:SKHX,2026-06-21 16:00:00.030000+00:00,9.76827e-05,1.0,,,POST /info fundingHistory,2026-07-23T07:14:14.937232+00:00,data/raw/hyperliquid/560d34135fab4fdbe71d344adba8a8638cb41338a57089459aa1b82f4c973995.json,official_hourly_events,9.76827e-05
hyperliquid,xyz:SKHX,2026-06-21 17:00:00.007000+00:00,-2.46804e-05,1.0,,,POST /info fundingHistory,2026-07-23T07:14:14.937304+00:00,data/raw/hyperliquid/560d34135fab4fdbe71d344adba8a8638cb41338a57089459aa1b82f4c973995.json,official_hourly_events,-2.46804e-05
hyperliquid,xyz:SKHX,2026-06-21 18:00:00.046000+00:00,6.25e-06,1.0,,,POST /info fundingHistory,2026-07-23T07:14:14.937373+00:00,data/raw/hyperliquid/560d34135fab4fdbe71d344adba8a8638cb41338a57089459aa1b82f4c973995.json,official_hourly_events,6.25e-06
hyperliquid,xyz:SKHX,2026-06-21 19:00:00.029000+00:00,9.0761e-06,1.0,,,POST /info fundingHistory,2026-07-23T07:14:14.937440+00:00,data/raw/hyperliquid/560d34135fab4fdbe71d344adba8a8638cb41338a57089459aa1b82f4c973995.json,official_hourly_events,9.0761e-06
hyperliquid,xyz:SKHX,2026-06-21 20:00:00.036000+00:00,6.25e-06,1.0,,,POST /info fundingHistory,2026-07-23T07:14:14.937508+00:00,data/raw/hyperliquid/560d34135fab4fdbe71d344adba8a8638cb41338a57089459aa1b82f4c973995.json,official_hourly_events,6.25e-06
hyperliquid,xyz:SKHX,2026-06-21 21:00:00.057000+00:00,-3.3493e-06,1.0,,,POST /info fundingHistory,2026-07-23T07:14:14.937576+00:00,data/raw/hyperliquid/560d34135fab4fdbe71d344adba8a8638cb41338a57089459aa1b82f4c973995.json,official_hourly_events,-3.3493e-06
hyperliquid,xyz:SKHX,2026-06-21 22:00:00.077000+00:00,1.90552e-05,1.0,,,POST /info fundingHistory,2026-07-23T07:14:14.937642+00:00,data/raw/hyperliquid/560d34135fab4fdbe71d344adba8a8638cb41338a57089459aa1b82f4c973995.json,official_hourly_events,1.90552e-05
hyperliquid,xyz:SKHX,2026-06-21 23:00:00.061000+00:00,-0.0002730704,1.0,,,POST /info fundingHistory,2026-07-23T07:14:14.937708+00:00,data/raw/hyperliquid/560d34135fab4fdbe71d344adba8a8638cb41338a57089459aa1b82f4c973995.json,official_hourly_events,-0.0002730704
hyperliquid,xyz:SKHX,2026-06-22 00:00:00.011000+00:00,0.000819441,1.0,,,POST /info fundingHistory,2026-07-23T07:14:14.937772+00:00,data/raw/hyperliquid/560d34135fab4fdbe71d344adba8a8638cb41338a57089459aa1b82f4c973995.json,official_hourly_events,0.000819441
hyperliquid,xyz:SKHX,2026-06-22 01:00:00.019000+00:00,0.0005893238,1.0,,,POST /info fundingHistory,2026-07-23T07:14:14.937873+00:00,data/raw/hyperliquid/560d34135fab4fdbe71d344adba8a8638cb41338a57089459aa1b82f4c973995.json,official_hourly_events,0.0005893238
hyperliquid,xyz:SKHX,2026-06-22 02:00:00.074000+00:00,0.0006724183,1.0,,,POST /info fundingHistory,2026-07-23T07:14:14.937952+00:00,data/raw/hyperliquid/560d34135fab4fdbe71d344adba8a8638cb41338a57089459aa1b82f4c973995.json,official_hourly_events,0.0006724183
hyperliquid,xyz:SKHX,2026-06-22 03:00:00.037000+00:00,0.0004179799,1.0,,,POST /info fundingHistory,2026-07-23T07:14:14.938024+00:00,data/raw/hyperliquid/560d34135fab4fdbe71d344adba8a8638cb41338a57089459aa1b82f4c973995.json,official_hourly_events,0.0004179799
hyperliquid,xyz:SKHX,2026-06-22 04:00:00.020000+00:00,0.0002071824,1.0,,,POST /info fundingHistory,2026-07-23T07:14:14.938093+00:00,data/raw/hyperliquid/560d34135fab4fdbe71d344adba8a8638cb41338a57089459aa1b82f4c973995.json,official_hourly_events,0.0002071824
hyperliquid,xyz:SKHX,2026-06-22 05:00:00.054000+00:00,0.0002484011,1.0,,,POST /info fundingHistory,2026-07-23T07:14:14.938159+00:00,data/raw/hyperliquid/560d34135fab4fdbe71d344adba8a8638cb41338a57089459aa1b82f4c973995.json,official_hourly_events,0.0002484011
hyperliquid,xyz:SKHX,2026-06-22 06:00:00.033000+00:00,0.0001760645,1.0,,,POST /info fundingHistory,2026-07-23T07:14:14.938225+00:00,data/raw/hyperliquid/560d34135fab4fdbe71d344adba8a8638cb41338a57089459aa1b82f4c973995.json,official_hourly_events,0.0001760645
hyperliquid,xyz:SKHX,2026-06-22 07:00:00.031000+00:00,6.25e-06,1.0,,,POST /info fundingHistory,2026-07-23T07:14:14.938292+00:00,data/raw/hyperliquid/560d34135fab4fdbe71d344adba8a8638cb41338a57089459aa1b82f4c973995.json,official_hourly_events,6.25e-06
hyperliquid,xyz:SKHX,2026-06-22 08:00:00.054000+00:00,0.000122585,1.0,,,POST /info fundingHistory,2026-07-23T07:14:14.938359+00:00,data/raw/hyperliquid/560d34135fab4fdbe71d344adba8a8638cb41338a57089459aa1b82f4c973995.json,official_hourly_events,0.000122585
hyperliquid,xyz:SKHX,2026-06-22 09:00:00.012000+00:00,0.0002714252,1.0,,,POST /info fundingHistory,2026-07-23T07:14:14.938427+00:00,data/raw/hyperliquid/560d34135fab4fdbe71d344adba8a8638cb41338a57089459aa1b82f4c973995.json,official_hourly_events,0.0002714252
hyperliquid,xyz:SKHX,2026-06-22 10:00:00.040000+00:00,0.0002380225,1.0,,,POST /info fundingHistory,2026-07-23T07:14:14.938495+00:00,data/raw/hyperliquid/560d34135fab4fdbe71d344adba8a8638cb41338a57089459aa1b82f4c973995.json,official_hourly_events,0.0002380225
hyperliquid,xyz:SKHX,2026-06-22 11:00:00.045000+00:00,0.0003371919,1.0,,,POST /info fundingHistory,2026-07-23T07:14:14.938562+00:00,data/raw/hyperliquid/560d34135fab4fdbe71d344adba8a8638cb41338a57089459aa1b82f4c973995.json,official_hourly_events,0.0003371919
hyperliquid,xyz:SKHX,2026-06-22 12:00:00.028000+00:00,0.000158067,1.0,,,POST /info fundingHistory,2026-07-23T07:14:14.938629+00:00,data/raw/hyperliquid/560d34135fab4fdbe71d344adba8a8638cb41338a57089459aa1b82f4c973995.json,official_hourly_events,0.000158067
hyperliquid,xyz:SKHX,2026-06-22 13:00:00.062000+00:00,2.82718e-05,1.0,,,POST /info fundingHistory,2026-07-23T07:14:14.938695+00:00,data/raw/hyperliquid/560d34135fab4fdbe71d344adba8a8638cb41338a57089459aa1b82f4c973995.json,official_hourly_events,2.82718e-05
hyperliquid,xyz:SKHX,2026-06-22 14:00:00.004000+00:00,0.0001946239,1.0,,,POST /info fundingHistory,2026-07-23T07:14:14.938761+00:00,data/raw/hyperliquid/560d34135fab4fdbe71d344adba8a8638cb41338a57089459aa1b82f4c973995.json,official_hourly_events,0.0001946239
hyperliquid,xyz:SKHX,2026-06-22 15:00:00.009000+00:00,-7.76439e-05,1.0,,,POST /info fundingHistory,2026-07-23T07:14:14.938855+00:00,data/raw/hyperliquid/560d34135fab4fdbe71d344adba8a8638cb41338a57089459aa1b82f4c973995.json,official_hourly_events,-7.76439e-05
hyperliquid,xyz:SKHX,2026-06-22 16:00:00.016000+00:00,-0.0002592808,1.0,,,POST /info fundingHistory,2026-07-23T07:14:14.938930+00:00,data/raw/hyperliquid/560d34135fab4fdbe71d344adba8a8638cb41338a57089459aa1b82f4c973995.json,official_hourly_events,-0.0002592808
hyperliquid,xyz:SKHX,2026-06-22 17:00:00.020000+00:00,0.0001026312,1.0,,,POST /info fundingHistory,2026-07-23T07:14:14.938998+00:00,data/raw/hyperliquid/560d34135fab4fdbe71d344adba8a8638cb41338a57089459aa1b82f4c973995.json,official_hourly_events,0.0001026312
hyperliquid,xyz:SKHX,2026-06-22 18:00:00.035000+00:00,0.0001752985,1.0,,,POST /info fundingHistory,2026-07-23T07:14:14.939067+00:00,data/raw/hyperliquid/560d34135fab4fdbe71d344adba8a8638cb41338a57089459aa1b82f4c973995.json,official_hourly_events,0.0001752985
hyperliquid,xyz:SKHX,2026-06-22 19:00:00.028000+00:00,6.25e-06,1.0,,,POST /info fundingHistory,2026-07-23T07:14:14.939133+00:00,data/raw/hyperliquid/560d34135fab4fdbe71d344adba8a8638cb41338a57089459aa1b82f4c973995.json,official_hourly_events,6.25e-06
hyperliquid,xyz:SKHX,2026-06-22 20:00:00.037000+00:00,-0.0001091533,1.0,,,POST /info fundingHistory,2026-07-23T07:14:14.939199+00:00,data/raw/hyperliquid/560d34135fab4fdbe71d344adba8a8638cb41338a57089459aa1b82f4c973995.json,official_hourly_events,-0.0001091533
hyperliquid,xyz:SKHX,2026-06-22 21:00:00.027000+00:00,0.0001847335,1.0,,,POST /info fundingHistory,2026-07-23T07:14:14.939265+00:00,data/raw/hyperliquid/560d34135fab4fdbe71d344adba8a8638cb41338a57089459aa1b82f4c973995.json,official_hourly_events,0.0001847335
hyperliquid,xyz:SKHX,2026-06-22 22:00:00.001000+00:00,8.65465e-05,1.0,,,POST /info fundingHistory,2026-07-23T07:14:14.939332+00:00,data/raw/hyperliquid/560d34135fab4fdbe71d344adba8a8638cb41338a57089459aa1b82f4c973995.json,official_hourly_events,8.65465e-05
hyperliquid,xyz:SKHX,2026-06-22 23:00:00.047000+00:00,-7.62705e-05,1.0,,,POST /info fundingHistory,2026-07-23T07:14:14.939399+00:00,data/raw/hyperliquid/560d34135fab4fdbe71d344adba8a8638cb41338a57089459aa1b82f4c973995.json,official_hourly_events,-7.62705e-05
hyperliquid,xyz:SKHX,2026-06-23 00:00:00.019000+00:00,0.0002279423,1.0,,,POST /info fundingHistory,2026-07-23T07:14:14.939464+00:00,data/raw/hyperliquid/560d34135fab4fdbe71d344adba8a8638cb41338a57089459aa1b82f4c973995.json,official_hourly_events,0.0002279423
hyperliquid,xyz:SKHX,2026-06-23 01:00:00.050000+00:00,0.0004116171,1.0,,,POST /info fundingHistory,2026-07-23T07:14:14.939566+00:00,data/raw/hyperliquid/560d34135fab4fdbe71d344adba8a8638cb41338a57089459aa1b82f4c973995.json,official_hourly_events,0.0004116171
hyperliquid,xyz:SKHX,2026-06-23 02:00:00.059000+00:00,0.0003672503,1.0,,,POST /info fundingHistory,2026-07-23T07:14:14.939637+00:00,data/raw/hyperliquid/560d34135fab4fdbe71d344adba8a8638cb41338a57089459aa1b82f4c973995.json,official_hourly_events,0.0003672503
hyperliquid,xyz:SKHX,2026-06-23 03:00:00.043000+00:00,0.0002906661,1.0,,,POST /info fundingHistory,2026-07-23T07:14:14.939708+00:00,data/raw/hyperliquid/560d34135fab4fdbe71d344adba8a8638cb41338a57089459aa1b82f4c973995.json,official_hourly_events,0.0002906661
hyperliquid,xyz:SKHX,2026-06-23 04:00:00.043000+00:00,0.0001527592,1.0,,,POST /info fundingHistory,2026-07-23T07:14:14.939776+00:00,data/raw/hyperliquid/560d34135fab4fdbe71d344adba8a8638cb41338a57089459aa1b82f4c973995.json,official_hourly_events,0.0001527592
hyperliquid,xyz:SKHX,2026-06-23 05:00:00+00:00,0.0001271706,1.0,,,POST /info fundingHistory,2026-07-23T07:14:14.939873+00:00,data/raw/hyperliquid/560d34135fab4fdbe71d344adba8a8638cb41338a57089459aa1b82f4c973995.json,official_hourly_events,0.0001271706
hyperliquid,xyz:SKHX,2026-06-23 06:00:00.028000+00:00,0.0004058031,1.0,,,POST /info fundingHistory,2026-07-23T07:14:14.939951+00:00,data/raw/hyperliquid/560d34135fab4fdbe71d344adba8a8638cb41338a57089459aa1b82f4c973995.json,official_hourly_events,0.0004058031
hyperliquid,xyz:SKHX,2026-06-23 07:00:00.005000+00:00,0.0003215429,1.0,,,POST /info fundingHistory,2026-07-23T07:14:14.940022+00:00,data/raw/hyperliquid/560d34135fab4fdbe71d344adba8a8638cb41338a57089459aa1b82f4c973995.json,official_hourly_events,0.0003215429
hyperliquid,xyz:SKHX,2026-06-23 08:00:00.004000+00:00,-2.81724e-05,1.0,,,POST /info fundingHistory,2026-07-23T07:14:14.940090+00:00,data/raw/hyperliquid/560d34135fab4fdbe71d344adba8a8638cb41338a57089459aa1b82f4c973995.json,official_hourly_events,-2.81724e-05
hyperliquid,xyz:SKHX,2026-06-23 09:00:00.027000+00:00,4.15298e-05,1.0,,,POST /info fundingHistory,2026-07-23T07:14:14.940158+00:00,data/raw/hyperliquid/560d34135fab4fdbe71d344adba8a8638cb41338a57089459aa1b82f4c973995.json,official_hourly_events,4.15298e-05
hyperliquid,xyz:SKHX,2026-06-23 10:00:00.015000+00:00,-6.81792e-05,1.0,,,POST /info fundingHistory,2026-07-23T07:14:14.940240+00:00,data/raw/hyperliquid/560d34135fab4fdbe71d344adba8a8638cb41338a57089459aa1b82f4c973995.json,official_hourly_events,-6.81792e-05
hyperliquid,xyz:SKHX,2026-06-23 11:00:00.038000+00:00,0.0002770502,1.0,,,POST /info fundingHistory,2026-07-23T07:14:14.940316+00:00,data/raw/hyperliquid/560d34135fab4fdbe71d344adba8a8638cb41338a57089459aa1b82f4c973995.json,official_hourly_events,0.0002770502
hyperliquid,xyz:SKHX,2026-06-23 12:00:00.032000+00:00,0.000334576,1.0,,,POST /info fundingHistory,2026-07-23T07:14:14.940387+00:00,data/raw/hyperliquid/560d34135fab4fdbe71d344adba8a8638cb41338a57089459aa1b82f4c973995.json,official_hourly_events,0.000334576
hyperliquid,xyz:SKHX,2026-06-23 13:00:00.064000+00:00,-0.0001259719,1.0,,,POST /info fundingHistory,2026-07-23T07:14:14.940455+00:00,data/raw/hyperliquid/560d34135fab4fdbe71d344adba8a8638cb41338a57089459aa1b82f4c973995.json,official_hourly_events,-0.0001259719
hyperliquid,xyz:SKHX,2026-06-23 14:00:00.005000+00:00,-2.21805e-05,1.0,,,POST /info fundingHistory,2026-07-23T07:14:14.940523+00:00,data/raw/hyperliquid/560d34135fab4fdbe71d344adba8a8638cb41338a57089459aa1b82f4c973995.json,official_hourly_events,-2.21805e-05
hyperliquid,xyz:SKHX,2026-06-23 15:00:00.068000+00:00,0.0004667049,1.0,,,POST /info fundingHistory,2026-07-23T07:14:14.940591+00:00,data/raw/hyperliquid/560d34135fab4fdbe71d344adba8a8638cb41338a57089459aa1b82f4c973995.json,official_hourly_events,0.0004667049
hyperliquid,xyz:SKHX,2026-06-23 16:00:00.018000+00:00,-5.18114e-05,1.0,,,POST /info fundingHistory,2026-07-23T07:14:14.940658+00:00,data/raw/hyperliquid/560d34135fab4fdbe71d344adba8a8638cb41338a57089459aa1b82f4c973995.json,official_hourly_events,-5.18114e-05
hyperliquid,xyz:SKHX,2026-06-23 17:00:00.004000+00:00,0.0002321142,1.0,,,POST /info fundingHistory,2026-07-23T07:14:14.940724+00:00,data/raw/hyperliquid/560d34135fab4fdbe71d344adba8a8638cb41338a57089459aa1b82f4c973995.json,official_hourly_events,0.0002321142
hyperliquid,xyz:SKHX,2026-06-23 18:00:00.057000+00:00,-0.0003461329,1.0,,,POST /info fundingHistory,2026-07-23T07:14:14.940789+00:00,data/raw/hyperliquid/560d34135fab4fdbe71d344adba8a8638cb41338a57089459aa1b82f4c973995.json,official_hourly_events,-0.0003461329
hyperliquid,xyz:SKHX,2026-06-23 19:00:00.036000+00:00,-0.0002728432,1.0,,,POST /info fundingHistory,2026-07-23T07:14:14.940894+00:00,data/raw/hyperliquid/560d34135fab4fdbe71d344adba8a8638cb41338a57089459aa1b82f4c973995.json,official_hourly_events,-0.0002728432
hyperliquid,xyz:SKHX,2026-06-23 20:00:00.052000+00:00,7.52529e-05,1.0,,,POST /info fundingHistory,2026-07-23T07:14:14.940965+00:00,data/raw/hyperliquid/560d34135fab4fdbe71d344adba8a8638cb41338a57089459aa1b82f4c973995.json,official_hourly_events,7.52529e-05
hyperliquid,xyz:SKHX,2026-06-23 21:00:00.041000+00:00,0.000134203,1.0,,,POST /info fundingHistory,2026-07-23T07:14:14.941035+00:00,data/raw/hyperliquid/560d34135fab4fdbe71d344adba8a8638cb41338a57089459aa1b82f4c973995.json,official_hourly_events,0.000134203
hyperliquid,xyz:SKHX,2026-06-23 22:00:00.077000+00:00,0.0002775168,1.0,,,POST /info fundingHistory,2026-07-23T07:14:14.941103+00:00,data/raw/hyperliquid/560d34135fab4fdbe71d344adba8a8638cb41338a57089459aa1b82f4c973995.json,official_hourly_events,0.0002775168
hyperliquid,xyz:SKHX,2026-06-23 23:00:00.017000+00:00,-0.0001650482,1.0,,,POST /info fundingHistory,2026-07-23T07:14:14.941170+00:00,data/raw/hyperliquid/560d34135fab4fdbe71d344adba8a8638cb41338a57089459aa1b82f4c973995.json,official_hourly_events,-0.0001650482
hyperliquid,xyz:SKHX,2026-06-24 00:00:00.059000+00:00,7.24972e-05,1.0,,,POST /info fundingHistory,2026-07-23T07:14:14.941238+00:00,data/raw/hyperliquid/560d34135fab4fdbe71d344adba8a8638cb41338a57089459aa1b82f4c973995.json,official_hourly_events,7.24972e-05
hyperliquid,xyz:SKHX,2026-06-24 01:00:00.007000+00:00,0.0003988072,1.0,,,POST /info fundingHistory,2026-07-23T07:14:14.941304+00:00,data/raw/hyperliquid/560d34135fab4fdbe71d344adba8a8638cb41338a57089459aa1b82f4c973995.json,official_hourly_events,0.0003988072
hyperliquid,xyz:SKHX,2026-06-24 02:00:00.045000+00:00,0.0003133092,1.0,,,POST /info fundingHistory,2026-07-23T07:14:14.941371+00:00,data/raw/hyperliquid/560d34135fab4fdbe71d344adba8a8638cb41338a57089459aa1b82f4c973995.json,official_hourly_events,0.0003133092
hyperliquid,xyz:SKHX,2026-06-24 03:00:00.043000+00:00,0.0002434153,1.0,,,POST /info fundingHistory,2026-07-23T07:14:14.941437+00:00,data/raw/hyperliquid/560d34135fab4fdbe71d344adba8a8638cb41338a57089459aa1b82f4c973995.json,official_hourly_events,0.0002434153
hyperliquid,xyz:SKHX,2026-06-24 04:00:00.009000+00:00,0.000326143,1.0,,,POST /info fundingHistory,2026-07-23T07:14:14.941502+00:00,data/raw/hyperliquid/560d34135fab4fdbe71d344adba8a8638cb41338a57089459aa1b82f4c973995.json,official_hourly_events,0.000326143
hyperliquid,xyz:SKHX,2026-06-24 05:00:00.004000+00:00,0.0002518862,1.0,,,POST /info fundingHistory,2026-07-23T07:14:14.941568+00:00,data/raw/hyperliquid/560d34135fab4fdbe71d344adba8a8638cb41338a57089459aa1b82f4c973995.json,official_hourly_events,0.0002518862
hyperliquid,xyz:SKHX,2026-06-24 06:00:00.031000+00:00,5.37913e-05,1.0,,,POST /info fundingHistory,2026-07-23T07:14:14.941633+00:00,data/raw/hyperliquid/560d34135fab4fdbe71d344adba8a8638cb41338a57089459aa1b82f4c973995.json,official_hourly_events,5.37913e-05
hyperliquid,xyz:SKHX,2026-06-24 07:00:00.002000+00:00,6.25e-06,1.0,,,POST /info fundingHistory,2026-07-23T07:14:14.941699+00:00,data/raw/hyperliquid/560d34135fab4fdbe71d344adba8a8638cb41338a57089459aa1b82f4c973995.json,official_hourly_events,6.25e-06
hyperliquid,xyz:SKHX,2026-06-24 08:00:00.010000+00:00,0.0001322548,1.0,,,POST /info fundingHistory,2026-07-23T07:14:14.941764+00:00,data/raw/hyperliquid/560d34135fab4fdbe71d344adba8a8638cb41338a57089459aa1b82f4c973995.json,official_hourly_events,0.0001322548
hyperliquid,xyz:SKHX,2026-06-24 09:00:00.011000+00:00,6.25e-06,1.0,,,POST /info fundingHistory,2026-07-23T07:14:14.941860+00:00,data/raw/hyperliquid/560d34135fab4fdbe71d344adba8a8638cb41338a57089459aa1b82f4c973995.json,official_hourly_events,6.25e-06
hyperliquid,xyz:SKHX,2026-06-24 10:00:00.043000+00:00,0.0001742635,1.0,,,POST /info fundingHistory,2026-07-23T07:14:14.941936+00:00,data/raw/hyperliquid/560d34135fab4fdbe71d344adba8a8638cb41338a57089459aa1b82f4c973995.json,official_hourly_events,0.0001742635
hyperliquid,xyz:SKHX,2026-06-24 11:00:00.026000+00:00,0.0002422362,1.0,,,POST /info fundingHistory,2026-07-23T07:14:14.942005+00:00,data/raw/hyperliquid/560d34135fab4fdbe71d344adba8a8638cb41338a57089459aa1b82f4c973995.json,official_hourly_events,0.0002422362
hyperliquid,xyz:SKHX,2026-06-24 12:00:00.040000+00:00,9.95835e-05,1.0,,,POST /info fundingHistory,2026-07-23T07:14:14.942073+00:00,data/raw/hyperliquid/560d34135fab4fdbe71d344adba8a8638cb41338a57089459aa1b82f4c973995.json,official_hourly_events,9.95835e-05
hyperliquid,xyz:SKHX,2026-06-24 13:00:00.010000+00:00,6.25e-06,1.0,,,POST /info fundingHistory,2026-07-23T07:14:14.942144+00:00,data/raw/hyperliquid/560d34135fab4fdbe71d344adba8a8638cb41338a57089459aa1b82f4c973995.json,official_hourly_events,6.25e-06
hyperliquid,xyz:SKHX,2026-06-24 14:00:00.048000+00:00,-0.0004563849,1.0,,,POST /info fundingHistory,2026-07-23T07:14:14.942211+00:00,data/raw/hyperliquid/560d34135fab4fdbe71d344adba8a8638cb41338a57089459aa1b82f4c973995.json,official_hourly_events,-0.0004563849
hyperliquid,xyz:SKHX,2026-06-24 15:00:00.052000+00:00,-0.0002076043,1.0,,,POST /info fundingHistory,2026-07-23T07:14:14.942277+00:00,data/raw/hyperliquid/560d34135fab4fdbe71d344adba8a8638cb41338a57089459aa1b82f4c973995.json,official_hourly_events,-0.0002076043
hyperliquid,xyz:SKHX,2026-06-24 16:00:00.060000+00:00,-7.2048e-06,1.0,,,POST /info fundingHistory,2026-07-23T07:14:14.942344+00:00,data/raw/hyperliquid/560d34135fab4fdbe71d344adba8a8638cb41338a57089459aa1b82f4c973995.json,official_hourly_events,-7.2048e-06
hyperliquid,xyz:SKHX,2026-06-24 17:00:00.011000+00:00,-7.02451e-05,1.0,,,POST /info fundingHistory,2026-07-23T07:14:14.942411+00:00,data/raw/hyperliquid/560d34135fab4fdbe71d344adba8a8638cb41338a57089459aa1b82f4c973995.json,official_hourly_events,-7.02451e-05
hyperliquid,xyz:SKHX,2026-06-24 18:00:00.061000+00:00,-0.000527392,1.0,,,POST /info fundingHistory,2026-07-23T07:14:14.942481+00:00,data/raw/hyperliquid/560d34135fab4fdbe71d344adba8a8638cb41338a57089459aa1b82f4c973995.json,official_hourly_events,-0.000527392
hyperliquid,xyz:SKHX,2026-06-24 19:00:00.107000+00:00,6.25e-06,1.0,,,POST /info fundingHistory,2026-07-23T07:14:14.942549+00:00,data/raw/hyperliquid/560d34135fab4fdbe71d344adba8a8638cb41338a57089459aa1b82f4c973995.json,official_hourly_events,6.25e-06
hyperliquid,xyz:SKHX,2026-06-24 20:00:00.013000+00:00,6.8769e-05,1.0,,,POST /info fundingHistory,2026-07-23T07:14:14.942616+00:00,data/raw/hyperliquid/560d34135fab4fdbe71d344adba8a8638cb41338a57089459aa1b82f4c973995.json,official_hourly_events,6.8769e-05
hyperliquid,xyz:SKHX,2026-06-24 21:00:00.057000+00:00,0.0026422378,1.0,,,POST /info fundingHistory,2026-07-23T07:14:14.942682+00:00,data/raw/hyperliquid/560d34135fab4fdbe71d344adba8a8638cb41338a57089459aa1b82f4c973995.json,official_hourly_events,0.0026422378
hyperliquid,xyz:SKHX,2026-06-24 22:00:00.034000+00:00,0.0006780136,1.0,,,POST /info fundingHistory,2026-07-23T07:14:14.942749+00:00,data/raw/hyperliquid/560d34135fab4fdbe71d344adba8a8638cb41338a57089459aa1b82f4c973995.json,official_hourly_events,0.0006780136
hyperliquid,xyz:SKHX,2026-06-24 23:00:00.012000+00:00,0.0002635243,1.0,,,POST /info fundingHistory,2026-07-23T07:14:14.942860+00:00,data/raw/hyperliquid/560d34135fab4fdbe71d344adba8a8638cb41338a57089459aa1b82f4c973995.json,official_hourly_events,0.0002635243
hyperliquid,xyz:SKHX,2026-06-25 00:00:00.020000+00:00,0.000193545,1.0,,,POST /info fundingHistory,2026-07-23T07:14:14.942939+00:00,data/raw/hyperliquid/560d34135fab4fdbe71d344adba8a8638cb41338a57089459aa1b82f4c973995.json,official_hourly_events,0.000193545
hyperliquid,xyz:SKHX,2026-06-25 01:00:00.006000+00:00,0.0002600453,1.0,,,POST /info fundingHistory,2026-07-23T07:14:14.943008+00:00,data/raw/hyperliquid/560d34135fab4fdbe71d344adba8a8638cb41338a57089459aa1b82f4c973995.json,official_hourly_events,0.0002600453
hyperliquid,xyz:SKHX,2026-06-25 02:00:00.035000+00:00,0.0002419222,1.0,,,POST /info fundingHistory,2026-07-23T07:14:14.943077+00:00,data/raw/hyperliquid/560d34135fab4fdbe71d344adba8a8638cb41338a57089459aa1b82f4c973995.json,official_hourly_events,0.0002419222
hyperliquid,xyz:SKHX,2026-06-25 03:00:00.010000+00:00,8.44149e-05,1.0,,,POST /info fundingHistory,2026-07-23T07:14:14.943144+00:00,data/raw/hyperliquid/560d34135fab4fdbe71d344adba8a8638cb41338a57089459aa1b82f4c973995.json,official_hourly_events,8.44149e-05
hyperliquid,xyz:SKHX,2026-06-25 04:00:00.019000+00:00,5.47239e-05,1.0,,,POST /info fundingHistory,2026-07-23T07:14:14.943212+00:00,data/raw/hyperliquid/560d34135fab4fdbe71d344adba8a8638cb41338a57089459aa1b82f4c973995.json,official_hourly_events,5.47239e-05
hyperliquid,xyz:SKHX,2026-06-25 05:00:00.009000+00:00,8.5836e-06,1.0,,,POST /info fundingHistory,2026-07-23T07:14:14.943281+00:00,data/raw/hyperliquid/560d34135fab4fdbe71d344adba8a8638cb41338a57089459aa1b82f4c973995.json,official_hourly_events,8.5836e-06
hyperliquid,xyz:SKHX,2026-06-25 06:00:00.044000+00:00,6.25e-06,1.0,,,POST /info fundingHistory,2026-07-23T07:14:14.943347+00:00,data/raw/hyperliquid/560d34135fab4fdbe71d344adba8a8638cb41338a57089459aa1b82f4c973995.json,official_hourly_events,6.25e-06
hyperliquid,xyz:SKHX,2026-06-25 07:00:00.021000+00:00,-0.0002290932,1.0,,,POST /info fundingHistory,2026-07-23T07:14:14.943415+00:00,data/raw/hyperliquid/560d34135fab4fdbe71d344adba8a8638cb41338a57089459aa1b82f4c973995.json,official_hourly_events,-0.0002290932
hyperliquid,xyz:SKHX,2026-06-25 08:00:00.066000+00:00,0.0001055964,1.0,,,POST /info fundingHistory,2026-07-23T07:14:14.943481+00:00,data/raw/hyperliquid/560d34135fab4fdbe71d344adba8a8638cb41338a57089459aa1b82f4c973995.json,official_hourly_events,0.0001055964
hyperliquid,xyz:SKHX,2026-06-25 09:00:00.009000+00:00,-5.10881e-05,1.0,,,POST /info fundingHistory,2026-07-23T07:14:14.943592+00:00,data/raw/hyperliquid/560d34135fab4fdbe71d344adba8a8638cb41338a57089459aa1b82f4c973995.json,official_hourly_events,-5.10881e-05
hyperliquid,xyz:SKHX,2026-06-25 10:00:00.040000+00:00,1.2202e-05,1.0,,,POST /info fundingHistory,2026-07-23T07:14:14.943665+00:00,data/raw/hyperliquid/560d34135fab4fdbe71d344adba8a8638cb41338a57089459aa1b82f4c973995.json,official_hourly_events,1.2202e-05
hyperliquid,xyz:SKHX,2026-06-25 11:00:00.059000+00:00,6.25e-06,1.0,,,POST /info fundingHistory,2026-07-23T07:14:14.943876+00:00,data/raw/hyperliquid/560d34135fab4fdbe71d344adba8a8638cb41338a57089459aa1b82f4c973995.json,official_hourly_events,6.25e-06
hyperliquid,xyz:SKHX,2026-06-25 12:00:00.013000+00:00,-4.03686e-05,1.0,,,POST /info fundingHistory,2026-07-23T07:14:14.943969+00:00,data/raw/hyperliquid/560d34135fab4fdbe71d344adba8a8638cb41338a57089459aa1b82f4c973995.json,official_hourly_events,-4.03686e-05
hyperliquid,xyz:SKHX,2026-06-25 13:00:00.054000+00:00,0.0001022467,1.0,,,POST /info fundingHistory,2026-07-23T07:14:14.944045+00:00,data/raw/hyperliquid/560d34135fab4fdbe71d344adba8a8638cb41338a57089459aa1b82f4c973995.json,official_hourly_events,0.0001022467
hyperliquid,xyz:SKHX,2026-06-25 14:00:00.004000+00:00,-0.0002977139,1.0,,,POST /info fundingHistory,2026-07-23T07:14:14.944115+00:00,data/raw/hyperliquid/560d34135fab4fdbe71d344adba8a8638cb41338a57089459aa1b82f4c973995.json,official_hourly_events,-0.0002977139
hyperliquid,xyz:SKHX,2026-06-25 15:00:00.031000+00:00,-0.0004636595,1.0,,,POST /info fundingHistory,2026-07-23T07:14:14.944184+00:00,data/raw/hyperliquid/560d34135fab4fdbe71d344adba8a8638cb41338a57089459aa1b82f4c973995.json,official_hourly_events,-0.0004636595
hyperliquid,xyz:SKHX,2026-06-25 16:00:00.049000+00:00,0.0001875836,1.0,,,POST /info fundingHistory,2026-07-23T07:14:14.944253+00:00,data/raw/hyperliquid/560d34135fab4fdbe71d344adba8a8638cb41338a57089459aa1b82f4c973995.json,official_hourly_events,0.0001875836
hyperliquid,xyz:SKHX,2026-06-25 17:00:00.028000+00:00,0.0001657328,1.0,,,POST /info fundingHistory,2026-07-23T07:14:14.944320+00:00,data/raw/hyperliquid/560d34135fab4fdbe71d344adba8a8638cb41338a57089459aa1b82f4c973995.json,official_hourly_events,0.0001657328
hyperliquid,xyz:SKHX,2026-06-25 18:00:00.008000+00:00,0.000129467,1.0,,,POST /info fundingHistory,2026-07-23T07:14:14.944386+00:00,data/raw/hyperliquid/560d34135fab4fdbe71d344adba8a8638cb41338a57089459aa1b82f4c973995.json,official_hourly_events,0.000129467
hyperliquid,xyz:SKHX,2026-06-25 19:00:00.054000+00:00,1.10975e-05,1.0,,,POST /info fundingHistory,2026-07-23T07:14:14.944452+00:00,data/raw/hyperliquid/560d34135fab4fdbe71d344adba8a8638cb41338a57089459aa1b82f4c973995.json,official_hourly_events,1.10975e-05
hyperliquid,xyz:SKHX,2026-06-25 20:00:00.025000+00:00,-0.0001611013,1.0,,,POST /info fundingHistory,2026-07-23T07:14:14.944518+00:00,data/raw/hyperliquid/560d34135fab4fdbe71d344adba8a8638cb41338a57089459aa1b82f4c973995.json,official_hourly_events,-0.0001611013
hyperliquid,xyz:SKHX,2026-06-25 21:00:00.001000+00:00,5.56317e-05,1.0,,,POST /info fundingHistory,2026-07-23T07:14:14.944583+00:00,data/raw/hyperliquid/560d34135fab4fdbe71d344adba8a8638cb41338a57089459aa1b82f4c973995.json,official_hourly_events,5.56317e-05
hyperliquid,xyz:SKHX,2026-06-25 22:00:00.049000+00:00,-1.45832e-05,1.0,,,POST /info fundingHistory,2026-07-23T07:14:14.944649+00:00,data/raw/hyperliquid/560d34135fab4fdbe71d344adba8a8638cb41338a57089459aa1b82f4c973995.json,official_hourly_events,-1.45832e-05
hyperliquid,xyz:SKHX,2026-06-25 23:00:00.053000+00:00,-0.0003012066,1.0,,,POST /info fundingHistory,2026-07-23T07:14:14.944718+00:00,data/raw/hyperliquid/560d34135fab4fdbe71d344adba8a8638cb41338a57089459aa1b82f4c973995.json,official_hourly_events,-0.0003012066
hyperliquid,xyz:SKHX,2026-06-26 00:00:00.043000+00:00,8.48794e-05,1.0,,,POST /info fundingHistory,2026-07-23T07:14:14.944785+00:00,data/raw/hyperliquid/560d34135fab4fdbe71d344adba8a8638cb41338a57089459aa1b82f4c973995.json,official_hourly_events,8.48794e-05
hyperliquid,xyz:SKHX,2026-06-26 01:00:00.034000+00:00,0.0001925086,1.0,,,POST /info fundingHistory,2026-07-23T07:14:14.945011+00:00,data/raw/hyperliquid/560d34135fab4fdbe71d344adba8a8638cb41338a57089459aa1b82f4c973995.json,official_hourly_events,0.0001925086
hyperliquid,xyz:SKHX,2026-06-26 02:00:00.084000+00:00,0.0002297877,1.0,,,POST /info fundingHistory,2026-07-23T07:14:14.945111+00:00,data/raw/hyperliquid/560d34135fab4fdbe71d344adba8a8638cb41338a57089459aa1b82f4c973995.json,official_hourly_events,0.0002297877
hyperliquid,xyz:SKHX,2026-06-26 03:00:00.008000+00:00,0.0002790935,1.0,,,POST /info fundingHistory,2026-07-23T07:14:14.945186+00:00,data/raw/hyperliquid/560d34135fab4fdbe71d344adba8a8638cb41338a57089459aa1b82f4c973995.json,official_hourly_events,0.0002790935
hyperliquid,xyz:SKHX,2026-06-26 04:00:00.013000+00:00,0.000536091,1.0,,,POST /info fundingHistory,2026-07-23T07:14:14.945258+00:00,data/raw/hyperliquid/560d34135fab4fdbe71d344adba8a8638cb41338a57089459aa1b82f4c973995.json,official_hourly_events,0.000536091
hyperliquid,xyz:SKHX,2026-06-26 05:00:00.010000+00:00,0.0003348377,1.0,,,POST /info fundingHistory,2026-07-23T07:14:14.945326+00:00,data/raw/hyperliquid/560d34135fab4fdbe71d344adba8a8638cb41338a57089459aa1b82f4c973995.json,official_hourly_events,0.0003348377
hyperliquid,xyz:SKHX,2026-06-26 06:00:00.030000+00:00,0.0001959175,1.0,,,POST /info fundingHistory,2026-07-23T07:14:14.945393+00:00,data/raw/hyperliquid/560d34135fab4fdbe71d344adba8a8638cb41338a57089459aa1b82f4c973995.json,official_hourly_events,0.0001959175
hyperliquid,xyz:SKHX,2026-06-26 07:00:00.029000+00:00,0.0001328754,1.0,,,POST /info fundingHistory,2026-07-23T07:14:14.945459+00:00,data/raw/hyperliquid/560d34135fab4fdbe71d344adba8a8638cb41338a57089459aa1b82f4c973995.json,official_hourly_events,0.0001328754
hyperliquid,xyz:SKHX,2026-06-26 08:00:00.070000+00:00,-4.151e-07,1.0,,,POST /info fundingHistory,2026-07-23T07:14:14.945526+00:00,data/raw/hyperliquid/560d34135fab4fdbe71d344adba8a8638cb41338a57089459aa1b82f4c973995.json,official_hourly_events,-4.151e-07
hyperliquid,xyz:SKHX,2026-06-26 09:00:00.001000+00:00,8.81812e-05,1.0,,,POST /info fundingHistory,2026-07-23T07:14:14.945592+00:00,data/raw/hyperliquid/560d34135fab4fdbe71d344adba8a8638cb41338a57089459aa1b82f4c973995.json,official_hourly_events,8.81812e-05
hyperliquid,xyz:SKHX,2026-06-26 10:00:00.009000+00:00,6.25e-06,1.0,,,POST /info fundingHistory,2026-07-23T07:14:14.945660+00:00,data/raw/hyperliquid/560d34135fab4fdbe71d344adba8a8638cb41338a57089459aa1b82f4c973995.json,official_hourly_events,6.25e-06
hyperliquid,xyz:SKHX,2026-06-26 11:00:00.032000+00:00,0.0001251272,1.0,,,POST /info fundingHistory,2026-07-23T07:14:14.945726+00:00,data/raw/hyperliquid/560d34135fab4fdbe71d344adba8a8638cb41338a57089459aa1b82f4c973995.json,official_hourly_events,0.0001251272
hyperliquid,xyz:SKHX,2026-06-26 12:00:00.076000+00:00,6.10459e-05,1.0,,,POST /info fundingHistory,2026-07-23T07:14:14.945820+00:00,data/raw/hyperliquid/560d34135fab4fdbe71d344adba8a8638cb41338a57089459aa1b82f4c973995.json,official_hourly_events,6.10459e-05
hyperliquid,xyz:SKHX,2026-06-26 13:00:00.058000+00:00,-0.0002841128,1.0,,,POST /info fundingHistory,2026-07-23T07:14:14.945906+00:00,data/raw/hyperliquid/560d34135fab4fdbe71d344adba8a8638cb41338a57089459aa1b82f4c973995.json,official_hourly_events,-0.0002841128
hyperliquid,xyz:SKHX,2026-06-26 14:00:00.025000+00:00,-0.000182956,1.0,,,POST /info fundingHistory,2026-07-23T07:14:14.945981+00:00,data/raw/hyperliquid/560d34135fab4fdbe71d344adba8a8638cb41338a57089459aa1b82f4c973995.json,official_hourly_events,-0.000182956
hyperliquid,xyz:SKHX,2026-06-26 15:00:00.036000+00:00,0.000532471,1.0,,,POST /info fundingHistory,2026-07-23T07:14:14.946052+00:00,data/raw/hyperliquid/560d34135fab4fdbe71d344adba8a8638cb41338a57089459aa1b82f4c973995.json,official_hourly_events,0.000532471
hyperliquid,xyz:SKHX,2026-06-26 16:00:00.035000+00:00,3.84846e-05,1.0,,,POST /info fundingHistory,2026-07-23T07:14:14.946120+00:00,data/raw/hyperliquid/560d34135fab4fdbe71d344adba8a8638cb41338a57089459aa1b82f4c973995.json,official_hourly_events,3.84846e-05
hyperliquid,xyz:SKHX,2026-06-26 17:00:00.027000+00:00,0.0002128971,1.0,,,POST /info fundingHistory,2026-07-23T07:14:14.946188+00:00,data/raw/hyperliquid/560d34135fab4fdbe71d344adba8a8638cb41338a57089459aa1b82f4c973995.json,official_hourly_events,0.0002128971
hyperliquid,xyz:SKHX,2026-06-26 18:00:00.042000+00:00,-2.64961e-05,1.0,,,POST /info fundingHistory,2026-07-23T07:14:14.946256+00:00,data/raw/hyperliquid/560d34135fab4fdbe71d344adba8a8638cb41338a57089459aa1b82f4c973995.json,official_hourly_events,-2.64961e-05
hyperliquid,xyz:SKHX,2026-06-26 19:00:00.058000+00:00,-0.0002819543,1.0,,,POST /info fundingHistory,2026-07-23T07:14:14.946322+00:00,data/raw/hyperliquid/560d34135fab4fdbe71d344adba8a8638cb41338a57089459aa1b82f4c973995.json,official_hourly_events,-0.0002819543
hyperliquid,xyz:SKHX,2026-06-26 20:00:00.001000+00:00,-7.27618e-05,1.0,,,POST /info fundingHistory,2026-07-23T07:14:14.946387+00:00,data/raw/hyperliquid/560d34135fab4fdbe71d344adba8a8638cb41338a57089459aa1b82f4c973995.json,official_hourly_events,-7.27618e-05
hyperliquid,xyz:SKHX,2026-06-26 21:00:00.081000+00:00,-6.44111e-05,1.0,,,POST /info fundingHistory,2026-07-23T07:14:14.946453+00:00,data/raw/hyperliquid/560d34135fab4fdbe71d344adba8a8638cb41338a57089459aa1b82f4c973995.json,official_hourly_events,-6.44111e-05
hyperliquid,xyz:SKHX,2026-06-26 22:00:00.052000+00:00,-9.84903e-05,1.0,,,POST /info fundingHistory,2026-07-23T07:14:14.946518+00:00,data/raw/hyperliquid/560d34135fab4fdbe71d344adba8a8638cb41338a57089459aa1b82f4c973995.json,official_hourly_events,-9.84903e-05
hyperliquid,xyz:SKHX,2026-06-26 23:00:00.072000+00:00,3.5292e-05,1.0,,,POST /info fundingHistory,2026-07-23T07:14:14.946586+00:00,data/raw/hyperliquid/560d34135fab4fdbe71d344adba8a8638cb41338a57089459aa1b82f4c973995.json,official_hourly_events,3.5292e-05
hyperliquid,xyz:SKHX,2026-06-27 00:00:00.047000+00:00,0.0001747603,1.0,,,POST /info fundingHistory,2026-07-23T07:14:14.946652+00:00,data/raw/hyperliquid/560d34135fab4fdbe71d344adba8a8638cb41338a57089459aa1b82f4c973995.json,official_hourly_events,0.0001747603
hyperliquid,xyz:SKHX,2026-06-27 01:00:00.061000+00:00,-7.11835e-05,1.0,,,POST /info fundingHistory,2026-07-23T07:14:14.946717+00:00,data/raw/hyperliquid/560d34135fab4fdbe71d344adba8a8638cb41338a57089459aa1b82f4c973995.json,official_hourly_events,-7.11835e-05
hyperliquid,xyz:SKHX,2026-06-27 02:00:00.033000+00:00,4.73073e-05,1.0,,,POST /info fundingHistory,2026-07-23T07:14:14.946783+00:00,data/raw/hyperliquid/560d34135fab4fdbe71d344adba8a8638cb41338a57089459aa1b82f4c973995.json,official_hourly_events,4.73073e-05
hyperliquid,xyz:SKHX,2026-06-27 03:00:00.064000+00:00,5.5699e-06,1.0,,,POST /info fundingHistory,2026-07-23T07:14:14.946880+00:00,data/raw/hyperliquid/560d34135fab4fdbe71d344adba8a8638cb41338a57089459aa1b82f4c973995.json,official_hourly_events,5.5699e-06
hyperliquid,xyz:SKHX,2026-06-27 04:00:00.005000+00:00,6.25e-06,1.0,,,POST /info fundingHistory,2026-07-23T07:14:14.946954+00:00,data/raw/hyperliquid/560d34135fab4fdbe71d344adba8a8638cb41338a57089459aa1b82f4c973995.json,official_hourly_events,6.25e-06
hyperliquid,xyz:SKHX,2026-06-27 05:00:00.052000+00:00,2.89343e-05,1.0,,,POST /info fundingHistory,2026-07-23T07:14:14.947023+00:00,data/raw/hyperliquid/560d34135fab4fdbe71d344adba8a8638cb41338a57089459aa1b82f4c973995.json,official_hourly_events,2.89343e-05
hyperliquid,xyz:SKHX,2026-06-27 06:00:00.003000+00:00,6.25e-06,1.0,,,POST /info fundingHistory,2026-07-23T07:14:14.947090+00:00,data/raw/hyperliquid/560d34135fab4fdbe71d344adba8a8638cb41338a57089459aa1b82f4c973995.json,official_hourly_events,6.25e-06
hyperliquid,xyz:SKHX,2026-06-27 07:00:00.022000+00:00,6.25e-06,1.0,,,POST /info fundingHistory,2026-07-23T07:14:14.947156+00:00,data/raw/hyperliquid/560d34135fab4fdbe71d344adba8a8638cb41338a57089459aa1b82f4c973995.json,official_hourly_events,6.25e-06
hyperliquid,xyz:SKHX,2026-06-27 08:00:00.062000+00:00,6.25e-06,1.0,,,POST /info fundingHistory,2026-07-23T07:14:14.947223+00:00,data/raw/hyperliquid/560d34135fab4fdbe71d344adba8a8638cb41338a57089459aa1b82f4c973995.json,official_hourly_events,6.25e-06
hyperliquid,xyz:SKHX,2026-06-27 09:00:00.001000+00:00,6.25e-06,1.0,,,POST /info fundingHistory,2026-07-23T07:14:14.947288+00:00,data/raw/hyperliquid/560d34135fab4fdbe71d344adba8a8638cb41338a57089459aa1b82f4c973995.json,official_hourly_events,6.25e-06
hyperliquid,xyz:SKHX,2026-06-27 10:00:00.064000+00:00,6.25e-06,1.0,,,POST /info fundingHistory,2026-07-23T07:14:14.947354+00:00,data/raw/hyperliquid/560d34135fab4fdbe71d344adba8a8638cb41338a57089459aa1b82f4c973995.json,official_hourly_events,6.25e-06
hyperliquid,xyz:SKHX,2026-06-27 11:00:00.032000+00:00,6.25e-06,1.0,,,POST /info fundingHistory,2026-07-23T07:14:14.947418+00:00,data/raw/hyperliquid/560d34135fab4fdbe71d344adba8a8638cb41338a57089459aa1b82f4c973995.json,official_hourly_events,6.25e-06
hyperliquid,xyz:SKHX,2026-06-27 12:00:00.003000+00:00,6.25e-06,1.0,,,POST /info fundingHistory,2026-07-23T07:14:14.947514+00:00,data/raw/hyperliquid/560d34135fab4fdbe71d344adba8a8638cb41338a57089459aa1b82f4c973995.json,official_hourly_events,6.25e-06
hyperliquid,xyz:SKHX,2026-06-27 13:00:00.057000+00:00,1.96255e-05,1.0,,,POST /info fundingHistory,2026-07-23T07:14:14.947595+00:00,data/raw/hyperliquid/560d34135fab4fdbe71d344adba8a8638cb41338a57089459aa1b82f4c973995.json,official_hourly_events,1.96255e-05
hyperliquid,xyz:SKHX,2026-06-27 14:00:00.038000+00:00,8.14534e-05,1.0,,,POST /info fundingHistory,2026-07-23T07:14:14.947666+00:00,data/raw/hyperliquid/560d34135fab4fdbe71d344adba8a8638cb41338a57089459aa1b82f4c973995.json,official_hourly_events,8.14534e-05
hyperliquid,xyz:SKHX,2026-06-27 15:00:00.065000+00:00,-4.81889e-05,1.0,,,POST /info fundingHistory,2026-07-23T07:14:14.947734+00:00,data/raw/hyperliquid/560d34135fab4fdbe71d344adba8a8638cb41338a57089459aa1b82f4c973995.json,official_hourly_events,-4.81889e-05
hyperliquid,xyz:SKHX,2026-06-27 16:00:00.043000+00:00,6.25e-06,1.0,,,POST /info fundingHistory,2026-07-23T07:14:14.947824+00:00,data/raw/hyperliquid/560d34135fab4fdbe71d344adba8a8638cb41338a57089459aa1b82f4c973995.json,official_hourly_events,6.25e-06
hyperliquid,xyz:SKHX,2026-06-27 17:00:00.058000+00:00,-2.86933e-05,1.0,,,POST /info fundingHistory,2026-07-23T07:14:14.947929+00:00,data/raw/hyperliquid/560d34135fab4fdbe71d344adba8a8638cb41338a57089459aa1b82f4c973995.json,official_hourly_events,-2.86933e-05
hyperliquid,xyz:SKHX,2026-06-27 18:00:00.108000+00:00,-3.61413e-05,1.0,,,POST /info fundingHistory,2026-07-23T07:14:14.948006+00:00,data/raw/hyperliquid/560d34135fab4fdbe71d344adba8a8638cb41338a57089459aa1b82f4c973995.json,official_hourly_events,-3.61413e-05
hyperliquid,xyz:SKHX,2026-06-27 19:00:00.053000+00:00,6.19378e-05,1.0,,,POST /info fundingHistory,2026-07-23T07:14:14.948114+00:00,data/raw/hyperliquid/560d34135fab4fdbe71d344adba8a8638cb41338a57089459aa1b82f4c973995.json,official_hourly_events,6.19378e-05
hyperliquid,xyz:SKHX,2026-06-27 20:00:00.044000+00:00,6.25e-06,1.0,,,POST /info fundingHistory,2026-07-23T07:14:14.948185+00:00,data/raw/hyperliquid/560d34135fab4fdbe71d344adba8a8638cb41338a57089459aa1b82f4c973995.json,official_hourly_events,6.25e-06
hyperliquid,xyz:SKHX,2026-06-27 21:00:00.058000+00:00,6.62614e-05,1.0,,,POST /info fundingHistory,2026-07-23T07:14:14.948252+00:00,data/raw/hyperliquid/560d34135fab4fdbe71d344adba8a8638cb41338a57089459aa1b82f4c973995.json,official_hourly_events,6.62614e-05
hyperliquid,xyz:SKHX,2026-06-27 22:00:00.021000+00:00,-1.75144e-05,1.0,,,POST /info fundingHistory,2026-07-23T07:14:14.948319+00:00,data/raw/hyperliquid/560d34135fab4fdbe71d344adba8a8638cb41338a57089459aa1b82f4c973995.json,official_hourly_events,-1.75144e-05
hyperliquid,xyz:SKHX,2026-06-27 23:00:00.040000+00:00,-9.80776e-05,1.0,,,POST /info fundingHistory,2026-07-23T07:14:14.948386+00:00,data/raw/hyperliquid/560d34135fab4fdbe71d344adba8a8638cb41338a57089459aa1b82f4c973995.json,official_hourly_events,-9.80776e-05
hyperliquid,xyz:SKHX,2026-06-28 00:00:00.067000+00:00,-2.70337e-05,1.0,,,POST /info fundingHistory,2026-07-23T07:14:14.948451+00:00,data/raw/hyperliquid/560d34135fab4fdbe71d344adba8a8638cb41338a57089459aa1b82f4c973995.json,official_hourly_events,-2.70337e-05
hyperliquid,xyz:SKHX,2026-06-28 01:00:00.011000+00:00,-3.78937e-05,1.0,,,POST /info fundingHistory,2026-07-23T07:14:14.948516+00:00,data/raw/hyperliquid/560d34135fab4fdbe71d344adba8a8638cb41338a57089459aa1b82f4c973995.json,official_hourly_events,-3.78937e-05
hyperliquid,xyz:SKHX,2026-06-28 02:00:00.060000+00:00,-0.000132776,1.0,,,POST /info fundingHistory,2026-07-23T07:14:14.948581+00:00,data/raw/hyperliquid/560d34135fab4fdbe71d344adba8a8638cb41338a57089459aa1b82f4c973995.json,official_hourly_events,-0.000132776
hyperliquid,xyz:SKHX,2026-06-28 03:00:00.023000+00:00,-2.8191e-05,1.0,,,POST /info fundingHistory,2026-07-23T07:14:14.948646+00:00,data/raw/hyperliquid/560d34135fab4fdbe71d344adba8a8638cb41338a57089459aa1b82f4c973995.json,official_hourly_events,-2.8191e-05
hyperliquid,xyz:SKHX,2026-06-28 04:00:00.024000+00:00,2.45474e-05,1.0,,,POST /info fundingHistory,2026-07-23T07:14:14.948712+00:00,data/raw/hyperliquid/560d34135fab4fdbe71d344adba8a8638cb41338a57089459aa1b82f4c973995.json,official_hourly_events,2.45474e-05
hyperliquid,xyz:SKHX,2026-06-28 05:00:00.062000+00:00,2.70059e-05,1.0,,,POST /info fundingHistory,2026-07-23T07:14:14.948777+00:00,data/raw/hyperliquid/560d34135fab4fdbe71d344adba8a8638cb41338a57089459aa1b82f4c973995.json,official_hourly_events,2.70059e-05
hyperliquid,xyz:SKHX,2026-06-28 06:00:00.048000+00:00,-7.67123e-05,1.0,,,POST /info fundingHistory,2026-07-23T07:14:14.948878+00:00,data/raw/hyperliquid/560d34135fab4fdbe71d344adba8a8638cb41338a57089459aa1b82f4c973995.json,official_hourly_events,-7.67123e-05
hyperliquid,xyz:SKHX,2026-06-28 07:00:00.131000+00:00,6.25e-06,1.0,,,POST /info fundingHistory,2026-07-23T07:14:14.948954+00:00,data/raw/hyperliquid/560d34135fab4fdbe71d344adba8a8638cb41338a57089459aa1b82f4c973995.json,official_hourly_events,6.25e-06
hyperliquid,xyz:SKHX,2026-06-28 08:00:00.007000+00:00,0.0001884643,1.0,,,POST /info fundingHistory,2026-07-23T07:14:14.949025+00:00,data/raw/hyperliquid/560d34135fab4fdbe71d344adba8a8638cb41338a57089459aa1b82f4c973995.json,official_hourly_events,0.0001884643
hyperliquid,xyz:SKHX,2026-06-28 09:00:00.030000+00:00,0.000154652,1.0,,,POST /info fundingHistory,2026-07-23T07:14:14.949093+00:00,data/raw/hyperliquid/560d34135fab4fdbe71d344adba8a8638cb41338a57089459aa1b82f4c973995.json,official_hourly_events,0.000154652
hyperliquid,xyz:SKHX,2026-06-28 10:00:00.008000+00:00,0.0002157582,1.0,,,POST /info fundingHistory,2026-07-23T07:14:14.949161+00:00,data/raw/hyperliquid/560d34135fab4fdbe71d344adba8a8638cb41338a57089459aa1b82f4c973995.json,official_hourly_events,0.0002157582
hyperliquid,xyz:SKHX,2026-06-28 11:00:00.056000+00:00,-1.96348e-05,1.0,,,POST /info fundingHistory,2026-07-23T07:14:14.949226+00:00,data/raw/hyperliquid/560d34135fab4fdbe71d344adba8a8638cb41338a57089459aa1b82f4c973995.json,official_hourly_events,-1.96348e-05
hyperliquid,xyz:SKHX,2026-06-28 12:00:00+00:00,0.0001605505,1.0,,,POST /info fundingHistory,2026-07-23T07:14:14.949293+00:00,data/raw/hyperliquid/560d34135fab4fdbe71d344adba8a8638cb41338a57089459aa1b82f4c973995.json,official_hourly_events,0.0001605505
hyperliquid,xyz:SKHX,2026-06-28 13:00:00.035000+00:00,9.7083e-06,1.0,,,POST /info fundingHistory,2026-07-23T07:14:14.949360+00:00,data/raw/hyperliquid/560d34135fab4fdbe71d344adba8a8638cb41338a57089459aa1b82f4c973995.json,official_hourly_events,9.7083e-06
hyperliquid,xyz:SKHX,2026-06-28 14:00:00.057000+00:00,3.77806e-05,1.0,,,POST /info fundingHistory,2026-07-23T07:14:14.949425+00:00,data/raw/hyperliquid/560d34135fab4fdbe71d344adba8a8638cb41338a57089459aa1b82f4c973995.json,official_hourly_events,3.77806e-05
hyperliquid,xyz:SKHX,2026-06-28 15:00:00.011000+00:00,8.76684e-05,1.0,,,POST /info fundingHistory,2026-07-23T07:14:14.949490+00:00,data/raw/hyperliquid/560d34135fab4fdbe71d344adba8a8638cb41338a57089459aa1b82f4c973995.json,official_hourly_events,8.76684e-05
hyperliquid,xyz:SKHX,2026-06-28 16:00:00.009000+00:00,6.25e-06,1.0,,,POST /info fundingHistory,2026-07-23T07:14:14.949556+00:00,data/raw/hyperliquid/560d34135fab4fdbe71d344adba8a8638cb41338a57089459aa1b82f4c973995.json,official_hourly_events,6.25e-06
hyperliquid,xyz:SKHX,2026-06-28 17:00:00.008000+00:00,1.65745e-05,1.0,,,POST /info fundingHistory,2026-07-23T07:14:14.949619+00:00,data/raw/hyperliquid/560d34135fab4fdbe71d344adba8a8638cb41338a57089459aa1b82f4c973995.json,official_hourly_events,1.65745e-05
hyperliquid,xyz:SKHX,2026-06-28 18:00:00.035000+00:00,-0.0001173602,1.0,,,POST /info fundingHistory,2026-07-23T07:14:14.949685+00:00,data/raw/hyperliquid/560d34135fab4fdbe71d344adba8a8638cb41338a57089459aa1b82f4c973995.json,official_hourly_events,-0.0001173602
hyperliquid,xyz:SKHX,2026-06-28 19:00:00.062000+00:00,6.25e-06,1.0,,,POST /info fundingHistory,2026-07-23T07:14:14.949753+00:00,data/raw/hyperliquid/560d34135fab4fdbe71d344adba8a8638cb41338a57089459aa1b82f4c973995.json,official_hourly_events,6.25e-06
hyperliquid,xyz:SKHX,2026-06-28 20:00:00.011000+00:00,5.79573e-05,1.0,,,POST /info fundingHistory,2026-07-23T07:14:14.949850+00:00,data/raw/hyperliquid/560d34135fab4fdbe71d344adba8a8638cb41338a57089459aa1b82f4c973995.json,official_hourly_events,5.79573e-05
hyperliquid,xyz:SKHX,2026-06-28 21:00:00.003000+00:00,7.72534e-05,1.0,,,POST /info fundingHistory,2026-07-23T07:14:14.949927+00:00,data/raw/hyperliquid/560d34135fab4fdbe71d344adba8a8638cb41338a57089459aa1b82f4c973995.json,official_hourly_events,7.72534e-05
hyperliquid,xyz:SKHX,2026-06-28 22:00:00.039000+00:00,-5.00746e-05,1.0,,,POST /info fundingHistory,2026-07-23T07:14:14.949995+00:00,data/raw/hyperliquid/560d34135fab4fdbe71d344adba8a8638cb41338a57089459aa1b82f4c973995.json,official_hourly_events,-5.00746e-05
hyperliquid,xyz:SKHX,2026-06-28 23:00:00.013000+00:00,6.4094e-06,1.0,,,POST /info fundingHistory,2026-07-23T07:14:14.950062+00:00,data/raw/hyperliquid/560d34135fab4fdbe71d344adba8a8638cb41338a57089459aa1b82f4c973995.json,official_hourly_events,6.4094e-06
hyperliquid,xyz:SKHX,2026-06-29 00:00:00.001000+00:00,0.000480551,1.0,,,POST /info fundingHistory,2026-07-23T07:14:14.950129+00:00,data/raw/hyperliquid/560d34135fab4fdbe71d344adba8a8638cb41338a57089459aa1b82f4c973995.json,official_hourly_events,0.000480551
hyperliquid,xyz:SKHX,2026-06-29 01:00:00.041000+00:00,0.0004028205,1.0,,,POST /info fundingHistory,2026-07-23T07:14:14.950196+00:00,data/raw/hyperliquid/560d34135fab4fdbe71d344adba8a8638cb41338a57089459aa1b82f4c973995.json,official_hourly_events,0.0004028205
hyperliquid,xyz:SKHX,2026-06-29 02:00:00.037000+00:00,0.0003374734,1.0,,,POST /info fundingHistory,2026-07-23T07:14:14.950264+00:00,data/raw/hyperliquid/560d34135fab4fdbe71d344adba8a8638cb41338a57089459aa1b82f4c973995.json,official_hourly_events,0.0003374734
hyperliquid,xyz:SKHX,2026-06-29 03:00:00.024000+00:00,0.0004328082,1.0,,,POST /info fundingHistory,2026-07-23T07:14:14.950329+00:00,data/raw/hyperliquid/560d34135fab4fdbe71d344adba8a8638cb41338a57089459aa1b82f4c973995.json,official_hourly_events,0.0004328082
hyperliquid,xyz:SKHX,2026-06-29 04:00:00.028000+00:00,0.0004723758,1.0,,,POST /info fundingHistory,2026-07-23T07:14:14.950394+00:00,data/raw/hyperliquid/560d34135fab4fdbe71d344adba8a8638cb41338a57089459aa1b82f4c973995.json,official_hourly_events,0.0004723758
hyperliquid,xyz:SKHX,2026-06-29 05:00:00.033000+00:00,0.0004197368,1.0,,,POST /info fundingHistory,2026-07-23T07:14:14.950460+00:00,data/raw/hyperliquid/560d34135fab4fdbe71d344adba8a8638cb41338a57089459aa1b82f4c973995.json,official_hourly_events,0.0004197368
hyperliquid,xyz:SKHX,2026-06-29 06:00:00.084000+00:00,0.0003093373,1.0,,,POST /info fundingHistory,2026-07-23T07:14:14.950525+00:00,data/raw/hyperliquid/560d34135fab4fdbe71d344adba8a8638cb41338a57089459aa1b82f4c973995.json,official_hourly_events,0.0003093373
hyperliquid,xyz:SKHX,2026-06-29 07:00:00.013000+00:00,0.0002333129,1.0,,,POST /info fundingHistory,2026-07-23T07:14:14.950593+00:00,data/raw/hyperliquid/560d34135fab4fdbe71d344adba8a8638cb41338a57089459aa1b82f4c973995.json,official_hourly_events,0.0002333129
hyperliquid,xyz:SKHX,2026-06-29 08:00:00.021000+00:00,0.0001711528,1.0,,,POST /info fundingHistory,2026-07-23T07:14:14.950658+00:00,data/raw/hyperliquid/560d34135fab4fdbe71d344adba8a8638cb41338a57089459aa1b82f4c973995.json,official_hourly_events,0.0001711528
hyperliquid,xyz:SKHX,2026-06-29 09:00:00.032000+00:00,0.0001878475,1.0,,,POST /info fundingHistory,2026-07-23T07:14:14.950724+00:00,data/raw/hyperliquid/560d34135fab4fdbe71d344adba8a8638cb41338a57089459aa1b82f4c973995.json,official_hourly_events,0.0001878475
hyperliquid,xyz:SKHX,2026-06-29 10:00:00.059000+00:00,0.0002383443,1.0,,,POST /info fundingHistory,2026-07-23T07:14:14.950790+00:00,data/raw/hyperliquid/560d34135fab4fdbe71d344adba8a8638cb41338a57089459aa1b82f4c973995.json,official_hourly_events,0.0002383443
hyperliquid,xyz:SKHX,2026-06-29 11:00:00.002000+00:00,0.0003733784,1.0,,,POST /info fundingHistory,2026-07-23T07:14:14.950900+00:00,data/raw/hyperliquid/560d34135fab4fdbe71d344adba8a8638cb41338a57089459aa1b82f4c973995.json,official_hourly_events,0.0003733784
hyperliquid,xyz:SKHX,2026-06-29 12:00:00.034000+00:00,1.46669e-05,1.0,,,POST /info fundingHistory,2026-07-23T07:14:14.950975+00:00,data/raw/hyperliquid/560d34135fab4fdbe71d344adba8a8638cb41338a57089459aa1b82f4c973995.json,official_hourly_events,1.46669e-05
hyperliquid,xyz:SKHX,2026-06-29 13:00:00.037000+00:00,9.2261e-06,1.0,,,POST /info fundingHistory,2026-07-23T07:14:14.951044+00:00,data/raw/hyperliquid/560d34135fab4fdbe71d344adba8a8638cb41338a57089459aa1b82f4c973995.json,official_hourly_events,9.2261e-06
hyperliquid,xyz:SKHX,2026-06-29 14:00:00.097000+00:00,-0.0002249519,1.0,,,POST /info fundingHistory,2026-07-23T07:14:14.951112+00:00,data/raw/hyperliquid/560d34135fab4fdbe71d344adba8a8638cb41338a57089459aa1b82f4c973995.json,official_hourly_events,-0.0002249519
hyperliquid,xyz:SKHX,2026-06-29 15:00:00.041000+00:00,-0.0005723487,1.0,,,POST /info fundingHistory,2026-07-23T07:14:14.951179+00:00,data/raw/hyperliquid/560d34135fab4fdbe71d344adba8a8638cb41338a57089459aa1b82f4c973995.json,official_hourly_events,-0.0005723487
hyperliquid,xyz:SKHX,2026-06-29 16:00:00.009000+00:00,9.86748e-05,1.0,,,POST /info fundingHistory,2026-07-23T07:14:14.951245+00:00,data/raw/hyperliquid/560d34135fab4fdbe71d344adba8a8638cb41338a57089459aa1b82f4c973995.json,official_hourly_events,9.86748e-05
hyperliquid,xyz:SKHX,2026-06-29 17:00:00.026000+00:00,0.0003379662,1.0,,,POST /info fundingHistory,2026-07-23T07:14:14.951312+00:00,data/raw/hyperliquid/560d34135fab4fdbe71d344adba8a8638cb41338a57089459aa1b82f4c973995.json,official_hourly_events,0.0003379662
hyperliquid,xyz:SKHX,2026-06-29 18:00:00.054000+00:00,0.0001337981,1.0,,,POST /info fundingHistory,2026-07-23T07:14:14.951376+00:00,data/raw/hyperliquid/560d34135fab4fdbe71d344adba8a8638cb41338a57089459aa1b82f4c973995.json,official_hourly_events,0.0001337981
hyperliquid,xyz:SKHX,2026-06-29 19:00:00.032000+00:00,0.0001771685,1.0,,,POST /info fundingHistory,2026-07-23T07:14:14.951440+00:00,data/raw/hyperliquid/560d34135fab4fdbe71d344adba8a8638cb41338a57089459aa1b82f4c973995.json,official_hourly_events,0.0001771685
hyperliquid,xyz:SKHX,2026-06-29 20:00:00.010000+00:00,0.0002245987,1.0,,,POST /info fundingHistory,2026-07-23T07:14:14.951547+00:00,data/raw/hyperliquid/560d34135fab4fdbe71d344adba8a8638cb41338a57089459aa1b82f4c973995.json,official_hourly_events,0.0002245987
hyperliquid,xyz:SKHX,2026-06-29 21:00:00.059000+00:00,9.02174e-05,1.0,,,POST /info fundingHistory,2026-07-23T07:14:14.951618+00:00,data/raw/hyperliquid/560d34135fab4fdbe71d344adba8a8638cb41338a57089459aa1b82f4c973995.json,official_hourly_events,9.02174e-05
hyperliquid,xyz:SKHX,2026-06-29 22:00:00.020000+00:00,-0.0001812604,1.0,,,POST /info fundingHistory,2026-07-23T07:14:14.951685+00:00,data/raw/hyperliquid/560d34135fab4fdbe71d344adba8a8638cb41338a57089459aa1b82f4c973995.json,official_hourly_events,-0.0001812604
hyperliquid,xyz:SKHX,2026-06-29 23:00:00.049000+00:00,0.0001880049,1.0,,,POST /info fundingHistory,2026-07-23T07:14:14.951750+00:00,data/raw/hyperliquid/560d34135fab4fdbe71d344adba8a8638cb41338a57089459aa1b82f4c973995.json,official_hourly_events,0.0001880049
hyperliquid,xyz:SKHX,2026-06-30 00:00:00.028000+00:00,0.0002884372,1.0,,,POST /info fundingHistory,2026-07-23T07:14:14.951842+00:00,data/raw/hyperliquid/560d34135fab4fdbe71d344adba8a8638cb41338a57089459aa1b82f4c973995.json,official_hourly_events,0.0002884372
hyperliquid,xyz:SKHX,2026-06-30 01:00:00.022000+00:00,0.0002901927,1.0,,,POST /info fundingHistory,2026-07-23T07:14:14.951918+00:00,data/raw/hyperliquid/560d34135fab4fdbe71d344adba8a8638cb41338a57089459aa1b82f4c973995.json,official_hourly_events,0.0002901927
hyperliquid,xyz:SKHX,2026-06-30 02:00:00.047000+00:00,0.0002964267,1.0,,,POST /info fundingHistory,2026-07-23T07:14:14.951988+00:00,data/raw/hyperliquid/560d34135fab4fdbe71d344adba8a8638cb41338a57089459aa1b82f4c973995.json,official_hourly_events,0.0002964267
hyperliquid,xyz:SKHX,2026-06-30 03:00:00.041000+00:00,0.0002454559,1.0,,,POST /info fundingHistory,2026-07-23T07:14:14.952056+00:00,data/raw/hyperliquid/560d34135fab4fdbe71d344adba8a8638cb41338a57089459aa1b82f4c973995.json,official_hourly_events,0.0002454559
hyperliquid,xyz:SKHX,2026-06-30 04:00:00.028000+00:00,0.0002245416,1.0,,,POST /info fundingHistory,2026-07-23T07:14:14.952124+00:00,data/raw/hyperliquid/560d34135fab4fdbe71d344adba8a8638cb41338a57089459aa1b82f4c973995.json,official_hourly_events,0.0002245416
hyperliquid,xyz:SKHX,2026-06-30 05:00:00.052000+00:00,0.0001547325,1.0,,,POST /info fundingHistory,2026-07-23T07:14:14.952191+00:00,data/raw/hyperliquid/560d34135fab4fdbe71d344adba8a8638cb41338a57089459aa1b82f4c973995.json,official_hourly_events,0.0001547325
hyperliquid,xyz:SKHX,2026-06-30 06:00:00.065000+00:00,0.0001570515,1.0,,,POST /info fundingHistory,2026-07-23T07:14:14.952257+00:00,data/raw/hyperliquid/560d34135fab4fdbe71d344adba8a8638cb41338a57089459aa1b82f4c973995.json,official_hourly_events,0.0001570515
hyperliquid,xyz:SKHX,2026-06-30 07:00:00.042000+00:00,6.25e-06,1.0,,,POST /info fundingHistory,2026-07-23T07:14:14.952322+00:00,data/raw/hyperliquid/560d34135fab4fdbe71d344adba8a8638cb41338a57089459aa1b82f4c973995.json,official_hourly_events,6.25e-06
hyperliquid,xyz:SKHX,2026-06-30 08:00:00.071000+00:00,0.0002157015,1.0,,,POST /info fundingHistory,2026-07-23T07:14:14.952388+00:00,data/raw/hyperliquid/560d34135fab4fdbe71d344adba8a8638cb41338a57089459aa1b82f4c973995.json,official_hourly_events,0.0002157015
hyperliquid,xyz:SKHX,2026-06-30 09:00:00.015000+00:00,0.0001578779,1.0,,,POST /info fundingHistory,2026-07-23T07:14:14.952453+00:00,data/raw/hyperliquid/560d34135fab4fdbe71d344adba8a8638cb41338a57089459aa1b82f4c973995.json,official_hourly_events,0.0001578779
hyperliquid,xyz:SKHX,2026-06-30 10:00:00.034000+00:00,0.000233286,1.0,,,POST /info fundingHistory,2026-07-23T07:14:14.952517+00:00,data/raw/hyperliquid/560d34135fab4fdbe71d344adba8a8638cb41338a57089459aa1b82f4c973995.json,official_hourly_events,0.000233286
hyperliquid,xyz:SKHX,2026-06-30 11:00:00.061000+00:00,0.0002693356,1.0,,,POST /info fundingHistory,2026-07-23T07:14:14.952582+00:00,data/raw/hyperliquid/560d34135fab4fdbe71d344adba8a8638cb41338a57089459aa1b82f4c973995.json,official_hourly_events,0.0002693356
hyperliquid,xyz:SKHX,2026-06-30 12:00:00.037000+00:00,0.0002181944,1.0,,,POST /info fundingHistory,2026-07-23T07:14:14.952647+00:00,data/raw/hyperliquid/560d34135fab4fdbe71d344adba8a8638cb41338a57089459aa1b82f4c973995.json,official_hourly_events,0.0002181944
hyperliquid,xyz:SKHX,2026-06-30 13:00:00.033000+00:00,-1.22272e-05,1.0,,,POST /info fundingHistory,2026-07-23T07:14:14.952713+00:00,data/raw/hyperliquid/560d34135fab4fdbe71d344adba8a8638cb41338a57089459aa1b82f4c973995.json,official_hourly_events,-1.22272e-05
hyperliquid,xyz:SKHX,2026-06-30 14:00:00.043000+00:00,3.3114e-05,1.0,,,POST /info fundingHistory,2026-07-23T07:14:14.952776+00:00,data/raw/hyperliquid/560d34135fab4fdbe71d344adba8a8638cb41338a57089459aa1b82f4c973995.json,official_hourly_events,3.3114e-05
hyperliquid,xyz:SKHX,2026-06-30 15:00:00.058000+00:00,0.0003201846,1.0,,,POST /info fundingHistory,2026-07-23T07:14:14.952873+00:00,data/raw/hyperliquid/560d34135fab4fdbe71d344adba8a8638cb41338a57089459aa1b82f4c973995.json,official_hourly_events,0.0003201846
hyperliquid,xyz:SKHX,2026-06-30 16:00:00.010000+00:00,-9.43765e-05,1.0,,,POST /info fundingHistory,2026-07-23T07:14:14.952950+00:00,data/raw/hyperliquid/560d34135fab4fdbe71d344adba8a8638cb41338a57089459aa1b82f4c973995.json,official_hourly_events,-9.43765e-05
hyperliquid,xyz:SKHX,2026-06-30 17:00:00.028000+00:00,0.0001661172,1.0,,,POST /info fundingHistory,2026-07-23T07:14:14.953019+00:00,data/raw/hyperliquid/560d34135fab4fdbe71d344adba8a8638cb41338a57089459aa1b82f4c973995.json,official_hourly_events,0.0001661172
hyperliquid,xyz:SKHX,2026-06-30 18:00:00.014000+00:00,0.0001387102,1.0,,,POST /info fundingHistory,2026-07-23T07:14:14.953087+00:00,data/raw/hyperliquid/560d34135fab4fdbe71d344adba8a8638cb41338a57089459aa1b82f4c973995.json,official_hourly_events,0.0001387102
hyperliquid,xyz:SKHX,2026-06-30 19:00:00.063000+00:00,2.84668e-05,1.0,,,POST /info fundingHistory,2026-07-23T07:14:14.953154+00:00,data/raw/hyperliquid/560d34135fab4fdbe71d344adba8a8638cb41338a57089459aa1b82f4c973995.json,official_hourly_events,2.84668e-05
hyperliquid,xyz:SKHX,2026-06-30 20:00:00.065000+00:00,6.25e-06,1.0,,,POST /info fundingHistory,2026-07-23T07:14:14.953219+00:00,data/raw/hyperliquid/560d34135fab4fdbe71d344adba8a8638cb41338a57089459aa1b82f4c973995.json,official_hourly_events,6.25e-06
hyperliquid,xyz:SKHX,2026-06-30 21:00:00.051000+00:00,-7.78368e-05,1.0,,,POST /info fundingHistory,2026-07-23T07:14:14.953283+00:00,data/raw/hyperliquid/560d34135fab4fdbe71d344adba8a8638cb41338a57089459aa1b82f4c973995.json,official_hourly_events,-7.78368e-05
hyperliquid,xyz:SKHX,2026-06-30 22:00:00.045000+00:00,7.78921e-05,1.0,,,POST /info fundingHistory,2026-07-23T07:14:14.953347+00:00,data/raw/hyperliquid/560d34135fab4fdbe71d344adba8a8638cb41338a57089459aa1b82f4c973995.json,official_hourly_events,7.78921e-05
hyperliquid,xyz:SKHX,2026-06-30 23:00:00.048000+00:00,6.25e-06,1.0,,,POST /info fundingHistory,2026-07-23T07:14:14.953413+00:00,data/raw/hyperliquid/560d34135fab4fdbe71d344adba8a8638cb41338a57089459aa1b82f4c973995.json,official_hourly_events,6.25e-06
hyperliquid,xyz:SKHX,2026-07-01 00:00:00.063000+00:00,0.0003108511,1.0,,,POST /info fundingHistory,2026-07-23T07:14:14.953478+00:00,data/raw/hyperliquid/560d34135fab4fdbe71d344adba8a8638cb41338a57089459aa1b82f4c973995.json,official_hourly_events,0.0003108511
hyperliquid,xyz:SKHX,2026-07-01 01:00:00.046000+00:00,0.0003070432,1.0,,,POST /info fundingHistory,2026-07-23T07:14:14.953544+00:00,data/raw/hyperliquid/560d34135fab4fdbe71d344adba8a8638cb41338a57089459aa1b82f4c973995.json,official_hourly_events,0.0003070432
hyperliquid,xyz:SKHX,2026-07-01 02:00:00.018000+00:00,0.0004291251,1.0,,,POST /info fundingHistory,2026-07-23T07:14:14.954496+00:00,data/raw/hyperliquid/0692a10ed805cc456c7df21cd86989b0459d9bb40fb5a9a4658fd20927ed040c.json,official_hourly_events,0.0004291251
hyperliquid,xyz:SKHX,2026-07-01 03:00:00.011000+00:00,0.0003794513,1.0,,,POST /info fundingHistory,2026-07-23T07:14:14.954585+00:00,data/raw/hyperliquid/0692a10ed805cc456c7df21cd86989b0459d9bb40fb5a9a4658fd20927ed040c.json,official_hourly_events,0.0003794513
hyperliquid,xyz:SKHX,2026-07-01 04:00:00.001000+00:00,0.0002087262,1.0,,,POST /info fundingHistory,2026-07-23T07:14:14.954659+00:00,data/raw/hyperliquid/0692a10ed805cc456c7df21cd86989b0459d9bb40fb5a9a4658fd20927ed040c.json,official_hourly_events,0.0002087262
hyperliquid,xyz:SKHX,2026-07-01 05:00:00+00:00,0.0001314432,1.0,,,POST /info fundingHistory,2026-07-23T07:14:14.954730+00:00,data/raw/hyperliquid/0692a10ed805cc456c7df21cd86989b0459d9bb40fb5a9a4658fd20927ed040c.json,official_hourly_events,0.0001314432
hyperliquid,xyz:SKHX,2026-07-01 06:00:00.001000+00:00,0.0001724355,1.0,,,POST /info fundingHistory,2026-07-23T07:14:14.954837+00:00,data/raw/hyperliquid/0692a10ed805cc456c7df21cd86989b0459d9bb40fb5a9a4658fd20927ed040c.json,official_hourly_events,0.0001724355
hyperliquid,xyz:SKHX,2026-07-01 07:00:00.022000+00:00,0.0001572725,1.0,,,POST /info fundingHistory,2026-07-23T07:14:14.954933+00:00,data/raw/hyperliquid/0692a10ed805cc456c7df21cd86989b0459d9bb40fb5a9a4658fd20927ed040c.json,official_hourly_events,0.0001572725
hyperliquid,xyz:SKHX,2026-07-01 08:00:00.065000+00:00,3.99729e-05,1.0,,,POST /info fundingHistory,2026-07-23T07:14:14.955011+00:00,data/raw/hyperliquid/0692a10ed805cc456c7df21cd86989b0459d9bb40fb5a9a4658fd20927ed040c.json,official_hourly_events,3.99729e-05
hyperliquid,xyz:SKHX,2026-07-01 09:00:00.040000+00:00,0.0002108043,1.0,,,POST /info fundingHistory,2026-07-23T07:14:14.955082+00:00,data/raw/hyperliquid/0692a10ed805cc456c7df21cd86989b0459d9bb40fb5a9a4658fd20927ed040c.json,official_hourly_events,0.0002108043
hyperliquid,xyz:SKHX,2026-07-01 10:00:00.048000+00:00,1.51942e-05,1.0,,,POST /info fundingHistory,2026-07-23T07:14:14.955150+00:00,data/raw/hyperliquid/0692a10ed805cc456c7df21cd86989b0459d9bb40fb5a9a4658fd20927ed040c.json,official_hourly_events,1.51942e-05
hyperliquid,xyz:SKHX,2026-07-01 11:00:00.001000+00:00,8.49424e-05,1.0,,,POST /info fundingHistory,2026-07-23T07:14:14.955218+00:00,data/raw/hyperliquid/0692a10ed805cc456c7df21cd86989b0459d9bb40fb5a9a4658fd20927ed040c.json,official_hourly_events,8.49424e-05
hyperliquid,xyz:SKHX,2026-07-01 12:00:00.044000+00:00,0.0001892056,1.0,,,POST /info fundingHistory,2026-07-23T07:14:14.955286+00:00,data/raw/hyperliquid/0692a10ed805cc456c7df21cd86989b0459d9bb40fb5a9a4658fd20927ed040c.json,official_hourly_events,0.0001892056
hyperliquid,xyz:SKHX,2026-07-01 13:00:00.001000+00:00,-0.0002690121,1.0,,,POST /info fundingHistory,2026-07-23T07:14:14.955352+00:00,data/raw/hyperliquid/0692a10ed805cc456c7df21cd86989b0459d9bb40fb5a9a4658fd20927ed040c.json,official_hourly_events,-0.0002690121
hyperliquid,xyz:SKHX,2026-07-01 14:00:00.006000+00:00,-0.0003744358,1.0,,,POST /info fundingHistory,2026-07-23T07:14:14.955418+00:00,data/raw/hyperliquid/0692a10ed805cc456c7df21cd86989b0459d9bb40fb5a9a4658fd20927ed040c.json,official_hourly_events,-0.0003744358
hyperliquid,xyz:SKHX,2026-07-01 15:00:00.012000+00:00,-0.0005311702,1.0,,,POST /info fundingHistory,2026-07-23T07:14:14.955517+00:00,data/raw/hyperliquid/0692a10ed805cc456c7df21cd86989b0459d9bb40fb5a9a4658fd20927ed040c.json,official_hourly_events,-0.0005311702
hyperliquid,xyz:SKHX,2026-07-01 16:00:00.045000+00:00,6.25e-06,1.0,,,POST /info fundingHistory,2026-07-23T07:14:14.955596+00:00,data/raw/hyperliquid/0692a10ed805cc456c7df21cd86989b0459d9bb40fb5a9a4658fd20927ed040c.json,official_hourly_events,6.25e-06
hyperliquid,xyz:SKHX,2026-07-01 17:00:00.022000+00:00,-0.0001278928,1.0,,,POST /info fundingHistory,2026-07-23T07:14:14.955667+00:00,data/raw/hyperliquid/0692a10ed805cc456c7df21cd86989b0459d9bb40fb5a9a4658fd20927ed040c.json,official_hourly_events,-0.0001278928
hyperliquid,xyz:SKHX,2026-07-01 18:00:00.061000+00:00,-4.45072e-05,1.0,,,POST /info fundingHistory,2026-07-23T07:14:14.955734+00:00,data/raw/hyperliquid/0692a10ed805cc456c7df21cd86989b0459d9bb40fb5a9a4658fd20927ed040c.json,official_hourly_events,-4.45072e-05
hyperliquid,xyz:SKHX,2026-07-01 19:00:00.036000+00:00,-6.97618e-05,1.0,,,POST /info fundingHistory,2026-07-23T07:14:14.955827+00:00,data/raw/hyperliquid/0692a10ed805cc456c7df21cd86989b0459d9bb40fb5a9a4658fd20927ed040c.json,official_hourly_events,-6.97618e-05
hyperliquid,xyz:SKHX,2026-07-01 20:00:00.005000+00:00,0.000131713,1.0,,,POST /info fundingHistory,2026-07-23T07:14:14.955910+00:00,data/raw/hyperliquid/0692a10ed805cc456c7df21cd86989b0459d9bb40fb5a9a4658fd20927ed040c.json,official_hourly_events,0.000131713
hyperliquid,xyz:SKHX,2026-07-01 21:00:00.007000+00:00,-1.46385e-05,1.0,,,POST /info fundingHistory,2026-07-23T07:14:14.955983+00:00,data/raw/hyperliquid/0692a10ed805cc456c7df21cd86989b0459d9bb40fb5a9a4658fd20927ed040c.json,official_hourly_events,-1.46385e-05
hyperliquid,xyz:SKHX,2026-07-01 22:00:00.086000+00:00,8.91322e-05,1.0,,,POST /info fundingHistory,2026-07-23T07:14:14.956052+00:00,data/raw/hyperliquid/0692a10ed805cc456c7df21cd86989b0459d9bb40fb5a9a4658fd20927ed040c.json,official_hourly_events,8.91322e-05
hyperliquid,xyz:SKHX,2026-07-01 23:00:00.056000+00:00,-7.63056e-05,1.0,,,POST /info fundingHistory,2026-07-23T07:14:14.956123+00:00,data/raw/hyperliquid/0692a10ed805cc456c7df21cd86989b0459d9bb40fb5a9a4658fd20927ed040c.json,official_hourly_events,-7.63056e-05
hyperliquid,xyz:SKHX,2026-07-02 00:00:00.074000+00:00,6.25e-06,1.0,,,POST /info fundingHistory,2026-07-23T07:14:14.956191+00:00,data/raw/hyperliquid/0692a10ed805cc456c7df21cd86989b0459d9bb40fb5a9a4658fd20927ed040c.json,official_hourly_events,6.25e-06
hyperliquid,xyz:SKHX,2026-07-02 01:00:00.014000+00:00,0.000300524,1.0,,,POST /info fundingHistory,2026-07-23T07:14:14.956259+00:00,data/raw/hyperliquid/0692a10ed805cc456c7df21cd86989b0459d9bb40fb5a9a4658fd20927ed040c.json,official_hourly_events,0.000300524
hyperliquid,xyz:SKHX,2026-07-02 02:00:00.020000+00:00,0.0002394102,1.0,,,POST /info fundingHistory,2026-07-23T07:14:14.956327+00:00,data/raw/hyperliquid/0692a10ed805cc456c7df21cd86989b0459d9bb40fb5a9a4658fd20927ed040c.json,official_hourly_events,0.0002394102
hyperliquid,xyz:SKHX,2026-07-02 03:00:00.070000+00:00,0.000127223,1.0,,,POST /info fundingHistory,2026-07-23T07:14:14.956393+00:00,data/raw/hyperliquid/0692a10ed805cc456c7df21cd86989b0459d9bb40fb5a9a4658fd20927ed040c.json,official_hourly_events,0.000127223
hyperliquid,xyz:SKHX,2026-07-02 04:00:00.033000+00:00,0.0001984761,1.0,,,POST /info fundingHistory,2026-07-23T07:14:14.956459+00:00,data/raw/hyperliquid/0692a10ed805cc456c7df21cd86989b0459d9bb40fb5a9a4658fd20927ed040c.json,official_hourly_events,0.0001984761
hyperliquid,xyz:SKHX,2026-07-02 05:00:00.047000+00:00,0.0002552865,1.0,,,POST /info fundingHistory,2026-07-23T07:14:14.956525+00:00,data/raw/hyperliquid/0692a10ed805cc456c7df21cd86989b0459d9bb40fb5a9a4658fd20927ed040c.json,official_hourly_events,0.0002552865
hyperliquid,xyz:SKHX,2026-07-02 06:00:00.007000+00:00,0.0003485586,1.0,,,POST /info fundingHistory,2026-07-23T07:14:14.956590+00:00,data/raw/hyperliquid/0692a10ed805cc456c7df21cd86989b0459d9bb40fb5a9a4658fd20927ed040c.json,official_hourly_events,0.0003485586
hyperliquid,xyz:SKHX,2026-07-02 07:00:00.011000+00:00,0.0004439973,1.0,,,POST /info fundingHistory,2026-07-23T07:14:14.956657+00:00,data/raw/hyperliquid/0692a10ed805cc456c7df21cd86989b0459d9bb40fb5a9a4658fd20927ed040c.json,official_hourly_events,0.0004439973
hyperliquid,xyz:SKHX,2026-07-02 08:00:00.014000+00:00,0.0005014033,1.0,,,POST /info fundingHistory,2026-07-23T07:14:14.956724+00:00,data/raw/hyperliquid/0692a10ed805cc456c7df21cd86989b0459d9bb40fb5a9a4658fd20927ed040c.json,official_hourly_events,0.0005014033
hyperliquid,xyz:SKHX,2026-07-02 09:00:00.010000+00:00,0.0003048279,1.0,,,POST /info fundingHistory,2026-07-23T07:14:14.956789+00:00,data/raw/hyperliquid/0692a10ed805cc456c7df21cd86989b0459d9bb40fb5a9a4658fd20927ed040c.json,official_hourly_events,0.0003048279
hyperliquid,xyz:SKHX,2026-07-02 10:00:00.006000+00:00,0.0001880793,1.0,,,POST /info fundingHistory,2026-07-23T07:14:14.956894+00:00,data/raw/hyperliquid/0692a10ed805cc456c7df21cd86989b0459d9bb40fb5a9a4658fd20927ed040c.json,official_hourly_events,0.0001880793
hyperliquid,xyz:SKHX,2026-07-02 11:00:00.037000+00:00,0.0003758627,1.0,,,POST /info fundingHistory,2026-07-23T07:14:14.956967+00:00,data/raw/hyperliquid/0692a10ed805cc456c7df21cd86989b0459d9bb40fb5a9a4658fd20927ed040c.json,official_hourly_events,0.0003758627
hyperliquid,xyz:SKHX,2026-07-02 12:00:00.030000+00:00,0.0003265008,1.0,,,POST /info fundingHistory,2026-07-23T07:14:14.957036+00:00,data/raw/hyperliquid/0692a10ed805cc456c7df21cd86989b0459d9bb40fb5a9a4658fd20927ed040c.json,official_hourly_events,0.0003265008
hyperliquid,xyz:SKHX,2026-07-02 13:00:00.027000+00:00,0.0007672847,1.0,,,POST /info fundingHistory,2026-07-23T07:14:14.957104+00:00,data/raw/hyperliquid/0692a10ed805cc456c7df21cd86989b0459d9bb40fb5a9a4658fd20927ed040c.json,official_hourly_events,0.0007672847
hyperliquid,xyz:SKHX,2026-07-02 14:00:00.025000+00:00,4.33221e-05,1.0,,,POST /info fundingHistory,2026-07-23T07:14:14.957172+00:00,data/raw/hyperliquid/0692a10ed805cc456c7df21cd86989b0459d9bb40fb5a9a4658fd20927ed040c.json,official_hourly_events,4.33221e-05
hyperliquid,xyz:SKHX,2026-07-02 15:00:00.055000+00:00,-0.0009831609,1.0,,,POST /info fundingHistory,2026-07-23T07:14:14.957237+00:00,data/raw/hyperliquid/0692a10ed805cc456c7df21cd86989b0459d9bb40fb5a9a4658fd20927ed040c.json,official_hourly_events,-0.0009831609
hyperliquid,xyz:SKHX,2026-07-02 16:00:00.068000+00:00,-0.0003192313,1.0,,,POST /info fundingHistory,2026-07-23T07:14:14.957301+00:00,data/raw/hyperliquid/0692a10ed805cc456c7df21cd86989b0459d9bb40fb5a9a4658fd20927ed040c.json,official_hourly_events,-0.0003192313
hyperliquid,xyz:SKHX,2026-07-02 17:00:00.026000+00:00,-0.0007414031,1.0,,,POST /info fundingHistory,2026-07-23T07:14:14.957365+00:00,data/raw/hyperliquid/0692a10ed805cc456c7df21cd86989b0459d9bb40fb5a9a4658fd20927ed040c.json,official_hourly_events,-0.0007414031
hyperliquid,xyz:SKHX,2026-07-02 18:00:00.007000+00:00,-0.0004496367,1.0,,,POST /info fundingHistory,2026-07-23T07:14:14.957430+00:00,data/raw/hyperliquid/0692a10ed805cc456c7df21cd86989b0459d9bb40fb5a9a4658fd20927ed040c.json,official_hourly_events,-0.0004496367
hyperliquid,xyz:SKHX,2026-07-02 19:00:00.044000+00:00,0.0001594026,1.0,,,POST /info fundingHistory,2026-07-23T07:14:14.957494+00:00,data/raw/hyperliquid/0692a10ed805cc456c7df21cd86989b0459d9bb40fb5a9a4658fd20927ed040c.json,official_hourly_events,0.0001594026
hyperliquid,xyz:SKHX,2026-07-02 20:00:00.007000+00:00,0.0002468966,1.0,,,POST /info fundingHistory,2026-07-23T07:14:14.957560+00:00,data/raw/hyperliquid/0692a10ed805cc456c7df21cd86989b0459d9bb40fb5a9a4658fd20927ed040c.json,official_hourly_events,0.0002468966
hyperliquid,xyz:SKHX,2026-07-02 21:00:00.031000+00:00,0.0002574037,1.0,,,POST /info fundingHistory,2026-07-23T07:14:14.957626+00:00,data/raw/hyperliquid/0692a10ed805cc456c7df21cd86989b0459d9bb40fb5a9a4658fd20927ed040c.json,official_hourly_events,0.0002574037
hyperliquid,xyz:SKHX,2026-07-02 22:00:00.025000+00:00,-0.0001641344,1.0,,,POST /info fundingHistory,2026-07-23T07:14:14.957690+00:00,data/raw/hyperliquid/0692a10ed805cc456c7df21cd86989b0459d9bb40fb5a9a4658fd20927ed040c.json,official_hourly_events,-0.0001641344
hyperliquid,xyz:SKHX,2026-07-02 23:00:00.029000+00:00,-9.64614e-05,1.0,,,POST /info fundingHistory,2026-07-23T07:14:14.957754+00:00,data/raw/hyperliquid/0692a10ed805cc456c7df21cd86989b0459d9bb40fb5a9a4658fd20927ed040c.json,official_hourly_events,-9.64614e-05
hyperliquid,xyz:SKHX,2026-07-03 00:00:00.018000+00:00,6.25e-06,1.0,,,POST /info fundingHistory,2026-07-23T07:14:14.957851+00:00,data/raw/hyperliquid/0692a10ed805cc456c7df21cd86989b0459d9bb40fb5a9a4658fd20927ed040c.json,official_hourly_events,6.25e-06
hyperliquid,xyz:SKHX,2026-07-03 01:00:00.017000+00:00,0.0003852167,1.0,,,POST /info fundingHistory,2026-07-23T07:14:14.957926+00:00,data/raw/hyperliquid/0692a10ed805cc456c7df21cd86989b0459d9bb40fb5a9a4658fd20927ed040c.json,official_hourly_events,0.0003852167
hyperliquid,xyz:SKHX,2026-07-03 02:00:00.081000+00:00,0.000320933,1.0,,,POST /info fundingHistory,2026-07-23T07:14:14.957996+00:00,data/raw/hyperliquid/0692a10ed805cc456c7df21cd86989b0459d9bb40fb5a9a4658fd20927ed040c.json,official_hourly_events,0.000320933
hyperliquid,xyz:SKHX,2026-07-03 03:00:00.031000+00:00,5.78414e-05,1.0,,,POST /info fundingHistory,2026-07-23T07:14:14.958063+00:00,data/raw/hyperliquid/0692a10ed805cc456c7df21cd86989b0459d9bb40fb5a9a4658fd20927ed040c.json,official_hourly_events,5.78414e-05
hyperliquid,xyz:SKHX,2026-07-03 04:00:00.034000+00:00,7.07969e-05,1.0,,,POST /info fundingHistory,2026-07-23T07:14:14.958130+00:00,data/raw/hyperliquid/0692a10ed805cc456c7df21cd86989b0459d9bb40fb5a9a4658fd20927ed040c.json,official_hourly_events,7.07969e-05
hyperliquid,xyz:SKHX,2026-07-03 05:00:00.012000+00:00,6.25e-06,1.0,,,POST /info fundingHistory,2026-07-23T07:14:14.958194+00:00,data/raw/hyperliquid/0692a10ed805cc456c7df21cd86989b0459d9bb40fb5a9a4658fd20927ed040c.json,official_hourly_events,6.25e-06
hyperliquid,xyz:SKHX,2026-07-03 06:00:00.078000+00:00,-2.60513e-05,1.0,,,POST /info fundingHistory,2026-07-23T07:14:14.958260+00:00,data/raw/hyperliquid/0692a10ed805cc456c7df21cd86989b0459d9bb40fb5a9a4658fd20927ed040c.json,official_hourly_events,-2.60513e-05
hyperliquid,xyz:SKHX,2026-07-03 07:00:00.025000+00:00,-0.0001881708,1.0,,,POST /info fundingHistory,2026-07-23T07:14:14.958327+00:00,data/raw/hyperliquid/0692a10ed805cc456c7df21cd86989b0459d9bb40fb5a9a4658fd20927ed040c.json,official_hourly_events,-0.0001881708
hyperliquid,xyz:SKHX,2026-07-03 08:00:00.049000+00:00,-0.0002123349,1.0,,,POST /info fundingHistory,2026-07-23T07:14:14.958394+00:00,data/raw/hyperliquid/0692a10ed805cc456c7df21cd86989b0459d9bb40fb5a9a4658fd20927ed040c.json,official_hourly_events,-0.0002123349
hyperliquid,xyz:SKHX,2026-07-03 09:00:00.022000+00:00,-1.77189e-05,1.0,,,POST /info fundingHistory,2026-07-23T07:14:14.958460+00:00,data/raw/hyperliquid/0692a10ed805cc456c7df21cd86989b0459d9bb40fb5a9a4658fd20927ed040c.json,official_hourly_events,-1.77189e-05
hyperliquid,xyz:SKHX,2026-07-03 10:00:00.017000+00:00,4.38273e-05,1.0,,,POST /info fundingHistory,2026-07-23T07:14:14.958525+00:00,data/raw/hyperliquid/0692a10ed805cc456c7df21cd86989b0459d9bb40fb5a9a4658fd20927ed040c.json,official_hourly_events,4.38273e-05
hyperliquid,xyz:SKHX,2026-07-03 11:00:00.042000+00:00,6.25e-06,1.0,,,POST /info fundingHistory,2026-07-23T07:14:14.958591+00:00,data/raw/hyperliquid/0692a10ed805cc456c7df21cd86989b0459d9bb40fb5a9a4658fd20927ed040c.json,official_hourly_events,6.25e-06
hyperliquid,xyz:SKHX,2026-07-03 12:00:00.004000+00:00,0.0001324424,1.0,,,POST /info fundingHistory,2026-07-23T07:14:14.958656+00:00,data/raw/hyperliquid/0692a10ed805cc456c7df21cd86989b0459d9bb40fb5a9a4658fd20927ed040c.json,official_hourly_events,0.0001324424
hyperliquid,xyz:SKHX,2026-07-03 13:00:00.007000+00:00,6.253e-07,1.0,,,POST /info fundingHistory,2026-07-23T07:14:14.958720+00:00,data/raw/hyperliquid/0692a10ed805cc456c7df21cd86989b0459d9bb40fb5a9a4658fd20927ed040c.json,official_hourly_events,6.253e-07
hyperliquid,xyz:SKHX,2026-07-03 14:00:00.011000+00:00,6.25e-06,1.0,,,POST /info fundingHistory,2026-07-23T07:14:14.958784+00:00,data/raw/hyperliquid/0692a10ed805cc456c7df21cd86989b0459d9bb40fb5a9a4658fd20927ed040c.json,official_hourly_events,6.25e-06
hyperliquid,xyz:SKHX,2026-07-03 15:00:00.026000+00:00,-4.4854e-06,1.0,,,POST /info fundingHistory,2026-07-23T07:14:14.958919+00:00,data/raw/hyperliquid/0692a10ed805cc456c7df21cd86989b0459d9bb40fb5a9a4658fd20927ed040c.json,official_hourly_events,-4.4854e-06
hyperliquid,xyz:SKHX,2026-07-03 16:00:00.062000+00:00,-5.32243e-05,1.0,,,POST /info fundingHistory,2026-07-23T07:14:14.959000+00:00,data/raw/hyperliquid/0692a10ed805cc456c7df21cd86989b0459d9bb40fb5a9a4658fd20927ed040c.json,official_hourly_events,-5.32243e-05
hyperliquid,xyz:SKHX,2026-07-03 17:00:00.007000+00:00,-5.83324e-05,1.0,,,POST /info fundingHistory,2026-07-23T07:14:14.959069+00:00,data/raw/hyperliquid/0692a10ed805cc456c7df21cd86989b0459d9bb40fb5a9a4658fd20927ed040c.json,official_hourly_events,-5.83324e-05
hyperliquid,xyz:SKHX,2026-07-03 18:00:00.046000+00:00,6.25e-06,1.0,,,POST /info fundingHistory,2026-07-23T07:14:14.959136+00:00,data/raw/hyperliquid/0692a10ed805cc456c7df21cd86989b0459d9bb40fb5a9a4658fd20927ed040c.json,official_hourly_events,6.25e-06
hyperliquid,xyz:SKHX,2026-07-03 19:00:00.040000+00:00,5.99355e-05,1.0,,,POST /info fundingHistory,2026-07-23T07:14:14.959201+00:00,data/raw/hyperliquid/0692a10ed805cc456c7df21cd86989b0459d9bb40fb5a9a4658fd20927ed040c.json,official_hourly_events,5.99355e-05
hyperliquid,xyz:SKHX,2026-07-03 20:00:00.014000+00:00,0.0002435828,1.0,,,POST /info fundingHistory,2026-07-23T07:14:14.959269+00:00,data/raw/hyperliquid/0692a10ed805cc456c7df21cd86989b0459d9bb40fb5a9a4658fd20927ed040c.json,official_hourly_events,0.0002435828
hyperliquid,xyz:SKHX,2026-07-03 21:00:00.013000+00:00,6.25e-06,1.0,,,POST /info fundingHistory,2026-07-23T07:14:14.959338+00:00,data/raw/hyperliquid/0692a10ed805cc456c7df21cd86989b0459d9bb40fb5a9a4658fd20927ed040c.json,official_hourly_events,6.25e-06
hyperliquid,xyz:SKHX,2026-07-03 22:00:00.049000+00:00,0.0001702027,1.0,,,POST /info fundingHistory,2026-07-23T07:14:14.959404+00:00,data/raw/hyperliquid/0692a10ed805cc456c7df21cd86989b0459d9bb40fb5a9a4658fd20927ed040c.json,official_hourly_events,0.0001702027
hyperliquid,xyz:SKHX,2026-07-03 23:00:00.014000+00:00,1.96379e-05,1.0,,,POST /info fundingHistory,2026-07-23T07:14:14.959470+00:00,data/raw/hyperliquid/0692a10ed805cc456c7df21cd86989b0459d9bb40fb5a9a4658fd20927ed040c.json,official_hourly_events,1.96379e-05
hyperliquid,xyz:SKHX,2026-07-04 00:00:00.014000+00:00,2.7063e-05,1.0,,,POST /info fundingHistory,2026-07-23T07:14:14.959586+00:00,data/raw/hyperliquid/0692a10ed805cc456c7df21cd86989b0459d9bb40fb5a9a4658fd20927ed040c.json,official_hourly_events,2.7063e-05
hyperliquid,xyz:SKHX,2026-07-04 01:00:00.023000+00:00,6.25e-06,1.0,,,POST /info fundingHistory,2026-07-23T07:14:14.959659+00:00,data/raw/hyperliquid/0692a10ed805cc456c7df21cd86989b0459d9bb40fb5a9a4658fd20927ed040c.json,official_hourly_events,6.25e-06
hyperliquid,xyz:SKHX,2026-07-04 02:00:00.022000+00:00,-1.88858e-05,1.0,,,POST /info fundingHistory,2026-07-23T07:14:14.959725+00:00,data/raw/hyperliquid/0692a10ed805cc456c7df21cd86989b0459d9bb40fb5a9a4658fd20927ed040c.json,official_hourly_events,-1.88858e-05
hyperliquid,xyz:SKHX,2026-07-04 03:00:00.012000+00:00,6.25e-06,1.0,,,POST /info fundingHistory,2026-07-23T07:14:14.959818+00:00,data/raw/hyperliquid/0692a10ed805cc456c7df21cd86989b0459d9bb40fb5a9a4658fd20927ed040c.json,official_hourly_events,6.25e-06
hyperliquid,xyz:SKHX,2026-07-04 04:00:00.074000+00:00,7.608e-06,1.0,,,POST /info fundingHistory,2026-07-23T07:14:14.959902+00:00,data/raw/hyperliquid/0692a10ed805cc456c7df21cd86989b0459d9bb40fb5a9a4658fd20927ed040c.json,official_hourly_events,7.608e-06
hyperliquid,xyz:SKHX,2026-07-04 05:00:00.064000+00:00,-3.78191e-05,1.0,,,POST /info fundingHistory,2026-07-23T07:14:14.959974+00:00,data/raw/hyperliquid/0692a10ed805cc456c7df21cd86989b0459d9bb40fb5a9a4658fd20927ed040c.json,official_hourly_events,-3.78191e-05
hyperliquid,xyz:SKHX,2026-07-04 06:00:00.006000+00:00,-0.0001368309,1.0,,,POST /info fundingHistory,2026-07-23T07:14:14.960042+00:00,data/raw/hyperliquid/0692a10ed805cc456c7df21cd86989b0459d9bb40fb5a9a4658fd20927ed040c.json,official_hourly_events,-0.0001368309
hyperliquid,xyz:SKHX,2026-07-04 07:00:00.009000+00:00,6.25e-06,1.0,,,POST /info fundingHistory,2026-07-23T07:14:14.960108+00:00,data/raw/hyperliquid/0692a10ed805cc456c7df21cd86989b0459d9bb40fb5a9a4658fd20927ed040c.json,official_hourly_events,6.25e-06
hyperliquid,xyz:SKHX,2026-07-04 08:00:00.041000+00:00,5.6888e-06,1.0,,,POST /info fundingHistory,2026-07-23T07:14:14.960174+00:00,data/raw/hyperliquid/0692a10ed805cc456c7df21cd86989b0459d9bb40fb5a9a4658fd20927ed040c.json,official_hourly_events,5.6888e-06
hyperliquid,xyz:SKHX,2026-07-04 09:00:00.033000+00:00,-1.3024e-05,1.0,,,POST /info fundingHistory,2026-07-23T07:14:14.960241+00:00,data/raw/hyperliquid/0692a10ed805cc456c7df21cd86989b0459d9bb40fb5a9a4658fd20927ed040c.json,official_hourly_events,-1.3024e-05
hyperliquid,xyz:SKHX,2026-07-04 10:00:00.068000+00:00,1.14142e-05,1.0,,,POST /info fundingHistory,2026-07-23T07:14:14.960306+00:00,data/raw/hyperliquid/0692a10ed805cc456c7df21cd86989b0459d9bb40fb5a9a4658fd20927ed040c.json,official_hourly_events,1.14142e-05
hyperliquid,xyz:SKHX,2026-07-04 11:00:00.049000+00:00,4.07618e-05,1.0,,,POST /info fundingHistory,2026-07-23T07:14:14.960370+00:00,data/raw/hyperliquid/0692a10ed805cc456c7df21cd86989b0459d9bb40fb5a9a4658fd20927ed040c.json,official_hourly_events,4.07618e-05
hyperliquid,xyz:SKHX,2026-07-04 12:00:00.014000+00:00,-3.93694e-05,1.0,,,POST /info fundingHistory,2026-07-23T07:14:14.960435+00:00,data/raw/hyperliquid/0692a10ed805cc456c7df21cd86989b0459d9bb40fb5a9a4658fd20927ed040c.json,official_hourly_events,-3.93694e-05
hyperliquid,xyz:SKHX,2026-07-04 13:00:00.049000+00:00,-7.7884e-06,1.0,,,POST /info fundingHistory,2026-07-23T07:14:14.960499+00:00,data/raw/hyperliquid/0692a10ed805cc456c7df21cd86989b0459d9bb40fb5a9a4658fd20927ed040c.json,official_hourly_events,-7.7884e-06
hyperliquid,xyz:SKHX,2026-07-04 14:00:00.051000+00:00,-5.88828e-05,1.0,,,POST /info fundingHistory,2026-07-23T07:14:14.960563+00:00,data/raw/hyperliquid/0692a10ed805cc456c7df21cd86989b0459d9bb40fb5a9a4658fd20927ed040c.json,official_hourly_events,-5.88828e-05
hyperliquid,xyz:SKHX,2026-07-04 15:00:00.083000+00:00,-1.35521e-05,1.0,,,POST /info fundingHistory,2026-07-23T07:14:14.960627+00:00,data/raw/hyperliquid/0692a10ed805cc456c7df21cd86989b0459d9bb40fb5a9a4658fd20927ed040c.json,official_hourly_events,-1.35521e-05
hyperliquid,xyz:SKHX,2026-07-04 16:00:00.074000+00:00,2.35246e-05,1.0,,,POST /info fundingHistory,2026-07-23T07:14:14.960692+00:00,data/raw/hyperliquid/0692a10ed805cc456c7df21cd86989b0459d9bb40fb5a9a4658fd20927ed040c.json,official_hourly_events,2.35246e-05
hyperliquid,xyz:SKHX,2026-07-04 17:00:00.031000+00:00,-5.65433e-05,1.0,,,POST /info fundingHistory,2026-07-23T07:14:14.960758+00:00,data/raw/hyperliquid/0692a10ed805cc456c7df21cd86989b0459d9bb40fb5a9a4658fd20927ed040c.json,official_hourly_events,-5.65433e-05
hyperliquid,xyz:SKHX,2026-07-04 18:00:00.016000+00:00,6.25e-06,1.0,,,POST /info fundingHistory,2026-07-23T07:14:14.960854+00:00,data/raw/hyperliquid/0692a10ed805cc456c7df21cd86989b0459d9bb40fb5a9a4658fd20927ed040c.json,official_hourly_events,6.25e-06
hyperliquid,xyz:SKHX,2026-07-04 19:00:00.033000+00:00,6.25e-06,1.0,,,POST /info fundingHistory,2026-07-23T07:14:14.960931+00:00,data/raw/hyperliquid/0692a10ed805cc456c7df21cd86989b0459d9bb40fb5a9a4658fd20927ed040c.json,official_hourly_events,6.25e-06
hyperliquid,xyz:SKHX,2026-07-04 20:00:00.036000+00:00,6.25e-06,1.0,,,POST /info fundingHistory,2026-07-23T07:14:14.961002+00:00,data/raw/hyperliquid/0692a10ed805cc456c7df21cd86989b0459d9bb40fb5a9a4658fd20927ed040c.json,official_hourly_events,6.25e-06
hyperliquid,xyz:SKHX,2026-07-04 21:00:00.023000+00:00,-2.25472e-05,1.0,,,POST /info fundingHistory,2026-07-23T07:14:14.961071+00:00,data/raw/hyperliquid/0692a10ed805cc456c7df21cd86989b0459d9bb40fb5a9a4658fd20927ed040c.json,official_hourly_events,-2.25472e-05
hyperliquid,xyz:SKHX,2026-07-04 22:00:00.015000+00:00,2.42613e-05,1.0,,,POST /info fundingHistory,2026-07-23T07:14:14.961139+00:00,data/raw/hyperliquid/0692a10ed805cc456c7df21cd86989b0459d9bb40fb5a9a4658fd20927ed040c.json,official_hourly_events,2.42613e-05
hyperliquid,xyz:SKHX,2026-07-04 23:00:00.021000+00:00,4.01952e-05,1.0,,,POST /info fundingHistory,2026-07-23T07:14:14.961206+00:00,data/raw/hyperliquid/0692a10ed805cc456c7df21cd86989b0459d9bb40fb5a9a4658fd20927ed040c.json,official_hourly_events,4.01952e-05
hyperliquid,xyz:SKHX,2026-07-05 00:00:00.077000+00:00,3.27809e-05,1.0,,,POST /info fundingHistory,2026-07-23T07:14:14.961273+00:00,data/raw/hyperliquid/0692a10ed805cc456c7df21cd86989b0459d9bb40fb5a9a4658fd20927ed040c.json,official_hourly_events,3.27809e-05
hyperliquid,xyz:SKHX,2026-07-05 01:00:00.057000+00:00,4.91201e-05,1.0,,,POST /info fundingHistory,2026-07-23T07:14:14.961337+00:00,data/raw/hyperliquid/0692a10ed805cc456c7df21cd86989b0459d9bb40fb5a9a4658fd20927ed040c.json,official_hourly_events,4.91201e-05
hyperliquid,xyz:SKHX,2026-07-05 02:00:00.021000+00:00,4.8853e-05,1.0,,,POST /info fundingHistory,2026-07-23T07:14:14.961404+00:00,data/raw/hyperliquid/0692a10ed805cc456c7df21cd86989b0459d9bb40fb5a9a4658fd20927ed040c.json,official_hourly_events,4.8853e-05
hyperliquid,xyz:SKHX,2026-07-05 03:00:00.031000+00:00,5.7363e-05,1.0,,,POST /info fundingHistory,2026-07-23T07:14:14.961469+00:00,data/raw/hyperliquid/0692a10ed805cc456c7df21cd86989b0459d9bb40fb5a9a4658fd20927ed040c.json,official_hourly_events,5.7363e-05
hyperliquid,xyz:SKHX,2026-07-05 04:00:00.046000+00:00,6.25e-06,1.0,,,POST /info fundingHistory,2026-07-23T07:14:14.961533+00:00,data/raw/hyperliquid/0692a10ed805cc456c7df21cd86989b0459d9bb40fb5a9a4658fd20927ed040c.json,official_hourly_events,6.25e-06
hyperliquid,xyz:SKHX,2026-07-05 05:00:00.013000+00:00,6.25e-06,1.0,,,POST /info fundingHistory,2026-07-23T07:14:14.961600+00:00,data/raw/hyperliquid/0692a10ed805cc456c7df21cd86989b0459d9bb40fb5a9a4658fd20927ed040c.json,official_hourly_events,6.25e-06
hyperliquid,xyz:SKHX,2026-07-05 06:00:00.042000+00:00,6.25e-06,1.0,,,POST /info fundingHistory,2026-07-23T07:14:14.961666+00:00,data/raw/hyperliquid/0692a10ed805cc456c7df21cd86989b0459d9bb40fb5a9a4658fd20927ed040c.json,official_hourly_events,6.25e-06
hyperliquid,xyz:SKHX,2026-07-05 07:00:00.059000+00:00,-6.9081e-06,1.0,,,POST /info fundingHistory,2026-07-23T07:14:14.961732+00:00,data/raw/hyperliquid/0692a10ed805cc456c7df21cd86989b0459d9bb40fb5a9a4658fd20927ed040c.json,official_hourly_events,-6.9081e-06
hyperliquid,xyz:SKHX,2026-07-05 08:00:00.002000+00:00,6.25e-06,1.0,,,POST /info fundingHistory,2026-07-23T07:14:14.961820+00:00,data/raw/hyperliquid/0692a10ed805cc456c7df21cd86989b0459d9bb40fb5a9a4658fd20927ed040c.json,official_hourly_events,6.25e-06
hyperliquid,xyz:SKHX,2026-07-05 09:00:00.041000+00:00,4.87109e-05,1.0,,,POST /info fundingHistory,2026-07-23T07:14:14.961919+00:00,data/raw/hyperliquid/0692a10ed805cc456c7df21cd86989b0459d9bb40fb5a9a4658fd20927ed040c.json,official_hourly_events,4.87109e-05
hyperliquid,xyz:SKHX,2026-07-05 10:00:00.044000+00:00,-1.65423e-05,1.0,,,POST /info fundingHistory,2026-07-23T07:14:14.961998+00:00,data/raw/hyperliquid/0692a10ed805cc456c7df21cd86989b0459d9bb40fb5a9a4658fd20927ed040c.json,official_hourly_events,-1.65423e-05
hyperliquid,xyz:SKHX,2026-07-05 11:00:00.023000+00:00,7.41992e-05,1.0,,,POST /info fundingHistory,2026-07-23T07:14:14.962070+00:00,data/raw/hyperliquid/0692a10ed805cc456c7df21cd86989b0459d9bb40fb5a9a4658fd20927ed040c.json,official_hourly_events,7.41992e-05
hyperliquid,xyz:SKHX,2026-07-05 12:00:00.030000+00:00,0.0001140634,1.0,,,POST /info fundingHistory,2026-07-23T07:14:14.962139+00:00,data/raw/hyperliquid/0692a10ed805cc456c7df21cd86989b0459d9bb40fb5a9a4658fd20927ed040c.json,official_hourly_events,0.0001140634
hyperliquid,xyz:SKHX,2026-07-05 13:00:00.036000+00:00,8.78113e-05,1.0,,,POST /info fundingHistory,2026-07-23T07:14:14.962205+00:00,data/raw/hyperliquid/0692a10ed805cc456c7df21cd86989b0459d9bb40fb5a9a4658fd20927ed040c.json,official_hourly_events,8.78113e-05
hyperliquid,xyz:SKHX,2026-07-05 14:00:00.038000+00:00,6.25e-06,1.0,,,POST /info fundingHistory,2026-07-23T07:14:14.962273+00:00,data/raw/hyperliquid/0692a10ed805cc456c7df21cd86989b0459d9bb40fb5a9a4658fd20927ed040c.json,official_hourly_events,6.25e-06
hyperliquid,xyz:SKHX,2026-07-05 15:00:00.031000+00:00,-0.0001109952,1.0,,,POST /info fundingHistory,2026-07-23T07:14:14.962340+00:00,data/raw/hyperliquid/0692a10ed805cc456c7df21cd86989b0459d9bb40fb5a9a4658fd20927ed040c.json,official_hourly_events,-0.0001109952
hyperliquid,xyz:SKHX,2026-07-05 16:00:00.001000+00:00,-6.31263e-05,1.0,,,POST /info fundingHistory,2026-07-23T07:14:14.962408+00:00,data/raw/hyperliquid/0692a10ed805cc456c7df21cd86989b0459d9bb40fb5a9a4658fd20927ed040c.json,official_hourly_events,-6.31263e-05
hyperliquid,xyz:SKHX,2026-07-05 17:00:00.030000+00:00,-2.29559e-05,1.0,,,POST /info fundingHistory,2026-07-23T07:14:14.962475+00:00,data/raw/hyperliquid/0692a10ed805cc456c7df21cd86989b0459d9bb40fb5a9a4658fd20927ed040c.json,official_hourly_events,-2.29559e-05
hyperliquid,xyz:SKHX,2026-07-05 18:00:00.013000+00:00,2.1395e-06,1.0,,,POST /info fundingHistory,2026-07-23T07:14:14.962543+00:00,data/raw/hyperliquid/0692a10ed805cc456c7df21cd86989b0459d9bb40fb5a9a4658fd20927ed040c.json,official_hourly_events,2.1395e-06
hyperliquid,xyz:SKHX,2026-07-05 19:00:00.023000+00:00,-5.63473e-05,1.0,,,POST /info fundingHistory,2026-07-23T07:14:14.962609+00:00,data/raw/hyperliquid/0692a10ed805cc456c7df21cd86989b0459d9bb40fb5a9a4658fd20927ed040c.json,official_hourly_events,-5.63473e-05
hyperliquid,xyz:SKHX,2026-07-05 20:00:00.039000+00:00,-1.2557e-06,1.0,,,POST /info fundingHistory,2026-07-23T07:14:14.962676+00:00,data/raw/hyperliquid/0692a10ed805cc456c7df21cd86989b0459d9bb40fb5a9a4658fd20927ed040c.json,official_hourly_events,-1.2557e-06
hyperliquid,xyz:SKHX,2026-07-05 21:00:00.043000+00:00,-3.11317e-05,1.0,,,POST /info fundingHistory,2026-07-23T07:14:14.962743+00:00,data/raw/hyperliquid/0692a10ed805cc456c7df21cd86989b0459d9bb40fb5a9a4658fd20927ed040c.json,official_hourly_events,-3.11317e-05
hyperliquid,xyz:SKHX,2026-07-05 22:00:00.042000+00:00,-1.67966e-05,1.0,,,POST /info fundingHistory,2026-07-23T07:14:14.962838+00:00,data/raw/hyperliquid/0692a10ed805cc456c7df21cd86989b0459d9bb40fb5a9a4658fd20927ed040c.json,official_hourly_events,-1.67966e-05
hyperliquid,xyz:SKHX,2026-07-05 23:00:00.024000+00:00,0.0002126956,1.0,,,POST /info fundingHistory,2026-07-23T07:14:14.962914+00:00,data/raw/hyperliquid/0692a10ed805cc456c7df21cd86989b0459d9bb40fb5a9a4658fd20927ed040c.json,official_hourly_events,0.0002126956
hyperliquid,xyz:SKHX,2026-07-06 00:00:00.026000+00:00,9.4925e-06,1.0,,,POST /info fundingHistory,2026-07-23T07:14:14.962982+00:00,data/raw/hyperliquid/0692a10ed805cc456c7df21cd86989b0459d9bb40fb5a9a4658fd20927ed040c.json,official_hourly_events,9.4925e-06
hyperliquid,xyz:SKHX,2026-07-06 01:00:00.010000+00:00,2.35482e-05,1.0,,,POST /info fundingHistory,2026-07-23T07:14:14.963049+00:00,data/raw/hyperliquid/0692a10ed805cc456c7df21cd86989b0459d9bb40fb5a9a4658fd20927ed040c.json,official_hourly_events,2.35482e-05
hyperliquid,xyz:SKHX,2026-07-06 02:00:00.061000+00:00,2.46697e-05,1.0,,,POST /info fundingHistory,2026-07-23T07:14:14.963116+00:00,data/raw/hyperliquid/0692a10ed805cc456c7df21cd86989b0459d9bb40fb5a9a4658fd20927ed040c.json,official_hourly_events,2.46697e-05
hyperliquid,xyz:SKHX,2026-07-06 03:00:00.027000+00:00,0.0002197209,1.0,,,POST /info fundingHistory,2026-07-23T07:14:14.963182+00:00,data/raw/hyperliquid/0692a10ed805cc456c7df21cd86989b0459d9bb40fb5a9a4658fd20927ed040c.json,official_hourly_events,0.0002197209
hyperliquid,xyz:SKHX,2026-07-06 04:00:00.055000+00:00,0.0002629993,1.0,,,POST /info fundingHistory,2026-07-23T07:14:14.963247+00:00,data/raw/hyperliquid/0692a10ed805cc456c7df21cd86989b0459d9bb40fb5a9a4658fd20927ed040c.json,official_hourly_events,0.0002629993
hyperliquid,xyz:SKHX,2026-07-06 05:00:00.021000+00:00,0.0001553529,1.0,,,POST /info fundingHistory,2026-07-23T07:14:14.963312+00:00,data/raw/hyperliquid/0692a10ed805cc456c7df21cd86989b0459d9bb40fb5a9a4658fd20927ed040c.json,official_hourly_events,0.0001553529
hyperliquid,xyz:SKHX,2026-07-06 06:00:00.057000+00:00,0.0001478725,1.0,,,POST /info fundingHistory,2026-07-23T07:14:14.963378+00:00,data/raw/hyperliquid/0692a10ed805cc456c7df21cd86989b0459d9bb40fb5a9a4658fd20927ed040c.json,official_hourly_events,0.0001478725
hyperliquid,xyz:SKHX,2026-07-06 07:00:00.035000+00:00,6.25e-06,1.0,,,POST /info fundingHistory,2026-07-23T07:14:14.963443+00:00,data/raw/hyperliquid/0692a10ed805cc456c7df21cd86989b0459d9bb40fb5a9a4658fd20927ed040c.json,official_hourly_events,6.25e-06
hyperliquid,xyz:SKHX,2026-07-06 08:00:00.012000+00:00,-8.93016e-05,1.0,,,POST /info fundingHistory,2026-07-23T07:14:14.963550+00:00,data/raw/hyperliquid/0692a10ed805cc456c7df21cd86989b0459d9bb40fb5a9a4658fd20927ed040c.json,official_hourly_events,-8.93016e-05
hyperliquid,xyz:SKHX,2026-07-06 09:00:00.015000+00:00,-3.46072e-05,1.0,,,POST /info fundingHistory,2026-07-23T07:14:14.963626+00:00,data/raw/hyperliquid/0692a10ed805cc456c7df21cd86989b0459d9bb40fb5a9a4658fd20927ed040c.json,official_hourly_events,-3.46072e-05
hyperliquid,xyz:SKHX,2026-07-06 10:00:00.027000+00:00,5.12525e-05,1.0,,,POST /info fundingHistory,2026-07-23T07:14:14.963695+00:00,data/raw/hyperliquid/0692a10ed805cc456c7df21cd86989b0459d9bb40fb5a9a4658fd20927ed040c.json,official_hourly_events,5.12525e-05
hyperliquid,xyz:SKHX,2026-07-06 11:00:00.052000+00:00,0.000149201,1.0,,,POST /info fundingHistory,2026-07-23T07:14:14.963762+00:00,data/raw/hyperliquid/0692a10ed805cc456c7df21cd86989b0459d9bb40fb5a9a4658fd20927ed040c.json,official_hourly_events,0.000149201
hyperliquid,xyz:SKHX,2026-07-06 12:00:00.006000+00:00,0.0002190586,1.0,,,POST /info fundingHistory,2026-07-23T07:14:14.963860+00:00,data/raw/hyperliquid/0692a10ed805cc456c7df21cd86989b0459d9bb40fb5a9a4658fd20927ed040c.json,official_hourly_events,0.0002190586
hyperliquid,xyz:SKHX,2026-07-06 13:00:00.006000+00:00,5.07943e-05,1.0,,,POST /info fundingHistory,2026-07-23T07:14:14.963938+00:00,data/raw/hyperliquid/0692a10ed805cc456c7df21cd86989b0459d9bb40fb5a9a4658fd20927ed040c.json,official_hourly_events,5.07943e-05
hyperliquid,xyz:SKHX,2026-07-06 14:00:00.030000+00:00,6.363e-06,1.0,,,POST /info fundingHistory,2026-07-23T07:14:14.964008+00:00,data/raw/hyperliquid/0692a10ed805cc456c7df21cd86989b0459d9bb40fb5a9a4658fd20927ed040c.json,official_hourly_events,6.363e-06
hyperliquid,xyz:SKHX,2026-07-06 15:00:00.126000+00:00,8.47545e-05,1.0,,,POST /info fundingHistory,2026-07-23T07:14:14.964076+00:00,data/raw/hyperliquid/0692a10ed805cc456c7df21cd86989b0459d9bb40fb5a9a4658fd20927ed040c.json,official_hourly_events,8.47545e-05
hyperliquid,xyz:SKHX,2026-07-06 16:00:00.080000+00:00,-6.02838e-05,1.0,,,POST /info fundingHistory,2026-07-23T07:14:14.964142+00:00,data/raw/hyperliquid/0692a10ed805cc456c7df21cd86989b0459d9bb40fb5a9a4658fd20927ed040c.json,official_hourly_events,-6.02838e-05
hyperliquid,xyz:SKHX,2026-07-06 17:00:00.022000+00:00,-6.42081e-05,1.0,,,POST /info fundingHistory,2026-07-23T07:14:14.964209+00:00,data/raw/hyperliquid/0692a10ed805cc456c7df21cd86989b0459d9bb40fb5a9a4658fd20927ed040c.json,official_hourly_events,-6.42081e-05
hyperliquid,xyz:SKHX,2026-07-06 18:00:00.024000+00:00,-0.0002354651,1.0,,,POST /info fundingHistory,2026-07-23T07:14:14.964274+00:00,data/raw/hyperliquid/0692a10ed805cc456c7df21cd86989b0459d9bb40fb5a9a4658fd20927ed040c.json,official_hourly_events,-0.0002354651
hyperliquid,xyz:SKHX,2026-07-06 19:00:00.057000+00:00,0.0002185881,1.0,,,POST /info fundingHistory,2026-07-23T07:14:14.964339+00:00,data/raw/hyperliquid/0692a10ed805cc456c7df21cd86989b0459d9bb40fb5a9a4658fd20927ed040c.json,official_hourly_events,0.0002185881
hyperliquid,xyz:SKHX,2026-07-06 20:00:00.066000+00:00,4.49215e-05,1.0,,,POST /info fundingHistory,2026-07-23T07:14:14.964405+00:00,data/raw/hyperliquid/0692a10ed805cc456c7df21cd86989b0459d9bb40fb5a9a4658fd20927ed040c.json,official_hourly_events,4.49215e-05
hyperliquid,xyz:SKHX,2026-07-06 21:00:00.039000+00:00,6.25e-06,1.0,,,POST /info fundingHistory,2026-07-23T07:14:14.964472+00:00,data/raw/hyperliquid/0692a10ed805cc456c7df21cd86989b0459d9bb40fb5a9a4658fd20927ed040c.json,official_hourly_events,6.25e-06
hyperliquid,xyz:SKHX,2026-07-06 22:00:00.063000+00:00,0.0001368193,1.0,,,POST /info fundingHistory,2026-07-23T07:14:14.964538+00:00,data/raw/hyperliquid/0692a10ed805cc456c7df21cd86989b0459d9bb40fb5a9a4658fd20927ed040c.json,official_hourly_events,0.0001368193
hyperliquid,xyz:SKHX,2026-07-06 23:00:00.027000+00:00,-0.0002419995,1.0,,,POST /info fundingHistory,2026-07-23T07:14:14.964605+00:00,data/raw/hyperliquid/0692a10ed805cc456c7df21cd86989b0459d9bb40fb5a9a4658fd20927ed040c.json,official_hourly_events,-0.0002419995
hyperliquid,xyz:SKHX,2026-07-07 00:00:00.045000+00:00,0.0001599793,1.0,,,POST /info fundingHistory,2026-07-23T07:14:14.964671+00:00,data/raw/hyperliquid/0692a10ed805cc456c7df21cd86989b0459d9bb40fb5a9a4658fd20927ed040c.json,official_hourly_events,0.0001599793
hyperliquid,xyz:SKHX,2026-07-07 01:00:00.016000+00:00,0.0001645948,1.0,,,POST /info fundingHistory,2026-07-23T07:14:14.964737+00:00,data/raw/hyperliquid/0692a10ed805cc456c7df21cd86989b0459d9bb40fb5a9a4658fd20927ed040c.json,official_hourly_events,0.0001645948
hyperliquid,xyz:SKHX,2026-07-07 02:00:00.038000+00:00,0.00031797,1.0,,,POST /info fundingHistory,2026-07-23T07:14:14.964835+00:00,data/raw/hyperliquid/0692a10ed805cc456c7df21cd86989b0459d9bb40fb5a9a4658fd20927ed040c.json,official_hourly_events,0.00031797
hyperliquid,xyz:SKHX,2026-07-07 03:00:00.016000+00:00,0.0004386644,1.0,,,POST /info fundingHistory,2026-07-23T07:14:14.964919+00:00,data/raw/hyperliquid/0692a10ed805cc456c7df21cd86989b0459d9bb40fb5a9a4658fd20927ed040c.json,official_hourly_events,0.0004386644
hyperliquid,xyz:SKHX,2026-07-07 04:00:00.040000+00:00,0.000405007,1.0,,,POST /info fundingHistory,2026-07-23T07:14:14.964990+00:00,data/raw/hyperliquid/0692a10ed805cc456c7df21cd86989b0459d9bb40fb5a9a4658fd20927ed040c.json,official_hourly_events,0.000405007
hyperliquid,xyz:SKHX,2026-07-07 05:00:00.044000+00:00,0.0004998765,1.0,,,POST /info fundingHistory,2026-07-23T07:14:14.965059+00:00,data/raw/hyperliquid/0692a10ed805cc456c7df21cd86989b0459d9bb40fb5a9a4658fd20927ed040c.json,official_hourly_events,0.0004998765
hyperliquid,xyz:SKHX,2026-07-07 06:00:00.057000+00:00,0.0004495795,1.0,,,POST /info fundingHistory,2026-07-23T07:14:14.965127+00:00,data/raw/hyperliquid/0692a10ed805cc456c7df21cd86989b0459d9bb40fb5a9a4658fd20927ed040c.json,official_hourly_events,0.0004495795
hyperliquid,xyz:SKHX,2026-07-07 07:00:00.030000+00:00,0.0002034985,1.0,,,POST /info fundingHistory,2026-07-23T07:14:14.965196+00:00,data/raw/hyperliquid/0692a10ed805cc456c7df21cd86989b0459d9bb40fb5a9a4658fd20927ed040c.json,official_hourly_events,0.0002034985
hyperliquid,xyz:SKHX,2026-07-07 08:00:00.059000+00:00,-2.05424e-05,1.0,,,POST /info fundingHistory,2026-07-23T07:14:14.965265+00:00,data/raw/hyperliquid/0692a10ed805cc456c7df21cd86989b0459d9bb40fb5a9a4658fd20927ed040c.json,official_hourly_events,-2.05424e-05
hyperliquid,xyz:SKHX,2026-07-07 09:00:00.050000+00:00,0.0002891368,1.0,,,POST /info fundingHistory,2026-07-23T07:14:14.965331+00:00,data/raw/hyperliquid/0692a10ed805cc456c7df21cd86989b0459d9bb40fb5a9a4658fd20927ed040c.json,official_hourly_events,0.0002891368
hyperliquid,xyz:SKHX,2026-07-07 10:00:00.014000+00:00,0.0002609827,1.0,,,POST /info fundingHistory,2026-07-23T07:14:14.965395+00:00,data/raw/hyperliquid/0692a10ed805cc456c7df21cd86989b0459d9bb40fb5a9a4658fd20927ed040c.json,official_hourly_events,0.0002609827
hyperliquid,xyz:SKHX,2026-07-07 11:00:00.093000+00:00,0.0003955699,1.0,,,POST /info fundingHistory,2026-07-23T07:14:14.965461+00:00,data/raw/hyperliquid/0692a10ed805cc456c7df21cd86989b0459d9bb40fb5a9a4658fd20927ed040c.json,official_hourly_events,0.0003955699
hyperliquid,xyz:SKHX,2026-07-07 12:00:00.031000+00:00,6.12615e-05,1.0,,,POST /info fundingHistory,2026-07-23T07:14:14.965526+00:00,data/raw/hyperliquid/0692a10ed805cc456c7df21cd86989b0459d9bb40fb5a9a4658fd20927ed040c.json,official_hourly_events,6.12615e-05
hyperliquid,xyz:SKHX,2026-07-07 13:00:00.060000+00:00,0.000181307,1.0,,,POST /info fundingHistory,2026-07-23T07:14:14.965591+00:00,data/raw/hyperliquid/0692a10ed805cc456c7df21cd86989b0459d9bb40fb5a9a4658fd20927ed040c.json,official_hourly_events,0.000181307
hyperliquid,xyz:SKHX,2026-07-07 14:00:00.064000+00:00,-0.000229026,1.0,,,POST /info fundingHistory,2026-07-23T07:14:14.965656+00:00,data/raw/hyperliquid/0692a10ed805cc456c7df21cd86989b0459d9bb40fb5a9a4658fd20927ed040c.json,official_hourly_events,-0.000229026
hyperliquid,xyz:SKHX,2026-07-07 15:00:00.094000+00:00,-0.0003999751,1.0,,,POST /info fundingHistory,2026-07-23T07:14:14.965720+00:00,data/raw/hyperliquid/0692a10ed805cc456c7df21cd86989b0459d9bb40fb5a9a4658fd20927ed040c.json,official_hourly_events,-0.0003999751
hyperliquid,xyz:SKHX,2026-07-07 16:00:00.045000+00:00,7.854e-06,1.0,,,POST /info fundingHistory,2026-07-23T07:14:14.965785+00:00,data/raw/hyperliquid/0692a10ed805cc456c7df21cd86989b0459d9bb40fb5a9a4658fd20927ed040c.json,official_hourly_events,7.854e-06
hyperliquid,xyz:SKHX,2026-07-07 17:00:00.069000+00:00,0.0002059506,1.0,,,POST /info fundingHistory,2026-07-23T07:14:14.965886+00:00,data/raw/hyperliquid/0692a10ed805cc456c7df21cd86989b0459d9bb40fb5a9a4658fd20927ed040c.json,official_hourly_events,0.0002059506
hyperliquid,xyz:SKHX,2026-07-07 18:00:00.007000+00:00,0.0003235397,1.0,,,POST /info fundingHistory,2026-07-23T07:14:14.965960+00:00,data/raw/hyperliquid/0692a10ed805cc456c7df21cd86989b0459d9bb40fb5a9a4658fd20927ed040c.json,official_hourly_events,0.0003235397
hyperliquid,xyz:SKHX,2026-07-07 19:00:00.045000+00:00,-0.0001297677,1.0,,,POST /info fundingHistory,2026-07-23T07:14:14.966028+00:00,data/raw/hyperliquid/0692a10ed805cc456c7df21cd86989b0459d9bb40fb5a9a4658fd20927ed040c.json,official_hourly_events,-0.0001297677
hyperliquid,xyz:SKHX,2026-07-07 20:00:00.007000+00:00,-0.0002225075,1.0,,,POST /info fundingHistory,2026-07-23T07:14:14.966094+00:00,data/raw/hyperliquid/0692a10ed805cc456c7df21cd86989b0459d9bb40fb5a9a4658fd20927ed040c.json,official_hourly_events,-0.0002225075
hyperliquid,xyz:SKHX,2026-07-07 21:00:00.010000+00:00,0.0001695165,1.0,,,POST /info fundingHistory,2026-07-23T07:14:14.966162+00:00,data/raw/hyperliquid/0692a10ed805cc456c7df21cd86989b0459d9bb40fb5a9a4658fd20927ed040c.json,official_hourly_events,0.0001695165
hyperliquid,xyz:SKHX,2026-07-07 22:00:00.012000+00:00,-0.0001332607,1.0,,,POST /info fundingHistory,2026-07-23T07:14:14.966228+00:00,data/raw/hyperliquid/0692a10ed805cc456c7df21cd86989b0459d9bb40fb5a9a4658fd20927ed040c.json,official_hourly_events,-0.0001332607
hyperliquid,xyz:SKHX,2026-07-07 23:00:00.057000+00:00,-0.000312826,1.0,,,POST /info fundingHistory,2026-07-23T07:14:14.966295+00:00,data/raw/hyperliquid/0692a10ed805cc456c7df21cd86989b0459d9bb40fb5a9a4658fd20927ed040c.json,official_hourly_events,-0.000312826
hyperliquid,xyz:SKHX,2026-07-08 00:00:00.001000+00:00,0.0001898129,1.0,,,POST /info fundingHistory,2026-07-23T07:14:14.966362+00:00,data/raw/hyperliquid/0692a10ed805cc456c7df21cd86989b0459d9bb40fb5a9a4658fd20927ed040c.json,official_hourly_events,0.0001898129
hyperliquid,xyz:SKHX,2026-07-08 01:00:00.064000+00:00,0.0001684652,1.0,,,POST /info fundingHistory,2026-07-23T07:14:14.966427+00:00,data/raw/hyperliquid/0692a10ed805cc456c7df21cd86989b0459d9bb40fb5a9a4658fd20927ed040c.json,official_hourly_events,0.0001684652
hyperliquid,xyz:SKHX,2026-07-08 02:00:00.004000+00:00,8.86699e-05,1.0,,,POST /info fundingHistory,2026-07-23T07:14:14.966492+00:00,data/raw/hyperliquid/0692a10ed805cc456c7df21cd86989b0459d9bb40fb5a9a4658fd20927ed040c.json,official_hourly_events,8.86699e-05
hyperliquid,xyz:SKHX,2026-07-08 03:00:00.071000+00:00,0.0002143036,1.0,,,POST /info fundingHistory,2026-07-23T07:14:14.966558+00:00,data/raw/hyperliquid/0692a10ed805cc456c7df21cd86989b0459d9bb40fb5a9a4658fd20927ed040c.json,official_hourly_events,0.0002143036
hyperliquid,xyz:SKHX,2026-07-08 04:00:00.037000+00:00,0.0001373758,1.0,,,POST /info fundingHistory,2026-07-23T07:14:14.966622+00:00,data/raw/hyperliquid/0692a10ed805cc456c7df21cd86989b0459d9bb40fb5a9a4658fd20927ed040c.json,official_hourly_events,0.0001373758
hyperliquid,xyz:SKHX,2026-07-08 05:00:00.031000+00:00,0.0002650671,1.0,,,POST /info fundingHistory,2026-07-23T07:14:14.966687+00:00,data/raw/hyperliquid/0692a10ed805cc456c7df21cd86989b0459d9bb40fb5a9a4658fd20927ed040c.json,official_hourly_events,0.0002650671
hyperliquid,xyz:SKHX,2026-07-08 06:00:00.060000+00:00,0.0003210823,1.0,,,POST /info fundingHistory,2026-07-23T07:14:14.966752+00:00,data/raw/hyperliquid/0692a10ed805cc456c7df21cd86989b0459d9bb40fb5a9a4658fd20927ed040c.json,official_hourly_events,0.0003210823
hyperliquid,xyz:SKHX,2026-07-08 07:00:00.053000+00:00,0.0002576001,1.0,,,POST /info fundingHistory,2026-07-23T07:14:14.966850+00:00,data/raw/hyperliquid/0692a10ed805cc456c7df21cd86989b0459d9bb40fb5a9a4658fd20927ed040c.json,official_hourly_events,0.0002576001
hyperliquid,xyz:SKHX,2026-07-08 08:00:00.050000+00:00,0.0002863891,1.0,,,POST /info fundingHistory,2026-07-23T07:14:14.966928+00:00,data/raw/hyperliquid/0692a10ed805cc456c7df21cd86989b0459d9bb40fb5a9a4658fd20927ed040c.json,official_hourly_events,0.0002863891
hyperliquid,xyz:SKHX,2026-07-08 09:00:00.088000+00:00,0.0004156798,1.0,,,POST /info fundingHistory,2026-07-23T07:14:14.966996+00:00,data/raw/hyperliquid/0692a10ed805cc456c7df21cd86989b0459d9bb40fb5a9a4658fd20927ed040c.json,official_hourly_events,0.0004156798
hyperliquid,xyz:SKHX,2026-07-08 10:00:00.012000+00:00,0.0003621825,1.0,,,POST /info fundingHistory,2026-07-23T07:14:14.967063+00:00,data/raw/hyperliquid/0692a10ed805cc456c7df21cd86989b0459d9bb40fb5a9a4658fd20927ed040c.json,official_hourly_events,0.0003621825
hyperliquid,xyz:SKHX,2026-07-08 11:00:00.026000+00:00,0.0002147377,1.0,,,POST /info fundingHistory,2026-07-23T07:14:14.967129+00:00,data/raw/hyperliquid/0692a10ed805cc456c7df21cd86989b0459d9bb40fb5a9a4658fd20927ed040c.json,official_hourly_events,0.0002147377
hyperliquid,xyz:SKHX,2026-07-08 12:00:00.007000+00:00,0.0002148934,1.0,,,POST /info fundingHistory,2026-07-23T07:14:14.967195+00:00,data/raw/hyperliquid/0692a10ed805cc456c7df21cd86989b0459d9bb40fb5a9a4658fd20927ed040c.json,official_hourly_events,0.0002148934
hyperliquid,xyz:SKHX,2026-07-08 13:00:00.036000+00:00,0.0002393952,1.0,,,POST /info fundingHistory,2026-07-23T07:14:14.967260+00:00,data/raw/hyperliquid/0692a10ed805cc456c7df21cd86989b0459d9bb40fb5a9a4658fd20927ed040c.json,official_hourly_events,0.0002393952
hyperliquid,xyz:SKHX,2026-07-08 14:00:00.017000+00:00,0.0006450293,1.0,,,POST /info fundingHistory,2026-07-23T07:14:14.967327+00:00,data/raw/hyperliquid/0692a10ed805cc456c7df21cd86989b0459d9bb40fb5a9a4658fd20927ed040c.json,official_hourly_events,0.0006450293
hyperliquid,xyz:SKHX,2026-07-08 15:00:00.041000+00:00,0.0002273996,1.0,,,POST /info fundingHistory,2026-07-23T07:14:14.967392+00:00,data/raw/hyperliquid/0692a10ed805cc456c7df21cd86989b0459d9bb40fb5a9a4658fd20927ed040c.json,official_hourly_events,0.0002273996
hyperliquid,xyz:SKHX,2026-07-08 16:00:00.052000+00:00,-9.6269e-05,1.0,,,POST /info fundingHistory,2026-07-23T07:14:14.967457+00:00,data/raw/hyperliquid/0692a10ed805cc456c7df21cd86989b0459d9bb40fb5a9a4658fd20927ed040c.json,official_hourly_events,-9.6269e-05
hyperliquid,xyz:SKHX,2026-07-08 17:00:00.041000+00:00,0.0004713744,1.0,,,POST /info fundingHistory,2026-07-23T07:14:14.967561+00:00,data/raw/hyperliquid/0692a10ed805cc456c7df21cd86989b0459d9bb40fb5a9a4658fd20927ed040c.json,official_hourly_events,0.0004713744
hyperliquid,xyz:SKHX,2026-07-08 18:00:00.123000+00:00,0.0003648751,1.0,,,POST /info fundingHistory,2026-07-23T07:14:14.967635+00:00,data/raw/hyperliquid/0692a10ed805cc456c7df21cd86989b0459d9bb40fb5a9a4658fd20927ed040c.json,official_hourly_events,0.0003648751
hyperliquid,xyz:SKHX,2026-07-08 19:00:00.005000+00:00,4.86008e-05,1.0,,,POST /info fundingHistory,2026-07-23T07:14:14.967705+00:00,data/raw/hyperliquid/0692a10ed805cc456c7df21cd86989b0459d9bb40fb5a9a4658fd20927ed040c.json,official_hourly_events,4.86008e-05
hyperliquid,xyz:SKHX,2026-07-08 20:00:00.010000+00:00,0.0001300822,1.0,,,POST /info fundingHistory,2026-07-23T07:14:14.967848+00:00,data/raw/hyperliquid/0692a10ed805cc456c7df21cd86989b0459d9bb40fb5a9a4658fd20927ed040c.json,official_hourly_events,0.0001300822
hyperliquid,xyz:SKHX,2026-07-08 21:00:00.047000+00:00,5.72294e-05,1.0,,,POST /info fundingHistory,2026-07-23T07:14:14.967948+00:00,data/raw/hyperliquid/0692a10ed805cc456c7df21cd86989b0459d9bb40fb5a9a4658fd20927ed040c.json,official_hourly_events,5.72294e-05
hyperliquid,xyz:SKHX,2026-07-08 22:00:00.056000+00:00,0.0002073483,1.0,,,POST /info fundingHistory,2026-07-23T07:14:14.968026+00:00,data/raw/hyperliquid/0692a10ed805cc456c7df21cd86989b0459d9bb40fb5a9a4658fd20927ed040c.json,official_hourly_events,0.0002073483
hyperliquid,xyz:SKHX,2026-07-08 23:00:00.004000+00:00,-0.0001002966,1.0,,,POST /info fundingHistory,2026-07-23T07:14:14.968099+00:00,data/raw/hyperliquid/0692a10ed805cc456c7df21cd86989b0459d9bb40fb5a9a4658fd20927ed040c.json,official_hourly_events,-0.0001002966
hyperliquid,xyz:SKHX,2026-07-09 00:00:00.002000+00:00,0.0004109952,1.0,,,POST /info fundingHistory,2026-07-23T07:14:14.968171+00:00,data/raw/hyperliquid/0692a10ed805cc456c7df21cd86989b0459d9bb40fb5a9a4658fd20927ed040c.json,official_hourly_events,0.0004109952
hyperliquid,xyz:SKHX,2026-07-09 01:00:00.031000+00:00,0.0001438124,1.0,,,POST /info fundingHistory,2026-07-23T07:14:14.968242+00:00,data/raw/hyperliquid/0692a10ed805cc456c7df21cd86989b0459d9bb40fb5a9a4658fd20927ed040c.json,official_hourly_events,0.0001438124
hyperliquid,xyz:SKHX,2026-07-09 02:00:00.080000+00:00,0.0001790128,1.0,,,POST /info fundingHistory,2026-07-23T07:14:14.968311+00:00,data/raw/hyperliquid/0692a10ed805cc456c7df21cd86989b0459d9bb40fb5a9a4658fd20927ed040c.json,official_hourly_events,0.0001790128
hyperliquid,xyz:SKHX,2026-07-09 03:00:00.095000+00:00,0.0002733605,1.0,,,POST /info fundingHistory,2026-07-23T07:14:14.968379+00:00,data/raw/hyperliquid/0692a10ed805cc456c7df21cd86989b0459d9bb40fb5a9a4658fd20927ed040c.json,official_hourly_events,0.0002733605
hyperliquid,xyz:SKHX,2026-07-09 04:00:00.024000+00:00,0.0002883403,1.0,,,POST /info fundingHistory,2026-07-23T07:14:14.968446+00:00,data/raw/hyperliquid/0692a10ed805cc456c7df21cd86989b0459d9bb40fb5a9a4658fd20927ed040c.json,official_hourly_events,0.0002883403
hyperliquid,xyz:SKHX,2026-07-09 05:00:00.045000+00:00,0.0002294085,1.0,,,POST /info fundingHistory,2026-07-23T07:14:14.968514+00:00,data/raw/hyperliquid/0692a10ed805cc456c7df21cd86989b0459d9bb40fb5a9a4658fd20927ed040c.json,official_hourly_events,0.0002294085
hyperliquid,xyz:SKHX,2026-07-09 06:00:00.066000+00:00,0.0002564584,1.0,,,POST /info fundingHistory,2026-07-23T07:14:14.968581+00:00,data/raw/hyperliquid/0692a10ed805cc456c7df21cd86989b0459d9bb40fb5a9a4658fd20927ed040c.json,official_hourly_events,0.0002564584
hyperliquid,xyz:SKHX,2026-07-09 07:00:00.047000+00:00,0.0002892043,1.0,,,POST /info fundingHistory,2026-07-23T07:14:14.968650+00:00,data/raw/hyperliquid/0692a10ed805cc456c7df21cd86989b0459d9bb40fb5a9a4658fd20927ed040c.json,official_hourly_events,0.0002892043
hyperliquid,xyz:SKHX,2026-07-09 08:00:00.032000+00:00,0.0001066868,1.0,,,POST /info fundingHistory,2026-07-23T07:14:14.968718+00:00,data/raw/hyperliquid/0692a10ed805cc456c7df21cd86989b0459d9bb40fb5a9a4658fd20927ed040c.json,official_hourly_events,0.0001066868
hyperliquid,xyz:SKHX,2026-07-09 09:00:00.034000+00:00,0.0002659841,1.0,,,POST /info fundingHistory,2026-07-23T07:14:14.968784+00:00,data/raw/hyperliquid/0692a10ed805cc456c7df21cd86989b0459d9bb40fb5a9a4658fd20927ed040c.json,official_hourly_events,0.0002659841
hyperliquid,xyz:SKHX,2026-07-09 10:00:00.040000+00:00,0.0003155538,1.0,,,POST /info fundingHistory,2026-07-23T07:14:14.968891+00:00,data/raw/hyperliquid/0692a10ed805cc456c7df21cd86989b0459d9bb40fb5a9a4658fd20927ed040c.json,official_hourly_events,0.0003155538
hyperliquid,xyz:SKHX,2026-07-09 11:00:00.063000+00:00,0.0002898819,1.0,,,POST /info fundingHistory,2026-07-23T07:14:14.968967+00:00,data/raw/hyperliquid/0692a10ed805cc456c7df21cd86989b0459d9bb40fb5a9a4658fd20927ed040c.json,official_hourly_events,0.0002898819
hyperliquid,xyz:SKHX,2026-07-09 12:00:00.002000+00:00,0.000360104,1.0,,,POST /info fundingHistory,2026-07-23T07:14:14.969040+00:00,data/raw/hyperliquid/0692a10ed805cc456c7df21cd86989b0459d9bb40fb5a9a4658fd20927ed040c.json,official_hourly_events,0.000360104
hyperliquid,xyz:SKHX,2026-07-09 13:00:00+00:00,0.0003518123,1.0,,,POST /info fundingHistory,2026-07-23T07:14:14.969110+00:00,data/raw/hyperliquid/0692a10ed805cc456c7df21cd86989b0459d9bb40fb5a9a4658fd20927ed040c.json,official_hourly_events,0.0003518123
hyperliquid,xyz:SKHX,2026-07-09 14:00:00.059000+00:00,0.0004174891,1.0,,,POST /info fundingHistory,2026-07-23T07:14:14.969179+00:00,data/raw/hyperliquid/0692a10ed805cc456c7df21cd86989b0459d9bb40fb5a9a4658fd20927ed040c.json,official_hourly_events,0.0004174891
hyperliquid,xyz:SKHX,2026-07-09 15:00:00.019000+00:00,-0.0002335599,1.0,,,POST /info fundingHistory,2026-07-23T07:14:14.969246+00:00,data/raw/hyperliquid/0692a10ed805cc456c7df21cd86989b0459d9bb40fb5a9a4658fd20927ed040c.json,official_hourly_events,-0.0002335599
hyperliquid,xyz:SKHX,2026-07-09 16:00:00.068000+00:00,8.17308e-05,1.0,,,POST /info fundingHistory,2026-07-23T07:14:14.969314+00:00,data/raw/hyperliquid/0692a10ed805cc456c7df21cd86989b0459d9bb40fb5a9a4658fd20927ed040c.json,official_hourly_events,8.17308e-05
hyperliquid,xyz:SKHX,2026-07-09 17:00:00.028000+00:00,-1.07852e-05,1.0,,,POST /info fundingHistory,2026-07-23T07:14:14.969381+00:00,data/raw/hyperliquid/0692a10ed805cc456c7df21cd86989b0459d9bb40fb5a9a4658fd20927ed040c.json,official_hourly_events,-1.07852e-05
hyperliquid,xyz:SKHX,2026-07-09 18:00:00.034000+00:00,0.0002087285,1.0,,,POST /info fundingHistory,2026-07-23T07:14:14.969449+00:00,data/raw/hyperliquid/0692a10ed805cc456c7df21cd86989b0459d9bb40fb5a9a4658fd20927ed040c.json,official_hourly_events,0.0002087285
hyperliquid,xyz:SKHX,2026-07-09 19:00:00.065000+00:00,-7.4194e-06,1.0,,,POST /info fundingHistory,2026-07-23T07:14:14.969517+00:00,data/raw/hyperliquid/0692a10ed805cc456c7df21cd86989b0459d9bb40fb5a9a4658fd20927ed040c.json,official_hourly_events,-7.4194e-06
hyperliquid,xyz:SKHX,2026-07-09 20:00:00.026000+00:00,-3.76865e-05,1.0,,,POST /info fundingHistory,2026-07-23T07:14:14.969583+00:00,data/raw/hyperliquid/0692a10ed805cc456c7df21cd86989b0459d9bb40fb5a9a4658fd20927ed040c.json,official_hourly_events,-3.76865e-05
hyperliquid,xyz:SKHX,2026-07-09 21:00:00.018000+00:00,-4.81558e-05,1.0,,,POST /info fundingHistory,2026-07-23T07:14:14.969650+00:00,data/raw/hyperliquid/0692a10ed805cc456c7df21cd86989b0459d9bb40fb5a9a4658fd20927ed040c.json,official_hourly_events,-4.81558e-05
hyperliquid,xyz:SKHX,2026-07-09 22:00:00.018000+00:00,8.14202e-05,1.0,,,POST /info fundingHistory,2026-07-23T07:14:14.969716+00:00,data/raw/hyperliquid/0692a10ed805cc456c7df21cd86989b0459d9bb40fb5a9a4658fd20927ed040c.json,official_hourly_events,8.14202e-05
hyperliquid,xyz:SKHX,2026-07-09 23:00:00.113000+00:00,0.000204142,1.0,,,POST /info fundingHistory,2026-07-23T07:14:14.969783+00:00,data/raw/hyperliquid/0692a10ed805cc456c7df21cd86989b0459d9bb40fb5a9a4658fd20927ed040c.json,official_hourly_events,0.000204142
hyperliquid,xyz:SKHX,2026-07-10 00:00:00.078000+00:00,0.000320956,1.0,,,POST /info fundingHistory,2026-07-23T07:14:14.969882+00:00,data/raw/hyperliquid/0692a10ed805cc456c7df21cd86989b0459d9bb40fb5a9a4658fd20927ed040c.json,official_hourly_events,0.000320956
hyperliquid,xyz:SKHX,2026-07-10 01:00:00.006000+00:00,0.0006242835,1.0,,,POST /info fundingHistory,2026-07-23T07:14:14.969955+00:00,data/raw/hyperliquid/0692a10ed805cc456c7df21cd86989b0459d9bb40fb5a9a4658fd20927ed040c.json,official_hourly_events,0.0006242835
hyperliquid,xyz:SKHX,2026-07-10 02:00:00.014000+00:00,0.0007078568,1.0,,,POST /info fundingHistory,2026-07-23T07:14:14.970022+00:00,data/raw/hyperliquid/0692a10ed805cc456c7df21cd86989b0459d9bb40fb5a9a4658fd20927ed040c.json,official_hourly_events,0.0007078568
hyperliquid,xyz:SKHX,2026-07-10 03:00:00.026000+00:00,0.000426974,1.0,,,POST /info fundingHistory,2026-07-23T07:14:14.970088+00:00,data/raw/hyperliquid/0692a10ed805cc456c7df21cd86989b0459d9bb40fb5a9a4658fd20927ed040c.json,official_hourly_events,0.000426974
hyperliquid,xyz:SKHX,2026-07-10 04:00:00.004000+00:00,0.0003786819,1.0,,,POST /info fundingHistory,2026-07-23T07:14:14.970152+00:00,data/raw/hyperliquid/0692a10ed805cc456c7df21cd86989b0459d9bb40fb5a9a4658fd20927ed040c.json,official_hourly_events,0.0003786819
hyperliquid,xyz:SKHX,2026-07-10 05:00:00.103000+00:00,0.0003434505,1.0,,,POST /info fundingHistory,2026-07-23T07:14:14.970217+00:00,data/raw/hyperliquid/0692a10ed805cc456c7df21cd86989b0459d9bb40fb5a9a4658fd20927ed040c.json,official_hourly_events,0.0003434505
hyperliquid,xyz:SKHX,2026-07-10 06:00:00.056000+00:00,0.0002886313,1.0,,,POST /info fundingHistory,2026-07-23T07:14:14.970281+00:00,data/raw/hyperliquid/0692a10ed805cc456c7df21cd86989b0459d9bb40fb5a9a4658fd20927ed040c.json,official_hourly_events,0.0002886313
hyperliquid,xyz:SKHX,2026-07-10 07:00:00.075000+00:00,0.0002405211,1.0,,,POST /info fundingHistory,2026-07-23T07:14:14.970345+00:00,data/raw/hyperliquid/0692a10ed805cc456c7df21cd86989b0459d9bb40fb5a9a4658fd20927ed040c.json,official_hourly_events,0.0002405211
hyperliquid,xyz:SKHX,2026-07-10 08:00:00.011000+00:00,0.0002564808,1.0,,,POST /info fundingHistory,2026-07-23T07:14:14.970410+00:00,data/raw/hyperliquid/0692a10ed805cc456c7df21cd86989b0459d9bb40fb5a9a4658fd20927ed040c.json,official_hourly_events,0.0002564808
hyperliquid,xyz:SKHX,2026-07-10 09:00:00.001000+00:00,0.0005539066,1.0,,,POST /info fundingHistory,2026-07-23T07:14:14.970475+00:00,data/raw/hyperliquid/0692a10ed805cc456c7df21cd86989b0459d9bb40fb5a9a4658fd20927ed040c.json,official_hourly_events,0.0005539066
hyperliquid,xyz:SKHX,2026-07-10 10:00:00.010000+00:00,0.0007404242,1.0,,,POST /info fundingHistory,2026-07-23T07:14:14.970540+00:00,data/raw/hyperliquid/0692a10ed805cc456c7df21cd86989b0459d9bb40fb5a9a4658fd20927ed040c.json,official_hourly_events,0.0007404242
hyperliquid,xyz:SKHX,2026-07-10 11:00:00.063000+00:00,0.0006639954,1.0,,,POST /info fundingHistory,2026-07-23T07:14:14.970604+00:00,data/raw/hyperliquid/0692a10ed805cc456c7df21cd86989b0459d9bb40fb5a9a4658fd20927ed040c.json,official_hourly_events,0.0006639954
hyperliquid,xyz:SKHX,2026-07-10 12:00:00.048000+00:00,0.0006702923,1.0,,,POST /info fundingHistory,2026-07-23T07:14:14.970668+00:00,data/raw/hyperliquid/0692a10ed805cc456c7df21cd86989b0459d9bb40fb5a9a4658fd20927ed040c.json,official_hourly_events,0.0006702923
hyperliquid,xyz:SKHX,2026-07-10 13:00:00.040000+00:00,6.25e-06,1.0,,,POST /info fundingHistory,2026-07-23T07:14:14.970733+00:00,data/raw/hyperliquid/0692a10ed805cc456c7df21cd86989b0459d9bb40fb5a9a4658fd20927ed040c.json,official_hourly_events,6.25e-06
hyperliquid,xyz:SKHX,2026-07-10 14:00:00.038000+00:00,-0.0001226565,1.0,,,POST /info fundingHistory,2026-07-23T07:14:14.970824+00:00,data/raw/hyperliquid/0692a10ed805cc456c7df21cd86989b0459d9bb40fb5a9a4658fd20927ed040c.json,official_hourly_events,-0.0001226565
hyperliquid,xyz:SKHX,2026-07-10 15:00:00.058000+00:00,6.25e-06,1.0,,,POST /info fundingHistory,2026-07-23T07:14:14.970921+00:00,data/raw/hyperliquid/0692a10ed805cc456c7df21cd86989b0459d9bb40fb5a9a4658fd20927ed040c.json,official_hourly_events,6.25e-06
hyperliquid,xyz:SKHX,2026-07-10 16:00:00.002000+00:00,3.92912e-05,1.0,,,POST /info fundingHistory,2026-07-23T07:14:14.971002+00:00,data/raw/hyperliquid/0692a10ed805cc456c7df21cd86989b0459d9bb40fb5a9a4658fd20927ed040c.json,official_hourly_events,3.92912e-05
hyperliquid,xyz:SKHX,2026-07-10 17:00:00.023000+00:00,-0.0003973197,1.0,,,POST /info fundingHistory,2026-07-23T07:14:14.971074+00:00,data/raw/hyperliquid/0692a10ed805cc456c7df21cd86989b0459d9bb40fb5a9a4658fd20927ed040c.json,official_hourly_events,-0.0003973197
hyperliquid,xyz:SKHX,2026-07-10 18:00:00.023000+00:00,0.0001702995,1.0,,,POST /info fundingHistory,2026-07-23T07:14:14.971142+00:00,data/raw/hyperliquid/0692a10ed805cc456c7df21cd86989b0459d9bb40fb5a9a4658fd20927ed040c.json,official_hourly_events,0.0001702995
hyperliquid,xyz:SKHX,2026-07-10 19:00:00.029000+00:00,-7.58285e-05,1.0,,,POST /info fundingHistory,2026-07-23T07:14:14.971209+00:00,data/raw/hyperliquid/0692a10ed805cc456c7df21cd86989b0459d9bb40fb5a9a4658fd20927ed040c.json,official_hourly_events,-7.58285e-05
hyperliquid,xyz:SKHX,2026-07-10 20:00:00.039000+00:00,1.4997e-06,1.0,,,POST /info fundingHistory,2026-07-23T07:14:14.971277+00:00,data/raw/hyperliquid/0692a10ed805cc456c7df21cd86989b0459d9bb40fb5a9a4658fd20927ed040c.json,official_hourly_events,1.4997e-06
hyperliquid,xyz:SKHX,2026-07-10 21:00:00.032000+00:00,-1.92363e-05,1.0,,,POST /info fundingHistory,2026-07-23T07:14:14.971344+00:00,data/raw/hyperliquid/0692a10ed805cc456c7df21cd86989b0459d9bb40fb5a9a4658fd20927ed040c.json,official_hourly_events,-1.92363e-05
hyperliquid,xyz:SKHX,2026-07-10 22:00:00.008000+00:00,-4.62494e-05,1.0,,,POST /info fundingHistory,2026-07-23T07:14:14.971412+00:00,data/raw/hyperliquid/0692a10ed805cc456c7df21cd86989b0459d9bb40fb5a9a4658fd20927ed040c.json,official_hourly_events,-4.62494e-05
hyperliquid,xyz:SKHX,2026-07-10 23:00:00.054000+00:00,-3.9412e-05,1.0,,,POST /info fundingHistory,2026-07-23T07:14:14.971479+00:00,data/raw/hyperliquid/0692a10ed805cc456c7df21cd86989b0459d9bb40fb5a9a4658fd20927ed040c.json,official_hourly_events,-3.9412e-05
hyperliquid,xyz:SKHX,2026-07-11 00:00:00.046000+00:00,2.83053e-05,1.0,,,POST /info fundingHistory,2026-07-23T07:14:14.971589+00:00,data/raw/hyperliquid/0692a10ed805cc456c7df21cd86989b0459d9bb40fb5a9a4658fd20927ed040c.json,official_hourly_events,2.83053e-05
hyperliquid,xyz:SKHX,2026-07-11 01:00:00.003000+00:00,6.25e-06,1.0,,,POST /info fundingHistory,2026-07-23T07:14:14.971662+00:00,data/raw/hyperliquid/0692a10ed805cc456c7df21cd86989b0459d9bb40fb5a9a4658fd20927ed040c.json,official_hourly_events,6.25e-06
hyperliquid,xyz:SKHX,2026-07-11 02:00:00.086000+00:00,-6.77953e-05,1.0,,,POST /info fundingHistory,2026-07-23T07:14:14.971729+00:00,data/raw/hyperliquid/0692a10ed805cc456c7df21cd86989b0459d9bb40fb5a9a4658fd20927ed040c.json,official_hourly_events,-6.77953e-05
hyperliquid,xyz:SKHX,2026-07-11 03:00:00.061000+00:00,6.31322e-05,1.0,,,POST /info fundingHistory,2026-07-23T07:14:14.971817+00:00,data/raw/hyperliquid/0692a10ed805cc456c7df21cd86989b0459d9bb40fb5a9a4658fd20927ed040c.json,official_hourly_events,6.31322e-05
hyperliquid,xyz:SKHX,2026-07-11 04:00:00+00:00,2.58547e-05,1.0,,,POST /info fundingHistory,2026-07-23T07:14:14.971900+00:00,data/raw/hyperliquid/0692a10ed805cc456c7df21cd86989b0459d9bb40fb5a9a4658fd20927ed040c.json,official_hourly_events,2.58547e-05
hyperliquid,xyz:SKHX,2026-07-11 05:00:00.014000+00:00,-4.35356e-05,1.0,,,POST /info fundingHistory,2026-07-23T07:14:14.971973+00:00,data/raw/hyperliquid/0692a10ed805cc456c7df21cd86989b0459d9bb40fb5a9a4658fd20927ed040c.json,official_hourly_events,-4.35356e-05
hyperliquid,xyz:SKHX,2026-07-11 06:00:00.004000+00:00,6.25e-06,1.0,,,POST /info fundingHistory,2026-07-23T07:14:14.972042+00:00,data/raw/hyperliquid/0692a10ed805cc456c7df21cd86989b0459d9bb40fb5a9a4658fd20927ed040c.json,official_hourly_events,6.25e-06
hyperliquid,xyz:SKHX,2026-07-11 07:00:00.002000+00:00,3.70688e-05,1.0,,,POST /info fundingHistory,2026-07-23T07:14:14.972110+00:00,data/raw/hyperliquid/0692a10ed805cc456c7df21cd86989b0459d9bb40fb5a9a4658fd20927ed040c.json,official_hourly_events,3.70688e-05
hyperliquid,xyz:SKHX,2026-07-11 08:00:00.047000+00:00,6.25e-06,1.0,,,POST /info fundingHistory,2026-07-23T07:14:14.972179+00:00,data/raw/hyperliquid/0692a10ed805cc456c7df21cd86989b0459d9bb40fb5a9a4658fd20927ed040c.json,official_hourly_events,6.25e-06
hyperliquid,xyz:SKHX,2026-07-11 09:00:00.015000+00:00,6.25e-06,1.0,,,POST /info fundingHistory,2026-07-23T07:14:14.972246+00:00,data/raw/hyperliquid/0692a10ed805cc456c7df21cd86989b0459d9bb40fb5a9a4658fd20927ed040c.json,official_hourly_events,6.25e-06
hyperliquid,xyz:SKHX,2026-07-11 10:00:00.064000+00:00,6.25e-06,1.0,,,POST /info fundingHistory,2026-07-23T07:14:14.972311+00:00,data/raw/hyperliquid/0692a10ed805cc456c7df21cd86989b0459d9bb40fb5a9a4658fd20927ed040c.json,official_hourly_events,6.25e-06
hyperliquid,xyz:SKHX,2026-07-11 11:00:00.007000+00:00,6.25e-06,1.0,,,POST /info fundingHistory,2026-07-23T07:14:14.972378+00:00,data/raw/hyperliquid/0692a10ed805cc456c7df21cd86989b0459d9bb40fb5a9a4658fd20927ed040c.json,official_hourly_events,6.25e-06
hyperliquid,xyz:SKHX,2026-07-11 12:00:00.045000+00:00,2.01867e-05,1.0,,,POST /info fundingHistory,2026-07-23T07:14:14.972445+00:00,data/raw/hyperliquid/0692a10ed805cc456c7df21cd86989b0459d9bb40fb5a9a4658fd20927ed040c.json,official_hourly_events,2.01867e-05
hyperliquid,xyz:SKHX,2026-07-11 13:00:00.057000+00:00,3.52121e-05,1.0,,,POST /info fundingHistory,2026-07-23T07:14:14.972510+00:00,data/raw/hyperliquid/0692a10ed805cc456c7df21cd86989b0459d9bb40fb5a9a4658fd20927ed040c.json,official_hourly_events,3.52121e-05
hyperliquid,xyz:SKHX,2026-07-11 14:00:00.068000+00:00,-4.053e-06,1.0,,,POST /info fundingHistory,2026-07-23T07:14:14.972576+00:00,data/raw/hyperliquid/0692a10ed805cc456c7df21cd86989b0459d9bb40fb5a9a4658fd20927ed040c.json,official_hourly_events,-4.053e-06
hyperliquid,xyz:SKHX,2026-07-11 15:00:00.046000+00:00,-4.16292e-05,1.0,,,POST /info fundingHistory,2026-07-23T07:14:14.972641+00:00,data/raw/hyperliquid/0692a10ed805cc456c7df21cd86989b0459d9bb40fb5a9a4658fd20927ed040c.json,official_hourly_events,-4.16292e-05
hyperliquid,xyz:SKHX,2026-07-11 16:00:00.012000+00:00,-1.81593e-05,1.0,,,POST /info fundingHistory,2026-07-23T07:14:14.972706+00:00,data/raw/hyperliquid/0692a10ed805cc456c7df21cd86989b0459d9bb40fb5a9a4658fd20927ed040c.json,official_hourly_events,-1.81593e-05
hyperliquid,xyz:SKHX,2026-07-11 17:00:00.042000+00:00,6.25e-06,1.0,,,POST /info fundingHistory,2026-07-23T07:14:14.972771+00:00,data/raw/hyperliquid/0692a10ed805cc456c7df21cd86989b0459d9bb40fb5a9a4658fd20927ed040c.json,official_hourly_events,6.25e-06
hyperliquid,xyz:SKHX,2026-07-11 18:00:00.014000+00:00,1.94079e-05,1.0,,,POST /info fundingHistory,2026-07-23T07:14:14.972870+00:00,data/raw/hyperliquid/0692a10ed805cc456c7df21cd86989b0459d9bb40fb5a9a4658fd20927ed040c.json,official_hourly_events,1.94079e-05
hyperliquid,xyz:SKHX,2026-07-11 19:00:00.040000+00:00,6.25e-06,1.0,,,POST /info fundingHistory,2026-07-23T07:14:14.972948+00:00,data/raw/hyperliquid/0692a10ed805cc456c7df21cd86989b0459d9bb40fb5a9a4658fd20927ed040c.json,official_hourly_events,6.25e-06
hyperliquid,xyz:SKHX,2026-07-11 20:00:00.027000+00:00,4.46614e-05,1.0,,,POST /info fundingHistory,2026-07-23T07:14:14.973018+00:00,data/raw/hyperliquid/0692a10ed805cc456c7df21cd86989b0459d9bb40fb5a9a4658fd20927ed040c.json,official_hourly_events,4.46614e-05
hyperliquid,xyz:SKHX,2026-07-11 21:00:00.018000+00:00,6.25e-06,1.0,,,POST /info fundingHistory,2026-07-23T07:14:14.973086+00:00,data/raw/hyperliquid/0692a10ed805cc456c7df21cd86989b0459d9bb40fb5a9a4658fd20927ed040c.json,official_hourly_events,6.25e-06
hyperliquid,xyz:SKHX,2026-07-11 22:00:00.055000+00:00,-1.52797e-05,1.0,,,POST /info fundingHistory,2026-07-23T07:14:14.973152+00:00,data/raw/hyperliquid/0692a10ed805cc456c7df21cd86989b0459d9bb40fb5a9a4658fd20927ed040c.json,official_hourly_events,-1.52797e-05
hyperliquid,xyz:SKHX,2026-07-11 23:00:00+00:00,-4.22921e-05,1.0,,,POST /info fundingHistory,2026-07-23T07:14:14.973221+00:00,data/raw/hyperliquid/0692a10ed805cc456c7df21cd86989b0459d9bb40fb5a9a4658fd20927ed040c.json,official_hourly_events,-4.22921e-05
hyperliquid,xyz:SKHX,2026-07-12 00:00:00.016000+00:00,-0.0001469248,1.0,,,POST /info fundingHistory,2026-07-23T07:14:14.973288+00:00,data/raw/hyperliquid/0692a10ed805cc456c7df21cd86989b0459d9bb40fb5a9a4658fd20927ed040c.json,official_hourly_events,-0.0001469248
hyperliquid,xyz:SKHX,2026-07-12 01:00:00.039000+00:00,6.25e-06,1.0,,,POST /info fundingHistory,2026-07-23T07:14:14.973353+00:00,data/raw/hyperliquid/0692a10ed805cc456c7df21cd86989b0459d9bb40fb5a9a4658fd20927ed040c.json,official_hourly_events,6.25e-06
hyperliquid,xyz:SKHX,2026-07-12 02:00:00.006000+00:00,-3.84813e-05,1.0,,,POST /info fundingHistory,2026-07-23T07:14:14.973419+00:00,data/raw/hyperliquid/0692a10ed805cc456c7df21cd86989b0459d9bb40fb5a9a4658fd20927ed040c.json,official_hourly_events,-3.84813e-05
hyperliquid,xyz:SKHX,2026-07-12 03:00:00.028000+00:00,6.25e-06,1.0,,,POST /info fundingHistory,2026-07-23T07:14:14.973484+00:00,data/raw/hyperliquid/0692a10ed805cc456c7df21cd86989b0459d9bb40fb5a9a4658fd20927ed040c.json,official_hourly_events,6.25e-06
hyperliquid,xyz:SKHX,2026-07-12 04:00:00.023000+00:00,7.49339e-05,1.0,,,POST /info fundingHistory,2026-07-23T07:14:14.973549+00:00,data/raw/hyperliquid/0692a10ed805cc456c7df21cd86989b0459d9bb40fb5a9a4658fd20927ed040c.json,official_hourly_events,7.49339e-05
hyperliquid,xyz:SKHX,2026-07-12 05:00:00.029000+00:00,6.6245e-06,1.0,,,POST /info fundingHistory,2026-07-23T07:14:14.973615+00:00,data/raw/hyperliquid/0692a10ed805cc456c7df21cd86989b0459d9bb40fb5a9a4658fd20927ed040c.json,official_hourly_events,6.6245e-06
hyperliquid,xyz:SKHX,2026-07-12 06:00:00.033000+00:00,-1.61467e-05,1.0,,,POST /info fundingHistory,2026-07-23T07:14:14.973680+00:00,data/raw/hyperliquid/0692a10ed805cc456c7df21cd86989b0459d9bb40fb5a9a4658fd20927ed040c.json,official_hourly_events,-1.61467e-05
hyperliquid,xyz:SKHX,2026-07-12 07:00:00.036000+00:00,-3.66885e-05,1.0,,,POST /info fundingHistory,2026-07-23T07:14:14.973746+00:00,data/raw/hyperliquid/0692a10ed805cc456c7df21cd86989b0459d9bb40fb5a9a4658fd20927ed040c.json,official_hourly_events,-3.66885e-05
hyperliquid,xyz:SKHX,2026-07-12 08:00:00.016000+00:00,6.25e-06,1.0,,,POST /info fundingHistory,2026-07-23T07:14:14.973837+00:00,data/raw/hyperliquid/0692a10ed805cc456c7df21cd86989b0459d9bb40fb5a9a4658fd20927ed040c.json,official_hourly_events,6.25e-06
hyperliquid,xyz:SKHX,2026-07-12 09:00:00.011000+00:00,4.76646e-05,1.0,,,POST /info fundingHistory,2026-07-23T07:14:14.973913+00:00,data/raw/hyperliquid/0692a10ed805cc456c7df21cd86989b0459d9bb40fb5a9a4658fd20927ed040c.json,official_hourly_events,4.76646e-05
hyperliquid,xyz:SKHX,2026-07-12 10:00:00.018000+00:00,5.10367e-05,1.0,,,POST /info fundingHistory,2026-07-23T07:14:14.973982+00:00,data/raw/hyperliquid/0692a10ed805cc456c7df21cd86989b0459d9bb40fb5a9a4658fd20927ed040c.json,official_hourly_events,5.10367e-05
hyperliquid,xyz:SKHX,2026-07-12 11:00:00.026000+00:00,6.25e-06,1.0,,,POST /info fundingHistory,2026-07-23T07:14:14.974050+00:00,data/raw/hyperliquid/0692a10ed805cc456c7df21cd86989b0459d9bb40fb5a9a4658fd20927ed040c.json,official_hourly_events,6.25e-06
hyperliquid,xyz:SKHX,2026-07-12 12:00:00.051000+00:00,3.49769e-05,1.0,,,POST /info fundingHistory,2026-07-23T07:14:14.974117+00:00,data/raw/hyperliquid/0692a10ed805cc456c7df21cd86989b0459d9bb40fb5a9a4658fd20927ed040c.json,official_hourly_events,3.49769e-05
hyperliquid,xyz:SKHX,2026-07-12 13:00:00.002000+00:00,-4.8304e-06,1.0,,,POST /info fundingHistory,2026-07-23T07:14:14.974184+00:00,data/raw/hyperliquid/0692a10ed805cc456c7df21cd86989b0459d9bb40fb5a9a4658fd20927ed040c.json,official_hourly_events,-4.8304e-06
hyperliquid,xyz:SKHX,2026-07-12 14:00:00.005000+00:00,6.25e-06,1.0,,,POST /info fundingHistory,2026-07-23T07:14:14.974250+00:00,data/raw/hyperliquid/0692a10ed805cc456c7df21cd86989b0459d9bb40fb5a9a4658fd20927ed040c.json,official_hourly_events,6.25e-06
hyperliquid,xyz:SKHX,2026-07-12 15:00:00.049000+00:00,6.25e-06,1.0,,,POST /info fundingHistory,2026-07-23T07:14:14.974315+00:00,data/raw/hyperliquid/0692a10ed805cc456c7df21cd86989b0459d9bb40fb5a9a4658fd20927ed040c.json,official_hourly_events,6.25e-06
hyperliquid,xyz:SKHX,2026-07-12 16:00:00.038000+00:00,6.25e-06,1.0,,,POST /info fundingHistory,2026-07-23T07:14:14.974381+00:00,data/raw/hyperliquid/0692a10ed805cc456c7df21cd86989b0459d9bb40fb5a9a4658fd20927ed040c.json,official_hourly_events,6.25e-06
hyperliquid,xyz:SKHX,2026-07-12 17:00:00.033000+00:00,4.67011e-05,1.0,,,POST /info fundingHistory,2026-07-23T07:14:14.974447+00:00,data/raw/hyperliquid/0692a10ed805cc456c7df21cd86989b0459d9bb40fb5a9a4658fd20927ed040c.json,official_hourly_events,4.67011e-05
hyperliquid,xyz:SKHX,2026-07-12 18:00:00.074000+00:00,2.37594e-05,1.0,,,POST /info fundingHistory,2026-07-23T07:14:14.974512+00:00,data/raw/hyperliquid/0692a10ed805cc456c7df21cd86989b0459d9bb40fb5a9a4658fd20927ed040c.json,official_hourly_events,2.37594e-05
hyperliquid,xyz:SKHX,2026-07-12 19:00:00.028000+00:00,9.87935e-05,1.0,,,POST /info fundingHistory,2026-07-23T07:14:14.974577+00:00,data/raw/hyperliquid/0692a10ed805cc456c7df21cd86989b0459d9bb40fb5a9a4658fd20927ed040c.json,official_hourly_events,9.87935e-05
hyperliquid,xyz:SKHX,2026-07-12 20:00:00.131000+00:00,6.48985e-05,1.0,,,POST /info fundingHistory,2026-07-23T07:14:14.974642+00:00,data/raw/hyperliquid/0692a10ed805cc456c7df21cd86989b0459d9bb40fb5a9a4658fd20927ed040c.json,official_hourly_events,6.48985e-05
hyperliquid,xyz:SKHX,2026-07-12 21:00:00.020000+00:00,6.25e-06,1.0,,,POST /info fundingHistory,2026-07-23T07:14:14.974707+00:00,data/raw/hyperliquid/0692a10ed805cc456c7df21cd86989b0459d9bb40fb5a9a4658fd20927ed040c.json,official_hourly_events,6.25e-06
hyperliquid,xyz:SKHX,2026-07-12 22:00:00.022000+00:00,-1.42709e-05,1.0,,,POST /info fundingHistory,2026-07-23T07:14:14.974772+00:00,data/raw/hyperliquid/0692a10ed805cc456c7df21cd86989b0459d9bb40fb5a9a4658fd20927ed040c.json,official_hourly_events,-1.42709e-05
hyperliquid,xyz:SKHX,2026-07-12 23:00:00.070000+00:00,-0.000187844,1.0,,,POST /info fundingHistory,2026-07-23T07:14:14.974871+00:00,data/raw/hyperliquid/0692a10ed805cc456c7df21cd86989b0459d9bb40fb5a9a4658fd20927ed040c.json,official_hourly_events,-0.000187844
hyperliquid,xyz:SKHX,2026-07-13 00:00:00.059000+00:00,0.0005533987,1.0,,,POST /info fundingHistory,2026-07-23T07:14:14.974948+00:00,data/raw/hyperliquid/0692a10ed805cc456c7df21cd86989b0459d9bb40fb5a9a4658fd20927ed040c.json,official_hourly_events,0.0005533987
hyperliquid,xyz:SKHX,2026-07-13 01:00:00.019000+00:00,0.0003737533,1.0,,,POST /info fundingHistory,2026-07-23T07:14:14.975019+00:00,data/raw/hyperliquid/0692a10ed805cc456c7df21cd86989b0459d9bb40fb5a9a4658fd20927ed040c.json,official_hourly_events,0.0003737533
hyperliquid,xyz:SKHX,2026-07-13 02:00:00.075000+00:00,0.0003517958,1.0,,,POST /info fundingHistory,2026-07-23T07:14:14.975088+00:00,data/raw/hyperliquid/0692a10ed805cc456c7df21cd86989b0459d9bb40fb5a9a4658fd20927ed040c.json,official_hourly_events,0.0003517958
hyperliquid,xyz:SKHX,2026-07-13 03:00:00.046000+00:00,0.0005338034,1.0,,,POST /info fundingHistory,2026-07-23T07:14:14.975155+00:00,data/raw/hyperliquid/0692a10ed805cc456c7df21cd86989b0459d9bb40fb5a9a4658fd20927ed040c.json,official_hourly_events,0.0005338034
hyperliquid,xyz:SKHX,2026-07-13 04:00:00.053000+00:00,0.0007210528,1.0,,,POST /info fundingHistory,2026-07-23T07:14:14.975222+00:00,data/raw/hyperliquid/0692a10ed805cc456c7df21cd86989b0459d9bb40fb5a9a4658fd20927ed040c.json,official_hourly_events,0.0007210528
hyperliquid,xyz:SKHX,2026-07-13 05:00:00.041000+00:00,0.0009643912,1.0,,,POST /info fundingHistory,2026-07-23T07:14:14.975289+00:00,data/raw/hyperliquid/0692a10ed805cc456c7df21cd86989b0459d9bb40fb5a9a4658fd20927ed040c.json,official_hourly_events,0.0009643912
hyperliquid,xyz:SKHX,2026-07-13 06:00:00.026000+00:00,0.0007845473,1.0,,,POST /info fundingHistory,2026-07-23T07:14:14.975355+00:00,data/raw/hyperliquid/0692a10ed805cc456c7df21cd86989b0459d9bb40fb5a9a4658fd20927ed040c.json,official_hourly_events,0.0007845473
hyperliquid,xyz:SKHX,2026-07-13 07:00:00.058000+00:00,0.0010211296,1.0,,,POST /info fundingHistory,2026-07-23T07:14:14.975422+00:00,data/raw/hyperliquid/0692a10ed805cc456c7df21cd86989b0459d9bb40fb5a9a4658fd20927ed040c.json,official_hourly_events,0.0010211296
hyperliquid,xyz:SKHX,2026-07-13 08:00:00.019000+00:00,0.0009218144,1.0,,,POST /info fundingHistory,2026-07-23T07:14:14.975523+00:00,data/raw/hyperliquid/0692a10ed805cc456c7df21cd86989b0459d9bb40fb5a9a4658fd20927ed040c.json,official_hourly_events,0.0009218144
hyperliquid,xyz:SKHX,2026-07-13 09:00:00.001000+00:00,0.0006176167,1.0,,,POST /info fundingHistory,2026-07-23T07:14:14.975601+00:00,data/raw/hyperliquid/0692a10ed805cc456c7df21cd86989b0459d9bb40fb5a9a4658fd20927ed040c.json,official_hourly_events,0.0006176167
hyperliquid,xyz:SKHX,2026-07-13 10:00:00.032000+00:00,0.0004899218,1.0,,,POST /info fundingHistory,2026-07-23T07:14:14.975671+00:00,data/raw/hyperliquid/0692a10ed805cc456c7df21cd86989b0459d9bb40fb5a9a4658fd20927ed040c.json,official_hourly_events,0.0004899218
hyperliquid,xyz:SKHX,2026-07-13 11:00:00.001000+00:00,0.0007689274,1.0,,,POST /info fundingHistory,2026-07-23T07:14:14.975739+00:00,data/raw/hyperliquid/0692a10ed805cc456c7df21cd86989b0459d9bb40fb5a9a4658fd20927ed040c.json,official_hourly_events,0.0007689274
hyperliquid,xyz:SKHX,2026-07-13 12:00:00.048000+00:00,0.0005679904,1.0,,,POST /info fundingHistory,2026-07-23T07:14:14.975837+00:00,data/raw/hyperliquid/0692a10ed805cc456c7df21cd86989b0459d9bb40fb5a9a4658fd20927ed040c.json,official_hourly_events,0.0005679904
hyperliquid,xyz:SKHX,2026-07-13 13:00:00.014000+00:00,8.49385e-05,1.0,,,POST /info fundingHistory,2026-07-23T07:14:14.975918+00:00,data/raw/hyperliquid/0692a10ed805cc456c7df21cd86989b0459d9bb40fb5a9a4658fd20927ed040c.json,official_hourly_events,8.49385e-05
hyperliquid,xyz:SKHX,2026-07-13 14:00:00.010000+00:00,1.27968e-05,1.0,,,POST /info fundingHistory,2026-07-23T07:14:14.975990+00:00,data/raw/hyperliquid/0692a10ed805cc456c7df21cd86989b0459d9bb40fb5a9a4658fd20927ed040c.json,official_hourly_events,1.27968e-05
hyperliquid,xyz:SKHX,2026-07-13 15:00:00.082000+00:00,0.0001769209,1.0,,,POST /info fundingHistory,2026-07-23T07:14:14.976059+00:00,data/raw/hyperliquid/0692a10ed805cc456c7df21cd86989b0459d9bb40fb5a9a4658fd20927ed040c.json,official_hourly_events,0.0001769209
hyperliquid,xyz:SKHX,2026-07-13 16:00:00.032000+00:00,-9.56097e-05,1.0,,,POST /info fundingHistory,2026-07-23T07:14:14.976126+00:00,data/raw/hyperliquid/0692a10ed805cc456c7df21cd86989b0459d9bb40fb5a9a4658fd20927ed040c.json,official_hourly_events,-9.56097e-05
hyperliquid,xyz:SKHX,2026-07-13 17:00:00.052000+00:00,-0.0004353908,1.0,,,POST /info fundingHistory,2026-07-23T07:14:14.976193+00:00,data/raw/hyperliquid/0692a10ed805cc456c7df21cd86989b0459d9bb40fb5a9a4658fd20927ed040c.json,official_hourly_events,-0.0004353908
hyperliquid,xyz:SKHX,2026-07-13 18:00:00.052000+00:00,4.43206e-05,1.0,,,POST /info fundingHistory,2026-07-23T07:14:14.976259+00:00,data/raw/hyperliquid/0692a10ed805cc456c7df21cd86989b0459d9bb40fb5a9a4658fd20927ed040c.json,official_hourly_events,4.43206e-05
hyperliquid,xyz:SKHX,2026-07-13 19:00:00.116000+00:00,-0.0001336692,1.0,,,POST /info fundingHistory,2026-07-23T07:14:14.976326+00:00,data/raw/hyperliquid/0692a10ed805cc456c7df21cd86989b0459d9bb40fb5a9a4658fd20927ed040c.json,official_hourly_events,-0.0001336692
hyperliquid,xyz:SKHX,2026-07-13 20:00:00.071000+00:00,-8.52815e-05,1.0,,,POST /info fundingHistory,2026-07-23T07:14:14.976392+00:00,data/raw/hyperliquid/0692a10ed805cc456c7df21cd86989b0459d9bb40fb5a9a4658fd20927ed040c.json,official_hourly_events,-8.52815e-05
hyperliquid,xyz:SKHX,2026-07-13 21:00:00.041000+00:00,-5.34082e-05,1.0,,,POST /info fundingHistory,2026-07-23T07:14:14.976458+00:00,data/raw/hyperliquid/0692a10ed805cc456c7df21cd86989b0459d9bb40fb5a9a4658fd20927ed040c.json,official_hourly_events,-5.34082e-05
hyperliquid,xyz:SKHX,2026-07-13 22:00:00.060000+00:00,6.25e-06,1.0,,,POST /info fundingHistory,2026-07-23T07:14:14.976522+00:00,data/raw/hyperliquid/0692a10ed805cc456c7df21cd86989b0459d9bb40fb5a9a4658fd20927ed040c.json,official_hourly_events,6.25e-06
hyperliquid,xyz:SKHX,2026-07-13 23:00:00.021000+00:00,-4.35828e-05,1.0,,,POST /info fundingHistory,2026-07-23T07:14:14.976588+00:00,data/raw/hyperliquid/0692a10ed805cc456c7df21cd86989b0459d9bb40fb5a9a4658fd20927ed040c.json,official_hourly_events,-4.35828e-05
hyperliquid,xyz:SKHX,2026-07-14 00:00:00.011000+00:00,0.0011529055,1.0,,,POST /info fundingHistory,2026-07-23T07:14:14.976655+00:00,data/raw/hyperliquid/0692a10ed805cc456c7df21cd86989b0459d9bb40fb5a9a4658fd20927ed040c.json,official_hourly_events,0.0011529055
hyperliquid,xyz:SKHX,2026-07-14 01:00:00.018000+00:00,0.00056705,1.0,,,POST /info fundingHistory,2026-07-23T07:14:14.976720+00:00,data/raw/hyperliquid/0692a10ed805cc456c7df21cd86989b0459d9bb40fb5a9a4658fd20927ed040c.json,official_hourly_events,0.00056705
hyperliquid,xyz:SKHX,2026-07-14 02:00:00.032000+00:00,0.00027597,1.0,,,POST /info fundingHistory,2026-07-23T07:14:14.976787+00:00,data/raw/hyperliquid/0692a10ed805cc456c7df21cd86989b0459d9bb40fb5a9a4658fd20927ed040c.json,official_hourly_events,0.00027597
hyperliquid,xyz:SKHX,2026-07-14 03:00:00.017000+00:00,0.0005586314,1.0,,,POST /info fundingHistory,2026-07-23T07:14:14.976894+00:00,data/raw/hyperliquid/0692a10ed805cc456c7df21cd86989b0459d9bb40fb5a9a4658fd20927ed040c.json,official_hourly_events,0.0005586314
hyperliquid,xyz:SKHX,2026-07-14 04:00:00.061000+00:00,0.0008072047,1.0,,,POST /info fundingHistory,2026-07-23T07:14:14.976971+00:00,data/raw/hyperliquid/0692a10ed805cc456c7df21cd86989b0459d9bb40fb5a9a4658fd20927ed040c.json,official_hourly_events,0.0008072047
hyperliquid,xyz:SKHX,2026-07-14 05:00:00.064000+00:00,0.0005321228,1.0,,,POST /info fundingHistory,2026-07-23T07:14:14.977044+00:00,data/raw/hyperliquid/0692a10ed805cc456c7df21cd86989b0459d9bb40fb5a9a4658fd20927ed040c.json,official_hourly_events,0.0005321228
hyperliquid,xyz:SKHX,2026-07-14 06:00:00.074000+00:00,0.0001335477,1.0,,,POST /info fundingHistory,2026-07-23T07:14:14.977113+00:00,data/raw/hyperliquid/0692a10ed805cc456c7df21cd86989b0459d9bb40fb5a9a4658fd20927ed040c.json,official_hourly_events,0.0001335477
hyperliquid,xyz:SKHX,2026-07-14 07:00:00.044000+00:00,3.75361e-05,1.0,,,POST /info fundingHistory,2026-07-23T07:14:14.977180+00:00,data/raw/hyperliquid/0692a10ed805cc456c7df21cd86989b0459d9bb40fb5a9a4658fd20927ed040c.json,official_hourly_events,3.75361e-05
hyperliquid,xyz:SKHX,2026-07-14 08:00:00.009000+00:00,7.97623e-05,1.0,,,POST /info fundingHistory,2026-07-23T07:14:14.977248+00:00,data/raw/hyperliquid/0692a10ed805cc456c7df21cd86989b0459d9bb40fb5a9a4658fd20927ed040c.json,official_hourly_events,7.97623e-05
hyperliquid,xyz:SKHX,2026-07-14 09:00:00.061000+00:00,0.0002359642,1.0,,,POST /info fundingHistory,2026-07-23T07:14:14.977316+00:00,data/raw/hyperliquid/0692a10ed805cc456c7df21cd86989b0459d9bb40fb5a9a4658fd20927ed040c.json,official_hourly_events,0.0002359642
hyperliquid,xyz:SKHX,2026-07-14 10:00:00.113000+00:00,0.0003961843,1.0,,,POST /info fundingHistory,2026-07-23T07:14:14.977383+00:00,data/raw/hyperliquid/0692a10ed805cc456c7df21cd86989b0459d9bb40fb5a9a4658fd20927ed040c.json,official_hourly_events,0.0003961843
hyperliquid,xyz:SKHX,2026-07-14 11:00:00.030000+00:00,0.0004139329,1.0,,,POST /info fundingHistory,2026-07-23T07:14:14.977453+00:00,data/raw/hyperliquid/0692a10ed805cc456c7df21cd86989b0459d9bb40fb5a9a4658fd20927ed040c.json,official_hourly_events,0.0004139329
hyperliquid,xyz:SKHX,2026-07-14 12:00:00.008000+00:00,-0.0001052459,1.0,,,POST /info fundingHistory,2026-07-23T07:14:14.977519+00:00,data/raw/hyperliquid/0692a10ed805cc456c7df21cd86989b0459d9bb40fb5a9a4658fd20927ed040c.json,official_hourly_events,-0.0001052459
hyperliquid,xyz:SKHX,2026-07-14 13:00:00.028000+00:00,0.0002487486,1.0,,,POST /info fundingHistory,2026-07-23T07:14:14.977586+00:00,data/raw/hyperliquid/0692a10ed805cc456c7df21cd86989b0459d9bb40fb5a9a4658fd20927ed040c.json,official_hourly_events,0.0002487486
hyperliquid,xyz:SKHX,2026-07-14 14:00:00.012000+00:00,0.0001128555,1.0,,,POST /info fundingHistory,2026-07-23T07:14:14.977655+00:00,data/raw/hyperliquid/0692a10ed805cc456c7df21cd86989b0459d9bb40fb5a9a4658fd20927ed040c.json,official_hourly_events,0.0001128555
hyperliquid,xyz:SKHX,2026-07-14 15:00:00.038000+00:00,9.07021e-05,1.0,,,POST /info fundingHistory,2026-07-23T07:14:14.977722+00:00,data/raw/hyperliquid/0692a10ed805cc456c7df21cd86989b0459d9bb40fb5a9a4658fd20927ed040c.json,official_hourly_events,9.07021e-05
hyperliquid,xyz:SKHX,2026-07-14 16:00:00.005000+00:00,0.0004213844,1.0,,,POST /info fundingHistory,2026-07-23T07:14:14.977790+00:00,data/raw/hyperliquid/0692a10ed805cc456c7df21cd86989b0459d9bb40fb5a9a4658fd20927ed040c.json,official_hourly_events,0.0004213844
hyperliquid,xyz:SKHX,2026-07-14 17:00:00.042000+00:00,0.0002863619,1.0,,,POST /info fundingHistory,2026-07-23T07:14:14.977891+00:00,data/raw/hyperliquid/0692a10ed805cc456c7df21cd86989b0459d9bb40fb5a9a4658fd20927ed040c.json,official_hourly_events,0.0002863619
hyperliquid,xyz:SKHX,2026-07-14 18:00:00.013000+00:00,4.4972e-05,1.0,,,POST /info fundingHistory,2026-07-23T07:14:14.977963+00:00,data/raw/hyperliquid/0692a10ed805cc456c7df21cd86989b0459d9bb40fb5a9a4658fd20927ed040c.json,official_hourly_events,4.4972e-05
hyperliquid,xyz:SKHX,2026-07-14 19:00:00.021000+00:00,0.0001269341,1.0,,,POST /info fundingHistory,2026-07-23T07:14:14.978033+00:00,data/raw/hyperliquid/0692a10ed805cc456c7df21cd86989b0459d9bb40fb5a9a4658fd20927ed040c.json,official_hourly_events,0.0001269341
hyperliquid,xyz:SKHX,2026-07-14 20:00:00.027000+00:00,0.0002849952,1.0,,,POST /info fundingHistory,2026-07-23T07:14:14.978102+00:00,data/raw/hyperliquid/0692a10ed805cc456c7df21cd86989b0459d9bb40fb5a9a4658fd20927ed040c.json,official_hourly_events,0.0002849952
hyperliquid,xyz:SKHX,2026-07-14 21:00:00.003000+00:00,9.87866e-05,1.0,,,POST /info fundingHistory,2026-07-23T07:14:14.978169+00:00,data/raw/hyperliquid/0692a10ed805cc456c7df21cd86989b0459d9bb40fb5a9a4658fd20927ed040c.json,official_hourly_events,9.87866e-05
hyperliquid,xyz:SKHX,2026-07-14 22:00:00.007000+00:00,6.25e-06,1.0,,,POST /info fundingHistory,2026-07-23T07:14:14.978235+00:00,data/raw/hyperliquid/0692a10ed805cc456c7df21cd86989b0459d9bb40fb5a9a4658fd20927ed040c.json,official_hourly_events,6.25e-06
hyperliquid,xyz:SKHX,2026-07-14 23:00:00.049000+00:00,-0.0002308033,1.0,,,POST /info fundingHistory,2026-07-23T07:14:14.978302+00:00,data/raw/hyperliquid/0692a10ed805cc456c7df21cd86989b0459d9bb40fb5a9a4658fd20927ed040c.json,official_hourly_events,-0.0002308033
hyperliquid,xyz:SKHX,2026-07-15 00:00:00.046000+00:00,6.25e-06,1.0,,,POST /info fundingHistory,2026-07-23T07:14:14.978368+00:00,data/raw/hyperliquid/0692a10ed805cc456c7df21cd86989b0459d9bb40fb5a9a4658fd20927ed040c.json,official_hourly_events,6.25e-06
hyperliquid,xyz:SKHX,2026-07-15 01:00:00.032000+00:00,-5.96348e-05,1.0,,,POST /info fundingHistory,2026-07-23T07:14:14.978432+00:00,data/raw/hyperliquid/0692a10ed805cc456c7df21cd86989b0459d9bb40fb5a9a4658fd20927ed040c.json,official_hourly_events,-5.96348e-05
hyperliquid,xyz:SKHX,2026-07-15 02:00:00.028000+00:00,-8.54769e-05,1.0,,,POST /info fundingHistory,2026-07-23T07:14:14.978498+00:00,data/raw/hyperliquid/0692a10ed805cc456c7df21cd86989b0459d9bb40fb5a9a4658fd20927ed040c.json,official_hourly_events,-8.54769e-05
hyperliquid,xyz:SKHX,2026-07-15 03:00:00.041000+00:00,-7.81004e-05,1.0,,,POST /info fundingHistory,2026-07-23T07:14:14.978561+00:00,data/raw/hyperliquid/0692a10ed805cc456c7df21cd86989b0459d9bb40fb5a9a4658fd20927ed040c.json,official_hourly_events,-7.81004e-05
hyperliquid,xyz:SKHX,2026-07-15 04:00:00.005000+00:00,-7.34388e-05,1.0,,,POST /info fundingHistory,2026-07-23T07:14:14.978625+00:00,data/raw/hyperliquid/0692a10ed805cc456c7df21cd86989b0459d9bb40fb5a9a4658fd20927ed040c.json,official_hourly_events,-7.34388e-05
hyperliquid,xyz:SKHX,2026-07-15 05:00:00.066000+00:00,-5.14278e-05,1.0,,,POST /info fundingHistory,2026-07-23T07:14:14.978690+00:00,data/raw/hyperliquid/0692a10ed805cc456c7df21cd86989b0459d9bb40fb5a9a4658fd20927ed040c.json,official_hourly_events,-5.14278e-05
hyperliquid,xyz:SKHX,2026-07-15 06:00:00.025000+00:00,-4.699e-07,1.0,,,POST /info fundingHistory,2026-07-23T07:14:14.978755+00:00,data/raw/hyperliquid/0692a10ed805cc456c7df21cd86989b0459d9bb40fb5a9a4658fd20927ed040c.json,official_hourly_events,-4.699e-07
hyperliquid,xyz:SKHX,2026-07-15 07:00:00.039000+00:00,-0.0001715126,1.0,,,POST /info fundingHistory,2026-07-23T07:14:14.978864+00:00,data/raw/hyperliquid/0692a10ed805cc456c7df21cd86989b0459d9bb40fb5a9a4658fd20927ed040c.json,official_hourly_events,-0.0001715126
hyperliquid,xyz:SKHX,2026-07-15 08:00:00.024000+00:00,-3.12336e-05,1.0,,,POST /info fundingHistory,2026-07-23T07:14:14.978950+00:00,data/raw/hyperliquid/0692a10ed805cc456c7df21cd86989b0459d9bb40fb5a9a4658fd20927ed040c.json,official_hourly_events,-3.12336e-05
hyperliquid,xyz:SKHX,2026-07-15 09:00:00.018000+00:00,-1.5e-05,1.0,,,POST /info fundingHistory,2026-07-23T07:14:14.979025+00:00,data/raw/hyperliquid/0692a10ed805cc456c7df21cd86989b0459d9bb40fb5a9a4658fd20927ed040c.json,official_hourly_events,-1.5e-05
hyperliquid,xyz:SKHX,2026-07-15 10:00:00.013000+00:00,-7.02953e-05,1.0,,,POST /info fundingHistory,2026-07-23T07:14:14.979095+00:00,data/raw/hyperliquid/0692a10ed805cc456c7df21cd86989b0459d9bb40fb5a9a4658fd20927ed040c.json,official_hourly_events,-7.02953e-05
hyperliquid,xyz:SKHX,2026-07-15 11:00:00.002000+00:00,8.03675e-05,1.0,,,POST /info fundingHistory,2026-07-23T07:14:14.979162+00:00,data/raw/hyperliquid/0692a10ed805cc456c7df21cd86989b0459d9bb40fb5a9a4658fd20927ed040c.json,official_hourly_events,8.03675e-05
hyperliquid,xyz:SKHX,2026-07-15 12:00:00.055000+00:00,0.0001506818,1.0,,,POST /info fundingHistory,2026-07-23T07:14:14.979229+00:00,data/raw/hyperliquid/0692a10ed805cc456c7df21cd86989b0459d9bb40fb5a9a4658fd20927ed040c.json,official_hourly_events,0.0001506818
hyperliquid,xyz:SKHX,2026-07-15 13:00:00.042000+00:00,-6.61085e-05,1.0,,,POST /info fundingHistory,2026-07-23T07:14:14.979294+00:00,data/raw/hyperliquid/0692a10ed805cc456c7df21cd86989b0459d9bb40fb5a9a4658fd20927ed040c.json,official_hourly_events,-6.61085e-05
hyperliquid,xyz:SKHX,2026-07-15 14:00:00.050000+00:00,-0.0002963516,1.0,,,POST /info fundingHistory,2026-07-23T07:14:14.979361+00:00,data/raw/hyperliquid/0692a10ed805cc456c7df21cd86989b0459d9bb40fb5a9a4658fd20927ed040c.json,official_hourly_events,-0.0002963516
hyperliquid,xyz:SKHX,2026-07-15 15:00:00.004000+00:00,-0.0006865119,1.0,,,POST /info fundingHistory,2026-07-23T07:14:14.979428+00:00,data/raw/hyperliquid/0692a10ed805cc456c7df21cd86989b0459d9bb40fb5a9a4658fd20927ed040c.json,official_hourly_events,-0.0006865119
hyperliquid,xyz:SKHX,2026-07-15 16:00:00.009000+00:00,-0.0001371412,1.0,,,POST /info fundingHistory,2026-07-23T07:14:14.979534+00:00,data/raw/hyperliquid/0692a10ed805cc456c7df21cd86989b0459d9bb40fb5a9a4658fd20927ed040c.json,official_hourly_events,-0.0001371412
hyperliquid,xyz:SKHX,2026-07-15 17:00:00.031000+00:00,-0.0005828263,1.0,,,POST /info fundingHistory,2026-07-23T07:14:14.979629+00:00,data/raw/hyperliquid/0692a10ed805cc456c7df21cd86989b0459d9bb40fb5a9a4658fd20927ed040c.json,official_hourly_events,-0.0005828263
hyperliquid,xyz:SKHX,2026-07-15 18:00:00.023000+00:00,0.000308547,1.0,,,POST /info fundingHistory,2026-07-23T07:14:14.979707+00:00,data/raw/hyperliquid/0692a10ed805cc456c7df21cd86989b0459d9bb40fb5a9a4658fd20927ed040c.json,official_hourly_events,0.000308547
hyperliquid,xyz:SKHX,2026-07-15 19:00:00.063000+00:00,0.0001934509,1.0,,,POST /info fundingHistory,2026-07-23T07:14:14.979779+00:00,data/raw/hyperliquid/0692a10ed805cc456c7df21cd86989b0459d9bb40fb5a9a4658fd20927ed040c.json,official_hourly_events,0.0001934509
hyperliquid,xyz:SKHX,2026-07-15 20:00:00.068000+00:00,0.0001155823,1.0,,,POST /info fundingHistory,2026-07-23T07:14:14.979884+00:00,data/raw/hyperliquid/0692a10ed805cc456c7df21cd86989b0459d9bb40fb5a9a4658fd20927ed040c.json,official_hourly_events,0.0001155823
hyperliquid,xyz:SKHX,2026-07-15 21:00:00.027000+00:00,0.0001442237,1.0,,,POST /info fundingHistory,2026-07-23T07:14:14.979963+00:00,data/raw/hyperliquid/0692a10ed805cc456c7df21cd86989b0459d9bb40fb5a9a4658fd20927ed040c.json,official_hourly_events,0.0001442237
hyperliquid,xyz:SKHX,2026-07-15 22:00:00.016000+00:00,2.50761e-05,1.0,,,POST /info fundingHistory,2026-07-23T07:14:14.980033+00:00,data/raw/hyperliquid/0692a10ed805cc456c7df21cd86989b0459d9bb40fb5a9a4658fd20927ed040c.json,official_hourly_events,2.50761e-05
hyperliquid,xyz:SKHX,2026-07-15 23:00:00.034000+00:00,-0.0003511508,1.0,,,POST /info fundingHistory,2026-07-23T07:14:14.980101+00:00,data/raw/hyperliquid/0692a10ed805cc456c7df21cd86989b0459d9bb40fb5a9a4658fd20927ed040c.json,official_hourly_events,-0.0003511508
hyperliquid,xyz:SKHX,2026-07-16 00:00:00.034000+00:00,0.000166346,1.0,,,POST /info fundingHistory,2026-07-23T07:14:14.980170+00:00,data/raw/hyperliquid/0692a10ed805cc456c7df21cd86989b0459d9bb40fb5a9a4658fd20927ed040c.json,official_hourly_events,0.000166346
hyperliquid,xyz:SKHX,2026-07-16 01:00:00.054000+00:00,0.0001117626,1.0,,,POST /info fundingHistory,2026-07-23T07:14:14.980237+00:00,data/raw/hyperliquid/0692a10ed805cc456c7df21cd86989b0459d9bb40fb5a9a4658fd20927ed040c.json,official_hourly_events,0.0001117626
hyperliquid,xyz:SKHX,2026-07-16 02:00:00.027000+00:00,0.0001341198,1.0,,,POST /info fundingHistory,2026-07-23T07:14:14.980306+00:00,data/raw/hyperliquid/0692a10ed805cc456c7df21cd86989b0459d9bb40fb5a9a4658fd20927ed040c.json,official_hourly_events,0.0001341198
hyperliquid,xyz:SKHX,2026-07-16 03:00:00.033000+00:00,0.0001148758,1.0,,,POST /info fundingHistory,2026-07-23T07:14:14.980378+00:00,data/raw/hyperliquid/0692a10ed805cc456c7df21cd86989b0459d9bb40fb5a9a4658fd20927ed040c.json,official_hourly_events,0.0001148758
hyperliquid,xyz:SKHX,2026-07-16 04:00:00.056000+00:00,1.60117e-05,1.0,,,POST /info fundingHistory,2026-07-23T07:14:14.980446+00:00,data/raw/hyperliquid/0692a10ed805cc456c7df21cd86989b0459d9bb40fb5a9a4658fd20927ed040c.json,official_hourly_events,1.60117e-05
hyperliquid,xyz:SKHX,2026-07-16 05:00:00.122000+00:00,7.27323e-05,1.0,,,POST /info fundingHistory,2026-07-23T07:14:14.980513+00:00,data/raw/hyperliquid/0692a10ed805cc456c7df21cd86989b0459d9bb40fb5a9a4658fd20927ed040c.json,official_hourly_events,7.27323e-05
hyperliquid,xyz:SKHX,2026-07-16 06:00:00.066000+00:00,7.17835e-05,1.0,,,POST /info fundingHistory,2026-07-23T07:14:14.980579+00:00,data/raw/hyperliquid/0692a10ed805cc456c7df21cd86989b0459d9bb40fb5a9a4658fd20927ed040c.json,official_hourly_events,7.17835e-05
hyperliquid,xyz:SKHX,2026-07-16 07:00:00.042000+00:00,0.0001081502,1.0,,,POST /info fundingHistory,2026-07-23T07:14:14.980645+00:00,data/raw/hyperliquid/0692a10ed805cc456c7df21cd86989b0459d9bb40fb5a9a4658fd20927ed040c.json,official_hourly_events,0.0001081502
hyperliquid,xyz:SKHX,2026-07-16 08:00:00.015000+00:00,-6.9374e-05,1.0,,,POST /info fundingHistory,2026-07-23T07:14:14.980711+00:00,data/raw/hyperliquid/0692a10ed805cc456c7df21cd86989b0459d9bb40fb5a9a4658fd20927ed040c.json,official_hourly_events,-6.9374e-05
hyperliquid,xyz:SKHX,2026-07-16 09:00:00.017000+00:00,-7.58718e-05,1.0,,,POST /info fundingHistory,2026-07-23T07:14:14.980776+00:00,data/raw/hyperliquid/0692a10ed805cc456c7df21cd86989b0459d9bb40fb5a9a4658fd20927ed040c.json,official_hourly_events,-7.58718e-05
hyperliquid,xyz:SKHX,2026-07-16 10:00:00.008000+00:00,6.53394e-05,1.0,,,POST /info fundingHistory,2026-07-23T07:14:14.980898+00:00,data/raw/hyperliquid/0692a10ed805cc456c7df21cd86989b0459d9bb40fb5a9a4658fd20927ed040c.json,official_hourly_events,6.53394e-05
hyperliquid,xyz:SKHX,2026-07-16 11:00:00.020000+00:00,4.8107e-05,1.0,,,POST /info fundingHistory,2026-07-23T07:14:14.980986+00:00,data/raw/hyperliquid/0692a10ed805cc456c7df21cd86989b0459d9bb40fb5a9a4658fd20927ed040c.json,official_hourly_events,4.8107e-05
hyperliquid,xyz:SKHX,2026-07-16 12:00:00.028000+00:00,-0.0001520894,1.0,,,POST /info fundingHistory,2026-07-23T07:14:14.981060+00:00,data/raw/hyperliquid/0692a10ed805cc456c7df21cd86989b0459d9bb40fb5a9a4658fd20927ed040c.json,official_hourly_events,-0.0001520894
hyperliquid,xyz:SKHX,2026-07-16 13:00:00.050000+00:00,-0.0003607218,1.0,,,POST /info fundingHistory,2026-07-23T07:14:14.981131+00:00,data/raw/hyperliquid/0692a10ed805cc456c7df21cd86989b0459d9bb40fb5a9a4658fd20927ed040c.json,official_hourly_events,-0.0003607218
hyperliquid,xyz:SKHX,2026-07-16 14:00:00.054000+00:00,0.0001324397,1.0,,,POST /info fundingHistory,2026-07-23T07:14:14.981200+00:00,data/raw/hyperliquid/0692a10ed805cc456c7df21cd86989b0459d9bb40fb5a9a4658fd20927ed040c.json,official_hourly_events,0.0001324397
hyperliquid,xyz:SKHX,2026-07-16 15:00:00.016000+00:00,6.25e-06,1.0,,,POST /info fundingHistory,2026-07-23T07:14:14.981267+00:00,data/raw/hyperliquid/0692a10ed805cc456c7df21cd86989b0459d9bb40fb5a9a4658fd20927ed040c.json,official_hourly_events,6.25e-06
hyperliquid,xyz:SKHX,2026-07-16 16:00:00.041000+00:00,-0.0001899366,1.0,,,POST /info fundingHistory,2026-07-23T07:14:14.981334+00:00,data/raw/hyperliquid/0692a10ed805cc456c7df21cd86989b0459d9bb40fb5a9a4658fd20927ed040c.json,official_hourly_events,-0.0001899366
hyperliquid,xyz:SKHX,2026-07-16 17:00:00+00:00,-0.0001847908,1.0,,,POST /info fundingHistory,2026-07-23T07:14:14.981403+00:00,data/raw/hyperliquid/0692a10ed805cc456c7df21cd86989b0459d9bb40fb5a9a4658fd20927ed040c.json,official_hourly_events,-0.0001847908
hyperliquid,xyz:SKHX,2026-07-16 18:00:00.011000+00:00,-0.0002534772,1.0,,,POST /info fundingHistory,2026-07-23T07:14:14.981468+00:00,data/raw/hyperliquid/0692a10ed805cc456c7df21cd86989b0459d9bb40fb5a9a4658fd20927ed040c.json,official_hourly_events,-0.0002534772
hyperliquid,xyz:SKHX,2026-07-16 19:00:00.031000+00:00,6.25e-06,1.0,,,POST /info fundingHistory,2026-07-23T07:14:14.981535+00:00,data/raw/hyperliquid/0692a10ed805cc456c7df21cd86989b0459d9bb40fb5a9a4658fd20927ed040c.json,official_hourly_events,6.25e-06
hyperliquid,xyz:SKHX,2026-07-16 20:00:00.030000+00:00,-0.0002658968,1.0,,,POST /info fundingHistory,2026-07-23T07:14:14.981600+00:00,data/raw/hyperliquid/0692a10ed805cc456c7df21cd86989b0459d9bb40fb5a9a4658fd20927ed040c.json,official_hourly_events,-0.0002658968
hyperliquid,xyz:SKHX,2026-07-16 21:00:00.011000+00:00,0.0001479183,1.0,,,POST /info fundingHistory,2026-07-23T07:14:14.981751+00:00,data/raw/hyperliquid/0692a10ed805cc456c7df21cd86989b0459d9bb40fb5a9a4658fd20927ed040c.json,official_hourly_events,0.0001479183
hyperliquid,xyz:SKHX,2026-07-16 22:00:00.008000+00:00,0.0002455383,1.0,,,POST /info fundingHistory,2026-07-23T07:14:14.981865+00:00,data/raw/hyperliquid/0692a10ed805cc456c7df21cd86989b0459d9bb40fb5a9a4658fd20927ed040c.json,official_hourly_events,0.0002455383
hyperliquid,xyz:SKHX,2026-07-16 23:00:00.017000+00:00,-0.0004500701,1.0,,,POST /info fundingHistory,2026-07-23T07:14:14.981945+00:00,data/raw/hyperliquid/0692a10ed805cc456c7df21cd86989b0459d9bb40fb5a9a4658fd20927ed040c.json,official_hourly_events,-0.0004500701
hyperliquid,xyz:SKHX,2026-07-17 00:00:00.018000+00:00,-0.0001880236,1.0,,,POST /info fundingHistory,2026-07-23T07:14:14.982014+00:00,data/raw/hyperliquid/0692a10ed805cc456c7df21cd86989b0459d9bb40fb5a9a4658fd20927ed040c.json,official_hourly_events,-0.0001880236
hyperliquid,xyz:SKHX,2026-07-17 01:00:00.021000+00:00,-7.69162e-05,1.0,,,POST /info fundingHistory,2026-07-23T07:14:14.982082+00:00,data/raw/hyperliquid/0692a10ed805cc456c7df21cd86989b0459d9bb40fb5a9a4658fd20927ed040c.json,official_hourly_events,-7.69162e-05
hyperliquid,xyz:SKHX,2026-07-17 02:00:00.001000+00:00,-5.8114e-06,1.0,,,POST /info fundingHistory,2026-07-23T07:14:14.982148+00:00,data/raw/hyperliquid/0692a10ed805cc456c7df21cd86989b0459d9bb40fb5a9a4658fd20927ed040c.json,official_hourly_events,-5.8114e-06
hyperliquid,xyz:SKHX,2026-07-17 03:00:00.017000+00:00,-0.0001664931,1.0,,,POST /info fundingHistory,2026-07-23T07:14:14.982213+00:00,data/raw/hyperliquid/0692a10ed805cc456c7df21cd86989b0459d9bb40fb5a9a4658fd20927ed040c.json,official_hourly_events,-0.0001664931
hyperliquid,xyz:SKHX,2026-07-17 04:00:00.041000+00:00,0.0002337192,1.0,,,POST /info fundingHistory,2026-07-23T07:14:14.982278+00:00,data/raw/hyperliquid/0692a10ed805cc456c7df21cd86989b0459d9bb40fb5a9a4658fd20927ed040c.json,official_hourly_events,0.0002337192
hyperliquid,xyz:SKHX,2026-07-17 05:00:00.052000+00:00,-8.01028e-05,1.0,,,POST /info fundingHistory,2026-07-23T07:14:14.982344+00:00,data/raw/hyperliquid/0692a10ed805cc456c7df21cd86989b0459d9bb40fb5a9a4658fd20927ed040c.json,official_hourly_events,-8.01028e-05
hyperliquid,xyz:SKHX,2026-07-17 06:00:00.032000+00:00,-0.0003586885,1.0,,,POST /info fundingHistory,2026-07-23T07:14:14.982409+00:00,data/raw/hyperliquid/0692a10ed805cc456c7df21cd86989b0459d9bb40fb5a9a4658fd20927ed040c.json,official_hourly_events,-0.0003586885
hyperliquid,xyz:SKHX,2026-07-17 07:00:00.072000+00:00,-0.0001544,1.0,,,POST /info fundingHistory,2026-07-23T07:14:14.982473+00:00,data/raw/hyperliquid/0692a10ed805cc456c7df21cd86989b0459d9bb40fb5a9a4658fd20927ed040c.json,official_hourly_events,-0.0001544
hyperliquid,xyz:SKHX,2026-07-17 08:00:00.065000+00:00,-0.0002750149,1.0,,,POST /info fundingHistory,2026-07-23T07:14:14.982539+00:00,data/raw/hyperliquid/0692a10ed805cc456c7df21cd86989b0459d9bb40fb5a9a4658fd20927ed040c.json,official_hourly_events,-0.0002750149
hyperliquid,xyz:SKHX,2026-07-17 09:00:00.031000+00:00,-0.0002134521,1.0,,,POST /info fundingHistory,2026-07-23T07:14:14.982605+00:00,data/raw/hyperliquid/0692a10ed805cc456c7df21cd86989b0459d9bb40fb5a9a4658fd20927ed040c.json,official_hourly_events,-0.0002134521
hyperliquid,xyz:SKHX,2026-07-17 10:00:00.070000+00:00,0.0001729342,1.0,,,POST /info fundingHistory,2026-07-23T07:14:14.982671+00:00,data/raw/hyperliquid/0692a10ed805cc456c7df21cd86989b0459d9bb40fb5a9a4658fd20927ed040c.json,official_hourly_events,0.0001729342
hyperliquid,xyz:SKHX,2026-07-17 11:00:00.020000+00:00,0.0008811508,1.0,,,POST /info fundingHistory,2026-07-23T07:14:14.982736+00:00,data/raw/hyperliquid/0692a10ed805cc456c7df21cd86989b0459d9bb40fb5a9a4658fd20927ed040c.json,official_hourly_events,0.0008811508
hyperliquid,xyz:SKHX,2026-07-17 12:00:00.011000+00:00,-0.000138843,1.0,,,POST /info fundingHistory,2026-07-23T07:14:14.982827+00:00,data/raw/hyperliquid/0692a10ed805cc456c7df21cd86989b0459d9bb40fb5a9a4658fd20927ed040c.json,official_hourly_events,-0.000138843
hyperliquid,xyz:SKHX,2026-07-17 13:00:00.060000+00:00,-0.0002724893,1.0,,,POST /info fundingHistory,2026-07-23T07:14:14.982908+00:00,data/raw/hyperliquid/0692a10ed805cc456c7df21cd86989b0459d9bb40fb5a9a4658fd20927ed040c.json,official_hourly_events,-0.0002724893
hyperliquid,xyz:SKHX,2026-07-17 14:00:00.111000+00:00,-0.0001237441,1.0,,,POST /info fundingHistory,2026-07-23T07:14:14.982980+00:00,data/raw/hyperliquid/0692a10ed805cc456c7df21cd86989b0459d9bb40fb5a9a4658fd20927ed040c.json,official_hourly_events,-0.0001237441
hyperliquid,xyz:SKHX,2026-07-17 15:00:00.050000+00:00,0.0007559539,1.0,,,POST /info fundingHistory,2026-07-23T07:14:14.983048+00:00,data/raw/hyperliquid/0692a10ed805cc456c7df21cd86989b0459d9bb40fb5a9a4658fd20927ed040c.json,official_hourly_events,0.0007559539
hyperliquid,xyz:SKHX,2026-07-17 16:00:00.048000+00:00,0.0002924687,1.0,,,POST /info fundingHistory,2026-07-23T07:14:14.983115+00:00,data/raw/hyperliquid/0692a10ed805cc456c7df21cd86989b0459d9bb40fb5a9a4658fd20927ed040c.json,official_hourly_events,0.0002924687
hyperliquid,xyz:SKHX,2026-07-17 17:00:00.062000+00:00,0.0002276822,1.0,,,POST /info fundingHistory,2026-07-23T07:14:14.983181+00:00,data/raw/hyperliquid/0692a10ed805cc456c7df21cd86989b0459d9bb40fb5a9a4658fd20927ed040c.json,official_hourly_events,0.0002276822
hyperliquid,xyz:SKHX,2026-07-17 18:00:00.022000+00:00,-0.0002386521,1.0,,,POST /info fundingHistory,2026-07-23T07:14:14.983246+00:00,data/raw/hyperliquid/0692a10ed805cc456c7df21cd86989b0459d9bb40fb5a9a4658fd20927ed040c.json,official_hourly_events,-0.0002386521
hyperliquid,xyz:SKHX,2026-07-17 19:00:00.025000+00:00,-0.0002230743,1.0,,,POST /info fundingHistory,2026-07-23T07:14:14.983313+00:00,data/raw/hyperliquid/0692a10ed805cc456c7df21cd86989b0459d9bb40fb5a9a4658fd20927ed040c.json,official_hourly_events,-0.0002230743
hyperliquid,xyz:SKHX,2026-07-17 20:00:00.039000+00:00,-0.00032597,1.0,,,POST /info fundingHistory,2026-07-23T07:14:14.983380+00:00,data/raw/hyperliquid/0692a10ed805cc456c7df21cd86989b0459d9bb40fb5a9a4658fd20927ed040c.json,official_hourly_events,-0.00032597
hyperliquid,xyz:SKHX,2026-07-17 21:00:00.065000+00:00,-0.0002092443,1.0,,,POST /info fundingHistory,2026-07-23T07:14:14.983445+00:00,data/raw/hyperliquid/0692a10ed805cc456c7df21cd86989b0459d9bb40fb5a9a4658fd20927ed040c.json,official_hourly_events,-0.0002092443
hyperliquid,xyz:SKHX,2026-07-17 22:00:00.069000+00:00,-7.55003e-05,1.0,,,POST /info fundingHistory,2026-07-23T07:14:14.983549+00:00,data/raw/hyperliquid/0692a10ed805cc456c7df21cd86989b0459d9bb40fb5a9a4658fd20927ed040c.json,official_hourly_events,-7.55003e-05
hyperliquid,xyz:SKHX,2026-07-17 23:00:00.041000+00:00,-0.0001189958,1.0,,,POST /info fundingHistory,2026-07-23T07:14:14.983623+00:00,data/raw/hyperliquid/0692a10ed805cc456c7df21cd86989b0459d9bb40fb5a9a4658fd20927ed040c.json,official_hourly_events,-0.0001189958
hyperliquid,xyz:SKHX,2026-07-18 00:00:00.082000+00:00,6.25e-06,1.0,,,POST /info fundingHistory,2026-07-23T07:14:14.983691+00:00,data/raw/hyperliquid/0692a10ed805cc456c7df21cd86989b0459d9bb40fb5a9a4658fd20927ed040c.json,official_hourly_events,6.25e-06
hyperliquid,xyz:SKHX,2026-07-18 01:00:00.081000+00:00,4.24325e-05,1.0,,,POST /info fundingHistory,2026-07-23T07:14:14.983758+00:00,data/raw/hyperliquid/0692a10ed805cc456c7df21cd86989b0459d9bb40fb5a9a4658fd20927ed040c.json,official_hourly_events,4.24325e-05
hyperliquid,xyz:SKHX,2026-07-18 02:00:00.013000+00:00,0.0001008346,1.0,,,POST /info fundingHistory,2026-07-23T07:14:14.983855+00:00,data/raw/hyperliquid/0692a10ed805cc456c7df21cd86989b0459d9bb40fb5a9a4658fd20927ed040c.json,official_hourly_events,0.0001008346
hyperliquid,xyz:SKHX,2026-07-18 03:00:00.008000+00:00,1.53394e-05,1.0,,,POST /info fundingHistory,2026-07-23T07:14:14.983936+00:00,data/raw/hyperliquid/0692a10ed805cc456c7df21cd86989b0459d9bb40fb5a9a4658fd20927ed040c.json,official_hourly_events,1.53394e-05
hyperliquid,xyz:SKHX,2026-07-18 04:00:00.021000+00:00,1.27927e-05,1.0,,,POST /info fundingHistory,2026-07-23T07:14:14.984007+00:00,data/raw/hyperliquid/0692a10ed805cc456c7df21cd86989b0459d9bb40fb5a9a4658fd20927ed040c.json,official_hourly_events,1.27927e-05
hyperliquid,xyz:SKHX,2026-07-18 05:00:00.016000+00:00,6.25e-06,1.0,,,POST /info fundingHistory,2026-07-23T07:14:14.984076+00:00,data/raw/hyperliquid/0692a10ed805cc456c7df21cd86989b0459d9bb40fb5a9a4658fd20927ed040c.json,official_hourly_events,6.25e-06
hyperliquid,xyz:SKHX,2026-07-18 06:00:00.028000+00:00,6.25e-06,1.0,,,POST /info fundingHistory,2026-07-23T07:14:14.984143+00:00,data/raw/hyperliquid/0692a10ed805cc456c7df21cd86989b0459d9bb40fb5a9a4658fd20927ed040c.json,official_hourly_events,6.25e-06
hyperliquid,xyz:SKHX,2026-07-18 07:00:00.025000+00:00,-4.72573e-05,1.0,,,POST /info fundingHistory,2026-07-23T07:14:14.984209+00:00,data/raw/hyperliquid/0692a10ed805cc456c7df21cd86989b0459d9bb40fb5a9a4658fd20927ed040c.json,official_hourly_events,-4.72573e-05
hyperliquid,xyz:SKHX,2026-07-18 08:00:00.019000+00:00,6.25e-06,1.0,,,POST /info fundingHistory,2026-07-23T07:14:14.984276+00:00,data/raw/hyperliquid/0692a10ed805cc456c7df21cd86989b0459d9bb40fb5a9a4658fd20927ed040c.json,official_hourly_events,6.25e-06
hyperliquid,xyz:SKHX,2026-07-18 09:00:00.040000+00:00,6.25e-06,1.0,,,POST /info fundingHistory,2026-07-23T07:14:14.984342+00:00,data/raw/hyperliquid/0692a10ed805cc456c7df21cd86989b0459d9bb40fb5a9a4658fd20927ed040c.json,official_hourly_events,6.25e-06
hyperliquid,xyz:SKHX,2026-07-18 10:00:00.020000+00:00,6.25e-06,1.0,,,POST /info fundingHistory,2026-07-23T07:14:14.984410+00:00,data/raw/hyperliquid/0692a10ed805cc456c7df21cd86989b0459d9bb40fb5a9a4658fd20927ed040c.json,official_hourly_events,6.25e-06
hyperliquid,xyz:SKHX,2026-07-18 11:00:00.039000+00:00,6.25e-06,1.0,,,POST /info fundingHistory,2026-07-23T07:14:14.984476+00:00,data/raw/hyperliquid/0692a10ed805cc456c7df21cd86989b0459d9bb40fb5a9a4658fd20927ed040c.json,official_hourly_events,6.25e-06
hyperliquid,xyz:SKHX,2026-07-18 12:00:00.044000+00:00,-2.0678e-06,1.0,,,POST /info fundingHistory,2026-07-23T07:14:14.984541+00:00,data/raw/hyperliquid/0692a10ed805cc456c7df21cd86989b0459d9bb40fb5a9a4658fd20927ed040c.json,official_hourly_events,-2.0678e-06
hyperliquid,xyz:SKHX,2026-07-18 13:00:00.006000+00:00,-1.26242e-05,1.0,,,POST /info fundingHistory,2026-07-23T07:14:14.984606+00:00,data/raw/hyperliquid/0692a10ed805cc456c7df21cd86989b0459d9bb40fb5a9a4658fd20927ed040c.json,official_hourly_events,-1.26242e-05
hyperliquid,xyz:SKHX,2026-07-18 14:00:00.061000+00:00,6.25e-06,1.0,,,POST /info fundingHistory,2026-07-23T07:14:14.984673+00:00,data/raw/hyperliquid/0692a10ed805cc456c7df21cd86989b0459d9bb40fb5a9a4658fd20927ed040c.json,official_hourly_events,6.25e-06
hyperliquid,xyz:SKHX,2026-07-18 15:00:00.024000+00:00,-3.99237e-05,1.0,,,POST /info fundingHistory,2026-07-23T07:14:14.984738+00:00,data/raw/hyperliquid/0692a10ed805cc456c7df21cd86989b0459d9bb40fb5a9a4658fd20927ed040c.json,official_hourly_events,-3.99237e-05
hyperliquid,xyz:SKHX,2026-07-18 16:00:00.043000+00:00,-8.00457e-05,1.0,,,POST /info fundingHistory,2026-07-23T07:14:14.984828+00:00,data/raw/hyperliquid/0692a10ed805cc456c7df21cd86989b0459d9bb40fb5a9a4658fd20927ed040c.json,official_hourly_events,-8.00457e-05
hyperliquid,xyz:SKHX,2026-07-18 17:00:00.035000+00:00,-5.5283e-05,1.0,,,POST /info fundingHistory,2026-07-23T07:14:14.984909+00:00,data/raw/hyperliquid/0692a10ed805cc456c7df21cd86989b0459d9bb40fb5a9a4658fd20927ed040c.json,official_hourly_events,-5.5283e-05
hyperliquid,xyz:SKHX,2026-07-18 18:00:00.031000+00:00,-3.62591e-05,1.0,,,POST /info fundingHistory,2026-07-23T07:14:14.984981+00:00,data/raw/hyperliquid/0692a10ed805cc456c7df21cd86989b0459d9bb40fb5a9a4658fd20927ed040c.json,official_hourly_events,-3.62591e-05
hyperliquid,xyz:SKHX,2026-07-18 19:00:00.033000+00:00,-9.6518e-06,1.0,,,POST /info fundingHistory,2026-07-23T07:14:14.985049+00:00,data/raw/hyperliquid/0692a10ed805cc456c7df21cd86989b0459d9bb40fb5a9a4658fd20927ed040c.json,official_hourly_events,-9.6518e-06
hyperliquid,xyz:SKHX,2026-07-18 20:00:00.016000+00:00,6.25e-06,1.0,,,POST /info fundingHistory,2026-07-23T07:14:14.985116+00:00,data/raw/hyperliquid/0692a10ed805cc456c7df21cd86989b0459d9bb40fb5a9a4658fd20927ed040c.json,official_hourly_events,6.25e-06
hyperliquid,xyz:SKHX,2026-07-18 21:00:00.006000+00:00,6.25e-06,1.0,,,POST /info fundingHistory,2026-07-23T07:14:14.985183+00:00,data/raw/hyperliquid/0692a10ed805cc456c7df21cd86989b0459d9bb40fb5a9a4658fd20927ed040c.json,official_hourly_events,6.25e-06
hyperliquid,xyz:SKHX,2026-07-18 22:00:00.011000+00:00,5.23309e-05,1.0,,,POST /info fundingHistory,2026-07-23T07:14:14.985248+00:00,data/raw/hyperliquid/0692a10ed805cc456c7df21cd86989b0459d9bb40fb5a9a4658fd20927ed040c.json,official_hourly_events,5.23309e-05
hyperliquid,xyz:SKHX,2026-07-18 23:00:00.009000+00:00,1.77632e-05,1.0,,,POST /info fundingHistory,2026-07-23T07:14:14.985314+00:00,data/raw/hyperliquid/0692a10ed805cc456c7df21cd86989b0459d9bb40fb5a9a4658fd20927ed040c.json,official_hourly_events,1.77632e-05
hyperliquid,xyz:SKHX,2026-07-19 00:00:00.030000+00:00,1.46779e-05,1.0,,,POST /info fundingHistory,2026-07-23T07:14:14.985379+00:00,data/raw/hyperliquid/0692a10ed805cc456c7df21cd86989b0459d9bb40fb5a9a4658fd20927ed040c.json,official_hourly_events,1.46779e-05
hyperliquid,xyz:SKHX,2026-07-19 01:00:00.044000+00:00,7.68915e-05,1.0,,,POST /info fundingHistory,2026-07-23T07:14:14.985443+00:00,data/raw/hyperliquid/0692a10ed805cc456c7df21cd86989b0459d9bb40fb5a9a4658fd20927ed040c.json,official_hourly_events,7.68915e-05
hyperliquid,xyz:SKHX,2026-07-19 02:00:00.055000+00:00,6.93764e-05,1.0,,,POST /info fundingHistory,2026-07-23T07:14:14.985509+00:00,data/raw/hyperliquid/0692a10ed805cc456c7df21cd86989b0459d9bb40fb5a9a4658fd20927ed040c.json,official_hourly_events,6.93764e-05
hyperliquid,xyz:SKHX,2026-07-19 03:00:00.022000+00:00,8.32997e-05,1.0,,,POST /info fundingHistory,2026-07-23T07:14:14.985573+00:00,data/raw/hyperliquid/0692a10ed805cc456c7df21cd86989b0459d9bb40fb5a9a4658fd20927ed040c.json,official_hourly_events,8.32997e-05
hyperliquid,xyz:SKHX,2026-07-19 04:00:00.031000+00:00,2.1309e-05,1.0,,,POST /info fundingHistory,2026-07-23T07:14:14.985637+00:00,data/raw/hyperliquid/0692a10ed805cc456c7df21cd86989b0459d9bb40fb5a9a4658fd20927ed040c.json,official_hourly_events,2.1309e-05
hyperliquid,xyz:SKHX,2026-07-19 05:00:00.043000+00:00,0.0002393023,1.0,,,POST /info fundingHistory,2026-07-23T07:14:14.985702+00:00,data/raw/hyperliquid/0692a10ed805cc456c7df21cd86989b0459d9bb40fb5a9a4658fd20927ed040c.json,official_hourly_events,0.0002393023
hyperliquid,xyz:SKHX,2026-07-19 06:00:00.032000+00:00,6.25e-06,1.0,,,POST /info fundingHistory,2026-07-23T07:14:14.985766+00:00,data/raw/hyperliquid/0692a10ed805cc456c7df21cd86989b0459d9bb40fb5a9a4658fd20927ed040c.json,official_hourly_events,6.25e-06
hyperliquid,xyz:SKHX,2026-07-19 07:00:00.047000+00:00,9.06881e-05,1.0,,,POST /info fundingHistory,2026-07-23T07:14:14.985865+00:00,data/raw/hyperliquid/0692a10ed805cc456c7df21cd86989b0459d9bb40fb5a9a4658fd20927ed040c.json,official_hourly_events,9.06881e-05
hyperliquid,xyz:SKHX,2026-07-19 08:00:00.093000+00:00,0.0001038321,1.0,,,POST /info fundingHistory,2026-07-23T07:14:14.985941+00:00,data/raw/hyperliquid/0692a10ed805cc456c7df21cd86989b0459d9bb40fb5a9a4658fd20927ed040c.json,official_hourly_events,0.0001038321
hyperliquid,xyz:SKHX,2026-07-19 09:00:00.026000+00:00,0.0002567741,1.0,,,POST /info fundingHistory,2026-07-23T07:14:14.986012+00:00,data/raw/hyperliquid/0692a10ed805cc456c7df21cd86989b0459d9bb40fb5a9a4658fd20927ed040c.json,official_hourly_events,0.0002567741
hyperliquid,xyz:SKHX,2026-07-19 10:00:00.030000+00:00,-1.9466e-05,1.0,,,POST /info fundingHistory,2026-07-23T07:14:14.986083+00:00,data/raw/hyperliquid/0692a10ed805cc456c7df21cd86989b0459d9bb40fb5a9a4658fd20927ed040c.json,official_hourly_events,-1.9466e-05
hyperliquid,xyz:SKHX,2026-07-19 11:00:00.033000+00:00,-0.0001521966,1.0,,,POST /info fundingHistory,2026-07-23T07:14:14.986152+00:00,data/raw/hyperliquid/0692a10ed805cc456c7df21cd86989b0459d9bb40fb5a9a4658fd20927ed040c.json,official_hourly_events,-0.0001521966
hyperliquid,xyz:SKHX,2026-07-19 12:00:00.037000+00:00,-8.56375e-05,1.0,,,POST /info fundingHistory,2026-07-23T07:14:14.986220+00:00,data/raw/hyperliquid/0692a10ed805cc456c7df21cd86989b0459d9bb40fb5a9a4658fd20927ed040c.json,official_hourly_events,-8.56375e-05
hyperliquid,xyz:SKHX,2026-07-19 13:00:00.014000+00:00,6.25e-06,1.0,,,POST /info fundingHistory,2026-07-23T07:14:14.986287+00:00,data/raw/hyperliquid/0692a10ed805cc456c7df21cd86989b0459d9bb40fb5a9a4658fd20927ed040c.json,official_hourly_events,6.25e-06
hyperliquid,xyz:SKHX,2026-07-19 14:00:00.135000+00:00,0.000129457,1.0,,,POST /info fundingHistory,2026-07-23T07:14:14.986352+00:00,data/raw/hyperliquid/0692a10ed805cc456c7df21cd86989b0459d9bb40fb5a9a4658fd20927ed040c.json,official_hourly_events,0.000129457
hyperliquid,xyz:SKHX,2026-07-19 15:00:00.019000+00:00,-6.13415e-05,1.0,,,POST /info fundingHistory,2026-07-23T07:14:14.986418+00:00,data/raw/hyperliquid/0692a10ed805cc456c7df21cd86989b0459d9bb40fb5a9a4658fd20927ed040c.json,official_hourly_events,-6.13415e-05
hyperliquid,xyz:SKHX,2026-07-19 16:00:00.007000+00:00,-3.82936e-05,1.0,,,POST /info fundingHistory,2026-07-23T07:14:14.986483+00:00,data/raw/hyperliquid/0692a10ed805cc456c7df21cd86989b0459d9bb40fb5a9a4658fd20927ed040c.json,official_hourly_events,-3.82936e-05
hyperliquid,xyz:SKHX,2026-07-19 17:00:00.043000+00:00,-0.0001463669,1.0,,,POST /info fundingHistory,2026-07-23T07:14:14.986549+00:00,data/raw/hyperliquid/0692a10ed805cc456c7df21cd86989b0459d9bb40fb5a9a4658fd20927ed040c.json,official_hourly_events,-0.0001463669
hyperliquid,xyz:SKHX,2026-07-19 18:00:00.049000+00:00,0.0001350793,1.0,,,POST /info fundingHistory,2026-07-23T07:14:14.986614+00:00,data/raw/hyperliquid/0692a10ed805cc456c7df21cd86989b0459d9bb40fb5a9a4658fd20927ed040c.json,official_hourly_events,0.0001350793
hyperliquid,xyz:SKHX,2026-07-19 19:00:00.049000+00:00,6.25e-06,1.0,,,POST /info fundingHistory,2026-07-23T07:14:14.986679+00:00,data/raw/hyperliquid/0692a10ed805cc456c7df21cd86989b0459d9bb40fb5a9a4658fd20927ed040c.json,official_hourly_events,6.25e-06
hyperliquid,xyz:SKHX,2026-07-19 20:00:00.010000+00:00,0.0001424997,1.0,,,POST /info fundingHistory,2026-07-23T07:14:14.986745+00:00,data/raw/hyperliquid/0692a10ed805cc456c7df21cd86989b0459d9bb40fb5a9a4658fd20927ed040c.json,official_hourly_events,0.0001424997
hyperliquid,xyz:SKHX,2026-07-19 21:00:00.026000+00:00,6.25e-06,1.0,,,POST /info fundingHistory,2026-07-23T07:14:14.986843+00:00,data/raw/hyperliquid/0692a10ed805cc456c7df21cd86989b0459d9bb40fb5a9a4658fd20927ed040c.json,official_hourly_events,6.25e-06
hyperliquid,xyz:SKHX,2026-07-19 22:00:00.049000+00:00,6.25e-06,1.0,,,POST /info fundingHistory,2026-07-23T07:14:14.986932+00:00,data/raw/hyperliquid/0692a10ed805cc456c7df21cd86989b0459d9bb40fb5a9a4658fd20927ed040c.json,official_hourly_events,6.25e-06
hyperliquid,xyz:SKHX,2026-07-19 23:00:00.014000+00:00,0.0001120228,1.0,,,POST /info fundingHistory,2026-07-23T07:14:14.987009+00:00,data/raw/hyperliquid/0692a10ed805cc456c7df21cd86989b0459d9bb40fb5a9a4658fd20927ed040c.json,official_hourly_events,0.0001120228
hyperliquid,xyz:SKHX,2026-07-20 00:00:00.034000+00:00,0.0002688809,1.0,,,POST /info fundingHistory,2026-07-23T07:14:14.987080+00:00,data/raw/hyperliquid/0692a10ed805cc456c7df21cd86989b0459d9bb40fb5a9a4658fd20927ed040c.json,official_hourly_events,0.0002688809
hyperliquid,xyz:SKHX,2026-07-20 01:00:00.063000+00:00,6.25e-06,1.0,,,POST /info fundingHistory,2026-07-23T07:14:14.987148+00:00,data/raw/hyperliquid/0692a10ed805cc456c7df21cd86989b0459d9bb40fb5a9a4658fd20927ed040c.json,official_hourly_events,6.25e-06
hyperliquid,xyz:SKHX,2026-07-20 02:00:00.052000+00:00,6.25e-06,1.0,,,POST /info fundingHistory,2026-07-23T07:14:14.987216+00:00,data/raw/hyperliquid/0692a10ed805cc456c7df21cd86989b0459d9bb40fb5a9a4658fd20927ed040c.json,official_hourly_events,6.25e-06
hyperliquid,xyz:SKHX,2026-07-20 03:00:00.046000+00:00,0.0001277184,1.0,,,POST /info fundingHistory,2026-07-23T07:14:14.987283+00:00,data/raw/hyperliquid/0692a10ed805cc456c7df21cd86989b0459d9bb40fb5a9a4658fd20927ed040c.json,official_hourly_events,0.0001277184
hyperliquid,xyz:SKHX,2026-07-20 04:00:00.011000+00:00,0.000122697,1.0,,,POST /info fundingHistory,2026-07-23T07:14:14.987349+00:00,data/raw/hyperliquid/0692a10ed805cc456c7df21cd86989b0459d9bb40fb5a9a4658fd20927ed040c.json,official_hourly_events,0.000122697
hyperliquid,xyz:SKHX,2026-07-20 05:00:00.027000+00:00,6.8249e-05,1.0,,,POST /info fundingHistory,2026-07-23T07:14:14.987415+00:00,data/raw/hyperliquid/0692a10ed805cc456c7df21cd86989b0459d9bb40fb5a9a4658fd20927ed040c.json,official_hourly_events,6.8249e-05
hyperliquid,xyz:SKHX,2026-07-20 06:00:00.047000+00:00,9.18419e-05,1.0,,,POST /info fundingHistory,2026-07-23T07:14:14.987515+00:00,data/raw/hyperliquid/0692a10ed805cc456c7df21cd86989b0459d9bb40fb5a9a4658fd20927ed040c.json,official_hourly_events,9.18419e-05
hyperliquid,xyz:SKHX,2026-07-20 07:00:00.008000+00:00,-5.71341e-05,1.0,,,POST /info fundingHistory,2026-07-23T07:14:14.987596+00:00,data/raw/hyperliquid/0692a10ed805cc456c7df21cd86989b0459d9bb40fb5a9a4658fd20927ed040c.json,official_hourly_events,-5.71341e-05
hyperliquid,xyz:SKHX,2026-07-20 08:00:00.058000+00:00,9.36582e-05,1.0,,,POST /info fundingHistory,2026-07-23T07:14:14.987669+00:00,data/raw/hyperliquid/0692a10ed805cc456c7df21cd86989b0459d9bb40fb5a9a4658fd20927ed040c.json,official_hourly_events,9.36582e-05
hyperliquid,xyz:SKHX,2026-07-20 09:00:00.029000+00:00,2.73756e-05,1.0,,,POST /info fundingHistory,2026-07-23T07:14:14.987739+00:00,data/raw/hyperliquid/0692a10ed805cc456c7df21cd86989b0459d9bb40fb5a9a4658fd20927ed040c.json,official_hourly_events,2.73756e-05
hyperliquid,xyz:SKHX,2026-07-20 10:00:00.029000+00:00,-6.04045e-05,1.0,,,POST /info fundingHistory,2026-07-23T07:14:14.987841+00:00,data/raw/hyperliquid/0692a10ed805cc456c7df21cd86989b0459d9bb40fb5a9a4658fd20927ed040c.json,official_hourly_events,-6.04045e-05
hyperliquid,xyz:SKHX,2026-07-20 11:00:00+00:00,-9.70366e-05,1.0,,,POST /info fundingHistory,2026-07-23T07:14:14.987929+00:00,data/raw/hyperliquid/0692a10ed805cc456c7df21cd86989b0459d9bb40fb5a9a4658fd20927ed040c.json,official_hourly_events,-9.70366e-05
hyperliquid,xyz:SKHX,2026-07-20 12:00:00+00:00,1.8678e-06,1.0,,,POST /info fundingHistory,2026-07-23T07:14:14.988004+00:00,data/raw/hyperliquid/0692a10ed805cc456c7df21cd86989b0459d9bb40fb5a9a4658fd20927ed040c.json,official_hourly_events,1.8678e-06
hyperliquid,xyz:SKHX,2026-07-20 13:00:00.047000+00:00,-0.000148396,1.0,,,POST /info fundingHistory,2026-07-23T07:14:14.988074+00:00,data/raw/hyperliquid/0692a10ed805cc456c7df21cd86989b0459d9bb40fb5a9a4658fd20927ed040c.json,official_hourly_events,-0.000148396
hyperliquid,xyz:SKHX,2026-07-20 14:00:00.049000+00:00,6.25e-06,1.0,,,POST /info fundingHistory,2026-07-23T07:14:14.988142+00:00,data/raw/hyperliquid/0692a10ed805cc456c7df21cd86989b0459d9bb40fb5a9a4658fd20927ed040c.json,official_hourly_events,6.25e-06
hyperliquid,xyz:SKHX,2026-07-20 15:00:00.053000+00:00,-0.0005133502,1.0,,,POST /info fundingHistory,2026-07-23T07:14:14.988209+00:00,data/raw/hyperliquid/0692a10ed805cc456c7df21cd86989b0459d9bb40fb5a9a4658fd20927ed040c.json,official_hourly_events,-0.0005133502
hyperliquid,xyz:SKHX,2026-07-20 16:00:00.104000+00:00,6.19623e-05,1.0,,,POST /info fundingHistory,2026-07-23T07:14:14.988275+00:00,data/raw/hyperliquid/0692a10ed805cc456c7df21cd86989b0459d9bb40fb5a9a4658fd20927ed040c.json,official_hourly_events,6.19623e-05
hyperliquid,xyz:SKHX,2026-07-20 17:00:00.046000+00:00,3.4695e-06,1.0,,,POST /info fundingHistory,2026-07-23T07:14:14.988341+00:00,data/raw/hyperliquid/0692a10ed805cc456c7df21cd86989b0459d9bb40fb5a9a4658fd20927ed040c.json,official_hourly_events,3.4695e-06
hyperliquid,xyz:SKHX,2026-07-20 18:00:00.027000+00:00,-0.0001098492,1.0,,,POST /info fundingHistory,2026-07-23T07:14:14.988408+00:00,data/raw/hyperliquid/0692a10ed805cc456c7df21cd86989b0459d9bb40fb5a9a4658fd20927ed040c.json,official_hourly_events,-0.0001098492
hyperliquid,xyz:SKHX,2026-07-20 19:00:00.035000+00:00,-0.0001310207,1.0,,,POST /info fundingHistory,2026-07-23T07:14:14.988476+00:00,data/raw/hyperliquid/0692a10ed805cc456c7df21cd86989b0459d9bb40fb5a9a4658fd20927ed040c.json,official_hourly_events,-0.0001310207
hyperliquid,xyz:SKHX,2026-07-20 20:00:00.008000+00:00,-0.0001973298,1.0,,,POST /info fundingHistory,2026-07-23T07:14:14.988541+00:00,data/raw/hyperliquid/0692a10ed805cc456c7df21cd86989b0459d9bb40fb5a9a4658fd20927ed040c.json,official_hourly_events,-0.0001973298
hyperliquid,xyz:SKHX,2026-07-20 21:00:00.006000+00:00,-0.0001334196,1.0,,,POST /info fundingHistory,2026-07-23T07:14:14.988606+00:00,data/raw/hyperliquid/0692a10ed805cc456c7df21cd86989b0459d9bb40fb5a9a4658fd20927ed040c.json,official_hourly_events,-0.0001334196
hyperliquid,xyz:SKHX,2026-07-20 22:00:00.003000+00:00,-4.86277e-05,1.0,,,POST /info fundingHistory,2026-07-23T07:14:14.988672+00:00,data/raw/hyperliquid/0692a10ed805cc456c7df21cd86989b0459d9bb40fb5a9a4658fd20927ed040c.json,official_hourly_events,-4.86277e-05
hyperliquid,xyz:SKHX,2026-07-20 23:00:00.048000+00:00,0.0001237952,1.0,,,POST /info fundingHistory,2026-07-23T07:14:14.988737+00:00,data/raw/hyperliquid/0692a10ed805cc456c7df21cd86989b0459d9bb40fb5a9a4658fd20927ed040c.json,official_hourly_events,0.0001237952
hyperliquid,xyz:SKHX,2026-07-21 00:00:00.040000+00:00,0.0001142159,1.0,,,POST /info fundingHistory,2026-07-23T07:14:14.988831+00:00,data/raw/hyperliquid/0692a10ed805cc456c7df21cd86989b0459d9bb40fb5a9a4658fd20927ed040c.json,official_hourly_events,0.0001142159
hyperliquid,xyz:SKHX,2026-07-21 01:00:00.005000+00:00,8.78528e-05,1.0,,,POST /info fundingHistory,2026-07-23T07:14:14.988910+00:00,data/raw/hyperliquid/0692a10ed805cc456c7df21cd86989b0459d9bb40fb5a9a4658fd20927ed040c.json,official_hourly_events,8.78528e-05
hyperliquid,xyz:SKHX,2026-07-21 02:00:00.036000+00:00,6.25e-06,1.0,,,POST /info fundingHistory,2026-07-23T07:14:14.988981+00:00,data/raw/hyperliquid/0692a10ed805cc456c7df21cd86989b0459d9bb40fb5a9a4658fd20927ed040c.json,official_hourly_events,6.25e-06
hyperliquid,xyz:SKHX,2026-07-21 03:00:00.030000+00:00,0.0001476351,1.0,,,POST /info fundingHistory,2026-07-23T07:14:14.989048+00:00,data/raw/hyperliquid/0692a10ed805cc456c7df21cd86989b0459d9bb40fb5a9a4658fd20927ed040c.json,official_hourly_events,0.0001476351
hyperliquid,xyz:SKHX,2026-07-21 04:00:00.001000+00:00,5.6757e-05,1.0,,,POST /info fundingHistory,2026-07-23T07:14:14.989113+00:00,data/raw/hyperliquid/0692a10ed805cc456c7df21cd86989b0459d9bb40fb5a9a4658fd20927ed040c.json,official_hourly_events,5.6757e-05
hyperliquid,xyz:SKHX,2026-07-21 05:00:00.004000+00:00,6.25e-06,1.0,,,POST /info fundingHistory,2026-07-23T07:14:14.989179+00:00,data/raw/hyperliquid/0692a10ed805cc456c7df21cd86989b0459d9bb40fb5a9a4658fd20927ed040c.json,official_hourly_events,6.25e-06
hyperliquid,xyz:SKHX,2026-07-21 06:00:00.043000+00:00,6.91257e-05,1.0,,,POST /info fundingHistory,2026-07-23T07:14:14.989245+00:00,data/raw/hyperliquid/0692a10ed805cc456c7df21cd86989b0459d9bb40fb5a9a4658fd20927ed040c.json,official_hourly_events,6.91257e-05
hyperliquid,xyz:SKHX,2026-07-21 07:00:00.034000+00:00,-7.8665e-06,1.0,,,POST /info fundingHistory,2026-07-23T07:14:14.989310+00:00,data/raw/hyperliquid/0692a10ed805cc456c7df21cd86989b0459d9bb40fb5a9a4658fd20927ed040c.json,official_hourly_events,-7.8665e-06
hyperliquid,xyz:SKHX,2026-07-21 08:00:00.035000+00:00,0.0002088394,1.0,,,POST /info fundingHistory,2026-07-23T07:14:14.989379+00:00,data/raw/hyperliquid/0692a10ed805cc456c7df21cd86989b0459d9bb40fb5a9a4658fd20927ed040c.json,official_hourly_events,0.0002088394
hyperliquid,xyz:SKHX,2026-07-21 09:00:00.044000+00:00,0.0001967108,1.0,,,POST /info fundingHistory,2026-07-23T07:14:14.989445+00:00,data/raw/hyperliquid/0692a10ed805cc456c7df21cd86989b0459d9bb40fb5a9a4658fd20927ed040c.json,official_hourly_events,0.0001967108
hyperliquid,xyz:SKHX,2026-07-21 10:00:00.032000+00:00,1.6442e-06,1.0,,,POST /info fundingHistory,2026-07-23T07:14:14.989510+00:00,data/raw/hyperliquid/0692a10ed805cc456c7df21cd86989b0459d9bb40fb5a9a4658fd20927ed040c.json,official_hourly_events,1.6442e-06
hyperliquid,xyz:SKHX,2026-07-21 11:00:00.043000+00:00,2.52931e-05,1.0,,,POST /info fundingHistory,2026-07-23T07:14:14.989574+00:00,data/raw/hyperliquid/0692a10ed805cc456c7df21cd86989b0459d9bb40fb5a9a4658fd20927ed040c.json,official_hourly_events,2.52931e-05
hyperliquid,xyz:SKHX,2026-07-21 12:00:00.029000+00:00,-6.63142e-05,1.0,,,POST /info fundingHistory,2026-07-23T07:14:14.989639+00:00,data/raw/hyperliquid/0692a10ed805cc456c7df21cd86989b0459d9bb40fb5a9a4658fd20927ed040c.json,official_hourly_events,-6.63142e-05
hyperliquid,xyz:SKHX,2026-07-21 13:00:00.025000+00:00,-5.06018e-05,1.0,,,POST /info fundingHistory,2026-07-23T07:14:14.989704+00:00,data/raw/hyperliquid/0692a10ed805cc456c7df21cd86989b0459d9bb40fb5a9a4658fd20927ed040c.json,official_hourly_events,-5.06018e-05
hyperliquid,xyz:SKHX,2026-07-21 14:00:00.062000+00:00,0.0002787525,1.0,,,POST /info fundingHistory,2026-07-23T07:14:14.989769+00:00,data/raw/hyperliquid/0692a10ed805cc456c7df21cd86989b0459d9bb40fb5a9a4658fd20927ed040c.json,official_hourly_events,0.0002787525
hyperliquid,xyz:SKHX,2026-07-21 15:00:00.021000+00:00,0.000232627,1.0,,,POST /info fundingHistory,2026-07-23T07:14:14.989866+00:00,data/raw/hyperliquid/0692a10ed805cc456c7df21cd86989b0459d9bb40fb5a9a4658fd20927ed040c.json,official_hourly_events,0.000232627
hyperliquid,xyz:SKHX,2026-07-21 16:00:00.022000+00:00,0.0002466834,1.0,,,POST /info fundingHistory,2026-07-23T07:14:14.989945+00:00,data/raw/hyperliquid/0692a10ed805cc456c7df21cd86989b0459d9bb40fb5a9a4658fd20927ed040c.json,official_hourly_events,0.0002466834
hyperliquid,xyz:SKHX,2026-07-21 17:00:00.028000+00:00,0.0002477315,1.0,,,POST /info fundingHistory,2026-07-23T07:14:14.990015+00:00,data/raw/hyperliquid/0692a10ed805cc456c7df21cd86989b0459d9bb40fb5a9a4658fd20927ed040c.json,official_hourly_events,0.0002477315
hyperliquid,xyz:SKHX,2026-07-21 18:00:00.028000+00:00,0.0002239247,1.0,,,POST /info fundingHistory,2026-07-23T07:14:14.990082+00:00,data/raw/hyperliquid/0692a10ed805cc456c7df21cd86989b0459d9bb40fb5a9a4658fd20927ed040c.json,official_hourly_events,0.0002239247
hyperliquid,xyz:SKHX,2026-07-21 19:00:00.068000+00:00,4.89291e-05,1.0,,,POST /info fundingHistory,2026-07-23T07:14:14.990148+00:00,data/raw/hyperliquid/0692a10ed805cc456c7df21cd86989b0459d9bb40fb5a9a4658fd20927ed040c.json,official_hourly_events,4.89291e-05
hyperliquid,xyz:SKHX,2026-07-21 20:00:00.059000+00:00,6.25e-06,1.0,,,POST /info fundingHistory,2026-07-23T07:14:14.990214+00:00,data/raw/hyperliquid/0692a10ed805cc456c7df21cd86989b0459d9bb40fb5a9a4658fd20927ed040c.json,official_hourly_events,6.25e-06
hyperliquid,xyz:SKHX,2026-07-21 21:00:00.047000+00:00,0.0002137557,1.0,,,POST /info fundingHistory,2026-07-23T07:14:14.990281+00:00,data/raw/hyperliquid/0692a10ed805cc456c7df21cd86989b0459d9bb40fb5a9a4658fd20927ed040c.json,official_hourly_events,0.0002137557
hyperliquid,xyz:SKHX,2026-07-21 22:00:00.051000+00:00,0.0002811407,1.0,,,POST /info fundingHistory,2026-07-23T07:14:14.990766+00:00,data/raw/hyperliquid/31d5996e57868ad321e957f3ed038a462b18e56715e00e9c97313e5d9c2c56ae.json,official_hourly_events,0.0002811407
hyperliquid,xyz:SKHX,2026-07-21 23:00:00.023000+00:00,-0.0001346425,1.0,,,POST /info fundingHistory,2026-07-23T07:14:14.990897+00:00,data/raw/hyperliquid/31d5996e57868ad321e957f3ed038a462b18e56715e00e9c97313e5d9c2c56ae.json,official_hourly_events,-0.0001346425
hyperliquid,xyz:SKHX,2026-07-22 00:00:00.025000+00:00,0.0001955694,1.0,,,POST /info fundingHistory,2026-07-23T07:14:14.990977+00:00,data/raw/hyperliquid/31d5996e57868ad321e957f3ed038a462b18e56715e00e9c97313e5d9c2c56ae.json,official_hourly_events,0.0001955694
hyperliquid,xyz:SKHX,2026-07-22 01:00:00.013000+00:00,-8.5126e-06,1.0,,,POST /info fundingHistory,2026-07-23T07:14:14.991048+00:00,data/raw/hyperliquid/31d5996e57868ad321e957f3ed038a462b18e56715e00e9c97313e5d9c2c56ae.json,official_hourly_events,-8.5126e-06
hyperliquid,xyz:SKHX,2026-07-22 02:00:00.091000+00:00,-1.50561e-05,1.0,,,POST /info fundingHistory,2026-07-23T07:14:14.991119+00:00,data/raw/hyperliquid/31d5996e57868ad321e957f3ed038a462b18e56715e00e9c97313e5d9c2c56ae.json,official_hourly_events,-1.50561e-05
hyperliquid,xyz:SKHX,2026-07-22 03:00:00.043000+00:00,6.25e-06,1.0,,,POST /info fundingHistory,2026-07-23T07:14:14.991187+00:00,data/raw/hyperliquid/31d5996e57868ad321e957f3ed038a462b18e56715e00e9c97313e5d9c2c56ae.json,official_hourly_events,6.25e-06
hyperliquid,xyz:SKHX,2026-07-22 04:00:00.052000+00:00,1.00317e-05,1.0,,,POST /info fundingHistory,2026-07-23T07:14:14.991255+00:00,data/raw/hyperliquid/31d5996e57868ad321e957f3ed038a462b18e56715e00e9c97313e5d9c2c56ae.json,official_hourly_events,1.00317e-05
hyperliquid,xyz:SKHX,2026-07-22 05:00:00.087000+00:00,2.51491e-05,1.0,,,POST /info fundingHistory,2026-07-23T07:14:14.991321+00:00,data/raw/hyperliquid/31d5996e57868ad321e957f3ed038a462b18e56715e00e9c97313e5d9c2c56ae.json,official_hourly_events,2.51491e-05
hyperliquid,xyz:SKHX,2026-07-22 06:00:00.048000+00:00,6.51903e-05,1.0,,,POST /info fundingHistory,2026-07-23T07:14:14.991387+00:00,data/raw/hyperliquid/31d5996e57868ad321e957f3ed038a462b18e56715e00e9c97313e5d9c2c56ae.json,official_hourly_events,6.51903e-05
hyperliquid,xyz:SKHX,2026-07-22 07:00:00.019000+00:00,0.0001006291,1.0,,,POST /info fundingHistory,2026-07-23T07:14:14.991454+00:00,data/raw/hyperliquid/31d5996e57868ad321e957f3ed038a462b18e56715e00e9c97313e5d9c2c56ae.json,official_hourly_events,0.0001006291
hyperliquid,xyz:SKHX,2026-07-22 08:00:00.039000+00:00,6.92692e-05,1.0,,,POST /info fundingHistory,2026-07-23T07:14:14.991567+00:00,data/raw/hyperliquid/31d5996e57868ad321e957f3ed038a462b18e56715e00e9c97313e5d9c2c56ae.json,official_hourly_events,6.92692e-05
hyperliquid,xyz:SKHX,2026-07-22 09:00:00.028000+00:00,6.25e-06,1.0,,,POST /info fundingHistory,2026-07-23T07:14:14.991644+00:00,data/raw/hyperliquid/31d5996e57868ad321e957f3ed038a462b18e56715e00e9c97313e5d9c2c56ae.json,official_hourly_events,6.25e-06
hyperliquid,xyz:SKHX,2026-07-22 10:00:00.025000+00:00,6.68522e-05,1.0,,,POST /info fundingHistory,2026-07-23T07:14:14.991714+00:00,data/raw/hyperliquid/31d5996e57868ad321e957f3ed038a462b18e56715e00e9c97313e5d9c2c56ae.json,official_hourly_events,6.68522e-05
hyperliquid,xyz:SKHX,2026-07-22 11:00:00.047000+00:00,0.00015643,1.0,,,POST /info fundingHistory,2026-07-23T07:14:14.991781+00:00,data/raw/hyperliquid/31d5996e57868ad321e957f3ed038a462b18e56715e00e9c97313e5d9c2c56ae.json,official_hourly_events,0.00015643
hyperliquid,xyz:SKHX,2026-07-22 12:00:00.037000+00:00,-2.04653e-05,1.0,,,POST /info fundingHistory,2026-07-23T07:14:14.991879+00:00,data/raw/hyperliquid/31d5996e57868ad321e957f3ed038a462b18e56715e00e9c97313e5d9c2c56ae.json,official_hourly_events,-2.04653e-05
hyperliquid,xyz:SKHX,2026-07-22 13:00:00.052000+00:00,-8.9015e-05,1.0,,,POST /info fundingHistory,2026-07-23T07:14:14.991952+00:00,data/raw/hyperliquid/31d5996e57868ad321e957f3ed038a462b18e56715e00e9c97313e5d9c2c56ae.json,official_hourly_events,-8.9015e-05
hyperliquid,xyz:SKHX,2026-07-22 14:00:00.038000+00:00,0.0004317929,1.0,,,POST /info fundingHistory,2026-07-23T07:14:14.992020+00:00,data/raw/hyperliquid/31d5996e57868ad321e957f3ed038a462b18e56715e00e9c97313e5d9c2c56ae.json,official_hourly_events,0.0004317929
hyperliquid,xyz:SKHX,2026-07-22 15:00:00.018000+00:00,0.0002461753,1.0,,,POST /info fundingHistory,2026-07-23T07:14:14.992089+00:00,data/raw/hyperliquid/31d5996e57868ad321e957f3ed038a462b18e56715e00e9c97313e5d9c2c56ae.json,official_hourly_events,0.0002461753
hyperliquid,xyz:SKHX,2026-07-22 16:00:00.004000+00:00,0.0001717476,1.0,,,POST /info fundingHistory,2026-07-23T07:14:14.992157+00:00,data/raw/hyperliquid/31d5996e57868ad321e957f3ed038a462b18e56715e00e9c97313e5d9c2c56ae.json,official_hourly_events,0.0001717476
hyperliquid,xyz:SKHX,2026-07-22 17:00:00.047000+00:00,0.0001190343,1.0,,,POST /info fundingHistory,2026-07-23T07:14:14.992224+00:00,data/raw/hyperliquid/31d5996e57868ad321e957f3ed038a462b18e56715e00e9c97313e5d9c2c56ae.json,official_hourly_events,0.0001190343
hyperliquid,xyz:SKHX,2026-07-22 18:00:00.015000+00:00,-9.87794e-05,1.0,,,POST /info fundingHistory,2026-07-23T07:14:14.992290+00:00,data/raw/hyperliquid/31d5996e57868ad321e957f3ed038a462b18e56715e00e9c97313e5d9c2c56ae.json,official_hourly_events,-9.87794e-05
hyperliquid,xyz:SKHX,2026-07-22 19:00:00.007000+00:00,-9.5528e-05,1.0,,,POST /info fundingHistory,2026-07-23T07:14:14.992355+00:00,data/raw/hyperliquid/31d5996e57868ad321e957f3ed038a462b18e56715e00e9c97313e5d9c2c56ae.json,official_hourly_events,-9.5528e-05
hyperliquid,xyz:SKHX,2026-07-22 20:00:00.054000+00:00,6.25e-06,1.0,,,POST /info fundingHistory,2026-07-23T07:14:14.992419+00:00,data/raw/hyperliquid/31d5996e57868ad321e957f3ed038a462b18e56715e00e9c97313e5d9c2c56ae.json,official_hourly_events,6.25e-06
hyperliquid,xyz:SKHX,2026-07-22 21:00:00.034000+00:00,0.000416244,1.0,,,POST /info fundingHistory,2026-07-23T07:14:14.992485+00:00,data/raw/hyperliquid/31d5996e57868ad321e957f3ed038a462b18e56715e00e9c97313e5d9c2c56ae.json,official_hourly_events,0.000416244
hyperliquid,xyz:SKHX,2026-07-22 22:00:00.043000+00:00,0.0004473368,1.0,,,POST /info fundingHistory,2026-07-23T07:14:14.992550+00:00,data/raw/hyperliquid/31d5996e57868ad321e957f3ed038a462b18e56715e00e9c97313e5d9c2c56ae.json,official_hourly_events,0.0004473368
hyperliquid,xyz:SKHX,2026-07-22 23:00:00.077000+00:00,-0.0002842418,1.0,,,POST /info fundingHistory,2026-07-23T07:14:14.992615+00:00,data/raw/hyperliquid/31d5996e57868ad321e957f3ed038a462b18e56715e00e9c97313e5d9c2c56ae.json,official_hourly_events,-0.0002842418
hyperliquid,xyz:SKHX,2026-07-23 00:00:00.046000+00:00,0.0002302296,1.0,,,POST /info fundingHistory,2026-07-23T07:14:14.992680+00:00,data/raw/hyperliquid/31d5996e57868ad321e957f3ed038a462b18e56715e00e9c97313e5d9c2c56ae.json,official_hourly_events,0.0002302296
hyperliquid,xyz:SKHX,2026-07-23 01:00:00.058000+00:00,6.46204e-05,1.0,,,POST /info fundingHistory,2026-07-23T07:14:14.992744+00:00,data/raw/hyperliquid/31d5996e57868ad321e957f3ed038a462b18e56715e00e9c97313e5d9c2c56ae.json,official_hourly_events,6.46204e-05
hyperliquid,xyz:SKHX,2026-07-23 02:00:00.049000+00:00,6.25e-06,1.0,,,POST /info fundingHistory,2026-07-23T07:14:14.992835+00:00,data/raw/hyperliquid/31d5996e57868ad321e957f3ed038a462b18e56715e00e9c97313e5d9c2c56ae.json,official_hourly_events,6.25e-06
hyperliquid,xyz:SKHX,2026-07-23 03:00:00.067000+00:00,6.25e-06,1.0,,,POST /info fundingHistory,2026-07-23T07:14:14.992913+00:00,data/raw/hyperliquid/31d5996e57868ad321e957f3ed038a462b18e56715e00e9c97313e5d9c2c56ae.json,official_hourly_events,6.25e-06
hyperliquid,xyz:SKHX,2026-07-23 04:00:00.046000+00:00,-4.33902e-05,1.0,,,POST /info fundingHistory,2026-07-23T07:14:14.992983+00:00,data/raw/hyperliquid/31d5996e57868ad321e957f3ed038a462b18e56715e00e9c97313e5d9c2c56ae.json,official_hourly_events,-4.33902e-05
hyperliquid,xyz:SKHX,2026-07-23 05:00:00.067000+00:00,-6.73728e-05,1.0,,,POST /info fundingHistory,2026-07-23T07:14:14.993049+00:00,data/raw/hyperliquid/31d5996e57868ad321e957f3ed038a462b18e56715e00e9c97313e5d9c2c56ae.json,official_hourly_events,-6.73728e-05
hyperliquid,xyz:SKHX,2026-07-23 06:00:00.001000+00:00,-6.02749e-05,1.0,,,POST /info fundingHistory,2026-07-23T07:14:14.993115+00:00,data/raw/hyperliquid/31d5996e57868ad321e957f3ed038a462b18e56715e00e9c97313e5d9c2c56ae.json,official_hourly_events,-6.02749e-05
hyperliquid,xyz:SKHX,2026-07-23 07:00:00.055000+00:00,-4.8831e-06,1.0,,,POST /info fundingHistory,2026-07-23T07:20:43.776966+00:00,data/raw/hyperliquid/8c55152e0e3e13fc264571fa6f3a7d9a06ee7ba194f5c72fffd3cbe575d735e5.json,official_hourly_events,-4.8831e-06
hyperliquid,xyz:SKHX,2026-07-23 08:00:00.021000+00:00,-4.91501e-05,1.0,,,POST /info fundingHistory,2026-07-23T08:17:36.978236+00:00,data/raw/hyperliquid/3582c160c3f3713e89bb1ec90c226e914054fd37596f539ad105e9c217abda06.json,official_hourly_events,-4.91501e-05
hyperliquid,xyz:SKHX,2026-07-23 09:00:00.020000+00:00,-4.28919e-05,1.0,,,POST /info fundingHistory,2026-07-23T09:07:42.763421+00:00,data/raw/hyperliquid/29da84002361e8279fe73cc77239e48056caa7d43f5f8560023e7e8a2c17e454.json,official_hourly_events,-4.28919e-05
okx,SKHYNIX-USDT-SWAP,2026-06-10 08:00:00+00:00,0.0002538140808292,8.0,,,/api/v5/public/funding-rate-history,2026-07-23T07:14:13.507424+00:00,data/raw/okx/eeca188d4db1806c478fcb64835ec4188282e1e49a7772c5096ae467db0c0cf2.json,inferred_from_events,3.172676010365e-05
okx,SKHYNIX-USDT-SWAP,2026-06-10 16:00:00+00:00,0.0019356487673407,8.0,,,/api/v5/public/funding-rate-history,2026-07-23T07:14:13.507351+00:00,data/raw/okx/eeca188d4db1806c478fcb64835ec4188282e1e49a7772c5096ae467db0c0cf2.json,inferred_from_events,0.0002419560959175875
okx,SKHYNIX-USDT-SWAP,2026-06-11 00:00:00+00:00,0.0001,8.0,,,/api/v5/public/funding-rate-history,2026-07-23T07:14:13.507276+00:00,data/raw/okx/eeca188d4db1806c478fcb64835ec4188282e1e49a7772c5096ae467db0c0cf2.json,inferred_from_events,1.25e-05
okx,SKHYNIX-USDT-SWAP,2026-06-11 08:00:00+00:00,0.0009192531530412,8.0,,,/api/v5/public/funding-rate-history,2026-07-23T07:14:13.507201+00:00,data/raw/okx/eeca188d4db1806c478fcb64835ec4188282e1e49a7772c5096ae467db0c0cf2.json,inferred_from_events,0.00011490664413015
okx,SKHYNIX-USDT-SWAP,2026-06-11 16:00:00+00:00,0.0013740512691226,8.0,,,/api/v5/public/funding-rate-history,2026-07-23T07:14:13.507121+00:00,data/raw/okx/eeca188d4db1806c478fcb64835ec4188282e1e49a7772c5096ae467db0c0cf2.json,inferred_from_events,0.000171756408640325
okx,SKHYNIX-USDT-SWAP,2026-06-12 00:00:00+00:00,0.0034807225215341,8.0,,,/api/v5/public/funding-rate-history,2026-07-23T07:14:13.507031+00:00,data/raw/okx/eeca188d4db1806c478fcb64835ec4188282e1e49a7772c5096ae467db0c0cf2.json,inferred_from_events,0.0004350903151917625
okx,SKHYNIX-USDT-SWAP,2026-06-12 08:00:00+00:00,0.0019381198627843,8.0,,,/api/v5/public/funding-rate-history,2026-07-23T07:14:13.506955+00:00,data/raw/okx/eeca188d4db1806c478fcb64835ec4188282e1e49a7772c5096ae467db0c0cf2.json,inferred_from_events,0.0002422649828480375
okx,SKHYNIX-USDT-SWAP,2026-06-12 16:00:00+00:00,0.0014634088292809,8.0,,,/api/v5/public/funding-rate-history,2026-07-23T07:14:13.506869+00:00,data/raw/okx/eeca188d4db1806c478fcb64835ec4188282e1e49a7772c5096ae467db0c0cf2.json,inferred_from_events,0.0001829261036601125
okx,SKHYNIX-USDT-SWAP,2026-06-13 00:00:00+00:00,0.0002885392580435,8.0,,,/api/v5/public/funding-rate-history,2026-07-23T07:14:13.506759+00:00,data/raw/okx/eeca188d4db1806c478fcb64835ec4188282e1e49a7772c5096ae467db0c0cf2.json,inferred_from_events,3.60674072554375e-05
okx,SKHYNIX-USDT-SWAP,2026-06-13 08:00:00+00:00,0.0008035951931452,8.0,,,/api/v5/public/funding-rate-history,2026-07-23T07:14:13.506667+00:00,data/raw/okx/eeca188d4db1806c478fcb64835ec4188282e1e49a7772c5096ae467db0c0cf2.json,inferred_from_events,0.00010044939914315
okx,SKHYNIX-USDT-SWAP,2026-06-13 16:00:00+00:00,0.0005886972132113,8.0,,,/api/v5/public/funding-rate-history,2026-07-23T07:14:13.506593+00:00,data/raw/okx/eeca188d4db1806c478fcb64835ec4188282e1e49a7772c5096ae467db0c0cf2.json,inferred_from_events,7.35871516514125e-05
okx,SKHYNIX-USDT-SWAP,2026-06-14 00:00:00+00:00,0.0002892595594409,8.0,,,/api/v5/public/funding-rate-history,2026-07-23T07:14:13.506516+00:00,data/raw/okx/eeca188d4db1806c478fcb64835ec4188282e1e49a7772c5096ae467db0c0cf2.json,inferred_from_events,3.61574449301125e-05
okx,SKHYNIX-USDT-SWAP,2026-06-14 08:00:00+00:00,0.0006236325142695,8.0,,,/api/v5/public/funding-rate-history,2026-07-23T07:14:13.506440+00:00,data/raw/okx/eeca188d4db1806c478fcb64835ec4188282e1e49a7772c5096ae467db0c0cf2.json,inferred_from_events,7.79540642836875e-05
okx,SKHYNIX-USDT-SWAP,2026-06-14 16:00:00+00:00,0.0001,8.0,,,/api/v5/public/funding-rate-history,2026-07-23T07:14:13.506360+00:00,data/raw/okx/eeca188d4db1806c478fcb64835ec4188282e1e49a7772c5096ae467db0c0cf2.json,inferred_from_events,1.25e-05
okx,SKHYNIX-USDT-SWAP,2026-06-15 00:00:00+00:00,0.0039529757881667,8.0,,,/api/v5/public/funding-rate-history,2026-07-23T07:14:13.506276+00:00,data/raw/okx/eeca188d4db1806c478fcb64835ec4188282e1e49a7772c5096ae467db0c0cf2.json,inferred_from_events,0.0004941219735208375
okx,SKHYNIX-USDT-SWAP,2026-06-15 08:00:00+00:00,0.0016440768836067,8.0,,,/api/v5/public/funding-rate-history,2026-07-23T07:14:13.506178+00:00,data/raw/okx/eeca188d4db1806c478fcb64835ec4188282e1e49a7772c5096ae467db0c0cf2.json,inferred_from_events,0.0002055096104508375
okx,SKHYNIX-USDT-SWAP,2026-06-15 16:00:00+00:00,0.0015840759562979,8.0,,,/api/v5/public/funding-rate-history,2026-07-23T07:14:13.506104+00:00,data/raw/okx/eeca188d4db1806c478fcb64835ec4188282e1e49a7772c5096ae467db0c0cf2.json,inferred_from_events,0.0001980094945372375
okx,SKHYNIX-USDT-SWAP,2026-06-16 00:00:00+00:00,0.000622843921358,8.0,,,/api/v5/public/funding-rate-history,2026-07-23T07:14:13.506026+00:00,data/raw/okx/eeca188d4db1806c478fcb64835ec4188282e1e49a7772c5096ae467db0c0cf2.json,inferred_from_events,7.785549016975e-05
okx,SKHYNIX-USDT-SWAP,2026-06-16 08:00:00+00:00,0.0004505154494673,8.0,,,/api/v5/public/funding-rate-history,2026-07-23T07:14:13.505942+00:00,data/raw/okx/eeca188d4db1806c478fcb64835ec4188282e1e49a7772c5096ae467db0c0cf2.json,inferred_from_events,5.63144311834125e-05
okx,SKHYNIX-USDT-SWAP,2026-06-16 16:00:00+00:00,-0.0025562314489719,8.0,,,/api/v5/public/funding-rate-history,2026-07-23T07:14:13.505836+00:00,data/raw/okx/eeca188d4db1806c478fcb64835ec4188282e1e49a7772c5096ae467db0c0cf2.json,inferred_from_events,-0.0003195289311214875
okx,SKHYNIX-USDT-SWAP,2026-06-17 00:00:00+00:00,0.0,8.0,,,/api/v5/public/funding-rate-history,2026-07-23T07:14:13.505733+00:00,data/raw/okx/eeca188d4db1806c478fcb64835ec4188282e1e49a7772c5096ae467db0c0cf2.json,inferred_from_events,0.0
okx,SKHYNIX-USDT-SWAP,2026-06-17 08:00:00+00:00,5.06862993576e-05,8.0,,,/api/v5/public/funding-rate-history,2026-07-23T07:14:13.505658+00:00,data/raw/okx/eeca188d4db1806c478fcb64835ec4188282e1e49a7772c5096ae467db0c0cf2.json,inferred_from_events,6.3357874197e-06
okx,SKHYNIX-USDT-SWAP,2026-06-17 16:00:00+00:00,0.0024421929317287,8.0,,,/api/v5/public/funding-rate-history,2026-07-23T07:14:13.505584+00:00,data/raw/okx/eeca188d4db1806c478fcb64835ec4188282e1e49a7772c5096ae467db0c0cf2.json,inferred_from_events,0.0003052741164660875
okx,SKHYNIX-USDT-SWAP,2026-06-18 00:00:00+00:00,0.0016113517402763,8.0,,,/api/v5/public/funding-rate-history,2026-07-23T07:14:13.505510+00:00,data/raw/okx/eeca188d4db1806c478fcb64835ec4188282e1e49a7772c5096ae467db0c0cf2.json,inferred_from_events,0.0002014189675345375
okx,SKHYNIX-USDT-SWAP,2026-06-18 08:00:00+00:00,0.0005741045547092,8.0,,,/api/v5/public/funding-rate-history,2026-07-23T07:14:13.505433+00:00,data/raw/okx/eeca188d4db1806c478fcb64835ec4188282e1e49a7772c5096ae467db0c0cf2.json,inferred_from_events,7.176306933865e-05
okx,SKHYNIX-USDT-SWAP,2026-06-18 16:00:00+00:00,0.0018395966557539,8.0,,,/api/v5/public/funding-rate-history,2026-07-23T07:14:13.505357+00:00,data/raw/okx/eeca188d4db1806c478fcb64835ec4188282e1e49a7772c5096ae467db0c0cf2.json,inferred_from_events,0.0002299495819692375
okx,SKHYNIX-USDT-SWAP,2026-06-19 00:00:00+00:00,0.0026097782764719,8.0,,,/api/v5/public/funding-rate-history,2026-07-23T07:14:13.505278+00:00,data/raw/okx/eeca188d4db1806c478fcb64835ec4188282e1e49a7772c5096ae467db0c0cf2.json,inferred_from_events,0.0003262222845589875
okx,SKHYNIX-USDT-SWAP,2026-06-19 08:00:00+00:00,0.0015857803121879,8.0,,,/api/v5/public/funding-rate-history,2026-07-23T07:14:13.505199+00:00,data/raw/okx/eeca188d4db1806c478fcb64835ec4188282e1e49a7772c5096ae467db0c0cf2.json,inferred_from_events,0.0001982225390234875
okx,SKHYNIX-USDT-SWAP,2026-06-19 16:00:00+00:00,0.0013298647262704,8.0,,,/api/v5/public/funding-rate-history,2026-07-23T07:14:13.505117+00:00,data/raw/okx/eeca188d4db1806c478fcb64835ec4188282e1e49a7772c5096ae467db0c0cf2.json,inferred_from_events,0.0001662330907838
okx,SKHYNIX-USDT-SWAP,2026-06-20 00:00:00+00:00,0.0025322950265775,8.0,,,/api/v5/public/funding-rate-history,2026-07-23T07:14:13.505013+00:00,data/raw/okx/eeca188d4db1806c478fcb64835ec4188282e1e49a7772c5096ae467db0c0cf2.json,inferred_from_events,0.0003165368783221875
okx,SKHYNIX-USDT-SWAP,2026-06-20 08:00:00+00:00,0.0019779787432786,8.0,,,/api/v5/public/funding-rate-history,2026-07-23T07:14:13.504869+00:00,data/raw/okx/eeca188d4db1806c478fcb64835ec4188282e1e49a7772c5096ae467db0c0cf2.json,inferred_from_events,0.000247247342909825
okx,SKHYNIX-USDT-SWAP,2026-06-20 16:00:00+00:00,0.0016179174334262,8.0,,,/api/v5/public/funding-rate-history,2026-07-23T07:14:13.504715+00:00,data/raw/okx/eeca188d4db1806c478fcb64835ec4188282e1e49a7772c5096ae467db0c0cf2.json,inferred_from_events,0.000202239679178275
okx,SKHYNIX-USDT-SWAP,2026-06-21 00:00:00+00:00,0.0012852036649441,8.0,,,/api/v5/public/funding-rate-history,2026-07-23T07:14:13.504620+00:00,data/raw/okx/eeca188d4db1806c478fcb64835ec4188282e1e49a7772c5096ae467db0c0cf2.json,inferred_from_events,0.0001606504581180125
okx,SKHYNIX-USDT-SWAP,2026-06-21 08:00:00+00:00,0.0014237660192738,8.0,,,/api/v5/public/funding-rate-history,2026-07-23T07:14:13.504192+00:00,data/raw/okx/58eb196068b6f08f218d3da04b2b5375e7b866501cce05684db2ecced3e4fa4c.json,inferred_from_events,0.000177970752409225
okx,SKHYNIX-USDT-SWAP,2026-06-21 16:00:00+00:00,0.0013408527991725,8.0,,,/api/v5/public/funding-rate-history,2026-07-23T07:14:13.504118+00:00,data/raw/okx/58eb196068b6f08f218d3da04b2b5375e7b866501cce05684db2ecced3e4fa4c.json,inferred_from_events,0.0001676065998965625
okx,SKHYNIX-USDT-SWAP,2026-06-22 00:00:00+00:00,0.0018937362952074,8.0,,,/api/v5/public/funding-rate-history,2026-07-23T07:14:13.504040+00:00,data/raw/okx/58eb196068b6f08f218d3da04b2b5375e7b866501cce05684db2ecced3e4fa4c.json,inferred_from_events,0.000236717036900925
okx,SKHYNIX-USDT-SWAP,2026-06-22 08:00:00+00:00,0.0032551564150289,8.0,,,/api/v5/public/funding-rate-history,2026-07-23T07:14:13.503963+00:00,data/raw/okx/58eb196068b6f08f218d3da04b2b5375e7b866501cce05684db2ecced3e4fa4c.json,inferred_from_events,0.0004068945518786125
okx,SKHYNIX-USDT-SWAP,2026-06-22 16:00:00+00:00,0.0001821884397581,8.0,,,/api/v5/public/funding-rate-history,2026-07-23T07:14:13.503875+00:00,data/raw/okx/58eb196068b6f08f218d3da04b2b5375e7b866501cce05684db2ecced3e4fa4c.json,inferred_from_events,2.27735549697625e-05
okx,SKHYNIX-USDT-SWAP,2026-06-23 00:00:00+00:00,0.0008995476822087,8.0,,,/api/v5/public/funding-rate-history,2026-07-23T07:14:13.503760+00:00,data/raw/okx/58eb196068b6f08f218d3da04b2b5375e7b866501cce05684db2ecced3e4fa4c.json,inferred_from_events,0.0001124434602760875
okx,SKHYNIX-USDT-SWAP,2026-06-23 08:00:00+00:00,0.0048822453571552,8.0,,,/api/v5/public/funding-rate-history,2026-07-23T07:14:13.503665+00:00,data/raw/okx/58eb196068b6f08f218d3da04b2b5375e7b866501cce05684db2ecced3e4fa4c.json,inferred_from_events,0.0006102806696444
okx,SKHYNIX-USDT-SWAP,2026-06-23 16:00:00+00:00,0.0011357587507137,8.0,,,/api/v5/public/funding-rate-history,2026-07-23T07:14:13.503584+00:00,data/raw/okx/58eb196068b6f08f218d3da04b2b5375e7b866501cce05684db2ecced3e4fa4c.json,inferred_from_events,0.0001419698438392125
okx,SKHYNIX-USDT-SWAP,2026-06-24 00:00:00+00:00,0.0002898004725902,8.0,,,/api/v5/public/funding-rate-history,2026-07-23T07:14:13.503471+00:00,data/raw/okx/58eb196068b6f08f218d3da04b2b5375e7b866501cce05684db2ecced3e4fa4c.json,inferred_from_events,3.6225059073775e-05
okx,SKHYNIX-USDT-SWAP,2026-06-24 08:00:00+00:00,0.0023620266144993,8.0,,,/api/v5/public/funding-rate-history,2026-07-23T07:14:13.503395+00:00,data/raw/okx/58eb196068b6f08f218d3da04b2b5375e7b866501cce05684db2ecced3e4fa4c.json,inferred_from_events,0.0002952533268124125
okx,SKHYNIX-USDT-SWAP,2026-06-24 16:00:00+00:00,-0.0006367699176979,8.0,,,/api/v5/public/funding-rate-history,2026-07-23T07:14:13.503314+00:00,data/raw/okx/58eb196068b6f08f218d3da04b2b5375e7b866501cce05684db2ecced3e4fa4c.json,inferred_from_events,-7.95962397122375e-05
okx,SKHYNIX-USDT-SWAP,2026-06-25 00:00:00+00:00,0.0050871457699901,8.0,,,/api/v5/public/funding-rate-history,2026-07-23T07:14:13.503237+00:00,data/raw/okx/58eb196068b6f08f218d3da04b2b5375e7b866501cce05684db2ecced3e4fa4c.json,inferred_from_events,0.0006358932212487625
okx,SKHYNIX-USDT-SWAP,2026-06-25 08:00:00+00:00,0.0,8.0,,,/api/v5/public/funding-rate-history,2026-07-23T07:14:13.503161+00:00,data/raw/okx/58eb196068b6f08f218d3da04b2b5375e7b866501cce05684db2ecced3e4fa4c.json,inferred_from_events,0.0
okx,SKHYNIX-USDT-SWAP,2026-06-25 16:00:00+00:00,-0.0011279152892222,8.0,,,/api/v5/public/funding-rate-history,2026-07-23T07:14:13.503076+00:00,data/raw/okx/58eb196068b6f08f218d3da04b2b5375e7b866501cce05684db2ecced3e4fa4c.json,inferred_from_events,-0.000140989411152775
okx,SKHYNIX-USDT-SWAP,2026-06-26 00:00:00+00:00,-0.0002386000549671,8.0,,,/api/v5/public/funding-rate-history,2026-07-23T07:14:13.502985+00:00,data/raw/okx/58eb196068b6f08f218d3da04b2b5375e7b866501cce05684db2ecced3e4fa4c.json,inferred_from_events,-2.98250068708875e-05
okx,SKHYNIX-USDT-SWAP,2026-06-26 08:00:00+00:00,0.002959805113862,8.0,,,/api/v5/public/funding-rate-history,2026-07-23T07:14:13.502899+00:00,data/raw/okx/58eb196068b6f08f218d3da04b2b5375e7b866501cce05684db2ecced3e4fa4c.json,inferred_from_events,0.00036997563923275
okx,SKHYNIX-USDT-SWAP,2026-06-26 16:00:00+00:00,0.0003187214112619,8.0,,,/api/v5/public/funding-rate-history,2026-07-23T07:14:13.502779+00:00,data/raw/okx/58eb196068b6f08f218d3da04b2b5375e7b866501cce05684db2ecced3e4fa4c.json,inferred_from_events,3.98401764077375e-05
okx,SKHYNIX-USDT-SWAP,2026-06-27 00:00:00+00:00,0.0,8.0,,,/api/v5/public/funding-rate-history,2026-07-23T07:14:13.502704+00:00,data/raw/okx/58eb196068b6f08f218d3da04b2b5375e7b866501cce05684db2ecced3e4fa4c.json,inferred_from_events,0.0
okx,SKHYNIX-USDT-SWAP,2026-06-27 08:00:00+00:00,0.0,8.0,,,/api/v5/public/funding-rate-history,2026-07-23T07:14:13.502629+00:00,data/raw/okx/58eb196068b6f08f218d3da04b2b5375e7b866501cce05684db2ecced3e4fa4c.json,inferred_from_events,0.0
okx,SKHYNIX-USDT-SWAP,2026-06-27 16:00:00+00:00,0.0,8.0,,,/api/v5/public/funding-rate-history,2026-07-23T07:14:13.502555+00:00,data/raw/okx/58eb196068b6f08f218d3da04b2b5375e7b866501cce05684db2ecced3e4fa4c.json,inferred_from_events,0.0
okx,SKHYNIX-USDT-SWAP,2026-06-28 00:00:00+00:00,0.0,8.0,,,/api/v5/public/funding-rate-history,2026-07-23T07:14:13.502481+00:00,data/raw/okx/58eb196068b6f08f218d3da04b2b5375e7b866501cce05684db2ecced3e4fa4c.json,inferred_from_events,0.0
okx,SKHYNIX-USDT-SWAP,2026-06-28 08:00:00+00:00,0.0004521932604946,8.0,,,/api/v5/public/funding-rate-history,2026-07-23T07:14:13.502406+00:00,data/raw/okx/58eb196068b6f08f218d3da04b2b5375e7b866501cce05684db2ecced3e4fa4c.json,inferred_from_events,5.6524157561825e-05
okx,SKHYNIX-USDT-SWAP,2026-06-28 16:00:00+00:00,0.0013402355099599,8.0,,,/api/v5/public/funding-rate-history,2026-07-23T07:14:13.502328+00:00,data/raw/okx/58eb196068b6f08f218d3da04b2b5375e7b866501cce05684db2ecced3e4fa4c.json,inferred_from_events,0.0001675294387449875
okx,SKHYNIX-USDT-SWAP,2026-06-29 00:00:00+00:00,0.0016724562838117,8.0,,,/api/v5/public/funding-rate-history,2026-07-23T07:14:13.502247+00:00,data/raw/okx/58eb196068b6f08f218d3da04b2b5375e7b866501cce05684db2ecced3e4fa4c.json,inferred_from_events,0.0002090570354764625
okx,SKHYNIX-USDT-SWAP,2026-06-29 08:00:00+00:00,0.0030969090387396,8.0,,,/api/v5/public/funding-rate-history,2026-07-23T07:14:13.502170+00:00,data/raw/okx/58eb196068b6f08f218d3da04b2b5375e7b866501cce05684db2ecced3e4fa4c.json,inferred_from_events,0.00038711362984245
okx,SKHYNIX-USDT-SWAP,2026-06-29 16:00:00+00:00,-0.0003102854741496,8.0,,,/api/v5/public/funding-rate-history,2026-07-23T07:14:13.502089+00:00,data/raw/okx/58eb196068b6f08f218d3da04b2b5375e7b866501cce05684db2ecced3e4fa4c.json,inferred_from_events,-3.87856842687e-05
okx,SKHYNIX-USDT-SWAP,2026-06-30 00:00:00+00:00,0.001450186809796,8.0,,,/api/v5/public/funding-rate-history,2026-07-23T07:14:13.501996+00:00,data/raw/okx/58eb196068b6f08f218d3da04b2b5375e7b866501cce05684db2ecced3e4fa4c.json,inferred_from_events,0.0001812733512245
okx,SKHYNIX-USDT-SWAP,2026-06-30 08:00:00+00:00,0.0003107255313745,8.0,,,/api/v5/public/funding-rate-history,2026-07-23T07:14:13.501908+00:00,data/raw/okx/58eb196068b6f08f218d3da04b2b5375e7b866501cce05684db2ecced3e4fa4c.json,inferred_from_events,3.88406914218125e-05
okx,SKHYNIX-USDT-SWAP,2026-06-30 16:00:00+00:00,0.000269433567782,8.0,,,/api/v5/public/funding-rate-history,2026-07-23T07:14:13.501790+00:00,data/raw/okx/58eb196068b6f08f218d3da04b2b5375e7b866501cce05684db2ecced3e4fa4c.json,inferred_from_events,3.367919597275e-05
okx,SKHYNIX-USDT-SWAP,2026-07-01 00:00:00+00:00,0.0007204153161978,8.0,,,/api/v5/public/funding-rate-history,2026-07-23T07:14:13.501697+00:00,data/raw/okx/58eb196068b6f08f218d3da04b2b5375e7b866501cce05684db2ecced3e4fa4c.json,inferred_from_events,9.0051914524725e-05
okx,SKHYNIX-USDT-SWAP,2026-07-01 08:00:00+00:00,0.0030477979831705,8.0,,,/api/v5/public/funding-rate-history,2026-07-23T07:14:13.501621+00:00,data/raw/okx/58eb196068b6f08f218d3da04b2b5375e7b866501cce05684db2ecced3e4fa4c.json,inferred_from_events,0.0003809747478963125
okx,SKHYNIX-USDT-SWAP,2026-07-01 16:00:00+00:00,0.0002517207720973,8.0,,,/api/v5/public/funding-rate-history,2026-07-23T07:14:13.501544+00:00,data/raw/okx/58eb196068b6f08f218d3da04b2b5375e7b866501cce05684db2ecced3e4fa4c.json,inferred_from_events,3.14650965121625e-05
okx,SKHYNIX-USDT-SWAP,2026-07-02 00:00:00+00:00,0.0,8.0,,,/api/v5/public/funding-rate-history,2026-07-23T07:14:13.501467+00:00,data/raw/okx/58eb196068b6f08f218d3da04b2b5375e7b866501cce05684db2ecced3e4fa4c.json,inferred_from_events,0.0
okx,SKHYNIX-USDT-SWAP,2026-07-02 08:00:00+00:00,0.0066093233823821,8.0,,,/api/v5/public/funding-rate-history,2026-07-23T07:14:13.501390+00:00,data/raw/okx/58eb196068b6f08f218d3da04b2b5375e7b866501cce05684db2ecced3e4fa4c.json,inferred_from_events,0.0008261654227977625
okx,SKHYNIX-USDT-SWAP,2026-07-02 16:00:00+00:00,-0.0004130743792072,8.0,,,/api/v5/public/funding-rate-history,2026-07-23T07:14:13.501312+00:00,data/raw/okx/58eb196068b6f08f218d3da04b2b5375e7b866501cce05684db2ecced3e4fa4c.json,inferred_from_events,-5.16342974009e-05
okx,SKHYNIX-USDT-SWAP,2026-07-03 00:00:00+00:00,0.001695844768444,8.0,,,/api/v5/public/funding-rate-history,2026-07-23T07:14:13.501227+00:00,data/raw/okx/58eb196068b6f08f218d3da04b2b5375e7b866501cce05684db2ecced3e4fa4c.json,inferred_from_events,0.0002119805960555
okx,SKHYNIX-USDT-SWAP,2026-07-03 08:00:00+00:00,-0.0012614043904869,8.0,,,/api/v5/public/funding-rate-history,2026-07-23T07:14:13.501131+00:00,data/raw/okx/58eb196068b6f08f218d3da04b2b5375e7b866501cce05684db2ecced3e4fa4c.json,inferred_from_events,-0.0001576755488108625
okx,SKHYNIX-USDT-SWAP,2026-07-03 16:00:00+00:00,0.0,8.0,,,/api/v5/public/funding-rate-history,2026-07-23T07:14:13.501056+00:00,data/raw/okx/58eb196068b6f08f218d3da04b2b5375e7b866501cce05684db2ecced3e4fa4c.json,inferred_from_events,0.0
okx,SKHYNIX-USDT-SWAP,2026-07-04 00:00:00+00:00,0.0009433653282703,8.0,,,/api/v5/public/funding-rate-history,2026-07-23T07:14:13.500980+00:00,data/raw/okx/58eb196068b6f08f218d3da04b2b5375e7b866501cce05684db2ecced3e4fa4c.json,inferred_from_events,0.0001179206660337875
okx,SKHYNIX-USDT-SWAP,2026-07-04 08:00:00+00:00,0.0,8.0,,,/api/v5/public/funding-rate-history,2026-07-23T07:14:13.500898+00:00,data/raw/okx/58eb196068b6f08f218d3da04b2b5375e7b866501cce05684db2ecced3e4fa4c.json,inferred_from_events,0.0
okx,SKHYNIX-USDT-SWAP,2026-07-04 16:00:00+00:00,4.14577112607e-05,8.0,,,/api/v5/public/funding-rate-history,2026-07-23T07:14:13.500781+00:00,data/raw/okx/58eb196068b6f08f218d3da04b2b5375e7b866501cce05684db2ecced3e4fa4c.json,inferred_from_events,5.1822139075875e-06
okx,SKHYNIX-USDT-SWAP,2026-07-05 00:00:00+00:00,0.0007552342349299,8.0,,,/api/v5/public/funding-rate-history,2026-07-23T07:14:13.500707+00:00,data/raw/okx/58eb196068b6f08f218d3da04b2b5375e7b866501cce05684db2ecced3e4fa4c.json,inferred_from_events,9.44042793662375e-05
okx,SKHYNIX-USDT-SWAP,2026-07-05 08:00:00+00:00,0.0,8.0,,,/api/v5/public/funding-rate-history,2026-07-23T07:14:13.500633+00:00,data/raw/okx/58eb196068b6f08f218d3da04b2b5375e7b866501cce05684db2ecced3e4fa4c.json,inferred_from_events,0.0
okx,SKHYNIX-USDT-SWAP,2026-07-05 16:00:00+00:00,0.0002156351084858,8.0,,,/api/v5/public/funding-rate-history,2026-07-23T07:14:13.500560+00:00,data/raw/okx/58eb196068b6f08f218d3da04b2b5375e7b866501cce05684db2ecced3e4fa4c.json,inferred_from_events,2.6954388560725e-05
okx,SKHYNIX-USDT-SWAP,2026-07-06 00:00:00+00:00,0.000516723279894,8.0,,,/api/v5/public/funding-rate-history,2026-07-23T07:14:13.500481+00:00,data/raw/okx/58eb196068b6f08f218d3da04b2b5375e7b866501cce05684db2ecced3e4fa4c.json,inferred_from_events,6.459040998675e-05
okx,SKHYNIX-USDT-SWAP,2026-07-06 08:00:00+00:00,0.0017315107716999,8.0,,,/api/v5/public/funding-rate-history,2026-07-23T07:14:13.500402+00:00,data/raw/okx/58eb196068b6f08f218d3da04b2b5375e7b866501cce05684db2ecced3e4fa4c.json,inferred_from_events,0.0002164388464624875
okx,SKHYNIX-USDT-SWAP,2026-07-06 16:00:00+00:00,0.0005999915190746,8.0,,,/api/v5/public/funding-rate-history,2026-07-23T07:14:13.500306+00:00,data/raw/okx/58eb196068b6f08f218d3da04b2b5375e7b866501cce05684db2ecced3e4fa4c.json,inferred_from_events,7.4998939884325e-05
okx,SKHYNIX-USDT-SWAP,2026-07-07 00:00:00+00:00,0.0,8.0,,,/api/v5/public/funding-rate-history,2026-07-23T07:14:13.500231+00:00,data/raw/okx/58eb196068b6f08f218d3da04b2b5375e7b866501cce05684db2ecced3e4fa4c.json,inferred_from_events,0.0
okx,SKHYNIX-USDT-SWAP,2026-07-07 08:00:00+00:00,0.0050692334577689,8.0,,,/api/v5/public/funding-rate-history,2026-07-23T07:14:13.500153+00:00,data/raw/okx/58eb196068b6f08f218d3da04b2b5375e7b866501cce05684db2ecced3e4fa4c.json,inferred_from_events,0.0006336541822211125
okx,SKHYNIX-USDT-SWAP,2026-07-07 16:00:00+00:00,0.0,8.0,,,/api/v5/public/funding-rate-history,2026-07-23T07:14:13.500078+00:00,data/raw/okx/58eb196068b6f08f218d3da04b2b5375e7b866501cce05684db2ecced3e4fa4c.json,inferred_from_events,0.0
okx,SKHYNIX-USDT-SWAP,2026-07-08 00:00:00+00:00,0.0,8.0,,,/api/v5/public/funding-rate-history,2026-07-23T07:14:13.500003+00:00,data/raw/okx/58eb196068b6f08f218d3da04b2b5375e7b866501cce05684db2ecced3e4fa4c.json,inferred_from_events,0.0
okx,SKHYNIX-USDT-SWAP,2026-07-08 08:00:00+00:00,0.0038486519117764,8.0,,,/api/v5/public/funding-rate-history,2026-07-23T07:14:13.499923+00:00,data/raw/okx/58eb196068b6f08f218d3da04b2b5375e7b866501cce05684db2ecced3e4fa4c.json,inferred_from_events,0.00048108148897205
okx,SKHYNIX-USDT-SWAP,2026-07-08 16:00:00+00:00,0.0013174347143984,8.0,,,/api/v5/public/funding-rate-history,2026-07-23T07:14:13.499831+00:00,data/raw/okx/58eb196068b6f08f218d3da04b2b5375e7b866501cce05684db2ecced3e4fa4c.json,inferred_from_events,0.0001646793392998
okx,SKHYNIX-USDT-SWAP,2026-07-09 00:00:00+00:00,0.0009632616582105,8.0,,,/api/v5/public/funding-rate-history,2026-07-23T07:14:13.499728+00:00,data/raw/okx/58eb196068b6f08f218d3da04b2b5375e7b866501cce05684db2ecced3e4fa4c.json,inferred_from_events,0.0001204077072763125
okx,SKHYNIX-USDT-SWAP,2026-07-09 08:00:00+00:00,0.003230774499799,8.0,,,/api/v5/public/funding-rate-history,2026-07-23T07:14:13.499653+00:00,data/raw/okx/58eb196068b6f08f218d3da04b2b5375e7b866501cce05684db2ecced3e4fa4c.json,inferred_from_events,0.000403846812474875
okx,SKHYNIX-USDT-SWAP,2026-07-09 16:00:00+00:00,0.000949839899681,8.0,,,/api/v5/public/funding-rate-history,2026-07-23T07:14:13.499568+00:00,data/raw/okx/58eb196068b6f08f218d3da04b2b5375e7b866501cce05684db2ecced3e4fa4c.json,inferred_from_events,0.000118729987460125
okx,SKHYNIX-USDT-SWAP,2026-07-10 00:00:00+00:00,0.0010868123110623,8.0,,,/api/v5/public/funding-rate-history,2026-07-23T07:14:13.499433+00:00,data/raw/okx/58eb196068b6f08f218d3da04b2b5375e7b866501cce05684db2ecced3e4fa4c.json,inferred_from_events,0.0001358515388827875
okx,SKHYNIX-USDT-SWAP,2026-07-10 08:00:00+00:00,0.003338389115287,8.0,,,/api/v5/public/funding-rate-history,2026-07-23T07:14:13.499358+00:00,data/raw/okx/58eb196068b6f08f218d3da04b2b5375e7b866501cce05684db2ecced3e4fa4c.json,inferred_from_events,0.000417298639410875
okx,SKHYNIX-USDT-SWAP,2026-07-10 16:00:00+00:00,0.0016407940741556,8.0,,,/api/v5/public/funding-rate-history,2026-07-23T07:14:13.499281+00:00,data/raw/okx/58eb196068b6f08f218d3da04b2b5375e7b866501cce05684db2ecced3e4fa4c.json,inferred_from_events,0.00020509925926945
okx,SKHYNIX-USDT-SWAP,2026-07-11 00:00:00+00:00,0.0,8.0,,,/api/v5/public/funding-rate-history,2026-07-23T07:14:13.499202+00:00,data/raw/okx/58eb196068b6f08f218d3da04b2b5375e7b866501cce05684db2ecced3e4fa4c.json,inferred_from_events,0.0
okx,SKHYNIX-USDT-SWAP,2026-07-11 08:00:00+00:00,9.0284932114e-05,8.0,,,/api/v5/public/funding-rate-history,2026-07-23T07:14:13.499119+00:00,data/raw/okx/58eb196068b6f08f218d3da04b2b5375e7b866501cce05684db2ecced3e4fa4c.json,inferred_from_events,1.128561651425e-05
okx,SKHYNIX-USDT-SWAP,2026-07-11 16:00:00+00:00,0.0,8.0,,,/api/v5/public/funding-rate-history,2026-07-23T07:14:13.499030+00:00,data/raw/okx/58eb196068b6f08f218d3da04b2b5375e7b866501cce05684db2ecced3e4fa4c.json,inferred_from_events,0.0
okx,SKHYNIX-USDT-SWAP,2026-07-12 00:00:00+00:00,0.0,8.0,,,/api/v5/public/funding-rate-history,2026-07-23T07:14:13.498948+00:00,data/raw/okx/58eb196068b6f08f218d3da04b2b5375e7b866501cce05684db2ecced3e4fa4c.json,inferred_from_events,0.0
okx,SKHYNIX-USDT-SWAP,2026-07-12 08:00:00+00:00,0.0003451988894361,8.0,,,/api/v5/public/funding-rate-history,2026-07-23T07:14:13.498854+00:00,data/raw/okx/58eb196068b6f08f218d3da04b2b5375e7b866501cce05684db2ecced3e4fa4c.json,inferred_from_events,4.31498611795125e-05
okx,SKHYNIX-USDT-SWAP,2026-07-12 16:00:00+00:00,0.0,8.0,,,/api/v5/public/funding-rate-history,2026-07-23T07:14:13.498741+00:00,data/raw/okx/58eb196068b6f08f218d3da04b2b5375e7b866501cce05684db2ecced3e4fa4c.json,inferred_from_events,0.0
okx,SKHYNIX-USDT-SWAP,2026-07-13 00:00:00+00:00,0.0006511640660213,8.0,,,/api/v5/public/funding-rate-history,2026-07-23T07:14:13.498660+00:00,data/raw/okx/58eb196068b6f08f218d3da04b2b5375e7b866501cce05684db2ecced3e4fa4c.json,inferred_from_events,8.13955082526625e-05
okx,SKHYNIX-USDT-SWAP,2026-07-13 08:00:00+00:00,0.01,8.0,,,/api/v5/public/funding-rate-history,2026-07-23T07:14:13.498564+00:00,data/raw/okx/58eb196068b6f08f218d3da04b2b5375e7b866501cce05684db2ecced3e4fa4c.json,inferred_from_events,0.00125
okx,SKHYNIX-USDT-SWAP,2026-07-13 12:00:00+00:00,0.002816412986938,8.0,,,/api/v5/public/funding-rate-history,2026-07-23T07:14:13.498479+00:00,data/raw/okx/58eb196068b6f08f218d3da04b2b5375e7b866501cce05684db2ecced3e4fa4c.json,inferred_from_events,0.00035205162336725
okx,SKHYNIX-USDT-SWAP,2026-07-13 16:00:00+00:00,0.0001315640607997,8.0,,,/api/v5/public/funding-rate-history,2026-07-23T07:14:13.498364+00:00,data/raw/okx/58eb196068b6f08f218d3da04b2b5375e7b866501cce05684db2ecced3e4fa4c.json,inferred_from_events,1.64455075999625e-05
okx,SKHYNIX-USDT-SWAP,2026-07-13 20:00:00+00:00,0.0,8.0,,,/api/v5/public/funding-rate-history,2026-07-23T07:14:13.498265+00:00,data/raw/okx/58eb196068b6f08f218d3da04b2b5375e7b866501cce05684db2ecced3e4fa4c.json,inferred_from_events,0.0
okx,SKHYNIX-USDT-SWAP,2026-07-14 00:00:00+00:00,0.0016455377782937,8.0,,,/api/v5/public/funding-rate-history,2026-07-23T07:14:13.498192+00:00,data/raw/okx/58eb196068b6f08f218d3da04b2b5375e7b866501cce05684db2ecced3e4fa4c.json,inferred_from_events,0.0002056922222867125
okx,SKHYNIX-USDT-SWAP,2026-07-14 04:00:00+00:00,0.0051280565781914,8.0,,,/api/v5/public/funding-rate-history,2026-07-23T07:14:13.498117+00:00,data/raw/okx/58eb196068b6f08f218d3da04b2b5375e7b866501cce05684db2ecced3e4fa4c.json,inferred_from_events,0.000641007072273925
okx,SKHYNIX-USDT-SWAP,2026-07-14 08:00:00+00:00,0.0001059672777074,8.0,,,/api/v5/public/funding-rate-history,2026-07-23T07:14:13.498043+00:00,data/raw/okx/58eb196068b6f08f218d3da04b2b5375e7b866501cce05684db2ecced3e4fa4c.json,inferred_from_events,1.3245909713425e-05
okx,SKHYNIX-USDT-SWAP,2026-07-14 12:00:00+00:00,0.0,8.0,,,/api/v5/public/funding-rate-history,2026-07-23T07:14:13.497966+00:00,data/raw/okx/58eb196068b6f08f218d3da04b2b5375e7b866501cce05684db2ecced3e4fa4c.json,inferred_from_events,0.0
okx,SKHYNIX-USDT-SWAP,2026-07-14 16:00:00+00:00,0.0007676674458997,8.0,,,/api/v5/public/funding-rate-history,2026-07-23T07:14:13.497879+00:00,data/raw/okx/58eb196068b6f08f218d3da04b2b5375e7b866501cce05684db2ecced3e4fa4c.json,inferred_from_events,9.59584307374625e-05
okx,SKHYNIX-USDT-SWAP,2026-07-15 00:00:00+00:00,0.0,8.0,,,/api/v5/public/funding-rate-history,2026-07-23T07:14:13.497769+00:00,data/raw/okx/58eb196068b6f08f218d3da04b2b5375e7b866501cce05684db2ecced3e4fa4c.json,inferred_from_events,0.0
okx,SKHYNIX-USDT-SWAP,2026-07-15 08:00:00+00:00,-0.0005781503215192,8.0,,,/api/v5/public/funding-rate-history,2026-07-23T07:14:13.497679+00:00,data/raw/okx/58eb196068b6f08f218d3da04b2b5375e7b866501cce05684db2ecced3e4fa4c.json,inferred_from_events,-7.22687901899e-05
okx,SKHYNIX-USDT-SWAP,2026-07-15 16:00:00+00:00,-0.002398100578228,8.0,,,/api/v5/public/funding-rate-history,2026-07-23T07:14:13.497608+00:00,data/raw/okx/58eb196068b6f08f218d3da04b2b5375e7b866501cce05684db2ecced3e4fa4c.json,inferred_from_events,-0.0002997625722785
okx,SKHYNIX-USDT-SWAP,2026-07-16 00:00:00+00:00,0.0004234607569565,8.0,,,/api/v5/public/funding-rate-history,2026-07-23T07:14:13.497536+00:00,data/raw/okx/58eb196068b6f08f218d3da04b2b5375e7b866501cce05684db2ecced3e4fa4c.json,inferred_from_events,5.29325946195625e-05
okx,SKHYNIX-USDT-SWAP,2026-07-16 08:00:00+00:00,0.0010526768859222,8.0,,,/api/v5/public/funding-rate-history,2026-07-23T07:14:13.497463+00:00,data/raw/okx/58eb196068b6f08f218d3da04b2b5375e7b866501cce05684db2ecced3e4fa4c.json,inferred_from_events,0.000131584610740275
okx,SKHYNIX-USDT-SWAP,2026-07-16 16:00:00+00:00,-0.0003419234925896,8.0,,,/api/v5/public/funding-rate-history,2026-07-23T07:14:13.497390+00:00,data/raw/okx/58eb196068b6f08f218d3da04b2b5375e7b866501cce05684db2ecced3e4fa4c.json,inferred_from_events,-4.27404365737e-05
okx,SKHYNIX-USDT-SWAP,2026-07-17 00:00:00+00:00,-0.0003075354478243,8.0,,,/api/v5/public/funding-rate-history,2026-07-23T07:14:13.497317+00:00,data/raw/okx/58eb196068b6f08f218d3da04b2b5375e7b866501cce05684db2ecced3e4fa4c.json,inferred_from_events,-3.84419309780375e-05
okx,SKHYNIX-USDT-SWAP,2026-07-17 08:00:00+00:00,-0.000991233185432,8.0,,,/api/v5/public/funding-rate-history,2026-07-23T07:14:13.497243+00:00,data/raw/okx/58eb196068b6f08f218d3da04b2b5375e7b866501cce05684db2ecced3e4fa4c.json,inferred_from_events,-0.000123904148179
okx,SKHYNIX-USDT-SWAP,2026-07-17 16:00:00+00:00,0.0025749198720348,8.0,,,/api/v5/public/funding-rate-history,2026-07-23T07:14:13.497168+00:00,data/raw/okx/58eb196068b6f08f218d3da04b2b5375e7b866501cce05684db2ecced3e4fa4c.json,inferred_from_events,0.00032186498400435
okx,SKHYNIX-USDT-SWAP,2026-07-18 00:00:00+00:00,-0.0010755220213551,8.0,,,/api/v5/public/funding-rate-history,2026-07-23T07:14:13.497092+00:00,data/raw/okx/58eb196068b6f08f218d3da04b2b5375e7b866501cce05684db2ecced3e4fa4c.json,inferred_from_events,-0.0001344402526693875
okx,SKHYNIX-USDT-SWAP,2026-07-18 08:00:00+00:00,0.0,8.0,,,/api/v5/public/funding-rate-history,2026-07-23T07:14:13.497009+00:00,data/raw/okx/58eb196068b6f08f218d3da04b2b5375e7b866501cce05684db2ecced3e4fa4c.json,inferred_from_events,0.0
okx,SKHYNIX-USDT-SWAP,2026-07-18 16:00:00+00:00,-9.64154034267e-05,8.0,,,/api/v5/public/funding-rate-history,2026-07-23T07:14:13.496915+00:00,data/raw/okx/58eb196068b6f08f218d3da04b2b5375e7b866501cce05684db2ecced3e4fa4c.json,inferred_from_events,-1.20519254283375e-05
okx,SKHYNIX-USDT-SWAP,2026-07-19 00:00:00+00:00,0.0,8.0,,,/api/v5/public/funding-rate-history,2026-07-23T07:14:13.496826+00:00,data/raw/okx/58eb196068b6f08f218d3da04b2b5375e7b866501cce05684db2ecced3e4fa4c.json,inferred_from_events,0.0
okx,SKHYNIX-USDT-SWAP,2026-07-19 08:00:00+00:00,0.0005695173844014,8.0,,,/api/v5/public/funding-rate-history,2026-07-23T07:14:13.496726+00:00,data/raw/okx/58eb196068b6f08f218d3da04b2b5375e7b866501cce05684db2ecced3e4fa4c.json,inferred_from_events,7.1189673050175e-05
okx,SKHYNIX-USDT-SWAP,2026-07-19 16:00:00+00:00,0.0,8.0,,,/api/v5/public/funding-rate-history,2026-07-23T07:14:13.496651+00:00,data/raw/okx/58eb196068b6f08f218d3da04b2b5375e7b866501cce05684db2ecced3e4fa4c.json,inferred_from_events,0.0
okx,SKHYNIX-USDT-SWAP,2026-07-20 00:00:00+00:00,0.0010995922466155,8.0,,,/api/v5/public/funding-rate-history,2026-07-23T07:14:13.496574+00:00,data/raw/okx/58eb196068b6f08f218d3da04b2b5375e7b866501cce05684db2ecced3e4fa4c.json,inferred_from_events,0.0001374490308269375
okx,SKHYNIX-USDT-SWAP,2026-07-20 08:00:00+00:00,0.0006796006580825,8.0,,,/api/v5/public/funding-rate-history,2026-07-23T07:14:13.496493+00:00,data/raw/okx/58eb196068b6f08f218d3da04b2b5375e7b866501cce05684db2ecced3e4fa4c.json,inferred_from_events,8.49500822603125e-05
okx,SKHYNIX-USDT-SWAP,2026-07-20 16:00:00+00:00,-0.0009406810658833,8.0,,,/api/v5/public/funding-rate-history,2026-07-23T07:14:13.496408+00:00,data/raw/okx/58eb196068b6f08f218d3da04b2b5375e7b866501cce05684db2ecced3e4fa4c.json,inferred_from_events,-0.0001175851332354125
okx,SKHYNIX-USDT-SWAP,2026-07-21 00:00:00+00:00,0.0,8.0,,,/api/v5/public/funding-rate-history,2026-07-23T07:14:13.496334+00:00,data/raw/okx/58eb196068b6f08f218d3da04b2b5375e7b866501cce05684db2ecced3e4fa4c.json,inferred_from_events,0.0
okx,SKHYNIX-USDT-SWAP,2026-07-21 08:00:00+00:00,0.0008897717497861,8.0,,,/api/v5/public/funding-rate-history,2026-07-23T07:14:13.496257+00:00,data/raw/okx/58eb196068b6f08f218d3da04b2b5375e7b866501cce05684db2ecced3e4fa4c.json,inferred_from_events,0.0001112214687232625
okx,SKHYNIX-USDT-SWAP,2026-07-21 16:00:00+00:00,0.0011616131276546,8.0,,,/api/v5/public/funding-rate-history,2026-07-23T07:14:13.496173+00:00,data/raw/okx/58eb196068b6f08f218d3da04b2b5375e7b866501cce05684db2ecced3e4fa4c.json,inferred_from_events,0.000145201640956825
okx,SKHYNIX-USDT-SWAP,2026-07-22 00:00:00+00:00,0.0005027897230029,8.0,,,/api/v5/public/funding-rate-history,2026-07-23T07:14:13.496077+00:00,data/raw/okx/58eb196068b6f08f218d3da04b2b5375e7b866501cce05684db2ecced3e4fa4c.json,inferred_from_events,6.28487153753625e-05
okx,SKHYNIX-USDT-SWAP,2026-07-22 08:00:00+00:00,0.0009239274241871,8.0,,,/api/v5/public/funding-rate-history,2026-07-23T07:14:13.495996+00:00,data/raw/okx/58eb196068b6f08f218d3da04b2b5375e7b866501cce05684db2ecced3e4fa4c.json,inferred_from_events,0.0001154909280233875
okx,SKHYNIX-USDT-SWAP,2026-07-22 16:00:00+00:00,0.001347564728786,8.0,,,/api/v5/public/funding-rate-history,2026-07-23T07:14:13.495900+00:00,data/raw/okx/58eb196068b6f08f218d3da04b2b5375e7b866501cce05684db2ecced3e4fa4c.json,inferred_from_events,0.00016844559109825
okx,SKHYNIX-USDT-SWAP,2026-07-23 00:00:00+00:00,0.0010665734628158,8.0,,,/api/v5/public/funding-rate-history,2026-07-23T07:14:13.495737+00:00,data/raw/okx/58eb196068b6f08f218d3da04b2b5375e7b866501cce05684db2ecced3e4fa4c.json,inferred_from_events,0.000133321682851975
