pair,long_exchange,short_exchange,funding_time,long_rate,short_rate,net_rate,net_cashflow_10000,cumulative_cashflow,long_interval_hours,short_interval_hours,session,regime
long binance / short bitget,binance,bitget,2026-06-10 08:00:00.001000+00:00,0.00463966,0.0,-0.00463966,-46.39660000000001,-46.39660000000001,8.0,,KRX_OFFICIAL_AFTER_HOURS,PRE_GATE_REGIME
long binance / short bitget,binance,bitget,2026-06-10 16:00:00+00:00,0.0,0.0,0.0,0.0,-46.39660000000001,,8.0,US_REGULAR,PRE_GATE_REGIME
long binance / short bitget,binance,bitget,2026-06-10 16:00:00.001000+00:00,0.00017878,0.0,-0.00017878,-1.7877999999999998,-48.184400000000004,8.0,,US_REGULAR,PRE_GATE_REGIME
long binance / short bitget,binance,bitget,2026-06-11 00:00:00+00:00,0.0,0.0,0.0,0.0,-48.184400000000004,,8.0,KRX_FULLY_CLOSED_PRE_US,PRE_GATE_REGIME
long binance / short bitget,binance,bitget,2026-06-11 00:00:00.001000+00:00,-0.00220722,0.0,0.00220722,22.072200000000002,-26.1122,8.0,,KRX_FULLY_CLOSED_PRE_US,PRE_GATE_REGIME
long binance / short bitget,binance,bitget,2026-06-11 08:00:00+00:00,0.0,0.001,0.001,10.0,-16.1122,,8.0,KRX_OFFICIAL_AFTER_HOURS,PRE_GATE_REGIME
long binance / short bitget,binance,bitget,2026-06-11 08:00:00.001000+00:00,0.0033825,0.0,-0.0033825,-33.825,-49.937200000000004,8.0,,KRX_OFFICIAL_AFTER_HOURS,PRE_GATE_REGIME
long binance / short bitget,binance,bitget,2026-06-11 16:00:00+00:00,0.0,0.0,0.0,0.0,-49.937200000000004,,8.0,US_REGULAR,PRE_GATE_REGIME
long binance / short bitget,binance,bitget,2026-06-11 16:00:00.001000+00:00,5.254e-05,0.0,-5.254e-05,-0.5254,-50.4626,8.0,,US_REGULAR,PRE_GATE_REGIME
long binance / short bitget,binance,bitget,2026-06-12 00:00:00+00:00,0.0,0.0,0.0,0.0,-50.4626,,8.0,KRX_FULLY_CLOSED_PRE_US,PRE_GATE_REGIME
long binance / short bitget,binance,bitget,2026-06-12 00:00:00.001000+00:00,0.00216676,0.0,-0.00216676,-21.667600000000004,-72.1302,8.0,,KRX_FULLY_CLOSED_PRE_US,PRE_GATE_REGIME
long binance / short bitget,binance,bitget,2026-06-12 08:00:00+00:00,0.0,0.000901,0.000901,9.01,-63.120200000000004,,8.0,KRX_OFFICIAL_AFTER_HOURS,PRE_GATE_REGIME
long binance / short bitget,binance,bitget,2026-06-12 08:00:00.001000+00:00,0.00074851,0.0,-0.00074851,-7.4851,-70.6053,8.0,,KRX_OFFICIAL_AFTER_HOURS,PRE_GATE_REGIME
long binance / short bitget,binance,bitget,2026-06-12 16:00:00+00:00,0.0,0.0,0.0,0.0,-70.6053,,8.0,KRX_HOLIDAY_OR_WEEKEND,PRE_GATE_REGIME
long binance / short bitget,binance,bitget,2026-06-12 16:00:00.001000+00:00,0.00091069,0.0,-0.00091069,-9.1069,-79.7122,8.0,,KRX_HOLIDAY_OR_WEEKEND,PRE_GATE_REGIME
long binance / short bitget,binance,bitget,2026-06-13 00:00:00+00:00,0.0,0.0,0.0,0.0,-79.7122,,8.0,KRX_HOLIDAY_OR_WEEKEND,PRE_GATE_REGIME
long binance / short bitget,binance,bitget,2026-06-13 00:00:00.001000+00:00,0.0,0.0,0.0,0.0,-79.7122,8.0,,KRX_HOLIDAY_OR_WEEKEND,PRE_GATE_REGIME
long binance / short bitget,binance,bitget,2026-06-13 08:00:00+00:00,0.0,0.0,0.0,0.0,-79.7122,,8.0,KRX_HOLIDAY_OR_WEEKEND,PRE_GATE_REGIME
long binance / short bitget,binance,bitget,2026-06-13 08:00:00.001000+00:00,0.0,0.0,0.0,0.0,-79.7122,8.0,,KRX_HOLIDAY_OR_WEEKEND,PRE_GATE_REGIME
long binance / short bitget,binance,bitget,2026-06-13 16:00:00+00:00,0.0,0.0,0.0,0.0,-79.7122,,8.0,KRX_HOLIDAY_OR_WEEKEND,PRE_GATE_REGIME
long binance / short bitget,binance,bitget,2026-06-13 16:00:00.001000+00:00,0.0,0.0,0.0,0.0,-79.7122,8.0,,KRX_HOLIDAY_OR_WEEKEND,PRE_GATE_REGIME
long binance / short bitget,binance,bitget,2026-06-14 00:00:00+00:00,0.0,0.0,0.0,0.0,-79.7122,,8.0,KRX_HOLIDAY_OR_WEEKEND,PRE_GATE_REGIME
long binance / short bitget,binance,bitget,2026-06-14 00:00:00.001000+00:00,0.0,0.0,0.0,0.0,-79.7122,8.0,,KRX_HOLIDAY_OR_WEEKEND,PRE_GATE_REGIME
long binance / short bitget,binance,bitget,2026-06-14 08:00:00+00:00,0.0,0.0,0.0,0.0,-79.7122,,8.0,KRX_HOLIDAY_OR_WEEKEND,PRE_GATE_REGIME
long binance / short bitget,binance,bitget,2026-06-14 08:00:00.001000+00:00,0.0,0.0,0.0,0.0,-79.7122,8.0,,KRX_HOLIDAY_OR_WEEKEND,PRE_GATE_REGIME
long binance / short bitget,binance,bitget,2026-06-14 16:00:00+00:00,0.0,0.0,0.0,0.0,-79.7122,,8.0,KRX_FULLY_CLOSED_PRE_US,PRE_GATE_REGIME
long binance / short bitget,binance,bitget,2026-06-14 16:00:00.001000+00:00,0.0,0.0,0.0,0.0,-79.7122,8.0,,KRX_FULLY_CLOSED_PRE_US,PRE_GATE_REGIME
long binance / short bitget,binance,bitget,2026-06-15 00:00:00+00:00,0.0,0.0,0.0,0.0,-79.7122,,8.0,KRX_FULLY_CLOSED_PRE_US,PRE_GATE_REGIME
long binance / short bitget,binance,bitget,2026-06-15 00:00:00.001000+00:00,0.00029335,0.0,-0.00029335,-2.9335,-82.64569999999999,8.0,,KRX_FULLY_CLOSED_PRE_US,PRE_GATE_REGIME
long binance / short bitget,binance,bitget,2026-06-15 08:00:00+00:00,0.0,0.001,0.001,10.0,-72.64569999999999,,8.0,KRX_OFFICIAL_AFTER_HOURS,PRE_GATE_REGIME
long binance / short bitget,binance,bitget,2026-06-15 08:00:00.002000+00:00,0.00342426,0.0,-0.00342426,-34.2426,-106.88829999999999,8.0,,KRX_OFFICIAL_AFTER_HOURS,PRE_GATE_REGIME
long binance / short bitget,binance,bitget,2026-06-15 16:00:00+00:00,0.0,0.0,0.0,0.0,-106.88829999999999,,8.0,US_REGULAR,PRE_GATE_REGIME
long binance / short bitget,binance,bitget,2026-06-15 16:00:00.001000+00:00,0.00097246,0.0,-0.00097246,-9.7246,-116.61289999999998,8.0,,US_REGULAR,PRE_GATE_REGIME
long binance / short bitget,binance,bitget,2026-06-16 00:00:00+00:00,0.0,0.0,0.0,0.0,-116.61289999999998,,8.0,KRX_FULLY_CLOSED_PRE_US,PRE_GATE_REGIME
long binance / short bitget,binance,bitget,2026-06-16 00:00:00.001000+00:00,-0.00014432,0.0,0.00014432,1.4432,-115.16969999999998,8.0,,KRX_FULLY_CLOSED_PRE_US,PRE_GATE_REGIME
long binance / short bitget,binance,bitget,2026-06-16 08:00:00+00:00,0.0,0.001,0.001,10.0,-105.16969999999998,,8.0,KRX_OFFICIAL_AFTER_HOURS,PRE_GATE_REGIME
long binance / short bitget,binance,bitget,2026-06-16 08:00:00.001000+00:00,0.00158824,0.0,-0.00158824,-15.8824,-121.05209999999998,8.0,,KRX_OFFICIAL_AFTER_HOURS,PRE_GATE_REGIME
long binance / short bitget,binance,bitget,2026-06-16 16:00:00+00:00,0.0,0.0,0.0,0.0,-121.05209999999998,,8.0,US_REGULAR,PRE_GATE_REGIME
long binance / short bitget,binance,bitget,2026-06-16 16:00:00.001000+00:00,-0.00248513,0.0,0.00248513,24.8513,-96.20079999999999,8.0,,US_REGULAR,PRE_GATE_REGIME
long binance / short bitget,binance,bitget,2026-06-17 00:00:00+00:00,0.0,0.0,0.0,0.0,-96.20079999999999,,8.0,KRX_FULLY_CLOSED_PRE_US,PRE_GATE_REGIME
long binance / short bitget,binance,bitget,2026-06-17 00:00:00.001000+00:00,0.0,0.0,0.0,0.0,-96.20079999999999,8.0,,KRX_FULLY_CLOSED_PRE_US,PRE_GATE_REGIME
long binance / short bitget,binance,bitget,2026-06-17 08:00:00+00:00,0.0,0.001,0.001,10.0,-86.20079999999999,,8.0,KRX_OFFICIAL_AFTER_HOURS,PRE_GATE_REGIME
long binance / short bitget,binance,bitget,2026-06-17 08:00:00.001000+00:00,0.00159068,0.0,-0.00159068,-15.906799999999999,-102.10759999999999,8.0,,KRX_OFFICIAL_AFTER_HOURS,PRE_GATE_REGIME
long binance / short bitget,binance,bitget,2026-06-17 16:00:00+00:00,0.0,0.0,0.0,0.0,-102.10759999999999,,8.0,US_REGULAR,PRE_GATE_REGIME
long binance / short bitget,binance,bitget,2026-06-17 16:00:00.001000+00:00,0.00116178,0.0,-0.00116178,-11.6178,-113.7254,8.0,,US_REGULAR,PRE_GATE_REGIME
long binance / short bitget,binance,bitget,2026-06-18 00:00:00+00:00,0.0,0.0,0.0,0.0,-113.7254,,8.0,KRX_FULLY_CLOSED_PRE_US,PRE_GATE_REGIME
long binance / short bitget,binance,bitget,2026-06-18 00:00:00.001000+00:00,0.0,0.0,0.0,0.0,-113.7254,8.0,,KRX_FULLY_CLOSED_PRE_US,PRE_GATE_REGIME
long binance / short bitget,binance,bitget,2026-06-18 08:00:00+00:00,0.0,0.001,0.001,10.0,-103.7254,,8.0,KRX_OFFICIAL_AFTER_HOURS,PRE_GATE_REGIME
long binance / short bitget,binance,bitget,2026-06-18 08:00:00.001000+00:00,0.00072339,0.0,-0.00072339,-7.233899999999999,-110.9593,8.0,,KRX_OFFICIAL_AFTER_HOURS,PRE_GATE_REGIME
long binance / short bitget,binance,bitget,2026-06-18 16:00:00+00:00,0.0,0.0,0.0,0.0,-110.9593,,8.0,US_REGULAR,PRE_GATE_REGIME
long binance / short bitget,binance,bitget,2026-06-18 16:00:00.001000+00:00,0.00146713,0.0,-0.00146713,-14.6713,-125.6306,8.0,,US_REGULAR,PRE_GATE_REGIME
long binance / short bitget,binance,bitget,2026-06-19 00:00:00+00:00,0.0,0.0,0.0,0.0,-125.6306,,8.0,KRX_FULLY_CLOSED_PRE_US,PRE_GATE_REGIME
long binance / short bitget,binance,bitget,2026-06-19 00:00:00.001000+00:00,0.00035242,0.0,-0.00035242,-3.5242,-129.1548,8.0,,KRX_FULLY_CLOSED_PRE_US,PRE_GATE_REGIME
long binance / short bitget,binance,bitget,2026-06-19 08:00:00+00:00,0.0,0.001,0.001,10.0,-119.1548,,8.0,KRX_OFFICIAL_AFTER_HOURS,PRE_GATE_REGIME
long binance / short bitget,binance,bitget,2026-06-19 08:00:00.001000+00:00,0.00213117,0.0,-0.00213117,-21.3117,-140.4665,8.0,,KRX_OFFICIAL_AFTER_HOURS,PRE_GATE_REGIME
long binance / short bitget,binance,bitget,2026-06-19 16:00:00+00:00,0.0,0.0,0.0,0.0,-140.4665,,8.0,KRX_HOLIDAY_OR_WEEKEND,PRE_GATE_REGIME
long binance / short bitget,binance,bitget,2026-06-19 16:00:00.001000+00:00,0.0,0.0,0.0,0.0,-140.4665,8.0,,KRX_HOLIDAY_OR_WEEKEND,PRE_GATE_REGIME
long binance / short bitget,binance,bitget,2026-06-20 00:00:00+00:00,0.0,0.0,0.0,0.0,-140.4665,,8.0,KRX_HOLIDAY_OR_WEEKEND,PRE_GATE_REGIME
long binance / short bitget,binance,bitget,2026-06-20 00:00:00.001000+00:00,0.00030862,0.0,-0.00030862,-3.0862000000000003,-143.5527,8.0,,KRX_HOLIDAY_OR_WEEKEND,PRE_GATE_REGIME
long binance / short bitget,binance,bitget,2026-06-20 08:00:00+00:00,0.0,0.0,0.0,0.0,-143.5527,,8.0,KRX_HOLIDAY_OR_WEEKEND,PRE_GATE_REGIME
long binance / short bitget,binance,bitget,2026-06-20 08:00:00.001000+00:00,0.00111189,0.0,-0.00111189,-11.1189,-154.67159999999998,8.0,,KRX_HOLIDAY_OR_WEEKEND,PRE_GATE_REGIME
long binance / short bitget,binance,bitget,2026-06-20 16:00:00+00:00,0.0,0.0,0.0,0.0,-154.67159999999998,,8.0,KRX_HOLIDAY_OR_WEEKEND,PRE_GATE_REGIME
long binance / short bitget,binance,bitget,2026-06-20 16:00:00.001000+00:00,0.00013607,0.0,-0.00013607,-1.3606999999999998,-156.0323,8.0,,KRX_HOLIDAY_OR_WEEKEND,PRE_GATE_REGIME
long binance / short bitget,binance,bitget,2026-06-21 00:00:00+00:00,0.0,0.0,0.0,0.0,-156.0323,,8.0,KRX_HOLIDAY_OR_WEEKEND,PRE_GATE_REGIME
long binance / short bitget,binance,bitget,2026-06-21 00:00:00.001000+00:00,0.0,0.0,0.0,0.0,-156.0323,8.0,,KRX_HOLIDAY_OR_WEEKEND,PRE_GATE_REGIME
long binance / short bitget,binance,bitget,2026-06-21 08:00:00+00:00,0.0,0.0,0.0,0.0,-156.0323,,8.0,KRX_HOLIDAY_OR_WEEKEND,PRE_GATE_REGIME
long binance / short bitget,binance,bitget,2026-06-21 08:00:00.001000+00:00,6.6e-05,0.0,-6.6e-05,-0.66,-156.6923,8.0,,KRX_HOLIDAY_OR_WEEKEND,PRE_GATE_REGIME
long binance / short bitget,binance,bitget,2026-06-21 16:00:00+00:00,0.0,0.0,0.0,0.0,-156.6923,,8.0,KRX_FULLY_CLOSED_PRE_US,PRE_GATE_REGIME
long binance / short bitget,binance,bitget,2026-06-21 16:00:00.001000+00:00,0.0,0.0,0.0,0.0,-156.6923,8.0,,KRX_FULLY_CLOSED_PRE_US,PRE_GATE_REGIME
long binance / short bitget,binance,bitget,2026-06-22 00:00:00+00:00,0.0,0.0,0.0,0.0,-156.6923,,8.0,KRX_FULLY_CLOSED_PRE_US,PRE_GATE_REGIME
long binance / short bitget,binance,bitget,2026-06-22 00:00:00.001000+00:00,-0.00295553,0.0,0.00295553,29.5553,-127.13699999999999,8.0,,KRX_FULLY_CLOSED_PRE_US,PRE_GATE_REGIME
long binance / short bitget,binance,bitget,2026-06-22 08:00:00+00:00,0.0,0.001,0.001,10.0,-117.13699999999999,,8.0,KRX_OFFICIAL_AFTER_HOURS,PRE_GATE_REGIME
long binance / short bitget,binance,bitget,2026-06-22 08:00:00.001000+00:00,0.00402973,0.0,-0.00402973,-40.29729999999999,-157.43429999999998,8.0,,KRX_OFFICIAL_AFTER_HOURS,PRE_GATE_REGIME
long binance / short bitget,binance,bitget,2026-06-22 16:00:00+00:00,0.0,0.0,0.0,0.0,-157.43429999999998,,8.0,US_REGULAR,PRE_GATE_REGIME
long binance / short bitget,binance,bitget,2026-06-22 16:00:00.001000+00:00,0.0,0.0,0.0,0.0,-157.43429999999998,8.0,,US_REGULAR,PRE_GATE_REGIME
long binance / short bitget,binance,bitget,2026-06-23 00:00:00+00:00,0.0,0.0,0.0,0.0,-157.43429999999998,,8.0,KRX_FULLY_CLOSED_PRE_US,PRE_GATE_REGIME
long binance / short bitget,binance,bitget,2026-06-23 00:00:00.001000+00:00,0.0,0.0,0.0,0.0,-157.43429999999998,8.0,,KRX_FULLY_CLOSED_PRE_US,PRE_GATE_REGIME
long binance / short bitget,binance,bitget,2026-06-23 08:00:00+00:00,0.0,0.001,0.001,10.0,-147.43429999999998,,8.0,KRX_OFFICIAL_AFTER_HOURS,PRE_GATE_REGIME
long binance / short bitget,binance,bitget,2026-06-23 08:00:00.002000+00:00,0.00580329,0.0,-0.00580329,-58.0329,-205.4672,8.0,,KRX_OFFICIAL_AFTER_HOURS,PRE_GATE_REGIME
long binance / short bitget,binance,bitget,2026-06-23 16:00:00+00:00,0.0,0.0,0.0,0.0,-205.4672,,8.0,US_REGULAR,PRE_GATE_REGIME
long binance / short bitget,binance,bitget,2026-06-23 16:00:00.001000+00:00,0.00032709,0.0,-0.00032709,-3.2708999999999997,-208.7381,8.0,,US_REGULAR,PRE_GATE_REGIME
long binance / short bitget,binance,bitget,2026-06-24 00:00:00+00:00,0.0,0.0,0.0,0.0,-208.7381,,8.0,KRX_FULLY_CLOSED_PRE_US,PRE_GATE_REGIME
long binance / short bitget,binance,bitget,2026-06-24 00:00:00.001000+00:00,0.0,0.0,0.0,0.0,-208.7381,8.0,,KRX_FULLY_CLOSED_PRE_US,PRE_GATE_REGIME
long binance / short bitget,binance,bitget,2026-06-24 08:00:00+00:00,0.0,0.005,0.005,50.0,-158.7381,,8.0,KRX_OFFICIAL_AFTER_HOURS,PRE_GATE_REGIME
long binance / short bitget,binance,bitget,2026-06-24 08:00:00.001000+00:00,0.00243107,0.0,-0.00243107,-24.3107,-183.0488,8.0,,KRX_OFFICIAL_AFTER_HOURS,PRE_GATE_REGIME
long binance / short bitget,binance,bitget,2026-06-24 16:00:00+00:00,0.0,0.0,0.0,0.0,-183.0488,,8.0,US_REGULAR,PRE_GATE_REGIME
long binance / short bitget,binance,bitget,2026-06-24 16:00:00.001000+00:00,-0.00112959,0.0,0.00112959,11.2959,-171.7529,8.0,,US_REGULAR,PRE_GATE_REGIME
long binance / short bitget,binance,bitget,2026-06-25 00:00:00+00:00,0.0,0.000707,0.000707,7.069999999999999,-164.68290000000002,,8.0,KRX_FULLY_CLOSED_PRE_US,PRE_GATE_REGIME
long binance / short bitget,binance,bitget,2026-06-25 00:00:00.002000+00:00,0.00603242,0.0,-0.00603242,-60.324200000000005,-225.00710000000004,8.0,,KRX_FULLY_CLOSED_PRE_US,PRE_GATE_REGIME
long binance / short bitget,binance,bitget,2026-06-25 08:00:00+00:00,0.0,0.003784,0.003784,37.84,-187.16710000000003,,8.0,KRX_OFFICIAL_AFTER_HOURS,PRE_GATE_REGIME
long binance / short bitget,binance,bitget,2026-06-25 08:00:00.001000+00:00,0.0,0.0,0.0,0.0,-187.16710000000003,8.0,,KRX_OFFICIAL_AFTER_HOURS,PRE_GATE_REGIME
long binance / short bitget,binance,bitget,2026-06-25 16:00:00+00:00,0.0,0.0,0.0,0.0,-187.16710000000003,,8.0,US_REGULAR,PRE_GATE_REGIME
long binance / short bitget,binance,bitget,2026-06-25 16:00:00.001000+00:00,-0.00058133,0.0,0.00058133,5.8133,-181.35380000000004,8.0,,US_REGULAR,PRE_GATE_REGIME
long binance / short bitget,binance,bitget,2026-06-26 00:00:00+00:00,0.0,0.0,0.0,0.0,-181.35380000000004,,8.0,KRX_FULLY_CLOSED_PRE_US,PRE_GATE_REGIME
long binance / short bitget,binance,bitget,2026-06-26 00:00:00.001000+00:00,-0.00036501,0.0,0.00036501,3.6500999999999997,-177.70370000000003,8.0,,KRX_FULLY_CLOSED_PRE_US,PRE_GATE_REGIME
long binance / short bitget,binance,bitget,2026-06-26 08:00:00+00:00,0.0,0.005,0.005,50.0,-127.70370000000003,,8.0,KRX_OFFICIAL_AFTER_HOURS,PRE_GATE_REGIME
long binance / short bitget,binance,bitget,2026-06-26 08:00:00.002000+00:00,0.00458019,0.0,-0.00458019,-45.801899999999996,-173.50560000000002,8.0,,KRX_OFFICIAL_AFTER_HOURS,PRE_GATE_REGIME
long binance / short bitget,binance,bitget,2026-06-26 16:00:00+00:00,0.0,0.0,0.0,0.0,-173.50560000000002,,8.0,KRX_HOLIDAY_OR_WEEKEND,PRE_GATE_REGIME
long binance / short bitget,binance,bitget,2026-06-26 16:00:00.001000+00:00,0.00030982,0.0,-0.00030982,-3.0982,-176.6038,8.0,,KRX_HOLIDAY_OR_WEEKEND,PRE_GATE_REGIME
long binance / short bitget,binance,bitget,2026-06-27 00:00:00+00:00,0.0,0.0,0.0,0.0,-176.6038,,8.0,KRX_HOLIDAY_OR_WEEKEND,PRE_GATE_REGIME
long binance / short bitget,binance,bitget,2026-06-27 00:00:00.001000+00:00,0.0,0.0,0.0,0.0,-176.6038,8.0,,KRX_HOLIDAY_OR_WEEKEND,PRE_GATE_REGIME
long binance / short bitget,binance,bitget,2026-06-27 08:00:00+00:00,0.0,0.0,0.0,0.0,-176.6038,,8.0,KRX_HOLIDAY_OR_WEEKEND,PRE_GATE_REGIME
long binance / short bitget,binance,bitget,2026-06-27 08:00:00.001000+00:00,0.0,0.0,0.0,0.0,-176.6038,8.0,,KRX_HOLIDAY_OR_WEEKEND,PRE_GATE_REGIME
long binance / short bitget,binance,bitget,2026-06-27 16:00:00+00:00,0.0,0.0,0.0,0.0,-176.6038,,8.0,KRX_HOLIDAY_OR_WEEKEND,PRE_GATE_REGIME
long binance / short bitget,binance,bitget,2026-06-27 16:00:00.001000+00:00,0.0,0.0,0.0,0.0,-176.6038,8.0,,KRX_HOLIDAY_OR_WEEKEND,PRE_GATE_REGIME
long binance / short bitget,binance,bitget,2026-06-28 00:00:00+00:00,0.0,0.0,0.0,0.0,-176.6038,,8.0,KRX_HOLIDAY_OR_WEEKEND,PRE_GATE_REGIME
long binance / short bitget,binance,bitget,2026-06-28 00:00:00.002000+00:00,0.0,0.0,0.0,0.0,-176.6038,8.0,,KRX_HOLIDAY_OR_WEEKEND,PRE_GATE_REGIME
long binance / short bitget,binance,bitget,2026-06-28 08:00:00+00:00,0.0,0.0,0.0,0.0,-176.6038,,8.0,KRX_HOLIDAY_OR_WEEKEND,PRE_GATE_REGIME
long binance / short bitget,binance,bitget,2026-06-28 08:00:00.002000+00:00,0.00012761,0.0,-0.00012761,-1.2761,-177.87990000000002,8.0,,KRX_HOLIDAY_OR_WEEKEND,PRE_GATE_REGIME
long binance / short bitget,binance,bitget,2026-06-28 16:00:00+00:00,0.0,0.0,0.0,0.0,-177.87990000000002,,8.0,KRX_FULLY_CLOSED_PRE_US,PRE_GATE_REGIME
long binance / short bitget,binance,bitget,2026-06-28 16:00:00.001000+00:00,0.00039503,0.0,-0.00039503,-3.9503,-181.83020000000002,8.0,,KRX_FULLY_CLOSED_PRE_US,PRE_GATE_REGIME
long binance / short bitget,binance,bitget,2026-06-29 00:00:00+00:00,0.0,0.0,0.0,0.0,-181.83020000000002,,8.0,KRX_FULLY_CLOSED_PRE_US,PRE_GATE_REGIME
long binance / short bitget,binance,bitget,2026-06-29 00:00:00.001000+00:00,-0.00157443,0.0,0.00157443,15.744299999999999,-166.0859,8.0,,KRX_FULLY_CLOSED_PRE_US,PRE_GATE_REGIME
long binance / short bitget,binance,bitget,2026-06-29 08:00:00+00:00,0.0,0.005,0.005,50.0,-116.08590000000001,,8.0,KRX_OFFICIAL_AFTER_HOURS,PRE_GATE_REGIME
long binance / short bitget,binance,bitget,2026-06-29 08:00:00.001000+00:00,0.00288018,0.0,-0.00288018,-28.8018,-144.8877,8.0,,KRX_OFFICIAL_AFTER_HOURS,PRE_GATE_REGIME
long binance / short bitget,binance,bitget,2026-06-29 16:00:00+00:00,0.0,0.0,0.0,0.0,-144.8877,,8.0,US_REGULAR,PRE_GATE_REGIME
long binance / short bitget,binance,bitget,2026-06-29 16:00:00.001000+00:00,-0.00129015,0.0,0.00129015,12.9015,-131.9862,8.0,,US_REGULAR,PRE_GATE_REGIME
long binance / short bitget,binance,bitget,2026-06-30 00:00:00+00:00,0.00023107,0.0,-0.00023107,-2.3106999999999998,-134.2969,8.0,8.0,KRX_FULLY_CLOSED_PRE_US,PRE_GATE_REGIME
long binance / short bitget,binance,bitget,2026-06-30 08:00:00+00:00,0.00073258,0.001394,0.00066142,6.6142,-127.6827,8.0,8.0,KRX_OFFICIAL_AFTER_HOURS,PRE_GATE_REGIME
long binance / short bitget,binance,bitget,2026-06-30 16:00:00+00:00,0.0,0.0,0.0,0.0,-127.6827,,8.0,US_REGULAR,PRE_GATE_REGIME
long binance / short bitget,binance,bitget,2026-06-30 16:00:00.001000+00:00,0.00017477,0.0,-0.00017477,-1.7477,-129.4304,8.0,,US_REGULAR,PRE_GATE_REGIME
long binance / short bitget,binance,bitget,2026-07-01 00:00:00+00:00,0.0,0.0,0.0,0.0,-129.4304,8.0,8.0,KRX_FULLY_CLOSED_PRE_US,PRE_GATE_REGIME
long binance / short bitget,binance,bitget,2026-07-01 08:00:00+00:00,0.0,0.003308,0.003308,33.08,-96.3504,,8.0,KRX_OFFICIAL_AFTER_HOURS,PRE_GATE_REGIME
long binance / short bitget,binance,bitget,2026-07-01 08:00:00.001000+00:00,0.00238242,0.0,-0.00238242,-23.8242,-120.1746,8.0,,KRX_OFFICIAL_AFTER_HOURS,PRE_GATE_REGIME
long binance / short bitget,binance,bitget,2026-07-01 16:00:00+00:00,0.0,-8e-06,-8e-06,-0.08,-120.2546,,8.0,US_REGULAR,PRE_GATE_REGIME
long binance / short bitget,binance,bitget,2026-07-01 16:00:00.001000+00:00,-0.00199192,0.0,0.00199192,19.9192,-100.33539999999999,8.0,,US_REGULAR,PRE_GATE_REGIME
long binance / short bitget,binance,bitget,2026-07-02 00:00:00+00:00,-0.0016916,-1.4e-05,0.0016776,16.776,-83.5594,8.0,8.0,KRX_FULLY_CLOSED_PRE_US,PRE_GATE_REGIME
long binance / short bitget,binance,bitget,2026-07-02 08:00:00+00:00,0.0,0.005,0.005,50.0,-33.5594,,8.0,KRX_OFFICIAL_AFTER_HOURS,PRE_GATE_REGIME
long binance / short bitget,binance,bitget,2026-07-02 08:00:00.001000+00:00,0.00534933,0.0,-0.00534933,-53.493300000000005,-87.0527,8.0,,KRX_OFFICIAL_AFTER_HOURS,PRE_GATE_REGIME
long binance / short bitget,binance,bitget,2026-07-02 16:00:00+00:00,0.0,-6.9e-05,-6.9e-05,-0.69,-87.7427,,8.0,US_REGULAR,PRE_GATE_REGIME
long binance / short bitget,binance,bitget,2026-07-02 16:00:00.001000+00:00,-0.00149748,0.0,0.00149748,14.9748,-72.7679,8.0,,US_REGULAR,PRE_GATE_REGIME
long binance / short bitget,binance,bitget,2026-07-03 00:00:00+00:00,0.0,0.0,0.0,0.0,-72.7679,,8.0,KRX_FULLY_CLOSED_PRE_US,PRE_GATE_REGIME
long binance / short bitget,binance,bitget,2026-07-03 00:00:00.001000+00:00,0.00074962,0.0,-0.00074962,-7.4962,-80.2641,8.0,,KRX_FULLY_CLOSED_PRE_US,PRE_GATE_REGIME
long binance / short bitget,binance,bitget,2026-07-03 08:00:00+00:00,0.0,0.001529,0.001529,15.29,-64.97409999999999,,8.0,KRX_OFFICIAL_AFTER_HOURS,PRE_GATE_REGIME
long binance / short bitget,binance,bitget,2026-07-03 08:00:00.001000+00:00,0.00024412,0.0,-0.00024412,-2.4412,-67.41529999999999,8.0,,KRX_OFFICIAL_AFTER_HOURS,PRE_GATE_REGIME
long binance / short bitget,binance,bitget,2026-07-03 16:00:00+00:00,0.0,0.0,0.0,0.0,-67.41529999999999,,8.0,KRX_HOLIDAY_OR_WEEKEND,PRE_GATE_REGIME
long binance / short bitget,binance,bitget,2026-07-03 16:00:00.001000+00:00,0.0,0.0,0.0,0.0,-67.41529999999999,8.0,,KRX_HOLIDAY_OR_WEEKEND,PRE_GATE_REGIME
long binance / short bitget,binance,bitget,2026-07-04 00:00:00+00:00,0.0,0.0,0.0,0.0,-67.41529999999999,,8.0,KRX_HOLIDAY_OR_WEEKEND,PRE_GATE_REGIME
long binance / short bitget,binance,bitget,2026-07-04 00:00:00.001000+00:00,0.00054917,0.0,-0.00054917,-5.4917,-72.90699999999998,8.0,,KRX_HOLIDAY_OR_WEEKEND,PRE_GATE_REGIME
long binance / short bitget,binance,bitget,2026-07-04 08:00:00+00:00,0.0,0.0,0.0,0.0,-72.90699999999998,,8.0,KRX_HOLIDAY_OR_WEEKEND,PRE_GATE_REGIME
long binance / short bitget,binance,bitget,2026-07-04 08:00:00.001000+00:00,0.0,0.0,0.0,0.0,-72.90699999999998,8.0,,KRX_HOLIDAY_OR_WEEKEND,PRE_GATE_REGIME
long binance / short bitget,binance,bitget,2026-07-04 16:00:00+00:00,0.0,0.0,0.0,0.0,-72.90699999999998,,8.0,KRX_HOLIDAY_OR_WEEKEND,PRE_GATE_REGIME
long binance / short bitget,binance,bitget,2026-07-04 16:00:00.001000+00:00,0.0,0.0,0.0,0.0,-72.90699999999998,8.0,,KRX_HOLIDAY_OR_WEEKEND,PRE_GATE_REGIME
long binance / short bitget,binance,bitget,2026-07-05 00:00:00+00:00,0.0,0.0,0.0,0.0,-72.90699999999998,,8.0,KRX_HOLIDAY_OR_WEEKEND,PRE_GATE_REGIME
long binance / short bitget,binance,bitget,2026-07-05 00:00:00.002000+00:00,0.0,0.0,0.0,0.0,-72.90699999999998,8.0,,KRX_HOLIDAY_OR_WEEKEND,PRE_GATE_REGIME
long binance / short bitget,binance,bitget,2026-07-05 08:00:00+00:00,0.0,0.0,0.0,0.0,-72.90699999999998,,8.0,KRX_HOLIDAY_OR_WEEKEND,PRE_GATE_REGIME
long binance / short bitget,binance,bitget,2026-07-05 08:00:00.001000+00:00,0.0,0.0,0.0,0.0,-72.90699999999998,8.0,,KRX_HOLIDAY_OR_WEEKEND,PRE_GATE_REGIME
long binance / short bitget,binance,bitget,2026-07-05 16:00:00+00:00,0.0,0.0,0.0,0.0,-72.90699999999998,,8.0,KRX_FULLY_CLOSED_PRE_US,PRE_GATE_REGIME
long binance / short bitget,binance,bitget,2026-07-05 16:00:00.001000+00:00,0.0,0.0,0.0,0.0,-72.90699999999998,8.0,,KRX_FULLY_CLOSED_PRE_US,PRE_GATE_REGIME
long binance / short bitget,binance,bitget,2026-07-06 00:00:00+00:00,0.0,0.0,0.0,0.0,-72.90699999999998,,8.0,KRX_FULLY_CLOSED_PRE_US,PRE_GATE_REGIME
long binance / short bitget,binance,bitget,2026-07-06 00:00:00.001000+00:00,0.0,0.0,0.0,0.0,-72.90699999999998,8.0,,KRX_FULLY_CLOSED_PRE_US,PRE_GATE_REGIME
long binance / short bitget,binance,bitget,2026-07-06 08:00:00+00:00,0.0,0.002485,0.002485,24.849999999999998,-48.05699999999999,,8.0,KRX_OFFICIAL_AFTER_HOURS,PRE_GATE_REGIME
long binance / short bitget,binance,bitget,2026-07-06 08:00:00.001000+00:00,0.00247467,0.0,-0.00247467,-24.7467,-72.80369999999999,8.0,,KRX_OFFICIAL_AFTER_HOURS,PRE_GATE_REGIME
long binance / short bitget,binance,bitget,2026-07-06 16:00:00+00:00,0.0,0.0,0.0,0.0,-72.80369999999999,,8.0,US_REGULAR,PRE_GATE_REGIME
long binance / short bitget,binance,bitget,2026-07-06 16:00:00.001000+00:00,0.0,0.0,0.0,0.0,-72.80369999999999,8.0,,US_REGULAR,PRE_GATE_REGIME
long binance / short bitget,binance,bitget,2026-07-07 00:00:00+00:00,0.0,0.0,0.0,0.0,-72.80369999999999,,8.0,KRX_FULLY_CLOSED_PRE_US,PRE_GATE_REGIME
long binance / short bitget,binance,bitget,2026-07-07 00:00:00.001000+00:00,-0.00187311,0.0,0.00187311,18.7311,-54.072599999999994,8.0,,KRX_FULLY_CLOSED_PRE_US,PRE_GATE_REGIME
long binance / short bitget,binance,bitget,2026-07-07 08:00:00+00:00,0.0,0.005,0.005,50.0,-4.072599999999994,,8.0,KRX_OFFICIAL_AFTER_HOURS,PRE_GATE_REGIME
long binance / short bitget,binance,bitget,2026-07-07 08:00:00.001000+00:00,0.00661515,0.0,-0.00661515,-66.1515,-70.22409999999999,8.0,,KRX_OFFICIAL_AFTER_HOURS,PRE_GATE_REGIME
long binance / short bitget,binance,bitget,2026-07-07 16:00:00+00:00,0.0,0.0,0.0,0.0,-70.22409999999999,,8.0,US_REGULAR,PRE_GATE_REGIME
long binance / short bitget,binance,bitget,2026-07-07 16:00:00.001000+00:00,-0.00087944,0.0,0.00087944,8.7944,-61.4297,8.0,,US_REGULAR,PRE_GATE_REGIME
long binance / short bitget,binance,bitget,2026-07-08 00:00:00+00:00,0.0,0.0,0.0,0.0,-61.4297,,8.0,KRX_FULLY_CLOSED_PRE_US,PRE_GATE_REGIME
long binance / short bitget,binance,bitget,2026-07-08 00:00:00.002000+00:00,-0.00176129,0.0,0.00176129,17.6129,-43.8168,8.0,,KRX_FULLY_CLOSED_PRE_US,PRE_GATE_REGIME
long binance / short bitget,binance,bitget,2026-07-08 08:00:00+00:00,0.0,0.003845,0.003845,38.449999999999996,-5.366800000000005,,8.0,KRX_OFFICIAL_AFTER_HOURS,PRE_GATE_REGIME
long binance / short bitget,binance,bitget,2026-07-08 08:00:00.001000+00:00,0.00386943,0.0,-0.00386943,-38.6943,-44.0611,8.0,,KRX_OFFICIAL_AFTER_HOURS,PRE_GATE_REGIME
long binance / short bitget,binance,bitget,2026-07-08 16:00:00+00:00,0.0,0.0,0.0,0.0,-44.0611,,8.0,US_REGULAR,PRE_GATE_REGIME
long binance / short bitget,binance,bitget,2026-07-08 16:00:00.001000+00:00,0.00139656,0.0,-0.00139656,-13.9656,-58.026700000000005,8.0,,US_REGULAR,PRE_GATE_REGIME
long binance / short bitget,binance,bitget,2026-07-09 00:00:00+00:00,0.0,0.0,0.0,0.0,-58.026700000000005,,8.0,KRX_FULLY_CLOSED_PRE_US,PRE_GATE_REGIME
long binance / short bitget,binance,bitget,2026-07-09 00:00:00.001000+00:00,0.00102242,0.0,-0.00102242,-10.2242,-68.2509,8.0,,KRX_FULLY_CLOSED_PRE_US,PRE_GATE_REGIME
long binance / short bitget,binance,bitget,2026-07-09 08:00:00+00:00,0.0,0.00409,0.00409,40.9,-27.350900000000003,,8.0,KRX_OFFICIAL_AFTER_HOURS,PRE_GATE_REGIME
long binance / short bitget,binance,bitget,2026-07-09 08:00:00.001000+00:00,0.00473872,0.0,-0.00473872,-47.3872,-74.7381,8.0,,KRX_OFFICIAL_AFTER_HOURS,PRE_GATE_REGIME
long binance / short bitget,binance,bitget,2026-07-09 16:00:00+00:00,0.0,0.0,0.0,0.0,-74.7381,,8.0,US_REGULAR,PRE_GATE_REGIME
long binance / short bitget,binance,bitget,2026-07-09 16:00:00.001000+00:00,0.00112086,0.0,-0.00112086,-11.2086,-85.9467,8.0,,US_REGULAR,PRE_GATE_REGIME
long binance / short bitget,binance,bitget,2026-07-10 00:00:00+00:00,0.0,0.0,0.0,0.0,-85.9467,,8.0,KRX_FULLY_CLOSED_PRE_US,PRE_GATE_REGIME
long binance / short bitget,binance,bitget,2026-07-10 00:00:00.001000+00:00,0.0,0.0,0.0,0.0,-85.9467,8.0,,KRX_FULLY_CLOSED_PRE_US,PRE_GATE_REGIME
long binance / short bitget,binance,bitget,2026-07-10 08:00:00+00:00,0.0,0.004771,0.004771,47.71,-38.236700000000006,,8.0,KRX_OFFICIAL_AFTER_HOURS,PRE_GATE_REGIME
long binance / short bitget,binance,bitget,2026-07-10 08:00:00.001000+00:00,0.00317264,0.0,-0.00317264,-31.7264,-69.96310000000001,8.0,,KRX_OFFICIAL_AFTER_HOURS,PRE_GATE_REGIME
long binance / short bitget,binance,bitget,2026-07-10 16:00:00+00:00,0.0,0.0,0.0,0.0,-69.96310000000001,,8.0,KRX_HOLIDAY_OR_WEEKEND,PRE_GATE_REGIME
long binance / short bitget,binance,bitget,2026-07-10 16:00:00.001000+00:00,0.0,0.0,0.0,0.0,-69.96310000000001,8.0,,KRX_HOLIDAY_OR_WEEKEND,PRE_GATE_REGIME
long binance / short bitget,binance,bitget,2026-07-11 00:00:00+00:00,0.0,0.0,0.0,0.0,-69.96310000000001,,8.0,KRX_HOLIDAY_OR_WEEKEND,PRE_GATE_REGIME
long binance / short bitget,binance,bitget,2026-07-11 00:00:00.001000+00:00,0.0,0.0,0.0,0.0,-69.96310000000001,8.0,,KRX_HOLIDAY_OR_WEEKEND,PRE_GATE_REGIME
long binance / short bitget,binance,bitget,2026-07-11 08:00:00+00:00,0.0,0.0,0.0,0.0,-69.96310000000001,,8.0,KRX_HOLIDAY_OR_WEEKEND,PRE_GATE_REGIME
long binance / short bitget,binance,bitget,2026-07-11 08:00:00.001000+00:00,0.0,0.0,0.0,0.0,-69.96310000000001,8.0,,KRX_HOLIDAY_OR_WEEKEND,PRE_GATE_REGIME
long binance / short bitget,binance,bitget,2026-07-11 16:00:00+00:00,0.0,0.0,0.0,0.0,-69.96310000000001,,8.0,KRX_HOLIDAY_OR_WEEKEND,PRE_GATE_REGIME
long binance / short bitget,binance,bitget,2026-07-11 16:00:00.001000+00:00,0.0,0.0,0.0,0.0,-69.96310000000001,8.0,,KRX_HOLIDAY_OR_WEEKEND,PRE_GATE_REGIME
long binance / short bitget,binance,bitget,2026-07-12 00:00:00+00:00,0.0,0.0,0.0,0.0,-69.96310000000001,,8.0,KRX_HOLIDAY_OR_WEEKEND,PRE_GATE_REGIME
long binance / short bitget,binance,bitget,2026-07-12 00:00:00.001000+00:00,-2.293e-05,0.0,2.293e-05,0.2293,-69.73380000000002,8.0,,KRX_HOLIDAY_OR_WEEKEND,PRE_GATE_REGIME
long binance / short bitget,binance,bitget,2026-07-12 08:00:00+00:00,0.0,0.0,0.0,0.0,-69.73380000000002,,8.0,KRX_HOLIDAY_OR_WEEKEND,PRE_GATE_REGIME
long binance / short bitget,binance,bitget,2026-07-12 08:00:00.001000+00:00,0.0,0.0,0.0,0.0,-69.73380000000002,8.0,,KRX_HOLIDAY_OR_WEEKEND,PRE_GATE_REGIME
long binance / short bitget,binance,bitget,2026-07-12 16:00:00+00:00,0.0,0.0,0.0,0.0,-69.73380000000002,,8.0,KRX_FULLY_CLOSED_PRE_US,PRE_GATE_REGIME
long binance / short bitget,binance,bitget,2026-07-12 16:00:00.001000+00:00,0.0,0.0,0.0,0.0,-69.73380000000002,8.0,,KRX_FULLY_CLOSED_PRE_US,PRE_GATE_REGIME
long binance / short bitget,binance,bitget,2026-07-13 00:00:00+00:00,0.0,0.0,0.0,0.0,-69.73380000000002,,8.0,KRX_FULLY_CLOSED_PRE_US,PRE_GATE_REGIME
long binance / short bitget,binance,bitget,2026-07-13 00:00:00.001000+00:00,-0.00226626,0.0,0.00226626,22.6626,-47.07120000000002,8.0,,KRX_FULLY_CLOSED_PRE_US,PRE_GATE_REGIME
long binance / short bitget,binance,bitget,2026-07-13 08:00:00+00:00,0.0,0.005,0.005,50.0,2.928799999999981,,8.0,KRX_OFFICIAL_AFTER_HOURS,PRE_GATE_REGIME
long binance / short bitget,binance,bitget,2026-07-13 08:00:00.001000+00:00,0.005,0.0,-0.005,-50.0,-47.07120000000002,8.0,,KRX_OFFICIAL_AFTER_HOURS,PRE_GATE_REGIME
long binance / short bitget,binance,bitget,2026-07-13 16:00:00+00:00,0.0,0.0,0.0,0.0,-47.07120000000002,,8.0,US_REGULAR,PRE_GATE_REGIME
long binance / short bitget,binance,bitget,2026-07-13 16:00:00.001000+00:00,0.0,0.0,0.0,0.0,-47.07120000000002,8.0,,US_REGULAR,PRE_GATE_REGIME
long binance / short bitget,binance,bitget,2026-07-14 00:00:00+00:00,0.0,0.0,0.0,0.0,-47.07120000000002,,8.0,KRX_FULLY_CLOSED_PRE_US,PRE_GATE_REGIME
long binance / short bitget,binance,bitget,2026-07-14 00:00:00.002000+00:00,-0.00108201,0.0,0.00108201,10.8201,-36.25110000000002,8.0,,KRX_FULLY_CLOSED_PRE_US,PRE_GATE_REGIME
long binance / short bitget,binance,bitget,2026-07-14 08:00:00+00:00,0.0,0.005,0.005,50.0,13.748899999999978,,8.0,KRX_OFFICIAL_AFTER_HOURS,PRE_GATE_REGIME
long binance / short bitget,binance,bitget,2026-07-14 08:00:00.001000+00:00,0.005,0.0,-0.005,-50.0,-36.25110000000002,8.0,,KRX_OFFICIAL_AFTER_HOURS,PRE_GATE_REGIME
long binance / short bitget,binance,bitget,2026-07-14 12:00:00+00:00,0.0,0.0,0.0,0.0,-36.25110000000002,,4.0,KRX_FULLY_CLOSED_PRE_US,PRE_GATE_REGIME
long binance / short bitget,binance,bitget,2026-07-14 16:00:00+00:00,0.0,0.0,0.0,0.0,-36.25110000000002,,4.0,US_REGULAR,PRE_GATE_REGIME
long binance / short bitget,binance,bitget,2026-07-14 16:00:00.001000+00:00,0.00192162,0.0,-0.00192162,-19.2162,-55.46730000000002,8.0,,US_REGULAR,PRE_GATE_REGIME
long binance / short bitget,binance,bitget,2026-07-14 20:00:00+00:00,0.0,0.0,0.0,0.0,-55.46730000000002,,4.0,US_AFTER_HOURS,PRE_GATE_REGIME
long binance / short bitget,binance,bitget,2026-07-14 20:00:00.001000+00:00,0.00133532,0.0,-0.00133532,-13.353200000000001,-68.82050000000002,4.0,,US_AFTER_HOURS,PRE_GATE_REGIME
long binance / short bitget,binance,bitget,2026-07-15 00:00:00+00:00,0.0,0.0,0.0,0.0,-68.82050000000002,,4.0,KRX_FULLY_CLOSED_PRE_US,PRE_GATE_REGIME
long binance / short bitget,binance,bitget,2026-07-15 00:00:00.001000+00:00,0.00171193,0.0,-0.00171193,-17.1193,-85.93980000000002,4.0,,KRX_FULLY_CLOSED_PRE_US,PRE_GATE_REGIME
long binance / short bitget,binance,bitget,2026-07-15 04:00:00+00:00,0.0,0.0,0.0,0.0,-85.93980000000002,,4.0,KRX_FULLY_CLOSED_PRE_US,PRE_GATE_REGIME
long binance / short bitget,binance,bitget,2026-07-15 04:00:00.001000+00:00,-0.00023997,0.0,0.00023997,2.3997,-83.54010000000002,4.0,,KRX_FULLY_CLOSED_PRE_US,PRE_GATE_REGIME
long binance / short bitget,binance,bitget,2026-07-15 08:00:00+00:00,0.0,8e-05,8e-05,0.8,-82.74010000000003,,4.0,KRX_OFFICIAL_AFTER_HOURS,PRE_GATE_REGIME
long binance / short bitget,binance,bitget,2026-07-15 08:00:00.001000+00:00,-0.00100191,0.0,0.00100191,10.0191,-72.72100000000003,4.0,,KRX_OFFICIAL_AFTER_HOURS,PRE_GATE_REGIME
long binance / short bitget,binance,bitget,2026-07-15 12:00:00+00:00,0.0,0.0,0.0,0.0,-72.72100000000003,,4.0,KRX_FULLY_CLOSED_PRE_US,PRE_GATE_REGIME
long binance / short bitget,binance,bitget,2026-07-15 12:00:00.002000+00:00,0.0,0.0,0.0,0.0,-72.72100000000003,4.0,,KRX_FULLY_CLOSED_PRE_US,PRE_GATE_REGIME
long binance / short bitget,binance,bitget,2026-07-15 16:00:00+00:00,0.0,0.0,0.0,0.0,-72.72100000000003,,4.0,US_REGULAR,PRE_GATE_REGIME
long binance / short bitget,binance,bitget,2026-07-15 16:00:00.001000+00:00,-0.00196477,0.0,0.00196477,19.647699999999997,-53.07330000000003,4.0,,US_REGULAR,PRE_GATE_REGIME
long binance / short bitget,binance,bitget,2026-07-15 20:00:00+00:00,0.0,0.0,0.0,0.0,-53.07330000000003,,4.0,US_AFTER_HOURS,PRE_GATE_REGIME
long binance / short bitget,binance,bitget,2026-07-15 20:00:00.001000+00:00,0.00064739,0.0,-0.00064739,-6.4738999999999995,-59.54720000000003,4.0,,US_AFTER_HOURS,PRE_GATE_REGIME
long binance / short bitget,binance,bitget,2026-07-16 00:00:00+00:00,0.0,0.0,0.0,0.0,-59.54720000000003,,4.0,KRX_FULLY_CLOSED_PRE_US,GATE_REGIME_20260716_19
long binance / short bitget,binance,bitget,2026-07-16 00:00:00.001000+00:00,-0.00129085,0.0,0.00129085,12.9085,-46.63870000000003,4.0,,KRX_FULLY_CLOSED_PRE_US,GATE_REGIME_20260716_19
long binance / short bitget,binance,bitget,2026-07-16 04:00:00+00:00,0.0,0.001857,0.001857,18.57,-28.068700000000028,,4.0,KRX_FULLY_CLOSED_PRE_US,GATE_REGIME_20260716_19
long binance / short bitget,binance,bitget,2026-07-16 04:00:00.001000+00:00,0.00168949,0.0,-0.00168949,-16.8949,-44.96360000000003,4.0,,KRX_FULLY_CLOSED_PRE_US,GATE_REGIME_20260716_19
long binance / short bitget,binance,bitget,2026-07-16 08:00:00+00:00,0.0,0.000951,0.000951,9.51,-35.45360000000003,,4.0,KRX_OFFICIAL_AFTER_HOURS,GATE_REGIME_20260716_19
long binance / short bitget,binance,bitget,2026-07-16 08:00:00.002000+00:00,0.00034557,0.0,-0.00034557,-3.4557,-38.90930000000003,4.0,,KRX_OFFICIAL_AFTER_HOURS,GATE_REGIME_20260716_19
long binance / short bitget,binance,bitget,2026-07-16 12:00:00+00:00,0.0,0.0,0.0,0.0,-38.90930000000003,,4.0,KRX_FULLY_CLOSED_PRE_US,GATE_REGIME_20260716_19
long binance / short bitget,binance,bitget,2026-07-16 12:00:00.001000+00:00,-9.577e-05,0.0,9.577e-05,0.9577,-37.95160000000003,4.0,,KRX_FULLY_CLOSED_PRE_US,GATE_REGIME_20260716_19
long binance / short bitget,binance,bitget,2026-07-16 16:00:00+00:00,0.0,0.0,0.0,0.0,-37.95160000000003,,4.0,US_REGULAR,GATE_REGIME_20260716_19
long binance / short bitget,binance,bitget,2026-07-16 16:00:00.001000+00:00,-0.00042886,0.0,0.00042886,4.2886,-33.663000000000025,4.0,,US_REGULAR,GATE_REGIME_20260716_19
long binance / short bitget,binance,bitget,2026-07-16 20:00:00+00:00,0.0,0.0,0.0,0.0,-33.663000000000025,,4.0,US_AFTER_HOURS,GATE_REGIME_20260716_19
long binance / short bitget,binance,bitget,2026-07-16 20:00:00.001000+00:00,-0.0009732,0.0,0.0009732,9.732,-23.931000000000026,4.0,,US_AFTER_HOURS,GATE_REGIME_20260716_19
long binance / short bitget,binance,bitget,2026-07-17 00:00:00+00:00,0.0,0.0,0.0,0.0,-23.931000000000026,,4.0,KRX_FULLY_CLOSED_PRE_US,GATE_REGIME_20260716_19
long binance / short bitget,binance,bitget,2026-07-17 00:00:00.001000+00:00,-0.00092102,0.0,0.00092102,9.2102,-14.720800000000025,4.0,,KRX_FULLY_CLOSED_PRE_US,GATE_REGIME_20260716_19
long binance / short bitget,binance,bitget,2026-07-17 04:00:00+00:00,0.0,-0.002897,-0.002897,-28.97,-43.690800000000024,,4.0,KRX_FULLY_CLOSED_PRE_US,GATE_REGIME_20260716_19
long binance / short bitget,binance,bitget,2026-07-17 04:00:00.001000+00:00,6.403e-05,0.0,-6.403e-05,-0.6403,-44.33110000000003,4.0,,KRX_FULLY_CLOSED_PRE_US,GATE_REGIME_20260716_19
long binance / short bitget,binance,bitget,2026-07-17 08:00:00+00:00,0.0,0.0,0.0,0.0,-44.33110000000003,,4.0,KRX_OFFICIAL_AFTER_HOURS,GATE_REGIME_20260716_19
long binance / short bitget,binance,bitget,2026-07-17 08:00:00.001000+00:00,-0.00143406,0.0,0.00143406,14.3406,-29.990500000000026,4.0,,KRX_OFFICIAL_AFTER_HOURS,GATE_REGIME_20260716_19
long binance / short bitget,binance,bitget,2026-07-17 12:00:00+00:00,0.0,0.0,0.0,0.0,-29.990500000000026,,4.0,KRX_FULLY_CLOSED_PRE_US,GATE_REGIME_20260716_19
long binance / short bitget,binance,bitget,2026-07-17 12:00:00.001000+00:00,0.00041051,0.0,-0.00041051,-4.1051,-34.095600000000026,4.0,,KRX_FULLY_CLOSED_PRE_US,GATE_REGIME_20260716_19
long binance / short bitget,binance,bitget,2026-07-17 16:00:00+00:00,0.0,0.0,0.0,0.0,-34.095600000000026,,4.0,KRX_HOLIDAY_OR_WEEKEND,GATE_REGIME_20260716_19
long binance / short bitget,binance,bitget,2026-07-17 16:00:00.001000+00:00,0.00150611,0.0,-0.00150611,-15.0611,-49.15670000000003,4.0,,KRX_HOLIDAY_OR_WEEKEND,GATE_REGIME_20260716_19
long binance / short bitget,binance,bitget,2026-07-17 20:00:00+00:00,0.0,0.0,0.0,0.0,-49.15670000000003,,4.0,KRX_HOLIDAY_OR_WEEKEND,GATE_REGIME_20260716_19
long binance / short bitget,binance,bitget,2026-07-17 20:00:00.001000+00:00,-0.00094887,0.0,0.00094887,9.4887,-39.66800000000003,4.0,,KRX_HOLIDAY_OR_WEEKEND,GATE_REGIME_20260716_19
long binance / short bitget,binance,bitget,2026-07-18 00:00:00+00:00,0.0,0.0,0.0,0.0,-39.66800000000003,,4.0,KRX_HOLIDAY_OR_WEEKEND,GATE_REGIME_20260716_19
long binance / short bitget,binance,bitget,2026-07-18 00:00:00.001000+00:00,0.0,0.0,0.0,0.0,-39.66800000000003,4.0,,KRX_HOLIDAY_OR_WEEKEND,GATE_REGIME_20260716_19
long binance / short bitget,binance,bitget,2026-07-18 04:00:00+00:00,0.0,0.0,0.0,0.0,-39.66800000000003,,4.0,KRX_HOLIDAY_OR_WEEKEND,GATE_REGIME_20260716_19
long binance / short bitget,binance,bitget,2026-07-18 04:00:00.002000+00:00,0.0,0.0,0.0,0.0,-39.66800000000003,4.0,,KRX_HOLIDAY_OR_WEEKEND,GATE_REGIME_20260716_19
long binance / short bitget,binance,bitget,2026-07-18 08:00:00+00:00,0.0,0.0,0.0,0.0,-39.66800000000003,,4.0,KRX_HOLIDAY_OR_WEEKEND,GATE_REGIME_20260716_19
long binance / short bitget,binance,bitget,2026-07-18 08:00:00.001000+00:00,0.0,0.0,0.0,0.0,-39.66800000000003,4.0,,KRX_HOLIDAY_OR_WEEKEND,GATE_REGIME_20260716_19
long binance / short bitget,binance,bitget,2026-07-18 12:00:00+00:00,0.0,0.0,0.0,0.0,-39.66800000000003,,4.0,KRX_HOLIDAY_OR_WEEKEND,GATE_REGIME_20260716_19
long binance / short bitget,binance,bitget,2026-07-18 12:00:00.001000+00:00,0.0,0.0,0.0,0.0,-39.66800000000003,4.0,,KRX_HOLIDAY_OR_WEEKEND,GATE_REGIME_20260716_19
long binance / short bitget,binance,bitget,2026-07-18 16:00:00+00:00,0.0,0.0,0.0,0.0,-39.66800000000003,,4.0,KRX_HOLIDAY_OR_WEEKEND,GATE_REGIME_20260716_19
long binance / short bitget,binance,bitget,2026-07-18 16:00:00.001000+00:00,-4.143e-05,0.0,4.143e-05,0.4143,-39.25370000000003,4.0,,KRX_HOLIDAY_OR_WEEKEND,GATE_REGIME_20260716_19
long binance / short bitget,binance,bitget,2026-07-18 20:00:00+00:00,0.0,0.0,0.0,0.0,-39.25370000000003,,4.0,KRX_HOLIDAY_OR_WEEKEND,GATE_REGIME_20260716_19
long binance / short bitget,binance,bitget,2026-07-18 20:00:00.001000+00:00,0.0,0.0,0.0,0.0,-39.25370000000003,4.0,,KRX_HOLIDAY_OR_WEEKEND,GATE_REGIME_20260716_19
long binance / short bitget,binance,bitget,2026-07-19 00:00:00+00:00,0.0,0.0,0.0,0.0,-39.25370000000003,,4.0,KRX_HOLIDAY_OR_WEEKEND,GATE_REGIME_20260716_19
long binance / short bitget,binance,bitget,2026-07-19 00:00:00.001000+00:00,0.0,0.0,0.0,0.0,-39.25370000000003,4.0,,KRX_HOLIDAY_OR_WEEKEND,GATE_REGIME_20260716_19
long binance / short bitget,binance,bitget,2026-07-19 04:00:00+00:00,0.0,0.0,0.0,0.0,-39.25370000000003,,4.0,KRX_HOLIDAY_OR_WEEKEND,GATE_REGIME_20260716_19
long binance / short bitget,binance,bitget,2026-07-19 04:00:00.001000+00:00,0.0,0.0,0.0,0.0,-39.25370000000003,4.0,,KRX_HOLIDAY_OR_WEEKEND,GATE_REGIME_20260716_19
long binance / short bitget,binance,bitget,2026-07-19 08:00:00+00:00,0.0,0.0,0.0,0.0,-39.25370000000003,,4.0,KRX_HOLIDAY_OR_WEEKEND,GATE_REGIME_20260716_19
long binance / short bitget,binance,bitget,2026-07-19 08:00:00.001000+00:00,8.177e-05,0.0,-8.177e-05,-0.8177,-40.07140000000003,4.0,,KRX_HOLIDAY_OR_WEEKEND,GATE_REGIME_20260716_19
long binance / short bitget,binance,bitget,2026-07-19 12:00:00+00:00,0.0,0.0,0.0,0.0,-40.07140000000003,,4.0,KRX_HOLIDAY_OR_WEEKEND,GATE_REGIME_20260716_19
long binance / short bitget,binance,bitget,2026-07-19 12:00:00.001000+00:00,-0.00014976,0.0,0.00014976,1.4976,-38.573800000000034,4.0,,KRX_HOLIDAY_OR_WEEKEND,GATE_REGIME_20260716_19
long binance / short bitget,binance,bitget,2026-07-19 16:00:00+00:00,0.0,0.0,0.0,0.0,-38.573800000000034,,4.0,KRX_FULLY_CLOSED_PRE_US,GATE_REGIME_20260716_19
long binance / short bitget,binance,bitget,2026-07-19 16:00:00.001000+00:00,0.0,0.0,0.0,0.0,-38.573800000000034,4.0,,KRX_FULLY_CLOSED_PRE_US,GATE_REGIME_20260716_19
long binance / short bitget,binance,bitget,2026-07-19 20:00:00+00:00,0.0,0.0,0.0,0.0,-38.573800000000034,,4.0,KRX_FULLY_CLOSED_PRE_US,GATE_REGIME_20260716_19
long binance / short bitget,binance,bitget,2026-07-19 20:00:00.001000+00:00,0.00020692,0.0,-0.00020692,-2.0692,-40.643000000000036,4.0,,KRX_FULLY_CLOSED_PRE_US,GATE_REGIME_20260716_19
long binance / short bitget,binance,bitget,2026-07-20 00:00:00+00:00,0.0,0.0,0.0,0.0,-40.643000000000036,,4.0,KRX_FULLY_CLOSED_PRE_US,POST_GATE_REGIME
long binance / short bitget,binance,bitget,2026-07-20 00:00:00.002000+00:00,-0.00031583,0.0,0.00031583,3.1583,-37.48470000000004,4.0,,KRX_FULLY_CLOSED_PRE_US,POST_GATE_REGIME
long binance / short bitget,binance,bitget,2026-07-20 04:00:00+00:00,0.0,0.002053,0.002053,20.53,-16.954700000000038,,4.0,KRX_FULLY_CLOSED_PRE_US,POST_GATE_REGIME
long binance / short bitget,binance,bitget,2026-07-20 04:00:00.001000+00:00,0.00166537,0.0,-0.00166537,-16.6537,-33.60840000000004,4.0,,KRX_FULLY_CLOSED_PRE_US,POST_GATE_REGIME
long binance / short bitget,binance,bitget,2026-07-20 08:00:00+00:00,0.0,0.000392,0.000392,3.92,-29.688400000000037,,4.0,KRX_OFFICIAL_AFTER_HOURS,POST_GATE_REGIME
long binance / short bitget,binance,bitget,2026-07-20 08:00:00.001000+00:00,0.00052817,0.0,-0.00052817,-5.2817,-34.97010000000004,4.0,,KRX_OFFICIAL_AFTER_HOURS,POST_GATE_REGIME
long binance / short bitget,binance,bitget,2026-07-20 12:00:00+00:00,0.0,0.0,0.0,0.0,-34.97010000000004,,4.0,KRX_FULLY_CLOSED_PRE_US,POST_GATE_REGIME
long binance / short bitget,binance,bitget,2026-07-20 12:00:00.001000+00:00,0.00060173,0.0,-0.00060173,-6.0173,-40.98740000000004,4.0,,KRX_FULLY_CLOSED_PRE_US,POST_GATE_REGIME
long binance / short bitget,binance,bitget,2026-07-20 16:00:00+00:00,0.0,0.0,0.0,0.0,-40.98740000000004,,4.0,US_REGULAR,POST_GATE_REGIME
long binance / short bitget,binance,bitget,2026-07-20 16:00:00.001000+00:00,-0.00016124,0.0,0.00016124,1.6124,-39.375000000000036,4.0,,US_REGULAR,POST_GATE_REGIME
long binance / short bitget,binance,bitget,2026-07-20 20:00:00+00:00,0.0,0.0,0.0,0.0,-39.375000000000036,,4.0,US_AFTER_HOURS,POST_GATE_REGIME
long binance / short bitget,binance,bitget,2026-07-20 20:00:00.001000+00:00,-0.00055024,0.0,0.00055024,5.5024,-33.872600000000034,4.0,,US_AFTER_HOURS,POST_GATE_REGIME
long binance / short bitget,binance,bitget,2026-07-21 00:00:00+00:00,0.0,0.0,0.0,0.0,-33.872600000000034,,4.0,KRX_FULLY_CLOSED_PRE_US,POST_GATE_REGIME
long binance / short bitget,binance,bitget,2026-07-21 00:00:00.001000+00:00,0.00015674,0.0,-0.00015674,-1.5674,-35.44000000000003,4.0,,KRX_FULLY_CLOSED_PRE_US,POST_GATE_REGIME
long binance / short bitget,binance,bitget,2026-07-21 04:00:00+00:00,0.0,0.001675,0.001675,16.75,-18.690000000000033,,4.0,KRX_FULLY_CLOSED_PRE_US,POST_GATE_REGIME
long binance / short bitget,binance,bitget,2026-07-21 04:00:00.002000+00:00,0.00119891,0.0,-0.00119891,-11.9891,-30.679100000000034,4.0,,KRX_FULLY_CLOSED_PRE_US,POST_GATE_REGIME
long binance / short bitget,binance,bitget,2026-07-21 08:00:00+00:00,0.0,0.000301,0.000301,3.01,-27.669100000000036,,4.0,KRX_OFFICIAL_AFTER_HOURS,POST_GATE_REGIME
long binance / short bitget,binance,bitget,2026-07-21 08:00:00.001000+00:00,0.00022498,0.0,-0.00022498,-2.2498,-29.918900000000036,4.0,,KRX_OFFICIAL_AFTER_HOURS,POST_GATE_REGIME
long binance / short bitget,binance,bitget,2026-07-21 12:00:00+00:00,0.0,0.0,0.0,0.0,-29.918900000000036,,4.0,KRX_FULLY_CLOSED_PRE_US,POST_GATE_REGIME
long binance / short bitget,binance,bitget,2026-07-21 12:00:00.001000+00:00,0.0,0.0,0.0,0.0,-29.918900000000036,4.0,,KRX_FULLY_CLOSED_PRE_US,POST_GATE_REGIME
long binance / short bitget,binance,bitget,2026-07-21 16:00:00+00:00,0.00068707,0.0,-0.00068707,-6.8707,-36.789600000000036,4.0,4.0,US_REGULAR,POST_GATE_REGIME
long binance / short bitget,binance,bitget,2026-07-21 20:00:00+00:00,0.0,0.0,0.0,0.0,-36.789600000000036,,4.0,US_AFTER_HOURS,POST_GATE_REGIME
long binance / short bitget,binance,bitget,2026-07-21 20:00:00.001000+00:00,0.00010694,0.0,-0.00010694,-1.0694000000000001,-37.85900000000004,4.0,,US_AFTER_HOURS,POST_GATE_REGIME
long binance / short bitget,binance,bitget,2026-07-22 00:00:00+00:00,0.0,0.0,0.0,0.0,-37.85900000000004,4.0,4.0,KRX_FULLY_CLOSED_PRE_US,POST_GATE_REGIME
long binance / short bitget,binance,bitget,2026-07-22 04:00:00+00:00,0.00034064,0.000984,0.00064336,6.4336,-31.42540000000004,4.0,4.0,KRX_FULLY_CLOSED_PRE_US,POST_GATE_REGIME
long binance / short bitget,binance,bitget,2026-07-22 08:00:00+00:00,0.0,0.000694,0.000694,6.9399999999999995,-24.48540000000004,,4.0,KRX_OFFICIAL_AFTER_HOURS,POST_GATE_REGIME
long binance / short bitget,binance,bitget,2026-07-22 08:00:00.001000+00:00,0.00068087,0.0,-0.00068087,-6.8087,-31.294100000000043,4.0,,KRX_OFFICIAL_AFTER_HOURS,POST_GATE_REGIME
long binance / short bitget,binance,bitget,2026-07-22 12:00:00+00:00,0.0,0.0,0.0,0.0,-31.294100000000043,,4.0,KRX_FULLY_CLOSED_PRE_US,POST_GATE_REGIME
long binance / short bitget,binance,bitget,2026-07-22 12:00:00.001000+00:00,-0.00023337,0.0,0.00023337,2.3337,-28.960400000000043,4.0,,KRX_FULLY_CLOSED_PRE_US,POST_GATE_REGIME
long binance / short bitget,binance,bitget,2026-07-22 16:00:00+00:00,0.0007125,0.0,-0.0007125,-7.125,-36.08540000000004,4.0,4.0,US_REGULAR,POST_GATE_REGIME
long binance / short bitget,binance,bitget,2026-07-22 20:00:00+00:00,-5.632e-05,0.0,5.632e-05,0.5632,-35.52220000000004,4.0,4.0,US_AFTER_HOURS,POST_GATE_REGIME
long binance / short bitget,binance,bitget,2026-07-23 00:00:00+00:00,0.0,0.0,0.0,0.0,-35.52220000000004,4.0,4.0,KRX_FULLY_CLOSED_PRE_US,POST_GATE_REGIME
long binance / short gate,binance,gate,2026-07-16 20:00:00.001000+00:00,-0.0009732,0.0,0.0009732,9.732,9.732,4.0,,US_AFTER_HOURS,GATE_REGIME_20260716_19
long binance / short gate,binance,gate,2026-07-16 20:00:01+00:00,0.0,5e-05,5e-05,0.5,10.232,,4.0,US_AFTER_HOURS,GATE_REGIME_20260716_19
long binance / short gate,binance,gate,2026-07-17 00:00:00.001000+00:00,-0.00092102,0.0,0.00092102,9.2102,19.4422,4.0,,KRX_FULLY_CLOSED_PRE_US,GATE_REGIME_20260716_19
long binance / short gate,binance,gate,2026-07-17 00:00:03+00:00,0.0,5e-05,5e-05,0.5,19.9422,,4.0,KRX_FULLY_CLOSED_PRE_US,GATE_REGIME_20260716_19
long binance / short gate,binance,gate,2026-07-17 04:00:00.001000+00:00,6.403e-05,0.0,-6.403e-05,-0.6403,19.3019,4.0,,KRX_FULLY_CLOSED_PRE_US,GATE_REGIME_20260716_19
long binance / short gate,binance,gate,2026-07-17 04:00:01+00:00,0.0,0.0005,0.0005,5.0,24.3019,,4.0,KRX_FULLY_CLOSED_PRE_US,GATE_REGIME_20260716_19
long binance / short gate,binance,gate,2026-07-17 08:00:00.001000+00:00,-0.00143406,0.0,0.00143406,14.3406,38.6425,4.0,,KRX_OFFICIAL_AFTER_HOURS,GATE_REGIME_20260716_19
long binance / short gate,binance,gate,2026-07-17 08:00:03+00:00,0.0,0.0005,0.0005,5.0,43.6425,,4.0,KRX_OFFICIAL_AFTER_HOURS,GATE_REGIME_20260716_19
long binance / short gate,binance,gate,2026-07-17 12:00:00.001000+00:00,0.00041051,0.0,-0.00041051,-4.1051,39.5374,4.0,,KRX_FULLY_CLOSED_PRE_US,GATE_REGIME_20260716_19
long binance / short gate,binance,gate,2026-07-17 12:00:01+00:00,0.0,0.0005,0.0005,5.0,44.5374,,4.0,KRX_FULLY_CLOSED_PRE_US,GATE_REGIME_20260716_19
long binance / short gate,binance,gate,2026-07-17 16:00:00.001000+00:00,0.00150611,0.0,-0.00150611,-15.0611,29.4763,4.0,,KRX_HOLIDAY_OR_WEEKEND,GATE_REGIME_20260716_19
long binance / short gate,binance,gate,2026-07-17 16:00:03+00:00,0.0,0.0005,0.0005,5.0,34.476299999999995,,4.0,KRX_HOLIDAY_OR_WEEKEND,GATE_REGIME_20260716_19
long binance / short gate,binance,gate,2026-07-17 20:00:00.001000+00:00,-0.00094887,0.0,0.00094887,9.4887,43.964999999999996,4.0,,KRX_HOLIDAY_OR_WEEKEND,GATE_REGIME_20260716_19
long binance / short gate,binance,gate,2026-07-17 20:00:01+00:00,0.0,0.0005,0.0005,5.0,48.964999999999996,,4.0,KRX_HOLIDAY_OR_WEEKEND,GATE_REGIME_20260716_19
long binance / short gate,binance,gate,2026-07-18 00:00:00.001000+00:00,0.0,0.0,0.0,0.0,48.964999999999996,4.0,,KRX_HOLIDAY_OR_WEEKEND,GATE_REGIME_20260716_19
long binance / short gate,binance,gate,2026-07-18 00:00:03+00:00,0.0,0.0005,0.0005,5.0,53.964999999999996,,4.0,KRX_HOLIDAY_OR_WEEKEND,GATE_REGIME_20260716_19
long binance / short gate,binance,gate,2026-07-18 04:00:00.002000+00:00,0.0,0.0,0.0,0.0,53.964999999999996,4.0,,KRX_HOLIDAY_OR_WEEKEND,GATE_REGIME_20260716_19
long binance / short gate,binance,gate,2026-07-18 04:00:01+00:00,0.0,0.0005,0.0005,5.0,58.964999999999996,,4.0,KRX_HOLIDAY_OR_WEEKEND,GATE_REGIME_20260716_19
long binance / short gate,binance,gate,2026-07-18 08:00:00.001000+00:00,0.0,0.0,0.0,0.0,58.964999999999996,4.0,,KRX_HOLIDAY_OR_WEEKEND,GATE_REGIME_20260716_19
long binance / short gate,binance,gate,2026-07-18 08:00:02+00:00,0.0,0.0005,0.0005,5.0,63.964999999999996,,4.0,KRX_HOLIDAY_OR_WEEKEND,GATE_REGIME_20260716_19
long binance / short gate,binance,gate,2026-07-18 12:00:00.001000+00:00,0.0,0.0,0.0,0.0,63.964999999999996,4.0,,KRX_HOLIDAY_OR_WEEKEND,GATE_REGIME_20260716_19
long binance / short gate,binance,gate,2026-07-18 12:00:01+00:00,0.0,0.0005,0.0005,5.0,68.965,,4.0,KRX_HOLIDAY_OR_WEEKEND,GATE_REGIME_20260716_19
long binance / short gate,binance,gate,2026-07-18 16:00:00.001000+00:00,-4.143e-05,0.0,4.143e-05,0.4143,69.3793,4.0,,KRX_HOLIDAY_OR_WEEKEND,GATE_REGIME_20260716_19
long binance / short gate,binance,gate,2026-07-18 16:00:03+00:00,0.0,0.0005,0.0005,5.0,74.3793,,4.0,KRX_HOLIDAY_OR_WEEKEND,GATE_REGIME_20260716_19
long binance / short gate,binance,gate,2026-07-18 20:00:00.001000+00:00,0.0,0.0,0.0,0.0,74.3793,4.0,,KRX_HOLIDAY_OR_WEEKEND,GATE_REGIME_20260716_19
long binance / short gate,binance,gate,2026-07-18 20:00:01+00:00,0.0,0.0005,0.0005,5.0,79.3793,,4.0,KRX_HOLIDAY_OR_WEEKEND,GATE_REGIME_20260716_19
long binance / short gate,binance,gate,2026-07-19 00:00:00.001000+00:00,0.0,0.0,0.0,0.0,79.3793,4.0,,KRX_HOLIDAY_OR_WEEKEND,GATE_REGIME_20260716_19
long binance / short gate,binance,gate,2026-07-19 00:00:02+00:00,0.0,0.0005,0.0005,5.0,84.3793,,4.0,KRX_HOLIDAY_OR_WEEKEND,GATE_REGIME_20260716_19
long binance / short gate,binance,gate,2026-07-19 04:00:00.001000+00:00,0.0,0.0,0.0,0.0,84.3793,4.0,,KRX_HOLIDAY_OR_WEEKEND,GATE_REGIME_20260716_19
long binance / short gate,binance,gate,2026-07-19 04:00:01+00:00,0.0,0.000443,0.000443,4.43,88.80930000000001,,4.0,KRX_HOLIDAY_OR_WEEKEND,GATE_REGIME_20260716_19
long binance / short gate,binance,gate,2026-07-19 08:00:00.001000+00:00,8.177e-05,0.0,-8.177e-05,-0.8177,87.9916,4.0,,KRX_HOLIDAY_OR_WEEKEND,GATE_REGIME_20260716_19
long binance / short gate,binance,gate,2026-07-19 08:00:03+00:00,0.0,0.0005,0.0005,5.0,92.9916,,4.0,KRX_HOLIDAY_OR_WEEKEND,GATE_REGIME_20260716_19
long binance / short gate,binance,gate,2026-07-19 12:00:00.001000+00:00,-0.00014976,0.0,0.00014976,1.4976,94.48920000000001,4.0,,KRX_HOLIDAY_OR_WEEKEND,GATE_REGIME_20260716_19
long binance / short gate,binance,gate,2026-07-19 12:00:01+00:00,0.0,0.000221,0.000221,2.21,96.6992,,4.0,KRX_HOLIDAY_OR_WEEKEND,GATE_REGIME_20260716_19
long binance / short gate,binance,gate,2026-07-19 16:00:00.001000+00:00,0.0,0.0,0.0,0.0,96.6992,4.0,,KRX_FULLY_CLOSED_PRE_US,GATE_REGIME_20260716_19
long binance / short gate,binance,gate,2026-07-19 16:00:03+00:00,0.0,0.000377,0.000377,3.77,100.4692,,4.0,KRX_FULLY_CLOSED_PRE_US,GATE_REGIME_20260716_19
long binance / short gate,binance,gate,2026-07-19 20:00:00.001000+00:00,0.00020692,0.0,-0.00020692,-2.0692,98.4,4.0,,KRX_FULLY_CLOSED_PRE_US,GATE_REGIME_20260716_19
long binance / short gate,binance,gate,2026-07-19 20:00:01+00:00,0.0,0.0005,0.0005,5.0,103.4,,4.0,KRX_FULLY_CLOSED_PRE_US,GATE_REGIME_20260716_19
long binance / short gate,binance,gate,2026-07-20 00:00:00.002000+00:00,-0.00031583,0.0,0.00031583,3.1583,106.5583,4.0,,KRX_FULLY_CLOSED_PRE_US,POST_GATE_REGIME
long binance / short gate,binance,gate,2026-07-20 00:00:03+00:00,0.0,0.0005,0.0005,5.0,111.5583,,4.0,KRX_FULLY_CLOSED_PRE_US,POST_GATE_REGIME
long binance / short gate,binance,gate,2026-07-20 04:00:00.001000+00:00,0.00166537,0.0,-0.00166537,-16.6537,94.9046,4.0,,KRX_FULLY_CLOSED_PRE_US,POST_GATE_REGIME
long binance / short gate,binance,gate,2026-07-20 04:00:02+00:00,0.0,0.0005,0.0005,5.0,99.9046,,4.0,KRX_FULLY_CLOSED_PRE_US,POST_GATE_REGIME
long binance / short gate,binance,gate,2026-07-20 08:00:00.001000+00:00,0.00052817,0.0,-0.00052817,-5.2817,94.6229,4.0,,KRX_OFFICIAL_AFTER_HOURS,POST_GATE_REGIME
long binance / short gate,binance,gate,2026-07-20 08:00:03+00:00,0.0,0.0005,0.0005,5.0,99.6229,,4.0,KRX_OFFICIAL_AFTER_HOURS,POST_GATE_REGIME
long binance / short gate,binance,gate,2026-07-20 12:00:00.001000+00:00,0.00060173,0.0,-0.00060173,-6.0173,93.6056,4.0,,KRX_FULLY_CLOSED_PRE_US,POST_GATE_REGIME
long binance / short gate,binance,gate,2026-07-20 12:00:01+00:00,0.0,5e-05,5e-05,0.5,94.1056,,4.0,KRX_FULLY_CLOSED_PRE_US,POST_GATE_REGIME
long binance / short gate,binance,gate,2026-07-20 16:00:00.001000+00:00,-0.00016124,0.0,0.00016124,1.6124,95.71799999999999,4.0,,US_REGULAR,POST_GATE_REGIME
long binance / short gate,binance,gate,2026-07-20 16:00:03+00:00,0.0,5e-05,5e-05,0.5,96.21799999999999,,4.0,US_REGULAR,POST_GATE_REGIME
long binance / short gate,binance,gate,2026-07-20 20:00:00.001000+00:00,-0.00055024,0.0,0.00055024,5.5024,101.72039999999998,4.0,,US_AFTER_HOURS,POST_GATE_REGIME
long binance / short gate,binance,gate,2026-07-20 20:00:01+00:00,0.0,5e-05,5e-05,0.5,102.22039999999998,,4.0,US_AFTER_HOURS,POST_GATE_REGIME
long binance / short gate,binance,gate,2026-07-21 00:00:00.001000+00:00,0.00015674,0.0,-0.00015674,-1.5674,100.65299999999998,4.0,,KRX_FULLY_CLOSED_PRE_US,POST_GATE_REGIME
long binance / short gate,binance,gate,2026-07-21 00:00:03+00:00,0.0,0.000449,0.000449,4.49,105.14299999999997,,4.0,KRX_FULLY_CLOSED_PRE_US,POST_GATE_REGIME
long binance / short gate,binance,gate,2026-07-21 04:00:00.002000+00:00,0.00119891,0.0,-0.00119891,-11.9891,93.15389999999996,4.0,,KRX_FULLY_CLOSED_PRE_US,POST_GATE_REGIME
long binance / short gate,binance,gate,2026-07-21 04:00:01+00:00,0.0,0.000175,0.000175,1.75,94.90389999999996,,4.0,KRX_FULLY_CLOSED_PRE_US,POST_GATE_REGIME
long binance / short gate,binance,gate,2026-07-21 08:00:00.001000+00:00,0.00022498,0.0,-0.00022498,-2.2498,92.65409999999997,4.0,,KRX_OFFICIAL_AFTER_HOURS,POST_GATE_REGIME
long binance / short gate,binance,gate,2026-07-21 08:00:03+00:00,0.0,0.000363,0.000363,3.63,96.28409999999997,,4.0,KRX_OFFICIAL_AFTER_HOURS,POST_GATE_REGIME
long binance / short gate,binance,gate,2026-07-21 12:00:00.001000+00:00,0.0,0.0,0.0,0.0,96.28409999999997,4.0,,KRX_FULLY_CLOSED_PRE_US,POST_GATE_REGIME
long binance / short gate,binance,gate,2026-07-21 12:00:01+00:00,0.0,0.000178,0.000178,1.7799999999999998,98.06409999999997,,4.0,KRX_FULLY_CLOSED_PRE_US,POST_GATE_REGIME
long binance / short gate,binance,gate,2026-07-21 16:00:00+00:00,0.00068707,0.0,-0.00068707,-6.8707,91.19339999999997,4.0,,US_REGULAR,POST_GATE_REGIME
long binance / short gate,binance,gate,2026-07-21 16:00:03+00:00,0.0,0.000493,0.000493,4.93,96.12339999999998,,4.0,US_REGULAR,POST_GATE_REGIME
long binance / short gate,binance,gate,2026-07-21 20:00:00.001000+00:00,0.00010694,0.0,-0.00010694,-1.0694000000000001,95.05399999999997,4.0,,US_AFTER_HOURS,POST_GATE_REGIME
long binance / short gate,binance,gate,2026-07-21 20:00:01+00:00,0.0,5.8e-05,5.8e-05,0.58,95.63399999999997,,4.0,US_AFTER_HOURS,POST_GATE_REGIME
long binance / short gate,binance,gate,2026-07-22 00:00:00+00:00,0.0,0.0,0.0,0.0,95.63399999999997,4.0,,KRX_FULLY_CLOSED_PRE_US,POST_GATE_REGIME
long binance / short gate,binance,gate,2026-07-22 00:00:03+00:00,0.0,0.000122,0.000122,1.22,96.85399999999997,,4.0,KRX_FULLY_CLOSED_PRE_US,POST_GATE_REGIME
long binance / short gate,binance,gate,2026-07-22 04:00:00+00:00,0.00034064,0.0,-0.00034064,-3.4064,93.44759999999997,4.0,,KRX_FULLY_CLOSED_PRE_US,POST_GATE_REGIME
long binance / short gate,binance,gate,2026-07-22 04:00:02+00:00,0.0,5e-05,5e-05,0.5,93.94759999999997,,4.0,KRX_FULLY_CLOSED_PRE_US,POST_GATE_REGIME
long binance / short gate,binance,gate,2026-07-22 08:00:00.001000+00:00,0.00068087,0.0,-0.00068087,-6.8087,87.13889999999996,4.0,,KRX_OFFICIAL_AFTER_HOURS,POST_GATE_REGIME
long binance / short gate,binance,gate,2026-07-22 08:00:03+00:00,0.0,0.000107,0.000107,1.07,88.20889999999996,,4.0,KRX_OFFICIAL_AFTER_HOURS,POST_GATE_REGIME
long binance / short gate,binance,gate,2026-07-22 12:00:00.001000+00:00,-0.00023337,0.0,0.00023337,2.3337,90.54259999999995,4.0,,KRX_FULLY_CLOSED_PRE_US,POST_GATE_REGIME
long binance / short gate,binance,gate,2026-07-22 12:00:01+00:00,0.0,0.000102,0.000102,1.02,91.56259999999995,,4.0,KRX_FULLY_CLOSED_PRE_US,POST_GATE_REGIME
long binance / short gate,binance,gate,2026-07-22 16:00:00+00:00,0.0007125,0.0,-0.0007125,-7.125,84.43759999999995,4.0,,US_REGULAR,POST_GATE_REGIME
long binance / short gate,binance,gate,2026-07-22 16:00:03+00:00,0.0,0.000262,0.000262,2.62,87.05759999999995,,4.0,US_REGULAR,POST_GATE_REGIME
long binance / short gate,binance,gate,2026-07-22 20:00:00+00:00,-5.632e-05,0.0,5.632e-05,0.5632,87.62079999999995,4.0,,US_AFTER_HOURS,POST_GATE_REGIME
long binance / short gate,binance,gate,2026-07-22 20:00:01+00:00,0.0,5e-05,5e-05,0.5,88.12079999999995,,4.0,US_AFTER_HOURS,POST_GATE_REGIME
long binance / short gate,binance,gate,2026-07-23 00:00:00+00:00,0.0,0.0,0.0,0.0,88.12079999999995,4.0,,KRX_FULLY_CLOSED_PRE_US,POST_GATE_REGIME
long binance / short gate,binance,gate,2026-07-23 00:00:03+00:00,0.0,5e-05,5e-05,0.5,88.62079999999995,,4.0,KRX_FULLY_CLOSED_PRE_US,POST_GATE_REGIME
long binance / short gate,binance,gate,2026-07-23 04:00:00.001000+00:00,0.00063342,0.0,-0.00063342,-6.3342,82.28659999999995,4.0,,KRX_FULLY_CLOSED_PRE_US,POST_GATE_REGIME
long binance / short gate,binance,gate,2026-07-23 04:00:01+00:00,0.0,0.00014,0.00014,1.4,83.68659999999996,,4.0,KRX_FULLY_CLOSED_PRE_US,POST_GATE_REGIME
long binance / short hyperliquid,binance,hyperliquid,2026-07-19 17:00:00.043000+00:00,0.0,-0.0001463669,-0.0001463669,-1.4636689999999999,-1.4636689999999999,,1.0,KRX_FULLY_CLOSED_PRE_US,GATE_REGIME_20260716_19
long binance / short hyperliquid,binance,hyperliquid,2026-07-19 18:00:00.049000+00:00,0.0,0.0001350793,0.0001350793,1.350793,-0.11287599999999998,,1.0,KRX_FULLY_CLOSED_PRE_US,GATE_REGIME_20260716_19
long binance / short hyperliquid,binance,hyperliquid,2026-07-19 19:00:00.049000+00:00,0.0,6.25e-06,6.25e-06,0.0625,-0.050375999999999976,,1.0,KRX_FULLY_CLOSED_PRE_US,GATE_REGIME_20260716_19
long binance / short hyperliquid,binance,hyperliquid,2026-07-19 20:00:00.001000+00:00,0.00020692,0.0,-0.00020692,-2.0692,-2.119576,4.0,,KRX_FULLY_CLOSED_PRE_US,GATE_REGIME_20260716_19
long binance / short hyperliquid,binance,hyperliquid,2026-07-19 20:00:00.010000+00:00,0.0,0.0001424997,0.0001424997,1.424997,-0.6945789999999998,,1.0,KRX_FULLY_CLOSED_PRE_US,GATE_REGIME_20260716_19
long binance / short hyperliquid,binance,hyperliquid,2026-07-19 21:00:00.026000+00:00,0.0,6.25e-06,6.25e-06,0.0625,-0.6320789999999998,,1.0,KRX_FULLY_CLOSED_PRE_US,GATE_REGIME_20260716_19
long binance / short hyperliquid,binance,hyperliquid,2026-07-19 22:00:00.049000+00:00,0.0,6.25e-06,6.25e-06,0.0625,-0.5695789999999998,,1.0,KRX_FULLY_CLOSED_PRE_US,GATE_REGIME_20260716_19
long binance / short hyperliquid,binance,hyperliquid,2026-07-19 23:00:00.014000+00:00,0.0,0.0001120228,0.0001120228,1.120228,0.5506490000000002,,1.0,KRX_FULLY_CLOSED_PRE_US,GATE_REGIME_20260716_19
long binance / short hyperliquid,binance,hyperliquid,2026-07-20 00:00:00.002000+00:00,-0.00031583,0.0,0.00031583,3.1583,3.7089490000000005,4.0,,KRX_FULLY_CLOSED_PRE_US,POST_GATE_REGIME
long binance / short hyperliquid,binance,hyperliquid,2026-07-20 00:00:00.034000+00:00,0.0,0.0002688809,0.0002688809,2.6888090000000004,6.397758000000001,,1.0,KRX_FULLY_CLOSED_PRE_US,POST_GATE_REGIME
long binance / short hyperliquid,binance,hyperliquid,2026-07-20 01:00:00.063000+00:00,0.0,6.25e-06,6.25e-06,0.0625,6.460258000000001,,1.0,KRX_FULLY_CLOSED_PRE_US,POST_GATE_REGIME
long binance / short hyperliquid,binance,hyperliquid,2026-07-20 02:00:00.052000+00:00,0.0,6.25e-06,6.25e-06,0.0625,6.522758000000001,,1.0,KRX_FULLY_CLOSED_PRE_US,POST_GATE_REGIME
long binance / short hyperliquid,binance,hyperliquid,2026-07-20 03:00:00.046000+00:00,0.0,0.0001277184,0.0001277184,1.277184,7.7999420000000015,,1.0,KRX_FULLY_CLOSED_PRE_US,POST_GATE_REGIME
long binance / short hyperliquid,binance,hyperliquid,2026-07-20 04:00:00.001000+00:00,0.00166537,0.0,-0.00166537,-16.6537,-8.853758,4.0,,KRX_FULLY_CLOSED_PRE_US,POST_GATE_REGIME
long binance / short hyperliquid,binance,hyperliquid,2026-07-20 04:00:00.011000+00:00,0.0,0.000122697,0.000122697,1.2269700000000001,-7.6267879999999995,,1.0,KRX_FULLY_CLOSED_PRE_US,POST_GATE_REGIME
long binance / short hyperliquid,binance,hyperliquid,2026-07-20 05:00:00.027000+00:00,0.0,6.8249e-05,6.8249e-05,0.68249,-6.944298,,1.0,KRX_FULLY_CLOSED_PRE_US,POST_GATE_REGIME
long binance / short hyperliquid,binance,hyperliquid,2026-07-20 06:00:00.047000+00:00,0.0,9.18419e-05,9.18419e-05,0.918419,-6.025879,,1.0,PRE_CLOSE_BASELINE,POST_GATE_REGIME
long binance / short hyperliquid,binance,hyperliquid,2026-07-20 07:00:00.008000+00:00,0.0,-5.71341e-05,-5.71341e-05,-0.571341,-6.59722,,1.0,KRX_OFFICIAL_AFTER_HOURS,POST_GATE_REGIME
long binance / short hyperliquid,binance,hyperliquid,2026-07-20 08:00:00.001000+00:00,0.00052817,0.0,-0.00052817,-5.2817,-11.87892,4.0,,KRX_OFFICIAL_AFTER_HOURS,POST_GATE_REGIME
long binance / short hyperliquid,binance,hyperliquid,2026-07-20 08:00:00.058000+00:00,0.0,9.36582e-05,9.36582e-05,0.936582,-10.942338000000001,,1.0,KRX_OFFICIAL_AFTER_HOURS,POST_GATE_REGIME
long binance / short hyperliquid,binance,hyperliquid,2026-07-20 09:00:00.029000+00:00,0.0,2.73756e-05,2.73756e-05,0.273756,-10.668582,,1.0,KRX_FULLY_CLOSED_PRE_US,POST_GATE_REGIME
long binance / short hyperliquid,binance,hyperliquid,2026-07-20 10:00:00.029000+00:00,0.0,-6.04045e-05,-6.04045e-05,-0.604045,-11.272627,,1.0,KRX_FULLY_CLOSED_PRE_US,POST_GATE_REGIME
long binance / short hyperliquid,binance,hyperliquid,2026-07-20 11:00:00+00:00,0.0,-9.70366e-05,-9.70366e-05,-0.970366,-12.242993,,1.0,KRX_FULLY_CLOSED_PRE_US,POST_GATE_REGIME
long binance / short hyperliquid,binance,hyperliquid,2026-07-20 12:00:00+00:00,0.0,1.8678e-06,1.8678e-06,0.018678,-12.224315,,1.0,KRX_FULLY_CLOSED_PRE_US,POST_GATE_REGIME
long binance / short hyperliquid,binance,hyperliquid,2026-07-20 12:00:00.001000+00:00,0.00060173,0.0,-0.00060173,-6.0173,-18.241615,4.0,,KRX_FULLY_CLOSED_PRE_US,POST_GATE_REGIME
long binance / short hyperliquid,binance,hyperliquid,2026-07-20 13:00:00.047000+00:00,0.0,-0.000148396,-0.000148396,-1.48396,-19.725575,,1.0,KRX_FULLY_CLOSED_PRE_US,POST_GATE_REGIME
long binance / short hyperliquid,binance,hyperliquid,2026-07-20 14:00:00.049000+00:00,0.0,6.25e-06,6.25e-06,0.0625,-19.663075,,1.0,US_REGULAR,POST_GATE_REGIME
long binance / short hyperliquid,binance,hyperliquid,2026-07-20 15:00:00.053000+00:00,0.0,-0.0005133502,-0.0005133502,-5.133502000000001,-24.796577,,1.0,US_REGULAR,POST_GATE_REGIME
long binance / short hyperliquid,binance,hyperliquid,2026-07-20 16:00:00.001000+00:00,-0.00016124,0.0,0.00016124,1.6124,-23.184177,4.0,,US_REGULAR,POST_GATE_REGIME
long binance / short hyperliquid,binance,hyperliquid,2026-07-20 16:00:00.104000+00:00,0.0,6.19623e-05,6.19623e-05,0.6196229999999999,-22.564553999999998,,1.0,US_REGULAR,POST_GATE_REGIME
long binance / short hyperliquid,binance,hyperliquid,2026-07-20 17:00:00.046000+00:00,0.0,3.4695e-06,3.4695e-06,0.034695,-22.529859,,1.0,US_REGULAR,POST_GATE_REGIME
long binance / short hyperliquid,binance,hyperliquid,2026-07-20 18:00:00.027000+00:00,0.0,-0.0001098492,-0.0001098492,-1.098492,-23.628351,,1.0,US_REGULAR,POST_GATE_REGIME
long binance / short hyperliquid,binance,hyperliquid,2026-07-20 19:00:00.035000+00:00,0.0,-0.0001310207,-0.0001310207,-1.310207,-24.938557999999997,,1.0,US_REGULAR,POST_GATE_REGIME
long binance / short hyperliquid,binance,hyperliquid,2026-07-20 20:00:00.001000+00:00,-0.00055024,0.0,0.00055024,5.5024,-19.436158,4.0,,US_AFTER_HOURS,POST_GATE_REGIME
long binance / short hyperliquid,binance,hyperliquid,2026-07-20 20:00:00.008000+00:00,0.0,-0.0001973298,-0.0001973298,-1.973298,-21.409456,,1.0,US_AFTER_HOURS,POST_GATE_REGIME
long binance / short hyperliquid,binance,hyperliquid,2026-07-20 21:00:00.006000+00:00,0.0,-0.0001334196,-0.0001334196,-1.3341960000000002,-22.743651999999997,,1.0,US_AFTER_HOURS,POST_GATE_REGIME
long binance / short hyperliquid,binance,hyperliquid,2026-07-20 22:00:00.003000+00:00,0.0,-4.86277e-05,-4.86277e-05,-0.486277,-23.229929,,1.0,US_AFTER_HOURS,POST_GATE_REGIME
long binance / short hyperliquid,binance,hyperliquid,2026-07-20 23:00:00.048000+00:00,0.0,0.0001237952,0.0001237952,1.237952,-21.991977,,1.0,US_AFTER_HOURS,POST_GATE_REGIME
long binance / short hyperliquid,binance,hyperliquid,2026-07-21 00:00:00.001000+00:00,0.00015674,0.0,-0.00015674,-1.5674,-23.559376999999998,4.0,,KRX_FULLY_CLOSED_PRE_US,POST_GATE_REGIME
long binance / short hyperliquid,binance,hyperliquid,2026-07-21 00:00:00.040000+00:00,0.0,0.0001142159,0.0001142159,1.142159,-22.417218,,1.0,KRX_FULLY_CLOSED_PRE_US,POST_GATE_REGIME
long binance / short hyperliquid,binance,hyperliquid,2026-07-21 01:00:00.005000+00:00,0.0,8.78528e-05,8.78528e-05,0.878528,-21.53869,,1.0,KRX_FULLY_CLOSED_PRE_US,POST_GATE_REGIME
long binance / short hyperliquid,binance,hyperliquid,2026-07-21 02:00:00.036000+00:00,0.0,6.25e-06,6.25e-06,0.0625,-21.47619,,1.0,KRX_FULLY_CLOSED_PRE_US,POST_GATE_REGIME
long binance / short hyperliquid,binance,hyperliquid,2026-07-21 03:00:00.030000+00:00,0.0,0.0001476351,0.0001476351,1.476351,-19.999838999999998,,1.0,KRX_FULLY_CLOSED_PRE_US,POST_GATE_REGIME
long binance / short hyperliquid,binance,hyperliquid,2026-07-21 04:00:00.001000+00:00,0.0,5.6757e-05,5.6757e-05,0.56757,-19.432268999999998,,1.0,KRX_FULLY_CLOSED_PRE_US,POST_GATE_REGIME
long binance / short hyperliquid,binance,hyperliquid,2026-07-21 04:00:00.002000+00:00,0.00119891,0.0,-0.00119891,-11.9891,-31.421369,4.0,,KRX_FULLY_CLOSED_PRE_US,POST_GATE_REGIME
long binance / short hyperliquid,binance,hyperliquid,2026-07-21 05:00:00.004000+00:00,0.0,6.25e-06,6.25e-06,0.0625,-31.358869,,1.0,KRX_FULLY_CLOSED_PRE_US,POST_GATE_REGIME
long binance / short hyperliquid,binance,hyperliquid,2026-07-21 06:00:00.043000+00:00,0.0,6.91257e-05,6.91257e-05,0.6912569999999999,-30.667612,,1.0,PRE_CLOSE_BASELINE,POST_GATE_REGIME
long binance / short hyperliquid,binance,hyperliquid,2026-07-21 07:00:00.034000+00:00,0.0,-7.8665e-06,-7.8665e-06,-0.078665,-30.746277,,1.0,KRX_OFFICIAL_AFTER_HOURS,POST_GATE_REGIME
long binance / short hyperliquid,binance,hyperliquid,2026-07-21 08:00:00.001000+00:00,0.00022498,0.0,-0.00022498,-2.2498,-32.996077,4.0,,KRX_OFFICIAL_AFTER_HOURS,POST_GATE_REGIME
long binance / short hyperliquid,binance,hyperliquid,2026-07-21 08:00:00.035000+00:00,0.0,0.0002088394,0.0002088394,2.088394,-30.907683,,1.0,KRX_OFFICIAL_AFTER_HOURS,POST_GATE_REGIME
long binance / short hyperliquid,binance,hyperliquid,2026-07-21 09:00:00.044000+00:00,0.0,0.0001967108,0.0001967108,1.967108,-28.940575,,1.0,KRX_FULLY_CLOSED_PRE_US,POST_GATE_REGIME
long binance / short hyperliquid,binance,hyperliquid,2026-07-21 10:00:00.032000+00:00,0.0,1.6442e-06,1.6442e-06,0.016442000000000002,-28.924132999999998,,1.0,KRX_FULLY_CLOSED_PRE_US,POST_GATE_REGIME
long binance / short hyperliquid,binance,hyperliquid,2026-07-21 11:00:00.043000+00:00,0.0,2.52931e-05,2.52931e-05,0.252931,-28.671201999999997,,1.0,KRX_FULLY_CLOSED_PRE_US,POST_GATE_REGIME
long binance / short hyperliquid,binance,hyperliquid,2026-07-21 12:00:00.001000+00:00,0.0,0.0,0.0,0.0,-28.671201999999997,4.0,,KRX_FULLY_CLOSED_PRE_US,POST_GATE_REGIME
long binance / short hyperliquid,binance,hyperliquid,2026-07-21 12:00:00.029000+00:00,0.0,-6.63142e-05,-6.63142e-05,-0.663142,-29.334343999999998,,1.0,KRX_FULLY_CLOSED_PRE_US,POST_GATE_REGIME
long binance / short hyperliquid,binance,hyperliquid,2026-07-21 13:00:00.025000+00:00,0.0,-5.06018e-05,-5.06018e-05,-0.506018,-29.840362,,1.0,KRX_FULLY_CLOSED_PRE_US,POST_GATE_REGIME
long binance / short hyperliquid,binance,hyperliquid,2026-07-21 14:00:00.062000+00:00,0.0,0.0002787525,0.0002787525,2.787525,-27.052837,,1.0,US_REGULAR,POST_GATE_REGIME
long binance / short hyperliquid,binance,hyperliquid,2026-07-21 15:00:00.021000+00:00,0.0,0.000232627,0.000232627,2.32627,-24.726567,,1.0,US_REGULAR,POST_GATE_REGIME
long binance / short hyperliquid,binance,hyperliquid,2026-07-21 16:00:00+00:00,0.00068707,0.0,-0.00068707,-6.8707,-31.597267,4.0,,US_REGULAR,POST_GATE_REGIME
long binance / short hyperliquid,binance,hyperliquid,2026-07-21 16:00:00.022000+00:00,0.0,0.0002466834,0.0002466834,2.466834,-29.130433,,1.0,US_REGULAR,POST_GATE_REGIME
long binance / short hyperliquid,binance,hyperliquid,2026-07-21 17:00:00.028000+00:00,0.0,0.0002477315,0.0002477315,2.477315,-26.653118,,1.0,US_REGULAR,POST_GATE_REGIME
long binance / short hyperliquid,binance,hyperliquid,2026-07-21 18:00:00.028000+00:00,0.0,0.0002239247,0.0002239247,2.2392469999999998,-24.413871,,1.0,US_REGULAR,POST_GATE_REGIME
long binance / short hyperliquid,binance,hyperliquid,2026-07-21 19:00:00.068000+00:00,0.0,4.89291e-05,4.89291e-05,0.489291,-23.92458,,1.0,US_REGULAR,POST_GATE_REGIME
long binance / short hyperliquid,binance,hyperliquid,2026-07-21 20:00:00.001000+00:00,0.00010694,0.0,-0.00010694,-1.0694000000000001,-24.99398,4.0,,US_AFTER_HOURS,POST_GATE_REGIME
long binance / short hyperliquid,binance,hyperliquid,2026-07-21 20:00:00.059000+00:00,0.0,6.25e-06,6.25e-06,0.0625,-24.93148,,1.0,US_AFTER_HOURS,POST_GATE_REGIME
long binance / short hyperliquid,binance,hyperliquid,2026-07-21 21:00:00.047000+00:00,0.0,0.0002137557,0.0002137557,2.137557,-22.793923,,1.0,US_AFTER_HOURS,POST_GATE_REGIME
long binance / short hyperliquid,binance,hyperliquid,2026-07-21 22:00:00.051000+00:00,0.0,0.0002811407,0.0002811407,2.811407,-19.982516,,1.0,US_AFTER_HOURS,POST_GATE_REGIME
long binance / short hyperliquid,binance,hyperliquid,2026-07-21 23:00:00.023000+00:00,0.0,-0.0001346425,-0.0001346425,-1.3464250000000002,-21.328941,,1.0,US_AFTER_HOURS,POST_GATE_REGIME
long binance / short hyperliquid,binance,hyperliquid,2026-07-22 00:00:00+00:00,0.0,0.0,0.0,0.0,-21.328941,4.0,,KRX_FULLY_CLOSED_PRE_US,POST_GATE_REGIME
long binance / short hyperliquid,binance,hyperliquid,2026-07-22 00:00:00.025000+00:00,0.0,0.0001955694,0.0001955694,1.955694,-19.373247,,1.0,KRX_FULLY_CLOSED_PRE_US,POST_GATE_REGIME
long binance / short hyperliquid,binance,hyperliquid,2026-07-22 01:00:00.013000+00:00,0.0,-8.5126e-06,-8.5126e-06,-0.08512600000000001,-19.458372999999998,,1.0,KRX_FULLY_CLOSED_PRE_US,POST_GATE_REGIME
long binance / short hyperliquid,binance,hyperliquid,2026-07-22 02:00:00.091000+00:00,0.0,-1.50561e-05,-1.50561e-05,-0.150561,-19.608933999999998,,1.0,KRX_FULLY_CLOSED_PRE_US,POST_GATE_REGIME
long binance / short hyperliquid,binance,hyperliquid,2026-07-22 03:00:00.043000+00:00,0.0,6.25e-06,6.25e-06,0.0625,-19.546433999999998,,1.0,KRX_FULLY_CLOSED_PRE_US,POST_GATE_REGIME
long binance / short hyperliquid,binance,hyperliquid,2026-07-22 04:00:00+00:00,0.00034064,0.0,-0.00034064,-3.4064,-22.952834,4.0,,KRX_FULLY_CLOSED_PRE_US,POST_GATE_REGIME
long binance / short hyperliquid,binance,hyperliquid,2026-07-22 04:00:00.052000+00:00,0.0,1.00317e-05,1.00317e-05,0.10031699999999999,-22.852517,,1.0,KRX_FULLY_CLOSED_PRE_US,POST_GATE_REGIME
long binance / short hyperliquid,binance,hyperliquid,2026-07-22 05:00:00.087000+00:00,0.0,2.51491e-05,2.51491e-05,0.251491,-22.601025999999997,,1.0,KRX_FULLY_CLOSED_PRE_US,POST_GATE_REGIME
long binance / short hyperliquid,binance,hyperliquid,2026-07-22 06:00:00.048000+00:00,0.0,6.51903e-05,6.51903e-05,0.651903,-21.949122999999997,,1.0,PRE_CLOSE_BASELINE,POST_GATE_REGIME
long binance / short hyperliquid,binance,hyperliquid,2026-07-22 07:00:00.019000+00:00,0.0,0.0001006291,0.0001006291,1.006291,-20.942831999999996,,1.0,KRX_OFFICIAL_AFTER_HOURS,POST_GATE_REGIME
long binance / short hyperliquid,binance,hyperliquid,2026-07-22 08:00:00.001000+00:00,0.00068087,0.0,-0.00068087,-6.8087,-27.751531999999997,4.0,,KRX_OFFICIAL_AFTER_HOURS,POST_GATE_REGIME
long binance / short hyperliquid,binance,hyperliquid,2026-07-22 08:00:00.039000+00:00,0.0,6.92692e-05,6.92692e-05,0.6926920000000001,-27.058839999999996,,1.0,KRX_OFFICIAL_AFTER_HOURS,POST_GATE_REGIME
long binance / short hyperliquid,binance,hyperliquid,2026-07-22 09:00:00.028000+00:00,0.0,6.25e-06,6.25e-06,0.0625,-26.996339999999996,,1.0,KRX_FULLY_CLOSED_PRE_US,POST_GATE_REGIME
long binance / short hyperliquid,binance,hyperliquid,2026-07-22 10:00:00.025000+00:00,0.0,6.68522e-05,6.68522e-05,0.6685220000000001,-26.327817999999997,,1.0,KRX_FULLY_CLOSED_PRE_US,POST_GATE_REGIME
long binance / short hyperliquid,binance,hyperliquid,2026-07-22 11:00:00.047000+00:00,0.0,0.00015643,0.00015643,1.5643,-24.763517999999998,,1.0,KRX_FULLY_CLOSED_PRE_US,POST_GATE_REGIME
long binance / short hyperliquid,binance,hyperliquid,2026-07-22 12:00:00.001000+00:00,-0.00023337,0.0,0.00023337,2.3337,-22.429817999999997,4.0,,KRX_FULLY_CLOSED_PRE_US,POST_GATE_REGIME
long binance / short hyperliquid,binance,hyperliquid,2026-07-22 12:00:00.037000+00:00,0.0,-2.04653e-05,-2.04653e-05,-0.20465299999999997,-22.634470999999998,,1.0,KRX_FULLY_CLOSED_PRE_US,POST_GATE_REGIME
long binance / short hyperliquid,binance,hyperliquid,2026-07-22 13:00:00.052000+00:00,0.0,-8.9015e-05,-8.9015e-05,-0.89015,-23.524620999999996,,1.0,KRX_FULLY_CLOSED_PRE_US,POST_GATE_REGIME
long binance / short hyperliquid,binance,hyperliquid,2026-07-22 14:00:00.038000+00:00,0.0,0.0004317929,0.0004317929,4.317929,-19.206691999999997,,1.0,US_REGULAR,POST_GATE_REGIME
long binance / short hyperliquid,binance,hyperliquid,2026-07-22 15:00:00.018000+00:00,0.0,0.0002461753,0.0002461753,2.461753,-16.744938999999995,,1.0,US_REGULAR,POST_GATE_REGIME
long binance / short hyperliquid,binance,hyperliquid,2026-07-22 16:00:00+00:00,0.0007125,0.0,-0.0007125,-7.125,-23.869938999999995,4.0,,US_REGULAR,POST_GATE_REGIME
long binance / short hyperliquid,binance,hyperliquid,2026-07-22 16:00:00.004000+00:00,0.0,0.0001717476,0.0001717476,1.717476,-22.152462999999994,,1.0,US_REGULAR,POST_GATE_REGIME
long binance / short hyperliquid,binance,hyperliquid,2026-07-22 17:00:00.047000+00:00,0.0,0.0001190343,0.0001190343,1.1903430000000002,-20.962119999999995,,1.0,US_REGULAR,POST_GATE_REGIME
long binance / short hyperliquid,binance,hyperliquid,2026-07-22 18:00:00.015000+00:00,0.0,-9.87794e-05,-9.87794e-05,-0.987794,-21.949913999999996,,1.0,US_REGULAR,POST_GATE_REGIME
long binance / short hyperliquid,binance,hyperliquid,2026-07-22 19:00:00.007000+00:00,0.0,-9.5528e-05,-9.5528e-05,-0.95528,-22.905193999999995,,1.0,US_REGULAR,POST_GATE_REGIME
long binance / short hyperliquid,binance,hyperliquid,2026-07-22 20:00:00+00:00,-5.632e-05,0.0,5.632e-05,0.5632,-22.341993999999996,4.0,,US_AFTER_HOURS,POST_GATE_REGIME
long binance / short hyperliquid,binance,hyperliquid,2026-07-22 20:00:00.054000+00:00,0.0,6.25e-06,6.25e-06,0.0625,-22.279493999999996,,1.0,US_AFTER_HOURS,POST_GATE_REGIME
long binance / short hyperliquid,binance,hyperliquid,2026-07-22 21:00:00.034000+00:00,0.0,0.000416244,0.000416244,4.16244,-18.117053999999996,,1.0,US_AFTER_HOURS,POST_GATE_REGIME
long binance / short hyperliquid,binance,hyperliquid,2026-07-22 22:00:00.043000+00:00,0.0,0.0004473368,0.0004473368,4.473368,-13.643685999999995,,1.0,US_AFTER_HOURS,POST_GATE_REGIME
long binance / short hyperliquid,binance,hyperliquid,2026-07-22 23:00:00.077000+00:00,0.0,-0.0002842418,-0.0002842418,-2.8424180000000003,-16.486103999999997,,1.0,US_AFTER_HOURS,POST_GATE_REGIME
long binance / short hyperliquid,binance,hyperliquid,2026-07-23 00:00:00+00:00,0.0,0.0,0.0,0.0,-16.486103999999997,4.0,,KRX_FULLY_CLOSED_PRE_US,POST_GATE_REGIME
long binance / short hyperliquid,binance,hyperliquid,2026-07-23 00:00:00.046000+00:00,0.0,0.0002302296,0.0002302296,2.302296,-14.183807999999997,,1.0,KRX_FULLY_CLOSED_PRE_US,POST_GATE_REGIME
long binance / short hyperliquid,binance,hyperliquid,2026-07-23 01:00:00.058000+00:00,0.0,6.46204e-05,6.46204e-05,0.646204,-13.537603999999998,,1.0,KRX_FULLY_CLOSED_PRE_US,POST_GATE_REGIME
long binance / short hyperliquid,binance,hyperliquid,2026-07-23 02:00:00.049000+00:00,0.0,6.25e-06,6.25e-06,0.0625,-13.475103999999998,,1.0,KRX_FULLY_CLOSED_PRE_US,POST_GATE_REGIME
long binance / short hyperliquid,binance,hyperliquid,2026-07-23 03:00:00.067000+00:00,0.0,6.25e-06,6.25e-06,0.0625,-13.412603999999998,,1.0,KRX_FULLY_CLOSED_PRE_US,POST_GATE_REGIME
long binance / short hyperliquid,binance,hyperliquid,2026-07-23 04:00:00.001000+00:00,0.00063342,0.0,-0.00063342,-6.3342,-19.746803999999997,4.0,,KRX_FULLY_CLOSED_PRE_US,POST_GATE_REGIME
long binance / short hyperliquid,binance,hyperliquid,2026-07-23 04:00:00.046000+00:00,0.0,-4.33902e-05,-4.33902e-05,-0.43390199999999995,-20.180705999999997,,1.0,KRX_FULLY_CLOSED_PRE_US,POST_GATE_REGIME
long binance / short hyperliquid,binance,hyperliquid,2026-07-23 05:00:00.067000+00:00,0.0,-6.73728e-05,-6.73728e-05,-0.6737280000000001,-20.854433999999998,,1.0,KRX_FULLY_CLOSED_PRE_US,POST_GATE_REGIME
long binance / short hyperliquid,binance,hyperliquid,2026-07-23 06:00:00.001000+00:00,0.0,-6.02749e-05,-6.02749e-05,-0.602749,-21.457182999999997,,1.0,PRE_CLOSE_BASELINE,POST_GATE_REGIME
long binance / short hyperliquid,binance,hyperliquid,2026-07-23 07:00:00.055000+00:00,0.0,-4.8831e-06,-4.8831e-06,-0.048831,-21.506013999999997,,1.0,KRX_OFFICIAL_AFTER_HOURS,POST_GATE_REGIME
long binance / short okx,binance,okx,2026-06-10 08:00:00.001000+00:00,0.00463966,0.0,-0.00463966,-46.39660000000001,-46.39660000000001,8.0,,KRX_OFFICIAL_AFTER_HOURS,PRE_GATE_REGIME
long binance / short okx,binance,okx,2026-06-10 16:00:00+00:00,0.0,0.0019356487673407,0.0019356487673407,19.356487673407,-27.040112326593007,,8.0,US_REGULAR,PRE_GATE_REGIME
long binance / short okx,binance,okx,2026-06-10 16:00:00.001000+00:00,0.00017878,0.0,-0.00017878,-1.7877999999999998,-28.827912326593008,8.0,,US_REGULAR,PRE_GATE_REGIME
long binance / short okx,binance,okx,2026-06-11 00:00:00+00:00,0.0,0.0001,0.0001,1.0,-27.827912326593008,,8.0,KRX_FULLY_CLOSED_PRE_US,PRE_GATE_REGIME
long binance / short okx,binance,okx,2026-06-11 00:00:00.001000+00:00,-0.00220722,0.0,0.00220722,22.072200000000002,-5.755712326593006,8.0,,KRX_FULLY_CLOSED_PRE_US,PRE_GATE_REGIME
long binance / short okx,binance,okx,2026-06-11 08:00:00+00:00,0.0,0.0009192531530412,0.0009192531530412,9.192531530412,3.4368192038189935,,8.0,KRX_OFFICIAL_AFTER_HOURS,PRE_GATE_REGIME
long binance / short okx,binance,okx,2026-06-11 08:00:00.001000+00:00,0.0033825,0.0,-0.0033825,-33.825,-30.38818079618101,8.0,,KRX_OFFICIAL_AFTER_HOURS,PRE_GATE_REGIME
long binance / short okx,binance,okx,2026-06-11 16:00:00+00:00,0.0,0.0013740512691226,0.0013740512691226,13.740512691226,-16.64766810495501,,8.0,US_REGULAR,PRE_GATE_REGIME
long binance / short okx,binance,okx,2026-06-11 16:00:00.001000+00:00,5.254e-05,0.0,-5.254e-05,-0.5254,-17.17306810495501,8.0,,US_REGULAR,PRE_GATE_REGIME
long binance / short okx,binance,okx,2026-06-12 00:00:00+00:00,0.0,0.0034807225215341,0.0034807225215341,34.807225215341,17.63415711038599,,8.0,KRX_FULLY_CLOSED_PRE_US,PRE_GATE_REGIME
long binance / short okx,binance,okx,2026-06-12 00:00:00.001000+00:00,0.00216676,0.0,-0.00216676,-21.667600000000004,-4.033442889614015,8.0,,KRX_FULLY_CLOSED_PRE_US,PRE_GATE_REGIME
long binance / short okx,binance,okx,2026-06-12 08:00:00+00:00,0.0,0.0019381198627843,0.0019381198627843,19.381198627843002,15.347755738228987,,8.0,KRX_OFFICIAL_AFTER_HOURS,PRE_GATE_REGIME
long binance / short okx,binance,okx,2026-06-12 08:00:00.001000+00:00,0.00074851,0.0,-0.00074851,-7.4851,7.862655738228987,8.0,,KRX_OFFICIAL_AFTER_HOURS,PRE_GATE_REGIME
long binance / short okx,binance,okx,2026-06-12 16:00:00+00:00,0.0,0.0014634088292809,0.0014634088292809,14.634088292809,22.496744031037988,,8.0,KRX_HOLIDAY_OR_WEEKEND,PRE_GATE_REGIME
long binance / short okx,binance,okx,2026-06-12 16:00:00.001000+00:00,0.00091069,0.0,-0.00091069,-9.1069,13.389844031037988,8.0,,KRX_HOLIDAY_OR_WEEKEND,PRE_GATE_REGIME
long binance / short okx,binance,okx,2026-06-13 00:00:00+00:00,0.0,0.0002885392580435,0.0002885392580435,2.885392580435,16.275236611472987,,8.0,KRX_HOLIDAY_OR_WEEKEND,PRE_GATE_REGIME
long binance / short okx,binance,okx,2026-06-13 00:00:00.001000+00:00,0.0,0.0,0.0,0.0,16.275236611472987,8.0,,KRX_HOLIDAY_OR_WEEKEND,PRE_GATE_REGIME
long binance / short okx,binance,okx,2026-06-13 08:00:00+00:00,0.0,0.0008035951931452,0.0008035951931452,8.035951931451999,24.311188542924988,,8.0,KRX_HOLIDAY_OR_WEEKEND,PRE_GATE_REGIME
long binance / short okx,binance,okx,2026-06-13 08:00:00.001000+00:00,0.0,0.0,0.0,0.0,24.311188542924988,8.0,,KRX_HOLIDAY_OR_WEEKEND,PRE_GATE_REGIME
long binance / short okx,binance,okx,2026-06-13 16:00:00+00:00,0.0,0.0005886972132113,0.0005886972132113,5.886972132113,30.19816067503799,,8.0,KRX_HOLIDAY_OR_WEEKEND,PRE_GATE_REGIME
long binance / short okx,binance,okx,2026-06-13 16:00:00.001000+00:00,0.0,0.0,0.0,0.0,30.19816067503799,8.0,,KRX_HOLIDAY_OR_WEEKEND,PRE_GATE_REGIME
long binance / short okx,binance,okx,2026-06-14 00:00:00+00:00,0.0,0.0002892595594409,0.0002892595594409,2.8925955944090003,33.09075626944699,,8.0,KRX_HOLIDAY_OR_WEEKEND,PRE_GATE_REGIME
long binance / short okx,binance,okx,2026-06-14 00:00:00.001000+00:00,0.0,0.0,0.0,0.0,33.09075626944699,8.0,,KRX_HOLIDAY_OR_WEEKEND,PRE_GATE_REGIME
long binance / short okx,binance,okx,2026-06-14 08:00:00+00:00,0.0,0.0006236325142695,0.0006236325142695,6.236325142695,39.32708141214199,,8.0,KRX_HOLIDAY_OR_WEEKEND,PRE_GATE_REGIME
long binance / short okx,binance,okx,2026-06-14 08:00:00.001000+00:00,0.0,0.0,0.0,0.0,39.32708141214199,8.0,,KRX_HOLIDAY_OR_WEEKEND,PRE_GATE_REGIME
long binance / short okx,binance,okx,2026-06-14 16:00:00+00:00,0.0,0.0001,0.0001,1.0,40.32708141214199,,8.0,KRX_FULLY_CLOSED_PRE_US,PRE_GATE_REGIME
long binance / short okx,binance,okx,2026-06-14 16:00:00.001000+00:00,0.0,0.0,0.0,0.0,40.32708141214199,8.0,,KRX_FULLY_CLOSED_PRE_US,PRE_GATE_REGIME
long binance / short okx,binance,okx,2026-06-15 00:00:00+00:00,0.0,0.0039529757881667,0.0039529757881667,39.529757881667,79.856839293809,,8.0,KRX_FULLY_CLOSED_PRE_US,PRE_GATE_REGIME
long binance / short okx,binance,okx,2026-06-15 00:00:00.001000+00:00,0.00029335,0.0,-0.00029335,-2.9335,76.92333929380901,8.0,,KRX_FULLY_CLOSED_PRE_US,PRE_GATE_REGIME
long binance / short okx,binance,okx,2026-06-15 08:00:00+00:00,0.0,0.0016440768836067,0.0016440768836067,16.440768836067,93.364108129876,,8.0,KRX_OFFICIAL_AFTER_HOURS,PRE_GATE_REGIME
long binance / short okx,binance,okx,2026-06-15 08:00:00.002000+00:00,0.00342426,0.0,-0.00342426,-34.2426,59.121508129876,8.0,,KRX_OFFICIAL_AFTER_HOURS,PRE_GATE_REGIME
long binance / short okx,binance,okx,2026-06-15 16:00:00+00:00,0.0,0.0015840759562979,0.0015840759562979,15.840759562978999,74.962267692855,,8.0,US_REGULAR,PRE_GATE_REGIME
long binance / short okx,binance,okx,2026-06-15 16:00:00.001000+00:00,0.00097246,0.0,-0.00097246,-9.7246,65.237667692855,8.0,,US_REGULAR,PRE_GATE_REGIME
long binance / short okx,binance,okx,2026-06-16 00:00:00+00:00,0.0,0.000622843921358,0.000622843921358,6.22843921358,71.466106906435,,8.0,KRX_FULLY_CLOSED_PRE_US,PRE_GATE_REGIME
long binance / short okx,binance,okx,2026-06-16 00:00:00.001000+00:00,-0.00014432,0.0,0.00014432,1.4432,72.909306906435,8.0,,KRX_FULLY_CLOSED_PRE_US,PRE_GATE_REGIME
long binance / short okx,binance,okx,2026-06-16 08:00:00+00:00,0.0,0.0004505154494673,0.0004505154494673,4.5051544946729996,77.414461401108,,8.0,KRX_OFFICIAL_AFTER_HOURS,PRE_GATE_REGIME
long binance / short okx,binance,okx,2026-06-16 08:00:00.001000+00:00,0.00158824,0.0,-0.00158824,-15.8824,61.532061401107995,8.0,,KRX_OFFICIAL_AFTER_HOURS,PRE_GATE_REGIME
long binance / short okx,binance,okx,2026-06-16 16:00:00+00:00,0.0,-0.0025562314489719,-0.0025562314489719,-25.562314489719,35.969746911388995,,8.0,US_REGULAR,PRE_GATE_REGIME
long binance / short okx,binance,okx,2026-06-16 16:00:00.001000+00:00,-0.00248513,0.0,0.00248513,24.8513,60.82104691138899,8.0,,US_REGULAR,PRE_GATE_REGIME
long binance / short okx,binance,okx,2026-06-17 00:00:00+00:00,0.0,0.0,0.0,0.0,60.82104691138899,,8.0,KRX_FULLY_CLOSED_PRE_US,PRE_GATE_REGIME
long binance / short okx,binance,okx,2026-06-17 00:00:00.001000+00:00,0.0,0.0,0.0,0.0,60.82104691138899,8.0,,KRX_FULLY_CLOSED_PRE_US,PRE_GATE_REGIME
long binance / short okx,binance,okx,2026-06-17 08:00:00+00:00,0.0,5.06862993576e-05,5.06862993576e-05,0.506862993576,61.32790990496499,,8.0,KRX_OFFICIAL_AFTER_HOURS,PRE_GATE_REGIME
long binance / short okx,binance,okx,2026-06-17 08:00:00.001000+00:00,0.00159068,0.0,-0.00159068,-15.906799999999999,45.42110990496499,8.0,,KRX_OFFICIAL_AFTER_HOURS,PRE_GATE_REGIME
long binance / short okx,binance,okx,2026-06-17 16:00:00+00:00,0.0,0.0024421929317287,0.0024421929317287,24.421929317287,69.84303922225199,,8.0,US_REGULAR,PRE_GATE_REGIME
long binance / short okx,binance,okx,2026-06-17 16:00:00.001000+00:00,0.00116178,0.0,-0.00116178,-11.6178,58.225239222251986,8.0,,US_REGULAR,PRE_GATE_REGIME
long binance / short okx,binance,okx,2026-06-18 00:00:00+00:00,0.0,0.0016113517402763,0.0016113517402763,16.113517402762998,74.33875662501498,,8.0,KRX_FULLY_CLOSED_PRE_US,PRE_GATE_REGIME
long binance / short okx,binance,okx,2026-06-18 00:00:00.001000+00:00,0.0,0.0,0.0,0.0,74.33875662501498,8.0,,KRX_FULLY_CLOSED_PRE_US,PRE_GATE_REGIME
long binance / short okx,binance,okx,2026-06-18 08:00:00+00:00,0.0,0.0005741045547092,0.0005741045547092,5.741045547092,80.07980217210698,,8.0,KRX_OFFICIAL_AFTER_HOURS,PRE_GATE_REGIME
long binance / short okx,binance,okx,2026-06-18 08:00:00.001000+00:00,0.00072339,0.0,-0.00072339,-7.233899999999999,72.84590217210697,8.0,,KRX_OFFICIAL_AFTER_HOURS,PRE_GATE_REGIME
long binance / short okx,binance,okx,2026-06-18 16:00:00+00:00,0.0,0.0018395966557539,0.0018395966557539,18.395966557539,91.24186872964597,,8.0,US_REGULAR,PRE_GATE_REGIME
long binance / short okx,binance,okx,2026-06-18 16:00:00.001000+00:00,0.00146713,0.0,-0.00146713,-14.6713,76.57056872964597,8.0,,US_REGULAR,PRE_GATE_REGIME
long binance / short okx,binance,okx,2026-06-19 00:00:00+00:00,0.0,0.0026097782764719,0.0026097782764719,26.097782764719003,102.66835149436497,,8.0,KRX_FULLY_CLOSED_PRE_US,PRE_GATE_REGIME
long binance / short okx,binance,okx,2026-06-19 00:00:00.001000+00:00,0.00035242,0.0,-0.00035242,-3.5242,99.14415149436498,8.0,,KRX_FULLY_CLOSED_PRE_US,PRE_GATE_REGIME
long binance / short okx,binance,okx,2026-06-19 08:00:00+00:00,0.0,0.0015857803121879,0.0015857803121879,15.857803121879,115.00195461624398,,8.0,KRX_OFFICIAL_AFTER_HOURS,PRE_GATE_REGIME
long binance / short okx,binance,okx,2026-06-19 08:00:00.001000+00:00,0.00213117,0.0,-0.00213117,-21.3117,93.69025461624398,8.0,,KRX_OFFICIAL_AFTER_HOURS,PRE_GATE_REGIME
long binance / short okx,binance,okx,2026-06-19 16:00:00+00:00,0.0,0.0013298647262704,0.0013298647262704,13.298647262704,106.98890187894797,,8.0,KRX_HOLIDAY_OR_WEEKEND,PRE_GATE_REGIME
long binance / short okx,binance,okx,2026-06-19 16:00:00.001000+00:00,0.0,0.0,0.0,0.0,106.98890187894797,8.0,,KRX_HOLIDAY_OR_WEEKEND,PRE_GATE_REGIME
long binance / short okx,binance,okx,2026-06-20 00:00:00+00:00,0.0,0.0025322950265775,0.0025322950265775,25.322950265775003,132.31185214472296,,8.0,KRX_HOLIDAY_OR_WEEKEND,PRE_GATE_REGIME
long binance / short okx,binance,okx,2026-06-20 00:00:00.001000+00:00,0.00030862,0.0,-0.00030862,-3.0862000000000003,129.22565214472297,8.0,,KRX_HOLIDAY_OR_WEEKEND,PRE_GATE_REGIME
long binance / short okx,binance,okx,2026-06-20 08:00:00+00:00,0.0,0.0019779787432786,0.0019779787432786,19.779787432786,149.00543957750898,,8.0,KRX_HOLIDAY_OR_WEEKEND,PRE_GATE_REGIME
long binance / short okx,binance,okx,2026-06-20 08:00:00.001000+00:00,0.00111189,0.0,-0.00111189,-11.1189,137.88653957750898,8.0,,KRX_HOLIDAY_OR_WEEKEND,PRE_GATE_REGIME
long binance / short okx,binance,okx,2026-06-20 16:00:00+00:00,0.0,0.0016179174334262,0.0016179174334262,16.179174334262,154.06571391177098,,8.0,KRX_HOLIDAY_OR_WEEKEND,PRE_GATE_REGIME
long binance / short okx,binance,okx,2026-06-20 16:00:00.001000+00:00,0.00013607,0.0,-0.00013607,-1.3606999999999998,152.70501391177098,8.0,,KRX_HOLIDAY_OR_WEEKEND,PRE_GATE_REGIME
long binance / short okx,binance,okx,2026-06-21 00:00:00+00:00,0.0,0.0012852036649441,0.0012852036649441,12.852036649440999,165.55705056121198,,8.0,KRX_HOLIDAY_OR_WEEKEND,PRE_GATE_REGIME
long binance / short okx,binance,okx,2026-06-21 00:00:00.001000+00:00,0.0,0.0,0.0,0.0,165.55705056121198,8.0,,KRX_HOLIDAY_OR_WEEKEND,PRE_GATE_REGIME
long binance / short okx,binance,okx,2026-06-21 08:00:00+00:00,0.0,0.0014237660192738,0.0014237660192738,14.237660192738,179.79471075394997,,8.0,KRX_HOLIDAY_OR_WEEKEND,PRE_GATE_REGIME
long binance / short okx,binance,okx,2026-06-21 08:00:00.001000+00:00,6.6e-05,0.0,-6.6e-05,-0.66,179.13471075394997,8.0,,KRX_HOLIDAY_OR_WEEKEND,PRE_GATE_REGIME
long binance / short okx,binance,okx,2026-06-21 16:00:00+00:00,0.0,0.0013408527991725,0.0013408527991725,13.408527991724998,192.54323874567498,,8.0,KRX_FULLY_CLOSED_PRE_US,PRE_GATE_REGIME
long binance / short okx,binance,okx,2026-06-21 16:00:00.001000+00:00,0.0,0.0,0.0,0.0,192.54323874567498,8.0,,KRX_FULLY_CLOSED_PRE_US,PRE_GATE_REGIME
long binance / short okx,binance,okx,2026-06-22 00:00:00+00:00,0.0,0.0018937362952074,0.0018937362952074,18.937362952074,211.480601697749,,8.0,KRX_FULLY_CLOSED_PRE_US,PRE_GATE_REGIME
long binance / short okx,binance,okx,2026-06-22 00:00:00.001000+00:00,-0.00295553,0.0,0.00295553,29.5553,241.03590169774898,8.0,,KRX_FULLY_CLOSED_PRE_US,PRE_GATE_REGIME
long binance / short okx,binance,okx,2026-06-22 08:00:00+00:00,0.0,0.0032551564150289,0.0032551564150289,32.551564150289,273.587465848038,,8.0,KRX_OFFICIAL_AFTER_HOURS,PRE_GATE_REGIME
long binance / short okx,binance,okx,2026-06-22 08:00:00.001000+00:00,0.00402973,0.0,-0.00402973,-40.29729999999999,233.290165848038,8.0,,KRX_OFFICIAL_AFTER_HOURS,PRE_GATE_REGIME
long binance / short okx,binance,okx,2026-06-22 16:00:00+00:00,0.0,0.0001821884397581,0.0001821884397581,1.8218843975810002,235.11205024561897,,8.0,US_REGULAR,PRE_GATE_REGIME
long binance / short okx,binance,okx,2026-06-22 16:00:00.001000+00:00,0.0,0.0,0.0,0.0,235.11205024561897,8.0,,US_REGULAR,PRE_GATE_REGIME
long binance / short okx,binance,okx,2026-06-23 00:00:00+00:00,0.0,0.0008995476822087,0.0008995476822087,8.995476822087,244.10752706770597,,8.0,KRX_FULLY_CLOSED_PRE_US,PRE_GATE_REGIME
long binance / short okx,binance,okx,2026-06-23 00:00:00.001000+00:00,0.0,0.0,0.0,0.0,244.10752706770597,8.0,,KRX_FULLY_CLOSED_PRE_US,PRE_GATE_REGIME
long binance / short okx,binance,okx,2026-06-23 08:00:00+00:00,0.0,0.0048822453571552,0.0048822453571552,48.822453571551996,292.92998063925796,,8.0,KRX_OFFICIAL_AFTER_HOURS,PRE_GATE_REGIME
long binance / short okx,binance,okx,2026-06-23 08:00:00.002000+00:00,0.00580329,0.0,-0.00580329,-58.0329,234.89708063925798,8.0,,KRX_OFFICIAL_AFTER_HOURS,PRE_GATE_REGIME
long binance / short okx,binance,okx,2026-06-23 16:00:00+00:00,0.0,0.0011357587507137,0.0011357587507137,11.357587507137,246.25466814639498,,8.0,US_REGULAR,PRE_GATE_REGIME
long binance / short okx,binance,okx,2026-06-23 16:00:00.001000+00:00,0.00032709,0.0,-0.00032709,-3.2708999999999997,242.98376814639497,8.0,,US_REGULAR,PRE_GATE_REGIME
long binance / short okx,binance,okx,2026-06-24 00:00:00+00:00,0.0,0.0002898004725902,0.0002898004725902,2.898004725902,245.88177287229698,,8.0,KRX_FULLY_CLOSED_PRE_US,PRE_GATE_REGIME
long binance / short okx,binance,okx,2026-06-24 00:00:00.001000+00:00,0.0,0.0,0.0,0.0,245.88177287229698,8.0,,KRX_FULLY_CLOSED_PRE_US,PRE_GATE_REGIME
long binance / short okx,binance,okx,2026-06-24 08:00:00+00:00,0.0,0.0023620266144993,0.0023620266144993,23.620266144993,269.50203901729,,8.0,KRX_OFFICIAL_AFTER_HOURS,PRE_GATE_REGIME
long binance / short okx,binance,okx,2026-06-24 08:00:00.001000+00:00,0.00243107,0.0,-0.00243107,-24.3107,245.19133901728998,8.0,,KRX_OFFICIAL_AFTER_HOURS,PRE_GATE_REGIME
long binance / short okx,binance,okx,2026-06-24 16:00:00+00:00,0.0,-0.0006367699176979,-0.0006367699176979,-6.367699176979,238.823639840311,,8.0,US_REGULAR,PRE_GATE_REGIME
long binance / short okx,binance,okx,2026-06-24 16:00:00.001000+00:00,-0.00112959,0.0,0.00112959,11.2959,250.11953984031098,8.0,,US_REGULAR,PRE_GATE_REGIME
long binance / short okx,binance,okx,2026-06-25 00:00:00+00:00,0.0,0.0050871457699901,0.0050871457699901,50.871457699901,300.990997540212,,8.0,KRX_FULLY_CLOSED_PRE_US,PRE_GATE_REGIME
long binance / short okx,binance,okx,2026-06-25 00:00:00.002000+00:00,0.00603242,0.0,-0.00603242,-60.324200000000005,240.66679754021197,8.0,,KRX_FULLY_CLOSED_PRE_US,PRE_GATE_REGIME
long binance / short okx,binance,okx,2026-06-25 08:00:00+00:00,0.0,0.0,0.0,0.0,240.66679754021197,,8.0,KRX_OFFICIAL_AFTER_HOURS,PRE_GATE_REGIME
long binance / short okx,binance,okx,2026-06-25 08:00:00.001000+00:00,0.0,0.0,0.0,0.0,240.66679754021197,8.0,,KRX_OFFICIAL_AFTER_HOURS,PRE_GATE_REGIME
long binance / short okx,binance,okx,2026-06-25 16:00:00+00:00,0.0,-0.0011279152892222,-0.0011279152892222,-11.279152892222,229.38764464799,,8.0,US_REGULAR,PRE_GATE_REGIME
long binance / short okx,binance,okx,2026-06-25 16:00:00.001000+00:00,-0.00058133,0.0,0.00058133,5.8133,235.20094464798999,8.0,,US_REGULAR,PRE_GATE_REGIME
long binance / short okx,binance,okx,2026-06-26 00:00:00+00:00,0.0,-0.0002386000549671,-0.0002386000549671,-2.386000549671,232.814944098319,,8.0,KRX_FULLY_CLOSED_PRE_US,PRE_GATE_REGIME
long binance / short okx,binance,okx,2026-06-26 00:00:00.001000+00:00,-0.00036501,0.0,0.00036501,3.6500999999999997,236.465044098319,8.0,,KRX_FULLY_CLOSED_PRE_US,PRE_GATE_REGIME
long binance / short okx,binance,okx,2026-06-26 08:00:00+00:00,0.0,0.002959805113862,0.002959805113862,29.59805113862,266.063095236939,,8.0,KRX_OFFICIAL_AFTER_HOURS,PRE_GATE_REGIME
long binance / short okx,binance,okx,2026-06-26 08:00:00.002000+00:00,0.00458019,0.0,-0.00458019,-45.801899999999996,220.261195236939,8.0,,KRX_OFFICIAL_AFTER_HOURS,PRE_GATE_REGIME
long binance / short okx,binance,okx,2026-06-26 16:00:00+00:00,0.0,0.0003187214112619,0.0003187214112619,3.1872141126190003,223.44840934955798,,8.0,KRX_HOLIDAY_OR_WEEKEND,PRE_GATE_REGIME
long binance / short okx,binance,okx,2026-06-26 16:00:00.001000+00:00,0.00030982,0.0,-0.00030982,-3.0982,220.35020934955799,8.0,,KRX_HOLIDAY_OR_WEEKEND,PRE_GATE_REGIME
long binance / short okx,binance,okx,2026-06-27 00:00:00+00:00,0.0,0.0,0.0,0.0,220.35020934955799,,8.0,KRX_HOLIDAY_OR_WEEKEND,PRE_GATE_REGIME
long binance / short okx,binance,okx,2026-06-27 00:00:00.001000+00:00,0.0,0.0,0.0,0.0,220.35020934955799,8.0,,KRX_HOLIDAY_OR_WEEKEND,PRE_GATE_REGIME
long binance / short okx,binance,okx,2026-06-27 08:00:00+00:00,0.0,0.0,0.0,0.0,220.35020934955799,,8.0,KRX_HOLIDAY_OR_WEEKEND,PRE_GATE_REGIME
long binance / short okx,binance,okx,2026-06-27 08:00:00.001000+00:00,0.0,0.0,0.0,0.0,220.35020934955799,8.0,,KRX_HOLIDAY_OR_WEEKEND,PRE_GATE_REGIME
long binance / short okx,binance,okx,2026-06-27 16:00:00+00:00,0.0,0.0,0.0,0.0,220.35020934955799,,8.0,KRX_HOLIDAY_OR_WEEKEND,PRE_GATE_REGIME
long binance / short okx,binance,okx,2026-06-27 16:00:00.001000+00:00,0.0,0.0,0.0,0.0,220.35020934955799,8.0,,KRX_HOLIDAY_OR_WEEKEND,PRE_GATE_REGIME
long binance / short okx,binance,okx,2026-06-28 00:00:00+00:00,0.0,0.0,0.0,0.0,220.35020934955799,,8.0,KRX_HOLIDAY_OR_WEEKEND,PRE_GATE_REGIME
long binance / short okx,binance,okx,2026-06-28 00:00:00.002000+00:00,0.0,0.0,0.0,0.0,220.35020934955799,8.0,,KRX_HOLIDAY_OR_WEEKEND,PRE_GATE_REGIME
long binance / short okx,binance,okx,2026-06-28 08:00:00+00:00,0.0,0.0004521932604946,0.0004521932604946,4.521932604946,224.87214195450397,,8.0,KRX_HOLIDAY_OR_WEEKEND,PRE_GATE_REGIME
long binance / short okx,binance,okx,2026-06-28 08:00:00.002000+00:00,0.00012761,0.0,-0.00012761,-1.2761,223.59604195450396,8.0,,KRX_HOLIDAY_OR_WEEKEND,PRE_GATE_REGIME
long binance / short okx,binance,okx,2026-06-28 16:00:00+00:00,0.0,0.0013402355099599,0.0013402355099599,13.402355099599,236.99839705410295,,8.0,KRX_FULLY_CLOSED_PRE_US,PRE_GATE_REGIME
long binance / short okx,binance,okx,2026-06-28 16:00:00.001000+00:00,0.00039503,0.0,-0.00039503,-3.9503,233.04809705410295,8.0,,KRX_FULLY_CLOSED_PRE_US,PRE_GATE_REGIME
long binance / short okx,binance,okx,2026-06-29 00:00:00+00:00,0.0,0.0016724562838117,0.0016724562838117,16.724562838117,249.77265989221996,,8.0,KRX_FULLY_CLOSED_PRE_US,PRE_GATE_REGIME
long binance / short okx,binance,okx,2026-06-29 00:00:00.001000+00:00,-0.00157443,0.0,0.00157443,15.744299999999999,265.51695989222,8.0,,KRX_FULLY_CLOSED_PRE_US,PRE_GATE_REGIME
long binance / short okx,binance,okx,2026-06-29 08:00:00+00:00,0.0,0.0030969090387396,0.0030969090387396,30.969090387396,296.486050279616,,8.0,KRX_OFFICIAL_AFTER_HOURS,PRE_GATE_REGIME
long binance / short okx,binance,okx,2026-06-29 08:00:00.001000+00:00,0.00288018,0.0,-0.00288018,-28.8018,267.684250279616,8.0,,KRX_OFFICIAL_AFTER_HOURS,PRE_GATE_REGIME
long binance / short okx,binance,okx,2026-06-29 16:00:00+00:00,0.0,-0.0003102854741496,-0.0003102854741496,-3.102854741496,264.58139553812,,8.0,US_REGULAR,PRE_GATE_REGIME
long binance / short okx,binance,okx,2026-06-29 16:00:00.001000+00:00,-0.00129015,0.0,0.00129015,12.9015,277.48289553812,8.0,,US_REGULAR,PRE_GATE_REGIME
long binance / short okx,binance,okx,2026-06-30 00:00:00+00:00,0.00023107,0.001450186809796,0.001219116809796,12.191168097959999,289.67406363607995,8.0,8.0,KRX_FULLY_CLOSED_PRE_US,PRE_GATE_REGIME
long binance / short okx,binance,okx,2026-06-30 08:00:00+00:00,0.00073258,0.0003107255313745,-0.00042185446862550005,-4.218544686255001,285.455518949825,8.0,8.0,KRX_OFFICIAL_AFTER_HOURS,PRE_GATE_REGIME
long binance / short okx,binance,okx,2026-06-30 16:00:00+00:00,0.0,0.000269433567782,0.000269433567782,2.69433567782,288.14985462764497,,8.0,US_REGULAR,PRE_GATE_REGIME
long binance / short okx,binance,okx,2026-06-30 16:00:00.001000+00:00,0.00017477,0.0,-0.00017477,-1.7477,286.40215462764496,8.0,,US_REGULAR,PRE_GATE_REGIME
long binance / short okx,binance,okx,2026-07-01 00:00:00+00:00,0.0,0.0007204153161978,0.0007204153161978,7.204153161978,293.606307789623,8.0,8.0,KRX_FULLY_CLOSED_PRE_US,PRE_GATE_REGIME
long binance / short okx,binance,okx,2026-07-01 08:00:00+00:00,0.0,0.0030477979831705,0.0030477979831705,30.477979831705,324.084287621328,,8.0,KRX_OFFICIAL_AFTER_HOURS,PRE_GATE_REGIME
long binance / short okx,binance,okx,2026-07-01 08:00:00.001000+00:00,0.00238242,0.0,-0.00238242,-23.8242,300.26008762132795,8.0,,KRX_OFFICIAL_AFTER_HOURS,PRE_GATE_REGIME
long binance / short okx,binance,okx,2026-07-01 16:00:00+00:00,0.0,0.0002517207720973,0.0002517207720973,2.517207720973,302.77729534230093,,8.0,US_REGULAR,PRE_GATE_REGIME
long binance / short okx,binance,okx,2026-07-01 16:00:00.001000+00:00,-0.00199192,0.0,0.00199192,19.9192,322.6964953423009,8.0,,US_REGULAR,PRE_GATE_REGIME
long binance / short okx,binance,okx,2026-07-02 00:00:00+00:00,-0.0016916,0.0,0.0016916,16.916,339.6124953423009,8.0,8.0,KRX_FULLY_CLOSED_PRE_US,PRE_GATE_REGIME
long binance / short okx,binance,okx,2026-07-02 08:00:00+00:00,0.0,0.0066093233823821,0.0066093233823821,66.09323382382101,405.70572916612196,,8.0,KRX_OFFICIAL_AFTER_HOURS,PRE_GATE_REGIME
long binance / short okx,binance,okx,2026-07-02 08:00:00.001000+00:00,0.00534933,0.0,-0.00534933,-53.493300000000005,352.212429166122,8.0,,KRX_OFFICIAL_AFTER_HOURS,PRE_GATE_REGIME
long binance / short okx,binance,okx,2026-07-02 16:00:00+00:00,0.0,-0.0004130743792072,-0.0004130743792072,-4.130743792072,348.08168537405,,8.0,US_REGULAR,PRE_GATE_REGIME
long binance / short okx,binance,okx,2026-07-02 16:00:00.001000+00:00,-0.00149748,0.0,0.00149748,14.9748,363.05648537405,8.0,,US_REGULAR,PRE_GATE_REGIME
long binance / short okx,binance,okx,2026-07-03 00:00:00+00:00,0.0,0.001695844768444,0.001695844768444,16.95844768444,380.01493305849,,8.0,KRX_FULLY_CLOSED_PRE_US,PRE_GATE_REGIME
long binance / short okx,binance,okx,2026-07-03 00:00:00.001000+00:00,0.00074962,0.0,-0.00074962,-7.4962,372.51873305849,8.0,,KRX_FULLY_CLOSED_PRE_US,PRE_GATE_REGIME
long binance / short okx,binance,okx,2026-07-03 08:00:00+00:00,0.0,-0.0012614043904869,-0.0012614043904869,-12.614043904869,359.904689153621,,8.0,KRX_OFFICIAL_AFTER_HOURS,PRE_GATE_REGIME
long binance / short okx,binance,okx,2026-07-03 08:00:00.001000+00:00,0.00024412,0.0,-0.00024412,-2.4412,357.463489153621,8.0,,KRX_OFFICIAL_AFTER_HOURS,PRE_GATE_REGIME
long binance / short okx,binance,okx,2026-07-03 16:00:00+00:00,0.0,0.0,0.0,0.0,357.463489153621,,8.0,KRX_HOLIDAY_OR_WEEKEND,PRE_GATE_REGIME
long binance / short okx,binance,okx,2026-07-03 16:00:00.001000+00:00,0.0,0.0,0.0,0.0,357.463489153621,8.0,,KRX_HOLIDAY_OR_WEEKEND,PRE_GATE_REGIME
long binance / short okx,binance,okx,2026-07-04 00:00:00+00:00,0.0,0.0009433653282703,0.0009433653282703,9.433653282703,366.89714243632403,,8.0,KRX_HOLIDAY_OR_WEEKEND,PRE_GATE_REGIME
long binance / short okx,binance,okx,2026-07-04 00:00:00.001000+00:00,0.00054917,0.0,-0.00054917,-5.4917,361.40544243632405,8.0,,KRX_HOLIDAY_OR_WEEKEND,PRE_GATE_REGIME
long binance / short okx,binance,okx,2026-07-04 08:00:00+00:00,0.0,0.0,0.0,0.0,361.40544243632405,,8.0,KRX_HOLIDAY_OR_WEEKEND,PRE_GATE_REGIME
long binance / short okx,binance,okx,2026-07-04 08:00:00.001000+00:00,0.0,0.0,0.0,0.0,361.40544243632405,8.0,,KRX_HOLIDAY_OR_WEEKEND,PRE_GATE_REGIME
long binance / short okx,binance,okx,2026-07-04 16:00:00+00:00,0.0,4.14577112607e-05,4.14577112607e-05,0.41457711260700003,361.82001954893104,,8.0,KRX_HOLIDAY_OR_WEEKEND,PRE_GATE_REGIME
long binance / short okx,binance,okx,2026-07-04 16:00:00.001000+00:00,0.0,0.0,0.0,0.0,361.82001954893104,8.0,,KRX_HOLIDAY_OR_WEEKEND,PRE_GATE_REGIME
long binance / short okx,binance,okx,2026-07-05 00:00:00+00:00,0.0,0.0007552342349299,0.0007552342349299,7.552342349299,369.37236189823005,,8.0,KRX_HOLIDAY_OR_WEEKEND,PRE_GATE_REGIME
long binance / short okx,binance,okx,2026-07-05 00:00:00.002000+00:00,0.0,0.0,0.0,0.0,369.37236189823005,8.0,,KRX_HOLIDAY_OR_WEEKEND,PRE_GATE_REGIME
long binance / short okx,binance,okx,2026-07-05 08:00:00+00:00,0.0,0.0,0.0,0.0,369.37236189823005,,8.0,KRX_HOLIDAY_OR_WEEKEND,PRE_GATE_REGIME
long binance / short okx,binance,okx,2026-07-05 08:00:00.001000+00:00,0.0,0.0,0.0,0.0,369.37236189823005,8.0,,KRX_HOLIDAY_OR_WEEKEND,PRE_GATE_REGIME
long binance / short okx,binance,okx,2026-07-05 16:00:00+00:00,0.0,0.0002156351084858,0.0002156351084858,2.156351084858,371.52871298308804,,8.0,KRX_FULLY_CLOSED_PRE_US,PRE_GATE_REGIME
long binance / short okx,binance,okx,2026-07-05 16:00:00.001000+00:00,0.0,0.0,0.0,0.0,371.52871298308804,8.0,,KRX_FULLY_CLOSED_PRE_US,PRE_GATE_REGIME
long binance / short okx,binance,okx,2026-07-06 00:00:00+00:00,0.0,0.000516723279894,0.000516723279894,5.16723279894,376.69594578202805,,8.0,KRX_FULLY_CLOSED_PRE_US,PRE_GATE_REGIME
long binance / short okx,binance,okx,2026-07-06 00:00:00.001000+00:00,0.0,0.0,0.0,0.0,376.69594578202805,8.0,,KRX_FULLY_CLOSED_PRE_US,PRE_GATE_REGIME
long binance / short okx,binance,okx,2026-07-06 08:00:00+00:00,0.0,0.0017315107716999,0.0017315107716999,17.315107716999,394.01105349902707,,8.0,KRX_OFFICIAL_AFTER_HOURS,PRE_GATE_REGIME
long binance / short okx,binance,okx,2026-07-06 08:00:00.001000+00:00,0.00247467,0.0,-0.00247467,-24.7467,369.2643534990271,8.0,,KRX_OFFICIAL_AFTER_HOURS,PRE_GATE_REGIME
long binance / short okx,binance,okx,2026-07-06 16:00:00+00:00,0.0,0.0005999915190746,0.0005999915190746,5.999915190745999,375.2642686897731,,8.0,US_REGULAR,PRE_GATE_REGIME
long binance / short okx,binance,okx,2026-07-06 16:00:00.001000+00:00,0.0,0.0,0.0,0.0,375.2642686897731,8.0,,US_REGULAR,PRE_GATE_REGIME
long binance / short okx,binance,okx,2026-07-07 00:00:00+00:00,0.0,0.0,0.0,0.0,375.2642686897731,,8.0,KRX_FULLY_CLOSED_PRE_US,PRE_GATE_REGIME
long binance / short okx,binance,okx,2026-07-07 00:00:00.001000+00:00,-0.00187311,0.0,0.00187311,18.7311,393.9953686897731,8.0,,KRX_FULLY_CLOSED_PRE_US,PRE_GATE_REGIME
long binance / short okx,binance,okx,2026-07-07 08:00:00+00:00,0.0,0.0050692334577689,0.0050692334577689,50.692334577689,444.6877032674621,,8.0,KRX_OFFICIAL_AFTER_HOURS,PRE_GATE_REGIME
long binance / short okx,binance,okx,2026-07-07 08:00:00.001000+00:00,0.00661515,0.0,-0.00661515,-66.1515,378.5362032674621,8.0,,KRX_OFFICIAL_AFTER_HOURS,PRE_GATE_REGIME
long binance / short okx,binance,okx,2026-07-07 16:00:00+00:00,0.0,0.0,0.0,0.0,378.5362032674621,,8.0,US_REGULAR,PRE_GATE_REGIME
long binance / short okx,binance,okx,2026-07-07 16:00:00.001000+00:00,-0.00087944,0.0,0.00087944,8.7944,387.3306032674621,8.0,,US_REGULAR,PRE_GATE_REGIME
long binance / short okx,binance,okx,2026-07-08 00:00:00+00:00,0.0,0.0,0.0,0.0,387.3306032674621,,8.0,KRX_FULLY_CLOSED_PRE_US,PRE_GATE_REGIME
long binance / short okx,binance,okx,2026-07-08 00:00:00.002000+00:00,-0.00176129,0.0,0.00176129,17.6129,404.9435032674621,8.0,,KRX_FULLY_CLOSED_PRE_US,PRE_GATE_REGIME
long binance / short okx,binance,okx,2026-07-08 08:00:00+00:00,0.0,0.0038486519117764,0.0038486519117764,38.486519117764,443.4300223852261,,8.0,KRX_OFFICIAL_AFTER_HOURS,PRE_GATE_REGIME
long binance / short okx,binance,okx,2026-07-08 08:00:00.001000+00:00,0.00386943,0.0,-0.00386943,-38.6943,404.7357223852261,8.0,,KRX_OFFICIAL_AFTER_HOURS,PRE_GATE_REGIME
long binance / short okx,binance,okx,2026-07-08 16:00:00+00:00,0.0,0.0013174347143984,0.0013174347143984,13.174347143983999,417.9100695292101,,8.0,US_REGULAR,PRE_GATE_REGIME
long binance / short okx,binance,okx,2026-07-08 16:00:00.001000+00:00,0.00139656,0.0,-0.00139656,-13.9656,403.9444695292101,8.0,,US_REGULAR,PRE_GATE_REGIME
long binance / short okx,binance,okx,2026-07-09 00:00:00+00:00,0.0,0.0009632616582105,0.0009632616582105,9.632616582105,413.5770861113151,,8.0,KRX_FULLY_CLOSED_PRE_US,PRE_GATE_REGIME
long binance / short okx,binance,okx,2026-07-09 00:00:00.001000+00:00,0.00102242,0.0,-0.00102242,-10.2242,403.3528861113151,8.0,,KRX_FULLY_CLOSED_PRE_US,PRE_GATE_REGIME
long binance / short okx,binance,okx,2026-07-09 08:00:00+00:00,0.0,0.003230774499799,0.003230774499799,32.30774499799,435.6606311093051,,8.0,KRX_OFFICIAL_AFTER_HOURS,PRE_GATE_REGIME
long binance / short okx,binance,okx,2026-07-09 08:00:00.001000+00:00,0.00473872,0.0,-0.00473872,-47.3872,388.2734311093051,8.0,,KRX_OFFICIAL_AFTER_HOURS,PRE_GATE_REGIME
long binance / short okx,binance,okx,2026-07-09 16:00:00+00:00,0.0,0.000949839899681,0.000949839899681,9.49839899681,397.7718301061151,,8.0,US_REGULAR,PRE_GATE_REGIME
long binance / short okx,binance,okx,2026-07-09 16:00:00.001000+00:00,0.00112086,0.0,-0.00112086,-11.2086,386.5632301061151,8.0,,US_REGULAR,PRE_GATE_REGIME
long binance / short okx,binance,okx,2026-07-10 00:00:00+00:00,0.0,0.0010868123110623,0.0010868123110623,10.868123110623,397.4313532167381,,8.0,KRX_FULLY_CLOSED_PRE_US,PRE_GATE_REGIME
long binance / short okx,binance,okx,2026-07-10 00:00:00.001000+00:00,0.0,0.0,0.0,0.0,397.4313532167381,8.0,,KRX_FULLY_CLOSED_PRE_US,PRE_GATE_REGIME
long binance / short okx,binance,okx,2026-07-10 08:00:00+00:00,0.0,0.003338389115287,0.003338389115287,33.38389115287,430.8152443696081,,8.0,KRX_OFFICIAL_AFTER_HOURS,PRE_GATE_REGIME
long binance / short okx,binance,okx,2026-07-10 08:00:00.001000+00:00,0.00317264,0.0,-0.00317264,-31.7264,399.08884436960807,8.0,,KRX_OFFICIAL_AFTER_HOURS,PRE_GATE_REGIME
long binance / short okx,binance,okx,2026-07-10 16:00:00+00:00,0.0,0.0016407940741556,0.0016407940741556,16.407940741556,415.49678511116406,,8.0,KRX_HOLIDAY_OR_WEEKEND,PRE_GATE_REGIME
long binance / short okx,binance,okx,2026-07-10 16:00:00.001000+00:00,0.0,0.0,0.0,0.0,415.49678511116406,8.0,,KRX_HOLIDAY_OR_WEEKEND,PRE_GATE_REGIME
long binance / short okx,binance,okx,2026-07-11 00:00:00+00:00,0.0,0.0,0.0,0.0,415.49678511116406,,8.0,KRX_HOLIDAY_OR_WEEKEND,PRE_GATE_REGIME
long binance / short okx,binance,okx,2026-07-11 00:00:00.001000+00:00,0.0,0.0,0.0,0.0,415.49678511116406,8.0,,KRX_HOLIDAY_OR_WEEKEND,PRE_GATE_REGIME
long binance / short okx,binance,okx,2026-07-11 08:00:00+00:00,0.0,9.0284932114e-05,9.0284932114e-05,0.90284932114,416.3996344323041,,8.0,KRX_HOLIDAY_OR_WEEKEND,PRE_GATE_REGIME
long binance / short okx,binance,okx,2026-07-11 08:00:00.001000+00:00,0.0,0.0,0.0,0.0,416.3996344323041,8.0,,KRX_HOLIDAY_OR_WEEKEND,PRE_GATE_REGIME
long binance / short okx,binance,okx,2026-07-11 16:00:00+00:00,0.0,0.0,0.0,0.0,416.3996344323041,,8.0,KRX_HOLIDAY_OR_WEEKEND,PRE_GATE_REGIME
long binance / short okx,binance,okx,2026-07-11 16:00:00.001000+00:00,0.0,0.0,0.0,0.0,416.3996344323041,8.0,,KRX_HOLIDAY_OR_WEEKEND,PRE_GATE_REGIME
long binance / short okx,binance,okx,2026-07-12 00:00:00+00:00,0.0,0.0,0.0,0.0,416.3996344323041,,8.0,KRX_HOLIDAY_OR_WEEKEND,PRE_GATE_REGIME
long binance / short okx,binance,okx,2026-07-12 00:00:00.001000+00:00,-2.293e-05,0.0,2.293e-05,0.2293,416.6289344323041,8.0,,KRX_HOLIDAY_OR_WEEKEND,PRE_GATE_REGIME
long binance / short okx,binance,okx,2026-07-12 08:00:00+00:00,0.0,0.0003451988894361,0.0003451988894361,3.451988894361,420.08092332666513,,8.0,KRX_HOLIDAY_OR_WEEKEND,PRE_GATE_REGIME
long binance / short okx,binance,okx,2026-07-12 08:00:00.001000+00:00,0.0,0.0,0.0,0.0,420.08092332666513,8.0,,KRX_HOLIDAY_OR_WEEKEND,PRE_GATE_REGIME
long binance / short okx,binance,okx,2026-07-12 16:00:00+00:00,0.0,0.0,0.0,0.0,420.08092332666513,,8.0,KRX_FULLY_CLOSED_PRE_US,PRE_GATE_REGIME
long binance / short okx,binance,okx,2026-07-12 16:00:00.001000+00:00,0.0,0.0,0.0,0.0,420.08092332666513,8.0,,KRX_FULLY_CLOSED_PRE_US,PRE_GATE_REGIME
long binance / short okx,binance,okx,2026-07-13 00:00:00+00:00,0.0,0.0006511640660213,0.0006511640660213,6.511640660213,426.59256398687813,,8.0,KRX_FULLY_CLOSED_PRE_US,PRE_GATE_REGIME
long binance / short okx,binance,okx,2026-07-13 00:00:00.001000+00:00,-0.00226626,0.0,0.00226626,22.6626,449.25516398687813,8.0,,KRX_FULLY_CLOSED_PRE_US,PRE_GATE_REGIME
long binance / short okx,binance,okx,2026-07-13 08:00:00+00:00,0.0,0.01,0.01,100.0,549.2551639868782,,8.0,KRX_OFFICIAL_AFTER_HOURS,PRE_GATE_REGIME
long binance / short okx,binance,okx,2026-07-13 08:00:00.001000+00:00,0.005,0.0,-0.005,-50.0,499.2551639868782,8.0,,KRX_OFFICIAL_AFTER_HOURS,PRE_GATE_REGIME
long binance / short okx,binance,okx,2026-07-13 12:00:00+00:00,0.0,0.002816412986938,0.002816412986938,28.164129869379998,527.4192938562582,,4.0,KRX_FULLY_CLOSED_PRE_US,PRE_GATE_REGIME
long binance / short okx,binance,okx,2026-07-13 16:00:00+00:00,0.0,0.0001315640607997,0.0001315640607997,1.315640607997,528.7349344642552,,4.0,US_REGULAR,PRE_GATE_REGIME
long binance / short okx,binance,okx,2026-07-13 16:00:00.001000+00:00,0.0,0.0,0.0,0.0,528.7349344642552,8.0,,US_REGULAR,PRE_GATE_REGIME
long binance / short okx,binance,okx,2026-07-13 20:00:00+00:00,0.0,0.0,0.0,0.0,528.7349344642552,,4.0,US_AFTER_HOURS,PRE_GATE_REGIME
long binance / short okx,binance,okx,2026-07-14 00:00:00+00:00,0.0,0.0016455377782937,0.0016455377782937,16.455377782937,545.1903122471922,,4.0,KRX_FULLY_CLOSED_PRE_US,PRE_GATE_REGIME
long binance / short okx,binance,okx,2026-07-14 00:00:00.002000+00:00,-0.00108201,0.0,0.00108201,10.8201,556.0104122471922,8.0,,KRX_FULLY_CLOSED_PRE_US,PRE_GATE_REGIME
long binance / short okx,binance,okx,2026-07-14 04:00:00+00:00,0.0,0.0051280565781914,0.0051280565781914,51.280565781914,607.2909780291062,,4.0,KRX_FULLY_CLOSED_PRE_US,PRE_GATE_REGIME
long binance / short okx,binance,okx,2026-07-14 08:00:00+00:00,0.0,0.0001059672777074,0.0001059672777074,1.059672777074,608.3506508061802,,4.0,KRX_OFFICIAL_AFTER_HOURS,PRE_GATE_REGIME
long binance / short okx,binance,okx,2026-07-14 08:00:00.001000+00:00,0.005,0.0,-0.005,-50.0,558.3506508061802,8.0,,KRX_OFFICIAL_AFTER_HOURS,PRE_GATE_REGIME
long binance / short okx,binance,okx,2026-07-14 12:00:00+00:00,0.0,0.0,0.0,0.0,558.3506508061802,,4.0,KRX_FULLY_CLOSED_PRE_US,PRE_GATE_REGIME
long binance / short okx,binance,okx,2026-07-14 16:00:00+00:00,0.0,0.0007676674458997,0.0007676674458997,7.676674458997,566.0273252651772,,4.0,US_REGULAR,PRE_GATE_REGIME
long binance / short okx,binance,okx,2026-07-14 16:00:00.001000+00:00,0.00192162,0.0,-0.00192162,-19.2162,546.8111252651772,8.0,,US_REGULAR,PRE_GATE_REGIME
long binance / short okx,binance,okx,2026-07-14 20:00:00.001000+00:00,0.00133532,0.0,-0.00133532,-13.353200000000001,533.4579252651772,4.0,,US_AFTER_HOURS,PRE_GATE_REGIME
long binance / short okx,binance,okx,2026-07-15 00:00:00+00:00,0.0,0.0,0.0,0.0,533.4579252651772,,8.0,KRX_FULLY_CLOSED_PRE_US,PRE_GATE_REGIME
long binance / short okx,binance,okx,2026-07-15 00:00:00.001000+00:00,0.00171193,0.0,-0.00171193,-17.1193,516.3386252651773,4.0,,KRX_FULLY_CLOSED_PRE_US,PRE_GATE_REGIME
long binance / short okx,binance,okx,2026-07-15 04:00:00.001000+00:00,-0.00023997,0.0,0.00023997,2.3997,518.7383252651773,4.0,,KRX_FULLY_CLOSED_PRE_US,PRE_GATE_REGIME
long binance / short okx,binance,okx,2026-07-15 08:00:00+00:00,0.0,-0.0005781503215192,-0.0005781503215192,-5.781503215192,512.9568220499854,,8.0,KRX_OFFICIAL_AFTER_HOURS,PRE_GATE_REGIME
long binance / short okx,binance,okx,2026-07-15 08:00:00.001000+00:00,-0.00100191,0.0,0.00100191,10.0191,522.9759220499853,4.0,,KRX_OFFICIAL_AFTER_HOURS,PRE_GATE_REGIME
long binance / short okx,binance,okx,2026-07-15 12:00:00.002000+00:00,0.0,0.0,0.0,0.0,522.9759220499853,4.0,,KRX_FULLY_CLOSED_PRE_US,PRE_GATE_REGIME
long binance / short okx,binance,okx,2026-07-15 16:00:00+00:00,0.0,-0.002398100578228,-0.002398100578228,-23.98100578228,498.9949162677053,,8.0,US_REGULAR,PRE_GATE_REGIME
long binance / short okx,binance,okx,2026-07-15 16:00:00.001000+00:00,-0.00196477,0.0,0.00196477,19.647699999999997,518.6426162677053,4.0,,US_REGULAR,PRE_GATE_REGIME
long binance / short okx,binance,okx,2026-07-15 20:00:00.001000+00:00,0.00064739,0.0,-0.00064739,-6.4738999999999995,512.1687162677053,4.0,,US_AFTER_HOURS,PRE_GATE_REGIME
long binance / short okx,binance,okx,2026-07-16 00:00:00+00:00,0.0,0.0004234607569565,0.0004234607569565,4.234607569565,516.4033238372704,,8.0,KRX_FULLY_CLOSED_PRE_US,GATE_REGIME_20260716_19
long binance / short okx,binance,okx,2026-07-16 00:00:00.001000+00:00,-0.00129085,0.0,0.00129085,12.9085,529.3118238372704,4.0,,KRX_FULLY_CLOSED_PRE_US,GATE_REGIME_20260716_19
long binance / short okx,binance,okx,2026-07-16 04:00:00.001000+00:00,0.00168949,0.0,-0.00168949,-16.8949,512.4169238372704,4.0,,KRX_FULLY_CLOSED_PRE_US,GATE_REGIME_20260716_19
long binance / short okx,binance,okx,2026-07-16 08:00:00+00:00,0.0,0.0010526768859222,0.0010526768859222,10.526768859221999,522.9436926964923,,8.0,KRX_OFFICIAL_AFTER_HOURS,GATE_REGIME_20260716_19
long binance / short okx,binance,okx,2026-07-16 08:00:00.002000+00:00,0.00034557,0.0,-0.00034557,-3.4557,519.4879926964924,4.0,,KRX_OFFICIAL_AFTER_HOURS,GATE_REGIME_20260716_19
long binance / short okx,binance,okx,2026-07-16 12:00:00.001000+00:00,-9.577e-05,0.0,9.577e-05,0.9577,520.4456926964924,4.0,,KRX_FULLY_CLOSED_PRE_US,GATE_REGIME_20260716_19
long binance / short okx,binance,okx,2026-07-16 16:00:00+00:00,0.0,-0.0003419234925896,-0.0003419234925896,-3.419234925896,517.0264577705964,,8.0,US_REGULAR,GATE_REGIME_20260716_19
long binance / short okx,binance,okx,2026-07-16 16:00:00.001000+00:00,-0.00042886,0.0,0.00042886,4.2886,521.3150577705964,4.0,,US_REGULAR,GATE_REGIME_20260716_19
long binance / short okx,binance,okx,2026-07-16 20:00:00.001000+00:00,-0.0009732,0.0,0.0009732,9.732,531.0470577705963,4.0,,US_AFTER_HOURS,GATE_REGIME_20260716_19
long binance / short okx,binance,okx,2026-07-17 00:00:00+00:00,0.0,-0.0003075354478243,-0.0003075354478243,-3.075354478243,527.9717032923534,,8.0,KRX_FULLY_CLOSED_PRE_US,GATE_REGIME_20260716_19
long binance / short okx,binance,okx,2026-07-17 00:00:00.001000+00:00,-0.00092102,0.0,0.00092102,9.2102,537.1819032923534,4.0,,KRX_FULLY_CLOSED_PRE_US,GATE_REGIME_20260716_19
long binance / short okx,binance,okx,2026-07-17 04:00:00.001000+00:00,6.403e-05,0.0,-6.403e-05,-0.6403,536.5416032923533,4.0,,KRX_FULLY_CLOSED_PRE_US,GATE_REGIME_20260716_19
long binance / short okx,binance,okx,2026-07-17 08:00:00+00:00,0.0,-0.000991233185432,-0.000991233185432,-9.91233185432,526.6292714380334,,8.0,KRX_OFFICIAL_AFTER_HOURS,GATE_REGIME_20260716_19
long binance / short okx,binance,okx,2026-07-17 08:00:00.001000+00:00,-0.00143406,0.0,0.00143406,14.3406,540.9698714380334,4.0,,KRX_OFFICIAL_AFTER_HOURS,GATE_REGIME_20260716_19
long binance / short okx,binance,okx,2026-07-17 12:00:00.001000+00:00,0.00041051,0.0,-0.00041051,-4.1051,536.8647714380334,4.0,,KRX_FULLY_CLOSED_PRE_US,GATE_REGIME_20260716_19
long binance / short okx,binance,okx,2026-07-17 16:00:00+00:00,0.0,0.0025749198720348,0.0025749198720348,25.749198720348,562.6139701583813,,8.0,KRX_HOLIDAY_OR_WEEKEND,GATE_REGIME_20260716_19
long binance / short okx,binance,okx,2026-07-17 16:00:00.001000+00:00,0.00150611,0.0,-0.00150611,-15.0611,547.5528701583813,4.0,,KRX_HOLIDAY_OR_WEEKEND,GATE_REGIME_20260716_19
long binance / short okx,binance,okx,2026-07-17 20:00:00.001000+00:00,-0.00094887,0.0,0.00094887,9.4887,557.0415701583813,4.0,,KRX_HOLIDAY_OR_WEEKEND,GATE_REGIME_20260716_19
long binance / short okx,binance,okx,2026-07-18 00:00:00+00:00,0.0,-0.0010755220213551,-0.0010755220213551,-10.755220213551,546.2863499448304,,8.0,KRX_HOLIDAY_OR_WEEKEND,GATE_REGIME_20260716_19
long binance / short okx,binance,okx,2026-07-18 00:00:00.001000+00:00,0.0,0.0,0.0,0.0,546.2863499448304,4.0,,KRX_HOLIDAY_OR_WEEKEND,GATE_REGIME_20260716_19
long binance / short okx,binance,okx,2026-07-18 04:00:00.002000+00:00,0.0,0.0,0.0,0.0,546.2863499448304,4.0,,KRX_HOLIDAY_OR_WEEKEND,GATE_REGIME_20260716_19
long binance / short okx,binance,okx,2026-07-18 08:00:00+00:00,0.0,0.0,0.0,0.0,546.2863499448304,,8.0,KRX_HOLIDAY_OR_WEEKEND,GATE_REGIME_20260716_19
long binance / short okx,binance,okx,2026-07-18 08:00:00.001000+00:00,0.0,0.0,0.0,0.0,546.2863499448304,4.0,,KRX_HOLIDAY_OR_WEEKEND,GATE_REGIME_20260716_19
long binance / short okx,binance,okx,2026-07-18 12:00:00.001000+00:00,0.0,0.0,0.0,0.0,546.2863499448304,4.0,,KRX_HOLIDAY_OR_WEEKEND,GATE_REGIME_20260716_19
long binance / short okx,binance,okx,2026-07-18 16:00:00+00:00,0.0,-9.64154034267e-05,-9.64154034267e-05,-0.964154034267,545.3221959105633,,8.0,KRX_HOLIDAY_OR_WEEKEND,GATE_REGIME_20260716_19
long binance / short okx,binance,okx,2026-07-18 16:00:00.001000+00:00,-4.143e-05,0.0,4.143e-05,0.4143,545.7364959105633,4.0,,KRX_HOLIDAY_OR_WEEKEND,GATE_REGIME_20260716_19
long binance / short okx,binance,okx,2026-07-18 20:00:00.001000+00:00,0.0,0.0,0.0,0.0,545.7364959105633,4.0,,KRX_HOLIDAY_OR_WEEKEND,GATE_REGIME_20260716_19
long binance / short okx,binance,okx,2026-07-19 00:00:00+00:00,0.0,0.0,0.0,0.0,545.7364959105633,,8.0,KRX_HOLIDAY_OR_WEEKEND,GATE_REGIME_20260716_19
long binance / short okx,binance,okx,2026-07-19 00:00:00.001000+00:00,0.0,0.0,0.0,0.0,545.7364959105633,4.0,,KRX_HOLIDAY_OR_WEEKEND,GATE_REGIME_20260716_19
long binance / short okx,binance,okx,2026-07-19 04:00:00.001000+00:00,0.0,0.0,0.0,0.0,545.7364959105633,4.0,,KRX_HOLIDAY_OR_WEEKEND,GATE_REGIME_20260716_19
long binance / short okx,binance,okx,2026-07-19 08:00:00+00:00,0.0,0.0005695173844014,0.0005695173844014,5.695173844014,551.4316697545773,,8.0,KRX_HOLIDAY_OR_WEEKEND,GATE_REGIME_20260716_19
long binance / short okx,binance,okx,2026-07-19 08:00:00.001000+00:00,8.177e-05,0.0,-8.177e-05,-0.8177,550.6139697545774,4.0,,KRX_HOLIDAY_OR_WEEKEND,GATE_REGIME_20260716_19
long binance / short okx,binance,okx,2026-07-19 12:00:00.001000+00:00,-0.00014976,0.0,0.00014976,1.4976,552.1115697545774,4.0,,KRX_HOLIDAY_OR_WEEKEND,GATE_REGIME_20260716_19
long binance / short okx,binance,okx,2026-07-19 16:00:00+00:00,0.0,0.0,0.0,0.0,552.1115697545774,,8.0,KRX_FULLY_CLOSED_PRE_US,GATE_REGIME_20260716_19
long binance / short okx,binance,okx,2026-07-19 16:00:00.001000+00:00,0.0,0.0,0.0,0.0,552.1115697545774,4.0,,KRX_FULLY_CLOSED_PRE_US,GATE_REGIME_20260716_19
long binance / short okx,binance,okx,2026-07-19 20:00:00.001000+00:00,0.00020692,0.0,-0.00020692,-2.0692,550.0423697545774,4.0,,KRX_FULLY_CLOSED_PRE_US,GATE_REGIME_20260716_19
long binance / short okx,binance,okx,2026-07-20 00:00:00+00:00,0.0,0.0010995922466155,0.0010995922466155,10.995922466155001,561.0382922207324,,8.0,KRX_FULLY_CLOSED_PRE_US,POST_GATE_REGIME
long binance / short okx,binance,okx,2026-07-20 00:00:00.002000+00:00,-0.00031583,0.0,0.00031583,3.1583,564.1965922207324,4.0,,KRX_FULLY_CLOSED_PRE_US,POST_GATE_REGIME
long binance / short okx,binance,okx,2026-07-20 04:00:00.001000+00:00,0.00166537,0.0,-0.00166537,-16.6537,547.5428922207325,4.0,,KRX_FULLY_CLOSED_PRE_US,POST_GATE_REGIME
long binance / short okx,binance,okx,2026-07-20 08:00:00+00:00,0.0,0.0006796006580825,0.0006796006580825,6.796006580825,554.3388988015574,,8.0,KRX_OFFICIAL_AFTER_HOURS,POST_GATE_REGIME
long binance / short okx,binance,okx,2026-07-20 08:00:00.001000+00:00,0.00052817,0.0,-0.00052817,-5.2817,549.0571988015574,4.0,,KRX_OFFICIAL_AFTER_HOURS,POST_GATE_REGIME
long binance / short okx,binance,okx,2026-07-20 12:00:00.001000+00:00,0.00060173,0.0,-0.00060173,-6.0173,543.0398988015575,4.0,,KRX_FULLY_CLOSED_PRE_US,POST_GATE_REGIME
long binance / short okx,binance,okx,2026-07-20 16:00:00+00:00,0.0,-0.0009406810658833,-0.0009406810658833,-9.406810658832999,533.6330881427244,,8.0,US_REGULAR,POST_GATE_REGIME
long binance / short okx,binance,okx,2026-07-20 16:00:00.001000+00:00,-0.00016124,0.0,0.00016124,1.6124,535.2454881427244,4.0,,US_REGULAR,POST_GATE_REGIME
long binance / short okx,binance,okx,2026-07-20 20:00:00.001000+00:00,-0.00055024,0.0,0.00055024,5.5024,540.7478881427244,4.0,,US_AFTER_HOURS,POST_GATE_REGIME
long binance / short okx,binance,okx,2026-07-21 00:00:00+00:00,0.0,0.0,0.0,0.0,540.7478881427244,,8.0,KRX_FULLY_CLOSED_PRE_US,POST_GATE_REGIME
long binance / short okx,binance,okx,2026-07-21 00:00:00.001000+00:00,0.00015674,0.0,-0.00015674,-1.5674,539.1804881427244,4.0,,KRX_FULLY_CLOSED_PRE_US,POST_GATE_REGIME
long binance / short okx,binance,okx,2026-07-21 04:00:00.002000+00:00,0.00119891,0.0,-0.00119891,-11.9891,527.1913881427243,4.0,,KRX_FULLY_CLOSED_PRE_US,POST_GATE_REGIME
long binance / short okx,binance,okx,2026-07-21 08:00:00+00:00,0.0,0.0008897717497861,0.0008897717497861,8.897717497861,536.0891056405853,,8.0,KRX_OFFICIAL_AFTER_HOURS,POST_GATE_REGIME
long binance / short okx,binance,okx,2026-07-21 08:00:00.001000+00:00,0.00022498,0.0,-0.00022498,-2.2498,533.8393056405853,4.0,,KRX_OFFICIAL_AFTER_HOURS,POST_GATE_REGIME
long binance / short okx,binance,okx,2026-07-21 12:00:00.001000+00:00,0.0,0.0,0.0,0.0,533.8393056405853,4.0,,KRX_FULLY_CLOSED_PRE_US,POST_GATE_REGIME
long binance / short okx,binance,okx,2026-07-21 16:00:00+00:00,0.00068707,0.0011616131276546,0.0004745431276545999,4.745431276545999,538.5847369171313,4.0,8.0,US_REGULAR,POST_GATE_REGIME
long binance / short okx,binance,okx,2026-07-21 20:00:00.001000+00:00,0.00010694,0.0,-0.00010694,-1.0694000000000001,537.5153369171313,4.0,,US_AFTER_HOURS,POST_GATE_REGIME
long binance / short okx,binance,okx,2026-07-22 00:00:00+00:00,0.0,0.0005027897230029,0.0005027897230029,5.027897230029,542.5432341471603,4.0,8.0,KRX_FULLY_CLOSED_PRE_US,POST_GATE_REGIME
long binance / short okx,binance,okx,2026-07-22 04:00:00+00:00,0.00034064,0.0,-0.00034064,-3.4064,539.1368341471604,4.0,,KRX_FULLY_CLOSED_PRE_US,POST_GATE_REGIME
long binance / short okx,binance,okx,2026-07-22 08:00:00+00:00,0.0,0.0009239274241871,0.0009239274241871,9.239274241871,548.3761083890314,,8.0,KRX_OFFICIAL_AFTER_HOURS,POST_GATE_REGIME
long binance / short okx,binance,okx,2026-07-22 08:00:00.001000+00:00,0.00068087,0.0,-0.00068087,-6.8087,541.5674083890314,4.0,,KRX_OFFICIAL_AFTER_HOURS,POST_GATE_REGIME
long binance / short okx,binance,okx,2026-07-22 12:00:00.001000+00:00,-0.00023337,0.0,0.00023337,2.3337,543.9011083890314,4.0,,KRX_FULLY_CLOSED_PRE_US,POST_GATE_REGIME
long binance / short okx,binance,okx,2026-07-22 16:00:00+00:00,0.0007125,0.001347564728786,0.0006350647287859999,6.350647287859999,550.2517556768914,4.0,8.0,US_REGULAR,POST_GATE_REGIME
long binance / short okx,binance,okx,2026-07-22 20:00:00+00:00,-5.632e-05,0.0,5.632e-05,0.5632,550.8149556768915,4.0,,US_AFTER_HOURS,POST_GATE_REGIME
long bitget / short binance,bitget,binance,2026-06-10 08:00:00.001000+00:00,0.0,0.00463966,0.00463966,46.39660000000001,46.39660000000001,,8.0,KRX_OFFICIAL_AFTER_HOURS,PRE_GATE_REGIME
long bitget / short binance,bitget,binance,2026-06-10 16:00:00+00:00,0.0,0.0,0.0,0.0,46.39660000000001,8.0,,US_REGULAR,PRE_GATE_REGIME
long bitget / short binance,bitget,binance,2026-06-10 16:00:00.001000+00:00,0.0,0.00017878,0.00017878,1.7877999999999998,48.184400000000004,,8.0,US_REGULAR,PRE_GATE_REGIME
long bitget / short binance,bitget,binance,2026-06-11 00:00:00+00:00,0.0,0.0,0.0,0.0,48.184400000000004,8.0,,KRX_FULLY_CLOSED_PRE_US,PRE_GATE_REGIME
long bitget / short binance,bitget,binance,2026-06-11 00:00:00.001000+00:00,0.0,-0.00220722,-0.00220722,-22.072200000000002,26.1122,,8.0,KRX_FULLY_CLOSED_PRE_US,PRE_GATE_REGIME
long bitget / short binance,bitget,binance,2026-06-11 08:00:00+00:00,0.001,0.0,-0.001,-10.0,16.1122,8.0,,KRX_OFFICIAL_AFTER_HOURS,PRE_GATE_REGIME
long bitget / short binance,bitget,binance,2026-06-11 08:00:00.001000+00:00,0.0,0.0033825,0.0033825,33.825,49.937200000000004,,8.0,KRX_OFFICIAL_AFTER_HOURS,PRE_GATE_REGIME
long bitget / short binance,bitget,binance,2026-06-11 16:00:00+00:00,0.0,0.0,0.0,0.0,49.937200000000004,8.0,,US_REGULAR,PRE_GATE_REGIME
long bitget / short binance,bitget,binance,2026-06-11 16:00:00.001000+00:00,0.0,5.254e-05,5.254e-05,0.5254,50.4626,,8.0,US_REGULAR,PRE_GATE_REGIME
long bitget / short binance,bitget,binance,2026-06-12 00:00:00+00:00,0.0,0.0,0.0,0.0,50.4626,8.0,,KRX_FULLY_CLOSED_PRE_US,PRE_GATE_REGIME
long bitget / short binance,bitget,binance,2026-06-12 00:00:00.001000+00:00,0.0,0.00216676,0.00216676,21.667600000000004,72.1302,,8.0,KRX_FULLY_CLOSED_PRE_US,PRE_GATE_REGIME
long bitget / short binance,bitget,binance,2026-06-12 08:00:00+00:00,0.000901,0.0,-0.000901,-9.01,63.120200000000004,8.0,,KRX_OFFICIAL_AFTER_HOURS,PRE_GATE_REGIME
long bitget / short binance,bitget,binance,2026-06-12 08:00:00.001000+00:00,0.0,0.00074851,0.00074851,7.4851,70.6053,,8.0,KRX_OFFICIAL_AFTER_HOURS,PRE_GATE_REGIME
long bitget / short binance,bitget,binance,2026-06-12 16:00:00+00:00,0.0,0.0,0.0,0.0,70.6053,8.0,,KRX_HOLIDAY_OR_WEEKEND,PRE_GATE_REGIME
long bitget / short binance,bitget,binance,2026-06-12 16:00:00.001000+00:00,0.0,0.00091069,0.00091069,9.1069,79.7122,,8.0,KRX_HOLIDAY_OR_WEEKEND,PRE_GATE_REGIME
long bitget / short binance,bitget,binance,2026-06-13 00:00:00+00:00,0.0,0.0,0.0,0.0,79.7122,8.0,,KRX_HOLIDAY_OR_WEEKEND,PRE_GATE_REGIME
long bitget / short binance,bitget,binance,2026-06-13 00:00:00.001000+00:00,0.0,0.0,0.0,0.0,79.7122,,8.0,KRX_HOLIDAY_OR_WEEKEND,PRE_GATE_REGIME
long bitget / short binance,bitget,binance,2026-06-13 08:00:00+00:00,0.0,0.0,0.0,0.0,79.7122,8.0,,KRX_HOLIDAY_OR_WEEKEND,PRE_GATE_REGIME
long bitget / short binance,bitget,binance,2026-06-13 08:00:00.001000+00:00,0.0,0.0,0.0,0.0,79.7122,,8.0,KRX_HOLIDAY_OR_WEEKEND,PRE_GATE_REGIME
long bitget / short binance,bitget,binance,2026-06-13 16:00:00+00:00,0.0,0.0,0.0,0.0,79.7122,8.0,,KRX_HOLIDAY_OR_WEEKEND,PRE_GATE_REGIME
long bitget / short binance,bitget,binance,2026-06-13 16:00:00.001000+00:00,0.0,0.0,0.0,0.0,79.7122,,8.0,KRX_HOLIDAY_OR_WEEKEND,PRE_GATE_REGIME
long bitget / short binance,bitget,binance,2026-06-14 00:00:00+00:00,0.0,0.0,0.0,0.0,79.7122,8.0,,KRX_HOLIDAY_OR_WEEKEND,PRE_GATE_REGIME
long bitget / short binance,bitget,binance,2026-06-14 00:00:00.001000+00:00,0.0,0.0,0.0,0.0,79.7122,,8.0,KRX_HOLIDAY_OR_WEEKEND,PRE_GATE_REGIME
long bitget / short binance,bitget,binance,2026-06-14 08:00:00+00:00,0.0,0.0,0.0,0.0,79.7122,8.0,,KRX_HOLIDAY_OR_WEEKEND,PRE_GATE_REGIME
long bitget / short binance,bitget,binance,2026-06-14 08:00:00.001000+00:00,0.0,0.0,0.0,0.0,79.7122,,8.0,KRX_HOLIDAY_OR_WEEKEND,PRE_GATE_REGIME
long bitget / short binance,bitget,binance,2026-06-14 16:00:00+00:00,0.0,0.0,0.0,0.0,79.7122,8.0,,KRX_FULLY_CLOSED_PRE_US,PRE_GATE_REGIME
long bitget / short binance,bitget,binance,2026-06-14 16:00:00.001000+00:00,0.0,0.0,0.0,0.0,79.7122,,8.0,KRX_FULLY_CLOSED_PRE_US,PRE_GATE_REGIME
long bitget / short binance,bitget,binance,2026-06-15 00:00:00+00:00,0.0,0.0,0.0,0.0,79.7122,8.0,,KRX_FULLY_CLOSED_PRE_US,PRE_GATE_REGIME
long bitget / short binance,bitget,binance,2026-06-15 00:00:00.001000+00:00,0.0,0.00029335,0.00029335,2.9335,82.64569999999999,,8.0,KRX_FULLY_CLOSED_PRE_US,PRE_GATE_REGIME
long bitget / short binance,bitget,binance,2026-06-15 08:00:00+00:00,0.001,0.0,-0.001,-10.0,72.64569999999999,8.0,,KRX_OFFICIAL_AFTER_HOURS,PRE_GATE_REGIME
long bitget / short binance,bitget,binance,2026-06-15 08:00:00.002000+00:00,0.0,0.00342426,0.00342426,34.2426,106.88829999999999,,8.0,KRX_OFFICIAL_AFTER_HOURS,PRE_GATE_REGIME
long bitget / short binance,bitget,binance,2026-06-15 16:00:00+00:00,0.0,0.0,0.0,0.0,106.88829999999999,8.0,,US_REGULAR,PRE_GATE_REGIME
long bitget / short binance,bitget,binance,2026-06-15 16:00:00.001000+00:00,0.0,0.00097246,0.00097246,9.7246,116.61289999999998,,8.0,US_REGULAR,PRE_GATE_REGIME
long bitget / short binance,bitget,binance,2026-06-16 00:00:00+00:00,0.0,0.0,0.0,0.0,116.61289999999998,8.0,,KRX_FULLY_CLOSED_PRE_US,PRE_GATE_REGIME
long bitget / short binance,bitget,binance,2026-06-16 00:00:00.001000+00:00,0.0,-0.00014432,-0.00014432,-1.4432,115.16969999999998,,8.0,KRX_FULLY_CLOSED_PRE_US,PRE_GATE_REGIME
long bitget / short binance,bitget,binance,2026-06-16 08:00:00+00:00,0.001,0.0,-0.001,-10.0,105.16969999999998,8.0,,KRX_OFFICIAL_AFTER_HOURS,PRE_GATE_REGIME
long bitget / short binance,bitget,binance,2026-06-16 08:00:00.001000+00:00,0.0,0.00158824,0.00158824,15.8824,121.05209999999998,,8.0,KRX_OFFICIAL_AFTER_HOURS,PRE_GATE_REGIME
long bitget / short binance,bitget,binance,2026-06-16 16:00:00+00:00,0.0,0.0,0.0,0.0,121.05209999999998,8.0,,US_REGULAR,PRE_GATE_REGIME
long bitget / short binance,bitget,binance,2026-06-16 16:00:00.001000+00:00,0.0,-0.00248513,-0.00248513,-24.8513,96.20079999999999,,8.0,US_REGULAR,PRE_GATE_REGIME
long bitget / short binance,bitget,binance,2026-06-17 00:00:00+00:00,0.0,0.0,0.0,0.0,96.20079999999999,8.0,,KRX_FULLY_CLOSED_PRE_US,PRE_GATE_REGIME
long bitget / short binance,bitget,binance,2026-06-17 00:00:00.001000+00:00,0.0,0.0,0.0,0.0,96.20079999999999,,8.0,KRX_FULLY_CLOSED_PRE_US,PRE_GATE_REGIME
long bitget / short binance,bitget,binance,2026-06-17 08:00:00+00:00,0.001,0.0,-0.001,-10.0,86.20079999999999,8.0,,KRX_OFFICIAL_AFTER_HOURS,PRE_GATE_REGIME
long bitget / short binance,bitget,binance,2026-06-17 08:00:00.001000+00:00,0.0,0.00159068,0.00159068,15.906799999999999,102.10759999999999,,8.0,KRX_OFFICIAL_AFTER_HOURS,PRE_GATE_REGIME
long bitget / short binance,bitget,binance,2026-06-17 16:00:00+00:00,0.0,0.0,0.0,0.0,102.10759999999999,8.0,,US_REGULAR,PRE_GATE_REGIME
long bitget / short binance,bitget,binance,2026-06-17 16:00:00.001000+00:00,0.0,0.00116178,0.00116178,11.6178,113.7254,,8.0,US_REGULAR,PRE_GATE_REGIME
long bitget / short binance,bitget,binance,2026-06-18 00:00:00+00:00,0.0,0.0,0.0,0.0,113.7254,8.0,,KRX_FULLY_CLOSED_PRE_US,PRE_GATE_REGIME
long bitget / short binance,bitget,binance,2026-06-18 00:00:00.001000+00:00,0.0,0.0,0.0,0.0,113.7254,,8.0,KRX_FULLY_CLOSED_PRE_US,PRE_GATE_REGIME
long bitget / short binance,bitget,binance,2026-06-18 08:00:00+00:00,0.001,0.0,-0.001,-10.0,103.7254,8.0,,KRX_OFFICIAL_AFTER_HOURS,PRE_GATE_REGIME
long bitget / short binance,bitget,binance,2026-06-18 08:00:00.001000+00:00,0.0,0.00072339,0.00072339,7.233899999999999,110.9593,,8.0,KRX_OFFICIAL_AFTER_HOURS,PRE_GATE_REGIME
long bitget / short binance,bitget,binance,2026-06-18 16:00:00+00:00,0.0,0.0,0.0,0.0,110.9593,8.0,,US_REGULAR,PRE_GATE_REGIME
long bitget / short binance,bitget,binance,2026-06-18 16:00:00.001000+00:00,0.0,0.00146713,0.00146713,14.6713,125.6306,,8.0,US_REGULAR,PRE_GATE_REGIME
long bitget / short binance,bitget,binance,2026-06-19 00:00:00+00:00,0.0,0.0,0.0,0.0,125.6306,8.0,,KRX_FULLY_CLOSED_PRE_US,PRE_GATE_REGIME
long bitget / short binance,bitget,binance,2026-06-19 00:00:00.001000+00:00,0.0,0.00035242,0.00035242,3.5242,129.1548,,8.0,KRX_FULLY_CLOSED_PRE_US,PRE_GATE_REGIME
long bitget / short binance,bitget,binance,2026-06-19 08:00:00+00:00,0.001,0.0,-0.001,-10.0,119.1548,8.0,,KRX_OFFICIAL_AFTER_HOURS,PRE_GATE_REGIME
long bitget / short binance,bitget,binance,2026-06-19 08:00:00.001000+00:00,0.0,0.00213117,0.00213117,21.3117,140.4665,,8.0,KRX_OFFICIAL_AFTER_HOURS,PRE_GATE_REGIME
long bitget / short binance,bitget,binance,2026-06-19 16:00:00+00:00,0.0,0.0,0.0,0.0,140.4665,8.0,,KRX_HOLIDAY_OR_WEEKEND,PRE_GATE_REGIME
long bitget / short binance,bitget,binance,2026-06-19 16:00:00.001000+00:00,0.0,0.0,0.0,0.0,140.4665,,8.0,KRX_HOLIDAY_OR_WEEKEND,PRE_GATE_REGIME
long bitget / short binance,bitget,binance,2026-06-20 00:00:00+00:00,0.0,0.0,0.0,0.0,140.4665,8.0,,KRX_HOLIDAY_OR_WEEKEND,PRE_GATE_REGIME
long bitget / short binance,bitget,binance,2026-06-20 00:00:00.001000+00:00,0.0,0.00030862,0.00030862,3.0862000000000003,143.5527,,8.0,KRX_HOLIDAY_OR_WEEKEND,PRE_GATE_REGIME
long bitget / short binance,bitget,binance,2026-06-20 08:00:00+00:00,0.0,0.0,0.0,0.0,143.5527,8.0,,KRX_HOLIDAY_OR_WEEKEND,PRE_GATE_REGIME
long bitget / short binance,bitget,binance,2026-06-20 08:00:00.001000+00:00,0.0,0.00111189,0.00111189,11.1189,154.67159999999998,,8.0,KRX_HOLIDAY_OR_WEEKEND,PRE_GATE_REGIME
long bitget / short binance,bitget,binance,2026-06-20 16:00:00+00:00,0.0,0.0,0.0,0.0,154.67159999999998,8.0,,KRX_HOLIDAY_OR_WEEKEND,PRE_GATE_REGIME
long bitget / short binance,bitget,binance,2026-06-20 16:00:00.001000+00:00,0.0,0.00013607,0.00013607,1.3606999999999998,156.0323,,8.0,KRX_HOLIDAY_OR_WEEKEND,PRE_GATE_REGIME
long bitget / short binance,bitget,binance,2026-06-21 00:00:00+00:00,0.0,0.0,0.0,0.0,156.0323,8.0,,KRX_HOLIDAY_OR_WEEKEND,PRE_GATE_REGIME
long bitget / short binance,bitget,binance,2026-06-21 00:00:00.001000+00:00,0.0,0.0,0.0,0.0,156.0323,,8.0,KRX_HOLIDAY_OR_WEEKEND,PRE_GATE_REGIME
long bitget / short binance,bitget,binance,2026-06-21 08:00:00+00:00,0.0,0.0,0.0,0.0,156.0323,8.0,,KRX_HOLIDAY_OR_WEEKEND,PRE_GATE_REGIME
long bitget / short binance,bitget,binance,2026-06-21 08:00:00.001000+00:00,0.0,6.6e-05,6.6e-05,0.66,156.6923,,8.0,KRX_HOLIDAY_OR_WEEKEND,PRE_GATE_REGIME
long bitget / short binance,bitget,binance,2026-06-21 16:00:00+00:00,0.0,0.0,0.0,0.0,156.6923,8.0,,KRX_FULLY_CLOSED_PRE_US,PRE_GATE_REGIME
long bitget / short binance,bitget,binance,2026-06-21 16:00:00.001000+00:00,0.0,0.0,0.0,0.0,156.6923,,8.0,KRX_FULLY_CLOSED_PRE_US,PRE_GATE_REGIME
long bitget / short binance,bitget,binance,2026-06-22 00:00:00+00:00,0.0,0.0,0.0,0.0,156.6923,8.0,,KRX_FULLY_CLOSED_PRE_US,PRE_GATE_REGIME
long bitget / short binance,bitget,binance,2026-06-22 00:00:00.001000+00:00,0.0,-0.00295553,-0.00295553,-29.5553,127.13699999999999,,8.0,KRX_FULLY_CLOSED_PRE_US,PRE_GATE_REGIME
long bitget / short binance,bitget,binance,2026-06-22 08:00:00+00:00,0.001,0.0,-0.001,-10.0,117.13699999999999,8.0,,KRX_OFFICIAL_AFTER_HOURS,PRE_GATE_REGIME
long bitget / short binance,bitget,binance,2026-06-22 08:00:00.001000+00:00,0.0,0.00402973,0.00402973,40.29729999999999,157.43429999999998,,8.0,KRX_OFFICIAL_AFTER_HOURS,PRE_GATE_REGIME
long bitget / short binance,bitget,binance,2026-06-22 16:00:00+00:00,0.0,0.0,0.0,0.0,157.43429999999998,8.0,,US_REGULAR,PRE_GATE_REGIME
long bitget / short binance,bitget,binance,2026-06-22 16:00:00.001000+00:00,0.0,0.0,0.0,0.0,157.43429999999998,,8.0,US_REGULAR,PRE_GATE_REGIME
long bitget / short binance,bitget,binance,2026-06-23 00:00:00+00:00,0.0,0.0,0.0,0.0,157.43429999999998,8.0,,KRX_FULLY_CLOSED_PRE_US,PRE_GATE_REGIME
long bitget / short binance,bitget,binance,2026-06-23 00:00:00.001000+00:00,0.0,0.0,0.0,0.0,157.43429999999998,,8.0,KRX_FULLY_CLOSED_PRE_US,PRE_GATE_REGIME
long bitget / short binance,bitget,binance,2026-06-23 08:00:00+00:00,0.001,0.0,-0.001,-10.0,147.43429999999998,8.0,,KRX_OFFICIAL_AFTER_HOURS,PRE_GATE_REGIME
long bitget / short binance,bitget,binance,2026-06-23 08:00:00.002000+00:00,0.0,0.00580329,0.00580329,58.0329,205.4672,,8.0,KRX_OFFICIAL_AFTER_HOURS,PRE_GATE_REGIME
long bitget / short binance,bitget,binance,2026-06-23 16:00:00+00:00,0.0,0.0,0.0,0.0,205.4672,8.0,,US_REGULAR,PRE_GATE_REGIME
long bitget / short binance,bitget,binance,2026-06-23 16:00:00.001000+00:00,0.0,0.00032709,0.00032709,3.2708999999999997,208.7381,,8.0,US_REGULAR,PRE_GATE_REGIME
long bitget / short binance,bitget,binance,2026-06-24 00:00:00+00:00,0.0,0.0,0.0,0.0,208.7381,8.0,,KRX_FULLY_CLOSED_PRE_US,PRE_GATE_REGIME
long bitget / short binance,bitget,binance,2026-06-24 00:00:00.001000+00:00,0.0,0.0,0.0,0.0,208.7381,,8.0,KRX_FULLY_CLOSED_PRE_US,PRE_GATE_REGIME
long bitget / short binance,bitget,binance,2026-06-24 08:00:00+00:00,0.005,0.0,-0.005,-50.0,158.7381,8.0,,KRX_OFFICIAL_AFTER_HOURS,PRE_GATE_REGIME
long bitget / short binance,bitget,binance,2026-06-24 08:00:00.001000+00:00,0.0,0.00243107,0.00243107,24.3107,183.0488,,8.0,KRX_OFFICIAL_AFTER_HOURS,PRE_GATE_REGIME
long bitget / short binance,bitget,binance,2026-06-24 16:00:00+00:00,0.0,0.0,0.0,0.0,183.0488,8.0,,US_REGULAR,PRE_GATE_REGIME
long bitget / short binance,bitget,binance,2026-06-24 16:00:00.001000+00:00,0.0,-0.00112959,-0.00112959,-11.2959,171.7529,,8.0,US_REGULAR,PRE_GATE_REGIME
long bitget / short binance,bitget,binance,2026-06-25 00:00:00+00:00,0.000707,0.0,-0.000707,-7.069999999999999,164.68290000000002,8.0,,KRX_FULLY_CLOSED_PRE_US,PRE_GATE_REGIME
long bitget / short binance,bitget,binance,2026-06-25 00:00:00.002000+00:00,0.0,0.00603242,0.00603242,60.324200000000005,225.00710000000004,,8.0,KRX_FULLY_CLOSED_PRE_US,PRE_GATE_REGIME
long bitget / short binance,bitget,binance,2026-06-25 08:00:00+00:00,0.003784,0.0,-0.003784,-37.84,187.16710000000003,8.0,,KRX_OFFICIAL_AFTER_HOURS,PRE_GATE_REGIME
long bitget / short binance,bitget,binance,2026-06-25 08:00:00.001000+00:00,0.0,0.0,0.0,0.0,187.16710000000003,,8.0,KRX_OFFICIAL_AFTER_HOURS,PRE_GATE_REGIME
long bitget / short binance,bitget,binance,2026-06-25 16:00:00+00:00,0.0,0.0,0.0,0.0,187.16710000000003,8.0,,US_REGULAR,PRE_GATE_REGIME
long bitget / short binance,bitget,binance,2026-06-25 16:00:00.001000+00:00,0.0,-0.00058133,-0.00058133,-5.8133,181.35380000000004,,8.0,US_REGULAR,PRE_GATE_REGIME
long bitget / short binance,bitget,binance,2026-06-26 00:00:00+00:00,0.0,0.0,0.0,0.0,181.35380000000004,8.0,,KRX_FULLY_CLOSED_PRE_US,PRE_GATE_REGIME
long bitget / short binance,bitget,binance,2026-06-26 00:00:00.001000+00:00,0.0,-0.00036501,-0.00036501,-3.6500999999999997,177.70370000000003,,8.0,KRX_FULLY_CLOSED_PRE_US,PRE_GATE_REGIME
long bitget / short binance,bitget,binance,2026-06-26 08:00:00+00:00,0.005,0.0,-0.005,-50.0,127.70370000000003,8.0,,KRX_OFFICIAL_AFTER_HOURS,PRE_GATE_REGIME
long bitget / short binance,bitget,binance,2026-06-26 08:00:00.002000+00:00,0.0,0.00458019,0.00458019,45.801899999999996,173.50560000000002,,8.0,KRX_OFFICIAL_AFTER_HOURS,PRE_GATE_REGIME
long bitget / short binance,bitget,binance,2026-06-26 16:00:00+00:00,0.0,0.0,0.0,0.0,173.50560000000002,8.0,,KRX_HOLIDAY_OR_WEEKEND,PRE_GATE_REGIME
long bitget / short binance,bitget,binance,2026-06-26 16:00:00.001000+00:00,0.0,0.00030982,0.00030982,3.0982,176.6038,,8.0,KRX_HOLIDAY_OR_WEEKEND,PRE_GATE_REGIME
long bitget / short binance,bitget,binance,2026-06-27 00:00:00+00:00,0.0,0.0,0.0,0.0,176.6038,8.0,,KRX_HOLIDAY_OR_WEEKEND,PRE_GATE_REGIME
long bitget / short binance,bitget,binance,2026-06-27 00:00:00.001000+00:00,0.0,0.0,0.0,0.0,176.6038,,8.0,KRX_HOLIDAY_OR_WEEKEND,PRE_GATE_REGIME
long bitget / short binance,bitget,binance,2026-06-27 08:00:00+00:00,0.0,0.0,0.0,0.0,176.6038,8.0,,KRX_HOLIDAY_OR_WEEKEND,PRE_GATE_REGIME
long bitget / short binance,bitget,binance,2026-06-27 08:00:00.001000+00:00,0.0,0.0,0.0,0.0,176.6038,,8.0,KRX_HOLIDAY_OR_WEEKEND,PRE_GATE_REGIME
long bitget / short binance,bitget,binance,2026-06-27 16:00:00+00:00,0.0,0.0,0.0,0.0,176.6038,8.0,,KRX_HOLIDAY_OR_WEEKEND,PRE_GATE_REGIME
long bitget / short binance,bitget,binance,2026-06-27 16:00:00.001000+00:00,0.0,0.0,0.0,0.0,176.6038,,8.0,KRX_HOLIDAY_OR_WEEKEND,PRE_GATE_REGIME
long bitget / short binance,bitget,binance,2026-06-28 00:00:00+00:00,0.0,0.0,0.0,0.0,176.6038,8.0,,KRX_HOLIDAY_OR_WEEKEND,PRE_GATE_REGIME
long bitget / short binance,bitget,binance,2026-06-28 00:00:00.002000+00:00,0.0,0.0,0.0,0.0,176.6038,,8.0,KRX_HOLIDAY_OR_WEEKEND,PRE_GATE_REGIME
long bitget / short binance,bitget,binance,2026-06-28 08:00:00+00:00,0.0,0.0,0.0,0.0,176.6038,8.0,,KRX_HOLIDAY_OR_WEEKEND,PRE_GATE_REGIME
long bitget / short binance,bitget,binance,2026-06-28 08:00:00.002000+00:00,0.0,0.00012761,0.00012761,1.2761,177.87990000000002,,8.0,KRX_HOLIDAY_OR_WEEKEND,PRE_GATE_REGIME
long bitget / short binance,bitget,binance,2026-06-28 16:00:00+00:00,0.0,0.0,0.0,0.0,177.87990000000002,8.0,,KRX_FULLY_CLOSED_PRE_US,PRE_GATE_REGIME
long bitget / short binance,bitget,binance,2026-06-28 16:00:00.001000+00:00,0.0,0.00039503,0.00039503,3.9503,181.83020000000002,,8.0,KRX_FULLY_CLOSED_PRE_US,PRE_GATE_REGIME
long bitget / short binance,bitget,binance,2026-06-29 00:00:00+00:00,0.0,0.0,0.0,0.0,181.83020000000002,8.0,,KRX_FULLY_CLOSED_PRE_US,PRE_GATE_REGIME
long bitget / short binance,bitget,binance,2026-06-29 00:00:00.001000+00:00,0.0,-0.00157443,-0.00157443,-15.744299999999999,166.0859,,8.0,KRX_FULLY_CLOSED_PRE_US,PRE_GATE_REGIME
long bitget / short binance,bitget,binance,2026-06-29 08:00:00+00:00,0.005,0.0,-0.005,-50.0,116.08590000000001,8.0,,KRX_OFFICIAL_AFTER_HOURS,PRE_GATE_REGIME
long bitget / short binance,bitget,binance,2026-06-29 08:00:00.001000+00:00,0.0,0.00288018,0.00288018,28.8018,144.8877,,8.0,KRX_OFFICIAL_AFTER_HOURS,PRE_GATE_REGIME
long bitget / short binance,bitget,binance,2026-06-29 16:00:00+00:00,0.0,0.0,0.0,0.0,144.8877,8.0,,US_REGULAR,PRE_GATE_REGIME
long bitget / short binance,bitget,binance,2026-06-29 16:00:00.001000+00:00,0.0,-0.00129015,-0.00129015,-12.9015,131.9862,,8.0,US_REGULAR,PRE_GATE_REGIME
long bitget / short binance,bitget,binance,2026-06-30 00:00:00+00:00,0.0,0.00023107,0.00023107,2.3106999999999998,134.2969,8.0,8.0,KRX_FULLY_CLOSED_PRE_US,PRE_GATE_REGIME
long bitget / short binance,bitget,binance,2026-06-30 08:00:00+00:00,0.001394,0.00073258,-0.00066142,-6.6142,127.6827,8.0,8.0,KRX_OFFICIAL_AFTER_HOURS,PRE_GATE_REGIME
long bitget / short binance,bitget,binance,2026-06-30 16:00:00+00:00,0.0,0.0,0.0,0.0,127.6827,8.0,,US_REGULAR,PRE_GATE_REGIME
long bitget / short binance,bitget,binance,2026-06-30 16:00:00.001000+00:00,0.0,0.00017477,0.00017477,1.7477,129.4304,,8.0,US_REGULAR,PRE_GATE_REGIME
long bitget / short binance,bitget,binance,2026-07-01 00:00:00+00:00,0.0,0.0,0.0,0.0,129.4304,8.0,8.0,KRX_FULLY_CLOSED_PRE_US,PRE_GATE_REGIME
long bitget / short binance,bitget,binance,2026-07-01 08:00:00+00:00,0.003308,0.0,-0.003308,-33.08,96.3504,8.0,,KRX_OFFICIAL_AFTER_HOURS,PRE_GATE_REGIME
long bitget / short binance,bitget,binance,2026-07-01 08:00:00.001000+00:00,0.0,0.00238242,0.00238242,23.8242,120.1746,,8.0,KRX_OFFICIAL_AFTER_HOURS,PRE_GATE_REGIME
long bitget / short binance,bitget,binance,2026-07-01 16:00:00+00:00,-8e-06,0.0,8e-06,0.08,120.2546,8.0,,US_REGULAR,PRE_GATE_REGIME
long bitget / short binance,bitget,binance,2026-07-01 16:00:00.001000+00:00,0.0,-0.00199192,-0.00199192,-19.9192,100.33539999999999,,8.0,US_REGULAR,PRE_GATE_REGIME
long bitget / short binance,bitget,binance,2026-07-02 00:00:00+00:00,-1.4e-05,-0.0016916,-0.0016776,-16.776,83.5594,8.0,8.0,KRX_FULLY_CLOSED_PRE_US,PRE_GATE_REGIME
long bitget / short binance,bitget,binance,2026-07-02 08:00:00+00:00,0.005,0.0,-0.005,-50.0,33.5594,8.0,,KRX_OFFICIAL_AFTER_HOURS,PRE_GATE_REGIME
long bitget / short binance,bitget,binance,2026-07-02 08:00:00.001000+00:00,0.0,0.00534933,0.00534933,53.493300000000005,87.0527,,8.0,KRX_OFFICIAL_AFTER_HOURS,PRE_GATE_REGIME
long bitget / short binance,bitget,binance,2026-07-02 16:00:00+00:00,-6.9e-05,0.0,6.9e-05,0.69,87.7427,8.0,,US_REGULAR,PRE_GATE_REGIME
long bitget / short binance,bitget,binance,2026-07-02 16:00:00.001000+00:00,0.0,-0.00149748,-0.00149748,-14.9748,72.7679,,8.0,US_REGULAR,PRE_GATE_REGIME
long bitget / short binance,bitget,binance,2026-07-03 00:00:00+00:00,0.0,0.0,0.0,0.0,72.7679,8.0,,KRX_FULLY_CLOSED_PRE_US,PRE_GATE_REGIME
long bitget / short binance,bitget,binance,2026-07-03 00:00:00.001000+00:00,0.0,0.00074962,0.00074962,7.4962,80.2641,,8.0,KRX_FULLY_CLOSED_PRE_US,PRE_GATE_REGIME
long bitget / short binance,bitget,binance,2026-07-03 08:00:00+00:00,0.001529,0.0,-0.001529,-15.29,64.97409999999999,8.0,,KRX_OFFICIAL_AFTER_HOURS,PRE_GATE_REGIME
long bitget / short binance,bitget,binance,2026-07-03 08:00:00.001000+00:00,0.0,0.00024412,0.00024412,2.4412,67.41529999999999,,8.0,KRX_OFFICIAL_AFTER_HOURS,PRE_GATE_REGIME
long bitget / short binance,bitget,binance,2026-07-03 16:00:00+00:00,0.0,0.0,0.0,0.0,67.41529999999999,8.0,,KRX_HOLIDAY_OR_WEEKEND,PRE_GATE_REGIME
long bitget / short binance,bitget,binance,2026-07-03 16:00:00.001000+00:00,0.0,0.0,0.0,0.0,67.41529999999999,,8.0,KRX_HOLIDAY_OR_WEEKEND,PRE_GATE_REGIME
long bitget / short binance,bitget,binance,2026-07-04 00:00:00+00:00,0.0,0.0,0.0,0.0,67.41529999999999,8.0,,KRX_HOLIDAY_OR_WEEKEND,PRE_GATE_REGIME
long bitget / short binance,bitget,binance,2026-07-04 00:00:00.001000+00:00,0.0,0.00054917,0.00054917,5.4917,72.90699999999998,,8.0,KRX_HOLIDAY_OR_WEEKEND,PRE_GATE_REGIME
long bitget / short binance,bitget,binance,2026-07-04 08:00:00+00:00,0.0,0.0,0.0,0.0,72.90699999999998,8.0,,KRX_HOLIDAY_OR_WEEKEND,PRE_GATE_REGIME
long bitget / short binance,bitget,binance,2026-07-04 08:00:00.001000+00:00,0.0,0.0,0.0,0.0,72.90699999999998,,8.0,KRX_HOLIDAY_OR_WEEKEND,PRE_GATE_REGIME
long bitget / short binance,bitget,binance,2026-07-04 16:00:00+00:00,0.0,0.0,0.0,0.0,72.90699999999998,8.0,,KRX_HOLIDAY_OR_WEEKEND,PRE_GATE_REGIME
long bitget / short binance,bitget,binance,2026-07-04 16:00:00.001000+00:00,0.0,0.0,0.0,0.0,72.90699999999998,,8.0,KRX_HOLIDAY_OR_WEEKEND,PRE_GATE_REGIME
long bitget / short binance,bitget,binance,2026-07-05 00:00:00+00:00,0.0,0.0,0.0,0.0,72.90699999999998,8.0,,KRX_HOLIDAY_OR_WEEKEND,PRE_GATE_REGIME
long bitget / short binance,bitget,binance,2026-07-05 00:00:00.002000+00:00,0.0,0.0,0.0,0.0,72.90699999999998,,8.0,KRX_HOLIDAY_OR_WEEKEND,PRE_GATE_REGIME
long bitget / short binance,bitget,binance,2026-07-05 08:00:00+00:00,0.0,0.0,0.0,0.0,72.90699999999998,8.0,,KRX_HOLIDAY_OR_WEEKEND,PRE_GATE_REGIME
long bitget / short binance,bitget,binance,2026-07-05 08:00:00.001000+00:00,0.0,0.0,0.0,0.0,72.90699999999998,,8.0,KRX_HOLIDAY_OR_WEEKEND,PRE_GATE_REGIME
long bitget / short binance,bitget,binance,2026-07-05 16:00:00+00:00,0.0,0.0,0.0,0.0,72.90699999999998,8.0,,KRX_FULLY_CLOSED_PRE_US,PRE_GATE_REGIME
long bitget / short binance,bitget,binance,2026-07-05 16:00:00.001000+00:00,0.0,0.0,0.0,0.0,72.90699999999998,,8.0,KRX_FULLY_CLOSED_PRE_US,PRE_GATE_REGIME
long bitget / short binance,bitget,binance,2026-07-06 00:00:00+00:00,0.0,0.0,0.0,0.0,72.90699999999998,8.0,,KRX_FULLY_CLOSED_PRE_US,PRE_GATE_REGIME
long bitget / short binance,bitget,binance,2026-07-06 00:00:00.001000+00:00,0.0,0.0,0.0,0.0,72.90699999999998,,8.0,KRX_FULLY_CLOSED_PRE_US,PRE_GATE_REGIME
long bitget / short binance,bitget,binance,2026-07-06 08:00:00+00:00,0.002485,0.0,-0.002485,-24.849999999999998,48.05699999999999,8.0,,KRX_OFFICIAL_AFTER_HOURS,PRE_GATE_REGIME
long bitget / short binance,bitget,binance,2026-07-06 08:00:00.001000+00:00,0.0,0.00247467,0.00247467,24.7467,72.80369999999999,,8.0,KRX_OFFICIAL_AFTER_HOURS,PRE_GATE_REGIME
long bitget / short binance,bitget,binance,2026-07-06 16:00:00+00:00,0.0,0.0,0.0,0.0,72.80369999999999,8.0,,US_REGULAR,PRE_GATE_REGIME
long bitget / short binance,bitget,binance,2026-07-06 16:00:00.001000+00:00,0.0,0.0,0.0,0.0,72.80369999999999,,8.0,US_REGULAR,PRE_GATE_REGIME
long bitget / short binance,bitget,binance,2026-07-07 00:00:00+00:00,0.0,0.0,0.0,0.0,72.80369999999999,8.0,,KRX_FULLY_CLOSED_PRE_US,PRE_GATE_REGIME
long bitget / short binance,bitget,binance,2026-07-07 00:00:00.001000+00:00,0.0,-0.00187311,-0.00187311,-18.7311,54.072599999999994,,8.0,KRX_FULLY_CLOSED_PRE_US,PRE_GATE_REGIME
long bitget / short binance,bitget,binance,2026-07-07 08:00:00+00:00,0.005,0.0,-0.005,-50.0,4.072599999999994,8.0,,KRX_OFFICIAL_AFTER_HOURS,PRE_GATE_REGIME
long bitget / short binance,bitget,binance,2026-07-07 08:00:00.001000+00:00,0.0,0.00661515,0.00661515,66.1515,70.22409999999999,,8.0,KRX_OFFICIAL_AFTER_HOURS,PRE_GATE_REGIME
long bitget / short binance,bitget,binance,2026-07-07 16:00:00+00:00,0.0,0.0,0.0,0.0,70.22409999999999,8.0,,US_REGULAR,PRE_GATE_REGIME
long bitget / short binance,bitget,binance,2026-07-07 16:00:00.001000+00:00,0.0,-0.00087944,-0.00087944,-8.7944,61.4297,,8.0,US_REGULAR,PRE_GATE_REGIME
long bitget / short binance,bitget,binance,2026-07-08 00:00:00+00:00,0.0,0.0,0.0,0.0,61.4297,8.0,,KRX_FULLY_CLOSED_PRE_US,PRE_GATE_REGIME
long bitget / short binance,bitget,binance,2026-07-08 00:00:00.002000+00:00,0.0,-0.00176129,-0.00176129,-17.6129,43.8168,,8.0,KRX_FULLY_CLOSED_PRE_US,PRE_GATE_REGIME
long bitget / short binance,bitget,binance,2026-07-08 08:00:00+00:00,0.003845,0.0,-0.003845,-38.449999999999996,5.366800000000005,8.0,,KRX_OFFICIAL_AFTER_HOURS,PRE_GATE_REGIME
long bitget / short binance,bitget,binance,2026-07-08 08:00:00.001000+00:00,0.0,0.00386943,0.00386943,38.6943,44.0611,,8.0,KRX_OFFICIAL_AFTER_HOURS,PRE_GATE_REGIME
long bitget / short binance,bitget,binance,2026-07-08 16:00:00+00:00,0.0,0.0,0.0,0.0,44.0611,8.0,,US_REGULAR,PRE_GATE_REGIME
long bitget / short binance,bitget,binance,2026-07-08 16:00:00.001000+00:00,0.0,0.00139656,0.00139656,13.9656,58.026700000000005,,8.0,US_REGULAR,PRE_GATE_REGIME
long bitget / short binance,bitget,binance,2026-07-09 00:00:00+00:00,0.0,0.0,0.0,0.0,58.026700000000005,8.0,,KRX_FULLY_CLOSED_PRE_US,PRE_GATE_REGIME
long bitget / short binance,bitget,binance,2026-07-09 00:00:00.001000+00:00,0.0,0.00102242,0.00102242,10.2242,68.2509,,8.0,KRX_FULLY_CLOSED_PRE_US,PRE_GATE_REGIME
long bitget / short binance,bitget,binance,2026-07-09 08:00:00+00:00,0.00409,0.0,-0.00409,-40.9,27.350900000000003,8.0,,KRX_OFFICIAL_AFTER_HOURS,PRE_GATE_REGIME
long bitget / short binance,bitget,binance,2026-07-09 08:00:00.001000+00:00,0.0,0.00473872,0.00473872,47.3872,74.7381,,8.0,KRX_OFFICIAL_AFTER_HOURS,PRE_GATE_REGIME
long bitget / short binance,bitget,binance,2026-07-09 16:00:00+00:00,0.0,0.0,0.0,0.0,74.7381,8.0,,US_REGULAR,PRE_GATE_REGIME
long bitget / short binance,bitget,binance,2026-07-09 16:00:00.001000+00:00,0.0,0.00112086,0.00112086,11.2086,85.9467,,8.0,US_REGULAR,PRE_GATE_REGIME
long bitget / short binance,bitget,binance,2026-07-10 00:00:00+00:00,0.0,0.0,0.0,0.0,85.9467,8.0,,KRX_FULLY_CLOSED_PRE_US,PRE_GATE_REGIME
long bitget / short binance,bitget,binance,2026-07-10 00:00:00.001000+00:00,0.0,0.0,0.0,0.0,85.9467,,8.0,KRX_FULLY_CLOSED_PRE_US,PRE_GATE_REGIME
long bitget / short binance,bitget,binance,2026-07-10 08:00:00+00:00,0.004771,0.0,-0.004771,-47.71,38.236700000000006,8.0,,KRX_OFFICIAL_AFTER_HOURS,PRE_GATE_REGIME
long bitget / short binance,bitget,binance,2026-07-10 08:00:00.001000+00:00,0.0,0.00317264,0.00317264,31.7264,69.96310000000001,,8.0,KRX_OFFICIAL_AFTER_HOURS,PRE_GATE_REGIME
long bitget / short binance,bitget,binance,2026-07-10 16:00:00+00:00,0.0,0.0,0.0,0.0,69.96310000000001,8.0,,KRX_HOLIDAY_OR_WEEKEND,PRE_GATE_REGIME
long bitget / short binance,bitget,binance,2026-07-10 16:00:00.001000+00:00,0.0,0.0,0.0,0.0,69.96310000000001,,8.0,KRX_HOLIDAY_OR_WEEKEND,PRE_GATE_REGIME
long bitget / short binance,bitget,binance,2026-07-11 00:00:00+00:00,0.0,0.0,0.0,0.0,69.96310000000001,8.0,,KRX_HOLIDAY_OR_WEEKEND,PRE_GATE_REGIME
long bitget / short binance,bitget,binance,2026-07-11 00:00:00.001000+00:00,0.0,0.0,0.0,0.0,69.96310000000001,,8.0,KRX_HOLIDAY_OR_WEEKEND,PRE_GATE_REGIME
long bitget / short binance,bitget,binance,2026-07-11 08:00:00+00:00,0.0,0.0,0.0,0.0,69.96310000000001,8.0,,KRX_HOLIDAY_OR_WEEKEND,PRE_GATE_REGIME
long bitget / short binance,bitget,binance,2026-07-11 08:00:00.001000+00:00,0.0,0.0,0.0,0.0,69.96310000000001,,8.0,KRX_HOLIDAY_OR_WEEKEND,PRE_GATE_REGIME
long bitget / short binance,bitget,binance,2026-07-11 16:00:00+00:00,0.0,0.0,0.0,0.0,69.96310000000001,8.0,,KRX_HOLIDAY_OR_WEEKEND,PRE_GATE_REGIME
long bitget / short binance,bitget,binance,2026-07-11 16:00:00.001000+00:00,0.0,0.0,0.0,0.0,69.96310000000001,,8.0,KRX_HOLIDAY_OR_WEEKEND,PRE_GATE_REGIME
long bitget / short binance,bitget,binance,2026-07-12 00:00:00+00:00,0.0,0.0,0.0,0.0,69.96310000000001,8.0,,KRX_HOLIDAY_OR_WEEKEND,PRE_GATE_REGIME
long bitget / short binance,bitget,binance,2026-07-12 00:00:00.001000+00:00,0.0,-2.293e-05,-2.293e-05,-0.2293,69.73380000000002,,8.0,KRX_HOLIDAY_OR_WEEKEND,PRE_GATE_REGIME
long bitget / short binance,bitget,binance,2026-07-12 08:00:00+00:00,0.0,0.0,0.0,0.0,69.73380000000002,8.0,,KRX_HOLIDAY_OR_WEEKEND,PRE_GATE_REGIME
long bitget / short binance,bitget,binance,2026-07-12 08:00:00.001000+00:00,0.0,0.0,0.0,0.0,69.73380000000002,,8.0,KRX_HOLIDAY_OR_WEEKEND,PRE_GATE_REGIME
long bitget / short binance,bitget,binance,2026-07-12 16:00:00+00:00,0.0,0.0,0.0,0.0,69.73380000000002,8.0,,KRX_FULLY_CLOSED_PRE_US,PRE_GATE_REGIME
long bitget / short binance,bitget,binance,2026-07-12 16:00:00.001000+00:00,0.0,0.0,0.0,0.0,69.73380000000002,,8.0,KRX_FULLY_CLOSED_PRE_US,PRE_GATE_REGIME
long bitget / short binance,bitget,binance,2026-07-13 00:00:00+00:00,0.0,0.0,0.0,0.0,69.73380000000002,8.0,,KRX_FULLY_CLOSED_PRE_US,PRE_GATE_REGIME
long bitget / short binance,bitget,binance,2026-07-13 00:00:00.001000+00:00,0.0,-0.00226626,-0.00226626,-22.6626,47.07120000000002,,8.0,KRX_FULLY_CLOSED_PRE_US,PRE_GATE_REGIME
long bitget / short binance,bitget,binance,2026-07-13 08:00:00+00:00,0.005,0.0,-0.005,-50.0,-2.928799999999981,8.0,,KRX_OFFICIAL_AFTER_HOURS,PRE_GATE_REGIME
long bitget / short binance,bitget,binance,2026-07-13 08:00:00.001000+00:00,0.0,0.005,0.005,50.0,47.07120000000002,,8.0,KRX_OFFICIAL_AFTER_HOURS,PRE_GATE_REGIME
long bitget / short binance,bitget,binance,2026-07-13 16:00:00+00:00,0.0,0.0,0.0,0.0,47.07120000000002,8.0,,US_REGULAR,PRE_GATE_REGIME
long bitget / short binance,bitget,binance,2026-07-13 16:00:00.001000+00:00,0.0,0.0,0.0,0.0,47.07120000000002,,8.0,US_REGULAR,PRE_GATE_REGIME
long bitget / short binance,bitget,binance,2026-07-14 00:00:00+00:00,0.0,0.0,0.0,0.0,47.07120000000002,8.0,,KRX_FULLY_CLOSED_PRE_US,PRE_GATE_REGIME
long bitget / short binance,bitget,binance,2026-07-14 00:00:00.002000+00:00,0.0,-0.00108201,-0.00108201,-10.8201,36.25110000000002,,8.0,KRX_FULLY_CLOSED_PRE_US,PRE_GATE_REGIME
long bitget / short binance,bitget,binance,2026-07-14 08:00:00+00:00,0.005,0.0,-0.005,-50.0,-13.748899999999978,8.0,,KRX_OFFICIAL_AFTER_HOURS,PRE_GATE_REGIME
long bitget / short binance,bitget,binance,2026-07-14 08:00:00.001000+00:00,0.0,0.005,0.005,50.0,36.25110000000002,,8.0,KRX_OFFICIAL_AFTER_HOURS,PRE_GATE_REGIME
long bitget / short binance,bitget,binance,2026-07-14 12:00:00+00:00,0.0,0.0,0.0,0.0,36.25110000000002,4.0,,KRX_FULLY_CLOSED_PRE_US,PRE_GATE_REGIME
long bitget / short binance,bitget,binance,2026-07-14 16:00:00+00:00,0.0,0.0,0.0,0.0,36.25110000000002,4.0,,US_REGULAR,PRE_GATE_REGIME
long bitget / short binance,bitget,binance,2026-07-14 16:00:00.001000+00:00,0.0,0.00192162,0.00192162,19.2162,55.46730000000002,,8.0,US_REGULAR,PRE_GATE_REGIME
long bitget / short binance,bitget,binance,2026-07-14 20:00:00+00:00,0.0,0.0,0.0,0.0,55.46730000000002,4.0,,US_AFTER_HOURS,PRE_GATE_REGIME
long bitget / short binance,bitget,binance,2026-07-14 20:00:00.001000+00:00,0.0,0.00133532,0.00133532,13.353200000000001,68.82050000000002,,4.0,US_AFTER_HOURS,PRE_GATE_REGIME
long bitget / short binance,bitget,binance,2026-07-15 00:00:00+00:00,0.0,0.0,0.0,0.0,68.82050000000002,4.0,,KRX_FULLY_CLOSED_PRE_US,PRE_GATE_REGIME
long bitget / short binance,bitget,binance,2026-07-15 00:00:00.001000+00:00,0.0,0.00171193,0.00171193,17.1193,85.93980000000002,,4.0,KRX_FULLY_CLOSED_PRE_US,PRE_GATE_REGIME
long bitget / short binance,bitget,binance,2026-07-15 04:00:00+00:00,0.0,0.0,0.0,0.0,85.93980000000002,4.0,,KRX_FULLY_CLOSED_PRE_US,PRE_GATE_REGIME
long bitget / short binance,bitget,binance,2026-07-15 04:00:00.001000+00:00,0.0,-0.00023997,-0.00023997,-2.3997,83.54010000000002,,4.0,KRX_FULLY_CLOSED_PRE_US,PRE_GATE_REGIME
long bitget / short binance,bitget,binance,2026-07-15 08:00:00+00:00,8e-05,0.0,-8e-05,-0.8,82.74010000000003,4.0,,KRX_OFFICIAL_AFTER_HOURS,PRE_GATE_REGIME
long bitget / short binance,bitget,binance,2026-07-15 08:00:00.001000+00:00,0.0,-0.00100191,-0.00100191,-10.0191,72.72100000000003,,4.0,KRX_OFFICIAL_AFTER_HOURS,PRE_GATE_REGIME
long bitget / short binance,bitget,binance,2026-07-15 12:00:00+00:00,0.0,0.0,0.0,0.0,72.72100000000003,4.0,,KRX_FULLY_CLOSED_PRE_US,PRE_GATE_REGIME
long bitget / short binance,bitget,binance,2026-07-15 12:00:00.002000+00:00,0.0,0.0,0.0,0.0,72.72100000000003,,4.0,KRX_FULLY_CLOSED_PRE_US,PRE_GATE_REGIME
long bitget / short binance,bitget,binance,2026-07-15 16:00:00+00:00,0.0,0.0,0.0,0.0,72.72100000000003,4.0,,US_REGULAR,PRE_GATE_REGIME
long bitget / short binance,bitget,binance,2026-07-15 16:00:00.001000+00:00,0.0,-0.00196477,-0.00196477,-19.647699999999997,53.07330000000003,,4.0,US_REGULAR,PRE_GATE_REGIME
long bitget / short binance,bitget,binance,2026-07-15 20:00:00+00:00,0.0,0.0,0.0,0.0,53.07330000000003,4.0,,US_AFTER_HOURS,PRE_GATE_REGIME
long bitget / short binance,bitget,binance,2026-07-15 20:00:00.001000+00:00,0.0,0.00064739,0.00064739,6.4738999999999995,59.54720000000003,,4.0,US_AFTER_HOURS,PRE_GATE_REGIME
long bitget / short binance,bitget,binance,2026-07-16 00:00:00+00:00,0.0,0.0,0.0,0.0,59.54720000000003,4.0,,KRX_FULLY_CLOSED_PRE_US,GATE_REGIME_20260716_19
long bitget / short binance,bitget,binance,2026-07-16 00:00:00.001000+00:00,0.0,-0.00129085,-0.00129085,-12.9085,46.63870000000003,,4.0,KRX_FULLY_CLOSED_PRE_US,GATE_REGIME_20260716_19
long bitget / short binance,bitget,binance,2026-07-16 04:00:00+00:00,0.001857,0.0,-0.001857,-18.57,28.068700000000028,4.0,,KRX_FULLY_CLOSED_PRE_US,GATE_REGIME_20260716_19
long bitget / short binance,bitget,binance,2026-07-16 04:00:00.001000+00:00,0.0,0.00168949,0.00168949,16.8949,44.96360000000003,,4.0,KRX_FULLY_CLOSED_PRE_US,GATE_REGIME_20260716_19
long bitget / short binance,bitget,binance,2026-07-16 08:00:00+00:00,0.000951,0.0,-0.000951,-9.51,35.45360000000003,4.0,,KRX_OFFICIAL_AFTER_HOURS,GATE_REGIME_20260716_19
long bitget / short binance,bitget,binance,2026-07-16 08:00:00.002000+00:00,0.0,0.00034557,0.00034557,3.4557,38.90930000000003,,4.0,KRX_OFFICIAL_AFTER_HOURS,GATE_REGIME_20260716_19
long bitget / short binance,bitget,binance,2026-07-16 12:00:00+00:00,0.0,0.0,0.0,0.0,38.90930000000003,4.0,,KRX_FULLY_CLOSED_PRE_US,GATE_REGIME_20260716_19
long bitget / short binance,bitget,binance,2026-07-16 12:00:00.001000+00:00,0.0,-9.577e-05,-9.577e-05,-0.9577,37.95160000000003,,4.0,KRX_FULLY_CLOSED_PRE_US,GATE_REGIME_20260716_19
long bitget / short binance,bitget,binance,2026-07-16 16:00:00+00:00,0.0,0.0,0.0,0.0,37.95160000000003,4.0,,US_REGULAR,GATE_REGIME_20260716_19
long bitget / short binance,bitget,binance,2026-07-16 16:00:00.001000+00:00,0.0,-0.00042886,-0.00042886,-4.2886,33.663000000000025,,4.0,US_REGULAR,GATE_REGIME_20260716_19
long bitget / short binance,bitget,binance,2026-07-16 20:00:00+00:00,0.0,0.0,0.0,0.0,33.663000000000025,4.0,,US_AFTER_HOURS,GATE_REGIME_20260716_19
long bitget / short binance,bitget,binance,2026-07-16 20:00:00.001000+00:00,0.0,-0.0009732,-0.0009732,-9.732,23.931000000000026,,4.0,US_AFTER_HOURS,GATE_REGIME_20260716_19
long bitget / short binance,bitget,binance,2026-07-17 00:00:00+00:00,0.0,0.0,0.0,0.0,23.931000000000026,4.0,,KRX_FULLY_CLOSED_PRE_US,GATE_REGIME_20260716_19
long bitget / short binance,bitget,binance,2026-07-17 00:00:00.001000+00:00,0.0,-0.00092102,-0.00092102,-9.2102,14.720800000000025,,4.0,KRX_FULLY_CLOSED_PRE_US,GATE_REGIME_20260716_19
long bitget / short binance,bitget,binance,2026-07-17 04:00:00+00:00,-0.002897,0.0,0.002897,28.97,43.690800000000024,4.0,,KRX_FULLY_CLOSED_PRE_US,GATE_REGIME_20260716_19
long bitget / short binance,bitget,binance,2026-07-17 04:00:00.001000+00:00,0.0,6.403e-05,6.403e-05,0.6403,44.33110000000003,,4.0,KRX_FULLY_CLOSED_PRE_US,GATE_REGIME_20260716_19
long bitget / short binance,bitget,binance,2026-07-17 08:00:00+00:00,0.0,0.0,0.0,0.0,44.33110000000003,4.0,,KRX_OFFICIAL_AFTER_HOURS,GATE_REGIME_20260716_19
long bitget / short binance,bitget,binance,2026-07-17 08:00:00.001000+00:00,0.0,-0.00143406,-0.00143406,-14.3406,29.990500000000026,,4.0,KRX_OFFICIAL_AFTER_HOURS,GATE_REGIME_20260716_19
long bitget / short binance,bitget,binance,2026-07-17 12:00:00+00:00,0.0,0.0,0.0,0.0,29.990500000000026,4.0,,KRX_FULLY_CLOSED_PRE_US,GATE_REGIME_20260716_19
long bitget / short binance,bitget,binance,2026-07-17 12:00:00.001000+00:00,0.0,0.00041051,0.00041051,4.1051,34.095600000000026,,4.0,KRX_FULLY_CLOSED_PRE_US,GATE_REGIME_20260716_19
long bitget / short binance,bitget,binance,2026-07-17 16:00:00+00:00,0.0,0.0,0.0,0.0,34.095600000000026,4.0,,KRX_HOLIDAY_OR_WEEKEND,GATE_REGIME_20260716_19
long bitget / short binance,bitget,binance,2026-07-17 16:00:00.001000+00:00,0.0,0.00150611,0.00150611,15.0611,49.15670000000003,,4.0,KRX_HOLIDAY_OR_WEEKEND,GATE_REGIME_20260716_19
long bitget / short binance,bitget,binance,2026-07-17 20:00:00+00:00,0.0,0.0,0.0,0.0,49.15670000000003,4.0,,KRX_HOLIDAY_OR_WEEKEND,GATE_REGIME_20260716_19
long bitget / short binance,bitget,binance,2026-07-17 20:00:00.001000+00:00,0.0,-0.00094887,-0.00094887,-9.4887,39.66800000000003,,4.0,KRX_HOLIDAY_OR_WEEKEND,GATE_REGIME_20260716_19
long bitget / short binance,bitget,binance,2026-07-18 00:00:00+00:00,0.0,0.0,0.0,0.0,39.66800000000003,4.0,,KRX_HOLIDAY_OR_WEEKEND,GATE_REGIME_20260716_19
long bitget / short binance,bitget,binance,2026-07-18 00:00:00.001000+00:00,0.0,0.0,0.0,0.0,39.66800000000003,,4.0,KRX_HOLIDAY_OR_WEEKEND,GATE_REGIME_20260716_19
long bitget / short binance,bitget,binance,2026-07-18 04:00:00+00:00,0.0,0.0,0.0,0.0,39.66800000000003,4.0,,KRX_HOLIDAY_OR_WEEKEND,GATE_REGIME_20260716_19
long bitget / short binance,bitget,binance,2026-07-18 04:00:00.002000+00:00,0.0,0.0,0.0,0.0,39.66800000000003,,4.0,KRX_HOLIDAY_OR_WEEKEND,GATE_REGIME_20260716_19
long bitget / short binance,bitget,binance,2026-07-18 08:00:00+00:00,0.0,0.0,0.0,0.0,39.66800000000003,4.0,,KRX_HOLIDAY_OR_WEEKEND,GATE_REGIME_20260716_19
long bitget / short binance,bitget,binance,2026-07-18 08:00:00.001000+00:00,0.0,0.0,0.0,0.0,39.66800000000003,,4.0,KRX_HOLIDAY_OR_WEEKEND,GATE_REGIME_20260716_19
long bitget / short binance,bitget,binance,2026-07-18 12:00:00+00:00,0.0,0.0,0.0,0.0,39.66800000000003,4.0,,KRX_HOLIDAY_OR_WEEKEND,GATE_REGIME_20260716_19
long bitget / short binance,bitget,binance,2026-07-18 12:00:00.001000+00:00,0.0,0.0,0.0,0.0,39.66800000000003,,4.0,KRX_HOLIDAY_OR_WEEKEND,GATE_REGIME_20260716_19
long bitget / short binance,bitget,binance,2026-07-18 16:00:00+00:00,0.0,0.0,0.0,0.0,39.66800000000003,4.0,,KRX_HOLIDAY_OR_WEEKEND,GATE_REGIME_20260716_19
long bitget / short binance,bitget,binance,2026-07-18 16:00:00.001000+00:00,0.0,-4.143e-05,-4.143e-05,-0.4143,39.25370000000003,,4.0,KRX_HOLIDAY_OR_WEEKEND,GATE_REGIME_20260716_19
long bitget / short binance,bitget,binance,2026-07-18 20:00:00+00:00,0.0,0.0,0.0,0.0,39.25370000000003,4.0,,KRX_HOLIDAY_OR_WEEKEND,GATE_REGIME_20260716_19
long bitget / short binance,bitget,binance,2026-07-18 20:00:00.001000+00:00,0.0,0.0,0.0,0.0,39.25370000000003,,4.0,KRX_HOLIDAY_OR_WEEKEND,GATE_REGIME_20260716_19
long bitget / short binance,bitget,binance,2026-07-19 00:00:00+00:00,0.0,0.0,0.0,0.0,39.25370000000003,4.0,,KRX_HOLIDAY_OR_WEEKEND,GATE_REGIME_20260716_19
long bitget / short binance,bitget,binance,2026-07-19 00:00:00.001000+00:00,0.0,0.0,0.0,0.0,39.25370000000003,,4.0,KRX_HOLIDAY_OR_WEEKEND,GATE_REGIME_20260716_19
long bitget / short binance,bitget,binance,2026-07-19 04:00:00+00:00,0.0,0.0,0.0,0.0,39.25370000000003,4.0,,KRX_HOLIDAY_OR_WEEKEND,GATE_REGIME_20260716_19
long bitget / short binance,bitget,binance,2026-07-19 04:00:00.001000+00:00,0.0,0.0,0.0,0.0,39.25370000000003,,4.0,KRX_HOLIDAY_OR_WEEKEND,GATE_REGIME_20260716_19
long bitget / short binance,bitget,binance,2026-07-19 08:00:00+00:00,0.0,0.0,0.0,0.0,39.25370000000003,4.0,,KRX_HOLIDAY_OR_WEEKEND,GATE_REGIME_20260716_19
long bitget / short binance,bitget,binance,2026-07-19 08:00:00.001000+00:00,0.0,8.177e-05,8.177e-05,0.8177,40.07140000000003,,4.0,KRX_HOLIDAY_OR_WEEKEND,GATE_REGIME_20260716_19
long bitget / short binance,bitget,binance,2026-07-19 12:00:00+00:00,0.0,0.0,0.0,0.0,40.07140000000003,4.0,,KRX_HOLIDAY_OR_WEEKEND,GATE_REGIME_20260716_19
long bitget / short binance,bitget,binance,2026-07-19 12:00:00.001000+00:00,0.0,-0.00014976,-0.00014976,-1.4976,38.573800000000034,,4.0,KRX_HOLIDAY_OR_WEEKEND,GATE_REGIME_20260716_19
long bitget / short binance,bitget,binance,2026-07-19 16:00:00+00:00,0.0,0.0,0.0,0.0,38.573800000000034,4.0,,KRX_FULLY_CLOSED_PRE_US,GATE_REGIME_20260716_19
long bitget / short binance,bitget,binance,2026-07-19 16:00:00.001000+00:00,0.0,0.0,0.0,0.0,38.573800000000034,,4.0,KRX_FULLY_CLOSED_PRE_US,GATE_REGIME_20260716_19
long bitget / short binance,bitget,binance,2026-07-19 20:00:00+00:00,0.0,0.0,0.0,0.0,38.573800000000034,4.0,,KRX_FULLY_CLOSED_PRE_US,GATE_REGIME_20260716_19
long bitget / short binance,bitget,binance,2026-07-19 20:00:00.001000+00:00,0.0,0.00020692,0.00020692,2.0692,40.643000000000036,,4.0,KRX_FULLY_CLOSED_PRE_US,GATE_REGIME_20260716_19
long bitget / short binance,bitget,binance,2026-07-20 00:00:00+00:00,0.0,0.0,0.0,0.0,40.643000000000036,4.0,,KRX_FULLY_CLOSED_PRE_US,POST_GATE_REGIME
long bitget / short binance,bitget,binance,2026-07-20 00:00:00.002000+00:00,0.0,-0.00031583,-0.00031583,-3.1583,37.48470000000004,,4.0,KRX_FULLY_CLOSED_PRE_US,POST_GATE_REGIME
long bitget / short binance,bitget,binance,2026-07-20 04:00:00+00:00,0.002053,0.0,-0.002053,-20.53,16.954700000000038,4.0,,KRX_FULLY_CLOSED_PRE_US,POST_GATE_REGIME
long bitget / short binance,bitget,binance,2026-07-20 04:00:00.001000+00:00,0.0,0.00166537,0.00166537,16.6537,33.60840000000004,,4.0,KRX_FULLY_CLOSED_PRE_US,POST_GATE_REGIME
long bitget / short binance,bitget,binance,2026-07-20 08:00:00+00:00,0.000392,0.0,-0.000392,-3.92,29.688400000000037,4.0,,KRX_OFFICIAL_AFTER_HOURS,POST_GATE_REGIME
long bitget / short binance,bitget,binance,2026-07-20 08:00:00.001000+00:00,0.0,0.00052817,0.00052817,5.2817,34.97010000000004,,4.0,KRX_OFFICIAL_AFTER_HOURS,POST_GATE_REGIME
long bitget / short binance,bitget,binance,2026-07-20 12:00:00+00:00,0.0,0.0,0.0,0.0,34.97010000000004,4.0,,KRX_FULLY_CLOSED_PRE_US,POST_GATE_REGIME
long bitget / short binance,bitget,binance,2026-07-20 12:00:00.001000+00:00,0.0,0.00060173,0.00060173,6.0173,40.98740000000004,,4.0,KRX_FULLY_CLOSED_PRE_US,POST_GATE_REGIME
long bitget / short binance,bitget,binance,2026-07-20 16:00:00+00:00,0.0,0.0,0.0,0.0,40.98740000000004,4.0,,US_REGULAR,POST_GATE_REGIME
long bitget / short binance,bitget,binance,2026-07-20 16:00:00.001000+00:00,0.0,-0.00016124,-0.00016124,-1.6124,39.375000000000036,,4.0,US_REGULAR,POST_GATE_REGIME
long bitget / short binance,bitget,binance,2026-07-20 20:00:00+00:00,0.0,0.0,0.0,0.0,39.375000000000036,4.0,,US_AFTER_HOURS,POST_GATE_REGIME
long bitget / short binance,bitget,binance,2026-07-20 20:00:00.001000+00:00,0.0,-0.00055024,-0.00055024,-5.5024,33.872600000000034,,4.0,US_AFTER_HOURS,POST_GATE_REGIME
long bitget / short binance,bitget,binance,2026-07-21 00:00:00+00:00,0.0,0.0,0.0,0.0,33.872600000000034,4.0,,KRX_FULLY_CLOSED_PRE_US,POST_GATE_REGIME
long bitget / short binance,bitget,binance,2026-07-21 00:00:00.001000+00:00,0.0,0.00015674,0.00015674,1.5674,35.44000000000003,,4.0,KRX_FULLY_CLOSED_PRE_US,POST_GATE_REGIME
long bitget / short binance,bitget,binance,2026-07-21 04:00:00+00:00,0.001675,0.0,-0.001675,-16.75,18.690000000000033,4.0,,KRX_FULLY_CLOSED_PRE_US,POST_GATE_REGIME
long bitget / short binance,bitget,binance,2026-07-21 04:00:00.002000+00:00,0.0,0.00119891,0.00119891,11.9891,30.679100000000034,,4.0,KRX_FULLY_CLOSED_PRE_US,POST_GATE_REGIME
long bitget / short binance,bitget,binance,2026-07-21 08:00:00+00:00,0.000301,0.0,-0.000301,-3.01,27.669100000000036,4.0,,KRX_OFFICIAL_AFTER_HOURS,POST_GATE_REGIME
long bitget / short binance,bitget,binance,2026-07-21 08:00:00.001000+00:00,0.0,0.00022498,0.00022498,2.2498,29.918900000000036,,4.0,KRX_OFFICIAL_AFTER_HOURS,POST_GATE_REGIME
long bitget / short binance,bitget,binance,2026-07-21 12:00:00+00:00,0.0,0.0,0.0,0.0,29.918900000000036,4.0,,KRX_FULLY_CLOSED_PRE_US,POST_GATE_REGIME
long bitget / short binance,bitget,binance,2026-07-21 12:00:00.001000+00:00,0.0,0.0,0.0,0.0,29.918900000000036,,4.0,KRX_FULLY_CLOSED_PRE_US,POST_GATE_REGIME
long bitget / short binance,bitget,binance,2026-07-21 16:00:00+00:00,0.0,0.00068707,0.00068707,6.8707,36.789600000000036,4.0,4.0,US_REGULAR,POST_GATE_REGIME
long bitget / short binance,bitget,binance,2026-07-21 20:00:00+00:00,0.0,0.0,0.0,0.0,36.789600000000036,4.0,,US_AFTER_HOURS,POST_GATE_REGIME
long bitget / short binance,bitget,binance,2026-07-21 20:00:00.001000+00:00,0.0,0.00010694,0.00010694,1.0694000000000001,37.85900000000004,,4.0,US_AFTER_HOURS,POST_GATE_REGIME
long bitget / short binance,bitget,binance,2026-07-22 00:00:00+00:00,0.0,0.0,0.0,0.0,37.85900000000004,4.0,4.0,KRX_FULLY_CLOSED_PRE_US,POST_GATE_REGIME
long bitget / short binance,bitget,binance,2026-07-22 04:00:00+00:00,0.000984,0.00034064,-0.00064336,-6.4336,31.42540000000004,4.0,4.0,KRX_FULLY_CLOSED_PRE_US,POST_GATE_REGIME
long bitget / short binance,bitget,binance,2026-07-22 08:00:00+00:00,0.000694,0.0,-0.000694,-6.9399999999999995,24.48540000000004,4.0,,KRX_OFFICIAL_AFTER_HOURS,POST_GATE_REGIME
long bitget / short binance,bitget,binance,2026-07-22 08:00:00.001000+00:00,0.0,0.00068087,0.00068087,6.8087,31.294100000000043,,4.0,KRX_OFFICIAL_AFTER_HOURS,POST_GATE_REGIME
long bitget / short binance,bitget,binance,2026-07-22 12:00:00+00:00,0.0,0.0,0.0,0.0,31.294100000000043,4.0,,KRX_FULLY_CLOSED_PRE_US,POST_GATE_REGIME
long bitget / short binance,bitget,binance,2026-07-22 12:00:00.001000+00:00,0.0,-0.00023337,-0.00023337,-2.3337,28.960400000000043,,4.0,KRX_FULLY_CLOSED_PRE_US,POST_GATE_REGIME
long bitget / short binance,bitget,binance,2026-07-22 16:00:00+00:00,0.0,0.0007125,0.0007125,7.125,36.08540000000004,4.0,4.0,US_REGULAR,POST_GATE_REGIME
long bitget / short binance,bitget,binance,2026-07-22 20:00:00+00:00,0.0,-5.632e-05,-5.632e-05,-0.5632,35.52220000000004,4.0,4.0,US_AFTER_HOURS,POST_GATE_REGIME
long bitget / short binance,bitget,binance,2026-07-23 00:00:00+00:00,0.0,0.0,0.0,0.0,35.52220000000004,4.0,4.0,KRX_FULLY_CLOSED_PRE_US,POST_GATE_REGIME
long bitget / short gate,bitget,gate,2026-07-16 20:00:00+00:00,0.0,0.0,0.0,0.0,0.0,4.0,,US_AFTER_HOURS,GATE_REGIME_20260716_19
long bitget / short gate,bitget,gate,2026-07-16 20:00:01+00:00,0.0,5e-05,5e-05,0.5,0.5,,4.0,US_AFTER_HOURS,GATE_REGIME_20260716_19
long bitget / short gate,bitget,gate,2026-07-17 00:00:00+00:00,0.0,0.0,0.0,0.0,0.5,4.0,,KRX_FULLY_CLOSED_PRE_US,GATE_REGIME_20260716_19
long bitget / short gate,bitget,gate,2026-07-17 00:00:03+00:00,0.0,5e-05,5e-05,0.5,1.0,,4.0,KRX_FULLY_CLOSED_PRE_US,GATE_REGIME_20260716_19
long bitget / short gate,bitget,gate,2026-07-17 04:00:00+00:00,-0.002897,0.0,0.002897,28.97,29.97,4.0,,KRX_FULLY_CLOSED_PRE_US,GATE_REGIME_20260716_19
long bitget / short gate,bitget,gate,2026-07-17 04:00:01+00:00,0.0,0.0005,0.0005,5.0,34.97,,4.0,KRX_FULLY_CLOSED_PRE_US,GATE_REGIME_20260716_19
long bitget / short gate,bitget,gate,2026-07-17 08:00:00+00:00,0.0,0.0,0.0,0.0,34.97,4.0,,KRX_OFFICIAL_AFTER_HOURS,GATE_REGIME_20260716_19
long bitget / short gate,bitget,gate,2026-07-17 08:00:03+00:00,0.0,0.0005,0.0005,5.0,39.97,,4.0,KRX_OFFICIAL_AFTER_HOURS,GATE_REGIME_20260716_19
long bitget / short gate,bitget,gate,2026-07-17 12:00:00+00:00,0.0,0.0,0.0,0.0,39.97,4.0,,KRX_FULLY_CLOSED_PRE_US,GATE_REGIME_20260716_19
long bitget / short gate,bitget,gate,2026-07-17 12:00:01+00:00,0.0,0.0005,0.0005,5.0,44.97,,4.0,KRX_FULLY_CLOSED_PRE_US,GATE_REGIME_20260716_19
long bitget / short gate,bitget,gate,2026-07-17 16:00:00+00:00,0.0,0.0,0.0,0.0,44.97,4.0,,KRX_HOLIDAY_OR_WEEKEND,GATE_REGIME_20260716_19
long bitget / short gate,bitget,gate,2026-07-17 16:00:03+00:00,0.0,0.0005,0.0005,5.0,49.97,,4.0,KRX_HOLIDAY_OR_WEEKEND,GATE_REGIME_20260716_19
long bitget / short gate,bitget,gate,2026-07-17 20:00:00+00:00,0.0,0.0,0.0,0.0,49.97,4.0,,KRX_HOLIDAY_OR_WEEKEND,GATE_REGIME_20260716_19
long bitget / short gate,bitget,gate,2026-07-17 20:00:01+00:00,0.0,0.0005,0.0005,5.0,54.97,,4.0,KRX_HOLIDAY_OR_WEEKEND,GATE_REGIME_20260716_19
long bitget / short gate,bitget,gate,2026-07-18 00:00:00+00:00,0.0,0.0,0.0,0.0,54.97,4.0,,KRX_HOLIDAY_OR_WEEKEND,GATE_REGIME_20260716_19
long bitget / short gate,bitget,gate,2026-07-18 00:00:03+00:00,0.0,0.0005,0.0005,5.0,59.97,,4.0,KRX_HOLIDAY_OR_WEEKEND,GATE_REGIME_20260716_19
long bitget / short gate,bitget,gate,2026-07-18 04:00:00+00:00,0.0,0.0,0.0,0.0,59.97,4.0,,KRX_HOLIDAY_OR_WEEKEND,GATE_REGIME_20260716_19
long bitget / short gate,bitget,gate,2026-07-18 04:00:01+00:00,0.0,0.0005,0.0005,5.0,64.97,,4.0,KRX_HOLIDAY_OR_WEEKEND,GATE_REGIME_20260716_19
long bitget / short gate,bitget,gate,2026-07-18 08:00:00+00:00,0.0,0.0,0.0,0.0,64.97,4.0,,KRX_HOLIDAY_OR_WEEKEND,GATE_REGIME_20260716_19
long bitget / short gate,bitget,gate,2026-07-18 08:00:02+00:00,0.0,0.0005,0.0005,5.0,69.97,,4.0,KRX_HOLIDAY_OR_WEEKEND,GATE_REGIME_20260716_19
long bitget / short gate,bitget,gate,2026-07-18 12:00:00+00:00,0.0,0.0,0.0,0.0,69.97,4.0,,KRX_HOLIDAY_OR_WEEKEND,GATE_REGIME_20260716_19
long bitget / short gate,bitget,gate,2026-07-18 12:00:01+00:00,0.0,0.0005,0.0005,5.0,74.97,,4.0,KRX_HOLIDAY_OR_WEEKEND,GATE_REGIME_20260716_19
long bitget / short gate,bitget,gate,2026-07-18 16:00:00+00:00,0.0,0.0,0.0,0.0,74.97,4.0,,KRX_HOLIDAY_OR_WEEKEND,GATE_REGIME_20260716_19
long bitget / short gate,bitget,gate,2026-07-18 16:00:03+00:00,0.0,0.0005,0.0005,5.0,79.97,,4.0,KRX_HOLIDAY_OR_WEEKEND,GATE_REGIME_20260716_19
long bitget / short gate,bitget,gate,2026-07-18 20:00:00+00:00,0.0,0.0,0.0,0.0,79.97,4.0,,KRX_HOLIDAY_OR_WEEKEND,GATE_REGIME_20260716_19
long bitget / short gate,bitget,gate,2026-07-18 20:00:01+00:00,0.0,0.0005,0.0005,5.0,84.97,,4.0,KRX_HOLIDAY_OR_WEEKEND,GATE_REGIME_20260716_19
long bitget / short gate,bitget,gate,2026-07-19 00:00:00+00:00,0.0,0.0,0.0,0.0,84.97,4.0,,KRX_HOLIDAY_OR_WEEKEND,GATE_REGIME_20260716_19
long bitget / short gate,bitget,gate,2026-07-19 00:00:02+00:00,0.0,0.0005,0.0005,5.0,89.97,,4.0,KRX_HOLIDAY_OR_WEEKEND,GATE_REGIME_20260716_19
long bitget / short gate,bitget,gate,2026-07-19 04:00:00+00:00,0.0,0.0,0.0,0.0,89.97,4.0,,KRX_HOLIDAY_OR_WEEKEND,GATE_REGIME_20260716_19
long bitget / short gate,bitget,gate,2026-07-19 04:00:01+00:00,0.0,0.000443,0.000443,4.43,94.4,,4.0,KRX_HOLIDAY_OR_WEEKEND,GATE_REGIME_20260716_19
long bitget / short gate,bitget,gate,2026-07-19 08:00:00+00:00,0.0,0.0,0.0,0.0,94.4,4.0,,KRX_HOLIDAY_OR_WEEKEND,GATE_REGIME_20260716_19
long bitget / short gate,bitget,gate,2026-07-19 08:00:03+00:00,0.0,0.0005,0.0005,5.0,99.4,,4.0,KRX_HOLIDAY_OR_WEEKEND,GATE_REGIME_20260716_19
long bitget / short gate,bitget,gate,2026-07-19 12:00:00+00:00,0.0,0.0,0.0,0.0,99.4,4.0,,KRX_HOLIDAY_OR_WEEKEND,GATE_REGIME_20260716_19
long bitget / short gate,bitget,gate,2026-07-19 12:00:01+00:00,0.0,0.000221,0.000221,2.21,101.61,,4.0,KRX_HOLIDAY_OR_WEEKEND,GATE_REGIME_20260716_19
long bitget / short gate,bitget,gate,2026-07-19 16:00:00+00:00,0.0,0.0,0.0,0.0,101.61,4.0,,KRX_FULLY_CLOSED_PRE_US,GATE_REGIME_20260716_19
long bitget / short gate,bitget,gate,2026-07-19 16:00:03+00:00,0.0,0.000377,0.000377,3.77,105.38,,4.0,KRX_FULLY_CLOSED_PRE_US,GATE_REGIME_20260716_19
long bitget / short gate,bitget,gate,2026-07-19 20:00:00+00:00,0.0,0.0,0.0,0.0,105.38,4.0,,KRX_FULLY_CLOSED_PRE_US,GATE_REGIME_20260716_19
long bitget / short gate,bitget,gate,2026-07-19 20:00:01+00:00,0.0,0.0005,0.0005,5.0,110.38,,4.0,KRX_FULLY_CLOSED_PRE_US,GATE_REGIME_20260716_19
long bitget / short gate,bitget,gate,2026-07-20 00:00:00+00:00,0.0,0.0,0.0,0.0,110.38,4.0,,KRX_FULLY_CLOSED_PRE_US,POST_GATE_REGIME
long bitget / short gate,bitget,gate,2026-07-20 00:00:03+00:00,0.0,0.0005,0.0005,5.0,115.38,,4.0,KRX_FULLY_CLOSED_PRE_US,POST_GATE_REGIME
long bitget / short gate,bitget,gate,2026-07-20 04:00:00+00:00,0.002053,0.0,-0.002053,-20.53,94.85,4.0,,KRX_FULLY_CLOSED_PRE_US,POST_GATE_REGIME
long bitget / short gate,bitget,gate,2026-07-20 04:00:02+00:00,0.0,0.0005,0.0005,5.0,99.85,,4.0,KRX_FULLY_CLOSED_PRE_US,POST_GATE_REGIME
long bitget / short gate,bitget,gate,2026-07-20 08:00:00+00:00,0.000392,0.0,-0.000392,-3.92,95.92999999999999,4.0,,KRX_OFFICIAL_AFTER_HOURS,POST_GATE_REGIME
long bitget / short gate,bitget,gate,2026-07-20 08:00:03+00:00,0.0,0.0005,0.0005,5.0,100.92999999999999,,4.0,KRX_OFFICIAL_AFTER_HOURS,POST_GATE_REGIME
long bitget / short gate,bitget,gate,2026-07-20 12:00:00+00:00,0.0,0.0,0.0,0.0,100.92999999999999,4.0,,KRX_FULLY_CLOSED_PRE_US,POST_GATE_REGIME
long bitget / short gate,bitget,gate,2026-07-20 12:00:01+00:00,0.0,5e-05,5e-05,0.5,101.42999999999999,,4.0,KRX_FULLY_CLOSED_PRE_US,POST_GATE_REGIME
long bitget / short gate,bitget,gate,2026-07-20 16:00:00+00:00,0.0,0.0,0.0,0.0,101.42999999999999,4.0,,US_REGULAR,POST_GATE_REGIME
long bitget / short gate,bitget,gate,2026-07-20 16:00:03+00:00,0.0,5e-05,5e-05,0.5,101.92999999999999,,4.0,US_REGULAR,POST_GATE_REGIME
long bitget / short gate,bitget,gate,2026-07-20 20:00:00+00:00,0.0,0.0,0.0,0.0,101.92999999999999,4.0,,US_AFTER_HOURS,POST_GATE_REGIME
long bitget / short gate,bitget,gate,2026-07-20 20:00:01+00:00,0.0,5e-05,5e-05,0.5,102.42999999999999,,4.0,US_AFTER_HOURS,POST_GATE_REGIME
long bitget / short gate,bitget,gate,2026-07-21 00:00:00+00:00,0.0,0.0,0.0,0.0,102.42999999999999,4.0,,KRX_FULLY_CLOSED_PRE_US,POST_GATE_REGIME
long bitget / short gate,bitget,gate,2026-07-21 00:00:03+00:00,0.0,0.000449,0.000449,4.49,106.91999999999999,,4.0,KRX_FULLY_CLOSED_PRE_US,POST_GATE_REGIME
long bitget / short gate,bitget,gate,2026-07-21 04:00:00+00:00,0.001675,0.0,-0.001675,-16.75,90.16999999999999,4.0,,KRX_FULLY_CLOSED_PRE_US,POST_GATE_REGIME
long bitget / short gate,bitget,gate,2026-07-21 04:00:01+00:00,0.0,0.000175,0.000175,1.75,91.91999999999999,,4.0,KRX_FULLY_CLOSED_PRE_US,POST_GATE_REGIME
long bitget / short gate,bitget,gate,2026-07-21 08:00:00+00:00,0.000301,0.0,-0.000301,-3.01,88.90999999999998,4.0,,KRX_OFFICIAL_AFTER_HOURS,POST_GATE_REGIME
long bitget / short gate,bitget,gate,2026-07-21 08:00:03+00:00,0.0,0.000363,0.000363,3.63,92.53999999999998,,4.0,KRX_OFFICIAL_AFTER_HOURS,POST_GATE_REGIME
long bitget / short gate,bitget,gate,2026-07-21 12:00:00+00:00,0.0,0.0,0.0,0.0,92.53999999999998,4.0,,KRX_FULLY_CLOSED_PRE_US,POST_GATE_REGIME
long bitget / short gate,bitget,gate,2026-07-21 12:00:01+00:00,0.0,0.000178,0.000178,1.7799999999999998,94.31999999999998,,4.0,KRX_FULLY_CLOSED_PRE_US,POST_GATE_REGIME
long bitget / short gate,bitget,gate,2026-07-21 16:00:00+00:00,0.0,0.0,0.0,0.0,94.31999999999998,4.0,,US_REGULAR,POST_GATE_REGIME
long bitget / short gate,bitget,gate,2026-07-21 16:00:03+00:00,0.0,0.000493,0.000493,4.93,99.24999999999997,,4.0,US_REGULAR,POST_GATE_REGIME
long bitget / short gate,bitget,gate,2026-07-21 20:00:00+00:00,0.0,0.0,0.0,0.0,99.24999999999997,4.0,,US_AFTER_HOURS,POST_GATE_REGIME
long bitget / short gate,bitget,gate,2026-07-21 20:00:01+00:00,0.0,5.8e-05,5.8e-05,0.58,99.82999999999997,,4.0,US_AFTER_HOURS,POST_GATE_REGIME
long bitget / short gate,bitget,gate,2026-07-22 00:00:00+00:00,0.0,0.0,0.0,0.0,99.82999999999997,4.0,,KRX_FULLY_CLOSED_PRE_US,POST_GATE_REGIME
long bitget / short gate,bitget,gate,2026-07-22 00:00:03+00:00,0.0,0.000122,0.000122,1.22,101.04999999999997,,4.0,KRX_FULLY_CLOSED_PRE_US,POST_GATE_REGIME
long bitget / short gate,bitget,gate,2026-07-22 04:00:00+00:00,0.000984,0.0,-0.000984,-9.84,91.20999999999997,4.0,,KRX_FULLY_CLOSED_PRE_US,POST_GATE_REGIME
long bitget / short gate,bitget,gate,2026-07-22 04:00:02+00:00,0.0,5e-05,5e-05,0.5,91.70999999999997,,4.0,KRX_FULLY_CLOSED_PRE_US,POST_GATE_REGIME
long bitget / short gate,bitget,gate,2026-07-22 08:00:00+00:00,0.000694,0.0,-0.000694,-6.9399999999999995,84.76999999999997,4.0,,KRX_OFFICIAL_AFTER_HOURS,POST_GATE_REGIME
long bitget / short gate,bitget,gate,2026-07-22 08:00:03+00:00,0.0,0.000107,0.000107,1.07,85.83999999999996,,4.0,KRX_OFFICIAL_AFTER_HOURS,POST_GATE_REGIME
long bitget / short gate,bitget,gate,2026-07-22 12:00:00+00:00,0.0,0.0,0.0,0.0,85.83999999999996,4.0,,KRX_FULLY_CLOSED_PRE_US,POST_GATE_REGIME
long bitget / short gate,bitget,gate,2026-07-22 12:00:01+00:00,0.0,0.000102,0.000102,1.02,86.85999999999996,,4.0,KRX_FULLY_CLOSED_PRE_US,POST_GATE_REGIME
long bitget / short gate,bitget,gate,2026-07-22 16:00:00+00:00,0.0,0.0,0.0,0.0,86.85999999999996,4.0,,US_REGULAR,POST_GATE_REGIME
long bitget / short gate,bitget,gate,2026-07-22 16:00:03+00:00,0.0,0.000262,0.000262,2.62,89.47999999999996,,4.0,US_REGULAR,POST_GATE_REGIME
long bitget / short gate,bitget,gate,2026-07-22 20:00:00+00:00,0.0,0.0,0.0,0.0,89.47999999999996,4.0,,US_AFTER_HOURS,POST_GATE_REGIME
long bitget / short gate,bitget,gate,2026-07-22 20:00:01+00:00,0.0,5e-05,5e-05,0.5,89.97999999999996,,4.0,US_AFTER_HOURS,POST_GATE_REGIME
long bitget / short gate,bitget,gate,2026-07-23 00:00:00+00:00,0.0,0.0,0.0,0.0,89.97999999999996,4.0,,KRX_FULLY_CLOSED_PRE_US,POST_GATE_REGIME
long bitget / short gate,bitget,gate,2026-07-23 00:00:03+00:00,0.0,5e-05,5e-05,0.5,90.47999999999996,,4.0,KRX_FULLY_CLOSED_PRE_US,POST_GATE_REGIME
long bitget / short hyperliquid,bitget,hyperliquid,2026-07-19 17:00:00.043000+00:00,0.0,-0.0001463669,-0.0001463669,-1.4636689999999999,-1.4636689999999999,,1.0,KRX_FULLY_CLOSED_PRE_US,GATE_REGIME_20260716_19
long bitget / short hyperliquid,bitget,hyperliquid,2026-07-19 18:00:00.049000+00:00,0.0,0.0001350793,0.0001350793,1.350793,-0.11287599999999998,,1.0,KRX_FULLY_CLOSED_PRE_US,GATE_REGIME_20260716_19
long bitget / short hyperliquid,bitget,hyperliquid,2026-07-19 19:00:00.049000+00:00,0.0,6.25e-06,6.25e-06,0.0625,-0.050375999999999976,,1.0,KRX_FULLY_CLOSED_PRE_US,GATE_REGIME_20260716_19
long bitget / short hyperliquid,bitget,hyperliquid,2026-07-19 20:00:00+00:00,0.0,0.0,0.0,0.0,-0.050375999999999976,4.0,,KRX_FULLY_CLOSED_PRE_US,GATE_REGIME_20260716_19
long bitget / short hyperliquid,bitget,hyperliquid,2026-07-19 20:00:00.010000+00:00,0.0,0.0001424997,0.0001424997,1.424997,1.374621,,1.0,KRX_FULLY_CLOSED_PRE_US,GATE_REGIME_20260716_19
long bitget / short hyperliquid,bitget,hyperliquid,2026-07-19 21:00:00.026000+00:00,0.0,6.25e-06,6.25e-06,0.0625,1.437121,,1.0,KRX_FULLY_CLOSED_PRE_US,GATE_REGIME_20260716_19
long bitget / short hyperliquid,bitget,hyperliquid,2026-07-19 22:00:00.049000+00:00,0.0,6.25e-06,6.25e-06,0.0625,1.499621,,1.0,KRX_FULLY_CLOSED_PRE_US,GATE_REGIME_20260716_19
long bitget / short hyperliquid,bitget,hyperliquid,2026-07-19 23:00:00.014000+00:00,0.0,0.0001120228,0.0001120228,1.120228,2.6198490000000003,,1.0,KRX_FULLY_CLOSED_PRE_US,GATE_REGIME_20260716_19
long bitget / short hyperliquid,bitget,hyperliquid,2026-07-20 00:00:00+00:00,0.0,0.0,0.0,0.0,2.6198490000000003,4.0,,KRX_FULLY_CLOSED_PRE_US,POST_GATE_REGIME
long bitget / short hyperliquid,bitget,hyperliquid,2026-07-20 00:00:00.034000+00:00,0.0,0.0002688809,0.0002688809,2.6888090000000004,5.308658000000001,,1.0,KRX_FULLY_CLOSED_PRE_US,POST_GATE_REGIME
long bitget / short hyperliquid,bitget,hyperliquid,2026-07-20 01:00:00.063000+00:00,0.0,6.25e-06,6.25e-06,0.0625,5.371158000000001,,1.0,KRX_FULLY_CLOSED_PRE_US,POST_GATE_REGIME
long bitget / short hyperliquid,bitget,hyperliquid,2026-07-20 02:00:00.052000+00:00,0.0,6.25e-06,6.25e-06,0.0625,5.433658000000001,,1.0,KRX_FULLY_CLOSED_PRE_US,POST_GATE_REGIME
long bitget / short hyperliquid,bitget,hyperliquid,2026-07-20 03:00:00.046000+00:00,0.0,0.0001277184,0.0001277184,1.277184,6.710842000000001,,1.0,KRX_FULLY_CLOSED_PRE_US,POST_GATE_REGIME
long bitget / short hyperliquid,bitget,hyperliquid,2026-07-20 04:00:00+00:00,0.002053,0.0,-0.002053,-20.53,-13.819158,4.0,,KRX_FULLY_CLOSED_PRE_US,POST_GATE_REGIME
long bitget / short hyperliquid,bitget,hyperliquid,2026-07-20 04:00:00.011000+00:00,0.0,0.000122697,0.000122697,1.2269700000000001,-12.592188,,1.0,KRX_FULLY_CLOSED_PRE_US,POST_GATE_REGIME
long bitget / short hyperliquid,bitget,hyperliquid,2026-07-20 05:00:00.027000+00:00,0.0,6.8249e-05,6.8249e-05,0.68249,-11.909698,,1.0,KRX_FULLY_CLOSED_PRE_US,POST_GATE_REGIME
long bitget / short hyperliquid,bitget,hyperliquid,2026-07-20 06:00:00.047000+00:00,0.0,9.18419e-05,9.18419e-05,0.918419,-10.991279,,1.0,PRE_CLOSE_BASELINE,POST_GATE_REGIME
long bitget / short hyperliquid,bitget,hyperliquid,2026-07-20 07:00:00.008000+00:00,0.0,-5.71341e-05,-5.71341e-05,-0.571341,-11.56262,,1.0,KRX_OFFICIAL_AFTER_HOURS,POST_GATE_REGIME
long bitget / short hyperliquid,bitget,hyperliquid,2026-07-20 08:00:00+00:00,0.000392,0.0,-0.000392,-3.92,-15.48262,4.0,,KRX_OFFICIAL_AFTER_HOURS,POST_GATE_REGIME
long bitget / short hyperliquid,bitget,hyperliquid,2026-07-20 08:00:00.058000+00:00,0.0,9.36582e-05,9.36582e-05,0.936582,-14.546038000000001,,1.0,KRX_OFFICIAL_AFTER_HOURS,POST_GATE_REGIME
long bitget / short hyperliquid,bitget,hyperliquid,2026-07-20 09:00:00.029000+00:00,0.0,2.73756e-05,2.73756e-05,0.273756,-14.272282,,1.0,KRX_FULLY_CLOSED_PRE_US,POST_GATE_REGIME
long bitget / short hyperliquid,bitget,hyperliquid,2026-07-20 10:00:00.029000+00:00,0.0,-6.04045e-05,-6.04045e-05,-0.604045,-14.876327,,1.0,KRX_FULLY_CLOSED_PRE_US,POST_GATE_REGIME
long bitget / short hyperliquid,bitget,hyperliquid,2026-07-20 11:00:00+00:00,0.0,-9.70366e-05,-9.70366e-05,-0.970366,-15.846693,,1.0,KRX_FULLY_CLOSED_PRE_US,POST_GATE_REGIME
long bitget / short hyperliquid,bitget,hyperliquid,2026-07-20 12:00:00+00:00,0.0,1.8678e-06,1.8678e-06,0.018678,-15.828015,4.0,1.0,KRX_FULLY_CLOSED_PRE_US,POST_GATE_REGIME
long bitget / short hyperliquid,bitget,hyperliquid,2026-07-20 13:00:00.047000+00:00,0.0,-0.000148396,-0.000148396,-1.48396,-17.311975,,1.0,KRX_FULLY_CLOSED_PRE_US,POST_GATE_REGIME
long bitget / short hyperliquid,bitget,hyperliquid,2026-07-20 14:00:00.049000+00:00,0.0,6.25e-06,6.25e-06,0.0625,-17.249475,,1.0,US_REGULAR,POST_GATE_REGIME
long bitget / short hyperliquid,bitget,hyperliquid,2026-07-20 15:00:00.053000+00:00,0.0,-0.0005133502,-0.0005133502,-5.133502000000001,-22.382977,,1.0,US_REGULAR,POST_GATE_REGIME
long bitget / short hyperliquid,bitget,hyperliquid,2026-07-20 16:00:00+00:00,0.0,0.0,0.0,0.0,-22.382977,4.0,,US_REGULAR,POST_GATE_REGIME
long bitget / short hyperliquid,bitget,hyperliquid,2026-07-20 16:00:00.104000+00:00,0.0,6.19623e-05,6.19623e-05,0.6196229999999999,-21.763354,,1.0,US_REGULAR,POST_GATE_REGIME
long bitget / short hyperliquid,bitget,hyperliquid,2026-07-20 17:00:00.046000+00:00,0.0,3.4695e-06,3.4695e-06,0.034695,-21.728659,,1.0,US_REGULAR,POST_GATE_REGIME
long bitget / short hyperliquid,bitget,hyperliquid,2026-07-20 18:00:00.027000+00:00,0.0,-0.0001098492,-0.0001098492,-1.098492,-22.827151,,1.0,US_REGULAR,POST_GATE_REGIME
long bitget / short hyperliquid,bitget,hyperliquid,2026-07-20 19:00:00.035000+00:00,0.0,-0.0001310207,-0.0001310207,-1.310207,-24.137358,,1.0,US_REGULAR,POST_GATE_REGIME
long bitget / short hyperliquid,bitget,hyperliquid,2026-07-20 20:00:00+00:00,0.0,0.0,0.0,0.0,-24.137358,4.0,,US_AFTER_HOURS,POST_GATE_REGIME
long bitget / short hyperliquid,bitget,hyperliquid,2026-07-20 20:00:00.008000+00:00,0.0,-0.0001973298,-0.0001973298,-1.973298,-26.110656,,1.0,US_AFTER_HOURS,POST_GATE_REGIME
long bitget / short hyperliquid,bitget,hyperliquid,2026-07-20 21:00:00.006000+00:00,0.0,-0.0001334196,-0.0001334196,-1.3341960000000002,-27.444851999999997,,1.0,US_AFTER_HOURS,POST_GATE_REGIME
long bitget / short hyperliquid,bitget,hyperliquid,2026-07-20 22:00:00.003000+00:00,0.0,-4.86277e-05,-4.86277e-05,-0.486277,-27.931129,,1.0,US_AFTER_HOURS,POST_GATE_REGIME
long bitget / short hyperliquid,bitget,hyperliquid,2026-07-20 23:00:00.048000+00:00,0.0,0.0001237952,0.0001237952,1.237952,-26.693177,,1.0,US_AFTER_HOURS,POST_GATE_REGIME
long bitget / short hyperliquid,bitget,hyperliquid,2026-07-21 00:00:00+00:00,0.0,0.0,0.0,0.0,-26.693177,4.0,,KRX_FULLY_CLOSED_PRE_US,POST_GATE_REGIME
long bitget / short hyperliquid,bitget,hyperliquid,2026-07-21 00:00:00.040000+00:00,0.0,0.0001142159,0.0001142159,1.142159,-25.551018,,1.0,KRX_FULLY_CLOSED_PRE_US,POST_GATE_REGIME
long bitget / short hyperliquid,bitget,hyperliquid,2026-07-21 01:00:00.005000+00:00,0.0,8.78528e-05,8.78528e-05,0.878528,-24.67249,,1.0,KRX_FULLY_CLOSED_PRE_US,POST_GATE_REGIME
long bitget / short hyperliquid,bitget,hyperliquid,2026-07-21 02:00:00.036000+00:00,0.0,6.25e-06,6.25e-06,0.0625,-24.60999,,1.0,KRX_FULLY_CLOSED_PRE_US,POST_GATE_REGIME
long bitget / short hyperliquid,bitget,hyperliquid,2026-07-21 03:00:00.030000+00:00,0.0,0.0001476351,0.0001476351,1.476351,-23.133639,,1.0,KRX_FULLY_CLOSED_PRE_US,POST_GATE_REGIME
long bitget / short hyperliquid,bitget,hyperliquid,2026-07-21 04:00:00+00:00,0.001675,0.0,-0.001675,-16.75,-39.883639,4.0,,KRX_FULLY_CLOSED_PRE_US,POST_GATE_REGIME
long bitget / short hyperliquid,bitget,hyperliquid,2026-07-21 04:00:00.001000+00:00,0.0,5.6757e-05,5.6757e-05,0.56757,-39.316069,,1.0,KRX_FULLY_CLOSED_PRE_US,POST_GATE_REGIME
long bitget / short hyperliquid,bitget,hyperliquid,2026-07-21 05:00:00.004000+00:00,0.0,6.25e-06,6.25e-06,0.0625,-39.253569,,1.0,KRX_FULLY_CLOSED_PRE_US,POST_GATE_REGIME
long bitget / short hyperliquid,bitget,hyperliquid,2026-07-21 06:00:00.043000+00:00,0.0,6.91257e-05,6.91257e-05,0.6912569999999999,-38.562312,,1.0,PRE_CLOSE_BASELINE,POST_GATE_REGIME
long bitget / short hyperliquid,bitget,hyperliquid,2026-07-21 07:00:00.034000+00:00,0.0,-7.8665e-06,-7.8665e-06,-0.078665,-38.640977,,1.0,KRX_OFFICIAL_AFTER_HOURS,POST_GATE_REGIME
long bitget / short hyperliquid,bitget,hyperliquid,2026-07-21 08:00:00+00:00,0.000301,0.0,-0.000301,-3.01,-41.650977,4.0,,KRX_OFFICIAL_AFTER_HOURS,POST_GATE_REGIME
long bitget / short hyperliquid,bitget,hyperliquid,2026-07-21 08:00:00.035000+00:00,0.0,0.0002088394,0.0002088394,2.088394,-39.562583,,1.0,KRX_OFFICIAL_AFTER_HOURS,POST_GATE_REGIME
long bitget / short hyperliquid,bitget,hyperliquid,2026-07-21 09:00:00.044000+00:00,0.0,0.0001967108,0.0001967108,1.967108,-37.59547499999999,,1.0,KRX_FULLY_CLOSED_PRE_US,POST_GATE_REGIME
long bitget / short hyperliquid,bitget,hyperliquid,2026-07-21 10:00:00.032000+00:00,0.0,1.6442e-06,1.6442e-06,0.016442000000000002,-37.579032999999995,,1.0,KRX_FULLY_CLOSED_PRE_US,POST_GATE_REGIME
long bitget / short hyperliquid,bitget,hyperliquid,2026-07-21 11:00:00.043000+00:00,0.0,2.52931e-05,2.52931e-05,0.252931,-37.326102,,1.0,KRX_FULLY_CLOSED_PRE_US,POST_GATE_REGIME
long bitget / short hyperliquid,bitget,hyperliquid,2026-07-21 12:00:00+00:00,0.0,0.0,0.0,0.0,-37.326102,4.0,,KRX_FULLY_CLOSED_PRE_US,POST_GATE_REGIME
long bitget / short hyperliquid,bitget,hyperliquid,2026-07-21 12:00:00.029000+00:00,0.0,-6.63142e-05,-6.63142e-05,-0.663142,-37.989244,,1.0,KRX_FULLY_CLOSED_PRE_US,POST_GATE_REGIME
long bitget / short hyperliquid,bitget,hyperliquid,2026-07-21 13:00:00.025000+00:00,0.0,-5.06018e-05,-5.06018e-05,-0.506018,-38.495262,,1.0,KRX_FULLY_CLOSED_PRE_US,POST_GATE_REGIME
long bitget / short hyperliquid,bitget,hyperliquid,2026-07-21 14:00:00.062000+00:00,0.0,0.0002787525,0.0002787525,2.787525,-35.707736999999995,,1.0,US_REGULAR,POST_GATE_REGIME
long bitget / short hyperliquid,bitget,hyperliquid,2026-07-21 15:00:00.021000+00:00,0.0,0.000232627,0.000232627,2.32627,-33.381466999999994,,1.0,US_REGULAR,POST_GATE_REGIME
long bitget / short hyperliquid,bitget,hyperliquid,2026-07-21 16:00:00+00:00,0.0,0.0,0.0,0.0,-33.381466999999994,4.0,,US_REGULAR,POST_GATE_REGIME
long bitget / short hyperliquid,bitget,hyperliquid,2026-07-21 16:00:00.022000+00:00,0.0,0.0002466834,0.0002466834,2.466834,-30.914632999999995,,1.0,US_REGULAR,POST_GATE_REGIME
long bitget / short hyperliquid,bitget,hyperliquid,2026-07-21 17:00:00.028000+00:00,0.0,0.0002477315,0.0002477315,2.477315,-28.437317999999994,,1.0,US_REGULAR,POST_GATE_REGIME
long bitget / short hyperliquid,bitget,hyperliquid,2026-07-21 18:00:00.028000+00:00,0.0,0.0002239247,0.0002239247,2.2392469999999998,-26.198070999999995,,1.0,US_REGULAR,POST_GATE_REGIME
long bitget / short hyperliquid,bitget,hyperliquid,2026-07-21 19:00:00.068000+00:00,0.0,4.89291e-05,4.89291e-05,0.489291,-25.708779999999994,,1.0,US_REGULAR,POST_GATE_REGIME
long bitget / short hyperliquid,bitget,hyperliquid,2026-07-21 20:00:00+00:00,0.0,0.0,0.0,0.0,-25.708779999999994,4.0,,US_AFTER_HOURS,POST_GATE_REGIME
long bitget / short hyperliquid,bitget,hyperliquid,2026-07-21 20:00:00.059000+00:00,0.0,6.25e-06,6.25e-06,0.0625,-25.646279999999994,,1.0,US_AFTER_HOURS,POST_GATE_REGIME
long bitget / short hyperliquid,bitget,hyperliquid,2026-07-21 21:00:00.047000+00:00,0.0,0.0002137557,0.0002137557,2.137557,-23.508722999999993,,1.0,US_AFTER_HOURS,POST_GATE_REGIME
long bitget / short hyperliquid,bitget,hyperliquid,2026-07-21 22:00:00.051000+00:00,0.0,0.0002811407,0.0002811407,2.811407,-20.697315999999994,,1.0,US_AFTER_HOURS,POST_GATE_REGIME
long bitget / short hyperliquid,bitget,hyperliquid,2026-07-21 23:00:00.023000+00:00,0.0,-0.0001346425,-0.0001346425,-1.3464250000000002,-22.043740999999994,,1.0,US_AFTER_HOURS,POST_GATE_REGIME
long bitget / short hyperliquid,bitget,hyperliquid,2026-07-22 00:00:00+00:00,0.0,0.0,0.0,0.0,-22.043740999999994,4.0,,KRX_FULLY_CLOSED_PRE_US,POST_GATE_REGIME
long bitget / short hyperliquid,bitget,hyperliquid,2026-07-22 00:00:00.025000+00:00,0.0,0.0001955694,0.0001955694,1.955694,-20.088046999999992,,1.0,KRX_FULLY_CLOSED_PRE_US,POST_GATE_REGIME
long bitget / short hyperliquid,bitget,hyperliquid,2026-07-22 01:00:00.013000+00:00,0.0,-8.5126e-06,-8.5126e-06,-0.08512600000000001,-20.17317299999999,,1.0,KRX_FULLY_CLOSED_PRE_US,POST_GATE_REGIME
long bitget / short hyperliquid,bitget,hyperliquid,2026-07-22 02:00:00.091000+00:00,0.0,-1.50561e-05,-1.50561e-05,-0.150561,-20.32373399999999,,1.0,KRX_FULLY_CLOSED_PRE_US,POST_GATE_REGIME
long bitget / short hyperliquid,bitget,hyperliquid,2026-07-22 03:00:00.043000+00:00,0.0,6.25e-06,6.25e-06,0.0625,-20.26123399999999,,1.0,KRX_FULLY_CLOSED_PRE_US,POST_GATE_REGIME
long bitget / short hyperliquid,bitget,hyperliquid,2026-07-22 04:00:00+00:00,0.000984,0.0,-0.000984,-9.84,-30.10123399999999,4.0,,KRX_FULLY_CLOSED_PRE_US,POST_GATE_REGIME
long bitget / short hyperliquid,bitget,hyperliquid,2026-07-22 04:00:00.052000+00:00,0.0,1.00317e-05,1.00317e-05,0.10031699999999999,-30.00091699999999,,1.0,KRX_FULLY_CLOSED_PRE_US,POST_GATE_REGIME
long bitget / short hyperliquid,bitget,hyperliquid,2026-07-22 05:00:00.087000+00:00,0.0,2.51491e-05,2.51491e-05,0.251491,-29.74942599999999,,1.0,KRX_FULLY_CLOSED_PRE_US,POST_GATE_REGIME
long bitget / short hyperliquid,bitget,hyperliquid,2026-07-22 06:00:00.048000+00:00,0.0,6.51903e-05,6.51903e-05,0.651903,-29.09752299999999,,1.0,PRE_CLOSE_BASELINE,POST_GATE_REGIME
long bitget / short hyperliquid,bitget,hyperliquid,2026-07-22 07:00:00.019000+00:00,0.0,0.0001006291,0.0001006291,1.006291,-28.091231999999987,,1.0,KRX_OFFICIAL_AFTER_HOURS,POST_GATE_REGIME
long bitget / short hyperliquid,bitget,hyperliquid,2026-07-22 08:00:00+00:00,0.000694,0.0,-0.000694,-6.9399999999999995,-35.03123199999999,4.0,,KRX_OFFICIAL_AFTER_HOURS,POST_GATE_REGIME
long bitget / short hyperliquid,bitget,hyperliquid,2026-07-22 08:00:00.039000+00:00,0.0,6.92692e-05,6.92692e-05,0.6926920000000001,-34.33853999999999,,1.0,KRX_OFFICIAL_AFTER_HOURS,POST_GATE_REGIME
long bitget / short hyperliquid,bitget,hyperliquid,2026-07-22 09:00:00.028000+00:00,0.0,6.25e-06,6.25e-06,0.0625,-34.27603999999999,,1.0,KRX_FULLY_CLOSED_PRE_US,POST_GATE_REGIME
long bitget / short hyperliquid,bitget,hyperliquid,2026-07-22 10:00:00.025000+00:00,0.0,6.68522e-05,6.68522e-05,0.6685220000000001,-33.607517999999985,,1.0,KRX_FULLY_CLOSED_PRE_US,POST_GATE_REGIME
long bitget / short hyperliquid,bitget,hyperliquid,2026-07-22 11:00:00.047000+00:00,0.0,0.00015643,0.00015643,1.5643,-32.04321799999998,,1.0,KRX_FULLY_CLOSED_PRE_US,POST_GATE_REGIME
long bitget / short hyperliquid,bitget,hyperliquid,2026-07-22 12:00:00+00:00,0.0,0.0,0.0,0.0,-32.04321799999998,4.0,,KRX_FULLY_CLOSED_PRE_US,POST_GATE_REGIME
long bitget / short hyperliquid,bitget,hyperliquid,2026-07-22 12:00:00.037000+00:00,0.0,-2.04653e-05,-2.04653e-05,-0.20465299999999997,-32.24787099999998,,1.0,KRX_FULLY_CLOSED_PRE_US,POST_GATE_REGIME
long bitget / short hyperliquid,bitget,hyperliquid,2026-07-22 13:00:00.052000+00:00,0.0,-8.9015e-05,-8.9015e-05,-0.89015,-33.13802099999998,,1.0,KRX_FULLY_CLOSED_PRE_US,POST_GATE_REGIME
long bitget / short hyperliquid,bitget,hyperliquid,2026-07-22 14:00:00.038000+00:00,0.0,0.0004317929,0.0004317929,4.317929,-28.82009199999998,,1.0,US_REGULAR,POST_GATE_REGIME
long bitget / short hyperliquid,bitget,hyperliquid,2026-07-22 15:00:00.018000+00:00,0.0,0.0002461753,0.0002461753,2.461753,-26.35833899999998,,1.0,US_REGULAR,POST_GATE_REGIME
long bitget / short hyperliquid,bitget,hyperliquid,2026-07-22 16:00:00+00:00,0.0,0.0,0.0,0.0,-26.35833899999998,4.0,,US_REGULAR,POST_GATE_REGIME
long bitget / short hyperliquid,bitget,hyperliquid,2026-07-22 16:00:00.004000+00:00,0.0,0.0001717476,0.0001717476,1.717476,-24.640862999999978,,1.0,US_REGULAR,POST_GATE_REGIME
long bitget / short hyperliquid,bitget,hyperliquid,2026-07-22 17:00:00.047000+00:00,0.0,0.0001190343,0.0001190343,1.1903430000000002,-23.45051999999998,,1.0,US_REGULAR,POST_GATE_REGIME
long bitget / short hyperliquid,bitget,hyperliquid,2026-07-22 18:00:00.015000+00:00,0.0,-9.87794e-05,-9.87794e-05,-0.987794,-24.43831399999998,,1.0,US_REGULAR,POST_GATE_REGIME
long bitget / short hyperliquid,bitget,hyperliquid,2026-07-22 19:00:00.007000+00:00,0.0,-9.5528e-05,-9.5528e-05,-0.95528,-25.39359399999998,,1.0,US_REGULAR,POST_GATE_REGIME
long bitget / short hyperliquid,bitget,hyperliquid,2026-07-22 20:00:00+00:00,0.0,0.0,0.0,0.0,-25.39359399999998,4.0,,US_AFTER_HOURS,POST_GATE_REGIME
long bitget / short hyperliquid,bitget,hyperliquid,2026-07-22 20:00:00.054000+00:00,0.0,6.25e-06,6.25e-06,0.0625,-25.33109399999998,,1.0,US_AFTER_HOURS,POST_GATE_REGIME
long bitget / short hyperliquid,bitget,hyperliquid,2026-07-22 21:00:00.034000+00:00,0.0,0.000416244,0.000416244,4.16244,-21.16865399999998,,1.0,US_AFTER_HOURS,POST_GATE_REGIME
long bitget / short hyperliquid,bitget,hyperliquid,2026-07-22 22:00:00.043000+00:00,0.0,0.0004473368,0.0004473368,4.473368,-16.695285999999978,,1.0,US_AFTER_HOURS,POST_GATE_REGIME
long bitget / short hyperliquid,bitget,hyperliquid,2026-07-22 23:00:00.077000+00:00,0.0,-0.0002842418,-0.0002842418,-2.8424180000000003,-19.537703999999977,,1.0,US_AFTER_HOURS,POST_GATE_REGIME
long bitget / short hyperliquid,bitget,hyperliquid,2026-07-23 00:00:00+00:00,0.0,0.0,0.0,0.0,-19.537703999999977,4.0,,KRX_FULLY_CLOSED_PRE_US,POST_GATE_REGIME
long bitget / short hyperliquid,bitget,hyperliquid,2026-07-23 00:00:00.046000+00:00,0.0,0.0002302296,0.0002302296,2.302296,-17.23540799999998,,1.0,KRX_FULLY_CLOSED_PRE_US,POST_GATE_REGIME
long bitget / short hyperliquid,bitget,hyperliquid,2026-07-23 01:00:00.058000+00:00,0.0,6.46204e-05,6.46204e-05,0.646204,-16.589203999999977,,1.0,KRX_FULLY_CLOSED_PRE_US,POST_GATE_REGIME
long bitget / short hyperliquid,bitget,hyperliquid,2026-07-23 02:00:00.049000+00:00,0.0,6.25e-06,6.25e-06,0.0625,-16.526703999999977,,1.0,KRX_FULLY_CLOSED_PRE_US,POST_GATE_REGIME
long bitget / short hyperliquid,bitget,hyperliquid,2026-07-23 03:00:00.067000+00:00,0.0,6.25e-06,6.25e-06,0.0625,-16.464203999999977,,1.0,KRX_FULLY_CLOSED_PRE_US,POST_GATE_REGIME
long bitget / short okx,bitget,okx,2026-06-10 08:00:00+00:00,0.001,0.0002538140808292,-0.0007461859191708,-7.461859191708,-7.461859191708,8.0,8.0,KRX_OFFICIAL_AFTER_HOURS,PRE_GATE_REGIME
long bitget / short okx,bitget,okx,2026-06-10 16:00:00+00:00,0.0,0.0019356487673407,0.0019356487673407,19.356487673407,11.894628481698998,8.0,8.0,US_REGULAR,PRE_GATE_REGIME
long bitget / short okx,bitget,okx,2026-06-11 00:00:00+00:00,0.0,0.0001,0.0001,1.0,12.894628481698998,8.0,8.0,KRX_FULLY_CLOSED_PRE_US,PRE_GATE_REGIME
long bitget / short okx,bitget,okx,2026-06-11 08:00:00+00:00,0.001,0.0009192531530412,-8.07468469588e-05,-0.807468469588,12.087160012110997,8.0,8.0,KRX_OFFICIAL_AFTER_HOURS,PRE_GATE_REGIME
long bitget / short okx,bitget,okx,2026-06-11 16:00:00+00:00,0.0,0.0013740512691226,0.0013740512691226,13.740512691226,25.827672703336997,8.0,8.0,US_REGULAR,PRE_GATE_REGIME
long bitget / short okx,bitget,okx,2026-06-12 00:00:00+00:00,0.0,0.0034807225215341,0.0034807225215341,34.807225215341,60.63489791867799,8.0,8.0,KRX_FULLY_CLOSED_PRE_US,PRE_GATE_REGIME
long bitget / short okx,bitget,okx,2026-06-12 08:00:00+00:00,0.000901,0.0019381198627843,0.0010371198627843001,10.371198627843002,71.006096546521,8.0,8.0,KRX_OFFICIAL_AFTER_HOURS,PRE_GATE_REGIME
long bitget / short okx,bitget,okx,2026-06-12 16:00:00+00:00,0.0,0.0014634088292809,0.0014634088292809,14.634088292809,85.64018483932999,8.0,8.0,KRX_HOLIDAY_OR_WEEKEND,PRE_GATE_REGIME
long bitget / short okx,bitget,okx,2026-06-13 00:00:00+00:00,0.0,0.0002885392580435,0.0002885392580435,2.885392580435,88.52557741976499,8.0,8.0,KRX_HOLIDAY_OR_WEEKEND,PRE_GATE_REGIME
long bitget / short okx,bitget,okx,2026-06-13 08:00:00+00:00,0.0,0.0008035951931452,0.0008035951931452,8.035951931451999,96.56152935121699,8.0,8.0,KRX_HOLIDAY_OR_WEEKEND,PRE_GATE_REGIME
long bitget / short okx,bitget,okx,2026-06-13 16:00:00+00:00,0.0,0.0005886972132113,0.0005886972132113,5.886972132113,102.44850148332999,8.0,8.0,KRX_HOLIDAY_OR_WEEKEND,PRE_GATE_REGIME
long bitget / short okx,bitget,okx,2026-06-14 00:00:00+00:00,0.0,0.0002892595594409,0.0002892595594409,2.8925955944090003,105.341097077739,8.0,8.0,KRX_HOLIDAY_OR_WEEKEND,PRE_GATE_REGIME
long bitget / short okx,bitget,okx,2026-06-14 08:00:00+00:00,0.0,0.0006236325142695,0.0006236325142695,6.236325142695,111.57742222043399,8.0,8.0,KRX_HOLIDAY_OR_WEEKEND,PRE_GATE_REGIME
long bitget / short okx,bitget,okx,2026-06-14 16:00:00+00:00,0.0,0.0001,0.0001,1.0,112.57742222043399,8.0,8.0,KRX_FULLY_CLOSED_PRE_US,PRE_GATE_REGIME
long bitget / short okx,bitget,okx,2026-06-15 00:00:00+00:00,0.0,0.0039529757881667,0.0039529757881667,39.529757881667,152.10718010210098,8.0,8.0,KRX_FULLY_CLOSED_PRE_US,PRE_GATE_REGIME
long bitget / short okx,bitget,okx,2026-06-15 08:00:00+00:00,0.001,0.0016440768836067,0.0006440768836066999,6.440768836066999,158.547948938168,8.0,8.0,KRX_OFFICIAL_AFTER_HOURS,PRE_GATE_REGIME
long bitget / short okx,bitget,okx,2026-06-15 16:00:00+00:00,0.0,0.0015840759562979,0.0015840759562979,15.840759562978999,174.388708501147,8.0,8.0,US_REGULAR,PRE_GATE_REGIME
long bitget / short okx,bitget,okx,2026-06-16 00:00:00+00:00,0.0,0.000622843921358,0.000622843921358,6.22843921358,180.617147714727,8.0,8.0,KRX_FULLY_CLOSED_PRE_US,PRE_GATE_REGIME
long bitget / short okx,bitget,okx,2026-06-16 08:00:00+00:00,0.001,0.0004505154494673,-0.0005494845505327,-5.494845505327,175.1223022094,8.0,8.0,KRX_OFFICIAL_AFTER_HOURS,PRE_GATE_REGIME
long bitget / short okx,bitget,okx,2026-06-16 16:00:00+00:00,0.0,-0.0025562314489719,-0.0025562314489719,-25.562314489719,149.559987719681,8.0,8.0,US_REGULAR,PRE_GATE_REGIME
long bitget / short okx,bitget,okx,2026-06-17 00:00:00+00:00,0.0,0.0,0.0,0.0,149.559987719681,8.0,8.0,KRX_FULLY_CLOSED_PRE_US,PRE_GATE_REGIME
long bitget / short okx,bitget,okx,2026-06-17 08:00:00+00:00,0.001,5.06862993576e-05,-0.0009493137006424,-9.493137006424,140.066850713257,8.0,8.0,KRX_OFFICIAL_AFTER_HOURS,PRE_GATE_REGIME
long bitget / short okx,bitget,okx,2026-06-17 16:00:00+00:00,0.0,0.0024421929317287,0.0024421929317287,24.421929317287,164.488780030544,8.0,8.0,US_REGULAR,PRE_GATE_REGIME
long bitget / short okx,bitget,okx,2026-06-18 00:00:00+00:00,0.0,0.0016113517402763,0.0016113517402763,16.113517402762998,180.602297433307,8.0,8.0,KRX_FULLY_CLOSED_PRE_US,PRE_GATE_REGIME
long bitget / short okx,bitget,okx,2026-06-18 08:00:00+00:00,0.001,0.0005741045547092,-0.00042589544529080003,-4.258954452908,176.343342980399,8.0,8.0,KRX_OFFICIAL_AFTER_HOURS,PRE_GATE_REGIME
long bitget / short okx,bitget,okx,2026-06-18 16:00:00+00:00,0.0,0.0018395966557539,0.0018395966557539,18.395966557539,194.739309537938,8.0,8.0,US_REGULAR,PRE_GATE_REGIME
long bitget / short okx,bitget,okx,2026-06-19 00:00:00+00:00,0.0,0.0026097782764719,0.0026097782764719,26.097782764719003,220.837092302657,8.0,8.0,KRX_FULLY_CLOSED_PRE_US,PRE_GATE_REGIME
long bitget / short okx,bitget,okx,2026-06-19 08:00:00+00:00,0.001,0.0015857803121879,0.0005857803121879,5.857803121879001,226.69489542453599,8.0,8.0,KRX_OFFICIAL_AFTER_HOURS,PRE_GATE_REGIME
long bitget / short okx,bitget,okx,2026-06-19 16:00:00+00:00,0.0,0.0013298647262704,0.0013298647262704,13.298647262704,239.99354268724,8.0,8.0,KRX_HOLIDAY_OR_WEEKEND,PRE_GATE_REGIME
long bitget / short okx,bitget,okx,2026-06-20 00:00:00+00:00,0.0,0.0025322950265775,0.0025322950265775,25.322950265775003,265.316492953015,8.0,8.0,KRX_HOLIDAY_OR_WEEKEND,PRE_GATE_REGIME
long bitget / short okx,bitget,okx,2026-06-20 08:00:00+00:00,0.0,0.0019779787432786,0.0019779787432786,19.779787432786,285.096280385801,8.0,8.0,KRX_HOLIDAY_OR_WEEKEND,PRE_GATE_REGIME
long bitget / short okx,bitget,okx,2026-06-20 16:00:00+00:00,0.0,0.0016179174334262,0.0016179174334262,16.179174334262,301.27545472006295,8.0,8.0,KRX_HOLIDAY_OR_WEEKEND,PRE_GATE_REGIME
long bitget / short okx,bitget,okx,2026-06-21 00:00:00+00:00,0.0,0.0012852036649441,0.0012852036649441,12.852036649440999,314.12749136950396,8.0,8.0,KRX_HOLIDAY_OR_WEEKEND,PRE_GATE_REGIME
long bitget / short okx,bitget,okx,2026-06-21 08:00:00+00:00,0.0,0.0014237660192738,0.0014237660192738,14.237660192738,328.365151562242,8.0,8.0,KRX_HOLIDAY_OR_WEEKEND,PRE_GATE_REGIME
long bitget / short okx,bitget,okx,2026-06-21 16:00:00+00:00,0.0,0.0013408527991725,0.0013408527991725,13.408527991724998,341.773679553967,8.0,8.0,KRX_FULLY_CLOSED_PRE_US,PRE_GATE_REGIME
long bitget / short okx,bitget,okx,2026-06-22 00:00:00+00:00,0.0,0.0018937362952074,0.0018937362952074,18.937362952074,360.711042506041,8.0,8.0,KRX_FULLY_CLOSED_PRE_US,PRE_GATE_REGIME
long bitget / short okx,bitget,okx,2026-06-22 08:00:00+00:00,0.001,0.0032551564150289,0.0022551564150289,22.551564150289,383.26260665633,8.0,8.0,KRX_OFFICIAL_AFTER_HOURS,PRE_GATE_REGIME
long bitget / short okx,bitget,okx,2026-06-22 16:00:00+00:00,0.0,0.0001821884397581,0.0001821884397581,1.8218843975810002,385.084491053911,8.0,8.0,US_REGULAR,PRE_GATE_REGIME
long bitget / short okx,bitget,okx,2026-06-23 00:00:00+00:00,0.0,0.0008995476822087,0.0008995476822087,8.995476822087,394.079967875998,8.0,8.0,KRX_FULLY_CLOSED_PRE_US,PRE_GATE_REGIME
long bitget / short okx,bitget,okx,2026-06-23 08:00:00+00:00,0.001,0.0048822453571552,0.0038822453571552,38.822453571551996,432.90242144755,8.0,8.0,KRX_OFFICIAL_AFTER_HOURS,PRE_GATE_REGIME
long bitget / short okx,bitget,okx,2026-06-23 16:00:00+00:00,0.0,0.0011357587507137,0.0011357587507137,11.357587507137,444.260008954687,8.0,8.0,US_REGULAR,PRE_GATE_REGIME
long bitget / short okx,bitget,okx,2026-06-24 00:00:00+00:00,0.0,0.0002898004725902,0.0002898004725902,2.898004725902,447.158013680589,8.0,8.0,KRX_FULLY_CLOSED_PRE_US,PRE_GATE_REGIME
long bitget / short okx,bitget,okx,2026-06-24 08:00:00+00:00,0.005,0.0023620266144993,-0.0026379733855007,-26.379733855007,420.77827982558205,8.0,8.0,KRX_OFFICIAL_AFTER_HOURS,PRE_GATE_REGIME
long bitget / short okx,bitget,okx,2026-06-24 16:00:00+00:00,0.0,-0.0006367699176979,-0.0006367699176979,-6.367699176979,414.41058064860306,8.0,8.0,US_REGULAR,PRE_GATE_REGIME
long bitget / short okx,bitget,okx,2026-06-25 00:00:00+00:00,0.000707,0.0050871457699901,0.0043801457699901,43.80145769990099,458.21203834850405,8.0,8.0,KRX_FULLY_CLOSED_PRE_US,PRE_GATE_REGIME
long bitget / short okx,bitget,okx,2026-06-25 08:00:00+00:00,0.003784,0.0,-0.003784,-37.84,420.372038348504,8.0,8.0,KRX_OFFICIAL_AFTER_HOURS,PRE_GATE_REGIME
long bitget / short okx,bitget,okx,2026-06-25 16:00:00+00:00,0.0,-0.0011279152892222,-0.0011279152892222,-11.279152892222,409.09288545628203,8.0,8.0,US_REGULAR,PRE_GATE_REGIME
long bitget / short okx,bitget,okx,2026-06-26 00:00:00+00:00,0.0,-0.0002386000549671,-0.0002386000549671,-2.386000549671,406.70688490661104,8.0,8.0,KRX_FULLY_CLOSED_PRE_US,PRE_GATE_REGIME
long bitget / short okx,bitget,okx,2026-06-26 08:00:00+00:00,0.005,0.002959805113862,-0.002040194886138,-20.401948861380003,386.30493604523105,8.0,8.0,KRX_OFFICIAL_AFTER_HOURS,PRE_GATE_REGIME
long bitget / short okx,bitget,okx,2026-06-26 16:00:00+00:00,0.0,0.0003187214112619,0.0003187214112619,3.1872141126190003,389.49215015785006,8.0,8.0,KRX_HOLIDAY_OR_WEEKEND,PRE_GATE_REGIME
long bitget / short okx,bitget,okx,2026-06-27 00:00:00+00:00,0.0,0.0,0.0,0.0,389.49215015785006,8.0,8.0,KRX_HOLIDAY_OR_WEEKEND,PRE_GATE_REGIME
long bitget / short okx,bitget,okx,2026-06-27 08:00:00+00:00,0.0,0.0,0.0,0.0,389.49215015785006,8.0,8.0,KRX_HOLIDAY_OR_WEEKEND,PRE_GATE_REGIME
long bitget / short okx,bitget,okx,2026-06-27 16:00:00+00:00,0.0,0.0,0.0,0.0,389.49215015785006,8.0,8.0,KRX_HOLIDAY_OR_WEEKEND,PRE_GATE_REGIME
long bitget / short okx,bitget,okx,2026-06-28 00:00:00+00:00,0.0,0.0,0.0,0.0,389.49215015785006,8.0,8.0,KRX_HOLIDAY_OR_WEEKEND,PRE_GATE_REGIME
long bitget / short okx,bitget,okx,2026-06-28 08:00:00+00:00,0.0,0.0004521932604946,0.0004521932604946,4.521932604946,394.0140827627961,8.0,8.0,KRX_HOLIDAY_OR_WEEKEND,PRE_GATE_REGIME
long bitget / short okx,bitget,okx,2026-06-28 16:00:00+00:00,0.0,0.0013402355099599,0.0013402355099599,13.402355099599,407.41643786239507,8.0,8.0,KRX_FULLY_CLOSED_PRE_US,PRE_GATE_REGIME
long bitget / short okx,bitget,okx,2026-06-29 00:00:00+00:00,0.0,0.0016724562838117,0.0016724562838117,16.724562838117,424.14100070051205,8.0,8.0,KRX_FULLY_CLOSED_PRE_US,PRE_GATE_REGIME
long bitget / short okx,bitget,okx,2026-06-29 08:00:00+00:00,0.005,0.0030969090387396,-0.0019030909612604,-19.030909612604,405.1100910879081,8.0,8.0,KRX_OFFICIAL_AFTER_HOURS,PRE_GATE_REGIME
long bitget / short okx,bitget,okx,2026-06-29 16:00:00+00:00,0.0,-0.0003102854741496,-0.0003102854741496,-3.102854741496,402.00723634641207,8.0,8.0,US_REGULAR,PRE_GATE_REGIME
long bitget / short okx,bitget,okx,2026-06-30 00:00:00+00:00,0.0,0.001450186809796,0.001450186809796,14.501868097960001,416.5091044443721,8.0,8.0,KRX_FULLY_CLOSED_PRE_US,PRE_GATE_REGIME
long bitget / short okx,bitget,okx,2026-06-30 08:00:00+00:00,0.001394,0.0003107255313745,-0.0010832744686255001,-10.832744686255001,405.6763597581171,8.0,8.0,KRX_OFFICIAL_AFTER_HOURS,PRE_GATE_REGIME
long bitget / short okx,bitget,okx,2026-06-30 16:00:00+00:00,0.0,0.000269433567782,0.000269433567782,2.69433567782,408.3706954359371,8.0,8.0,US_REGULAR,PRE_GATE_REGIME
long bitget / short okx,bitget,okx,2026-07-01 00:00:00+00:00,0.0,0.0007204153161978,0.0007204153161978,7.204153161978,415.5748485979151,8.0,8.0,KRX_FULLY_CLOSED_PRE_US,PRE_GATE_REGIME
long bitget / short okx,bitget,okx,2026-07-01 08:00:00+00:00,0.003308,0.0030477979831705,-0.0002602020168295002,-2.602020168295002,412.9728284296201,8.0,8.0,KRX_OFFICIAL_AFTER_HOURS,PRE_GATE_REGIME
long bitget / short okx,bitget,okx,2026-07-01 16:00:00+00:00,-8e-06,0.0002517207720973,0.00025972077209729995,2.5972077209729996,415.5700361505931,8.0,8.0,US_REGULAR,PRE_GATE_REGIME
long bitget / short okx,bitget,okx,2026-07-02 00:00:00+00:00,-1.4e-05,0.0,1.4e-05,0.13999999999999999,415.7100361505931,8.0,8.0,KRX_FULLY_CLOSED_PRE_US,PRE_GATE_REGIME
long bitget / short okx,bitget,okx,2026-07-02 08:00:00+00:00,0.005,0.0066093233823821,0.0016093233823821001,16.093233823821002,431.8032699744141,8.0,8.0,KRX_OFFICIAL_AFTER_HOURS,PRE_GATE_REGIME
long bitget / short okx,bitget,okx,2026-07-02 16:00:00+00:00,-6.9e-05,-0.0004130743792072,-0.0003440743792072,-3.4407437920720003,428.3625261823421,8.0,8.0,US_REGULAR,PRE_GATE_REGIME
long bitget / short okx,bitget,okx,2026-07-03 00:00:00+00:00,0.0,0.001695844768444,0.001695844768444,16.95844768444,445.3209738667821,8.0,8.0,KRX_FULLY_CLOSED_PRE_US,PRE_GATE_REGIME
long bitget / short okx,bitget,okx,2026-07-03 08:00:00+00:00,0.001529,-0.0012614043904869,-0.0027904043904869,-27.904043904869,417.41692996191307,8.0,8.0,KRX_OFFICIAL_AFTER_HOURS,PRE_GATE_REGIME
long bitget / short okx,bitget,okx,2026-07-03 16:00:00+00:00,0.0,0.0,0.0,0.0,417.41692996191307,8.0,8.0,KRX_HOLIDAY_OR_WEEKEND,PRE_GATE_REGIME
long bitget / short okx,bitget,okx,2026-07-04 00:00:00+00:00,0.0,0.0009433653282703,0.0009433653282703,9.433653282703,426.8505832446161,8.0,8.0,KRX_HOLIDAY_OR_WEEKEND,PRE_GATE_REGIME
long bitget / short okx,bitget,okx,2026-07-04 08:00:00+00:00,0.0,0.0,0.0,0.0,426.8505832446161,8.0,8.0,KRX_HOLIDAY_OR_WEEKEND,PRE_GATE_REGIME
long bitget / short okx,bitget,okx,2026-07-04 16:00:00+00:00,0.0,4.14577112607e-05,4.14577112607e-05,0.41457711260700003,427.26516035722307,8.0,8.0,KRX_HOLIDAY_OR_WEEKEND,PRE_GATE_REGIME
long bitget / short okx,bitget,okx,2026-07-05 00:00:00+00:00,0.0,0.0007552342349299,0.0007552342349299,7.552342349299,434.8175027065221,8.0,8.0,KRX_HOLIDAY_OR_WEEKEND,PRE_GATE_REGIME
long bitget / short okx,bitget,okx,2026-07-05 08:00:00+00:00,0.0,0.0,0.0,0.0,434.8175027065221,8.0,8.0,KRX_HOLIDAY_OR_WEEKEND,PRE_GATE_REGIME
long bitget / short okx,bitget,okx,2026-07-05 16:00:00+00:00,0.0,0.0002156351084858,0.0002156351084858,2.156351084858,436.97385379138007,8.0,8.0,KRX_FULLY_CLOSED_PRE_US,PRE_GATE_REGIME
long bitget / short okx,bitget,okx,2026-07-06 00:00:00+00:00,0.0,0.000516723279894,0.000516723279894,5.16723279894,442.14108659032007,8.0,8.0,KRX_FULLY_CLOSED_PRE_US,PRE_GATE_REGIME
long bitget / short okx,bitget,okx,2026-07-06 08:00:00+00:00,0.002485,0.0017315107716999,-0.0007534892283000997,-7.534892283000997,434.6061943073191,8.0,8.0,KRX_OFFICIAL_AFTER_HOURS,PRE_GATE_REGIME
long bitget / short okx,bitget,okx,2026-07-06 16:00:00+00:00,0.0,0.0005999915190746,0.0005999915190746,5.999915190745999,440.60610949806505,8.0,8.0,US_REGULAR,PRE_GATE_REGIME
long bitget / short okx,bitget,okx,2026-07-07 00:00:00+00:00,0.0,0.0,0.0,0.0,440.60610949806505,8.0,8.0,KRX_FULLY_CLOSED_PRE_US,PRE_GATE_REGIME
long bitget / short okx,bitget,okx,2026-07-07 08:00:00+00:00,0.005,0.0050692334577689,6.923345776890018e-05,0.6923345776890019,441.29844407575405,8.0,8.0,KRX_OFFICIAL_AFTER_HOURS,PRE_GATE_REGIME
long bitget / short okx,bitget,okx,2026-07-07 16:00:00+00:00,0.0,0.0,0.0,0.0,441.29844407575405,8.0,8.0,US_REGULAR,PRE_GATE_REGIME
long bitget / short okx,bitget,okx,2026-07-08 00:00:00+00:00,0.0,0.0,0.0,0.0,441.29844407575405,8.0,8.0,KRX_FULLY_CLOSED_PRE_US,PRE_GATE_REGIME
long bitget / short okx,bitget,okx,2026-07-08 08:00:00+00:00,0.003845,0.0038486519117764,3.6519117763999555e-06,0.036519117763999555,441.33496319351804,8.0,8.0,KRX_OFFICIAL_AFTER_HOURS,PRE_GATE_REGIME
long bitget / short okx,bitget,okx,2026-07-08 16:00:00+00:00,0.0,0.0013174347143984,0.0013174347143984,13.174347143983999,454.50931033750203,8.0,8.0,US_REGULAR,PRE_GATE_REGIME
long bitget / short okx,bitget,okx,2026-07-09 00:00:00+00:00,0.0,0.0009632616582105,0.0009632616582105,9.632616582105,464.14192691960704,8.0,8.0,KRX_FULLY_CLOSED_PRE_US,PRE_GATE_REGIME
long bitget / short okx,bitget,okx,2026-07-09 08:00:00+00:00,0.00409,0.003230774499799,-0.0008592255002009999,-8.592255002009999,455.54967191759704,8.0,8.0,KRX_OFFICIAL_AFTER_HOURS,PRE_GATE_REGIME
long bitget / short okx,bitget,okx,2026-07-09 16:00:00+00:00,0.0,0.000949839899681,0.000949839899681,9.49839899681,465.04807091440705,8.0,8.0,US_REGULAR,PRE_GATE_REGIME
long bitget / short okx,bitget,okx,2026-07-10 00:00:00+00:00,0.0,0.0010868123110623,0.0010868123110623,10.868123110623,475.91619402503005,8.0,8.0,KRX_FULLY_CLOSED_PRE_US,PRE_GATE_REGIME
long bitget / short okx,bitget,okx,2026-07-10 08:00:00+00:00,0.004771,0.003338389115287,-0.0014326108847129999,-14.32610884713,461.59008517790005,8.0,8.0,KRX_OFFICIAL_AFTER_HOURS,PRE_GATE_REGIME
long bitget / short okx,bitget,okx,2026-07-10 16:00:00+00:00,0.0,0.0016407940741556,0.0016407940741556,16.407940741556,477.99802591945604,8.0,8.0,KRX_HOLIDAY_OR_WEEKEND,PRE_GATE_REGIME
long bitget / short okx,bitget,okx,2026-07-11 00:00:00+00:00,0.0,0.0,0.0,0.0,477.99802591945604,8.0,8.0,KRX_HOLIDAY_OR_WEEKEND,PRE_GATE_REGIME
long bitget / short okx,bitget,okx,2026-07-11 08:00:00+00:00,0.0,9.0284932114e-05,9.0284932114e-05,0.90284932114,478.90087524059606,8.0,8.0,KRX_HOLIDAY_OR_WEEKEND,PRE_GATE_REGIME
long bitget / short okx,bitget,okx,2026-07-11 16:00:00+00:00,0.0,0.0,0.0,0.0,478.90087524059606,8.0,8.0,KRX_HOLIDAY_OR_WEEKEND,PRE_GATE_REGIME
long bitget / short okx,bitget,okx,2026-07-12 00:00:00+00:00,0.0,0.0,0.0,0.0,478.90087524059606,8.0,8.0,KRX_HOLIDAY_OR_WEEKEND,PRE_GATE_REGIME
long bitget / short okx,bitget,okx,2026-07-12 08:00:00+00:00,0.0,0.0003451988894361,0.0003451988894361,3.451988894361,482.3528641349571,8.0,8.0,KRX_HOLIDAY_OR_WEEKEND,PRE_GATE_REGIME
long bitget / short okx,bitget,okx,2026-07-12 16:00:00+00:00,0.0,0.0,0.0,0.0,482.3528641349571,8.0,8.0,KRX_FULLY_CLOSED_PRE_US,PRE_GATE_REGIME
long bitget / short okx,bitget,okx,2026-07-13 00:00:00+00:00,0.0,0.0006511640660213,0.0006511640660213,6.511640660213,488.8645047951701,8.0,8.0,KRX_FULLY_CLOSED_PRE_US,PRE_GATE_REGIME
long bitget / short okx,bitget,okx,2026-07-13 08:00:00+00:00,0.005,0.01,0.005,50.0,538.8645047951701,8.0,8.0,KRX_OFFICIAL_AFTER_HOURS,PRE_GATE_REGIME
long bitget / short okx,bitget,okx,2026-07-13 12:00:00+00:00,0.0,0.002816412986938,0.002816412986938,28.164129869379998,567.02863466455,,4.0,KRX_FULLY_CLOSED_PRE_US,PRE_GATE_REGIME
long bitget / short okx,bitget,okx,2026-07-13 16:00:00+00:00,0.0,0.0001315640607997,0.0001315640607997,1.315640607997,568.3442752725471,8.0,4.0,US_REGULAR,PRE_GATE_REGIME
long bitget / short okx,bitget,okx,2026-07-13 20:00:00+00:00,0.0,0.0,0.0,0.0,568.3442752725471,,4.0,US_AFTER_HOURS,PRE_GATE_REGIME
long bitget / short okx,bitget,okx,2026-07-14 00:00:00+00:00,0.0,0.0016455377782937,0.0016455377782937,16.455377782937,584.7996530554841,8.0,4.0,KRX_FULLY_CLOSED_PRE_US,PRE_GATE_REGIME
long bitget / short okx,bitget,okx,2026-07-14 04:00:00+00:00,0.0,0.0051280565781914,0.0051280565781914,51.280565781914,636.0802188373981,,4.0,KRX_FULLY_CLOSED_PRE_US,PRE_GATE_REGIME
long bitget / short okx,bitget,okx,2026-07-14 08:00:00+00:00,0.005,0.0001059672777074,-0.0048940327222926,-48.940327222926,587.139891614472,8.0,4.0,KRX_OFFICIAL_AFTER_HOURS,PRE_GATE_REGIME
long bitget / short okx,bitget,okx,2026-07-14 12:00:00+00:00,0.0,0.0,0.0,0.0,587.139891614472,4.0,4.0,KRX_FULLY_CLOSED_PRE_US,PRE_GATE_REGIME
long bitget / short okx,bitget,okx,2026-07-14 16:00:00+00:00,0.0,0.0007676674458997,0.0007676674458997,7.676674458997,594.8165660734691,4.0,4.0,US_REGULAR,PRE_GATE_REGIME
long bitget / short okx,bitget,okx,2026-07-14 20:00:00+00:00,0.0,0.0,0.0,0.0,594.8165660734691,4.0,,US_AFTER_HOURS,PRE_GATE_REGIME
long bitget / short okx,bitget,okx,2026-07-15 00:00:00+00:00,0.0,0.0,0.0,0.0,594.8165660734691,4.0,8.0,KRX_FULLY_CLOSED_PRE_US,PRE_GATE_REGIME
long bitget / short okx,bitget,okx,2026-07-15 04:00:00+00:00,0.0,0.0,0.0,0.0,594.8165660734691,4.0,,KRX_FULLY_CLOSED_PRE_US,PRE_GATE_REGIME
long bitget / short okx,bitget,okx,2026-07-15 08:00:00+00:00,8e-05,-0.0005781503215192,-0.0006581503215192,-6.581503215192,588.235062858277,4.0,8.0,KRX_OFFICIAL_AFTER_HOURS,PRE_GATE_REGIME
long bitget / short okx,bitget,okx,2026-07-15 12:00:00+00:00,0.0,0.0,0.0,0.0,588.235062858277,4.0,,KRX_FULLY_CLOSED_PRE_US,PRE_GATE_REGIME
long bitget / short okx,bitget,okx,2026-07-15 16:00:00+00:00,0.0,-0.002398100578228,-0.002398100578228,-23.98100578228,564.254057075997,4.0,8.0,US_REGULAR,PRE_GATE_REGIME
long bitget / short okx,bitget,okx,2026-07-15 20:00:00+00:00,0.0,0.0,0.0,0.0,564.254057075997,4.0,,US_AFTER_HOURS,PRE_GATE_REGIME
long bitget / short okx,bitget,okx,2026-07-16 00:00:00+00:00,0.0,0.0004234607569565,0.0004234607569565,4.234607569565,568.488664645562,4.0,8.0,KRX_FULLY_CLOSED_PRE_US,GATE_REGIME_20260716_19
long bitget / short okx,bitget,okx,2026-07-16 04:00:00+00:00,0.001857,0.0,-0.001857,-18.57,549.918664645562,4.0,,KRX_FULLY_CLOSED_PRE_US,GATE_REGIME_20260716_19
long bitget / short okx,bitget,okx,2026-07-16 08:00:00+00:00,0.000951,0.0010526768859222,0.00010167688592219995,1.0167688592219994,550.935433504784,4.0,8.0,KRX_OFFICIAL_AFTER_HOURS,GATE_REGIME_20260716_19
long bitget / short okx,bitget,okx,2026-07-16 12:00:00+00:00,0.0,0.0,0.0,0.0,550.935433504784,4.0,,KRX_FULLY_CLOSED_PRE_US,GATE_REGIME_20260716_19
long bitget / short okx,bitget,okx,2026-07-16 16:00:00+00:00,0.0,-0.0003419234925896,-0.0003419234925896,-3.419234925896,547.516198578888,4.0,8.0,US_REGULAR,GATE_REGIME_20260716_19
long bitget / short okx,bitget,okx,2026-07-16 20:00:00+00:00,0.0,0.0,0.0,0.0,547.516198578888,4.0,,US_AFTER_HOURS,GATE_REGIME_20260716_19
long bitget / short okx,bitget,okx,2026-07-17 00:00:00+00:00,0.0,-0.0003075354478243,-0.0003075354478243,-3.075354478243,544.440844100645,4.0,8.0,KRX_FULLY_CLOSED_PRE_US,GATE_REGIME_20260716_19
long bitget / short okx,bitget,okx,2026-07-17 04:00:00+00:00,-0.002897,0.0,0.002897,28.97,573.410844100645,4.0,,KRX_FULLY_CLOSED_PRE_US,GATE_REGIME_20260716_19
long bitget / short okx,bitget,okx,2026-07-17 08:00:00+00:00,0.0,-0.000991233185432,-0.000991233185432,-9.91233185432,563.498512246325,4.0,8.0,KRX_OFFICIAL_AFTER_HOURS,GATE_REGIME_20260716_19
long bitget / short okx,bitget,okx,2026-07-17 12:00:00+00:00,0.0,0.0,0.0,0.0,563.498512246325,4.0,,KRX_FULLY_CLOSED_PRE_US,GATE_REGIME_20260716_19
long bitget / short okx,bitget,okx,2026-07-17 16:00:00+00:00,0.0,0.0025749198720348,0.0025749198720348,25.749198720348,589.247710966673,4.0,8.0,KRX_HOLIDAY_OR_WEEKEND,GATE_REGIME_20260716_19
long bitget / short okx,bitget,okx,2026-07-17 20:00:00+00:00,0.0,0.0,0.0,0.0,589.247710966673,4.0,,KRX_HOLIDAY_OR_WEEKEND,GATE_REGIME_20260716_19
long bitget / short okx,bitget,okx,2026-07-18 00:00:00+00:00,0.0,-0.0010755220213551,-0.0010755220213551,-10.755220213551,578.4924907531221,4.0,8.0,KRX_HOLIDAY_OR_WEEKEND,GATE_REGIME_20260716_19
long bitget / short okx,bitget,okx,2026-07-18 04:00:00+00:00,0.0,0.0,0.0,0.0,578.4924907531221,4.0,,KRX_HOLIDAY_OR_WEEKEND,GATE_REGIME_20260716_19
long bitget / short okx,bitget,okx,2026-07-18 08:00:00+00:00,0.0,0.0,0.0,0.0,578.4924907531221,4.0,8.0,KRX_HOLIDAY_OR_WEEKEND,GATE_REGIME_20260716_19
long bitget / short okx,bitget,okx,2026-07-18 12:00:00+00:00,0.0,0.0,0.0,0.0,578.4924907531221,4.0,,KRX_HOLIDAY_OR_WEEKEND,GATE_REGIME_20260716_19
long bitget / short okx,bitget,okx,2026-07-18 16:00:00+00:00,0.0,-9.64154034267e-05,-9.64154034267e-05,-0.964154034267,577.528336718855,4.0,8.0,KRX_HOLIDAY_OR_WEEKEND,GATE_REGIME_20260716_19
long bitget / short okx,bitget,okx,2026-07-18 20:00:00+00:00,0.0,0.0,0.0,0.0,577.528336718855,4.0,,KRX_HOLIDAY_OR_WEEKEND,GATE_REGIME_20260716_19
long bitget / short okx,bitget,okx,2026-07-19 00:00:00+00:00,0.0,0.0,0.0,0.0,577.528336718855,4.0,8.0,KRX_HOLIDAY_OR_WEEKEND,GATE_REGIME_20260716_19
long bitget / short okx,bitget,okx,2026-07-19 04:00:00+00:00,0.0,0.0,0.0,0.0,577.528336718855,4.0,,KRX_HOLIDAY_OR_WEEKEND,GATE_REGIME_20260716_19
long bitget / short okx,bitget,okx,2026-07-19 08:00:00+00:00,0.0,0.0005695173844014,0.0005695173844014,5.695173844014,583.223510562869,4.0,8.0,KRX_HOLIDAY_OR_WEEKEND,GATE_REGIME_20260716_19
long bitget / short okx,bitget,okx,2026-07-19 12:00:00+00:00,0.0,0.0,0.0,0.0,583.223510562869,4.0,,KRX_HOLIDAY_OR_WEEKEND,GATE_REGIME_20260716_19
long bitget / short okx,bitget,okx,2026-07-19 16:00:00+00:00,0.0,0.0,0.0,0.0,583.223510562869,4.0,8.0,KRX_FULLY_CLOSED_PRE_US,GATE_REGIME_20260716_19
long bitget / short okx,bitget,okx,2026-07-19 20:00:00+00:00,0.0,0.0,0.0,0.0,583.223510562869,4.0,,KRX_FULLY_CLOSED_PRE_US,GATE_REGIME_20260716_19
long bitget / short okx,bitget,okx,2026-07-20 00:00:00+00:00,0.0,0.0010995922466155,0.0010995922466155,10.995922466155001,594.219433029024,4.0,8.0,KRX_FULLY_CLOSED_PRE_US,POST_GATE_REGIME
long bitget / short okx,bitget,okx,2026-07-20 04:00:00+00:00,0.002053,0.0,-0.002053,-20.53,573.689433029024,4.0,,KRX_FULLY_CLOSED_PRE_US,POST_GATE_REGIME
long bitget / short okx,bitget,okx,2026-07-20 08:00:00+00:00,0.000392,0.0006796006580825,0.0002876006580825,2.876006580825,576.565439609849,4.0,8.0,KRX_OFFICIAL_AFTER_HOURS,POST_GATE_REGIME
long bitget / short okx,bitget,okx,2026-07-20 12:00:00+00:00,0.0,0.0,0.0,0.0,576.565439609849,4.0,,KRX_FULLY_CLOSED_PRE_US,POST_GATE_REGIME
long bitget / short okx,bitget,okx,2026-07-20 16:00:00+00:00,0.0,-0.0009406810658833,-0.0009406810658833,-9.406810658832999,567.158628951016,4.0,8.0,US_REGULAR,POST_GATE_REGIME
long bitget / short okx,bitget,okx,2026-07-20 20:00:00+00:00,0.0,0.0,0.0,0.0,567.158628951016,4.0,,US_AFTER_HOURS,POST_GATE_REGIME
long bitget / short okx,bitget,okx,2026-07-21 00:00:00+00:00,0.0,0.0,0.0,0.0,567.158628951016,4.0,8.0,KRX_FULLY_CLOSED_PRE_US,POST_GATE_REGIME
long bitget / short okx,bitget,okx,2026-07-21 04:00:00+00:00,0.001675,0.0,-0.001675,-16.75,550.408628951016,4.0,,KRX_FULLY_CLOSED_PRE_US,POST_GATE_REGIME
long bitget / short okx,bitget,okx,2026-07-21 08:00:00+00:00,0.000301,0.0008897717497861,0.0005887717497861,5.887717497861001,556.296346448877,4.0,8.0,KRX_OFFICIAL_AFTER_HOURS,POST_GATE_REGIME
long bitget / short okx,bitget,okx,2026-07-21 12:00:00+00:00,0.0,0.0,0.0,0.0,556.296346448877,4.0,,KRX_FULLY_CLOSED_PRE_US,POST_GATE_REGIME
long bitget / short okx,bitget,okx,2026-07-21 16:00:00+00:00,0.0,0.0011616131276546,0.0011616131276546,11.616131276546,567.912477725423,4.0,8.0,US_REGULAR,POST_GATE_REGIME
long bitget / short okx,bitget,okx,2026-07-21 20:00:00+00:00,0.0,0.0,0.0,0.0,567.912477725423,4.0,,US_AFTER_HOURS,POST_GATE_REGIME
long bitget / short okx,bitget,okx,2026-07-22 00:00:00+00:00,0.0,0.0005027897230029,0.0005027897230029,5.027897230029,572.940374955452,4.0,8.0,KRX_FULLY_CLOSED_PRE_US,POST_GATE_REGIME
long bitget / short okx,bitget,okx,2026-07-22 04:00:00+00:00,0.000984,0.0,-0.000984,-9.84,563.1003749554519,4.0,,KRX_FULLY_CLOSED_PRE_US,POST_GATE_REGIME
long bitget / short okx,bitget,okx,2026-07-22 08:00:00+00:00,0.000694,0.0009239274241871,0.00022992742418710005,2.2992742418710006,565.3996491973229,4.0,8.0,KRX_OFFICIAL_AFTER_HOURS,POST_GATE_REGIME
long bitget / short okx,bitget,okx,2026-07-22 12:00:00+00:00,0.0,0.0,0.0,0.0,565.3996491973229,4.0,,KRX_FULLY_CLOSED_PRE_US,POST_GATE_REGIME
long bitget / short okx,bitget,okx,2026-07-22 16:00:00+00:00,0.0,0.001347564728786,0.001347564728786,13.47564728786,578.8752964851828,4.0,8.0,US_REGULAR,POST_GATE_REGIME
long bitget / short okx,bitget,okx,2026-07-22 20:00:00+00:00,0.0,0.0,0.0,0.0,578.8752964851828,4.0,,US_AFTER_HOURS,POST_GATE_REGIME
long gate / short binance,gate,binance,2026-07-16 20:00:00.001000+00:00,0.0,-0.0009732,-0.0009732,-9.732,-9.732,,4.0,US_AFTER_HOURS,GATE_REGIME_20260716_19
long gate / short binance,gate,binance,2026-07-16 20:00:01+00:00,5e-05,0.0,-5e-05,-0.5,-10.232,4.0,,US_AFTER_HOURS,GATE_REGIME_20260716_19
long gate / short binance,gate,binance,2026-07-17 00:00:00.001000+00:00,0.0,-0.00092102,-0.00092102,-9.2102,-19.4422,,4.0,KRX_FULLY_CLOSED_PRE_US,GATE_REGIME_20260716_19
long gate / short binance,gate,binance,2026-07-17 00:00:03+00:00,5e-05,0.0,-5e-05,-0.5,-19.9422,4.0,,KRX_FULLY_CLOSED_PRE_US,GATE_REGIME_20260716_19
long gate / short binance,gate,binance,2026-07-17 04:00:00.001000+00:00,0.0,6.403e-05,6.403e-05,0.6403,-19.3019,,4.0,KRX_FULLY_CLOSED_PRE_US,GATE_REGIME_20260716_19
long gate / short binance,gate,binance,2026-07-17 04:00:01+00:00,0.0005,0.0,-0.0005,-5.0,-24.3019,4.0,,KRX_FULLY_CLOSED_PRE_US,GATE_REGIME_20260716_19
long gate / short binance,gate,binance,2026-07-17 08:00:00.001000+00:00,0.0,-0.00143406,-0.00143406,-14.3406,-38.6425,,4.0,KRX_OFFICIAL_AFTER_HOURS,GATE_REGIME_20260716_19
long gate / short binance,gate,binance,2026-07-17 08:00:03+00:00,0.0005,0.0,-0.0005,-5.0,-43.6425,4.0,,KRX_OFFICIAL_AFTER_HOURS,GATE_REGIME_20260716_19
long gate / short binance,gate,binance,2026-07-17 12:00:00.001000+00:00,0.0,0.00041051,0.00041051,4.1051,-39.5374,,4.0,KRX_FULLY_CLOSED_PRE_US,GATE_REGIME_20260716_19
long gate / short binance,gate,binance,2026-07-17 12:00:01+00:00,0.0005,0.0,-0.0005,-5.0,-44.5374,4.0,,KRX_FULLY_CLOSED_PRE_US,GATE_REGIME_20260716_19
long gate / short binance,gate,binance,2026-07-17 16:00:00.001000+00:00,0.0,0.00150611,0.00150611,15.0611,-29.4763,,4.0,KRX_HOLIDAY_OR_WEEKEND,GATE_REGIME_20260716_19
long gate / short binance,gate,binance,2026-07-17 16:00:03+00:00,0.0005,0.0,-0.0005,-5.0,-34.476299999999995,4.0,,KRX_HOLIDAY_OR_WEEKEND,GATE_REGIME_20260716_19
long gate / short binance,gate,binance,2026-07-17 20:00:00.001000+00:00,0.0,-0.00094887,-0.00094887,-9.4887,-43.964999999999996,,4.0,KRX_HOLIDAY_OR_WEEKEND,GATE_REGIME_20260716_19
long gate / short binance,gate,binance,2026-07-17 20:00:01+00:00,0.0005,0.0,-0.0005,-5.0,-48.964999999999996,4.0,,KRX_HOLIDAY_OR_WEEKEND,GATE_REGIME_20260716_19
long gate / short binance,gate,binance,2026-07-18 00:00:00.001000+00:00,0.0,0.0,0.0,0.0,-48.964999999999996,,4.0,KRX_HOLIDAY_OR_WEEKEND,GATE_REGIME_20260716_19
long gate / short binance,gate,binance,2026-07-18 00:00:03+00:00,0.0005,0.0,-0.0005,-5.0,-53.964999999999996,4.0,,KRX_HOLIDAY_OR_WEEKEND,GATE_REGIME_20260716_19
long gate / short binance,gate,binance,2026-07-18 04:00:00.002000+00:00,0.0,0.0,0.0,0.0,-53.964999999999996,,4.0,KRX_HOLIDAY_OR_WEEKEND,GATE_REGIME_20260716_19
long gate / short binance,gate,binance,2026-07-18 04:00:01+00:00,0.0005,0.0,-0.0005,-5.0,-58.964999999999996,4.0,,KRX_HOLIDAY_OR_WEEKEND,GATE_REGIME_20260716_19
long gate / short binance,gate,binance,2026-07-18 08:00:00.001000+00:00,0.0,0.0,0.0,0.0,-58.964999999999996,,4.0,KRX_HOLIDAY_OR_WEEKEND,GATE_REGIME_20260716_19
long gate / short binance,gate,binance,2026-07-18 08:00:02+00:00,0.0005,0.0,-0.0005,-5.0,-63.964999999999996,4.0,,KRX_HOLIDAY_OR_WEEKEND,GATE_REGIME_20260716_19
long gate / short binance,gate,binance,2026-07-18 12:00:00.001000+00:00,0.0,0.0,0.0,0.0,-63.964999999999996,,4.0,KRX_HOLIDAY_OR_WEEKEND,GATE_REGIME_20260716_19
long gate / short binance,gate,binance,2026-07-18 12:00:01+00:00,0.0005,0.0,-0.0005,-5.0,-68.965,4.0,,KRX_HOLIDAY_OR_WEEKEND,GATE_REGIME_20260716_19
long gate / short binance,gate,binance,2026-07-18 16:00:00.001000+00:00,0.0,-4.143e-05,-4.143e-05,-0.4143,-69.3793,,4.0,KRX_HOLIDAY_OR_WEEKEND,GATE_REGIME_20260716_19
long gate / short binance,gate,binance,2026-07-18 16:00:03+00:00,0.0005,0.0,-0.0005,-5.0,-74.3793,4.0,,KRX_HOLIDAY_OR_WEEKEND,GATE_REGIME_20260716_19
long gate / short binance,gate,binance,2026-07-18 20:00:00.001000+00:00,0.0,0.0,0.0,0.0,-74.3793,,4.0,KRX_HOLIDAY_OR_WEEKEND,GATE_REGIME_20260716_19
long gate / short binance,gate,binance,2026-07-18 20:00:01+00:00,0.0005,0.0,-0.0005,-5.0,-79.3793,4.0,,KRX_HOLIDAY_OR_WEEKEND,GATE_REGIME_20260716_19
long gate / short binance,gate,binance,2026-07-19 00:00:00.001000+00:00,0.0,0.0,0.0,0.0,-79.3793,,4.0,KRX_HOLIDAY_OR_WEEKEND,GATE_REGIME_20260716_19
long gate / short binance,gate,binance,2026-07-19 00:00:02+00:00,0.0005,0.0,-0.0005,-5.0,-84.3793,4.0,,KRX_HOLIDAY_OR_WEEKEND,GATE_REGIME_20260716_19
long gate / short binance,gate,binance,2026-07-19 04:00:00.001000+00:00,0.0,0.0,0.0,0.0,-84.3793,,4.0,KRX_HOLIDAY_OR_WEEKEND,GATE_REGIME_20260716_19
long gate / short binance,gate,binance,2026-07-19 04:00:01+00:00,0.000443,0.0,-0.000443,-4.43,-88.80930000000001,4.0,,KRX_HOLIDAY_OR_WEEKEND,GATE_REGIME_20260716_19
long gate / short binance,gate,binance,2026-07-19 08:00:00.001000+00:00,0.0,8.177e-05,8.177e-05,0.8177,-87.9916,,4.0,KRX_HOLIDAY_OR_WEEKEND,GATE_REGIME_20260716_19
long gate / short binance,gate,binance,2026-07-19 08:00:03+00:00,0.0005,0.0,-0.0005,-5.0,-92.9916,4.0,,KRX_HOLIDAY_OR_WEEKEND,GATE_REGIME_20260716_19
long gate / short binance,gate,binance,2026-07-19 12:00:00.001000+00:00,0.0,-0.00014976,-0.00014976,-1.4976,-94.48920000000001,,4.0,KRX_HOLIDAY_OR_WEEKEND,GATE_REGIME_20260716_19
long gate / short binance,gate,binance,2026-07-19 12:00:01+00:00,0.000221,0.0,-0.000221,-2.21,-96.6992,4.0,,KRX_HOLIDAY_OR_WEEKEND,GATE_REGIME_20260716_19
long gate / short binance,gate,binance,2026-07-19 16:00:00.001000+00:00,0.0,0.0,0.0,0.0,-96.6992,,4.0,KRX_FULLY_CLOSED_PRE_US,GATE_REGIME_20260716_19
long gate / short binance,gate,binance,2026-07-19 16:00:03+00:00,0.000377,0.0,-0.000377,-3.77,-100.4692,4.0,,KRX_FULLY_CLOSED_PRE_US,GATE_REGIME_20260716_19
long gate / short binance,gate,binance,2026-07-19 20:00:00.001000+00:00,0.0,0.00020692,0.00020692,2.0692,-98.4,,4.0,KRX_FULLY_CLOSED_PRE_US,GATE_REGIME_20260716_19
long gate / short binance,gate,binance,2026-07-19 20:00:01+00:00,0.0005,0.0,-0.0005,-5.0,-103.4,4.0,,KRX_FULLY_CLOSED_PRE_US,GATE_REGIME_20260716_19
long gate / short binance,gate,binance,2026-07-20 00:00:00.002000+00:00,0.0,-0.00031583,-0.00031583,-3.1583,-106.5583,,4.0,KRX_FULLY_CLOSED_PRE_US,POST_GATE_REGIME
long gate / short binance,gate,binance,2026-07-20 00:00:03+00:00,0.0005,0.0,-0.0005,-5.0,-111.5583,4.0,,KRX_FULLY_CLOSED_PRE_US,POST_GATE_REGIME
long gate / short binance,gate,binance,2026-07-20 04:00:00.001000+00:00,0.0,0.00166537,0.00166537,16.6537,-94.9046,,4.0,KRX_FULLY_CLOSED_PRE_US,POST_GATE_REGIME
long gate / short binance,gate,binance,2026-07-20 04:00:02+00:00,0.0005,0.0,-0.0005,-5.0,-99.9046,4.0,,KRX_FULLY_CLOSED_PRE_US,POST_GATE_REGIME
long gate / short binance,gate,binance,2026-07-20 08:00:00.001000+00:00,0.0,0.00052817,0.00052817,5.2817,-94.6229,,4.0,KRX_OFFICIAL_AFTER_HOURS,POST_GATE_REGIME
long gate / short binance,gate,binance,2026-07-20 08:00:03+00:00,0.0005,0.0,-0.0005,-5.0,-99.6229,4.0,,KRX_OFFICIAL_AFTER_HOURS,POST_GATE_REGIME
long gate / short binance,gate,binance,2026-07-20 12:00:00.001000+00:00,0.0,0.00060173,0.00060173,6.0173,-93.6056,,4.0,KRX_FULLY_CLOSED_PRE_US,POST_GATE_REGIME
long gate / short binance,gate,binance,2026-07-20 12:00:01+00:00,5e-05,0.0,-5e-05,-0.5,-94.1056,4.0,,KRX_FULLY_CLOSED_PRE_US,POST_GATE_REGIME
long gate / short binance,gate,binance,2026-07-20 16:00:00.001000+00:00,0.0,-0.00016124,-0.00016124,-1.6124,-95.71799999999999,,4.0,US_REGULAR,POST_GATE_REGIME
long gate / short binance,gate,binance,2026-07-20 16:00:03+00:00,5e-05,0.0,-5e-05,-0.5,-96.21799999999999,4.0,,US_REGULAR,POST_GATE_REGIME
long gate / short binance,gate,binance,2026-07-20 20:00:00.001000+00:00,0.0,-0.00055024,-0.00055024,-5.5024,-101.72039999999998,,4.0,US_AFTER_HOURS,POST_GATE_REGIME
long gate / short binance,gate,binance,2026-07-20 20:00:01+00:00,5e-05,0.0,-5e-05,-0.5,-102.22039999999998,4.0,,US_AFTER_HOURS,POST_GATE_REGIME
long gate / short binance,gate,binance,2026-07-21 00:00:00.001000+00:00,0.0,0.00015674,0.00015674,1.5674,-100.65299999999998,,4.0,KRX_FULLY_CLOSED_PRE_US,POST_GATE_REGIME
long gate / short binance,gate,binance,2026-07-21 00:00:03+00:00,0.000449,0.0,-0.000449,-4.49,-105.14299999999997,4.0,,KRX_FULLY_CLOSED_PRE_US,POST_GATE_REGIME
long gate / short binance,gate,binance,2026-07-21 04:00:00.002000+00:00,0.0,0.00119891,0.00119891,11.9891,-93.15389999999996,,4.0,KRX_FULLY_CLOSED_PRE_US,POST_GATE_REGIME
long gate / short binance,gate,binance,2026-07-21 04:00:01+00:00,0.000175,0.0,-0.000175,-1.75,-94.90389999999996,4.0,,KRX_FULLY_CLOSED_PRE_US,POST_GATE_REGIME
long gate / short binance,gate,binance,2026-07-21 08:00:00.001000+00:00,0.0,0.00022498,0.00022498,2.2498,-92.65409999999997,,4.0,KRX_OFFICIAL_AFTER_HOURS,POST_GATE_REGIME
long gate / short binance,gate,binance,2026-07-21 08:00:03+00:00,0.000363,0.0,-0.000363,-3.63,-96.28409999999997,4.0,,KRX_OFFICIAL_AFTER_HOURS,POST_GATE_REGIME
long gate / short binance,gate,binance,2026-07-21 12:00:00.001000+00:00,0.0,0.0,0.0,0.0,-96.28409999999997,,4.0,KRX_FULLY_CLOSED_PRE_US,POST_GATE_REGIME
long gate / short binance,gate,binance,2026-07-21 12:00:01+00:00,0.000178,0.0,-0.000178,-1.7799999999999998,-98.06409999999997,4.0,,KRX_FULLY_CLOSED_PRE_US,POST_GATE_REGIME
long gate / short binance,gate,binance,2026-07-21 16:00:00+00:00,0.0,0.00068707,0.00068707,6.8707,-91.19339999999997,,4.0,US_REGULAR,POST_GATE_REGIME
long gate / short binance,gate,binance,2026-07-21 16:00:03+00:00,0.000493,0.0,-0.000493,-4.93,-96.12339999999998,4.0,,US_REGULAR,POST_GATE_REGIME
long gate / short binance,gate,binance,2026-07-21 20:00:00.001000+00:00,0.0,0.00010694,0.00010694,1.0694000000000001,-95.05399999999997,,4.0,US_AFTER_HOURS,POST_GATE_REGIME
long gate / short binance,gate,binance,2026-07-21 20:00:01+00:00,5.8e-05,0.0,-5.8e-05,-0.58,-95.63399999999997,4.0,,US_AFTER_HOURS,POST_GATE_REGIME
long gate / short binance,gate,binance,2026-07-22 00:00:00+00:00,0.0,0.0,0.0,0.0,-95.63399999999997,,4.0,KRX_FULLY_CLOSED_PRE_US,POST_GATE_REGIME
long gate / short binance,gate,binance,2026-07-22 00:00:03+00:00,0.000122,0.0,-0.000122,-1.22,-96.85399999999997,4.0,,KRX_FULLY_CLOSED_PRE_US,POST_GATE_REGIME
long gate / short binance,gate,binance,2026-07-22 04:00:00+00:00,0.0,0.00034064,0.00034064,3.4064,-93.44759999999997,,4.0,KRX_FULLY_CLOSED_PRE_US,POST_GATE_REGIME
long gate / short binance,gate,binance,2026-07-22 04:00:02+00:00,5e-05,0.0,-5e-05,-0.5,-93.94759999999997,4.0,,KRX_FULLY_CLOSED_PRE_US,POST_GATE_REGIME
long gate / short binance,gate,binance,2026-07-22 08:00:00.001000+00:00,0.0,0.00068087,0.00068087,6.8087,-87.13889999999996,,4.0,KRX_OFFICIAL_AFTER_HOURS,POST_GATE_REGIME
long gate / short binance,gate,binance,2026-07-22 08:00:03+00:00,0.000107,0.0,-0.000107,-1.07,-88.20889999999996,4.0,,KRX_OFFICIAL_AFTER_HOURS,POST_GATE_REGIME
long gate / short binance,gate,binance,2026-07-22 12:00:00.001000+00:00,0.0,-0.00023337,-0.00023337,-2.3337,-90.54259999999995,,4.0,KRX_FULLY_CLOSED_PRE_US,POST_GATE_REGIME
long gate / short binance,gate,binance,2026-07-22 12:00:01+00:00,0.000102,0.0,-0.000102,-1.02,-91.56259999999995,4.0,,KRX_FULLY_CLOSED_PRE_US,POST_GATE_REGIME
long gate / short binance,gate,binance,2026-07-22 16:00:00+00:00,0.0,0.0007125,0.0007125,7.125,-84.43759999999995,,4.0,US_REGULAR,POST_GATE_REGIME
long gate / short binance,gate,binance,2026-07-22 16:00:03+00:00,0.000262,0.0,-0.000262,-2.62,-87.05759999999995,4.0,,US_REGULAR,POST_GATE_REGIME
long gate / short binance,gate,binance,2026-07-22 20:00:00+00:00,0.0,-5.632e-05,-5.632e-05,-0.5632,-87.62079999999995,,4.0,US_AFTER_HOURS,POST_GATE_REGIME
long gate / short binance,gate,binance,2026-07-22 20:00:01+00:00,5e-05,0.0,-5e-05,-0.5,-88.12079999999995,4.0,,US_AFTER_HOURS,POST_GATE_REGIME
long gate / short binance,gate,binance,2026-07-23 00:00:00+00:00,0.0,0.0,0.0,0.0,-88.12079999999995,,4.0,KRX_FULLY_CLOSED_PRE_US,POST_GATE_REGIME
long gate / short binance,gate,binance,2026-07-23 00:00:03+00:00,5e-05,0.0,-5e-05,-0.5,-88.62079999999995,4.0,,KRX_FULLY_CLOSED_PRE_US,POST_GATE_REGIME
long gate / short binance,gate,binance,2026-07-23 04:00:00.001000+00:00,0.0,0.00063342,0.00063342,6.3342,-82.28659999999995,,4.0,KRX_FULLY_CLOSED_PRE_US,POST_GATE_REGIME
long gate / short binance,gate,binance,2026-07-23 04:00:01+00:00,0.00014,0.0,-0.00014,-1.4,-83.68659999999996,4.0,,KRX_FULLY_CLOSED_PRE_US,POST_GATE_REGIME
long gate / short bitget,gate,bitget,2026-07-16 20:00:00+00:00,0.0,0.0,0.0,0.0,0.0,,4.0,US_AFTER_HOURS,GATE_REGIME_20260716_19
long gate / short bitget,gate,bitget,2026-07-16 20:00:01+00:00,5e-05,0.0,-5e-05,-0.5,-0.5,4.0,,US_AFTER_HOURS,GATE_REGIME_20260716_19
long gate / short bitget,gate,bitget,2026-07-17 00:00:00+00:00,0.0,0.0,0.0,0.0,-0.5,,4.0,KRX_FULLY_CLOSED_PRE_US,GATE_REGIME_20260716_19
long gate / short bitget,gate,bitget,2026-07-17 00:00:03+00:00,5e-05,0.0,-5e-05,-0.5,-1.0,4.0,,KRX_FULLY_CLOSED_PRE_US,GATE_REGIME_20260716_19
long gate / short bitget,gate,bitget,2026-07-17 04:00:00+00:00,0.0,-0.002897,-0.002897,-28.97,-29.97,,4.0,KRX_FULLY_CLOSED_PRE_US,GATE_REGIME_20260716_19
long gate / short bitget,gate,bitget,2026-07-17 04:00:01+00:00,0.0005,0.0,-0.0005,-5.0,-34.97,4.0,,KRX_FULLY_CLOSED_PRE_US,GATE_REGIME_20260716_19
long gate / short bitget,gate,bitget,2026-07-17 08:00:00+00:00,0.0,0.0,0.0,0.0,-34.97,,4.0,KRX_OFFICIAL_AFTER_HOURS,GATE_REGIME_20260716_19
long gate / short bitget,gate,bitget,2026-07-17 08:00:03+00:00,0.0005,0.0,-0.0005,-5.0,-39.97,4.0,,KRX_OFFICIAL_AFTER_HOURS,GATE_REGIME_20260716_19
long gate / short bitget,gate,bitget,2026-07-17 12:00:00+00:00,0.0,0.0,0.0,0.0,-39.97,,4.0,KRX_FULLY_CLOSED_PRE_US,GATE_REGIME_20260716_19
long gate / short bitget,gate,bitget,2026-07-17 12:00:01+00:00,0.0005,0.0,-0.0005,-5.0,-44.97,4.0,,KRX_FULLY_CLOSED_PRE_US,GATE_REGIME_20260716_19
long gate / short bitget,gate,bitget,2026-07-17 16:00:00+00:00,0.0,0.0,0.0,0.0,-44.97,,4.0,KRX_HOLIDAY_OR_WEEKEND,GATE_REGIME_20260716_19
long gate / short bitget,gate,bitget,2026-07-17 16:00:03+00:00,0.0005,0.0,-0.0005,-5.0,-49.97,4.0,,KRX_HOLIDAY_OR_WEEKEND,GATE_REGIME_20260716_19
long gate / short bitget,gate,bitget,2026-07-17 20:00:00+00:00,0.0,0.0,0.0,0.0,-49.97,,4.0,KRX_HOLIDAY_OR_WEEKEND,GATE_REGIME_20260716_19
long gate / short bitget,gate,bitget,2026-07-17 20:00:01+00:00,0.0005,0.0,-0.0005,-5.0,-54.97,4.0,,KRX_HOLIDAY_OR_WEEKEND,GATE_REGIME_20260716_19
long gate / short bitget,gate,bitget,2026-07-18 00:00:00+00:00,0.0,0.0,0.0,0.0,-54.97,,4.0,KRX_HOLIDAY_OR_WEEKEND,GATE_REGIME_20260716_19
long gate / short bitget,gate,bitget,2026-07-18 00:00:03+00:00,0.0005,0.0,-0.0005,-5.0,-59.97,4.0,,KRX_HOLIDAY_OR_WEEKEND,GATE_REGIME_20260716_19
long gate / short bitget,gate,bitget,2026-07-18 04:00:00+00:00,0.0,0.0,0.0,0.0,-59.97,,4.0,KRX_HOLIDAY_OR_WEEKEND,GATE_REGIME_20260716_19
long gate / short bitget,gate,bitget,2026-07-18 04:00:01+00:00,0.0005,0.0,-0.0005,-5.0,-64.97,4.0,,KRX_HOLIDAY_OR_WEEKEND,GATE_REGIME_20260716_19
long gate / short bitget,gate,bitget,2026-07-18 08:00:00+00:00,0.0,0.0,0.0,0.0,-64.97,,4.0,KRX_HOLIDAY_OR_WEEKEND,GATE_REGIME_20260716_19
long gate / short bitget,gate,bitget,2026-07-18 08:00:02+00:00,0.0005,0.0,-0.0005,-5.0,-69.97,4.0,,KRX_HOLIDAY_OR_WEEKEND,GATE_REGIME_20260716_19
long gate / short bitget,gate,bitget,2026-07-18 12:00:00+00:00,0.0,0.0,0.0,0.0,-69.97,,4.0,KRX_HOLIDAY_OR_WEEKEND,GATE_REGIME_20260716_19
long gate / short bitget,gate,bitget,2026-07-18 12:00:01+00:00,0.0005,0.0,-0.0005,-5.0,-74.97,4.0,,KRX_HOLIDAY_OR_WEEKEND,GATE_REGIME_20260716_19
long gate / short bitget,gate,bitget,2026-07-18 16:00:00+00:00,0.0,0.0,0.0,0.0,-74.97,,4.0,KRX_HOLIDAY_OR_WEEKEND,GATE_REGIME_20260716_19
long gate / short bitget,gate,bitget,2026-07-18 16:00:03+00:00,0.0005,0.0,-0.0005,-5.0,-79.97,4.0,,KRX_HOLIDAY_OR_WEEKEND,GATE_REGIME_20260716_19
long gate / short bitget,gate,bitget,2026-07-18 20:00:00+00:00,0.0,0.0,0.0,0.0,-79.97,,4.0,KRX_HOLIDAY_OR_WEEKEND,GATE_REGIME_20260716_19
long gate / short bitget,gate,bitget,2026-07-18 20:00:01+00:00,0.0005,0.0,-0.0005,-5.0,-84.97,4.0,,KRX_HOLIDAY_OR_WEEKEND,GATE_REGIME_20260716_19
long gate / short bitget,gate,bitget,2026-07-19 00:00:00+00:00,0.0,0.0,0.0,0.0,-84.97,,4.0,KRX_HOLIDAY_OR_WEEKEND,GATE_REGIME_20260716_19
long gate / short bitget,gate,bitget,2026-07-19 00:00:02+00:00,0.0005,0.0,-0.0005,-5.0,-89.97,4.0,,KRX_HOLIDAY_OR_WEEKEND,GATE_REGIME_20260716_19
long gate / short bitget,gate,bitget,2026-07-19 04:00:00+00:00,0.0,0.0,0.0,0.0,-89.97,,4.0,KRX_HOLIDAY_OR_WEEKEND,GATE_REGIME_20260716_19
long gate / short bitget,gate,bitget,2026-07-19 04:00:01+00:00,0.000443,0.0,-0.000443,-4.43,-94.4,4.0,,KRX_HOLIDAY_OR_WEEKEND,GATE_REGIME_20260716_19
long gate / short bitget,gate,bitget,2026-07-19 08:00:00+00:00,0.0,0.0,0.0,0.0,-94.4,,4.0,KRX_HOLIDAY_OR_WEEKEND,GATE_REGIME_20260716_19
long gate / short bitget,gate,bitget,2026-07-19 08:00:03+00:00,0.0005,0.0,-0.0005,-5.0,-99.4,4.0,,KRX_HOLIDAY_OR_WEEKEND,GATE_REGIME_20260716_19
long gate / short bitget,gate,bitget,2026-07-19 12:00:00+00:00,0.0,0.0,0.0,0.0,-99.4,,4.0,KRX_HOLIDAY_OR_WEEKEND,GATE_REGIME_20260716_19
long gate / short bitget,gate,bitget,2026-07-19 12:00:01+00:00,0.000221,0.0,-0.000221,-2.21,-101.61,4.0,,KRX_HOLIDAY_OR_WEEKEND,GATE_REGIME_20260716_19
long gate / short bitget,gate,bitget,2026-07-19 16:00:00+00:00,0.0,0.0,0.0,0.0,-101.61,,4.0,KRX_FULLY_CLOSED_PRE_US,GATE_REGIME_20260716_19
long gate / short bitget,gate,bitget,2026-07-19 16:00:03+00:00,0.000377,0.0,-0.000377,-3.77,-105.38,4.0,,KRX_FULLY_CLOSED_PRE_US,GATE_REGIME_20260716_19
long gate / short bitget,gate,bitget,2026-07-19 20:00:00+00:00,0.0,0.0,0.0,0.0,-105.38,,4.0,KRX_FULLY_CLOSED_PRE_US,GATE_REGIME_20260716_19
long gate / short bitget,gate,bitget,2026-07-19 20:00:01+00:00,0.0005,0.0,-0.0005,-5.0,-110.38,4.0,,KRX_FULLY_CLOSED_PRE_US,GATE_REGIME_20260716_19
long gate / short bitget,gate,bitget,2026-07-20 00:00:00+00:00,0.0,0.0,0.0,0.0,-110.38,,4.0,KRX_FULLY_CLOSED_PRE_US,POST_GATE_REGIME
long gate / short bitget,gate,bitget,2026-07-20 00:00:03+00:00,0.0005,0.0,-0.0005,-5.0,-115.38,4.0,,KRX_FULLY_CLOSED_PRE_US,POST_GATE_REGIME
long gate / short bitget,gate,bitget,2026-07-20 04:00:00+00:00,0.0,0.002053,0.002053,20.53,-94.85,,4.0,KRX_FULLY_CLOSED_PRE_US,POST_GATE_REGIME
long gate / short bitget,gate,bitget,2026-07-20 04:00:02+00:00,0.0005,0.0,-0.0005,-5.0,-99.85,4.0,,KRX_FULLY_CLOSED_PRE_US,POST_GATE_REGIME
long gate / short bitget,gate,bitget,2026-07-20 08:00:00+00:00,0.0,0.000392,0.000392,3.92,-95.92999999999999,,4.0,KRX_OFFICIAL_AFTER_HOURS,POST_GATE_REGIME
long gate / short bitget,gate,bitget,2026-07-20 08:00:03+00:00,0.0005,0.0,-0.0005,-5.0,-100.92999999999999,4.0,,KRX_OFFICIAL_AFTER_HOURS,POST_GATE_REGIME
long gate / short bitget,gate,bitget,2026-07-20 12:00:00+00:00,0.0,0.0,0.0,0.0,-100.92999999999999,,4.0,KRX_FULLY_CLOSED_PRE_US,POST_GATE_REGIME
long gate / short bitget,gate,bitget,2026-07-20 12:00:01+00:00,5e-05,0.0,-5e-05,-0.5,-101.42999999999999,4.0,,KRX_FULLY_CLOSED_PRE_US,POST_GATE_REGIME
long gate / short bitget,gate,bitget,2026-07-20 16:00:00+00:00,0.0,0.0,0.0,0.0,-101.42999999999999,,4.0,US_REGULAR,POST_GATE_REGIME
long gate / short bitget,gate,bitget,2026-07-20 16:00:03+00:00,5e-05,0.0,-5e-05,-0.5,-101.92999999999999,4.0,,US_REGULAR,POST_GATE_REGIME
long gate / short bitget,gate,bitget,2026-07-20 20:00:00+00:00,0.0,0.0,0.0,0.0,-101.92999999999999,,4.0,US_AFTER_HOURS,POST_GATE_REGIME
long gate / short bitget,gate,bitget,2026-07-20 20:00:01+00:00,5e-05,0.0,-5e-05,-0.5,-102.42999999999999,4.0,,US_AFTER_HOURS,POST_GATE_REGIME
long gate / short bitget,gate,bitget,2026-07-21 00:00:00+00:00,0.0,0.0,0.0,0.0,-102.42999999999999,,4.0,KRX_FULLY_CLOSED_PRE_US,POST_GATE_REGIME
long gate / short bitget,gate,bitget,2026-07-21 00:00:03+00:00,0.000449,0.0,-0.000449,-4.49,-106.91999999999999,4.0,,KRX_FULLY_CLOSED_PRE_US,POST_GATE_REGIME
long gate / short bitget,gate,bitget,2026-07-21 04:00:00+00:00,0.0,0.001675,0.001675,16.75,-90.16999999999999,,4.0,KRX_FULLY_CLOSED_PRE_US,POST_GATE_REGIME
long gate / short bitget,gate,bitget,2026-07-21 04:00:01+00:00,0.000175,0.0,-0.000175,-1.75,-91.91999999999999,4.0,,KRX_FULLY_CLOSED_PRE_US,POST_GATE_REGIME
long gate / short bitget,gate,bitget,2026-07-21 08:00:00+00:00,0.0,0.000301,0.000301,3.01,-88.90999999999998,,4.0,KRX_OFFICIAL_AFTER_HOURS,POST_GATE_REGIME
long gate / short bitget,gate,bitget,2026-07-21 08:00:03+00:00,0.000363,0.0,-0.000363,-3.63,-92.53999999999998,4.0,,KRX_OFFICIAL_AFTER_HOURS,POST_GATE_REGIME
long gate / short bitget,gate,bitget,2026-07-21 12:00:00+00:00,0.0,0.0,0.0,0.0,-92.53999999999998,,4.0,KRX_FULLY_CLOSED_PRE_US,POST_GATE_REGIME
long gate / short bitget,gate,bitget,2026-07-21 12:00:01+00:00,0.000178,0.0,-0.000178,-1.7799999999999998,-94.31999999999998,4.0,,KRX_FULLY_CLOSED_PRE_US,POST_GATE_REGIME
long gate / short bitget,gate,bitget,2026-07-21 16:00:00+00:00,0.0,0.0,0.0,0.0,-94.31999999999998,,4.0,US_REGULAR,POST_GATE_REGIME
long gate / short bitget,gate,bitget,2026-07-21 16:00:03+00:00,0.000493,0.0,-0.000493,-4.93,-99.24999999999997,4.0,,US_REGULAR,POST_GATE_REGIME
long gate / short bitget,gate,bitget,2026-07-21 20:00:00+00:00,0.0,0.0,0.0,0.0,-99.24999999999997,,4.0,US_AFTER_HOURS,POST_GATE_REGIME
long gate / short bitget,gate,bitget,2026-07-21 20:00:01+00:00,5.8e-05,0.0,-5.8e-05,-0.58,-99.82999999999997,4.0,,US_AFTER_HOURS,POST_GATE_REGIME
long gate / short bitget,gate,bitget,2026-07-22 00:00:00+00:00,0.0,0.0,0.0,0.0,-99.82999999999997,,4.0,KRX_FULLY_CLOSED_PRE_US,POST_GATE_REGIME
long gate / short bitget,gate,bitget,2026-07-22 00:00:03+00:00,0.000122,0.0,-0.000122,-1.22,-101.04999999999997,4.0,,KRX_FULLY_CLOSED_PRE_US,POST_GATE_REGIME
long gate / short bitget,gate,bitget,2026-07-22 04:00:00+00:00,0.0,0.000984,0.000984,9.84,-91.20999999999997,,4.0,KRX_FULLY_CLOSED_PRE_US,POST_GATE_REGIME
long gate / short bitget,gate,bitget,2026-07-22 04:00:02+00:00,5e-05,0.0,-5e-05,-0.5,-91.70999999999997,4.0,,KRX_FULLY_CLOSED_PRE_US,POST_GATE_REGIME
long gate / short bitget,gate,bitget,2026-07-22 08:00:00+00:00,0.0,0.000694,0.000694,6.9399999999999995,-84.76999999999997,,4.0,KRX_OFFICIAL_AFTER_HOURS,POST_GATE_REGIME
long gate / short bitget,gate,bitget,2026-07-22 08:00:03+00:00,0.000107,0.0,-0.000107,-1.07,-85.83999999999996,4.0,,KRX_OFFICIAL_AFTER_HOURS,POST_GATE_REGIME
long gate / short bitget,gate,bitget,2026-07-22 12:00:00+00:00,0.0,0.0,0.0,0.0,-85.83999999999996,,4.0,KRX_FULLY_CLOSED_PRE_US,POST_GATE_REGIME
long gate / short bitget,gate,bitget,2026-07-22 12:00:01+00:00,0.000102,0.0,-0.000102,-1.02,-86.85999999999996,4.0,,KRX_FULLY_CLOSED_PRE_US,POST_GATE_REGIME
long gate / short bitget,gate,bitget,2026-07-22 16:00:00+00:00,0.0,0.0,0.0,0.0,-86.85999999999996,,4.0,US_REGULAR,POST_GATE_REGIME
long gate / short bitget,gate,bitget,2026-07-22 16:00:03+00:00,0.000262,0.0,-0.000262,-2.62,-89.47999999999996,4.0,,US_REGULAR,POST_GATE_REGIME
long gate / short bitget,gate,bitget,2026-07-22 20:00:00+00:00,0.0,0.0,0.0,0.0,-89.47999999999996,,4.0,US_AFTER_HOURS,POST_GATE_REGIME
long gate / short bitget,gate,bitget,2026-07-22 20:00:01+00:00,5e-05,0.0,-5e-05,-0.5,-89.97999999999996,4.0,,US_AFTER_HOURS,POST_GATE_REGIME
long gate / short bitget,gate,bitget,2026-07-23 00:00:00+00:00,0.0,0.0,0.0,0.0,-89.97999999999996,,4.0,KRX_FULLY_CLOSED_PRE_US,POST_GATE_REGIME
long gate / short bitget,gate,bitget,2026-07-23 00:00:03+00:00,5e-05,0.0,-5e-05,-0.5,-90.47999999999996,4.0,,KRX_FULLY_CLOSED_PRE_US,POST_GATE_REGIME
long gate / short hyperliquid,gate,hyperliquid,2026-07-19 17:00:00.043000+00:00,0.0,-0.0001463669,-0.0001463669,-1.4636689999999999,-1.4636689999999999,,1.0,KRX_FULLY_CLOSED_PRE_US,GATE_REGIME_20260716_19
long gate / short hyperliquid,gate,hyperliquid,2026-07-19 18:00:00.049000+00:00,0.0,0.0001350793,0.0001350793,1.350793,-0.11287599999999998,,1.0,KRX_FULLY_CLOSED_PRE_US,GATE_REGIME_20260716_19
long gate / short hyperliquid,gate,hyperliquid,2026-07-19 19:00:00.049000+00:00,0.0,6.25e-06,6.25e-06,0.0625,-0.050375999999999976,,1.0,KRX_FULLY_CLOSED_PRE_US,GATE_REGIME_20260716_19
long gate / short hyperliquid,gate,hyperliquid,2026-07-19 20:00:00.010000+00:00,0.0,0.0001424997,0.0001424997,1.424997,1.374621,,1.0,KRX_FULLY_CLOSED_PRE_US,GATE_REGIME_20260716_19
long gate / short hyperliquid,gate,hyperliquid,2026-07-19 20:00:01+00:00,0.0005,0.0,-0.0005,-5.0,-3.6253789999999997,4.0,,KRX_FULLY_CLOSED_PRE_US,GATE_REGIME_20260716_19
long gate / short hyperliquid,gate,hyperliquid,2026-07-19 21:00:00.026000+00:00,0.0,6.25e-06,6.25e-06,0.0625,-3.5628789999999997,,1.0,KRX_FULLY_CLOSED_PRE_US,GATE_REGIME_20260716_19
long gate / short hyperliquid,gate,hyperliquid,2026-07-19 22:00:00.049000+00:00,0.0,6.25e-06,6.25e-06,0.0625,-3.5003789999999997,,1.0,KRX_FULLY_CLOSED_PRE_US,GATE_REGIME_20260716_19
long gate / short hyperliquid,gate,hyperliquid,2026-07-19 23:00:00.014000+00:00,0.0,0.0001120228,0.0001120228,1.120228,-2.3801509999999997,,1.0,KRX_FULLY_CLOSED_PRE_US,GATE_REGIME_20260716_19
long gate / short hyperliquid,gate,hyperliquid,2026-07-20 00:00:00.034000+00:00,0.0,0.0002688809,0.0002688809,2.6888090000000004,0.30865800000000077,,1.0,KRX_FULLY_CLOSED_PRE_US,POST_GATE_REGIME
long gate / short hyperliquid,gate,hyperliquid,2026-07-20 00:00:03+00:00,0.0005,0.0,-0.0005,-5.0,-4.691341999999999,4.0,,KRX_FULLY_CLOSED_PRE_US,POST_GATE_REGIME
long gate / short hyperliquid,gate,hyperliquid,2026-07-20 01:00:00.063000+00:00,0.0,6.25e-06,6.25e-06,0.0625,-4.628841999999999,,1.0,KRX_FULLY_CLOSED_PRE_US,POST_GATE_REGIME
long gate / short hyperliquid,gate,hyperliquid,2026-07-20 02:00:00.052000+00:00,0.0,6.25e-06,6.25e-06,0.0625,-4.566341999999999,,1.0,KRX_FULLY_CLOSED_PRE_US,POST_GATE_REGIME
long gate / short hyperliquid,gate,hyperliquid,2026-07-20 03:00:00.046000+00:00,0.0,0.0001277184,0.0001277184,1.277184,-3.2891579999999987,,1.0,KRX_FULLY_CLOSED_PRE_US,POST_GATE_REGIME
long gate / short hyperliquid,gate,hyperliquid,2026-07-20 04:00:00.011000+00:00,0.0,0.000122697,0.000122697,1.2269700000000001,-2.0621879999999986,,1.0,KRX_FULLY_CLOSED_PRE_US,POST_GATE_REGIME
long gate / short hyperliquid,gate,hyperliquid,2026-07-20 04:00:02+00:00,0.0005,0.0,-0.0005,-5.0,-7.062187999999999,4.0,,KRX_FULLY_CLOSED_PRE_US,POST_GATE_REGIME
long gate / short hyperliquid,gate,hyperliquid,2026-07-20 05:00:00.027000+00:00,0.0,6.8249e-05,6.8249e-05,0.68249,-6.379697999999999,,1.0,KRX_FULLY_CLOSED_PRE_US,POST_GATE_REGIME
long gate / short hyperliquid,gate,hyperliquid,2026-07-20 06:00:00.047000+00:00,0.0,9.18419e-05,9.18419e-05,0.918419,-5.461278999999999,,1.0,PRE_CLOSE_BASELINE,POST_GATE_REGIME
long gate / short hyperliquid,gate,hyperliquid,2026-07-20 07:00:00.008000+00:00,0.0,-5.71341e-05,-5.71341e-05,-0.571341,-6.03262,,1.0,KRX_OFFICIAL_AFTER_HOURS,POST_GATE_REGIME
long gate / short hyperliquid,gate,hyperliquid,2026-07-20 08:00:00.058000+00:00,0.0,9.36582e-05,9.36582e-05,0.936582,-5.096038,,1.0,KRX_OFFICIAL_AFTER_HOURS,POST_GATE_REGIME
long gate / short hyperliquid,gate,hyperliquid,2026-07-20 08:00:03+00:00,0.0005,0.0,-0.0005,-5.0,-10.096038,4.0,,KRX_OFFICIAL_AFTER_HOURS,POST_GATE_REGIME
long gate / short hyperliquid,gate,hyperliquid,2026-07-20 09:00:00.029000+00:00,0.0,2.73756e-05,2.73756e-05,0.273756,-9.822282,,1.0,KRX_FULLY_CLOSED_PRE_US,POST_GATE_REGIME
long gate / short hyperliquid,gate,hyperliquid,2026-07-20 10:00:00.029000+00:00,0.0,-6.04045e-05,-6.04045e-05,-0.604045,-10.426326999999999,,1.0,KRX_FULLY_CLOSED_PRE_US,POST_GATE_REGIME
long gate / short hyperliquid,gate,hyperliquid,2026-07-20 11:00:00+00:00,0.0,-9.70366e-05,-9.70366e-05,-0.970366,-11.396692999999999,,1.0,KRX_FULLY_CLOSED_PRE_US,POST_GATE_REGIME
long gate / short hyperliquid,gate,hyperliquid,2026-07-20 12:00:00+00:00,0.0,1.8678e-06,1.8678e-06,0.018678,-11.378015,,1.0,KRX_FULLY_CLOSED_PRE_US,POST_GATE_REGIME
long gate / short hyperliquid,gate,hyperliquid,2026-07-20 12:00:01+00:00,5e-05,0.0,-5e-05,-0.5,-11.878015,4.0,,KRX_FULLY_CLOSED_PRE_US,POST_GATE_REGIME
long gate / short hyperliquid,gate,hyperliquid,2026-07-20 13:00:00.047000+00:00,0.0,-0.000148396,-0.000148396,-1.48396,-13.361975,,1.0,KRX_FULLY_CLOSED_PRE_US,POST_GATE_REGIME
long gate / short hyperliquid,gate,hyperliquid,2026-07-20 14:00:00.049000+00:00,0.0,6.25e-06,6.25e-06,0.0625,-13.299475,,1.0,US_REGULAR,POST_GATE_REGIME
long gate / short hyperliquid,gate,hyperliquid,2026-07-20 15:00:00.053000+00:00,0.0,-0.0005133502,-0.0005133502,-5.133502000000001,-18.432977,,1.0,US_REGULAR,POST_GATE_REGIME
long gate / short hyperliquid,gate,hyperliquid,2026-07-20 16:00:00.104000+00:00,0.0,6.19623e-05,6.19623e-05,0.6196229999999999,-17.813354,,1.0,US_REGULAR,POST_GATE_REGIME
long gate / short hyperliquid,gate,hyperliquid,2026-07-20 16:00:03+00:00,5e-05,0.0,-5e-05,-0.5,-18.313354,4.0,,US_REGULAR,POST_GATE_REGIME
long gate / short hyperliquid,gate,hyperliquid,2026-07-20 17:00:00.046000+00:00,0.0,3.4695e-06,3.4695e-06,0.034695,-18.278659,,1.0,US_REGULAR,POST_GATE_REGIME
long gate / short hyperliquid,gate,hyperliquid,2026-07-20 18:00:00.027000+00:00,0.0,-0.0001098492,-0.0001098492,-1.098492,-19.377151,,1.0,US_REGULAR,POST_GATE_REGIME
long gate / short hyperliquid,gate,hyperliquid,2026-07-20 19:00:00.035000+00:00,0.0,-0.0001310207,-0.0001310207,-1.310207,-20.687358,,1.0,US_REGULAR,POST_GATE_REGIME
long gate / short hyperliquid,gate,hyperliquid,2026-07-20 20:00:00.008000+00:00,0.0,-0.0001973298,-0.0001973298,-1.973298,-22.660656,,1.0,US_AFTER_HOURS,POST_GATE_REGIME
long gate / short hyperliquid,gate,hyperliquid,2026-07-20 20:00:01+00:00,5e-05,0.0,-5e-05,-0.5,-23.160656,4.0,,US_AFTER_HOURS,POST_GATE_REGIME
long gate / short hyperliquid,gate,hyperliquid,2026-07-20 21:00:00.006000+00:00,0.0,-0.0001334196,-0.0001334196,-1.3341960000000002,-24.494851999999998,,1.0,US_AFTER_HOURS,POST_GATE_REGIME
long gate / short hyperliquid,gate,hyperliquid,2026-07-20 22:00:00.003000+00:00,0.0,-4.86277e-05,-4.86277e-05,-0.486277,-24.981129,,1.0,US_AFTER_HOURS,POST_GATE_REGIME
long gate / short hyperliquid,gate,hyperliquid,2026-07-20 23:00:00.048000+00:00,0.0,0.0001237952,0.0001237952,1.237952,-23.743177,,1.0,US_AFTER_HOURS,POST_GATE_REGIME
long gate / short hyperliquid,gate,hyperliquid,2026-07-21 00:00:00.040000+00:00,0.0,0.0001142159,0.0001142159,1.142159,-22.601018,,1.0,KRX_FULLY_CLOSED_PRE_US,POST_GATE_REGIME
long gate / short hyperliquid,gate,hyperliquid,2026-07-21 00:00:03+00:00,0.000449,0.0,-0.000449,-4.49,-27.091018,4.0,,KRX_FULLY_CLOSED_PRE_US,POST_GATE_REGIME
long gate / short hyperliquid,gate,hyperliquid,2026-07-21 01:00:00.005000+00:00,0.0,8.78528e-05,8.78528e-05,0.878528,-26.21249,,1.0,KRX_FULLY_CLOSED_PRE_US,POST_GATE_REGIME
long gate / short hyperliquid,gate,hyperliquid,2026-07-21 02:00:00.036000+00:00,0.0,6.25e-06,6.25e-06,0.0625,-26.14999,,1.0,KRX_FULLY_CLOSED_PRE_US,POST_GATE_REGIME
long gate / short hyperliquid,gate,hyperliquid,2026-07-21 03:00:00.030000+00:00,0.0,0.0001476351,0.0001476351,1.476351,-24.673638999999998,,1.0,KRX_FULLY_CLOSED_PRE_US,POST_GATE_REGIME
long gate / short hyperliquid,gate,hyperliquid,2026-07-21 04:00:00.001000+00:00,0.0,5.6757e-05,5.6757e-05,0.56757,-24.106068999999998,,1.0,KRX_FULLY_CLOSED_PRE_US,POST_GATE_REGIME
long gate / short hyperliquid,gate,hyperliquid,2026-07-21 04:00:01+00:00,0.000175,0.0,-0.000175,-1.75,-25.856068999999998,4.0,,KRX_FULLY_CLOSED_PRE_US,POST_GATE_REGIME
long gate / short hyperliquid,gate,hyperliquid,2026-07-21 05:00:00.004000+00:00,0.0,6.25e-06,6.25e-06,0.0625,-25.793568999999998,,1.0,KRX_FULLY_CLOSED_PRE_US,POST_GATE_REGIME
long gate / short hyperliquid,gate,hyperliquid,2026-07-21 06:00:00.043000+00:00,0.0,6.91257e-05,6.91257e-05,0.6912569999999999,-25.102311999999998,,1.0,PRE_CLOSE_BASELINE,POST_GATE_REGIME
long gate / short hyperliquid,gate,hyperliquid,2026-07-21 07:00:00.034000+00:00,0.0,-7.8665e-06,-7.8665e-06,-0.078665,-25.180977,,1.0,KRX_OFFICIAL_AFTER_HOURS,POST_GATE_REGIME
long gate / short hyperliquid,gate,hyperliquid,2026-07-21 08:00:00.035000+00:00,0.0,0.0002088394,0.0002088394,2.088394,-23.092582999999998,,1.0,KRX_OFFICIAL_AFTER_HOURS,POST_GATE_REGIME
long gate / short hyperliquid,gate,hyperliquid,2026-07-21 08:00:03+00:00,0.000363,0.0,-0.000363,-3.63,-26.722582999999997,4.0,,KRX_OFFICIAL_AFTER_HOURS,POST_GATE_REGIME
long gate / short hyperliquid,gate,hyperliquid,2026-07-21 09:00:00.044000+00:00,0.0,0.0001967108,0.0001967108,1.967108,-24.755474999999997,,1.0,KRX_FULLY_CLOSED_PRE_US,POST_GATE_REGIME
long gate / short hyperliquid,gate,hyperliquid,2026-07-21 10:00:00.032000+00:00,0.0,1.6442e-06,1.6442e-06,0.016442000000000002,-24.739032999999996,,1.0,KRX_FULLY_CLOSED_PRE_US,POST_GATE_REGIME
long gate / short hyperliquid,gate,hyperliquid,2026-07-21 11:00:00.043000+00:00,0.0,2.52931e-05,2.52931e-05,0.252931,-24.486101999999995,,1.0,KRX_FULLY_CLOSED_PRE_US,POST_GATE_REGIME
long gate / short hyperliquid,gate,hyperliquid,2026-07-21 12:00:00.029000+00:00,0.0,-6.63142e-05,-6.63142e-05,-0.663142,-25.149243999999996,,1.0,KRX_FULLY_CLOSED_PRE_US,POST_GATE_REGIME
long gate / short hyperliquid,gate,hyperliquid,2026-07-21 12:00:01+00:00,0.000178,0.0,-0.000178,-1.7799999999999998,-26.929243999999997,4.0,,KRX_FULLY_CLOSED_PRE_US,POST_GATE_REGIME
long gate / short hyperliquid,gate,hyperliquid,2026-07-21 13:00:00.025000+00:00,0.0,-5.06018e-05,-5.06018e-05,-0.506018,-27.435261999999998,,1.0,KRX_FULLY_CLOSED_PRE_US,POST_GATE_REGIME
long gate / short hyperliquid,gate,hyperliquid,2026-07-21 14:00:00.062000+00:00,0.0,0.0002787525,0.0002787525,2.787525,-24.647737,,1.0,US_REGULAR,POST_GATE_REGIME
long gate / short hyperliquid,gate,hyperliquid,2026-07-21 15:00:00.021000+00:00,0.0,0.000232627,0.000232627,2.32627,-22.321467,,1.0,US_REGULAR,POST_GATE_REGIME
long gate / short hyperliquid,gate,hyperliquid,2026-07-21 16:00:00.022000+00:00,0.0,0.0002466834,0.0002466834,2.466834,-19.854633,,1.0,US_REGULAR,POST_GATE_REGIME
long gate / short hyperliquid,gate,hyperliquid,2026-07-21 16:00:03+00:00,0.000493,0.0,-0.000493,-4.93,-24.784633,4.0,,US_REGULAR,POST_GATE_REGIME
long gate / short hyperliquid,gate,hyperliquid,2026-07-21 17:00:00.028000+00:00,0.0,0.0002477315,0.0002477315,2.477315,-22.307318,,1.0,US_REGULAR,POST_GATE_REGIME
long gate / short hyperliquid,gate,hyperliquid,2026-07-21 18:00:00.028000+00:00,0.0,0.0002239247,0.0002239247,2.2392469999999998,-20.068071,,1.0,US_REGULAR,POST_GATE_REGIME
long gate / short hyperliquid,gate,hyperliquid,2026-07-21 19:00:00.068000+00:00,0.0,4.89291e-05,4.89291e-05,0.489291,-19.57878,,1.0,US_REGULAR,POST_GATE_REGIME
long gate / short hyperliquid,gate,hyperliquid,2026-07-21 20:00:00.059000+00:00,0.0,6.25e-06,6.25e-06,0.0625,-19.51628,,1.0,US_AFTER_HOURS,POST_GATE_REGIME
long gate / short hyperliquid,gate,hyperliquid,2026-07-21 20:00:01+00:00,5.8e-05,0.0,-5.8e-05,-0.58,-20.096279999999997,4.0,,US_AFTER_HOURS,POST_GATE_REGIME
long gate / short hyperliquid,gate,hyperliquid,2026-07-21 21:00:00.047000+00:00,0.0,0.0002137557,0.0002137557,2.137557,-17.958722999999996,,1.0,US_AFTER_HOURS,POST_GATE_REGIME
long gate / short hyperliquid,gate,hyperliquid,2026-07-21 22:00:00.051000+00:00,0.0,0.0002811407,0.0002811407,2.811407,-15.147315999999996,,1.0,US_AFTER_HOURS,POST_GATE_REGIME
long gate / short hyperliquid,gate,hyperliquid,2026-07-21 23:00:00.023000+00:00,0.0,-0.0001346425,-0.0001346425,-1.3464250000000002,-16.493740999999996,,1.0,US_AFTER_HOURS,POST_GATE_REGIME
long gate / short hyperliquid,gate,hyperliquid,2026-07-22 00:00:00.025000+00:00,0.0,0.0001955694,0.0001955694,1.955694,-14.538046999999997,,1.0,KRX_FULLY_CLOSED_PRE_US,POST_GATE_REGIME
long gate / short hyperliquid,gate,hyperliquid,2026-07-22 00:00:03+00:00,0.000122,0.0,-0.000122,-1.22,-15.758046999999998,4.0,,KRX_FULLY_CLOSED_PRE_US,POST_GATE_REGIME
long gate / short hyperliquid,gate,hyperliquid,2026-07-22 01:00:00.013000+00:00,0.0,-8.5126e-06,-8.5126e-06,-0.08512600000000001,-15.843172999999998,,1.0,KRX_FULLY_CLOSED_PRE_US,POST_GATE_REGIME
long gate / short hyperliquid,gate,hyperliquid,2026-07-22 02:00:00.091000+00:00,0.0,-1.50561e-05,-1.50561e-05,-0.150561,-15.993733999999998,,1.0,KRX_FULLY_CLOSED_PRE_US,POST_GATE_REGIME
long gate / short hyperliquid,gate,hyperliquid,2026-07-22 03:00:00.043000+00:00,0.0,6.25e-06,6.25e-06,0.0625,-15.931233999999998,,1.0,KRX_FULLY_CLOSED_PRE_US,POST_GATE_REGIME
long gate / short hyperliquid,gate,hyperliquid,2026-07-22 04:00:00.052000+00:00,0.0,1.00317e-05,1.00317e-05,0.10031699999999999,-15.830916999999998,,1.0,KRX_FULLY_CLOSED_PRE_US,POST_GATE_REGIME
long gate / short hyperliquid,gate,hyperliquid,2026-07-22 04:00:02+00:00,5e-05,0.0,-5e-05,-0.5,-16.330917,4.0,,KRX_FULLY_CLOSED_PRE_US,POST_GATE_REGIME
long gate / short hyperliquid,gate,hyperliquid,2026-07-22 05:00:00.087000+00:00,0.0,2.51491e-05,2.51491e-05,0.251491,-16.079425999999998,,1.0,KRX_FULLY_CLOSED_PRE_US,POST_GATE_REGIME
long gate / short hyperliquid,gate,hyperliquid,2026-07-22 06:00:00.048000+00:00,0.0,6.51903e-05,6.51903e-05,0.651903,-15.427522999999997,,1.0,PRE_CLOSE_BASELINE,POST_GATE_REGIME
long gate / short hyperliquid,gate,hyperliquid,2026-07-22 07:00:00.019000+00:00,0.0,0.0001006291,0.0001006291,1.006291,-14.421231999999996,,1.0,KRX_OFFICIAL_AFTER_HOURS,POST_GATE_REGIME
long gate / short hyperliquid,gate,hyperliquid,2026-07-22 08:00:00.039000+00:00,0.0,6.92692e-05,6.92692e-05,0.6926920000000001,-13.728539999999995,,1.0,KRX_OFFICIAL_AFTER_HOURS,POST_GATE_REGIME
long gate / short hyperliquid,gate,hyperliquid,2026-07-22 08:00:03+00:00,0.000107,0.0,-0.000107,-1.07,-14.798539999999996,4.0,,KRX_OFFICIAL_AFTER_HOURS,POST_GATE_REGIME
long gate / short hyperliquid,gate,hyperliquid,2026-07-22 09:00:00.028000+00:00,0.0,6.25e-06,6.25e-06,0.0625,-14.736039999999996,,1.0,KRX_FULLY_CLOSED_PRE_US,POST_GATE_REGIME
long gate / short hyperliquid,gate,hyperliquid,2026-07-22 10:00:00.025000+00:00,0.0,6.68522e-05,6.68522e-05,0.6685220000000001,-14.067517999999996,,1.0,KRX_FULLY_CLOSED_PRE_US,POST_GATE_REGIME
long gate / short hyperliquid,gate,hyperliquid,2026-07-22 11:00:00.047000+00:00,0.0,0.00015643,0.00015643,1.5643,-12.503217999999997,,1.0,KRX_FULLY_CLOSED_PRE_US,POST_GATE_REGIME
long gate / short hyperliquid,gate,hyperliquid,2026-07-22 12:00:00.037000+00:00,0.0,-2.04653e-05,-2.04653e-05,-0.20465299999999997,-12.707870999999997,,1.0,KRX_FULLY_CLOSED_PRE_US,POST_GATE_REGIME
long gate / short hyperliquid,gate,hyperliquid,2026-07-22 12:00:01+00:00,0.000102,0.0,-0.000102,-1.02,-13.727870999999997,4.0,,KRX_FULLY_CLOSED_PRE_US,POST_GATE_REGIME
long gate / short hyperliquid,gate,hyperliquid,2026-07-22 13:00:00.052000+00:00,0.0,-8.9015e-05,-8.9015e-05,-0.89015,-14.618020999999997,,1.0,KRX_FULLY_CLOSED_PRE_US,POST_GATE_REGIME
long gate / short hyperliquid,gate,hyperliquid,2026-07-22 14:00:00.038000+00:00,0.0,0.0004317929,0.0004317929,4.317929,-10.300091999999996,,1.0,US_REGULAR,POST_GATE_REGIME
long gate / short hyperliquid,gate,hyperliquid,2026-07-22 15:00:00.018000+00:00,0.0,0.0002461753,0.0002461753,2.461753,-7.838338999999996,,1.0,US_REGULAR,POST_GATE_REGIME
long gate / short hyperliquid,gate,hyperliquid,2026-07-22 16:00:00.004000+00:00,0.0,0.0001717476,0.0001717476,1.717476,-6.120862999999996,,1.0,US_REGULAR,POST_GATE_REGIME
long gate / short hyperliquid,gate,hyperliquid,2026-07-22 16:00:03+00:00,0.000262,0.0,-0.000262,-2.62,-8.740862999999997,4.0,,US_REGULAR,POST_GATE_REGIME
long gate / short hyperliquid,gate,hyperliquid,2026-07-22 17:00:00.047000+00:00,0.0,0.0001190343,0.0001190343,1.1903430000000002,-7.550519999999997,,1.0,US_REGULAR,POST_GATE_REGIME
long gate / short hyperliquid,gate,hyperliquid,2026-07-22 18:00:00.015000+00:00,0.0,-9.87794e-05,-9.87794e-05,-0.987794,-8.538313999999996,,1.0,US_REGULAR,POST_GATE_REGIME
long gate / short hyperliquid,gate,hyperliquid,2026-07-22 19:00:00.007000+00:00,0.0,-9.5528e-05,-9.5528e-05,-0.95528,-9.493593999999996,,1.0,US_REGULAR,POST_GATE_REGIME
long gate / short hyperliquid,gate,hyperliquid,2026-07-22 20:00:00.054000+00:00,0.0,6.25e-06,6.25e-06,0.0625,-9.431093999999996,,1.0,US_AFTER_HOURS,POST_GATE_REGIME
long gate / short hyperliquid,gate,hyperliquid,2026-07-22 20:00:01+00:00,5e-05,0.0,-5e-05,-0.5,-9.931093999999996,4.0,,US_AFTER_HOURS,POST_GATE_REGIME
long gate / short hyperliquid,gate,hyperliquid,2026-07-22 21:00:00.034000+00:00,0.0,0.000416244,0.000416244,4.16244,-5.768653999999996,,1.0,US_AFTER_HOURS,POST_GATE_REGIME
long gate / short hyperliquid,gate,hyperliquid,2026-07-22 22:00:00.043000+00:00,0.0,0.0004473368,0.0004473368,4.473368,-1.2952859999999964,,1.0,US_AFTER_HOURS,POST_GATE_REGIME
long gate / short hyperliquid,gate,hyperliquid,2026-07-22 23:00:00.077000+00:00,0.0,-0.0002842418,-0.0002842418,-2.8424180000000003,-4.137703999999997,,1.0,US_AFTER_HOURS,POST_GATE_REGIME
long gate / short hyperliquid,gate,hyperliquid,2026-07-23 00:00:00.046000+00:00,0.0,0.0002302296,0.0002302296,2.302296,-1.8354079999999966,,1.0,KRX_FULLY_CLOSED_PRE_US,POST_GATE_REGIME
long gate / short hyperliquid,gate,hyperliquid,2026-07-23 00:00:03+00:00,5e-05,0.0,-5e-05,-0.5,-2.3354079999999966,4.0,,KRX_FULLY_CLOSED_PRE_US,POST_GATE_REGIME
long gate / short hyperliquid,gate,hyperliquid,2026-07-23 01:00:00.058000+00:00,0.0,6.46204e-05,6.46204e-05,0.646204,-1.6892039999999966,,1.0,KRX_FULLY_CLOSED_PRE_US,POST_GATE_REGIME
long gate / short hyperliquid,gate,hyperliquid,2026-07-23 02:00:00.049000+00:00,0.0,6.25e-06,6.25e-06,0.0625,-1.6267039999999966,,1.0,KRX_FULLY_CLOSED_PRE_US,POST_GATE_REGIME
long gate / short hyperliquid,gate,hyperliquid,2026-07-23 03:00:00.067000+00:00,0.0,6.25e-06,6.25e-06,0.0625,-1.5642039999999966,,1.0,KRX_FULLY_CLOSED_PRE_US,POST_GATE_REGIME
long gate / short hyperliquid,gate,hyperliquid,2026-07-23 04:00:00.046000+00:00,0.0,-4.33902e-05,-4.33902e-05,-0.43390199999999995,-1.9981059999999966,,1.0,KRX_FULLY_CLOSED_PRE_US,POST_GATE_REGIME
long gate / short hyperliquid,gate,hyperliquid,2026-07-23 04:00:01+00:00,0.00014,0.0,-0.00014,-1.4,-3.3981059999999967,4.0,,KRX_FULLY_CLOSED_PRE_US,POST_GATE_REGIME
long gate / short hyperliquid,gate,hyperliquid,2026-07-23 05:00:00.067000+00:00,0.0,-6.73728e-05,-6.73728e-05,-0.6737280000000001,-4.071833999999997,,1.0,KRX_FULLY_CLOSED_PRE_US,POST_GATE_REGIME
long gate / short hyperliquid,gate,hyperliquid,2026-07-23 06:00:00.001000+00:00,0.0,-6.02749e-05,-6.02749e-05,-0.602749,-4.6745829999999975,,1.0,PRE_CLOSE_BASELINE,POST_GATE_REGIME
long gate / short hyperliquid,gate,hyperliquid,2026-07-23 07:00:00.055000+00:00,0.0,-4.8831e-06,-4.8831e-06,-0.048831,-4.723413999999997,,1.0,KRX_OFFICIAL_AFTER_HOURS,POST_GATE_REGIME
long gate / short okx,gate,okx,2026-07-16 20:00:01+00:00,5e-05,0.0,-5e-05,-0.5,-0.5,4.0,,US_AFTER_HOURS,GATE_REGIME_20260716_19
long gate / short okx,gate,okx,2026-07-17 00:00:00+00:00,0.0,-0.0003075354478243,-0.0003075354478243,-3.075354478243,-3.575354478243,,8.0,KRX_FULLY_CLOSED_PRE_US,GATE_REGIME_20260716_19
long gate / short okx,gate,okx,2026-07-17 00:00:03+00:00,5e-05,0.0,-5e-05,-0.5,-4.075354478243,4.0,,KRX_FULLY_CLOSED_PRE_US,GATE_REGIME_20260716_19
long gate / short okx,gate,okx,2026-07-17 04:00:01+00:00,0.0005,0.0,-0.0005,-5.0,-9.075354478243,4.0,,KRX_FULLY_CLOSED_PRE_US,GATE_REGIME_20260716_19
long gate / short okx,gate,okx,2026-07-17 08:00:00+00:00,0.0,-0.000991233185432,-0.000991233185432,-9.91233185432,-18.987686332563,,8.0,KRX_OFFICIAL_AFTER_HOURS,GATE_REGIME_20260716_19
long gate / short okx,gate,okx,2026-07-17 08:00:03+00:00,0.0005,0.0,-0.0005,-5.0,-23.987686332563,4.0,,KRX_OFFICIAL_AFTER_HOURS,GATE_REGIME_20260716_19
long gate / short okx,gate,okx,2026-07-17 12:00:01+00:00,0.0005,0.0,-0.0005,-5.0,-28.987686332563,4.0,,KRX_FULLY_CLOSED_PRE_US,GATE_REGIME_20260716_19
long gate / short okx,gate,okx,2026-07-17 16:00:00+00:00,0.0,0.0025749198720348,0.0025749198720348,25.749198720348,-3.2384876122149997,,8.0,KRX_HOLIDAY_OR_WEEKEND,GATE_REGIME_20260716_19
long gate / short okx,gate,okx,2026-07-17 16:00:03+00:00,0.0005,0.0,-0.0005,-5.0,-8.238487612215,4.0,,KRX_HOLIDAY_OR_WEEKEND,GATE_REGIME_20260716_19
long gate / short okx,gate,okx,2026-07-17 20:00:01+00:00,0.0005,0.0,-0.0005,-5.0,-13.238487612215,4.0,,KRX_HOLIDAY_OR_WEEKEND,GATE_REGIME_20260716_19
long gate / short okx,gate,okx,2026-07-18 00:00:00+00:00,0.0,-0.0010755220213551,-0.0010755220213551,-10.755220213551,-23.993707825766002,,8.0,KRX_HOLIDAY_OR_WEEKEND,GATE_REGIME_20260716_19
long gate / short okx,gate,okx,2026-07-18 00:00:03+00:00,0.0005,0.0,-0.0005,-5.0,-28.993707825766002,4.0,,KRX_HOLIDAY_OR_WEEKEND,GATE_REGIME_20260716_19
long gate / short okx,gate,okx,2026-07-18 04:00:01+00:00,0.0005,0.0,-0.0005,-5.0,-33.993707825766,4.0,,KRX_HOLIDAY_OR_WEEKEND,GATE_REGIME_20260716_19
long gate / short okx,gate,okx,2026-07-18 08:00:00+00:00,0.0,0.0,0.0,0.0,-33.993707825766,,8.0,KRX_HOLIDAY_OR_WEEKEND,GATE_REGIME_20260716_19
long gate / short okx,gate,okx,2026-07-18 08:00:02+00:00,0.0005,0.0,-0.0005,-5.0,-38.993707825766,4.0,,KRX_HOLIDAY_OR_WEEKEND,GATE_REGIME_20260716_19
long gate / short okx,gate,okx,2026-07-18 12:00:01+00:00,0.0005,0.0,-0.0005,-5.0,-43.993707825766,4.0,,KRX_HOLIDAY_OR_WEEKEND,GATE_REGIME_20260716_19
long gate / short okx,gate,okx,2026-07-18 16:00:00+00:00,0.0,-9.64154034267e-05,-9.64154034267e-05,-0.964154034267,-44.957861860033,,8.0,KRX_HOLIDAY_OR_WEEKEND,GATE_REGIME_20260716_19
long gate / short okx,gate,okx,2026-07-18 16:00:03+00:00,0.0005,0.0,-0.0005,-5.0,-49.957861860033,4.0,,KRX_HOLIDAY_OR_WEEKEND,GATE_REGIME_20260716_19
long gate / short okx,gate,okx,2026-07-18 20:00:01+00:00,0.0005,0.0,-0.0005,-5.0,-54.957861860033,4.0,,KRX_HOLIDAY_OR_WEEKEND,GATE_REGIME_20260716_19
long gate / short okx,gate,okx,2026-07-19 00:00:00+00:00,0.0,0.0,0.0,0.0,-54.957861860033,,8.0,KRX_HOLIDAY_OR_WEEKEND,GATE_REGIME_20260716_19
long gate / short okx,gate,okx,2026-07-19 00:00:02+00:00,0.0005,0.0,-0.0005,-5.0,-59.957861860033,4.0,,KRX_HOLIDAY_OR_WEEKEND,GATE_REGIME_20260716_19
long gate / short okx,gate,okx,2026-07-19 04:00:01+00:00,0.000443,0.0,-0.000443,-4.43,-64.387861860033,4.0,,KRX_HOLIDAY_OR_WEEKEND,GATE_REGIME_20260716_19
long gate / short okx,gate,okx,2026-07-19 08:00:00+00:00,0.0,0.0005695173844014,0.0005695173844014,5.695173844014,-58.692688016019,,8.0,KRX_HOLIDAY_OR_WEEKEND,GATE_REGIME_20260716_19
long gate / short okx,gate,okx,2026-07-19 08:00:03+00:00,0.0005,0.0,-0.0005,-5.0,-63.692688016019,4.0,,KRX_HOLIDAY_OR_WEEKEND,GATE_REGIME_20260716_19
long gate / short okx,gate,okx,2026-07-19 12:00:01+00:00,0.000221,0.0,-0.000221,-2.21,-65.902688016019,4.0,,KRX_HOLIDAY_OR_WEEKEND,GATE_REGIME_20260716_19
long gate / short okx,gate,okx,2026-07-19 16:00:00+00:00,0.0,0.0,0.0,0.0,-65.902688016019,,8.0,KRX_FULLY_CLOSED_PRE_US,GATE_REGIME_20260716_19
long gate / short okx,gate,okx,2026-07-19 16:00:03+00:00,0.000377,0.0,-0.000377,-3.77,-69.672688016019,4.0,,KRX_FULLY_CLOSED_PRE_US,GATE_REGIME_20260716_19
long gate / short okx,gate,okx,2026-07-19 20:00:01+00:00,0.0005,0.0,-0.0005,-5.0,-74.672688016019,4.0,,KRX_FULLY_CLOSED_PRE_US,GATE_REGIME_20260716_19
long gate / short okx,gate,okx,2026-07-20 00:00:00+00:00,0.0,0.0010995922466155,0.0010995922466155,10.995922466155001,-63.676765549863994,,8.0,KRX_FULLY_CLOSED_PRE_US,POST_GATE_REGIME
long gate / short okx,gate,okx,2026-07-20 00:00:03+00:00,0.0005,0.0,-0.0005,-5.0,-68.676765549864,4.0,,KRX_FULLY_CLOSED_PRE_US,POST_GATE_REGIME
long gate / short okx,gate,okx,2026-07-20 04:00:02+00:00,0.0005,0.0,-0.0005,-5.0,-73.676765549864,4.0,,KRX_FULLY_CLOSED_PRE_US,POST_GATE_REGIME
long gate / short okx,gate,okx,2026-07-20 08:00:00+00:00,0.0,0.0006796006580825,0.0006796006580825,6.796006580825,-66.88075896903901,,8.0,KRX_OFFICIAL_AFTER_HOURS,POST_GATE_REGIME
long gate / short okx,gate,okx,2026-07-20 08:00:03+00:00,0.0005,0.0,-0.0005,-5.0,-71.88075896903901,4.0,,KRX_OFFICIAL_AFTER_HOURS,POST_GATE_REGIME
long gate / short okx,gate,okx,2026-07-20 12:00:01+00:00,5e-05,0.0,-5e-05,-0.5,-72.38075896903901,4.0,,KRX_FULLY_CLOSED_PRE_US,POST_GATE_REGIME
long gate / short okx,gate,okx,2026-07-20 16:00:00+00:00,0.0,-0.0009406810658833,-0.0009406810658833,-9.406810658832999,-81.787569627872,,8.0,US_REGULAR,POST_GATE_REGIME
long gate / short okx,gate,okx,2026-07-20 16:00:03+00:00,5e-05,0.0,-5e-05,-0.5,-82.287569627872,4.0,,US_REGULAR,POST_GATE_REGIME
long gate / short okx,gate,okx,2026-07-20 20:00:01+00:00,5e-05,0.0,-5e-05,-0.5,-82.787569627872,4.0,,US_AFTER_HOURS,POST_GATE_REGIME
long gate / short okx,gate,okx,2026-07-21 00:00:00+00:00,0.0,0.0,0.0,0.0,-82.787569627872,,8.0,KRX_FULLY_CLOSED_PRE_US,POST_GATE_REGIME
long gate / short okx,gate,okx,2026-07-21 00:00:03+00:00,0.000449,0.0,-0.000449,-4.49,-87.277569627872,4.0,,KRX_FULLY_CLOSED_PRE_US,POST_GATE_REGIME
long gate / short okx,gate,okx,2026-07-21 04:00:01+00:00,0.000175,0.0,-0.000175,-1.75,-89.027569627872,4.0,,KRX_FULLY_CLOSED_PRE_US,POST_GATE_REGIME
long gate / short okx,gate,okx,2026-07-21 08:00:00+00:00,0.0,0.0008897717497861,0.0008897717497861,8.897717497861,-80.129852130011,,8.0,KRX_OFFICIAL_AFTER_HOURS,POST_GATE_REGIME
long gate / short okx,gate,okx,2026-07-21 08:00:03+00:00,0.000363,0.0,-0.000363,-3.63,-83.759852130011,4.0,,KRX_OFFICIAL_AFTER_HOURS,POST_GATE_REGIME
long gate / short okx,gate,okx,2026-07-21 12:00:01+00:00,0.000178,0.0,-0.000178,-1.7799999999999998,-85.539852130011,4.0,,KRX_FULLY_CLOSED_PRE_US,POST_GATE_REGIME
long gate / short okx,gate,okx,2026-07-21 16:00:00+00:00,0.0,0.0011616131276546,0.0011616131276546,11.616131276546,-73.923720853465,,8.0,US_REGULAR,POST_GATE_REGIME
long gate / short okx,gate,okx,2026-07-21 16:00:03+00:00,0.000493,0.0,-0.000493,-4.93,-78.853720853465,4.0,,US_REGULAR,POST_GATE_REGIME
long gate / short okx,gate,okx,2026-07-21 20:00:01+00:00,5.8e-05,0.0,-5.8e-05,-0.58,-79.433720853465,4.0,,US_AFTER_HOURS,POST_GATE_REGIME
long gate / short okx,gate,okx,2026-07-22 00:00:00+00:00,0.0,0.0005027897230029,0.0005027897230029,5.027897230029,-74.405823623436,,8.0,KRX_FULLY_CLOSED_PRE_US,POST_GATE_REGIME
long gate / short okx,gate,okx,2026-07-22 00:00:03+00:00,0.000122,0.0,-0.000122,-1.22,-75.625823623436,4.0,,KRX_FULLY_CLOSED_PRE_US,POST_GATE_REGIME
long gate / short okx,gate,okx,2026-07-22 04:00:02+00:00,5e-05,0.0,-5e-05,-0.5,-76.125823623436,4.0,,KRX_FULLY_CLOSED_PRE_US,POST_GATE_REGIME
long gate / short okx,gate,okx,2026-07-22 08:00:00+00:00,0.0,0.0009239274241871,0.0009239274241871,9.239274241871,-66.886549381565,,8.0,KRX_OFFICIAL_AFTER_HOURS,POST_GATE_REGIME
long gate / short okx,gate,okx,2026-07-22 08:00:03+00:00,0.000107,0.0,-0.000107,-1.07,-67.956549381565,4.0,,KRX_OFFICIAL_AFTER_HOURS,POST_GATE_REGIME
long gate / short okx,gate,okx,2026-07-22 12:00:01+00:00,0.000102,0.0,-0.000102,-1.02,-68.976549381565,4.0,,KRX_FULLY_CLOSED_PRE_US,POST_GATE_REGIME
long gate / short okx,gate,okx,2026-07-22 16:00:00+00:00,0.0,0.001347564728786,0.001347564728786,13.47564728786,-55.500902093704994,,8.0,US_REGULAR,POST_GATE_REGIME
long gate / short okx,gate,okx,2026-07-22 16:00:03+00:00,0.000262,0.0,-0.000262,-2.62,-58.12090209370499,4.0,,US_REGULAR,POST_GATE_REGIME
long gate / short okx,gate,okx,2026-07-22 20:00:01+00:00,5e-05,0.0,-5e-05,-0.5,-58.62090209370499,4.0,,US_AFTER_HOURS,POST_GATE_REGIME
long hyperliquid / short binance,hyperliquid,binance,2026-07-19 17:00:00.043000+00:00,-0.0001463669,0.0,0.0001463669,1.4636689999999999,1.4636689999999999,1.0,,KRX_FULLY_CLOSED_PRE_US,GATE_REGIME_20260716_19
long hyperliquid / short binance,hyperliquid,binance,2026-07-19 18:00:00.049000+00:00,0.0001350793,0.0,-0.0001350793,-1.350793,0.11287599999999998,1.0,,KRX_FULLY_CLOSED_PRE_US,GATE_REGIME_20260716_19
long hyperliquid / short binance,hyperliquid,binance,2026-07-19 19:00:00.049000+00:00,6.25e-06,0.0,-6.25e-06,-0.0625,0.050375999999999976,1.0,,KRX_FULLY_CLOSED_PRE_US,GATE_REGIME_20260716_19
long hyperliquid / short binance,hyperliquid,binance,2026-07-19 20:00:00.001000+00:00,0.0,0.00020692,0.00020692,2.0692,2.119576,,4.0,KRX_FULLY_CLOSED_PRE_US,GATE_REGIME_20260716_19
long hyperliquid / short binance,hyperliquid,binance,2026-07-19 20:00:00.010000+00:00,0.0001424997,0.0,-0.0001424997,-1.424997,0.6945789999999998,1.0,,KRX_FULLY_CLOSED_PRE_US,GATE_REGIME_20260716_19
long hyperliquid / short binance,hyperliquid,binance,2026-07-19 21:00:00.026000+00:00,6.25e-06,0.0,-6.25e-06,-0.0625,0.6320789999999998,1.0,,KRX_FULLY_CLOSED_PRE_US,GATE_REGIME_20260716_19
long hyperliquid / short binance,hyperliquid,binance,2026-07-19 22:00:00.049000+00:00,6.25e-06,0.0,-6.25e-06,-0.0625,0.5695789999999998,1.0,,KRX_FULLY_CLOSED_PRE_US,GATE_REGIME_20260716_19
long hyperliquid / short binance,hyperliquid,binance,2026-07-19 23:00:00.014000+00:00,0.0001120228,0.0,-0.0001120228,-1.120228,-0.5506490000000002,1.0,,KRX_FULLY_CLOSED_PRE_US,GATE_REGIME_20260716_19
long hyperliquid / short binance,hyperliquid,binance,2026-07-20 00:00:00.002000+00:00,0.0,-0.00031583,-0.00031583,-3.1583,-3.7089490000000005,,4.0,KRX_FULLY_CLOSED_PRE_US,POST_GATE_REGIME
long hyperliquid / short binance,hyperliquid,binance,2026-07-20 00:00:00.034000+00:00,0.0002688809,0.0,-0.0002688809,-2.6888090000000004,-6.397758000000001,1.0,,KRX_FULLY_CLOSED_PRE_US,POST_GATE_REGIME
long hyperliquid / short binance,hyperliquid,binance,2026-07-20 01:00:00.063000+00:00,6.25e-06,0.0,-6.25e-06,-0.0625,-6.460258000000001,1.0,,KRX_FULLY_CLOSED_PRE_US,POST_GATE_REGIME
long hyperliquid / short binance,hyperliquid,binance,2026-07-20 02:00:00.052000+00:00,6.25e-06,0.0,-6.25e-06,-0.0625,-6.522758000000001,1.0,,KRX_FULLY_CLOSED_PRE_US,POST_GATE_REGIME
long hyperliquid / short binance,hyperliquid,binance,2026-07-20 03:00:00.046000+00:00,0.0001277184,0.0,-0.0001277184,-1.277184,-7.7999420000000015,1.0,,KRX_FULLY_CLOSED_PRE_US,POST_GATE_REGIME
long hyperliquid / short binance,hyperliquid,binance,2026-07-20 04:00:00.001000+00:00,0.0,0.00166537,0.00166537,16.6537,8.853758,,4.0,KRX_FULLY_CLOSED_PRE_US,POST_GATE_REGIME
long hyperliquid / short binance,hyperliquid,binance,2026-07-20 04:00:00.011000+00:00,0.000122697,0.0,-0.000122697,-1.2269700000000001,7.6267879999999995,1.0,,KRX_FULLY_CLOSED_PRE_US,POST_GATE_REGIME
long hyperliquid / short binance,hyperliquid,binance,2026-07-20 05:00:00.027000+00:00,6.8249e-05,0.0,-6.8249e-05,-0.68249,6.944298,1.0,,KRX_FULLY_CLOSED_PRE_US,POST_GATE_REGIME
long hyperliquid / short binance,hyperliquid,binance,2026-07-20 06:00:00.047000+00:00,9.18419e-05,0.0,-9.18419e-05,-0.918419,6.025879,1.0,,PRE_CLOSE_BASELINE,POST_GATE_REGIME
long hyperliquid / short binance,hyperliquid,binance,2026-07-20 07:00:00.008000+00:00,-5.71341e-05,0.0,5.71341e-05,0.571341,6.59722,1.0,,KRX_OFFICIAL_AFTER_HOURS,POST_GATE_REGIME
long hyperliquid / short binance,hyperliquid,binance,2026-07-20 08:00:00.001000+00:00,0.0,0.00052817,0.00052817,5.2817,11.87892,,4.0,KRX_OFFICIAL_AFTER_HOURS,POST_GATE_REGIME
long hyperliquid / short binance,hyperliquid,binance,2026-07-20 08:00:00.058000+00:00,9.36582e-05,0.0,-9.36582e-05,-0.936582,10.942338000000001,1.0,,KRX_OFFICIAL_AFTER_HOURS,POST_GATE_REGIME
long hyperliquid / short binance,hyperliquid,binance,2026-07-20 09:00:00.029000+00:00,2.73756e-05,0.0,-2.73756e-05,-0.273756,10.668582,1.0,,KRX_FULLY_CLOSED_PRE_US,POST_GATE_REGIME
long hyperliquid / short binance,hyperliquid,binance,2026-07-20 10:00:00.029000+00:00,-6.04045e-05,0.0,6.04045e-05,0.604045,11.272627,1.0,,KRX_FULLY_CLOSED_PRE_US,POST_GATE_REGIME
long hyperliquid / short binance,hyperliquid,binance,2026-07-20 11:00:00+00:00,-9.70366e-05,0.0,9.70366e-05,0.970366,12.242993,1.0,,KRX_FULLY_CLOSED_PRE_US,POST_GATE_REGIME
long hyperliquid / short binance,hyperliquid,binance,2026-07-20 12:00:00+00:00,1.8678e-06,0.0,-1.8678e-06,-0.018678,12.224315,1.0,,KRX_FULLY_CLOSED_PRE_US,POST_GATE_REGIME
long hyperliquid / short binance,hyperliquid,binance,2026-07-20 12:00:00.001000+00:00,0.0,0.00060173,0.00060173,6.0173,18.241615,,4.0,KRX_FULLY_CLOSED_PRE_US,POST_GATE_REGIME
long hyperliquid / short binance,hyperliquid,binance,2026-07-20 13:00:00.047000+00:00,-0.000148396,0.0,0.000148396,1.48396,19.725575,1.0,,KRX_FULLY_CLOSED_PRE_US,POST_GATE_REGIME
long hyperliquid / short binance,hyperliquid,binance,2026-07-20 14:00:00.049000+00:00,6.25e-06,0.0,-6.25e-06,-0.0625,19.663075,1.0,,US_REGULAR,POST_GATE_REGIME
long hyperliquid / short binance,hyperliquid,binance,2026-07-20 15:00:00.053000+00:00,-0.0005133502,0.0,0.0005133502,5.133502000000001,24.796577,1.0,,US_REGULAR,POST_GATE_REGIME
long hyperliquid / short binance,hyperliquid,binance,2026-07-20 16:00:00.001000+00:00,0.0,-0.00016124,-0.00016124,-1.6124,23.184177,,4.0,US_REGULAR,POST_GATE_REGIME
long hyperliquid / short binance,hyperliquid,binance,2026-07-20 16:00:00.104000+00:00,6.19623e-05,0.0,-6.19623e-05,-0.6196229999999999,22.564553999999998,1.0,,US_REGULAR,POST_GATE_REGIME
long hyperliquid / short binance,hyperliquid,binance,2026-07-20 17:00:00.046000+00:00,3.4695e-06,0.0,-3.4695e-06,-0.034695,22.529859,1.0,,US_REGULAR,POST_GATE_REGIME
long hyperliquid / short binance,hyperliquid,binance,2026-07-20 18:00:00.027000+00:00,-0.0001098492,0.0,0.0001098492,1.098492,23.628351,1.0,,US_REGULAR,POST_GATE_REGIME
long hyperliquid / short binance,hyperliquid,binance,2026-07-20 19:00:00.035000+00:00,-0.0001310207,0.0,0.0001310207,1.310207,24.938557999999997,1.0,,US_REGULAR,POST_GATE_REGIME
long hyperliquid / short binance,hyperliquid,binance,2026-07-20 20:00:00.001000+00:00,0.0,-0.00055024,-0.00055024,-5.5024,19.436158,,4.0,US_AFTER_HOURS,POST_GATE_REGIME
long hyperliquid / short binance,hyperliquid,binance,2026-07-20 20:00:00.008000+00:00,-0.0001973298,0.0,0.0001973298,1.973298,21.409456,1.0,,US_AFTER_HOURS,POST_GATE_REGIME
long hyperliquid / short binance,hyperliquid,binance,2026-07-20 21:00:00.006000+00:00,-0.0001334196,0.0,0.0001334196,1.3341960000000002,22.743651999999997,1.0,,US_AFTER_HOURS,POST_GATE_REGIME
long hyperliquid / short binance,hyperliquid,binance,2026-07-20 22:00:00.003000+00:00,-4.86277e-05,0.0,4.86277e-05,0.486277,23.229929,1.0,,US_AFTER_HOURS,POST_GATE_REGIME
long hyperliquid / short binance,hyperliquid,binance,2026-07-20 23:00:00.048000+00:00,0.0001237952,0.0,-0.0001237952,-1.237952,21.991977,1.0,,US_AFTER_HOURS,POST_GATE_REGIME
long hyperliquid / short binance,hyperliquid,binance,2026-07-21 00:00:00.001000+00:00,0.0,0.00015674,0.00015674,1.5674,23.559376999999998,,4.0,KRX_FULLY_CLOSED_PRE_US,POST_GATE_REGIME
long hyperliquid / short binance,hyperliquid,binance,2026-07-21 00:00:00.040000+00:00,0.0001142159,0.0,-0.0001142159,-1.142159,22.417218,1.0,,KRX_FULLY_CLOSED_PRE_US,POST_GATE_REGIME
long hyperliquid / short binance,hyperliquid,binance,2026-07-21 01:00:00.005000+00:00,8.78528e-05,0.0,-8.78528e-05,-0.878528,21.53869,1.0,,KRX_FULLY_CLOSED_PRE_US,POST_GATE_REGIME
long hyperliquid / short binance,hyperliquid,binance,2026-07-21 02:00:00.036000+00:00,6.25e-06,0.0,-6.25e-06,-0.0625,21.47619,1.0,,KRX_FULLY_CLOSED_PRE_US,POST_GATE_REGIME
long hyperliquid / short binance,hyperliquid,binance,2026-07-21 03:00:00.030000+00:00,0.0001476351,0.0,-0.0001476351,-1.476351,19.999838999999998,1.0,,KRX_FULLY_CLOSED_PRE_US,POST_GATE_REGIME
long hyperliquid / short binance,hyperliquid,binance,2026-07-21 04:00:00.001000+00:00,5.6757e-05,0.0,-5.6757e-05,-0.56757,19.432268999999998,1.0,,KRX_FULLY_CLOSED_PRE_US,POST_GATE_REGIME
long hyperliquid / short binance,hyperliquid,binance,2026-07-21 04:00:00.002000+00:00,0.0,0.00119891,0.00119891,11.9891,31.421369,,4.0,KRX_FULLY_CLOSED_PRE_US,POST_GATE_REGIME
long hyperliquid / short binance,hyperliquid,binance,2026-07-21 05:00:00.004000+00:00,6.25e-06,0.0,-6.25e-06,-0.0625,31.358869,1.0,,KRX_FULLY_CLOSED_PRE_US,POST_GATE_REGIME
long hyperliquid / short binance,hyperliquid,binance,2026-07-21 06:00:00.043000+00:00,6.91257e-05,0.0,-6.91257e-05,-0.6912569999999999,30.667612,1.0,,PRE_CLOSE_BASELINE,POST_GATE_REGIME
long hyperliquid / short binance,hyperliquid,binance,2026-07-21 07:00:00.034000+00:00,-7.8665e-06,0.0,7.8665e-06,0.078665,30.746277,1.0,,KRX_OFFICIAL_AFTER_HOURS,POST_GATE_REGIME
long hyperliquid / short binance,hyperliquid,binance,2026-07-21 08:00:00.001000+00:00,0.0,0.00022498,0.00022498,2.2498,32.996077,,4.0,KRX_OFFICIAL_AFTER_HOURS,POST_GATE_REGIME
long hyperliquid / short binance,hyperliquid,binance,2026-07-21 08:00:00.035000+00:00,0.0002088394,0.0,-0.0002088394,-2.088394,30.907683,1.0,,KRX_OFFICIAL_AFTER_HOURS,POST_GATE_REGIME
long hyperliquid / short binance,hyperliquid,binance,2026-07-21 09:00:00.044000+00:00,0.0001967108,0.0,-0.0001967108,-1.967108,28.940575,1.0,,KRX_FULLY_CLOSED_PRE_US,POST_GATE_REGIME
long hyperliquid / short binance,hyperliquid,binance,2026-07-21 10:00:00.032000+00:00,1.6442e-06,0.0,-1.6442e-06,-0.016442000000000002,28.924132999999998,1.0,,KRX_FULLY_CLOSED_PRE_US,POST_GATE_REGIME
long hyperliquid / short binance,hyperliquid,binance,2026-07-21 11:00:00.043000+00:00,2.52931e-05,0.0,-2.52931e-05,-0.252931,28.671201999999997,1.0,,KRX_FULLY_CLOSED_PRE_US,POST_GATE_REGIME
long hyperliquid / short binance,hyperliquid,binance,2026-07-21 12:00:00.001000+00:00,0.0,0.0,0.0,0.0,28.671201999999997,,4.0,KRX_FULLY_CLOSED_PRE_US,POST_GATE_REGIME
long hyperliquid / short binance,hyperliquid,binance,2026-07-21 12:00:00.029000+00:00,-6.63142e-05,0.0,6.63142e-05,0.663142,29.334343999999998,1.0,,KRX_FULLY_CLOSED_PRE_US,POST_GATE_REGIME
long hyperliquid / short binance,hyperliquid,binance,2026-07-21 13:00:00.025000+00:00,-5.06018e-05,0.0,5.06018e-05,0.506018,29.840362,1.0,,KRX_FULLY_CLOSED_PRE_US,POST_GATE_REGIME
long hyperliquid / short binance,hyperliquid,binance,2026-07-21 14:00:00.062000+00:00,0.0002787525,0.0,-0.0002787525,-2.787525,27.052837,1.0,,US_REGULAR,POST_GATE_REGIME
long hyperliquid / short binance,hyperliquid,binance,2026-07-21 15:00:00.021000+00:00,0.000232627,0.0,-0.000232627,-2.32627,24.726567,1.0,,US_REGULAR,POST_GATE_REGIME
long hyperliquid / short binance,hyperliquid,binance,2026-07-21 16:00:00+00:00,0.0,0.00068707,0.00068707,6.8707,31.597267,,4.0,US_REGULAR,POST_GATE_REGIME
long hyperliquid / short binance,hyperliquid,binance,2026-07-21 16:00:00.022000+00:00,0.0002466834,0.0,-0.0002466834,-2.466834,29.130433,1.0,,US_REGULAR,POST_GATE_REGIME
long hyperliquid / short binance,hyperliquid,binance,2026-07-21 17:00:00.028000+00:00,0.0002477315,0.0,-0.0002477315,-2.477315,26.653118,1.0,,US_REGULAR,POST_GATE_REGIME
long hyperliquid / short binance,hyperliquid,binance,2026-07-21 18:00:00.028000+00:00,0.0002239247,0.0,-0.0002239247,-2.2392469999999998,24.413871,1.0,,US_REGULAR,POST_GATE_REGIME
long hyperliquid / short binance,hyperliquid,binance,2026-07-21 19:00:00.068000+00:00,4.89291e-05,0.0,-4.89291e-05,-0.489291,23.92458,1.0,,US_REGULAR,POST_GATE_REGIME
long hyperliquid / short binance,hyperliquid,binance,2026-07-21 20:00:00.001000+00:00,0.0,0.00010694,0.00010694,1.0694000000000001,24.99398,,4.0,US_AFTER_HOURS,POST_GATE_REGIME
long hyperliquid / short binance,hyperliquid,binance,2026-07-21 20:00:00.059000+00:00,6.25e-06,0.0,-6.25e-06,-0.0625,24.93148,1.0,,US_AFTER_HOURS,POST_GATE_REGIME
long hyperliquid / short binance,hyperliquid,binance,2026-07-21 21:00:00.047000+00:00,0.0002137557,0.0,-0.0002137557,-2.137557,22.793923,1.0,,US_AFTER_HOURS,POST_GATE_REGIME
long hyperliquid / short binance,hyperliquid,binance,2026-07-21 22:00:00.051000+00:00,0.0002811407,0.0,-0.0002811407,-2.811407,19.982516,1.0,,US_AFTER_HOURS,POST_GATE_REGIME
long hyperliquid / short binance,hyperliquid,binance,2026-07-21 23:00:00.023000+00:00,-0.0001346425,0.0,0.0001346425,1.3464250000000002,21.328941,1.0,,US_AFTER_HOURS,POST_GATE_REGIME
long hyperliquid / short binance,hyperliquid,binance,2026-07-22 00:00:00+00:00,0.0,0.0,0.0,0.0,21.328941,,4.0,KRX_FULLY_CLOSED_PRE_US,POST_GATE_REGIME
long hyperliquid / short binance,hyperliquid,binance,2026-07-22 00:00:00.025000+00:00,0.0001955694,0.0,-0.0001955694,-1.955694,19.373247,1.0,,KRX_FULLY_CLOSED_PRE_US,POST_GATE_REGIME
long hyperliquid / short binance,hyperliquid,binance,2026-07-22 01:00:00.013000+00:00,-8.5126e-06,0.0,8.5126e-06,0.08512600000000001,19.458372999999998,1.0,,KRX_FULLY_CLOSED_PRE_US,POST_GATE_REGIME
long hyperliquid / short binance,hyperliquid,binance,2026-07-22 02:00:00.091000+00:00,-1.50561e-05,0.0,1.50561e-05,0.150561,19.608933999999998,1.0,,KRX_FULLY_CLOSED_PRE_US,POST_GATE_REGIME
long hyperliquid / short binance,hyperliquid,binance,2026-07-22 03:00:00.043000+00:00,6.25e-06,0.0,-6.25e-06,-0.0625,19.546433999999998,1.0,,KRX_FULLY_CLOSED_PRE_US,POST_GATE_REGIME
long hyperliquid / short binance,hyperliquid,binance,2026-07-22 04:00:00+00:00,0.0,0.00034064,0.00034064,3.4064,22.952834,,4.0,KRX_FULLY_CLOSED_PRE_US,POST_GATE_REGIME
long hyperliquid / short binance,hyperliquid,binance,2026-07-22 04:00:00.052000+00:00,1.00317e-05,0.0,-1.00317e-05,-0.10031699999999999,22.852517,1.0,,KRX_FULLY_CLOSED_PRE_US,POST_GATE_REGIME
long hyperliquid / short binance,hyperliquid,binance,2026-07-22 05:00:00.087000+00:00,2.51491e-05,0.0,-2.51491e-05,-0.251491,22.601025999999997,1.0,,KRX_FULLY_CLOSED_PRE_US,POST_GATE_REGIME
long hyperliquid / short binance,hyperliquid,binance,2026-07-22 06:00:00.048000+00:00,6.51903e-05,0.0,-6.51903e-05,-0.651903,21.949122999999997,1.0,,PRE_CLOSE_BASELINE,POST_GATE_REGIME
long hyperliquid / short binance,hyperliquid,binance,2026-07-22 07:00:00.019000+00:00,0.0001006291,0.0,-0.0001006291,-1.006291,20.942831999999996,1.0,,KRX_OFFICIAL_AFTER_HOURS,POST_GATE_REGIME
long hyperliquid / short binance,hyperliquid,binance,2026-07-22 08:00:00.001000+00:00,0.0,0.00068087,0.00068087,6.8087,27.751531999999997,,4.0,KRX_OFFICIAL_AFTER_HOURS,POST_GATE_REGIME
long hyperliquid / short binance,hyperliquid,binance,2026-07-22 08:00:00.039000+00:00,6.92692e-05,0.0,-6.92692e-05,-0.6926920000000001,27.058839999999996,1.0,,KRX_OFFICIAL_AFTER_HOURS,POST_GATE_REGIME
long hyperliquid / short binance,hyperliquid,binance,2026-07-22 09:00:00.028000+00:00,6.25e-06,0.0,-6.25e-06,-0.0625,26.996339999999996,1.0,,KRX_FULLY_CLOSED_PRE_US,POST_GATE_REGIME
long hyperliquid / short binance,hyperliquid,binance,2026-07-22 10:00:00.025000+00:00,6.68522e-05,0.0,-6.68522e-05,-0.6685220000000001,26.327817999999997,1.0,,KRX_FULLY_CLOSED_PRE_US,POST_GATE_REGIME
long hyperliquid / short binance,hyperliquid,binance,2026-07-22 11:00:00.047000+00:00,0.00015643,0.0,-0.00015643,-1.5643,24.763517999999998,1.0,,KRX_FULLY_CLOSED_PRE_US,POST_GATE_REGIME
long hyperliquid / short binance,hyperliquid,binance,2026-07-22 12:00:00.001000+00:00,0.0,-0.00023337,-0.00023337,-2.3337,22.429817999999997,,4.0,KRX_FULLY_CLOSED_PRE_US,POST_GATE_REGIME
long hyperliquid / short binance,hyperliquid,binance,2026-07-22 12:00:00.037000+00:00,-2.04653e-05,0.0,2.04653e-05,0.20465299999999997,22.634470999999998,1.0,,KRX_FULLY_CLOSED_PRE_US,POST_GATE_REGIME
long hyperliquid / short binance,hyperliquid,binance,2026-07-22 13:00:00.052000+00:00,-8.9015e-05,0.0,8.9015e-05,0.89015,23.524620999999996,1.0,,KRX_FULLY_CLOSED_PRE_US,POST_GATE_REGIME
long hyperliquid / short binance,hyperliquid,binance,2026-07-22 14:00:00.038000+00:00,0.0004317929,0.0,-0.0004317929,-4.317929,19.206691999999997,1.0,,US_REGULAR,POST_GATE_REGIME
long hyperliquid / short binance,hyperliquid,binance,2026-07-22 15:00:00.018000+00:00,0.0002461753,0.0,-0.0002461753,-2.461753,16.744938999999995,1.0,,US_REGULAR,POST_GATE_REGIME
long hyperliquid / short binance,hyperliquid,binance,2026-07-22 16:00:00+00:00,0.0,0.0007125,0.0007125,7.125,23.869938999999995,,4.0,US_REGULAR,POST_GATE_REGIME
long hyperliquid / short binance,hyperliquid,binance,2026-07-22 16:00:00.004000+00:00,0.0001717476,0.0,-0.0001717476,-1.717476,22.152462999999994,1.0,,US_REGULAR,POST_GATE_REGIME
long hyperliquid / short binance,hyperliquid,binance,2026-07-22 17:00:00.047000+00:00,0.0001190343,0.0,-0.0001190343,-1.1903430000000002,20.962119999999995,1.0,,US_REGULAR,POST_GATE_REGIME
long hyperliquid / short binance,hyperliquid,binance,2026-07-22 18:00:00.015000+00:00,-9.87794e-05,0.0,9.87794e-05,0.987794,21.949913999999996,1.0,,US_REGULAR,POST_GATE_REGIME
long hyperliquid / short binance,hyperliquid,binance,2026-07-22 19:00:00.007000+00:00,-9.5528e-05,0.0,9.5528e-05,0.95528,22.905193999999995,1.0,,US_REGULAR,POST_GATE_REGIME
long hyperliquid / short binance,hyperliquid,binance,2026-07-22 20:00:00+00:00,0.0,-5.632e-05,-5.632e-05,-0.5632,22.341993999999996,,4.0,US_AFTER_HOURS,POST_GATE_REGIME
long hyperliquid / short binance,hyperliquid,binance,2026-07-22 20:00:00.054000+00:00,6.25e-06,0.0,-6.25e-06,-0.0625,22.279493999999996,1.0,,US_AFTER_HOURS,POST_GATE_REGIME
long hyperliquid / short binance,hyperliquid,binance,2026-07-22 21:00:00.034000+00:00,0.000416244,0.0,-0.000416244,-4.16244,18.117053999999996,1.0,,US_AFTER_HOURS,POST_GATE_REGIME
long hyperliquid / short binance,hyperliquid,binance,2026-07-22 22:00:00.043000+00:00,0.0004473368,0.0,-0.0004473368,-4.473368,13.643685999999995,1.0,,US_AFTER_HOURS,POST_GATE_REGIME
long hyperliquid / short binance,hyperliquid,binance,2026-07-22 23:00:00.077000+00:00,-0.0002842418,0.0,0.0002842418,2.8424180000000003,16.486103999999997,1.0,,US_AFTER_HOURS,POST_GATE_REGIME
long hyperliquid / short binance,hyperliquid,binance,2026-07-23 00:00:00+00:00,0.0,0.0,0.0,0.0,16.486103999999997,,4.0,KRX_FULLY_CLOSED_PRE_US,POST_GATE_REGIME
long hyperliquid / short binance,hyperliquid,binance,2026-07-23 00:00:00.046000+00:00,0.0002302296,0.0,-0.0002302296,-2.302296,14.183807999999997,1.0,,KRX_FULLY_CLOSED_PRE_US,POST_GATE_REGIME
long hyperliquid / short binance,hyperliquid,binance,2026-07-23 01:00:00.058000+00:00,6.46204e-05,0.0,-6.46204e-05,-0.646204,13.537603999999998,1.0,,KRX_FULLY_CLOSED_PRE_US,POST_GATE_REGIME
long hyperliquid / short binance,hyperliquid,binance,2026-07-23 02:00:00.049000+00:00,6.25e-06,0.0,-6.25e-06,-0.0625,13.475103999999998,1.0,,KRX_FULLY_CLOSED_PRE_US,POST_GATE_REGIME
long hyperliquid / short binance,hyperliquid,binance,2026-07-23 03:00:00.067000+00:00,6.25e-06,0.0,-6.25e-06,-0.0625,13.412603999999998,1.0,,KRX_FULLY_CLOSED_PRE_US,POST_GATE_REGIME
long hyperliquid / short binance,hyperliquid,binance,2026-07-23 04:00:00.001000+00:00,0.0,0.00063342,0.00063342,6.3342,19.746803999999997,,4.0,KRX_FULLY_CLOSED_PRE_US,POST_GATE_REGIME
long hyperliquid / short binance,hyperliquid,binance,2026-07-23 04:00:00.046000+00:00,-4.33902e-05,0.0,4.33902e-05,0.43390199999999995,20.180705999999997,1.0,,KRX_FULLY_CLOSED_PRE_US,POST_GATE_REGIME
long hyperliquid / short binance,hyperliquid,binance,2026-07-23 05:00:00.067000+00:00,-6.73728e-05,0.0,6.73728e-05,0.6737280000000001,20.854433999999998,1.0,,KRX_FULLY_CLOSED_PRE_US,POST_GATE_REGIME
long hyperliquid / short binance,hyperliquid,binance,2026-07-23 06:00:00.001000+00:00,-6.02749e-05,0.0,6.02749e-05,0.602749,21.457182999999997,1.0,,PRE_CLOSE_BASELINE,POST_GATE_REGIME
long hyperliquid / short binance,hyperliquid,binance,2026-07-23 07:00:00.055000+00:00,-4.8831e-06,0.0,4.8831e-06,0.048831,21.506013999999997,1.0,,KRX_OFFICIAL_AFTER_HOURS,POST_GATE_REGIME
long hyperliquid / short bitget,hyperliquid,bitget,2026-07-19 17:00:00.043000+00:00,-0.0001463669,0.0,0.0001463669,1.4636689999999999,1.4636689999999999,1.0,,KRX_FULLY_CLOSED_PRE_US,GATE_REGIME_20260716_19
long hyperliquid / short bitget,hyperliquid,bitget,2026-07-19 18:00:00.049000+00:00,0.0001350793,0.0,-0.0001350793,-1.350793,0.11287599999999998,1.0,,KRX_FULLY_CLOSED_PRE_US,GATE_REGIME_20260716_19
long hyperliquid / short bitget,hyperliquid,bitget,2026-07-19 19:00:00.049000+00:00,6.25e-06,0.0,-6.25e-06,-0.0625,0.050375999999999976,1.0,,KRX_FULLY_CLOSED_PRE_US,GATE_REGIME_20260716_19
long hyperliquid / short bitget,hyperliquid,bitget,2026-07-19 20:00:00+00:00,0.0,0.0,0.0,0.0,0.050375999999999976,,4.0,KRX_FULLY_CLOSED_PRE_US,GATE_REGIME_20260716_19
long hyperliquid / short bitget,hyperliquid,bitget,2026-07-19 20:00:00.010000+00:00,0.0001424997,0.0,-0.0001424997,-1.424997,-1.374621,1.0,,KRX_FULLY_CLOSED_PRE_US,GATE_REGIME_20260716_19
long hyperliquid / short bitget,hyperliquid,bitget,2026-07-19 21:00:00.026000+00:00,6.25e-06,0.0,-6.25e-06,-0.0625,-1.437121,1.0,,KRX_FULLY_CLOSED_PRE_US,GATE_REGIME_20260716_19
long hyperliquid / short bitget,hyperliquid,bitget,2026-07-19 22:00:00.049000+00:00,6.25e-06,0.0,-6.25e-06,-0.0625,-1.499621,1.0,,KRX_FULLY_CLOSED_PRE_US,GATE_REGIME_20260716_19
long hyperliquid / short bitget,hyperliquid,bitget,2026-07-19 23:00:00.014000+00:00,0.0001120228,0.0,-0.0001120228,-1.120228,-2.6198490000000003,1.0,,KRX_FULLY_CLOSED_PRE_US,GATE_REGIME_20260716_19
long hyperliquid / short bitget,hyperliquid,bitget,2026-07-20 00:00:00+00:00,0.0,0.0,0.0,0.0,-2.6198490000000003,,4.0,KRX_FULLY_CLOSED_PRE_US,POST_GATE_REGIME
long hyperliquid / short bitget,hyperliquid,bitget,2026-07-20 00:00:00.034000+00:00,0.0002688809,0.0,-0.0002688809,-2.6888090000000004,-5.308658000000001,1.0,,KRX_FULLY_CLOSED_PRE_US,POST_GATE_REGIME
long hyperliquid / short bitget,hyperliquid,bitget,2026-07-20 01:00:00.063000+00:00,6.25e-06,0.0,-6.25e-06,-0.0625,-5.371158000000001,1.0,,KRX_FULLY_CLOSED_PRE_US,POST_GATE_REGIME
long hyperliquid / short bitget,hyperliquid,bitget,2026-07-20 02:00:00.052000+00:00,6.25e-06,0.0,-6.25e-06,-0.0625,-5.433658000000001,1.0,,KRX_FULLY_CLOSED_PRE_US,POST_GATE_REGIME
long hyperliquid / short bitget,hyperliquid,bitget,2026-07-20 03:00:00.046000+00:00,0.0001277184,0.0,-0.0001277184,-1.277184,-6.710842000000001,1.0,,KRX_FULLY_CLOSED_PRE_US,POST_GATE_REGIME
long hyperliquid / short bitget,hyperliquid,bitget,2026-07-20 04:00:00+00:00,0.0,0.002053,0.002053,20.53,13.819158,,4.0,KRX_FULLY_CLOSED_PRE_US,POST_GATE_REGIME
long hyperliquid / short bitget,hyperliquid,bitget,2026-07-20 04:00:00.011000+00:00,0.000122697,0.0,-0.000122697,-1.2269700000000001,12.592188,1.0,,KRX_FULLY_CLOSED_PRE_US,POST_GATE_REGIME
long hyperliquid / short bitget,hyperliquid,bitget,2026-07-20 05:00:00.027000+00:00,6.8249e-05,0.0,-6.8249e-05,-0.68249,11.909698,1.0,,KRX_FULLY_CLOSED_PRE_US,POST_GATE_REGIME
long hyperliquid / short bitget,hyperliquid,bitget,2026-07-20 06:00:00.047000+00:00,9.18419e-05,0.0,-9.18419e-05,-0.918419,10.991279,1.0,,PRE_CLOSE_BASELINE,POST_GATE_REGIME
long hyperliquid / short bitget,hyperliquid,bitget,2026-07-20 07:00:00.008000+00:00,-5.71341e-05,0.0,5.71341e-05,0.571341,11.56262,1.0,,KRX_OFFICIAL_AFTER_HOURS,POST_GATE_REGIME
long hyperliquid / short bitget,hyperliquid,bitget,2026-07-20 08:00:00+00:00,0.0,0.000392,0.000392,3.92,15.48262,,4.0,KRX_OFFICIAL_AFTER_HOURS,POST_GATE_REGIME
long hyperliquid / short bitget,hyperliquid,bitget,2026-07-20 08:00:00.058000+00:00,9.36582e-05,0.0,-9.36582e-05,-0.936582,14.546038000000001,1.0,,KRX_OFFICIAL_AFTER_HOURS,POST_GATE_REGIME
long hyperliquid / short bitget,hyperliquid,bitget,2026-07-20 09:00:00.029000+00:00,2.73756e-05,0.0,-2.73756e-05,-0.273756,14.272282,1.0,,KRX_FULLY_CLOSED_PRE_US,POST_GATE_REGIME
long hyperliquid / short bitget,hyperliquid,bitget,2026-07-20 10:00:00.029000+00:00,-6.04045e-05,0.0,6.04045e-05,0.604045,14.876327,1.0,,KRX_FULLY_CLOSED_PRE_US,POST_GATE_REGIME
long hyperliquid / short bitget,hyperliquid,bitget,2026-07-20 11:00:00+00:00,-9.70366e-05,0.0,9.70366e-05,0.970366,15.846693,1.0,,KRX_FULLY_CLOSED_PRE_US,POST_GATE_REGIME
long hyperliquid / short bitget,hyperliquid,bitget,2026-07-20 12:00:00+00:00,1.8678e-06,0.0,-1.8678e-06,-0.018678,15.828015,1.0,4.0,KRX_FULLY_CLOSED_PRE_US,POST_GATE_REGIME
long hyperliquid / short bitget,hyperliquid,bitget,2026-07-20 13:00:00.047000+00:00,-0.000148396,0.0,0.000148396,1.48396,17.311975,1.0,,KRX_FULLY_CLOSED_PRE_US,POST_GATE_REGIME
long hyperliquid / short bitget,hyperliquid,bitget,2026-07-20 14:00:00.049000+00:00,6.25e-06,0.0,-6.25e-06,-0.0625,17.249475,1.0,,US_REGULAR,POST_GATE_REGIME
long hyperliquid / short bitget,hyperliquid,bitget,2026-07-20 15:00:00.053000+00:00,-0.0005133502,0.0,0.0005133502,5.133502000000001,22.382977,1.0,,US_REGULAR,POST_GATE_REGIME
long hyperliquid / short bitget,hyperliquid,bitget,2026-07-20 16:00:00+00:00,0.0,0.0,0.0,0.0,22.382977,,4.0,US_REGULAR,POST_GATE_REGIME
long hyperliquid / short bitget,hyperliquid,bitget,2026-07-20 16:00:00.104000+00:00,6.19623e-05,0.0,-6.19623e-05,-0.6196229999999999,21.763354,1.0,,US_REGULAR,POST_GATE_REGIME
long hyperliquid / short bitget,hyperliquid,bitget,2026-07-20 17:00:00.046000+00:00,3.4695e-06,0.0,-3.4695e-06,-0.034695,21.728659,1.0,,US_REGULAR,POST_GATE_REGIME
long hyperliquid / short bitget,hyperliquid,bitget,2026-07-20 18:00:00.027000+00:00,-0.0001098492,0.0,0.0001098492,1.098492,22.827151,1.0,,US_REGULAR,POST_GATE_REGIME
long hyperliquid / short bitget,hyperliquid,bitget,2026-07-20 19:00:00.035000+00:00,-0.0001310207,0.0,0.0001310207,1.310207,24.137358,1.0,,US_REGULAR,POST_GATE_REGIME
long hyperliquid / short bitget,hyperliquid,bitget,2026-07-20 20:00:00+00:00,0.0,0.0,0.0,0.0,24.137358,,4.0,US_AFTER_HOURS,POST_GATE_REGIME
long hyperliquid / short bitget,hyperliquid,bitget,2026-07-20 20:00:00.008000+00:00,-0.0001973298,0.0,0.0001973298,1.973298,26.110656,1.0,,US_AFTER_HOURS,POST_GATE_REGIME
long hyperliquid / short bitget,hyperliquid,bitget,2026-07-20 21:00:00.006000+00:00,-0.0001334196,0.0,0.0001334196,1.3341960000000002,27.444851999999997,1.0,,US_AFTER_HOURS,POST_GATE_REGIME
long hyperliquid / short bitget,hyperliquid,bitget,2026-07-20 22:00:00.003000+00:00,-4.86277e-05,0.0,4.86277e-05,0.486277,27.931129,1.0,,US_AFTER_HOURS,POST_GATE_REGIME
long hyperliquid / short bitget,hyperliquid,bitget,2026-07-20 23:00:00.048000+00:00,0.0001237952,0.0,-0.0001237952,-1.237952,26.693177,1.0,,US_AFTER_HOURS,POST_GATE_REGIME
long hyperliquid / short bitget,hyperliquid,bitget,2026-07-21 00:00:00+00:00,0.0,0.0,0.0,0.0,26.693177,,4.0,KRX_FULLY_CLOSED_PRE_US,POST_GATE_REGIME
long hyperliquid / short bitget,hyperliquid,bitget,2026-07-21 00:00:00.040000+00:00,0.0001142159,0.0,-0.0001142159,-1.142159,25.551018,1.0,,KRX_FULLY_CLOSED_PRE_US,POST_GATE_REGIME
long hyperliquid / short bitget,hyperliquid,bitget,2026-07-21 01:00:00.005000+00:00,8.78528e-05,0.0,-8.78528e-05,-0.878528,24.67249,1.0,,KRX_FULLY_CLOSED_PRE_US,POST_GATE_REGIME
long hyperliquid / short bitget,hyperliquid,bitget,2026-07-21 02:00:00.036000+00:00,6.25e-06,0.0,-6.25e-06,-0.0625,24.60999,1.0,,KRX_FULLY_CLOSED_PRE_US,POST_GATE_REGIME
long hyperliquid / short bitget,hyperliquid,bitget,2026-07-21 03:00:00.030000+00:00,0.0001476351,0.0,-0.0001476351,-1.476351,23.133639,1.0,,KRX_FULLY_CLOSED_PRE_US,POST_GATE_REGIME
long hyperliquid / short bitget,hyperliquid,bitget,2026-07-21 04:00:00+00:00,0.0,0.001675,0.001675,16.75,39.883639,,4.0,KRX_FULLY_CLOSED_PRE_US,POST_GATE_REGIME
long hyperliquid / short bitget,hyperliquid,bitget,2026-07-21 04:00:00.001000+00:00,5.6757e-05,0.0,-5.6757e-05,-0.56757,39.316069,1.0,,KRX_FULLY_CLOSED_PRE_US,POST_GATE_REGIME
long hyperliquid / short bitget,hyperliquid,bitget,2026-07-21 05:00:00.004000+00:00,6.25e-06,0.0,-6.25e-06,-0.0625,39.253569,1.0,,KRX_FULLY_CLOSED_PRE_US,POST_GATE_REGIME
long hyperliquid / short bitget,hyperliquid,bitget,2026-07-21 06:00:00.043000+00:00,6.91257e-05,0.0,-6.91257e-05,-0.6912569999999999,38.562312,1.0,,PRE_CLOSE_BASELINE,POST_GATE_REGIME
long hyperliquid / short bitget,hyperliquid,bitget,2026-07-21 07:00:00.034000+00:00,-7.8665e-06,0.0,7.8665e-06,0.078665,38.640977,1.0,,KRX_OFFICIAL_AFTER_HOURS,POST_GATE_REGIME
long hyperliquid / short bitget,hyperliquid,bitget,2026-07-21 08:00:00+00:00,0.0,0.000301,0.000301,3.01,41.650977,,4.0,KRX_OFFICIAL_AFTER_HOURS,POST_GATE_REGIME
long hyperliquid / short bitget,hyperliquid,bitget,2026-07-21 08:00:00.035000+00:00,0.0002088394,0.0,-0.0002088394,-2.088394,39.562583,1.0,,KRX_OFFICIAL_AFTER_HOURS,POST_GATE_REGIME
long hyperliquid / short bitget,hyperliquid,bitget,2026-07-21 09:00:00.044000+00:00,0.0001967108,0.0,-0.0001967108,-1.967108,37.59547499999999,1.0,,KRX_FULLY_CLOSED_PRE_US,POST_GATE_REGIME
long hyperliquid / short bitget,hyperliquid,bitget,2026-07-21 10:00:00.032000+00:00,1.6442e-06,0.0,-1.6442e-06,-0.016442000000000002,37.579032999999995,1.0,,KRX_FULLY_CLOSED_PRE_US,POST_GATE_REGIME
long hyperliquid / short bitget,hyperliquid,bitget,2026-07-21 11:00:00.043000+00:00,2.52931e-05,0.0,-2.52931e-05,-0.252931,37.326102,1.0,,KRX_FULLY_CLOSED_PRE_US,POST_GATE_REGIME
long hyperliquid / short bitget,hyperliquid,bitget,2026-07-21 12:00:00+00:00,0.0,0.0,0.0,0.0,37.326102,,4.0,KRX_FULLY_CLOSED_PRE_US,POST_GATE_REGIME
long hyperliquid / short bitget,hyperliquid,bitget,2026-07-21 12:00:00.029000+00:00,-6.63142e-05,0.0,6.63142e-05,0.663142,37.989244,1.0,,KRX_FULLY_CLOSED_PRE_US,POST_GATE_REGIME
long hyperliquid / short bitget,hyperliquid,bitget,2026-07-21 13:00:00.025000+00:00,-5.06018e-05,0.0,5.06018e-05,0.506018,38.495262,1.0,,KRX_FULLY_CLOSED_PRE_US,POST_GATE_REGIME
long hyperliquid / short bitget,hyperliquid,bitget,2026-07-21 14:00:00.062000+00:00,0.0002787525,0.0,-0.0002787525,-2.787525,35.707736999999995,1.0,,US_REGULAR,POST_GATE_REGIME
long hyperliquid / short bitget,hyperliquid,bitget,2026-07-21 15:00:00.021000+00:00,0.000232627,0.0,-0.000232627,-2.32627,33.381466999999994,1.0,,US_REGULAR,POST_GATE_REGIME
long hyperliquid / short bitget,hyperliquid,bitget,2026-07-21 16:00:00+00:00,0.0,0.0,0.0,0.0,33.381466999999994,,4.0,US_REGULAR,POST_GATE_REGIME
long hyperliquid / short bitget,hyperliquid,bitget,2026-07-21 16:00:00.022000+00:00,0.0002466834,0.0,-0.0002466834,-2.466834,30.914632999999995,1.0,,US_REGULAR,POST_GATE_REGIME
long hyperliquid / short bitget,hyperliquid,bitget,2026-07-21 17:00:00.028000+00:00,0.0002477315,0.0,-0.0002477315,-2.477315,28.437317999999994,1.0,,US_REGULAR,POST_GATE_REGIME
long hyperliquid / short bitget,hyperliquid,bitget,2026-07-21 18:00:00.028000+00:00,0.0002239247,0.0,-0.0002239247,-2.2392469999999998,26.198070999999995,1.0,,US_REGULAR,POST_GATE_REGIME
long hyperliquid / short bitget,hyperliquid,bitget,2026-07-21 19:00:00.068000+00:00,4.89291e-05,0.0,-4.89291e-05,-0.489291,25.708779999999994,1.0,,US_REGULAR,POST_GATE_REGIME
long hyperliquid / short bitget,hyperliquid,bitget,2026-07-21 20:00:00+00:00,0.0,0.0,0.0,0.0,25.708779999999994,,4.0,US_AFTER_HOURS,POST_GATE_REGIME
long hyperliquid / short bitget,hyperliquid,bitget,2026-07-21 20:00:00.059000+00:00,6.25e-06,0.0,-6.25e-06,-0.0625,25.646279999999994,1.0,,US_AFTER_HOURS,POST_GATE_REGIME
long hyperliquid / short bitget,hyperliquid,bitget,2026-07-21 21:00:00.047000+00:00,0.0002137557,0.0,-0.0002137557,-2.137557,23.508722999999993,1.0,,US_AFTER_HOURS,POST_GATE_REGIME
long hyperliquid / short bitget,hyperliquid,bitget,2026-07-21 22:00:00.051000+00:00,0.0002811407,0.0,-0.0002811407,-2.811407,20.697315999999994,1.0,,US_AFTER_HOURS,POST_GATE_REGIME
long hyperliquid / short bitget,hyperliquid,bitget,2026-07-21 23:00:00.023000+00:00,-0.0001346425,0.0,0.0001346425,1.3464250000000002,22.043740999999994,1.0,,US_AFTER_HOURS,POST_GATE_REGIME
long hyperliquid / short bitget,hyperliquid,bitget,2026-07-22 00:00:00+00:00,0.0,0.0,0.0,0.0,22.043740999999994,,4.0,KRX_FULLY_CLOSED_PRE_US,POST_GATE_REGIME
long hyperliquid / short bitget,hyperliquid,bitget,2026-07-22 00:00:00.025000+00:00,0.0001955694,0.0,-0.0001955694,-1.955694,20.088046999999992,1.0,,KRX_FULLY_CLOSED_PRE_US,POST_GATE_REGIME
long hyperliquid / short bitget,hyperliquid,bitget,2026-07-22 01:00:00.013000+00:00,-8.5126e-06,0.0,8.5126e-06,0.08512600000000001,20.17317299999999,1.0,,KRX_FULLY_CLOSED_PRE_US,POST_GATE_REGIME
long hyperliquid / short bitget,hyperliquid,bitget,2026-07-22 02:00:00.091000+00:00,-1.50561e-05,0.0,1.50561e-05,0.150561,20.32373399999999,1.0,,KRX_FULLY_CLOSED_PRE_US,POST_GATE_REGIME
long hyperliquid / short bitget,hyperliquid,bitget,2026-07-22 03:00:00.043000+00:00,6.25e-06,0.0,-6.25e-06,-0.0625,20.26123399999999,1.0,,KRX_FULLY_CLOSED_PRE_US,POST_GATE_REGIME
long hyperliquid / short bitget,hyperliquid,bitget,2026-07-22 04:00:00+00:00,0.0,0.000984,0.000984,9.84,30.10123399999999,,4.0,KRX_FULLY_CLOSED_PRE_US,POST_GATE_REGIME
long hyperliquid / short bitget,hyperliquid,bitget,2026-07-22 04:00:00.052000+00:00,1.00317e-05,0.0,-1.00317e-05,-0.10031699999999999,30.00091699999999,1.0,,KRX_FULLY_CLOSED_PRE_US,POST_GATE_REGIME
long hyperliquid / short bitget,hyperliquid,bitget,2026-07-22 05:00:00.087000+00:00,2.51491e-05,0.0,-2.51491e-05,-0.251491,29.74942599999999,1.0,,KRX_FULLY_CLOSED_PRE_US,POST_GATE_REGIME
long hyperliquid / short bitget,hyperliquid,bitget,2026-07-22 06:00:00.048000+00:00,6.51903e-05,0.0,-6.51903e-05,-0.651903,29.09752299999999,1.0,,PRE_CLOSE_BASELINE,POST_GATE_REGIME
long hyperliquid / short bitget,hyperliquid,bitget,2026-07-22 07:00:00.019000+00:00,0.0001006291,0.0,-0.0001006291,-1.006291,28.091231999999987,1.0,,KRX_OFFICIAL_AFTER_HOURS,POST_GATE_REGIME
long hyperliquid / short bitget,hyperliquid,bitget,2026-07-22 08:00:00+00:00,0.0,0.000694,0.000694,6.9399999999999995,35.03123199999999,,4.0,KRX_OFFICIAL_AFTER_HOURS,POST_GATE_REGIME
long hyperliquid / short bitget,hyperliquid,bitget,2026-07-22 08:00:00.039000+00:00,6.92692e-05,0.0,-6.92692e-05,-0.6926920000000001,34.33853999999999,1.0,,KRX_OFFICIAL_AFTER_HOURS,POST_GATE_REGIME
long hyperliquid / short bitget,hyperliquid,bitget,2026-07-22 09:00:00.028000+00:00,6.25e-06,0.0,-6.25e-06,-0.0625,34.27603999999999,1.0,,KRX_FULLY_CLOSED_PRE_US,POST_GATE_REGIME
long hyperliquid / short bitget,hyperliquid,bitget,2026-07-22 10:00:00.025000+00:00,6.68522e-05,0.0,-6.68522e-05,-0.6685220000000001,33.607517999999985,1.0,,KRX_FULLY_CLOSED_PRE_US,POST_GATE_REGIME
long hyperliquid / short bitget,hyperliquid,bitget,2026-07-22 11:00:00.047000+00:00,0.00015643,0.0,-0.00015643,-1.5643,32.04321799999998,1.0,,KRX_FULLY_CLOSED_PRE_US,POST_GATE_REGIME
long hyperliquid / short bitget,hyperliquid,bitget,2026-07-22 12:00:00+00:00,0.0,0.0,0.0,0.0,32.04321799999998,,4.0,KRX_FULLY_CLOSED_PRE_US,POST_GATE_REGIME
long hyperliquid / short bitget,hyperliquid,bitget,2026-07-22 12:00:00.037000+00:00,-2.04653e-05,0.0,2.04653e-05,0.20465299999999997,32.24787099999998,1.0,,KRX_FULLY_CLOSED_PRE_US,POST_GATE_REGIME
long hyperliquid / short bitget,hyperliquid,bitget,2026-07-22 13:00:00.052000+00:00,-8.9015e-05,0.0,8.9015e-05,0.89015,33.13802099999998,1.0,,KRX_FULLY_CLOSED_PRE_US,POST_GATE_REGIME
long hyperliquid / short bitget,hyperliquid,bitget,2026-07-22 14:00:00.038000+00:00,0.0004317929,0.0,-0.0004317929,-4.317929,28.82009199999998,1.0,,US_REGULAR,POST_GATE_REGIME
long hyperliquid / short bitget,hyperliquid,bitget,2026-07-22 15:00:00.018000+00:00,0.0002461753,0.0,-0.0002461753,-2.461753,26.35833899999998,1.0,,US_REGULAR,POST_GATE_REGIME
long hyperliquid / short bitget,hyperliquid,bitget,2026-07-22 16:00:00+00:00,0.0,0.0,0.0,0.0,26.35833899999998,,4.0,US_REGULAR,POST_GATE_REGIME
long hyperliquid / short bitget,hyperliquid,bitget,2026-07-22 16:00:00.004000+00:00,0.0001717476,0.0,-0.0001717476,-1.717476,24.640862999999978,1.0,,US_REGULAR,POST_GATE_REGIME
long hyperliquid / short bitget,hyperliquid,bitget,2026-07-22 17:00:00.047000+00:00,0.0001190343,0.0,-0.0001190343,-1.1903430000000002,23.45051999999998,1.0,,US_REGULAR,POST_GATE_REGIME
long hyperliquid / short bitget,hyperliquid,bitget,2026-07-22 18:00:00.015000+00:00,-9.87794e-05,0.0,9.87794e-05,0.987794,24.43831399999998,1.0,,US_REGULAR,POST_GATE_REGIME
long hyperliquid / short bitget,hyperliquid,bitget,2026-07-22 19:00:00.007000+00:00,-9.5528e-05,0.0,9.5528e-05,0.95528,25.39359399999998,1.0,,US_REGULAR,POST_GATE_REGIME
long hyperliquid / short bitget,hyperliquid,bitget,2026-07-22 20:00:00+00:00,0.0,0.0,0.0,0.0,25.39359399999998,,4.0,US_AFTER_HOURS,POST_GATE_REGIME
long hyperliquid / short bitget,hyperliquid,bitget,2026-07-22 20:00:00.054000+00:00,6.25e-06,0.0,-6.25e-06,-0.0625,25.33109399999998,1.0,,US_AFTER_HOURS,POST_GATE_REGIME
long hyperliquid / short bitget,hyperliquid,bitget,2026-07-22 21:00:00.034000+00:00,0.000416244,0.0,-0.000416244,-4.16244,21.16865399999998,1.0,,US_AFTER_HOURS,POST_GATE_REGIME
long hyperliquid / short bitget,hyperliquid,bitget,2026-07-22 22:00:00.043000+00:00,0.0004473368,0.0,-0.0004473368,-4.473368,16.695285999999978,1.0,,US_AFTER_HOURS,POST_GATE_REGIME
long hyperliquid / short bitget,hyperliquid,bitget,2026-07-22 23:00:00.077000+00:00,-0.0002842418,0.0,0.0002842418,2.8424180000000003,19.537703999999977,1.0,,US_AFTER_HOURS,POST_GATE_REGIME
long hyperliquid / short bitget,hyperliquid,bitget,2026-07-23 00:00:00+00:00,0.0,0.0,0.0,0.0,19.537703999999977,,4.0,KRX_FULLY_CLOSED_PRE_US,POST_GATE_REGIME
long hyperliquid / short bitget,hyperliquid,bitget,2026-07-23 00:00:00.046000+00:00,0.0002302296,0.0,-0.0002302296,-2.302296,17.23540799999998,1.0,,KRX_FULLY_CLOSED_PRE_US,POST_GATE_REGIME
long hyperliquid / short bitget,hyperliquid,bitget,2026-07-23 01:00:00.058000+00:00,6.46204e-05,0.0,-6.46204e-05,-0.646204,16.589203999999977,1.0,,KRX_FULLY_CLOSED_PRE_US,POST_GATE_REGIME
long hyperliquid / short bitget,hyperliquid,bitget,2026-07-23 02:00:00.049000+00:00,6.25e-06,0.0,-6.25e-06,-0.0625,16.526703999999977,1.0,,KRX_FULLY_CLOSED_PRE_US,POST_GATE_REGIME
long hyperliquid / short bitget,hyperliquid,bitget,2026-07-23 03:00:00.067000+00:00,6.25e-06,0.0,-6.25e-06,-0.0625,16.464203999999977,1.0,,KRX_FULLY_CLOSED_PRE_US,POST_GATE_REGIME
long hyperliquid / short gate,hyperliquid,gate,2026-07-19 17:00:00.043000+00:00,-0.0001463669,0.0,0.0001463669,1.4636689999999999,1.4636689999999999,1.0,,KRX_FULLY_CLOSED_PRE_US,GATE_REGIME_20260716_19
long hyperliquid / short gate,hyperliquid,gate,2026-07-19 18:00:00.049000+00:00,0.0001350793,0.0,-0.0001350793,-1.350793,0.11287599999999998,1.0,,KRX_FULLY_CLOSED_PRE_US,GATE_REGIME_20260716_19
long hyperliquid / short gate,hyperliquid,gate,2026-07-19 19:00:00.049000+00:00,6.25e-06,0.0,-6.25e-06,-0.0625,0.050375999999999976,1.0,,KRX_FULLY_CLOSED_PRE_US,GATE_REGIME_20260716_19
long hyperliquid / short gate,hyperliquid,gate,2026-07-19 20:00:00.010000+00:00,0.0001424997,0.0,-0.0001424997,-1.424997,-1.374621,1.0,,KRX_FULLY_CLOSED_PRE_US,GATE_REGIME_20260716_19
long hyperliquid / short gate,hyperliquid,gate,2026-07-19 20:00:01+00:00,0.0,0.0005,0.0005,5.0,3.6253789999999997,,4.0,KRX_FULLY_CLOSED_PRE_US,GATE_REGIME_20260716_19
long hyperliquid / short gate,hyperliquid,gate,2026-07-19 21:00:00.026000+00:00,6.25e-06,0.0,-6.25e-06,-0.0625,3.5628789999999997,1.0,,KRX_FULLY_CLOSED_PRE_US,GATE_REGIME_20260716_19
long hyperliquid / short gate,hyperliquid,gate,2026-07-19 22:00:00.049000+00:00,6.25e-06,0.0,-6.25e-06,-0.0625,3.5003789999999997,1.0,,KRX_FULLY_CLOSED_PRE_US,GATE_REGIME_20260716_19
long hyperliquid / short gate,hyperliquid,gate,2026-07-19 23:00:00.014000+00:00,0.0001120228,0.0,-0.0001120228,-1.120228,2.3801509999999997,1.0,,KRX_FULLY_CLOSED_PRE_US,GATE_REGIME_20260716_19
long hyperliquid / short gate,hyperliquid,gate,2026-07-20 00:00:00.034000+00:00,0.0002688809,0.0,-0.0002688809,-2.6888090000000004,-0.30865800000000077,1.0,,KRX_FULLY_CLOSED_PRE_US,POST_GATE_REGIME
long hyperliquid / short gate,hyperliquid,gate,2026-07-20 00:00:03+00:00,0.0,0.0005,0.0005,5.0,4.691341999999999,,4.0,KRX_FULLY_CLOSED_PRE_US,POST_GATE_REGIME
long hyperliquid / short gate,hyperliquid,gate,2026-07-20 01:00:00.063000+00:00,6.25e-06,0.0,-6.25e-06,-0.0625,4.628841999999999,1.0,,KRX_FULLY_CLOSED_PRE_US,POST_GATE_REGIME
long hyperliquid / short gate,hyperliquid,gate,2026-07-20 02:00:00.052000+00:00,6.25e-06,0.0,-6.25e-06,-0.0625,4.566341999999999,1.0,,KRX_FULLY_CLOSED_PRE_US,POST_GATE_REGIME
long hyperliquid / short gate,hyperliquid,gate,2026-07-20 03:00:00.046000+00:00,0.0001277184,0.0,-0.0001277184,-1.277184,3.2891579999999987,1.0,,KRX_FULLY_CLOSED_PRE_US,POST_GATE_REGIME
long hyperliquid / short gate,hyperliquid,gate,2026-07-20 04:00:00.011000+00:00,0.000122697,0.0,-0.000122697,-1.2269700000000001,2.0621879999999986,1.0,,KRX_FULLY_CLOSED_PRE_US,POST_GATE_REGIME
long hyperliquid / short gate,hyperliquid,gate,2026-07-20 04:00:02+00:00,0.0,0.0005,0.0005,5.0,7.062187999999999,,4.0,KRX_FULLY_CLOSED_PRE_US,POST_GATE_REGIME
long hyperliquid / short gate,hyperliquid,gate,2026-07-20 05:00:00.027000+00:00,6.8249e-05,0.0,-6.8249e-05,-0.68249,6.379697999999999,1.0,,KRX_FULLY_CLOSED_PRE_US,POST_GATE_REGIME
long hyperliquid / short gate,hyperliquid,gate,2026-07-20 06:00:00.047000+00:00,9.18419e-05,0.0,-9.18419e-05,-0.918419,5.461278999999999,1.0,,PRE_CLOSE_BASELINE,POST_GATE_REGIME
long hyperliquid / short gate,hyperliquid,gate,2026-07-20 07:00:00.008000+00:00,-5.71341e-05,0.0,5.71341e-05,0.571341,6.03262,1.0,,KRX_OFFICIAL_AFTER_HOURS,POST_GATE_REGIME
long hyperliquid / short gate,hyperliquid,gate,2026-07-20 08:00:00.058000+00:00,9.36582e-05,0.0,-9.36582e-05,-0.936582,5.096038,1.0,,KRX_OFFICIAL_AFTER_HOURS,POST_GATE_REGIME
long hyperliquid / short gate,hyperliquid,gate,2026-07-20 08:00:03+00:00,0.0,0.0005,0.0005,5.0,10.096038,,4.0,KRX_OFFICIAL_AFTER_HOURS,POST_GATE_REGIME
long hyperliquid / short gate,hyperliquid,gate,2026-07-20 09:00:00.029000+00:00,2.73756e-05,0.0,-2.73756e-05,-0.273756,9.822282,1.0,,KRX_FULLY_CLOSED_PRE_US,POST_GATE_REGIME
long hyperliquid / short gate,hyperliquid,gate,2026-07-20 10:00:00.029000+00:00,-6.04045e-05,0.0,6.04045e-05,0.604045,10.426326999999999,1.0,,KRX_FULLY_CLOSED_PRE_US,POST_GATE_REGIME
long hyperliquid / short gate,hyperliquid,gate,2026-07-20 11:00:00+00:00,-9.70366e-05,0.0,9.70366e-05,0.970366,11.396692999999999,1.0,,KRX_FULLY_CLOSED_PRE_US,POST_GATE_REGIME
long hyperliquid / short gate,hyperliquid,gate,2026-07-20 12:00:00+00:00,1.8678e-06,0.0,-1.8678e-06,-0.018678,11.378015,1.0,,KRX_FULLY_CLOSED_PRE_US,POST_GATE_REGIME
long hyperliquid / short gate,hyperliquid,gate,2026-07-20 12:00:01+00:00,0.0,5e-05,5e-05,0.5,11.878015,,4.0,KRX_FULLY_CLOSED_PRE_US,POST_GATE_REGIME
long hyperliquid / short gate,hyperliquid,gate,2026-07-20 13:00:00.047000+00:00,-0.000148396,0.0,0.000148396,1.48396,13.361975,1.0,,KRX_FULLY_CLOSED_PRE_US,POST_GATE_REGIME
long hyperliquid / short gate,hyperliquid,gate,2026-07-20 14:00:00.049000+00:00,6.25e-06,0.0,-6.25e-06,-0.0625,13.299475,1.0,,US_REGULAR,POST_GATE_REGIME
long hyperliquid / short gate,hyperliquid,gate,2026-07-20 15:00:00.053000+00:00,-0.0005133502,0.0,0.0005133502,5.133502000000001,18.432977,1.0,,US_REGULAR,POST_GATE_REGIME
long hyperliquid / short gate,hyperliquid,gate,2026-07-20 16:00:00.104000+00:00,6.19623e-05,0.0,-6.19623e-05,-0.6196229999999999,17.813354,1.0,,US_REGULAR,POST_GATE_REGIME
long hyperliquid / short gate,hyperliquid,gate,2026-07-20 16:00:03+00:00,0.0,5e-05,5e-05,0.5,18.313354,,4.0,US_REGULAR,POST_GATE_REGIME
long hyperliquid / short gate,hyperliquid,gate,2026-07-20 17:00:00.046000+00:00,3.4695e-06,0.0,-3.4695e-06,-0.034695,18.278659,1.0,,US_REGULAR,POST_GATE_REGIME
long hyperliquid / short gate,hyperliquid,gate,2026-07-20 18:00:00.027000+00:00,-0.0001098492,0.0,0.0001098492,1.098492,19.377151,1.0,,US_REGULAR,POST_GATE_REGIME
long hyperliquid / short gate,hyperliquid,gate,2026-07-20 19:00:00.035000+00:00,-0.0001310207,0.0,0.0001310207,1.310207,20.687358,1.0,,US_REGULAR,POST_GATE_REGIME
long hyperliquid / short gate,hyperliquid,gate,2026-07-20 20:00:00.008000+00:00,-0.0001973298,0.0,0.0001973298,1.973298,22.660656,1.0,,US_AFTER_HOURS,POST_GATE_REGIME
long hyperliquid / short gate,hyperliquid,gate,2026-07-20 20:00:01+00:00,0.0,5e-05,5e-05,0.5,23.160656,,4.0,US_AFTER_HOURS,POST_GATE_REGIME
long hyperliquid / short gate,hyperliquid,gate,2026-07-20 21:00:00.006000+00:00,-0.0001334196,0.0,0.0001334196,1.3341960000000002,24.494851999999998,1.0,,US_AFTER_HOURS,POST_GATE_REGIME
long hyperliquid / short gate,hyperliquid,gate,2026-07-20 22:00:00.003000+00:00,-4.86277e-05,0.0,4.86277e-05,0.486277,24.981129,1.0,,US_AFTER_HOURS,POST_GATE_REGIME
long hyperliquid / short gate,hyperliquid,gate,2026-07-20 23:00:00.048000+00:00,0.0001237952,0.0,-0.0001237952,-1.237952,23.743177,1.0,,US_AFTER_HOURS,POST_GATE_REGIME
long hyperliquid / short gate,hyperliquid,gate,2026-07-21 00:00:00.040000+00:00,0.0001142159,0.0,-0.0001142159,-1.142159,22.601018,1.0,,KRX_FULLY_CLOSED_PRE_US,POST_GATE_REGIME
long hyperliquid / short gate,hyperliquid,gate,2026-07-21 00:00:03+00:00,0.0,0.000449,0.000449,4.49,27.091018,,4.0,KRX_FULLY_CLOSED_PRE_US,POST_GATE_REGIME
long hyperliquid / short gate,hyperliquid,gate,2026-07-21 01:00:00.005000+00:00,8.78528e-05,0.0,-8.78528e-05,-0.878528,26.21249,1.0,,KRX_FULLY_CLOSED_PRE_US,POST_GATE_REGIME
long hyperliquid / short gate,hyperliquid,gate,2026-07-21 02:00:00.036000+00:00,6.25e-06,0.0,-6.25e-06,-0.0625,26.14999,1.0,,KRX_FULLY_CLOSED_PRE_US,POST_GATE_REGIME
long hyperliquid / short gate,hyperliquid,gate,2026-07-21 03:00:00.030000+00:00,0.0001476351,0.0,-0.0001476351,-1.476351,24.673638999999998,1.0,,KRX_FULLY_CLOSED_PRE_US,POST_GATE_REGIME
long hyperliquid / short gate,hyperliquid,gate,2026-07-21 04:00:00.001000+00:00,5.6757e-05,0.0,-5.6757e-05,-0.56757,24.106068999999998,1.0,,KRX_FULLY_CLOSED_PRE_US,POST_GATE_REGIME
long hyperliquid / short gate,hyperliquid,gate,2026-07-21 04:00:01+00:00,0.0,0.000175,0.000175,1.75,25.856068999999998,,4.0,KRX_FULLY_CLOSED_PRE_US,POST_GATE_REGIME
long hyperliquid / short gate,hyperliquid,gate,2026-07-21 05:00:00.004000+00:00,6.25e-06,0.0,-6.25e-06,-0.0625,25.793568999999998,1.0,,KRX_FULLY_CLOSED_PRE_US,POST_GATE_REGIME
long hyperliquid / short gate,hyperliquid,gate,2026-07-21 06:00:00.043000+00:00,6.91257e-05,0.0,-6.91257e-05,-0.6912569999999999,25.102311999999998,1.0,,PRE_CLOSE_BASELINE,POST_GATE_REGIME
long hyperliquid / short gate,hyperliquid,gate,2026-07-21 07:00:00.034000+00:00,-7.8665e-06,0.0,7.8665e-06,0.078665,25.180977,1.0,,KRX_OFFICIAL_AFTER_HOURS,POST_GATE_REGIME
long hyperliquid / short gate,hyperliquid,gate,2026-07-21 08:00:00.035000+00:00,0.0002088394,0.0,-0.0002088394,-2.088394,23.092582999999998,1.0,,KRX_OFFICIAL_AFTER_HOURS,POST_GATE_REGIME
long hyperliquid / short gate,hyperliquid,gate,2026-07-21 08:00:03+00:00,0.0,0.000363,0.000363,3.63,26.722582999999997,,4.0,KRX_OFFICIAL_AFTER_HOURS,POST_GATE_REGIME
long hyperliquid / short gate,hyperliquid,gate,2026-07-21 09:00:00.044000+00:00,0.0001967108,0.0,-0.0001967108,-1.967108,24.755474999999997,1.0,,KRX_FULLY_CLOSED_PRE_US,POST_GATE_REGIME
long hyperliquid / short gate,hyperliquid,gate,2026-07-21 10:00:00.032000+00:00,1.6442e-06,0.0,-1.6442e-06,-0.016442000000000002,24.739032999999996,1.0,,KRX_FULLY_CLOSED_PRE_US,POST_GATE_REGIME
long hyperliquid / short gate,hyperliquid,gate,2026-07-21 11:00:00.043000+00:00,2.52931e-05,0.0,-2.52931e-05,-0.252931,24.486101999999995,1.0,,KRX_FULLY_CLOSED_PRE_US,POST_GATE_REGIME
long hyperliquid / short gate,hyperliquid,gate,2026-07-21 12:00:00.029000+00:00,-6.63142e-05,0.0,6.63142e-05,0.663142,25.149243999999996,1.0,,KRX_FULLY_CLOSED_PRE_US,POST_GATE_REGIME
long hyperliquid / short gate,hyperliquid,gate,2026-07-21 12:00:01+00:00,0.0,0.000178,0.000178,1.7799999999999998,26.929243999999997,,4.0,KRX_FULLY_CLOSED_PRE_US,POST_GATE_REGIME
long hyperliquid / short gate,hyperliquid,gate,2026-07-21 13:00:00.025000+00:00,-5.06018e-05,0.0,5.06018e-05,0.506018,27.435261999999998,1.0,,KRX_FULLY_CLOSED_PRE_US,POST_GATE_REGIME
long hyperliquid / short gate,hyperliquid,gate,2026-07-21 14:00:00.062000+00:00,0.0002787525,0.0,-0.0002787525,-2.787525,24.647737,1.0,,US_REGULAR,POST_GATE_REGIME
long hyperliquid / short gate,hyperliquid,gate,2026-07-21 15:00:00.021000+00:00,0.000232627,0.0,-0.000232627,-2.32627,22.321467,1.0,,US_REGULAR,POST_GATE_REGIME
long hyperliquid / short gate,hyperliquid,gate,2026-07-21 16:00:00.022000+00:00,0.0002466834,0.0,-0.0002466834,-2.466834,19.854633,1.0,,US_REGULAR,POST_GATE_REGIME
long hyperliquid / short gate,hyperliquid,gate,2026-07-21 16:00:03+00:00,0.0,0.000493,0.000493,4.93,24.784633,,4.0,US_REGULAR,POST_GATE_REGIME
long hyperliquid / short gate,hyperliquid,gate,2026-07-21 17:00:00.028000+00:00,0.0002477315,0.0,-0.0002477315,-2.477315,22.307318,1.0,,US_REGULAR,POST_GATE_REGIME
long hyperliquid / short gate,hyperliquid,gate,2026-07-21 18:00:00.028000+00:00,0.0002239247,0.0,-0.0002239247,-2.2392469999999998,20.068071,1.0,,US_REGULAR,POST_GATE_REGIME
long hyperliquid / short gate,hyperliquid,gate,2026-07-21 19:00:00.068000+00:00,4.89291e-05,0.0,-4.89291e-05,-0.489291,19.57878,1.0,,US_REGULAR,POST_GATE_REGIME
long hyperliquid / short gate,hyperliquid,gate,2026-07-21 20:00:00.059000+00:00,6.25e-06,0.0,-6.25e-06,-0.0625,19.51628,1.0,,US_AFTER_HOURS,POST_GATE_REGIME
long hyperliquid / short gate,hyperliquid,gate,2026-07-21 20:00:01+00:00,0.0,5.8e-05,5.8e-05,0.58,20.096279999999997,,4.0,US_AFTER_HOURS,POST_GATE_REGIME
long hyperliquid / short gate,hyperliquid,gate,2026-07-21 21:00:00.047000+00:00,0.0002137557,0.0,-0.0002137557,-2.137557,17.958722999999996,1.0,,US_AFTER_HOURS,POST_GATE_REGIME
long hyperliquid / short gate,hyperliquid,gate,2026-07-21 22:00:00.051000+00:00,0.0002811407,0.0,-0.0002811407,-2.811407,15.147315999999996,1.0,,US_AFTER_HOURS,POST_GATE_REGIME
long hyperliquid / short gate,hyperliquid,gate,2026-07-21 23:00:00.023000+00:00,-0.0001346425,0.0,0.0001346425,1.3464250000000002,16.493740999999996,1.0,,US_AFTER_HOURS,POST_GATE_REGIME
long hyperliquid / short gate,hyperliquid,gate,2026-07-22 00:00:00.025000+00:00,0.0001955694,0.0,-0.0001955694,-1.955694,14.538046999999997,1.0,,KRX_FULLY_CLOSED_PRE_US,POST_GATE_REGIME
long hyperliquid / short gate,hyperliquid,gate,2026-07-22 00:00:03+00:00,0.0,0.000122,0.000122,1.22,15.758046999999998,,4.0,KRX_FULLY_CLOSED_PRE_US,POST_GATE_REGIME
long hyperliquid / short gate,hyperliquid,gate,2026-07-22 01:00:00.013000+00:00,-8.5126e-06,0.0,8.5126e-06,0.08512600000000001,15.843172999999998,1.0,,KRX_FULLY_CLOSED_PRE_US,POST_GATE_REGIME
long hyperliquid / short gate,hyperliquid,gate,2026-07-22 02:00:00.091000+00:00,-1.50561e-05,0.0,1.50561e-05,0.150561,15.993733999999998,1.0,,KRX_FULLY_CLOSED_PRE_US,POST_GATE_REGIME
long hyperliquid / short gate,hyperliquid,gate,2026-07-22 03:00:00.043000+00:00,6.25e-06,0.0,-6.25e-06,-0.0625,15.931233999999998,1.0,,KRX_FULLY_CLOSED_PRE_US,POST_GATE_REGIME
long hyperliquid / short gate,hyperliquid,gate,2026-07-22 04:00:00.052000+00:00,1.00317e-05,0.0,-1.00317e-05,-0.10031699999999999,15.830916999999998,1.0,,KRX_FULLY_CLOSED_PRE_US,POST_GATE_REGIME
long hyperliquid / short gate,hyperliquid,gate,2026-07-22 04:00:02+00:00,0.0,5e-05,5e-05,0.5,16.330917,,4.0,KRX_FULLY_CLOSED_PRE_US,POST_GATE_REGIME
long hyperliquid / short gate,hyperliquid,gate,2026-07-22 05:00:00.087000+00:00,2.51491e-05,0.0,-2.51491e-05,-0.251491,16.079425999999998,1.0,,KRX_FULLY_CLOSED_PRE_US,POST_GATE_REGIME
long hyperliquid / short gate,hyperliquid,gate,2026-07-22 06:00:00.048000+00:00,6.51903e-05,0.0,-6.51903e-05,-0.651903,15.427522999999997,1.0,,PRE_CLOSE_BASELINE,POST_GATE_REGIME
long hyperliquid / short gate,hyperliquid,gate,2026-07-22 07:00:00.019000+00:00,0.0001006291,0.0,-0.0001006291,-1.006291,14.421231999999996,1.0,,KRX_OFFICIAL_AFTER_HOURS,POST_GATE_REGIME
long hyperliquid / short gate,hyperliquid,gate,2026-07-22 08:00:00.039000+00:00,6.92692e-05,0.0,-6.92692e-05,-0.6926920000000001,13.728539999999995,1.0,,KRX_OFFICIAL_AFTER_HOURS,POST_GATE_REGIME
long hyperliquid / short gate,hyperliquid,gate,2026-07-22 08:00:03+00:00,0.0,0.000107,0.000107,1.07,14.798539999999996,,4.0,KRX_OFFICIAL_AFTER_HOURS,POST_GATE_REGIME
long hyperliquid / short gate,hyperliquid,gate,2026-07-22 09:00:00.028000+00:00,6.25e-06,0.0,-6.25e-06,-0.0625,14.736039999999996,1.0,,KRX_FULLY_CLOSED_PRE_US,POST_GATE_REGIME
long hyperliquid / short gate,hyperliquid,gate,2026-07-22 10:00:00.025000+00:00,6.68522e-05,0.0,-6.68522e-05,-0.6685220000000001,14.067517999999996,1.0,,KRX_FULLY_CLOSED_PRE_US,POST_GATE_REGIME
long hyperliquid / short gate,hyperliquid,gate,2026-07-22 11:00:00.047000+00:00,0.00015643,0.0,-0.00015643,-1.5643,12.503217999999997,1.0,,KRX_FULLY_CLOSED_PRE_US,POST_GATE_REGIME
long hyperliquid / short gate,hyperliquid,gate,2026-07-22 12:00:00.037000+00:00,-2.04653e-05,0.0,2.04653e-05,0.20465299999999997,12.707870999999997,1.0,,KRX_FULLY_CLOSED_PRE_US,POST_GATE_REGIME
long hyperliquid / short gate,hyperliquid,gate,2026-07-22 12:00:01+00:00,0.0,0.000102,0.000102,1.02,13.727870999999997,,4.0,KRX_FULLY_CLOSED_PRE_US,POST_GATE_REGIME
long hyperliquid / short gate,hyperliquid,gate,2026-07-22 13:00:00.052000+00:00,-8.9015e-05,0.0,8.9015e-05,0.89015,14.618020999999997,1.0,,KRX_FULLY_CLOSED_PRE_US,POST_GATE_REGIME
long hyperliquid / short gate,hyperliquid,gate,2026-07-22 14:00:00.038000+00:00,0.0004317929,0.0,-0.0004317929,-4.317929,10.300091999999996,1.0,,US_REGULAR,POST_GATE_REGIME
long hyperliquid / short gate,hyperliquid,gate,2026-07-22 15:00:00.018000+00:00,0.0002461753,0.0,-0.0002461753,-2.461753,7.838338999999996,1.0,,US_REGULAR,POST_GATE_REGIME
long hyperliquid / short gate,hyperliquid,gate,2026-07-22 16:00:00.004000+00:00,0.0001717476,0.0,-0.0001717476,-1.717476,6.120862999999996,1.0,,US_REGULAR,POST_GATE_REGIME
long hyperliquid / short gate,hyperliquid,gate,2026-07-22 16:00:03+00:00,0.0,0.000262,0.000262,2.62,8.740862999999997,,4.0,US_REGULAR,POST_GATE_REGIME
long hyperliquid / short gate,hyperliquid,gate,2026-07-22 17:00:00.047000+00:00,0.0001190343,0.0,-0.0001190343,-1.1903430000000002,7.550519999999997,1.0,,US_REGULAR,POST_GATE_REGIME
long hyperliquid / short gate,hyperliquid,gate,2026-07-22 18:00:00.015000+00:00,-9.87794e-05,0.0,9.87794e-05,0.987794,8.538313999999996,1.0,,US_REGULAR,POST_GATE_REGIME
long hyperliquid / short gate,hyperliquid,gate,2026-07-22 19:00:00.007000+00:00,-9.5528e-05,0.0,9.5528e-05,0.95528,9.493593999999996,1.0,,US_REGULAR,POST_GATE_REGIME
long hyperliquid / short gate,hyperliquid,gate,2026-07-22 20:00:00.054000+00:00,6.25e-06,0.0,-6.25e-06,-0.0625,9.431093999999996,1.0,,US_AFTER_HOURS,POST_GATE_REGIME
long hyperliquid / short gate,hyperliquid,gate,2026-07-22 20:00:01+00:00,0.0,5e-05,5e-05,0.5,9.931093999999996,,4.0,US_AFTER_HOURS,POST_GATE_REGIME
long hyperliquid / short gate,hyperliquid,gate,2026-07-22 21:00:00.034000+00:00,0.000416244,0.0,-0.000416244,-4.16244,5.768653999999996,1.0,,US_AFTER_HOURS,POST_GATE_REGIME
long hyperliquid / short gate,hyperliquid,gate,2026-07-22 22:00:00.043000+00:00,0.0004473368,0.0,-0.0004473368,-4.473368,1.2952859999999964,1.0,,US_AFTER_HOURS,POST_GATE_REGIME
long hyperliquid / short gate,hyperliquid,gate,2026-07-22 23:00:00.077000+00:00,-0.0002842418,0.0,0.0002842418,2.8424180000000003,4.137703999999997,1.0,,US_AFTER_HOURS,POST_GATE_REGIME
long hyperliquid / short gate,hyperliquid,gate,2026-07-23 00:00:00.046000+00:00,0.0002302296,0.0,-0.0002302296,-2.302296,1.8354079999999966,1.0,,KRX_FULLY_CLOSED_PRE_US,POST_GATE_REGIME
long hyperliquid / short gate,hyperliquid,gate,2026-07-23 00:00:03+00:00,0.0,5e-05,5e-05,0.5,2.3354079999999966,,4.0,KRX_FULLY_CLOSED_PRE_US,POST_GATE_REGIME
long hyperliquid / short gate,hyperliquid,gate,2026-07-23 01:00:00.058000+00:00,6.46204e-05,0.0,-6.46204e-05,-0.646204,1.6892039999999966,1.0,,KRX_FULLY_CLOSED_PRE_US,POST_GATE_REGIME
long hyperliquid / short gate,hyperliquid,gate,2026-07-23 02:00:00.049000+00:00,6.25e-06,0.0,-6.25e-06,-0.0625,1.6267039999999966,1.0,,KRX_FULLY_CLOSED_PRE_US,POST_GATE_REGIME
long hyperliquid / short gate,hyperliquid,gate,2026-07-23 03:00:00.067000+00:00,6.25e-06,0.0,-6.25e-06,-0.0625,1.5642039999999966,1.0,,KRX_FULLY_CLOSED_PRE_US,POST_GATE_REGIME
long hyperliquid / short gate,hyperliquid,gate,2026-07-23 04:00:00.046000+00:00,-4.33902e-05,0.0,4.33902e-05,0.43390199999999995,1.9981059999999966,1.0,,KRX_FULLY_CLOSED_PRE_US,POST_GATE_REGIME
long hyperliquid / short gate,hyperliquid,gate,2026-07-23 04:00:01+00:00,0.0,0.00014,0.00014,1.4,3.3981059999999967,,4.0,KRX_FULLY_CLOSED_PRE_US,POST_GATE_REGIME
long hyperliquid / short gate,hyperliquid,gate,2026-07-23 05:00:00.067000+00:00,-6.73728e-05,0.0,6.73728e-05,0.6737280000000001,4.071833999999997,1.0,,KRX_FULLY_CLOSED_PRE_US,POST_GATE_REGIME
long hyperliquid / short gate,hyperliquid,gate,2026-07-23 06:00:00.001000+00:00,-6.02749e-05,0.0,6.02749e-05,0.602749,4.6745829999999975,1.0,,PRE_CLOSE_BASELINE,POST_GATE_REGIME
long hyperliquid / short gate,hyperliquid,gate,2026-07-23 07:00:00.055000+00:00,-4.8831e-06,0.0,4.8831e-06,0.048831,4.723413999999997,1.0,,KRX_OFFICIAL_AFTER_HOURS,POST_GATE_REGIME
long hyperliquid / short okx,hyperliquid,okx,2026-07-19 17:00:00.043000+00:00,-0.0001463669,0.0,0.0001463669,1.4636689999999999,1.4636689999999999,1.0,,KRX_FULLY_CLOSED_PRE_US,GATE_REGIME_20260716_19
long hyperliquid / short okx,hyperliquid,okx,2026-07-19 18:00:00.049000+00:00,0.0001350793,0.0,-0.0001350793,-1.350793,0.11287599999999998,1.0,,KRX_FULLY_CLOSED_PRE_US,GATE_REGIME_20260716_19
long hyperliquid / short okx,hyperliquid,okx,2026-07-19 19:00:00.049000+00:00,6.25e-06,0.0,-6.25e-06,-0.0625,0.050375999999999976,1.0,,KRX_FULLY_CLOSED_PRE_US,GATE_REGIME_20260716_19
long hyperliquid / short okx,hyperliquid,okx,2026-07-19 20:00:00.010000+00:00,0.0001424997,0.0,-0.0001424997,-1.424997,-1.374621,1.0,,KRX_FULLY_CLOSED_PRE_US,GATE_REGIME_20260716_19
long hyperliquid / short okx,hyperliquid,okx,2026-07-19 21:00:00.026000+00:00,6.25e-06,0.0,-6.25e-06,-0.0625,-1.437121,1.0,,KRX_FULLY_CLOSED_PRE_US,GATE_REGIME_20260716_19
long hyperliquid / short okx,hyperliquid,okx,2026-07-19 22:00:00.049000+00:00,6.25e-06,0.0,-6.25e-06,-0.0625,-1.499621,1.0,,KRX_FULLY_CLOSED_PRE_US,GATE_REGIME_20260716_19
long hyperliquid / short okx,hyperliquid,okx,2026-07-19 23:00:00.014000+00:00,0.0001120228,0.0,-0.0001120228,-1.120228,-2.6198490000000003,1.0,,KRX_FULLY_CLOSED_PRE_US,GATE_REGIME_20260716_19
long hyperliquid / short okx,hyperliquid,okx,2026-07-20 00:00:00+00:00,0.0,0.0010995922466155,0.0010995922466155,10.995922466155001,8.376073466155,,8.0,KRX_FULLY_CLOSED_PRE_US,POST_GATE_REGIME
long hyperliquid / short okx,hyperliquid,okx,2026-07-20 00:00:00.034000+00:00,0.0002688809,0.0,-0.0002688809,-2.6888090000000004,5.687264466155,1.0,,KRX_FULLY_CLOSED_PRE_US,POST_GATE_REGIME
long hyperliquid / short okx,hyperliquid,okx,2026-07-20 01:00:00.063000+00:00,6.25e-06,0.0,-6.25e-06,-0.0625,5.624764466155,1.0,,KRX_FULLY_CLOSED_PRE_US,POST_GATE_REGIME
long hyperliquid / short okx,hyperliquid,okx,2026-07-20 02:00:00.052000+00:00,6.25e-06,0.0,-6.25e-06,-0.0625,5.562264466155,1.0,,KRX_FULLY_CLOSED_PRE_US,POST_GATE_REGIME
long hyperliquid / short okx,hyperliquid,okx,2026-07-20 03:00:00.046000+00:00,0.0001277184,0.0,-0.0001277184,-1.277184,4.285080466155,1.0,,KRX_FULLY_CLOSED_PRE_US,POST_GATE_REGIME
long hyperliquid / short okx,hyperliquid,okx,2026-07-20 04:00:00.011000+00:00,0.000122697,0.0,-0.000122697,-1.2269700000000001,3.0581104661549996,1.0,,KRX_FULLY_CLOSED_PRE_US,POST_GATE_REGIME
long hyperliquid / short okx,hyperliquid,okx,2026-07-20 05:00:00.027000+00:00,6.8249e-05,0.0,-6.8249e-05,-0.68249,2.3756204661549996,1.0,,KRX_FULLY_CLOSED_PRE_US,POST_GATE_REGIME
long hyperliquid / short okx,hyperliquid,okx,2026-07-20 06:00:00.047000+00:00,9.18419e-05,0.0,-9.18419e-05,-0.918419,1.4572014661549995,1.0,,PRE_CLOSE_BASELINE,POST_GATE_REGIME
long hyperliquid / short okx,hyperliquid,okx,2026-07-20 07:00:00.008000+00:00,-5.71341e-05,0.0,5.71341e-05,0.571341,2.0285424661549993,1.0,,KRX_OFFICIAL_AFTER_HOURS,POST_GATE_REGIME
long hyperliquid / short okx,hyperliquid,okx,2026-07-20 08:00:00+00:00,0.0,0.0006796006580825,0.0006796006580825,6.796006580825,8.82454904698,,8.0,KRX_OFFICIAL_AFTER_HOURS,POST_GATE_REGIME
long hyperliquid / short okx,hyperliquid,okx,2026-07-20 08:00:00.058000+00:00,9.36582e-05,0.0,-9.36582e-05,-0.936582,7.88796704698,1.0,,KRX_OFFICIAL_AFTER_HOURS,POST_GATE_REGIME
long hyperliquid / short okx,hyperliquid,okx,2026-07-20 09:00:00.029000+00:00,2.73756e-05,0.0,-2.73756e-05,-0.273756,7.61421104698,1.0,,KRX_FULLY_CLOSED_PRE_US,POST_GATE_REGIME
long hyperliquid / short okx,hyperliquid,okx,2026-07-20 10:00:00.029000+00:00,-6.04045e-05,0.0,6.04045e-05,0.604045,8.21825604698,1.0,,KRX_FULLY_CLOSED_PRE_US,POST_GATE_REGIME
long hyperliquid / short okx,hyperliquid,okx,2026-07-20 11:00:00+00:00,-9.70366e-05,0.0,9.70366e-05,0.970366,9.18862204698,1.0,,KRX_FULLY_CLOSED_PRE_US,POST_GATE_REGIME
long hyperliquid / short okx,hyperliquid,okx,2026-07-20 12:00:00+00:00,1.8678e-06,0.0,-1.8678e-06,-0.018678,9.169944046980001,1.0,,KRX_FULLY_CLOSED_PRE_US,POST_GATE_REGIME
long hyperliquid / short okx,hyperliquid,okx,2026-07-20 13:00:00.047000+00:00,-0.000148396,0.0,0.000148396,1.48396,10.653904046980001,1.0,,KRX_FULLY_CLOSED_PRE_US,POST_GATE_REGIME
long hyperliquid / short okx,hyperliquid,okx,2026-07-20 14:00:00.049000+00:00,6.25e-06,0.0,-6.25e-06,-0.0625,10.591404046980001,1.0,,US_REGULAR,POST_GATE_REGIME
long hyperliquid / short okx,hyperliquid,okx,2026-07-20 15:00:00.053000+00:00,-0.0005133502,0.0,0.0005133502,5.133502000000001,15.724906046980003,1.0,,US_REGULAR,POST_GATE_REGIME
long hyperliquid / short okx,hyperliquid,okx,2026-07-20 16:00:00+00:00,0.0,-0.0009406810658833,-0.0009406810658833,-9.406810658832999,6.318095388147004,,8.0,US_REGULAR,POST_GATE_REGIME
long hyperliquid / short okx,hyperliquid,okx,2026-07-20 16:00:00.104000+00:00,6.19623e-05,0.0,-6.19623e-05,-0.6196229999999999,5.698472388147004,1.0,,US_REGULAR,POST_GATE_REGIME
long hyperliquid / short okx,hyperliquid,okx,2026-07-20 17:00:00.046000+00:00,3.4695e-06,0.0,-3.4695e-06,-0.034695,5.663777388147004,1.0,,US_REGULAR,POST_GATE_REGIME
long hyperliquid / short okx,hyperliquid,okx,2026-07-20 18:00:00.027000+00:00,-0.0001098492,0.0,0.0001098492,1.098492,6.762269388147004,1.0,,US_REGULAR,POST_GATE_REGIME
long hyperliquid / short okx,hyperliquid,okx,2026-07-20 19:00:00.035000+00:00,-0.0001310207,0.0,0.0001310207,1.310207,8.072476388147004,1.0,,US_REGULAR,POST_GATE_REGIME
long hyperliquid / short okx,hyperliquid,okx,2026-07-20 20:00:00.008000+00:00,-0.0001973298,0.0,0.0001973298,1.973298,10.045774388147004,1.0,,US_AFTER_HOURS,POST_GATE_REGIME
long hyperliquid / short okx,hyperliquid,okx,2026-07-20 21:00:00.006000+00:00,-0.0001334196,0.0,0.0001334196,1.3341960000000002,11.379970388147004,1.0,,US_AFTER_HOURS,POST_GATE_REGIME
long hyperliquid / short okx,hyperliquid,okx,2026-07-20 22:00:00.003000+00:00,-4.86277e-05,0.0,4.86277e-05,0.486277,11.866247388147004,1.0,,US_AFTER_HOURS,POST_GATE_REGIME
long hyperliquid / short okx,hyperliquid,okx,2026-07-20 23:00:00.048000+00:00,0.0001237952,0.0,-0.0001237952,-1.237952,10.628295388147004,1.0,,US_AFTER_HOURS,POST_GATE_REGIME
long hyperliquid / short okx,hyperliquid,okx,2026-07-21 00:00:00+00:00,0.0,0.0,0.0,0.0,10.628295388147004,,8.0,KRX_FULLY_CLOSED_PRE_US,POST_GATE_REGIME
long hyperliquid / short okx,hyperliquid,okx,2026-07-21 00:00:00.040000+00:00,0.0001142159,0.0,-0.0001142159,-1.142159,9.486136388147004,1.0,,KRX_FULLY_CLOSED_PRE_US,POST_GATE_REGIME
long hyperliquid / short okx,hyperliquid,okx,2026-07-21 01:00:00.005000+00:00,8.78528e-05,0.0,-8.78528e-05,-0.878528,8.607608388147005,1.0,,KRX_FULLY_CLOSED_PRE_US,POST_GATE_REGIME
long hyperliquid / short okx,hyperliquid,okx,2026-07-21 02:00:00.036000+00:00,6.25e-06,0.0,-6.25e-06,-0.0625,8.545108388147005,1.0,,KRX_FULLY_CLOSED_PRE_US,POST_GATE_REGIME
long hyperliquid / short okx,hyperliquid,okx,2026-07-21 03:00:00.030000+00:00,0.0001476351,0.0,-0.0001476351,-1.476351,7.068757388147005,1.0,,KRX_FULLY_CLOSED_PRE_US,POST_GATE_REGIME
long hyperliquid / short okx,hyperliquid,okx,2026-07-21 04:00:00.001000+00:00,5.6757e-05,0.0,-5.6757e-05,-0.56757,6.501187388147005,1.0,,KRX_FULLY_CLOSED_PRE_US,POST_GATE_REGIME
long hyperliquid / short okx,hyperliquid,okx,2026-07-21 05:00:00.004000+00:00,6.25e-06,0.0,-6.25e-06,-0.0625,6.438687388147005,1.0,,KRX_FULLY_CLOSED_PRE_US,POST_GATE_REGIME
long hyperliquid / short okx,hyperliquid,okx,2026-07-21 06:00:00.043000+00:00,6.91257e-05,0.0,-6.91257e-05,-0.6912569999999999,5.747430388147005,1.0,,PRE_CLOSE_BASELINE,POST_GATE_REGIME
long hyperliquid / short okx,hyperliquid,okx,2026-07-21 07:00:00.034000+00:00,-7.8665e-06,0.0,7.8665e-06,0.078665,5.826095388147005,1.0,,KRX_OFFICIAL_AFTER_HOURS,POST_GATE_REGIME
long hyperliquid / short okx,hyperliquid,okx,2026-07-21 08:00:00+00:00,0.0,0.0008897717497861,0.0008897717497861,8.897717497861,14.723812886008005,,8.0,KRX_OFFICIAL_AFTER_HOURS,POST_GATE_REGIME
long hyperliquid / short okx,hyperliquid,okx,2026-07-21 08:00:00.035000+00:00,0.0002088394,0.0,-0.0002088394,-2.088394,12.635418886008004,1.0,,KRX_OFFICIAL_AFTER_HOURS,POST_GATE_REGIME
long hyperliquid / short okx,hyperliquid,okx,2026-07-21 09:00:00.044000+00:00,0.0001967108,0.0,-0.0001967108,-1.967108,10.668310886008005,1.0,,KRX_FULLY_CLOSED_PRE_US,POST_GATE_REGIME
long hyperliquid / short okx,hyperliquid,okx,2026-07-21 10:00:00.032000+00:00,1.6442e-06,0.0,-1.6442e-06,-0.016442000000000002,10.651868886008005,1.0,,KRX_FULLY_CLOSED_PRE_US,POST_GATE_REGIME
long hyperliquid / short okx,hyperliquid,okx,2026-07-21 11:00:00.043000+00:00,2.52931e-05,0.0,-2.52931e-05,-0.252931,10.398937886008005,1.0,,KRX_FULLY_CLOSED_PRE_US,POST_GATE_REGIME
long hyperliquid / short okx,hyperliquid,okx,2026-07-21 12:00:00.029000+00:00,-6.63142e-05,0.0,6.63142e-05,0.663142,11.062079886008005,1.0,,KRX_FULLY_CLOSED_PRE_US,POST_GATE_REGIME
long hyperliquid / short okx,hyperliquid,okx,2026-07-21 13:00:00.025000+00:00,-5.06018e-05,0.0,5.06018e-05,0.506018,11.568097886008005,1.0,,KRX_FULLY_CLOSED_PRE_US,POST_GATE_REGIME
long hyperliquid / short okx,hyperliquid,okx,2026-07-21 14:00:00.062000+00:00,0.0002787525,0.0,-0.0002787525,-2.787525,8.780572886008004,1.0,,US_REGULAR,POST_GATE_REGIME
long hyperliquid / short okx,hyperliquid,okx,2026-07-21 15:00:00.021000+00:00,0.000232627,0.0,-0.000232627,-2.32627,6.454302886008004,1.0,,US_REGULAR,POST_GATE_REGIME
long hyperliquid / short okx,hyperliquid,okx,2026-07-21 16:00:00+00:00,0.0,0.0011616131276546,0.0011616131276546,11.616131276546,18.070434162554005,,8.0,US_REGULAR,POST_GATE_REGIME
long hyperliquid / short okx,hyperliquid,okx,2026-07-21 16:00:00.022000+00:00,0.0002466834,0.0,-0.0002466834,-2.466834,15.603600162554004,1.0,,US_REGULAR,POST_GATE_REGIME
long hyperliquid / short okx,hyperliquid,okx,2026-07-21 17:00:00.028000+00:00,0.0002477315,0.0,-0.0002477315,-2.477315,13.126285162554005,1.0,,US_REGULAR,POST_GATE_REGIME
long hyperliquid / short okx,hyperliquid,okx,2026-07-21 18:00:00.028000+00:00,0.0002239247,0.0,-0.0002239247,-2.2392469999999998,10.887038162554006,1.0,,US_REGULAR,POST_GATE_REGIME
long hyperliquid / short okx,hyperliquid,okx,2026-07-21 19:00:00.068000+00:00,4.89291e-05,0.0,-4.89291e-05,-0.489291,10.397747162554007,1.0,,US_REGULAR,POST_GATE_REGIME
long hyperliquid / short okx,hyperliquid,okx,2026-07-21 20:00:00.059000+00:00,6.25e-06,0.0,-6.25e-06,-0.0625,10.335247162554007,1.0,,US_AFTER_HOURS,POST_GATE_REGIME
long hyperliquid / short okx,hyperliquid,okx,2026-07-21 21:00:00.047000+00:00,0.0002137557,0.0,-0.0002137557,-2.137557,8.197690162554007,1.0,,US_AFTER_HOURS,POST_GATE_REGIME
long hyperliquid / short okx,hyperliquid,okx,2026-07-21 22:00:00.051000+00:00,0.0002811407,0.0,-0.0002811407,-2.811407,5.386283162554007,1.0,,US_AFTER_HOURS,POST_GATE_REGIME
long hyperliquid / short okx,hyperliquid,okx,2026-07-21 23:00:00.023000+00:00,-0.0001346425,0.0,0.0001346425,1.3464250000000002,6.732708162554007,1.0,,US_AFTER_HOURS,POST_GATE_REGIME
long hyperliquid / short okx,hyperliquid,okx,2026-07-22 00:00:00+00:00,0.0,0.0005027897230029,0.0005027897230029,5.027897230029,11.760605392583006,,8.0,KRX_FULLY_CLOSED_PRE_US,POST_GATE_REGIME
long hyperliquid / short okx,hyperliquid,okx,2026-07-22 00:00:00.025000+00:00,0.0001955694,0.0,-0.0001955694,-1.955694,9.804911392583007,1.0,,KRX_FULLY_CLOSED_PRE_US,POST_GATE_REGIME
long hyperliquid / short okx,hyperliquid,okx,2026-07-22 01:00:00.013000+00:00,-8.5126e-06,0.0,8.5126e-06,0.08512600000000001,9.890037392583007,1.0,,KRX_FULLY_CLOSED_PRE_US,POST_GATE_REGIME
long hyperliquid / short okx,hyperliquid,okx,2026-07-22 02:00:00.091000+00:00,-1.50561e-05,0.0,1.50561e-05,0.150561,10.040598392583007,1.0,,KRX_FULLY_CLOSED_PRE_US,POST_GATE_REGIME
long hyperliquid / short okx,hyperliquid,okx,2026-07-22 03:00:00.043000+00:00,6.25e-06,0.0,-6.25e-06,-0.0625,9.978098392583007,1.0,,KRX_FULLY_CLOSED_PRE_US,POST_GATE_REGIME
long hyperliquid / short okx,hyperliquid,okx,2026-07-22 04:00:00.052000+00:00,1.00317e-05,0.0,-1.00317e-05,-0.10031699999999999,9.877781392583007,1.0,,KRX_FULLY_CLOSED_PRE_US,POST_GATE_REGIME
long hyperliquid / short okx,hyperliquid,okx,2026-07-22 05:00:00.087000+00:00,2.51491e-05,0.0,-2.51491e-05,-0.251491,9.626290392583007,1.0,,KRX_FULLY_CLOSED_PRE_US,POST_GATE_REGIME
long hyperliquid / short okx,hyperliquid,okx,2026-07-22 06:00:00.048000+00:00,6.51903e-05,0.0,-6.51903e-05,-0.651903,8.974387392583006,1.0,,PRE_CLOSE_BASELINE,POST_GATE_REGIME
long hyperliquid / short okx,hyperliquid,okx,2026-07-22 07:00:00.019000+00:00,0.0001006291,0.0,-0.0001006291,-1.006291,7.968096392583006,1.0,,KRX_OFFICIAL_AFTER_HOURS,POST_GATE_REGIME
long hyperliquid / short okx,hyperliquid,okx,2026-07-22 08:00:00+00:00,0.0,0.0009239274241871,0.0009239274241871,9.239274241871,17.207370634454005,,8.0,KRX_OFFICIAL_AFTER_HOURS,POST_GATE_REGIME
long hyperliquid / short okx,hyperliquid,okx,2026-07-22 08:00:00.039000+00:00,6.92692e-05,0.0,-6.92692e-05,-0.6926920000000001,16.514678634454004,1.0,,KRX_OFFICIAL_AFTER_HOURS,POST_GATE_REGIME
long hyperliquid / short okx,hyperliquid,okx,2026-07-22 09:00:00.028000+00:00,6.25e-06,0.0,-6.25e-06,-0.0625,16.452178634454004,1.0,,KRX_FULLY_CLOSED_PRE_US,POST_GATE_REGIME
long hyperliquid / short okx,hyperliquid,okx,2026-07-22 10:00:00.025000+00:00,6.68522e-05,0.0,-6.68522e-05,-0.6685220000000001,15.783656634454005,1.0,,KRX_FULLY_CLOSED_PRE_US,POST_GATE_REGIME
long hyperliquid / short okx,hyperliquid,okx,2026-07-22 11:00:00.047000+00:00,0.00015643,0.0,-0.00015643,-1.5643,14.219356634454005,1.0,,KRX_FULLY_CLOSED_PRE_US,POST_GATE_REGIME
long hyperliquid / short okx,hyperliquid,okx,2026-07-22 12:00:00.037000+00:00,-2.04653e-05,0.0,2.04653e-05,0.20465299999999997,14.424009634454006,1.0,,KRX_FULLY_CLOSED_PRE_US,POST_GATE_REGIME
long hyperliquid / short okx,hyperliquid,okx,2026-07-22 13:00:00.052000+00:00,-8.9015e-05,0.0,8.9015e-05,0.89015,15.314159634454006,1.0,,KRX_FULLY_CLOSED_PRE_US,POST_GATE_REGIME
long hyperliquid / short okx,hyperliquid,okx,2026-07-22 14:00:00.038000+00:00,0.0004317929,0.0,-0.0004317929,-4.317929,10.996230634454005,1.0,,US_REGULAR,POST_GATE_REGIME
long hyperliquid / short okx,hyperliquid,okx,2026-07-22 15:00:00.018000+00:00,0.0002461753,0.0,-0.0002461753,-2.461753,8.534477634454005,1.0,,US_REGULAR,POST_GATE_REGIME
long hyperliquid / short okx,hyperliquid,okx,2026-07-22 16:00:00+00:00,0.0,0.001347564728786,0.001347564728786,13.47564728786,22.010124922314006,,8.0,US_REGULAR,POST_GATE_REGIME
long hyperliquid / short okx,hyperliquid,okx,2026-07-22 16:00:00.004000+00:00,0.0001717476,0.0,-0.0001717476,-1.717476,20.292648922314005,1.0,,US_REGULAR,POST_GATE_REGIME
long hyperliquid / short okx,hyperliquid,okx,2026-07-22 17:00:00.047000+00:00,0.0001190343,0.0,-0.0001190343,-1.1903430000000002,19.102305922314006,1.0,,US_REGULAR,POST_GATE_REGIME
long hyperliquid / short okx,hyperliquid,okx,2026-07-22 18:00:00.015000+00:00,-9.87794e-05,0.0,9.87794e-05,0.987794,20.090099922314007,1.0,,US_REGULAR,POST_GATE_REGIME
long hyperliquid / short okx,hyperliquid,okx,2026-07-22 19:00:00.007000+00:00,-9.5528e-05,0.0,9.5528e-05,0.95528,21.045379922314005,1.0,,US_REGULAR,POST_GATE_REGIME
long hyperliquid / short okx,hyperliquid,okx,2026-07-22 20:00:00.054000+00:00,6.25e-06,0.0,-6.25e-06,-0.0625,20.982879922314005,1.0,,US_AFTER_HOURS,POST_GATE_REGIME
long hyperliquid / short okx,hyperliquid,okx,2026-07-22 21:00:00.034000+00:00,0.000416244,0.0,-0.000416244,-4.16244,16.820439922314005,1.0,,US_AFTER_HOURS,POST_GATE_REGIME
long hyperliquid / short okx,hyperliquid,okx,2026-07-22 22:00:00.043000+00:00,0.0004473368,0.0,-0.0004473368,-4.473368,12.347071922314004,1.0,,US_AFTER_HOURS,POST_GATE_REGIME
long hyperliquid / short okx,hyperliquid,okx,2026-07-22 23:00:00.077000+00:00,-0.0002842418,0.0,0.0002842418,2.8424180000000003,15.189489922314005,1.0,,US_AFTER_HOURS,POST_GATE_REGIME
long okx / short binance,okx,binance,2026-06-10 08:00:00.001000+00:00,0.0,0.00463966,0.00463966,46.39660000000001,46.39660000000001,,8.0,KRX_OFFICIAL_AFTER_HOURS,PRE_GATE_REGIME
long okx / short binance,okx,binance,2026-06-10 16:00:00+00:00,0.0019356487673407,0.0,-0.0019356487673407,-19.356487673407,27.040112326593007,8.0,,US_REGULAR,PRE_GATE_REGIME
long okx / short binance,okx,binance,2026-06-10 16:00:00.001000+00:00,0.0,0.00017878,0.00017878,1.7877999999999998,28.827912326593008,,8.0,US_REGULAR,PRE_GATE_REGIME
long okx / short binance,okx,binance,2026-06-11 00:00:00+00:00,0.0001,0.0,-0.0001,-1.0,27.827912326593008,8.0,,KRX_FULLY_CLOSED_PRE_US,PRE_GATE_REGIME
long okx / short binance,okx,binance,2026-06-11 00:00:00.001000+00:00,0.0,-0.00220722,-0.00220722,-22.072200000000002,5.755712326593006,,8.0,KRX_FULLY_CLOSED_PRE_US,PRE_GATE_REGIME
long okx / short binance,okx,binance,2026-06-11 08:00:00+00:00,0.0009192531530412,0.0,-0.0009192531530412,-9.192531530412,-3.4368192038189935,8.0,,KRX_OFFICIAL_AFTER_HOURS,PRE_GATE_REGIME
long okx / short binance,okx,binance,2026-06-11 08:00:00.001000+00:00,0.0,0.0033825,0.0033825,33.825,30.38818079618101,,8.0,KRX_OFFICIAL_AFTER_HOURS,PRE_GATE_REGIME
long okx / short binance,okx,binance,2026-06-11 16:00:00+00:00,0.0013740512691226,0.0,-0.0013740512691226,-13.740512691226,16.64766810495501,8.0,,US_REGULAR,PRE_GATE_REGIME
long okx / short binance,okx,binance,2026-06-11 16:00:00.001000+00:00,0.0,5.254e-05,5.254e-05,0.5254,17.17306810495501,,8.0,US_REGULAR,PRE_GATE_REGIME
long okx / short binance,okx,binance,2026-06-12 00:00:00+00:00,0.0034807225215341,0.0,-0.0034807225215341,-34.807225215341,-17.63415711038599,8.0,,KRX_FULLY_CLOSED_PRE_US,PRE_GATE_REGIME
long okx / short binance,okx,binance,2026-06-12 00:00:00.001000+00:00,0.0,0.00216676,0.00216676,21.667600000000004,4.033442889614015,,8.0,KRX_FULLY_CLOSED_PRE_US,PRE_GATE_REGIME
long okx / short binance,okx,binance,2026-06-12 08:00:00+00:00,0.0019381198627843,0.0,-0.0019381198627843,-19.381198627843002,-15.347755738228987,8.0,,KRX_OFFICIAL_AFTER_HOURS,PRE_GATE_REGIME
long okx / short binance,okx,binance,2026-06-12 08:00:00.001000+00:00,0.0,0.00074851,0.00074851,7.4851,-7.862655738228987,,8.0,KRX_OFFICIAL_AFTER_HOURS,PRE_GATE_REGIME
long okx / short binance,okx,binance,2026-06-12 16:00:00+00:00,0.0014634088292809,0.0,-0.0014634088292809,-14.634088292809,-22.496744031037988,8.0,,KRX_HOLIDAY_OR_WEEKEND,PRE_GATE_REGIME
long okx / short binance,okx,binance,2026-06-12 16:00:00.001000+00:00,0.0,0.00091069,0.00091069,9.1069,-13.389844031037988,,8.0,KRX_HOLIDAY_OR_WEEKEND,PRE_GATE_REGIME
long okx / short binance,okx,binance,2026-06-13 00:00:00+00:00,0.0002885392580435,0.0,-0.0002885392580435,-2.885392580435,-16.275236611472987,8.0,,KRX_HOLIDAY_OR_WEEKEND,PRE_GATE_REGIME
long okx / short binance,okx,binance,2026-06-13 00:00:00.001000+00:00,0.0,0.0,0.0,0.0,-16.275236611472987,,8.0,KRX_HOLIDAY_OR_WEEKEND,PRE_GATE_REGIME
long okx / short binance,okx,binance,2026-06-13 08:00:00+00:00,0.0008035951931452,0.0,-0.0008035951931452,-8.035951931451999,-24.311188542924988,8.0,,KRX_HOLIDAY_OR_WEEKEND,PRE_GATE_REGIME
long okx / short binance,okx,binance,2026-06-13 08:00:00.001000+00:00,0.0,0.0,0.0,0.0,-24.311188542924988,,8.0,KRX_HOLIDAY_OR_WEEKEND,PRE_GATE_REGIME
long okx / short binance,okx,binance,2026-06-13 16:00:00+00:00,0.0005886972132113,0.0,-0.0005886972132113,-5.886972132113,-30.19816067503799,8.0,,KRX_HOLIDAY_OR_WEEKEND,PRE_GATE_REGIME
long okx / short binance,okx,binance,2026-06-13 16:00:00.001000+00:00,0.0,0.0,0.0,0.0,-30.19816067503799,,8.0,KRX_HOLIDAY_OR_WEEKEND,PRE_GATE_REGIME
long okx / short binance,okx,binance,2026-06-14 00:00:00+00:00,0.0002892595594409,0.0,-0.0002892595594409,-2.8925955944090003,-33.09075626944699,8.0,,KRX_HOLIDAY_OR_WEEKEND,PRE_GATE_REGIME
long okx / short binance,okx,binance,2026-06-14 00:00:00.001000+00:00,0.0,0.0,0.0,0.0,-33.09075626944699,,8.0,KRX_HOLIDAY_OR_WEEKEND,PRE_GATE_REGIME
long okx / short binance,okx,binance,2026-06-14 08:00:00+00:00,0.0006236325142695,0.0,-0.0006236325142695,-6.236325142695,-39.32708141214199,8.0,,KRX_HOLIDAY_OR_WEEKEND,PRE_GATE_REGIME
long okx / short binance,okx,binance,2026-06-14 08:00:00.001000+00:00,0.0,0.0,0.0,0.0,-39.32708141214199,,8.0,KRX_HOLIDAY_OR_WEEKEND,PRE_GATE_REGIME
long okx / short binance,okx,binance,2026-06-14 16:00:00+00:00,0.0001,0.0,-0.0001,-1.0,-40.32708141214199,8.0,,KRX_FULLY_CLOSED_PRE_US,PRE_GATE_REGIME
long okx / short binance,okx,binance,2026-06-14 16:00:00.001000+00:00,0.0,0.0,0.0,0.0,-40.32708141214199,,8.0,KRX_FULLY_CLOSED_PRE_US,PRE_GATE_REGIME
long okx / short binance,okx,binance,2026-06-15 00:00:00+00:00,0.0039529757881667,0.0,-0.0039529757881667,-39.529757881667,-79.856839293809,8.0,,KRX_FULLY_CLOSED_PRE_US,PRE_GATE_REGIME
long okx / short binance,okx,binance,2026-06-15 00:00:00.001000+00:00,0.0,0.00029335,0.00029335,2.9335,-76.92333929380901,,8.0,KRX_FULLY_CLOSED_PRE_US,PRE_GATE_REGIME
long okx / short binance,okx,binance,2026-06-15 08:00:00+00:00,0.0016440768836067,0.0,-0.0016440768836067,-16.440768836067,-93.364108129876,8.0,,KRX_OFFICIAL_AFTER_HOURS,PRE_GATE_REGIME
long okx / short binance,okx,binance,2026-06-15 08:00:00.002000+00:00,0.0,0.00342426,0.00342426,34.2426,-59.121508129876,,8.0,KRX_OFFICIAL_AFTER_HOURS,PRE_GATE_REGIME
long okx / short binance,okx,binance,2026-06-15 16:00:00+00:00,0.0015840759562979,0.0,-0.0015840759562979,-15.840759562978999,-74.962267692855,8.0,,US_REGULAR,PRE_GATE_REGIME
long okx / short binance,okx,binance,2026-06-15 16:00:00.001000+00:00,0.0,0.00097246,0.00097246,9.7246,-65.237667692855,,8.0,US_REGULAR,PRE_GATE_REGIME
long okx / short binance,okx,binance,2026-06-16 00:00:00+00:00,0.000622843921358,0.0,-0.000622843921358,-6.22843921358,-71.466106906435,8.0,,KRX_FULLY_CLOSED_PRE_US,PRE_GATE_REGIME
long okx / short binance,okx,binance,2026-06-16 00:00:00.001000+00:00,0.0,-0.00014432,-0.00014432,-1.4432,-72.909306906435,,8.0,KRX_FULLY_CLOSED_PRE_US,PRE_GATE_REGIME
long okx / short binance,okx,binance,2026-06-16 08:00:00+00:00,0.0004505154494673,0.0,-0.0004505154494673,-4.5051544946729996,-77.414461401108,8.0,,KRX_OFFICIAL_AFTER_HOURS,PRE_GATE_REGIME
long okx / short binance,okx,binance,2026-06-16 08:00:00.001000+00:00,0.0,0.00158824,0.00158824,15.8824,-61.532061401107995,,8.0,KRX_OFFICIAL_AFTER_HOURS,PRE_GATE_REGIME
long okx / short binance,okx,binance,2026-06-16 16:00:00+00:00,-0.0025562314489719,0.0,0.0025562314489719,25.562314489719,-35.969746911388995,8.0,,US_REGULAR,PRE_GATE_REGIME
long okx / short binance,okx,binance,2026-06-16 16:00:00.001000+00:00,0.0,-0.00248513,-0.00248513,-24.8513,-60.82104691138899,,8.0,US_REGULAR,PRE_GATE_REGIME
long okx / short binance,okx,binance,2026-06-17 00:00:00+00:00,0.0,0.0,0.0,0.0,-60.82104691138899,8.0,,KRX_FULLY_CLOSED_PRE_US,PRE_GATE_REGIME
long okx / short binance,okx,binance,2026-06-17 00:00:00.001000+00:00,0.0,0.0,0.0,0.0,-60.82104691138899,,8.0,KRX_FULLY_CLOSED_PRE_US,PRE_GATE_REGIME
long okx / short binance,okx,binance,2026-06-17 08:00:00+00:00,5.06862993576e-05,0.0,-5.06862993576e-05,-0.506862993576,-61.32790990496499,8.0,,KRX_OFFICIAL_AFTER_HOURS,PRE_GATE_REGIME
long okx / short binance,okx,binance,2026-06-17 08:00:00.001000+00:00,0.0,0.00159068,0.00159068,15.906799999999999,-45.42110990496499,,8.0,KRX_OFFICIAL_AFTER_HOURS,PRE_GATE_REGIME
long okx / short binance,okx,binance,2026-06-17 16:00:00+00:00,0.0024421929317287,0.0,-0.0024421929317287,-24.421929317287,-69.84303922225199,8.0,,US_REGULAR,PRE_GATE_REGIME
long okx / short binance,okx,binance,2026-06-17 16:00:00.001000+00:00,0.0,0.00116178,0.00116178,11.6178,-58.225239222251986,,8.0,US_REGULAR,PRE_GATE_REGIME
long okx / short binance,okx,binance,2026-06-18 00:00:00+00:00,0.0016113517402763,0.0,-0.0016113517402763,-16.113517402762998,-74.33875662501498,8.0,,KRX_FULLY_CLOSED_PRE_US,PRE_GATE_REGIME
long okx / short binance,okx,binance,2026-06-18 00:00:00.001000+00:00,0.0,0.0,0.0,0.0,-74.33875662501498,,8.0,KRX_FULLY_CLOSED_PRE_US,PRE_GATE_REGIME
long okx / short binance,okx,binance,2026-06-18 08:00:00+00:00,0.0005741045547092,0.0,-0.0005741045547092,-5.741045547092,-80.07980217210698,8.0,,KRX_OFFICIAL_AFTER_HOURS,PRE_GATE_REGIME
long okx / short binance,okx,binance,2026-06-18 08:00:00.001000+00:00,0.0,0.00072339,0.00072339,7.233899999999999,-72.84590217210697,,8.0,KRX_OFFICIAL_AFTER_HOURS,PRE_GATE_REGIME
long okx / short binance,okx,binance,2026-06-18 16:00:00+00:00,0.0018395966557539,0.0,-0.0018395966557539,-18.395966557539,-91.24186872964597,8.0,,US_REGULAR,PRE_GATE_REGIME
long okx / short binance,okx,binance,2026-06-18 16:00:00.001000+00:00,0.0,0.00146713,0.00146713,14.6713,-76.57056872964597,,8.0,US_REGULAR,PRE_GATE_REGIME
long okx / short binance,okx,binance,2026-06-19 00:00:00+00:00,0.0026097782764719,0.0,-0.0026097782764719,-26.097782764719003,-102.66835149436497,8.0,,KRX_FULLY_CLOSED_PRE_US,PRE_GATE_REGIME
long okx / short binance,okx,binance,2026-06-19 00:00:00.001000+00:00,0.0,0.00035242,0.00035242,3.5242,-99.14415149436498,,8.0,KRX_FULLY_CLOSED_PRE_US,PRE_GATE_REGIME
long okx / short binance,okx,binance,2026-06-19 08:00:00+00:00,0.0015857803121879,0.0,-0.0015857803121879,-15.857803121879,-115.00195461624398,8.0,,KRX_OFFICIAL_AFTER_HOURS,PRE_GATE_REGIME
long okx / short binance,okx,binance,2026-06-19 08:00:00.001000+00:00,0.0,0.00213117,0.00213117,21.3117,-93.69025461624398,,8.0,KRX_OFFICIAL_AFTER_HOURS,PRE_GATE_REGIME
long okx / short binance,okx,binance,2026-06-19 16:00:00+00:00,0.0013298647262704,0.0,-0.0013298647262704,-13.298647262704,-106.98890187894797,8.0,,KRX_HOLIDAY_OR_WEEKEND,PRE_GATE_REGIME
long okx / short binance,okx,binance,2026-06-19 16:00:00.001000+00:00,0.0,0.0,0.0,0.0,-106.98890187894797,,8.0,KRX_HOLIDAY_OR_WEEKEND,PRE_GATE_REGIME
long okx / short binance,okx,binance,2026-06-20 00:00:00+00:00,0.0025322950265775,0.0,-0.0025322950265775,-25.322950265775003,-132.31185214472296,8.0,,KRX_HOLIDAY_OR_WEEKEND,PRE_GATE_REGIME
long okx / short binance,okx,binance,2026-06-20 00:00:00.001000+00:00,0.0,0.00030862,0.00030862,3.0862000000000003,-129.22565214472297,,8.0,KRX_HOLIDAY_OR_WEEKEND,PRE_GATE_REGIME
long okx / short binance,okx,binance,2026-06-20 08:00:00+00:00,0.0019779787432786,0.0,-0.0019779787432786,-19.779787432786,-149.00543957750898,8.0,,KRX_HOLIDAY_OR_WEEKEND,PRE_GATE_REGIME
long okx / short binance,okx,binance,2026-06-20 08:00:00.001000+00:00,0.0,0.00111189,0.00111189,11.1189,-137.88653957750898,,8.0,KRX_HOLIDAY_OR_WEEKEND,PRE_GATE_REGIME
long okx / short binance,okx,binance,2026-06-20 16:00:00+00:00,0.0016179174334262,0.0,-0.0016179174334262,-16.179174334262,-154.06571391177098,8.0,,KRX_HOLIDAY_OR_WEEKEND,PRE_GATE_REGIME
long okx / short binance,okx,binance,2026-06-20 16:00:00.001000+00:00,0.0,0.00013607,0.00013607,1.3606999999999998,-152.70501391177098,,8.0,KRX_HOLIDAY_OR_WEEKEND,PRE_GATE_REGIME
long okx / short binance,okx,binance,2026-06-21 00:00:00+00:00,0.0012852036649441,0.0,-0.0012852036649441,-12.852036649440999,-165.55705056121198,8.0,,KRX_HOLIDAY_OR_WEEKEND,PRE_GATE_REGIME
long okx / short binance,okx,binance,2026-06-21 00:00:00.001000+00:00,0.0,0.0,0.0,0.0,-165.55705056121198,,8.0,KRX_HOLIDAY_OR_WEEKEND,PRE_GATE_REGIME
long okx / short binance,okx,binance,2026-06-21 08:00:00+00:00,0.0014237660192738,0.0,-0.0014237660192738,-14.237660192738,-179.79471075394997,8.0,,KRX_HOLIDAY_OR_WEEKEND,PRE_GATE_REGIME
long okx / short binance,okx,binance,2026-06-21 08:00:00.001000+00:00,0.0,6.6e-05,6.6e-05,0.66,-179.13471075394997,,8.0,KRX_HOLIDAY_OR_WEEKEND,PRE_GATE_REGIME
long okx / short binance,okx,binance,2026-06-21 16:00:00+00:00,0.0013408527991725,0.0,-0.0013408527991725,-13.408527991724998,-192.54323874567498,8.0,,KRX_FULLY_CLOSED_PRE_US,PRE_GATE_REGIME
long okx / short binance,okx,binance,2026-06-21 16:00:00.001000+00:00,0.0,0.0,0.0,0.0,-192.54323874567498,,8.0,KRX_FULLY_CLOSED_PRE_US,PRE_GATE_REGIME
long okx / short binance,okx,binance,2026-06-22 00:00:00+00:00,0.0018937362952074,0.0,-0.0018937362952074,-18.937362952074,-211.480601697749,8.0,,KRX_FULLY_CLOSED_PRE_US,PRE_GATE_REGIME
long okx / short binance,okx,binance,2026-06-22 00:00:00.001000+00:00,0.0,-0.00295553,-0.00295553,-29.5553,-241.03590169774898,,8.0,KRX_FULLY_CLOSED_PRE_US,PRE_GATE_REGIME
long okx / short binance,okx,binance,2026-06-22 08:00:00+00:00,0.0032551564150289,0.0,-0.0032551564150289,-32.551564150289,-273.587465848038,8.0,,KRX_OFFICIAL_AFTER_HOURS,PRE_GATE_REGIME
long okx / short binance,okx,binance,2026-06-22 08:00:00.001000+00:00,0.0,0.00402973,0.00402973,40.29729999999999,-233.290165848038,,8.0,KRX_OFFICIAL_AFTER_HOURS,PRE_GATE_REGIME
long okx / short binance,okx,binance,2026-06-22 16:00:00+00:00,0.0001821884397581,0.0,-0.0001821884397581,-1.8218843975810002,-235.11205024561897,8.0,,US_REGULAR,PRE_GATE_REGIME
long okx / short binance,okx,binance,2026-06-22 16:00:00.001000+00:00,0.0,0.0,0.0,0.0,-235.11205024561897,,8.0,US_REGULAR,PRE_GATE_REGIME
long okx / short binance,okx,binance,2026-06-23 00:00:00+00:00,0.0008995476822087,0.0,-0.0008995476822087,-8.995476822087,-244.10752706770597,8.0,,KRX_FULLY_CLOSED_PRE_US,PRE_GATE_REGIME
long okx / short binance,okx,binance,2026-06-23 00:00:00.001000+00:00,0.0,0.0,0.0,0.0,-244.10752706770597,,8.0,KRX_FULLY_CLOSED_PRE_US,PRE_GATE_REGIME
long okx / short binance,okx,binance,2026-06-23 08:00:00+00:00,0.0048822453571552,0.0,-0.0048822453571552,-48.822453571551996,-292.92998063925796,8.0,,KRX_OFFICIAL_AFTER_HOURS,PRE_GATE_REGIME
long okx / short binance,okx,binance,2026-06-23 08:00:00.002000+00:00,0.0,0.00580329,0.00580329,58.0329,-234.89708063925798,,8.0,KRX_OFFICIAL_AFTER_HOURS,PRE_GATE_REGIME
long okx / short binance,okx,binance,2026-06-23 16:00:00+00:00,0.0011357587507137,0.0,-0.0011357587507137,-11.357587507137,-246.25466814639498,8.0,,US_REGULAR,PRE_GATE_REGIME
long okx / short binance,okx,binance,2026-06-23 16:00:00.001000+00:00,0.0,0.00032709,0.00032709,3.2708999999999997,-242.98376814639497,,8.0,US_REGULAR,PRE_GATE_REGIME
long okx / short binance,okx,binance,2026-06-24 00:00:00+00:00,0.0002898004725902,0.0,-0.0002898004725902,-2.898004725902,-245.88177287229698,8.0,,KRX_FULLY_CLOSED_PRE_US,PRE_GATE_REGIME
long okx / short binance,okx,binance,2026-06-24 00:00:00.001000+00:00,0.0,0.0,0.0,0.0,-245.88177287229698,,8.0,KRX_FULLY_CLOSED_PRE_US,PRE_GATE_REGIME
long okx / short binance,okx,binance,2026-06-24 08:00:00+00:00,0.0023620266144993,0.0,-0.0023620266144993,-23.620266144993,-269.50203901729,8.0,,KRX_OFFICIAL_AFTER_HOURS,PRE_GATE_REGIME
long okx / short binance,okx,binance,2026-06-24 08:00:00.001000+00:00,0.0,0.00243107,0.00243107,24.3107,-245.19133901728998,,8.0,KRX_OFFICIAL_AFTER_HOURS,PRE_GATE_REGIME
long okx / short binance,okx,binance,2026-06-24 16:00:00+00:00,-0.0006367699176979,0.0,0.0006367699176979,6.367699176979,-238.823639840311,8.0,,US_REGULAR,PRE_GATE_REGIME
long okx / short binance,okx,binance,2026-06-24 16:00:00.001000+00:00,0.0,-0.00112959,-0.00112959,-11.2959,-250.11953984031098,,8.0,US_REGULAR,PRE_GATE_REGIME
long okx / short binance,okx,binance,2026-06-25 00:00:00+00:00,0.0050871457699901,0.0,-0.0050871457699901,-50.871457699901,-300.990997540212,8.0,,KRX_FULLY_CLOSED_PRE_US,PRE_GATE_REGIME
long okx / short binance,okx,binance,2026-06-25 00:00:00.002000+00:00,0.0,0.00603242,0.00603242,60.324200000000005,-240.66679754021197,,8.0,KRX_FULLY_CLOSED_PRE_US,PRE_GATE_REGIME
long okx / short binance,okx,binance,2026-06-25 08:00:00+00:00,0.0,0.0,0.0,0.0,-240.66679754021197,8.0,,KRX_OFFICIAL_AFTER_HOURS,PRE_GATE_REGIME
long okx / short binance,okx,binance,2026-06-25 08:00:00.001000+00:00,0.0,0.0,0.0,0.0,-240.66679754021197,,8.0,KRX_OFFICIAL_AFTER_HOURS,PRE_GATE_REGIME
long okx / short binance,okx,binance,2026-06-25 16:00:00+00:00,-0.0011279152892222,0.0,0.0011279152892222,11.279152892222,-229.38764464799,8.0,,US_REGULAR,PRE_GATE_REGIME
long okx / short binance,okx,binance,2026-06-25 16:00:00.001000+00:00,0.0,-0.00058133,-0.00058133,-5.8133,-235.20094464798999,,8.0,US_REGULAR,PRE_GATE_REGIME
long okx / short binance,okx,binance,2026-06-26 00:00:00+00:00,-0.0002386000549671,0.0,0.0002386000549671,2.386000549671,-232.814944098319,8.0,,KRX_FULLY_CLOSED_PRE_US,PRE_GATE_REGIME
long okx / short binance,okx,binance,2026-06-26 00:00:00.001000+00:00,0.0,-0.00036501,-0.00036501,-3.6500999999999997,-236.465044098319,,8.0,KRX_FULLY_CLOSED_PRE_US,PRE_GATE_REGIME
long okx / short binance,okx,binance,2026-06-26 08:00:00+00:00,0.002959805113862,0.0,-0.002959805113862,-29.59805113862,-266.063095236939,8.0,,KRX_OFFICIAL_AFTER_HOURS,PRE_GATE_REGIME
long okx / short binance,okx,binance,2026-06-26 08:00:00.002000+00:00,0.0,0.00458019,0.00458019,45.801899999999996,-220.261195236939,,8.0,KRX_OFFICIAL_AFTER_HOURS,PRE_GATE_REGIME
long okx / short binance,okx,binance,2026-06-26 16:00:00+00:00,0.0003187214112619,0.0,-0.0003187214112619,-3.1872141126190003,-223.44840934955798,8.0,,KRX_HOLIDAY_OR_WEEKEND,PRE_GATE_REGIME
long okx / short binance,okx,binance,2026-06-26 16:00:00.001000+00:00,0.0,0.00030982,0.00030982,3.0982,-220.35020934955799,,8.0,KRX_HOLIDAY_OR_WEEKEND,PRE_GATE_REGIME
long okx / short binance,okx,binance,2026-06-27 00:00:00+00:00,0.0,0.0,0.0,0.0,-220.35020934955799,8.0,,KRX_HOLIDAY_OR_WEEKEND,PRE_GATE_REGIME
long okx / short binance,okx,binance,2026-06-27 00:00:00.001000+00:00,0.0,0.0,0.0,0.0,-220.35020934955799,,8.0,KRX_HOLIDAY_OR_WEEKEND,PRE_GATE_REGIME
long okx / short binance,okx,binance,2026-06-27 08:00:00+00:00,0.0,0.0,0.0,0.0,-220.35020934955799,8.0,,KRX_HOLIDAY_OR_WEEKEND,PRE_GATE_REGIME
long okx / short binance,okx,binance,2026-06-27 08:00:00.001000+00:00,0.0,0.0,0.0,0.0,-220.35020934955799,,8.0,KRX_HOLIDAY_OR_WEEKEND,PRE_GATE_REGIME
long okx / short binance,okx,binance,2026-06-27 16:00:00+00:00,0.0,0.0,0.0,0.0,-220.35020934955799,8.0,,KRX_HOLIDAY_OR_WEEKEND,PRE_GATE_REGIME
long okx / short binance,okx,binance,2026-06-27 16:00:00.001000+00:00,0.0,0.0,0.0,0.0,-220.35020934955799,,8.0,KRX_HOLIDAY_OR_WEEKEND,PRE_GATE_REGIME
long okx / short binance,okx,binance,2026-06-28 00:00:00+00:00,0.0,0.0,0.0,0.0,-220.35020934955799,8.0,,KRX_HOLIDAY_OR_WEEKEND,PRE_GATE_REGIME
long okx / short binance,okx,binance,2026-06-28 00:00:00.002000+00:00,0.0,0.0,0.0,0.0,-220.35020934955799,,8.0,KRX_HOLIDAY_OR_WEEKEND,PRE_GATE_REGIME
long okx / short binance,okx,binance,2026-06-28 08:00:00+00:00,0.0004521932604946,0.0,-0.0004521932604946,-4.521932604946,-224.87214195450397,8.0,,KRX_HOLIDAY_OR_WEEKEND,PRE_GATE_REGIME
long okx / short binance,okx,binance,2026-06-28 08:00:00.002000+00:00,0.0,0.00012761,0.00012761,1.2761,-223.59604195450396,,8.0,KRX_HOLIDAY_OR_WEEKEND,PRE_GATE_REGIME
long okx / short binance,okx,binance,2026-06-28 16:00:00+00:00,0.0013402355099599,0.0,-0.0013402355099599,-13.402355099599,-236.99839705410295,8.0,,KRX_FULLY_CLOSED_PRE_US,PRE_GATE_REGIME
long okx / short binance,okx,binance,2026-06-28 16:00:00.001000+00:00,0.0,0.00039503,0.00039503,3.9503,-233.04809705410295,,8.0,KRX_FULLY_CLOSED_PRE_US,PRE_GATE_REGIME
long okx / short binance,okx,binance,2026-06-29 00:00:00+00:00,0.0016724562838117,0.0,-0.0016724562838117,-16.724562838117,-249.77265989221996,8.0,,KRX_FULLY_CLOSED_PRE_US,PRE_GATE_REGIME
long okx / short binance,okx,binance,2026-06-29 00:00:00.001000+00:00,0.0,-0.00157443,-0.00157443,-15.744299999999999,-265.51695989222,,8.0,KRX_FULLY_CLOSED_PRE_US,PRE_GATE_REGIME
long okx / short binance,okx,binance,2026-06-29 08:00:00+00:00,0.0030969090387396,0.0,-0.0030969090387396,-30.969090387396,-296.486050279616,8.0,,KRX_OFFICIAL_AFTER_HOURS,PRE_GATE_REGIME
long okx / short binance,okx,binance,2026-06-29 08:00:00.001000+00:00,0.0,0.00288018,0.00288018,28.8018,-267.684250279616,,8.0,KRX_OFFICIAL_AFTER_HOURS,PRE_GATE_REGIME
long okx / short binance,okx,binance,2026-06-29 16:00:00+00:00,-0.0003102854741496,0.0,0.0003102854741496,3.102854741496,-264.58139553812,8.0,,US_REGULAR,PRE_GATE_REGIME
long okx / short binance,okx,binance,2026-06-29 16:00:00.001000+00:00,0.0,-0.00129015,-0.00129015,-12.9015,-277.48289553812,,8.0,US_REGULAR,PRE_GATE_REGIME
long okx / short binance,okx,binance,2026-06-30 00:00:00+00:00,0.001450186809796,0.00023107,-0.001219116809796,-12.191168097959999,-289.67406363607995,8.0,8.0,KRX_FULLY_CLOSED_PRE_US,PRE_GATE_REGIME
long okx / short binance,okx,binance,2026-06-30 08:00:00+00:00,0.0003107255313745,0.00073258,0.00042185446862550005,4.218544686255001,-285.455518949825,8.0,8.0,KRX_OFFICIAL_AFTER_HOURS,PRE_GATE_REGIME
long okx / short binance,okx,binance,2026-06-30 16:00:00+00:00,0.000269433567782,0.0,-0.000269433567782,-2.69433567782,-288.14985462764497,8.0,,US_REGULAR,PRE_GATE_REGIME
long okx / short binance,okx,binance,2026-06-30 16:00:00.001000+00:00,0.0,0.00017477,0.00017477,1.7477,-286.40215462764496,,8.0,US_REGULAR,PRE_GATE_REGIME
long okx / short binance,okx,binance,2026-07-01 00:00:00+00:00,0.0007204153161978,0.0,-0.0007204153161978,-7.204153161978,-293.606307789623,8.0,8.0,KRX_FULLY_CLOSED_PRE_US,PRE_GATE_REGIME
long okx / short binance,okx,binance,2026-07-01 08:00:00+00:00,0.0030477979831705,0.0,-0.0030477979831705,-30.477979831705,-324.084287621328,8.0,,KRX_OFFICIAL_AFTER_HOURS,PRE_GATE_REGIME
long okx / short binance,okx,binance,2026-07-01 08:00:00.001000+00:00,0.0,0.00238242,0.00238242,23.8242,-300.26008762132795,,8.0,KRX_OFFICIAL_AFTER_HOURS,PRE_GATE_REGIME
long okx / short binance,okx,binance,2026-07-01 16:00:00+00:00,0.0002517207720973,0.0,-0.0002517207720973,-2.517207720973,-302.77729534230093,8.0,,US_REGULAR,PRE_GATE_REGIME
long okx / short binance,okx,binance,2026-07-01 16:00:00.001000+00:00,0.0,-0.00199192,-0.00199192,-19.9192,-322.6964953423009,,8.0,US_REGULAR,PRE_GATE_REGIME
long okx / short binance,okx,binance,2026-07-02 00:00:00+00:00,0.0,-0.0016916,-0.0016916,-16.916,-339.6124953423009,8.0,8.0,KRX_FULLY_CLOSED_PRE_US,PRE_GATE_REGIME
long okx / short binance,okx,binance,2026-07-02 08:00:00+00:00,0.0066093233823821,0.0,-0.0066093233823821,-66.09323382382101,-405.70572916612196,8.0,,KRX_OFFICIAL_AFTER_HOURS,PRE_GATE_REGIME
long okx / short binance,okx,binance,2026-07-02 08:00:00.001000+00:00,0.0,0.00534933,0.00534933,53.493300000000005,-352.212429166122,,8.0,KRX_OFFICIAL_AFTER_HOURS,PRE_GATE_REGIME
long okx / short binance,okx,binance,2026-07-02 16:00:00+00:00,-0.0004130743792072,0.0,0.0004130743792072,4.130743792072,-348.08168537405,8.0,,US_REGULAR,PRE_GATE_REGIME
long okx / short binance,okx,binance,2026-07-02 16:00:00.001000+00:00,0.0,-0.00149748,-0.00149748,-14.9748,-363.05648537405,,8.0,US_REGULAR,PRE_GATE_REGIME
long okx / short binance,okx,binance,2026-07-03 00:00:00+00:00,0.001695844768444,0.0,-0.001695844768444,-16.95844768444,-380.01493305849,8.0,,KRX_FULLY_CLOSED_PRE_US,PRE_GATE_REGIME
long okx / short binance,okx,binance,2026-07-03 00:00:00.001000+00:00,0.0,0.00074962,0.00074962,7.4962,-372.51873305849,,8.0,KRX_FULLY_CLOSED_PRE_US,PRE_GATE_REGIME
long okx / short binance,okx,binance,2026-07-03 08:00:00+00:00,-0.0012614043904869,0.0,0.0012614043904869,12.614043904869,-359.904689153621,8.0,,KRX_OFFICIAL_AFTER_HOURS,PRE_GATE_REGIME
long okx / short binance,okx,binance,2026-07-03 08:00:00.001000+00:00,0.0,0.00024412,0.00024412,2.4412,-357.463489153621,,8.0,KRX_OFFICIAL_AFTER_HOURS,PRE_GATE_REGIME
long okx / short binance,okx,binance,2026-07-03 16:00:00+00:00,0.0,0.0,0.0,0.0,-357.463489153621,8.0,,KRX_HOLIDAY_OR_WEEKEND,PRE_GATE_REGIME
long okx / short binance,okx,binance,2026-07-03 16:00:00.001000+00:00,0.0,0.0,0.0,0.0,-357.463489153621,,8.0,KRX_HOLIDAY_OR_WEEKEND,PRE_GATE_REGIME
long okx / short binance,okx,binance,2026-07-04 00:00:00+00:00,0.0009433653282703,0.0,-0.0009433653282703,-9.433653282703,-366.89714243632403,8.0,,KRX_HOLIDAY_OR_WEEKEND,PRE_GATE_REGIME
long okx / short binance,okx,binance,2026-07-04 00:00:00.001000+00:00,0.0,0.00054917,0.00054917,5.4917,-361.40544243632405,,8.0,KRX_HOLIDAY_OR_WEEKEND,PRE_GATE_REGIME
long okx / short binance,okx,binance,2026-07-04 08:00:00+00:00,0.0,0.0,0.0,0.0,-361.40544243632405,8.0,,KRX_HOLIDAY_OR_WEEKEND,PRE_GATE_REGIME
long okx / short binance,okx,binance,2026-07-04 08:00:00.001000+00:00,0.0,0.0,0.0,0.0,-361.40544243632405,,8.0,KRX_HOLIDAY_OR_WEEKEND,PRE_GATE_REGIME
long okx / short binance,okx,binance,2026-07-04 16:00:00+00:00,4.14577112607e-05,0.0,-4.14577112607e-05,-0.41457711260700003,-361.82001954893104,8.0,,KRX_HOLIDAY_OR_WEEKEND,PRE_GATE_REGIME
long okx / short binance,okx,binance,2026-07-04 16:00:00.001000+00:00,0.0,0.0,0.0,0.0,-361.82001954893104,,8.0,KRX_HOLIDAY_OR_WEEKEND,PRE_GATE_REGIME
long okx / short binance,okx,binance,2026-07-05 00:00:00+00:00,0.0007552342349299,0.0,-0.0007552342349299,-7.552342349299,-369.37236189823005,8.0,,KRX_HOLIDAY_OR_WEEKEND,PRE_GATE_REGIME
long okx / short binance,okx,binance,2026-07-05 00:00:00.002000+00:00,0.0,0.0,0.0,0.0,-369.37236189823005,,8.0,KRX_HOLIDAY_OR_WEEKEND,PRE_GATE_REGIME
long okx / short binance,okx,binance,2026-07-05 08:00:00+00:00,0.0,0.0,0.0,0.0,-369.37236189823005,8.0,,KRX_HOLIDAY_OR_WEEKEND,PRE_GATE_REGIME
long okx / short binance,okx,binance,2026-07-05 08:00:00.001000+00:00,0.0,0.0,0.0,0.0,-369.37236189823005,,8.0,KRX_HOLIDAY_OR_WEEKEND,PRE_GATE_REGIME
long okx / short binance,okx,binance,2026-07-05 16:00:00+00:00,0.0002156351084858,0.0,-0.0002156351084858,-2.156351084858,-371.52871298308804,8.0,,KRX_FULLY_CLOSED_PRE_US,PRE_GATE_REGIME
long okx / short binance,okx,binance,2026-07-05 16:00:00.001000+00:00,0.0,0.0,0.0,0.0,-371.52871298308804,,8.0,KRX_FULLY_CLOSED_PRE_US,PRE_GATE_REGIME
long okx / short binance,okx,binance,2026-07-06 00:00:00+00:00,0.000516723279894,0.0,-0.000516723279894,-5.16723279894,-376.69594578202805,8.0,,KRX_FULLY_CLOSED_PRE_US,PRE_GATE_REGIME
long okx / short binance,okx,binance,2026-07-06 00:00:00.001000+00:00,0.0,0.0,0.0,0.0,-376.69594578202805,,8.0,KRX_FULLY_CLOSED_PRE_US,PRE_GATE_REGIME
long okx / short binance,okx,binance,2026-07-06 08:00:00+00:00,0.0017315107716999,0.0,-0.0017315107716999,-17.315107716999,-394.01105349902707,8.0,,KRX_OFFICIAL_AFTER_HOURS,PRE_GATE_REGIME
long okx / short binance,okx,binance,2026-07-06 08:00:00.001000+00:00,0.0,0.00247467,0.00247467,24.7467,-369.2643534990271,,8.0,KRX_OFFICIAL_AFTER_HOURS,PRE_GATE_REGIME
long okx / short binance,okx,binance,2026-07-06 16:00:00+00:00,0.0005999915190746,0.0,-0.0005999915190746,-5.999915190745999,-375.2642686897731,8.0,,US_REGULAR,PRE_GATE_REGIME
long okx / short binance,okx,binance,2026-07-06 16:00:00.001000+00:00,0.0,0.0,0.0,0.0,-375.2642686897731,,8.0,US_REGULAR,PRE_GATE_REGIME
long okx / short binance,okx,binance,2026-07-07 00:00:00+00:00,0.0,0.0,0.0,0.0,-375.2642686897731,8.0,,KRX_FULLY_CLOSED_PRE_US,PRE_GATE_REGIME
long okx / short binance,okx,binance,2026-07-07 00:00:00.001000+00:00,0.0,-0.00187311,-0.00187311,-18.7311,-393.9953686897731,,8.0,KRX_FULLY_CLOSED_PRE_US,PRE_GATE_REGIME
long okx / short binance,okx,binance,2026-07-07 08:00:00+00:00,0.0050692334577689,0.0,-0.0050692334577689,-50.692334577689,-444.6877032674621,8.0,,KRX_OFFICIAL_AFTER_HOURS,PRE_GATE_REGIME
long okx / short binance,okx,binance,2026-07-07 08:00:00.001000+00:00,0.0,0.00661515,0.00661515,66.1515,-378.5362032674621,,8.0,KRX_OFFICIAL_AFTER_HOURS,PRE_GATE_REGIME
long okx / short binance,okx,binance,2026-07-07 16:00:00+00:00,0.0,0.0,0.0,0.0,-378.5362032674621,8.0,,US_REGULAR,PRE_GATE_REGIME
long okx / short binance,okx,binance,2026-07-07 16:00:00.001000+00:00,0.0,-0.00087944,-0.00087944,-8.7944,-387.3306032674621,,8.0,US_REGULAR,PRE_GATE_REGIME
long okx / short binance,okx,binance,2026-07-08 00:00:00+00:00,0.0,0.0,0.0,0.0,-387.3306032674621,8.0,,KRX_FULLY_CLOSED_PRE_US,PRE_GATE_REGIME
long okx / short binance,okx,binance,2026-07-08 00:00:00.002000+00:00,0.0,-0.00176129,-0.00176129,-17.6129,-404.9435032674621,,8.0,KRX_FULLY_CLOSED_PRE_US,PRE_GATE_REGIME
long okx / short binance,okx,binance,2026-07-08 08:00:00+00:00,0.0038486519117764,0.0,-0.0038486519117764,-38.486519117764,-443.4300223852261,8.0,,KRX_OFFICIAL_AFTER_HOURS,PRE_GATE_REGIME
long okx / short binance,okx,binance,2026-07-08 08:00:00.001000+00:00,0.0,0.00386943,0.00386943,38.6943,-404.7357223852261,,8.0,KRX_OFFICIAL_AFTER_HOURS,PRE_GATE_REGIME
long okx / short binance,okx,binance,2026-07-08 16:00:00+00:00,0.0013174347143984,0.0,-0.0013174347143984,-13.174347143983999,-417.9100695292101,8.0,,US_REGULAR,PRE_GATE_REGIME
long okx / short binance,okx,binance,2026-07-08 16:00:00.001000+00:00,0.0,0.00139656,0.00139656,13.9656,-403.9444695292101,,8.0,US_REGULAR,PRE_GATE_REGIME
long okx / short binance,okx,binance,2026-07-09 00:00:00+00:00,0.0009632616582105,0.0,-0.0009632616582105,-9.632616582105,-413.5770861113151,8.0,,KRX_FULLY_CLOSED_PRE_US,PRE_GATE_REGIME
long okx / short binance,okx,binance,2026-07-09 00:00:00.001000+00:00,0.0,0.00102242,0.00102242,10.2242,-403.3528861113151,,8.0,KRX_FULLY_CLOSED_PRE_US,PRE_GATE_REGIME
long okx / short binance,okx,binance,2026-07-09 08:00:00+00:00,0.003230774499799,0.0,-0.003230774499799,-32.30774499799,-435.6606311093051,8.0,,KRX_OFFICIAL_AFTER_HOURS,PRE_GATE_REGIME
long okx / short binance,okx,binance,2026-07-09 08:00:00.001000+00:00,0.0,0.00473872,0.00473872,47.3872,-388.2734311093051,,8.0,KRX_OFFICIAL_AFTER_HOURS,PRE_GATE_REGIME
long okx / short binance,okx,binance,2026-07-09 16:00:00+00:00,0.000949839899681,0.0,-0.000949839899681,-9.49839899681,-397.7718301061151,8.0,,US_REGULAR,PRE_GATE_REGIME
long okx / short binance,okx,binance,2026-07-09 16:00:00.001000+00:00,0.0,0.00112086,0.00112086,11.2086,-386.5632301061151,,8.0,US_REGULAR,PRE_GATE_REGIME
long okx / short binance,okx,binance,2026-07-10 00:00:00+00:00,0.0010868123110623,0.0,-0.0010868123110623,-10.868123110623,-397.4313532167381,8.0,,KRX_FULLY_CLOSED_PRE_US,PRE_GATE_REGIME
long okx / short binance,okx,binance,2026-07-10 00:00:00.001000+00:00,0.0,0.0,0.0,0.0,-397.4313532167381,,8.0,KRX_FULLY_CLOSED_PRE_US,PRE_GATE_REGIME
long okx / short binance,okx,binance,2026-07-10 08:00:00+00:00,0.003338389115287,0.0,-0.003338389115287,-33.38389115287,-430.8152443696081,8.0,,KRX_OFFICIAL_AFTER_HOURS,PRE_GATE_REGIME
long okx / short binance,okx,binance,2026-07-10 08:00:00.001000+00:00,0.0,0.00317264,0.00317264,31.7264,-399.08884436960807,,8.0,KRX_OFFICIAL_AFTER_HOURS,PRE_GATE_REGIME
long okx / short binance,okx,binance,2026-07-10 16:00:00+00:00,0.0016407940741556,0.0,-0.0016407940741556,-16.407940741556,-415.49678511116406,8.0,,KRX_HOLIDAY_OR_WEEKEND,PRE_GATE_REGIME
long okx / short binance,okx,binance,2026-07-10 16:00:00.001000+00:00,0.0,0.0,0.0,0.0,-415.49678511116406,,8.0,KRX_HOLIDAY_OR_WEEKEND,PRE_GATE_REGIME
long okx / short binance,okx,binance,2026-07-11 00:00:00+00:00,0.0,0.0,0.0,0.0,-415.49678511116406,8.0,,KRX_HOLIDAY_OR_WEEKEND,PRE_GATE_REGIME
long okx / short binance,okx,binance,2026-07-11 00:00:00.001000+00:00,0.0,0.0,0.0,0.0,-415.49678511116406,,8.0,KRX_HOLIDAY_OR_WEEKEND,PRE_GATE_REGIME
long okx / short binance,okx,binance,2026-07-11 08:00:00+00:00,9.0284932114e-05,0.0,-9.0284932114e-05,-0.90284932114,-416.3996344323041,8.0,,KRX_HOLIDAY_OR_WEEKEND,PRE_GATE_REGIME
long okx / short binance,okx,binance,2026-07-11 08:00:00.001000+00:00,0.0,0.0,0.0,0.0,-416.3996344323041,,8.0,KRX_HOLIDAY_OR_WEEKEND,PRE_GATE_REGIME
long okx / short binance,okx,binance,2026-07-11 16:00:00+00:00,0.0,0.0,0.0,0.0,-416.3996344323041,8.0,,KRX_HOLIDAY_OR_WEEKEND,PRE_GATE_REGIME
long okx / short binance,okx,binance,2026-07-11 16:00:00.001000+00:00,0.0,0.0,0.0,0.0,-416.3996344323041,,8.0,KRX_HOLIDAY_OR_WEEKEND,PRE_GATE_REGIME
long okx / short binance,okx,binance,2026-07-12 00:00:00+00:00,0.0,0.0,0.0,0.0,-416.3996344323041,8.0,,KRX_HOLIDAY_OR_WEEKEND,PRE_GATE_REGIME
long okx / short binance,okx,binance,2026-07-12 00:00:00.001000+00:00,0.0,-2.293e-05,-2.293e-05,-0.2293,-416.6289344323041,,8.0,KRX_HOLIDAY_OR_WEEKEND,PRE_GATE_REGIME
long okx / short binance,okx,binance,2026-07-12 08:00:00+00:00,0.0003451988894361,0.0,-0.0003451988894361,-3.451988894361,-420.08092332666513,8.0,,KRX_HOLIDAY_OR_WEEKEND,PRE_GATE_REGIME
long okx / short binance,okx,binance,2026-07-12 08:00:00.001000+00:00,0.0,0.0,0.0,0.0,-420.08092332666513,,8.0,KRX_HOLIDAY_OR_WEEKEND,PRE_GATE_REGIME
long okx / short binance,okx,binance,2026-07-12 16:00:00+00:00,0.0,0.0,0.0,0.0,-420.08092332666513,8.0,,KRX_FULLY_CLOSED_PRE_US,PRE_GATE_REGIME
long okx / short binance,okx,binance,2026-07-12 16:00:00.001000+00:00,0.0,0.0,0.0,0.0,-420.08092332666513,,8.0,KRX_FULLY_CLOSED_PRE_US,PRE_GATE_REGIME
long okx / short binance,okx,binance,2026-07-13 00:00:00+00:00,0.0006511640660213,0.0,-0.0006511640660213,-6.511640660213,-426.59256398687813,8.0,,KRX_FULLY_CLOSED_PRE_US,PRE_GATE_REGIME
long okx / short binance,okx,binance,2026-07-13 00:00:00.001000+00:00,0.0,-0.00226626,-0.00226626,-22.6626,-449.25516398687813,,8.0,KRX_FULLY_CLOSED_PRE_US,PRE_GATE_REGIME
long okx / short binance,okx,binance,2026-07-13 08:00:00+00:00,0.01,0.0,-0.01,-100.0,-549.2551639868782,8.0,,KRX_OFFICIAL_AFTER_HOURS,PRE_GATE_REGIME
long okx / short binance,okx,binance,2026-07-13 08:00:00.001000+00:00,0.0,0.005,0.005,50.0,-499.2551639868782,,8.0,KRX_OFFICIAL_AFTER_HOURS,PRE_GATE_REGIME
long okx / short binance,okx,binance,2026-07-13 12:00:00+00:00,0.002816412986938,0.0,-0.002816412986938,-28.164129869379998,-527.4192938562582,4.0,,KRX_FULLY_CLOSED_PRE_US,PRE_GATE_REGIME
long okx / short binance,okx,binance,2026-07-13 16:00:00+00:00,0.0001315640607997,0.0,-0.0001315640607997,-1.315640607997,-528.7349344642552,4.0,,US_REGULAR,PRE_GATE_REGIME
long okx / short binance,okx,binance,2026-07-13 16:00:00.001000+00:00,0.0,0.0,0.0,0.0,-528.7349344642552,,8.0,US_REGULAR,PRE_GATE_REGIME
long okx / short binance,okx,binance,2026-07-13 20:00:00+00:00,0.0,0.0,0.0,0.0,-528.7349344642552,4.0,,US_AFTER_HOURS,PRE_GATE_REGIME
long okx / short binance,okx,binance,2026-07-14 00:00:00+00:00,0.0016455377782937,0.0,-0.0016455377782937,-16.455377782937,-545.1903122471922,4.0,,KRX_FULLY_CLOSED_PRE_US,PRE_GATE_REGIME
long okx / short binance,okx,binance,2026-07-14 00:00:00.002000+00:00,0.0,-0.00108201,-0.00108201,-10.8201,-556.0104122471922,,8.0,KRX_FULLY_CLOSED_PRE_US,PRE_GATE_REGIME
long okx / short binance,okx,binance,2026-07-14 04:00:00+00:00,0.0051280565781914,0.0,-0.0051280565781914,-51.280565781914,-607.2909780291062,4.0,,KRX_FULLY_CLOSED_PRE_US,PRE_GATE_REGIME
long okx / short binance,okx,binance,2026-07-14 08:00:00+00:00,0.0001059672777074,0.0,-0.0001059672777074,-1.059672777074,-608.3506508061802,4.0,,KRX_OFFICIAL_AFTER_HOURS,PRE_GATE_REGIME
long okx / short binance,okx,binance,2026-07-14 08:00:00.001000+00:00,0.0,0.005,0.005,50.0,-558.3506508061802,,8.0,KRX_OFFICIAL_AFTER_HOURS,PRE_GATE_REGIME
long okx / short binance,okx,binance,2026-07-14 12:00:00+00:00,0.0,0.0,0.0,0.0,-558.3506508061802,4.0,,KRX_FULLY_CLOSED_PRE_US,PRE_GATE_REGIME
long okx / short binance,okx,binance,2026-07-14 16:00:00+00:00,0.0007676674458997,0.0,-0.0007676674458997,-7.676674458997,-566.0273252651772,4.0,,US_REGULAR,PRE_GATE_REGIME
long okx / short binance,okx,binance,2026-07-14 16:00:00.001000+00:00,0.0,0.00192162,0.00192162,19.2162,-546.8111252651772,,8.0,US_REGULAR,PRE_GATE_REGIME
long okx / short binance,okx,binance,2026-07-14 20:00:00.001000+00:00,0.0,0.00133532,0.00133532,13.353200000000001,-533.4579252651772,,4.0,US_AFTER_HOURS,PRE_GATE_REGIME
long okx / short binance,okx,binance,2026-07-15 00:00:00+00:00,0.0,0.0,0.0,0.0,-533.4579252651772,8.0,,KRX_FULLY_CLOSED_PRE_US,PRE_GATE_REGIME
long okx / short binance,okx,binance,2026-07-15 00:00:00.001000+00:00,0.0,0.00171193,0.00171193,17.1193,-516.3386252651773,,4.0,KRX_FULLY_CLOSED_PRE_US,PRE_GATE_REGIME
long okx / short binance,okx,binance,2026-07-15 04:00:00.001000+00:00,0.0,-0.00023997,-0.00023997,-2.3997,-518.7383252651773,,4.0,KRX_FULLY_CLOSED_PRE_US,PRE_GATE_REGIME
long okx / short binance,okx,binance,2026-07-15 08:00:00+00:00,-0.0005781503215192,0.0,0.0005781503215192,5.781503215192,-512.9568220499854,8.0,,KRX_OFFICIAL_AFTER_HOURS,PRE_GATE_REGIME
long okx / short binance,okx,binance,2026-07-15 08:00:00.001000+00:00,0.0,-0.00100191,-0.00100191,-10.0191,-522.9759220499853,,4.0,KRX_OFFICIAL_AFTER_HOURS,PRE_GATE_REGIME
long okx / short binance,okx,binance,2026-07-15 12:00:00.002000+00:00,0.0,0.0,0.0,0.0,-522.9759220499853,,4.0,KRX_FULLY_CLOSED_PRE_US,PRE_GATE_REGIME
long okx / short binance,okx,binance,2026-07-15 16:00:00+00:00,-0.002398100578228,0.0,0.002398100578228,23.98100578228,-498.9949162677053,8.0,,US_REGULAR,PRE_GATE_REGIME
long okx / short binance,okx,binance,2026-07-15 16:00:00.001000+00:00,0.0,-0.00196477,-0.00196477,-19.647699999999997,-518.6426162677053,,4.0,US_REGULAR,PRE_GATE_REGIME
long okx / short binance,okx,binance,2026-07-15 20:00:00.001000+00:00,0.0,0.00064739,0.00064739,6.4738999999999995,-512.1687162677053,,4.0,US_AFTER_HOURS,PRE_GATE_REGIME
long okx / short binance,okx,binance,2026-07-16 00:00:00+00:00,0.0004234607569565,0.0,-0.0004234607569565,-4.234607569565,-516.4033238372704,8.0,,KRX_FULLY_CLOSED_PRE_US,GATE_REGIME_20260716_19
long okx / short binance,okx,binance,2026-07-16 00:00:00.001000+00:00,0.0,-0.00129085,-0.00129085,-12.9085,-529.3118238372704,,4.0,KRX_FULLY_CLOSED_PRE_US,GATE_REGIME_20260716_19
long okx / short binance,okx,binance,2026-07-16 04:00:00.001000+00:00,0.0,0.00168949,0.00168949,16.8949,-512.4169238372704,,4.0,KRX_FULLY_CLOSED_PRE_US,GATE_REGIME_20260716_19
long okx / short binance,okx,binance,2026-07-16 08:00:00+00:00,0.0010526768859222,0.0,-0.0010526768859222,-10.526768859221999,-522.9436926964923,8.0,,KRX_OFFICIAL_AFTER_HOURS,GATE_REGIME_20260716_19
long okx / short binance,okx,binance,2026-07-16 08:00:00.002000+00:00,0.0,0.00034557,0.00034557,3.4557,-519.4879926964924,,4.0,KRX_OFFICIAL_AFTER_HOURS,GATE_REGIME_20260716_19
long okx / short binance,okx,binance,2026-07-16 12:00:00.001000+00:00,0.0,-9.577e-05,-9.577e-05,-0.9577,-520.4456926964924,,4.0,KRX_FULLY_CLOSED_PRE_US,GATE_REGIME_20260716_19
long okx / short binance,okx,binance,2026-07-16 16:00:00+00:00,-0.0003419234925896,0.0,0.0003419234925896,3.419234925896,-517.0264577705964,8.0,,US_REGULAR,GATE_REGIME_20260716_19
long okx / short binance,okx,binance,2026-07-16 16:00:00.001000+00:00,0.0,-0.00042886,-0.00042886,-4.2886,-521.3150577705964,,4.0,US_REGULAR,GATE_REGIME_20260716_19
long okx / short binance,okx,binance,2026-07-16 20:00:00.001000+00:00,0.0,-0.0009732,-0.0009732,-9.732,-531.0470577705963,,4.0,US_AFTER_HOURS,GATE_REGIME_20260716_19
long okx / short binance,okx,binance,2026-07-17 00:00:00+00:00,-0.0003075354478243,0.0,0.0003075354478243,3.075354478243,-527.9717032923534,8.0,,KRX_FULLY_CLOSED_PRE_US,GATE_REGIME_20260716_19
long okx / short binance,okx,binance,2026-07-17 00:00:00.001000+00:00,0.0,-0.00092102,-0.00092102,-9.2102,-537.1819032923534,,4.0,KRX_FULLY_CLOSED_PRE_US,GATE_REGIME_20260716_19
long okx / short binance,okx,binance,2026-07-17 04:00:00.001000+00:00,0.0,6.403e-05,6.403e-05,0.6403,-536.5416032923533,,4.0,KRX_FULLY_CLOSED_PRE_US,GATE_REGIME_20260716_19
long okx / short binance,okx,binance,2026-07-17 08:00:00+00:00,-0.000991233185432,0.0,0.000991233185432,9.91233185432,-526.6292714380334,8.0,,KRX_OFFICIAL_AFTER_HOURS,GATE_REGIME_20260716_19
long okx / short binance,okx,binance,2026-07-17 08:00:00.001000+00:00,0.0,-0.00143406,-0.00143406,-14.3406,-540.9698714380334,,4.0,KRX_OFFICIAL_AFTER_HOURS,GATE_REGIME_20260716_19
long okx / short binance,okx,binance,2026-07-17 12:00:00.001000+00:00,0.0,0.00041051,0.00041051,4.1051,-536.8647714380334,,4.0,KRX_FULLY_CLOSED_PRE_US,GATE_REGIME_20260716_19
long okx / short binance,okx,binance,2026-07-17 16:00:00+00:00,0.0025749198720348,0.0,-0.0025749198720348,-25.749198720348,-562.6139701583813,8.0,,KRX_HOLIDAY_OR_WEEKEND,GATE_REGIME_20260716_19
long okx / short binance,okx,binance,2026-07-17 16:00:00.001000+00:00,0.0,0.00150611,0.00150611,15.0611,-547.5528701583813,,4.0,KRX_HOLIDAY_OR_WEEKEND,GATE_REGIME_20260716_19
long okx / short binance,okx,binance,2026-07-17 20:00:00.001000+00:00,0.0,-0.00094887,-0.00094887,-9.4887,-557.0415701583813,,4.0,KRX_HOLIDAY_OR_WEEKEND,GATE_REGIME_20260716_19
long okx / short binance,okx,binance,2026-07-18 00:00:00+00:00,-0.0010755220213551,0.0,0.0010755220213551,10.755220213551,-546.2863499448304,8.0,,KRX_HOLIDAY_OR_WEEKEND,GATE_REGIME_20260716_19
long okx / short binance,okx,binance,2026-07-18 00:00:00.001000+00:00,0.0,0.0,0.0,0.0,-546.2863499448304,,4.0,KRX_HOLIDAY_OR_WEEKEND,GATE_REGIME_20260716_19
long okx / short binance,okx,binance,2026-07-18 04:00:00.002000+00:00,0.0,0.0,0.0,0.0,-546.2863499448304,,4.0,KRX_HOLIDAY_OR_WEEKEND,GATE_REGIME_20260716_19
long okx / short binance,okx,binance,2026-07-18 08:00:00+00:00,0.0,0.0,0.0,0.0,-546.2863499448304,8.0,,KRX_HOLIDAY_OR_WEEKEND,GATE_REGIME_20260716_19
long okx / short binance,okx,binance,2026-07-18 08:00:00.001000+00:00,0.0,0.0,0.0,0.0,-546.2863499448304,,4.0,KRX_HOLIDAY_OR_WEEKEND,GATE_REGIME_20260716_19
long okx / short binance,okx,binance,2026-07-18 12:00:00.001000+00:00,0.0,0.0,0.0,0.0,-546.2863499448304,,4.0,KRX_HOLIDAY_OR_WEEKEND,GATE_REGIME_20260716_19
long okx / short binance,okx,binance,2026-07-18 16:00:00+00:00,-9.64154034267e-05,0.0,9.64154034267e-05,0.964154034267,-545.3221959105633,8.0,,KRX_HOLIDAY_OR_WEEKEND,GATE_REGIME_20260716_19
long okx / short binance,okx,binance,2026-07-18 16:00:00.001000+00:00,0.0,-4.143e-05,-4.143e-05,-0.4143,-545.7364959105633,,4.0,KRX_HOLIDAY_OR_WEEKEND,GATE_REGIME_20260716_19
long okx / short binance,okx,binance,2026-07-18 20:00:00.001000+00:00,0.0,0.0,0.0,0.0,-545.7364959105633,,4.0,KRX_HOLIDAY_OR_WEEKEND,GATE_REGIME_20260716_19
long okx / short binance,okx,binance,2026-07-19 00:00:00+00:00,0.0,0.0,0.0,0.0,-545.7364959105633,8.0,,KRX_HOLIDAY_OR_WEEKEND,GATE_REGIME_20260716_19
long okx / short binance,okx,binance,2026-07-19 00:00:00.001000+00:00,0.0,0.0,0.0,0.0,-545.7364959105633,,4.0,KRX_HOLIDAY_OR_WEEKEND,GATE_REGIME_20260716_19
long okx / short binance,okx,binance,2026-07-19 04:00:00.001000+00:00,0.0,0.0,0.0,0.0,-545.7364959105633,,4.0,KRX_HOLIDAY_OR_WEEKEND,GATE_REGIME_20260716_19
long okx / short binance,okx,binance,2026-07-19 08:00:00+00:00,0.0005695173844014,0.0,-0.0005695173844014,-5.695173844014,-551.4316697545773,8.0,,KRX_HOLIDAY_OR_WEEKEND,GATE_REGIME_20260716_19
long okx / short binance,okx,binance,2026-07-19 08:00:00.001000+00:00,0.0,8.177e-05,8.177e-05,0.8177,-550.6139697545774,,4.0,KRX_HOLIDAY_OR_WEEKEND,GATE_REGIME_20260716_19
long okx / short binance,okx,binance,2026-07-19 12:00:00.001000+00:00,0.0,-0.00014976,-0.00014976,-1.4976,-552.1115697545774,,4.0,KRX_HOLIDAY_OR_WEEKEND,GATE_REGIME_20260716_19
long okx / short binance,okx,binance,2026-07-19 16:00:00+00:00,0.0,0.0,0.0,0.0,-552.1115697545774,8.0,,KRX_FULLY_CLOSED_PRE_US,GATE_REGIME_20260716_19
long okx / short binance,okx,binance,2026-07-19 16:00:00.001000+00:00,0.0,0.0,0.0,0.0,-552.1115697545774,,4.0,KRX_FULLY_CLOSED_PRE_US,GATE_REGIME_20260716_19
long okx / short binance,okx,binance,2026-07-19 20:00:00.001000+00:00,0.0,0.00020692,0.00020692,2.0692,-550.0423697545774,,4.0,KRX_FULLY_CLOSED_PRE_US,GATE_REGIME_20260716_19
long okx / short binance,okx,binance,2026-07-20 00:00:00+00:00,0.0010995922466155,0.0,-0.0010995922466155,-10.995922466155001,-561.0382922207324,8.0,,KRX_FULLY_CLOSED_PRE_US,POST_GATE_REGIME
long okx / short binance,okx,binance,2026-07-20 00:00:00.002000+00:00,0.0,-0.00031583,-0.00031583,-3.1583,-564.1965922207324,,4.0,KRX_FULLY_CLOSED_PRE_US,POST_GATE_REGIME
long okx / short binance,okx,binance,2026-07-20 04:00:00.001000+00:00,0.0,0.00166537,0.00166537,16.6537,-547.5428922207325,,4.0,KRX_FULLY_CLOSED_PRE_US,POST_GATE_REGIME
long okx / short binance,okx,binance,2026-07-20 08:00:00+00:00,0.0006796006580825,0.0,-0.0006796006580825,-6.796006580825,-554.3388988015574,8.0,,KRX_OFFICIAL_AFTER_HOURS,POST_GATE_REGIME
long okx / short binance,okx,binance,2026-07-20 08:00:00.001000+00:00,0.0,0.00052817,0.00052817,5.2817,-549.0571988015574,,4.0,KRX_OFFICIAL_AFTER_HOURS,POST_GATE_REGIME
long okx / short binance,okx,binance,2026-07-20 12:00:00.001000+00:00,0.0,0.00060173,0.00060173,6.0173,-543.0398988015575,,4.0,KRX_FULLY_CLOSED_PRE_US,POST_GATE_REGIME
long okx / short binance,okx,binance,2026-07-20 16:00:00+00:00,-0.0009406810658833,0.0,0.0009406810658833,9.406810658832999,-533.6330881427244,8.0,,US_REGULAR,POST_GATE_REGIME
long okx / short binance,okx,binance,2026-07-20 16:00:00.001000+00:00,0.0,-0.00016124,-0.00016124,-1.6124,-535.2454881427244,,4.0,US_REGULAR,POST_GATE_REGIME
long okx / short binance,okx,binance,2026-07-20 20:00:00.001000+00:00,0.0,-0.00055024,-0.00055024,-5.5024,-540.7478881427244,,4.0,US_AFTER_HOURS,POST_GATE_REGIME
long okx / short binance,okx,binance,2026-07-21 00:00:00+00:00,0.0,0.0,0.0,0.0,-540.7478881427244,8.0,,KRX_FULLY_CLOSED_PRE_US,POST_GATE_REGIME
long okx / short binance,okx,binance,2026-07-21 00:00:00.001000+00:00,0.0,0.00015674,0.00015674,1.5674,-539.1804881427244,,4.0,KRX_FULLY_CLOSED_PRE_US,POST_GATE_REGIME
long okx / short binance,okx,binance,2026-07-21 04:00:00.002000+00:00,0.0,0.00119891,0.00119891,11.9891,-527.1913881427243,,4.0,KRX_FULLY_CLOSED_PRE_US,POST_GATE_REGIME
long okx / short binance,okx,binance,2026-07-21 08:00:00+00:00,0.0008897717497861,0.0,-0.0008897717497861,-8.897717497861,-536.0891056405853,8.0,,KRX_OFFICIAL_AFTER_HOURS,POST_GATE_REGIME
long okx / short binance,okx,binance,2026-07-21 08:00:00.001000+00:00,0.0,0.00022498,0.00022498,2.2498,-533.8393056405853,,4.0,KRX_OFFICIAL_AFTER_HOURS,POST_GATE_REGIME
long okx / short binance,okx,binance,2026-07-21 12:00:00.001000+00:00,0.0,0.0,0.0,0.0,-533.8393056405853,,4.0,KRX_FULLY_CLOSED_PRE_US,POST_GATE_REGIME
long okx / short binance,okx,binance,2026-07-21 16:00:00+00:00,0.0011616131276546,0.00068707,-0.0004745431276545999,-4.745431276545999,-538.5847369171313,8.0,4.0,US_REGULAR,POST_GATE_REGIME
long okx / short binance,okx,binance,2026-07-21 20:00:00.001000+00:00,0.0,0.00010694,0.00010694,1.0694000000000001,-537.5153369171313,,4.0,US_AFTER_HOURS,POST_GATE_REGIME
long okx / short binance,okx,binance,2026-07-22 00:00:00+00:00,0.0005027897230029,0.0,-0.0005027897230029,-5.027897230029,-542.5432341471603,8.0,4.0,KRX_FULLY_CLOSED_PRE_US,POST_GATE_REGIME
long okx / short binance,okx,binance,2026-07-22 04:00:00+00:00,0.0,0.00034064,0.00034064,3.4064,-539.1368341471604,,4.0,KRX_FULLY_CLOSED_PRE_US,POST_GATE_REGIME
long okx / short binance,okx,binance,2026-07-22 08:00:00+00:00,0.0009239274241871,0.0,-0.0009239274241871,-9.239274241871,-548.3761083890314,8.0,,KRX_OFFICIAL_AFTER_HOURS,POST_GATE_REGIME
long okx / short binance,okx,binance,2026-07-22 08:00:00.001000+00:00,0.0,0.00068087,0.00068087,6.8087,-541.5674083890314,,4.0,KRX_OFFICIAL_AFTER_HOURS,POST_GATE_REGIME
long okx / short binance,okx,binance,2026-07-22 12:00:00.001000+00:00,0.0,-0.00023337,-0.00023337,-2.3337,-543.9011083890314,,4.0,KRX_FULLY_CLOSED_PRE_US,POST_GATE_REGIME
long okx / short binance,okx,binance,2026-07-22 16:00:00+00:00,0.001347564728786,0.0007125,-0.0006350647287859999,-6.350647287859999,-550.2517556768914,8.0,4.0,US_REGULAR,POST_GATE_REGIME
long okx / short binance,okx,binance,2026-07-22 20:00:00+00:00,0.0,-5.632e-05,-5.632e-05,-0.5632,-550.8149556768915,,4.0,US_AFTER_HOURS,POST_GATE_REGIME
long okx / short bitget,okx,bitget,2026-06-10 08:00:00+00:00,0.0002538140808292,0.001,0.0007461859191708,7.461859191708,7.461859191708,8.0,8.0,KRX_OFFICIAL_AFTER_HOURS,PRE_GATE_REGIME
long okx / short bitget,okx,bitget,2026-06-10 16:00:00+00:00,0.0019356487673407,0.0,-0.0019356487673407,-19.356487673407,-11.894628481698998,8.0,8.0,US_REGULAR,PRE_GATE_REGIME
long okx / short bitget,okx,bitget,2026-06-11 00:00:00+00:00,0.0001,0.0,-0.0001,-1.0,-12.894628481698998,8.0,8.0,KRX_FULLY_CLOSED_PRE_US,PRE_GATE_REGIME
long okx / short bitget,okx,bitget,2026-06-11 08:00:00+00:00,0.0009192531530412,0.001,8.07468469588e-05,0.807468469588,-12.087160012110997,8.0,8.0,KRX_OFFICIAL_AFTER_HOURS,PRE_GATE_REGIME
long okx / short bitget,okx,bitget,2026-06-11 16:00:00+00:00,0.0013740512691226,0.0,-0.0013740512691226,-13.740512691226,-25.827672703336997,8.0,8.0,US_REGULAR,PRE_GATE_REGIME
long okx / short bitget,okx,bitget,2026-06-12 00:00:00+00:00,0.0034807225215341,0.0,-0.0034807225215341,-34.807225215341,-60.63489791867799,8.0,8.0,KRX_FULLY_CLOSED_PRE_US,PRE_GATE_REGIME
long okx / short bitget,okx,bitget,2026-06-12 08:00:00+00:00,0.0019381198627843,0.000901,-0.0010371198627843001,-10.371198627843002,-71.006096546521,8.0,8.0,KRX_OFFICIAL_AFTER_HOURS,PRE_GATE_REGIME
long okx / short bitget,okx,bitget,2026-06-12 16:00:00+00:00,0.0014634088292809,0.0,-0.0014634088292809,-14.634088292809,-85.64018483932999,8.0,8.0,KRX_HOLIDAY_OR_WEEKEND,PRE_GATE_REGIME
long okx / short bitget,okx,bitget,2026-06-13 00:00:00+00:00,0.0002885392580435,0.0,-0.0002885392580435,-2.885392580435,-88.52557741976499,8.0,8.0,KRX_HOLIDAY_OR_WEEKEND,PRE_GATE_REGIME
long okx / short bitget,okx,bitget,2026-06-13 08:00:00+00:00,0.0008035951931452,0.0,-0.0008035951931452,-8.035951931451999,-96.56152935121699,8.0,8.0,KRX_HOLIDAY_OR_WEEKEND,PRE_GATE_REGIME
long okx / short bitget,okx,bitget,2026-06-13 16:00:00+00:00,0.0005886972132113,0.0,-0.0005886972132113,-5.886972132113,-102.44850148332999,8.0,8.0,KRX_HOLIDAY_OR_WEEKEND,PRE_GATE_REGIME
long okx / short bitget,okx,bitget,2026-06-14 00:00:00+00:00,0.0002892595594409,0.0,-0.0002892595594409,-2.8925955944090003,-105.341097077739,8.0,8.0,KRX_HOLIDAY_OR_WEEKEND,PRE_GATE_REGIME
long okx / short bitget,okx,bitget,2026-06-14 08:00:00+00:00,0.0006236325142695,0.0,-0.0006236325142695,-6.236325142695,-111.57742222043399,8.0,8.0,KRX_HOLIDAY_OR_WEEKEND,PRE_GATE_REGIME
long okx / short bitget,okx,bitget,2026-06-14 16:00:00+00:00,0.0001,0.0,-0.0001,-1.0,-112.57742222043399,8.0,8.0,KRX_FULLY_CLOSED_PRE_US,PRE_GATE_REGIME
long okx / short bitget,okx,bitget,2026-06-15 00:00:00+00:00,0.0039529757881667,0.0,-0.0039529757881667,-39.529757881667,-152.10718010210098,8.0,8.0,KRX_FULLY_CLOSED_PRE_US,PRE_GATE_REGIME
long okx / short bitget,okx,bitget,2026-06-15 08:00:00+00:00,0.0016440768836067,0.001,-0.0006440768836066999,-6.440768836066999,-158.547948938168,8.0,8.0,KRX_OFFICIAL_AFTER_HOURS,PRE_GATE_REGIME
long okx / short bitget,okx,bitget,2026-06-15 16:00:00+00:00,0.0015840759562979,0.0,-0.0015840759562979,-15.840759562978999,-174.388708501147,8.0,8.0,US_REGULAR,PRE_GATE_REGIME
long okx / short bitget,okx,bitget,2026-06-16 00:00:00+00:00,0.000622843921358,0.0,-0.000622843921358,-6.22843921358,-180.617147714727,8.0,8.0,KRX_FULLY_CLOSED_PRE_US,PRE_GATE_REGIME
long okx / short bitget,okx,bitget,2026-06-16 08:00:00+00:00,0.0004505154494673,0.001,0.0005494845505327,5.494845505327,-175.1223022094,8.0,8.0,KRX_OFFICIAL_AFTER_HOURS,PRE_GATE_REGIME
long okx / short bitget,okx,bitget,2026-06-16 16:00:00+00:00,-0.0025562314489719,0.0,0.0025562314489719,25.562314489719,-149.559987719681,8.0,8.0,US_REGULAR,PRE_GATE_REGIME
long okx / short bitget,okx,bitget,2026-06-17 00:00:00+00:00,0.0,0.0,0.0,0.0,-149.559987719681,8.0,8.0,KRX_FULLY_CLOSED_PRE_US,PRE_GATE_REGIME
long okx / short bitget,okx,bitget,2026-06-17 08:00:00+00:00,5.06862993576e-05,0.001,0.0009493137006424,9.493137006424,-140.066850713257,8.0,8.0,KRX_OFFICIAL_AFTER_HOURS,PRE_GATE_REGIME
long okx / short bitget,okx,bitget,2026-06-17 16:00:00+00:00,0.0024421929317287,0.0,-0.0024421929317287,-24.421929317287,-164.488780030544,8.0,8.0,US_REGULAR,PRE_GATE_REGIME
long okx / short bitget,okx,bitget,2026-06-18 00:00:00+00:00,0.0016113517402763,0.0,-0.0016113517402763,-16.113517402762998,-180.602297433307,8.0,8.0,KRX_FULLY_CLOSED_PRE_US,PRE_GATE_REGIME
long okx / short bitget,okx,bitget,2026-06-18 08:00:00+00:00,0.0005741045547092,0.001,0.00042589544529080003,4.258954452908,-176.343342980399,8.0,8.0,KRX_OFFICIAL_AFTER_HOURS,PRE_GATE_REGIME
long okx / short bitget,okx,bitget,2026-06-18 16:00:00+00:00,0.0018395966557539,0.0,-0.0018395966557539,-18.395966557539,-194.739309537938,8.0,8.0,US_REGULAR,PRE_GATE_REGIME
long okx / short bitget,okx,bitget,2026-06-19 00:00:00+00:00,0.0026097782764719,0.0,-0.0026097782764719,-26.097782764719003,-220.837092302657,8.0,8.0,KRX_FULLY_CLOSED_PRE_US,PRE_GATE_REGIME
long okx / short bitget,okx,bitget,2026-06-19 08:00:00+00:00,0.0015857803121879,0.001,-0.0005857803121879,-5.857803121879001,-226.69489542453599,8.0,8.0,KRX_OFFICIAL_AFTER_HOURS,PRE_GATE_REGIME
long okx / short bitget,okx,bitget,2026-06-19 16:00:00+00:00,0.0013298647262704,0.0,-0.0013298647262704,-13.298647262704,-239.99354268724,8.0,8.0,KRX_HOLIDAY_OR_WEEKEND,PRE_GATE_REGIME
long okx / short bitget,okx,bitget,2026-06-20 00:00:00+00:00,0.0025322950265775,0.0,-0.0025322950265775,-25.322950265775003,-265.316492953015,8.0,8.0,KRX_HOLIDAY_OR_WEEKEND,PRE_GATE_REGIME
long okx / short bitget,okx,bitget,2026-06-20 08:00:00+00:00,0.0019779787432786,0.0,-0.0019779787432786,-19.779787432786,-285.096280385801,8.0,8.0,KRX_HOLIDAY_OR_WEEKEND,PRE_GATE_REGIME
long okx / short bitget,okx,bitget,2026-06-20 16:00:00+00:00,0.0016179174334262,0.0,-0.0016179174334262,-16.179174334262,-301.27545472006295,8.0,8.0,KRX_HOLIDAY_OR_WEEKEND,PRE_GATE_REGIME
long okx / short bitget,okx,bitget,2026-06-21 00:00:00+00:00,0.0012852036649441,0.0,-0.0012852036649441,-12.852036649440999,-314.12749136950396,8.0,8.0,KRX_HOLIDAY_OR_WEEKEND,PRE_GATE_REGIME
long okx / short bitget,okx,bitget,2026-06-21 08:00:00+00:00,0.0014237660192738,0.0,-0.0014237660192738,-14.237660192738,-328.365151562242,8.0,8.0,KRX_HOLIDAY_OR_WEEKEND,PRE_GATE_REGIME
long okx / short bitget,okx,bitget,2026-06-21 16:00:00+00:00,0.0013408527991725,0.0,-0.0013408527991725,-13.408527991724998,-341.773679553967,8.0,8.0,KRX_FULLY_CLOSED_PRE_US,PRE_GATE_REGIME
long okx / short bitget,okx,bitget,2026-06-22 00:00:00+00:00,0.0018937362952074,0.0,-0.0018937362952074,-18.937362952074,-360.711042506041,8.0,8.0,KRX_FULLY_CLOSED_PRE_US,PRE_GATE_REGIME
long okx / short bitget,okx,bitget,2026-06-22 08:00:00+00:00,0.0032551564150289,0.001,-0.0022551564150289,-22.551564150289,-383.26260665633,8.0,8.0,KRX_OFFICIAL_AFTER_HOURS,PRE_GATE_REGIME
long okx / short bitget,okx,bitget,2026-06-22 16:00:00+00:00,0.0001821884397581,0.0,-0.0001821884397581,-1.8218843975810002,-385.084491053911,8.0,8.0,US_REGULAR,PRE_GATE_REGIME
long okx / short bitget,okx,bitget,2026-06-23 00:00:00+00:00,0.0008995476822087,0.0,-0.0008995476822087,-8.995476822087,-394.079967875998,8.0,8.0,KRX_FULLY_CLOSED_PRE_US,PRE_GATE_REGIME
long okx / short bitget,okx,bitget,2026-06-23 08:00:00+00:00,0.0048822453571552,0.001,-0.0038822453571552,-38.822453571551996,-432.90242144755,8.0,8.0,KRX_OFFICIAL_AFTER_HOURS,PRE_GATE_REGIME
long okx / short bitget,okx,bitget,2026-06-23 16:00:00+00:00,0.0011357587507137,0.0,-0.0011357587507137,-11.357587507137,-444.260008954687,8.0,8.0,US_REGULAR,PRE_GATE_REGIME
long okx / short bitget,okx,bitget,2026-06-24 00:00:00+00:00,0.0002898004725902,0.0,-0.0002898004725902,-2.898004725902,-447.158013680589,8.0,8.0,KRX_FULLY_CLOSED_PRE_US,PRE_GATE_REGIME
long okx / short bitget,okx,bitget,2026-06-24 08:00:00+00:00,0.0023620266144993,0.005,0.0026379733855007,26.379733855007,-420.77827982558205,8.0,8.0,KRX_OFFICIAL_AFTER_HOURS,PRE_GATE_REGIME
long okx / short bitget,okx,bitget,2026-06-24 16:00:00+00:00,-0.0006367699176979,0.0,0.0006367699176979,6.367699176979,-414.41058064860306,8.0,8.0,US_REGULAR,PRE_GATE_REGIME
long okx / short bitget,okx,bitget,2026-06-25 00:00:00+00:00,0.0050871457699901,0.000707,-0.0043801457699901,-43.80145769990099,-458.21203834850405,8.0,8.0,KRX_FULLY_CLOSED_PRE_US,PRE_GATE_REGIME
long okx / short bitget,okx,bitget,2026-06-25 08:00:00+00:00,0.0,0.003784,0.003784,37.84,-420.372038348504,8.0,8.0,KRX_OFFICIAL_AFTER_HOURS,PRE_GATE_REGIME
long okx / short bitget,okx,bitget,2026-06-25 16:00:00+00:00,-0.0011279152892222,0.0,0.0011279152892222,11.279152892222,-409.09288545628203,8.0,8.0,US_REGULAR,PRE_GATE_REGIME
long okx / short bitget,okx,bitget,2026-06-26 00:00:00+00:00,-0.0002386000549671,0.0,0.0002386000549671,2.386000549671,-406.70688490661104,8.0,8.0,KRX_FULLY_CLOSED_PRE_US,PRE_GATE_REGIME
long okx / short bitget,okx,bitget,2026-06-26 08:00:00+00:00,0.002959805113862,0.005,0.002040194886138,20.401948861380003,-386.30493604523105,8.0,8.0,KRX_OFFICIAL_AFTER_HOURS,PRE_GATE_REGIME
long okx / short bitget,okx,bitget,2026-06-26 16:00:00+00:00,0.0003187214112619,0.0,-0.0003187214112619,-3.1872141126190003,-389.49215015785006,8.0,8.0,KRX_HOLIDAY_OR_WEEKEND,PRE_GATE_REGIME
long okx / short bitget,okx,bitget,2026-06-27 00:00:00+00:00,0.0,0.0,0.0,0.0,-389.49215015785006,8.0,8.0,KRX_HOLIDAY_OR_WEEKEND,PRE_GATE_REGIME
long okx / short bitget,okx,bitget,2026-06-27 08:00:00+00:00,0.0,0.0,0.0,0.0,-389.49215015785006,8.0,8.0,KRX_HOLIDAY_OR_WEEKEND,PRE_GATE_REGIME
long okx / short bitget,okx,bitget,2026-06-27 16:00:00+00:00,0.0,0.0,0.0,0.0,-389.49215015785006,8.0,8.0,KRX_HOLIDAY_OR_WEEKEND,PRE_GATE_REGIME
long okx / short bitget,okx,bitget,2026-06-28 00:00:00+00:00,0.0,0.0,0.0,0.0,-389.49215015785006,8.0,8.0,KRX_HOLIDAY_OR_WEEKEND,PRE_GATE_REGIME
long okx / short bitget,okx,bitget,2026-06-28 08:00:00+00:00,0.0004521932604946,0.0,-0.0004521932604946,-4.521932604946,-394.0140827627961,8.0,8.0,KRX_HOLIDAY_OR_WEEKEND,PRE_GATE_REGIME
long okx / short bitget,okx,bitget,2026-06-28 16:00:00+00:00,0.0013402355099599,0.0,-0.0013402355099599,-13.402355099599,-407.41643786239507,8.0,8.0,KRX_FULLY_CLOSED_PRE_US,PRE_GATE_REGIME
long okx / short bitget,okx,bitget,2026-06-29 00:00:00+00:00,0.0016724562838117,0.0,-0.0016724562838117,-16.724562838117,-424.14100070051205,8.0,8.0,KRX_FULLY_CLOSED_PRE_US,PRE_GATE_REGIME
long okx / short bitget,okx,bitget,2026-06-29 08:00:00+00:00,0.0030969090387396,0.005,0.0019030909612604,19.030909612604,-405.1100910879081,8.0,8.0,KRX_OFFICIAL_AFTER_HOURS,PRE_GATE_REGIME
long okx / short bitget,okx,bitget,2026-06-29 16:00:00+00:00,-0.0003102854741496,0.0,0.0003102854741496,3.102854741496,-402.00723634641207,8.0,8.0,US_REGULAR,PRE_GATE_REGIME
long okx / short bitget,okx,bitget,2026-06-30 00:00:00+00:00,0.001450186809796,0.0,-0.001450186809796,-14.501868097960001,-416.5091044443721,8.0,8.0,KRX_FULLY_CLOSED_PRE_US,PRE_GATE_REGIME
long okx / short bitget,okx,bitget,2026-06-30 08:00:00+00:00,0.0003107255313745,0.001394,0.0010832744686255001,10.832744686255001,-405.6763597581171,8.0,8.0,KRX_OFFICIAL_AFTER_HOURS,PRE_GATE_REGIME
long okx / short bitget,okx,bitget,2026-06-30 16:00:00+00:00,0.000269433567782,0.0,-0.000269433567782,-2.69433567782,-408.3706954359371,8.0,8.0,US_REGULAR,PRE_GATE_REGIME
long okx / short bitget,okx,bitget,2026-07-01 00:00:00+00:00,0.0007204153161978,0.0,-0.0007204153161978,-7.204153161978,-415.5748485979151,8.0,8.0,KRX_FULLY_CLOSED_PRE_US,PRE_GATE_REGIME
long okx / short bitget,okx,bitget,2026-07-01 08:00:00+00:00,0.0030477979831705,0.003308,0.0002602020168295002,2.602020168295002,-412.9728284296201,8.0,8.0,KRX_OFFICIAL_AFTER_HOURS,PRE_GATE_REGIME
long okx / short bitget,okx,bitget,2026-07-01 16:00:00+00:00,0.0002517207720973,-8e-06,-0.00025972077209729995,-2.5972077209729996,-415.5700361505931,8.0,8.0,US_REGULAR,PRE_GATE_REGIME
long okx / short bitget,okx,bitget,2026-07-02 00:00:00+00:00,0.0,-1.4e-05,-1.4e-05,-0.13999999999999999,-415.7100361505931,8.0,8.0,KRX_FULLY_CLOSED_PRE_US,PRE_GATE_REGIME
long okx / short bitget,okx,bitget,2026-07-02 08:00:00+00:00,0.0066093233823821,0.005,-0.0016093233823821001,-16.093233823821002,-431.8032699744141,8.0,8.0,KRX_OFFICIAL_AFTER_HOURS,PRE_GATE_REGIME
long okx / short bitget,okx,bitget,2026-07-02 16:00:00+00:00,-0.0004130743792072,-6.9e-05,0.0003440743792072,3.4407437920720003,-428.3625261823421,8.0,8.0,US_REGULAR,PRE_GATE_REGIME
long okx / short bitget,okx,bitget,2026-07-03 00:00:00+00:00,0.001695844768444,0.0,-0.001695844768444,-16.95844768444,-445.3209738667821,8.0,8.0,KRX_FULLY_CLOSED_PRE_US,PRE_GATE_REGIME
long okx / short bitget,okx,bitget,2026-07-03 08:00:00+00:00,-0.0012614043904869,0.001529,0.0027904043904869,27.904043904869,-417.41692996191307,8.0,8.0,KRX_OFFICIAL_AFTER_HOURS,PRE_GATE_REGIME
long okx / short bitget,okx,bitget,2026-07-03 16:00:00+00:00,0.0,0.0,0.0,0.0,-417.41692996191307,8.0,8.0,KRX_HOLIDAY_OR_WEEKEND,PRE_GATE_REGIME
long okx / short bitget,okx,bitget,2026-07-04 00:00:00+00:00,0.0009433653282703,0.0,-0.0009433653282703,-9.433653282703,-426.8505832446161,8.0,8.0,KRX_HOLIDAY_OR_WEEKEND,PRE_GATE_REGIME
long okx / short bitget,okx,bitget,2026-07-04 08:00:00+00:00,0.0,0.0,0.0,0.0,-426.8505832446161,8.0,8.0,KRX_HOLIDAY_OR_WEEKEND,PRE_GATE_REGIME
long okx / short bitget,okx,bitget,2026-07-04 16:00:00+00:00,4.14577112607e-05,0.0,-4.14577112607e-05,-0.41457711260700003,-427.26516035722307,8.0,8.0,KRX_HOLIDAY_OR_WEEKEND,PRE_GATE_REGIME
long okx / short bitget,okx,bitget,2026-07-05 00:00:00+00:00,0.0007552342349299,0.0,-0.0007552342349299,-7.552342349299,-434.8175027065221,8.0,8.0,KRX_HOLIDAY_OR_WEEKEND,PRE_GATE_REGIME
long okx / short bitget,okx,bitget,2026-07-05 08:00:00+00:00,0.0,0.0,0.0,0.0,-434.8175027065221,8.0,8.0,KRX_HOLIDAY_OR_WEEKEND,PRE_GATE_REGIME
long okx / short bitget,okx,bitget,2026-07-05 16:00:00+00:00,0.0002156351084858,0.0,-0.0002156351084858,-2.156351084858,-436.97385379138007,8.0,8.0,KRX_FULLY_CLOSED_PRE_US,PRE_GATE_REGIME
long okx / short bitget,okx,bitget,2026-07-06 00:00:00+00:00,0.000516723279894,0.0,-0.000516723279894,-5.16723279894,-442.14108659032007,8.0,8.0,KRX_FULLY_CLOSED_PRE_US,PRE_GATE_REGIME
long okx / short bitget,okx,bitget,2026-07-06 08:00:00+00:00,0.0017315107716999,0.002485,0.0007534892283000997,7.534892283000997,-434.6061943073191,8.0,8.0,KRX_OFFICIAL_AFTER_HOURS,PRE_GATE_REGIME
long okx / short bitget,okx,bitget,2026-07-06 16:00:00+00:00,0.0005999915190746,0.0,-0.0005999915190746,-5.999915190745999,-440.60610949806505,8.0,8.0,US_REGULAR,PRE_GATE_REGIME
long okx / short bitget,okx,bitget,2026-07-07 00:00:00+00:00,0.0,0.0,0.0,0.0,-440.60610949806505,8.0,8.0,KRX_FULLY_CLOSED_PRE_US,PRE_GATE_REGIME
long okx / short bitget,okx,bitget,2026-07-07 08:00:00+00:00,0.0050692334577689,0.005,-6.923345776890018e-05,-0.6923345776890019,-441.29844407575405,8.0,8.0,KRX_OFFICIAL_AFTER_HOURS,PRE_GATE_REGIME
long okx / short bitget,okx,bitget,2026-07-07 16:00:00+00:00,0.0,0.0,0.0,0.0,-441.29844407575405,8.0,8.0,US_REGULAR,PRE_GATE_REGIME
long okx / short bitget,okx,bitget,2026-07-08 00:00:00+00:00,0.0,0.0,0.0,0.0,-441.29844407575405,8.0,8.0,KRX_FULLY_CLOSED_PRE_US,PRE_GATE_REGIME
long okx / short bitget,okx,bitget,2026-07-08 08:00:00+00:00,0.0038486519117764,0.003845,-3.6519117763999555e-06,-0.036519117763999555,-441.33496319351804,8.0,8.0,KRX_OFFICIAL_AFTER_HOURS,PRE_GATE_REGIME
long okx / short bitget,okx,bitget,2026-07-08 16:00:00+00:00,0.0013174347143984,0.0,-0.0013174347143984,-13.174347143983999,-454.50931033750203,8.0,8.0,US_REGULAR,PRE_GATE_REGIME
long okx / short bitget,okx,bitget,2026-07-09 00:00:00+00:00,0.0009632616582105,0.0,-0.0009632616582105,-9.632616582105,-464.14192691960704,8.0,8.0,KRX_FULLY_CLOSED_PRE_US,PRE_GATE_REGIME
long okx / short bitget,okx,bitget,2026-07-09 08:00:00+00:00,0.003230774499799,0.00409,0.0008592255002009999,8.592255002009999,-455.54967191759704,8.0,8.0,KRX_OFFICIAL_AFTER_HOURS,PRE_GATE_REGIME
long okx / short bitget,okx,bitget,2026-07-09 16:00:00+00:00,0.000949839899681,0.0,-0.000949839899681,-9.49839899681,-465.04807091440705,8.0,8.0,US_REGULAR,PRE_GATE_REGIME
long okx / short bitget,okx,bitget,2026-07-10 00:00:00+00:00,0.0010868123110623,0.0,-0.0010868123110623,-10.868123110623,-475.91619402503005,8.0,8.0,KRX_FULLY_CLOSED_PRE_US,PRE_GATE_REGIME
long okx / short bitget,okx,bitget,2026-07-10 08:00:00+00:00,0.003338389115287,0.004771,0.0014326108847129999,14.32610884713,-461.59008517790005,8.0,8.0,KRX_OFFICIAL_AFTER_HOURS,PRE_GATE_REGIME
long okx / short bitget,okx,bitget,2026-07-10 16:00:00+00:00,0.0016407940741556,0.0,-0.0016407940741556,-16.407940741556,-477.99802591945604,8.0,8.0,KRX_HOLIDAY_OR_WEEKEND,PRE_GATE_REGIME
long okx / short bitget,okx,bitget,2026-07-11 00:00:00+00:00,0.0,0.0,0.0,0.0,-477.99802591945604,8.0,8.0,KRX_HOLIDAY_OR_WEEKEND,PRE_GATE_REGIME
long okx / short bitget,okx,bitget,2026-07-11 08:00:00+00:00,9.0284932114e-05,0.0,-9.0284932114e-05,-0.90284932114,-478.90087524059606,8.0,8.0,KRX_HOLIDAY_OR_WEEKEND,PRE_GATE_REGIME
long okx / short bitget,okx,bitget,2026-07-11 16:00:00+00:00,0.0,0.0,0.0,0.0,-478.90087524059606,8.0,8.0,KRX_HOLIDAY_OR_WEEKEND,PRE_GATE_REGIME
long okx / short bitget,okx,bitget,2026-07-12 00:00:00+00:00,0.0,0.0,0.0,0.0,-478.90087524059606,8.0,8.0,KRX_HOLIDAY_OR_WEEKEND,PRE_GATE_REGIME
long okx / short bitget,okx,bitget,2026-07-12 08:00:00+00:00,0.0003451988894361,0.0,-0.0003451988894361,-3.451988894361,-482.3528641349571,8.0,8.0,KRX_HOLIDAY_OR_WEEKEND,PRE_GATE_REGIME
long okx / short bitget,okx,bitget,2026-07-12 16:00:00+00:00,0.0,0.0,0.0,0.0,-482.3528641349571,8.0,8.0,KRX_FULLY_CLOSED_PRE_US,PRE_GATE_REGIME
long okx / short bitget,okx,bitget,2026-07-13 00:00:00+00:00,0.0006511640660213,0.0,-0.0006511640660213,-6.511640660213,-488.8645047951701,8.0,8.0,KRX_FULLY_CLOSED_PRE_US,PRE_GATE_REGIME
long okx / short bitget,okx,bitget,2026-07-13 08:00:00+00:00,0.01,0.005,-0.005,-50.0,-538.8645047951701,8.0,8.0,KRX_OFFICIAL_AFTER_HOURS,PRE_GATE_REGIME
long okx / short bitget,okx,bitget,2026-07-13 12:00:00+00:00,0.002816412986938,0.0,-0.002816412986938,-28.164129869379998,-567.02863466455,4.0,,KRX_FULLY_CLOSED_PRE_US,PRE_GATE_REGIME
long okx / short bitget,okx,bitget,2026-07-13 16:00:00+00:00,0.0001315640607997,0.0,-0.0001315640607997,-1.315640607997,-568.3442752725471,4.0,8.0,US_REGULAR,PRE_GATE_REGIME
long okx / short bitget,okx,bitget,2026-07-13 20:00:00+00:00,0.0,0.0,0.0,0.0,-568.3442752725471,4.0,,US_AFTER_HOURS,PRE_GATE_REGIME
long okx / short bitget,okx,bitget,2026-07-14 00:00:00+00:00,0.0016455377782937,0.0,-0.0016455377782937,-16.455377782937,-584.7996530554841,4.0,8.0,KRX_FULLY_CLOSED_PRE_US,PRE_GATE_REGIME
long okx / short bitget,okx,bitget,2026-07-14 04:00:00+00:00,0.0051280565781914,0.0,-0.0051280565781914,-51.280565781914,-636.0802188373981,4.0,,KRX_FULLY_CLOSED_PRE_US,PRE_GATE_REGIME
long okx / short bitget,okx,bitget,2026-07-14 08:00:00+00:00,0.0001059672777074,0.005,0.0048940327222926,48.940327222926,-587.139891614472,4.0,8.0,KRX_OFFICIAL_AFTER_HOURS,PRE_GATE_REGIME
long okx / short bitget,okx,bitget,2026-07-14 12:00:00+00:00,0.0,0.0,0.0,0.0,-587.139891614472,4.0,4.0,KRX_FULLY_CLOSED_PRE_US,PRE_GATE_REGIME
long okx / short bitget,okx,bitget,2026-07-14 16:00:00+00:00,0.0007676674458997,0.0,-0.0007676674458997,-7.676674458997,-594.8165660734691,4.0,4.0,US_REGULAR,PRE_GATE_REGIME
long okx / short bitget,okx,bitget,2026-07-14 20:00:00+00:00,0.0,0.0,0.0,0.0,-594.8165660734691,,4.0,US_AFTER_HOURS,PRE_GATE_REGIME
long okx / short bitget,okx,bitget,2026-07-15 00:00:00+00:00,0.0,0.0,0.0,0.0,-594.8165660734691,8.0,4.0,KRX_FULLY_CLOSED_PRE_US,PRE_GATE_REGIME
long okx / short bitget,okx,bitget,2026-07-15 04:00:00+00:00,0.0,0.0,0.0,0.0,-594.8165660734691,,4.0,KRX_FULLY_CLOSED_PRE_US,PRE_GATE_REGIME
long okx / short bitget,okx,bitget,2026-07-15 08:00:00+00:00,-0.0005781503215192,8e-05,0.0006581503215192,6.581503215192,-588.235062858277,8.0,4.0,KRX_OFFICIAL_AFTER_HOURS,PRE_GATE_REGIME
long okx / short bitget,okx,bitget,2026-07-15 12:00:00+00:00,0.0,0.0,0.0,0.0,-588.235062858277,,4.0,KRX_FULLY_CLOSED_PRE_US,PRE_GATE_REGIME
long okx / short bitget,okx,bitget,2026-07-15 16:00:00+00:00,-0.002398100578228,0.0,0.002398100578228,23.98100578228,-564.254057075997,8.0,4.0,US_REGULAR,PRE_GATE_REGIME
long okx / short bitget,okx,bitget,2026-07-15 20:00:00+00:00,0.0,0.0,0.0,0.0,-564.254057075997,,4.0,US_AFTER_HOURS,PRE_GATE_REGIME
long okx / short bitget,okx,bitget,2026-07-16 00:00:00+00:00,0.0004234607569565,0.0,-0.0004234607569565,-4.234607569565,-568.488664645562,8.0,4.0,KRX_FULLY_CLOSED_PRE_US,GATE_REGIME_20260716_19
long okx / short bitget,okx,bitget,2026-07-16 04:00:00+00:00,0.0,0.001857,0.001857,18.57,-549.918664645562,,4.0,KRX_FULLY_CLOSED_PRE_US,GATE_REGIME_20260716_19
long okx / short bitget,okx,bitget,2026-07-16 08:00:00+00:00,0.0010526768859222,0.000951,-0.00010167688592219995,-1.0167688592219994,-550.935433504784,8.0,4.0,KRX_OFFICIAL_AFTER_HOURS,GATE_REGIME_20260716_19
long okx / short bitget,okx,bitget,2026-07-16 12:00:00+00:00,0.0,0.0,0.0,0.0,-550.935433504784,,4.0,KRX_FULLY_CLOSED_PRE_US,GATE_REGIME_20260716_19
long okx / short bitget,okx,bitget,2026-07-16 16:00:00+00:00,-0.0003419234925896,0.0,0.0003419234925896,3.419234925896,-547.516198578888,8.0,4.0,US_REGULAR,GATE_REGIME_20260716_19
long okx / short bitget,okx,bitget,2026-07-16 20:00:00+00:00,0.0,0.0,0.0,0.0,-547.516198578888,,4.0,US_AFTER_HOURS,GATE_REGIME_20260716_19
long okx / short bitget,okx,bitget,2026-07-17 00:00:00+00:00,-0.0003075354478243,0.0,0.0003075354478243,3.075354478243,-544.440844100645,8.0,4.0,KRX_FULLY_CLOSED_PRE_US,GATE_REGIME_20260716_19
long okx / short bitget,okx,bitget,2026-07-17 04:00:00+00:00,0.0,-0.002897,-0.002897,-28.97,-573.410844100645,,4.0,KRX_FULLY_CLOSED_PRE_US,GATE_REGIME_20260716_19
long okx / short bitget,okx,bitget,2026-07-17 08:00:00+00:00,-0.000991233185432,0.0,0.000991233185432,9.91233185432,-563.498512246325,8.0,4.0,KRX_OFFICIAL_AFTER_HOURS,GATE_REGIME_20260716_19
long okx / short bitget,okx,bitget,2026-07-17 12:00:00+00:00,0.0,0.0,0.0,0.0,-563.498512246325,,4.0,KRX_FULLY_CLOSED_PRE_US,GATE_REGIME_20260716_19
long okx / short bitget,okx,bitget,2026-07-17 16:00:00+00:00,0.0025749198720348,0.0,-0.0025749198720348,-25.749198720348,-589.247710966673,8.0,4.0,KRX_HOLIDAY_OR_WEEKEND,GATE_REGIME_20260716_19
long okx / short bitget,okx,bitget,2026-07-17 20:00:00+00:00,0.0,0.0,0.0,0.0,-589.247710966673,,4.0,KRX_HOLIDAY_OR_WEEKEND,GATE_REGIME_20260716_19
long okx / short bitget,okx,bitget,2026-07-18 00:00:00+00:00,-0.0010755220213551,0.0,0.0010755220213551,10.755220213551,-578.4924907531221,8.0,4.0,KRX_HOLIDAY_OR_WEEKEND,GATE_REGIME_20260716_19
long okx / short bitget,okx,bitget,2026-07-18 04:00:00+00:00,0.0,0.0,0.0,0.0,-578.4924907531221,,4.0,KRX_HOLIDAY_OR_WEEKEND,GATE_REGIME_20260716_19
long okx / short bitget,okx,bitget,2026-07-18 08:00:00+00:00,0.0,0.0,0.0,0.0,-578.4924907531221,8.0,4.0,KRX_HOLIDAY_OR_WEEKEND,GATE_REGIME_20260716_19
long okx / short bitget,okx,bitget,2026-07-18 12:00:00+00:00,0.0,0.0,0.0,0.0,-578.4924907531221,,4.0,KRX_HOLIDAY_OR_WEEKEND,GATE_REGIME_20260716_19
long okx / short bitget,okx,bitget,2026-07-18 16:00:00+00:00,-9.64154034267e-05,0.0,9.64154034267e-05,0.964154034267,-577.528336718855,8.0,4.0,KRX_HOLIDAY_OR_WEEKEND,GATE_REGIME_20260716_19
long okx / short bitget,okx,bitget,2026-07-18 20:00:00+00:00,0.0,0.0,0.0,0.0,-577.528336718855,,4.0,KRX_HOLIDAY_OR_WEEKEND,GATE_REGIME_20260716_19
long okx / short bitget,okx,bitget,2026-07-19 00:00:00+00:00,0.0,0.0,0.0,0.0,-577.528336718855,8.0,4.0,KRX_HOLIDAY_OR_WEEKEND,GATE_REGIME_20260716_19
long okx / short bitget,okx,bitget,2026-07-19 04:00:00+00:00,0.0,0.0,0.0,0.0,-577.528336718855,,4.0,KRX_HOLIDAY_OR_WEEKEND,GATE_REGIME_20260716_19
long okx / short bitget,okx,bitget,2026-07-19 08:00:00+00:00,0.0005695173844014,0.0,-0.0005695173844014,-5.695173844014,-583.223510562869,8.0,4.0,KRX_HOLIDAY_OR_WEEKEND,GATE_REGIME_20260716_19
long okx / short bitget,okx,bitget,2026-07-19 12:00:00+00:00,0.0,0.0,0.0,0.0,-583.223510562869,,4.0,KRX_HOLIDAY_OR_WEEKEND,GATE_REGIME_20260716_19
long okx / short bitget,okx,bitget,2026-07-19 16:00:00+00:00,0.0,0.0,0.0,0.0,-583.223510562869,8.0,4.0,KRX_FULLY_CLOSED_PRE_US,GATE_REGIME_20260716_19
long okx / short bitget,okx,bitget,2026-07-19 20:00:00+00:00,0.0,0.0,0.0,0.0,-583.223510562869,,4.0,KRX_FULLY_CLOSED_PRE_US,GATE_REGIME_20260716_19
long okx / short bitget,okx,bitget,2026-07-20 00:00:00+00:00,0.0010995922466155,0.0,-0.0010995922466155,-10.995922466155001,-594.219433029024,8.0,4.0,KRX_FULLY_CLOSED_PRE_US,POST_GATE_REGIME
long okx / short bitget,okx,bitget,2026-07-20 04:00:00+00:00,0.0,0.002053,0.002053,20.53,-573.689433029024,,4.0,KRX_FULLY_CLOSED_PRE_US,POST_GATE_REGIME
long okx / short bitget,okx,bitget,2026-07-20 08:00:00+00:00,0.0006796006580825,0.000392,-0.0002876006580825,-2.876006580825,-576.565439609849,8.0,4.0,KRX_OFFICIAL_AFTER_HOURS,POST_GATE_REGIME
long okx / short bitget,okx,bitget,2026-07-20 12:00:00+00:00,0.0,0.0,0.0,0.0,-576.565439609849,,4.0,KRX_FULLY_CLOSED_PRE_US,POST_GATE_REGIME
long okx / short bitget,okx,bitget,2026-07-20 16:00:00+00:00,-0.0009406810658833,0.0,0.0009406810658833,9.406810658832999,-567.158628951016,8.0,4.0,US_REGULAR,POST_GATE_REGIME
long okx / short bitget,okx,bitget,2026-07-20 20:00:00+00:00,0.0,0.0,0.0,0.0,-567.158628951016,,4.0,US_AFTER_HOURS,POST_GATE_REGIME
long okx / short bitget,okx,bitget,2026-07-21 00:00:00+00:00,0.0,0.0,0.0,0.0,-567.158628951016,8.0,4.0,KRX_FULLY_CLOSED_PRE_US,POST_GATE_REGIME
long okx / short bitget,okx,bitget,2026-07-21 04:00:00+00:00,0.0,0.001675,0.001675,16.75,-550.408628951016,,4.0,KRX_FULLY_CLOSED_PRE_US,POST_GATE_REGIME
long okx / short bitget,okx,bitget,2026-07-21 08:00:00+00:00,0.0008897717497861,0.000301,-0.0005887717497861,-5.887717497861001,-556.296346448877,8.0,4.0,KRX_OFFICIAL_AFTER_HOURS,POST_GATE_REGIME
long okx / short bitget,okx,bitget,2026-07-21 12:00:00+00:00,0.0,0.0,0.0,0.0,-556.296346448877,,4.0,KRX_FULLY_CLOSED_PRE_US,POST_GATE_REGIME
long okx / short bitget,okx,bitget,2026-07-21 16:00:00+00:00,0.0011616131276546,0.0,-0.0011616131276546,-11.616131276546,-567.912477725423,8.0,4.0,US_REGULAR,POST_GATE_REGIME
long okx / short bitget,okx,bitget,2026-07-21 20:00:00+00:00,0.0,0.0,0.0,0.0,-567.912477725423,,4.0,US_AFTER_HOURS,POST_GATE_REGIME
long okx / short bitget,okx,bitget,2026-07-22 00:00:00+00:00,0.0005027897230029,0.0,-0.0005027897230029,-5.027897230029,-572.940374955452,8.0,4.0,KRX_FULLY_CLOSED_PRE_US,POST_GATE_REGIME
long okx / short bitget,okx,bitget,2026-07-22 04:00:00+00:00,0.0,0.000984,0.000984,9.84,-563.1003749554519,,4.0,KRX_FULLY_CLOSED_PRE_US,POST_GATE_REGIME
long okx / short bitget,okx,bitget,2026-07-22 08:00:00+00:00,0.0009239274241871,0.000694,-0.00022992742418710005,-2.2992742418710006,-565.3996491973229,8.0,4.0,KRX_OFFICIAL_AFTER_HOURS,POST_GATE_REGIME
long okx / short bitget,okx,bitget,2026-07-22 12:00:00+00:00,0.0,0.0,0.0,0.0,-565.3996491973229,,4.0,KRX_FULLY_CLOSED_PRE_US,POST_GATE_REGIME
long okx / short bitget,okx,bitget,2026-07-22 16:00:00+00:00,0.001347564728786,0.0,-0.001347564728786,-13.47564728786,-578.8752964851828,8.0,4.0,US_REGULAR,POST_GATE_REGIME
long okx / short bitget,okx,bitget,2026-07-22 20:00:00+00:00,0.0,0.0,0.0,0.0,-578.8752964851828,,4.0,US_AFTER_HOURS,POST_GATE_REGIME
long okx / short gate,okx,gate,2026-07-16 20:00:01+00:00,0.0,5e-05,5e-05,0.5,0.5,,4.0,US_AFTER_HOURS,GATE_REGIME_20260716_19
long okx / short gate,okx,gate,2026-07-17 00:00:00+00:00,-0.0003075354478243,0.0,0.0003075354478243,3.075354478243,3.575354478243,8.0,,KRX_FULLY_CLOSED_PRE_US,GATE_REGIME_20260716_19
long okx / short gate,okx,gate,2026-07-17 00:00:03+00:00,0.0,5e-05,5e-05,0.5,4.075354478243,,4.0,KRX_FULLY_CLOSED_PRE_US,GATE_REGIME_20260716_19
long okx / short gate,okx,gate,2026-07-17 04:00:01+00:00,0.0,0.0005,0.0005,5.0,9.075354478243,,4.0,KRX_FULLY_CLOSED_PRE_US,GATE_REGIME_20260716_19
long okx / short gate,okx,gate,2026-07-17 08:00:00+00:00,-0.000991233185432,0.0,0.000991233185432,9.91233185432,18.987686332563,8.0,,KRX_OFFICIAL_AFTER_HOURS,GATE_REGIME_20260716_19
long okx / short gate,okx,gate,2026-07-17 08:00:03+00:00,0.0,0.0005,0.0005,5.0,23.987686332563,,4.0,KRX_OFFICIAL_AFTER_HOURS,GATE_REGIME_20260716_19
long okx / short gate,okx,gate,2026-07-17 12:00:01+00:00,0.0,0.0005,0.0005,5.0,28.987686332563,,4.0,KRX_FULLY_CLOSED_PRE_US,GATE_REGIME_20260716_19
long okx / short gate,okx,gate,2026-07-17 16:00:00+00:00,0.0025749198720348,0.0,-0.0025749198720348,-25.749198720348,3.2384876122149997,8.0,,KRX_HOLIDAY_OR_WEEKEND,GATE_REGIME_20260716_19
long okx / short gate,okx,gate,2026-07-17 16:00:03+00:00,0.0,0.0005,0.0005,5.0,8.238487612215,,4.0,KRX_HOLIDAY_OR_WEEKEND,GATE_REGIME_20260716_19
long okx / short gate,okx,gate,2026-07-17 20:00:01+00:00,0.0,0.0005,0.0005,5.0,13.238487612215,,4.0,KRX_HOLIDAY_OR_WEEKEND,GATE_REGIME_20260716_19
long okx / short gate,okx,gate,2026-07-18 00:00:00+00:00,-0.0010755220213551,0.0,0.0010755220213551,10.755220213551,23.993707825766002,8.0,,KRX_HOLIDAY_OR_WEEKEND,GATE_REGIME_20260716_19
long okx / short gate,okx,gate,2026-07-18 00:00:03+00:00,0.0,0.0005,0.0005,5.0,28.993707825766002,,4.0,KRX_HOLIDAY_OR_WEEKEND,GATE_REGIME_20260716_19
long okx / short gate,okx,gate,2026-07-18 04:00:01+00:00,0.0,0.0005,0.0005,5.0,33.993707825766,,4.0,KRX_HOLIDAY_OR_WEEKEND,GATE_REGIME_20260716_19
long okx / short gate,okx,gate,2026-07-18 08:00:00+00:00,0.0,0.0,0.0,0.0,33.993707825766,8.0,,KRX_HOLIDAY_OR_WEEKEND,GATE_REGIME_20260716_19
long okx / short gate,okx,gate,2026-07-18 08:00:02+00:00,0.0,0.0005,0.0005,5.0,38.993707825766,,4.0,KRX_HOLIDAY_OR_WEEKEND,GATE_REGIME_20260716_19
long okx / short gate,okx,gate,2026-07-18 12:00:01+00:00,0.0,0.0005,0.0005,5.0,43.993707825766,,4.0,KRX_HOLIDAY_OR_WEEKEND,GATE_REGIME_20260716_19
long okx / short gate,okx,gate,2026-07-18 16:00:00+00:00,-9.64154034267e-05,0.0,9.64154034267e-05,0.964154034267,44.957861860033,8.0,,KRX_HOLIDAY_OR_WEEKEND,GATE_REGIME_20260716_19
long okx / short gate,okx,gate,2026-07-18 16:00:03+00:00,0.0,0.0005,0.0005,5.0,49.957861860033,,4.0,KRX_HOLIDAY_OR_WEEKEND,GATE_REGIME_20260716_19
long okx / short gate,okx,gate,2026-07-18 20:00:01+00:00,0.0,0.0005,0.0005,5.0,54.957861860033,,4.0,KRX_HOLIDAY_OR_WEEKEND,GATE_REGIME_20260716_19
long okx / short gate,okx,gate,2026-07-19 00:00:00+00:00,0.0,0.0,0.0,0.0,54.957861860033,8.0,,KRX_HOLIDAY_OR_WEEKEND,GATE_REGIME_20260716_19
long okx / short gate,okx,gate,2026-07-19 00:00:02+00:00,0.0,0.0005,0.0005,5.0,59.957861860033,,4.0,KRX_HOLIDAY_OR_WEEKEND,GATE_REGIME_20260716_19
long okx / short gate,okx,gate,2026-07-19 04:00:01+00:00,0.0,0.000443,0.000443,4.43,64.387861860033,,4.0,KRX_HOLIDAY_OR_WEEKEND,GATE_REGIME_20260716_19
long okx / short gate,okx,gate,2026-07-19 08:00:00+00:00,0.0005695173844014,0.0,-0.0005695173844014,-5.695173844014,58.692688016019,8.0,,KRX_HOLIDAY_OR_WEEKEND,GATE_REGIME_20260716_19
long okx / short gate,okx,gate,2026-07-19 08:00:03+00:00,0.0,0.0005,0.0005,5.0,63.692688016019,,4.0,KRX_HOLIDAY_OR_WEEKEND,GATE_REGIME_20260716_19
long okx / short gate,okx,gate,2026-07-19 12:00:01+00:00,0.0,0.000221,0.000221,2.21,65.902688016019,,4.0,KRX_HOLIDAY_OR_WEEKEND,GATE_REGIME_20260716_19
long okx / short gate,okx,gate,2026-07-19 16:00:00+00:00,0.0,0.0,0.0,0.0,65.902688016019,8.0,,KRX_FULLY_CLOSED_PRE_US,GATE_REGIME_20260716_19
long okx / short gate,okx,gate,2026-07-19 16:00:03+00:00,0.0,0.000377,0.000377,3.77,69.672688016019,,4.0,KRX_FULLY_CLOSED_PRE_US,GATE_REGIME_20260716_19
long okx / short gate,okx,gate,2026-07-19 20:00:01+00:00,0.0,0.0005,0.0005,5.0,74.672688016019,,4.0,KRX_FULLY_CLOSED_PRE_US,GATE_REGIME_20260716_19
long okx / short gate,okx,gate,2026-07-20 00:00:00+00:00,0.0010995922466155,0.0,-0.0010995922466155,-10.995922466155001,63.676765549863994,8.0,,KRX_FULLY_CLOSED_PRE_US,POST_GATE_REGIME
long okx / short gate,okx,gate,2026-07-20 00:00:03+00:00,0.0,0.0005,0.0005,5.0,68.676765549864,,4.0,KRX_FULLY_CLOSED_PRE_US,POST_GATE_REGIME
long okx / short gate,okx,gate,2026-07-20 04:00:02+00:00,0.0,0.0005,0.0005,5.0,73.676765549864,,4.0,KRX_FULLY_CLOSED_PRE_US,POST_GATE_REGIME
long okx / short gate,okx,gate,2026-07-20 08:00:00+00:00,0.0006796006580825,0.0,-0.0006796006580825,-6.796006580825,66.88075896903901,8.0,,KRX_OFFICIAL_AFTER_HOURS,POST_GATE_REGIME
long okx / short gate,okx,gate,2026-07-20 08:00:03+00:00,0.0,0.0005,0.0005,5.0,71.88075896903901,,4.0,KRX_OFFICIAL_AFTER_HOURS,POST_GATE_REGIME
long okx / short gate,okx,gate,2026-07-20 12:00:01+00:00,0.0,5e-05,5e-05,0.5,72.38075896903901,,4.0,KRX_FULLY_CLOSED_PRE_US,POST_GATE_REGIME
long okx / short gate,okx,gate,2026-07-20 16:00:00+00:00,-0.0009406810658833,0.0,0.0009406810658833,9.406810658832999,81.787569627872,8.0,,US_REGULAR,POST_GATE_REGIME
long okx / short gate,okx,gate,2026-07-20 16:00:03+00:00,0.0,5e-05,5e-05,0.5,82.287569627872,,4.0,US_REGULAR,POST_GATE_REGIME
long okx / short gate,okx,gate,2026-07-20 20:00:01+00:00,0.0,5e-05,5e-05,0.5,82.787569627872,,4.0,US_AFTER_HOURS,POST_GATE_REGIME
long okx / short gate,okx,gate,2026-07-21 00:00:00+00:00,0.0,0.0,0.0,0.0,82.787569627872,8.0,,KRX_FULLY_CLOSED_PRE_US,POST_GATE_REGIME
long okx / short gate,okx,gate,2026-07-21 00:00:03+00:00,0.0,0.000449,0.000449,4.49,87.277569627872,,4.0,KRX_FULLY_CLOSED_PRE_US,POST_GATE_REGIME
long okx / short gate,okx,gate,2026-07-21 04:00:01+00:00,0.0,0.000175,0.000175,1.75,89.027569627872,,4.0,KRX_FULLY_CLOSED_PRE_US,POST_GATE_REGIME
long okx / short gate,okx,gate,2026-07-21 08:00:00+00:00,0.0008897717497861,0.0,-0.0008897717497861,-8.897717497861,80.129852130011,8.0,,KRX_OFFICIAL_AFTER_HOURS,POST_GATE_REGIME
long okx / short gate,okx,gate,2026-07-21 08:00:03+00:00,0.0,0.000363,0.000363,3.63,83.759852130011,,4.0,KRX_OFFICIAL_AFTER_HOURS,POST_GATE_REGIME
long okx / short gate,okx,gate,2026-07-21 12:00:01+00:00,0.0,0.000178,0.000178,1.7799999999999998,85.539852130011,,4.0,KRX_FULLY_CLOSED_PRE_US,POST_GATE_REGIME
long okx / short gate,okx,gate,2026-07-21 16:00:00+00:00,0.0011616131276546,0.0,-0.0011616131276546,-11.616131276546,73.923720853465,8.0,,US_REGULAR,POST_GATE_REGIME
long okx / short gate,okx,gate,2026-07-21 16:00:03+00:00,0.0,0.000493,0.000493,4.93,78.853720853465,,4.0,US_REGULAR,POST_GATE_REGIME
long okx / short gate,okx,gate,2026-07-21 20:00:01+00:00,0.0,5.8e-05,5.8e-05,0.58,79.433720853465,,4.0,US_AFTER_HOURS,POST_GATE_REGIME
long okx / short gate,okx,gate,2026-07-22 00:00:00+00:00,0.0005027897230029,0.0,-0.0005027897230029,-5.027897230029,74.405823623436,8.0,,KRX_FULLY_CLOSED_PRE_US,POST_GATE_REGIME
long okx / short gate,okx,gate,2026-07-22 00:00:03+00:00,0.0,0.000122,0.000122,1.22,75.625823623436,,4.0,KRX_FULLY_CLOSED_PRE_US,POST_GATE_REGIME
long okx / short gate,okx,gate,2026-07-22 04:00:02+00:00,0.0,5e-05,5e-05,0.5,76.125823623436,,4.0,KRX_FULLY_CLOSED_PRE_US,POST_GATE_REGIME
long okx / short gate,okx,gate,2026-07-22 08:00:00+00:00,0.0009239274241871,0.0,-0.0009239274241871,-9.239274241871,66.886549381565,8.0,,KRX_OFFICIAL_AFTER_HOURS,POST_GATE_REGIME
long okx / short gate,okx,gate,2026-07-22 08:00:03+00:00,0.0,0.000107,0.000107,1.07,67.956549381565,,4.0,KRX_OFFICIAL_AFTER_HOURS,POST_GATE_REGIME
long okx / short gate,okx,gate,2026-07-22 12:00:01+00:00,0.0,0.000102,0.000102,1.02,68.976549381565,,4.0,KRX_FULLY_CLOSED_PRE_US,POST_GATE_REGIME
long okx / short gate,okx,gate,2026-07-22 16:00:00+00:00,0.001347564728786,0.0,-0.001347564728786,-13.47564728786,55.500902093704994,8.0,,US_REGULAR,POST_GATE_REGIME
long okx / short gate,okx,gate,2026-07-22 16:00:03+00:00,0.0,0.000262,0.000262,2.62,58.12090209370499,,4.0,US_REGULAR,POST_GATE_REGIME
long okx / short gate,okx,gate,2026-07-22 20:00:01+00:00,0.0,5e-05,5e-05,0.5,58.62090209370499,,4.0,US_AFTER_HOURS,POST_GATE_REGIME
long okx / short hyperliquid,okx,hyperliquid,2026-07-19 17:00:00.043000+00:00,0.0,-0.0001463669,-0.0001463669,-1.4636689999999999,-1.4636689999999999,,1.0,KRX_FULLY_CLOSED_PRE_US,GATE_REGIME_20260716_19
long okx / short hyperliquid,okx,hyperliquid,2026-07-19 18:00:00.049000+00:00,0.0,0.0001350793,0.0001350793,1.350793,-0.11287599999999998,,1.0,KRX_FULLY_CLOSED_PRE_US,GATE_REGIME_20260716_19
long okx / short hyperliquid,okx,hyperliquid,2026-07-19 19:00:00.049000+00:00,0.0,6.25e-06,6.25e-06,0.0625,-0.050375999999999976,,1.0,KRX_FULLY_CLOSED_PRE_US,GATE_REGIME_20260716_19
long okx / short hyperliquid,okx,hyperliquid,2026-07-19 20:00:00.010000+00:00,0.0,0.0001424997,0.0001424997,1.424997,1.374621,,1.0,KRX_FULLY_CLOSED_PRE_US,GATE_REGIME_20260716_19
long okx / short hyperliquid,okx,hyperliquid,2026-07-19 21:00:00.026000+00:00,0.0,6.25e-06,6.25e-06,0.0625,1.437121,,1.0,KRX_FULLY_CLOSED_PRE_US,GATE_REGIME_20260716_19
long okx / short hyperliquid,okx,hyperliquid,2026-07-19 22:00:00.049000+00:00,0.0,6.25e-06,6.25e-06,0.0625,1.499621,,1.0,KRX_FULLY_CLOSED_PRE_US,GATE_REGIME_20260716_19
long okx / short hyperliquid,okx,hyperliquid,2026-07-19 23:00:00.014000+00:00,0.0,0.0001120228,0.0001120228,1.120228,2.6198490000000003,,1.0,KRX_FULLY_CLOSED_PRE_US,GATE_REGIME_20260716_19
long okx / short hyperliquid,okx,hyperliquid,2026-07-20 00:00:00+00:00,0.0010995922466155,0.0,-0.0010995922466155,-10.995922466155001,-8.376073466155,8.0,,KRX_FULLY_CLOSED_PRE_US,POST_GATE_REGIME
long okx / short hyperliquid,okx,hyperliquid,2026-07-20 00:00:00.034000+00:00,0.0,0.0002688809,0.0002688809,2.6888090000000004,-5.687264466155,,1.0,KRX_FULLY_CLOSED_PRE_US,POST_GATE_REGIME
long okx / short hyperliquid,okx,hyperliquid,2026-07-20 01:00:00.063000+00:00,0.0,6.25e-06,6.25e-06,0.0625,-5.624764466155,,1.0,KRX_FULLY_CLOSED_PRE_US,POST_GATE_REGIME
long okx / short hyperliquid,okx,hyperliquid,2026-07-20 02:00:00.052000+00:00,0.0,6.25e-06,6.25e-06,0.0625,-5.562264466155,,1.0,KRX_FULLY_CLOSED_PRE_US,POST_GATE_REGIME
long okx / short hyperliquid,okx,hyperliquid,2026-07-20 03:00:00.046000+00:00,0.0,0.0001277184,0.0001277184,1.277184,-4.285080466155,,1.0,KRX_FULLY_CLOSED_PRE_US,POST_GATE_REGIME
long okx / short hyperliquid,okx,hyperliquid,2026-07-20 04:00:00.011000+00:00,0.0,0.000122697,0.000122697,1.2269700000000001,-3.0581104661549996,,1.0,KRX_FULLY_CLOSED_PRE_US,POST_GATE_REGIME
long okx / short hyperliquid,okx,hyperliquid,2026-07-20 05:00:00.027000+00:00,0.0,6.8249e-05,6.8249e-05,0.68249,-2.3756204661549996,,1.0,KRX_FULLY_CLOSED_PRE_US,POST_GATE_REGIME
long okx / short hyperliquid,okx,hyperliquid,2026-07-20 06:00:00.047000+00:00,0.0,9.18419e-05,9.18419e-05,0.918419,-1.4572014661549995,,1.0,PRE_CLOSE_BASELINE,POST_GATE_REGIME
long okx / short hyperliquid,okx,hyperliquid,2026-07-20 07:00:00.008000+00:00,0.0,-5.71341e-05,-5.71341e-05,-0.571341,-2.0285424661549993,,1.0,KRX_OFFICIAL_AFTER_HOURS,POST_GATE_REGIME
long okx / short hyperliquid,okx,hyperliquid,2026-07-20 08:00:00+00:00,0.0006796006580825,0.0,-0.0006796006580825,-6.796006580825,-8.82454904698,8.0,,KRX_OFFICIAL_AFTER_HOURS,POST_GATE_REGIME
long okx / short hyperliquid,okx,hyperliquid,2026-07-20 08:00:00.058000+00:00,0.0,9.36582e-05,9.36582e-05,0.936582,-7.88796704698,,1.0,KRX_OFFICIAL_AFTER_HOURS,POST_GATE_REGIME
long okx / short hyperliquid,okx,hyperliquid,2026-07-20 09:00:00.029000+00:00,0.0,2.73756e-05,2.73756e-05,0.273756,-7.61421104698,,1.0,KRX_FULLY_CLOSED_PRE_US,POST_GATE_REGIME
long okx / short hyperliquid,okx,hyperliquid,2026-07-20 10:00:00.029000+00:00,0.0,-6.04045e-05,-6.04045e-05,-0.604045,-8.21825604698,,1.0,KRX_FULLY_CLOSED_PRE_US,POST_GATE_REGIME
long okx / short hyperliquid,okx,hyperliquid,2026-07-20 11:00:00+00:00,0.0,-9.70366e-05,-9.70366e-05,-0.970366,-9.18862204698,,1.0,KRX_FULLY_CLOSED_PRE_US,POST_GATE_REGIME
long okx / short hyperliquid,okx,hyperliquid,2026-07-20 12:00:00+00:00,0.0,1.8678e-06,1.8678e-06,0.018678,-9.169944046980001,,1.0,KRX_FULLY_CLOSED_PRE_US,POST_GATE_REGIME
long okx / short hyperliquid,okx,hyperliquid,2026-07-20 13:00:00.047000+00:00,0.0,-0.000148396,-0.000148396,-1.48396,-10.653904046980001,,1.0,KRX_FULLY_CLOSED_PRE_US,POST_GATE_REGIME
long okx / short hyperliquid,okx,hyperliquid,2026-07-20 14:00:00.049000+00:00,0.0,6.25e-06,6.25e-06,0.0625,-10.591404046980001,,1.0,US_REGULAR,POST_GATE_REGIME
long okx / short hyperliquid,okx,hyperliquid,2026-07-20 15:00:00.053000+00:00,0.0,-0.0005133502,-0.0005133502,-5.133502000000001,-15.724906046980003,,1.0,US_REGULAR,POST_GATE_REGIME
long okx / short hyperliquid,okx,hyperliquid,2026-07-20 16:00:00+00:00,-0.0009406810658833,0.0,0.0009406810658833,9.406810658832999,-6.318095388147004,8.0,,US_REGULAR,POST_GATE_REGIME
long okx / short hyperliquid,okx,hyperliquid,2026-07-20 16:00:00.104000+00:00,0.0,6.19623e-05,6.19623e-05,0.6196229999999999,-5.698472388147004,,1.0,US_REGULAR,POST_GATE_REGIME
long okx / short hyperliquid,okx,hyperliquid,2026-07-20 17:00:00.046000+00:00,0.0,3.4695e-06,3.4695e-06,0.034695,-5.663777388147004,,1.0,US_REGULAR,POST_GATE_REGIME
long okx / short hyperliquid,okx,hyperliquid,2026-07-20 18:00:00.027000+00:00,0.0,-0.0001098492,-0.0001098492,-1.098492,-6.762269388147004,,1.0,US_REGULAR,POST_GATE_REGIME
long okx / short hyperliquid,okx,hyperliquid,2026-07-20 19:00:00.035000+00:00,0.0,-0.0001310207,-0.0001310207,-1.310207,-8.072476388147004,,1.0,US_REGULAR,POST_GATE_REGIME
long okx / short hyperliquid,okx,hyperliquid,2026-07-20 20:00:00.008000+00:00,0.0,-0.0001973298,-0.0001973298,-1.973298,-10.045774388147004,,1.0,US_AFTER_HOURS,POST_GATE_REGIME
long okx / short hyperliquid,okx,hyperliquid,2026-07-20 21:00:00.006000+00:00,0.0,-0.0001334196,-0.0001334196,-1.3341960000000002,-11.379970388147004,,1.0,US_AFTER_HOURS,POST_GATE_REGIME
long okx / short hyperliquid,okx,hyperliquid,2026-07-20 22:00:00.003000+00:00,0.0,-4.86277e-05,-4.86277e-05,-0.486277,-11.866247388147004,,1.0,US_AFTER_HOURS,POST_GATE_REGIME
long okx / short hyperliquid,okx,hyperliquid,2026-07-20 23:00:00.048000+00:00,0.0,0.0001237952,0.0001237952,1.237952,-10.628295388147004,,1.0,US_AFTER_HOURS,POST_GATE_REGIME
long okx / short hyperliquid,okx,hyperliquid,2026-07-21 00:00:00+00:00,0.0,0.0,0.0,0.0,-10.628295388147004,8.0,,KRX_FULLY_CLOSED_PRE_US,POST_GATE_REGIME
long okx / short hyperliquid,okx,hyperliquid,2026-07-21 00:00:00.040000+00:00,0.0,0.0001142159,0.0001142159,1.142159,-9.486136388147004,,1.0,KRX_FULLY_CLOSED_PRE_US,POST_GATE_REGIME
long okx / short hyperliquid,okx,hyperliquid,2026-07-21 01:00:00.005000+00:00,0.0,8.78528e-05,8.78528e-05,0.878528,-8.607608388147005,,1.0,KRX_FULLY_CLOSED_PRE_US,POST_GATE_REGIME
long okx / short hyperliquid,okx,hyperliquid,2026-07-21 02:00:00.036000+00:00,0.0,6.25e-06,6.25e-06,0.0625,-8.545108388147005,,1.0,KRX_FULLY_CLOSED_PRE_US,POST_GATE_REGIME
long okx / short hyperliquid,okx,hyperliquid,2026-07-21 03:00:00.030000+00:00,0.0,0.0001476351,0.0001476351,1.476351,-7.068757388147005,,1.0,KRX_FULLY_CLOSED_PRE_US,POST_GATE_REGIME
long okx / short hyperliquid,okx,hyperliquid,2026-07-21 04:00:00.001000+00:00,0.0,5.6757e-05,5.6757e-05,0.56757,-6.501187388147005,,1.0,KRX_FULLY_CLOSED_PRE_US,POST_GATE_REGIME
long okx / short hyperliquid,okx,hyperliquid,2026-07-21 05:00:00.004000+00:00,0.0,6.25e-06,6.25e-06,0.0625,-6.438687388147005,,1.0,KRX_FULLY_CLOSED_PRE_US,POST_GATE_REGIME
long okx / short hyperliquid,okx,hyperliquid,2026-07-21 06:00:00.043000+00:00,0.0,6.91257e-05,6.91257e-05,0.6912569999999999,-5.747430388147005,,1.0,PRE_CLOSE_BASELINE,POST_GATE_REGIME
long okx / short hyperliquid,okx,hyperliquid,2026-07-21 07:00:00.034000+00:00,0.0,-7.8665e-06,-7.8665e-06,-0.078665,-5.826095388147005,,1.0,KRX_OFFICIAL_AFTER_HOURS,POST_GATE_REGIME
long okx / short hyperliquid,okx,hyperliquid,2026-07-21 08:00:00+00:00,0.0008897717497861,0.0,-0.0008897717497861,-8.897717497861,-14.723812886008005,8.0,,KRX_OFFICIAL_AFTER_HOURS,POST_GATE_REGIME
long okx / short hyperliquid,okx,hyperliquid,2026-07-21 08:00:00.035000+00:00,0.0,0.0002088394,0.0002088394,2.088394,-12.635418886008004,,1.0,KRX_OFFICIAL_AFTER_HOURS,POST_GATE_REGIME
long okx / short hyperliquid,okx,hyperliquid,2026-07-21 09:00:00.044000+00:00,0.0,0.0001967108,0.0001967108,1.967108,-10.668310886008005,,1.0,KRX_FULLY_CLOSED_PRE_US,POST_GATE_REGIME
long okx / short hyperliquid,okx,hyperliquid,2026-07-21 10:00:00.032000+00:00,0.0,1.6442e-06,1.6442e-06,0.016442000000000002,-10.651868886008005,,1.0,KRX_FULLY_CLOSED_PRE_US,POST_GATE_REGIME
long okx / short hyperliquid,okx,hyperliquid,2026-07-21 11:00:00.043000+00:00,0.0,2.52931e-05,2.52931e-05,0.252931,-10.398937886008005,,1.0,KRX_FULLY_CLOSED_PRE_US,POST_GATE_REGIME
long okx / short hyperliquid,okx,hyperliquid,2026-07-21 12:00:00.029000+00:00,0.0,-6.63142e-05,-6.63142e-05,-0.663142,-11.062079886008005,,1.0,KRX_FULLY_CLOSED_PRE_US,POST_GATE_REGIME
long okx / short hyperliquid,okx,hyperliquid,2026-07-21 13:00:00.025000+00:00,0.0,-5.06018e-05,-5.06018e-05,-0.506018,-11.568097886008005,,1.0,KRX_FULLY_CLOSED_PRE_US,POST_GATE_REGIME
long okx / short hyperliquid,okx,hyperliquid,2026-07-21 14:00:00.062000+00:00,0.0,0.0002787525,0.0002787525,2.787525,-8.780572886008004,,1.0,US_REGULAR,POST_GATE_REGIME
long okx / short hyperliquid,okx,hyperliquid,2026-07-21 15:00:00.021000+00:00,0.0,0.000232627,0.000232627,2.32627,-6.454302886008004,,1.0,US_REGULAR,POST_GATE_REGIME
long okx / short hyperliquid,okx,hyperliquid,2026-07-21 16:00:00+00:00,0.0011616131276546,0.0,-0.0011616131276546,-11.616131276546,-18.070434162554005,8.0,,US_REGULAR,POST_GATE_REGIME
long okx / short hyperliquid,okx,hyperliquid,2026-07-21 16:00:00.022000+00:00,0.0,0.0002466834,0.0002466834,2.466834,-15.603600162554004,,1.0,US_REGULAR,POST_GATE_REGIME
long okx / short hyperliquid,okx,hyperliquid,2026-07-21 17:00:00.028000+00:00,0.0,0.0002477315,0.0002477315,2.477315,-13.126285162554005,,1.0,US_REGULAR,POST_GATE_REGIME
long okx / short hyperliquid,okx,hyperliquid,2026-07-21 18:00:00.028000+00:00,0.0,0.0002239247,0.0002239247,2.2392469999999998,-10.887038162554006,,1.0,US_REGULAR,POST_GATE_REGIME
long okx / short hyperliquid,okx,hyperliquid,2026-07-21 19:00:00.068000+00:00,0.0,4.89291e-05,4.89291e-05,0.489291,-10.397747162554007,,1.0,US_REGULAR,POST_GATE_REGIME
long okx / short hyperliquid,okx,hyperliquid,2026-07-21 20:00:00.059000+00:00,0.0,6.25e-06,6.25e-06,0.0625,-10.335247162554007,,1.0,US_AFTER_HOURS,POST_GATE_REGIME
long okx / short hyperliquid,okx,hyperliquid,2026-07-21 21:00:00.047000+00:00,0.0,0.0002137557,0.0002137557,2.137557,-8.197690162554007,,1.0,US_AFTER_HOURS,POST_GATE_REGIME
long okx / short hyperliquid,okx,hyperliquid,2026-07-21 22:00:00.051000+00:00,0.0,0.0002811407,0.0002811407,2.811407,-5.386283162554007,,1.0,US_AFTER_HOURS,POST_GATE_REGIME
long okx / short hyperliquid,okx,hyperliquid,2026-07-21 23:00:00.023000+00:00,0.0,-0.0001346425,-0.0001346425,-1.3464250000000002,-6.732708162554007,,1.0,US_AFTER_HOURS,POST_GATE_REGIME
long okx / short hyperliquid,okx,hyperliquid,2026-07-22 00:00:00+00:00,0.0005027897230029,0.0,-0.0005027897230029,-5.027897230029,-11.760605392583006,8.0,,KRX_FULLY_CLOSED_PRE_US,POST_GATE_REGIME
long okx / short hyperliquid,okx,hyperliquid,2026-07-22 00:00:00.025000+00:00,0.0,0.0001955694,0.0001955694,1.955694,-9.804911392583007,,1.0,KRX_FULLY_CLOSED_PRE_US,POST_GATE_REGIME
long okx / short hyperliquid,okx,hyperliquid,2026-07-22 01:00:00.013000+00:00,0.0,-8.5126e-06,-8.5126e-06,-0.08512600000000001,-9.890037392583007,,1.0,KRX_FULLY_CLOSED_PRE_US,POST_GATE_REGIME
long okx / short hyperliquid,okx,hyperliquid,2026-07-22 02:00:00.091000+00:00,0.0,-1.50561e-05,-1.50561e-05,-0.150561,-10.040598392583007,,1.0,KRX_FULLY_CLOSED_PRE_US,POST_GATE_REGIME
long okx / short hyperliquid,okx,hyperliquid,2026-07-22 03:00:00.043000+00:00,0.0,6.25e-06,6.25e-06,0.0625,-9.978098392583007,,1.0,KRX_FULLY_CLOSED_PRE_US,POST_GATE_REGIME
long okx / short hyperliquid,okx,hyperliquid,2026-07-22 04:00:00.052000+00:00,0.0,1.00317e-05,1.00317e-05,0.10031699999999999,-9.877781392583007,,1.0,KRX_FULLY_CLOSED_PRE_US,POST_GATE_REGIME
long okx / short hyperliquid,okx,hyperliquid,2026-07-22 05:00:00.087000+00:00,0.0,2.51491e-05,2.51491e-05,0.251491,-9.626290392583007,,1.0,KRX_FULLY_CLOSED_PRE_US,POST_GATE_REGIME
long okx / short hyperliquid,okx,hyperliquid,2026-07-22 06:00:00.048000+00:00,0.0,6.51903e-05,6.51903e-05,0.651903,-8.974387392583006,,1.0,PRE_CLOSE_BASELINE,POST_GATE_REGIME
long okx / short hyperliquid,okx,hyperliquid,2026-07-22 07:00:00.019000+00:00,0.0,0.0001006291,0.0001006291,1.006291,-7.968096392583006,,1.0,KRX_OFFICIAL_AFTER_HOURS,POST_GATE_REGIME
long okx / short hyperliquid,okx,hyperliquid,2026-07-22 08:00:00+00:00,0.0009239274241871,0.0,-0.0009239274241871,-9.239274241871,-17.207370634454005,8.0,,KRX_OFFICIAL_AFTER_HOURS,POST_GATE_REGIME
long okx / short hyperliquid,okx,hyperliquid,2026-07-22 08:00:00.039000+00:00,0.0,6.92692e-05,6.92692e-05,0.6926920000000001,-16.514678634454004,,1.0,KRX_OFFICIAL_AFTER_HOURS,POST_GATE_REGIME
long okx / short hyperliquid,okx,hyperliquid,2026-07-22 09:00:00.028000+00:00,0.0,6.25e-06,6.25e-06,0.0625,-16.452178634454004,,1.0,KRX_FULLY_CLOSED_PRE_US,POST_GATE_REGIME
long okx / short hyperliquid,okx,hyperliquid,2026-07-22 10:00:00.025000+00:00,0.0,6.68522e-05,6.68522e-05,0.6685220000000001,-15.783656634454005,,1.0,KRX_FULLY_CLOSED_PRE_US,POST_GATE_REGIME
long okx / short hyperliquid,okx,hyperliquid,2026-07-22 11:00:00.047000+00:00,0.0,0.00015643,0.00015643,1.5643,-14.219356634454005,,1.0,KRX_FULLY_CLOSED_PRE_US,POST_GATE_REGIME
long okx / short hyperliquid,okx,hyperliquid,2026-07-22 12:00:00.037000+00:00,0.0,-2.04653e-05,-2.04653e-05,-0.20465299999999997,-14.424009634454006,,1.0,KRX_FULLY_CLOSED_PRE_US,POST_GATE_REGIME
long okx / short hyperliquid,okx,hyperliquid,2026-07-22 13:00:00.052000+00:00,0.0,-8.9015e-05,-8.9015e-05,-0.89015,-15.314159634454006,,1.0,KRX_FULLY_CLOSED_PRE_US,POST_GATE_REGIME
long okx / short hyperliquid,okx,hyperliquid,2026-07-22 14:00:00.038000+00:00,0.0,0.0004317929,0.0004317929,4.317929,-10.996230634454005,,1.0,US_REGULAR,POST_GATE_REGIME
long okx / short hyperliquid,okx,hyperliquid,2026-07-22 15:00:00.018000+00:00,0.0,0.0002461753,0.0002461753,2.461753,-8.534477634454005,,1.0,US_REGULAR,POST_GATE_REGIME
long okx / short hyperliquid,okx,hyperliquid,2026-07-22 16:00:00+00:00,0.001347564728786,0.0,-0.001347564728786,-13.47564728786,-22.010124922314006,8.0,,US_REGULAR,POST_GATE_REGIME
long okx / short hyperliquid,okx,hyperliquid,2026-07-22 16:00:00.004000+00:00,0.0,0.0001717476,0.0001717476,1.717476,-20.292648922314005,,1.0,US_REGULAR,POST_GATE_REGIME
long okx / short hyperliquid,okx,hyperliquid,2026-07-22 17:00:00.047000+00:00,0.0,0.0001190343,0.0001190343,1.1903430000000002,-19.102305922314006,,1.0,US_REGULAR,POST_GATE_REGIME
long okx / short hyperliquid,okx,hyperliquid,2026-07-22 18:00:00.015000+00:00,0.0,-9.87794e-05,-9.87794e-05,-0.987794,-20.090099922314007,,1.0,US_REGULAR,POST_GATE_REGIME
long okx / short hyperliquid,okx,hyperliquid,2026-07-22 19:00:00.007000+00:00,0.0,-9.5528e-05,-9.5528e-05,-0.95528,-21.045379922314005,,1.0,US_REGULAR,POST_GATE_REGIME
long okx / short hyperliquid,okx,hyperliquid,2026-07-22 20:00:00.054000+00:00,0.0,6.25e-06,6.25e-06,0.0625,-20.982879922314005,,1.0,US_AFTER_HOURS,POST_GATE_REGIME
long okx / short hyperliquid,okx,hyperliquid,2026-07-22 21:00:00.034000+00:00,0.0,0.000416244,0.000416244,4.16244,-16.820439922314005,,1.0,US_AFTER_HOURS,POST_GATE_REGIME
long okx / short hyperliquid,okx,hyperliquid,2026-07-22 22:00:00.043000+00:00,0.0,0.0004473368,0.0004473368,4.473368,-12.347071922314004,,1.0,US_AFTER_HOURS,POST_GATE_REGIME
long okx / short hyperliquid,okx,hyperliquid,2026-07-22 23:00:00.077000+00:00,0.0,-0.0002842418,-0.0002842418,-2.8424180000000003,-15.189489922314005,,1.0,US_AFTER_HOURS,POST_GATE_REGIME
