pair,regime,threshold_bps,event_start,event_end,duration_minutes,peak_abs_spread_bps,peak_time,spread_at_end_bps
binance/gate,GATE_REGIME_20260716_19,20,2026-07-16 18:34:00+00:00,2026-07-17 19:38:00+00:00,1505,189.71583777443942,2026-07-16 20:47:00+00:00,-26.867951443953377
binance/gate,GATE_REGIME_20260716_19,20,2026-07-17 19:41:00+00:00,2026-07-18 14:08:00+00:00,1108,47.50677439059146,2026-07-18 01:04:00+00:00,-22.683224421760055
binance/gate,GATE_REGIME_20260716_19,20,2026-07-18 14:11:00+00:00,2026-07-18 16:22:00+00:00,132,25.2072268018042,2026-07-18 15:42:00+00:00,-21.17206645133481
binance/gate,GATE_REGIME_20260716_19,20,2026-07-18 16:59:00+00:00,2026-07-18 17:01:00+00:00,3,21.168060519832515,2026-07-18 17:01:00+00:00,-21.168060519832515
binance/gate,GATE_REGIME_20260716_19,20,2026-07-18 17:11:00+00:00,2026-07-18 17:12:00+00:00,2,22.040462587426994,2026-07-18 17:11:00+00:00,-20.070463836238442
binance/gate,GATE_REGIME_20260716_19,20,2026-07-18 17:15:00+00:00,2026-07-18 17:15:00+00:00,1,21.114186039437794,2026-07-18 17:15:00+00:00,-21.114186039437794
binance/gate,GATE_REGIME_20260716_19,20,2026-07-18 17:21:00+00:00,2026-07-18 17:26:00+00:00,6,23.50940764774501,2026-07-18 17:24:00+00:00,-23.44763162596958
binance/gate,GATE_REGIME_20260716_19,20,2026-07-18 17:29:00+00:00,2026-07-18 17:36:00+00:00,8,23.705479230874616,2026-07-18 17:30:00+00:00,-20.793367002926495
binance/gate,GATE_REGIME_20260716_19,20,2026-07-18 18:02:00+00:00,2026-07-18 18:06:00+00:00,5,22.181146025879585,2026-07-18 18:03:00+00:00,-20.443226550097965
binance/gate,GATE_REGIME_20260716_19,20,2026-07-18 18:28:00+00:00,2026-07-18 18:29:00+00:00,2,22.15764878649042,2026-07-18 18:28:00+00:00,-21.00712679797631
binance/gate,GATE_REGIME_20260716_19,20,2026-07-18 18:42:00+00:00,2026-07-18 18:42:00+00:00,1,20.283181064389563,2026-07-18 18:42:00+00:00,-20.283181064389563
binance/gate,GATE_REGIME_20260716_19,20,2026-07-18 18:48:00+00:00,2026-07-18 18:51:00+00:00,4,20.615918688589158,2026-07-18 18:50:00+00:00,-20.460561201817963
binance/gate,GATE_REGIME_20260716_19,20,2026-07-18 19:18:00+00:00,2026-07-18 19:28:00+00:00,11,23.999582615954427,2026-07-18 19:24:00+00:00,-20.018277557769746
binance/gate,GATE_REGIME_20260716_19,20,2026-07-18 19:37:00+00:00,2026-07-18 19:37:00+00:00,1,21.079207508362785,2026-07-18 19:37:00+00:00,-21.079207508362785
binance/gate,GATE_REGIME_20260716_19,20,2026-07-18 19:50:00+00:00,2026-07-18 19:52:00+00:00,3,21.39186239641066,2026-07-18 19:52:00+00:00,-21.39186239641066
binance/gate,GATE_REGIME_20260716_19,20,2026-07-18 19:57:00+00:00,2026-07-18 20:03:00+00:00,7,22.517725101176907,2026-07-18 19:57:00+00:00,-20.71823078444958
binance/gate,GATE_REGIME_20260716_19,20,2026-07-18 21:00:00+00:00,2026-07-18 21:07:00+00:00,8,21.413073748870094,2026-07-18 21:05:00+00:00,-20.42723341373761
binance/gate,GATE_REGIME_20260716_19,20,2026-07-18 22:01:00+00:00,2026-07-18 22:01:00+00:00,1,20.63894586687778,2026-07-18 22:01:00+00:00,-20.63894586687778
binance/gate,GATE_REGIME_20260716_19,20,2026-07-19 00:52:00+00:00,2026-07-19 00:52:00+00:00,1,25.798460292268697,2026-07-19 00:52:00+00:00,-25.798460292268697
binance/gate,GATE_REGIME_20260716_19,20,2026-07-19 04:33:00+00:00,2026-07-19 04:43:00+00:00,11,21.466355484053654,2026-07-19 04:40:00+00:00,-21.308295378816418
binance/gate,GATE_REGIME_20260716_19,20,2026-07-19 04:48:00+00:00,2026-07-19 04:48:00+00:00,1,20.017814609182658,2026-07-19 04:48:00+00:00,-20.017814609182658
binance/gate,GATE_REGIME_20260716_19,20,2026-07-19 05:02:00+00:00,2026-07-19 05:02:00+00:00,1,20.330368487929615,2026-07-19 05:02:00+00:00,-20.330368487929615
binance/gate,GATE_REGIME_20260716_19,20,2026-07-19 05:06:00+00:00,2026-07-19 05:06:00+00:00,1,21.728966883926525,2026-07-19 05:06:00+00:00,-21.728966883926525
binance/gate,GATE_REGIME_20260716_19,20,2026-07-19 05:15:00+00:00,2026-07-19 05:15:00+00:00,1,20.727501316706487,2026-07-19 05:15:00+00:00,-20.727501316706487
binance/gate,GATE_REGIME_20260716_19,20,2026-07-19 05:20:00+00:00,2026-07-19 05:22:00+00:00,3,20.41095766811761,2026-07-19 05:22:00+00:00,-20.41095766811761
binance/gate,GATE_REGIME_20260716_19,20,2026-07-19 07:47:00+00:00,2026-07-19 07:47:00+00:00,1,20.77525240520643,2026-07-19 07:47:00+00:00,-20.77525240520643
binance/gate,GATE_REGIME_20260716_19,20,2026-07-19 08:10:00+00:00,2026-07-19 08:12:00+00:00,3,21.849947911669535,2026-07-19 08:12:00+00:00,-21.849947911669535
binance/gate,GATE_REGIME_20260716_19,20,2026-07-19 08:24:00+00:00,2026-07-19 08:25:00+00:00,2,21.141007631195503,2026-07-19 08:25:00+00:00,-21.141007631195503
binance/gate,GATE_REGIME_20260716_19,20,2026-07-19 08:30:00+00:00,2026-07-19 08:30:00+00:00,1,20.839729214977933,2026-07-19 08:30:00+00:00,-20.839729214977933
binance/gate,GATE_REGIME_20260716_19,20,2026-07-19 09:17:00+00:00,2026-07-19 09:17:00+00:00,1,26.618188535706352,2026-07-19 09:17:00+00:00,-26.618188535706352
binance/gate,GATE_REGIME_20260716_19,20,2026-07-19 16:30:00+00:00,2026-07-19 16:37:00+00:00,8,25.791592560506924,2026-07-19 16:33:00+00:00,-21.816360572657704
binance/gate,GATE_REGIME_20260716_19,20,2026-07-19 16:40:00+00:00,2026-07-19 16:42:00+00:00,3,22.463814186111353,2026-07-19 16:40:00+00:00,-20.700226465620993
binance/gate,GATE_REGIME_20260716_19,20,2026-07-19 16:47:00+00:00,2026-07-19 16:47:00+00:00,1,21.311913869301005,2026-07-19 16:47:00+00:00,-21.311913869301005
binance/gate,GATE_REGIME_20260716_19,20,2026-07-19 16:50:00+00:00,2026-07-19 16:50:00+00:00,1,20.741597102975458,2026-07-19 16:50:00+00:00,-20.741597102975458
binance/gate,GATE_REGIME_20260716_19,20,2026-07-19 16:55:00+00:00,2026-07-19 16:55:00+00:00,1,20.396022775559537,2026-07-19 16:55:00+00:00,-20.396022775559537
binance/gate,GATE_REGIME_20260716_19,20,2026-07-19 17:13:00+00:00,2026-07-19 17:22:00+00:00,10,22.656950103985793,2026-07-19 17:20:00+00:00,-21.720481907345125
binance/gate,GATE_REGIME_20260716_19,20,2026-07-19 17:25:00+00:00,2026-07-19 17:25:00+00:00,1,20.05209581971991,2026-07-19 17:25:00+00:00,-20.05209581971991
binance/gate,GATE_REGIME_20260716_19,20,2026-07-19 17:28:00+00:00,2026-07-19 17:29:00+00:00,2,23.25603314007311,2026-07-19 17:29:00+00:00,-23.25603314007311
binance/gate,GATE_REGIME_20260716_19,20,2026-07-19 17:33:00+00:00,2026-07-19 17:35:00+00:00,3,21.315404803127155,2026-07-19 17:33:00+00:00,-20.287988416483397
binance/gate,GATE_REGIME_20260716_19,20,2026-07-19 17:39:00+00:00,2026-07-19 17:49:00+00:00,11,21.659269054898783,2026-07-19 17:41:00+00:00,-20.178644868513636
binance/gate,GATE_REGIME_20260716_19,20,2026-07-19 17:53:00+00:00,2026-07-19 17:56:00+00:00,4,21.03403306549998,2026-07-19 17:53:00+00:00,-20.94980880144385
binance/gate,GATE_REGIME_20260716_19,20,2026-07-19 18:00:00+00:00,2026-07-19 18:05:00+00:00,6,22.211378283330532,2026-07-19 18:05:00+00:00,-22.211378283330532
binance/gate,GATE_REGIME_20260716_19,20,2026-07-19 18:08:00+00:00,2026-07-19 18:10:00+00:00,3,21.624948560993182,2026-07-19 18:10:00+00:00,-21.624948560993182
binance/gate,GATE_REGIME_20260716_19,20,2026-07-19 18:16:00+00:00,2026-07-19 18:22:00+00:00,7,21.94833699139065,2026-07-19 18:19:00+00:00,-20.673797017066818
binance/gate,GATE_REGIME_20260716_19,20,2026-07-19 18:26:00+00:00,2026-07-19 18:26:00+00:00,1,20.070668994190548,2026-07-19 18:26:00+00:00,-20.070668994190548
binance/gate,GATE_REGIME_20260716_19,20,2026-07-19 18:31:00+00:00,2026-07-19 18:31:00+00:00,1,20.323917709216868,2026-07-19 18:31:00+00:00,-20.323917709216868
binance/gate,GATE_REGIME_20260716_19,20,2026-07-19 18:42:00+00:00,2026-07-19 18:48:00+00:00,7,22.074497215412705,2026-07-19 18:43:00+00:00,-21.83421064339167
binance/gate,GATE_REGIME_20260716_19,20,2026-07-19 18:51:00+00:00,2026-07-19 19:13:00+00:00,23,23.51786278328849,2026-07-19 18:51:00+00:00,-20.662371805102065
binance/gate,GATE_REGIME_20260716_19,20,2026-07-19 19:16:00+00:00,2026-07-19 19:23:00+00:00,8,22.905354322192608,2026-07-19 19:18:00+00:00,-20.269147808275562
binance/gate,GATE_REGIME_20260716_19,20,2026-07-19 19:26:00+00:00,2026-07-19 19:30:00+00:00,5,20.653057554888047,2026-07-19 19:26:00+00:00,-20.410934693324386
binance/gate,GATE_REGIME_20260716_19,20,2026-07-19 19:33:00+00:00,2026-07-19 19:37:00+00:00,5,21.02450485615797,2026-07-19 19:35:00+00:00,-20.71815827603727
binance/gate,GATE_REGIME_20260716_19,20,2026-07-19 19:40:00+00:00,2026-07-19 19:57:00+00:00,18,24.01141169531542,2026-07-19 19:49:00+00:00,-20.51693559797916
binance/gate,GATE_REGIME_20260716_19,20,2026-07-19 20:00:00+00:00,2026-07-19 20:01:00+00:00,2,21.894861865782577,2026-07-19 20:01:00+00:00,-21.894861865782577
binance/gate,GATE_REGIME_20260716_19,20,2026-07-19 20:05:00+00:00,2026-07-19 20:35:00+00:00,31,24.23165123191428,2026-07-19 20:21:00+00:00,-21.553145288220193
binance/gate,GATE_REGIME_20260716_19,20,2026-07-19 20:40:00+00:00,2026-07-19 21:16:00+00:00,37,24.805740168726093,2026-07-19 20:49:00+00:00,-21.12074023165749
binance/gate,GATE_REGIME_20260716_19,20,2026-07-19 21:21:00+00:00,2026-07-19 21:25:00+00:00,5,22.444433278060263,2026-07-19 21:25:00+00:00,-22.444433278060263
binance/gate,GATE_REGIME_20260716_19,20,2026-07-19 21:28:00+00:00,2026-07-19 21:29:00+00:00,2,21.505136289957054,2026-07-19 21:28:00+00:00,-20.733981595947725
binance/gate,GATE_REGIME_20260716_19,20,2026-07-19 21:37:00+00:00,2026-07-19 21:46:00+00:00,10,22.932132604638394,2026-07-19 21:40:00+00:00,-21.694526101101665
binance/gate,GATE_REGIME_20260716_19,20,2026-07-19 21:51:00+00:00,2026-07-19 21:56:00+00:00,6,21.875877444798004,2026-07-19 21:56:00+00:00,-21.875877444798004
binance/gate,GATE_REGIME_20260716_19,20,2026-07-19 22:08:00+00:00,2026-07-19 22:08:00+00:00,1,24.12647351378922,2026-07-19 22:08:00+00:00,-24.12647351378922
binance/gate,GATE_REGIME_20260716_19,20,2026-07-19 22:17:00+00:00,2026-07-19 22:52:00+00:00,36,35.72441374167192,2026-07-19 22:50:00+00:00,-35.58573729685841
binance/gate,GATE_REGIME_20260716_19,20,2026-07-19 22:56:00+00:00,2026-07-19 22:59:00+00:00,4,25.501850216532837,2026-07-19 22:59:00+00:00,-25.501850216532837
binance/gate,GATE_REGIME_20260716_19,20,2026-07-19 23:04:00+00:00,2026-07-19 23:04:00+00:00,1,23.281839097467124,2026-07-19 23:04:00+00:00,-23.281839097467124
binance/gate,GATE_REGIME_20260716_19,20,2026-07-19 23:10:00+00:00,2026-07-19 23:14:00+00:00,5,29.543711916297255,2026-07-19 23:13:00+00:00,-28.747633465006817
binance/gate,GATE_REGIME_20260716_19,20,2026-07-19 23:17:00+00:00,2026-07-19 23:18:00+00:00,2,25.948307976814128,2026-07-19 23:17:00+00:00,-22.841673364071276
binance/gate,GATE_REGIME_20260716_19,20,2026-07-19 23:21:00+00:00,2026-07-19 23:57:00+00:00,37,35.935485234743275,2026-07-19 23:47:00+00:00,-22.95462475899783
binance/gate,GATE_REGIME_20260716_19,50,2026-07-16 18:34:00+00:00,2026-07-17 15:07:00+00:00,1234,189.71583777443942,2026-07-16 20:47:00+00:00,-79.58950381187304
binance/gate,GATE_REGIME_20260716_19,50,2026-07-17 15:10:00+00:00,2026-07-17 19:11:00+00:00,242,113.93035661639347,2026-07-17 16:44:00+00:00,-52.55469478669222
binance/gate,GATE_REGIME_20260716_19,100,2026-07-16 18:34:00+00:00,2026-07-17 05:25:00+00:00,652,189.71583777443942,2026-07-16 20:47:00+00:00,-101.09361814570693
binance/gate,GATE_REGIME_20260716_19,100,2026-07-17 05:34:00+00:00,2026-07-17 05:37:00+00:00,4,101.08549615064841,2026-07-17 05:34:00+00:00,-100.69215132983979
binance/gate,GATE_REGIME_20260716_19,100,2026-07-17 05:50:00+00:00,2026-07-17 05:50:00+00:00,1,100.58007176941199,2026-07-17 05:50:00+00:00,-100.58007176941199
binance/gate,GATE_REGIME_20260716_19,100,2026-07-17 05:53:00+00:00,2026-07-17 05:58:00+00:00,6,103.88014766210537,2026-07-17 05:55:00+00:00,-101.38858276394109
binance/gate,GATE_REGIME_20260716_19,100,2026-07-17 06:07:00+00:00,2026-07-17 06:08:00+00:00,2,106.13564629532236,2026-07-17 06:08:00+00:00,-106.13564629532236
binance/gate,GATE_REGIME_20260716_19,100,2026-07-17 06:12:00+00:00,2026-07-17 06:35:00+00:00,24,119.53842878279087,2026-07-17 06:22:00+00:00,-105.2366113982122
binance/gate,GATE_REGIME_20260716_19,100,2026-07-17 06:38:00+00:00,2026-07-17 06:38:00+00:00,1,100.78748276173184,2026-07-17 06:38:00+00:00,-100.78748276173184
binance/gate,GATE_REGIME_20260716_19,100,2026-07-17 06:41:00+00:00,2026-07-17 06:54:00+00:00,14,112.07116371439082,2026-07-17 06:47:00+00:00,-100.59623715878945
binance/gate,GATE_REGIME_20260716_19,100,2026-07-17 07:11:00+00:00,2026-07-17 07:14:00+00:00,4,107.69420869312246,2026-07-17 07:11:00+00:00,-100.80873327471622
binance/gate,GATE_REGIME_20260716_19,100,2026-07-17 07:22:00+00:00,2026-07-17 07:22:00+00:00,1,101.79984243557442,2026-07-17 07:22:00+00:00,-101.79984243557442
binance/gate,GATE_REGIME_20260716_19,100,2026-07-17 08:14:00+00:00,2026-07-17 08:14:00+00:00,1,101.73165913603131,2026-07-17 08:14:00+00:00,-101.73165913603131
binance/gate,GATE_REGIME_20260716_19,100,2026-07-17 08:27:00+00:00,2026-07-17 08:27:00+00:00,1,101.29510523825331,2026-07-17 08:27:00+00:00,-101.29510523825331
binance/gate,GATE_REGIME_20260716_19,100,2026-07-17 08:49:00+00:00,2026-07-17 08:49:00+00:00,1,100.63477997657438,2026-07-17 08:49:00+00:00,-100.63477997657438
binance/gate,GATE_REGIME_20260716_19,100,2026-07-17 08:52:00+00:00,2026-07-17 08:52:00+00:00,1,103.48576164806225,2026-07-17 08:52:00+00:00,-103.48576164806225
binance/gate,GATE_REGIME_20260716_19,100,2026-07-17 09:12:00+00:00,2026-07-17 09:13:00+00:00,2,104.20996338517493,2026-07-17 09:13:00+00:00,-104.20996338517493
binance/gate,GATE_REGIME_20260716_19,100,2026-07-17 09:42:00+00:00,2026-07-17 09:44:00+00:00,3,103.76008947212902,2026-07-17 09:44:00+00:00,-103.76008947212902
binance/gate,GATE_REGIME_20260716_19,100,2026-07-17 09:58:00+00:00,2026-07-17 09:58:00+00:00,1,102.93623421397794,2026-07-17 09:58:00+00:00,-102.93623421397794
binance/gate,GATE_REGIME_20260716_19,100,2026-07-17 10:02:00+00:00,2026-07-17 10:04:00+00:00,3,117.16856963038512,2026-07-17 10:04:00+00:00,-117.16856963038512
binance/gate,GATE_REGIME_20260716_19,100,2026-07-17 10:07:00+00:00,2026-07-17 10:33:00+00:00,27,126.09374856933023,2026-07-17 10:22:00+00:00,-107.23181491957652
binance/gate,GATE_REGIME_20260716_19,100,2026-07-17 10:37:00+00:00,2026-07-17 10:38:00+00:00,2,115.46409767428945,2026-07-17 10:38:00+00:00,-115.46409767428945
binance/gate,GATE_REGIME_20260716_19,100,2026-07-17 10:45:00+00:00,2026-07-17 12:39:00+00:00,115,122.43279622556972,2026-07-17 12:27:00+00:00,-102.21611038997062
binance/gate,GATE_REGIME_20260716_19,100,2026-07-17 14:02:00+00:00,2026-07-17 14:02:00+00:00,1,109.5838437183582,2026-07-17 14:02:00+00:00,-109.5838437183582
binance/gate,GATE_REGIME_20260716_19,100,2026-07-17 14:14:00+00:00,2026-07-17 14:15:00+00:00,2,110.06275814094666,2026-07-17 14:14:00+00:00,-104.23804593328087
binance/gate,GATE_REGIME_20260716_19,100,2026-07-17 14:21:00+00:00,2026-07-17 14:21:00+00:00,1,100.7200165336663,2026-07-17 14:21:00+00:00,-100.7200165336663
binance/gate,GATE_REGIME_20260716_19,100,2026-07-17 16:21:00+00:00,2026-07-17 16:25:00+00:00,5,104.75574382838383,2026-07-17 16:21:00+00:00,-101.62711949328273
binance/gate,GATE_REGIME_20260716_19,100,2026-07-17 16:40:00+00:00,2026-07-17 16:53:00+00:00,14,113.93035661639347,2026-07-17 16:44:00+00:00,-100.4194474864152
binance/gate,GATE_REGIME_20260716_19,100,2026-07-17 16:56:00+00:00,2026-07-17 16:57:00+00:00,2,104.58218795858123,2026-07-17 16:57:00+00:00,-104.58218795858123
binance/gate,GATE_REGIME_20260716_19,100,2026-07-17 17:00:00+00:00,2026-07-17 17:00:00+00:00,1,101.6761127879637,2026-07-17 17:00:00+00:00,-101.6761127879637
binance/gate,GATE_REGIME_20260716_19,100,2026-07-17 17:17:00+00:00,2026-07-17 17:17:00+00:00,1,100.8350532093097,2026-07-17 17:17:00+00:00,-100.8350532093097
binance/gate,GATE_REGIME_20260716_19,100,2026-07-17 17:55:00+00:00,2026-07-17 17:55:00+00:00,1,100.43454001318737,2026-07-17 17:55:00+00:00,-100.43454001318737
binance/gate,POST_GATE_REGIME,20,2026-07-20 00:03:00+00:00,2026-07-20 00:07:00+00:00,5,56.53001905671308,2026-07-20 00:03:00+00:00,-21.88982123312697
binance/gate,POST_GATE_REGIME,20,2026-07-20 00:21:00+00:00,2026-07-20 00:21:00+00:00,1,27.21668362273861,2026-07-20 00:21:00+00:00,-27.21668362273861
binance/gate,POST_GATE_REGIME,20,2026-07-20 00:25:00+00:00,2026-07-20 00:30:00+00:00,6,31.09157478332321,2026-07-20 00:28:00+00:00,-23.97870455328341
binance/gate,POST_GATE_REGIME,20,2026-07-20 00:37:00+00:00,2026-07-20 00:37:00+00:00,1,20.858774808405187,2026-07-20 00:37:00+00:00,-20.858774808405187
binance/gate,POST_GATE_REGIME,20,2026-07-20 00:40:00+00:00,2026-07-20 00:40:00+00:00,1,30.491414206260107,2026-07-20 00:40:00+00:00,-30.491414206260107
binance/gate,POST_GATE_REGIME,20,2026-07-20 00:44:00+00:00,2026-07-20 00:44:00+00:00,1,31.64719213794786,2026-07-20 00:44:00+00:00,-31.64719213794786
binance/gate,POST_GATE_REGIME,20,2026-07-20 00:49:00+00:00,2026-07-20 00:49:00+00:00,1,20.537349550000066,2026-07-20 00:49:00+00:00,-20.537349550000066
binance/gate,POST_GATE_REGIME,20,2026-07-20 00:56:00+00:00,2026-07-20 00:56:00+00:00,1,32.321791993890116,2026-07-20 00:56:00+00:00,-32.321791993890116
binance/gate,POST_GATE_REGIME,20,2026-07-20 01:03:00+00:00,2026-07-20 01:03:00+00:00,1,21.38210757522243,2026-07-20 01:03:00+00:00,-21.38210757522243
binance/gate,POST_GATE_REGIME,20,2026-07-20 01:10:00+00:00,2026-07-20 01:10:00+00:00,1,24.00461200182274,2026-07-20 01:10:00+00:00,-24.00461200182274
binance/gate,POST_GATE_REGIME,20,2026-07-20 01:18:00+00:00,2026-07-20 01:19:00+00:00,2,21.604301440691927,2026-07-20 01:18:00+00:00,-20.530131822921305
binance/gate,POST_GATE_REGIME,20,2026-07-20 01:52:00+00:00,2026-07-20 01:54:00+00:00,3,31.705733406858176,2026-07-20 01:54:00+00:00,-31.705733406858176
binance/gate,POST_GATE_REGIME,20,2026-07-20 02:25:00+00:00,2026-07-20 02:26:00+00:00,2,25.117498854206467,2026-07-20 02:25:00+00:00,-21.0298151465862
binance/gate,POST_GATE_REGIME,20,2026-07-20 02:33:00+00:00,2026-07-20 02:33:00+00:00,1,22.832999790220654,2026-07-20 02:33:00+00:00,-22.832999790220654
binance/gate,POST_GATE_REGIME,20,2026-07-20 02:38:00+00:00,2026-07-20 02:38:00+00:00,1,24.89568418432319,2026-07-20 02:38:00+00:00,-24.89568418432319
binance/gate,POST_GATE_REGIME,20,2026-07-20 02:44:00+00:00,2026-07-20 02:44:00+00:00,1,21.20782159521915,2026-07-20 02:44:00+00:00,-21.20782159521915
binance/gate,POST_GATE_REGIME,20,2026-07-20 02:54:00+00:00,2026-07-20 02:54:00+00:00,1,22.34751813062986,2026-07-20 02:54:00+00:00,-22.34751813062986
binance/gate,POST_GATE_REGIME,20,2026-07-20 02:59:00+00:00,2026-07-20 02:59:00+00:00,1,24.22984922735637,2026-07-20 02:59:00+00:00,-24.22984922735637
binance/gate,POST_GATE_REGIME,20,2026-07-20 03:05:00+00:00,2026-07-20 03:06:00+00:00,2,24.11840551468677,2026-07-20 03:06:00+00:00,-24.11840551468677
binance/gate,POST_GATE_REGIME,20,2026-07-20 03:09:00+00:00,2026-07-20 03:57:00+00:00,49,38.49650734887318,2026-07-20 03:31:00+00:00,-29.199767552665303
binance/gate,POST_GATE_REGIME,20,2026-07-20 04:01:00+00:00,2026-07-20 04:31:00+00:00,31,30.067313314122764,2026-07-20 04:15:00+00:00,-26.709998056703075
binance/gate,POST_GATE_REGIME,20,2026-07-20 04:55:00+00:00,2026-07-20 04:55:00+00:00,1,23.561340732797795,2026-07-20 04:55:00+00:00,-23.561340732797795
binance/gate,POST_GATE_REGIME,20,2026-07-20 05:04:00+00:00,2026-07-20 05:06:00+00:00,3,24.302317328180923,2026-07-20 05:06:00+00:00,-24.302317328180923
binance/gate,POST_GATE_REGIME,20,2026-07-20 05:09:00+00:00,2026-07-20 05:09:00+00:00,1,22.629422209525085,2026-07-20 05:09:00+00:00,-22.629422209525085
binance/gate,POST_GATE_REGIME,20,2026-07-20 05:12:00+00:00,2026-07-20 05:12:00+00:00,1,23.03932132669641,2026-07-20 05:12:00+00:00,-23.03932132669641
binance/gate,POST_GATE_REGIME,20,2026-07-20 05:15:00+00:00,2026-07-20 05:37:00+00:00,23,28.88062674279659,2026-07-20 05:31:00+00:00,-23.34196657891882
binance/gate,POST_GATE_REGIME,20,2026-07-20 06:08:00+00:00,2026-07-20 06:12:00+00:00,5,22.159022900319226,2026-07-20 06:10:00+00:00,-21.125270735341918
binance/gate,POST_GATE_REGIME,20,2026-07-20 06:23:00+00:00,2026-07-20 06:23:00+00:00,1,22.067336247834145,2026-07-20 06:23:00+00:00,-22.067336247834145
binance/gate,POST_GATE_REGIME,20,2026-07-20 13:04:00+00:00,2026-07-20 13:04:00+00:00,1,22.096627281271886,2026-07-20 13:04:00+00:00,-22.096627281271886
binance/gate,POST_GATE_REGIME,20,2026-07-20 13:33:00+00:00,2026-07-20 13:33:00+00:00,1,28.450295129836633,2026-07-20 13:33:00+00:00,-28.450295129836633
binance/gate,POST_GATE_REGIME,20,2026-07-20 13:52:00+00:00,2026-07-20 13:52:00+00:00,1,22.335595878833633,2026-07-20 13:52:00+00:00,-22.335595878833633
binance/gate,POST_GATE_REGIME,20,2026-07-20 14:06:00+00:00,2026-07-20 14:11:00+00:00,6,29.063118937588726,2026-07-20 14:10:00+00:00,-20.56729074505827
binance/gate,POST_GATE_REGIME,20,2026-07-20 14:48:00+00:00,2026-07-20 14:49:00+00:00,2,21.525861962316547,2026-07-20 14:48:00+00:00,-20.08951213607247
binance/gate,POST_GATE_REGIME,20,2026-07-20 20:40:00+00:00,2026-07-20 20:53:00+00:00,14,26.914688965443574,2026-07-20 20:46:00+00:00,-20.262707702080338
binance/gate,POST_GATE_REGIME,20,2026-07-20 20:58:00+00:00,2026-07-20 21:00:00+00:00,3,20.43754071251237,2026-07-20 21:00:00+00:00,-20.43754071251237
binance/gate,POST_GATE_REGIME,20,2026-07-20 22:04:00+00:00,2026-07-20 22:04:00+00:00,1,23.50490800881788,2026-07-20 22:04:00+00:00,-23.50490800881788
binance/gate,POST_GATE_REGIME,20,2026-07-20 22:29:00+00:00,2026-07-20 22:29:00+00:00,1,23.572064687731448,2026-07-20 22:29:00+00:00,-23.572064687731448
binance/gate,POST_GATE_REGIME,20,2026-07-20 23:02:00+00:00,2026-07-20 23:02:00+00:00,1,26.20320148684633,2026-07-20 23:02:00+00:00,-26.20320148684633
binance/gate,POST_GATE_REGIME,20,2026-07-20 23:06:00+00:00,2026-07-20 23:06:00+00:00,1,22.65982197840326,2026-07-20 23:06:00+00:00,-22.65982197840326
binance/gate,POST_GATE_REGIME,20,2026-07-20 23:30:00+00:00,2026-07-20 23:30:00+00:00,1,23.460037708884784,2026-07-20 23:30:00+00:00,-23.460037708884784
binance/gate,POST_GATE_REGIME,20,2026-07-20 23:33:00+00:00,2026-07-20 23:33:00+00:00,1,24.828614008667493,2026-07-20 23:33:00+00:00,-24.828614008667493
binance/gate,POST_GATE_REGIME,20,2026-07-20 23:37:00+00:00,2026-07-20 23:37:00+00:00,1,20.81715597997573,2026-07-20 23:37:00+00:00,-20.81715597997573
binance/gate,POST_GATE_REGIME,20,2026-07-21 00:04:00+00:00,2026-07-21 00:04:00+00:00,1,21.82857175942485,2026-07-21 00:04:00+00:00,-21.82857175942485
binance/gate,POST_GATE_REGIME,20,2026-07-21 00:07:00+00:00,2026-07-21 00:07:00+00:00,1,20.398173432071474,2026-07-21 00:07:00+00:00,-20.398173432071474
binance/gate,POST_GATE_REGIME,20,2026-07-21 00:13:00+00:00,2026-07-21 00:13:00+00:00,1,28.2466557464514,2026-07-21 00:13:00+00:00,-28.2466557464514
binance/gate,POST_GATE_REGIME,20,2026-07-21 01:02:00+00:00,2026-07-21 01:02:00+00:00,1,23.51826419500944,2026-07-21 01:02:00+00:00,-23.51826419500944
binance/gate,POST_GATE_REGIME,20,2026-07-21 05:25:00+00:00,2026-07-21 05:25:00+00:00,1,22.496020654922987,2026-07-21 05:25:00+00:00,-22.496020654922987
binance/gate,POST_GATE_REGIME,20,2026-07-21 05:33:00+00:00,2026-07-21 05:33:00+00:00,1,23.71336259375751,2026-07-21 05:33:00+00:00,-23.71336259375751
binance/gate,POST_GATE_REGIME,20,2026-07-21 05:55:00+00:00,2026-07-21 05:55:00+00:00,1,20.422969094534697,2026-07-21 05:55:00+00:00,-20.422969094534697
binance/gate,POST_GATE_REGIME,20,2026-07-21 06:07:00+00:00,2026-07-21 06:10:00+00:00,4,25.81971570490486,2026-07-21 06:07:00+00:00,-24.230487947913247
binance/gate,POST_GATE_REGIME,20,2026-07-21 08:42:00+00:00,2026-07-21 08:42:00+00:00,1,21.981261864123443,2026-07-21 08:42:00+00:00,-21.981261864123443
binance/gate,POST_GATE_REGIME,20,2026-07-21 13:57:00+00:00,2026-07-21 13:57:00+00:00,1,22.528571197460895,2026-07-21 13:57:00+00:00,-22.528571197460895
binance/gate,POST_GATE_REGIME,20,2026-07-21 15:10:00+00:00,2026-07-21 15:11:00+00:00,2,21.080091472233075,2026-07-21 15:11:00+00:00,-21.080091472233075
binance/gate,POST_GATE_REGIME,20,2026-07-21 15:56:00+00:00,2026-07-21 15:56:00+00:00,1,20.25533519101397,2026-07-21 15:56:00+00:00,-20.25533519101397
binance/gate,POST_GATE_REGIME,20,2026-07-21 22:02:00+00:00,2026-07-21 22:02:00+00:00,1,21.887186969979066,2026-07-21 22:02:00+00:00,-21.887186969979066
binance/gate,POST_GATE_REGIME,20,2026-07-22 11:32:00+00:00,2026-07-22 11:32:00+00:00,1,30.23058437501773,2026-07-22 11:32:00+00:00,30.23058437501773
binance/gate,POST_GATE_REGIME,20,2026-07-22 20:14:00+00:00,2026-07-22 20:15:00+00:00,2,26.108640083798928,2026-07-22 20:14:00+00:00,23.09303921478763
binance/gate,POST_GATE_REGIME,20,2026-07-22 21:00:00+00:00,2026-07-22 21:00:00+00:00,1,20.002018938300484,2026-07-22 21:00:00+00:00,20.002018938300484
binance/gate,POST_GATE_REGIME,20,2026-07-23 00:40:00+00:00,2026-07-23 00:40:00+00:00,1,22.340370593552546,2026-07-23 00:40:00+00:00,-22.340370593552546
binance/gate,POST_GATE_REGIME,20,2026-07-23 07:42:00+00:00,2026-07-23 07:42:00+00:00,1,21.843683534845553,2026-07-23 07:42:00+00:00,21.843683534845553
binance/gate,POST_GATE_REGIME,50,2026-07-20 00:03:00+00:00,2026-07-20 00:03:00+00:00,1,56.53001905671308,2026-07-20 00:03:00+00:00,-56.53001905671308
bitget/gate,GATE_REGIME_20260716_19,20,2026-07-16 18:34:00+00:00,2026-07-17 19:26:00+00:00,1493,189.13239267487296,2026-07-16 20:02:00+00:00,-25.975473323703024
bitget/gate,GATE_REGIME_20260716_19,20,2026-07-17 19:31:00+00:00,2026-07-17 19:44:00+00:00,14,40.16884531590438,2026-07-17 19:36:00+00:00,-22.281126349353784
bitget/gate,GATE_REGIME_20260716_19,20,2026-07-17 19:47:00+00:00,2026-07-17 20:10:00+00:00,24,27.93320023648959,2026-07-17 19:58:00+00:00,-27.30293377750739
bitget/gate,GATE_REGIME_20260716_19,20,2026-07-17 20:13:00+00:00,2026-07-17 21:18:00+00:00,66,34.785596186467586,2026-07-17 21:17:00+00:00,-21.28463043702168
bitget/gate,GATE_REGIME_20260716_19,20,2026-07-17 21:22:00+00:00,2026-07-17 21:24:00+00:00,3,25.080739366454278,2026-07-17 21:23:00+00:00,-22.686649250653964
bitget/gate,GATE_REGIME_20260716_19,20,2026-07-17 21:27:00+00:00,2026-07-17 21:34:00+00:00,8,23.27089120643716,2026-07-17 21:29:00+00:00,-20.584955828114445
bitget/gate,GATE_REGIME_20260716_19,20,2026-07-17 21:38:00+00:00,2026-07-17 22:03:00+00:00,26,28.335464252392725,2026-07-17 21:53:00+00:00,-26.683762757090495
bitget/gate,GATE_REGIME_20260716_19,20,2026-07-17 22:06:00+00:00,2026-07-17 22:10:00+00:00,5,23.88121690374824,2026-07-17 22:10:00+00:00,-23.88121690374824
bitget/gate,GATE_REGIME_20260716_19,20,2026-07-17 22:14:00+00:00,2026-07-17 22:19:00+00:00,6,24.10148539441315,2026-07-17 22:17:00+00:00,-21.82473786591996
bitget/gate,GATE_REGIME_20260716_19,20,2026-07-17 22:23:00+00:00,2026-07-17 22:31:00+00:00,9,25.647336174402124,2026-07-17 22:26:00+00:00,-21.83065647902682
bitget/gate,GATE_REGIME_20260716_19,20,2026-07-17 22:38:00+00:00,2026-07-17 22:52:00+00:00,15,24.540301396378972,2026-07-17 22:46:00+00:00,-20.768431983384076
bitget/gate,GATE_REGIME_20260716_19,20,2026-07-17 23:02:00+00:00,2026-07-17 23:02:00+00:00,1,20.090796604398026,2026-07-17 23:02:00+00:00,-20.090796604398026
bitget/gate,GATE_REGIME_20260716_19,20,2026-07-17 23:05:00+00:00,2026-07-17 23:08:00+00:00,4,23.907855499885482,2026-07-17 23:06:00+00:00,-22.733460974946595
bitget/gate,GATE_REGIME_20260716_19,20,2026-07-17 23:16:00+00:00,2026-07-17 23:26:00+00:00,11,25.64955113285541,2026-07-17 23:23:00+00:00,-24.719742084929837
bitget/gate,GATE_REGIME_20260716_19,20,2026-07-17 23:29:00+00:00,2026-07-18 00:07:00+00:00,39,32.3575727506094,2026-07-17 23:53:00+00:00,-21.437339003855424
bitget/gate,GATE_REGIME_20260716_19,20,2026-07-18 00:11:00+00:00,2026-07-18 01:16:00+00:00,66,33.39758146563097,2026-07-18 01:02:00+00:00,-22.784429207059656
bitget/gate,GATE_REGIME_20260716_19,20,2026-07-18 01:20:00+00:00,2026-07-18 01:20:00+00:00,1,21.912393391909212,2026-07-18 01:20:00+00:00,-21.912393391909212
bitget/gate,GATE_REGIME_20260716_19,20,2026-07-18 01:23:00+00:00,2026-07-18 01:43:00+00:00,21,25.140827244763233,2026-07-18 01:38:00+00:00,-21.36321323318084
bitget/gate,GATE_REGIME_20260716_19,20,2026-07-18 01:46:00+00:00,2026-07-18 03:09:00+00:00,84,31.148504571451575,2026-07-18 02:01:00+00:00,-21.62087959229183
bitget/gate,GATE_REGIME_20260716_19,20,2026-07-18 03:31:00+00:00,2026-07-18 03:43:00+00:00,13,22.317596566522823,2026-07-18 03:38:00+00:00,-20.162587675083213
bitget/gate,GATE_REGIME_20260716_19,20,2026-07-18 03:52:00+00:00,2026-07-18 03:52:00+00:00,1,21.622734761120107,2026-07-18 03:52:00+00:00,-21.622734761120107
bitget/gate,GATE_REGIME_20260716_19,20,2026-07-18 04:01:00+00:00,2026-07-18 04:03:00+00:00,3,25.71795970852979,2026-07-18 04:03:00+00:00,-25.71795970852979
bitget/gate,GATE_REGIME_20260716_19,20,2026-07-18 04:08:00+00:00,2026-07-18 04:15:00+00:00,8,27.425437092904055,2026-07-18 04:12:00+00:00,-22.556036312644515
bitget/gate,GATE_REGIME_20260716_19,20,2026-07-18 04:21:00+00:00,2026-07-18 04:22:00+00:00,2,21.18962137492356,2026-07-18 04:22:00+00:00,-21.18962137492356
bitget/gate,GATE_REGIME_20260716_19,20,2026-07-18 04:25:00+00:00,2026-07-18 04:26:00+00:00,2,21.617170209480516,2026-07-18 04:26:00+00:00,-21.617170209480516
bitget/gate,GATE_REGIME_20260716_19,20,2026-07-18 04:30:00+00:00,2026-07-18 04:31:00+00:00,2,22.667170381564897,2026-07-18 04:31:00+00:00,-22.667170381564897
bitget/gate,GATE_REGIME_20260716_19,20,2026-07-18 04:35:00+00:00,2026-07-18 04:37:00+00:00,3,21.03229960296013,2026-07-18 04:37:00+00:00,-21.03229960296013
bitget/gate,GATE_REGIME_20260716_19,20,2026-07-18 04:43:00+00:00,2026-07-18 04:48:00+00:00,6,22.149535117314645,2026-07-18 04:47:00+00:00,-20.34657864124252
bitget/gate,GATE_REGIME_20260716_19,20,2026-07-18 05:00:00+00:00,2026-07-18 05:00:00+00:00,1,21.691880977591968,2026-07-18 05:00:00+00:00,-21.691880977591968
bitget/gate,GATE_REGIME_20260716_19,20,2026-07-18 05:36:00+00:00,2026-07-18 05:36:00+00:00,1,21.45278242588064,2026-07-18 05:36:00+00:00,-21.45278242588064
bitget/gate,GATE_REGIME_20260716_19,20,2026-07-18 05:51:00+00:00,2026-07-18 05:51:00+00:00,1,20.60262683492028,2026-07-18 05:51:00+00:00,-20.60262683492028
bitget/gate,GATE_REGIME_20260716_19,20,2026-07-18 06:58:00+00:00,2026-07-18 06:58:00+00:00,1,20.31645460649696,2026-07-18 06:58:00+00:00,-20.31645460649696
bitget/gate,GATE_REGIME_20260716_19,20,2026-07-18 07:22:00+00:00,2026-07-18 07:24:00+00:00,3,20.801279020791355,2026-07-18 07:22:00+00:00,-20.65049044914895
bitget/gate,GATE_REGIME_20260716_19,20,2026-07-18 08:08:00+00:00,2026-07-18 08:08:00+00:00,1,21.75717105178269,2026-07-18 08:08:00+00:00,-21.75717105178269
bitget/gate,GATE_REGIME_20260716_19,20,2026-07-18 08:33:00+00:00,2026-07-18 08:33:00+00:00,1,20.04240732537218,2026-07-18 08:33:00+00:00,-20.04240732537218
bitget/gate,GATE_REGIME_20260716_19,20,2026-07-18 08:40:00+00:00,2026-07-18 08:42:00+00:00,3,21.33773854387158,2026-07-18 08:42:00+00:00,-21.33773854387158
bitget/gate,GATE_REGIME_20260716_19,20,2026-07-18 08:46:00+00:00,2026-07-18 08:47:00+00:00,2,21.075722058539284,2026-07-18 08:47:00+00:00,-21.075722058539284
bitget/gate,GATE_REGIME_20260716_19,20,2026-07-18 09:26:00+00:00,2026-07-18 09:26:00+00:00,1,20.39209612679339,2026-07-18 09:26:00+00:00,-20.39209612679339
bitget/gate,GATE_REGIME_20260716_19,20,2026-07-18 09:29:00+00:00,2026-07-18 09:29:00+00:00,1,20.479988985551124,2026-07-18 09:29:00+00:00,-20.479988985551124
bitget/gate,GATE_REGIME_20260716_19,20,2026-07-18 10:27:00+00:00,2026-07-18 10:27:00+00:00,1,20.887324488452546,2026-07-18 10:27:00+00:00,-20.887324488452546
bitget/gate,GATE_REGIME_20260716_19,20,2026-07-18 10:34:00+00:00,2026-07-18 10:34:00+00:00,1,20.379821397091714,2026-07-18 10:34:00+00:00,-20.379821397091714
bitget/gate,GATE_REGIME_20260716_19,20,2026-07-18 10:37:00+00:00,2026-07-18 10:37:00+00:00,1,21.240642722928285,2026-07-18 10:37:00+00:00,-21.240642722928285
bitget/gate,GATE_REGIME_20260716_19,20,2026-07-18 10:50:00+00:00,2026-07-18 10:50:00+00:00,1,21.222392631446088,2026-07-18 10:50:00+00:00,-21.222392631446088
bitget/gate,GATE_REGIME_20260716_19,20,2026-07-19 04:06:00+00:00,2026-07-19 04:06:00+00:00,1,23.938116163304933,2026-07-19 04:06:00+00:00,23.938116163304933
bitget/gate,GATE_REGIME_20260716_19,20,2026-07-19 22:06:00+00:00,2026-07-19 22:06:00+00:00,1,22.684246254780806,2026-07-19 22:06:00+00:00,22.684246254780806
bitget/gate,GATE_REGIME_20260716_19,20,2026-07-19 22:38:00+00:00,2026-07-19 22:39:00+00:00,2,20.514538108894897,2026-07-19 22:38:00+00:00,-20.103869994974794
bitget/gate,GATE_REGIME_20260716_19,20,2026-07-19 22:47:00+00:00,2026-07-19 22:51:00+00:00,5,24.728074718885537,2026-07-19 22:48:00+00:00,-20.17187773508217
bitget/gate,GATE_REGIME_20260716_19,20,2026-07-19 23:13:00+00:00,2026-07-19 23:13:00+00:00,1,21.493911468778517,2026-07-19 23:13:00+00:00,-21.493911468778517
bitget/gate,GATE_REGIME_20260716_19,20,2026-07-19 23:47:00+00:00,2026-07-19 23:54:00+00:00,8,35.25786009308959,2026-07-19 23:47:00+00:00,-22.48952192728473
bitget/gate,GATE_REGIME_20260716_19,50,2026-07-16 18:34:00+00:00,2026-07-17 13:48:00+00:00,1155,189.13239267487296,2026-07-16 20:02:00+00:00,-52.09009336413728
bitget/gate,GATE_REGIME_20260716_19,50,2026-07-17 13:51:00+00:00,2026-07-17 14:03:00+00:00,13,64.39006870839313,2026-07-17 13:53:00+00:00,-57.76358249903941
bitget/gate,GATE_REGIME_20260716_19,50,2026-07-17 14:06:00+00:00,2026-07-17 14:06:00+00:00,1,52.16070780099647,2026-07-17 14:06:00+00:00,-52.16070780099647
bitget/gate,GATE_REGIME_20260716_19,50,2026-07-17 14:09:00+00:00,2026-07-17 14:34:00+00:00,26,87.91483510760155,2026-07-17 14:14:00+00:00,-57.23466211466947
bitget/gate,GATE_REGIME_20260716_19,50,2026-07-17 14:38:00+00:00,2026-07-17 15:07:00+00:00,30,74.49024682785101,2026-07-17 14:46:00+00:00,-69.23982234745286
bitget/gate,GATE_REGIME_20260716_19,50,2026-07-17 15:10:00+00:00,2026-07-17 15:27:00+00:00,18,66.70278323288314,2026-07-17 15:23:00+00:00,-56.76602836609466
bitget/gate,GATE_REGIME_20260716_19,50,2026-07-17 15:32:00+00:00,2026-07-17 15:35:00+00:00,4,55.742751362369866,2026-07-17 15:34:00+00:00,-54.95076461370384
bitget/gate,GATE_REGIME_20260716_19,50,2026-07-17 15:38:00+00:00,2026-07-17 15:43:00+00:00,6,55.178093473335956,2026-07-17 15:40:00+00:00,-54.38928133187555
bitget/gate,GATE_REGIME_20260716_19,50,2026-07-17 15:48:00+00:00,2026-07-17 15:48:00+00:00,1,53.59277734262275,2026-07-17 15:48:00+00:00,-53.59277734262275
bitget/gate,GATE_REGIME_20260716_19,50,2026-07-17 16:00:00+00:00,2026-07-17 16:04:00+00:00,5,54.34938539288629,2026-07-17 16:01:00+00:00,-52.6668738448458
bitget/gate,GATE_REGIME_20260716_19,50,2026-07-17 16:08:00+00:00,2026-07-17 18:53:00+00:00,166,97.46037553844386,2026-07-17 16:40:00+00:00,-50.65250864542387
bitget/gate,GATE_REGIME_20260716_19,50,2026-07-17 18:56:00+00:00,2026-07-17 19:02:00+00:00,7,54.33274178490657,2026-07-17 18:56:00+00:00,-52.69948267094747
bitget/gate,GATE_REGIME_20260716_19,50,2026-07-17 19:06:00+00:00,2026-07-17 19:06:00+00:00,1,50.837636768891684,2026-07-17 19:06:00+00:00,-50.837636768891684
bitget/gate,GATE_REGIME_20260716_19,50,2026-07-17 19:10:00+00:00,2026-07-17 19:10:00+00:00,1,52.61346105626263,2026-07-17 19:10:00+00:00,-52.61346105626263
bitget/gate,GATE_REGIME_20260716_19,100,2026-07-16 18:34:00+00:00,2026-07-17 00:50:00+00:00,377,189.13239267487296,2026-07-16 20:02:00+00:00,-109.00842953383756
bitget/gate,GATE_REGIME_20260716_19,100,2026-07-17 00:56:00+00:00,2026-07-17 01:12:00+00:00,17,126.29694699506092,2026-07-17 00:58:00+00:00,-103.57893343481628
bitget/gate,GATE_REGIME_20260716_19,100,2026-07-17 01:15:00+00:00,2026-07-17 01:16:00+00:00,2,103.62694300518135,2026-07-17 01:15:00+00:00,-100.99418744454721
bitget/gate,GATE_REGIME_20260716_19,100,2026-07-17 01:19:00+00:00,2026-07-17 01:25:00+00:00,7,112.3388889817602,2026-07-17 01:20:00+00:00,-100.28359228059131
bitget/gate,GATE_REGIME_20260716_19,100,2026-07-17 01:31:00+00:00,2026-07-17 01:32:00+00:00,2,106.26776770001307,2026-07-17 01:31:00+00:00,-104.7792332794368
bitget/gate,GATE_REGIME_20260716_19,100,2026-07-17 01:38:00+00:00,2026-07-17 02:36:00+00:00,59,123.87964284050923,2026-07-17 01:51:00+00:00,-101.33915488411458
bitget/gate,GATE_REGIME_20260716_19,100,2026-07-17 02:39:00+00:00,2026-07-17 02:42:00+00:00,4,101.83299389002036,2026-07-17 02:41:00+00:00,-101.08254225564363
bitget/gate,GATE_REGIME_20260716_19,100,2026-07-17 03:39:00+00:00,2026-07-17 03:40:00+00:00,2,101.24974938180755,2026-07-17 03:40:00+00:00,-101.24974938180755
bitget/gate,GATE_REGIME_20260716_19,100,2026-07-17 03:55:00+00:00,2026-07-17 03:55:00+00:00,1,100.84881082443903,2026-07-17 03:55:00+00:00,-100.84881082443903
bitget/gate,GATE_REGIME_20260716_19,100,2026-07-17 04:00:00+00:00,2026-07-17 04:47:00+00:00,48,124.26329020270533,2026-07-17 04:07:00+00:00,-103.59107276280838
bitget/gate,GATE_REGIME_20260716_19,100,2026-07-17 04:59:00+00:00,2026-07-17 05:03:00+00:00,5,103.76245022034684,2026-07-17 05:02:00+00:00,-100.50251256281321
bitget/gate,GATE_REGIME_20260716_19,100,2026-07-17 05:06:00+00:00,2026-07-17 05:07:00+00:00,2,100.6902289726362,2026-07-17 05:07:00+00:00,-100.6902289726362
bitget/gate,GATE_REGIME_20260716_19,100,2026-07-17 05:14:00+00:00,2026-07-17 05:14:00+00:00,1,100.14306151645198,2026-07-17 05:14:00+00:00,-100.14306151645198
bitget/gate,GATE_REGIME_20260716_19,100,2026-07-17 06:08:00+00:00,2026-07-17 06:11:00+00:00,4,108.2366729287667,2026-07-17 06:08:00+00:00,-101.90381106482526
bitget/gate,GATE_REGIME_20260716_19,100,2026-07-17 06:14:00+00:00,2026-07-17 06:15:00+00:00,2,107.74462889155433,2026-07-17 06:14:00+00:00,-101.57252819431801
bitget/gate,GATE_REGIME_20260716_19,100,2026-07-17 06:19:00+00:00,2026-07-17 06:29:00+00:00,11,108.27532869296273,2026-07-17 06:22:00+00:00,-100.36492446961901
bitget/gate,GATE_REGIME_20260716_19,100,2026-07-17 06:32:00+00:00,2026-07-17 06:33:00+00:00,2,103.1214090126568,2026-07-17 06:32:00+00:00,-103.00913074301481
bitget/gate,GATE_REGIME_20260716_19,100,2026-07-17 06:45:00+00:00,2026-07-17 06:48:00+00:00,4,109.5836081545382,2026-07-17 06:47:00+00:00,-101.14269728205902
bitget/gate,GATE_REGIME_20260716_19,100,2026-07-17 07:09:00+00:00,2026-07-17 07:12:00+00:00,4,107.0266256033899,2026-07-17 07:11:00+00:00,-104.28990841768626
bitget/gate,GATE_REGIME_20260716_19,100,2026-07-17 07:16:00+00:00,2026-07-17 07:16:00+00:00,1,100.33605167611759,2026-07-17 07:16:00+00:00,-100.33605167611759
bitget/gate,GATE_REGIME_20260716_19,100,2026-07-17 07:19:00+00:00,2026-07-17 07:22:00+00:00,4,102.32869507005198,2026-07-17 07:22:00+00:00,-102.32869507005198
bitget/gate,GATE_REGIME_20260716_19,100,2026-07-17 08:27:00+00:00,2026-07-17 08:27:00+00:00,1,100.85476825747313,2026-07-17 08:27:00+00:00,-100.85476825747313
bitget/gate,GATE_REGIME_20260716_19,100,2026-07-17 08:52:00+00:00,2026-07-17 08:52:00+00:00,1,100.70528790483891,2026-07-17 08:52:00+00:00,-100.70528790483891
bitget/gate,GATE_REGIME_20260716_19,100,2026-07-17 10:12:00+00:00,2026-07-17 10:13:00+00:00,2,102.02185700048923,2026-07-17 10:12:00+00:00,-100.51098706511351
bitget/gate,GATE_REGIME_20260716_19,100,2026-07-17 10:25:00+00:00,2026-07-17 10:26:00+00:00,2,101.13191579392631,2026-07-17 10:25:00+00:00,-100.17964704639044
bitget/gate,GATE_REGIME_20260716_19,100,2026-07-17 10:30:00+00:00,2026-07-17 10:30:00+00:00,1,102.31819946983548,2026-07-17 10:30:00+00:00,-102.31819946983548
bitget/gate,GATE_REGIME_20260716_19,100,2026-07-17 11:11:00+00:00,2026-07-17 11:11:00+00:00,1,111.46685639748677,2026-07-17 11:11:00+00:00,-111.46685639748677
bitget/gate,GATE_REGIME_20260716_19,100,2026-07-17 11:59:00+00:00,2026-07-17 12:11:00+00:00,13,107.51949434921492,2026-07-17 12:08:00+00:00,-101.92768806345899
bitget/gate,GATE_REGIME_20260716_19,100,2026-07-17 12:19:00+00:00,2026-07-17 12:22:00+00:00,4,105.43787679420686,2026-07-17 12:20:00+00:00,-101.33974579182372
bitget/gate,GATE_REGIME_20260716_19,100,2026-07-17 12:25:00+00:00,2026-07-17 12:32:00+00:00,8,113.94344136732137,2026-07-17 12:27:00+00:00,-101.29692715470733
bitget/gate,POST_GATE_REGIME,20,2026-07-20 00:03:00+00:00,2026-07-20 00:04:00+00:00,2,47.728713994860215,2026-07-20 00:03:00+00:00,-27.56010777236286
bitget/gate,POST_GATE_REGIME,20,2026-07-20 00:28:00+00:00,2026-07-20 00:28:00+00:00,1,27.136826105466394,2026-07-20 00:28:00+00:00,-27.136826105466394
bitget/gate,POST_GATE_REGIME,20,2026-07-20 00:40:00+00:00,2026-07-20 00:40:00+00:00,1,20.38364074031429,2026-07-20 00:40:00+00:00,-20.38364074031429
bitget/gate,POST_GATE_REGIME,20,2026-07-20 00:44:00+00:00,2026-07-20 00:44:00+00:00,1,21.85444936721435,2026-07-20 00:44:00+00:00,-21.85444936721435
bitget/gate,POST_GATE_REGIME,20,2026-07-20 00:56:00+00:00,2026-07-20 00:56:00+00:00,1,24.502692072089204,2026-07-20 00:56:00+00:00,-24.502692072089204
bitget/gate,POST_GATE_REGIME,20,2026-07-20 01:28:00+00:00,2026-07-20 01:28:00+00:00,1,45.62420568578678,2026-07-20 01:28:00+00:00,45.62420568578678
bitget/gate,POST_GATE_REGIME,20,2026-07-20 01:53:00+00:00,2026-07-20 01:54:00+00:00,2,23.49387481120955,2026-07-20 01:54:00+00:00,-23.49387481120955
bitget/gate,POST_GATE_REGIME,20,2026-07-20 03:09:00+00:00,2026-07-20 03:09:00+00:00,1,43.56211758446402,2026-07-20 03:09:00+00:00,-43.56211758446402
bitget/gate,POST_GATE_REGIME,20,2026-07-20 03:14:00+00:00,2026-07-20 03:14:00+00:00,1,24.658463728061978,2026-07-20 03:14:00+00:00,-24.658463728061978
bitget/gate,POST_GATE_REGIME,20,2026-07-20 03:17:00+00:00,2026-07-20 03:17:00+00:00,1,25.9894464580047,2026-07-20 03:17:00+00:00,-25.9894464580047
bitget/gate,POST_GATE_REGIME,20,2026-07-20 03:22:00+00:00,2026-07-20 03:26:00+00:00,5,26.09859283701761,2026-07-20 03:26:00+00:00,-26.09859283701761
bitget/gate,POST_GATE_REGIME,20,2026-07-20 03:29:00+00:00,2026-07-20 03:33:00+00:00,5,30.7357846995769,2026-07-20 03:31:00+00:00,-24.04616197461318
bitget/gate,POST_GATE_REGIME,20,2026-07-20 03:38:00+00:00,2026-07-20 03:38:00+00:00,1,22.099080312710974,2026-07-20 03:38:00+00:00,-22.099080312710974
bitget/gate,POST_GATE_REGIME,20,2026-07-20 03:46:00+00:00,2026-07-20 03:46:00+00:00,1,20.257704569607252,2026-07-20 03:46:00+00:00,-20.257704569607252
bitget/gate,POST_GATE_REGIME,20,2026-07-20 03:53:00+00:00,2026-07-20 03:57:00+00:00,5,27.032277531382505,2026-07-20 03:57:00+00:00,-27.032277531382505
bitget/gate,POST_GATE_REGIME,20,2026-07-20 04:05:00+00:00,2026-07-20 04:05:00+00:00,1,20.33780599717285,2026-07-20 04:05:00+00:00,-20.33780599717285
bitget/gate,POST_GATE_REGIME,20,2026-07-20 04:55:00+00:00,2026-07-20 04:55:00+00:00,1,20.96092752104236,2026-07-20 04:55:00+00:00,-20.96092752104236
bitget/gate,POST_GATE_REGIME,20,2026-07-20 09:53:00+00:00,2026-07-20 09:53:00+00:00,1,24.579162691418023,2026-07-20 09:53:00+00:00,24.579162691418023
bitget/gate,POST_GATE_REGIME,20,2026-07-20 11:07:00+00:00,2026-07-20 11:07:00+00:00,1,20.84669660038413,2026-07-20 11:07:00+00:00,20.84669660038413
bitget/gate,POST_GATE_REGIME,20,2026-07-20 11:31:00+00:00,2026-07-20 11:32:00+00:00,2,24.561277186413186,2026-07-20 11:32:00+00:00,24.561277186413186
bitget/gate,POST_GATE_REGIME,20,2026-07-20 14:56:00+00:00,2026-07-20 14:56:00+00:00,1,24.616965813914195,2026-07-20 14:56:00+00:00,24.616965813914195
bitget/gate,POST_GATE_REGIME,20,2026-07-20 17:23:00+00:00,2026-07-20 17:23:00+00:00,1,20.77576543914444,2026-07-20 17:23:00+00:00,20.77576543914444
bitget/gate,POST_GATE_REGIME,20,2026-07-21 00:08:00+00:00,2026-07-21 00:08:00+00:00,1,26.186055714834083,2026-07-21 00:08:00+00:00,26.186055714834083
bitget/gate,POST_GATE_REGIME,20,2026-07-21 04:35:00+00:00,2026-07-21 04:35:00+00:00,1,24.28945459133724,2026-07-21 04:35:00+00:00,24.28945459133724
bitget/gate,POST_GATE_REGIME,20,2026-07-21 06:05:00+00:00,2026-07-21 06:05:00+00:00,1,36.903430754701596,2026-07-21 06:05:00+00:00,-36.903430754701596
bitget/gate,POST_GATE_REGIME,20,2026-07-21 13:35:00+00:00,2026-07-21 13:36:00+00:00,2,23.67564368156231,2026-07-21 13:36:00+00:00,23.67564368156231
bitget/gate,POST_GATE_REGIME,20,2026-07-21 14:18:00+00:00,2026-07-21 14:19:00+00:00,2,24.242802187309767,2026-07-21 14:19:00+00:00,24.242802187309767
bitget/gate,POST_GATE_REGIME,20,2026-07-21 15:07:00+00:00,2026-07-21 15:07:00+00:00,1,23.34436769292554,2026-07-21 15:07:00+00:00,23.34436769292554
bitget/gate,POST_GATE_REGIME,20,2026-07-21 15:42:00+00:00,2026-07-21 15:42:00+00:00,1,21.63027622863391,2026-07-21 15:42:00+00:00,21.63027622863391
bitget/gate,POST_GATE_REGIME,20,2026-07-21 16:03:00+00:00,2026-07-21 16:04:00+00:00,2,21.16890864653696,2026-07-21 16:03:00+00:00,20.984423101313396
bitget/gate,POST_GATE_REGIME,20,2026-07-21 16:16:00+00:00,2026-07-21 16:16:00+00:00,1,20.875310166582054,2026-07-21 16:16:00+00:00,20.875310166582054
bitget/gate,POST_GATE_REGIME,20,2026-07-21 17:27:00+00:00,2026-07-21 17:32:00+00:00,6,21.53113675304503,2026-07-21 17:27:00+00:00,20.28704656937007
bitget/gate,POST_GATE_REGIME,20,2026-07-21 17:35:00+00:00,2026-07-21 17:35:00+00:00,1,20.180872010187528,2026-07-21 17:35:00+00:00,20.180872010187528
bitget/gate,POST_GATE_REGIME,20,2026-07-21 17:42:00+00:00,2026-07-21 17:52:00+00:00,11,30.542410588035327,2026-07-21 17:52:00+00:00,30.542410588035327
bitget/gate,POST_GATE_REGIME,20,2026-07-21 17:57:00+00:00,2026-07-21 18:07:00+00:00,11,24.676634827058724,2026-07-21 18:04:00+00:00,20.459434657680767
bitget/gate,POST_GATE_REGIME,20,2026-07-21 18:23:00+00:00,2026-07-21 18:24:00+00:00,2,23.91036253992801,2026-07-21 18:23:00+00:00,20.692207193940423
bitget/gate,POST_GATE_REGIME,20,2026-07-21 18:30:00+00:00,2026-07-21 18:30:00+00:00,1,20.57084083311754,2026-07-21 18:30:00+00:00,20.57084083311754
bitget/gate,POST_GATE_REGIME,20,2026-07-21 18:33:00+00:00,2026-07-21 18:48:00+00:00,16,28.1845105767275,2026-07-21 18:35:00+00:00,21.52689918235481
bitget/gate,POST_GATE_REGIME,20,2026-07-21 18:53:00+00:00,2026-07-21 18:55:00+00:00,3,22.209336259205422,2026-07-21 18:53:00+00:00,21.149261481433477
bitget/gate,POST_GATE_REGIME,20,2026-07-21 18:58:00+00:00,2026-07-21 19:00:00+00:00,3,20.83214968846467,2026-07-21 19:00:00+00:00,20.83214968846467
bitget/gate,POST_GATE_REGIME,20,2026-07-21 19:04:00+00:00,2026-07-21 19:07:00+00:00,4,22.266485909251404,2026-07-21 19:06:00+00:00,21.447274187865656
bitget/gate,POST_GATE_REGIME,20,2026-07-21 19:31:00+00:00,2026-07-21 19:32:00+00:00,2,23.87132220601399,2026-07-21 19:32:00+00:00,23.87132220601399
bitget/gate,POST_GATE_REGIME,20,2026-07-21 19:35:00+00:00,2026-07-21 19:36:00+00:00,2,22.29317413236134,2026-07-21 19:35:00+00:00,22.205941222233545
bitget/gate,POST_GATE_REGIME,20,2026-07-21 19:40:00+00:00,2026-07-21 19:40:00+00:00,1,21.357002749145618,2026-07-21 19:40:00+00:00,21.357002749145618
bitget/gate,POST_GATE_REGIME,20,2026-07-21 19:51:00+00:00,2026-07-21 19:51:00+00:00,1,20.144329974688105,2026-07-21 19:51:00+00:00,20.144329974688105
bitget/gate,POST_GATE_REGIME,20,2026-07-21 19:55:00+00:00,2026-07-21 19:55:00+00:00,1,21.306791445663197,2026-07-21 19:55:00+00:00,21.306791445663197
bitget/gate,POST_GATE_REGIME,20,2026-07-21 20:29:00+00:00,2026-07-21 20:30:00+00:00,2,20.69575360764614,2026-07-21 20:29:00+00:00,20.468672395888408
bitget/gate,POST_GATE_REGIME,20,2026-07-21 20:34:00+00:00,2026-07-21 21:05:00+00:00,32,28.99399727856915,2026-07-21 21:01:00+00:00,20.254253949765133
bitget/gate,POST_GATE_REGIME,20,2026-07-21 21:08:00+00:00,2026-07-21 21:08:00+00:00,1,21.886302513213895,2026-07-21 21:08:00+00:00,21.886302513213895
bitget/gate,POST_GATE_REGIME,20,2026-07-21 21:11:00+00:00,2026-07-21 21:11:00+00:00,1,22.61227364558008,2026-07-21 21:11:00+00:00,22.61227364558008
bitget/gate,POST_GATE_REGIME,20,2026-07-21 21:14:00+00:00,2026-07-21 21:15:00+00:00,2,27.026625681235057,2026-07-21 21:14:00+00:00,20.84562000882914
bitget/gate,POST_GATE_REGIME,20,2026-07-21 21:21:00+00:00,2026-07-21 21:22:00+00:00,2,25.072202766816478,2026-07-21 21:22:00+00:00,25.072202766816478
bitget/gate,POST_GATE_REGIME,20,2026-07-21 22:05:00+00:00,2026-07-21 22:07:00+00:00,3,22.212550090801578,2026-07-21 22:05:00+00:00,20.644483231049303
bitget/gate,POST_GATE_REGIME,20,2026-07-21 22:10:00+00:00,2026-07-21 22:10:00+00:00,1,20.095378063045978,2026-07-21 22:10:00+00:00,20.095378063045978
bitget/gate,POST_GATE_REGIME,20,2026-07-21 22:14:00+00:00,2026-07-21 22:14:00+00:00,1,21.59383417579079,2026-07-21 22:14:00+00:00,21.59383417579079
bitget/gate,POST_GATE_REGIME,20,2026-07-21 22:19:00+00:00,2026-07-21 22:19:00+00:00,1,22.04000821830849,2026-07-21 22:19:00+00:00,22.04000821830849
bitget/gate,POST_GATE_REGIME,20,2026-07-21 22:51:00+00:00,2026-07-21 22:51:00+00:00,1,20.38583744348171,2026-07-21 22:51:00+00:00,20.38583744348171
bitget/gate,POST_GATE_REGIME,20,2026-07-21 23:55:00+00:00,2026-07-21 23:58:00+00:00,4,24.888302497825542,2026-07-21 23:56:00+00:00,22.05813627441681
bitget/gate,POST_GATE_REGIME,20,2026-07-22 00:01:00+00:00,2026-07-22 00:01:00+00:00,1,22.265329754001684,2026-07-22 00:01:00+00:00,22.265329754001684
bitget/gate,POST_GATE_REGIME,20,2026-07-22 00:04:00+00:00,2026-07-22 00:08:00+00:00,5,24.584215748707372,2026-07-22 00:04:00+00:00,21.21917170777038
bitget/gate,POST_GATE_REGIME,20,2026-07-22 00:14:00+00:00,2026-07-22 00:14:00+00:00,1,20.18835065612153,2026-07-22 00:14:00+00:00,20.18835065612153
bitget/gate,POST_GATE_REGIME,20,2026-07-22 00:49:00+00:00,2026-07-22 00:49:00+00:00,1,20.04851890634828,2026-07-22 00:49:00+00:00,20.04851890634828
bitget/gate,POST_GATE_REGIME,20,2026-07-22 02:17:00+00:00,2026-07-22 02:17:00+00:00,1,21.939152432336034,2026-07-22 02:17:00+00:00,21.939152432336034
bitget/gate,POST_GATE_REGIME,20,2026-07-22 03:32:00+00:00,2026-07-22 03:32:00+00:00,1,20.261572328481844,2026-07-22 03:32:00+00:00,20.261572328481844
bitget/gate,POST_GATE_REGIME,20,2026-07-22 05:43:00+00:00,2026-07-22 05:43:00+00:00,1,21.717247774774773,2026-07-22 05:43:00+00:00,21.717247774774773
bitget/gate,POST_GATE_REGIME,20,2026-07-22 05:50:00+00:00,2026-07-22 05:50:00+00:00,1,22.606372467650754,2026-07-22 05:50:00+00:00,22.606372467650754
bitget/gate,POST_GATE_REGIME,20,2026-07-22 06:07:00+00:00,2026-07-22 06:07:00+00:00,1,21.52266881093299,2026-07-22 06:07:00+00:00,21.52266881093299
bitget/gate,POST_GATE_REGIME,20,2026-07-22 06:49:00+00:00,2026-07-22 06:49:00+00:00,1,20.52522295324487,2026-07-22 06:49:00+00:00,20.52522295324487
bitget/gate,POST_GATE_REGIME,20,2026-07-22 13:31:00+00:00,2026-07-22 13:33:00+00:00,3,25.246069282884463,2026-07-22 13:32:00+00:00,24.508336426813585
bitget/gate,POST_GATE_REGIME,20,2026-07-22 13:39:00+00:00,2026-07-22 13:41:00+00:00,3,25.183013779158838,2026-07-22 13:39:00+00:00,21.60341842326837
bitget/gate,POST_GATE_REGIME,20,2026-07-22 13:51:00+00:00,2026-07-22 13:59:00+00:00,9,28.878295784956315,2026-07-22 13:52:00+00:00,20.044412128834114
bitget/gate,POST_GATE_REGIME,20,2026-07-22 14:10:00+00:00,2026-07-22 14:13:00+00:00,4,26.771653543307803,2026-07-22 14:11:00+00:00,20.741079561360724
bitget/gate,POST_GATE_REGIME,20,2026-07-22 14:17:00+00:00,2026-07-22 14:22:00+00:00,6,31.472391197125066,2026-07-22 14:21:00+00:00,20.457671822887512
bitget/gate,POST_GATE_REGIME,20,2026-07-22 14:27:00+00:00,2026-07-22 14:33:00+00:00,7,26.12041274958468,2026-07-22 14:32:00+00:00,22.49081887026808
bitget/gate,POST_GATE_REGIME,20,2026-07-22 14:36:00+00:00,2026-07-22 14:37:00+00:00,2,21.359521735873425,2026-07-22 14:37:00+00:00,21.359521735873425
bitget/gate,POST_GATE_REGIME,20,2026-07-22 14:45:00+00:00,2026-07-22 14:46:00+00:00,2,25.123139045081736,2026-07-22 14:45:00+00:00,22.329382141244718
bitget/gate,POST_GATE_REGIME,20,2026-07-22 14:49:00+00:00,2026-07-22 14:50:00+00:00,2,21.356535495351537,2026-07-22 14:49:00+00:00,21.22705023207236
bitget/gate,POST_GATE_REGIME,20,2026-07-22 14:59:00+00:00,2026-07-22 15:08:00+00:00,10,28.402366863904607,2026-07-22 15:00:00+00:00,22.040302267002158
bitget/gate,POST_GATE_REGIME,20,2026-07-22 15:25:00+00:00,2026-07-22 15:29:00+00:00,5,25.227003862395527,2026-07-22 15:26:00+00:00,22.41326614578127
bitget/gate,POST_GATE_REGIME,20,2026-07-22 15:35:00+00:00,2026-07-22 15:35:00+00:00,1,20.924190950873964,2026-07-22 15:35:00+00:00,20.924190950873964
bitget/gate,POST_GATE_REGIME,20,2026-07-22 15:43:00+00:00,2026-07-22 15:52:00+00:00,10,23.872720704873203,2026-07-22 15:51:00+00:00,23.462113394983575
bitget/gate,POST_GATE_REGIME,20,2026-07-22 15:56:00+00:00,2026-07-22 16:01:00+00:00,6,25.97800110661533,2026-07-22 15:59:00+00:00,23.185136447661407
bitget/gate,POST_GATE_REGIME,20,2026-07-22 16:05:00+00:00,2026-07-22 16:08:00+00:00,4,23.591722586340097,2026-07-22 16:07:00+00:00,20.862064250470354
bitget/gate,POST_GATE_REGIME,20,2026-07-22 16:12:00+00:00,2026-07-22 16:15:00+00:00,4,25.57236629888549,2026-07-22 16:12:00+00:00,20.374676299275364
bitget/gate,POST_GATE_REGIME,20,2026-07-22 16:30:00+00:00,2026-07-22 16:32:00+00:00,3,21.084690172191987,2026-07-22 16:30:00+00:00,20.887891258262126
bitget/gate,POST_GATE_REGIME,20,2026-07-22 16:55:00+00:00,2026-07-22 16:56:00+00:00,2,22.59321656262482,2026-07-22 16:55:00+00:00,20.32043767096451
bitget/gate,POST_GATE_REGIME,20,2026-07-22 17:22:00+00:00,2026-07-22 17:22:00+00:00,1,20.83601587283064,2026-07-22 17:22:00+00:00,20.83601587283064
bitget/gate,POST_GATE_REGIME,20,2026-07-22 17:26:00+00:00,2026-07-22 17:26:00+00:00,1,36.28768374068891,2026-07-22 17:26:00+00:00,36.28768374068891
bitget/gate,POST_GATE_REGIME,20,2026-07-22 18:43:00+00:00,2026-07-22 18:46:00+00:00,4,22.307792356230433,2026-07-22 18:46:00+00:00,22.307792356230433
bitget/gate,POST_GATE_REGIME,20,2026-07-22 19:07:00+00:00,2026-07-22 19:07:00+00:00,1,23.09150303617671,2026-07-22 19:07:00+00:00,23.09150303617671
bitget/gate,POST_GATE_REGIME,20,2026-07-22 20:12:00+00:00,2026-07-22 20:34:00+00:00,23,40.22887495850248,2026-07-22 20:14:00+00:00,21.7941263674286
bitget/gate,POST_GATE_REGIME,20,2026-07-22 20:39:00+00:00,2026-07-22 20:43:00+00:00,5,23.07463757770333,2026-07-22 20:39:00+00:00,21.14369580959845
bitget/gate,POST_GATE_REGIME,20,2026-07-22 20:50:00+00:00,2026-07-22 20:53:00+00:00,4,25.098379450314575,2026-07-22 20:50:00+00:00,20.41889676082124
bitget/gate,POST_GATE_REGIME,20,2026-07-22 20:59:00+00:00,2026-07-22 21:03:00+00:00,5,33.54413823877985,2026-07-22 21:00:00+00:00,29.175169709894252
bitget/gate,POST_GATE_REGIME,20,2026-07-22 21:06:00+00:00,2026-07-22 21:08:00+00:00,3,24.275261681994486,2026-07-22 21:07:00+00:00,23.3205589337866
bitget/gate,POST_GATE_REGIME,20,2026-07-22 21:12:00+00:00,2026-07-22 21:15:00+00:00,4,22.581571141516164,2026-07-22 21:15:00+00:00,22.581571141516164
bitget/gate,POST_GATE_REGIME,20,2026-07-22 21:18:00+00:00,2026-07-22 21:26:00+00:00,9,35.161180836013344,2026-07-22 21:21:00+00:00,21.556731146429065
bitget/gate,POST_GATE_REGIME,20,2026-07-22 21:31:00+00:00,2026-07-22 21:32:00+00:00,2,21.060985287833397,2026-07-22 21:32:00+00:00,21.060985287833397
bitget/gate,POST_GATE_REGIME,20,2026-07-22 21:36:00+00:00,2026-07-22 21:42:00+00:00,7,27.36499491194147,2026-07-22 21:40:00+00:00,26.807609705573103
bitget/gate,POST_GATE_REGIME,20,2026-07-22 22:06:00+00:00,2026-07-22 22:06:00+00:00,1,20.27307213834738,2026-07-22 22:06:00+00:00,20.27307213834738
bitget/gate,POST_GATE_REGIME,20,2026-07-23 00:10:00+00:00,2026-07-23 00:10:00+00:00,1,27.484477429238527,2026-07-23 00:10:00+00:00,-27.484477429238527
bitget/gate,POST_GATE_REGIME,20,2026-07-23 01:51:00+00:00,2026-07-23 01:51:00+00:00,1,23.432334301302486,2026-07-23 01:51:00+00:00,-23.432334301302486
bitget/gate,POST_GATE_REGIME,20,2026-07-23 04:33:00+00:00,2026-07-23 04:33:00+00:00,1,21.294395011027106,2026-07-23 04:33:00+00:00,21.294395011027106
bitget/gate,POST_GATE_REGIME,20,2026-07-23 05:13:00+00:00,2026-07-23 05:13:00+00:00,1,30.264194061424522,2026-07-23 05:13:00+00:00,30.264194061424522
gate/hyperliquid,GATE_REGIME_20260716_19,20,2026-07-19 16:05:00+00:00,2026-07-19 23:59:00+00:00,475,100.24007075769585,2026-07-19 23:00:00+00:00,78.46481876332467
gate/hyperliquid,GATE_REGIME_20260716_19,50,2026-07-19 16:05:00+00:00,2026-07-19 16:07:00+00:00,3,51.80247123264328,2026-07-19 16:07:00+00:00,51.80247123264328
gate/hyperliquid,GATE_REGIME_20260716_19,50,2026-07-19 16:15:00+00:00,2026-07-19 16:15:00+00:00,1,50.202084662838466,2026-07-19 16:15:00+00:00,50.202084662838466
gate/hyperliquid,GATE_REGIME_20260716_19,50,2026-07-19 16:25:00+00:00,2026-07-19 16:50:00+00:00,26,57.84772437260895,2026-07-19 16:35:00+00:00,51.08121913843011
gate/hyperliquid,GATE_REGIME_20260716_19,50,2026-07-19 16:54:00+00:00,2026-07-19 23:59:00+00:00,426,100.24007075769585,2026-07-19 23:00:00+00:00,78.46481876332467
gate/hyperliquid,GATE_REGIME_20260716_19,100,2026-07-19 23:00:00+00:00,2026-07-19 23:00:00+00:00,1,100.24007075769585,2026-07-19 23:00:00+00:00,100.24007075769585
gate/hyperliquid,POST_GATE_REGIME,20,2026-07-20 00:00:00+00:00,2026-07-20 00:22:00+00:00,23,78.55590840715246,2026-07-20 00:03:00+00:00,20.594059405939873
gate/hyperliquid,POST_GATE_REGIME,20,2026-07-20 00:25:00+00:00,2026-07-20 00:44:00+00:00,20,42.91504410712939,2026-07-20 00:27:00+00:00,32.600485031607654
gate/hyperliquid,POST_GATE_REGIME,20,2026-07-20 00:47:00+00:00,2026-07-20 02:47:00+00:00,121,53.12084993359969,2026-07-20 01:50:00+00:00,25.631485385918467
gate/hyperliquid,POST_GATE_REGIME,20,2026-07-20 02:50:00+00:00,2026-07-20 04:49:00+00:00,120,54.45938586569478,2026-07-20 04:18:00+00:00,22.74388758021245
gate/hyperliquid,POST_GATE_REGIME,20,2026-07-20 04:53:00+00:00,2026-07-20 05:42:00+00:00,50,43.01431053023447,2026-07-20 05:26:00+00:00,20.733982998133943
gate/hyperliquid,POST_GATE_REGIME,20,2026-07-20 05:48:00+00:00,2026-07-20 05:54:00+00:00,7,26.646681655425475,2026-07-20 05:51:00+00:00,21.664861261562674
gate/hyperliquid,POST_GATE_REGIME,20,2026-07-20 06:03:00+00:00,2026-07-20 09:07:00+00:00,185,50.36091992613731,2026-07-20 06:24:00+00:00,25.500760909802462
gate/hyperliquid,POST_GATE_REGIME,20,2026-07-20 09:10:00+00:00,2026-07-20 09:11:00+00:00,2,22.15021124738542,2026-07-20 09:10:00+00:00,20.512820512820515
gate/hyperliquid,POST_GATE_REGIME,20,2026-07-20 09:14:00+00:00,2026-07-20 09:19:00+00:00,6,22.93202293202442,2026-07-20 09:14:00+00:00,22.888907054687763
gate/hyperliquid,POST_GATE_REGIME,20,2026-07-20 09:22:00+00:00,2026-07-20 09:25:00+00:00,4,23.69765066394354,2026-07-20 09:25:00+00:00,23.69765066394354
gate/hyperliquid,POST_GATE_REGIME,20,2026-07-20 09:30:00+00:00,2026-07-20 09:48:00+00:00,19,28.41255022932987,2026-07-20 09:43:00+00:00,20.256856946076244
gate/hyperliquid,POST_GATE_REGIME,20,2026-07-20 09:51:00+00:00,2026-07-20 10:05:00+00:00,15,27.65576704083181,2026-07-20 09:55:00+00:00,21.153689691645404
gate/hyperliquid,POST_GATE_REGIME,20,2026-07-20 10:10:00+00:00,2026-07-20 10:18:00+00:00,9,23.559039766035102,2026-07-20 10:14:00+00:00,20.335949892219467
gate/hyperliquid,POST_GATE_REGIME,20,2026-07-20 11:02:00+00:00,2026-07-20 11:02:00+00:00,1,23.4296101797624,2026-07-20 11:02:00+00:00,23.4296101797624
gate/hyperliquid,POST_GATE_REGIME,20,2026-07-20 11:22:00+00:00,2026-07-20 11:23:00+00:00,2,24.21112097490114,2026-07-20 11:23:00+00:00,24.21112097490114
gate/hyperliquid,POST_GATE_REGIME,20,2026-07-20 11:26:00+00:00,2026-07-20 11:28:00+00:00,3,21.796165489403172,2026-07-20 11:28:00+00:00,21.796165489403172
gate/hyperliquid,POST_GATE_REGIME,20,2026-07-20 11:49:00+00:00,2026-07-20 11:52:00+00:00,4,22.562449637390667,2026-07-20 11:50:00+00:00,21.73300599670017
gate/hyperliquid,POST_GATE_REGIME,20,2026-07-20 12:01:00+00:00,2026-07-20 12:26:00+00:00,26,27.532593732284905,2026-07-20 12:05:00+00:00,20.242095461722197
gate/hyperliquid,POST_GATE_REGIME,20,2026-07-20 12:31:00+00:00,2026-07-20 12:36:00+00:00,6,23.420149404402107,2026-07-20 12:34:00+00:00,22.58793159083539
gate/hyperliquid,POST_GATE_REGIME,20,2026-07-20 12:39:00+00:00,2026-07-20 13:32:00+00:00,54,43.79562043795694,2026-07-20 13:31:00+00:00,26.616122918094568
gate/hyperliquid,POST_GATE_REGIME,20,2026-07-20 13:37:00+00:00,2026-07-20 13:38:00+00:00,2,28.17014769206004,2026-07-20 13:37:00+00:00,24.994960693407855
gate/hyperliquid,POST_GATE_REGIME,20,2026-07-20 13:49:00+00:00,2026-07-20 13:52:00+00:00,4,31.62888771744934,2026-07-20 13:50:00+00:00,28.509754408829878
gate/hyperliquid,POST_GATE_REGIME,20,2026-07-20 13:56:00+00:00,2026-07-20 13:59:00+00:00,4,30.197918792081765,2026-07-20 13:58:00+00:00,20.350848630387887
gate/hyperliquid,POST_GATE_REGIME,20,2026-07-20 14:05:00+00:00,2026-07-20 14:21:00+00:00,17,35.86274349987662,2026-07-20 14:06:00+00:00,32.409523413802
gate/hyperliquid,POST_GATE_REGIME,20,2026-07-20 14:45:00+00:00,2026-07-20 14:57:00+00:00,13,38.24727696017219,2026-07-20 14:56:00+00:00,20.764981934465716
gate/hyperliquid,POST_GATE_REGIME,20,2026-07-20 15:08:00+00:00,2026-07-20 15:08:00+00:00,1,21.450375381570304,2026-07-20 15:08:00+00:00,21.450375381570304
gate/hyperliquid,POST_GATE_REGIME,20,2026-07-20 15:15:00+00:00,2026-07-20 15:15:00+00:00,1,21.420332839017213,2026-07-20 15:15:00+00:00,21.420332839017213
gate/hyperliquid,POST_GATE_REGIME,20,2026-07-20 15:19:00+00:00,2026-07-20 15:21:00+00:00,3,25.525958252706236,2026-07-20 15:19:00+00:00,25.43798465515231
gate/hyperliquid,POST_GATE_REGIME,20,2026-07-20 15:25:00+00:00,2026-07-20 15:25:00+00:00,1,24.57807635589055,2026-07-20 15:25:00+00:00,24.57807635589055
gate/hyperliquid,POST_GATE_REGIME,20,2026-07-20 15:31:00+00:00,2026-07-20 15:33:00+00:00,3,27.003805081624765,2026-07-20 15:32:00+00:00,20.464126386444562
gate/hyperliquid,POST_GATE_REGIME,20,2026-07-20 15:37:00+00:00,2026-07-20 15:42:00+00:00,6,26.238110856018743,2026-07-20 15:40:00+00:00,23.738386608274574
gate/hyperliquid,POST_GATE_REGIME,20,2026-07-20 15:45:00+00:00,2026-07-20 16:01:00+00:00,17,29.537249753855505,2026-07-20 15:49:00+00:00,22.029127401787175
gate/hyperliquid,POST_GATE_REGIME,20,2026-07-20 16:04:00+00:00,2026-07-20 16:04:00+00:00,1,20.334295823335637,2026-07-20 16:04:00+00:00,20.334295823335637
gate/hyperliquid,POST_GATE_REGIME,20,2026-07-20 16:10:00+00:00,2026-07-20 16:17:00+00:00,8,25.243271853751143,2026-07-20 16:14:00+00:00,21.210637950725314
gate/hyperliquid,POST_GATE_REGIME,20,2026-07-20 16:21:00+00:00,2026-07-20 16:23:00+00:00,3,21.993239115383417,2026-07-20 16:22:00+00:00,21.201989725188852
gate/hyperliquid,POST_GATE_REGIME,20,2026-07-20 16:27:00+00:00,2026-07-20 16:27:00+00:00,1,22.902012105348884,2026-07-20 16:27:00+00:00,22.902012105348884
gate/hyperliquid,POST_GATE_REGIME,20,2026-07-20 16:32:00+00:00,2026-07-20 16:34:00+00:00,3,27.063599458727644,2026-07-20 16:34:00+00:00,27.063599458727644
gate/hyperliquid,POST_GATE_REGIME,20,2026-07-20 16:41:00+00:00,2026-07-20 16:41:00+00:00,1,22.9583469990157,2026-07-20 16:41:00+00:00,22.9583469990157
gate/hyperliquid,POST_GATE_REGIME,20,2026-07-20 16:50:00+00:00,2026-07-20 16:50:00+00:00,1,20.554984583761563,2026-07-20 16:50:00+00:00,20.554984583761563
gate/hyperliquid,POST_GATE_REGIME,20,2026-07-20 17:43:00+00:00,2026-07-20 17:43:00+00:00,1,20.673971469919373,2026-07-20 17:43:00+00:00,20.673971469919373
gate/hyperliquid,POST_GATE_REGIME,20,2026-07-20 20:19:00+00:00,2026-07-20 20:25:00+00:00,7,21.69740465659609,2026-07-20 20:19:00+00:00,20.005001250313335
gate/hyperliquid,POST_GATE_REGIME,20,2026-07-20 20:41:00+00:00,2026-07-20 20:41:00+00:00,1,20.9494280806134,2026-07-20 20:41:00+00:00,20.9494280806134
gate/hyperliquid,POST_GATE_REGIME,20,2026-07-20 20:50:00+00:00,2026-07-20 20:54:00+00:00,5,22.7110232577705,2026-07-20 20:52:00+00:00,20.16976216488666
gate/hyperliquid,POST_GATE_REGIME,20,2026-07-20 20:57:00+00:00,2026-07-20 22:28:00+00:00,92,36.02094240837849,2026-07-20 21:54:00+00:00,25.025025025025027
gate/hyperliquid,POST_GATE_REGIME,20,2026-07-20 22:31:00+00:00,2026-07-21 00:00:00+00:00,90,47.68477851675279,2026-07-21 00:00:00+00:00,47.68477851675279
gate/hyperliquid,POST_GATE_REGIME,20,2026-07-21 00:03:00+00:00,2026-07-21 01:35:00+00:00,93,56.20299198280812,2026-07-21 01:03:00+00:00,23.38426803209179
gate/hyperliquid,POST_GATE_REGIME,20,2026-07-21 01:38:00+00:00,2026-07-21 01:45:00+00:00,8,25.88996763753898,2026-07-21 01:45:00+00:00,25.88996763753898
gate/hyperliquid,POST_GATE_REGIME,20,2026-07-21 01:50:00+00:00,2026-07-21 01:53:00+00:00,4,27.41935483871041,2026-07-21 01:50:00+00:00,25.90673575129571
gate/hyperliquid,POST_GATE_REGIME,20,2026-07-21 01:56:00+00:00,2026-07-21 02:02:00+00:00,7,25.194034702750287,2026-07-21 01:57:00+00:00,23.484633761184465
gate/hyperliquid,POST_GATE_REGIME,20,2026-07-21 02:09:00+00:00,2026-07-21 02:20:00+00:00,12,29.30880078156728,2026-07-21 02:18:00+00:00,23.730616586883443
gate/hyperliquid,POST_GATE_REGIME,20,2026-07-21 02:24:00+00:00,2026-07-21 02:26:00+00:00,3,23.562868169815893,2026-07-21 02:24:00+00:00,20.326029513394854
gate/hyperliquid,POST_GATE_REGIME,20,2026-07-21 02:30:00+00:00,2026-07-21 02:38:00+00:00,9,25.05151723301878,2026-07-21 02:32:00+00:00,21.81553751060514
gate/hyperliquid,POST_GATE_REGIME,20,2026-07-21 02:54:00+00:00,2026-07-21 02:54:00+00:00,1,22.577003709078816,2026-07-21 02:54:00+00:00,22.577003709078816
gate/hyperliquid,POST_GATE_REGIME,20,2026-07-21 03:16:00+00:00,2026-07-21 03:16:00+00:00,1,21.543985637341457,2026-07-21 03:16:00+00:00,21.543985637341457
gate/hyperliquid,POST_GATE_REGIME,20,2026-07-21 03:19:00+00:00,2026-07-21 03:19:00+00:00,1,21.480568041688578,2026-07-21 03:19:00+00:00,21.480568041688578
gate/hyperliquid,POST_GATE_REGIME,20,2026-07-21 03:26:00+00:00,2026-07-21 03:29:00+00:00,4,24.739635289891936,2026-07-21 03:27:00+00:00,21.47202672074473
gate/hyperliquid,POST_GATE_REGIME,20,2026-07-21 04:39:00+00:00,2026-07-21 04:41:00+00:00,3,20.53225933822877,2026-07-21 04:39:00+00:00,20.52091554853914
gate/hyperliquid,POST_GATE_REGIME,20,2026-07-21 04:48:00+00:00,2026-07-21 04:54:00+00:00,7,23.78686964795433,2026-07-21 04:53:00+00:00,21.414125391601267
gate/hyperliquid,POST_GATE_REGIME,20,2026-07-21 05:01:00+00:00,2026-07-21 05:01:00+00:00,1,20.61038446294022,2026-07-21 05:01:00+00:00,20.61038446294022
gate/hyperliquid,POST_GATE_REGIME,20,2026-07-21 05:08:00+00:00,2026-07-21 05:08:00+00:00,1,21.38698562319336,2026-07-21 05:08:00+00:00,21.38698562319336
gate/hyperliquid,POST_GATE_REGIME,20,2026-07-21 05:12:00+00:00,2026-07-21 05:33:00+00:00,22,31.246244441772728,2026-07-21 05:20:00+00:00,23.18979648954533
gate/hyperliquid,POST_GATE_REGIME,20,2026-07-21 05:36:00+00:00,2026-07-21 05:59:00+00:00,24,30.30786409315644,2026-07-21 05:42:00+00:00,22.324988040184618
gate/hyperliquid,POST_GATE_REGIME,20,2026-07-21 06:02:00+00:00,2026-07-21 07:00:00+00:00,59,32.838092186936116,2026-07-21 06:32:00+00:00,23.099287108208937
gate/hyperliquid,POST_GATE_REGIME,20,2026-07-21 07:03:00+00:00,2026-07-21 13:34:00+00:00,392,46.63110057301,2026-07-21 08:08:00+00:00,36.980211652701094
gate/hyperliquid,POST_GATE_REGIME,20,2026-07-21 13:37:00+00:00,2026-07-21 14:17:00+00:00,41,43.74999999999929,2026-07-21 13:37:00+00:00,24.331855107726614
gate/hyperliquid,POST_GATE_REGIME,20,2026-07-21 14:20:00+00:00,2026-07-21 14:30:00+00:00,11,32.08263234085769,2026-07-21 14:21:00+00:00,24.906600249066354
gate/hyperliquid,POST_GATE_REGIME,20,2026-07-21 14:33:00+00:00,2026-07-21 14:34:00+00:00,2,23.32452184730213,2026-07-21 14:34:00+00:00,23.32452184730213
gate/hyperliquid,POST_GATE_REGIME,20,2026-07-21 14:37:00+00:00,2026-07-21 14:38:00+00:00,2,24.13296485150371,2026-07-21 14:38:00+00:00,24.13296485150371
gate/hyperliquid,POST_GATE_REGIME,20,2026-07-21 14:41:00+00:00,2026-07-21 14:41:00+00:00,1,21.783102536175154,2026-07-21 14:41:00+00:00,21.783102536175154
gate/hyperliquid,POST_GATE_REGIME,20,2026-07-21 14:47:00+00:00,2026-07-21 14:52:00+00:00,6,23.33177788147457,2026-07-21 14:52:00+00:00,23.33177788147457
gate/hyperliquid,POST_GATE_REGIME,20,2026-07-21 14:56:00+00:00,2026-07-21 14:56:00+00:00,1,20.935912844570584,2026-07-21 14:56:00+00:00,20.935912844570584
gate/hyperliquid,POST_GATE_REGIME,20,2026-07-21 15:02:00+00:00,2026-07-21 15:14:00+00:00,13,35.38461538461468,2026-07-21 15:10:00+00:00,21.472392638038205
gate/hyperliquid,POST_GATE_REGIME,20,2026-07-21 15:29:00+00:00,2026-07-21 15:40:00+00:00,12,23.848905642959853,2026-07-21 15:32:00+00:00,20.089630659866398
gate/hyperliquid,POST_GATE_REGIME,20,2026-07-21 15:44:00+00:00,2026-07-21 16:01:00+00:00,18,37.223730127957985,2026-07-21 15:56:00+00:00,23.98545398274524
gate/hyperliquid,POST_GATE_REGIME,20,2026-07-21 16:09:00+00:00,2026-07-21 16:15:00+00:00,7,28.46044382908384,2026-07-21 16:14:00+00:00,21.49712092130658
gate/hyperliquid,POST_GATE_REGIME,20,2026-07-21 16:18:00+00:00,2026-07-21 16:21:00+00:00,4,25.313542745368423,2026-07-21 16:21:00+00:00,25.313542745368423
gate/hyperliquid,POST_GATE_REGIME,20,2026-07-21 16:24:00+00:00,2026-07-21 19:42:00+00:00,199,40.31491271441033,2026-07-21 17:39:00+00:00,23.517809050564324
gate/hyperliquid,POST_GATE_REGIME,20,2026-07-21 19:47:00+00:00,2026-07-21 23:53:00+00:00,247,42.07362885048767,2026-07-21 22:00:00+00:00,21.13367046569518
gate/hyperliquid,POST_GATE_REGIME,20,2026-07-21 23:59:00+00:00,2026-07-21 23:59:00+00:00,1,26.950142236861126,2026-07-21 23:59:00+00:00,26.950142236861126
gate/hyperliquid,POST_GATE_REGIME,20,2026-07-22 00:03:00+00:00,2026-07-22 00:03:00+00:00,1,28.982276223385448,2026-07-22 00:03:00+00:00,28.982276223385448
gate/hyperliquid,POST_GATE_REGIME,20,2026-07-22 00:06:00+00:00,2026-07-22 00:16:00+00:00,11,28.89423967401438,2026-07-22 00:15:00+00:00,21.474323373690925
gate/hyperliquid,POST_GATE_REGIME,20,2026-07-22 00:23:00+00:00,2026-07-22 00:40:00+00:00,18,28.25068768121296,2026-07-22 00:27:00+00:00,23.04404385801828
gate/hyperliquid,POST_GATE_REGIME,20,2026-07-22 00:43:00+00:00,2026-07-22 00:45:00+00:00,3,23.827252419953968,2026-07-22 00:43:00+00:00,20.136480590670438
gate/hyperliquid,POST_GATE_REGIME,20,2026-07-22 00:52:00+00:00,2026-07-22 00:56:00+00:00,5,26.13988573135666,2026-07-22 00:52:00+00:00,20.195220464490415
gate/hyperliquid,POST_GATE_REGIME,20,2026-07-22 01:05:00+00:00,2026-07-22 01:08:00+00:00,4,24.501614879162158,2026-07-22 01:07:00+00:00,21.57657825229784
gate/hyperliquid,POST_GATE_REGIME,20,2026-07-22 03:19:00+00:00,2026-07-22 03:19:00+00:00,1,20.715847623432275,2026-07-22 03:19:00+00:00,20.715847623432275
gate/hyperliquid,POST_GATE_REGIME,20,2026-07-22 03:25:00+00:00,2026-07-22 03:25:00+00:00,1,20.533100117875552,2026-07-22 03:25:00+00:00,20.533100117875552
gate/hyperliquid,POST_GATE_REGIME,20,2026-07-22 05:11:00+00:00,2026-07-22 05:11:00+00:00,1,21.060021060021413,2026-07-22 05:11:00+00:00,21.060021060021413
gate/hyperliquid,POST_GATE_REGIME,20,2026-07-22 05:16:00+00:00,2026-07-22 05:16:00+00:00,1,21.203910943574396,2026-07-22 05:16:00+00:00,21.203910943574396
gate/hyperliquid,POST_GATE_REGIME,20,2026-07-22 05:19:00+00:00,2026-07-22 05:33:00+00:00,15,26.86897423739421,2026-07-22 05:28:00+00:00,20.53712480252693
gate/hyperliquid,POST_GATE_REGIME,20,2026-07-22 05:36:00+00:00,2026-07-22 05:36:00+00:00,1,20.61038446294022,2026-07-22 05:36:00+00:00,20.61038446294022
gate/hyperliquid,POST_GATE_REGIME,20,2026-07-22 05:40:00+00:00,2026-07-22 05:40:00+00:00,1,20.59732234809403,2026-07-22 05:40:00+00:00,20.59732234809403
gate/hyperliquid,POST_GATE_REGIME,20,2026-07-22 05:43:00+00:00,2026-07-22 13:31:00+00:00,469,65.66946369937905,2026-07-22 11:32:00+00:00,24.87661998956896
gate/hyperliquid,POST_GATE_REGIME,20,2026-07-22 13:35:00+00:00,2026-07-22 13:48:00+00:00,14,31.216232440868158,2026-07-22 13:38:00+00:00,23.115858275876537
gate/hyperliquid,POST_GATE_REGIME,20,2026-07-22 13:58:00+00:00,2026-07-22 14:18:00+00:00,21,26.0591463655384,2026-07-22 14:05:00+00:00,21.356535495351537
gate/hyperliquid,POST_GATE_REGIME,20,2026-07-22 14:22:00+00:00,2026-07-22 15:23:00+00:00,62,38.15580286168666,2026-07-22 14:41:00+00:00,25.995509866477256
gate/hyperliquid,POST_GATE_REGIME,20,2026-07-22 15:28:00+00:00,2026-07-22 15:59:00+00:00,32,37.00350352320627,2026-07-22 15:33:00+00:00,22.028164581857876
gate/hyperliquid,POST_GATE_REGIME,20,2026-07-22 16:02:00+00:00,2026-07-22 19:43:00+00:00,222,45.694477270936375,2026-07-22 16:46:00+00:00,21.343029919766373
gate/hyperliquid,POST_GATE_REGIME,20,2026-07-22 19:46:00+00:00,2026-07-22 20:10:00+00:00,25,45.63468235859288,2026-07-22 20:06:00+00:00,25.44326946012599
gate/hyperliquid,POST_GATE_REGIME,20,2026-07-22 20:16:00+00:00,2026-07-22 21:39:00+00:00,84,51.35387488328595,2026-07-22 20:44:00+00:00,29.92518703241965
gate/hyperliquid,POST_GATE_REGIME,20,2026-07-22 21:43:00+00:00,2026-07-23 00:27:00+00:00,165,53.904144369361276,2026-07-22 23:43:00+00:00,22.94455066921606
gate/hyperliquid,POST_GATE_REGIME,20,2026-07-23 00:30:00+00:00,2026-07-23 00:43:00+00:00,14,27.779921290224063,2026-07-23 00:32:00+00:00,26.206258671187474
gate/hyperliquid,POST_GATE_REGIME,20,2026-07-23 01:01:00+00:00,2026-07-23 01:01:00+00:00,1,23.69758819707324,2026-07-23 01:01:00+00:00,23.69758819707324
gate/hyperliquid,POST_GATE_REGIME,20,2026-07-23 01:22:00+00:00,2026-07-23 01:24:00+00:00,3,26.047651880794383,2026-07-23 01:24:00+00:00,26.047651880794383
gate/hyperliquid,POST_GATE_REGIME,20,2026-07-23 01:39:00+00:00,2026-07-23 01:39:00+00:00,1,20.77962057952088,2026-07-23 01:39:00+00:00,20.77962057952088
gate/hyperliquid,POST_GATE_REGIME,20,2026-07-23 01:49:00+00:00,2026-07-23 02:08:00+00:00,20,29.726981146835286,2026-07-23 02:00:00+00:00,21.041967034252
gate/hyperliquid,POST_GATE_REGIME,20,2026-07-23 02:13:00+00:00,2026-07-23 03:47:00+00:00,95,49.09335656029808,2026-07-23 02:25:00+00:00,20.058632927016735
gate/hyperliquid,POST_GATE_REGIME,20,2026-07-23 04:00:00+00:00,2026-07-23 04:12:00+00:00,13,33.28817495645583,2026-07-23 04:10:00+00:00,23.8819768113702
gate/hyperliquid,POST_GATE_REGIME,20,2026-07-23 04:15:00+00:00,2026-07-23 04:21:00+00:00,7,26.953140040814755,2026-07-23 04:16:00+00:00,20.690447909881957
gate/hyperliquid,POST_GATE_REGIME,20,2026-07-23 04:30:00+00:00,2026-07-23 04:31:00+00:00,2,23.66321896110766,2026-07-23 04:30:00+00:00,21.419828641370525
gate/hyperliquid,POST_GATE_REGIME,20,2026-07-23 04:35:00+00:00,2026-07-23 04:35:00+00:00,1,25.93637958654255,2026-07-23 04:35:00+00:00,25.93637958654255
gate/hyperliquid,POST_GATE_REGIME,20,2026-07-23 04:38:00+00:00,2026-07-23 05:27:00+00:00,50,36.82393555811417,2026-07-23 04:51:00+00:00,22.853660394606536
gate/hyperliquid,POST_GATE_REGIME,20,2026-07-23 05:35:00+00:00,2026-07-23 05:40:00+00:00,6,26.82300647584014,2026-07-23 05:38:00+00:00,22.262311442059367
gate/hyperliquid,POST_GATE_REGIME,20,2026-07-23 05:43:00+00:00,2026-07-23 06:39:00+00:00,57,33.92444101773393,2026-07-23 06:02:00+00:00,24.57946078807931
gate/hyperliquid,POST_GATE_REGIME,20,2026-07-23 06:43:00+00:00,2026-07-23 08:50:00+00:00,128,46.23208506703652,2026-07-23 07:53:00+00:00,22.010549884255557
gate/hyperliquid,POST_GATE_REGIME,20,2026-07-23 08:53:00+00:00,2026-07-23 09:02:00+00:00,10,25.796661608498415,2026-07-23 08:55:00+00:00,20.50191730893387
gate/hyperliquid,POST_GATE_REGIME,20,2026-07-23 09:05:00+00:00,2026-07-23 09:05:00+00:00,1,21.990521327014907,2026-07-23 09:05:00+00:00,21.990521327014907
gate/hyperliquid,POST_GATE_REGIME,50,2026-07-20 00:00:00+00:00,2026-07-20 00:05:00+00:00,6,78.55590840715246,2026-07-20 00:03:00+00:00,53.11542390194076
gate/hyperliquid,POST_GATE_REGIME,50,2026-07-20 01:36:00+00:00,2026-07-20 01:36:00+00:00,1,51.82412701024106,2026-07-20 01:36:00+00:00,51.82412701024106
gate/hyperliquid,POST_GATE_REGIME,50,2026-07-20 01:46:00+00:00,2026-07-20 01:46:00+00:00,1,50.624507240963595,2026-07-20 01:46:00+00:00,50.624507240963595
gate/hyperliquid,POST_GATE_REGIME,50,2026-07-20 01:49:00+00:00,2026-07-20 01:50:00+00:00,2,53.12084993359969,2026-07-20 01:50:00+00:00,53.12084993359969
gate/hyperliquid,POST_GATE_REGIME,50,2026-07-20 04:14:00+00:00,2026-07-20 04:14:00+00:00,1,50.06257822277847,2026-07-20 04:14:00+00:00,50.06257822277847
gate/hyperliquid,POST_GATE_REGIME,50,2026-07-20 04:18:00+00:00,2026-07-20 04:19:00+00:00,2,54.45938586569478,2026-07-20 04:18:00+00:00,52.69982015140705
gate/hyperliquid,POST_GATE_REGIME,50,2026-07-20 06:24:00+00:00,2026-07-20 06:24:00+00:00,1,50.36091992613731,2026-07-20 06:24:00+00:00,50.36091992613731
gate/hyperliquid,POST_GATE_REGIME,50,2026-07-21 00:58:00+00:00,2026-07-21 00:58:00+00:00,1,50.53224537133029,2026-07-21 00:58:00+00:00,50.53224537133029
gate/hyperliquid,POST_GATE_REGIME,50,2026-07-21 01:02:00+00:00,2026-07-21 01:05:00+00:00,4,56.20299198280812,2026-07-21 01:03:00+00:00,51.54006626579912
gate/hyperliquid,POST_GATE_REGIME,50,2026-07-22 08:56:00+00:00,2026-07-22 08:56:00+00:00,1,51.57962604771189,2026-07-22 08:56:00+00:00,51.57962604771189
gate/hyperliquid,POST_GATE_REGIME,50,2026-07-22 11:03:00+00:00,2026-07-22 11:09:00+00:00,7,52.956751985877474,2026-07-22 11:06:00+00:00,50.59631369714456
gate/hyperliquid,POST_GATE_REGIME,50,2026-07-22 11:17:00+00:00,2026-07-22 11:19:00+00:00,3,51.471770950618165,2026-07-22 11:19:00+00:00,51.471770950618165
gate/hyperliquid,POST_GATE_REGIME,50,2026-07-22 11:24:00+00:00,2026-07-22 11:32:00+00:00,9,65.66946369937905,2026-07-22 11:32:00+00:00,65.66946369937905
gate/hyperliquid,POST_GATE_REGIME,50,2026-07-22 12:56:00+00:00,2026-07-22 12:56:00+00:00,1,51.34683564937411,2026-07-22 12:56:00+00:00,51.34683564937411
gate/hyperliquid,POST_GATE_REGIME,50,2026-07-22 20:44:00+00:00,2026-07-22 20:46:00+00:00,3,51.35387488328595,2026-07-22 20:44:00+00:00,50.72774807819878
gate/hyperliquid,POST_GATE_REGIME,50,2026-07-22 23:14:00+00:00,2026-07-22 23:14:00+00:00,1,52.720620057442225,2026-07-22 23:14:00+00:00,52.720620057442225
gate/hyperliquid,POST_GATE_REGIME,50,2026-07-22 23:43:00+00:00,2026-07-22 23:43:00+00:00,1,53.904144369361276,2026-07-22 23:43:00+00:00,53.904144369361276
gate/okx,GATE_REGIME_20260716_19,20,2026-07-16 18:34:00+00:00,2026-07-18 18:18:00+00:00,2865,207.6481374452712,2026-07-16 19:41:00+00:00,21.11602080319142
gate/okx,GATE_REGIME_20260716_19,20,2026-07-18 18:21:00+00:00,2026-07-18 23:11:00+00:00,291,31.598602001243773,2026-07-18 20:21:00+00:00,21.086702794637525
gate/okx,GATE_REGIME_20260716_19,20,2026-07-18 23:15:00+00:00,2026-07-18 23:34:00+00:00,20,25.044304153975677,2026-07-18 23:21:00+00:00,21.31217132906544
gate/okx,GATE_REGIME_20260716_19,20,2026-07-18 23:39:00+00:00,2026-07-19 00:51:00+00:00,73,28.89948344336606,2026-07-19 00:31:00+00:00,22.32941490898087
gate/okx,GATE_REGIME_20260716_19,20,2026-07-19 00:54:00+00:00,2026-07-19 00:59:00+00:00,6,25.05499614704167,2026-07-19 00:58:00+00:00,23.42122031446456
gate/okx,GATE_REGIME_20260716_19,20,2026-07-19 01:02:00+00:00,2026-07-19 02:00:00+00:00,59,26.839382262705776,2026-07-19 01:10:00+00:00,21.76840311985074
gate/okx,GATE_REGIME_20260716_19,20,2026-07-19 02:04:00+00:00,2026-07-19 02:08:00+00:00,5,21.30657410907607,2026-07-19 02:06:00+00:00,20.525504442181823
gate/okx,GATE_REGIME_20260716_19,20,2026-07-19 02:11:00+00:00,2026-07-19 02:12:00+00:00,2,21.37605109648848,2026-07-19 02:11:00+00:00,21.291939970466174
gate/okx,GATE_REGIME_20260716_19,20,2026-07-19 02:15:00+00:00,2026-07-19 02:31:00+00:00,17,25.762129669386002,2026-07-19 02:19:00+00:00,21.090236081520608
gate/okx,GATE_REGIME_20260716_19,20,2026-07-19 02:37:00+00:00,2026-07-19 02:39:00+00:00,3,22.667170381564897,2026-07-19 02:37:00+00:00,20.327382356345797
gate/okx,GATE_REGIME_20260716_19,20,2026-07-19 02:46:00+00:00,2026-07-19 02:49:00+00:00,4,21.19325762678439,2026-07-19 02:46:00+00:00,20.58672156459162
gate/okx,GATE_REGIME_20260716_19,20,2026-07-19 02:53:00+00:00,2026-07-19 03:07:00+00:00,15,25.069972697770083,2026-07-19 03:02:00+00:00,20.229380603794723
gate/okx,GATE_REGIME_20260716_19,20,2026-07-19 03:11:00+00:00,2026-07-19 03:16:00+00:00,6,22.380476678427705,2026-07-19 03:14:00+00:00,21.796401019453405
gate/okx,GATE_REGIME_20260716_19,20,2026-07-19 03:20:00+00:00,2026-07-19 03:22:00+00:00,3,20.174704354730615,2026-07-19 03:22:00+00:00,20.174704354730615
gate/okx,GATE_REGIME_20260716_19,20,2026-07-19 03:48:00+00:00,2026-07-19 03:51:00+00:00,4,22.370885278499518,2026-07-19 03:50:00+00:00,20.406238478621542
gate/okx,GATE_REGIME_20260716_19,20,2026-07-19 04:14:00+00:00,2026-07-19 08:00:00+00:00,227,38.88242735013842,2026-07-19 05:06:00+00:00,20.790108285321317
gate/okx,GATE_REGIME_20260716_19,20,2026-07-19 08:04:00+00:00,2026-07-19 09:20:00+00:00,77,38.14388815607037,2026-07-19 09:17:00+00:00,21.270603269619382
gate/okx,GATE_REGIME_20260716_19,20,2026-07-19 09:23:00+00:00,2026-07-19 09:24:00+00:00,2,22.749308496571313,2026-07-19 09:23:00+00:00,21.64956239353473
gate/okx,GATE_REGIME_20260716_19,20,2026-07-19 09:27:00+00:00,2026-07-19 09:41:00+00:00,15,23.90388123545437,2026-07-19 09:29:00+00:00,23.409869903213725
gate/okx,GATE_REGIME_20260716_19,20,2026-07-19 09:45:00+00:00,2026-07-19 10:11:00+00:00,27,27.31457283043054,2026-07-19 10:07:00+00:00,21.329781180052862
gate/okx,GATE_REGIME_20260716_19,20,2026-07-19 10:14:00+00:00,2026-07-19 10:22:00+00:00,9,28.559116526266017,2026-07-19 10:14:00+00:00,20.335922436596682
gate/okx,GATE_REGIME_20260716_19,20,2026-07-19 10:25:00+00:00,2026-07-19 11:00:00+00:00,36,29.293453715077074,2026-07-19 10:29:00+00:00,21.160987906200262
gate/okx,GATE_REGIME_20260716_19,20,2026-07-19 11:03:00+00:00,2026-07-19 23:59:00+00:00,777,67.35037501913425,2026-07-19 23:50:00+00:00,49.395332992675485
gate/okx,GATE_REGIME_20260716_19,50,2026-07-16 18:34:00+00:00,2026-07-17 21:16:00+00:00,1603,207.6481374452712,2026-07-16 19:41:00+00:00,50.086489556710156
gate/okx,GATE_REGIME_20260716_19,50,2026-07-17 21:22:00+00:00,2026-07-17 21:24:00+00:00,3,52.29387783186964,2026-07-17 21:23:00+00:00,51.37627311179312
gate/okx,GATE_REGIME_20260716_19,50,2026-07-17 21:53:00+00:00,2026-07-17 21:55:00+00:00,3,51.244762992971786,2026-07-17 21:55:00+00:00,51.244762992971786
gate/okx,GATE_REGIME_20260716_19,50,2026-07-18 00:02:00+00:00,2026-07-18 00:04:00+00:00,3,52.944209281266325,2026-07-18 00:04:00+00:00,52.944209281266325
gate/okx,GATE_REGIME_20260716_19,50,2026-07-18 00:12:00+00:00,2026-07-18 00:12:00+00:00,1,50.42394101089571,2026-07-18 00:12:00+00:00,50.42394101089571
gate/okx,GATE_REGIME_20260716_19,50,2026-07-18 00:18:00+00:00,2026-07-18 00:24:00+00:00,7,53.661069759391076,2026-07-18 00:22:00+00:00,52.56025596065483
gate/okx,GATE_REGIME_20260716_19,50,2026-07-18 00:44:00+00:00,2026-07-18 00:44:00+00:00,1,50.700144857557675,2026-07-18 00:44:00+00:00,50.700144857557675
gate/okx,GATE_REGIME_20260716_19,50,2026-07-18 00:47:00+00:00,2026-07-18 00:58:00+00:00,12,52.511090704501534,2026-07-18 00:50:00+00:00,50.5526776986896
gate/okx,GATE_REGIME_20260716_19,50,2026-07-18 01:02:00+00:00,2026-07-18 01:15:00+00:00,14,58.38826043399903,2026-07-18 01:04:00+00:00,50.681707689592805
gate/okx,GATE_REGIME_20260716_19,50,2026-07-18 01:37:00+00:00,2026-07-18 01:38:00+00:00,2,50.7755950667779,2026-07-18 01:38:00+00:00,50.7755950667779
gate/okx,GATE_REGIME_20260716_19,50,2026-07-18 01:47:00+00:00,2026-07-18 02:07:00+00:00,21,59.26562164483651,2026-07-18 01:55:00+00:00,51.5818431911967
gate/okx,GATE_REGIME_20260716_19,50,2026-07-18 02:12:00+00:00,2026-07-18 02:12:00+00:00,1,50.03481804348331,2026-07-18 02:12:00+00:00,50.03481804348331
gate/okx,GATE_REGIME_20260716_19,50,2026-07-18 02:17:00+00:00,2026-07-18 02:29:00+00:00,13,53.812121030068546,2026-07-18 02:21:00+00:00,52.058724990764695
gate/okx,GATE_REGIME_20260716_19,50,2026-07-18 02:32:00+00:00,2026-07-18 03:04:00+00:00,33,53.85548491444197,2026-07-18 02:32:00+00:00,51.3785430144944
gate/okx,GATE_REGIME_20260716_19,50,2026-07-18 03:07:00+00:00,2026-07-18 03:07:00+00:00,1,50.26744860475725,2026-07-18 03:07:00+00:00,50.26744860475725
gate/okx,GATE_REGIME_20260716_19,50,2026-07-18 04:11:00+00:00,2026-07-18 04:12:00+00:00,2,51.58377643024811,2026-07-18 04:11:00+00:00,50.624222403364286
gate/okx,GATE_REGIME_20260716_19,50,2026-07-18 04:15:00+00:00,2026-07-18 04:15:00+00:00,1,50.93035938969509,2026-07-18 04:15:00+00:00,50.93035938969509
gate/okx,GATE_REGIME_20260716_19,50,2026-07-18 04:20:00+00:00,2026-07-18 04:20:00+00:00,1,50.26312963161774,2026-07-18 04:20:00+00:00,50.26312963161774
gate/okx,GATE_REGIME_20260716_19,50,2026-07-18 04:43:00+00:00,2026-07-18 04:43:00+00:00,1,50.27176832019171,2026-07-18 04:43:00+00:00,50.27176832019171
gate/okx,GATE_REGIME_20260716_19,50,2026-07-19 22:38:00+00:00,2026-07-19 22:38:00+00:00,1,53.257291426414014,2026-07-19 22:38:00+00:00,53.257291426414014
gate/okx,GATE_REGIME_20260716_19,50,2026-07-19 22:45:00+00:00,2026-07-19 22:49:00+00:00,5,56.73117955669329,2026-07-19 22:48:00+00:00,51.405272807951086
gate/okx,GATE_REGIME_20260716_19,50,2026-07-19 22:57:00+00:00,2026-07-19 22:57:00+00:00,1,54.425230978875206,2026-07-19 22:57:00+00:00,54.425230978875206
gate/okx,GATE_REGIME_20260716_19,50,2026-07-19 23:02:00+00:00,2026-07-19 23:02:00+00:00,1,51.63004633249979,2026-07-19 23:02:00+00:00,51.63004633249979
gate/okx,GATE_REGIME_20260716_19,50,2026-07-19 23:10:00+00:00,2026-07-19 23:17:00+00:00,8,60.537717371951715,2026-07-19 23:13:00+00:00,54.26728548923444
gate/okx,GATE_REGIME_20260716_19,50,2026-07-19 23:22:00+00:00,2026-07-19 23:23:00+00:00,2,57.105983475535794,2026-07-19 23:22:00+00:00,50.826670937344964
gate/okx,GATE_REGIME_20260716_19,50,2026-07-19 23:29:00+00:00,2026-07-19 23:57:00+00:00,29,67.35037501913425,2026-07-19 23:50:00+00:00,53.17970307999121
gate/okx,GATE_REGIME_20260716_19,100,2026-07-16 18:34:00+00:00,2026-07-17 13:37:00+00:00,1144,207.6481374452712,2026-07-16 19:41:00+00:00,112.42644998598976
gate/okx,GATE_REGIME_20260716_19,100,2026-07-17 13:42:00+00:00,2026-07-17 13:42:00+00:00,1,102.95953909176544,2026-07-17 13:42:00+00:00,102.95953909176544
gate/okx,GATE_REGIME_20260716_19,100,2026-07-17 14:09:00+00:00,2026-07-17 14:33:00+00:00,25,122.28969719735274,2026-07-17 14:14:00+00:00,103.51975579092495
gate/okx,GATE_REGIME_20260716_19,100,2026-07-17 14:42:00+00:00,2026-07-17 14:46:00+00:00,5,118.17848240608348,2026-07-17 14:46:00+00:00,118.17848240608348
gate/okx,GATE_REGIME_20260716_19,100,2026-07-17 14:53:00+00:00,2026-07-17 15:07:00+00:00,15,118.41448512073795,2026-07-17 15:01:00+00:00,111.0489390091668
gate/okx,GATE_REGIME_20260716_19,100,2026-07-17 15:13:00+00:00,2026-07-17 15:15:00+00:00,3,103.2161044464964,2026-07-17 15:13:00+00:00,100.71751603393746
gate/okx,GATE_REGIME_20260716_19,100,2026-07-17 15:21:00+00:00,2026-07-17 15:26:00+00:00,6,114.376866684768,2026-07-17 15:23:00+00:00,103.16050910601157
gate/okx,GATE_REGIME_20260716_19,100,2026-07-17 15:34:00+00:00,2026-07-17 15:35:00+00:00,2,104.24919728118094,2026-07-17 15:34:00+00:00,102.7470032124076
gate/okx,GATE_REGIME_20260716_19,100,2026-07-17 15:38:00+00:00,2026-07-17 15:44:00+00:00,7,104.85960004144724,2026-07-17 15:41:00+00:00,102.83436706317212
gate/okx,GATE_REGIME_20260716_19,100,2026-07-17 15:48:00+00:00,2026-07-17 15:52:00+00:00,5,108.03477627867491,2026-07-17 15:52:00+00:00,108.03477627867491
gate/okx,GATE_REGIME_20260716_19,100,2026-07-17 15:57:00+00:00,2026-07-17 15:58:00+00:00,2,105.36713862364137,2026-07-17 15:57:00+00:00,100.61008241464219
gate/okx,GATE_REGIME_20260716_19,100,2026-07-17 16:14:00+00:00,2026-07-17 16:14:00+00:00,1,103.164874581458,2026-07-17 16:14:00+00:00,103.164874581458
gate/okx,GATE_REGIME_20260716_19,100,2026-07-17 16:21:00+00:00,2026-07-17 16:26:00+00:00,6,110.44561971337532,2026-07-17 16:23:00+00:00,105.30795483941054
gate/okx,GATE_REGIME_20260716_19,100,2026-07-17 16:37:00+00:00,2026-07-17 17:05:00+00:00,29,129.01291378455932,2026-07-17 16:40:00+00:00,106.02013560715093
gate/okx,GATE_REGIME_20260716_19,100,2026-07-17 17:08:00+00:00,2026-07-17 18:20:00+00:00,73,124.17622004195599,2026-07-17 17:56:00+00:00,103.45488217638496
gate/okx,GATE_REGIME_20260716_19,100,2026-07-17 18:40:00+00:00,2026-07-17 18:43:00+00:00,4,107.24426125073335,2026-07-17 18:42:00+00:00,105.48496480315535
gate/okx,POST_GATE_REGIME,20,2026-07-20 00:00:00+00:00,2026-07-20 00:18:00+00:00,19,57.60320574362286,2026-07-20 00:03:00+00:00,26.187358647779668
gate/okx,POST_GATE_REGIME,20,2026-07-20 00:21:00+00:00,2026-07-20 00:56:00+00:00,36,52.448522013325174,2026-07-20 00:21:00+00:00,45.5874936964203
gate/okx,POST_GATE_REGIME,20,2026-07-20 00:59:00+00:00,2026-07-20 01:28:00+00:00,30,36.59577928678892,2026-07-20 01:03:00+00:00,21.964141326779103
gate/okx,POST_GATE_REGIME,20,2026-07-20 01:31:00+00:00,2026-07-20 01:33:00+00:00,3,23.162831431063196,2026-07-20 01:31:00+00:00,20.408835050528474
gate/okx,POST_GATE_REGIME,20,2026-07-20 01:37:00+00:00,2026-07-20 01:43:00+00:00,7,26.779901151863182,2026-07-20 01:37:00+00:00,25.26350665755486
gate/okx,POST_GATE_REGIME,20,2026-07-20 01:46:00+00:00,2026-07-20 02:33:00+00:00,48,42.73290266579964,2026-07-20 01:59:00+00:00,32.04265730502306
gate/okx,POST_GATE_REGIME,20,2026-07-20 02:36:00+00:00,2026-07-20 02:39:00+00:00,4,32.14646160491326,2026-07-20 02:38:00+00:00,26.624511190615237
gate/okx,POST_GATE_REGIME,20,2026-07-20 02:42:00+00:00,2026-07-20 02:46:00+00:00,5,24.615029986704666,2026-07-20 02:42:00+00:00,22.685557549134856
gate/okx,POST_GATE_REGIME,20,2026-07-20 02:50:00+00:00,2026-07-20 03:01:00+00:00,12,27.23836884394206,2026-07-20 02:59:00+00:00,23.735387643538235
gate/okx,POST_GATE_REGIME,20,2026-07-20 03:04:00+00:00,2026-07-20 03:57:00+00:00,54,41.00205010250573,2026-07-20 03:31:00+00:00,25.873435091155347
gate/okx,POST_GATE_REGIME,20,2026-07-20 04:00:00+00:00,2026-07-20 05:48:00+00:00,109,49.02082147012993,2026-07-20 04:01:00+00:00,21.82442169447385
gate/okx,POST_GATE_REGIME,20,2026-07-20 05:51:00+00:00,2026-07-20 05:51:00+00:00,1,20.47832710381543,2026-07-20 05:51:00+00:00,20.47832710381543
gate/okx,POST_GATE_REGIME,20,2026-07-20 05:58:00+00:00,2026-07-20 05:58:00+00:00,1,21.703294427553995,2026-07-20 05:58:00+00:00,21.703294427553995
gate/okx,POST_GATE_REGIME,20,2026-07-20 06:08:00+00:00,2026-07-20 06:14:00+00:00,7,29.33445879594993,2026-07-20 06:10:00+00:00,20.79036936438491
gate/okx,POST_GATE_REGIME,20,2026-07-20 06:17:00+00:00,2026-07-20 06:17:00+00:00,1,22.739861811609142,2026-07-20 06:17:00+00:00,22.739861811609142
gate/okx,POST_GATE_REGIME,20,2026-07-20 06:20:00+00:00,2026-07-20 06:29:00+00:00,10,32.621776083794366,2026-07-20 06:24:00+00:00,22.207789486915114
gate/okx,POST_GATE_REGIME,20,2026-07-20 06:44:00+00:00,2026-07-20 06:44:00+00:00,1,21.536643719386216,2026-07-20 06:44:00+00:00,21.536643719386216
gate/okx,POST_GATE_REGIME,20,2026-07-20 06:47:00+00:00,2026-07-20 07:56:00+00:00,70,31.549690762951414,2026-07-20 07:19:00+00:00,20.75980900975711
gate/okx,POST_GATE_REGIME,20,2026-07-20 08:07:00+00:00,2026-07-20 08:10:00+00:00,4,23.37712758707507,2026-07-20 08:07:00+00:00,20.474547165761425
gate/okx,POST_GATE_REGIME,20,2026-07-20 08:15:00+00:00,2026-07-20 08:18:00+00:00,4,21.800240950032222,2026-07-20 08:18:00+00:00,21.800240950032222
gate/okx,POST_GATE_REGIME,20,2026-07-20 08:37:00+00:00,2026-07-20 08:37:00+00:00,1,24.99193141287152,2026-07-20 08:37:00+00:00,24.99193141287152
gate/okx,POST_GATE_REGIME,20,2026-07-20 12:51:00+00:00,2026-07-20 12:55:00+00:00,5,20.93089974584025,2026-07-20 12:51:00+00:00,20.24045662470145
gate/okx,POST_GATE_REGIME,20,2026-07-20 13:07:00+00:00,2026-07-20 13:07:00+00:00,1,20.37307693856247,2026-07-20 13:07:00+00:00,20.37307693856247
gate/okx,POST_GATE_REGIME,20,2026-07-20 13:12:00+00:00,2026-07-20 13:17:00+00:00,6,23.812971633602327,2026-07-20 13:12:00+00:00,20.60826584662898
gate/okx,POST_GATE_REGIME,20,2026-07-20 13:20:00+00:00,2026-07-20 13:32:00+00:00,13,33.88429082124872,2026-07-20 13:31:00+00:00,20.88364423623448
gate/okx,POST_GATE_REGIME,20,2026-07-20 13:36:00+00:00,2026-07-20 13:38:00+00:00,3,28.709214367509762,2026-07-20 13:38:00+00:00,28.709214367509762
gate/okx,POST_GATE_REGIME,20,2026-07-20 13:42:00+00:00,2026-07-20 13:42:00+00:00,1,20.02323982453538,2026-07-20 13:42:00+00:00,20.02323982453538
gate/okx,POST_GATE_REGIME,20,2026-07-20 13:46:00+00:00,2026-07-20 13:52:00+00:00,7,32.3599660990832,2026-07-20 13:50:00+00:00,29.407092730095247
gate/okx,POST_GATE_REGIME,20,2026-07-20 13:56:00+00:00,2026-07-20 14:14:00+00:00,19,35.71355267749132,2026-07-20 14:10:00+00:00,20.282470503844674
gate/okx,POST_GATE_REGIME,20,2026-07-20 14:18:00+00:00,2026-07-20 14:21:00+00:00,4,27.416607817886884,2026-07-20 14:21:00+00:00,27.416607817886884
gate/okx,POST_GATE_REGIME,20,2026-07-20 14:32:00+00:00,2026-07-20 14:32:00+00:00,1,22.474037547284127,2026-07-20 14:32:00+00:00,22.474037547284127
gate/okx,POST_GATE_REGIME,20,2026-07-20 14:45:00+00:00,2026-07-20 14:45:00+00:00,1,21.17687616452239,2026-07-20 14:45:00+00:00,21.17687616452239
gate/okx,POST_GATE_REGIME,20,2026-07-20 14:48:00+00:00,2026-07-20 14:50:00+00:00,3,27.30696410082907,2026-07-20 14:48:00+00:00,22.250607771231167
gate/okx,POST_GATE_REGIME,20,2026-07-20 14:53:00+00:00,2026-07-20 14:56:00+00:00,4,26.341702571432737,2026-07-20 14:56:00+00:00,26.341702571432737
gate/okx,POST_GATE_REGIME,20,2026-07-20 17:13:00+00:00,2026-07-20 17:13:00+00:00,1,20.153963062081264,2026-07-20 17:13:00+00:00,20.153963062081264
gate/okx,POST_GATE_REGIME,20,2026-07-20 23:03:00+00:00,2026-07-20 23:03:00+00:00,1,26.877260510336207,2026-07-20 23:03:00+00:00,26.877260510336207
gate/okx,POST_GATE_REGIME,20,2026-07-21 00:00:00+00:00,2026-07-21 00:00:00+00:00,1,44.2472324568921,2026-07-21 00:00:00+00:00,44.2472324568921
gate/okx,POST_GATE_REGIME,20,2026-07-21 05:37:00+00:00,2026-07-21 05:37:00+00:00,1,22.04159256474206,2026-07-21 05:37:00+00:00,22.04159256474206
gate/okx,POST_GATE_REGIME,20,2026-07-21 05:46:00+00:00,2026-07-21 05:48:00+00:00,3,22.85786850376289,2026-07-21 05:48:00+00:00,22.85786850376289
gate/okx,POST_GATE_REGIME,20,2026-07-21 05:51:00+00:00,2026-07-21 05:51:00+00:00,1,23.587160934561854,2026-07-21 05:51:00+00:00,23.587160934561854
gate/okx,POST_GATE_REGIME,20,2026-07-21 05:55:00+00:00,2026-07-21 05:56:00+00:00,2,21.092428614068975,2026-07-21 05:55:00+00:00,20.155588395798176
gate/okx,POST_GATE_REGIME,20,2026-07-21 06:05:00+00:00,2026-07-21 06:15:00+00:00,11,26.57344869584394,2026-07-21 06:07:00+00:00,24.063183725981272
gate/okx,POST_GATE_REGIME,20,2026-07-21 07:14:00+00:00,2026-07-21 07:17:00+00:00,4,21.622652908724003,2026-07-21 07:15:00+00:00,20.368867459142482
gate/okx,POST_GATE_REGIME,20,2026-07-21 07:20:00+00:00,2026-07-21 07:20:00+00:00,1,26.00676812222371,2026-07-21 07:20:00+00:00,26.00676812222371
gate/okx,POST_GATE_REGIME,20,2026-07-21 07:24:00+00:00,2026-07-21 07:25:00+00:00,2,20.437131962640102,2026-07-21 07:24:00+00:00,20.198325288462016
gate/okx,POST_GATE_REGIME,20,2026-07-21 07:36:00+00:00,2026-07-21 07:45:00+00:00,10,24.82613746677826,2026-07-21 07:39:00+00:00,20.42249026740655
gate/okx,POST_GATE_REGIME,20,2026-07-21 07:48:00+00:00,2026-07-21 07:54:00+00:00,7,25.166849843106053,2026-07-21 07:50:00+00:00,20.772068332941238
gate/okx,POST_GATE_REGIME,20,2026-07-21 08:08:00+00:00,2026-07-21 08:08:00+00:00,1,20.52253532244168,2026-07-21 08:08:00+00:00,20.52253532244168
gate/okx,POST_GATE_REGIME,20,2026-07-21 09:03:00+00:00,2026-07-21 09:05:00+00:00,3,20.539940741089715,2026-07-21 09:03:00+00:00,20.464384100747022
gate/okx,POST_GATE_REGIME,20,2026-07-21 09:08:00+00:00,2026-07-21 09:12:00+00:00,5,23.40213455833238,2026-07-21 09:10:00+00:00,22.636479435901226
gate/okx,POST_GATE_REGIME,20,2026-07-21 09:17:00+00:00,2026-07-21 09:17:00+00:00,1,23.877350796108484,2026-07-21 09:17:00+00:00,23.877350796108484
gate/okx,POST_GATE_REGIME,20,2026-07-21 09:20:00+00:00,2026-07-21 09:22:00+00:00,3,23.389233864775793,2026-07-21 09:20:00+00:00,21.740500346587616
gate/okx,POST_GATE_REGIME,20,2026-07-21 09:29:00+00:00,2026-07-21 09:34:00+00:00,6,21.606617618067617,2026-07-21 09:32:00+00:00,20.430620688566492
gate/okx,POST_GATE_REGIME,20,2026-07-21 10:46:00+00:00,2026-07-21 10:47:00+00:00,2,21.068995040499388,2026-07-21 10:47:00+00:00,21.068995040499388
gate/okx,POST_GATE_REGIME,20,2026-07-21 11:18:00+00:00,2026-07-21 11:20:00+00:00,3,22.176461270394064,2026-07-21 11:18:00+00:00,21.31782177825546
gate/okx,POST_GATE_REGIME,20,2026-07-21 11:23:00+00:00,2026-07-21 11:27:00+00:00,5,22.361607815460722,2026-07-21 11:26:00+00:00,21.005489170283898
gate/okx,POST_GATE_REGIME,20,2026-07-21 11:46:00+00:00,2026-07-21 11:46:00+00:00,1,20.132241192145916,2026-07-21 11:46:00+00:00,20.132241192145916
gate/okx,POST_GATE_REGIME,20,2026-07-21 11:57:00+00:00,2026-07-21 12:06:00+00:00,10,26.30453040074743,2026-07-21 12:02:00+00:00,24.06053123120242
gate/okx,POST_GATE_REGIME,20,2026-07-21 12:09:00+00:00,2026-07-21 12:10:00+00:00,2,22.84305085147569,2026-07-21 12:10:00+00:00,22.84305085147569
gate/okx,POST_GATE_REGIME,20,2026-07-21 12:14:00+00:00,2026-07-21 12:37:00+00:00,24,26.87637661914172,2026-07-21 12:34:00+00:00,20.50695090254552
gate/okx,POST_GATE_REGIME,20,2026-07-21 12:41:00+00:00,2026-07-21 12:43:00+00:00,3,22.662664254616296,2026-07-21 12:43:00+00:00,22.662664254616296
gate/okx,POST_GATE_REGIME,20,2026-07-21 12:52:00+00:00,2026-07-21 12:52:00+00:00,1,20.639018816301878,2026-07-21 12:52:00+00:00,20.639018816301878
gate/okx,POST_GATE_REGIME,20,2026-07-21 12:56:00+00:00,2026-07-21 12:56:00+00:00,1,20.47746490565675,2026-07-21 12:56:00+00:00,20.47746490565675
gate/okx,POST_GATE_REGIME,20,2026-07-21 13:00:00+00:00,2026-07-21 13:00:00+00:00,1,21.339656194426542,2026-07-21 13:00:00+00:00,21.339656194426542
gate/okx,POST_GATE_REGIME,20,2026-07-21 13:04:00+00:00,2026-07-21 13:05:00+00:00,2,21.27230527735096,2026-07-21 13:04:00+00:00,21.18811568078731
gate/okx,POST_GATE_REGIME,20,2026-07-21 13:08:00+00:00,2026-07-21 13:18:00+00:00,11,22.23110059770943,2026-07-21 13:14:00+00:00,20.41123092380541
gate/okx,POST_GATE_REGIME,20,2026-07-21 13:40:00+00:00,2026-07-21 13:47:00+00:00,8,24.83773461114936,2026-07-21 13:44:00+00:00,20.251699696225643
gate/okx,POST_GATE_REGIME,20,2026-07-21 13:53:00+00:00,2026-07-21 13:54:00+00:00,2,23.579197214219207,2026-07-21 13:54:00+00:00,23.579197214219207
gate/okx,POST_GATE_REGIME,20,2026-07-21 13:57:00+00:00,2026-07-21 13:58:00+00:00,2,29.929240399003874,2026-07-21 13:57:00+00:00,24.055734324722376
gate/okx,POST_GATE_REGIME,20,2026-07-21 14:02:00+00:00,2026-07-21 14:12:00+00:00,11,33.149736809985946,2026-07-21 14:10:00+00:00,24.667499391169194
gate/okx,POST_GATE_REGIME,20,2026-07-21 14:15:00+00:00,2026-07-21 14:16:00+00:00,2,27.744265464676932,2026-07-21 14:16:00+00:00,27.744265464676932
gate/okx,POST_GATE_REGIME,20,2026-07-21 14:21:00+00:00,2026-07-21 14:24:00+00:00,4,26.05970254375508,2026-07-21 14:24:00+00:00,26.05970254375508
gate/okx,POST_GATE_REGIME,20,2026-07-21 14:29:00+00:00,2026-07-21 14:29:00+00:00,1,20.70893053165784,2026-07-21 14:29:00+00:00,20.70893053165784
gate/okx,POST_GATE_REGIME,20,2026-07-21 14:33:00+00:00,2026-07-21 14:33:00+00:00,1,20.359160456605604,2026-07-21 14:33:00+00:00,20.359160456605604
gate/okx,POST_GATE_REGIME,20,2026-07-21 14:36:00+00:00,2026-07-21 14:41:00+00:00,6,25.20459283691702,2026-07-21 14:37:00+00:00,21.315824276701257
gate/okx,POST_GATE_REGIME,20,2026-07-21 14:46:00+00:00,2026-07-21 14:52:00+00:00,7,24.6421255971057,2026-07-21 14:47:00+00:00,21.3853840620565
gate/okx,POST_GATE_REGIME,20,2026-07-21 15:01:00+00:00,2026-07-21 15:05:00+00:00,5,25.450198588670457,2026-07-21 15:04:00+00:00,25.284060250067064
gate/okx,POST_GATE_REGIME,20,2026-07-21 15:08:00+00:00,2026-07-21 15:23:00+00:00,16,32.14370852269718,2026-07-21 15:11:00+00:00,21.61879373285745
gate/okx,POST_GATE_REGIME,20,2026-07-21 15:29:00+00:00,2026-07-21 15:34:00+00:00,6,23.41920374707232,2026-07-21 15:34:00+00:00,23.41920374707232
gate/okx,POST_GATE_REGIME,20,2026-07-21 15:37:00+00:00,2026-07-21 16:00:00+00:00,24,32.563188091177274,2026-07-21 15:56:00+00:00,22.591177062219142
gate/okx,POST_GATE_REGIME,20,2026-07-21 16:10:00+00:00,2026-07-21 16:14:00+00:00,5,23.440351989547555,2026-07-21 16:11:00+00:00,21.684134441634797
gate/okx,POST_GATE_REGIME,20,2026-07-21 16:21:00+00:00,2026-07-21 16:21:00+00:00,1,20.399242313855797,2026-07-21 16:21:00+00:00,20.399242313855797
gate/okx,POST_GATE_REGIME,20,2026-07-21 16:27:00+00:00,2026-07-21 16:27:00+00:00,1,21.013397958479437,2026-07-21 16:27:00+00:00,21.013397958479437
gate/okx,POST_GATE_REGIME,20,2026-07-21 18:28:00+00:00,2026-07-21 18:28:00+00:00,1,20.02761383119225,2026-07-21 18:28:00+00:00,20.02761383119225
gate/okx,POST_GATE_REGIME,20,2026-07-21 18:50:00+00:00,2026-07-21 18:52:00+00:00,3,21.8619056294398,2026-07-21 18:50:00+00:00,20.20554968969938
gate/okx,POST_GATE_REGIME,20,2026-07-21 20:15:00+00:00,2026-07-21 20:15:00+00:00,1,20.01094938739962,2026-07-21 20:15:00+00:00,20.01094938739962
gate/okx,POST_GATE_REGIME,20,2026-07-21 20:18:00+00:00,2026-07-21 20:20:00+00:00,3,20.91489450059069,2026-07-21 20:20:00+00:00,20.91489450059069
gate/okx,POST_GATE_REGIME,20,2026-07-21 20:28:00+00:00,2026-07-21 20:28:00+00:00,1,20.607895163938586,2026-07-21 20:28:00+00:00,20.607895163938586
gate/okx,POST_GATE_REGIME,20,2026-07-21 20:32:00+00:00,2026-07-21 20:32:00+00:00,1,20.361223181629992,2026-07-21 20:32:00+00:00,20.361223181629992
gate/okx,POST_GATE_REGIME,20,2026-07-21 21:03:00+00:00,2026-07-21 22:13:00+00:00,71,36.62025844728518,2026-07-21 22:01:00+00:00,23.63401046649103
gate/okx,POST_GATE_REGIME,20,2026-07-21 22:17:00+00:00,2026-07-21 22:50:00+00:00,34,27.301752050452652,2026-07-21 22:24:00+00:00,21.723660062175295
gate/okx,POST_GATE_REGIME,20,2026-07-21 22:54:00+00:00,2026-07-21 23:15:00+00:00,22,30.765518489474534,2026-07-21 23:01:00+00:00,23.196963306621132
gate/okx,POST_GATE_REGIME,20,2026-07-21 23:18:00+00:00,2026-07-21 23:49:00+00:00,32,25.50637659414922,2026-07-21 23:30:00+00:00,21.608226236616876
gate/okx,POST_GATE_REGIME,20,2026-07-21 23:52:00+00:00,2026-07-21 23:54:00+00:00,3,20.535431168556837,2026-07-21 23:52:00+00:00,20.151475699356926
gate/okx,POST_GATE_REGIME,20,2026-07-22 00:03:00+00:00,2026-07-22 00:03:00+00:00,1,20.576208109402895,2026-07-22 00:03:00+00:00,20.576208109402895
gate/okx,POST_GATE_REGIME,20,2026-07-22 00:11:00+00:00,2026-07-22 00:11:00+00:00,1,21.254932853734104,2026-07-22 00:11:00+00:00,21.254932853734104
gate/okx,POST_GATE_REGIME,20,2026-07-22 00:15:00+00:00,2026-07-22 00:17:00+00:00,3,23.998577862052688,2026-07-22 00:15:00+00:00,21.116194639449564
gate/okx,POST_GATE_REGIME,20,2026-07-22 00:24:00+00:00,2026-07-22 00:26:00+00:00,3,21.300835334151405,2026-07-22 00:24:00+00:00,20.269743509784185
gate/okx,POST_GATE_REGIME,20,2026-07-22 00:35:00+00:00,2026-07-22 00:46:00+00:00,12,27.89919092346322,2026-07-22 00:38:00+00:00,23.8984316654206
gate/okx,POST_GATE_REGIME,20,2026-07-22 00:50:00+00:00,2026-07-22 00:54:00+00:00,5,23.30027482375352,2026-07-22 00:50:00+00:00,21.299254526090973
gate/okx,POST_GATE_REGIME,20,2026-07-22 00:58:00+00:00,2026-07-22 01:00:00+00:00,3,27.691501702653483,2026-07-22 01:00:00+00:00,27.691501702653483
gate/okx,POST_GATE_REGIME,20,2026-07-22 01:06:00+00:00,2026-07-22 01:11:00+00:00,6,24.800128096758883,2026-07-22 01:09:00+00:00,22.788712884559125
gate/okx,POST_GATE_REGIME,20,2026-07-22 01:14:00+00:00,2026-07-22 01:14:00+00:00,1,21.466958339988338,2026-07-22 01:14:00+00:00,21.466958339988338
gate/okx,POST_GATE_REGIME,20,2026-07-22 01:34:00+00:00,2026-07-22 01:34:00+00:00,1,20.75421872268543,2026-07-22 01:34:00+00:00,20.75421872268543
gate/okx,POST_GATE_REGIME,20,2026-07-22 01:41:00+00:00,2026-07-22 01:41:00+00:00,1,21.88306377830189,2026-07-22 01:41:00+00:00,21.88306377830189
gate/okx,POST_GATE_REGIME,20,2026-07-22 01:58:00+00:00,2026-07-22 01:58:00+00:00,1,20.825585719599715,2026-07-22 01:58:00+00:00,20.825585719599715
gate/okx,POST_GATE_REGIME,20,2026-07-22 02:05:00+00:00,2026-07-22 02:05:00+00:00,1,23.074252047000876,2026-07-22 02:05:00+00:00,23.074252047000876
gate/okx,POST_GATE_REGIME,20,2026-07-22 02:33:00+00:00,2026-07-22 02:33:00+00:00,1,22.876000825035753,2026-07-22 02:33:00+00:00,22.876000825035753
gate/okx,POST_GATE_REGIME,20,2026-07-22 03:09:00+00:00,2026-07-22 03:09:00+00:00,1,20.252584115094777,2026-07-22 03:09:00+00:00,20.252584115094777
gate/okx,POST_GATE_REGIME,20,2026-07-22 05:32:00+00:00,2026-07-22 05:32:00+00:00,1,21.013216207036127,2026-07-22 05:32:00+00:00,21.013216207036127
gate/okx,POST_GATE_REGIME,20,2026-07-22 07:57:00+00:00,2026-07-22 07:57:00+00:00,1,20.38817485858166,2026-07-22 07:57:00+00:00,20.38817485858166
gate/okx,POST_GATE_REGIME,20,2026-07-22 08:28:00+00:00,2026-07-22 08:29:00+00:00,2,20.237062734894334,2026-07-22 08:29:00+00:00,20.237062734894334
gate/okx,POST_GATE_REGIME,20,2026-07-22 09:26:00+00:00,2026-07-22 09:31:00+00:00,6,22.207843043273122,2026-07-22 09:29:00+00:00,21.186864144229485
gate/okx,POST_GATE_REGIME,20,2026-07-22 09:38:00+00:00,2026-07-22 09:39:00+00:00,2,20.610867621288833,2026-07-22 09:39:00+00:00,20.610867621288833
gate/okx,POST_GATE_REGIME,20,2026-07-22 09:50:00+00:00,2026-07-22 09:54:00+00:00,5,22.566746573829366,2026-07-22 09:53:00+00:00,22.239796389445182
gate/okx,POST_GATE_REGIME,20,2026-07-22 10:01:00+00:00,2026-07-22 10:01:00+00:00,1,20.33415257019038,2026-07-22 10:01:00+00:00,20.33415257019038
gate/okx,POST_GATE_REGIME,20,2026-07-22 10:06:00+00:00,2026-07-22 10:06:00+00:00,1,20.077670990165068,2026-07-22 10:06:00+00:00,20.077670990165068
gate/okx,POST_GATE_REGIME,20,2026-07-22 10:11:00+00:00,2026-07-22 10:18:00+00:00,8,21.708742374904663,2026-07-22 10:14:00+00:00,21.399975153587484
gate/okx,POST_GATE_REGIME,20,2026-07-22 10:31:00+00:00,2026-07-22 10:43:00+00:00,13,26.10913618927115,2026-07-22 10:39:00+00:00,22.563122543449634
gate/okx,POST_GATE_REGIME,20,2026-07-22 10:47:00+00:00,2026-07-22 10:58:00+00:00,12,24.850695418653324,2026-07-22 10:53:00+00:00,21.528525296017733
gate/okx,POST_GATE_REGIME,20,2026-07-22 11:04:00+00:00,2026-07-22 11:14:00+00:00,11,21.982782827756147,2026-07-22 11:11:00+00:00,20.861750782314925
gate/okx,POST_GATE_REGIME,20,2026-07-22 11:17:00+00:00,2026-07-22 11:46:00+00:00,30,29.076811243034786,2026-07-22 11:33:00+00:00,20.700992429930835
gate/okx,POST_GATE_REGIME,20,2026-07-22 11:49:00+00:00,2026-07-22 11:55:00+00:00,7,22.896718002242377,2026-07-22 11:54:00+00:00,21.69056945838376
gate/okx,POST_GATE_REGIME,20,2026-07-22 12:07:00+00:00,2026-07-22 12:07:00+00:00,1,22.162059041998468,2026-07-22 12:07:00+00:00,22.162059041998468
gate/okx,POST_GATE_REGIME,20,2026-07-22 12:21:00+00:00,2026-07-22 12:21:00+00:00,1,20.472159487870908,2026-07-22 12:21:00+00:00,20.472159487870908
gate/okx,POST_GATE_REGIME,20,2026-07-22 12:39:00+00:00,2026-07-22 12:39:00+00:00,1,20.07999611354929,2026-07-22 12:39:00+00:00,20.07999611354929
gate/okx,POST_GATE_REGIME,20,2026-07-22 12:45:00+00:00,2026-07-22 12:49:00+00:00,5,23.812716640863304,2026-07-22 12:48:00+00:00,20.2183418523737
gate/okx,POST_GATE_REGIME,20,2026-07-22 12:56:00+00:00,2026-07-22 12:58:00+00:00,3,24.581023775221855,2026-07-22 12:56:00+00:00,22.35726916119591
gate/okx,POST_GATE_REGIME,20,2026-07-22 13:43:00+00:00,2026-07-22 13:43:00+00:00,1,20.32036322649224,2026-07-22 13:43:00+00:00,20.32036322649224
gate/okx,POST_GATE_REGIME,20,2026-07-22 13:46:00+00:00,2026-07-22 13:46:00+00:00,1,21.652317710089093,2026-07-22 13:46:00+00:00,21.652317710089093
gate/okx,POST_GATE_REGIME,20,2026-07-22 13:50:00+00:00,2026-07-22 13:50:00+00:00,1,20.162013332429943,2026-07-22 13:50:00+00:00,20.162013332429943
gate/okx,POST_GATE_REGIME,20,2026-07-22 13:58:00+00:00,2026-07-22 13:58:00+00:00,1,21.31606994828915,2026-07-22 13:58:00+00:00,21.31606994828915
gate/okx,POST_GATE_REGIME,20,2026-07-22 14:01:00+00:00,2026-07-22 14:01:00+00:00,1,21.045744936607164,2026-07-22 14:01:00+00:00,21.045744936607164
gate/okx,POST_GATE_REGIME,20,2026-07-22 14:05:00+00:00,2026-07-22 14:08:00+00:00,4,22.60208476571991,2026-07-22 14:06:00+00:00,20.4614127891773
gate/okx,POST_GATE_REGIME,20,2026-07-22 14:15:00+00:00,2026-07-22 14:15:00+00:00,1,21.876634802872427,2026-07-22 14:15:00+00:00,21.876634802872427
gate/okx,POST_GATE_REGIME,20,2026-07-22 14:23:00+00:00,2026-07-22 14:25:00+00:00,3,26.256963417664345,2026-07-22 14:23:00+00:00,22.801598478842248
gate/okx,POST_GATE_REGIME,20,2026-07-22 14:29:00+00:00,2026-07-22 14:29:00+00:00,1,20.366116465767774,2026-07-22 14:29:00+00:00,20.366116465767774
gate/okx,POST_GATE_REGIME,20,2026-07-22 14:34:00+00:00,2026-07-22 15:24:00+00:00,51,35.129829358046656,2026-07-22 14:41:00+00:00,23.442232203963297
gate/okx,POST_GATE_REGIME,20,2026-07-22 15:27:00+00:00,2026-07-22 15:50:00+00:00,24,29.670671289100017,2026-07-22 15:34:00+00:00,24.67802276212601
gate/okx,POST_GATE_REGIME,20,2026-07-22 15:54:00+00:00,2026-07-22 15:59:00+00:00,6,24.19485130411954,2026-07-22 15:57:00+00:00,20.68935678127188
gate/okx,POST_GATE_REGIME,20,2026-07-22 16:04:00+00:00,2026-07-22 16:04:00+00:00,1,20.167697939676895,2026-07-22 16:04:00+00:00,20.167697939676895
gate/okx,POST_GATE_REGIME,20,2026-07-22 16:46:00+00:00,2026-07-22 16:46:00+00:00,1,20.536708382676203,2026-07-22 16:46:00+00:00,20.536708382676203
gate/okx,POST_GATE_REGIME,20,2026-07-22 17:26:00+00:00,2026-07-22 17:26:00+00:00,1,23.66175482177032,2026-07-22 17:26:00+00:00,23.66175482177032
gate/okx,POST_GATE_REGIME,20,2026-07-22 17:32:00+00:00,2026-07-22 17:35:00+00:00,4,25.617277868642482,2026-07-22 17:33:00+00:00,22.08376054893883
gate/okx,POST_GATE_REGIME,20,2026-07-22 17:42:00+00:00,2026-07-22 17:42:00+00:00,1,20.449978484095347,2026-07-22 17:42:00+00:00,20.449978484095347
gate/okx,POST_GATE_REGIME,20,2026-07-22 17:56:00+00:00,2026-07-22 17:57:00+00:00,2,20.219252519509787,2026-07-22 17:56:00+00:00,20.175247740174093
gate/okx,POST_GATE_REGIME,20,2026-07-22 18:12:00+00:00,2026-07-22 18:12:00+00:00,1,21.015484050039564,2026-07-22 18:12:00+00:00,21.015484050039564
gate/okx,POST_GATE_REGIME,20,2026-07-22 18:30:00+00:00,2026-07-22 18:32:00+00:00,3,23.41223388424869,2026-07-22 18:31:00+00:00,20.558737264893523
gate/okx,POST_GATE_REGIME,20,2026-07-22 19:55:00+00:00,2026-07-22 19:56:00+00:00,2,23.88708787829482,2026-07-22 19:55:00+00:00,20.240906475105312
gate/okx,POST_GATE_REGIME,20,2026-07-22 20:05:00+00:00,2026-07-22 20:07:00+00:00,3,34.487035355213855,2026-07-22 20:06:00+00:00,22.449558398810776
gate/okx,POST_GATE_REGIME,20,2026-07-22 21:10:00+00:00,2026-07-22 21:11:00+00:00,2,23.236767422813593,2026-07-22 21:10:00+00:00,22.758341543137888
gate/okx,POST_GATE_REGIME,20,2026-07-22 21:14:00+00:00,2026-07-22 21:18:00+00:00,5,20.518160102897532,2026-07-22 21:14:00+00:00,20.272138096260964
gate/okx,POST_GATE_REGIME,20,2026-07-22 21:24:00+00:00,2026-07-22 21:38:00+00:00,15,27.2563011055659,2026-07-22 21:28:00+00:00,20.098343804417937
gate/okx,POST_GATE_REGIME,20,2026-07-22 21:44:00+00:00,2026-07-22 22:05:00+00:00,22,28.330356592967174,2026-07-22 21:52:00+00:00,20.87433419731876
gate/okx,POST_GATE_REGIME,20,2026-07-22 22:10:00+00:00,2026-07-22 22:10:00+00:00,1,20.999969117690927,2026-07-22 22:10:00+00:00,20.999969117690927
gate/okx,POST_GATE_REGIME,20,2026-07-22 22:17:00+00:00,2026-07-22 22:30:00+00:00,14,26.472842115039562,2026-07-22 22:23:00+00:00,20.971255450783787
gate/okx,POST_GATE_REGIME,20,2026-07-22 22:33:00+00:00,2026-07-22 22:36:00+00:00,4,22.73370912490787,2026-07-22 22:35:00+00:00,21.11571723570441
gate/okx,POST_GATE_REGIME,20,2026-07-22 22:57:00+00:00,2026-07-22 22:57:00+00:00,1,21.58640601925618,2026-07-22 22:57:00+00:00,21.58640601925618
gate/okx,POST_GATE_REGIME,20,2026-07-22 23:28:00+00:00,2026-07-22 23:28:00+00:00,1,22.397989643855503,2026-07-22 23:28:00+00:00,22.397989643855503
gate/okx,POST_GATE_REGIME,20,2026-07-22 23:38:00+00:00,2026-07-22 23:38:00+00:00,1,20.26658352170969,2026-07-22 23:38:00+00:00,20.26658352170969
gate/okx,POST_GATE_REGIME,20,2026-07-22 23:43:00+00:00,2026-07-22 23:43:00+00:00,1,20.824152897638548,2026-07-22 23:43:00+00:00,20.824152897638548
gate/okx,POST_GATE_REGIME,20,2026-07-22 23:46:00+00:00,2026-07-22 23:46:00+00:00,1,20.900597382744813,2026-07-22 23:46:00+00:00,20.900597382744813
gate/okx,POST_GATE_REGIME,20,2026-07-22 23:58:00+00:00,2026-07-22 23:58:00+00:00,1,20.713738444775977,2026-07-22 23:58:00+00:00,20.713738444775977
gate/okx,POST_GATE_REGIME,20,2026-07-23 00:40:00+00:00,2026-07-23 00:40:00+00:00,1,23.325904456171337,2026-07-23 00:40:00+00:00,23.325904456171337
gate/okx,POST_GATE_REGIME,20,2026-07-23 00:50:00+00:00,2026-07-23 00:50:00+00:00,1,21.01017536595285,2026-07-23 00:50:00+00:00,21.01017536595285
gate/okx,POST_GATE_REGIME,20,2026-07-23 02:02:00+00:00,2026-07-23 02:02:00+00:00,1,21.847690387015877,2026-07-23 02:02:00+00:00,21.847690387015877
gate/okx,POST_GATE_REGIME,20,2026-07-23 02:21:00+00:00,2026-07-23 02:21:00+00:00,1,22.322130348666533,2026-07-23 02:21:00+00:00,22.322130348666533
gate/okx,POST_GATE_REGIME,20,2026-07-23 02:24:00+00:00,2026-07-23 02:25:00+00:00,2,21.745576752001583,2026-07-23 02:25:00+00:00,21.745576752001583
gate/okx,POST_GATE_REGIME,20,2026-07-23 02:28:00+00:00,2026-07-23 02:37:00+00:00,10,27.963214588133,2026-07-23 02:30:00+00:00,21.393413828353847
gate/okx,POST_GATE_REGIME,20,2026-07-23 02:40:00+00:00,2026-07-23 02:55:00+00:00,16,27.131118145104843,2026-07-23 02:50:00+00:00,23.871266226823188
gate/okx,POST_GATE_REGIME,20,2026-07-23 02:59:00+00:00,2026-07-23 03:10:00+00:00,12,22.885088640532256,2026-07-23 03:08:00+00:00,20.93846678665171
gate/okx,POST_GATE_REGIME,20,2026-07-23 03:13:00+00:00,2026-07-23 03:27:00+00:00,15,31.006534921600913,2026-07-23 03:15:00+00:00,21.644601844059494
gate/okx,POST_GATE_REGIME,20,2026-07-23 03:31:00+00:00,2026-07-23 03:31:00+00:00,1,20.209137472463308,2026-07-23 03:31:00+00:00,20.209137472463308
gate/okx,POST_GATE_REGIME,20,2026-07-23 04:51:00+00:00,2026-07-23 04:51:00+00:00,1,22.61532859305859,2026-07-23 04:51:00+00:00,22.61532859305859
gate/okx,POST_GATE_REGIME,20,2026-07-23 05:07:00+00:00,2026-07-23 05:07:00+00:00,1,22.600954775028672,2026-07-23 05:07:00+00:00,22.600954775028672
gate/okx,POST_GATE_REGIME,20,2026-07-23 05:22:00+00:00,2026-07-23 05:22:00+00:00,1,20.047699699285484,2026-07-23 05:22:00+00:00,20.047699699285484
gate/okx,POST_GATE_REGIME,20,2026-07-23 06:48:00+00:00,2026-07-23 06:48:00+00:00,1,21.01121234695242,2026-07-23 06:48:00+00:00,21.01121234695242
gate/okx,POST_GATE_REGIME,20,2026-07-23 07:00:00+00:00,2026-07-23 07:00:00+00:00,1,20.211609425960436,2026-07-23 07:00:00+00:00,20.211609425960436
gate/okx,POST_GATE_REGIME,50,2026-07-20 00:03:00+00:00,2026-07-20 00:05:00+00:00,3,57.60320574362286,2026-07-20 00:03:00+00:00,50.65773347495747
gate/okx,POST_GATE_REGIME,50,2026-07-20 00:21:00+00:00,2026-07-20 00:21:00+00:00,1,52.448522013325174,2026-07-20 00:21:00+00:00,52.448522013325174
