fold_id,pair,threshold_bps,cost_bps,regime_policy,scenario_scope,selected_on,train_sample_status,train_event_count,test_start,test_end
1,binance/bitget,100,20,NO_GATE_REGIME_FILTER,FIXED_THRESHOLD_MAIN,NOT_APPLICABLE_FIXED_SCENARIO,INSUFFICIENT_TRAIN_SAMPLE,0,2026-06-17 07:30:00+00:00,2026-06-19 08:00:00+00:00
1,binance/bitget,100,40,NO_GATE_REGIME_FILTER,FIXED_THRESHOLD_MAIN,NOT_APPLICABLE_FIXED_SCENARIO,INSUFFICIENT_TRAIN_SAMPLE,0,2026-06-17 07:30:00+00:00,2026-06-19 08:00:00+00:00
1,binance/bitget,100,80,NO_GATE_REGIME_FILTER,FIXED_THRESHOLD_MAIN,NOT_APPLICABLE_FIXED_SCENARIO,INSUFFICIENT_TRAIN_SAMPLE,0,2026-06-17 07:30:00+00:00,2026-06-19 08:00:00+00:00
1,binance/bitget,150,20,NO_GATE_REGIME_FILTER,FIXED_THRESHOLD_MAIN,NOT_APPLICABLE_FIXED_SCENARIO,INSUFFICIENT_TRAIN_SAMPLE,0,2026-06-17 07:30:00+00:00,2026-06-19 08:00:00+00:00
1,binance/bitget,150,40,NO_GATE_REGIME_FILTER,FIXED_THRESHOLD_MAIN,NOT_APPLICABLE_FIXED_SCENARIO,INSUFFICIENT_TRAIN_SAMPLE,0,2026-06-17 07:30:00+00:00,2026-06-19 08:00:00+00:00
1,binance/bitget,150,80,NO_GATE_REGIME_FILTER,FIXED_THRESHOLD_MAIN,NOT_APPLICABLE_FIXED_SCENARIO,INSUFFICIENT_TRAIN_SAMPLE,0,2026-06-17 07:30:00+00:00,2026-06-19 08:00:00+00:00
1,binance/bitget,200,20,NO_GATE_REGIME_FILTER,FIXED_THRESHOLD_MAIN,NOT_APPLICABLE_FIXED_SCENARIO,INSUFFICIENT_TRAIN_SAMPLE,0,2026-06-17 07:30:00+00:00,2026-06-19 08:00:00+00:00
1,binance/bitget,200,40,NO_GATE_REGIME_FILTER,FIXED_THRESHOLD_MAIN,NOT_APPLICABLE_FIXED_SCENARIO,INSUFFICIENT_TRAIN_SAMPLE,0,2026-06-17 07:30:00+00:00,2026-06-19 08:00:00+00:00
1,binance/bitget,200,80,NO_GATE_REGIME_FILTER,FIXED_THRESHOLD_MAIN,NOT_APPLICABLE_FIXED_SCENARIO,INSUFFICIENT_TRAIN_SAMPLE,0,2026-06-17 07:30:00+00:00,2026-06-19 08:00:00+00:00
1,binance/gate,100,20,GATE_CAUSAL_ALLOWED_NORMAL_TRANSIENT,FIXED_THRESHOLD_MAIN,NOT_APPLICABLE_FIXED_SCENARIO,INSUFFICIENT_TRAIN_SAMPLE,0,2026-06-17 07:30:00+00:00,2026-06-19 08:00:00+00:00
1,binance/gate,100,40,GATE_CAUSAL_ALLOWED_NORMAL_TRANSIENT,FIXED_THRESHOLD_MAIN,NOT_APPLICABLE_FIXED_SCENARIO,INSUFFICIENT_TRAIN_SAMPLE,0,2026-06-17 07:30:00+00:00,2026-06-19 08:00:00+00:00
1,binance/gate,100,80,GATE_CAUSAL_ALLOWED_NORMAL_TRANSIENT,FIXED_THRESHOLD_MAIN,NOT_APPLICABLE_FIXED_SCENARIO,INSUFFICIENT_TRAIN_SAMPLE,0,2026-06-17 07:30:00+00:00,2026-06-19 08:00:00+00:00
1,binance/gate,150,20,GATE_CAUSAL_ALLOWED_NORMAL_TRANSIENT,FIXED_THRESHOLD_MAIN,NOT_APPLICABLE_FIXED_SCENARIO,INSUFFICIENT_TRAIN_SAMPLE,0,2026-06-17 07:30:00+00:00,2026-06-19 08:00:00+00:00
1,binance/gate,150,40,GATE_CAUSAL_ALLOWED_NORMAL_TRANSIENT,FIXED_THRESHOLD_MAIN,NOT_APPLICABLE_FIXED_SCENARIO,INSUFFICIENT_TRAIN_SAMPLE,0,2026-06-17 07:30:00+00:00,2026-06-19 08:00:00+00:00
1,binance/gate,150,80,GATE_CAUSAL_ALLOWED_NORMAL_TRANSIENT,FIXED_THRESHOLD_MAIN,NOT_APPLICABLE_FIXED_SCENARIO,INSUFFICIENT_TRAIN_SAMPLE,0,2026-06-17 07:30:00+00:00,2026-06-19 08:00:00+00:00
1,binance/gate,200,20,GATE_CAUSAL_ALLOWED_NORMAL_TRANSIENT,FIXED_THRESHOLD_MAIN,NOT_APPLICABLE_FIXED_SCENARIO,INSUFFICIENT_TRAIN_SAMPLE,0,2026-06-17 07:30:00+00:00,2026-06-19 08:00:00+00:00
1,binance/gate,200,40,GATE_CAUSAL_ALLOWED_NORMAL_TRANSIENT,FIXED_THRESHOLD_MAIN,NOT_APPLICABLE_FIXED_SCENARIO,INSUFFICIENT_TRAIN_SAMPLE,0,2026-06-17 07:30:00+00:00,2026-06-19 08:00:00+00:00
1,binance/gate,200,80,GATE_CAUSAL_ALLOWED_NORMAL_TRANSIENT,FIXED_THRESHOLD_MAIN,NOT_APPLICABLE_FIXED_SCENARIO,INSUFFICIENT_TRAIN_SAMPLE,0,2026-06-17 07:30:00+00:00,2026-06-19 08:00:00+00:00
1,binance/hyperliquid,100,20,NO_GATE_REGIME_FILTER,FIXED_THRESHOLD_MAIN,NOT_APPLICABLE_FIXED_SCENARIO,INSUFFICIENT_TRAIN_SAMPLE,3,2026-06-17 07:30:00+00:00,2026-06-19 08:00:00+00:00
1,binance/hyperliquid,100,40,NO_GATE_REGIME_FILTER,FIXED_THRESHOLD_MAIN,NOT_APPLICABLE_FIXED_SCENARIO,INSUFFICIENT_TRAIN_SAMPLE,3,2026-06-17 07:30:00+00:00,2026-06-19 08:00:00+00:00
1,binance/hyperliquid,100,80,NO_GATE_REGIME_FILTER,FIXED_THRESHOLD_MAIN,NOT_APPLICABLE_FIXED_SCENARIO,INSUFFICIENT_TRAIN_SAMPLE,3,2026-06-17 07:30:00+00:00,2026-06-19 08:00:00+00:00
1,binance/hyperliquid,150,20,NO_GATE_REGIME_FILTER,FIXED_THRESHOLD_MAIN,NOT_APPLICABLE_FIXED_SCENARIO,INSUFFICIENT_TRAIN_SAMPLE,0,2026-06-17 07:30:00+00:00,2026-06-19 08:00:00+00:00
1,binance/hyperliquid,150,40,NO_GATE_REGIME_FILTER,FIXED_THRESHOLD_MAIN,NOT_APPLICABLE_FIXED_SCENARIO,INSUFFICIENT_TRAIN_SAMPLE,0,2026-06-17 07:30:00+00:00,2026-06-19 08:00:00+00:00
1,binance/hyperliquid,150,80,NO_GATE_REGIME_FILTER,FIXED_THRESHOLD_MAIN,NOT_APPLICABLE_FIXED_SCENARIO,INSUFFICIENT_TRAIN_SAMPLE,0,2026-06-17 07:30:00+00:00,2026-06-19 08:00:00+00:00
1,binance/hyperliquid,200,20,NO_GATE_REGIME_FILTER,FIXED_THRESHOLD_MAIN,NOT_APPLICABLE_FIXED_SCENARIO,INSUFFICIENT_TRAIN_SAMPLE,0,2026-06-17 07:30:00+00:00,2026-06-19 08:00:00+00:00
1,binance/hyperliquid,200,40,NO_GATE_REGIME_FILTER,FIXED_THRESHOLD_MAIN,NOT_APPLICABLE_FIXED_SCENARIO,INSUFFICIENT_TRAIN_SAMPLE,0,2026-06-17 07:30:00+00:00,2026-06-19 08:00:00+00:00
1,binance/hyperliquid,200,80,NO_GATE_REGIME_FILTER,FIXED_THRESHOLD_MAIN,NOT_APPLICABLE_FIXED_SCENARIO,INSUFFICIENT_TRAIN_SAMPLE,0,2026-06-17 07:30:00+00:00,2026-06-19 08:00:00+00:00
1,binance/okx,100,20,NO_GATE_REGIME_FILTER,FIXED_THRESHOLD_MAIN,NOT_APPLICABLE_FIXED_SCENARIO,INSUFFICIENT_TRAIN_SAMPLE,0,2026-06-17 07:30:00+00:00,2026-06-19 08:00:00+00:00
1,binance/okx,100,40,NO_GATE_REGIME_FILTER,FIXED_THRESHOLD_MAIN,NOT_APPLICABLE_FIXED_SCENARIO,INSUFFICIENT_TRAIN_SAMPLE,0,2026-06-17 07:30:00+00:00,2026-06-19 08:00:00+00:00
1,binance/okx,100,80,NO_GATE_REGIME_FILTER,FIXED_THRESHOLD_MAIN,NOT_APPLICABLE_FIXED_SCENARIO,INSUFFICIENT_TRAIN_SAMPLE,0,2026-06-17 07:30:00+00:00,2026-06-19 08:00:00+00:00
1,binance/okx,150,20,NO_GATE_REGIME_FILTER,FIXED_THRESHOLD_MAIN,NOT_APPLICABLE_FIXED_SCENARIO,INSUFFICIENT_TRAIN_SAMPLE,0,2026-06-17 07:30:00+00:00,2026-06-19 08:00:00+00:00
1,binance/okx,150,40,NO_GATE_REGIME_FILTER,FIXED_THRESHOLD_MAIN,NOT_APPLICABLE_FIXED_SCENARIO,INSUFFICIENT_TRAIN_SAMPLE,0,2026-06-17 07:30:00+00:00,2026-06-19 08:00:00+00:00
1,binance/okx,150,80,NO_GATE_REGIME_FILTER,FIXED_THRESHOLD_MAIN,NOT_APPLICABLE_FIXED_SCENARIO,INSUFFICIENT_TRAIN_SAMPLE,0,2026-06-17 07:30:00+00:00,2026-06-19 08:00:00+00:00
1,binance/okx,200,20,NO_GATE_REGIME_FILTER,FIXED_THRESHOLD_MAIN,NOT_APPLICABLE_FIXED_SCENARIO,INSUFFICIENT_TRAIN_SAMPLE,0,2026-06-17 07:30:00+00:00,2026-06-19 08:00:00+00:00
1,binance/okx,200,40,NO_GATE_REGIME_FILTER,FIXED_THRESHOLD_MAIN,NOT_APPLICABLE_FIXED_SCENARIO,INSUFFICIENT_TRAIN_SAMPLE,0,2026-06-17 07:30:00+00:00,2026-06-19 08:00:00+00:00
1,binance/okx,200,80,NO_GATE_REGIME_FILTER,FIXED_THRESHOLD_MAIN,NOT_APPLICABLE_FIXED_SCENARIO,INSUFFICIENT_TRAIN_SAMPLE,0,2026-06-17 07:30:00+00:00,2026-06-19 08:00:00+00:00
1,bitget/gate,100,20,GATE_CAUSAL_ALLOWED_NORMAL_TRANSIENT,FIXED_THRESHOLD_MAIN,NOT_APPLICABLE_FIXED_SCENARIO,INSUFFICIENT_TRAIN_SAMPLE,0,2026-06-17 07:30:00+00:00,2026-06-19 08:00:00+00:00
1,bitget/gate,100,40,GATE_CAUSAL_ALLOWED_NORMAL_TRANSIENT,FIXED_THRESHOLD_MAIN,NOT_APPLICABLE_FIXED_SCENARIO,INSUFFICIENT_TRAIN_SAMPLE,0,2026-06-17 07:30:00+00:00,2026-06-19 08:00:00+00:00
1,bitget/gate,100,80,GATE_CAUSAL_ALLOWED_NORMAL_TRANSIENT,FIXED_THRESHOLD_MAIN,NOT_APPLICABLE_FIXED_SCENARIO,INSUFFICIENT_TRAIN_SAMPLE,0,2026-06-17 07:30:00+00:00,2026-06-19 08:00:00+00:00
1,bitget/gate,150,20,GATE_CAUSAL_ALLOWED_NORMAL_TRANSIENT,FIXED_THRESHOLD_MAIN,NOT_APPLICABLE_FIXED_SCENARIO,INSUFFICIENT_TRAIN_SAMPLE,0,2026-06-17 07:30:00+00:00,2026-06-19 08:00:00+00:00
1,bitget/gate,150,40,GATE_CAUSAL_ALLOWED_NORMAL_TRANSIENT,FIXED_THRESHOLD_MAIN,NOT_APPLICABLE_FIXED_SCENARIO,INSUFFICIENT_TRAIN_SAMPLE,0,2026-06-17 07:30:00+00:00,2026-06-19 08:00:00+00:00
1,bitget/gate,150,80,GATE_CAUSAL_ALLOWED_NORMAL_TRANSIENT,FIXED_THRESHOLD_MAIN,NOT_APPLICABLE_FIXED_SCENARIO,INSUFFICIENT_TRAIN_SAMPLE,0,2026-06-17 07:30:00+00:00,2026-06-19 08:00:00+00:00
1,bitget/gate,200,20,GATE_CAUSAL_ALLOWED_NORMAL_TRANSIENT,FIXED_THRESHOLD_MAIN,NOT_APPLICABLE_FIXED_SCENARIO,INSUFFICIENT_TRAIN_SAMPLE,0,2026-06-17 07:30:00+00:00,2026-06-19 08:00:00+00:00
1,bitget/gate,200,40,GATE_CAUSAL_ALLOWED_NORMAL_TRANSIENT,FIXED_THRESHOLD_MAIN,NOT_APPLICABLE_FIXED_SCENARIO,INSUFFICIENT_TRAIN_SAMPLE,0,2026-06-17 07:30:00+00:00,2026-06-19 08:00:00+00:00
1,bitget/gate,200,80,GATE_CAUSAL_ALLOWED_NORMAL_TRANSIENT,FIXED_THRESHOLD_MAIN,NOT_APPLICABLE_FIXED_SCENARIO,INSUFFICIENT_TRAIN_SAMPLE,0,2026-06-17 07:30:00+00:00,2026-06-19 08:00:00+00:00
1,bitget/hyperliquid,100,20,NO_GATE_REGIME_FILTER,FIXED_THRESHOLD_MAIN,NOT_APPLICABLE_FIXED_SCENARIO,OK,18,2026-06-17 07:30:00+00:00,2026-06-19 08:00:00+00:00
1,bitget/hyperliquid,100,40,NO_GATE_REGIME_FILTER,FIXED_THRESHOLD_MAIN,NOT_APPLICABLE_FIXED_SCENARIO,OK,18,2026-06-17 07:30:00+00:00,2026-06-19 08:00:00+00:00
1,bitget/hyperliquid,100,80,NO_GATE_REGIME_FILTER,FIXED_THRESHOLD_MAIN,NOT_APPLICABLE_FIXED_SCENARIO,OK,18,2026-06-17 07:30:00+00:00,2026-06-19 08:00:00+00:00
1,bitget/hyperliquid,150,20,NO_GATE_REGIME_FILTER,FIXED_THRESHOLD_MAIN,NOT_APPLICABLE_FIXED_SCENARIO,INSUFFICIENT_TRAIN_SAMPLE,0,2026-06-17 07:30:00+00:00,2026-06-19 08:00:00+00:00
1,bitget/hyperliquid,150,40,NO_GATE_REGIME_FILTER,FIXED_THRESHOLD_MAIN,NOT_APPLICABLE_FIXED_SCENARIO,INSUFFICIENT_TRAIN_SAMPLE,0,2026-06-17 07:30:00+00:00,2026-06-19 08:00:00+00:00
1,bitget/hyperliquid,150,80,NO_GATE_REGIME_FILTER,FIXED_THRESHOLD_MAIN,NOT_APPLICABLE_FIXED_SCENARIO,INSUFFICIENT_TRAIN_SAMPLE,0,2026-06-17 07:30:00+00:00,2026-06-19 08:00:00+00:00
1,bitget/hyperliquid,200,20,NO_GATE_REGIME_FILTER,FIXED_THRESHOLD_MAIN,NOT_APPLICABLE_FIXED_SCENARIO,INSUFFICIENT_TRAIN_SAMPLE,0,2026-06-17 07:30:00+00:00,2026-06-19 08:00:00+00:00
1,bitget/hyperliquid,200,40,NO_GATE_REGIME_FILTER,FIXED_THRESHOLD_MAIN,NOT_APPLICABLE_FIXED_SCENARIO,INSUFFICIENT_TRAIN_SAMPLE,0,2026-06-17 07:30:00+00:00,2026-06-19 08:00:00+00:00
1,bitget/hyperliquid,200,80,NO_GATE_REGIME_FILTER,FIXED_THRESHOLD_MAIN,NOT_APPLICABLE_FIXED_SCENARIO,INSUFFICIENT_TRAIN_SAMPLE,0,2026-06-17 07:30:00+00:00,2026-06-19 08:00:00+00:00
1,bitget/okx,100,20,NO_GATE_REGIME_FILTER,FIXED_THRESHOLD_MAIN,NOT_APPLICABLE_FIXED_SCENARIO,INSUFFICIENT_TRAIN_SAMPLE,1,2026-06-17 07:30:00+00:00,2026-06-19 08:00:00+00:00
1,bitget/okx,100,40,NO_GATE_REGIME_FILTER,FIXED_THRESHOLD_MAIN,NOT_APPLICABLE_FIXED_SCENARIO,INSUFFICIENT_TRAIN_SAMPLE,1,2026-06-17 07:30:00+00:00,2026-06-19 08:00:00+00:00
1,bitget/okx,100,80,NO_GATE_REGIME_FILTER,FIXED_THRESHOLD_MAIN,NOT_APPLICABLE_FIXED_SCENARIO,INSUFFICIENT_TRAIN_SAMPLE,1,2026-06-17 07:30:00+00:00,2026-06-19 08:00:00+00:00
1,bitget/okx,150,20,NO_GATE_REGIME_FILTER,FIXED_THRESHOLD_MAIN,NOT_APPLICABLE_FIXED_SCENARIO,INSUFFICIENT_TRAIN_SAMPLE,0,2026-06-17 07:30:00+00:00,2026-06-19 08:00:00+00:00
1,bitget/okx,150,40,NO_GATE_REGIME_FILTER,FIXED_THRESHOLD_MAIN,NOT_APPLICABLE_FIXED_SCENARIO,INSUFFICIENT_TRAIN_SAMPLE,0,2026-06-17 07:30:00+00:00,2026-06-19 08:00:00+00:00
1,bitget/okx,150,80,NO_GATE_REGIME_FILTER,FIXED_THRESHOLD_MAIN,NOT_APPLICABLE_FIXED_SCENARIO,INSUFFICIENT_TRAIN_SAMPLE,0,2026-06-17 07:30:00+00:00,2026-06-19 08:00:00+00:00
1,bitget/okx,200,20,NO_GATE_REGIME_FILTER,FIXED_THRESHOLD_MAIN,NOT_APPLICABLE_FIXED_SCENARIO,INSUFFICIENT_TRAIN_SAMPLE,0,2026-06-17 07:30:00+00:00,2026-06-19 08:00:00+00:00
1,bitget/okx,200,40,NO_GATE_REGIME_FILTER,FIXED_THRESHOLD_MAIN,NOT_APPLICABLE_FIXED_SCENARIO,INSUFFICIENT_TRAIN_SAMPLE,0,2026-06-17 07:30:00+00:00,2026-06-19 08:00:00+00:00
1,bitget/okx,200,80,NO_GATE_REGIME_FILTER,FIXED_THRESHOLD_MAIN,NOT_APPLICABLE_FIXED_SCENARIO,INSUFFICIENT_TRAIN_SAMPLE,0,2026-06-17 07:30:00+00:00,2026-06-19 08:00:00+00:00
1,gate/hyperliquid,100,20,GATE_CAUSAL_ALLOWED_NORMAL_TRANSIENT,FIXED_THRESHOLD_MAIN,NOT_APPLICABLE_FIXED_SCENARIO,INSUFFICIENT_TRAIN_SAMPLE,8,2026-06-17 07:30:00+00:00,2026-06-19 08:00:00+00:00
1,gate/hyperliquid,100,40,GATE_CAUSAL_ALLOWED_NORMAL_TRANSIENT,FIXED_THRESHOLD_MAIN,NOT_APPLICABLE_FIXED_SCENARIO,INSUFFICIENT_TRAIN_SAMPLE,8,2026-06-17 07:30:00+00:00,2026-06-19 08:00:00+00:00
1,gate/hyperliquid,100,80,GATE_CAUSAL_ALLOWED_NORMAL_TRANSIENT,FIXED_THRESHOLD_MAIN,NOT_APPLICABLE_FIXED_SCENARIO,INSUFFICIENT_TRAIN_SAMPLE,8,2026-06-17 07:30:00+00:00,2026-06-19 08:00:00+00:00
1,gate/hyperliquid,150,20,GATE_CAUSAL_ALLOWED_NORMAL_TRANSIENT,FIXED_THRESHOLD_MAIN,NOT_APPLICABLE_FIXED_SCENARIO,INSUFFICIENT_TRAIN_SAMPLE,0,2026-06-17 07:30:00+00:00,2026-06-19 08:00:00+00:00
1,gate/hyperliquid,150,40,GATE_CAUSAL_ALLOWED_NORMAL_TRANSIENT,FIXED_THRESHOLD_MAIN,NOT_APPLICABLE_FIXED_SCENARIO,INSUFFICIENT_TRAIN_SAMPLE,0,2026-06-17 07:30:00+00:00,2026-06-19 08:00:00+00:00
1,gate/hyperliquid,150,80,GATE_CAUSAL_ALLOWED_NORMAL_TRANSIENT,FIXED_THRESHOLD_MAIN,NOT_APPLICABLE_FIXED_SCENARIO,INSUFFICIENT_TRAIN_SAMPLE,0,2026-06-17 07:30:00+00:00,2026-06-19 08:00:00+00:00
1,gate/hyperliquid,200,20,GATE_CAUSAL_ALLOWED_NORMAL_TRANSIENT,FIXED_THRESHOLD_MAIN,NOT_APPLICABLE_FIXED_SCENARIO,INSUFFICIENT_TRAIN_SAMPLE,0,2026-06-17 07:30:00+00:00,2026-06-19 08:00:00+00:00
1,gate/hyperliquid,200,40,GATE_CAUSAL_ALLOWED_NORMAL_TRANSIENT,FIXED_THRESHOLD_MAIN,NOT_APPLICABLE_FIXED_SCENARIO,INSUFFICIENT_TRAIN_SAMPLE,0,2026-06-17 07:30:00+00:00,2026-06-19 08:00:00+00:00
1,gate/hyperliquid,200,80,GATE_CAUSAL_ALLOWED_NORMAL_TRANSIENT,FIXED_THRESHOLD_MAIN,NOT_APPLICABLE_FIXED_SCENARIO,INSUFFICIENT_TRAIN_SAMPLE,0,2026-06-17 07:30:00+00:00,2026-06-19 08:00:00+00:00
1,gate/okx,100,20,GATE_CAUSAL_ALLOWED_NORMAL_TRANSIENT,FIXED_THRESHOLD_MAIN,NOT_APPLICABLE_FIXED_SCENARIO,INSUFFICIENT_TRAIN_SAMPLE,0,2026-06-17 07:30:00+00:00,2026-06-19 08:00:00+00:00
1,gate/okx,100,40,GATE_CAUSAL_ALLOWED_NORMAL_TRANSIENT,FIXED_THRESHOLD_MAIN,NOT_APPLICABLE_FIXED_SCENARIO,INSUFFICIENT_TRAIN_SAMPLE,0,2026-06-17 07:30:00+00:00,2026-06-19 08:00:00+00:00
1,gate/okx,100,80,GATE_CAUSAL_ALLOWED_NORMAL_TRANSIENT,FIXED_THRESHOLD_MAIN,NOT_APPLICABLE_FIXED_SCENARIO,INSUFFICIENT_TRAIN_SAMPLE,0,2026-06-17 07:30:00+00:00,2026-06-19 08:00:00+00:00
1,gate/okx,150,20,GATE_CAUSAL_ALLOWED_NORMAL_TRANSIENT,FIXED_THRESHOLD_MAIN,NOT_APPLICABLE_FIXED_SCENARIO,INSUFFICIENT_TRAIN_SAMPLE,0,2026-06-17 07:30:00+00:00,2026-06-19 08:00:00+00:00
1,gate/okx,150,40,GATE_CAUSAL_ALLOWED_NORMAL_TRANSIENT,FIXED_THRESHOLD_MAIN,NOT_APPLICABLE_FIXED_SCENARIO,INSUFFICIENT_TRAIN_SAMPLE,0,2026-06-17 07:30:00+00:00,2026-06-19 08:00:00+00:00
1,gate/okx,150,80,GATE_CAUSAL_ALLOWED_NORMAL_TRANSIENT,FIXED_THRESHOLD_MAIN,NOT_APPLICABLE_FIXED_SCENARIO,INSUFFICIENT_TRAIN_SAMPLE,0,2026-06-17 07:30:00+00:00,2026-06-19 08:00:00+00:00
1,gate/okx,200,20,GATE_CAUSAL_ALLOWED_NORMAL_TRANSIENT,FIXED_THRESHOLD_MAIN,NOT_APPLICABLE_FIXED_SCENARIO,INSUFFICIENT_TRAIN_SAMPLE,0,2026-06-17 07:30:00+00:00,2026-06-19 08:00:00+00:00
1,gate/okx,200,40,GATE_CAUSAL_ALLOWED_NORMAL_TRANSIENT,FIXED_THRESHOLD_MAIN,NOT_APPLICABLE_FIXED_SCENARIO,INSUFFICIENT_TRAIN_SAMPLE,0,2026-06-17 07:30:00+00:00,2026-06-19 08:00:00+00:00
1,gate/okx,200,80,GATE_CAUSAL_ALLOWED_NORMAL_TRANSIENT,FIXED_THRESHOLD_MAIN,NOT_APPLICABLE_FIXED_SCENARIO,INSUFFICIENT_TRAIN_SAMPLE,0,2026-06-17 07:30:00+00:00,2026-06-19 08:00:00+00:00
1,hyperliquid/okx,100,20,NO_GATE_REGIME_FILTER,FIXED_THRESHOLD_MAIN,NOT_APPLICABLE_FIXED_SCENARIO,INSUFFICIENT_TRAIN_SAMPLE,0,2026-06-17 07:30:00+00:00,2026-06-19 08:00:00+00:00
1,hyperliquid/okx,100,40,NO_GATE_REGIME_FILTER,FIXED_THRESHOLD_MAIN,NOT_APPLICABLE_FIXED_SCENARIO,INSUFFICIENT_TRAIN_SAMPLE,0,2026-06-17 07:30:00+00:00,2026-06-19 08:00:00+00:00
1,hyperliquid/okx,100,80,NO_GATE_REGIME_FILTER,FIXED_THRESHOLD_MAIN,NOT_APPLICABLE_FIXED_SCENARIO,INSUFFICIENT_TRAIN_SAMPLE,0,2026-06-17 07:30:00+00:00,2026-06-19 08:00:00+00:00
1,hyperliquid/okx,150,20,NO_GATE_REGIME_FILTER,FIXED_THRESHOLD_MAIN,NOT_APPLICABLE_FIXED_SCENARIO,INSUFFICIENT_TRAIN_SAMPLE,0,2026-06-17 07:30:00+00:00,2026-06-19 08:00:00+00:00
1,hyperliquid/okx,150,40,NO_GATE_REGIME_FILTER,FIXED_THRESHOLD_MAIN,NOT_APPLICABLE_FIXED_SCENARIO,INSUFFICIENT_TRAIN_SAMPLE,0,2026-06-17 07:30:00+00:00,2026-06-19 08:00:00+00:00
1,hyperliquid/okx,150,80,NO_GATE_REGIME_FILTER,FIXED_THRESHOLD_MAIN,NOT_APPLICABLE_FIXED_SCENARIO,INSUFFICIENT_TRAIN_SAMPLE,0,2026-06-17 07:30:00+00:00,2026-06-19 08:00:00+00:00
1,hyperliquid/okx,200,20,NO_GATE_REGIME_FILTER,FIXED_THRESHOLD_MAIN,NOT_APPLICABLE_FIXED_SCENARIO,INSUFFICIENT_TRAIN_SAMPLE,0,2026-06-17 07:30:00+00:00,2026-06-19 08:00:00+00:00
1,hyperliquid/okx,200,40,NO_GATE_REGIME_FILTER,FIXED_THRESHOLD_MAIN,NOT_APPLICABLE_FIXED_SCENARIO,INSUFFICIENT_TRAIN_SAMPLE,0,2026-06-17 07:30:00+00:00,2026-06-19 08:00:00+00:00
1,hyperliquid/okx,200,80,NO_GATE_REGIME_FILTER,FIXED_THRESHOLD_MAIN,NOT_APPLICABLE_FIXED_SCENARIO,INSUFFICIENT_TRAIN_SAMPLE,0,2026-06-17 07:30:00+00:00,2026-06-19 08:00:00+00:00
2,binance/bitget,100,20,NO_GATE_REGIME_FILTER,FIXED_THRESHOLD_MAIN,NOT_APPLICABLE_FIXED_SCENARIO,INSUFFICIENT_TRAIN_SAMPLE,0,2026-06-19 08:00:00+00:00,2026-06-21 08:30:00+00:00
2,binance/bitget,100,40,NO_GATE_REGIME_FILTER,FIXED_THRESHOLD_MAIN,NOT_APPLICABLE_FIXED_SCENARIO,INSUFFICIENT_TRAIN_SAMPLE,0,2026-06-19 08:00:00+00:00,2026-06-21 08:30:00+00:00
2,binance/bitget,100,80,NO_GATE_REGIME_FILTER,FIXED_THRESHOLD_MAIN,NOT_APPLICABLE_FIXED_SCENARIO,INSUFFICIENT_TRAIN_SAMPLE,0,2026-06-19 08:00:00+00:00,2026-06-21 08:30:00+00:00
2,binance/bitget,150,20,NO_GATE_REGIME_FILTER,FIXED_THRESHOLD_MAIN,NOT_APPLICABLE_FIXED_SCENARIO,INSUFFICIENT_TRAIN_SAMPLE,0,2026-06-19 08:00:00+00:00,2026-06-21 08:30:00+00:00
2,binance/bitget,150,40,NO_GATE_REGIME_FILTER,FIXED_THRESHOLD_MAIN,NOT_APPLICABLE_FIXED_SCENARIO,INSUFFICIENT_TRAIN_SAMPLE,0,2026-06-19 08:00:00+00:00,2026-06-21 08:30:00+00:00
2,binance/bitget,150,80,NO_GATE_REGIME_FILTER,FIXED_THRESHOLD_MAIN,NOT_APPLICABLE_FIXED_SCENARIO,INSUFFICIENT_TRAIN_SAMPLE,0,2026-06-19 08:00:00+00:00,2026-06-21 08:30:00+00:00
2,binance/bitget,200,20,NO_GATE_REGIME_FILTER,FIXED_THRESHOLD_MAIN,NOT_APPLICABLE_FIXED_SCENARIO,INSUFFICIENT_TRAIN_SAMPLE,0,2026-06-19 08:00:00+00:00,2026-06-21 08:30:00+00:00
2,binance/bitget,200,40,NO_GATE_REGIME_FILTER,FIXED_THRESHOLD_MAIN,NOT_APPLICABLE_FIXED_SCENARIO,INSUFFICIENT_TRAIN_SAMPLE,0,2026-06-19 08:00:00+00:00,2026-06-21 08:30:00+00:00
2,binance/bitget,200,80,NO_GATE_REGIME_FILTER,FIXED_THRESHOLD_MAIN,NOT_APPLICABLE_FIXED_SCENARIO,INSUFFICIENT_TRAIN_SAMPLE,0,2026-06-19 08:00:00+00:00,2026-06-21 08:30:00+00:00
2,binance/gate,100,20,GATE_CAUSAL_ALLOWED_NORMAL_TRANSIENT,FIXED_THRESHOLD_MAIN,NOT_APPLICABLE_FIXED_SCENARIO,INSUFFICIENT_TRAIN_SAMPLE,0,2026-06-19 08:00:00+00:00,2026-06-21 08:30:00+00:00
2,binance/gate,100,40,GATE_CAUSAL_ALLOWED_NORMAL_TRANSIENT,FIXED_THRESHOLD_MAIN,NOT_APPLICABLE_FIXED_SCENARIO,INSUFFICIENT_TRAIN_SAMPLE,0,2026-06-19 08:00:00+00:00,2026-06-21 08:30:00+00:00
2,binance/gate,100,80,GATE_CAUSAL_ALLOWED_NORMAL_TRANSIENT,FIXED_THRESHOLD_MAIN,NOT_APPLICABLE_FIXED_SCENARIO,INSUFFICIENT_TRAIN_SAMPLE,0,2026-06-19 08:00:00+00:00,2026-06-21 08:30:00+00:00
2,binance/gate,150,20,GATE_CAUSAL_ALLOWED_NORMAL_TRANSIENT,FIXED_THRESHOLD_MAIN,NOT_APPLICABLE_FIXED_SCENARIO,INSUFFICIENT_TRAIN_SAMPLE,0,2026-06-19 08:00:00+00:00,2026-06-21 08:30:00+00:00
2,binance/gate,150,40,GATE_CAUSAL_ALLOWED_NORMAL_TRANSIENT,FIXED_THRESHOLD_MAIN,NOT_APPLICABLE_FIXED_SCENARIO,INSUFFICIENT_TRAIN_SAMPLE,0,2026-06-19 08:00:00+00:00,2026-06-21 08:30:00+00:00
2,binance/gate,150,80,GATE_CAUSAL_ALLOWED_NORMAL_TRANSIENT,FIXED_THRESHOLD_MAIN,NOT_APPLICABLE_FIXED_SCENARIO,INSUFFICIENT_TRAIN_SAMPLE,0,2026-06-19 08:00:00+00:00,2026-06-21 08:30:00+00:00
2,binance/gate,200,20,GATE_CAUSAL_ALLOWED_NORMAL_TRANSIENT,FIXED_THRESHOLD_MAIN,NOT_APPLICABLE_FIXED_SCENARIO,INSUFFICIENT_TRAIN_SAMPLE,0,2026-06-19 08:00:00+00:00,2026-06-21 08:30:00+00:00
2,binance/gate,200,40,GATE_CAUSAL_ALLOWED_NORMAL_TRANSIENT,FIXED_THRESHOLD_MAIN,NOT_APPLICABLE_FIXED_SCENARIO,INSUFFICIENT_TRAIN_SAMPLE,0,2026-06-19 08:00:00+00:00,2026-06-21 08:30:00+00:00
2,binance/gate,200,80,GATE_CAUSAL_ALLOWED_NORMAL_TRANSIENT,FIXED_THRESHOLD_MAIN,NOT_APPLICABLE_FIXED_SCENARIO,INSUFFICIENT_TRAIN_SAMPLE,0,2026-06-19 08:00:00+00:00,2026-06-21 08:30:00+00:00
2,binance/hyperliquid,100,20,NO_GATE_REGIME_FILTER,FIXED_THRESHOLD_MAIN,NOT_APPLICABLE_FIXED_SCENARIO,INSUFFICIENT_TRAIN_SAMPLE,0,2026-06-19 08:00:00+00:00,2026-06-21 08:30:00+00:00
2,binance/hyperliquid,100,40,NO_GATE_REGIME_FILTER,FIXED_THRESHOLD_MAIN,NOT_APPLICABLE_FIXED_SCENARIO,INSUFFICIENT_TRAIN_SAMPLE,0,2026-06-19 08:00:00+00:00,2026-06-21 08:30:00+00:00
2,binance/hyperliquid,100,80,NO_GATE_REGIME_FILTER,FIXED_THRESHOLD_MAIN,NOT_APPLICABLE_FIXED_SCENARIO,INSUFFICIENT_TRAIN_SAMPLE,0,2026-06-19 08:00:00+00:00,2026-06-21 08:30:00+00:00
2,binance/hyperliquid,150,20,NO_GATE_REGIME_FILTER,FIXED_THRESHOLD_MAIN,NOT_APPLICABLE_FIXED_SCENARIO,INSUFFICIENT_TRAIN_SAMPLE,0,2026-06-19 08:00:00+00:00,2026-06-21 08:30:00+00:00
2,binance/hyperliquid,150,40,NO_GATE_REGIME_FILTER,FIXED_THRESHOLD_MAIN,NOT_APPLICABLE_FIXED_SCENARIO,INSUFFICIENT_TRAIN_SAMPLE,0,2026-06-19 08:00:00+00:00,2026-06-21 08:30:00+00:00
2,binance/hyperliquid,150,80,NO_GATE_REGIME_FILTER,FIXED_THRESHOLD_MAIN,NOT_APPLICABLE_FIXED_SCENARIO,INSUFFICIENT_TRAIN_SAMPLE,0,2026-06-19 08:00:00+00:00,2026-06-21 08:30:00+00:00
2,binance/hyperliquid,200,20,NO_GATE_REGIME_FILTER,FIXED_THRESHOLD_MAIN,NOT_APPLICABLE_FIXED_SCENARIO,INSUFFICIENT_TRAIN_SAMPLE,0,2026-06-19 08:00:00+00:00,2026-06-21 08:30:00+00:00
2,binance/hyperliquid,200,40,NO_GATE_REGIME_FILTER,FIXED_THRESHOLD_MAIN,NOT_APPLICABLE_FIXED_SCENARIO,INSUFFICIENT_TRAIN_SAMPLE,0,2026-06-19 08:00:00+00:00,2026-06-21 08:30:00+00:00
2,binance/hyperliquid,200,80,NO_GATE_REGIME_FILTER,FIXED_THRESHOLD_MAIN,NOT_APPLICABLE_FIXED_SCENARIO,INSUFFICIENT_TRAIN_SAMPLE,0,2026-06-19 08:00:00+00:00,2026-06-21 08:30:00+00:00
2,binance/okx,100,20,NO_GATE_REGIME_FILTER,FIXED_THRESHOLD_MAIN,NOT_APPLICABLE_FIXED_SCENARIO,INSUFFICIENT_TRAIN_SAMPLE,0,2026-06-19 08:00:00+00:00,2026-06-21 08:30:00+00:00
2,binance/okx,100,40,NO_GATE_REGIME_FILTER,FIXED_THRESHOLD_MAIN,NOT_APPLICABLE_FIXED_SCENARIO,INSUFFICIENT_TRAIN_SAMPLE,0,2026-06-19 08:00:00+00:00,2026-06-21 08:30:00+00:00
2,binance/okx,100,80,NO_GATE_REGIME_FILTER,FIXED_THRESHOLD_MAIN,NOT_APPLICABLE_FIXED_SCENARIO,INSUFFICIENT_TRAIN_SAMPLE,0,2026-06-19 08:00:00+00:00,2026-06-21 08:30:00+00:00
2,binance/okx,150,20,NO_GATE_REGIME_FILTER,FIXED_THRESHOLD_MAIN,NOT_APPLICABLE_FIXED_SCENARIO,INSUFFICIENT_TRAIN_SAMPLE,0,2026-06-19 08:00:00+00:00,2026-06-21 08:30:00+00:00
2,binance/okx,150,40,NO_GATE_REGIME_FILTER,FIXED_THRESHOLD_MAIN,NOT_APPLICABLE_FIXED_SCENARIO,INSUFFICIENT_TRAIN_SAMPLE,0,2026-06-19 08:00:00+00:00,2026-06-21 08:30:00+00:00
2,binance/okx,150,80,NO_GATE_REGIME_FILTER,FIXED_THRESHOLD_MAIN,NOT_APPLICABLE_FIXED_SCENARIO,INSUFFICIENT_TRAIN_SAMPLE,0,2026-06-19 08:00:00+00:00,2026-06-21 08:30:00+00:00
2,binance/okx,200,20,NO_GATE_REGIME_FILTER,FIXED_THRESHOLD_MAIN,NOT_APPLICABLE_FIXED_SCENARIO,INSUFFICIENT_TRAIN_SAMPLE,0,2026-06-19 08:00:00+00:00,2026-06-21 08:30:00+00:00
2,binance/okx,200,40,NO_GATE_REGIME_FILTER,FIXED_THRESHOLD_MAIN,NOT_APPLICABLE_FIXED_SCENARIO,INSUFFICIENT_TRAIN_SAMPLE,0,2026-06-19 08:00:00+00:00,2026-06-21 08:30:00+00:00
2,binance/okx,200,80,NO_GATE_REGIME_FILTER,FIXED_THRESHOLD_MAIN,NOT_APPLICABLE_FIXED_SCENARIO,INSUFFICIENT_TRAIN_SAMPLE,0,2026-06-19 08:00:00+00:00,2026-06-21 08:30:00+00:00
2,bitget/gate,100,20,GATE_CAUSAL_ALLOWED_NORMAL_TRANSIENT,FIXED_THRESHOLD_MAIN,NOT_APPLICABLE_FIXED_SCENARIO,INSUFFICIENT_TRAIN_SAMPLE,0,2026-06-19 08:00:00+00:00,2026-06-21 08:30:00+00:00
2,bitget/gate,100,40,GATE_CAUSAL_ALLOWED_NORMAL_TRANSIENT,FIXED_THRESHOLD_MAIN,NOT_APPLICABLE_FIXED_SCENARIO,INSUFFICIENT_TRAIN_SAMPLE,0,2026-06-19 08:00:00+00:00,2026-06-21 08:30:00+00:00
2,bitget/gate,100,80,GATE_CAUSAL_ALLOWED_NORMAL_TRANSIENT,FIXED_THRESHOLD_MAIN,NOT_APPLICABLE_FIXED_SCENARIO,INSUFFICIENT_TRAIN_SAMPLE,0,2026-06-19 08:00:00+00:00,2026-06-21 08:30:00+00:00
2,bitget/gate,150,20,GATE_CAUSAL_ALLOWED_NORMAL_TRANSIENT,FIXED_THRESHOLD_MAIN,NOT_APPLICABLE_FIXED_SCENARIO,INSUFFICIENT_TRAIN_SAMPLE,0,2026-06-19 08:00:00+00:00,2026-06-21 08:30:00+00:00
2,bitget/gate,150,40,GATE_CAUSAL_ALLOWED_NORMAL_TRANSIENT,FIXED_THRESHOLD_MAIN,NOT_APPLICABLE_FIXED_SCENARIO,INSUFFICIENT_TRAIN_SAMPLE,0,2026-06-19 08:00:00+00:00,2026-06-21 08:30:00+00:00
2,bitget/gate,150,80,GATE_CAUSAL_ALLOWED_NORMAL_TRANSIENT,FIXED_THRESHOLD_MAIN,NOT_APPLICABLE_FIXED_SCENARIO,INSUFFICIENT_TRAIN_SAMPLE,0,2026-06-19 08:00:00+00:00,2026-06-21 08:30:00+00:00
2,bitget/gate,200,20,GATE_CAUSAL_ALLOWED_NORMAL_TRANSIENT,FIXED_THRESHOLD_MAIN,NOT_APPLICABLE_FIXED_SCENARIO,INSUFFICIENT_TRAIN_SAMPLE,0,2026-06-19 08:00:00+00:00,2026-06-21 08:30:00+00:00
2,bitget/gate,200,40,GATE_CAUSAL_ALLOWED_NORMAL_TRANSIENT,FIXED_THRESHOLD_MAIN,NOT_APPLICABLE_FIXED_SCENARIO,INSUFFICIENT_TRAIN_SAMPLE,0,2026-06-19 08:00:00+00:00,2026-06-21 08:30:00+00:00
2,bitget/gate,200,80,GATE_CAUSAL_ALLOWED_NORMAL_TRANSIENT,FIXED_THRESHOLD_MAIN,NOT_APPLICABLE_FIXED_SCENARIO,INSUFFICIENT_TRAIN_SAMPLE,0,2026-06-19 08:00:00+00:00,2026-06-21 08:30:00+00:00
2,bitget/hyperliquid,100,20,NO_GATE_REGIME_FILTER,FIXED_THRESHOLD_MAIN,NOT_APPLICABLE_FIXED_SCENARIO,INSUFFICIENT_TRAIN_SAMPLE,9,2026-06-19 08:00:00+00:00,2026-06-21 08:30:00+00:00
2,bitget/hyperliquid,100,40,NO_GATE_REGIME_FILTER,FIXED_THRESHOLD_MAIN,NOT_APPLICABLE_FIXED_SCENARIO,INSUFFICIENT_TRAIN_SAMPLE,9,2026-06-19 08:00:00+00:00,2026-06-21 08:30:00+00:00
2,bitget/hyperliquid,100,80,NO_GATE_REGIME_FILTER,FIXED_THRESHOLD_MAIN,NOT_APPLICABLE_FIXED_SCENARIO,INSUFFICIENT_TRAIN_SAMPLE,9,2026-06-19 08:00:00+00:00,2026-06-21 08:30:00+00:00
2,bitget/hyperliquid,150,20,NO_GATE_REGIME_FILTER,FIXED_THRESHOLD_MAIN,NOT_APPLICABLE_FIXED_SCENARIO,INSUFFICIENT_TRAIN_SAMPLE,0,2026-06-19 08:00:00+00:00,2026-06-21 08:30:00+00:00
2,bitget/hyperliquid,150,40,NO_GATE_REGIME_FILTER,FIXED_THRESHOLD_MAIN,NOT_APPLICABLE_FIXED_SCENARIO,INSUFFICIENT_TRAIN_SAMPLE,0,2026-06-19 08:00:00+00:00,2026-06-21 08:30:00+00:00
2,bitget/hyperliquid,150,80,NO_GATE_REGIME_FILTER,FIXED_THRESHOLD_MAIN,NOT_APPLICABLE_FIXED_SCENARIO,INSUFFICIENT_TRAIN_SAMPLE,0,2026-06-19 08:00:00+00:00,2026-06-21 08:30:00+00:00
2,bitget/hyperliquid,200,20,NO_GATE_REGIME_FILTER,FIXED_THRESHOLD_MAIN,NOT_APPLICABLE_FIXED_SCENARIO,INSUFFICIENT_TRAIN_SAMPLE,0,2026-06-19 08:00:00+00:00,2026-06-21 08:30:00+00:00
2,bitget/hyperliquid,200,40,NO_GATE_REGIME_FILTER,FIXED_THRESHOLD_MAIN,NOT_APPLICABLE_FIXED_SCENARIO,INSUFFICIENT_TRAIN_SAMPLE,0,2026-06-19 08:00:00+00:00,2026-06-21 08:30:00+00:00
2,bitget/hyperliquid,200,80,NO_GATE_REGIME_FILTER,FIXED_THRESHOLD_MAIN,NOT_APPLICABLE_FIXED_SCENARIO,INSUFFICIENT_TRAIN_SAMPLE,0,2026-06-19 08:00:00+00:00,2026-06-21 08:30:00+00:00
2,bitget/okx,100,20,NO_GATE_REGIME_FILTER,FIXED_THRESHOLD_MAIN,NOT_APPLICABLE_FIXED_SCENARIO,INSUFFICIENT_TRAIN_SAMPLE,0,2026-06-19 08:00:00+00:00,2026-06-21 08:30:00+00:00
2,bitget/okx,100,40,NO_GATE_REGIME_FILTER,FIXED_THRESHOLD_MAIN,NOT_APPLICABLE_FIXED_SCENARIO,INSUFFICIENT_TRAIN_SAMPLE,0,2026-06-19 08:00:00+00:00,2026-06-21 08:30:00+00:00
2,bitget/okx,100,80,NO_GATE_REGIME_FILTER,FIXED_THRESHOLD_MAIN,NOT_APPLICABLE_FIXED_SCENARIO,INSUFFICIENT_TRAIN_SAMPLE,0,2026-06-19 08:00:00+00:00,2026-06-21 08:30:00+00:00
2,bitget/okx,150,20,NO_GATE_REGIME_FILTER,FIXED_THRESHOLD_MAIN,NOT_APPLICABLE_FIXED_SCENARIO,INSUFFICIENT_TRAIN_SAMPLE,0,2026-06-19 08:00:00+00:00,2026-06-21 08:30:00+00:00
2,bitget/okx,150,40,NO_GATE_REGIME_FILTER,FIXED_THRESHOLD_MAIN,NOT_APPLICABLE_FIXED_SCENARIO,INSUFFICIENT_TRAIN_SAMPLE,0,2026-06-19 08:00:00+00:00,2026-06-21 08:30:00+00:00
2,bitget/okx,150,80,NO_GATE_REGIME_FILTER,FIXED_THRESHOLD_MAIN,NOT_APPLICABLE_FIXED_SCENARIO,INSUFFICIENT_TRAIN_SAMPLE,0,2026-06-19 08:00:00+00:00,2026-06-21 08:30:00+00:00
2,bitget/okx,200,20,NO_GATE_REGIME_FILTER,FIXED_THRESHOLD_MAIN,NOT_APPLICABLE_FIXED_SCENARIO,INSUFFICIENT_TRAIN_SAMPLE,0,2026-06-19 08:00:00+00:00,2026-06-21 08:30:00+00:00
2,bitget/okx,200,40,NO_GATE_REGIME_FILTER,FIXED_THRESHOLD_MAIN,NOT_APPLICABLE_FIXED_SCENARIO,INSUFFICIENT_TRAIN_SAMPLE,0,2026-06-19 08:00:00+00:00,2026-06-21 08:30:00+00:00
2,bitget/okx,200,80,NO_GATE_REGIME_FILTER,FIXED_THRESHOLD_MAIN,NOT_APPLICABLE_FIXED_SCENARIO,INSUFFICIENT_TRAIN_SAMPLE,0,2026-06-19 08:00:00+00:00,2026-06-21 08:30:00+00:00
2,gate/hyperliquid,100,20,GATE_CAUSAL_ALLOWED_NORMAL_TRANSIENT,FIXED_THRESHOLD_MAIN,NOT_APPLICABLE_FIXED_SCENARIO,INSUFFICIENT_TRAIN_SAMPLE,1,2026-06-19 08:00:00+00:00,2026-06-21 08:30:00+00:00
2,gate/hyperliquid,100,40,GATE_CAUSAL_ALLOWED_NORMAL_TRANSIENT,FIXED_THRESHOLD_MAIN,NOT_APPLICABLE_FIXED_SCENARIO,INSUFFICIENT_TRAIN_SAMPLE,1,2026-06-19 08:00:00+00:00,2026-06-21 08:30:00+00:00
2,gate/hyperliquid,100,80,GATE_CAUSAL_ALLOWED_NORMAL_TRANSIENT,FIXED_THRESHOLD_MAIN,NOT_APPLICABLE_FIXED_SCENARIO,INSUFFICIENT_TRAIN_SAMPLE,1,2026-06-19 08:00:00+00:00,2026-06-21 08:30:00+00:00
2,gate/hyperliquid,150,20,GATE_CAUSAL_ALLOWED_NORMAL_TRANSIENT,FIXED_THRESHOLD_MAIN,NOT_APPLICABLE_FIXED_SCENARIO,INSUFFICIENT_TRAIN_SAMPLE,0,2026-06-19 08:00:00+00:00,2026-06-21 08:30:00+00:00
2,gate/hyperliquid,150,40,GATE_CAUSAL_ALLOWED_NORMAL_TRANSIENT,FIXED_THRESHOLD_MAIN,NOT_APPLICABLE_FIXED_SCENARIO,INSUFFICIENT_TRAIN_SAMPLE,0,2026-06-19 08:00:00+00:00,2026-06-21 08:30:00+00:00
2,gate/hyperliquid,150,80,GATE_CAUSAL_ALLOWED_NORMAL_TRANSIENT,FIXED_THRESHOLD_MAIN,NOT_APPLICABLE_FIXED_SCENARIO,INSUFFICIENT_TRAIN_SAMPLE,0,2026-06-19 08:00:00+00:00,2026-06-21 08:30:00+00:00
2,gate/hyperliquid,200,20,GATE_CAUSAL_ALLOWED_NORMAL_TRANSIENT,FIXED_THRESHOLD_MAIN,NOT_APPLICABLE_FIXED_SCENARIO,INSUFFICIENT_TRAIN_SAMPLE,0,2026-06-19 08:00:00+00:00,2026-06-21 08:30:00+00:00
2,gate/hyperliquid,200,40,GATE_CAUSAL_ALLOWED_NORMAL_TRANSIENT,FIXED_THRESHOLD_MAIN,NOT_APPLICABLE_FIXED_SCENARIO,INSUFFICIENT_TRAIN_SAMPLE,0,2026-06-19 08:00:00+00:00,2026-06-21 08:30:00+00:00
2,gate/hyperliquid,200,80,GATE_CAUSAL_ALLOWED_NORMAL_TRANSIENT,FIXED_THRESHOLD_MAIN,NOT_APPLICABLE_FIXED_SCENARIO,INSUFFICIENT_TRAIN_SAMPLE,0,2026-06-19 08:00:00+00:00,2026-06-21 08:30:00+00:00
2,gate/okx,100,20,GATE_CAUSAL_ALLOWED_NORMAL_TRANSIENT,FIXED_THRESHOLD_MAIN,NOT_APPLICABLE_FIXED_SCENARIO,INSUFFICIENT_TRAIN_SAMPLE,0,2026-06-19 08:00:00+00:00,2026-06-21 08:30:00+00:00
2,gate/okx,100,40,GATE_CAUSAL_ALLOWED_NORMAL_TRANSIENT,FIXED_THRESHOLD_MAIN,NOT_APPLICABLE_FIXED_SCENARIO,INSUFFICIENT_TRAIN_SAMPLE,0,2026-06-19 08:00:00+00:00,2026-06-21 08:30:00+00:00
2,gate/okx,100,80,GATE_CAUSAL_ALLOWED_NORMAL_TRANSIENT,FIXED_THRESHOLD_MAIN,NOT_APPLICABLE_FIXED_SCENARIO,INSUFFICIENT_TRAIN_SAMPLE,0,2026-06-19 08:00:00+00:00,2026-06-21 08:30:00+00:00
2,gate/okx,150,20,GATE_CAUSAL_ALLOWED_NORMAL_TRANSIENT,FIXED_THRESHOLD_MAIN,NOT_APPLICABLE_FIXED_SCENARIO,INSUFFICIENT_TRAIN_SAMPLE,0,2026-06-19 08:00:00+00:00,2026-06-21 08:30:00+00:00
2,gate/okx,150,40,GATE_CAUSAL_ALLOWED_NORMAL_TRANSIENT,FIXED_THRESHOLD_MAIN,NOT_APPLICABLE_FIXED_SCENARIO,INSUFFICIENT_TRAIN_SAMPLE,0,2026-06-19 08:00:00+00:00,2026-06-21 08:30:00+00:00
2,gate/okx,150,80,GATE_CAUSAL_ALLOWED_NORMAL_TRANSIENT,FIXED_THRESHOLD_MAIN,NOT_APPLICABLE_FIXED_SCENARIO,INSUFFICIENT_TRAIN_SAMPLE,0,2026-06-19 08:00:00+00:00,2026-06-21 08:30:00+00:00
2,gate/okx,200,20,GATE_CAUSAL_ALLOWED_NORMAL_TRANSIENT,FIXED_THRESHOLD_MAIN,NOT_APPLICABLE_FIXED_SCENARIO,INSUFFICIENT_TRAIN_SAMPLE,0,2026-06-19 08:00:00+00:00,2026-06-21 08:30:00+00:00
2,gate/okx,200,40,GATE_CAUSAL_ALLOWED_NORMAL_TRANSIENT,FIXED_THRESHOLD_MAIN,NOT_APPLICABLE_FIXED_SCENARIO,INSUFFICIENT_TRAIN_SAMPLE,0,2026-06-19 08:00:00+00:00,2026-06-21 08:30:00+00:00
2,gate/okx,200,80,GATE_CAUSAL_ALLOWED_NORMAL_TRANSIENT,FIXED_THRESHOLD_MAIN,NOT_APPLICABLE_FIXED_SCENARIO,INSUFFICIENT_TRAIN_SAMPLE,0,2026-06-19 08:00:00+00:00,2026-06-21 08:30:00+00:00
2,hyperliquid/okx,100,20,NO_GATE_REGIME_FILTER,FIXED_THRESHOLD_MAIN,NOT_APPLICABLE_FIXED_SCENARIO,INSUFFICIENT_TRAIN_SAMPLE,0,2026-06-19 08:00:00+00:00,2026-06-21 08:30:00+00:00
2,hyperliquid/okx,100,40,NO_GATE_REGIME_FILTER,FIXED_THRESHOLD_MAIN,NOT_APPLICABLE_FIXED_SCENARIO,INSUFFICIENT_TRAIN_SAMPLE,0,2026-06-19 08:00:00+00:00,2026-06-21 08:30:00+00:00
2,hyperliquid/okx,100,80,NO_GATE_REGIME_FILTER,FIXED_THRESHOLD_MAIN,NOT_APPLICABLE_FIXED_SCENARIO,INSUFFICIENT_TRAIN_SAMPLE,0,2026-06-19 08:00:00+00:00,2026-06-21 08:30:00+00:00
2,hyperliquid/okx,150,20,NO_GATE_REGIME_FILTER,FIXED_THRESHOLD_MAIN,NOT_APPLICABLE_FIXED_SCENARIO,INSUFFICIENT_TRAIN_SAMPLE,0,2026-06-19 08:00:00+00:00,2026-06-21 08:30:00+00:00
2,hyperliquid/okx,150,40,NO_GATE_REGIME_FILTER,FIXED_THRESHOLD_MAIN,NOT_APPLICABLE_FIXED_SCENARIO,INSUFFICIENT_TRAIN_SAMPLE,0,2026-06-19 08:00:00+00:00,2026-06-21 08:30:00+00:00
2,hyperliquid/okx,150,80,NO_GATE_REGIME_FILTER,FIXED_THRESHOLD_MAIN,NOT_APPLICABLE_FIXED_SCENARIO,INSUFFICIENT_TRAIN_SAMPLE,0,2026-06-19 08:00:00+00:00,2026-06-21 08:30:00+00:00
2,hyperliquid/okx,200,20,NO_GATE_REGIME_FILTER,FIXED_THRESHOLD_MAIN,NOT_APPLICABLE_FIXED_SCENARIO,INSUFFICIENT_TRAIN_SAMPLE,0,2026-06-19 08:00:00+00:00,2026-06-21 08:30:00+00:00
2,hyperliquid/okx,200,40,NO_GATE_REGIME_FILTER,FIXED_THRESHOLD_MAIN,NOT_APPLICABLE_FIXED_SCENARIO,INSUFFICIENT_TRAIN_SAMPLE,0,2026-06-19 08:00:00+00:00,2026-06-21 08:30:00+00:00
2,hyperliquid/okx,200,80,NO_GATE_REGIME_FILTER,FIXED_THRESHOLD_MAIN,NOT_APPLICABLE_FIXED_SCENARIO,INSUFFICIENT_TRAIN_SAMPLE,0,2026-06-19 08:00:00+00:00,2026-06-21 08:30:00+00:00
3,binance/bitget,100,20,NO_GATE_REGIME_FILTER,FIXED_THRESHOLD_MAIN,NOT_APPLICABLE_FIXED_SCENARIO,INSUFFICIENT_TRAIN_SAMPLE,0,2026-06-21 08:30:00+00:00,2026-06-23 09:00:00+00:00
3,binance/bitget,100,40,NO_GATE_REGIME_FILTER,FIXED_THRESHOLD_MAIN,NOT_APPLICABLE_FIXED_SCENARIO,INSUFFICIENT_TRAIN_SAMPLE,0,2026-06-21 08:30:00+00:00,2026-06-23 09:00:00+00:00
3,binance/bitget,100,80,NO_GATE_REGIME_FILTER,FIXED_THRESHOLD_MAIN,NOT_APPLICABLE_FIXED_SCENARIO,INSUFFICIENT_TRAIN_SAMPLE,0,2026-06-21 08:30:00+00:00,2026-06-23 09:00:00+00:00
3,binance/bitget,150,20,NO_GATE_REGIME_FILTER,FIXED_THRESHOLD_MAIN,NOT_APPLICABLE_FIXED_SCENARIO,INSUFFICIENT_TRAIN_SAMPLE,0,2026-06-21 08:30:00+00:00,2026-06-23 09:00:00+00:00
3,binance/bitget,150,40,NO_GATE_REGIME_FILTER,FIXED_THRESHOLD_MAIN,NOT_APPLICABLE_FIXED_SCENARIO,INSUFFICIENT_TRAIN_SAMPLE,0,2026-06-21 08:30:00+00:00,2026-06-23 09:00:00+00:00
3,binance/bitget,150,80,NO_GATE_REGIME_FILTER,FIXED_THRESHOLD_MAIN,NOT_APPLICABLE_FIXED_SCENARIO,INSUFFICIENT_TRAIN_SAMPLE,0,2026-06-21 08:30:00+00:00,2026-06-23 09:00:00+00:00
3,binance/bitget,200,20,NO_GATE_REGIME_FILTER,FIXED_THRESHOLD_MAIN,NOT_APPLICABLE_FIXED_SCENARIO,INSUFFICIENT_TRAIN_SAMPLE,0,2026-06-21 08:30:00+00:00,2026-06-23 09:00:00+00:00
3,binance/bitget,200,40,NO_GATE_REGIME_FILTER,FIXED_THRESHOLD_MAIN,NOT_APPLICABLE_FIXED_SCENARIO,INSUFFICIENT_TRAIN_SAMPLE,0,2026-06-21 08:30:00+00:00,2026-06-23 09:00:00+00:00
3,binance/bitget,200,80,NO_GATE_REGIME_FILTER,FIXED_THRESHOLD_MAIN,NOT_APPLICABLE_FIXED_SCENARIO,INSUFFICIENT_TRAIN_SAMPLE,0,2026-06-21 08:30:00+00:00,2026-06-23 09:00:00+00:00
3,binance/gate,100,20,GATE_CAUSAL_ALLOWED_NORMAL_TRANSIENT,FIXED_THRESHOLD_MAIN,NOT_APPLICABLE_FIXED_SCENARIO,INSUFFICIENT_TRAIN_SAMPLE,0,2026-06-21 08:30:00+00:00,2026-06-23 09:00:00+00:00
3,binance/gate,100,40,GATE_CAUSAL_ALLOWED_NORMAL_TRANSIENT,FIXED_THRESHOLD_MAIN,NOT_APPLICABLE_FIXED_SCENARIO,INSUFFICIENT_TRAIN_SAMPLE,0,2026-06-21 08:30:00+00:00,2026-06-23 09:00:00+00:00
3,binance/gate,100,80,GATE_CAUSAL_ALLOWED_NORMAL_TRANSIENT,FIXED_THRESHOLD_MAIN,NOT_APPLICABLE_FIXED_SCENARIO,INSUFFICIENT_TRAIN_SAMPLE,0,2026-06-21 08:30:00+00:00,2026-06-23 09:00:00+00:00
3,binance/gate,150,20,GATE_CAUSAL_ALLOWED_NORMAL_TRANSIENT,FIXED_THRESHOLD_MAIN,NOT_APPLICABLE_FIXED_SCENARIO,INSUFFICIENT_TRAIN_SAMPLE,0,2026-06-21 08:30:00+00:00,2026-06-23 09:00:00+00:00
3,binance/gate,150,40,GATE_CAUSAL_ALLOWED_NORMAL_TRANSIENT,FIXED_THRESHOLD_MAIN,NOT_APPLICABLE_FIXED_SCENARIO,INSUFFICIENT_TRAIN_SAMPLE,0,2026-06-21 08:30:00+00:00,2026-06-23 09:00:00+00:00
3,binance/gate,150,80,GATE_CAUSAL_ALLOWED_NORMAL_TRANSIENT,FIXED_THRESHOLD_MAIN,NOT_APPLICABLE_FIXED_SCENARIO,INSUFFICIENT_TRAIN_SAMPLE,0,2026-06-21 08:30:00+00:00,2026-06-23 09:00:00+00:00
3,binance/gate,200,20,GATE_CAUSAL_ALLOWED_NORMAL_TRANSIENT,FIXED_THRESHOLD_MAIN,NOT_APPLICABLE_FIXED_SCENARIO,INSUFFICIENT_TRAIN_SAMPLE,0,2026-06-21 08:30:00+00:00,2026-06-23 09:00:00+00:00
3,binance/gate,200,40,GATE_CAUSAL_ALLOWED_NORMAL_TRANSIENT,FIXED_THRESHOLD_MAIN,NOT_APPLICABLE_FIXED_SCENARIO,INSUFFICIENT_TRAIN_SAMPLE,0,2026-06-21 08:30:00+00:00,2026-06-23 09:00:00+00:00
3,binance/gate,200,80,GATE_CAUSAL_ALLOWED_NORMAL_TRANSIENT,FIXED_THRESHOLD_MAIN,NOT_APPLICABLE_FIXED_SCENARIO,INSUFFICIENT_TRAIN_SAMPLE,0,2026-06-21 08:30:00+00:00,2026-06-23 09:00:00+00:00
3,binance/hyperliquid,100,20,NO_GATE_REGIME_FILTER,FIXED_THRESHOLD_MAIN,NOT_APPLICABLE_FIXED_SCENARIO,INSUFFICIENT_TRAIN_SAMPLE,0,2026-06-21 08:30:00+00:00,2026-06-23 09:00:00+00:00
3,binance/hyperliquid,100,40,NO_GATE_REGIME_FILTER,FIXED_THRESHOLD_MAIN,NOT_APPLICABLE_FIXED_SCENARIO,INSUFFICIENT_TRAIN_SAMPLE,0,2026-06-21 08:30:00+00:00,2026-06-23 09:00:00+00:00
3,binance/hyperliquid,100,80,NO_GATE_REGIME_FILTER,FIXED_THRESHOLD_MAIN,NOT_APPLICABLE_FIXED_SCENARIO,INSUFFICIENT_TRAIN_SAMPLE,0,2026-06-21 08:30:00+00:00,2026-06-23 09:00:00+00:00
3,binance/hyperliquid,150,20,NO_GATE_REGIME_FILTER,FIXED_THRESHOLD_MAIN,NOT_APPLICABLE_FIXED_SCENARIO,INSUFFICIENT_TRAIN_SAMPLE,0,2026-06-21 08:30:00+00:00,2026-06-23 09:00:00+00:00
3,binance/hyperliquid,150,40,NO_GATE_REGIME_FILTER,FIXED_THRESHOLD_MAIN,NOT_APPLICABLE_FIXED_SCENARIO,INSUFFICIENT_TRAIN_SAMPLE,0,2026-06-21 08:30:00+00:00,2026-06-23 09:00:00+00:00
3,binance/hyperliquid,150,80,NO_GATE_REGIME_FILTER,FIXED_THRESHOLD_MAIN,NOT_APPLICABLE_FIXED_SCENARIO,INSUFFICIENT_TRAIN_SAMPLE,0,2026-06-21 08:30:00+00:00,2026-06-23 09:00:00+00:00
3,binance/hyperliquid,200,20,NO_GATE_REGIME_FILTER,FIXED_THRESHOLD_MAIN,NOT_APPLICABLE_FIXED_SCENARIO,INSUFFICIENT_TRAIN_SAMPLE,0,2026-06-21 08:30:00+00:00,2026-06-23 09:00:00+00:00
3,binance/hyperliquid,200,40,NO_GATE_REGIME_FILTER,FIXED_THRESHOLD_MAIN,NOT_APPLICABLE_FIXED_SCENARIO,INSUFFICIENT_TRAIN_SAMPLE,0,2026-06-21 08:30:00+00:00,2026-06-23 09:00:00+00:00
3,binance/hyperliquid,200,80,NO_GATE_REGIME_FILTER,FIXED_THRESHOLD_MAIN,NOT_APPLICABLE_FIXED_SCENARIO,INSUFFICIENT_TRAIN_SAMPLE,0,2026-06-21 08:30:00+00:00,2026-06-23 09:00:00+00:00
3,binance/okx,100,20,NO_GATE_REGIME_FILTER,FIXED_THRESHOLD_MAIN,NOT_APPLICABLE_FIXED_SCENARIO,INSUFFICIENT_TRAIN_SAMPLE,0,2026-06-21 08:30:00+00:00,2026-06-23 09:00:00+00:00
3,binance/okx,100,40,NO_GATE_REGIME_FILTER,FIXED_THRESHOLD_MAIN,NOT_APPLICABLE_FIXED_SCENARIO,INSUFFICIENT_TRAIN_SAMPLE,0,2026-06-21 08:30:00+00:00,2026-06-23 09:00:00+00:00
3,binance/okx,100,80,NO_GATE_REGIME_FILTER,FIXED_THRESHOLD_MAIN,NOT_APPLICABLE_FIXED_SCENARIO,INSUFFICIENT_TRAIN_SAMPLE,0,2026-06-21 08:30:00+00:00,2026-06-23 09:00:00+00:00
3,binance/okx,150,20,NO_GATE_REGIME_FILTER,FIXED_THRESHOLD_MAIN,NOT_APPLICABLE_FIXED_SCENARIO,INSUFFICIENT_TRAIN_SAMPLE,0,2026-06-21 08:30:00+00:00,2026-06-23 09:00:00+00:00
3,binance/okx,150,40,NO_GATE_REGIME_FILTER,FIXED_THRESHOLD_MAIN,NOT_APPLICABLE_FIXED_SCENARIO,INSUFFICIENT_TRAIN_SAMPLE,0,2026-06-21 08:30:00+00:00,2026-06-23 09:00:00+00:00
3,binance/okx,150,80,NO_GATE_REGIME_FILTER,FIXED_THRESHOLD_MAIN,NOT_APPLICABLE_FIXED_SCENARIO,INSUFFICIENT_TRAIN_SAMPLE,0,2026-06-21 08:30:00+00:00,2026-06-23 09:00:00+00:00
3,binance/okx,200,20,NO_GATE_REGIME_FILTER,FIXED_THRESHOLD_MAIN,NOT_APPLICABLE_FIXED_SCENARIO,INSUFFICIENT_TRAIN_SAMPLE,0,2026-06-21 08:30:00+00:00,2026-06-23 09:00:00+00:00
3,binance/okx,200,40,NO_GATE_REGIME_FILTER,FIXED_THRESHOLD_MAIN,NOT_APPLICABLE_FIXED_SCENARIO,INSUFFICIENT_TRAIN_SAMPLE,0,2026-06-21 08:30:00+00:00,2026-06-23 09:00:00+00:00
3,binance/okx,200,80,NO_GATE_REGIME_FILTER,FIXED_THRESHOLD_MAIN,NOT_APPLICABLE_FIXED_SCENARIO,INSUFFICIENT_TRAIN_SAMPLE,0,2026-06-21 08:30:00+00:00,2026-06-23 09:00:00+00:00
3,bitget/gate,100,20,GATE_CAUSAL_ALLOWED_NORMAL_TRANSIENT,FIXED_THRESHOLD_MAIN,NOT_APPLICABLE_FIXED_SCENARIO,INSUFFICIENT_TRAIN_SAMPLE,0,2026-06-21 08:30:00+00:00,2026-06-23 09:00:00+00:00
3,bitget/gate,100,40,GATE_CAUSAL_ALLOWED_NORMAL_TRANSIENT,FIXED_THRESHOLD_MAIN,NOT_APPLICABLE_FIXED_SCENARIO,INSUFFICIENT_TRAIN_SAMPLE,0,2026-06-21 08:30:00+00:00,2026-06-23 09:00:00+00:00
3,bitget/gate,100,80,GATE_CAUSAL_ALLOWED_NORMAL_TRANSIENT,FIXED_THRESHOLD_MAIN,NOT_APPLICABLE_FIXED_SCENARIO,INSUFFICIENT_TRAIN_SAMPLE,0,2026-06-21 08:30:00+00:00,2026-06-23 09:00:00+00:00
3,bitget/gate,150,20,GATE_CAUSAL_ALLOWED_NORMAL_TRANSIENT,FIXED_THRESHOLD_MAIN,NOT_APPLICABLE_FIXED_SCENARIO,INSUFFICIENT_TRAIN_SAMPLE,0,2026-06-21 08:30:00+00:00,2026-06-23 09:00:00+00:00
3,bitget/gate,150,40,GATE_CAUSAL_ALLOWED_NORMAL_TRANSIENT,FIXED_THRESHOLD_MAIN,NOT_APPLICABLE_FIXED_SCENARIO,INSUFFICIENT_TRAIN_SAMPLE,0,2026-06-21 08:30:00+00:00,2026-06-23 09:00:00+00:00
3,bitget/gate,150,80,GATE_CAUSAL_ALLOWED_NORMAL_TRANSIENT,FIXED_THRESHOLD_MAIN,NOT_APPLICABLE_FIXED_SCENARIO,INSUFFICIENT_TRAIN_SAMPLE,0,2026-06-21 08:30:00+00:00,2026-06-23 09:00:00+00:00
3,bitget/gate,200,20,GATE_CAUSAL_ALLOWED_NORMAL_TRANSIENT,FIXED_THRESHOLD_MAIN,NOT_APPLICABLE_FIXED_SCENARIO,INSUFFICIENT_TRAIN_SAMPLE,0,2026-06-21 08:30:00+00:00,2026-06-23 09:00:00+00:00
3,bitget/gate,200,40,GATE_CAUSAL_ALLOWED_NORMAL_TRANSIENT,FIXED_THRESHOLD_MAIN,NOT_APPLICABLE_FIXED_SCENARIO,INSUFFICIENT_TRAIN_SAMPLE,0,2026-06-21 08:30:00+00:00,2026-06-23 09:00:00+00:00
3,bitget/gate,200,80,GATE_CAUSAL_ALLOWED_NORMAL_TRANSIENT,FIXED_THRESHOLD_MAIN,NOT_APPLICABLE_FIXED_SCENARIO,INSUFFICIENT_TRAIN_SAMPLE,0,2026-06-21 08:30:00+00:00,2026-06-23 09:00:00+00:00
3,bitget/hyperliquid,100,20,NO_GATE_REGIME_FILTER,FIXED_THRESHOLD_MAIN,NOT_APPLICABLE_FIXED_SCENARIO,OK,19,2026-06-21 08:30:00+00:00,2026-06-23 09:00:00+00:00
3,bitget/hyperliquid,100,40,NO_GATE_REGIME_FILTER,FIXED_THRESHOLD_MAIN,NOT_APPLICABLE_FIXED_SCENARIO,OK,19,2026-06-21 08:30:00+00:00,2026-06-23 09:00:00+00:00
3,bitget/hyperliquid,100,80,NO_GATE_REGIME_FILTER,FIXED_THRESHOLD_MAIN,NOT_APPLICABLE_FIXED_SCENARIO,OK,19,2026-06-21 08:30:00+00:00,2026-06-23 09:00:00+00:00
3,bitget/hyperliquid,150,20,NO_GATE_REGIME_FILTER,FIXED_THRESHOLD_MAIN,NOT_APPLICABLE_FIXED_SCENARIO,INSUFFICIENT_TRAIN_SAMPLE,0,2026-06-21 08:30:00+00:00,2026-06-23 09:00:00+00:00
3,bitget/hyperliquid,150,40,NO_GATE_REGIME_FILTER,FIXED_THRESHOLD_MAIN,NOT_APPLICABLE_FIXED_SCENARIO,INSUFFICIENT_TRAIN_SAMPLE,0,2026-06-21 08:30:00+00:00,2026-06-23 09:00:00+00:00
3,bitget/hyperliquid,150,80,NO_GATE_REGIME_FILTER,FIXED_THRESHOLD_MAIN,NOT_APPLICABLE_FIXED_SCENARIO,INSUFFICIENT_TRAIN_SAMPLE,0,2026-06-21 08:30:00+00:00,2026-06-23 09:00:00+00:00
3,bitget/hyperliquid,200,20,NO_GATE_REGIME_FILTER,FIXED_THRESHOLD_MAIN,NOT_APPLICABLE_FIXED_SCENARIO,INSUFFICIENT_TRAIN_SAMPLE,0,2026-06-21 08:30:00+00:00,2026-06-23 09:00:00+00:00
3,bitget/hyperliquid,200,40,NO_GATE_REGIME_FILTER,FIXED_THRESHOLD_MAIN,NOT_APPLICABLE_FIXED_SCENARIO,INSUFFICIENT_TRAIN_SAMPLE,0,2026-06-21 08:30:00+00:00,2026-06-23 09:00:00+00:00
3,bitget/hyperliquid,200,80,NO_GATE_REGIME_FILTER,FIXED_THRESHOLD_MAIN,NOT_APPLICABLE_FIXED_SCENARIO,INSUFFICIENT_TRAIN_SAMPLE,0,2026-06-21 08:30:00+00:00,2026-06-23 09:00:00+00:00
3,bitget/okx,100,20,NO_GATE_REGIME_FILTER,FIXED_THRESHOLD_MAIN,NOT_APPLICABLE_FIXED_SCENARIO,INSUFFICIENT_TRAIN_SAMPLE,0,2026-06-21 08:30:00+00:00,2026-06-23 09:00:00+00:00
3,bitget/okx,100,40,NO_GATE_REGIME_FILTER,FIXED_THRESHOLD_MAIN,NOT_APPLICABLE_FIXED_SCENARIO,INSUFFICIENT_TRAIN_SAMPLE,0,2026-06-21 08:30:00+00:00,2026-06-23 09:00:00+00:00
3,bitget/okx,100,80,NO_GATE_REGIME_FILTER,FIXED_THRESHOLD_MAIN,NOT_APPLICABLE_FIXED_SCENARIO,INSUFFICIENT_TRAIN_SAMPLE,0,2026-06-21 08:30:00+00:00,2026-06-23 09:00:00+00:00
3,bitget/okx,150,20,NO_GATE_REGIME_FILTER,FIXED_THRESHOLD_MAIN,NOT_APPLICABLE_FIXED_SCENARIO,INSUFFICIENT_TRAIN_SAMPLE,0,2026-06-21 08:30:00+00:00,2026-06-23 09:00:00+00:00
3,bitget/okx,150,40,NO_GATE_REGIME_FILTER,FIXED_THRESHOLD_MAIN,NOT_APPLICABLE_FIXED_SCENARIO,INSUFFICIENT_TRAIN_SAMPLE,0,2026-06-21 08:30:00+00:00,2026-06-23 09:00:00+00:00
3,bitget/okx,150,80,NO_GATE_REGIME_FILTER,FIXED_THRESHOLD_MAIN,NOT_APPLICABLE_FIXED_SCENARIO,INSUFFICIENT_TRAIN_SAMPLE,0,2026-06-21 08:30:00+00:00,2026-06-23 09:00:00+00:00
3,bitget/okx,200,20,NO_GATE_REGIME_FILTER,FIXED_THRESHOLD_MAIN,NOT_APPLICABLE_FIXED_SCENARIO,INSUFFICIENT_TRAIN_SAMPLE,0,2026-06-21 08:30:00+00:00,2026-06-23 09:00:00+00:00
3,bitget/okx,200,40,NO_GATE_REGIME_FILTER,FIXED_THRESHOLD_MAIN,NOT_APPLICABLE_FIXED_SCENARIO,INSUFFICIENT_TRAIN_SAMPLE,0,2026-06-21 08:30:00+00:00,2026-06-23 09:00:00+00:00
3,bitget/okx,200,80,NO_GATE_REGIME_FILTER,FIXED_THRESHOLD_MAIN,NOT_APPLICABLE_FIXED_SCENARIO,INSUFFICIENT_TRAIN_SAMPLE,0,2026-06-21 08:30:00+00:00,2026-06-23 09:00:00+00:00
3,gate/hyperliquid,100,20,GATE_CAUSAL_ALLOWED_NORMAL_TRANSIENT,FIXED_THRESHOLD_MAIN,NOT_APPLICABLE_FIXED_SCENARIO,INSUFFICIENT_TRAIN_SAMPLE,1,2026-06-21 08:30:00+00:00,2026-06-23 09:00:00+00:00
3,gate/hyperliquid,100,40,GATE_CAUSAL_ALLOWED_NORMAL_TRANSIENT,FIXED_THRESHOLD_MAIN,NOT_APPLICABLE_FIXED_SCENARIO,INSUFFICIENT_TRAIN_SAMPLE,1,2026-06-21 08:30:00+00:00,2026-06-23 09:00:00+00:00
3,gate/hyperliquid,100,80,GATE_CAUSAL_ALLOWED_NORMAL_TRANSIENT,FIXED_THRESHOLD_MAIN,NOT_APPLICABLE_FIXED_SCENARIO,INSUFFICIENT_TRAIN_SAMPLE,1,2026-06-21 08:30:00+00:00,2026-06-23 09:00:00+00:00
3,gate/hyperliquid,150,20,GATE_CAUSAL_ALLOWED_NORMAL_TRANSIENT,FIXED_THRESHOLD_MAIN,NOT_APPLICABLE_FIXED_SCENARIO,INSUFFICIENT_TRAIN_SAMPLE,0,2026-06-21 08:30:00+00:00,2026-06-23 09:00:00+00:00
3,gate/hyperliquid,150,40,GATE_CAUSAL_ALLOWED_NORMAL_TRANSIENT,FIXED_THRESHOLD_MAIN,NOT_APPLICABLE_FIXED_SCENARIO,INSUFFICIENT_TRAIN_SAMPLE,0,2026-06-21 08:30:00+00:00,2026-06-23 09:00:00+00:00
3,gate/hyperliquid,150,80,GATE_CAUSAL_ALLOWED_NORMAL_TRANSIENT,FIXED_THRESHOLD_MAIN,NOT_APPLICABLE_FIXED_SCENARIO,INSUFFICIENT_TRAIN_SAMPLE,0,2026-06-21 08:30:00+00:00,2026-06-23 09:00:00+00:00
3,gate/hyperliquid,200,20,GATE_CAUSAL_ALLOWED_NORMAL_TRANSIENT,FIXED_THRESHOLD_MAIN,NOT_APPLICABLE_FIXED_SCENARIO,INSUFFICIENT_TRAIN_SAMPLE,0,2026-06-21 08:30:00+00:00,2026-06-23 09:00:00+00:00
3,gate/hyperliquid,200,40,GATE_CAUSAL_ALLOWED_NORMAL_TRANSIENT,FIXED_THRESHOLD_MAIN,NOT_APPLICABLE_FIXED_SCENARIO,INSUFFICIENT_TRAIN_SAMPLE,0,2026-06-21 08:30:00+00:00,2026-06-23 09:00:00+00:00
3,gate/hyperliquid,200,80,GATE_CAUSAL_ALLOWED_NORMAL_TRANSIENT,FIXED_THRESHOLD_MAIN,NOT_APPLICABLE_FIXED_SCENARIO,INSUFFICIENT_TRAIN_SAMPLE,0,2026-06-21 08:30:00+00:00,2026-06-23 09:00:00+00:00
3,gate/okx,100,20,GATE_CAUSAL_ALLOWED_NORMAL_TRANSIENT,FIXED_THRESHOLD_MAIN,NOT_APPLICABLE_FIXED_SCENARIO,INSUFFICIENT_TRAIN_SAMPLE,0,2026-06-21 08:30:00+00:00,2026-06-23 09:00:00+00:00
3,gate/okx,100,40,GATE_CAUSAL_ALLOWED_NORMAL_TRANSIENT,FIXED_THRESHOLD_MAIN,NOT_APPLICABLE_FIXED_SCENARIO,INSUFFICIENT_TRAIN_SAMPLE,0,2026-06-21 08:30:00+00:00,2026-06-23 09:00:00+00:00
3,gate/okx,100,80,GATE_CAUSAL_ALLOWED_NORMAL_TRANSIENT,FIXED_THRESHOLD_MAIN,NOT_APPLICABLE_FIXED_SCENARIO,INSUFFICIENT_TRAIN_SAMPLE,0,2026-06-21 08:30:00+00:00,2026-06-23 09:00:00+00:00
3,gate/okx,150,20,GATE_CAUSAL_ALLOWED_NORMAL_TRANSIENT,FIXED_THRESHOLD_MAIN,NOT_APPLICABLE_FIXED_SCENARIO,INSUFFICIENT_TRAIN_SAMPLE,0,2026-06-21 08:30:00+00:00,2026-06-23 09:00:00+00:00
3,gate/okx,150,40,GATE_CAUSAL_ALLOWED_NORMAL_TRANSIENT,FIXED_THRESHOLD_MAIN,NOT_APPLICABLE_FIXED_SCENARIO,INSUFFICIENT_TRAIN_SAMPLE,0,2026-06-21 08:30:00+00:00,2026-06-23 09:00:00+00:00
3,gate/okx,150,80,GATE_CAUSAL_ALLOWED_NORMAL_TRANSIENT,FIXED_THRESHOLD_MAIN,NOT_APPLICABLE_FIXED_SCENARIO,INSUFFICIENT_TRAIN_SAMPLE,0,2026-06-21 08:30:00+00:00,2026-06-23 09:00:00+00:00
3,gate/okx,200,20,GATE_CAUSAL_ALLOWED_NORMAL_TRANSIENT,FIXED_THRESHOLD_MAIN,NOT_APPLICABLE_FIXED_SCENARIO,INSUFFICIENT_TRAIN_SAMPLE,0,2026-06-21 08:30:00+00:00,2026-06-23 09:00:00+00:00
3,gate/okx,200,40,GATE_CAUSAL_ALLOWED_NORMAL_TRANSIENT,FIXED_THRESHOLD_MAIN,NOT_APPLICABLE_FIXED_SCENARIO,INSUFFICIENT_TRAIN_SAMPLE,0,2026-06-21 08:30:00+00:00,2026-06-23 09:00:00+00:00
3,gate/okx,200,80,GATE_CAUSAL_ALLOWED_NORMAL_TRANSIENT,FIXED_THRESHOLD_MAIN,NOT_APPLICABLE_FIXED_SCENARIO,INSUFFICIENT_TRAIN_SAMPLE,0,2026-06-21 08:30:00+00:00,2026-06-23 09:00:00+00:00
3,hyperliquid/okx,100,20,NO_GATE_REGIME_FILTER,FIXED_THRESHOLD_MAIN,NOT_APPLICABLE_FIXED_SCENARIO,INSUFFICIENT_TRAIN_SAMPLE,0,2026-06-21 08:30:00+00:00,2026-06-23 09:00:00+00:00
3,hyperliquid/okx,100,40,NO_GATE_REGIME_FILTER,FIXED_THRESHOLD_MAIN,NOT_APPLICABLE_FIXED_SCENARIO,INSUFFICIENT_TRAIN_SAMPLE,0,2026-06-21 08:30:00+00:00,2026-06-23 09:00:00+00:00
3,hyperliquid/okx,100,80,NO_GATE_REGIME_FILTER,FIXED_THRESHOLD_MAIN,NOT_APPLICABLE_FIXED_SCENARIO,INSUFFICIENT_TRAIN_SAMPLE,0,2026-06-21 08:30:00+00:00,2026-06-23 09:00:00+00:00
3,hyperliquid/okx,150,20,NO_GATE_REGIME_FILTER,FIXED_THRESHOLD_MAIN,NOT_APPLICABLE_FIXED_SCENARIO,INSUFFICIENT_TRAIN_SAMPLE,0,2026-06-21 08:30:00+00:00,2026-06-23 09:00:00+00:00
3,hyperliquid/okx,150,40,NO_GATE_REGIME_FILTER,FIXED_THRESHOLD_MAIN,NOT_APPLICABLE_FIXED_SCENARIO,INSUFFICIENT_TRAIN_SAMPLE,0,2026-06-21 08:30:00+00:00,2026-06-23 09:00:00+00:00
3,hyperliquid/okx,150,80,NO_GATE_REGIME_FILTER,FIXED_THRESHOLD_MAIN,NOT_APPLICABLE_FIXED_SCENARIO,INSUFFICIENT_TRAIN_SAMPLE,0,2026-06-21 08:30:00+00:00,2026-06-23 09:00:00+00:00
3,hyperliquid/okx,200,20,NO_GATE_REGIME_FILTER,FIXED_THRESHOLD_MAIN,NOT_APPLICABLE_FIXED_SCENARIO,INSUFFICIENT_TRAIN_SAMPLE,0,2026-06-21 08:30:00+00:00,2026-06-23 09:00:00+00:00
3,hyperliquid/okx,200,40,NO_GATE_REGIME_FILTER,FIXED_THRESHOLD_MAIN,NOT_APPLICABLE_FIXED_SCENARIO,INSUFFICIENT_TRAIN_SAMPLE,0,2026-06-21 08:30:00+00:00,2026-06-23 09:00:00+00:00
3,hyperliquid/okx,200,80,NO_GATE_REGIME_FILTER,FIXED_THRESHOLD_MAIN,NOT_APPLICABLE_FIXED_SCENARIO,INSUFFICIENT_TRAIN_SAMPLE,0,2026-06-21 08:30:00+00:00,2026-06-23 09:00:00+00:00
4,binance/bitget,100,20,NO_GATE_REGIME_FILTER,FIXED_THRESHOLD_MAIN,NOT_APPLICABLE_FIXED_SCENARIO,INSUFFICIENT_TRAIN_SAMPLE,2,2026-06-23 09:00:00+00:00,2026-06-25 09:30:00+00:00
4,binance/bitget,100,40,NO_GATE_REGIME_FILTER,FIXED_THRESHOLD_MAIN,NOT_APPLICABLE_FIXED_SCENARIO,INSUFFICIENT_TRAIN_SAMPLE,2,2026-06-23 09:00:00+00:00,2026-06-25 09:30:00+00:00
4,binance/bitget,100,80,NO_GATE_REGIME_FILTER,FIXED_THRESHOLD_MAIN,NOT_APPLICABLE_FIXED_SCENARIO,INSUFFICIENT_TRAIN_SAMPLE,2,2026-06-23 09:00:00+00:00,2026-06-25 09:30:00+00:00
4,binance/bitget,150,20,NO_GATE_REGIME_FILTER,FIXED_THRESHOLD_MAIN,NOT_APPLICABLE_FIXED_SCENARIO,INSUFFICIENT_TRAIN_SAMPLE,0,2026-06-23 09:00:00+00:00,2026-06-25 09:30:00+00:00
4,binance/bitget,150,40,NO_GATE_REGIME_FILTER,FIXED_THRESHOLD_MAIN,NOT_APPLICABLE_FIXED_SCENARIO,INSUFFICIENT_TRAIN_SAMPLE,0,2026-06-23 09:00:00+00:00,2026-06-25 09:30:00+00:00
4,binance/bitget,150,80,NO_GATE_REGIME_FILTER,FIXED_THRESHOLD_MAIN,NOT_APPLICABLE_FIXED_SCENARIO,INSUFFICIENT_TRAIN_SAMPLE,0,2026-06-23 09:00:00+00:00,2026-06-25 09:30:00+00:00
4,binance/bitget,200,20,NO_GATE_REGIME_FILTER,FIXED_THRESHOLD_MAIN,NOT_APPLICABLE_FIXED_SCENARIO,INSUFFICIENT_TRAIN_SAMPLE,0,2026-06-23 09:00:00+00:00,2026-06-25 09:30:00+00:00
4,binance/bitget,200,40,NO_GATE_REGIME_FILTER,FIXED_THRESHOLD_MAIN,NOT_APPLICABLE_FIXED_SCENARIO,INSUFFICIENT_TRAIN_SAMPLE,0,2026-06-23 09:00:00+00:00,2026-06-25 09:30:00+00:00
4,binance/bitget,200,80,NO_GATE_REGIME_FILTER,FIXED_THRESHOLD_MAIN,NOT_APPLICABLE_FIXED_SCENARIO,INSUFFICIENT_TRAIN_SAMPLE,0,2026-06-23 09:00:00+00:00,2026-06-25 09:30:00+00:00
4,binance/gate,100,20,GATE_CAUSAL_ALLOWED_NORMAL_TRANSIENT,FIXED_THRESHOLD_MAIN,NOT_APPLICABLE_FIXED_SCENARIO,INSUFFICIENT_TRAIN_SAMPLE,2,2026-06-23 09:00:00+00:00,2026-06-25 09:30:00+00:00
4,binance/gate,100,40,GATE_CAUSAL_ALLOWED_NORMAL_TRANSIENT,FIXED_THRESHOLD_MAIN,NOT_APPLICABLE_FIXED_SCENARIO,INSUFFICIENT_TRAIN_SAMPLE,2,2026-06-23 09:00:00+00:00,2026-06-25 09:30:00+00:00
4,binance/gate,100,80,GATE_CAUSAL_ALLOWED_NORMAL_TRANSIENT,FIXED_THRESHOLD_MAIN,NOT_APPLICABLE_FIXED_SCENARIO,INSUFFICIENT_TRAIN_SAMPLE,2,2026-06-23 09:00:00+00:00,2026-06-25 09:30:00+00:00
4,binance/gate,150,20,GATE_CAUSAL_ALLOWED_NORMAL_TRANSIENT,FIXED_THRESHOLD_MAIN,NOT_APPLICABLE_FIXED_SCENARIO,INSUFFICIENT_TRAIN_SAMPLE,0,2026-06-23 09:00:00+00:00,2026-06-25 09:30:00+00:00
4,binance/gate,150,40,GATE_CAUSAL_ALLOWED_NORMAL_TRANSIENT,FIXED_THRESHOLD_MAIN,NOT_APPLICABLE_FIXED_SCENARIO,INSUFFICIENT_TRAIN_SAMPLE,0,2026-06-23 09:00:00+00:00,2026-06-25 09:30:00+00:00
4,binance/gate,150,80,GATE_CAUSAL_ALLOWED_NORMAL_TRANSIENT,FIXED_THRESHOLD_MAIN,NOT_APPLICABLE_FIXED_SCENARIO,INSUFFICIENT_TRAIN_SAMPLE,0,2026-06-23 09:00:00+00:00,2026-06-25 09:30:00+00:00
4,binance/gate,200,20,GATE_CAUSAL_ALLOWED_NORMAL_TRANSIENT,FIXED_THRESHOLD_MAIN,NOT_APPLICABLE_FIXED_SCENARIO,INSUFFICIENT_TRAIN_SAMPLE,0,2026-06-23 09:00:00+00:00,2026-06-25 09:30:00+00:00
4,binance/gate,200,40,GATE_CAUSAL_ALLOWED_NORMAL_TRANSIENT,FIXED_THRESHOLD_MAIN,NOT_APPLICABLE_FIXED_SCENARIO,INSUFFICIENT_TRAIN_SAMPLE,0,2026-06-23 09:00:00+00:00,2026-06-25 09:30:00+00:00
4,binance/gate,200,80,GATE_CAUSAL_ALLOWED_NORMAL_TRANSIENT,FIXED_THRESHOLD_MAIN,NOT_APPLICABLE_FIXED_SCENARIO,INSUFFICIENT_TRAIN_SAMPLE,0,2026-06-23 09:00:00+00:00,2026-06-25 09:30:00+00:00
4,binance/hyperliquid,100,20,NO_GATE_REGIME_FILTER,FIXED_THRESHOLD_MAIN,NOT_APPLICABLE_FIXED_SCENARIO,INSUFFICIENT_TRAIN_SAMPLE,1,2026-06-23 09:00:00+00:00,2026-06-25 09:30:00+00:00
4,binance/hyperliquid,100,40,NO_GATE_REGIME_FILTER,FIXED_THRESHOLD_MAIN,NOT_APPLICABLE_FIXED_SCENARIO,INSUFFICIENT_TRAIN_SAMPLE,1,2026-06-23 09:00:00+00:00,2026-06-25 09:30:00+00:00
4,binance/hyperliquid,100,80,NO_GATE_REGIME_FILTER,FIXED_THRESHOLD_MAIN,NOT_APPLICABLE_FIXED_SCENARIO,INSUFFICIENT_TRAIN_SAMPLE,1,2026-06-23 09:00:00+00:00,2026-06-25 09:30:00+00:00
4,binance/hyperliquid,150,20,NO_GATE_REGIME_FILTER,FIXED_THRESHOLD_MAIN,NOT_APPLICABLE_FIXED_SCENARIO,INSUFFICIENT_TRAIN_SAMPLE,0,2026-06-23 09:00:00+00:00,2026-06-25 09:30:00+00:00
4,binance/hyperliquid,150,40,NO_GATE_REGIME_FILTER,FIXED_THRESHOLD_MAIN,NOT_APPLICABLE_FIXED_SCENARIO,INSUFFICIENT_TRAIN_SAMPLE,0,2026-06-23 09:00:00+00:00,2026-06-25 09:30:00+00:00
4,binance/hyperliquid,150,80,NO_GATE_REGIME_FILTER,FIXED_THRESHOLD_MAIN,NOT_APPLICABLE_FIXED_SCENARIO,INSUFFICIENT_TRAIN_SAMPLE,0,2026-06-23 09:00:00+00:00,2026-06-25 09:30:00+00:00
4,binance/hyperliquid,200,20,NO_GATE_REGIME_FILTER,FIXED_THRESHOLD_MAIN,NOT_APPLICABLE_FIXED_SCENARIO,INSUFFICIENT_TRAIN_SAMPLE,0,2026-06-23 09:00:00+00:00,2026-06-25 09:30:00+00:00
4,binance/hyperliquid,200,40,NO_GATE_REGIME_FILTER,FIXED_THRESHOLD_MAIN,NOT_APPLICABLE_FIXED_SCENARIO,INSUFFICIENT_TRAIN_SAMPLE,0,2026-06-23 09:00:00+00:00,2026-06-25 09:30:00+00:00
4,binance/hyperliquid,200,80,NO_GATE_REGIME_FILTER,FIXED_THRESHOLD_MAIN,NOT_APPLICABLE_FIXED_SCENARIO,INSUFFICIENT_TRAIN_SAMPLE,0,2026-06-23 09:00:00+00:00,2026-06-25 09:30:00+00:00
4,binance/okx,100,20,NO_GATE_REGIME_FILTER,FIXED_THRESHOLD_MAIN,NOT_APPLICABLE_FIXED_SCENARIO,INSUFFICIENT_TRAIN_SAMPLE,0,2026-06-23 09:00:00+00:00,2026-06-25 09:30:00+00:00
4,binance/okx,100,40,NO_GATE_REGIME_FILTER,FIXED_THRESHOLD_MAIN,NOT_APPLICABLE_FIXED_SCENARIO,INSUFFICIENT_TRAIN_SAMPLE,0,2026-06-23 09:00:00+00:00,2026-06-25 09:30:00+00:00
4,binance/okx,100,80,NO_GATE_REGIME_FILTER,FIXED_THRESHOLD_MAIN,NOT_APPLICABLE_FIXED_SCENARIO,INSUFFICIENT_TRAIN_SAMPLE,0,2026-06-23 09:00:00+00:00,2026-06-25 09:30:00+00:00
4,binance/okx,150,20,NO_GATE_REGIME_FILTER,FIXED_THRESHOLD_MAIN,NOT_APPLICABLE_FIXED_SCENARIO,INSUFFICIENT_TRAIN_SAMPLE,0,2026-06-23 09:00:00+00:00,2026-06-25 09:30:00+00:00
4,binance/okx,150,40,NO_GATE_REGIME_FILTER,FIXED_THRESHOLD_MAIN,NOT_APPLICABLE_FIXED_SCENARIO,INSUFFICIENT_TRAIN_SAMPLE,0,2026-06-23 09:00:00+00:00,2026-06-25 09:30:00+00:00
4,binance/okx,150,80,NO_GATE_REGIME_FILTER,FIXED_THRESHOLD_MAIN,NOT_APPLICABLE_FIXED_SCENARIO,INSUFFICIENT_TRAIN_SAMPLE,0,2026-06-23 09:00:00+00:00,2026-06-25 09:30:00+00:00
4,binance/okx,200,20,NO_GATE_REGIME_FILTER,FIXED_THRESHOLD_MAIN,NOT_APPLICABLE_FIXED_SCENARIO,INSUFFICIENT_TRAIN_SAMPLE,0,2026-06-23 09:00:00+00:00,2026-06-25 09:30:00+00:00
4,binance/okx,200,40,NO_GATE_REGIME_FILTER,FIXED_THRESHOLD_MAIN,NOT_APPLICABLE_FIXED_SCENARIO,INSUFFICIENT_TRAIN_SAMPLE,0,2026-06-23 09:00:00+00:00,2026-06-25 09:30:00+00:00
4,binance/okx,200,80,NO_GATE_REGIME_FILTER,FIXED_THRESHOLD_MAIN,NOT_APPLICABLE_FIXED_SCENARIO,INSUFFICIENT_TRAIN_SAMPLE,0,2026-06-23 09:00:00+00:00,2026-06-25 09:30:00+00:00
4,bitget/gate,100,20,GATE_CAUSAL_ALLOWED_NORMAL_TRANSIENT,FIXED_THRESHOLD_MAIN,NOT_APPLICABLE_FIXED_SCENARIO,INSUFFICIENT_TRAIN_SAMPLE,0,2026-06-23 09:00:00+00:00,2026-06-25 09:30:00+00:00
4,bitget/gate,100,40,GATE_CAUSAL_ALLOWED_NORMAL_TRANSIENT,FIXED_THRESHOLD_MAIN,NOT_APPLICABLE_FIXED_SCENARIO,INSUFFICIENT_TRAIN_SAMPLE,0,2026-06-23 09:00:00+00:00,2026-06-25 09:30:00+00:00
4,bitget/gate,100,80,GATE_CAUSAL_ALLOWED_NORMAL_TRANSIENT,FIXED_THRESHOLD_MAIN,NOT_APPLICABLE_FIXED_SCENARIO,INSUFFICIENT_TRAIN_SAMPLE,0,2026-06-23 09:00:00+00:00,2026-06-25 09:30:00+00:00
4,bitget/gate,150,20,GATE_CAUSAL_ALLOWED_NORMAL_TRANSIENT,FIXED_THRESHOLD_MAIN,NOT_APPLICABLE_FIXED_SCENARIO,INSUFFICIENT_TRAIN_SAMPLE,0,2026-06-23 09:00:00+00:00,2026-06-25 09:30:00+00:00
4,bitget/gate,150,40,GATE_CAUSAL_ALLOWED_NORMAL_TRANSIENT,FIXED_THRESHOLD_MAIN,NOT_APPLICABLE_FIXED_SCENARIO,INSUFFICIENT_TRAIN_SAMPLE,0,2026-06-23 09:00:00+00:00,2026-06-25 09:30:00+00:00
4,bitget/gate,150,80,GATE_CAUSAL_ALLOWED_NORMAL_TRANSIENT,FIXED_THRESHOLD_MAIN,NOT_APPLICABLE_FIXED_SCENARIO,INSUFFICIENT_TRAIN_SAMPLE,0,2026-06-23 09:00:00+00:00,2026-06-25 09:30:00+00:00
4,bitget/gate,200,20,GATE_CAUSAL_ALLOWED_NORMAL_TRANSIENT,FIXED_THRESHOLD_MAIN,NOT_APPLICABLE_FIXED_SCENARIO,INSUFFICIENT_TRAIN_SAMPLE,0,2026-06-23 09:00:00+00:00,2026-06-25 09:30:00+00:00
4,bitget/gate,200,40,GATE_CAUSAL_ALLOWED_NORMAL_TRANSIENT,FIXED_THRESHOLD_MAIN,NOT_APPLICABLE_FIXED_SCENARIO,INSUFFICIENT_TRAIN_SAMPLE,0,2026-06-23 09:00:00+00:00,2026-06-25 09:30:00+00:00
4,bitget/gate,200,80,GATE_CAUSAL_ALLOWED_NORMAL_TRANSIENT,FIXED_THRESHOLD_MAIN,NOT_APPLICABLE_FIXED_SCENARIO,INSUFFICIENT_TRAIN_SAMPLE,0,2026-06-23 09:00:00+00:00,2026-06-25 09:30:00+00:00
4,bitget/hyperliquid,100,20,NO_GATE_REGIME_FILTER,FIXED_THRESHOLD_MAIN,NOT_APPLICABLE_FIXED_SCENARIO,OK,28,2026-06-23 09:00:00+00:00,2026-06-25 09:30:00+00:00
4,bitget/hyperliquid,100,40,NO_GATE_REGIME_FILTER,FIXED_THRESHOLD_MAIN,NOT_APPLICABLE_FIXED_SCENARIO,OK,28,2026-06-23 09:00:00+00:00,2026-06-25 09:30:00+00:00
4,bitget/hyperliquid,100,80,NO_GATE_REGIME_FILTER,FIXED_THRESHOLD_MAIN,NOT_APPLICABLE_FIXED_SCENARIO,OK,28,2026-06-23 09:00:00+00:00,2026-06-25 09:30:00+00:00
4,bitget/hyperliquid,150,20,NO_GATE_REGIME_FILTER,FIXED_THRESHOLD_MAIN,NOT_APPLICABLE_FIXED_SCENARIO,INSUFFICIENT_TRAIN_SAMPLE,2,2026-06-23 09:00:00+00:00,2026-06-25 09:30:00+00:00
4,bitget/hyperliquid,150,40,NO_GATE_REGIME_FILTER,FIXED_THRESHOLD_MAIN,NOT_APPLICABLE_FIXED_SCENARIO,INSUFFICIENT_TRAIN_SAMPLE,2,2026-06-23 09:00:00+00:00,2026-06-25 09:30:00+00:00
4,bitget/hyperliquid,150,80,NO_GATE_REGIME_FILTER,FIXED_THRESHOLD_MAIN,NOT_APPLICABLE_FIXED_SCENARIO,INSUFFICIENT_TRAIN_SAMPLE,2,2026-06-23 09:00:00+00:00,2026-06-25 09:30:00+00:00
4,bitget/hyperliquid,200,20,NO_GATE_REGIME_FILTER,FIXED_THRESHOLD_MAIN,NOT_APPLICABLE_FIXED_SCENARIO,INSUFFICIENT_TRAIN_SAMPLE,0,2026-06-23 09:00:00+00:00,2026-06-25 09:30:00+00:00
4,bitget/hyperliquid,200,40,NO_GATE_REGIME_FILTER,FIXED_THRESHOLD_MAIN,NOT_APPLICABLE_FIXED_SCENARIO,INSUFFICIENT_TRAIN_SAMPLE,0,2026-06-23 09:00:00+00:00,2026-06-25 09:30:00+00:00
4,bitget/hyperliquid,200,80,NO_GATE_REGIME_FILTER,FIXED_THRESHOLD_MAIN,NOT_APPLICABLE_FIXED_SCENARIO,INSUFFICIENT_TRAIN_SAMPLE,0,2026-06-23 09:00:00+00:00,2026-06-25 09:30:00+00:00
4,bitget/okx,100,20,NO_GATE_REGIME_FILTER,FIXED_THRESHOLD_MAIN,NOT_APPLICABLE_FIXED_SCENARIO,INSUFFICIENT_TRAIN_SAMPLE,1,2026-06-23 09:00:00+00:00,2026-06-25 09:30:00+00:00
4,bitget/okx,100,40,NO_GATE_REGIME_FILTER,FIXED_THRESHOLD_MAIN,NOT_APPLICABLE_FIXED_SCENARIO,INSUFFICIENT_TRAIN_SAMPLE,1,2026-06-23 09:00:00+00:00,2026-06-25 09:30:00+00:00
4,bitget/okx,100,80,NO_GATE_REGIME_FILTER,FIXED_THRESHOLD_MAIN,NOT_APPLICABLE_FIXED_SCENARIO,INSUFFICIENT_TRAIN_SAMPLE,1,2026-06-23 09:00:00+00:00,2026-06-25 09:30:00+00:00
4,bitget/okx,150,20,NO_GATE_REGIME_FILTER,FIXED_THRESHOLD_MAIN,NOT_APPLICABLE_FIXED_SCENARIO,INSUFFICIENT_TRAIN_SAMPLE,0,2026-06-23 09:00:00+00:00,2026-06-25 09:30:00+00:00
4,bitget/okx,150,40,NO_GATE_REGIME_FILTER,FIXED_THRESHOLD_MAIN,NOT_APPLICABLE_FIXED_SCENARIO,INSUFFICIENT_TRAIN_SAMPLE,0,2026-06-23 09:00:00+00:00,2026-06-25 09:30:00+00:00
4,bitget/okx,150,80,NO_GATE_REGIME_FILTER,FIXED_THRESHOLD_MAIN,NOT_APPLICABLE_FIXED_SCENARIO,INSUFFICIENT_TRAIN_SAMPLE,0,2026-06-23 09:00:00+00:00,2026-06-25 09:30:00+00:00
4,bitget/okx,200,20,NO_GATE_REGIME_FILTER,FIXED_THRESHOLD_MAIN,NOT_APPLICABLE_FIXED_SCENARIO,INSUFFICIENT_TRAIN_SAMPLE,0,2026-06-23 09:00:00+00:00,2026-06-25 09:30:00+00:00
4,bitget/okx,200,40,NO_GATE_REGIME_FILTER,FIXED_THRESHOLD_MAIN,NOT_APPLICABLE_FIXED_SCENARIO,INSUFFICIENT_TRAIN_SAMPLE,0,2026-06-23 09:00:00+00:00,2026-06-25 09:30:00+00:00
4,bitget/okx,200,80,NO_GATE_REGIME_FILTER,FIXED_THRESHOLD_MAIN,NOT_APPLICABLE_FIXED_SCENARIO,INSUFFICIENT_TRAIN_SAMPLE,0,2026-06-23 09:00:00+00:00,2026-06-25 09:30:00+00:00
4,gate/hyperliquid,100,20,GATE_CAUSAL_ALLOWED_NORMAL_TRANSIENT,FIXED_THRESHOLD_MAIN,NOT_APPLICABLE_FIXED_SCENARIO,INSUFFICIENT_TRAIN_SAMPLE,4,2026-06-23 09:00:00+00:00,2026-06-25 09:30:00+00:00
4,gate/hyperliquid,100,40,GATE_CAUSAL_ALLOWED_NORMAL_TRANSIENT,FIXED_THRESHOLD_MAIN,NOT_APPLICABLE_FIXED_SCENARIO,INSUFFICIENT_TRAIN_SAMPLE,4,2026-06-23 09:00:00+00:00,2026-06-25 09:30:00+00:00
4,gate/hyperliquid,100,80,GATE_CAUSAL_ALLOWED_NORMAL_TRANSIENT,FIXED_THRESHOLD_MAIN,NOT_APPLICABLE_FIXED_SCENARIO,INSUFFICIENT_TRAIN_SAMPLE,4,2026-06-23 09:00:00+00:00,2026-06-25 09:30:00+00:00
4,gate/hyperliquid,150,20,GATE_CAUSAL_ALLOWED_NORMAL_TRANSIENT,FIXED_THRESHOLD_MAIN,NOT_APPLICABLE_FIXED_SCENARIO,INSUFFICIENT_TRAIN_SAMPLE,0,2026-06-23 09:00:00+00:00,2026-06-25 09:30:00+00:00
4,gate/hyperliquid,150,40,GATE_CAUSAL_ALLOWED_NORMAL_TRANSIENT,FIXED_THRESHOLD_MAIN,NOT_APPLICABLE_FIXED_SCENARIO,INSUFFICIENT_TRAIN_SAMPLE,0,2026-06-23 09:00:00+00:00,2026-06-25 09:30:00+00:00
4,gate/hyperliquid,150,80,GATE_CAUSAL_ALLOWED_NORMAL_TRANSIENT,FIXED_THRESHOLD_MAIN,NOT_APPLICABLE_FIXED_SCENARIO,INSUFFICIENT_TRAIN_SAMPLE,0,2026-06-23 09:00:00+00:00,2026-06-25 09:30:00+00:00
4,gate/hyperliquid,200,20,GATE_CAUSAL_ALLOWED_NORMAL_TRANSIENT,FIXED_THRESHOLD_MAIN,NOT_APPLICABLE_FIXED_SCENARIO,INSUFFICIENT_TRAIN_SAMPLE,0,2026-06-23 09:00:00+00:00,2026-06-25 09:30:00+00:00
4,gate/hyperliquid,200,40,GATE_CAUSAL_ALLOWED_NORMAL_TRANSIENT,FIXED_THRESHOLD_MAIN,NOT_APPLICABLE_FIXED_SCENARIO,INSUFFICIENT_TRAIN_SAMPLE,0,2026-06-23 09:00:00+00:00,2026-06-25 09:30:00+00:00
4,gate/hyperliquid,200,80,GATE_CAUSAL_ALLOWED_NORMAL_TRANSIENT,FIXED_THRESHOLD_MAIN,NOT_APPLICABLE_FIXED_SCENARIO,INSUFFICIENT_TRAIN_SAMPLE,0,2026-06-23 09:00:00+00:00,2026-06-25 09:30:00+00:00
4,gate/okx,100,20,GATE_CAUSAL_ALLOWED_NORMAL_TRANSIENT,FIXED_THRESHOLD_MAIN,NOT_APPLICABLE_FIXED_SCENARIO,INSUFFICIENT_TRAIN_SAMPLE,1,2026-06-23 09:00:00+00:00,2026-06-25 09:30:00+00:00
4,gate/okx,100,40,GATE_CAUSAL_ALLOWED_NORMAL_TRANSIENT,FIXED_THRESHOLD_MAIN,NOT_APPLICABLE_FIXED_SCENARIO,INSUFFICIENT_TRAIN_SAMPLE,1,2026-06-23 09:00:00+00:00,2026-06-25 09:30:00+00:00
4,gate/okx,100,80,GATE_CAUSAL_ALLOWED_NORMAL_TRANSIENT,FIXED_THRESHOLD_MAIN,NOT_APPLICABLE_FIXED_SCENARIO,INSUFFICIENT_TRAIN_SAMPLE,1,2026-06-23 09:00:00+00:00,2026-06-25 09:30:00+00:00
4,gate/okx,150,20,GATE_CAUSAL_ALLOWED_NORMAL_TRANSIENT,FIXED_THRESHOLD_MAIN,NOT_APPLICABLE_FIXED_SCENARIO,INSUFFICIENT_TRAIN_SAMPLE,0,2026-06-23 09:00:00+00:00,2026-06-25 09:30:00+00:00
4,gate/okx,150,40,GATE_CAUSAL_ALLOWED_NORMAL_TRANSIENT,FIXED_THRESHOLD_MAIN,NOT_APPLICABLE_FIXED_SCENARIO,INSUFFICIENT_TRAIN_SAMPLE,0,2026-06-23 09:00:00+00:00,2026-06-25 09:30:00+00:00
4,gate/okx,150,80,GATE_CAUSAL_ALLOWED_NORMAL_TRANSIENT,FIXED_THRESHOLD_MAIN,NOT_APPLICABLE_FIXED_SCENARIO,INSUFFICIENT_TRAIN_SAMPLE,0,2026-06-23 09:00:00+00:00,2026-06-25 09:30:00+00:00
4,gate/okx,200,20,GATE_CAUSAL_ALLOWED_NORMAL_TRANSIENT,FIXED_THRESHOLD_MAIN,NOT_APPLICABLE_FIXED_SCENARIO,INSUFFICIENT_TRAIN_SAMPLE,0,2026-06-23 09:00:00+00:00,2026-06-25 09:30:00+00:00
4,gate/okx,200,40,GATE_CAUSAL_ALLOWED_NORMAL_TRANSIENT,FIXED_THRESHOLD_MAIN,NOT_APPLICABLE_FIXED_SCENARIO,INSUFFICIENT_TRAIN_SAMPLE,0,2026-06-23 09:00:00+00:00,2026-06-25 09:30:00+00:00
4,gate/okx,200,80,GATE_CAUSAL_ALLOWED_NORMAL_TRANSIENT,FIXED_THRESHOLD_MAIN,NOT_APPLICABLE_FIXED_SCENARIO,INSUFFICIENT_TRAIN_SAMPLE,0,2026-06-23 09:00:00+00:00,2026-06-25 09:30:00+00:00
4,hyperliquid/okx,100,20,NO_GATE_REGIME_FILTER,FIXED_THRESHOLD_MAIN,NOT_APPLICABLE_FIXED_SCENARIO,INSUFFICIENT_TRAIN_SAMPLE,0,2026-06-23 09:00:00+00:00,2026-06-25 09:30:00+00:00
4,hyperliquid/okx,100,40,NO_GATE_REGIME_FILTER,FIXED_THRESHOLD_MAIN,NOT_APPLICABLE_FIXED_SCENARIO,INSUFFICIENT_TRAIN_SAMPLE,0,2026-06-23 09:00:00+00:00,2026-06-25 09:30:00+00:00
4,hyperliquid/okx,100,80,NO_GATE_REGIME_FILTER,FIXED_THRESHOLD_MAIN,NOT_APPLICABLE_FIXED_SCENARIO,INSUFFICIENT_TRAIN_SAMPLE,0,2026-06-23 09:00:00+00:00,2026-06-25 09:30:00+00:00
4,hyperliquid/okx,150,20,NO_GATE_REGIME_FILTER,FIXED_THRESHOLD_MAIN,NOT_APPLICABLE_FIXED_SCENARIO,INSUFFICIENT_TRAIN_SAMPLE,0,2026-06-23 09:00:00+00:00,2026-06-25 09:30:00+00:00
4,hyperliquid/okx,150,40,NO_GATE_REGIME_FILTER,FIXED_THRESHOLD_MAIN,NOT_APPLICABLE_FIXED_SCENARIO,INSUFFICIENT_TRAIN_SAMPLE,0,2026-06-23 09:00:00+00:00,2026-06-25 09:30:00+00:00
4,hyperliquid/okx,150,80,NO_GATE_REGIME_FILTER,FIXED_THRESHOLD_MAIN,NOT_APPLICABLE_FIXED_SCENARIO,INSUFFICIENT_TRAIN_SAMPLE,0,2026-06-23 09:00:00+00:00,2026-06-25 09:30:00+00:00
4,hyperliquid/okx,200,20,NO_GATE_REGIME_FILTER,FIXED_THRESHOLD_MAIN,NOT_APPLICABLE_FIXED_SCENARIO,INSUFFICIENT_TRAIN_SAMPLE,0,2026-06-23 09:00:00+00:00,2026-06-25 09:30:00+00:00
4,hyperliquid/okx,200,40,NO_GATE_REGIME_FILTER,FIXED_THRESHOLD_MAIN,NOT_APPLICABLE_FIXED_SCENARIO,INSUFFICIENT_TRAIN_SAMPLE,0,2026-06-23 09:00:00+00:00,2026-06-25 09:30:00+00:00
4,hyperliquid/okx,200,80,NO_GATE_REGIME_FILTER,FIXED_THRESHOLD_MAIN,NOT_APPLICABLE_FIXED_SCENARIO,INSUFFICIENT_TRAIN_SAMPLE,0,2026-06-23 09:00:00+00:00,2026-06-25 09:30:00+00:00
5,binance/bitget,100,20,NO_GATE_REGIME_FILTER,FIXED_THRESHOLD_MAIN,NOT_APPLICABLE_FIXED_SCENARIO,INSUFFICIENT_TRAIN_SAMPLE,4,2026-06-25 09:30:00+00:00,2026-06-27 10:00:00+00:00
5,binance/bitget,100,40,NO_GATE_REGIME_FILTER,FIXED_THRESHOLD_MAIN,NOT_APPLICABLE_FIXED_SCENARIO,INSUFFICIENT_TRAIN_SAMPLE,4,2026-06-25 09:30:00+00:00,2026-06-27 10:00:00+00:00
5,binance/bitget,100,80,NO_GATE_REGIME_FILTER,FIXED_THRESHOLD_MAIN,NOT_APPLICABLE_FIXED_SCENARIO,INSUFFICIENT_TRAIN_SAMPLE,4,2026-06-25 09:30:00+00:00,2026-06-27 10:00:00+00:00
5,binance/bitget,150,20,NO_GATE_REGIME_FILTER,FIXED_THRESHOLD_MAIN,NOT_APPLICABLE_FIXED_SCENARIO,INSUFFICIENT_TRAIN_SAMPLE,0,2026-06-25 09:30:00+00:00,2026-06-27 10:00:00+00:00
5,binance/bitget,150,40,NO_GATE_REGIME_FILTER,FIXED_THRESHOLD_MAIN,NOT_APPLICABLE_FIXED_SCENARIO,INSUFFICIENT_TRAIN_SAMPLE,0,2026-06-25 09:30:00+00:00,2026-06-27 10:00:00+00:00
5,binance/bitget,150,80,NO_GATE_REGIME_FILTER,FIXED_THRESHOLD_MAIN,NOT_APPLICABLE_FIXED_SCENARIO,INSUFFICIENT_TRAIN_SAMPLE,0,2026-06-25 09:30:00+00:00,2026-06-27 10:00:00+00:00
5,binance/bitget,200,20,NO_GATE_REGIME_FILTER,FIXED_THRESHOLD_MAIN,NOT_APPLICABLE_FIXED_SCENARIO,INSUFFICIENT_TRAIN_SAMPLE,0,2026-06-25 09:30:00+00:00,2026-06-27 10:00:00+00:00
5,binance/bitget,200,40,NO_GATE_REGIME_FILTER,FIXED_THRESHOLD_MAIN,NOT_APPLICABLE_FIXED_SCENARIO,INSUFFICIENT_TRAIN_SAMPLE,0,2026-06-25 09:30:00+00:00,2026-06-27 10:00:00+00:00
5,binance/bitget,200,80,NO_GATE_REGIME_FILTER,FIXED_THRESHOLD_MAIN,NOT_APPLICABLE_FIXED_SCENARIO,INSUFFICIENT_TRAIN_SAMPLE,0,2026-06-25 09:30:00+00:00,2026-06-27 10:00:00+00:00
5,binance/gate,100,20,GATE_CAUSAL_ALLOWED_NORMAL_TRANSIENT,FIXED_THRESHOLD_MAIN,NOT_APPLICABLE_FIXED_SCENARIO,INSUFFICIENT_TRAIN_SAMPLE,6,2026-06-25 09:30:00+00:00,2026-06-27 10:00:00+00:00
5,binance/gate,100,40,GATE_CAUSAL_ALLOWED_NORMAL_TRANSIENT,FIXED_THRESHOLD_MAIN,NOT_APPLICABLE_FIXED_SCENARIO,INSUFFICIENT_TRAIN_SAMPLE,6,2026-06-25 09:30:00+00:00,2026-06-27 10:00:00+00:00
5,binance/gate,100,80,GATE_CAUSAL_ALLOWED_NORMAL_TRANSIENT,FIXED_THRESHOLD_MAIN,NOT_APPLICABLE_FIXED_SCENARIO,INSUFFICIENT_TRAIN_SAMPLE,6,2026-06-25 09:30:00+00:00,2026-06-27 10:00:00+00:00
5,binance/gate,150,20,GATE_CAUSAL_ALLOWED_NORMAL_TRANSIENT,FIXED_THRESHOLD_MAIN,NOT_APPLICABLE_FIXED_SCENARIO,INSUFFICIENT_TRAIN_SAMPLE,7,2026-06-25 09:30:00+00:00,2026-06-27 10:00:00+00:00
5,binance/gate,150,40,GATE_CAUSAL_ALLOWED_NORMAL_TRANSIENT,FIXED_THRESHOLD_MAIN,NOT_APPLICABLE_FIXED_SCENARIO,INSUFFICIENT_TRAIN_SAMPLE,7,2026-06-25 09:30:00+00:00,2026-06-27 10:00:00+00:00
5,binance/gate,150,80,GATE_CAUSAL_ALLOWED_NORMAL_TRANSIENT,FIXED_THRESHOLD_MAIN,NOT_APPLICABLE_FIXED_SCENARIO,INSUFFICIENT_TRAIN_SAMPLE,7,2026-06-25 09:30:00+00:00,2026-06-27 10:00:00+00:00
5,binance/gate,200,20,GATE_CAUSAL_ALLOWED_NORMAL_TRANSIENT,FIXED_THRESHOLD_MAIN,NOT_APPLICABLE_FIXED_SCENARIO,INSUFFICIENT_TRAIN_SAMPLE,5,2026-06-25 09:30:00+00:00,2026-06-27 10:00:00+00:00
5,binance/gate,200,40,GATE_CAUSAL_ALLOWED_NORMAL_TRANSIENT,FIXED_THRESHOLD_MAIN,NOT_APPLICABLE_FIXED_SCENARIO,INSUFFICIENT_TRAIN_SAMPLE,5,2026-06-25 09:30:00+00:00,2026-06-27 10:00:00+00:00
5,binance/gate,200,80,GATE_CAUSAL_ALLOWED_NORMAL_TRANSIENT,FIXED_THRESHOLD_MAIN,NOT_APPLICABLE_FIXED_SCENARIO,INSUFFICIENT_TRAIN_SAMPLE,5,2026-06-25 09:30:00+00:00,2026-06-27 10:00:00+00:00
5,binance/hyperliquid,100,20,NO_GATE_REGIME_FILTER,FIXED_THRESHOLD_MAIN,NOT_APPLICABLE_FIXED_SCENARIO,INSUFFICIENT_TRAIN_SAMPLE,1,2026-06-25 09:30:00+00:00,2026-06-27 10:00:00+00:00
5,binance/hyperliquid,100,40,NO_GATE_REGIME_FILTER,FIXED_THRESHOLD_MAIN,NOT_APPLICABLE_FIXED_SCENARIO,INSUFFICIENT_TRAIN_SAMPLE,1,2026-06-25 09:30:00+00:00,2026-06-27 10:00:00+00:00
5,binance/hyperliquid,100,80,NO_GATE_REGIME_FILTER,FIXED_THRESHOLD_MAIN,NOT_APPLICABLE_FIXED_SCENARIO,INSUFFICIENT_TRAIN_SAMPLE,1,2026-06-25 09:30:00+00:00,2026-06-27 10:00:00+00:00
5,binance/hyperliquid,150,20,NO_GATE_REGIME_FILTER,FIXED_THRESHOLD_MAIN,NOT_APPLICABLE_FIXED_SCENARIO,INSUFFICIENT_TRAIN_SAMPLE,0,2026-06-25 09:30:00+00:00,2026-06-27 10:00:00+00:00
5,binance/hyperliquid,150,40,NO_GATE_REGIME_FILTER,FIXED_THRESHOLD_MAIN,NOT_APPLICABLE_FIXED_SCENARIO,INSUFFICIENT_TRAIN_SAMPLE,0,2026-06-25 09:30:00+00:00,2026-06-27 10:00:00+00:00
5,binance/hyperliquid,150,80,NO_GATE_REGIME_FILTER,FIXED_THRESHOLD_MAIN,NOT_APPLICABLE_FIXED_SCENARIO,INSUFFICIENT_TRAIN_SAMPLE,0,2026-06-25 09:30:00+00:00,2026-06-27 10:00:00+00:00
5,binance/hyperliquid,200,20,NO_GATE_REGIME_FILTER,FIXED_THRESHOLD_MAIN,NOT_APPLICABLE_FIXED_SCENARIO,INSUFFICIENT_TRAIN_SAMPLE,0,2026-06-25 09:30:00+00:00,2026-06-27 10:00:00+00:00
5,binance/hyperliquid,200,40,NO_GATE_REGIME_FILTER,FIXED_THRESHOLD_MAIN,NOT_APPLICABLE_FIXED_SCENARIO,INSUFFICIENT_TRAIN_SAMPLE,0,2026-06-25 09:30:00+00:00,2026-06-27 10:00:00+00:00
5,binance/hyperliquid,200,80,NO_GATE_REGIME_FILTER,FIXED_THRESHOLD_MAIN,NOT_APPLICABLE_FIXED_SCENARIO,INSUFFICIENT_TRAIN_SAMPLE,0,2026-06-25 09:30:00+00:00,2026-06-27 10:00:00+00:00
5,binance/okx,100,20,NO_GATE_REGIME_FILTER,FIXED_THRESHOLD_MAIN,NOT_APPLICABLE_FIXED_SCENARIO,INSUFFICIENT_TRAIN_SAMPLE,0,2026-06-25 09:30:00+00:00,2026-06-27 10:00:00+00:00
5,binance/okx,100,40,NO_GATE_REGIME_FILTER,FIXED_THRESHOLD_MAIN,NOT_APPLICABLE_FIXED_SCENARIO,INSUFFICIENT_TRAIN_SAMPLE,0,2026-06-25 09:30:00+00:00,2026-06-27 10:00:00+00:00
5,binance/okx,100,80,NO_GATE_REGIME_FILTER,FIXED_THRESHOLD_MAIN,NOT_APPLICABLE_FIXED_SCENARIO,INSUFFICIENT_TRAIN_SAMPLE,0,2026-06-25 09:30:00+00:00,2026-06-27 10:00:00+00:00
5,binance/okx,150,20,NO_GATE_REGIME_FILTER,FIXED_THRESHOLD_MAIN,NOT_APPLICABLE_FIXED_SCENARIO,INSUFFICIENT_TRAIN_SAMPLE,0,2026-06-25 09:30:00+00:00,2026-06-27 10:00:00+00:00
5,binance/okx,150,40,NO_GATE_REGIME_FILTER,FIXED_THRESHOLD_MAIN,NOT_APPLICABLE_FIXED_SCENARIO,INSUFFICIENT_TRAIN_SAMPLE,0,2026-06-25 09:30:00+00:00,2026-06-27 10:00:00+00:00
5,binance/okx,150,80,NO_GATE_REGIME_FILTER,FIXED_THRESHOLD_MAIN,NOT_APPLICABLE_FIXED_SCENARIO,INSUFFICIENT_TRAIN_SAMPLE,0,2026-06-25 09:30:00+00:00,2026-06-27 10:00:00+00:00
5,binance/okx,200,20,NO_GATE_REGIME_FILTER,FIXED_THRESHOLD_MAIN,NOT_APPLICABLE_FIXED_SCENARIO,INSUFFICIENT_TRAIN_SAMPLE,0,2026-06-25 09:30:00+00:00,2026-06-27 10:00:00+00:00
5,binance/okx,200,40,NO_GATE_REGIME_FILTER,FIXED_THRESHOLD_MAIN,NOT_APPLICABLE_FIXED_SCENARIO,INSUFFICIENT_TRAIN_SAMPLE,0,2026-06-25 09:30:00+00:00,2026-06-27 10:00:00+00:00
5,binance/okx,200,80,NO_GATE_REGIME_FILTER,FIXED_THRESHOLD_MAIN,NOT_APPLICABLE_FIXED_SCENARIO,INSUFFICIENT_TRAIN_SAMPLE,0,2026-06-25 09:30:00+00:00,2026-06-27 10:00:00+00:00
5,bitget/gate,100,20,GATE_CAUSAL_ALLOWED_NORMAL_TRANSIENT,FIXED_THRESHOLD_MAIN,NOT_APPLICABLE_FIXED_SCENARIO,INSUFFICIENT_TRAIN_SAMPLE,8,2026-06-25 09:30:00+00:00,2026-06-27 10:00:00+00:00
5,bitget/gate,100,40,GATE_CAUSAL_ALLOWED_NORMAL_TRANSIENT,FIXED_THRESHOLD_MAIN,NOT_APPLICABLE_FIXED_SCENARIO,INSUFFICIENT_TRAIN_SAMPLE,8,2026-06-25 09:30:00+00:00,2026-06-27 10:00:00+00:00
5,bitget/gate,100,80,GATE_CAUSAL_ALLOWED_NORMAL_TRANSIENT,FIXED_THRESHOLD_MAIN,NOT_APPLICABLE_FIXED_SCENARIO,INSUFFICIENT_TRAIN_SAMPLE,8,2026-06-25 09:30:00+00:00,2026-06-27 10:00:00+00:00
5,bitget/gate,150,20,GATE_CAUSAL_ALLOWED_NORMAL_TRANSIENT,FIXED_THRESHOLD_MAIN,NOT_APPLICABLE_FIXED_SCENARIO,INSUFFICIENT_TRAIN_SAMPLE,1,2026-06-25 09:30:00+00:00,2026-06-27 10:00:00+00:00
5,bitget/gate,150,40,GATE_CAUSAL_ALLOWED_NORMAL_TRANSIENT,FIXED_THRESHOLD_MAIN,NOT_APPLICABLE_FIXED_SCENARIO,INSUFFICIENT_TRAIN_SAMPLE,1,2026-06-25 09:30:00+00:00,2026-06-27 10:00:00+00:00
5,bitget/gate,150,80,GATE_CAUSAL_ALLOWED_NORMAL_TRANSIENT,FIXED_THRESHOLD_MAIN,NOT_APPLICABLE_FIXED_SCENARIO,INSUFFICIENT_TRAIN_SAMPLE,1,2026-06-25 09:30:00+00:00,2026-06-27 10:00:00+00:00
5,bitget/gate,200,20,GATE_CAUSAL_ALLOWED_NORMAL_TRANSIENT,FIXED_THRESHOLD_MAIN,NOT_APPLICABLE_FIXED_SCENARIO,INSUFFICIENT_TRAIN_SAMPLE,0,2026-06-25 09:30:00+00:00,2026-06-27 10:00:00+00:00
5,bitget/gate,200,40,GATE_CAUSAL_ALLOWED_NORMAL_TRANSIENT,FIXED_THRESHOLD_MAIN,NOT_APPLICABLE_FIXED_SCENARIO,INSUFFICIENT_TRAIN_SAMPLE,0,2026-06-25 09:30:00+00:00,2026-06-27 10:00:00+00:00
5,bitget/gate,200,80,GATE_CAUSAL_ALLOWED_NORMAL_TRANSIENT,FIXED_THRESHOLD_MAIN,NOT_APPLICABLE_FIXED_SCENARIO,INSUFFICIENT_TRAIN_SAMPLE,0,2026-06-25 09:30:00+00:00,2026-06-27 10:00:00+00:00
5,bitget/hyperliquid,100,20,NO_GATE_REGIME_FILTER,FIXED_THRESHOLD_MAIN,NOT_APPLICABLE_FIXED_SCENARIO,OK,41,2026-06-25 09:30:00+00:00,2026-06-27 10:00:00+00:00
5,bitget/hyperliquid,100,40,NO_GATE_REGIME_FILTER,FIXED_THRESHOLD_MAIN,NOT_APPLICABLE_FIXED_SCENARIO,OK,41,2026-06-25 09:30:00+00:00,2026-06-27 10:00:00+00:00
5,bitget/hyperliquid,100,80,NO_GATE_REGIME_FILTER,FIXED_THRESHOLD_MAIN,NOT_APPLICABLE_FIXED_SCENARIO,OK,41,2026-06-25 09:30:00+00:00,2026-06-27 10:00:00+00:00
5,bitget/hyperliquid,150,20,NO_GATE_REGIME_FILTER,FIXED_THRESHOLD_MAIN,NOT_APPLICABLE_FIXED_SCENARIO,INSUFFICIENT_TRAIN_SAMPLE,3,2026-06-25 09:30:00+00:00,2026-06-27 10:00:00+00:00
5,bitget/hyperliquid,150,40,NO_GATE_REGIME_FILTER,FIXED_THRESHOLD_MAIN,NOT_APPLICABLE_FIXED_SCENARIO,INSUFFICIENT_TRAIN_SAMPLE,3,2026-06-25 09:30:00+00:00,2026-06-27 10:00:00+00:00
5,bitget/hyperliquid,150,80,NO_GATE_REGIME_FILTER,FIXED_THRESHOLD_MAIN,NOT_APPLICABLE_FIXED_SCENARIO,INSUFFICIENT_TRAIN_SAMPLE,3,2026-06-25 09:30:00+00:00,2026-06-27 10:00:00+00:00
5,bitget/hyperliquid,200,20,NO_GATE_REGIME_FILTER,FIXED_THRESHOLD_MAIN,NOT_APPLICABLE_FIXED_SCENARIO,INSUFFICIENT_TRAIN_SAMPLE,0,2026-06-25 09:30:00+00:00,2026-06-27 10:00:00+00:00
5,bitget/hyperliquid,200,40,NO_GATE_REGIME_FILTER,FIXED_THRESHOLD_MAIN,NOT_APPLICABLE_FIXED_SCENARIO,INSUFFICIENT_TRAIN_SAMPLE,0,2026-06-25 09:30:00+00:00,2026-06-27 10:00:00+00:00
5,bitget/hyperliquid,200,80,NO_GATE_REGIME_FILTER,FIXED_THRESHOLD_MAIN,NOT_APPLICABLE_FIXED_SCENARIO,INSUFFICIENT_TRAIN_SAMPLE,0,2026-06-25 09:30:00+00:00,2026-06-27 10:00:00+00:00
5,bitget/okx,100,20,NO_GATE_REGIME_FILTER,FIXED_THRESHOLD_MAIN,NOT_APPLICABLE_FIXED_SCENARIO,INSUFFICIENT_TRAIN_SAMPLE,8,2026-06-25 09:30:00+00:00,2026-06-27 10:00:00+00:00
5,bitget/okx,100,40,NO_GATE_REGIME_FILTER,FIXED_THRESHOLD_MAIN,NOT_APPLICABLE_FIXED_SCENARIO,INSUFFICIENT_TRAIN_SAMPLE,8,2026-06-25 09:30:00+00:00,2026-06-27 10:00:00+00:00
5,bitget/okx,100,80,NO_GATE_REGIME_FILTER,FIXED_THRESHOLD_MAIN,NOT_APPLICABLE_FIXED_SCENARIO,INSUFFICIENT_TRAIN_SAMPLE,8,2026-06-25 09:30:00+00:00,2026-06-27 10:00:00+00:00
5,bitget/okx,150,20,NO_GATE_REGIME_FILTER,FIXED_THRESHOLD_MAIN,NOT_APPLICABLE_FIXED_SCENARIO,INSUFFICIENT_TRAIN_SAMPLE,1,2026-06-25 09:30:00+00:00,2026-06-27 10:00:00+00:00
5,bitget/okx,150,40,NO_GATE_REGIME_FILTER,FIXED_THRESHOLD_MAIN,NOT_APPLICABLE_FIXED_SCENARIO,INSUFFICIENT_TRAIN_SAMPLE,1,2026-06-25 09:30:00+00:00,2026-06-27 10:00:00+00:00
5,bitget/okx,150,80,NO_GATE_REGIME_FILTER,FIXED_THRESHOLD_MAIN,NOT_APPLICABLE_FIXED_SCENARIO,INSUFFICIENT_TRAIN_SAMPLE,1,2026-06-25 09:30:00+00:00,2026-06-27 10:00:00+00:00
5,bitget/okx,200,20,NO_GATE_REGIME_FILTER,FIXED_THRESHOLD_MAIN,NOT_APPLICABLE_FIXED_SCENARIO,INSUFFICIENT_TRAIN_SAMPLE,0,2026-06-25 09:30:00+00:00,2026-06-27 10:00:00+00:00
5,bitget/okx,200,40,NO_GATE_REGIME_FILTER,FIXED_THRESHOLD_MAIN,NOT_APPLICABLE_FIXED_SCENARIO,INSUFFICIENT_TRAIN_SAMPLE,0,2026-06-25 09:30:00+00:00,2026-06-27 10:00:00+00:00
5,bitget/okx,200,80,NO_GATE_REGIME_FILTER,FIXED_THRESHOLD_MAIN,NOT_APPLICABLE_FIXED_SCENARIO,INSUFFICIENT_TRAIN_SAMPLE,0,2026-06-25 09:30:00+00:00,2026-06-27 10:00:00+00:00
5,gate/hyperliquid,100,20,GATE_CAUSAL_ALLOWED_NORMAL_TRANSIENT,FIXED_THRESHOLD_MAIN,NOT_APPLICABLE_FIXED_SCENARIO,OK,16,2026-06-25 09:30:00+00:00,2026-06-27 10:00:00+00:00
5,gate/hyperliquid,100,40,GATE_CAUSAL_ALLOWED_NORMAL_TRANSIENT,FIXED_THRESHOLD_MAIN,NOT_APPLICABLE_FIXED_SCENARIO,OK,16,2026-06-25 09:30:00+00:00,2026-06-27 10:00:00+00:00
5,gate/hyperliquid,100,80,GATE_CAUSAL_ALLOWED_NORMAL_TRANSIENT,FIXED_THRESHOLD_MAIN,NOT_APPLICABLE_FIXED_SCENARIO,OK,16,2026-06-25 09:30:00+00:00,2026-06-27 10:00:00+00:00
5,gate/hyperliquid,150,20,GATE_CAUSAL_ALLOWED_NORMAL_TRANSIENT,FIXED_THRESHOLD_MAIN,NOT_APPLICABLE_FIXED_SCENARIO,OK,11,2026-06-25 09:30:00+00:00,2026-06-27 10:00:00+00:00
5,gate/hyperliquid,150,40,GATE_CAUSAL_ALLOWED_NORMAL_TRANSIENT,FIXED_THRESHOLD_MAIN,NOT_APPLICABLE_FIXED_SCENARIO,OK,11,2026-06-25 09:30:00+00:00,2026-06-27 10:00:00+00:00
5,gate/hyperliquid,150,80,GATE_CAUSAL_ALLOWED_NORMAL_TRANSIENT,FIXED_THRESHOLD_MAIN,NOT_APPLICABLE_FIXED_SCENARIO,OK,11,2026-06-25 09:30:00+00:00,2026-06-27 10:00:00+00:00
5,gate/hyperliquid,200,20,GATE_CAUSAL_ALLOWED_NORMAL_TRANSIENT,FIXED_THRESHOLD_MAIN,NOT_APPLICABLE_FIXED_SCENARIO,INSUFFICIENT_TRAIN_SAMPLE,7,2026-06-25 09:30:00+00:00,2026-06-27 10:00:00+00:00
5,gate/hyperliquid,200,40,GATE_CAUSAL_ALLOWED_NORMAL_TRANSIENT,FIXED_THRESHOLD_MAIN,NOT_APPLICABLE_FIXED_SCENARIO,INSUFFICIENT_TRAIN_SAMPLE,7,2026-06-25 09:30:00+00:00,2026-06-27 10:00:00+00:00
5,gate/hyperliquid,200,80,GATE_CAUSAL_ALLOWED_NORMAL_TRANSIENT,FIXED_THRESHOLD_MAIN,NOT_APPLICABLE_FIXED_SCENARIO,INSUFFICIENT_TRAIN_SAMPLE,7,2026-06-25 09:30:00+00:00,2026-06-27 10:00:00+00:00
5,gate/okx,100,20,GATE_CAUSAL_ALLOWED_NORMAL_TRANSIENT,FIXED_THRESHOLD_MAIN,NOT_APPLICABLE_FIXED_SCENARIO,INSUFFICIENT_TRAIN_SAMPLE,7,2026-06-25 09:30:00+00:00,2026-06-27 10:00:00+00:00
5,gate/okx,100,40,GATE_CAUSAL_ALLOWED_NORMAL_TRANSIENT,FIXED_THRESHOLD_MAIN,NOT_APPLICABLE_FIXED_SCENARIO,INSUFFICIENT_TRAIN_SAMPLE,7,2026-06-25 09:30:00+00:00,2026-06-27 10:00:00+00:00
5,gate/okx,100,80,GATE_CAUSAL_ALLOWED_NORMAL_TRANSIENT,FIXED_THRESHOLD_MAIN,NOT_APPLICABLE_FIXED_SCENARIO,INSUFFICIENT_TRAIN_SAMPLE,7,2026-06-25 09:30:00+00:00,2026-06-27 10:00:00+00:00
5,gate/okx,150,20,GATE_CAUSAL_ALLOWED_NORMAL_TRANSIENT,FIXED_THRESHOLD_MAIN,NOT_APPLICABLE_FIXED_SCENARIO,INSUFFICIENT_TRAIN_SAMPLE,9,2026-06-25 09:30:00+00:00,2026-06-27 10:00:00+00:00
5,gate/okx,150,40,GATE_CAUSAL_ALLOWED_NORMAL_TRANSIENT,FIXED_THRESHOLD_MAIN,NOT_APPLICABLE_FIXED_SCENARIO,INSUFFICIENT_TRAIN_SAMPLE,9,2026-06-25 09:30:00+00:00,2026-06-27 10:00:00+00:00
5,gate/okx,150,80,GATE_CAUSAL_ALLOWED_NORMAL_TRANSIENT,FIXED_THRESHOLD_MAIN,NOT_APPLICABLE_FIXED_SCENARIO,INSUFFICIENT_TRAIN_SAMPLE,9,2026-06-25 09:30:00+00:00,2026-06-27 10:00:00+00:00
5,gate/okx,200,20,GATE_CAUSAL_ALLOWED_NORMAL_TRANSIENT,FIXED_THRESHOLD_MAIN,NOT_APPLICABLE_FIXED_SCENARIO,INSUFFICIENT_TRAIN_SAMPLE,3,2026-06-25 09:30:00+00:00,2026-06-27 10:00:00+00:00
5,gate/okx,200,40,GATE_CAUSAL_ALLOWED_NORMAL_TRANSIENT,FIXED_THRESHOLD_MAIN,NOT_APPLICABLE_FIXED_SCENARIO,INSUFFICIENT_TRAIN_SAMPLE,3,2026-06-25 09:30:00+00:00,2026-06-27 10:00:00+00:00
5,gate/okx,200,80,GATE_CAUSAL_ALLOWED_NORMAL_TRANSIENT,FIXED_THRESHOLD_MAIN,NOT_APPLICABLE_FIXED_SCENARIO,INSUFFICIENT_TRAIN_SAMPLE,3,2026-06-25 09:30:00+00:00,2026-06-27 10:00:00+00:00
5,hyperliquid/okx,100,20,NO_GATE_REGIME_FILTER,FIXED_THRESHOLD_MAIN,NOT_APPLICABLE_FIXED_SCENARIO,INSUFFICIENT_TRAIN_SAMPLE,0,2026-06-25 09:30:00+00:00,2026-06-27 10:00:00+00:00
5,hyperliquid/okx,100,40,NO_GATE_REGIME_FILTER,FIXED_THRESHOLD_MAIN,NOT_APPLICABLE_FIXED_SCENARIO,INSUFFICIENT_TRAIN_SAMPLE,0,2026-06-25 09:30:00+00:00,2026-06-27 10:00:00+00:00
5,hyperliquid/okx,100,80,NO_GATE_REGIME_FILTER,FIXED_THRESHOLD_MAIN,NOT_APPLICABLE_FIXED_SCENARIO,INSUFFICIENT_TRAIN_SAMPLE,0,2026-06-25 09:30:00+00:00,2026-06-27 10:00:00+00:00
5,hyperliquid/okx,150,20,NO_GATE_REGIME_FILTER,FIXED_THRESHOLD_MAIN,NOT_APPLICABLE_FIXED_SCENARIO,INSUFFICIENT_TRAIN_SAMPLE,0,2026-06-25 09:30:00+00:00,2026-06-27 10:00:00+00:00
5,hyperliquid/okx,150,40,NO_GATE_REGIME_FILTER,FIXED_THRESHOLD_MAIN,NOT_APPLICABLE_FIXED_SCENARIO,INSUFFICIENT_TRAIN_SAMPLE,0,2026-06-25 09:30:00+00:00,2026-06-27 10:00:00+00:00
5,hyperliquid/okx,150,80,NO_GATE_REGIME_FILTER,FIXED_THRESHOLD_MAIN,NOT_APPLICABLE_FIXED_SCENARIO,INSUFFICIENT_TRAIN_SAMPLE,0,2026-06-25 09:30:00+00:00,2026-06-27 10:00:00+00:00
5,hyperliquid/okx,200,20,NO_GATE_REGIME_FILTER,FIXED_THRESHOLD_MAIN,NOT_APPLICABLE_FIXED_SCENARIO,INSUFFICIENT_TRAIN_SAMPLE,0,2026-06-25 09:30:00+00:00,2026-06-27 10:00:00+00:00
5,hyperliquid/okx,200,40,NO_GATE_REGIME_FILTER,FIXED_THRESHOLD_MAIN,NOT_APPLICABLE_FIXED_SCENARIO,INSUFFICIENT_TRAIN_SAMPLE,0,2026-06-25 09:30:00+00:00,2026-06-27 10:00:00+00:00
5,hyperliquid/okx,200,80,NO_GATE_REGIME_FILTER,FIXED_THRESHOLD_MAIN,NOT_APPLICABLE_FIXED_SCENARIO,INSUFFICIENT_TRAIN_SAMPLE,0,2026-06-25 09:30:00+00:00,2026-06-27 10:00:00+00:00
6,binance/bitget,100,20,NO_GATE_REGIME_FILTER,FIXED_THRESHOLD_MAIN,NOT_APPLICABLE_FIXED_SCENARIO,INSUFFICIENT_TRAIN_SAMPLE,4,2026-06-27 10:00:00+00:00,2026-06-29 10:30:00+00:00
6,binance/bitget,100,40,NO_GATE_REGIME_FILTER,FIXED_THRESHOLD_MAIN,NOT_APPLICABLE_FIXED_SCENARIO,INSUFFICIENT_TRAIN_SAMPLE,4,2026-06-27 10:00:00+00:00,2026-06-29 10:30:00+00:00
6,binance/bitget,100,80,NO_GATE_REGIME_FILTER,FIXED_THRESHOLD_MAIN,NOT_APPLICABLE_FIXED_SCENARIO,INSUFFICIENT_TRAIN_SAMPLE,4,2026-06-27 10:00:00+00:00,2026-06-29 10:30:00+00:00
6,binance/bitget,150,20,NO_GATE_REGIME_FILTER,FIXED_THRESHOLD_MAIN,NOT_APPLICABLE_FIXED_SCENARIO,INSUFFICIENT_TRAIN_SAMPLE,0,2026-06-27 10:00:00+00:00,2026-06-29 10:30:00+00:00
6,binance/bitget,150,40,NO_GATE_REGIME_FILTER,FIXED_THRESHOLD_MAIN,NOT_APPLICABLE_FIXED_SCENARIO,INSUFFICIENT_TRAIN_SAMPLE,0,2026-06-27 10:00:00+00:00,2026-06-29 10:30:00+00:00
6,binance/bitget,150,80,NO_GATE_REGIME_FILTER,FIXED_THRESHOLD_MAIN,NOT_APPLICABLE_FIXED_SCENARIO,INSUFFICIENT_TRAIN_SAMPLE,0,2026-06-27 10:00:00+00:00,2026-06-29 10:30:00+00:00
6,binance/bitget,200,20,NO_GATE_REGIME_FILTER,FIXED_THRESHOLD_MAIN,NOT_APPLICABLE_FIXED_SCENARIO,INSUFFICIENT_TRAIN_SAMPLE,0,2026-06-27 10:00:00+00:00,2026-06-29 10:30:00+00:00
6,binance/bitget,200,40,NO_GATE_REGIME_FILTER,FIXED_THRESHOLD_MAIN,NOT_APPLICABLE_FIXED_SCENARIO,INSUFFICIENT_TRAIN_SAMPLE,0,2026-06-27 10:00:00+00:00,2026-06-29 10:30:00+00:00
6,binance/bitget,200,80,NO_GATE_REGIME_FILTER,FIXED_THRESHOLD_MAIN,NOT_APPLICABLE_FIXED_SCENARIO,INSUFFICIENT_TRAIN_SAMPLE,0,2026-06-27 10:00:00+00:00,2026-06-29 10:30:00+00:00
6,binance/gate,100,20,GATE_CAUSAL_ALLOWED_NORMAL_TRANSIENT,FIXED_THRESHOLD_MAIN,NOT_APPLICABLE_FIXED_SCENARIO,INSUFFICIENT_TRAIN_SAMPLE,6,2026-06-27 10:00:00+00:00,2026-06-29 10:30:00+00:00
6,binance/gate,100,40,GATE_CAUSAL_ALLOWED_NORMAL_TRANSIENT,FIXED_THRESHOLD_MAIN,NOT_APPLICABLE_FIXED_SCENARIO,INSUFFICIENT_TRAIN_SAMPLE,6,2026-06-27 10:00:00+00:00,2026-06-29 10:30:00+00:00
6,binance/gate,100,80,GATE_CAUSAL_ALLOWED_NORMAL_TRANSIENT,FIXED_THRESHOLD_MAIN,NOT_APPLICABLE_FIXED_SCENARIO,INSUFFICIENT_TRAIN_SAMPLE,6,2026-06-27 10:00:00+00:00,2026-06-29 10:30:00+00:00
6,binance/gate,150,20,GATE_CAUSAL_ALLOWED_NORMAL_TRANSIENT,FIXED_THRESHOLD_MAIN,NOT_APPLICABLE_FIXED_SCENARIO,OK,20,2026-06-27 10:00:00+00:00,2026-06-29 10:30:00+00:00
6,binance/gate,150,40,GATE_CAUSAL_ALLOWED_NORMAL_TRANSIENT,FIXED_THRESHOLD_MAIN,NOT_APPLICABLE_FIXED_SCENARIO,OK,20,2026-06-27 10:00:00+00:00,2026-06-29 10:30:00+00:00
6,binance/gate,150,80,GATE_CAUSAL_ALLOWED_NORMAL_TRANSIENT,FIXED_THRESHOLD_MAIN,NOT_APPLICABLE_FIXED_SCENARIO,OK,20,2026-06-27 10:00:00+00:00,2026-06-29 10:30:00+00:00
6,binance/gate,200,20,GATE_CAUSAL_ALLOWED_NORMAL_TRANSIENT,FIXED_THRESHOLD_MAIN,NOT_APPLICABLE_FIXED_SCENARIO,OK,10,2026-06-27 10:00:00+00:00,2026-06-29 10:30:00+00:00
6,binance/gate,200,40,GATE_CAUSAL_ALLOWED_NORMAL_TRANSIENT,FIXED_THRESHOLD_MAIN,NOT_APPLICABLE_FIXED_SCENARIO,OK,10,2026-06-27 10:00:00+00:00,2026-06-29 10:30:00+00:00
6,binance/gate,200,80,GATE_CAUSAL_ALLOWED_NORMAL_TRANSIENT,FIXED_THRESHOLD_MAIN,NOT_APPLICABLE_FIXED_SCENARIO,OK,10,2026-06-27 10:00:00+00:00,2026-06-29 10:30:00+00:00
6,binance/hyperliquid,100,20,NO_GATE_REGIME_FILTER,FIXED_THRESHOLD_MAIN,NOT_APPLICABLE_FIXED_SCENARIO,INSUFFICIENT_TRAIN_SAMPLE,1,2026-06-27 10:00:00+00:00,2026-06-29 10:30:00+00:00
6,binance/hyperliquid,100,40,NO_GATE_REGIME_FILTER,FIXED_THRESHOLD_MAIN,NOT_APPLICABLE_FIXED_SCENARIO,INSUFFICIENT_TRAIN_SAMPLE,1,2026-06-27 10:00:00+00:00,2026-06-29 10:30:00+00:00
6,binance/hyperliquid,100,80,NO_GATE_REGIME_FILTER,FIXED_THRESHOLD_MAIN,NOT_APPLICABLE_FIXED_SCENARIO,INSUFFICIENT_TRAIN_SAMPLE,1,2026-06-27 10:00:00+00:00,2026-06-29 10:30:00+00:00
6,binance/hyperliquid,150,20,NO_GATE_REGIME_FILTER,FIXED_THRESHOLD_MAIN,NOT_APPLICABLE_FIXED_SCENARIO,INSUFFICIENT_TRAIN_SAMPLE,0,2026-06-27 10:00:00+00:00,2026-06-29 10:30:00+00:00
6,binance/hyperliquid,150,40,NO_GATE_REGIME_FILTER,FIXED_THRESHOLD_MAIN,NOT_APPLICABLE_FIXED_SCENARIO,INSUFFICIENT_TRAIN_SAMPLE,0,2026-06-27 10:00:00+00:00,2026-06-29 10:30:00+00:00
6,binance/hyperliquid,150,80,NO_GATE_REGIME_FILTER,FIXED_THRESHOLD_MAIN,NOT_APPLICABLE_FIXED_SCENARIO,INSUFFICIENT_TRAIN_SAMPLE,0,2026-06-27 10:00:00+00:00,2026-06-29 10:30:00+00:00
6,binance/hyperliquid,200,20,NO_GATE_REGIME_FILTER,FIXED_THRESHOLD_MAIN,NOT_APPLICABLE_FIXED_SCENARIO,INSUFFICIENT_TRAIN_SAMPLE,0,2026-06-27 10:00:00+00:00,2026-06-29 10:30:00+00:00
6,binance/hyperliquid,200,40,NO_GATE_REGIME_FILTER,FIXED_THRESHOLD_MAIN,NOT_APPLICABLE_FIXED_SCENARIO,INSUFFICIENT_TRAIN_SAMPLE,0,2026-06-27 10:00:00+00:00,2026-06-29 10:30:00+00:00
6,binance/hyperliquid,200,80,NO_GATE_REGIME_FILTER,FIXED_THRESHOLD_MAIN,NOT_APPLICABLE_FIXED_SCENARIO,INSUFFICIENT_TRAIN_SAMPLE,0,2026-06-27 10:00:00+00:00,2026-06-29 10:30:00+00:00
6,binance/okx,100,20,NO_GATE_REGIME_FILTER,FIXED_THRESHOLD_MAIN,NOT_APPLICABLE_FIXED_SCENARIO,INSUFFICIENT_TRAIN_SAMPLE,0,2026-06-27 10:00:00+00:00,2026-06-29 10:30:00+00:00
6,binance/okx,100,40,NO_GATE_REGIME_FILTER,FIXED_THRESHOLD_MAIN,NOT_APPLICABLE_FIXED_SCENARIO,INSUFFICIENT_TRAIN_SAMPLE,0,2026-06-27 10:00:00+00:00,2026-06-29 10:30:00+00:00
6,binance/okx,100,80,NO_GATE_REGIME_FILTER,FIXED_THRESHOLD_MAIN,NOT_APPLICABLE_FIXED_SCENARIO,INSUFFICIENT_TRAIN_SAMPLE,0,2026-06-27 10:00:00+00:00,2026-06-29 10:30:00+00:00
6,binance/okx,150,20,NO_GATE_REGIME_FILTER,FIXED_THRESHOLD_MAIN,NOT_APPLICABLE_FIXED_SCENARIO,INSUFFICIENT_TRAIN_SAMPLE,0,2026-06-27 10:00:00+00:00,2026-06-29 10:30:00+00:00
6,binance/okx,150,40,NO_GATE_REGIME_FILTER,FIXED_THRESHOLD_MAIN,NOT_APPLICABLE_FIXED_SCENARIO,INSUFFICIENT_TRAIN_SAMPLE,0,2026-06-27 10:00:00+00:00,2026-06-29 10:30:00+00:00
6,binance/okx,150,80,NO_GATE_REGIME_FILTER,FIXED_THRESHOLD_MAIN,NOT_APPLICABLE_FIXED_SCENARIO,INSUFFICIENT_TRAIN_SAMPLE,0,2026-06-27 10:00:00+00:00,2026-06-29 10:30:00+00:00
6,binance/okx,200,20,NO_GATE_REGIME_FILTER,FIXED_THRESHOLD_MAIN,NOT_APPLICABLE_FIXED_SCENARIO,INSUFFICIENT_TRAIN_SAMPLE,0,2026-06-27 10:00:00+00:00,2026-06-29 10:30:00+00:00
6,binance/okx,200,40,NO_GATE_REGIME_FILTER,FIXED_THRESHOLD_MAIN,NOT_APPLICABLE_FIXED_SCENARIO,INSUFFICIENT_TRAIN_SAMPLE,0,2026-06-27 10:00:00+00:00,2026-06-29 10:30:00+00:00
6,binance/okx,200,80,NO_GATE_REGIME_FILTER,FIXED_THRESHOLD_MAIN,NOT_APPLICABLE_FIXED_SCENARIO,INSUFFICIENT_TRAIN_SAMPLE,0,2026-06-27 10:00:00+00:00,2026-06-29 10:30:00+00:00
6,bitget/gate,100,20,GATE_CAUSAL_ALLOWED_NORMAL_TRANSIENT,FIXED_THRESHOLD_MAIN,NOT_APPLICABLE_FIXED_SCENARIO,OK,21,2026-06-27 10:00:00+00:00,2026-06-29 10:30:00+00:00
6,bitget/gate,100,40,GATE_CAUSAL_ALLOWED_NORMAL_TRANSIENT,FIXED_THRESHOLD_MAIN,NOT_APPLICABLE_FIXED_SCENARIO,OK,21,2026-06-27 10:00:00+00:00,2026-06-29 10:30:00+00:00
6,bitget/gate,100,80,GATE_CAUSAL_ALLOWED_NORMAL_TRANSIENT,FIXED_THRESHOLD_MAIN,NOT_APPLICABLE_FIXED_SCENARIO,OK,21,2026-06-27 10:00:00+00:00,2026-06-29 10:30:00+00:00
6,bitget/gate,150,20,GATE_CAUSAL_ALLOWED_NORMAL_TRANSIENT,FIXED_THRESHOLD_MAIN,NOT_APPLICABLE_FIXED_SCENARIO,INSUFFICIENT_TRAIN_SAMPLE,3,2026-06-27 10:00:00+00:00,2026-06-29 10:30:00+00:00
6,bitget/gate,150,40,GATE_CAUSAL_ALLOWED_NORMAL_TRANSIENT,FIXED_THRESHOLD_MAIN,NOT_APPLICABLE_FIXED_SCENARIO,INSUFFICIENT_TRAIN_SAMPLE,3,2026-06-27 10:00:00+00:00,2026-06-29 10:30:00+00:00
6,bitget/gate,150,80,GATE_CAUSAL_ALLOWED_NORMAL_TRANSIENT,FIXED_THRESHOLD_MAIN,NOT_APPLICABLE_FIXED_SCENARIO,INSUFFICIENT_TRAIN_SAMPLE,3,2026-06-27 10:00:00+00:00,2026-06-29 10:30:00+00:00
6,bitget/gate,200,20,GATE_CAUSAL_ALLOWED_NORMAL_TRANSIENT,FIXED_THRESHOLD_MAIN,NOT_APPLICABLE_FIXED_SCENARIO,INSUFFICIENT_TRAIN_SAMPLE,0,2026-06-27 10:00:00+00:00,2026-06-29 10:30:00+00:00
6,bitget/gate,200,40,GATE_CAUSAL_ALLOWED_NORMAL_TRANSIENT,FIXED_THRESHOLD_MAIN,NOT_APPLICABLE_FIXED_SCENARIO,INSUFFICIENT_TRAIN_SAMPLE,0,2026-06-27 10:00:00+00:00,2026-06-29 10:30:00+00:00
6,bitget/gate,200,80,GATE_CAUSAL_ALLOWED_NORMAL_TRANSIENT,FIXED_THRESHOLD_MAIN,NOT_APPLICABLE_FIXED_SCENARIO,INSUFFICIENT_TRAIN_SAMPLE,0,2026-06-27 10:00:00+00:00,2026-06-29 10:30:00+00:00
6,bitget/hyperliquid,100,20,NO_GATE_REGIME_FILTER,FIXED_THRESHOLD_MAIN,NOT_APPLICABLE_FIXED_SCENARIO,OK,35,2026-06-27 10:00:00+00:00,2026-06-29 10:30:00+00:00
6,bitget/hyperliquid,100,40,NO_GATE_REGIME_FILTER,FIXED_THRESHOLD_MAIN,NOT_APPLICABLE_FIXED_SCENARIO,OK,35,2026-06-27 10:00:00+00:00,2026-06-29 10:30:00+00:00
6,bitget/hyperliquid,100,80,NO_GATE_REGIME_FILTER,FIXED_THRESHOLD_MAIN,NOT_APPLICABLE_FIXED_SCENARIO,OK,35,2026-06-27 10:00:00+00:00,2026-06-29 10:30:00+00:00
6,bitget/hyperliquid,150,20,NO_GATE_REGIME_FILTER,FIXED_THRESHOLD_MAIN,NOT_APPLICABLE_FIXED_SCENARIO,INSUFFICIENT_TRAIN_SAMPLE,3,2026-06-27 10:00:00+00:00,2026-06-29 10:30:00+00:00
6,bitget/hyperliquid,150,40,NO_GATE_REGIME_FILTER,FIXED_THRESHOLD_MAIN,NOT_APPLICABLE_FIXED_SCENARIO,INSUFFICIENT_TRAIN_SAMPLE,3,2026-06-27 10:00:00+00:00,2026-06-29 10:30:00+00:00
6,bitget/hyperliquid,150,80,NO_GATE_REGIME_FILTER,FIXED_THRESHOLD_MAIN,NOT_APPLICABLE_FIXED_SCENARIO,INSUFFICIENT_TRAIN_SAMPLE,3,2026-06-27 10:00:00+00:00,2026-06-29 10:30:00+00:00
6,bitget/hyperliquid,200,20,NO_GATE_REGIME_FILTER,FIXED_THRESHOLD_MAIN,NOT_APPLICABLE_FIXED_SCENARIO,INSUFFICIENT_TRAIN_SAMPLE,0,2026-06-27 10:00:00+00:00,2026-06-29 10:30:00+00:00
6,bitget/hyperliquid,200,40,NO_GATE_REGIME_FILTER,FIXED_THRESHOLD_MAIN,NOT_APPLICABLE_FIXED_SCENARIO,INSUFFICIENT_TRAIN_SAMPLE,0,2026-06-27 10:00:00+00:00,2026-06-29 10:30:00+00:00
6,bitget/hyperliquid,200,80,NO_GATE_REGIME_FILTER,FIXED_THRESHOLD_MAIN,NOT_APPLICABLE_FIXED_SCENARIO,INSUFFICIENT_TRAIN_SAMPLE,0,2026-06-27 10:00:00+00:00,2026-06-29 10:30:00+00:00
6,bitget/okx,100,20,NO_GATE_REGIME_FILTER,FIXED_THRESHOLD_MAIN,NOT_APPLICABLE_FIXED_SCENARIO,INSUFFICIENT_TRAIN_SAMPLE,8,2026-06-27 10:00:00+00:00,2026-06-29 10:30:00+00:00
6,bitget/okx,100,40,NO_GATE_REGIME_FILTER,FIXED_THRESHOLD_MAIN,NOT_APPLICABLE_FIXED_SCENARIO,INSUFFICIENT_TRAIN_SAMPLE,8,2026-06-27 10:00:00+00:00,2026-06-29 10:30:00+00:00
6,bitget/okx,100,80,NO_GATE_REGIME_FILTER,FIXED_THRESHOLD_MAIN,NOT_APPLICABLE_FIXED_SCENARIO,INSUFFICIENT_TRAIN_SAMPLE,8,2026-06-27 10:00:00+00:00,2026-06-29 10:30:00+00:00
6,bitget/okx,150,20,NO_GATE_REGIME_FILTER,FIXED_THRESHOLD_MAIN,NOT_APPLICABLE_FIXED_SCENARIO,INSUFFICIENT_TRAIN_SAMPLE,1,2026-06-27 10:00:00+00:00,2026-06-29 10:30:00+00:00
6,bitget/okx,150,40,NO_GATE_REGIME_FILTER,FIXED_THRESHOLD_MAIN,NOT_APPLICABLE_FIXED_SCENARIO,INSUFFICIENT_TRAIN_SAMPLE,1,2026-06-27 10:00:00+00:00,2026-06-29 10:30:00+00:00
6,bitget/okx,150,80,NO_GATE_REGIME_FILTER,FIXED_THRESHOLD_MAIN,NOT_APPLICABLE_FIXED_SCENARIO,INSUFFICIENT_TRAIN_SAMPLE,1,2026-06-27 10:00:00+00:00,2026-06-29 10:30:00+00:00
6,bitget/okx,200,20,NO_GATE_REGIME_FILTER,FIXED_THRESHOLD_MAIN,NOT_APPLICABLE_FIXED_SCENARIO,INSUFFICIENT_TRAIN_SAMPLE,0,2026-06-27 10:00:00+00:00,2026-06-29 10:30:00+00:00
6,bitget/okx,200,40,NO_GATE_REGIME_FILTER,FIXED_THRESHOLD_MAIN,NOT_APPLICABLE_FIXED_SCENARIO,INSUFFICIENT_TRAIN_SAMPLE,0,2026-06-27 10:00:00+00:00,2026-06-29 10:30:00+00:00
6,bitget/okx,200,80,NO_GATE_REGIME_FILTER,FIXED_THRESHOLD_MAIN,NOT_APPLICABLE_FIXED_SCENARIO,INSUFFICIENT_TRAIN_SAMPLE,0,2026-06-27 10:00:00+00:00,2026-06-29 10:30:00+00:00
6,gate/hyperliquid,100,20,GATE_CAUSAL_ALLOWED_NORMAL_TRANSIENT,FIXED_THRESHOLD_MAIN,NOT_APPLICABLE_FIXED_SCENARIO,OK,16,2026-06-27 10:00:00+00:00,2026-06-29 10:30:00+00:00
6,gate/hyperliquid,100,40,GATE_CAUSAL_ALLOWED_NORMAL_TRANSIENT,FIXED_THRESHOLD_MAIN,NOT_APPLICABLE_FIXED_SCENARIO,OK,16,2026-06-27 10:00:00+00:00,2026-06-29 10:30:00+00:00
6,gate/hyperliquid,100,80,GATE_CAUSAL_ALLOWED_NORMAL_TRANSIENT,FIXED_THRESHOLD_MAIN,NOT_APPLICABLE_FIXED_SCENARIO,OK,16,2026-06-27 10:00:00+00:00,2026-06-29 10:30:00+00:00
6,gate/hyperliquid,150,20,GATE_CAUSAL_ALLOWED_NORMAL_TRANSIENT,FIXED_THRESHOLD_MAIN,NOT_APPLICABLE_FIXED_SCENARIO,OK,24,2026-06-27 10:00:00+00:00,2026-06-29 10:30:00+00:00
6,gate/hyperliquid,150,40,GATE_CAUSAL_ALLOWED_NORMAL_TRANSIENT,FIXED_THRESHOLD_MAIN,NOT_APPLICABLE_FIXED_SCENARIO,OK,24,2026-06-27 10:00:00+00:00,2026-06-29 10:30:00+00:00
6,gate/hyperliquid,150,80,GATE_CAUSAL_ALLOWED_NORMAL_TRANSIENT,FIXED_THRESHOLD_MAIN,NOT_APPLICABLE_FIXED_SCENARIO,OK,24,2026-06-27 10:00:00+00:00,2026-06-29 10:30:00+00:00
6,gate/hyperliquid,200,20,GATE_CAUSAL_ALLOWED_NORMAL_TRANSIENT,FIXED_THRESHOLD_MAIN,NOT_APPLICABLE_FIXED_SCENARIO,OK,12,2026-06-27 10:00:00+00:00,2026-06-29 10:30:00+00:00
6,gate/hyperliquid,200,40,GATE_CAUSAL_ALLOWED_NORMAL_TRANSIENT,FIXED_THRESHOLD_MAIN,NOT_APPLICABLE_FIXED_SCENARIO,OK,12,2026-06-27 10:00:00+00:00,2026-06-29 10:30:00+00:00
6,gate/hyperliquid,200,80,GATE_CAUSAL_ALLOWED_NORMAL_TRANSIENT,FIXED_THRESHOLD_MAIN,NOT_APPLICABLE_FIXED_SCENARIO,OK,12,2026-06-27 10:00:00+00:00,2026-06-29 10:30:00+00:00
6,gate/okx,100,20,GATE_CAUSAL_ALLOWED_NORMAL_TRANSIENT,FIXED_THRESHOLD_MAIN,NOT_APPLICABLE_FIXED_SCENARIO,INSUFFICIENT_TRAIN_SAMPLE,7,2026-06-27 10:00:00+00:00,2026-06-29 10:30:00+00:00
6,gate/okx,100,40,GATE_CAUSAL_ALLOWED_NORMAL_TRANSIENT,FIXED_THRESHOLD_MAIN,NOT_APPLICABLE_FIXED_SCENARIO,INSUFFICIENT_TRAIN_SAMPLE,7,2026-06-27 10:00:00+00:00,2026-06-29 10:30:00+00:00
6,gate/okx,100,80,GATE_CAUSAL_ALLOWED_NORMAL_TRANSIENT,FIXED_THRESHOLD_MAIN,NOT_APPLICABLE_FIXED_SCENARIO,INSUFFICIENT_TRAIN_SAMPLE,7,2026-06-27 10:00:00+00:00,2026-06-29 10:30:00+00:00
6,gate/okx,150,20,GATE_CAUSAL_ALLOWED_NORMAL_TRANSIENT,FIXED_THRESHOLD_MAIN,NOT_APPLICABLE_FIXED_SCENARIO,OK,21,2026-06-27 10:00:00+00:00,2026-06-29 10:30:00+00:00
6,gate/okx,150,40,GATE_CAUSAL_ALLOWED_NORMAL_TRANSIENT,FIXED_THRESHOLD_MAIN,NOT_APPLICABLE_FIXED_SCENARIO,OK,21,2026-06-27 10:00:00+00:00,2026-06-29 10:30:00+00:00
6,gate/okx,150,80,GATE_CAUSAL_ALLOWED_NORMAL_TRANSIENT,FIXED_THRESHOLD_MAIN,NOT_APPLICABLE_FIXED_SCENARIO,OK,21,2026-06-27 10:00:00+00:00,2026-06-29 10:30:00+00:00
6,gate/okx,200,20,GATE_CAUSAL_ALLOWED_NORMAL_TRANSIENT,FIXED_THRESHOLD_MAIN,NOT_APPLICABLE_FIXED_SCENARIO,INSUFFICIENT_TRAIN_SAMPLE,6,2026-06-27 10:00:00+00:00,2026-06-29 10:30:00+00:00
6,gate/okx,200,40,GATE_CAUSAL_ALLOWED_NORMAL_TRANSIENT,FIXED_THRESHOLD_MAIN,NOT_APPLICABLE_FIXED_SCENARIO,INSUFFICIENT_TRAIN_SAMPLE,6,2026-06-27 10:00:00+00:00,2026-06-29 10:30:00+00:00
6,gate/okx,200,80,GATE_CAUSAL_ALLOWED_NORMAL_TRANSIENT,FIXED_THRESHOLD_MAIN,NOT_APPLICABLE_FIXED_SCENARIO,INSUFFICIENT_TRAIN_SAMPLE,6,2026-06-27 10:00:00+00:00,2026-06-29 10:30:00+00:00
6,hyperliquid/okx,100,20,NO_GATE_REGIME_FILTER,FIXED_THRESHOLD_MAIN,NOT_APPLICABLE_FIXED_SCENARIO,INSUFFICIENT_TRAIN_SAMPLE,0,2026-06-27 10:00:00+00:00,2026-06-29 10:30:00+00:00
6,hyperliquid/okx,100,40,NO_GATE_REGIME_FILTER,FIXED_THRESHOLD_MAIN,NOT_APPLICABLE_FIXED_SCENARIO,INSUFFICIENT_TRAIN_SAMPLE,0,2026-06-27 10:00:00+00:00,2026-06-29 10:30:00+00:00
6,hyperliquid/okx,100,80,NO_GATE_REGIME_FILTER,FIXED_THRESHOLD_MAIN,NOT_APPLICABLE_FIXED_SCENARIO,INSUFFICIENT_TRAIN_SAMPLE,0,2026-06-27 10:00:00+00:00,2026-06-29 10:30:00+00:00
6,hyperliquid/okx,150,20,NO_GATE_REGIME_FILTER,FIXED_THRESHOLD_MAIN,NOT_APPLICABLE_FIXED_SCENARIO,INSUFFICIENT_TRAIN_SAMPLE,0,2026-06-27 10:00:00+00:00,2026-06-29 10:30:00+00:00
6,hyperliquid/okx,150,40,NO_GATE_REGIME_FILTER,FIXED_THRESHOLD_MAIN,NOT_APPLICABLE_FIXED_SCENARIO,INSUFFICIENT_TRAIN_SAMPLE,0,2026-06-27 10:00:00+00:00,2026-06-29 10:30:00+00:00
6,hyperliquid/okx,150,80,NO_GATE_REGIME_FILTER,FIXED_THRESHOLD_MAIN,NOT_APPLICABLE_FIXED_SCENARIO,INSUFFICIENT_TRAIN_SAMPLE,0,2026-06-27 10:00:00+00:00,2026-06-29 10:30:00+00:00
6,hyperliquid/okx,200,20,NO_GATE_REGIME_FILTER,FIXED_THRESHOLD_MAIN,NOT_APPLICABLE_FIXED_SCENARIO,INSUFFICIENT_TRAIN_SAMPLE,0,2026-06-27 10:00:00+00:00,2026-06-29 10:30:00+00:00
6,hyperliquid/okx,200,40,NO_GATE_REGIME_FILTER,FIXED_THRESHOLD_MAIN,NOT_APPLICABLE_FIXED_SCENARIO,INSUFFICIENT_TRAIN_SAMPLE,0,2026-06-27 10:00:00+00:00,2026-06-29 10:30:00+00:00
6,hyperliquid/okx,200,80,NO_GATE_REGIME_FILTER,FIXED_THRESHOLD_MAIN,NOT_APPLICABLE_FIXED_SCENARIO,INSUFFICIENT_TRAIN_SAMPLE,0,2026-06-27 10:00:00+00:00,2026-06-29 10:30:00+00:00
7,binance/bitget,100,20,NO_GATE_REGIME_FILTER,FIXED_THRESHOLD_MAIN,NOT_APPLICABLE_FIXED_SCENARIO,INSUFFICIENT_TRAIN_SAMPLE,4,2026-06-29 10:30:00+00:00,2026-07-01 11:00:00+00:00
7,binance/bitget,100,40,NO_GATE_REGIME_FILTER,FIXED_THRESHOLD_MAIN,NOT_APPLICABLE_FIXED_SCENARIO,INSUFFICIENT_TRAIN_SAMPLE,4,2026-06-29 10:30:00+00:00,2026-07-01 11:00:00+00:00
7,binance/bitget,100,80,NO_GATE_REGIME_FILTER,FIXED_THRESHOLD_MAIN,NOT_APPLICABLE_FIXED_SCENARIO,INSUFFICIENT_TRAIN_SAMPLE,4,2026-06-29 10:30:00+00:00,2026-07-01 11:00:00+00:00
7,binance/bitget,150,20,NO_GATE_REGIME_FILTER,FIXED_THRESHOLD_MAIN,NOT_APPLICABLE_FIXED_SCENARIO,INSUFFICIENT_TRAIN_SAMPLE,0,2026-06-29 10:30:00+00:00,2026-07-01 11:00:00+00:00
7,binance/bitget,150,40,NO_GATE_REGIME_FILTER,FIXED_THRESHOLD_MAIN,NOT_APPLICABLE_FIXED_SCENARIO,INSUFFICIENT_TRAIN_SAMPLE,0,2026-06-29 10:30:00+00:00,2026-07-01 11:00:00+00:00
7,binance/bitget,150,80,NO_GATE_REGIME_FILTER,FIXED_THRESHOLD_MAIN,NOT_APPLICABLE_FIXED_SCENARIO,INSUFFICIENT_TRAIN_SAMPLE,0,2026-06-29 10:30:00+00:00,2026-07-01 11:00:00+00:00
7,binance/bitget,200,20,NO_GATE_REGIME_FILTER,FIXED_THRESHOLD_MAIN,NOT_APPLICABLE_FIXED_SCENARIO,INSUFFICIENT_TRAIN_SAMPLE,0,2026-06-29 10:30:00+00:00,2026-07-01 11:00:00+00:00
7,binance/bitget,200,40,NO_GATE_REGIME_FILTER,FIXED_THRESHOLD_MAIN,NOT_APPLICABLE_FIXED_SCENARIO,INSUFFICIENT_TRAIN_SAMPLE,0,2026-06-29 10:30:00+00:00,2026-07-01 11:00:00+00:00
7,binance/bitget,200,80,NO_GATE_REGIME_FILTER,FIXED_THRESHOLD_MAIN,NOT_APPLICABLE_FIXED_SCENARIO,INSUFFICIENT_TRAIN_SAMPLE,0,2026-06-29 10:30:00+00:00,2026-07-01 11:00:00+00:00
7,binance/gate,100,20,GATE_CAUSAL_ALLOWED_NORMAL_TRANSIENT,FIXED_THRESHOLD_MAIN,NOT_APPLICABLE_FIXED_SCENARIO,INSUFFICIENT_TRAIN_SAMPLE,6,2026-06-29 10:30:00+00:00,2026-07-01 11:00:00+00:00
7,binance/gate,100,40,GATE_CAUSAL_ALLOWED_NORMAL_TRANSIENT,FIXED_THRESHOLD_MAIN,NOT_APPLICABLE_FIXED_SCENARIO,INSUFFICIENT_TRAIN_SAMPLE,6,2026-06-29 10:30:00+00:00,2026-07-01 11:00:00+00:00
7,binance/gate,100,80,GATE_CAUSAL_ALLOWED_NORMAL_TRANSIENT,FIXED_THRESHOLD_MAIN,NOT_APPLICABLE_FIXED_SCENARIO,INSUFFICIENT_TRAIN_SAMPLE,6,2026-06-29 10:30:00+00:00,2026-07-01 11:00:00+00:00
7,binance/gate,150,20,GATE_CAUSAL_ALLOWED_NORMAL_TRANSIENT,FIXED_THRESHOLD_MAIN,NOT_APPLICABLE_FIXED_SCENARIO,OK,29,2026-06-29 10:30:00+00:00,2026-07-01 11:00:00+00:00
7,binance/gate,150,40,GATE_CAUSAL_ALLOWED_NORMAL_TRANSIENT,FIXED_THRESHOLD_MAIN,NOT_APPLICABLE_FIXED_SCENARIO,OK,29,2026-06-29 10:30:00+00:00,2026-07-01 11:00:00+00:00
7,binance/gate,150,80,GATE_CAUSAL_ALLOWED_NORMAL_TRANSIENT,FIXED_THRESHOLD_MAIN,NOT_APPLICABLE_FIXED_SCENARIO,OK,29,2026-06-29 10:30:00+00:00,2026-07-01 11:00:00+00:00
7,binance/gate,200,20,GATE_CAUSAL_ALLOWED_NORMAL_TRANSIENT,FIXED_THRESHOLD_MAIN,NOT_APPLICABLE_FIXED_SCENARIO,OK,13,2026-06-29 10:30:00+00:00,2026-07-01 11:00:00+00:00
7,binance/gate,200,40,GATE_CAUSAL_ALLOWED_NORMAL_TRANSIENT,FIXED_THRESHOLD_MAIN,NOT_APPLICABLE_FIXED_SCENARIO,OK,13,2026-06-29 10:30:00+00:00,2026-07-01 11:00:00+00:00
7,binance/gate,200,80,GATE_CAUSAL_ALLOWED_NORMAL_TRANSIENT,FIXED_THRESHOLD_MAIN,NOT_APPLICABLE_FIXED_SCENARIO,OK,13,2026-06-29 10:30:00+00:00,2026-07-01 11:00:00+00:00
7,binance/hyperliquid,100,20,NO_GATE_REGIME_FILTER,FIXED_THRESHOLD_MAIN,NOT_APPLICABLE_FIXED_SCENARIO,INSUFFICIENT_TRAIN_SAMPLE,0,2026-06-29 10:30:00+00:00,2026-07-01 11:00:00+00:00
7,binance/hyperliquid,100,40,NO_GATE_REGIME_FILTER,FIXED_THRESHOLD_MAIN,NOT_APPLICABLE_FIXED_SCENARIO,INSUFFICIENT_TRAIN_SAMPLE,0,2026-06-29 10:30:00+00:00,2026-07-01 11:00:00+00:00
7,binance/hyperliquid,100,80,NO_GATE_REGIME_FILTER,FIXED_THRESHOLD_MAIN,NOT_APPLICABLE_FIXED_SCENARIO,INSUFFICIENT_TRAIN_SAMPLE,0,2026-06-29 10:30:00+00:00,2026-07-01 11:00:00+00:00
7,binance/hyperliquid,150,20,NO_GATE_REGIME_FILTER,FIXED_THRESHOLD_MAIN,NOT_APPLICABLE_FIXED_SCENARIO,INSUFFICIENT_TRAIN_SAMPLE,0,2026-06-29 10:30:00+00:00,2026-07-01 11:00:00+00:00
7,binance/hyperliquid,150,40,NO_GATE_REGIME_FILTER,FIXED_THRESHOLD_MAIN,NOT_APPLICABLE_FIXED_SCENARIO,INSUFFICIENT_TRAIN_SAMPLE,0,2026-06-29 10:30:00+00:00,2026-07-01 11:00:00+00:00
7,binance/hyperliquid,150,80,NO_GATE_REGIME_FILTER,FIXED_THRESHOLD_MAIN,NOT_APPLICABLE_FIXED_SCENARIO,INSUFFICIENT_TRAIN_SAMPLE,0,2026-06-29 10:30:00+00:00,2026-07-01 11:00:00+00:00
7,binance/hyperliquid,200,20,NO_GATE_REGIME_FILTER,FIXED_THRESHOLD_MAIN,NOT_APPLICABLE_FIXED_SCENARIO,INSUFFICIENT_TRAIN_SAMPLE,0,2026-06-29 10:30:00+00:00,2026-07-01 11:00:00+00:00
7,binance/hyperliquid,200,40,NO_GATE_REGIME_FILTER,FIXED_THRESHOLD_MAIN,NOT_APPLICABLE_FIXED_SCENARIO,INSUFFICIENT_TRAIN_SAMPLE,0,2026-06-29 10:30:00+00:00,2026-07-01 11:00:00+00:00
7,binance/hyperliquid,200,80,NO_GATE_REGIME_FILTER,FIXED_THRESHOLD_MAIN,NOT_APPLICABLE_FIXED_SCENARIO,INSUFFICIENT_TRAIN_SAMPLE,0,2026-06-29 10:30:00+00:00,2026-07-01 11:00:00+00:00
7,binance/okx,100,20,NO_GATE_REGIME_FILTER,FIXED_THRESHOLD_MAIN,NOT_APPLICABLE_FIXED_SCENARIO,INSUFFICIENT_TRAIN_SAMPLE,0,2026-06-29 10:30:00+00:00,2026-07-01 11:00:00+00:00
7,binance/okx,100,40,NO_GATE_REGIME_FILTER,FIXED_THRESHOLD_MAIN,NOT_APPLICABLE_FIXED_SCENARIO,INSUFFICIENT_TRAIN_SAMPLE,0,2026-06-29 10:30:00+00:00,2026-07-01 11:00:00+00:00
7,binance/okx,100,80,NO_GATE_REGIME_FILTER,FIXED_THRESHOLD_MAIN,NOT_APPLICABLE_FIXED_SCENARIO,INSUFFICIENT_TRAIN_SAMPLE,0,2026-06-29 10:30:00+00:00,2026-07-01 11:00:00+00:00
7,binance/okx,150,20,NO_GATE_REGIME_FILTER,FIXED_THRESHOLD_MAIN,NOT_APPLICABLE_FIXED_SCENARIO,INSUFFICIENT_TRAIN_SAMPLE,0,2026-06-29 10:30:00+00:00,2026-07-01 11:00:00+00:00
7,binance/okx,150,40,NO_GATE_REGIME_FILTER,FIXED_THRESHOLD_MAIN,NOT_APPLICABLE_FIXED_SCENARIO,INSUFFICIENT_TRAIN_SAMPLE,0,2026-06-29 10:30:00+00:00,2026-07-01 11:00:00+00:00
7,binance/okx,150,80,NO_GATE_REGIME_FILTER,FIXED_THRESHOLD_MAIN,NOT_APPLICABLE_FIXED_SCENARIO,INSUFFICIENT_TRAIN_SAMPLE,0,2026-06-29 10:30:00+00:00,2026-07-01 11:00:00+00:00
7,binance/okx,200,20,NO_GATE_REGIME_FILTER,FIXED_THRESHOLD_MAIN,NOT_APPLICABLE_FIXED_SCENARIO,INSUFFICIENT_TRAIN_SAMPLE,0,2026-06-29 10:30:00+00:00,2026-07-01 11:00:00+00:00
7,binance/okx,200,40,NO_GATE_REGIME_FILTER,FIXED_THRESHOLD_MAIN,NOT_APPLICABLE_FIXED_SCENARIO,INSUFFICIENT_TRAIN_SAMPLE,0,2026-06-29 10:30:00+00:00,2026-07-01 11:00:00+00:00
7,binance/okx,200,80,NO_GATE_REGIME_FILTER,FIXED_THRESHOLD_MAIN,NOT_APPLICABLE_FIXED_SCENARIO,INSUFFICIENT_TRAIN_SAMPLE,0,2026-06-29 10:30:00+00:00,2026-07-01 11:00:00+00:00
7,bitget/gate,100,20,GATE_CAUSAL_ALLOWED_NORMAL_TRANSIENT,FIXED_THRESHOLD_MAIN,NOT_APPLICABLE_FIXED_SCENARIO,OK,23,2026-06-29 10:30:00+00:00,2026-07-01 11:00:00+00:00
7,bitget/gate,100,40,GATE_CAUSAL_ALLOWED_NORMAL_TRANSIENT,FIXED_THRESHOLD_MAIN,NOT_APPLICABLE_FIXED_SCENARIO,OK,23,2026-06-29 10:30:00+00:00,2026-07-01 11:00:00+00:00
7,bitget/gate,100,80,GATE_CAUSAL_ALLOWED_NORMAL_TRANSIENT,FIXED_THRESHOLD_MAIN,NOT_APPLICABLE_FIXED_SCENARIO,OK,23,2026-06-29 10:30:00+00:00,2026-07-01 11:00:00+00:00
7,bitget/gate,150,20,GATE_CAUSAL_ALLOWED_NORMAL_TRANSIENT,FIXED_THRESHOLD_MAIN,NOT_APPLICABLE_FIXED_SCENARIO,INSUFFICIENT_TRAIN_SAMPLE,4,2026-06-29 10:30:00+00:00,2026-07-01 11:00:00+00:00
7,bitget/gate,150,40,GATE_CAUSAL_ALLOWED_NORMAL_TRANSIENT,FIXED_THRESHOLD_MAIN,NOT_APPLICABLE_FIXED_SCENARIO,INSUFFICIENT_TRAIN_SAMPLE,4,2026-06-29 10:30:00+00:00,2026-07-01 11:00:00+00:00
7,bitget/gate,150,80,GATE_CAUSAL_ALLOWED_NORMAL_TRANSIENT,FIXED_THRESHOLD_MAIN,NOT_APPLICABLE_FIXED_SCENARIO,INSUFFICIENT_TRAIN_SAMPLE,4,2026-06-29 10:30:00+00:00,2026-07-01 11:00:00+00:00
7,bitget/gate,200,20,GATE_CAUSAL_ALLOWED_NORMAL_TRANSIENT,FIXED_THRESHOLD_MAIN,NOT_APPLICABLE_FIXED_SCENARIO,INSUFFICIENT_TRAIN_SAMPLE,3,2026-06-29 10:30:00+00:00,2026-07-01 11:00:00+00:00
7,bitget/gate,200,40,GATE_CAUSAL_ALLOWED_NORMAL_TRANSIENT,FIXED_THRESHOLD_MAIN,NOT_APPLICABLE_FIXED_SCENARIO,INSUFFICIENT_TRAIN_SAMPLE,3,2026-06-29 10:30:00+00:00,2026-07-01 11:00:00+00:00
7,bitget/gate,200,80,GATE_CAUSAL_ALLOWED_NORMAL_TRANSIENT,FIXED_THRESHOLD_MAIN,NOT_APPLICABLE_FIXED_SCENARIO,INSUFFICIENT_TRAIN_SAMPLE,3,2026-06-29 10:30:00+00:00,2026-07-01 11:00:00+00:00
7,bitget/hyperliquid,100,20,NO_GATE_REGIME_FILTER,FIXED_THRESHOLD_MAIN,NOT_APPLICABLE_FIXED_SCENARIO,OK,21,2026-06-29 10:30:00+00:00,2026-07-01 11:00:00+00:00
7,bitget/hyperliquid,100,40,NO_GATE_REGIME_FILTER,FIXED_THRESHOLD_MAIN,NOT_APPLICABLE_FIXED_SCENARIO,OK,21,2026-06-29 10:30:00+00:00,2026-07-01 11:00:00+00:00
7,bitget/hyperliquid,100,80,NO_GATE_REGIME_FILTER,FIXED_THRESHOLD_MAIN,NOT_APPLICABLE_FIXED_SCENARIO,OK,21,2026-06-29 10:30:00+00:00,2026-07-01 11:00:00+00:00
7,bitget/hyperliquid,150,20,NO_GATE_REGIME_FILTER,FIXED_THRESHOLD_MAIN,NOT_APPLICABLE_FIXED_SCENARIO,INSUFFICIENT_TRAIN_SAMPLE,1,2026-06-29 10:30:00+00:00,2026-07-01 11:00:00+00:00
7,bitget/hyperliquid,150,40,NO_GATE_REGIME_FILTER,FIXED_THRESHOLD_MAIN,NOT_APPLICABLE_FIXED_SCENARIO,INSUFFICIENT_TRAIN_SAMPLE,1,2026-06-29 10:30:00+00:00,2026-07-01 11:00:00+00:00
7,bitget/hyperliquid,150,80,NO_GATE_REGIME_FILTER,FIXED_THRESHOLD_MAIN,NOT_APPLICABLE_FIXED_SCENARIO,INSUFFICIENT_TRAIN_SAMPLE,1,2026-06-29 10:30:00+00:00,2026-07-01 11:00:00+00:00
7,bitget/hyperliquid,200,20,NO_GATE_REGIME_FILTER,FIXED_THRESHOLD_MAIN,NOT_APPLICABLE_FIXED_SCENARIO,INSUFFICIENT_TRAIN_SAMPLE,0,2026-06-29 10:30:00+00:00,2026-07-01 11:00:00+00:00
7,bitget/hyperliquid,200,40,NO_GATE_REGIME_FILTER,FIXED_THRESHOLD_MAIN,NOT_APPLICABLE_FIXED_SCENARIO,INSUFFICIENT_TRAIN_SAMPLE,0,2026-06-29 10:30:00+00:00,2026-07-01 11:00:00+00:00
7,bitget/hyperliquid,200,80,NO_GATE_REGIME_FILTER,FIXED_THRESHOLD_MAIN,NOT_APPLICABLE_FIXED_SCENARIO,INSUFFICIENT_TRAIN_SAMPLE,0,2026-06-29 10:30:00+00:00,2026-07-01 11:00:00+00:00
7,bitget/okx,100,20,NO_GATE_REGIME_FILTER,FIXED_THRESHOLD_MAIN,NOT_APPLICABLE_FIXED_SCENARIO,INSUFFICIENT_TRAIN_SAMPLE,8,2026-06-29 10:30:00+00:00,2026-07-01 11:00:00+00:00
7,bitget/okx,100,40,NO_GATE_REGIME_FILTER,FIXED_THRESHOLD_MAIN,NOT_APPLICABLE_FIXED_SCENARIO,INSUFFICIENT_TRAIN_SAMPLE,8,2026-06-29 10:30:00+00:00,2026-07-01 11:00:00+00:00
7,bitget/okx,100,80,NO_GATE_REGIME_FILTER,FIXED_THRESHOLD_MAIN,NOT_APPLICABLE_FIXED_SCENARIO,INSUFFICIENT_TRAIN_SAMPLE,8,2026-06-29 10:30:00+00:00,2026-07-01 11:00:00+00:00
7,bitget/okx,150,20,NO_GATE_REGIME_FILTER,FIXED_THRESHOLD_MAIN,NOT_APPLICABLE_FIXED_SCENARIO,INSUFFICIENT_TRAIN_SAMPLE,1,2026-06-29 10:30:00+00:00,2026-07-01 11:00:00+00:00
7,bitget/okx,150,40,NO_GATE_REGIME_FILTER,FIXED_THRESHOLD_MAIN,NOT_APPLICABLE_FIXED_SCENARIO,INSUFFICIENT_TRAIN_SAMPLE,1,2026-06-29 10:30:00+00:00,2026-07-01 11:00:00+00:00
7,bitget/okx,150,80,NO_GATE_REGIME_FILTER,FIXED_THRESHOLD_MAIN,NOT_APPLICABLE_FIXED_SCENARIO,INSUFFICIENT_TRAIN_SAMPLE,1,2026-06-29 10:30:00+00:00,2026-07-01 11:00:00+00:00
7,bitget/okx,200,20,NO_GATE_REGIME_FILTER,FIXED_THRESHOLD_MAIN,NOT_APPLICABLE_FIXED_SCENARIO,INSUFFICIENT_TRAIN_SAMPLE,0,2026-06-29 10:30:00+00:00,2026-07-01 11:00:00+00:00
7,bitget/okx,200,40,NO_GATE_REGIME_FILTER,FIXED_THRESHOLD_MAIN,NOT_APPLICABLE_FIXED_SCENARIO,INSUFFICIENT_TRAIN_SAMPLE,0,2026-06-29 10:30:00+00:00,2026-07-01 11:00:00+00:00
7,bitget/okx,200,80,NO_GATE_REGIME_FILTER,FIXED_THRESHOLD_MAIN,NOT_APPLICABLE_FIXED_SCENARIO,INSUFFICIENT_TRAIN_SAMPLE,0,2026-06-29 10:30:00+00:00,2026-07-01 11:00:00+00:00
7,gate/hyperliquid,100,20,GATE_CAUSAL_ALLOWED_NORMAL_TRANSIENT,FIXED_THRESHOLD_MAIN,NOT_APPLICABLE_FIXED_SCENARIO,OK,15,2026-06-29 10:30:00+00:00,2026-07-01 11:00:00+00:00
7,gate/hyperliquid,100,40,GATE_CAUSAL_ALLOWED_NORMAL_TRANSIENT,FIXED_THRESHOLD_MAIN,NOT_APPLICABLE_FIXED_SCENARIO,OK,15,2026-06-29 10:30:00+00:00,2026-07-01 11:00:00+00:00
7,gate/hyperliquid,100,80,GATE_CAUSAL_ALLOWED_NORMAL_TRANSIENT,FIXED_THRESHOLD_MAIN,NOT_APPLICABLE_FIXED_SCENARIO,OK,15,2026-06-29 10:30:00+00:00,2026-07-01 11:00:00+00:00
7,gate/hyperliquid,150,20,GATE_CAUSAL_ALLOWED_NORMAL_TRANSIENT,FIXED_THRESHOLD_MAIN,NOT_APPLICABLE_FIXED_SCENARIO,OK,29,2026-06-29 10:30:00+00:00,2026-07-01 11:00:00+00:00
7,gate/hyperliquid,150,40,GATE_CAUSAL_ALLOWED_NORMAL_TRANSIENT,FIXED_THRESHOLD_MAIN,NOT_APPLICABLE_FIXED_SCENARIO,OK,29,2026-06-29 10:30:00+00:00,2026-07-01 11:00:00+00:00
7,gate/hyperliquid,150,80,GATE_CAUSAL_ALLOWED_NORMAL_TRANSIENT,FIXED_THRESHOLD_MAIN,NOT_APPLICABLE_FIXED_SCENARIO,OK,29,2026-06-29 10:30:00+00:00,2026-07-01 11:00:00+00:00
7,gate/hyperliquid,200,20,GATE_CAUSAL_ALLOWED_NORMAL_TRANSIENT,FIXED_THRESHOLD_MAIN,NOT_APPLICABLE_FIXED_SCENARIO,OK,21,2026-06-29 10:30:00+00:00,2026-07-01 11:00:00+00:00
7,gate/hyperliquid,200,40,GATE_CAUSAL_ALLOWED_NORMAL_TRANSIENT,FIXED_THRESHOLD_MAIN,NOT_APPLICABLE_FIXED_SCENARIO,OK,21,2026-06-29 10:30:00+00:00,2026-07-01 11:00:00+00:00
7,gate/hyperliquid,200,80,GATE_CAUSAL_ALLOWED_NORMAL_TRANSIENT,FIXED_THRESHOLD_MAIN,NOT_APPLICABLE_FIXED_SCENARIO,OK,21,2026-06-29 10:30:00+00:00,2026-07-01 11:00:00+00:00
7,gate/okx,100,20,GATE_CAUSAL_ALLOWED_NORMAL_TRANSIENT,FIXED_THRESHOLD_MAIN,NOT_APPLICABLE_FIXED_SCENARIO,INSUFFICIENT_TRAIN_SAMPLE,7,2026-06-29 10:30:00+00:00,2026-07-01 11:00:00+00:00
7,gate/okx,100,40,GATE_CAUSAL_ALLOWED_NORMAL_TRANSIENT,FIXED_THRESHOLD_MAIN,NOT_APPLICABLE_FIXED_SCENARIO,INSUFFICIENT_TRAIN_SAMPLE,7,2026-06-29 10:30:00+00:00,2026-07-01 11:00:00+00:00
7,gate/okx,100,80,GATE_CAUSAL_ALLOWED_NORMAL_TRANSIENT,FIXED_THRESHOLD_MAIN,NOT_APPLICABLE_FIXED_SCENARIO,INSUFFICIENT_TRAIN_SAMPLE,7,2026-06-29 10:30:00+00:00,2026-07-01 11:00:00+00:00
7,gate/okx,150,20,GATE_CAUSAL_ALLOWED_NORMAL_TRANSIENT,FIXED_THRESHOLD_MAIN,NOT_APPLICABLE_FIXED_SCENARIO,OK,32,2026-06-29 10:30:00+00:00,2026-07-01 11:00:00+00:00
7,gate/okx,150,40,GATE_CAUSAL_ALLOWED_NORMAL_TRANSIENT,FIXED_THRESHOLD_MAIN,NOT_APPLICABLE_FIXED_SCENARIO,OK,32,2026-06-29 10:30:00+00:00,2026-07-01 11:00:00+00:00
7,gate/okx,150,80,GATE_CAUSAL_ALLOWED_NORMAL_TRANSIENT,FIXED_THRESHOLD_MAIN,NOT_APPLICABLE_FIXED_SCENARIO,OK,32,2026-06-29 10:30:00+00:00,2026-07-01 11:00:00+00:00
7,gate/okx,200,20,GATE_CAUSAL_ALLOWED_NORMAL_TRANSIENT,FIXED_THRESHOLD_MAIN,NOT_APPLICABLE_FIXED_SCENARIO,OK,10,2026-06-29 10:30:00+00:00,2026-07-01 11:00:00+00:00
7,gate/okx,200,40,GATE_CAUSAL_ALLOWED_NORMAL_TRANSIENT,FIXED_THRESHOLD_MAIN,NOT_APPLICABLE_FIXED_SCENARIO,OK,10,2026-06-29 10:30:00+00:00,2026-07-01 11:00:00+00:00
7,gate/okx,200,80,GATE_CAUSAL_ALLOWED_NORMAL_TRANSIENT,FIXED_THRESHOLD_MAIN,NOT_APPLICABLE_FIXED_SCENARIO,OK,10,2026-06-29 10:30:00+00:00,2026-07-01 11:00:00+00:00
7,hyperliquid/okx,100,20,NO_GATE_REGIME_FILTER,FIXED_THRESHOLD_MAIN,NOT_APPLICABLE_FIXED_SCENARIO,INSUFFICIENT_TRAIN_SAMPLE,0,2026-06-29 10:30:00+00:00,2026-07-01 11:00:00+00:00
7,hyperliquid/okx,100,40,NO_GATE_REGIME_FILTER,FIXED_THRESHOLD_MAIN,NOT_APPLICABLE_FIXED_SCENARIO,INSUFFICIENT_TRAIN_SAMPLE,0,2026-06-29 10:30:00+00:00,2026-07-01 11:00:00+00:00
7,hyperliquid/okx,100,80,NO_GATE_REGIME_FILTER,FIXED_THRESHOLD_MAIN,NOT_APPLICABLE_FIXED_SCENARIO,INSUFFICIENT_TRAIN_SAMPLE,0,2026-06-29 10:30:00+00:00,2026-07-01 11:00:00+00:00
7,hyperliquid/okx,150,20,NO_GATE_REGIME_FILTER,FIXED_THRESHOLD_MAIN,NOT_APPLICABLE_FIXED_SCENARIO,INSUFFICIENT_TRAIN_SAMPLE,0,2026-06-29 10:30:00+00:00,2026-07-01 11:00:00+00:00
7,hyperliquid/okx,150,40,NO_GATE_REGIME_FILTER,FIXED_THRESHOLD_MAIN,NOT_APPLICABLE_FIXED_SCENARIO,INSUFFICIENT_TRAIN_SAMPLE,0,2026-06-29 10:30:00+00:00,2026-07-01 11:00:00+00:00
7,hyperliquid/okx,150,80,NO_GATE_REGIME_FILTER,FIXED_THRESHOLD_MAIN,NOT_APPLICABLE_FIXED_SCENARIO,INSUFFICIENT_TRAIN_SAMPLE,0,2026-06-29 10:30:00+00:00,2026-07-01 11:00:00+00:00
7,hyperliquid/okx,200,20,NO_GATE_REGIME_FILTER,FIXED_THRESHOLD_MAIN,NOT_APPLICABLE_FIXED_SCENARIO,INSUFFICIENT_TRAIN_SAMPLE,0,2026-06-29 10:30:00+00:00,2026-07-01 11:00:00+00:00
7,hyperliquid/okx,200,40,NO_GATE_REGIME_FILTER,FIXED_THRESHOLD_MAIN,NOT_APPLICABLE_FIXED_SCENARIO,INSUFFICIENT_TRAIN_SAMPLE,0,2026-06-29 10:30:00+00:00,2026-07-01 11:00:00+00:00
7,hyperliquid/okx,200,80,NO_GATE_REGIME_FILTER,FIXED_THRESHOLD_MAIN,NOT_APPLICABLE_FIXED_SCENARIO,INSUFFICIENT_TRAIN_SAMPLE,0,2026-06-29 10:30:00+00:00,2026-07-01 11:00:00+00:00
8,binance/bitget,100,20,NO_GATE_REGIME_FILTER,FIXED_THRESHOLD_MAIN,NOT_APPLICABLE_FIXED_SCENARIO,INSUFFICIENT_TRAIN_SAMPLE,2,2026-07-01 11:00:00+00:00,2026-07-03 11:30:00+00:00
8,binance/bitget,100,40,NO_GATE_REGIME_FILTER,FIXED_THRESHOLD_MAIN,NOT_APPLICABLE_FIXED_SCENARIO,INSUFFICIENT_TRAIN_SAMPLE,2,2026-07-01 11:00:00+00:00,2026-07-03 11:30:00+00:00
8,binance/bitget,100,80,NO_GATE_REGIME_FILTER,FIXED_THRESHOLD_MAIN,NOT_APPLICABLE_FIXED_SCENARIO,INSUFFICIENT_TRAIN_SAMPLE,2,2026-07-01 11:00:00+00:00,2026-07-03 11:30:00+00:00
8,binance/bitget,150,20,NO_GATE_REGIME_FILTER,FIXED_THRESHOLD_MAIN,NOT_APPLICABLE_FIXED_SCENARIO,INSUFFICIENT_TRAIN_SAMPLE,0,2026-07-01 11:00:00+00:00,2026-07-03 11:30:00+00:00
8,binance/bitget,150,40,NO_GATE_REGIME_FILTER,FIXED_THRESHOLD_MAIN,NOT_APPLICABLE_FIXED_SCENARIO,INSUFFICIENT_TRAIN_SAMPLE,0,2026-07-01 11:00:00+00:00,2026-07-03 11:30:00+00:00
8,binance/bitget,150,80,NO_GATE_REGIME_FILTER,FIXED_THRESHOLD_MAIN,NOT_APPLICABLE_FIXED_SCENARIO,INSUFFICIENT_TRAIN_SAMPLE,0,2026-07-01 11:00:00+00:00,2026-07-03 11:30:00+00:00
8,binance/bitget,200,20,NO_GATE_REGIME_FILTER,FIXED_THRESHOLD_MAIN,NOT_APPLICABLE_FIXED_SCENARIO,INSUFFICIENT_TRAIN_SAMPLE,0,2026-07-01 11:00:00+00:00,2026-07-03 11:30:00+00:00
8,binance/bitget,200,40,NO_GATE_REGIME_FILTER,FIXED_THRESHOLD_MAIN,NOT_APPLICABLE_FIXED_SCENARIO,INSUFFICIENT_TRAIN_SAMPLE,0,2026-07-01 11:00:00+00:00,2026-07-03 11:30:00+00:00
8,binance/bitget,200,80,NO_GATE_REGIME_FILTER,FIXED_THRESHOLD_MAIN,NOT_APPLICABLE_FIXED_SCENARIO,INSUFFICIENT_TRAIN_SAMPLE,0,2026-07-01 11:00:00+00:00,2026-07-03 11:30:00+00:00
8,binance/gate,100,20,GATE_CAUSAL_ALLOWED_NORMAL_TRANSIENT,FIXED_THRESHOLD_MAIN,NOT_APPLICABLE_FIXED_SCENARIO,INSUFFICIENT_TRAIN_SAMPLE,4,2026-07-01 11:00:00+00:00,2026-07-03 11:30:00+00:00
8,binance/gate,100,40,GATE_CAUSAL_ALLOWED_NORMAL_TRANSIENT,FIXED_THRESHOLD_MAIN,NOT_APPLICABLE_FIXED_SCENARIO,INSUFFICIENT_TRAIN_SAMPLE,4,2026-07-01 11:00:00+00:00,2026-07-03 11:30:00+00:00
8,binance/gate,100,80,GATE_CAUSAL_ALLOWED_NORMAL_TRANSIENT,FIXED_THRESHOLD_MAIN,NOT_APPLICABLE_FIXED_SCENARIO,INSUFFICIENT_TRAIN_SAMPLE,4,2026-07-01 11:00:00+00:00,2026-07-03 11:30:00+00:00
8,binance/gate,150,20,GATE_CAUSAL_ALLOWED_NORMAL_TRANSIENT,FIXED_THRESHOLD_MAIN,NOT_APPLICABLE_FIXED_SCENARIO,OK,34,2026-07-01 11:00:00+00:00,2026-07-03 11:30:00+00:00
8,binance/gate,150,40,GATE_CAUSAL_ALLOWED_NORMAL_TRANSIENT,FIXED_THRESHOLD_MAIN,NOT_APPLICABLE_FIXED_SCENARIO,OK,34,2026-07-01 11:00:00+00:00,2026-07-03 11:30:00+00:00
8,binance/gate,150,80,GATE_CAUSAL_ALLOWED_NORMAL_TRANSIENT,FIXED_THRESHOLD_MAIN,NOT_APPLICABLE_FIXED_SCENARIO,OK,34,2026-07-01 11:00:00+00:00,2026-07-03 11:30:00+00:00
8,binance/gate,200,20,GATE_CAUSAL_ALLOWED_NORMAL_TRANSIENT,FIXED_THRESHOLD_MAIN,NOT_APPLICABLE_FIXED_SCENARIO,OK,12,2026-07-01 11:00:00+00:00,2026-07-03 11:30:00+00:00
8,binance/gate,200,40,GATE_CAUSAL_ALLOWED_NORMAL_TRANSIENT,FIXED_THRESHOLD_MAIN,NOT_APPLICABLE_FIXED_SCENARIO,OK,12,2026-07-01 11:00:00+00:00,2026-07-03 11:30:00+00:00
8,binance/gate,200,80,GATE_CAUSAL_ALLOWED_NORMAL_TRANSIENT,FIXED_THRESHOLD_MAIN,NOT_APPLICABLE_FIXED_SCENARIO,OK,12,2026-07-01 11:00:00+00:00,2026-07-03 11:30:00+00:00
8,binance/hyperliquid,100,20,NO_GATE_REGIME_FILTER,FIXED_THRESHOLD_MAIN,NOT_APPLICABLE_FIXED_SCENARIO,INSUFFICIENT_TRAIN_SAMPLE,0,2026-07-01 11:00:00+00:00,2026-07-03 11:30:00+00:00
8,binance/hyperliquid,100,40,NO_GATE_REGIME_FILTER,FIXED_THRESHOLD_MAIN,NOT_APPLICABLE_FIXED_SCENARIO,INSUFFICIENT_TRAIN_SAMPLE,0,2026-07-01 11:00:00+00:00,2026-07-03 11:30:00+00:00
8,binance/hyperliquid,100,80,NO_GATE_REGIME_FILTER,FIXED_THRESHOLD_MAIN,NOT_APPLICABLE_FIXED_SCENARIO,INSUFFICIENT_TRAIN_SAMPLE,0,2026-07-01 11:00:00+00:00,2026-07-03 11:30:00+00:00
8,binance/hyperliquid,150,20,NO_GATE_REGIME_FILTER,FIXED_THRESHOLD_MAIN,NOT_APPLICABLE_FIXED_SCENARIO,INSUFFICIENT_TRAIN_SAMPLE,0,2026-07-01 11:00:00+00:00,2026-07-03 11:30:00+00:00
8,binance/hyperliquid,150,40,NO_GATE_REGIME_FILTER,FIXED_THRESHOLD_MAIN,NOT_APPLICABLE_FIXED_SCENARIO,INSUFFICIENT_TRAIN_SAMPLE,0,2026-07-01 11:00:00+00:00,2026-07-03 11:30:00+00:00
8,binance/hyperliquid,150,80,NO_GATE_REGIME_FILTER,FIXED_THRESHOLD_MAIN,NOT_APPLICABLE_FIXED_SCENARIO,INSUFFICIENT_TRAIN_SAMPLE,0,2026-07-01 11:00:00+00:00,2026-07-03 11:30:00+00:00
8,binance/hyperliquid,200,20,NO_GATE_REGIME_FILTER,FIXED_THRESHOLD_MAIN,NOT_APPLICABLE_FIXED_SCENARIO,INSUFFICIENT_TRAIN_SAMPLE,0,2026-07-01 11:00:00+00:00,2026-07-03 11:30:00+00:00
8,binance/hyperliquid,200,40,NO_GATE_REGIME_FILTER,FIXED_THRESHOLD_MAIN,NOT_APPLICABLE_FIXED_SCENARIO,INSUFFICIENT_TRAIN_SAMPLE,0,2026-07-01 11:00:00+00:00,2026-07-03 11:30:00+00:00
8,binance/hyperliquid,200,80,NO_GATE_REGIME_FILTER,FIXED_THRESHOLD_MAIN,NOT_APPLICABLE_FIXED_SCENARIO,INSUFFICIENT_TRAIN_SAMPLE,0,2026-07-01 11:00:00+00:00,2026-07-03 11:30:00+00:00
8,binance/okx,100,20,NO_GATE_REGIME_FILTER,FIXED_THRESHOLD_MAIN,NOT_APPLICABLE_FIXED_SCENARIO,INSUFFICIENT_TRAIN_SAMPLE,0,2026-07-01 11:00:00+00:00,2026-07-03 11:30:00+00:00
8,binance/okx,100,40,NO_GATE_REGIME_FILTER,FIXED_THRESHOLD_MAIN,NOT_APPLICABLE_FIXED_SCENARIO,INSUFFICIENT_TRAIN_SAMPLE,0,2026-07-01 11:00:00+00:00,2026-07-03 11:30:00+00:00
8,binance/okx,100,80,NO_GATE_REGIME_FILTER,FIXED_THRESHOLD_MAIN,NOT_APPLICABLE_FIXED_SCENARIO,INSUFFICIENT_TRAIN_SAMPLE,0,2026-07-01 11:00:00+00:00,2026-07-03 11:30:00+00:00
8,binance/okx,150,20,NO_GATE_REGIME_FILTER,FIXED_THRESHOLD_MAIN,NOT_APPLICABLE_FIXED_SCENARIO,INSUFFICIENT_TRAIN_SAMPLE,0,2026-07-01 11:00:00+00:00,2026-07-03 11:30:00+00:00
8,binance/okx,150,40,NO_GATE_REGIME_FILTER,FIXED_THRESHOLD_MAIN,NOT_APPLICABLE_FIXED_SCENARIO,INSUFFICIENT_TRAIN_SAMPLE,0,2026-07-01 11:00:00+00:00,2026-07-03 11:30:00+00:00
8,binance/okx,150,80,NO_GATE_REGIME_FILTER,FIXED_THRESHOLD_MAIN,NOT_APPLICABLE_FIXED_SCENARIO,INSUFFICIENT_TRAIN_SAMPLE,0,2026-07-01 11:00:00+00:00,2026-07-03 11:30:00+00:00
8,binance/okx,200,20,NO_GATE_REGIME_FILTER,FIXED_THRESHOLD_MAIN,NOT_APPLICABLE_FIXED_SCENARIO,INSUFFICIENT_TRAIN_SAMPLE,0,2026-07-01 11:00:00+00:00,2026-07-03 11:30:00+00:00
8,binance/okx,200,40,NO_GATE_REGIME_FILTER,FIXED_THRESHOLD_MAIN,NOT_APPLICABLE_FIXED_SCENARIO,INSUFFICIENT_TRAIN_SAMPLE,0,2026-07-01 11:00:00+00:00,2026-07-03 11:30:00+00:00
8,binance/okx,200,80,NO_GATE_REGIME_FILTER,FIXED_THRESHOLD_MAIN,NOT_APPLICABLE_FIXED_SCENARIO,INSUFFICIENT_TRAIN_SAMPLE,0,2026-07-01 11:00:00+00:00,2026-07-03 11:30:00+00:00
8,bitget/gate,100,20,GATE_CAUSAL_ALLOWED_NORMAL_TRANSIENT,FIXED_THRESHOLD_MAIN,NOT_APPLICABLE_FIXED_SCENARIO,OK,24,2026-07-01 11:00:00+00:00,2026-07-03 11:30:00+00:00
8,bitget/gate,100,40,GATE_CAUSAL_ALLOWED_NORMAL_TRANSIENT,FIXED_THRESHOLD_MAIN,NOT_APPLICABLE_FIXED_SCENARIO,OK,24,2026-07-01 11:00:00+00:00,2026-07-03 11:30:00+00:00
8,bitget/gate,100,80,GATE_CAUSAL_ALLOWED_NORMAL_TRANSIENT,FIXED_THRESHOLD_MAIN,NOT_APPLICABLE_FIXED_SCENARIO,OK,24,2026-07-01 11:00:00+00:00,2026-07-03 11:30:00+00:00
8,bitget/gate,150,20,GATE_CAUSAL_ALLOWED_NORMAL_TRANSIENT,FIXED_THRESHOLD_MAIN,NOT_APPLICABLE_FIXED_SCENARIO,INSUFFICIENT_TRAIN_SAMPLE,9,2026-07-01 11:00:00+00:00,2026-07-03 11:30:00+00:00
8,bitget/gate,150,40,GATE_CAUSAL_ALLOWED_NORMAL_TRANSIENT,FIXED_THRESHOLD_MAIN,NOT_APPLICABLE_FIXED_SCENARIO,INSUFFICIENT_TRAIN_SAMPLE,9,2026-07-01 11:00:00+00:00,2026-07-03 11:30:00+00:00
8,bitget/gate,150,80,GATE_CAUSAL_ALLOWED_NORMAL_TRANSIENT,FIXED_THRESHOLD_MAIN,NOT_APPLICABLE_FIXED_SCENARIO,INSUFFICIENT_TRAIN_SAMPLE,9,2026-07-01 11:00:00+00:00,2026-07-03 11:30:00+00:00
8,bitget/gate,200,20,GATE_CAUSAL_ALLOWED_NORMAL_TRANSIENT,FIXED_THRESHOLD_MAIN,NOT_APPLICABLE_FIXED_SCENARIO,INSUFFICIENT_TRAIN_SAMPLE,3,2026-07-01 11:00:00+00:00,2026-07-03 11:30:00+00:00
8,bitget/gate,200,40,GATE_CAUSAL_ALLOWED_NORMAL_TRANSIENT,FIXED_THRESHOLD_MAIN,NOT_APPLICABLE_FIXED_SCENARIO,INSUFFICIENT_TRAIN_SAMPLE,3,2026-07-01 11:00:00+00:00,2026-07-03 11:30:00+00:00
8,bitget/gate,200,80,GATE_CAUSAL_ALLOWED_NORMAL_TRANSIENT,FIXED_THRESHOLD_MAIN,NOT_APPLICABLE_FIXED_SCENARIO,INSUFFICIENT_TRAIN_SAMPLE,3,2026-07-01 11:00:00+00:00,2026-07-03 11:30:00+00:00
8,bitget/hyperliquid,100,20,NO_GATE_REGIME_FILTER,FIXED_THRESHOLD_MAIN,NOT_APPLICABLE_FIXED_SCENARIO,INSUFFICIENT_TRAIN_SAMPLE,9,2026-07-01 11:00:00+00:00,2026-07-03 11:30:00+00:00
8,bitget/hyperliquid,100,40,NO_GATE_REGIME_FILTER,FIXED_THRESHOLD_MAIN,NOT_APPLICABLE_FIXED_SCENARIO,INSUFFICIENT_TRAIN_SAMPLE,9,2026-07-01 11:00:00+00:00,2026-07-03 11:30:00+00:00
8,bitget/hyperliquid,100,80,NO_GATE_REGIME_FILTER,FIXED_THRESHOLD_MAIN,NOT_APPLICABLE_FIXED_SCENARIO,INSUFFICIENT_TRAIN_SAMPLE,9,2026-07-01 11:00:00+00:00,2026-07-03 11:30:00+00:00
8,bitget/hyperliquid,150,20,NO_GATE_REGIME_FILTER,FIXED_THRESHOLD_MAIN,NOT_APPLICABLE_FIXED_SCENARIO,INSUFFICIENT_TRAIN_SAMPLE,1,2026-07-01 11:00:00+00:00,2026-07-03 11:30:00+00:00
8,bitget/hyperliquid,150,40,NO_GATE_REGIME_FILTER,FIXED_THRESHOLD_MAIN,NOT_APPLICABLE_FIXED_SCENARIO,INSUFFICIENT_TRAIN_SAMPLE,1,2026-07-01 11:00:00+00:00,2026-07-03 11:30:00+00:00
8,bitget/hyperliquid,150,80,NO_GATE_REGIME_FILTER,FIXED_THRESHOLD_MAIN,NOT_APPLICABLE_FIXED_SCENARIO,INSUFFICIENT_TRAIN_SAMPLE,1,2026-07-01 11:00:00+00:00,2026-07-03 11:30:00+00:00
8,bitget/hyperliquid,200,20,NO_GATE_REGIME_FILTER,FIXED_THRESHOLD_MAIN,NOT_APPLICABLE_FIXED_SCENARIO,INSUFFICIENT_TRAIN_SAMPLE,0,2026-07-01 11:00:00+00:00,2026-07-03 11:30:00+00:00
8,bitget/hyperliquid,200,40,NO_GATE_REGIME_FILTER,FIXED_THRESHOLD_MAIN,NOT_APPLICABLE_FIXED_SCENARIO,INSUFFICIENT_TRAIN_SAMPLE,0,2026-07-01 11:00:00+00:00,2026-07-03 11:30:00+00:00
8,bitget/hyperliquid,200,80,NO_GATE_REGIME_FILTER,FIXED_THRESHOLD_MAIN,NOT_APPLICABLE_FIXED_SCENARIO,INSUFFICIENT_TRAIN_SAMPLE,0,2026-07-01 11:00:00+00:00,2026-07-03 11:30:00+00:00
8,bitget/okx,100,20,NO_GATE_REGIME_FILTER,FIXED_THRESHOLD_MAIN,NOT_APPLICABLE_FIXED_SCENARIO,INSUFFICIENT_TRAIN_SAMPLE,3,2026-07-01 11:00:00+00:00,2026-07-03 11:30:00+00:00
8,bitget/okx,100,40,NO_GATE_REGIME_FILTER,FIXED_THRESHOLD_MAIN,NOT_APPLICABLE_FIXED_SCENARIO,INSUFFICIENT_TRAIN_SAMPLE,3,2026-07-01 11:00:00+00:00,2026-07-03 11:30:00+00:00
8,bitget/okx,100,80,NO_GATE_REGIME_FILTER,FIXED_THRESHOLD_MAIN,NOT_APPLICABLE_FIXED_SCENARIO,INSUFFICIENT_TRAIN_SAMPLE,3,2026-07-01 11:00:00+00:00,2026-07-03 11:30:00+00:00
8,bitget/okx,150,20,NO_GATE_REGIME_FILTER,FIXED_THRESHOLD_MAIN,NOT_APPLICABLE_FIXED_SCENARIO,INSUFFICIENT_TRAIN_SAMPLE,1,2026-07-01 11:00:00+00:00,2026-07-03 11:30:00+00:00
8,bitget/okx,150,40,NO_GATE_REGIME_FILTER,FIXED_THRESHOLD_MAIN,NOT_APPLICABLE_FIXED_SCENARIO,INSUFFICIENT_TRAIN_SAMPLE,1,2026-07-01 11:00:00+00:00,2026-07-03 11:30:00+00:00
8,bitget/okx,150,80,NO_GATE_REGIME_FILTER,FIXED_THRESHOLD_MAIN,NOT_APPLICABLE_FIXED_SCENARIO,INSUFFICIENT_TRAIN_SAMPLE,1,2026-07-01 11:00:00+00:00,2026-07-03 11:30:00+00:00
8,bitget/okx,200,20,NO_GATE_REGIME_FILTER,FIXED_THRESHOLD_MAIN,NOT_APPLICABLE_FIXED_SCENARIO,INSUFFICIENT_TRAIN_SAMPLE,0,2026-07-01 11:00:00+00:00,2026-07-03 11:30:00+00:00
8,bitget/okx,200,40,NO_GATE_REGIME_FILTER,FIXED_THRESHOLD_MAIN,NOT_APPLICABLE_FIXED_SCENARIO,INSUFFICIENT_TRAIN_SAMPLE,0,2026-07-01 11:00:00+00:00,2026-07-03 11:30:00+00:00
8,bitget/okx,200,80,NO_GATE_REGIME_FILTER,FIXED_THRESHOLD_MAIN,NOT_APPLICABLE_FIXED_SCENARIO,INSUFFICIENT_TRAIN_SAMPLE,0,2026-07-01 11:00:00+00:00,2026-07-03 11:30:00+00:00
8,gate/hyperliquid,100,20,GATE_CAUSAL_ALLOWED_NORMAL_TRANSIENT,FIXED_THRESHOLD_MAIN,NOT_APPLICABLE_FIXED_SCENARIO,OK,15,2026-07-01 11:00:00+00:00,2026-07-03 11:30:00+00:00
8,gate/hyperliquid,100,40,GATE_CAUSAL_ALLOWED_NORMAL_TRANSIENT,FIXED_THRESHOLD_MAIN,NOT_APPLICABLE_FIXED_SCENARIO,OK,15,2026-07-01 11:00:00+00:00,2026-07-03 11:30:00+00:00
8,gate/hyperliquid,100,80,GATE_CAUSAL_ALLOWED_NORMAL_TRANSIENT,FIXED_THRESHOLD_MAIN,NOT_APPLICABLE_FIXED_SCENARIO,OK,15,2026-07-01 11:00:00+00:00,2026-07-03 11:30:00+00:00
8,gate/hyperliquid,150,20,GATE_CAUSAL_ALLOWED_NORMAL_TRANSIENT,FIXED_THRESHOLD_MAIN,NOT_APPLICABLE_FIXED_SCENARIO,OK,28,2026-07-01 11:00:00+00:00,2026-07-03 11:30:00+00:00
8,gate/hyperliquid,150,40,GATE_CAUSAL_ALLOWED_NORMAL_TRANSIENT,FIXED_THRESHOLD_MAIN,NOT_APPLICABLE_FIXED_SCENARIO,OK,28,2026-07-01 11:00:00+00:00,2026-07-03 11:30:00+00:00
8,gate/hyperliquid,150,80,GATE_CAUSAL_ALLOWED_NORMAL_TRANSIENT,FIXED_THRESHOLD_MAIN,NOT_APPLICABLE_FIXED_SCENARIO,OK,28,2026-07-01 11:00:00+00:00,2026-07-03 11:30:00+00:00
8,gate/hyperliquid,200,20,GATE_CAUSAL_ALLOWED_NORMAL_TRANSIENT,FIXED_THRESHOLD_MAIN,NOT_APPLICABLE_FIXED_SCENARIO,OK,26,2026-07-01 11:00:00+00:00,2026-07-03 11:30:00+00:00
8,gate/hyperliquid,200,40,GATE_CAUSAL_ALLOWED_NORMAL_TRANSIENT,FIXED_THRESHOLD_MAIN,NOT_APPLICABLE_FIXED_SCENARIO,OK,26,2026-07-01 11:00:00+00:00,2026-07-03 11:30:00+00:00
8,gate/hyperliquid,200,80,GATE_CAUSAL_ALLOWED_NORMAL_TRANSIENT,FIXED_THRESHOLD_MAIN,NOT_APPLICABLE_FIXED_SCENARIO,OK,26,2026-07-01 11:00:00+00:00,2026-07-03 11:30:00+00:00
8,gate/okx,100,20,GATE_CAUSAL_ALLOWED_NORMAL_TRANSIENT,FIXED_THRESHOLD_MAIN,NOT_APPLICABLE_FIXED_SCENARIO,INSUFFICIENT_TRAIN_SAMPLE,9,2026-07-01 11:00:00+00:00,2026-07-03 11:30:00+00:00
8,gate/okx,100,40,GATE_CAUSAL_ALLOWED_NORMAL_TRANSIENT,FIXED_THRESHOLD_MAIN,NOT_APPLICABLE_FIXED_SCENARIO,INSUFFICIENT_TRAIN_SAMPLE,9,2026-07-01 11:00:00+00:00,2026-07-03 11:30:00+00:00
8,gate/okx,100,80,GATE_CAUSAL_ALLOWED_NORMAL_TRANSIENT,FIXED_THRESHOLD_MAIN,NOT_APPLICABLE_FIXED_SCENARIO,INSUFFICIENT_TRAIN_SAMPLE,9,2026-07-01 11:00:00+00:00,2026-07-03 11:30:00+00:00
8,gate/okx,150,20,GATE_CAUSAL_ALLOWED_NORMAL_TRANSIENT,FIXED_THRESHOLD_MAIN,NOT_APPLICABLE_FIXED_SCENARIO,OK,34,2026-07-01 11:00:00+00:00,2026-07-03 11:30:00+00:00
8,gate/okx,150,40,GATE_CAUSAL_ALLOWED_NORMAL_TRANSIENT,FIXED_THRESHOLD_MAIN,NOT_APPLICABLE_FIXED_SCENARIO,OK,34,2026-07-01 11:00:00+00:00,2026-07-03 11:30:00+00:00
8,gate/okx,150,80,GATE_CAUSAL_ALLOWED_NORMAL_TRANSIENT,FIXED_THRESHOLD_MAIN,NOT_APPLICABLE_FIXED_SCENARIO,OK,34,2026-07-01 11:00:00+00:00,2026-07-03 11:30:00+00:00
8,gate/okx,200,20,GATE_CAUSAL_ALLOWED_NORMAL_TRANSIENT,FIXED_THRESHOLD_MAIN,NOT_APPLICABLE_FIXED_SCENARIO,OK,10,2026-07-01 11:00:00+00:00,2026-07-03 11:30:00+00:00
8,gate/okx,200,40,GATE_CAUSAL_ALLOWED_NORMAL_TRANSIENT,FIXED_THRESHOLD_MAIN,NOT_APPLICABLE_FIXED_SCENARIO,OK,10,2026-07-01 11:00:00+00:00,2026-07-03 11:30:00+00:00
8,gate/okx,200,80,GATE_CAUSAL_ALLOWED_NORMAL_TRANSIENT,FIXED_THRESHOLD_MAIN,NOT_APPLICABLE_FIXED_SCENARIO,OK,10,2026-07-01 11:00:00+00:00,2026-07-03 11:30:00+00:00
8,hyperliquid/okx,100,20,NO_GATE_REGIME_FILTER,FIXED_THRESHOLD_MAIN,NOT_APPLICABLE_FIXED_SCENARIO,INSUFFICIENT_TRAIN_SAMPLE,0,2026-07-01 11:00:00+00:00,2026-07-03 11:30:00+00:00
8,hyperliquid/okx,100,40,NO_GATE_REGIME_FILTER,FIXED_THRESHOLD_MAIN,NOT_APPLICABLE_FIXED_SCENARIO,INSUFFICIENT_TRAIN_SAMPLE,0,2026-07-01 11:00:00+00:00,2026-07-03 11:30:00+00:00
8,hyperliquid/okx,100,80,NO_GATE_REGIME_FILTER,FIXED_THRESHOLD_MAIN,NOT_APPLICABLE_FIXED_SCENARIO,INSUFFICIENT_TRAIN_SAMPLE,0,2026-07-01 11:00:00+00:00,2026-07-03 11:30:00+00:00
8,hyperliquid/okx,150,20,NO_GATE_REGIME_FILTER,FIXED_THRESHOLD_MAIN,NOT_APPLICABLE_FIXED_SCENARIO,INSUFFICIENT_TRAIN_SAMPLE,0,2026-07-01 11:00:00+00:00,2026-07-03 11:30:00+00:00
8,hyperliquid/okx,150,40,NO_GATE_REGIME_FILTER,FIXED_THRESHOLD_MAIN,NOT_APPLICABLE_FIXED_SCENARIO,INSUFFICIENT_TRAIN_SAMPLE,0,2026-07-01 11:00:00+00:00,2026-07-03 11:30:00+00:00
8,hyperliquid/okx,150,80,NO_GATE_REGIME_FILTER,FIXED_THRESHOLD_MAIN,NOT_APPLICABLE_FIXED_SCENARIO,INSUFFICIENT_TRAIN_SAMPLE,0,2026-07-01 11:00:00+00:00,2026-07-03 11:30:00+00:00
8,hyperliquid/okx,200,20,NO_GATE_REGIME_FILTER,FIXED_THRESHOLD_MAIN,NOT_APPLICABLE_FIXED_SCENARIO,INSUFFICIENT_TRAIN_SAMPLE,0,2026-07-01 11:00:00+00:00,2026-07-03 11:30:00+00:00
8,hyperliquid/okx,200,40,NO_GATE_REGIME_FILTER,FIXED_THRESHOLD_MAIN,NOT_APPLICABLE_FIXED_SCENARIO,INSUFFICIENT_TRAIN_SAMPLE,0,2026-07-01 11:00:00+00:00,2026-07-03 11:30:00+00:00
8,hyperliquid/okx,200,80,NO_GATE_REGIME_FILTER,FIXED_THRESHOLD_MAIN,NOT_APPLICABLE_FIXED_SCENARIO,INSUFFICIENT_TRAIN_SAMPLE,0,2026-07-01 11:00:00+00:00,2026-07-03 11:30:00+00:00
9,binance/bitget,100,20,NO_GATE_REGIME_FILTER,FIXED_THRESHOLD_MAIN,NOT_APPLICABLE_FIXED_SCENARIO,INSUFFICIENT_TRAIN_SAMPLE,0,2026-07-03 11:30:00+00:00,2026-07-05 12:00:00+00:00
9,binance/bitget,100,40,NO_GATE_REGIME_FILTER,FIXED_THRESHOLD_MAIN,NOT_APPLICABLE_FIXED_SCENARIO,INSUFFICIENT_TRAIN_SAMPLE,0,2026-07-03 11:30:00+00:00,2026-07-05 12:00:00+00:00
9,binance/bitget,100,80,NO_GATE_REGIME_FILTER,FIXED_THRESHOLD_MAIN,NOT_APPLICABLE_FIXED_SCENARIO,INSUFFICIENT_TRAIN_SAMPLE,0,2026-07-03 11:30:00+00:00,2026-07-05 12:00:00+00:00
9,binance/bitget,150,20,NO_GATE_REGIME_FILTER,FIXED_THRESHOLD_MAIN,NOT_APPLICABLE_FIXED_SCENARIO,INSUFFICIENT_TRAIN_SAMPLE,0,2026-07-03 11:30:00+00:00,2026-07-05 12:00:00+00:00
9,binance/bitget,150,40,NO_GATE_REGIME_FILTER,FIXED_THRESHOLD_MAIN,NOT_APPLICABLE_FIXED_SCENARIO,INSUFFICIENT_TRAIN_SAMPLE,0,2026-07-03 11:30:00+00:00,2026-07-05 12:00:00+00:00
9,binance/bitget,150,80,NO_GATE_REGIME_FILTER,FIXED_THRESHOLD_MAIN,NOT_APPLICABLE_FIXED_SCENARIO,INSUFFICIENT_TRAIN_SAMPLE,0,2026-07-03 11:30:00+00:00,2026-07-05 12:00:00+00:00
9,binance/bitget,200,20,NO_GATE_REGIME_FILTER,FIXED_THRESHOLD_MAIN,NOT_APPLICABLE_FIXED_SCENARIO,INSUFFICIENT_TRAIN_SAMPLE,0,2026-07-03 11:30:00+00:00,2026-07-05 12:00:00+00:00
9,binance/bitget,200,40,NO_GATE_REGIME_FILTER,FIXED_THRESHOLD_MAIN,NOT_APPLICABLE_FIXED_SCENARIO,INSUFFICIENT_TRAIN_SAMPLE,0,2026-07-03 11:30:00+00:00,2026-07-05 12:00:00+00:00
9,binance/bitget,200,80,NO_GATE_REGIME_FILTER,FIXED_THRESHOLD_MAIN,NOT_APPLICABLE_FIXED_SCENARIO,INSUFFICIENT_TRAIN_SAMPLE,0,2026-07-03 11:30:00+00:00,2026-07-05 12:00:00+00:00
9,binance/gate,100,20,GATE_CAUSAL_ALLOWED_NORMAL_TRANSIENT,FIXED_THRESHOLD_MAIN,NOT_APPLICABLE_FIXED_SCENARIO,INSUFFICIENT_TRAIN_SAMPLE,9,2026-07-03 11:30:00+00:00,2026-07-05 12:00:00+00:00
9,binance/gate,100,40,GATE_CAUSAL_ALLOWED_NORMAL_TRANSIENT,FIXED_THRESHOLD_MAIN,NOT_APPLICABLE_FIXED_SCENARIO,INSUFFICIENT_TRAIN_SAMPLE,9,2026-07-03 11:30:00+00:00,2026-07-05 12:00:00+00:00
9,binance/gate,100,80,GATE_CAUSAL_ALLOWED_NORMAL_TRANSIENT,FIXED_THRESHOLD_MAIN,NOT_APPLICABLE_FIXED_SCENARIO,INSUFFICIENT_TRAIN_SAMPLE,9,2026-07-03 11:30:00+00:00,2026-07-05 12:00:00+00:00
9,binance/gate,150,20,GATE_CAUSAL_ALLOWED_NORMAL_TRANSIENT,FIXED_THRESHOLD_MAIN,NOT_APPLICABLE_FIXED_SCENARIO,OK,33,2026-07-03 11:30:00+00:00,2026-07-05 12:00:00+00:00
9,binance/gate,150,40,GATE_CAUSAL_ALLOWED_NORMAL_TRANSIENT,FIXED_THRESHOLD_MAIN,NOT_APPLICABLE_FIXED_SCENARIO,OK,33,2026-07-03 11:30:00+00:00,2026-07-05 12:00:00+00:00
9,binance/gate,150,80,GATE_CAUSAL_ALLOWED_NORMAL_TRANSIENT,FIXED_THRESHOLD_MAIN,NOT_APPLICABLE_FIXED_SCENARIO,OK,33,2026-07-03 11:30:00+00:00,2026-07-05 12:00:00+00:00
9,binance/gate,200,20,GATE_CAUSAL_ALLOWED_NORMAL_TRANSIENT,FIXED_THRESHOLD_MAIN,NOT_APPLICABLE_FIXED_SCENARIO,INSUFFICIENT_TRAIN_SAMPLE,4,2026-07-03 11:30:00+00:00,2026-07-05 12:00:00+00:00
9,binance/gate,200,40,GATE_CAUSAL_ALLOWED_NORMAL_TRANSIENT,FIXED_THRESHOLD_MAIN,NOT_APPLICABLE_FIXED_SCENARIO,INSUFFICIENT_TRAIN_SAMPLE,4,2026-07-03 11:30:00+00:00,2026-07-05 12:00:00+00:00
9,binance/gate,200,80,GATE_CAUSAL_ALLOWED_NORMAL_TRANSIENT,FIXED_THRESHOLD_MAIN,NOT_APPLICABLE_FIXED_SCENARIO,INSUFFICIENT_TRAIN_SAMPLE,4,2026-07-03 11:30:00+00:00,2026-07-05 12:00:00+00:00
9,binance/hyperliquid,100,20,NO_GATE_REGIME_FILTER,FIXED_THRESHOLD_MAIN,NOT_APPLICABLE_FIXED_SCENARIO,INSUFFICIENT_TRAIN_SAMPLE,5,2026-07-03 11:30:00+00:00,2026-07-05 12:00:00+00:00
9,binance/hyperliquid,100,40,NO_GATE_REGIME_FILTER,FIXED_THRESHOLD_MAIN,NOT_APPLICABLE_FIXED_SCENARIO,INSUFFICIENT_TRAIN_SAMPLE,5,2026-07-03 11:30:00+00:00,2026-07-05 12:00:00+00:00
9,binance/hyperliquid,100,80,NO_GATE_REGIME_FILTER,FIXED_THRESHOLD_MAIN,NOT_APPLICABLE_FIXED_SCENARIO,INSUFFICIENT_TRAIN_SAMPLE,5,2026-07-03 11:30:00+00:00,2026-07-05 12:00:00+00:00
9,binance/hyperliquid,150,20,NO_GATE_REGIME_FILTER,FIXED_THRESHOLD_MAIN,NOT_APPLICABLE_FIXED_SCENARIO,INSUFFICIENT_TRAIN_SAMPLE,0,2026-07-03 11:30:00+00:00,2026-07-05 12:00:00+00:00
9,binance/hyperliquid,150,40,NO_GATE_REGIME_FILTER,FIXED_THRESHOLD_MAIN,NOT_APPLICABLE_FIXED_SCENARIO,INSUFFICIENT_TRAIN_SAMPLE,0,2026-07-03 11:30:00+00:00,2026-07-05 12:00:00+00:00
9,binance/hyperliquid,150,80,NO_GATE_REGIME_FILTER,FIXED_THRESHOLD_MAIN,NOT_APPLICABLE_FIXED_SCENARIO,INSUFFICIENT_TRAIN_SAMPLE,0,2026-07-03 11:30:00+00:00,2026-07-05 12:00:00+00:00
9,binance/hyperliquid,200,20,NO_GATE_REGIME_FILTER,FIXED_THRESHOLD_MAIN,NOT_APPLICABLE_FIXED_SCENARIO,INSUFFICIENT_TRAIN_SAMPLE,0,2026-07-03 11:30:00+00:00,2026-07-05 12:00:00+00:00
9,binance/hyperliquid,200,40,NO_GATE_REGIME_FILTER,FIXED_THRESHOLD_MAIN,NOT_APPLICABLE_FIXED_SCENARIO,INSUFFICIENT_TRAIN_SAMPLE,0,2026-07-03 11:30:00+00:00,2026-07-05 12:00:00+00:00
9,binance/hyperliquid,200,80,NO_GATE_REGIME_FILTER,FIXED_THRESHOLD_MAIN,NOT_APPLICABLE_FIXED_SCENARIO,INSUFFICIENT_TRAIN_SAMPLE,0,2026-07-03 11:30:00+00:00,2026-07-05 12:00:00+00:00
9,binance/okx,100,20,NO_GATE_REGIME_FILTER,FIXED_THRESHOLD_MAIN,NOT_APPLICABLE_FIXED_SCENARIO,INSUFFICIENT_TRAIN_SAMPLE,0,2026-07-03 11:30:00+00:00,2026-07-05 12:00:00+00:00
9,binance/okx,100,40,NO_GATE_REGIME_FILTER,FIXED_THRESHOLD_MAIN,NOT_APPLICABLE_FIXED_SCENARIO,INSUFFICIENT_TRAIN_SAMPLE,0,2026-07-03 11:30:00+00:00,2026-07-05 12:00:00+00:00
9,binance/okx,100,80,NO_GATE_REGIME_FILTER,FIXED_THRESHOLD_MAIN,NOT_APPLICABLE_FIXED_SCENARIO,INSUFFICIENT_TRAIN_SAMPLE,0,2026-07-03 11:30:00+00:00,2026-07-05 12:00:00+00:00
9,binance/okx,150,20,NO_GATE_REGIME_FILTER,FIXED_THRESHOLD_MAIN,NOT_APPLICABLE_FIXED_SCENARIO,INSUFFICIENT_TRAIN_SAMPLE,0,2026-07-03 11:30:00+00:00,2026-07-05 12:00:00+00:00
9,binance/okx,150,40,NO_GATE_REGIME_FILTER,FIXED_THRESHOLD_MAIN,NOT_APPLICABLE_FIXED_SCENARIO,INSUFFICIENT_TRAIN_SAMPLE,0,2026-07-03 11:30:00+00:00,2026-07-05 12:00:00+00:00
9,binance/okx,150,80,NO_GATE_REGIME_FILTER,FIXED_THRESHOLD_MAIN,NOT_APPLICABLE_FIXED_SCENARIO,INSUFFICIENT_TRAIN_SAMPLE,0,2026-07-03 11:30:00+00:00,2026-07-05 12:00:00+00:00
9,binance/okx,200,20,NO_GATE_REGIME_FILTER,FIXED_THRESHOLD_MAIN,NOT_APPLICABLE_FIXED_SCENARIO,INSUFFICIENT_TRAIN_SAMPLE,0,2026-07-03 11:30:00+00:00,2026-07-05 12:00:00+00:00
9,binance/okx,200,40,NO_GATE_REGIME_FILTER,FIXED_THRESHOLD_MAIN,NOT_APPLICABLE_FIXED_SCENARIO,INSUFFICIENT_TRAIN_SAMPLE,0,2026-07-03 11:30:00+00:00,2026-07-05 12:00:00+00:00
9,binance/okx,200,80,NO_GATE_REGIME_FILTER,FIXED_THRESHOLD_MAIN,NOT_APPLICABLE_FIXED_SCENARIO,INSUFFICIENT_TRAIN_SAMPLE,0,2026-07-03 11:30:00+00:00,2026-07-05 12:00:00+00:00
9,bitget/gate,100,20,GATE_CAUSAL_ALLOWED_NORMAL_TRANSIENT,FIXED_THRESHOLD_MAIN,NOT_APPLICABLE_FIXED_SCENARIO,OK,20,2026-07-03 11:30:00+00:00,2026-07-05 12:00:00+00:00
9,bitget/gate,100,40,GATE_CAUSAL_ALLOWED_NORMAL_TRANSIENT,FIXED_THRESHOLD_MAIN,NOT_APPLICABLE_FIXED_SCENARIO,OK,20,2026-07-03 11:30:00+00:00,2026-07-05 12:00:00+00:00
9,bitget/gate,100,80,GATE_CAUSAL_ALLOWED_NORMAL_TRANSIENT,FIXED_THRESHOLD_MAIN,NOT_APPLICABLE_FIXED_SCENARIO,OK,20,2026-07-03 11:30:00+00:00,2026-07-05 12:00:00+00:00
9,bitget/gate,150,20,GATE_CAUSAL_ALLOWED_NORMAL_TRANSIENT,FIXED_THRESHOLD_MAIN,NOT_APPLICABLE_FIXED_SCENARIO,OK,11,2026-07-03 11:30:00+00:00,2026-07-05 12:00:00+00:00
9,bitget/gate,150,40,GATE_CAUSAL_ALLOWED_NORMAL_TRANSIENT,FIXED_THRESHOLD_MAIN,NOT_APPLICABLE_FIXED_SCENARIO,OK,11,2026-07-03 11:30:00+00:00,2026-07-05 12:00:00+00:00
9,bitget/gate,150,80,GATE_CAUSAL_ALLOWED_NORMAL_TRANSIENT,FIXED_THRESHOLD_MAIN,NOT_APPLICABLE_FIXED_SCENARIO,OK,11,2026-07-03 11:30:00+00:00,2026-07-05 12:00:00+00:00
9,bitget/gate,200,20,GATE_CAUSAL_ALLOWED_NORMAL_TRANSIENT,FIXED_THRESHOLD_MAIN,NOT_APPLICABLE_FIXED_SCENARIO,INSUFFICIENT_TRAIN_SAMPLE,3,2026-07-03 11:30:00+00:00,2026-07-05 12:00:00+00:00
9,bitget/gate,200,40,GATE_CAUSAL_ALLOWED_NORMAL_TRANSIENT,FIXED_THRESHOLD_MAIN,NOT_APPLICABLE_FIXED_SCENARIO,INSUFFICIENT_TRAIN_SAMPLE,3,2026-07-03 11:30:00+00:00,2026-07-05 12:00:00+00:00
9,bitget/gate,200,80,GATE_CAUSAL_ALLOWED_NORMAL_TRANSIENT,FIXED_THRESHOLD_MAIN,NOT_APPLICABLE_FIXED_SCENARIO,INSUFFICIENT_TRAIN_SAMPLE,3,2026-07-03 11:30:00+00:00,2026-07-05 12:00:00+00:00
9,bitget/hyperliquid,100,20,NO_GATE_REGIME_FILTER,FIXED_THRESHOLD_MAIN,NOT_APPLICABLE_FIXED_SCENARIO,INSUFFICIENT_TRAIN_SAMPLE,7,2026-07-03 11:30:00+00:00,2026-07-05 12:00:00+00:00
9,bitget/hyperliquid,100,40,NO_GATE_REGIME_FILTER,FIXED_THRESHOLD_MAIN,NOT_APPLICABLE_FIXED_SCENARIO,INSUFFICIENT_TRAIN_SAMPLE,7,2026-07-03 11:30:00+00:00,2026-07-05 12:00:00+00:00
9,bitget/hyperliquid,100,80,NO_GATE_REGIME_FILTER,FIXED_THRESHOLD_MAIN,NOT_APPLICABLE_FIXED_SCENARIO,INSUFFICIENT_TRAIN_SAMPLE,7,2026-07-03 11:30:00+00:00,2026-07-05 12:00:00+00:00
9,bitget/hyperliquid,150,20,NO_GATE_REGIME_FILTER,FIXED_THRESHOLD_MAIN,NOT_APPLICABLE_FIXED_SCENARIO,INSUFFICIENT_TRAIN_SAMPLE,0,2026-07-03 11:30:00+00:00,2026-07-05 12:00:00+00:00
9,bitget/hyperliquid,150,40,NO_GATE_REGIME_FILTER,FIXED_THRESHOLD_MAIN,NOT_APPLICABLE_FIXED_SCENARIO,INSUFFICIENT_TRAIN_SAMPLE,0,2026-07-03 11:30:00+00:00,2026-07-05 12:00:00+00:00
9,bitget/hyperliquid,150,80,NO_GATE_REGIME_FILTER,FIXED_THRESHOLD_MAIN,NOT_APPLICABLE_FIXED_SCENARIO,INSUFFICIENT_TRAIN_SAMPLE,0,2026-07-03 11:30:00+00:00,2026-07-05 12:00:00+00:00
9,bitget/hyperliquid,200,20,NO_GATE_REGIME_FILTER,FIXED_THRESHOLD_MAIN,NOT_APPLICABLE_FIXED_SCENARIO,INSUFFICIENT_TRAIN_SAMPLE,0,2026-07-03 11:30:00+00:00,2026-07-05 12:00:00+00:00
9,bitget/hyperliquid,200,40,NO_GATE_REGIME_FILTER,FIXED_THRESHOLD_MAIN,NOT_APPLICABLE_FIXED_SCENARIO,INSUFFICIENT_TRAIN_SAMPLE,0,2026-07-03 11:30:00+00:00,2026-07-05 12:00:00+00:00
9,bitget/hyperliquid,200,80,NO_GATE_REGIME_FILTER,FIXED_THRESHOLD_MAIN,NOT_APPLICABLE_FIXED_SCENARIO,INSUFFICIENT_TRAIN_SAMPLE,0,2026-07-03 11:30:00+00:00,2026-07-05 12:00:00+00:00
9,bitget/okx,100,20,NO_GATE_REGIME_FILTER,FIXED_THRESHOLD_MAIN,NOT_APPLICABLE_FIXED_SCENARIO,INSUFFICIENT_TRAIN_SAMPLE,1,2026-07-03 11:30:00+00:00,2026-07-05 12:00:00+00:00
9,bitget/okx,100,40,NO_GATE_REGIME_FILTER,FIXED_THRESHOLD_MAIN,NOT_APPLICABLE_FIXED_SCENARIO,INSUFFICIENT_TRAIN_SAMPLE,1,2026-07-03 11:30:00+00:00,2026-07-05 12:00:00+00:00
9,bitget/okx,100,80,NO_GATE_REGIME_FILTER,FIXED_THRESHOLD_MAIN,NOT_APPLICABLE_FIXED_SCENARIO,INSUFFICIENT_TRAIN_SAMPLE,1,2026-07-03 11:30:00+00:00,2026-07-05 12:00:00+00:00
9,bitget/okx,150,20,NO_GATE_REGIME_FILTER,FIXED_THRESHOLD_MAIN,NOT_APPLICABLE_FIXED_SCENARIO,INSUFFICIENT_TRAIN_SAMPLE,0,2026-07-03 11:30:00+00:00,2026-07-05 12:00:00+00:00
9,bitget/okx,150,40,NO_GATE_REGIME_FILTER,FIXED_THRESHOLD_MAIN,NOT_APPLICABLE_FIXED_SCENARIO,INSUFFICIENT_TRAIN_SAMPLE,0,2026-07-03 11:30:00+00:00,2026-07-05 12:00:00+00:00
9,bitget/okx,150,80,NO_GATE_REGIME_FILTER,FIXED_THRESHOLD_MAIN,NOT_APPLICABLE_FIXED_SCENARIO,INSUFFICIENT_TRAIN_SAMPLE,0,2026-07-03 11:30:00+00:00,2026-07-05 12:00:00+00:00
9,bitget/okx,200,20,NO_GATE_REGIME_FILTER,FIXED_THRESHOLD_MAIN,NOT_APPLICABLE_FIXED_SCENARIO,INSUFFICIENT_TRAIN_SAMPLE,0,2026-07-03 11:30:00+00:00,2026-07-05 12:00:00+00:00
9,bitget/okx,200,40,NO_GATE_REGIME_FILTER,FIXED_THRESHOLD_MAIN,NOT_APPLICABLE_FIXED_SCENARIO,INSUFFICIENT_TRAIN_SAMPLE,0,2026-07-03 11:30:00+00:00,2026-07-05 12:00:00+00:00
9,bitget/okx,200,80,NO_GATE_REGIME_FILTER,FIXED_THRESHOLD_MAIN,NOT_APPLICABLE_FIXED_SCENARIO,INSUFFICIENT_TRAIN_SAMPLE,0,2026-07-03 11:30:00+00:00,2026-07-05 12:00:00+00:00
9,gate/hyperliquid,100,20,GATE_CAUSAL_ALLOWED_NORMAL_TRANSIENT,FIXED_THRESHOLD_MAIN,NOT_APPLICABLE_FIXED_SCENARIO,INSUFFICIENT_TRAIN_SAMPLE,8,2026-07-03 11:30:00+00:00,2026-07-05 12:00:00+00:00
9,gate/hyperliquid,100,40,GATE_CAUSAL_ALLOWED_NORMAL_TRANSIENT,FIXED_THRESHOLD_MAIN,NOT_APPLICABLE_FIXED_SCENARIO,INSUFFICIENT_TRAIN_SAMPLE,8,2026-07-03 11:30:00+00:00,2026-07-05 12:00:00+00:00
9,gate/hyperliquid,100,80,GATE_CAUSAL_ALLOWED_NORMAL_TRANSIENT,FIXED_THRESHOLD_MAIN,NOT_APPLICABLE_FIXED_SCENARIO,INSUFFICIENT_TRAIN_SAMPLE,8,2026-07-03 11:30:00+00:00,2026-07-05 12:00:00+00:00
9,gate/hyperliquid,150,20,GATE_CAUSAL_ALLOWED_NORMAL_TRANSIENT,FIXED_THRESHOLD_MAIN,NOT_APPLICABLE_FIXED_SCENARIO,OK,24,2026-07-03 11:30:00+00:00,2026-07-05 12:00:00+00:00
9,gate/hyperliquid,150,40,GATE_CAUSAL_ALLOWED_NORMAL_TRANSIENT,FIXED_THRESHOLD_MAIN,NOT_APPLICABLE_FIXED_SCENARIO,OK,24,2026-07-03 11:30:00+00:00,2026-07-05 12:00:00+00:00
9,gate/hyperliquid,150,80,GATE_CAUSAL_ALLOWED_NORMAL_TRANSIENT,FIXED_THRESHOLD_MAIN,NOT_APPLICABLE_FIXED_SCENARIO,OK,24,2026-07-03 11:30:00+00:00,2026-07-05 12:00:00+00:00
9,gate/hyperliquid,200,20,GATE_CAUSAL_ALLOWED_NORMAL_TRANSIENT,FIXED_THRESHOLD_MAIN,NOT_APPLICABLE_FIXED_SCENARIO,OK,26,2026-07-03 11:30:00+00:00,2026-07-05 12:00:00+00:00
9,gate/hyperliquid,200,40,GATE_CAUSAL_ALLOWED_NORMAL_TRANSIENT,FIXED_THRESHOLD_MAIN,NOT_APPLICABLE_FIXED_SCENARIO,OK,26,2026-07-03 11:30:00+00:00,2026-07-05 12:00:00+00:00
9,gate/hyperliquid,200,80,GATE_CAUSAL_ALLOWED_NORMAL_TRANSIENT,FIXED_THRESHOLD_MAIN,NOT_APPLICABLE_FIXED_SCENARIO,OK,26,2026-07-03 11:30:00+00:00,2026-07-05 12:00:00+00:00
9,gate/okx,100,20,GATE_CAUSAL_ALLOWED_NORMAL_TRANSIENT,FIXED_THRESHOLD_MAIN,NOT_APPLICABLE_FIXED_SCENARIO,OK,15,2026-07-03 11:30:00+00:00,2026-07-05 12:00:00+00:00
9,gate/okx,100,40,GATE_CAUSAL_ALLOWED_NORMAL_TRANSIENT,FIXED_THRESHOLD_MAIN,NOT_APPLICABLE_FIXED_SCENARIO,OK,15,2026-07-03 11:30:00+00:00,2026-07-05 12:00:00+00:00
9,gate/okx,100,80,GATE_CAUSAL_ALLOWED_NORMAL_TRANSIENT,FIXED_THRESHOLD_MAIN,NOT_APPLICABLE_FIXED_SCENARIO,OK,15,2026-07-03 11:30:00+00:00,2026-07-05 12:00:00+00:00
9,gate/okx,150,20,GATE_CAUSAL_ALLOWED_NORMAL_TRANSIENT,FIXED_THRESHOLD_MAIN,NOT_APPLICABLE_FIXED_SCENARIO,OK,34,2026-07-03 11:30:00+00:00,2026-07-05 12:00:00+00:00
9,gate/okx,150,40,GATE_CAUSAL_ALLOWED_NORMAL_TRANSIENT,FIXED_THRESHOLD_MAIN,NOT_APPLICABLE_FIXED_SCENARIO,OK,34,2026-07-03 11:30:00+00:00,2026-07-05 12:00:00+00:00
9,gate/okx,150,80,GATE_CAUSAL_ALLOWED_NORMAL_TRANSIENT,FIXED_THRESHOLD_MAIN,NOT_APPLICABLE_FIXED_SCENARIO,OK,34,2026-07-03 11:30:00+00:00,2026-07-05 12:00:00+00:00
9,gate/okx,200,20,GATE_CAUSAL_ALLOWED_NORMAL_TRANSIENT,FIXED_THRESHOLD_MAIN,NOT_APPLICABLE_FIXED_SCENARIO,INSUFFICIENT_TRAIN_SAMPLE,6,2026-07-03 11:30:00+00:00,2026-07-05 12:00:00+00:00
9,gate/okx,200,40,GATE_CAUSAL_ALLOWED_NORMAL_TRANSIENT,FIXED_THRESHOLD_MAIN,NOT_APPLICABLE_FIXED_SCENARIO,INSUFFICIENT_TRAIN_SAMPLE,6,2026-07-03 11:30:00+00:00,2026-07-05 12:00:00+00:00
9,gate/okx,200,80,GATE_CAUSAL_ALLOWED_NORMAL_TRANSIENT,FIXED_THRESHOLD_MAIN,NOT_APPLICABLE_FIXED_SCENARIO,INSUFFICIENT_TRAIN_SAMPLE,6,2026-07-03 11:30:00+00:00,2026-07-05 12:00:00+00:00
9,hyperliquid/okx,100,20,NO_GATE_REGIME_FILTER,FIXED_THRESHOLD_MAIN,NOT_APPLICABLE_FIXED_SCENARIO,INSUFFICIENT_TRAIN_SAMPLE,1,2026-07-03 11:30:00+00:00,2026-07-05 12:00:00+00:00
9,hyperliquid/okx,100,40,NO_GATE_REGIME_FILTER,FIXED_THRESHOLD_MAIN,NOT_APPLICABLE_FIXED_SCENARIO,INSUFFICIENT_TRAIN_SAMPLE,1,2026-07-03 11:30:00+00:00,2026-07-05 12:00:00+00:00
9,hyperliquid/okx,100,80,NO_GATE_REGIME_FILTER,FIXED_THRESHOLD_MAIN,NOT_APPLICABLE_FIXED_SCENARIO,INSUFFICIENT_TRAIN_SAMPLE,1,2026-07-03 11:30:00+00:00,2026-07-05 12:00:00+00:00
9,hyperliquid/okx,150,20,NO_GATE_REGIME_FILTER,FIXED_THRESHOLD_MAIN,NOT_APPLICABLE_FIXED_SCENARIO,INSUFFICIENT_TRAIN_SAMPLE,0,2026-07-03 11:30:00+00:00,2026-07-05 12:00:00+00:00
9,hyperliquid/okx,150,40,NO_GATE_REGIME_FILTER,FIXED_THRESHOLD_MAIN,NOT_APPLICABLE_FIXED_SCENARIO,INSUFFICIENT_TRAIN_SAMPLE,0,2026-07-03 11:30:00+00:00,2026-07-05 12:00:00+00:00
9,hyperliquid/okx,150,80,NO_GATE_REGIME_FILTER,FIXED_THRESHOLD_MAIN,NOT_APPLICABLE_FIXED_SCENARIO,INSUFFICIENT_TRAIN_SAMPLE,0,2026-07-03 11:30:00+00:00,2026-07-05 12:00:00+00:00
9,hyperliquid/okx,200,20,NO_GATE_REGIME_FILTER,FIXED_THRESHOLD_MAIN,NOT_APPLICABLE_FIXED_SCENARIO,INSUFFICIENT_TRAIN_SAMPLE,0,2026-07-03 11:30:00+00:00,2026-07-05 12:00:00+00:00
9,hyperliquid/okx,200,40,NO_GATE_REGIME_FILTER,FIXED_THRESHOLD_MAIN,NOT_APPLICABLE_FIXED_SCENARIO,INSUFFICIENT_TRAIN_SAMPLE,0,2026-07-03 11:30:00+00:00,2026-07-05 12:00:00+00:00
9,hyperliquid/okx,200,80,NO_GATE_REGIME_FILTER,FIXED_THRESHOLD_MAIN,NOT_APPLICABLE_FIXED_SCENARIO,INSUFFICIENT_TRAIN_SAMPLE,0,2026-07-03 11:30:00+00:00,2026-07-05 12:00:00+00:00
10,binance/bitget,100,20,NO_GATE_REGIME_FILTER,FIXED_THRESHOLD_MAIN,NOT_APPLICABLE_FIXED_SCENARIO,INSUFFICIENT_TRAIN_SAMPLE,0,2026-07-05 12:00:00+00:00,2026-07-07 12:30:00+00:00
10,binance/bitget,100,40,NO_GATE_REGIME_FILTER,FIXED_THRESHOLD_MAIN,NOT_APPLICABLE_FIXED_SCENARIO,INSUFFICIENT_TRAIN_SAMPLE,0,2026-07-05 12:00:00+00:00,2026-07-07 12:30:00+00:00
10,binance/bitget,100,80,NO_GATE_REGIME_FILTER,FIXED_THRESHOLD_MAIN,NOT_APPLICABLE_FIXED_SCENARIO,INSUFFICIENT_TRAIN_SAMPLE,0,2026-07-05 12:00:00+00:00,2026-07-07 12:30:00+00:00
10,binance/bitget,150,20,NO_GATE_REGIME_FILTER,FIXED_THRESHOLD_MAIN,NOT_APPLICABLE_FIXED_SCENARIO,INSUFFICIENT_TRAIN_SAMPLE,0,2026-07-05 12:00:00+00:00,2026-07-07 12:30:00+00:00
10,binance/bitget,150,40,NO_GATE_REGIME_FILTER,FIXED_THRESHOLD_MAIN,NOT_APPLICABLE_FIXED_SCENARIO,INSUFFICIENT_TRAIN_SAMPLE,0,2026-07-05 12:00:00+00:00,2026-07-07 12:30:00+00:00
10,binance/bitget,150,80,NO_GATE_REGIME_FILTER,FIXED_THRESHOLD_MAIN,NOT_APPLICABLE_FIXED_SCENARIO,INSUFFICIENT_TRAIN_SAMPLE,0,2026-07-05 12:00:00+00:00,2026-07-07 12:30:00+00:00
10,binance/bitget,200,20,NO_GATE_REGIME_FILTER,FIXED_THRESHOLD_MAIN,NOT_APPLICABLE_FIXED_SCENARIO,INSUFFICIENT_TRAIN_SAMPLE,0,2026-07-05 12:00:00+00:00,2026-07-07 12:30:00+00:00
10,binance/bitget,200,40,NO_GATE_REGIME_FILTER,FIXED_THRESHOLD_MAIN,NOT_APPLICABLE_FIXED_SCENARIO,INSUFFICIENT_TRAIN_SAMPLE,0,2026-07-05 12:00:00+00:00,2026-07-07 12:30:00+00:00
10,binance/bitget,200,80,NO_GATE_REGIME_FILTER,FIXED_THRESHOLD_MAIN,NOT_APPLICABLE_FIXED_SCENARIO,INSUFFICIENT_TRAIN_SAMPLE,0,2026-07-05 12:00:00+00:00,2026-07-07 12:30:00+00:00
10,binance/gate,100,20,GATE_CAUSAL_ALLOWED_NORMAL_TRANSIENT,FIXED_THRESHOLD_MAIN,NOT_APPLICABLE_FIXED_SCENARIO,INSUFFICIENT_TRAIN_SAMPLE,9,2026-07-05 12:00:00+00:00,2026-07-07 12:30:00+00:00
10,binance/gate,100,40,GATE_CAUSAL_ALLOWED_NORMAL_TRANSIENT,FIXED_THRESHOLD_MAIN,NOT_APPLICABLE_FIXED_SCENARIO,INSUFFICIENT_TRAIN_SAMPLE,9,2026-07-05 12:00:00+00:00,2026-07-07 12:30:00+00:00
10,binance/gate,100,80,GATE_CAUSAL_ALLOWED_NORMAL_TRANSIENT,FIXED_THRESHOLD_MAIN,NOT_APPLICABLE_FIXED_SCENARIO,INSUFFICIENT_TRAIN_SAMPLE,9,2026-07-05 12:00:00+00:00,2026-07-07 12:30:00+00:00
10,binance/gate,150,20,GATE_CAUSAL_ALLOWED_NORMAL_TRANSIENT,FIXED_THRESHOLD_MAIN,NOT_APPLICABLE_FIXED_SCENARIO,OK,20,2026-07-05 12:00:00+00:00,2026-07-07 12:30:00+00:00
10,binance/gate,150,40,GATE_CAUSAL_ALLOWED_NORMAL_TRANSIENT,FIXED_THRESHOLD_MAIN,NOT_APPLICABLE_FIXED_SCENARIO,OK,20,2026-07-05 12:00:00+00:00,2026-07-07 12:30:00+00:00
10,binance/gate,150,80,GATE_CAUSAL_ALLOWED_NORMAL_TRANSIENT,FIXED_THRESHOLD_MAIN,NOT_APPLICABLE_FIXED_SCENARIO,OK,20,2026-07-05 12:00:00+00:00,2026-07-07 12:30:00+00:00
10,binance/gate,200,20,GATE_CAUSAL_ALLOWED_NORMAL_TRANSIENT,FIXED_THRESHOLD_MAIN,NOT_APPLICABLE_FIXED_SCENARIO,INSUFFICIENT_TRAIN_SAMPLE,4,2026-07-05 12:00:00+00:00,2026-07-07 12:30:00+00:00
10,binance/gate,200,40,GATE_CAUSAL_ALLOWED_NORMAL_TRANSIENT,FIXED_THRESHOLD_MAIN,NOT_APPLICABLE_FIXED_SCENARIO,INSUFFICIENT_TRAIN_SAMPLE,4,2026-07-05 12:00:00+00:00,2026-07-07 12:30:00+00:00
10,binance/gate,200,80,GATE_CAUSAL_ALLOWED_NORMAL_TRANSIENT,FIXED_THRESHOLD_MAIN,NOT_APPLICABLE_FIXED_SCENARIO,INSUFFICIENT_TRAIN_SAMPLE,4,2026-07-05 12:00:00+00:00,2026-07-07 12:30:00+00:00
10,binance/hyperliquid,100,20,NO_GATE_REGIME_FILTER,FIXED_THRESHOLD_MAIN,NOT_APPLICABLE_FIXED_SCENARIO,INSUFFICIENT_TRAIN_SAMPLE,5,2026-07-05 12:00:00+00:00,2026-07-07 12:30:00+00:00
10,binance/hyperliquid,100,40,NO_GATE_REGIME_FILTER,FIXED_THRESHOLD_MAIN,NOT_APPLICABLE_FIXED_SCENARIO,INSUFFICIENT_TRAIN_SAMPLE,5,2026-07-05 12:00:00+00:00,2026-07-07 12:30:00+00:00
10,binance/hyperliquid,100,80,NO_GATE_REGIME_FILTER,FIXED_THRESHOLD_MAIN,NOT_APPLICABLE_FIXED_SCENARIO,INSUFFICIENT_TRAIN_SAMPLE,5,2026-07-05 12:00:00+00:00,2026-07-07 12:30:00+00:00
10,binance/hyperliquid,150,20,NO_GATE_REGIME_FILTER,FIXED_THRESHOLD_MAIN,NOT_APPLICABLE_FIXED_SCENARIO,INSUFFICIENT_TRAIN_SAMPLE,0,2026-07-05 12:00:00+00:00,2026-07-07 12:30:00+00:00
10,binance/hyperliquid,150,40,NO_GATE_REGIME_FILTER,FIXED_THRESHOLD_MAIN,NOT_APPLICABLE_FIXED_SCENARIO,INSUFFICIENT_TRAIN_SAMPLE,0,2026-07-05 12:00:00+00:00,2026-07-07 12:30:00+00:00
10,binance/hyperliquid,150,80,NO_GATE_REGIME_FILTER,FIXED_THRESHOLD_MAIN,NOT_APPLICABLE_FIXED_SCENARIO,INSUFFICIENT_TRAIN_SAMPLE,0,2026-07-05 12:00:00+00:00,2026-07-07 12:30:00+00:00
10,binance/hyperliquid,200,20,NO_GATE_REGIME_FILTER,FIXED_THRESHOLD_MAIN,NOT_APPLICABLE_FIXED_SCENARIO,INSUFFICIENT_TRAIN_SAMPLE,0,2026-07-05 12:00:00+00:00,2026-07-07 12:30:00+00:00
10,binance/hyperliquid,200,40,NO_GATE_REGIME_FILTER,FIXED_THRESHOLD_MAIN,NOT_APPLICABLE_FIXED_SCENARIO,INSUFFICIENT_TRAIN_SAMPLE,0,2026-07-05 12:00:00+00:00,2026-07-07 12:30:00+00:00
10,binance/hyperliquid,200,80,NO_GATE_REGIME_FILTER,FIXED_THRESHOLD_MAIN,NOT_APPLICABLE_FIXED_SCENARIO,INSUFFICIENT_TRAIN_SAMPLE,0,2026-07-05 12:00:00+00:00,2026-07-07 12:30:00+00:00
10,binance/okx,100,20,NO_GATE_REGIME_FILTER,FIXED_THRESHOLD_MAIN,NOT_APPLICABLE_FIXED_SCENARIO,INSUFFICIENT_TRAIN_SAMPLE,0,2026-07-05 12:00:00+00:00,2026-07-07 12:30:00+00:00
10,binance/okx,100,40,NO_GATE_REGIME_FILTER,FIXED_THRESHOLD_MAIN,NOT_APPLICABLE_FIXED_SCENARIO,INSUFFICIENT_TRAIN_SAMPLE,0,2026-07-05 12:00:00+00:00,2026-07-07 12:30:00+00:00
10,binance/okx,100,80,NO_GATE_REGIME_FILTER,FIXED_THRESHOLD_MAIN,NOT_APPLICABLE_FIXED_SCENARIO,INSUFFICIENT_TRAIN_SAMPLE,0,2026-07-05 12:00:00+00:00,2026-07-07 12:30:00+00:00
10,binance/okx,150,20,NO_GATE_REGIME_FILTER,FIXED_THRESHOLD_MAIN,NOT_APPLICABLE_FIXED_SCENARIO,INSUFFICIENT_TRAIN_SAMPLE,0,2026-07-05 12:00:00+00:00,2026-07-07 12:30:00+00:00
10,binance/okx,150,40,NO_GATE_REGIME_FILTER,FIXED_THRESHOLD_MAIN,NOT_APPLICABLE_FIXED_SCENARIO,INSUFFICIENT_TRAIN_SAMPLE,0,2026-07-05 12:00:00+00:00,2026-07-07 12:30:00+00:00
10,binance/okx,150,80,NO_GATE_REGIME_FILTER,FIXED_THRESHOLD_MAIN,NOT_APPLICABLE_FIXED_SCENARIO,INSUFFICIENT_TRAIN_SAMPLE,0,2026-07-05 12:00:00+00:00,2026-07-07 12:30:00+00:00
10,binance/okx,200,20,NO_GATE_REGIME_FILTER,FIXED_THRESHOLD_MAIN,NOT_APPLICABLE_FIXED_SCENARIO,INSUFFICIENT_TRAIN_SAMPLE,0,2026-07-05 12:00:00+00:00,2026-07-07 12:30:00+00:00
10,binance/okx,200,40,NO_GATE_REGIME_FILTER,FIXED_THRESHOLD_MAIN,NOT_APPLICABLE_FIXED_SCENARIO,INSUFFICIENT_TRAIN_SAMPLE,0,2026-07-05 12:00:00+00:00,2026-07-07 12:30:00+00:00
10,binance/okx,200,80,NO_GATE_REGIME_FILTER,FIXED_THRESHOLD_MAIN,NOT_APPLICABLE_FIXED_SCENARIO,INSUFFICIENT_TRAIN_SAMPLE,0,2026-07-05 12:00:00+00:00,2026-07-07 12:30:00+00:00
10,bitget/gate,100,20,GATE_CAUSAL_ALLOWED_NORMAL_TRANSIENT,FIXED_THRESHOLD_MAIN,NOT_APPLICABLE_FIXED_SCENARIO,OK,10,2026-07-05 12:00:00+00:00,2026-07-07 12:30:00+00:00
10,bitget/gate,100,40,GATE_CAUSAL_ALLOWED_NORMAL_TRANSIENT,FIXED_THRESHOLD_MAIN,NOT_APPLICABLE_FIXED_SCENARIO,OK,10,2026-07-05 12:00:00+00:00,2026-07-07 12:30:00+00:00
10,bitget/gate,100,80,GATE_CAUSAL_ALLOWED_NORMAL_TRANSIENT,FIXED_THRESHOLD_MAIN,NOT_APPLICABLE_FIXED_SCENARIO,OK,10,2026-07-05 12:00:00+00:00,2026-07-07 12:30:00+00:00
10,bitget/gate,150,20,GATE_CAUSAL_ALLOWED_NORMAL_TRANSIENT,FIXED_THRESHOLD_MAIN,NOT_APPLICABLE_FIXED_SCENARIO,OK,11,2026-07-05 12:00:00+00:00,2026-07-07 12:30:00+00:00
10,bitget/gate,150,40,GATE_CAUSAL_ALLOWED_NORMAL_TRANSIENT,FIXED_THRESHOLD_MAIN,NOT_APPLICABLE_FIXED_SCENARIO,OK,11,2026-07-05 12:00:00+00:00,2026-07-07 12:30:00+00:00
10,bitget/gate,150,80,GATE_CAUSAL_ALLOWED_NORMAL_TRANSIENT,FIXED_THRESHOLD_MAIN,NOT_APPLICABLE_FIXED_SCENARIO,OK,11,2026-07-05 12:00:00+00:00,2026-07-07 12:30:00+00:00
10,bitget/gate,200,20,GATE_CAUSAL_ALLOWED_NORMAL_TRANSIENT,FIXED_THRESHOLD_MAIN,NOT_APPLICABLE_FIXED_SCENARIO,INSUFFICIENT_TRAIN_SAMPLE,3,2026-07-05 12:00:00+00:00,2026-07-07 12:30:00+00:00
10,bitget/gate,200,40,GATE_CAUSAL_ALLOWED_NORMAL_TRANSIENT,FIXED_THRESHOLD_MAIN,NOT_APPLICABLE_FIXED_SCENARIO,INSUFFICIENT_TRAIN_SAMPLE,3,2026-07-05 12:00:00+00:00,2026-07-07 12:30:00+00:00
10,bitget/gate,200,80,GATE_CAUSAL_ALLOWED_NORMAL_TRANSIENT,FIXED_THRESHOLD_MAIN,NOT_APPLICABLE_FIXED_SCENARIO,INSUFFICIENT_TRAIN_SAMPLE,3,2026-07-05 12:00:00+00:00,2026-07-07 12:30:00+00:00
10,bitget/hyperliquid,100,20,NO_GATE_REGIME_FILTER,FIXED_THRESHOLD_MAIN,NOT_APPLICABLE_FIXED_SCENARIO,INSUFFICIENT_TRAIN_SAMPLE,7,2026-07-05 12:00:00+00:00,2026-07-07 12:30:00+00:00
10,bitget/hyperliquid,100,40,NO_GATE_REGIME_FILTER,FIXED_THRESHOLD_MAIN,NOT_APPLICABLE_FIXED_SCENARIO,INSUFFICIENT_TRAIN_SAMPLE,7,2026-07-05 12:00:00+00:00,2026-07-07 12:30:00+00:00
10,bitget/hyperliquid,100,80,NO_GATE_REGIME_FILTER,FIXED_THRESHOLD_MAIN,NOT_APPLICABLE_FIXED_SCENARIO,INSUFFICIENT_TRAIN_SAMPLE,7,2026-07-05 12:00:00+00:00,2026-07-07 12:30:00+00:00
10,bitget/hyperliquid,150,20,NO_GATE_REGIME_FILTER,FIXED_THRESHOLD_MAIN,NOT_APPLICABLE_FIXED_SCENARIO,INSUFFICIENT_TRAIN_SAMPLE,0,2026-07-05 12:00:00+00:00,2026-07-07 12:30:00+00:00
10,bitget/hyperliquid,150,40,NO_GATE_REGIME_FILTER,FIXED_THRESHOLD_MAIN,NOT_APPLICABLE_FIXED_SCENARIO,INSUFFICIENT_TRAIN_SAMPLE,0,2026-07-05 12:00:00+00:00,2026-07-07 12:30:00+00:00
10,bitget/hyperliquid,150,80,NO_GATE_REGIME_FILTER,FIXED_THRESHOLD_MAIN,NOT_APPLICABLE_FIXED_SCENARIO,INSUFFICIENT_TRAIN_SAMPLE,0,2026-07-05 12:00:00+00:00,2026-07-07 12:30:00+00:00
10,bitget/hyperliquid,200,20,NO_GATE_REGIME_FILTER,FIXED_THRESHOLD_MAIN,NOT_APPLICABLE_FIXED_SCENARIO,INSUFFICIENT_TRAIN_SAMPLE,0,2026-07-05 12:00:00+00:00,2026-07-07 12:30:00+00:00
10,bitget/hyperliquid,200,40,NO_GATE_REGIME_FILTER,FIXED_THRESHOLD_MAIN,NOT_APPLICABLE_FIXED_SCENARIO,INSUFFICIENT_TRAIN_SAMPLE,0,2026-07-05 12:00:00+00:00,2026-07-07 12:30:00+00:00
10,bitget/hyperliquid,200,80,NO_GATE_REGIME_FILTER,FIXED_THRESHOLD_MAIN,NOT_APPLICABLE_FIXED_SCENARIO,INSUFFICIENT_TRAIN_SAMPLE,0,2026-07-05 12:00:00+00:00,2026-07-07 12:30:00+00:00
10,bitget/okx,100,20,NO_GATE_REGIME_FILTER,FIXED_THRESHOLD_MAIN,NOT_APPLICABLE_FIXED_SCENARIO,INSUFFICIENT_TRAIN_SAMPLE,1,2026-07-05 12:00:00+00:00,2026-07-07 12:30:00+00:00
10,bitget/okx,100,40,NO_GATE_REGIME_FILTER,FIXED_THRESHOLD_MAIN,NOT_APPLICABLE_FIXED_SCENARIO,INSUFFICIENT_TRAIN_SAMPLE,1,2026-07-05 12:00:00+00:00,2026-07-07 12:30:00+00:00
10,bitget/okx,100,80,NO_GATE_REGIME_FILTER,FIXED_THRESHOLD_MAIN,NOT_APPLICABLE_FIXED_SCENARIO,INSUFFICIENT_TRAIN_SAMPLE,1,2026-07-05 12:00:00+00:00,2026-07-07 12:30:00+00:00
10,bitget/okx,150,20,NO_GATE_REGIME_FILTER,FIXED_THRESHOLD_MAIN,NOT_APPLICABLE_FIXED_SCENARIO,INSUFFICIENT_TRAIN_SAMPLE,0,2026-07-05 12:00:00+00:00,2026-07-07 12:30:00+00:00
10,bitget/okx,150,40,NO_GATE_REGIME_FILTER,FIXED_THRESHOLD_MAIN,NOT_APPLICABLE_FIXED_SCENARIO,INSUFFICIENT_TRAIN_SAMPLE,0,2026-07-05 12:00:00+00:00,2026-07-07 12:30:00+00:00
10,bitget/okx,150,80,NO_GATE_REGIME_FILTER,FIXED_THRESHOLD_MAIN,NOT_APPLICABLE_FIXED_SCENARIO,INSUFFICIENT_TRAIN_SAMPLE,0,2026-07-05 12:00:00+00:00,2026-07-07 12:30:00+00:00
10,bitget/okx,200,20,NO_GATE_REGIME_FILTER,FIXED_THRESHOLD_MAIN,NOT_APPLICABLE_FIXED_SCENARIO,INSUFFICIENT_TRAIN_SAMPLE,0,2026-07-05 12:00:00+00:00,2026-07-07 12:30:00+00:00
10,bitget/okx,200,40,NO_GATE_REGIME_FILTER,FIXED_THRESHOLD_MAIN,NOT_APPLICABLE_FIXED_SCENARIO,INSUFFICIENT_TRAIN_SAMPLE,0,2026-07-05 12:00:00+00:00,2026-07-07 12:30:00+00:00
10,bitget/okx,200,80,NO_GATE_REGIME_FILTER,FIXED_THRESHOLD_MAIN,NOT_APPLICABLE_FIXED_SCENARIO,INSUFFICIENT_TRAIN_SAMPLE,0,2026-07-05 12:00:00+00:00,2026-07-07 12:30:00+00:00
10,gate/hyperliquid,100,20,GATE_CAUSAL_ALLOWED_NORMAL_TRANSIENT,FIXED_THRESHOLD_MAIN,NOT_APPLICABLE_FIXED_SCENARIO,OK,12,2026-07-05 12:00:00+00:00,2026-07-07 12:30:00+00:00
10,gate/hyperliquid,100,40,GATE_CAUSAL_ALLOWED_NORMAL_TRANSIENT,FIXED_THRESHOLD_MAIN,NOT_APPLICABLE_FIXED_SCENARIO,OK,12,2026-07-05 12:00:00+00:00,2026-07-07 12:30:00+00:00
10,gate/hyperliquid,100,80,GATE_CAUSAL_ALLOWED_NORMAL_TRANSIENT,FIXED_THRESHOLD_MAIN,NOT_APPLICABLE_FIXED_SCENARIO,OK,12,2026-07-05 12:00:00+00:00,2026-07-07 12:30:00+00:00
10,gate/hyperliquid,150,20,GATE_CAUSAL_ALLOWED_NORMAL_TRANSIENT,FIXED_THRESHOLD_MAIN,NOT_APPLICABLE_FIXED_SCENARIO,OK,10,2026-07-05 12:00:00+00:00,2026-07-07 12:30:00+00:00
10,gate/hyperliquid,150,40,GATE_CAUSAL_ALLOWED_NORMAL_TRANSIENT,FIXED_THRESHOLD_MAIN,NOT_APPLICABLE_FIXED_SCENARIO,OK,10,2026-07-05 12:00:00+00:00,2026-07-07 12:30:00+00:00
10,gate/hyperliquid,150,80,GATE_CAUSAL_ALLOWED_NORMAL_TRANSIENT,FIXED_THRESHOLD_MAIN,NOT_APPLICABLE_FIXED_SCENARIO,OK,10,2026-07-05 12:00:00+00:00,2026-07-07 12:30:00+00:00
10,gate/hyperliquid,200,20,GATE_CAUSAL_ALLOWED_NORMAL_TRANSIENT,FIXED_THRESHOLD_MAIN,NOT_APPLICABLE_FIXED_SCENARIO,OK,24,2026-07-05 12:00:00+00:00,2026-07-07 12:30:00+00:00
10,gate/hyperliquid,200,40,GATE_CAUSAL_ALLOWED_NORMAL_TRANSIENT,FIXED_THRESHOLD_MAIN,NOT_APPLICABLE_FIXED_SCENARIO,OK,24,2026-07-05 12:00:00+00:00,2026-07-07 12:30:00+00:00
10,gate/hyperliquid,200,80,GATE_CAUSAL_ALLOWED_NORMAL_TRANSIENT,FIXED_THRESHOLD_MAIN,NOT_APPLICABLE_FIXED_SCENARIO,OK,24,2026-07-05 12:00:00+00:00,2026-07-07 12:30:00+00:00
10,gate/okx,100,20,GATE_CAUSAL_ALLOWED_NORMAL_TRANSIENT,FIXED_THRESHOLD_MAIN,NOT_APPLICABLE_FIXED_SCENARIO,OK,15,2026-07-05 12:00:00+00:00,2026-07-07 12:30:00+00:00
10,gate/okx,100,40,GATE_CAUSAL_ALLOWED_NORMAL_TRANSIENT,FIXED_THRESHOLD_MAIN,NOT_APPLICABLE_FIXED_SCENARIO,OK,15,2026-07-05 12:00:00+00:00,2026-07-07 12:30:00+00:00
10,gate/okx,100,80,GATE_CAUSAL_ALLOWED_NORMAL_TRANSIENT,FIXED_THRESHOLD_MAIN,NOT_APPLICABLE_FIXED_SCENARIO,OK,15,2026-07-05 12:00:00+00:00,2026-07-07 12:30:00+00:00
10,gate/okx,150,20,GATE_CAUSAL_ALLOWED_NORMAL_TRANSIENT,FIXED_THRESHOLD_MAIN,NOT_APPLICABLE_FIXED_SCENARIO,OK,25,2026-07-05 12:00:00+00:00,2026-07-07 12:30:00+00:00
10,gate/okx,150,40,GATE_CAUSAL_ALLOWED_NORMAL_TRANSIENT,FIXED_THRESHOLD_MAIN,NOT_APPLICABLE_FIXED_SCENARIO,OK,25,2026-07-05 12:00:00+00:00,2026-07-07 12:30:00+00:00
10,gate/okx,150,80,GATE_CAUSAL_ALLOWED_NORMAL_TRANSIENT,FIXED_THRESHOLD_MAIN,NOT_APPLICABLE_FIXED_SCENARIO,OK,25,2026-07-05 12:00:00+00:00,2026-07-07 12:30:00+00:00
10,gate/okx,200,20,GATE_CAUSAL_ALLOWED_NORMAL_TRANSIENT,FIXED_THRESHOLD_MAIN,NOT_APPLICABLE_FIXED_SCENARIO,INSUFFICIENT_TRAIN_SAMPLE,6,2026-07-05 12:00:00+00:00,2026-07-07 12:30:00+00:00
10,gate/okx,200,40,GATE_CAUSAL_ALLOWED_NORMAL_TRANSIENT,FIXED_THRESHOLD_MAIN,NOT_APPLICABLE_FIXED_SCENARIO,INSUFFICIENT_TRAIN_SAMPLE,6,2026-07-05 12:00:00+00:00,2026-07-07 12:30:00+00:00
10,gate/okx,200,80,GATE_CAUSAL_ALLOWED_NORMAL_TRANSIENT,FIXED_THRESHOLD_MAIN,NOT_APPLICABLE_FIXED_SCENARIO,INSUFFICIENT_TRAIN_SAMPLE,6,2026-07-05 12:00:00+00:00,2026-07-07 12:30:00+00:00
10,hyperliquid/okx,100,20,NO_GATE_REGIME_FILTER,FIXED_THRESHOLD_MAIN,NOT_APPLICABLE_FIXED_SCENARIO,INSUFFICIENT_TRAIN_SAMPLE,1,2026-07-05 12:00:00+00:00,2026-07-07 12:30:00+00:00
10,hyperliquid/okx,100,40,NO_GATE_REGIME_FILTER,FIXED_THRESHOLD_MAIN,NOT_APPLICABLE_FIXED_SCENARIO,INSUFFICIENT_TRAIN_SAMPLE,1,2026-07-05 12:00:00+00:00,2026-07-07 12:30:00+00:00
10,hyperliquid/okx,100,80,NO_GATE_REGIME_FILTER,FIXED_THRESHOLD_MAIN,NOT_APPLICABLE_FIXED_SCENARIO,INSUFFICIENT_TRAIN_SAMPLE,1,2026-07-05 12:00:00+00:00,2026-07-07 12:30:00+00:00
10,hyperliquid/okx,150,20,NO_GATE_REGIME_FILTER,FIXED_THRESHOLD_MAIN,NOT_APPLICABLE_FIXED_SCENARIO,INSUFFICIENT_TRAIN_SAMPLE,0,2026-07-05 12:00:00+00:00,2026-07-07 12:30:00+00:00
10,hyperliquid/okx,150,40,NO_GATE_REGIME_FILTER,FIXED_THRESHOLD_MAIN,NOT_APPLICABLE_FIXED_SCENARIO,INSUFFICIENT_TRAIN_SAMPLE,0,2026-07-05 12:00:00+00:00,2026-07-07 12:30:00+00:00
10,hyperliquid/okx,150,80,NO_GATE_REGIME_FILTER,FIXED_THRESHOLD_MAIN,NOT_APPLICABLE_FIXED_SCENARIO,INSUFFICIENT_TRAIN_SAMPLE,0,2026-07-05 12:00:00+00:00,2026-07-07 12:30:00+00:00
10,hyperliquid/okx,200,20,NO_GATE_REGIME_FILTER,FIXED_THRESHOLD_MAIN,NOT_APPLICABLE_FIXED_SCENARIO,INSUFFICIENT_TRAIN_SAMPLE,0,2026-07-05 12:00:00+00:00,2026-07-07 12:30:00+00:00
10,hyperliquid/okx,200,40,NO_GATE_REGIME_FILTER,FIXED_THRESHOLD_MAIN,NOT_APPLICABLE_FIXED_SCENARIO,INSUFFICIENT_TRAIN_SAMPLE,0,2026-07-05 12:00:00+00:00,2026-07-07 12:30:00+00:00
10,hyperliquid/okx,200,80,NO_GATE_REGIME_FILTER,FIXED_THRESHOLD_MAIN,NOT_APPLICABLE_FIXED_SCENARIO,INSUFFICIENT_TRAIN_SAMPLE,0,2026-07-05 12:00:00+00:00,2026-07-07 12:30:00+00:00
11,binance/bitget,100,20,NO_GATE_REGIME_FILTER,FIXED_THRESHOLD_MAIN,NOT_APPLICABLE_FIXED_SCENARIO,INSUFFICIENT_TRAIN_SAMPLE,0,2026-07-07 12:30:00+00:00,2026-07-09 13:00:00+00:00
11,binance/bitget,100,40,NO_GATE_REGIME_FILTER,FIXED_THRESHOLD_MAIN,NOT_APPLICABLE_FIXED_SCENARIO,INSUFFICIENT_TRAIN_SAMPLE,0,2026-07-07 12:30:00+00:00,2026-07-09 13:00:00+00:00
11,binance/bitget,100,80,NO_GATE_REGIME_FILTER,FIXED_THRESHOLD_MAIN,NOT_APPLICABLE_FIXED_SCENARIO,INSUFFICIENT_TRAIN_SAMPLE,0,2026-07-07 12:30:00+00:00,2026-07-09 13:00:00+00:00
11,binance/bitget,150,20,NO_GATE_REGIME_FILTER,FIXED_THRESHOLD_MAIN,NOT_APPLICABLE_FIXED_SCENARIO,INSUFFICIENT_TRAIN_SAMPLE,0,2026-07-07 12:30:00+00:00,2026-07-09 13:00:00+00:00
11,binance/bitget,150,40,NO_GATE_REGIME_FILTER,FIXED_THRESHOLD_MAIN,NOT_APPLICABLE_FIXED_SCENARIO,INSUFFICIENT_TRAIN_SAMPLE,0,2026-07-07 12:30:00+00:00,2026-07-09 13:00:00+00:00
11,binance/bitget,150,80,NO_GATE_REGIME_FILTER,FIXED_THRESHOLD_MAIN,NOT_APPLICABLE_FIXED_SCENARIO,INSUFFICIENT_TRAIN_SAMPLE,0,2026-07-07 12:30:00+00:00,2026-07-09 13:00:00+00:00
11,binance/bitget,200,20,NO_GATE_REGIME_FILTER,FIXED_THRESHOLD_MAIN,NOT_APPLICABLE_FIXED_SCENARIO,INSUFFICIENT_TRAIN_SAMPLE,0,2026-07-07 12:30:00+00:00,2026-07-09 13:00:00+00:00
11,binance/bitget,200,40,NO_GATE_REGIME_FILTER,FIXED_THRESHOLD_MAIN,NOT_APPLICABLE_FIXED_SCENARIO,INSUFFICIENT_TRAIN_SAMPLE,0,2026-07-07 12:30:00+00:00,2026-07-09 13:00:00+00:00
11,binance/bitget,200,80,NO_GATE_REGIME_FILTER,FIXED_THRESHOLD_MAIN,NOT_APPLICABLE_FIXED_SCENARIO,INSUFFICIENT_TRAIN_SAMPLE,0,2026-07-07 12:30:00+00:00,2026-07-09 13:00:00+00:00
11,binance/gate,100,20,GATE_CAUSAL_ALLOWED_NORMAL_TRANSIENT,FIXED_THRESHOLD_MAIN,NOT_APPLICABLE_FIXED_SCENARIO,INSUFFICIENT_TRAIN_SAMPLE,7,2026-07-07 12:30:00+00:00,2026-07-09 13:00:00+00:00
11,binance/gate,100,40,GATE_CAUSAL_ALLOWED_NORMAL_TRANSIENT,FIXED_THRESHOLD_MAIN,NOT_APPLICABLE_FIXED_SCENARIO,INSUFFICIENT_TRAIN_SAMPLE,7,2026-07-07 12:30:00+00:00,2026-07-09 13:00:00+00:00
11,binance/gate,100,80,GATE_CAUSAL_ALLOWED_NORMAL_TRANSIENT,FIXED_THRESHOLD_MAIN,NOT_APPLICABLE_FIXED_SCENARIO,INSUFFICIENT_TRAIN_SAMPLE,7,2026-07-07 12:30:00+00:00,2026-07-09 13:00:00+00:00
11,binance/gate,150,20,GATE_CAUSAL_ALLOWED_NORMAL_TRANSIENT,FIXED_THRESHOLD_MAIN,NOT_APPLICABLE_FIXED_SCENARIO,OK,13,2026-07-07 12:30:00+00:00,2026-07-09 13:00:00+00:00
11,binance/gate,150,40,GATE_CAUSAL_ALLOWED_NORMAL_TRANSIENT,FIXED_THRESHOLD_MAIN,NOT_APPLICABLE_FIXED_SCENARIO,OK,13,2026-07-07 12:30:00+00:00,2026-07-09 13:00:00+00:00
11,binance/gate,150,80,GATE_CAUSAL_ALLOWED_NORMAL_TRANSIENT,FIXED_THRESHOLD_MAIN,NOT_APPLICABLE_FIXED_SCENARIO,OK,13,2026-07-07 12:30:00+00:00,2026-07-09 13:00:00+00:00
11,binance/gate,200,20,GATE_CAUSAL_ALLOWED_NORMAL_TRANSIENT,FIXED_THRESHOLD_MAIN,NOT_APPLICABLE_FIXED_SCENARIO,INSUFFICIENT_TRAIN_SAMPLE,1,2026-07-07 12:30:00+00:00,2026-07-09 13:00:00+00:00
11,binance/gate,200,40,GATE_CAUSAL_ALLOWED_NORMAL_TRANSIENT,FIXED_THRESHOLD_MAIN,NOT_APPLICABLE_FIXED_SCENARIO,INSUFFICIENT_TRAIN_SAMPLE,1,2026-07-07 12:30:00+00:00,2026-07-09 13:00:00+00:00
11,binance/gate,200,80,GATE_CAUSAL_ALLOWED_NORMAL_TRANSIENT,FIXED_THRESHOLD_MAIN,NOT_APPLICABLE_FIXED_SCENARIO,INSUFFICIENT_TRAIN_SAMPLE,1,2026-07-07 12:30:00+00:00,2026-07-09 13:00:00+00:00
11,binance/hyperliquid,100,20,NO_GATE_REGIME_FILTER,FIXED_THRESHOLD_MAIN,NOT_APPLICABLE_FIXED_SCENARIO,INSUFFICIENT_TRAIN_SAMPLE,5,2026-07-07 12:30:00+00:00,2026-07-09 13:00:00+00:00
11,binance/hyperliquid,100,40,NO_GATE_REGIME_FILTER,FIXED_THRESHOLD_MAIN,NOT_APPLICABLE_FIXED_SCENARIO,INSUFFICIENT_TRAIN_SAMPLE,5,2026-07-07 12:30:00+00:00,2026-07-09 13:00:00+00:00
11,binance/hyperliquid,100,80,NO_GATE_REGIME_FILTER,FIXED_THRESHOLD_MAIN,NOT_APPLICABLE_FIXED_SCENARIO,INSUFFICIENT_TRAIN_SAMPLE,5,2026-07-07 12:30:00+00:00,2026-07-09 13:00:00+00:00
11,binance/hyperliquid,150,20,NO_GATE_REGIME_FILTER,FIXED_THRESHOLD_MAIN,NOT_APPLICABLE_FIXED_SCENARIO,INSUFFICIENT_TRAIN_SAMPLE,0,2026-07-07 12:30:00+00:00,2026-07-09 13:00:00+00:00
11,binance/hyperliquid,150,40,NO_GATE_REGIME_FILTER,FIXED_THRESHOLD_MAIN,NOT_APPLICABLE_FIXED_SCENARIO,INSUFFICIENT_TRAIN_SAMPLE,0,2026-07-07 12:30:00+00:00,2026-07-09 13:00:00+00:00
11,binance/hyperliquid,150,80,NO_GATE_REGIME_FILTER,FIXED_THRESHOLD_MAIN,NOT_APPLICABLE_FIXED_SCENARIO,INSUFFICIENT_TRAIN_SAMPLE,0,2026-07-07 12:30:00+00:00,2026-07-09 13:00:00+00:00
11,binance/hyperliquid,200,20,NO_GATE_REGIME_FILTER,FIXED_THRESHOLD_MAIN,NOT_APPLICABLE_FIXED_SCENARIO,INSUFFICIENT_TRAIN_SAMPLE,0,2026-07-07 12:30:00+00:00,2026-07-09 13:00:00+00:00
11,binance/hyperliquid,200,40,NO_GATE_REGIME_FILTER,FIXED_THRESHOLD_MAIN,NOT_APPLICABLE_FIXED_SCENARIO,INSUFFICIENT_TRAIN_SAMPLE,0,2026-07-07 12:30:00+00:00,2026-07-09 13:00:00+00:00
11,binance/hyperliquid,200,80,NO_GATE_REGIME_FILTER,FIXED_THRESHOLD_MAIN,NOT_APPLICABLE_FIXED_SCENARIO,INSUFFICIENT_TRAIN_SAMPLE,0,2026-07-07 12:30:00+00:00,2026-07-09 13:00:00+00:00
11,binance/okx,100,20,NO_GATE_REGIME_FILTER,FIXED_THRESHOLD_MAIN,NOT_APPLICABLE_FIXED_SCENARIO,INSUFFICIENT_TRAIN_SAMPLE,0,2026-07-07 12:30:00+00:00,2026-07-09 13:00:00+00:00
11,binance/okx,100,40,NO_GATE_REGIME_FILTER,FIXED_THRESHOLD_MAIN,NOT_APPLICABLE_FIXED_SCENARIO,INSUFFICIENT_TRAIN_SAMPLE,0,2026-07-07 12:30:00+00:00,2026-07-09 13:00:00+00:00
11,binance/okx,100,80,NO_GATE_REGIME_FILTER,FIXED_THRESHOLD_MAIN,NOT_APPLICABLE_FIXED_SCENARIO,INSUFFICIENT_TRAIN_SAMPLE,0,2026-07-07 12:30:00+00:00,2026-07-09 13:00:00+00:00
11,binance/okx,150,20,NO_GATE_REGIME_FILTER,FIXED_THRESHOLD_MAIN,NOT_APPLICABLE_FIXED_SCENARIO,INSUFFICIENT_TRAIN_SAMPLE,0,2026-07-07 12:30:00+00:00,2026-07-09 13:00:00+00:00
11,binance/okx,150,40,NO_GATE_REGIME_FILTER,FIXED_THRESHOLD_MAIN,NOT_APPLICABLE_FIXED_SCENARIO,INSUFFICIENT_TRAIN_SAMPLE,0,2026-07-07 12:30:00+00:00,2026-07-09 13:00:00+00:00
11,binance/okx,150,80,NO_GATE_REGIME_FILTER,FIXED_THRESHOLD_MAIN,NOT_APPLICABLE_FIXED_SCENARIO,INSUFFICIENT_TRAIN_SAMPLE,0,2026-07-07 12:30:00+00:00,2026-07-09 13:00:00+00:00
11,binance/okx,200,20,NO_GATE_REGIME_FILTER,FIXED_THRESHOLD_MAIN,NOT_APPLICABLE_FIXED_SCENARIO,INSUFFICIENT_TRAIN_SAMPLE,0,2026-07-07 12:30:00+00:00,2026-07-09 13:00:00+00:00
11,binance/okx,200,40,NO_GATE_REGIME_FILTER,FIXED_THRESHOLD_MAIN,NOT_APPLICABLE_FIXED_SCENARIO,INSUFFICIENT_TRAIN_SAMPLE,0,2026-07-07 12:30:00+00:00,2026-07-09 13:00:00+00:00
11,binance/okx,200,80,NO_GATE_REGIME_FILTER,FIXED_THRESHOLD_MAIN,NOT_APPLICABLE_FIXED_SCENARIO,INSUFFICIENT_TRAIN_SAMPLE,0,2026-07-07 12:30:00+00:00,2026-07-09 13:00:00+00:00
11,bitget/gate,100,20,GATE_CAUSAL_ALLOWED_NORMAL_TRANSIENT,FIXED_THRESHOLD_MAIN,NOT_APPLICABLE_FIXED_SCENARIO,INSUFFICIENT_TRAIN_SAMPLE,8,2026-07-07 12:30:00+00:00,2026-07-09 13:00:00+00:00
11,bitget/gate,100,40,GATE_CAUSAL_ALLOWED_NORMAL_TRANSIENT,FIXED_THRESHOLD_MAIN,NOT_APPLICABLE_FIXED_SCENARIO,INSUFFICIENT_TRAIN_SAMPLE,8,2026-07-07 12:30:00+00:00,2026-07-09 13:00:00+00:00
11,bitget/gate,100,80,GATE_CAUSAL_ALLOWED_NORMAL_TRANSIENT,FIXED_THRESHOLD_MAIN,NOT_APPLICABLE_FIXED_SCENARIO,INSUFFICIENT_TRAIN_SAMPLE,8,2026-07-07 12:30:00+00:00,2026-07-09 13:00:00+00:00
11,bitget/gate,150,20,GATE_CAUSAL_ALLOWED_NORMAL_TRANSIENT,FIXED_THRESHOLD_MAIN,NOT_APPLICABLE_FIXED_SCENARIO,INSUFFICIENT_TRAIN_SAMPLE,5,2026-07-07 12:30:00+00:00,2026-07-09 13:00:00+00:00
11,bitget/gate,150,40,GATE_CAUSAL_ALLOWED_NORMAL_TRANSIENT,FIXED_THRESHOLD_MAIN,NOT_APPLICABLE_FIXED_SCENARIO,INSUFFICIENT_TRAIN_SAMPLE,5,2026-07-07 12:30:00+00:00,2026-07-09 13:00:00+00:00
11,bitget/gate,150,80,GATE_CAUSAL_ALLOWED_NORMAL_TRANSIENT,FIXED_THRESHOLD_MAIN,NOT_APPLICABLE_FIXED_SCENARIO,INSUFFICIENT_TRAIN_SAMPLE,5,2026-07-07 12:30:00+00:00,2026-07-09 13:00:00+00:00
11,bitget/gate,200,20,GATE_CAUSAL_ALLOWED_NORMAL_TRANSIENT,FIXED_THRESHOLD_MAIN,NOT_APPLICABLE_FIXED_SCENARIO,INSUFFICIENT_TRAIN_SAMPLE,0,2026-07-07 12:30:00+00:00,2026-07-09 13:00:00+00:00
11,bitget/gate,200,40,GATE_CAUSAL_ALLOWED_NORMAL_TRANSIENT,FIXED_THRESHOLD_MAIN,NOT_APPLICABLE_FIXED_SCENARIO,INSUFFICIENT_TRAIN_SAMPLE,0,2026-07-07 12:30:00+00:00,2026-07-09 13:00:00+00:00
11,bitget/gate,200,80,GATE_CAUSAL_ALLOWED_NORMAL_TRANSIENT,FIXED_THRESHOLD_MAIN,NOT_APPLICABLE_FIXED_SCENARIO,INSUFFICIENT_TRAIN_SAMPLE,0,2026-07-07 12:30:00+00:00,2026-07-09 13:00:00+00:00
11,bitget/hyperliquid,100,20,NO_GATE_REGIME_FILTER,FIXED_THRESHOLD_MAIN,NOT_APPLICABLE_FIXED_SCENARIO,INSUFFICIENT_TRAIN_SAMPLE,7,2026-07-07 12:30:00+00:00,2026-07-09 13:00:00+00:00
11,bitget/hyperliquid,100,40,NO_GATE_REGIME_FILTER,FIXED_THRESHOLD_MAIN,NOT_APPLICABLE_FIXED_SCENARIO,INSUFFICIENT_TRAIN_SAMPLE,7,2026-07-07 12:30:00+00:00,2026-07-09 13:00:00+00:00
11,bitget/hyperliquid,100,80,NO_GATE_REGIME_FILTER,FIXED_THRESHOLD_MAIN,NOT_APPLICABLE_FIXED_SCENARIO,INSUFFICIENT_TRAIN_SAMPLE,7,2026-07-07 12:30:00+00:00,2026-07-09 13:00:00+00:00
11,bitget/hyperliquid,150,20,NO_GATE_REGIME_FILTER,FIXED_THRESHOLD_MAIN,NOT_APPLICABLE_FIXED_SCENARIO,INSUFFICIENT_TRAIN_SAMPLE,0,2026-07-07 12:30:00+00:00,2026-07-09 13:00:00+00:00
11,bitget/hyperliquid,150,40,NO_GATE_REGIME_FILTER,FIXED_THRESHOLD_MAIN,NOT_APPLICABLE_FIXED_SCENARIO,INSUFFICIENT_TRAIN_SAMPLE,0,2026-07-07 12:30:00+00:00,2026-07-09 13:00:00+00:00
11,bitget/hyperliquid,150,80,NO_GATE_REGIME_FILTER,FIXED_THRESHOLD_MAIN,NOT_APPLICABLE_FIXED_SCENARIO,INSUFFICIENT_TRAIN_SAMPLE,0,2026-07-07 12:30:00+00:00,2026-07-09 13:00:00+00:00
11,bitget/hyperliquid,200,20,NO_GATE_REGIME_FILTER,FIXED_THRESHOLD_MAIN,NOT_APPLICABLE_FIXED_SCENARIO,INSUFFICIENT_TRAIN_SAMPLE,0,2026-07-07 12:30:00+00:00,2026-07-09 13:00:00+00:00
11,bitget/hyperliquid,200,40,NO_GATE_REGIME_FILTER,FIXED_THRESHOLD_MAIN,NOT_APPLICABLE_FIXED_SCENARIO,INSUFFICIENT_TRAIN_SAMPLE,0,2026-07-07 12:30:00+00:00,2026-07-09 13:00:00+00:00
11,bitget/hyperliquid,200,80,NO_GATE_REGIME_FILTER,FIXED_THRESHOLD_MAIN,NOT_APPLICABLE_FIXED_SCENARIO,INSUFFICIENT_TRAIN_SAMPLE,0,2026-07-07 12:30:00+00:00,2026-07-09 13:00:00+00:00
11,bitget/okx,100,20,NO_GATE_REGIME_FILTER,FIXED_THRESHOLD_MAIN,NOT_APPLICABLE_FIXED_SCENARIO,INSUFFICIENT_TRAIN_SAMPLE,1,2026-07-07 12:30:00+00:00,2026-07-09 13:00:00+00:00
11,bitget/okx,100,40,NO_GATE_REGIME_FILTER,FIXED_THRESHOLD_MAIN,NOT_APPLICABLE_FIXED_SCENARIO,INSUFFICIENT_TRAIN_SAMPLE,1,2026-07-07 12:30:00+00:00,2026-07-09 13:00:00+00:00
11,bitget/okx,100,80,NO_GATE_REGIME_FILTER,FIXED_THRESHOLD_MAIN,NOT_APPLICABLE_FIXED_SCENARIO,INSUFFICIENT_TRAIN_SAMPLE,1,2026-07-07 12:30:00+00:00,2026-07-09 13:00:00+00:00
11,bitget/okx,150,20,NO_GATE_REGIME_FILTER,FIXED_THRESHOLD_MAIN,NOT_APPLICABLE_FIXED_SCENARIO,INSUFFICIENT_TRAIN_SAMPLE,0,2026-07-07 12:30:00+00:00,2026-07-09 13:00:00+00:00
11,bitget/okx,150,40,NO_GATE_REGIME_FILTER,FIXED_THRESHOLD_MAIN,NOT_APPLICABLE_FIXED_SCENARIO,INSUFFICIENT_TRAIN_SAMPLE,0,2026-07-07 12:30:00+00:00,2026-07-09 13:00:00+00:00
11,bitget/okx,150,80,NO_GATE_REGIME_FILTER,FIXED_THRESHOLD_MAIN,NOT_APPLICABLE_FIXED_SCENARIO,INSUFFICIENT_TRAIN_SAMPLE,0,2026-07-07 12:30:00+00:00,2026-07-09 13:00:00+00:00
11,bitget/okx,200,20,NO_GATE_REGIME_FILTER,FIXED_THRESHOLD_MAIN,NOT_APPLICABLE_FIXED_SCENARIO,INSUFFICIENT_TRAIN_SAMPLE,0,2026-07-07 12:30:00+00:00,2026-07-09 13:00:00+00:00
11,bitget/okx,200,40,NO_GATE_REGIME_FILTER,FIXED_THRESHOLD_MAIN,NOT_APPLICABLE_FIXED_SCENARIO,INSUFFICIENT_TRAIN_SAMPLE,0,2026-07-07 12:30:00+00:00,2026-07-09 13:00:00+00:00
11,bitget/okx,200,80,NO_GATE_REGIME_FILTER,FIXED_THRESHOLD_MAIN,NOT_APPLICABLE_FIXED_SCENARIO,INSUFFICIENT_TRAIN_SAMPLE,0,2026-07-07 12:30:00+00:00,2026-07-09 13:00:00+00:00
11,gate/hyperliquid,100,20,GATE_CAUSAL_ALLOWED_NORMAL_TRANSIENT,FIXED_THRESHOLD_MAIN,NOT_APPLICABLE_FIXED_SCENARIO,OK,15,2026-07-07 12:30:00+00:00,2026-07-09 13:00:00+00:00
11,gate/hyperliquid,100,40,GATE_CAUSAL_ALLOWED_NORMAL_TRANSIENT,FIXED_THRESHOLD_MAIN,NOT_APPLICABLE_FIXED_SCENARIO,OK,15,2026-07-07 12:30:00+00:00,2026-07-09 13:00:00+00:00
11,gate/hyperliquid,100,80,GATE_CAUSAL_ALLOWED_NORMAL_TRANSIENT,FIXED_THRESHOLD_MAIN,NOT_APPLICABLE_FIXED_SCENARIO,OK,15,2026-07-07 12:30:00+00:00,2026-07-09 13:00:00+00:00
11,gate/hyperliquid,150,20,GATE_CAUSAL_ALLOWED_NORMAL_TRANSIENT,FIXED_THRESHOLD_MAIN,NOT_APPLICABLE_FIXED_SCENARIO,OK,10,2026-07-07 12:30:00+00:00,2026-07-09 13:00:00+00:00
11,gate/hyperliquid,150,40,GATE_CAUSAL_ALLOWED_NORMAL_TRANSIENT,FIXED_THRESHOLD_MAIN,NOT_APPLICABLE_FIXED_SCENARIO,OK,10,2026-07-07 12:30:00+00:00,2026-07-09 13:00:00+00:00
11,gate/hyperliquid,150,80,GATE_CAUSAL_ALLOWED_NORMAL_TRANSIENT,FIXED_THRESHOLD_MAIN,NOT_APPLICABLE_FIXED_SCENARIO,OK,10,2026-07-07 12:30:00+00:00,2026-07-09 13:00:00+00:00
11,gate/hyperliquid,200,20,GATE_CAUSAL_ALLOWED_NORMAL_TRANSIENT,FIXED_THRESHOLD_MAIN,NOT_APPLICABLE_FIXED_SCENARIO,OK,11,2026-07-07 12:30:00+00:00,2026-07-09 13:00:00+00:00
11,gate/hyperliquid,200,40,GATE_CAUSAL_ALLOWED_NORMAL_TRANSIENT,FIXED_THRESHOLD_MAIN,NOT_APPLICABLE_FIXED_SCENARIO,OK,11,2026-07-07 12:30:00+00:00,2026-07-09 13:00:00+00:00
11,gate/hyperliquid,200,80,GATE_CAUSAL_ALLOWED_NORMAL_TRANSIENT,FIXED_THRESHOLD_MAIN,NOT_APPLICABLE_FIXED_SCENARIO,OK,11,2026-07-07 12:30:00+00:00,2026-07-09 13:00:00+00:00
11,gate/okx,100,20,GATE_CAUSAL_ALLOWED_NORMAL_TRANSIENT,FIXED_THRESHOLD_MAIN,NOT_APPLICABLE_FIXED_SCENARIO,OK,12,2026-07-07 12:30:00+00:00,2026-07-09 13:00:00+00:00
11,gate/okx,100,40,GATE_CAUSAL_ALLOWED_NORMAL_TRANSIENT,FIXED_THRESHOLD_MAIN,NOT_APPLICABLE_FIXED_SCENARIO,OK,12,2026-07-07 12:30:00+00:00,2026-07-09 13:00:00+00:00
11,gate/okx,100,80,GATE_CAUSAL_ALLOWED_NORMAL_TRANSIENT,FIXED_THRESHOLD_MAIN,NOT_APPLICABLE_FIXED_SCENARIO,OK,12,2026-07-07 12:30:00+00:00,2026-07-09 13:00:00+00:00
11,gate/okx,150,20,GATE_CAUSAL_ALLOWED_NORMAL_TRANSIENT,FIXED_THRESHOLD_MAIN,NOT_APPLICABLE_FIXED_SCENARIO,OK,12,2026-07-07 12:30:00+00:00,2026-07-09 13:00:00+00:00
11,gate/okx,150,40,GATE_CAUSAL_ALLOWED_NORMAL_TRANSIENT,FIXED_THRESHOLD_MAIN,NOT_APPLICABLE_FIXED_SCENARIO,OK,12,2026-07-07 12:30:00+00:00,2026-07-09 13:00:00+00:00
11,gate/okx,150,80,GATE_CAUSAL_ALLOWED_NORMAL_TRANSIENT,FIXED_THRESHOLD_MAIN,NOT_APPLICABLE_FIXED_SCENARIO,OK,12,2026-07-07 12:30:00+00:00,2026-07-09 13:00:00+00:00
11,gate/okx,200,20,GATE_CAUSAL_ALLOWED_NORMAL_TRANSIENT,FIXED_THRESHOLD_MAIN,NOT_APPLICABLE_FIXED_SCENARIO,INSUFFICIENT_TRAIN_SAMPLE,2,2026-07-07 12:30:00+00:00,2026-07-09 13:00:00+00:00
11,gate/okx,200,40,GATE_CAUSAL_ALLOWED_NORMAL_TRANSIENT,FIXED_THRESHOLD_MAIN,NOT_APPLICABLE_FIXED_SCENARIO,INSUFFICIENT_TRAIN_SAMPLE,2,2026-07-07 12:30:00+00:00,2026-07-09 13:00:00+00:00
11,gate/okx,200,80,GATE_CAUSAL_ALLOWED_NORMAL_TRANSIENT,FIXED_THRESHOLD_MAIN,NOT_APPLICABLE_FIXED_SCENARIO,INSUFFICIENT_TRAIN_SAMPLE,2,2026-07-07 12:30:00+00:00,2026-07-09 13:00:00+00:00
11,hyperliquid/okx,100,20,NO_GATE_REGIME_FILTER,FIXED_THRESHOLD_MAIN,NOT_APPLICABLE_FIXED_SCENARIO,INSUFFICIENT_TRAIN_SAMPLE,1,2026-07-07 12:30:00+00:00,2026-07-09 13:00:00+00:00
11,hyperliquid/okx,100,40,NO_GATE_REGIME_FILTER,FIXED_THRESHOLD_MAIN,NOT_APPLICABLE_FIXED_SCENARIO,INSUFFICIENT_TRAIN_SAMPLE,1,2026-07-07 12:30:00+00:00,2026-07-09 13:00:00+00:00
11,hyperliquid/okx,100,80,NO_GATE_REGIME_FILTER,FIXED_THRESHOLD_MAIN,NOT_APPLICABLE_FIXED_SCENARIO,INSUFFICIENT_TRAIN_SAMPLE,1,2026-07-07 12:30:00+00:00,2026-07-09 13:00:00+00:00
11,hyperliquid/okx,150,20,NO_GATE_REGIME_FILTER,FIXED_THRESHOLD_MAIN,NOT_APPLICABLE_FIXED_SCENARIO,INSUFFICIENT_TRAIN_SAMPLE,0,2026-07-07 12:30:00+00:00,2026-07-09 13:00:00+00:00
11,hyperliquid/okx,150,40,NO_GATE_REGIME_FILTER,FIXED_THRESHOLD_MAIN,NOT_APPLICABLE_FIXED_SCENARIO,INSUFFICIENT_TRAIN_SAMPLE,0,2026-07-07 12:30:00+00:00,2026-07-09 13:00:00+00:00
11,hyperliquid/okx,150,80,NO_GATE_REGIME_FILTER,FIXED_THRESHOLD_MAIN,NOT_APPLICABLE_FIXED_SCENARIO,INSUFFICIENT_TRAIN_SAMPLE,0,2026-07-07 12:30:00+00:00,2026-07-09 13:00:00+00:00
11,hyperliquid/okx,200,20,NO_GATE_REGIME_FILTER,FIXED_THRESHOLD_MAIN,NOT_APPLICABLE_FIXED_SCENARIO,INSUFFICIENT_TRAIN_SAMPLE,0,2026-07-07 12:30:00+00:00,2026-07-09 13:00:00+00:00
11,hyperliquid/okx,200,40,NO_GATE_REGIME_FILTER,FIXED_THRESHOLD_MAIN,NOT_APPLICABLE_FIXED_SCENARIO,INSUFFICIENT_TRAIN_SAMPLE,0,2026-07-07 12:30:00+00:00,2026-07-09 13:00:00+00:00
11,hyperliquid/okx,200,80,NO_GATE_REGIME_FILTER,FIXED_THRESHOLD_MAIN,NOT_APPLICABLE_FIXED_SCENARIO,INSUFFICIENT_TRAIN_SAMPLE,0,2026-07-07 12:30:00+00:00,2026-07-09 13:00:00+00:00
12,binance/bitget,100,20,NO_GATE_REGIME_FILTER,FIXED_THRESHOLD_MAIN,NOT_APPLICABLE_FIXED_SCENARIO,INSUFFICIENT_TRAIN_SAMPLE,0,2026-07-09 13:00:00+00:00,2026-07-11 13:15:00+00:00
12,binance/bitget,100,40,NO_GATE_REGIME_FILTER,FIXED_THRESHOLD_MAIN,NOT_APPLICABLE_FIXED_SCENARIO,INSUFFICIENT_TRAIN_SAMPLE,0,2026-07-09 13:00:00+00:00,2026-07-11 13:15:00+00:00
12,binance/bitget,100,80,NO_GATE_REGIME_FILTER,FIXED_THRESHOLD_MAIN,NOT_APPLICABLE_FIXED_SCENARIO,INSUFFICIENT_TRAIN_SAMPLE,0,2026-07-09 13:00:00+00:00,2026-07-11 13:15:00+00:00
12,binance/bitget,150,20,NO_GATE_REGIME_FILTER,FIXED_THRESHOLD_MAIN,NOT_APPLICABLE_FIXED_SCENARIO,INSUFFICIENT_TRAIN_SAMPLE,0,2026-07-09 13:00:00+00:00,2026-07-11 13:15:00+00:00
12,binance/bitget,150,40,NO_GATE_REGIME_FILTER,FIXED_THRESHOLD_MAIN,NOT_APPLICABLE_FIXED_SCENARIO,INSUFFICIENT_TRAIN_SAMPLE,0,2026-07-09 13:00:00+00:00,2026-07-11 13:15:00+00:00
12,binance/bitget,150,80,NO_GATE_REGIME_FILTER,FIXED_THRESHOLD_MAIN,NOT_APPLICABLE_FIXED_SCENARIO,INSUFFICIENT_TRAIN_SAMPLE,0,2026-07-09 13:00:00+00:00,2026-07-11 13:15:00+00:00
12,binance/bitget,200,20,NO_GATE_REGIME_FILTER,FIXED_THRESHOLD_MAIN,NOT_APPLICABLE_FIXED_SCENARIO,INSUFFICIENT_TRAIN_SAMPLE,0,2026-07-09 13:00:00+00:00,2026-07-11 13:15:00+00:00
12,binance/bitget,200,40,NO_GATE_REGIME_FILTER,FIXED_THRESHOLD_MAIN,NOT_APPLICABLE_FIXED_SCENARIO,INSUFFICIENT_TRAIN_SAMPLE,0,2026-07-09 13:00:00+00:00,2026-07-11 13:15:00+00:00
12,binance/bitget,200,80,NO_GATE_REGIME_FILTER,FIXED_THRESHOLD_MAIN,NOT_APPLICABLE_FIXED_SCENARIO,INSUFFICIENT_TRAIN_SAMPLE,0,2026-07-09 13:00:00+00:00,2026-07-11 13:15:00+00:00
12,binance/gate,100,20,GATE_CAUSAL_ALLOWED_NORMAL_TRANSIENT,FIXED_THRESHOLD_MAIN,NOT_APPLICABLE_FIXED_SCENARIO,INSUFFICIENT_TRAIN_SAMPLE,7,2026-07-09 13:00:00+00:00,2026-07-11 13:15:00+00:00
12,binance/gate,100,40,GATE_CAUSAL_ALLOWED_NORMAL_TRANSIENT,FIXED_THRESHOLD_MAIN,NOT_APPLICABLE_FIXED_SCENARIO,INSUFFICIENT_TRAIN_SAMPLE,7,2026-07-09 13:00:00+00:00,2026-07-11 13:15:00+00:00
12,binance/gate,100,80,GATE_CAUSAL_ALLOWED_NORMAL_TRANSIENT,FIXED_THRESHOLD_MAIN,NOT_APPLICABLE_FIXED_SCENARIO,INSUFFICIENT_TRAIN_SAMPLE,7,2026-07-09 13:00:00+00:00,2026-07-11 13:15:00+00:00
12,binance/gate,150,20,GATE_CAUSAL_ALLOWED_NORMAL_TRANSIENT,FIXED_THRESHOLD_MAIN,NOT_APPLICABLE_FIXED_SCENARIO,INSUFFICIENT_TRAIN_SAMPLE,8,2026-07-09 13:00:00+00:00,2026-07-11 13:15:00+00:00
12,binance/gate,150,40,GATE_CAUSAL_ALLOWED_NORMAL_TRANSIENT,FIXED_THRESHOLD_MAIN,NOT_APPLICABLE_FIXED_SCENARIO,INSUFFICIENT_TRAIN_SAMPLE,8,2026-07-09 13:00:00+00:00,2026-07-11 13:15:00+00:00
12,binance/gate,150,80,GATE_CAUSAL_ALLOWED_NORMAL_TRANSIENT,FIXED_THRESHOLD_MAIN,NOT_APPLICABLE_FIXED_SCENARIO,INSUFFICIENT_TRAIN_SAMPLE,8,2026-07-09 13:00:00+00:00,2026-07-11 13:15:00+00:00
12,binance/gate,200,20,GATE_CAUSAL_ALLOWED_NORMAL_TRANSIENT,FIXED_THRESHOLD_MAIN,NOT_APPLICABLE_FIXED_SCENARIO,INSUFFICIENT_TRAIN_SAMPLE,0,2026-07-09 13:00:00+00:00,2026-07-11 13:15:00+00:00
12,binance/gate,200,40,GATE_CAUSAL_ALLOWED_NORMAL_TRANSIENT,FIXED_THRESHOLD_MAIN,NOT_APPLICABLE_FIXED_SCENARIO,INSUFFICIENT_TRAIN_SAMPLE,0,2026-07-09 13:00:00+00:00,2026-07-11 13:15:00+00:00
12,binance/gate,200,80,GATE_CAUSAL_ALLOWED_NORMAL_TRANSIENT,FIXED_THRESHOLD_MAIN,NOT_APPLICABLE_FIXED_SCENARIO,INSUFFICIENT_TRAIN_SAMPLE,0,2026-07-09 13:00:00+00:00,2026-07-11 13:15:00+00:00
12,binance/hyperliquid,100,20,NO_GATE_REGIME_FILTER,FIXED_THRESHOLD_MAIN,NOT_APPLICABLE_FIXED_SCENARIO,INSUFFICIENT_TRAIN_SAMPLE,3,2026-07-09 13:00:00+00:00,2026-07-11 13:15:00+00:00
12,binance/hyperliquid,100,40,NO_GATE_REGIME_FILTER,FIXED_THRESHOLD_MAIN,NOT_APPLICABLE_FIXED_SCENARIO,INSUFFICIENT_TRAIN_SAMPLE,3,2026-07-09 13:00:00+00:00,2026-07-11 13:15:00+00:00
12,binance/hyperliquid,100,80,NO_GATE_REGIME_FILTER,FIXED_THRESHOLD_MAIN,NOT_APPLICABLE_FIXED_SCENARIO,INSUFFICIENT_TRAIN_SAMPLE,3,2026-07-09 13:00:00+00:00,2026-07-11 13:15:00+00:00
12,binance/hyperliquid,150,20,NO_GATE_REGIME_FILTER,FIXED_THRESHOLD_MAIN,NOT_APPLICABLE_FIXED_SCENARIO,INSUFFICIENT_TRAIN_SAMPLE,0,2026-07-09 13:00:00+00:00,2026-07-11 13:15:00+00:00
12,binance/hyperliquid,150,40,NO_GATE_REGIME_FILTER,FIXED_THRESHOLD_MAIN,NOT_APPLICABLE_FIXED_SCENARIO,INSUFFICIENT_TRAIN_SAMPLE,0,2026-07-09 13:00:00+00:00,2026-07-11 13:15:00+00:00
12,binance/hyperliquid,150,80,NO_GATE_REGIME_FILTER,FIXED_THRESHOLD_MAIN,NOT_APPLICABLE_FIXED_SCENARIO,INSUFFICIENT_TRAIN_SAMPLE,0,2026-07-09 13:00:00+00:00,2026-07-11 13:15:00+00:00
12,binance/hyperliquid,200,20,NO_GATE_REGIME_FILTER,FIXED_THRESHOLD_MAIN,NOT_APPLICABLE_FIXED_SCENARIO,INSUFFICIENT_TRAIN_SAMPLE,0,2026-07-09 13:00:00+00:00,2026-07-11 13:15:00+00:00
12,binance/hyperliquid,200,40,NO_GATE_REGIME_FILTER,FIXED_THRESHOLD_MAIN,NOT_APPLICABLE_FIXED_SCENARIO,INSUFFICIENT_TRAIN_SAMPLE,0,2026-07-09 13:00:00+00:00,2026-07-11 13:15:00+00:00
12,binance/hyperliquid,200,80,NO_GATE_REGIME_FILTER,FIXED_THRESHOLD_MAIN,NOT_APPLICABLE_FIXED_SCENARIO,INSUFFICIENT_TRAIN_SAMPLE,0,2026-07-09 13:00:00+00:00,2026-07-11 13:15:00+00:00
12,binance/okx,100,20,NO_GATE_REGIME_FILTER,FIXED_THRESHOLD_MAIN,NOT_APPLICABLE_FIXED_SCENARIO,INSUFFICIENT_TRAIN_SAMPLE,0,2026-07-09 13:00:00+00:00,2026-07-11 13:15:00+00:00
12,binance/okx,100,40,NO_GATE_REGIME_FILTER,FIXED_THRESHOLD_MAIN,NOT_APPLICABLE_FIXED_SCENARIO,INSUFFICIENT_TRAIN_SAMPLE,0,2026-07-09 13:00:00+00:00,2026-07-11 13:15:00+00:00
12,binance/okx,100,80,NO_GATE_REGIME_FILTER,FIXED_THRESHOLD_MAIN,NOT_APPLICABLE_FIXED_SCENARIO,INSUFFICIENT_TRAIN_SAMPLE,0,2026-07-09 13:00:00+00:00,2026-07-11 13:15:00+00:00
12,binance/okx,150,20,NO_GATE_REGIME_FILTER,FIXED_THRESHOLD_MAIN,NOT_APPLICABLE_FIXED_SCENARIO,INSUFFICIENT_TRAIN_SAMPLE,0,2026-07-09 13:00:00+00:00,2026-07-11 13:15:00+00:00
12,binance/okx,150,40,NO_GATE_REGIME_FILTER,FIXED_THRESHOLD_MAIN,NOT_APPLICABLE_FIXED_SCENARIO,INSUFFICIENT_TRAIN_SAMPLE,0,2026-07-09 13:00:00+00:00,2026-07-11 13:15:00+00:00
12,binance/okx,150,80,NO_GATE_REGIME_FILTER,FIXED_THRESHOLD_MAIN,NOT_APPLICABLE_FIXED_SCENARIO,INSUFFICIENT_TRAIN_SAMPLE,0,2026-07-09 13:00:00+00:00,2026-07-11 13:15:00+00:00
12,binance/okx,200,20,NO_GATE_REGIME_FILTER,FIXED_THRESHOLD_MAIN,NOT_APPLICABLE_FIXED_SCENARIO,INSUFFICIENT_TRAIN_SAMPLE,0,2026-07-09 13:00:00+00:00,2026-07-11 13:15:00+00:00
12,binance/okx,200,40,NO_GATE_REGIME_FILTER,FIXED_THRESHOLD_MAIN,NOT_APPLICABLE_FIXED_SCENARIO,INSUFFICIENT_TRAIN_SAMPLE,0,2026-07-09 13:00:00+00:00,2026-07-11 13:15:00+00:00
12,binance/okx,200,80,NO_GATE_REGIME_FILTER,FIXED_THRESHOLD_MAIN,NOT_APPLICABLE_FIXED_SCENARIO,INSUFFICIENT_TRAIN_SAMPLE,0,2026-07-09 13:00:00+00:00,2026-07-11 13:15:00+00:00
12,bitget/gate,100,20,GATE_CAUSAL_ALLOWED_NORMAL_TRANSIENT,FIXED_THRESHOLD_MAIN,NOT_APPLICABLE_FIXED_SCENARIO,OK,15,2026-07-09 13:00:00+00:00,2026-07-11 13:15:00+00:00
12,bitget/gate,100,40,GATE_CAUSAL_ALLOWED_NORMAL_TRANSIENT,FIXED_THRESHOLD_MAIN,NOT_APPLICABLE_FIXED_SCENARIO,OK,15,2026-07-09 13:00:00+00:00,2026-07-11 13:15:00+00:00
12,bitget/gate,100,80,GATE_CAUSAL_ALLOWED_NORMAL_TRANSIENT,FIXED_THRESHOLD_MAIN,NOT_APPLICABLE_FIXED_SCENARIO,OK,15,2026-07-09 13:00:00+00:00,2026-07-11 13:15:00+00:00
12,bitget/gate,150,20,GATE_CAUSAL_ALLOWED_NORMAL_TRANSIENT,FIXED_THRESHOLD_MAIN,NOT_APPLICABLE_FIXED_SCENARIO,INSUFFICIENT_TRAIN_SAMPLE,3,2026-07-09 13:00:00+00:00,2026-07-11 13:15:00+00:00
12,bitget/gate,150,40,GATE_CAUSAL_ALLOWED_NORMAL_TRANSIENT,FIXED_THRESHOLD_MAIN,NOT_APPLICABLE_FIXED_SCENARIO,INSUFFICIENT_TRAIN_SAMPLE,3,2026-07-09 13:00:00+00:00,2026-07-11 13:15:00+00:00
12,bitget/gate,150,80,GATE_CAUSAL_ALLOWED_NORMAL_TRANSIENT,FIXED_THRESHOLD_MAIN,NOT_APPLICABLE_FIXED_SCENARIO,INSUFFICIENT_TRAIN_SAMPLE,3,2026-07-09 13:00:00+00:00,2026-07-11 13:15:00+00:00
12,bitget/gate,200,20,GATE_CAUSAL_ALLOWED_NORMAL_TRANSIENT,FIXED_THRESHOLD_MAIN,NOT_APPLICABLE_FIXED_SCENARIO,INSUFFICIENT_TRAIN_SAMPLE,0,2026-07-09 13:00:00+00:00,2026-07-11 13:15:00+00:00
12,bitget/gate,200,40,GATE_CAUSAL_ALLOWED_NORMAL_TRANSIENT,FIXED_THRESHOLD_MAIN,NOT_APPLICABLE_FIXED_SCENARIO,INSUFFICIENT_TRAIN_SAMPLE,0,2026-07-09 13:00:00+00:00,2026-07-11 13:15:00+00:00
12,bitget/gate,200,80,GATE_CAUSAL_ALLOWED_NORMAL_TRANSIENT,FIXED_THRESHOLD_MAIN,NOT_APPLICABLE_FIXED_SCENARIO,INSUFFICIENT_TRAIN_SAMPLE,0,2026-07-09 13:00:00+00:00,2026-07-11 13:15:00+00:00
12,bitget/hyperliquid,100,20,NO_GATE_REGIME_FILTER,FIXED_THRESHOLD_MAIN,NOT_APPLICABLE_FIXED_SCENARIO,INSUFFICIENT_TRAIN_SAMPLE,5,2026-07-09 13:00:00+00:00,2026-07-11 13:15:00+00:00
12,bitget/hyperliquid,100,40,NO_GATE_REGIME_FILTER,FIXED_THRESHOLD_MAIN,NOT_APPLICABLE_FIXED_SCENARIO,INSUFFICIENT_TRAIN_SAMPLE,5,2026-07-09 13:00:00+00:00,2026-07-11 13:15:00+00:00
12,bitget/hyperliquid,100,80,NO_GATE_REGIME_FILTER,FIXED_THRESHOLD_MAIN,NOT_APPLICABLE_FIXED_SCENARIO,INSUFFICIENT_TRAIN_SAMPLE,5,2026-07-09 13:00:00+00:00,2026-07-11 13:15:00+00:00
12,bitget/hyperliquid,150,20,NO_GATE_REGIME_FILTER,FIXED_THRESHOLD_MAIN,NOT_APPLICABLE_FIXED_SCENARIO,INSUFFICIENT_TRAIN_SAMPLE,0,2026-07-09 13:00:00+00:00,2026-07-11 13:15:00+00:00
12,bitget/hyperliquid,150,40,NO_GATE_REGIME_FILTER,FIXED_THRESHOLD_MAIN,NOT_APPLICABLE_FIXED_SCENARIO,INSUFFICIENT_TRAIN_SAMPLE,0,2026-07-09 13:00:00+00:00,2026-07-11 13:15:00+00:00
12,bitget/hyperliquid,150,80,NO_GATE_REGIME_FILTER,FIXED_THRESHOLD_MAIN,NOT_APPLICABLE_FIXED_SCENARIO,INSUFFICIENT_TRAIN_SAMPLE,0,2026-07-09 13:00:00+00:00,2026-07-11 13:15:00+00:00
12,bitget/hyperliquid,200,20,NO_GATE_REGIME_FILTER,FIXED_THRESHOLD_MAIN,NOT_APPLICABLE_FIXED_SCENARIO,INSUFFICIENT_TRAIN_SAMPLE,0,2026-07-09 13:00:00+00:00,2026-07-11 13:15:00+00:00
12,bitget/hyperliquid,200,40,NO_GATE_REGIME_FILTER,FIXED_THRESHOLD_MAIN,NOT_APPLICABLE_FIXED_SCENARIO,INSUFFICIENT_TRAIN_SAMPLE,0,2026-07-09 13:00:00+00:00,2026-07-11 13:15:00+00:00
12,bitget/hyperliquid,200,80,NO_GATE_REGIME_FILTER,FIXED_THRESHOLD_MAIN,NOT_APPLICABLE_FIXED_SCENARIO,INSUFFICIENT_TRAIN_SAMPLE,0,2026-07-09 13:00:00+00:00,2026-07-11 13:15:00+00:00
12,bitget/okx,100,20,NO_GATE_REGIME_FILTER,FIXED_THRESHOLD_MAIN,NOT_APPLICABLE_FIXED_SCENARIO,INSUFFICIENT_TRAIN_SAMPLE,1,2026-07-09 13:00:00+00:00,2026-07-11 13:15:00+00:00
12,bitget/okx,100,40,NO_GATE_REGIME_FILTER,FIXED_THRESHOLD_MAIN,NOT_APPLICABLE_FIXED_SCENARIO,INSUFFICIENT_TRAIN_SAMPLE,1,2026-07-09 13:00:00+00:00,2026-07-11 13:15:00+00:00
12,bitget/okx,100,80,NO_GATE_REGIME_FILTER,FIXED_THRESHOLD_MAIN,NOT_APPLICABLE_FIXED_SCENARIO,INSUFFICIENT_TRAIN_SAMPLE,1,2026-07-09 13:00:00+00:00,2026-07-11 13:15:00+00:00
12,bitget/okx,150,20,NO_GATE_REGIME_FILTER,FIXED_THRESHOLD_MAIN,NOT_APPLICABLE_FIXED_SCENARIO,INSUFFICIENT_TRAIN_SAMPLE,0,2026-07-09 13:00:00+00:00,2026-07-11 13:15:00+00:00
12,bitget/okx,150,40,NO_GATE_REGIME_FILTER,FIXED_THRESHOLD_MAIN,NOT_APPLICABLE_FIXED_SCENARIO,INSUFFICIENT_TRAIN_SAMPLE,0,2026-07-09 13:00:00+00:00,2026-07-11 13:15:00+00:00
12,bitget/okx,150,80,NO_GATE_REGIME_FILTER,FIXED_THRESHOLD_MAIN,NOT_APPLICABLE_FIXED_SCENARIO,INSUFFICIENT_TRAIN_SAMPLE,0,2026-07-09 13:00:00+00:00,2026-07-11 13:15:00+00:00
12,bitget/okx,200,20,NO_GATE_REGIME_FILTER,FIXED_THRESHOLD_MAIN,NOT_APPLICABLE_FIXED_SCENARIO,INSUFFICIENT_TRAIN_SAMPLE,0,2026-07-09 13:00:00+00:00,2026-07-11 13:15:00+00:00
12,bitget/okx,200,40,NO_GATE_REGIME_FILTER,FIXED_THRESHOLD_MAIN,NOT_APPLICABLE_FIXED_SCENARIO,INSUFFICIENT_TRAIN_SAMPLE,0,2026-07-09 13:00:00+00:00,2026-07-11 13:15:00+00:00
12,bitget/okx,200,80,NO_GATE_REGIME_FILTER,FIXED_THRESHOLD_MAIN,NOT_APPLICABLE_FIXED_SCENARIO,INSUFFICIENT_TRAIN_SAMPLE,0,2026-07-09 13:00:00+00:00,2026-07-11 13:15:00+00:00
12,gate/hyperliquid,100,20,GATE_CAUSAL_ALLOWED_NORMAL_TRANSIENT,FIXED_THRESHOLD_MAIN,NOT_APPLICABLE_FIXED_SCENARIO,OK,13,2026-07-09 13:00:00+00:00,2026-07-11 13:15:00+00:00
12,gate/hyperliquid,100,40,GATE_CAUSAL_ALLOWED_NORMAL_TRANSIENT,FIXED_THRESHOLD_MAIN,NOT_APPLICABLE_FIXED_SCENARIO,OK,13,2026-07-09 13:00:00+00:00,2026-07-11 13:15:00+00:00
12,gate/hyperliquid,100,80,GATE_CAUSAL_ALLOWED_NORMAL_TRANSIENT,FIXED_THRESHOLD_MAIN,NOT_APPLICABLE_FIXED_SCENARIO,OK,13,2026-07-09 13:00:00+00:00,2026-07-11 13:15:00+00:00
12,gate/hyperliquid,150,20,GATE_CAUSAL_ALLOWED_NORMAL_TRANSIENT,FIXED_THRESHOLD_MAIN,NOT_APPLICABLE_FIXED_SCENARIO,OK,18,2026-07-09 13:00:00+00:00,2026-07-11 13:15:00+00:00
12,gate/hyperliquid,150,40,GATE_CAUSAL_ALLOWED_NORMAL_TRANSIENT,FIXED_THRESHOLD_MAIN,NOT_APPLICABLE_FIXED_SCENARIO,OK,18,2026-07-09 13:00:00+00:00,2026-07-11 13:15:00+00:00
12,gate/hyperliquid,150,80,GATE_CAUSAL_ALLOWED_NORMAL_TRANSIENT,FIXED_THRESHOLD_MAIN,NOT_APPLICABLE_FIXED_SCENARIO,OK,18,2026-07-09 13:00:00+00:00,2026-07-11 13:15:00+00:00
12,gate/hyperliquid,200,20,GATE_CAUSAL_ALLOWED_NORMAL_TRANSIENT,FIXED_THRESHOLD_MAIN,NOT_APPLICABLE_FIXED_SCENARIO,INSUFFICIENT_TRAIN_SAMPLE,6,2026-07-09 13:00:00+00:00,2026-07-11 13:15:00+00:00
12,gate/hyperliquid,200,40,GATE_CAUSAL_ALLOWED_NORMAL_TRANSIENT,FIXED_THRESHOLD_MAIN,NOT_APPLICABLE_FIXED_SCENARIO,INSUFFICIENT_TRAIN_SAMPLE,6,2026-07-09 13:00:00+00:00,2026-07-11 13:15:00+00:00
12,gate/hyperliquid,200,80,GATE_CAUSAL_ALLOWED_NORMAL_TRANSIENT,FIXED_THRESHOLD_MAIN,NOT_APPLICABLE_FIXED_SCENARIO,INSUFFICIENT_TRAIN_SAMPLE,6,2026-07-09 13:00:00+00:00,2026-07-11 13:15:00+00:00
12,gate/okx,100,20,GATE_CAUSAL_ALLOWED_NORMAL_TRANSIENT,FIXED_THRESHOLD_MAIN,NOT_APPLICABLE_FIXED_SCENARIO,INSUFFICIENT_TRAIN_SAMPLE,9,2026-07-09 13:00:00+00:00,2026-07-11 13:15:00+00:00
12,gate/okx,100,40,GATE_CAUSAL_ALLOWED_NORMAL_TRANSIENT,FIXED_THRESHOLD_MAIN,NOT_APPLICABLE_FIXED_SCENARIO,INSUFFICIENT_TRAIN_SAMPLE,9,2026-07-09 13:00:00+00:00,2026-07-11 13:15:00+00:00
12,gate/okx,100,80,GATE_CAUSAL_ALLOWED_NORMAL_TRANSIENT,FIXED_THRESHOLD_MAIN,NOT_APPLICABLE_FIXED_SCENARIO,INSUFFICIENT_TRAIN_SAMPLE,9,2026-07-09 13:00:00+00:00,2026-07-11 13:15:00+00:00
12,gate/okx,150,20,GATE_CAUSAL_ALLOWED_NORMAL_TRANSIENT,FIXED_THRESHOLD_MAIN,NOT_APPLICABLE_FIXED_SCENARIO,OK,17,2026-07-09 13:00:00+00:00,2026-07-11 13:15:00+00:00
12,gate/okx,150,40,GATE_CAUSAL_ALLOWED_NORMAL_TRANSIENT,FIXED_THRESHOLD_MAIN,NOT_APPLICABLE_FIXED_SCENARIO,OK,17,2026-07-09 13:00:00+00:00,2026-07-11 13:15:00+00:00
12,gate/okx,150,80,GATE_CAUSAL_ALLOWED_NORMAL_TRANSIENT,FIXED_THRESHOLD_MAIN,NOT_APPLICABLE_FIXED_SCENARIO,OK,17,2026-07-09 13:00:00+00:00,2026-07-11 13:15:00+00:00
12,gate/okx,200,20,GATE_CAUSAL_ALLOWED_NORMAL_TRANSIENT,FIXED_THRESHOLD_MAIN,NOT_APPLICABLE_FIXED_SCENARIO,INSUFFICIENT_TRAIN_SAMPLE,2,2026-07-09 13:00:00+00:00,2026-07-11 13:15:00+00:00
12,gate/okx,200,40,GATE_CAUSAL_ALLOWED_NORMAL_TRANSIENT,FIXED_THRESHOLD_MAIN,NOT_APPLICABLE_FIXED_SCENARIO,INSUFFICIENT_TRAIN_SAMPLE,2,2026-07-09 13:00:00+00:00,2026-07-11 13:15:00+00:00
12,gate/okx,200,80,GATE_CAUSAL_ALLOWED_NORMAL_TRANSIENT,FIXED_THRESHOLD_MAIN,NOT_APPLICABLE_FIXED_SCENARIO,INSUFFICIENT_TRAIN_SAMPLE,2,2026-07-09 13:00:00+00:00,2026-07-11 13:15:00+00:00
12,hyperliquid/okx,100,20,NO_GATE_REGIME_FILTER,FIXED_THRESHOLD_MAIN,NOT_APPLICABLE_FIXED_SCENARIO,INSUFFICIENT_TRAIN_SAMPLE,0,2026-07-09 13:00:00+00:00,2026-07-11 13:15:00+00:00
12,hyperliquid/okx,100,40,NO_GATE_REGIME_FILTER,FIXED_THRESHOLD_MAIN,NOT_APPLICABLE_FIXED_SCENARIO,INSUFFICIENT_TRAIN_SAMPLE,0,2026-07-09 13:00:00+00:00,2026-07-11 13:15:00+00:00
12,hyperliquid/okx,100,80,NO_GATE_REGIME_FILTER,FIXED_THRESHOLD_MAIN,NOT_APPLICABLE_FIXED_SCENARIO,INSUFFICIENT_TRAIN_SAMPLE,0,2026-07-09 13:00:00+00:00,2026-07-11 13:15:00+00:00
12,hyperliquid/okx,150,20,NO_GATE_REGIME_FILTER,FIXED_THRESHOLD_MAIN,NOT_APPLICABLE_FIXED_SCENARIO,INSUFFICIENT_TRAIN_SAMPLE,0,2026-07-09 13:00:00+00:00,2026-07-11 13:15:00+00:00
12,hyperliquid/okx,150,40,NO_GATE_REGIME_FILTER,FIXED_THRESHOLD_MAIN,NOT_APPLICABLE_FIXED_SCENARIO,INSUFFICIENT_TRAIN_SAMPLE,0,2026-07-09 13:00:00+00:00,2026-07-11 13:15:00+00:00
12,hyperliquid/okx,150,80,NO_GATE_REGIME_FILTER,FIXED_THRESHOLD_MAIN,NOT_APPLICABLE_FIXED_SCENARIO,INSUFFICIENT_TRAIN_SAMPLE,0,2026-07-09 13:00:00+00:00,2026-07-11 13:15:00+00:00
12,hyperliquid/okx,200,20,NO_GATE_REGIME_FILTER,FIXED_THRESHOLD_MAIN,NOT_APPLICABLE_FIXED_SCENARIO,INSUFFICIENT_TRAIN_SAMPLE,0,2026-07-09 13:00:00+00:00,2026-07-11 13:15:00+00:00
12,hyperliquid/okx,200,40,NO_GATE_REGIME_FILTER,FIXED_THRESHOLD_MAIN,NOT_APPLICABLE_FIXED_SCENARIO,INSUFFICIENT_TRAIN_SAMPLE,0,2026-07-09 13:00:00+00:00,2026-07-11 13:15:00+00:00
12,hyperliquid/okx,200,80,NO_GATE_REGIME_FILTER,FIXED_THRESHOLD_MAIN,NOT_APPLICABLE_FIXED_SCENARIO,INSUFFICIENT_TRAIN_SAMPLE,0,2026-07-09 13:00:00+00:00,2026-07-11 13:15:00+00:00
13,binance/bitget,100,20,NO_GATE_REGIME_FILTER,FIXED_THRESHOLD_MAIN,NOT_APPLICABLE_FIXED_SCENARIO,INSUFFICIENT_TRAIN_SAMPLE,0,2026-07-11 13:30:00+00:00,2026-07-13 13:45:00+00:00
13,binance/bitget,100,40,NO_GATE_REGIME_FILTER,FIXED_THRESHOLD_MAIN,NOT_APPLICABLE_FIXED_SCENARIO,INSUFFICIENT_TRAIN_SAMPLE,0,2026-07-11 13:30:00+00:00,2026-07-13 13:45:00+00:00
13,binance/bitget,100,80,NO_GATE_REGIME_FILTER,FIXED_THRESHOLD_MAIN,NOT_APPLICABLE_FIXED_SCENARIO,INSUFFICIENT_TRAIN_SAMPLE,0,2026-07-11 13:30:00+00:00,2026-07-13 13:45:00+00:00
13,binance/bitget,150,20,NO_GATE_REGIME_FILTER,FIXED_THRESHOLD_MAIN,NOT_APPLICABLE_FIXED_SCENARIO,INSUFFICIENT_TRAIN_SAMPLE,0,2026-07-11 13:30:00+00:00,2026-07-13 13:45:00+00:00
13,binance/bitget,150,40,NO_GATE_REGIME_FILTER,FIXED_THRESHOLD_MAIN,NOT_APPLICABLE_FIXED_SCENARIO,INSUFFICIENT_TRAIN_SAMPLE,0,2026-07-11 13:30:00+00:00,2026-07-13 13:45:00+00:00
13,binance/bitget,150,80,NO_GATE_REGIME_FILTER,FIXED_THRESHOLD_MAIN,NOT_APPLICABLE_FIXED_SCENARIO,INSUFFICIENT_TRAIN_SAMPLE,0,2026-07-11 13:30:00+00:00,2026-07-13 13:45:00+00:00
13,binance/bitget,200,20,NO_GATE_REGIME_FILTER,FIXED_THRESHOLD_MAIN,NOT_APPLICABLE_FIXED_SCENARIO,INSUFFICIENT_TRAIN_SAMPLE,0,2026-07-11 13:30:00+00:00,2026-07-13 13:45:00+00:00
13,binance/bitget,200,40,NO_GATE_REGIME_FILTER,FIXED_THRESHOLD_MAIN,NOT_APPLICABLE_FIXED_SCENARIO,INSUFFICIENT_TRAIN_SAMPLE,0,2026-07-11 13:30:00+00:00,2026-07-13 13:45:00+00:00
13,binance/bitget,200,80,NO_GATE_REGIME_FILTER,FIXED_THRESHOLD_MAIN,NOT_APPLICABLE_FIXED_SCENARIO,INSUFFICIENT_TRAIN_SAMPLE,0,2026-07-11 13:30:00+00:00,2026-07-13 13:45:00+00:00
13,binance/gate,100,20,GATE_CAUSAL_ALLOWED_NORMAL_TRANSIENT,FIXED_THRESHOLD_MAIN,NOT_APPLICABLE_FIXED_SCENARIO,INSUFFICIENT_TRAIN_SAMPLE,5,2026-07-11 13:30:00+00:00,2026-07-13 13:45:00+00:00
13,binance/gate,100,40,GATE_CAUSAL_ALLOWED_NORMAL_TRANSIENT,FIXED_THRESHOLD_MAIN,NOT_APPLICABLE_FIXED_SCENARIO,INSUFFICIENT_TRAIN_SAMPLE,5,2026-07-11 13:30:00+00:00,2026-07-13 13:45:00+00:00
13,binance/gate,100,80,GATE_CAUSAL_ALLOWED_NORMAL_TRANSIENT,FIXED_THRESHOLD_MAIN,NOT_APPLICABLE_FIXED_SCENARIO,INSUFFICIENT_TRAIN_SAMPLE,5,2026-07-11 13:30:00+00:00,2026-07-13 13:45:00+00:00
13,binance/gate,150,20,GATE_CAUSAL_ALLOWED_NORMAL_TRANSIENT,FIXED_THRESHOLD_MAIN,NOT_APPLICABLE_FIXED_SCENARIO,INSUFFICIENT_TRAIN_SAMPLE,8,2026-07-11 13:30:00+00:00,2026-07-13 13:45:00+00:00
13,binance/gate,150,40,GATE_CAUSAL_ALLOWED_NORMAL_TRANSIENT,FIXED_THRESHOLD_MAIN,NOT_APPLICABLE_FIXED_SCENARIO,INSUFFICIENT_TRAIN_SAMPLE,8,2026-07-11 13:30:00+00:00,2026-07-13 13:45:00+00:00
13,binance/gate,150,80,GATE_CAUSAL_ALLOWED_NORMAL_TRANSIENT,FIXED_THRESHOLD_MAIN,NOT_APPLICABLE_FIXED_SCENARIO,INSUFFICIENT_TRAIN_SAMPLE,8,2026-07-11 13:30:00+00:00,2026-07-13 13:45:00+00:00
13,binance/gate,200,20,GATE_CAUSAL_ALLOWED_NORMAL_TRANSIENT,FIXED_THRESHOLD_MAIN,NOT_APPLICABLE_FIXED_SCENARIO,OK,18,2026-07-11 13:30:00+00:00,2026-07-13 13:45:00+00:00
13,binance/gate,200,40,GATE_CAUSAL_ALLOWED_NORMAL_TRANSIENT,FIXED_THRESHOLD_MAIN,NOT_APPLICABLE_FIXED_SCENARIO,OK,18,2026-07-11 13:30:00+00:00,2026-07-13 13:45:00+00:00
13,binance/gate,200,80,GATE_CAUSAL_ALLOWED_NORMAL_TRANSIENT,FIXED_THRESHOLD_MAIN,NOT_APPLICABLE_FIXED_SCENARIO,OK,18,2026-07-11 13:30:00+00:00,2026-07-13 13:45:00+00:00
13,binance/hyperliquid,100,20,NO_GATE_REGIME_FILTER,FIXED_THRESHOLD_MAIN,NOT_APPLICABLE_FIXED_SCENARIO,INSUFFICIENT_TRAIN_SAMPLE,0,2026-07-11 13:30:00+00:00,2026-07-13 13:45:00+00:00
13,binance/hyperliquid,100,40,NO_GATE_REGIME_FILTER,FIXED_THRESHOLD_MAIN,NOT_APPLICABLE_FIXED_SCENARIO,INSUFFICIENT_TRAIN_SAMPLE,0,2026-07-11 13:30:00+00:00,2026-07-13 13:45:00+00:00
13,binance/hyperliquid,100,80,NO_GATE_REGIME_FILTER,FIXED_THRESHOLD_MAIN,NOT_APPLICABLE_FIXED_SCENARIO,INSUFFICIENT_TRAIN_SAMPLE,0,2026-07-11 13:30:00+00:00,2026-07-13 13:45:00+00:00
13,binance/hyperliquid,150,20,NO_GATE_REGIME_FILTER,FIXED_THRESHOLD_MAIN,NOT_APPLICABLE_FIXED_SCENARIO,INSUFFICIENT_TRAIN_SAMPLE,0,2026-07-11 13:30:00+00:00,2026-07-13 13:45:00+00:00
13,binance/hyperliquid,150,40,NO_GATE_REGIME_FILTER,FIXED_THRESHOLD_MAIN,NOT_APPLICABLE_FIXED_SCENARIO,INSUFFICIENT_TRAIN_SAMPLE,0,2026-07-11 13:30:00+00:00,2026-07-13 13:45:00+00:00
13,binance/hyperliquid,150,80,NO_GATE_REGIME_FILTER,FIXED_THRESHOLD_MAIN,NOT_APPLICABLE_FIXED_SCENARIO,INSUFFICIENT_TRAIN_SAMPLE,0,2026-07-11 13:30:00+00:00,2026-07-13 13:45:00+00:00
13,binance/hyperliquid,200,20,NO_GATE_REGIME_FILTER,FIXED_THRESHOLD_MAIN,NOT_APPLICABLE_FIXED_SCENARIO,INSUFFICIENT_TRAIN_SAMPLE,0,2026-07-11 13:30:00+00:00,2026-07-13 13:45:00+00:00
13,binance/hyperliquid,200,40,NO_GATE_REGIME_FILTER,FIXED_THRESHOLD_MAIN,NOT_APPLICABLE_FIXED_SCENARIO,INSUFFICIENT_TRAIN_SAMPLE,0,2026-07-11 13:30:00+00:00,2026-07-13 13:45:00+00:00
13,binance/hyperliquid,200,80,NO_GATE_REGIME_FILTER,FIXED_THRESHOLD_MAIN,NOT_APPLICABLE_FIXED_SCENARIO,INSUFFICIENT_TRAIN_SAMPLE,0,2026-07-11 13:30:00+00:00,2026-07-13 13:45:00+00:00
13,binance/okx,100,20,NO_GATE_REGIME_FILTER,FIXED_THRESHOLD_MAIN,NOT_APPLICABLE_FIXED_SCENARIO,INSUFFICIENT_TRAIN_SAMPLE,0,2026-07-11 13:30:00+00:00,2026-07-13 13:45:00+00:00
13,binance/okx,100,40,NO_GATE_REGIME_FILTER,FIXED_THRESHOLD_MAIN,NOT_APPLICABLE_FIXED_SCENARIO,INSUFFICIENT_TRAIN_SAMPLE,0,2026-07-11 13:30:00+00:00,2026-07-13 13:45:00+00:00
13,binance/okx,100,80,NO_GATE_REGIME_FILTER,FIXED_THRESHOLD_MAIN,NOT_APPLICABLE_FIXED_SCENARIO,INSUFFICIENT_TRAIN_SAMPLE,0,2026-07-11 13:30:00+00:00,2026-07-13 13:45:00+00:00
13,binance/okx,150,20,NO_GATE_REGIME_FILTER,FIXED_THRESHOLD_MAIN,NOT_APPLICABLE_FIXED_SCENARIO,INSUFFICIENT_TRAIN_SAMPLE,0,2026-07-11 13:30:00+00:00,2026-07-13 13:45:00+00:00
13,binance/okx,150,40,NO_GATE_REGIME_FILTER,FIXED_THRESHOLD_MAIN,NOT_APPLICABLE_FIXED_SCENARIO,INSUFFICIENT_TRAIN_SAMPLE,0,2026-07-11 13:30:00+00:00,2026-07-13 13:45:00+00:00
13,binance/okx,150,80,NO_GATE_REGIME_FILTER,FIXED_THRESHOLD_MAIN,NOT_APPLICABLE_FIXED_SCENARIO,INSUFFICIENT_TRAIN_SAMPLE,0,2026-07-11 13:30:00+00:00,2026-07-13 13:45:00+00:00
13,binance/okx,200,20,NO_GATE_REGIME_FILTER,FIXED_THRESHOLD_MAIN,NOT_APPLICABLE_FIXED_SCENARIO,INSUFFICIENT_TRAIN_SAMPLE,0,2026-07-11 13:30:00+00:00,2026-07-13 13:45:00+00:00
13,binance/okx,200,40,NO_GATE_REGIME_FILTER,FIXED_THRESHOLD_MAIN,NOT_APPLICABLE_FIXED_SCENARIO,INSUFFICIENT_TRAIN_SAMPLE,0,2026-07-11 13:30:00+00:00,2026-07-13 13:45:00+00:00
13,binance/okx,200,80,NO_GATE_REGIME_FILTER,FIXED_THRESHOLD_MAIN,NOT_APPLICABLE_FIXED_SCENARIO,INSUFFICIENT_TRAIN_SAMPLE,0,2026-07-11 13:30:00+00:00,2026-07-13 13:45:00+00:00
13,bitget/gate,100,20,GATE_CAUSAL_ALLOWED_NORMAL_TRANSIENT,FIXED_THRESHOLD_MAIN,NOT_APPLICABLE_FIXED_SCENARIO,OK,15,2026-07-11 13:30:00+00:00,2026-07-13 13:45:00+00:00
13,bitget/gate,100,40,GATE_CAUSAL_ALLOWED_NORMAL_TRANSIENT,FIXED_THRESHOLD_MAIN,NOT_APPLICABLE_FIXED_SCENARIO,OK,15,2026-07-11 13:30:00+00:00,2026-07-13 13:45:00+00:00
13,bitget/gate,100,80,GATE_CAUSAL_ALLOWED_NORMAL_TRANSIENT,FIXED_THRESHOLD_MAIN,NOT_APPLICABLE_FIXED_SCENARIO,OK,15,2026-07-11 13:30:00+00:00,2026-07-13 13:45:00+00:00
13,bitget/gate,150,20,GATE_CAUSAL_ALLOWED_NORMAL_TRANSIENT,FIXED_THRESHOLD_MAIN,NOT_APPLICABLE_FIXED_SCENARIO,OK,15,2026-07-11 13:30:00+00:00,2026-07-13 13:45:00+00:00
13,bitget/gate,150,40,GATE_CAUSAL_ALLOWED_NORMAL_TRANSIENT,FIXED_THRESHOLD_MAIN,NOT_APPLICABLE_FIXED_SCENARIO,OK,15,2026-07-11 13:30:00+00:00,2026-07-13 13:45:00+00:00
13,bitget/gate,150,80,GATE_CAUSAL_ALLOWED_NORMAL_TRANSIENT,FIXED_THRESHOLD_MAIN,NOT_APPLICABLE_FIXED_SCENARIO,OK,15,2026-07-11 13:30:00+00:00,2026-07-13 13:45:00+00:00
13,bitget/gate,200,20,GATE_CAUSAL_ALLOWED_NORMAL_TRANSIENT,FIXED_THRESHOLD_MAIN,NOT_APPLICABLE_FIXED_SCENARIO,INSUFFICIENT_TRAIN_SAMPLE,1,2026-07-11 13:30:00+00:00,2026-07-13 13:45:00+00:00
13,bitget/gate,200,40,GATE_CAUSAL_ALLOWED_NORMAL_TRANSIENT,FIXED_THRESHOLD_MAIN,NOT_APPLICABLE_FIXED_SCENARIO,INSUFFICIENT_TRAIN_SAMPLE,1,2026-07-11 13:30:00+00:00,2026-07-13 13:45:00+00:00
13,bitget/gate,200,80,GATE_CAUSAL_ALLOWED_NORMAL_TRANSIENT,FIXED_THRESHOLD_MAIN,NOT_APPLICABLE_FIXED_SCENARIO,INSUFFICIENT_TRAIN_SAMPLE,1,2026-07-11 13:30:00+00:00,2026-07-13 13:45:00+00:00
13,bitget/hyperliquid,100,20,NO_GATE_REGIME_FILTER,FIXED_THRESHOLD_MAIN,NOT_APPLICABLE_FIXED_SCENARIO,INSUFFICIENT_TRAIN_SAMPLE,0,2026-07-11 13:30:00+00:00,2026-07-13 13:45:00+00:00
13,bitget/hyperliquid,100,40,NO_GATE_REGIME_FILTER,FIXED_THRESHOLD_MAIN,NOT_APPLICABLE_FIXED_SCENARIO,INSUFFICIENT_TRAIN_SAMPLE,0,2026-07-11 13:30:00+00:00,2026-07-13 13:45:00+00:00
13,bitget/hyperliquid,100,80,NO_GATE_REGIME_FILTER,FIXED_THRESHOLD_MAIN,NOT_APPLICABLE_FIXED_SCENARIO,INSUFFICIENT_TRAIN_SAMPLE,0,2026-07-11 13:30:00+00:00,2026-07-13 13:45:00+00:00
13,bitget/hyperliquid,150,20,NO_GATE_REGIME_FILTER,FIXED_THRESHOLD_MAIN,NOT_APPLICABLE_FIXED_SCENARIO,INSUFFICIENT_TRAIN_SAMPLE,0,2026-07-11 13:30:00+00:00,2026-07-13 13:45:00+00:00
13,bitget/hyperliquid,150,40,NO_GATE_REGIME_FILTER,FIXED_THRESHOLD_MAIN,NOT_APPLICABLE_FIXED_SCENARIO,INSUFFICIENT_TRAIN_SAMPLE,0,2026-07-11 13:30:00+00:00,2026-07-13 13:45:00+00:00
13,bitget/hyperliquid,150,80,NO_GATE_REGIME_FILTER,FIXED_THRESHOLD_MAIN,NOT_APPLICABLE_FIXED_SCENARIO,INSUFFICIENT_TRAIN_SAMPLE,0,2026-07-11 13:30:00+00:00,2026-07-13 13:45:00+00:00
13,bitget/hyperliquid,200,20,NO_GATE_REGIME_FILTER,FIXED_THRESHOLD_MAIN,NOT_APPLICABLE_FIXED_SCENARIO,INSUFFICIENT_TRAIN_SAMPLE,0,2026-07-11 13:30:00+00:00,2026-07-13 13:45:00+00:00
13,bitget/hyperliquid,200,40,NO_GATE_REGIME_FILTER,FIXED_THRESHOLD_MAIN,NOT_APPLICABLE_FIXED_SCENARIO,INSUFFICIENT_TRAIN_SAMPLE,0,2026-07-11 13:30:00+00:00,2026-07-13 13:45:00+00:00
13,bitget/hyperliquid,200,80,NO_GATE_REGIME_FILTER,FIXED_THRESHOLD_MAIN,NOT_APPLICABLE_FIXED_SCENARIO,INSUFFICIENT_TRAIN_SAMPLE,0,2026-07-11 13:30:00+00:00,2026-07-13 13:45:00+00:00
13,bitget/okx,100,20,NO_GATE_REGIME_FILTER,FIXED_THRESHOLD_MAIN,NOT_APPLICABLE_FIXED_SCENARIO,INSUFFICIENT_TRAIN_SAMPLE,0,2026-07-11 13:30:00+00:00,2026-07-13 13:45:00+00:00
13,bitget/okx,100,40,NO_GATE_REGIME_FILTER,FIXED_THRESHOLD_MAIN,NOT_APPLICABLE_FIXED_SCENARIO,INSUFFICIENT_TRAIN_SAMPLE,0,2026-07-11 13:30:00+00:00,2026-07-13 13:45:00+00:00
13,bitget/okx,100,80,NO_GATE_REGIME_FILTER,FIXED_THRESHOLD_MAIN,NOT_APPLICABLE_FIXED_SCENARIO,INSUFFICIENT_TRAIN_SAMPLE,0,2026-07-11 13:30:00+00:00,2026-07-13 13:45:00+00:00
13,bitget/okx,150,20,NO_GATE_REGIME_FILTER,FIXED_THRESHOLD_MAIN,NOT_APPLICABLE_FIXED_SCENARIO,INSUFFICIENT_TRAIN_SAMPLE,0,2026-07-11 13:30:00+00:00,2026-07-13 13:45:00+00:00
13,bitget/okx,150,40,NO_GATE_REGIME_FILTER,FIXED_THRESHOLD_MAIN,NOT_APPLICABLE_FIXED_SCENARIO,INSUFFICIENT_TRAIN_SAMPLE,0,2026-07-11 13:30:00+00:00,2026-07-13 13:45:00+00:00
13,bitget/okx,150,80,NO_GATE_REGIME_FILTER,FIXED_THRESHOLD_MAIN,NOT_APPLICABLE_FIXED_SCENARIO,INSUFFICIENT_TRAIN_SAMPLE,0,2026-07-11 13:30:00+00:00,2026-07-13 13:45:00+00:00
13,bitget/okx,200,20,NO_GATE_REGIME_FILTER,FIXED_THRESHOLD_MAIN,NOT_APPLICABLE_FIXED_SCENARIO,INSUFFICIENT_TRAIN_SAMPLE,0,2026-07-11 13:30:00+00:00,2026-07-13 13:45:00+00:00
13,bitget/okx,200,40,NO_GATE_REGIME_FILTER,FIXED_THRESHOLD_MAIN,NOT_APPLICABLE_FIXED_SCENARIO,INSUFFICIENT_TRAIN_SAMPLE,0,2026-07-11 13:30:00+00:00,2026-07-13 13:45:00+00:00
13,bitget/okx,200,80,NO_GATE_REGIME_FILTER,FIXED_THRESHOLD_MAIN,NOT_APPLICABLE_FIXED_SCENARIO,INSUFFICIENT_TRAIN_SAMPLE,0,2026-07-11 13:30:00+00:00,2026-07-13 13:45:00+00:00
13,gate/hyperliquid,100,20,GATE_CAUSAL_ALLOWED_NORMAL_TRANSIENT,FIXED_THRESHOLD_MAIN,NOT_APPLICABLE_FIXED_SCENARIO,OK,12,2026-07-11 13:30:00+00:00,2026-07-13 13:45:00+00:00
13,gate/hyperliquid,100,40,GATE_CAUSAL_ALLOWED_NORMAL_TRANSIENT,FIXED_THRESHOLD_MAIN,NOT_APPLICABLE_FIXED_SCENARIO,OK,12,2026-07-11 13:30:00+00:00,2026-07-13 13:45:00+00:00
13,gate/hyperliquid,100,80,GATE_CAUSAL_ALLOWED_NORMAL_TRANSIENT,FIXED_THRESHOLD_MAIN,NOT_APPLICABLE_FIXED_SCENARIO,OK,12,2026-07-11 13:30:00+00:00,2026-07-13 13:45:00+00:00
13,gate/hyperliquid,150,20,GATE_CAUSAL_ALLOWED_NORMAL_TRANSIENT,FIXED_THRESHOLD_MAIN,NOT_APPLICABLE_FIXED_SCENARIO,OK,15,2026-07-11 13:30:00+00:00,2026-07-13 13:45:00+00:00
13,gate/hyperliquid,150,40,GATE_CAUSAL_ALLOWED_NORMAL_TRANSIENT,FIXED_THRESHOLD_MAIN,NOT_APPLICABLE_FIXED_SCENARIO,OK,15,2026-07-11 13:30:00+00:00,2026-07-13 13:45:00+00:00
13,gate/hyperliquid,150,80,GATE_CAUSAL_ALLOWED_NORMAL_TRANSIENT,FIXED_THRESHOLD_MAIN,NOT_APPLICABLE_FIXED_SCENARIO,OK,15,2026-07-11 13:30:00+00:00,2026-07-13 13:45:00+00:00
13,gate/hyperliquid,200,20,GATE_CAUSAL_ALLOWED_NORMAL_TRANSIENT,FIXED_THRESHOLD_MAIN,NOT_APPLICABLE_FIXED_SCENARIO,OK,11,2026-07-11 13:30:00+00:00,2026-07-13 13:45:00+00:00
13,gate/hyperliquid,200,40,GATE_CAUSAL_ALLOWED_NORMAL_TRANSIENT,FIXED_THRESHOLD_MAIN,NOT_APPLICABLE_FIXED_SCENARIO,OK,11,2026-07-11 13:30:00+00:00,2026-07-13 13:45:00+00:00
13,gate/hyperliquid,200,80,GATE_CAUSAL_ALLOWED_NORMAL_TRANSIENT,FIXED_THRESHOLD_MAIN,NOT_APPLICABLE_FIXED_SCENARIO,OK,11,2026-07-11 13:30:00+00:00,2026-07-13 13:45:00+00:00
13,gate/okx,100,20,GATE_CAUSAL_ALLOWED_NORMAL_TRANSIENT,FIXED_THRESHOLD_MAIN,NOT_APPLICABLE_FIXED_SCENARIO,INSUFFICIENT_TRAIN_SAMPLE,4,2026-07-11 13:30:00+00:00,2026-07-13 13:45:00+00:00
13,gate/okx,100,40,GATE_CAUSAL_ALLOWED_NORMAL_TRANSIENT,FIXED_THRESHOLD_MAIN,NOT_APPLICABLE_FIXED_SCENARIO,INSUFFICIENT_TRAIN_SAMPLE,4,2026-07-11 13:30:00+00:00,2026-07-13 13:45:00+00:00
13,gate/okx,100,80,GATE_CAUSAL_ALLOWED_NORMAL_TRANSIENT,FIXED_THRESHOLD_MAIN,NOT_APPLICABLE_FIXED_SCENARIO,INSUFFICIENT_TRAIN_SAMPLE,4,2026-07-11 13:30:00+00:00,2026-07-13 13:45:00+00:00
13,gate/okx,150,20,GATE_CAUSAL_ALLOWED_NORMAL_TRANSIENT,FIXED_THRESHOLD_MAIN,NOT_APPLICABLE_FIXED_SCENARIO,OK,15,2026-07-11 13:30:00+00:00,2026-07-13 13:45:00+00:00
13,gate/okx,150,40,GATE_CAUSAL_ALLOWED_NORMAL_TRANSIENT,FIXED_THRESHOLD_MAIN,NOT_APPLICABLE_FIXED_SCENARIO,OK,15,2026-07-11 13:30:00+00:00,2026-07-13 13:45:00+00:00
13,gate/okx,150,80,GATE_CAUSAL_ALLOWED_NORMAL_TRANSIENT,FIXED_THRESHOLD_MAIN,NOT_APPLICABLE_FIXED_SCENARIO,OK,15,2026-07-11 13:30:00+00:00,2026-07-13 13:45:00+00:00
13,gate/okx,200,20,GATE_CAUSAL_ALLOWED_NORMAL_TRANSIENT,FIXED_THRESHOLD_MAIN,NOT_APPLICABLE_FIXED_SCENARIO,OK,16,2026-07-11 13:30:00+00:00,2026-07-13 13:45:00+00:00
13,gate/okx,200,40,GATE_CAUSAL_ALLOWED_NORMAL_TRANSIENT,FIXED_THRESHOLD_MAIN,NOT_APPLICABLE_FIXED_SCENARIO,OK,16,2026-07-11 13:30:00+00:00,2026-07-13 13:45:00+00:00
13,gate/okx,200,80,GATE_CAUSAL_ALLOWED_NORMAL_TRANSIENT,FIXED_THRESHOLD_MAIN,NOT_APPLICABLE_FIXED_SCENARIO,OK,16,2026-07-11 13:30:00+00:00,2026-07-13 13:45:00+00:00
13,hyperliquid/okx,100,20,NO_GATE_REGIME_FILTER,FIXED_THRESHOLD_MAIN,NOT_APPLICABLE_FIXED_SCENARIO,INSUFFICIENT_TRAIN_SAMPLE,0,2026-07-11 13:30:00+00:00,2026-07-13 13:45:00+00:00
13,hyperliquid/okx,100,40,NO_GATE_REGIME_FILTER,FIXED_THRESHOLD_MAIN,NOT_APPLICABLE_FIXED_SCENARIO,INSUFFICIENT_TRAIN_SAMPLE,0,2026-07-11 13:30:00+00:00,2026-07-13 13:45:00+00:00
13,hyperliquid/okx,100,80,NO_GATE_REGIME_FILTER,FIXED_THRESHOLD_MAIN,NOT_APPLICABLE_FIXED_SCENARIO,INSUFFICIENT_TRAIN_SAMPLE,0,2026-07-11 13:30:00+00:00,2026-07-13 13:45:00+00:00
13,hyperliquid/okx,150,20,NO_GATE_REGIME_FILTER,FIXED_THRESHOLD_MAIN,NOT_APPLICABLE_FIXED_SCENARIO,INSUFFICIENT_TRAIN_SAMPLE,0,2026-07-11 13:30:00+00:00,2026-07-13 13:45:00+00:00
13,hyperliquid/okx,150,40,NO_GATE_REGIME_FILTER,FIXED_THRESHOLD_MAIN,NOT_APPLICABLE_FIXED_SCENARIO,INSUFFICIENT_TRAIN_SAMPLE,0,2026-07-11 13:30:00+00:00,2026-07-13 13:45:00+00:00
13,hyperliquid/okx,150,80,NO_GATE_REGIME_FILTER,FIXED_THRESHOLD_MAIN,NOT_APPLICABLE_FIXED_SCENARIO,INSUFFICIENT_TRAIN_SAMPLE,0,2026-07-11 13:30:00+00:00,2026-07-13 13:45:00+00:00
13,hyperliquid/okx,200,20,NO_GATE_REGIME_FILTER,FIXED_THRESHOLD_MAIN,NOT_APPLICABLE_FIXED_SCENARIO,INSUFFICIENT_TRAIN_SAMPLE,0,2026-07-11 13:30:00+00:00,2026-07-13 13:45:00+00:00
13,hyperliquid/okx,200,40,NO_GATE_REGIME_FILTER,FIXED_THRESHOLD_MAIN,NOT_APPLICABLE_FIXED_SCENARIO,INSUFFICIENT_TRAIN_SAMPLE,0,2026-07-11 13:30:00+00:00,2026-07-13 13:45:00+00:00
13,hyperliquid/okx,200,80,NO_GATE_REGIME_FILTER,FIXED_THRESHOLD_MAIN,NOT_APPLICABLE_FIXED_SCENARIO,INSUFFICIENT_TRAIN_SAMPLE,0,2026-07-11 13:30:00+00:00,2026-07-13 13:45:00+00:00
14,binance/bitget,100,20,NO_GATE_REGIME_FILTER,FIXED_THRESHOLD_MAIN,NOT_APPLICABLE_FIXED_SCENARIO,INSUFFICIENT_TRAIN_SAMPLE,0,2026-07-13 13:45:00+00:00,2026-07-15 14:15:00+00:00
14,binance/bitget,100,40,NO_GATE_REGIME_FILTER,FIXED_THRESHOLD_MAIN,NOT_APPLICABLE_FIXED_SCENARIO,INSUFFICIENT_TRAIN_SAMPLE,0,2026-07-13 13:45:00+00:00,2026-07-15 14:15:00+00:00
14,binance/bitget,100,80,NO_GATE_REGIME_FILTER,FIXED_THRESHOLD_MAIN,NOT_APPLICABLE_FIXED_SCENARIO,INSUFFICIENT_TRAIN_SAMPLE,0,2026-07-13 13:45:00+00:00,2026-07-15 14:15:00+00:00
14,binance/bitget,150,20,NO_GATE_REGIME_FILTER,FIXED_THRESHOLD_MAIN,NOT_APPLICABLE_FIXED_SCENARIO,INSUFFICIENT_TRAIN_SAMPLE,0,2026-07-13 13:45:00+00:00,2026-07-15 14:15:00+00:00
14,binance/bitget,150,40,NO_GATE_REGIME_FILTER,FIXED_THRESHOLD_MAIN,NOT_APPLICABLE_FIXED_SCENARIO,INSUFFICIENT_TRAIN_SAMPLE,0,2026-07-13 13:45:00+00:00,2026-07-15 14:15:00+00:00
14,binance/bitget,150,80,NO_GATE_REGIME_FILTER,FIXED_THRESHOLD_MAIN,NOT_APPLICABLE_FIXED_SCENARIO,INSUFFICIENT_TRAIN_SAMPLE,0,2026-07-13 13:45:00+00:00,2026-07-15 14:15:00+00:00
14,binance/bitget,200,20,NO_GATE_REGIME_FILTER,FIXED_THRESHOLD_MAIN,NOT_APPLICABLE_FIXED_SCENARIO,INSUFFICIENT_TRAIN_SAMPLE,0,2026-07-13 13:45:00+00:00,2026-07-15 14:15:00+00:00
14,binance/bitget,200,40,NO_GATE_REGIME_FILTER,FIXED_THRESHOLD_MAIN,NOT_APPLICABLE_FIXED_SCENARIO,INSUFFICIENT_TRAIN_SAMPLE,0,2026-07-13 13:45:00+00:00,2026-07-15 14:15:00+00:00
14,binance/bitget,200,80,NO_GATE_REGIME_FILTER,FIXED_THRESHOLD_MAIN,NOT_APPLICABLE_FIXED_SCENARIO,INSUFFICIENT_TRAIN_SAMPLE,0,2026-07-13 13:45:00+00:00,2026-07-15 14:15:00+00:00
14,binance/gate,100,20,GATE_CAUSAL_ALLOWED_NORMAL_TRANSIENT,FIXED_THRESHOLD_MAIN,NOT_APPLICABLE_FIXED_SCENARIO,INSUFFICIENT_TRAIN_SAMPLE,6,2026-07-13 13:45:00+00:00,2026-07-15 14:15:00+00:00
14,binance/gate,100,40,GATE_CAUSAL_ALLOWED_NORMAL_TRANSIENT,FIXED_THRESHOLD_MAIN,NOT_APPLICABLE_FIXED_SCENARIO,INSUFFICIENT_TRAIN_SAMPLE,6,2026-07-13 13:45:00+00:00,2026-07-15 14:15:00+00:00
14,binance/gate,100,80,GATE_CAUSAL_ALLOWED_NORMAL_TRANSIENT,FIXED_THRESHOLD_MAIN,NOT_APPLICABLE_FIXED_SCENARIO,INSUFFICIENT_TRAIN_SAMPLE,6,2026-07-13 13:45:00+00:00,2026-07-15 14:15:00+00:00
14,binance/gate,150,20,GATE_CAUSAL_ALLOWED_NORMAL_TRANSIENT,FIXED_THRESHOLD_MAIN,NOT_APPLICABLE_FIXED_SCENARIO,INSUFFICIENT_TRAIN_SAMPLE,9,2026-07-13 13:45:00+00:00,2026-07-15 14:15:00+00:00
14,binance/gate,150,40,GATE_CAUSAL_ALLOWED_NORMAL_TRANSIENT,FIXED_THRESHOLD_MAIN,NOT_APPLICABLE_FIXED_SCENARIO,INSUFFICIENT_TRAIN_SAMPLE,9,2026-07-13 13:45:00+00:00,2026-07-15 14:15:00+00:00
14,binance/gate,150,80,GATE_CAUSAL_ALLOWED_NORMAL_TRANSIENT,FIXED_THRESHOLD_MAIN,NOT_APPLICABLE_FIXED_SCENARIO,INSUFFICIENT_TRAIN_SAMPLE,9,2026-07-13 13:45:00+00:00,2026-07-15 14:15:00+00:00
14,binance/gate,200,20,GATE_CAUSAL_ALLOWED_NORMAL_TRANSIENT,FIXED_THRESHOLD_MAIN,NOT_APPLICABLE_FIXED_SCENARIO,OK,32,2026-07-13 13:45:00+00:00,2026-07-15 14:15:00+00:00
14,binance/gate,200,40,GATE_CAUSAL_ALLOWED_NORMAL_TRANSIENT,FIXED_THRESHOLD_MAIN,NOT_APPLICABLE_FIXED_SCENARIO,OK,32,2026-07-13 13:45:00+00:00,2026-07-15 14:15:00+00:00
14,binance/gate,200,80,GATE_CAUSAL_ALLOWED_NORMAL_TRANSIENT,FIXED_THRESHOLD_MAIN,NOT_APPLICABLE_FIXED_SCENARIO,OK,32,2026-07-13 13:45:00+00:00,2026-07-15 14:15:00+00:00
14,binance/hyperliquid,100,20,NO_GATE_REGIME_FILTER,FIXED_THRESHOLD_MAIN,NOT_APPLICABLE_FIXED_SCENARIO,INSUFFICIENT_TRAIN_SAMPLE,4,2026-07-13 13:45:00+00:00,2026-07-15 14:15:00+00:00
14,binance/hyperliquid,100,40,NO_GATE_REGIME_FILTER,FIXED_THRESHOLD_MAIN,NOT_APPLICABLE_FIXED_SCENARIO,INSUFFICIENT_TRAIN_SAMPLE,4,2026-07-13 13:45:00+00:00,2026-07-15 14:15:00+00:00
14,binance/hyperliquid,100,80,NO_GATE_REGIME_FILTER,FIXED_THRESHOLD_MAIN,NOT_APPLICABLE_FIXED_SCENARIO,INSUFFICIENT_TRAIN_SAMPLE,4,2026-07-13 13:45:00+00:00,2026-07-15 14:15:00+00:00
14,binance/hyperliquid,150,20,NO_GATE_REGIME_FILTER,FIXED_THRESHOLD_MAIN,NOT_APPLICABLE_FIXED_SCENARIO,INSUFFICIENT_TRAIN_SAMPLE,2,2026-07-13 13:45:00+00:00,2026-07-15 14:15:00+00:00
14,binance/hyperliquid,150,40,NO_GATE_REGIME_FILTER,FIXED_THRESHOLD_MAIN,NOT_APPLICABLE_FIXED_SCENARIO,INSUFFICIENT_TRAIN_SAMPLE,2,2026-07-13 13:45:00+00:00,2026-07-15 14:15:00+00:00
14,binance/hyperliquid,150,80,NO_GATE_REGIME_FILTER,FIXED_THRESHOLD_MAIN,NOT_APPLICABLE_FIXED_SCENARIO,INSUFFICIENT_TRAIN_SAMPLE,2,2026-07-13 13:45:00+00:00,2026-07-15 14:15:00+00:00
14,binance/hyperliquid,200,20,NO_GATE_REGIME_FILTER,FIXED_THRESHOLD_MAIN,NOT_APPLICABLE_FIXED_SCENARIO,INSUFFICIENT_TRAIN_SAMPLE,1,2026-07-13 13:45:00+00:00,2026-07-15 14:15:00+00:00
14,binance/hyperliquid,200,40,NO_GATE_REGIME_FILTER,FIXED_THRESHOLD_MAIN,NOT_APPLICABLE_FIXED_SCENARIO,INSUFFICIENT_TRAIN_SAMPLE,1,2026-07-13 13:45:00+00:00,2026-07-15 14:15:00+00:00
14,binance/hyperliquid,200,80,NO_GATE_REGIME_FILTER,FIXED_THRESHOLD_MAIN,NOT_APPLICABLE_FIXED_SCENARIO,INSUFFICIENT_TRAIN_SAMPLE,1,2026-07-13 13:45:00+00:00,2026-07-15 14:15:00+00:00
14,binance/okx,100,20,NO_GATE_REGIME_FILTER,FIXED_THRESHOLD_MAIN,NOT_APPLICABLE_FIXED_SCENARIO,INSUFFICIENT_TRAIN_SAMPLE,2,2026-07-13 13:45:00+00:00,2026-07-15 14:15:00+00:00
14,binance/okx,100,40,NO_GATE_REGIME_FILTER,FIXED_THRESHOLD_MAIN,NOT_APPLICABLE_FIXED_SCENARIO,INSUFFICIENT_TRAIN_SAMPLE,2,2026-07-13 13:45:00+00:00,2026-07-15 14:15:00+00:00
14,binance/okx,100,80,NO_GATE_REGIME_FILTER,FIXED_THRESHOLD_MAIN,NOT_APPLICABLE_FIXED_SCENARIO,INSUFFICIENT_TRAIN_SAMPLE,2,2026-07-13 13:45:00+00:00,2026-07-15 14:15:00+00:00
14,binance/okx,150,20,NO_GATE_REGIME_FILTER,FIXED_THRESHOLD_MAIN,NOT_APPLICABLE_FIXED_SCENARIO,INSUFFICIENT_TRAIN_SAMPLE,0,2026-07-13 13:45:00+00:00,2026-07-15 14:15:00+00:00
14,binance/okx,150,40,NO_GATE_REGIME_FILTER,FIXED_THRESHOLD_MAIN,NOT_APPLICABLE_FIXED_SCENARIO,INSUFFICIENT_TRAIN_SAMPLE,0,2026-07-13 13:45:00+00:00,2026-07-15 14:15:00+00:00
14,binance/okx,150,80,NO_GATE_REGIME_FILTER,FIXED_THRESHOLD_MAIN,NOT_APPLICABLE_FIXED_SCENARIO,INSUFFICIENT_TRAIN_SAMPLE,0,2026-07-13 13:45:00+00:00,2026-07-15 14:15:00+00:00
14,binance/okx,200,20,NO_GATE_REGIME_FILTER,FIXED_THRESHOLD_MAIN,NOT_APPLICABLE_FIXED_SCENARIO,INSUFFICIENT_TRAIN_SAMPLE,0,2026-07-13 13:45:00+00:00,2026-07-15 14:15:00+00:00
14,binance/okx,200,40,NO_GATE_REGIME_FILTER,FIXED_THRESHOLD_MAIN,NOT_APPLICABLE_FIXED_SCENARIO,INSUFFICIENT_TRAIN_SAMPLE,0,2026-07-13 13:45:00+00:00,2026-07-15 14:15:00+00:00
14,binance/okx,200,80,NO_GATE_REGIME_FILTER,FIXED_THRESHOLD_MAIN,NOT_APPLICABLE_FIXED_SCENARIO,INSUFFICIENT_TRAIN_SAMPLE,0,2026-07-13 13:45:00+00:00,2026-07-15 14:15:00+00:00
14,bitget/gate,100,20,GATE_CAUSAL_ALLOWED_NORMAL_TRANSIENT,FIXED_THRESHOLD_MAIN,NOT_APPLICABLE_FIXED_SCENARIO,OK,16,2026-07-13 13:45:00+00:00,2026-07-15 14:15:00+00:00
14,bitget/gate,100,40,GATE_CAUSAL_ALLOWED_NORMAL_TRANSIENT,FIXED_THRESHOLD_MAIN,NOT_APPLICABLE_FIXED_SCENARIO,OK,16,2026-07-13 13:45:00+00:00,2026-07-15 14:15:00+00:00
14,bitget/gate,100,80,GATE_CAUSAL_ALLOWED_NORMAL_TRANSIENT,FIXED_THRESHOLD_MAIN,NOT_APPLICABLE_FIXED_SCENARIO,OK,16,2026-07-13 13:45:00+00:00,2026-07-15 14:15:00+00:00
14,bitget/gate,150,20,GATE_CAUSAL_ALLOWED_NORMAL_TRANSIENT,FIXED_THRESHOLD_MAIN,NOT_APPLICABLE_FIXED_SCENARIO,OK,16,2026-07-13 13:45:00+00:00,2026-07-15 14:15:00+00:00
14,bitget/gate,150,40,GATE_CAUSAL_ALLOWED_NORMAL_TRANSIENT,FIXED_THRESHOLD_MAIN,NOT_APPLICABLE_FIXED_SCENARIO,OK,16,2026-07-13 13:45:00+00:00,2026-07-15 14:15:00+00:00
14,bitget/gate,150,80,GATE_CAUSAL_ALLOWED_NORMAL_TRANSIENT,FIXED_THRESHOLD_MAIN,NOT_APPLICABLE_FIXED_SCENARIO,OK,16,2026-07-13 13:45:00+00:00,2026-07-15 14:15:00+00:00
14,bitget/gate,200,20,GATE_CAUSAL_ALLOWED_NORMAL_TRANSIENT,FIXED_THRESHOLD_MAIN,NOT_APPLICABLE_FIXED_SCENARIO,INSUFFICIENT_TRAIN_SAMPLE,2,2026-07-13 13:45:00+00:00,2026-07-15 14:15:00+00:00
14,bitget/gate,200,40,GATE_CAUSAL_ALLOWED_NORMAL_TRANSIENT,FIXED_THRESHOLD_MAIN,NOT_APPLICABLE_FIXED_SCENARIO,INSUFFICIENT_TRAIN_SAMPLE,2,2026-07-13 13:45:00+00:00,2026-07-15 14:15:00+00:00
14,bitget/gate,200,80,GATE_CAUSAL_ALLOWED_NORMAL_TRANSIENT,FIXED_THRESHOLD_MAIN,NOT_APPLICABLE_FIXED_SCENARIO,INSUFFICIENT_TRAIN_SAMPLE,2,2026-07-13 13:45:00+00:00,2026-07-15 14:15:00+00:00
14,bitget/hyperliquid,100,20,NO_GATE_REGIME_FILTER,FIXED_THRESHOLD_MAIN,NOT_APPLICABLE_FIXED_SCENARIO,INSUFFICIENT_TRAIN_SAMPLE,6,2026-07-13 13:45:00+00:00,2026-07-15 14:15:00+00:00
14,bitget/hyperliquid,100,40,NO_GATE_REGIME_FILTER,FIXED_THRESHOLD_MAIN,NOT_APPLICABLE_FIXED_SCENARIO,INSUFFICIENT_TRAIN_SAMPLE,6,2026-07-13 13:45:00+00:00,2026-07-15 14:15:00+00:00
14,bitget/hyperliquid,100,80,NO_GATE_REGIME_FILTER,FIXED_THRESHOLD_MAIN,NOT_APPLICABLE_FIXED_SCENARIO,INSUFFICIENT_TRAIN_SAMPLE,6,2026-07-13 13:45:00+00:00,2026-07-15 14:15:00+00:00
14,bitget/hyperliquid,150,20,NO_GATE_REGIME_FILTER,FIXED_THRESHOLD_MAIN,NOT_APPLICABLE_FIXED_SCENARIO,INSUFFICIENT_TRAIN_SAMPLE,1,2026-07-13 13:45:00+00:00,2026-07-15 14:15:00+00:00
14,bitget/hyperliquid,150,40,NO_GATE_REGIME_FILTER,FIXED_THRESHOLD_MAIN,NOT_APPLICABLE_FIXED_SCENARIO,INSUFFICIENT_TRAIN_SAMPLE,1,2026-07-13 13:45:00+00:00,2026-07-15 14:15:00+00:00
14,bitget/hyperliquid,150,80,NO_GATE_REGIME_FILTER,FIXED_THRESHOLD_MAIN,NOT_APPLICABLE_FIXED_SCENARIO,INSUFFICIENT_TRAIN_SAMPLE,1,2026-07-13 13:45:00+00:00,2026-07-15 14:15:00+00:00
14,bitget/hyperliquid,200,20,NO_GATE_REGIME_FILTER,FIXED_THRESHOLD_MAIN,NOT_APPLICABLE_FIXED_SCENARIO,INSUFFICIENT_TRAIN_SAMPLE,2,2026-07-13 13:45:00+00:00,2026-07-15 14:15:00+00:00
14,bitget/hyperliquid,200,40,NO_GATE_REGIME_FILTER,FIXED_THRESHOLD_MAIN,NOT_APPLICABLE_FIXED_SCENARIO,INSUFFICIENT_TRAIN_SAMPLE,2,2026-07-13 13:45:00+00:00,2026-07-15 14:15:00+00:00
14,bitget/hyperliquid,200,80,NO_GATE_REGIME_FILTER,FIXED_THRESHOLD_MAIN,NOT_APPLICABLE_FIXED_SCENARIO,INSUFFICIENT_TRAIN_SAMPLE,2,2026-07-13 13:45:00+00:00,2026-07-15 14:15:00+00:00
14,bitget/okx,100,20,NO_GATE_REGIME_FILTER,FIXED_THRESHOLD_MAIN,NOT_APPLICABLE_FIXED_SCENARIO,INSUFFICIENT_TRAIN_SAMPLE,2,2026-07-13 13:45:00+00:00,2026-07-15 14:15:00+00:00
14,bitget/okx,100,40,NO_GATE_REGIME_FILTER,FIXED_THRESHOLD_MAIN,NOT_APPLICABLE_FIXED_SCENARIO,INSUFFICIENT_TRAIN_SAMPLE,2,2026-07-13 13:45:00+00:00,2026-07-15 14:15:00+00:00
14,bitget/okx,100,80,NO_GATE_REGIME_FILTER,FIXED_THRESHOLD_MAIN,NOT_APPLICABLE_FIXED_SCENARIO,INSUFFICIENT_TRAIN_SAMPLE,2,2026-07-13 13:45:00+00:00,2026-07-15 14:15:00+00:00
14,bitget/okx,150,20,NO_GATE_REGIME_FILTER,FIXED_THRESHOLD_MAIN,NOT_APPLICABLE_FIXED_SCENARIO,INSUFFICIENT_TRAIN_SAMPLE,2,2026-07-13 13:45:00+00:00,2026-07-15 14:15:00+00:00
14,bitget/okx,150,40,NO_GATE_REGIME_FILTER,FIXED_THRESHOLD_MAIN,NOT_APPLICABLE_FIXED_SCENARIO,INSUFFICIENT_TRAIN_SAMPLE,2,2026-07-13 13:45:00+00:00,2026-07-15 14:15:00+00:00
14,bitget/okx,150,80,NO_GATE_REGIME_FILTER,FIXED_THRESHOLD_MAIN,NOT_APPLICABLE_FIXED_SCENARIO,INSUFFICIENT_TRAIN_SAMPLE,2,2026-07-13 13:45:00+00:00,2026-07-15 14:15:00+00:00
14,bitget/okx,200,20,NO_GATE_REGIME_FILTER,FIXED_THRESHOLD_MAIN,NOT_APPLICABLE_FIXED_SCENARIO,INSUFFICIENT_TRAIN_SAMPLE,0,2026-07-13 13:45:00+00:00,2026-07-15 14:15:00+00:00
14,bitget/okx,200,40,NO_GATE_REGIME_FILTER,FIXED_THRESHOLD_MAIN,NOT_APPLICABLE_FIXED_SCENARIO,INSUFFICIENT_TRAIN_SAMPLE,0,2026-07-13 13:45:00+00:00,2026-07-15 14:15:00+00:00
14,bitget/okx,200,80,NO_GATE_REGIME_FILTER,FIXED_THRESHOLD_MAIN,NOT_APPLICABLE_FIXED_SCENARIO,INSUFFICIENT_TRAIN_SAMPLE,0,2026-07-13 13:45:00+00:00,2026-07-15 14:15:00+00:00
14,gate/hyperliquid,100,20,GATE_CAUSAL_ALLOWED_NORMAL_TRANSIENT,FIXED_THRESHOLD_MAIN,NOT_APPLICABLE_FIXED_SCENARIO,INSUFFICIENT_TRAIN_SAMPLE,4,2026-07-13 13:45:00+00:00,2026-07-15 14:15:00+00:00
14,gate/hyperliquid,100,40,GATE_CAUSAL_ALLOWED_NORMAL_TRANSIENT,FIXED_THRESHOLD_MAIN,NOT_APPLICABLE_FIXED_SCENARIO,INSUFFICIENT_TRAIN_SAMPLE,4,2026-07-13 13:45:00+00:00,2026-07-15 14:15:00+00:00
14,gate/hyperliquid,100,80,GATE_CAUSAL_ALLOWED_NORMAL_TRANSIENT,FIXED_THRESHOLD_MAIN,NOT_APPLICABLE_FIXED_SCENARIO,INSUFFICIENT_TRAIN_SAMPLE,4,2026-07-13 13:45:00+00:00,2026-07-15 14:15:00+00:00
14,gate/hyperliquid,150,20,GATE_CAUSAL_ALLOWED_NORMAL_TRANSIENT,FIXED_THRESHOLD_MAIN,NOT_APPLICABLE_FIXED_SCENARIO,OK,15,2026-07-13 13:45:00+00:00,2026-07-15 14:15:00+00:00
14,gate/hyperliquid,150,40,GATE_CAUSAL_ALLOWED_NORMAL_TRANSIENT,FIXED_THRESHOLD_MAIN,NOT_APPLICABLE_FIXED_SCENARIO,OK,15,2026-07-13 13:45:00+00:00,2026-07-15 14:15:00+00:00
14,gate/hyperliquid,150,80,GATE_CAUSAL_ALLOWED_NORMAL_TRANSIENT,FIXED_THRESHOLD_MAIN,NOT_APPLICABLE_FIXED_SCENARIO,OK,15,2026-07-13 13:45:00+00:00,2026-07-15 14:15:00+00:00
14,gate/hyperliquid,200,20,GATE_CAUSAL_ALLOWED_NORMAL_TRANSIENT,FIXED_THRESHOLD_MAIN,NOT_APPLICABLE_FIXED_SCENARIO,OK,12,2026-07-13 13:45:00+00:00,2026-07-15 14:15:00+00:00
14,gate/hyperliquid,200,40,GATE_CAUSAL_ALLOWED_NORMAL_TRANSIENT,FIXED_THRESHOLD_MAIN,NOT_APPLICABLE_FIXED_SCENARIO,OK,12,2026-07-13 13:45:00+00:00,2026-07-15 14:15:00+00:00
14,gate/hyperliquid,200,80,GATE_CAUSAL_ALLOWED_NORMAL_TRANSIENT,FIXED_THRESHOLD_MAIN,NOT_APPLICABLE_FIXED_SCENARIO,OK,12,2026-07-13 13:45:00+00:00,2026-07-15 14:15:00+00:00
14,gate/okx,100,20,GATE_CAUSAL_ALLOWED_NORMAL_TRANSIENT,FIXED_THRESHOLD_MAIN,NOT_APPLICABLE_FIXED_SCENARIO,INSUFFICIENT_TRAIN_SAMPLE,4,2026-07-13 13:45:00+00:00,2026-07-15 14:15:00+00:00
14,gate/okx,100,40,GATE_CAUSAL_ALLOWED_NORMAL_TRANSIENT,FIXED_THRESHOLD_MAIN,NOT_APPLICABLE_FIXED_SCENARIO,INSUFFICIENT_TRAIN_SAMPLE,4,2026-07-13 13:45:00+00:00,2026-07-15 14:15:00+00:00
14,gate/okx,100,80,GATE_CAUSAL_ALLOWED_NORMAL_TRANSIENT,FIXED_THRESHOLD_MAIN,NOT_APPLICABLE_FIXED_SCENARIO,INSUFFICIENT_TRAIN_SAMPLE,4,2026-07-13 13:45:00+00:00,2026-07-15 14:15:00+00:00
14,gate/okx,150,20,GATE_CAUSAL_ALLOWED_NORMAL_TRANSIENT,FIXED_THRESHOLD_MAIN,NOT_APPLICABLE_FIXED_SCENARIO,OK,16,2026-07-13 13:45:00+00:00,2026-07-15 14:15:00+00:00
14,gate/okx,150,40,GATE_CAUSAL_ALLOWED_NORMAL_TRANSIENT,FIXED_THRESHOLD_MAIN,NOT_APPLICABLE_FIXED_SCENARIO,OK,16,2026-07-13 13:45:00+00:00,2026-07-15 14:15:00+00:00
14,gate/okx,150,80,GATE_CAUSAL_ALLOWED_NORMAL_TRANSIENT,FIXED_THRESHOLD_MAIN,NOT_APPLICABLE_FIXED_SCENARIO,OK,16,2026-07-13 13:45:00+00:00,2026-07-15 14:15:00+00:00
14,gate/okx,200,20,GATE_CAUSAL_ALLOWED_NORMAL_TRANSIENT,FIXED_THRESHOLD_MAIN,NOT_APPLICABLE_FIXED_SCENARIO,OK,18,2026-07-13 13:45:00+00:00,2026-07-15 14:15:00+00:00
14,gate/okx,200,40,GATE_CAUSAL_ALLOWED_NORMAL_TRANSIENT,FIXED_THRESHOLD_MAIN,NOT_APPLICABLE_FIXED_SCENARIO,OK,18,2026-07-13 13:45:00+00:00,2026-07-15 14:15:00+00:00
14,gate/okx,200,80,GATE_CAUSAL_ALLOWED_NORMAL_TRANSIENT,FIXED_THRESHOLD_MAIN,NOT_APPLICABLE_FIXED_SCENARIO,OK,18,2026-07-13 13:45:00+00:00,2026-07-15 14:15:00+00:00
14,hyperliquid/okx,100,20,NO_GATE_REGIME_FILTER,FIXED_THRESHOLD_MAIN,NOT_APPLICABLE_FIXED_SCENARIO,INSUFFICIENT_TRAIN_SAMPLE,0,2026-07-13 13:45:00+00:00,2026-07-15 14:15:00+00:00
14,hyperliquid/okx,100,40,NO_GATE_REGIME_FILTER,FIXED_THRESHOLD_MAIN,NOT_APPLICABLE_FIXED_SCENARIO,INSUFFICIENT_TRAIN_SAMPLE,0,2026-07-13 13:45:00+00:00,2026-07-15 14:15:00+00:00
14,hyperliquid/okx,100,80,NO_GATE_REGIME_FILTER,FIXED_THRESHOLD_MAIN,NOT_APPLICABLE_FIXED_SCENARIO,INSUFFICIENT_TRAIN_SAMPLE,0,2026-07-13 13:45:00+00:00,2026-07-15 14:15:00+00:00
14,hyperliquid/okx,150,20,NO_GATE_REGIME_FILTER,FIXED_THRESHOLD_MAIN,NOT_APPLICABLE_FIXED_SCENARIO,INSUFFICIENT_TRAIN_SAMPLE,0,2026-07-13 13:45:00+00:00,2026-07-15 14:15:00+00:00
14,hyperliquid/okx,150,40,NO_GATE_REGIME_FILTER,FIXED_THRESHOLD_MAIN,NOT_APPLICABLE_FIXED_SCENARIO,INSUFFICIENT_TRAIN_SAMPLE,0,2026-07-13 13:45:00+00:00,2026-07-15 14:15:00+00:00
14,hyperliquid/okx,150,80,NO_GATE_REGIME_FILTER,FIXED_THRESHOLD_MAIN,NOT_APPLICABLE_FIXED_SCENARIO,INSUFFICIENT_TRAIN_SAMPLE,0,2026-07-13 13:45:00+00:00,2026-07-15 14:15:00+00:00
14,hyperliquid/okx,200,20,NO_GATE_REGIME_FILTER,FIXED_THRESHOLD_MAIN,NOT_APPLICABLE_FIXED_SCENARIO,INSUFFICIENT_TRAIN_SAMPLE,0,2026-07-13 13:45:00+00:00,2026-07-15 14:15:00+00:00
14,hyperliquid/okx,200,40,NO_GATE_REGIME_FILTER,FIXED_THRESHOLD_MAIN,NOT_APPLICABLE_FIXED_SCENARIO,INSUFFICIENT_TRAIN_SAMPLE,0,2026-07-13 13:45:00+00:00,2026-07-15 14:15:00+00:00
14,hyperliquid/okx,200,80,NO_GATE_REGIME_FILTER,FIXED_THRESHOLD_MAIN,NOT_APPLICABLE_FIXED_SCENARIO,INSUFFICIENT_TRAIN_SAMPLE,0,2026-07-13 13:45:00+00:00,2026-07-15 14:15:00+00:00
15,binance/bitget,100,20,NO_GATE_REGIME_FILTER,FIXED_THRESHOLD_MAIN,NOT_APPLICABLE_FIXED_SCENARIO,INSUFFICIENT_TRAIN_SAMPLE,0,2026-07-15 14:15:00+00:00,2026-07-17 14:45:00+00:00
15,binance/bitget,100,40,NO_GATE_REGIME_FILTER,FIXED_THRESHOLD_MAIN,NOT_APPLICABLE_FIXED_SCENARIO,INSUFFICIENT_TRAIN_SAMPLE,0,2026-07-15 14:15:00+00:00,2026-07-17 14:45:00+00:00
15,binance/bitget,100,80,NO_GATE_REGIME_FILTER,FIXED_THRESHOLD_MAIN,NOT_APPLICABLE_FIXED_SCENARIO,INSUFFICIENT_TRAIN_SAMPLE,0,2026-07-15 14:15:00+00:00,2026-07-17 14:45:00+00:00
15,binance/bitget,150,20,NO_GATE_REGIME_FILTER,FIXED_THRESHOLD_MAIN,NOT_APPLICABLE_FIXED_SCENARIO,INSUFFICIENT_TRAIN_SAMPLE,0,2026-07-15 14:15:00+00:00,2026-07-17 14:45:00+00:00
15,binance/bitget,150,40,NO_GATE_REGIME_FILTER,FIXED_THRESHOLD_MAIN,NOT_APPLICABLE_FIXED_SCENARIO,INSUFFICIENT_TRAIN_SAMPLE,0,2026-07-15 14:15:00+00:00,2026-07-17 14:45:00+00:00
15,binance/bitget,150,80,NO_GATE_REGIME_FILTER,FIXED_THRESHOLD_MAIN,NOT_APPLICABLE_FIXED_SCENARIO,INSUFFICIENT_TRAIN_SAMPLE,0,2026-07-15 14:15:00+00:00,2026-07-17 14:45:00+00:00
15,binance/bitget,200,20,NO_GATE_REGIME_FILTER,FIXED_THRESHOLD_MAIN,NOT_APPLICABLE_FIXED_SCENARIO,INSUFFICIENT_TRAIN_SAMPLE,0,2026-07-15 14:15:00+00:00,2026-07-17 14:45:00+00:00
15,binance/bitget,200,40,NO_GATE_REGIME_FILTER,FIXED_THRESHOLD_MAIN,NOT_APPLICABLE_FIXED_SCENARIO,INSUFFICIENT_TRAIN_SAMPLE,0,2026-07-15 14:15:00+00:00,2026-07-17 14:45:00+00:00
15,binance/bitget,200,80,NO_GATE_REGIME_FILTER,FIXED_THRESHOLD_MAIN,NOT_APPLICABLE_FIXED_SCENARIO,INSUFFICIENT_TRAIN_SAMPLE,0,2026-07-15 14:15:00+00:00,2026-07-17 14:45:00+00:00
15,binance/gate,100,20,GATE_CAUSAL_ALLOWED_NORMAL_TRANSIENT,FIXED_THRESHOLD_MAIN,NOT_APPLICABLE_FIXED_SCENARIO,INSUFFICIENT_TRAIN_SAMPLE,2,2026-07-15 14:15:00+00:00,2026-07-17 14:45:00+00:00
15,binance/gate,100,40,GATE_CAUSAL_ALLOWED_NORMAL_TRANSIENT,FIXED_THRESHOLD_MAIN,NOT_APPLICABLE_FIXED_SCENARIO,INSUFFICIENT_TRAIN_SAMPLE,2,2026-07-15 14:15:00+00:00,2026-07-17 14:45:00+00:00
15,binance/gate,100,80,GATE_CAUSAL_ALLOWED_NORMAL_TRANSIENT,FIXED_THRESHOLD_MAIN,NOT_APPLICABLE_FIXED_SCENARIO,INSUFFICIENT_TRAIN_SAMPLE,2,2026-07-15 14:15:00+00:00,2026-07-17 14:45:00+00:00
15,binance/gate,150,20,GATE_CAUSAL_ALLOWED_NORMAL_TRANSIENT,FIXED_THRESHOLD_MAIN,NOT_APPLICABLE_FIXED_SCENARIO,OK,27,2026-07-15 14:15:00+00:00,2026-07-17 14:45:00+00:00
15,binance/gate,150,40,GATE_CAUSAL_ALLOWED_NORMAL_TRANSIENT,FIXED_THRESHOLD_MAIN,NOT_APPLICABLE_FIXED_SCENARIO,OK,27,2026-07-15 14:15:00+00:00,2026-07-17 14:45:00+00:00
15,binance/gate,150,80,GATE_CAUSAL_ALLOWED_NORMAL_TRANSIENT,FIXED_THRESHOLD_MAIN,NOT_APPLICABLE_FIXED_SCENARIO,OK,27,2026-07-15 14:15:00+00:00,2026-07-17 14:45:00+00:00
15,binance/gate,200,20,GATE_CAUSAL_ALLOWED_NORMAL_TRANSIENT,FIXED_THRESHOLD_MAIN,NOT_APPLICABLE_FIXED_SCENARIO,OK,35,2026-07-15 14:15:00+00:00,2026-07-17 14:45:00+00:00
15,binance/gate,200,40,GATE_CAUSAL_ALLOWED_NORMAL_TRANSIENT,FIXED_THRESHOLD_MAIN,NOT_APPLICABLE_FIXED_SCENARIO,OK,35,2026-07-15 14:15:00+00:00,2026-07-17 14:45:00+00:00
15,binance/gate,200,80,GATE_CAUSAL_ALLOWED_NORMAL_TRANSIENT,FIXED_THRESHOLD_MAIN,NOT_APPLICABLE_FIXED_SCENARIO,OK,35,2026-07-15 14:15:00+00:00,2026-07-17 14:45:00+00:00
15,binance/hyperliquid,100,20,NO_GATE_REGIME_FILTER,FIXED_THRESHOLD_MAIN,NOT_APPLICABLE_FIXED_SCENARIO,INSUFFICIENT_TRAIN_SAMPLE,9,2026-07-15 14:15:00+00:00,2026-07-17 14:45:00+00:00
15,binance/hyperliquid,100,40,NO_GATE_REGIME_FILTER,FIXED_THRESHOLD_MAIN,NOT_APPLICABLE_FIXED_SCENARIO,INSUFFICIENT_TRAIN_SAMPLE,9,2026-07-15 14:15:00+00:00,2026-07-17 14:45:00+00:00
15,binance/hyperliquid,100,80,NO_GATE_REGIME_FILTER,FIXED_THRESHOLD_MAIN,NOT_APPLICABLE_FIXED_SCENARIO,INSUFFICIENT_TRAIN_SAMPLE,9,2026-07-15 14:15:00+00:00,2026-07-17 14:45:00+00:00
15,binance/hyperliquid,150,20,NO_GATE_REGIME_FILTER,FIXED_THRESHOLD_MAIN,NOT_APPLICABLE_FIXED_SCENARIO,INSUFFICIENT_TRAIN_SAMPLE,9,2026-07-15 14:15:00+00:00,2026-07-17 14:45:00+00:00
15,binance/hyperliquid,150,40,NO_GATE_REGIME_FILTER,FIXED_THRESHOLD_MAIN,NOT_APPLICABLE_FIXED_SCENARIO,INSUFFICIENT_TRAIN_SAMPLE,9,2026-07-15 14:15:00+00:00,2026-07-17 14:45:00+00:00
15,binance/hyperliquid,150,80,NO_GATE_REGIME_FILTER,FIXED_THRESHOLD_MAIN,NOT_APPLICABLE_FIXED_SCENARIO,INSUFFICIENT_TRAIN_SAMPLE,9,2026-07-15 14:15:00+00:00,2026-07-17 14:45:00+00:00
15,binance/hyperliquid,200,20,NO_GATE_REGIME_FILTER,FIXED_THRESHOLD_MAIN,NOT_APPLICABLE_FIXED_SCENARIO,INSUFFICIENT_TRAIN_SAMPLE,3,2026-07-15 14:15:00+00:00,2026-07-17 14:45:00+00:00
15,binance/hyperliquid,200,40,NO_GATE_REGIME_FILTER,FIXED_THRESHOLD_MAIN,NOT_APPLICABLE_FIXED_SCENARIO,INSUFFICIENT_TRAIN_SAMPLE,3,2026-07-15 14:15:00+00:00,2026-07-17 14:45:00+00:00
15,binance/hyperliquid,200,80,NO_GATE_REGIME_FILTER,FIXED_THRESHOLD_MAIN,NOT_APPLICABLE_FIXED_SCENARIO,INSUFFICIENT_TRAIN_SAMPLE,3,2026-07-15 14:15:00+00:00,2026-07-17 14:45:00+00:00
15,binance/okx,100,20,NO_GATE_REGIME_FILTER,FIXED_THRESHOLD_MAIN,NOT_APPLICABLE_FIXED_SCENARIO,INSUFFICIENT_TRAIN_SAMPLE,7,2026-07-15 14:15:00+00:00,2026-07-17 14:45:00+00:00
15,binance/okx,100,40,NO_GATE_REGIME_FILTER,FIXED_THRESHOLD_MAIN,NOT_APPLICABLE_FIXED_SCENARIO,INSUFFICIENT_TRAIN_SAMPLE,7,2026-07-15 14:15:00+00:00,2026-07-17 14:45:00+00:00
15,binance/okx,100,80,NO_GATE_REGIME_FILTER,FIXED_THRESHOLD_MAIN,NOT_APPLICABLE_FIXED_SCENARIO,INSUFFICIENT_TRAIN_SAMPLE,7,2026-07-15 14:15:00+00:00,2026-07-17 14:45:00+00:00
15,binance/okx,150,20,NO_GATE_REGIME_FILTER,FIXED_THRESHOLD_MAIN,NOT_APPLICABLE_FIXED_SCENARIO,INSUFFICIENT_TRAIN_SAMPLE,2,2026-07-15 14:15:00+00:00,2026-07-17 14:45:00+00:00
15,binance/okx,150,40,NO_GATE_REGIME_FILTER,FIXED_THRESHOLD_MAIN,NOT_APPLICABLE_FIXED_SCENARIO,INSUFFICIENT_TRAIN_SAMPLE,2,2026-07-15 14:15:00+00:00,2026-07-17 14:45:00+00:00
15,binance/okx,150,80,NO_GATE_REGIME_FILTER,FIXED_THRESHOLD_MAIN,NOT_APPLICABLE_FIXED_SCENARIO,INSUFFICIENT_TRAIN_SAMPLE,2,2026-07-15 14:15:00+00:00,2026-07-17 14:45:00+00:00
15,binance/okx,200,20,NO_GATE_REGIME_FILTER,FIXED_THRESHOLD_MAIN,NOT_APPLICABLE_FIXED_SCENARIO,INSUFFICIENT_TRAIN_SAMPLE,1,2026-07-15 14:15:00+00:00,2026-07-17 14:45:00+00:00
15,binance/okx,200,40,NO_GATE_REGIME_FILTER,FIXED_THRESHOLD_MAIN,NOT_APPLICABLE_FIXED_SCENARIO,INSUFFICIENT_TRAIN_SAMPLE,1,2026-07-15 14:15:00+00:00,2026-07-17 14:45:00+00:00
15,binance/okx,200,80,NO_GATE_REGIME_FILTER,FIXED_THRESHOLD_MAIN,NOT_APPLICABLE_FIXED_SCENARIO,INSUFFICIENT_TRAIN_SAMPLE,1,2026-07-15 14:15:00+00:00,2026-07-17 14:45:00+00:00
15,bitget/gate,100,20,GATE_CAUSAL_ALLOWED_NORMAL_TRANSIENT,FIXED_THRESHOLD_MAIN,NOT_APPLICABLE_FIXED_SCENARIO,OK,13,2026-07-15 14:15:00+00:00,2026-07-17 14:45:00+00:00
15,bitget/gate,100,40,GATE_CAUSAL_ALLOWED_NORMAL_TRANSIENT,FIXED_THRESHOLD_MAIN,NOT_APPLICABLE_FIXED_SCENARIO,OK,13,2026-07-15 14:15:00+00:00,2026-07-17 14:45:00+00:00
15,bitget/gate,100,80,GATE_CAUSAL_ALLOWED_NORMAL_TRANSIENT,FIXED_THRESHOLD_MAIN,NOT_APPLICABLE_FIXED_SCENARIO,OK,13,2026-07-15 14:15:00+00:00,2026-07-17 14:45:00+00:00
15,bitget/gate,150,20,GATE_CAUSAL_ALLOWED_NORMAL_TRANSIENT,FIXED_THRESHOLD_MAIN,NOT_APPLICABLE_FIXED_SCENARIO,OK,22,2026-07-15 14:15:00+00:00,2026-07-17 14:45:00+00:00
15,bitget/gate,150,40,GATE_CAUSAL_ALLOWED_NORMAL_TRANSIENT,FIXED_THRESHOLD_MAIN,NOT_APPLICABLE_FIXED_SCENARIO,OK,22,2026-07-15 14:15:00+00:00,2026-07-17 14:45:00+00:00
15,bitget/gate,150,80,GATE_CAUSAL_ALLOWED_NORMAL_TRANSIENT,FIXED_THRESHOLD_MAIN,NOT_APPLICABLE_FIXED_SCENARIO,OK,22,2026-07-15 14:15:00+00:00,2026-07-17 14:45:00+00:00
15,bitget/gate,200,20,GATE_CAUSAL_ALLOWED_NORMAL_TRANSIENT,FIXED_THRESHOLD_MAIN,NOT_APPLICABLE_FIXED_SCENARIO,INSUFFICIENT_TRAIN_SAMPLE,2,2026-07-15 14:15:00+00:00,2026-07-17 14:45:00+00:00
15,bitget/gate,200,40,GATE_CAUSAL_ALLOWED_NORMAL_TRANSIENT,FIXED_THRESHOLD_MAIN,NOT_APPLICABLE_FIXED_SCENARIO,INSUFFICIENT_TRAIN_SAMPLE,2,2026-07-15 14:15:00+00:00,2026-07-17 14:45:00+00:00
15,bitget/gate,200,80,GATE_CAUSAL_ALLOWED_NORMAL_TRANSIENT,FIXED_THRESHOLD_MAIN,NOT_APPLICABLE_FIXED_SCENARIO,INSUFFICIENT_TRAIN_SAMPLE,2,2026-07-15 14:15:00+00:00,2026-07-17 14:45:00+00:00
15,bitget/hyperliquid,100,20,NO_GATE_REGIME_FILTER,FIXED_THRESHOLD_MAIN,NOT_APPLICABLE_FIXED_SCENARIO,OK,12,2026-07-15 14:15:00+00:00,2026-07-17 14:45:00+00:00
15,bitget/hyperliquid,100,40,NO_GATE_REGIME_FILTER,FIXED_THRESHOLD_MAIN,NOT_APPLICABLE_FIXED_SCENARIO,OK,12,2026-07-15 14:15:00+00:00,2026-07-17 14:45:00+00:00
15,bitget/hyperliquid,100,80,NO_GATE_REGIME_FILTER,FIXED_THRESHOLD_MAIN,NOT_APPLICABLE_FIXED_SCENARIO,OK,12,2026-07-15 14:15:00+00:00,2026-07-17 14:45:00+00:00
15,bitget/hyperliquid,150,20,NO_GATE_REGIME_FILTER,FIXED_THRESHOLD_MAIN,NOT_APPLICABLE_FIXED_SCENARIO,INSUFFICIENT_TRAIN_SAMPLE,3,2026-07-15 14:15:00+00:00,2026-07-17 14:45:00+00:00
15,bitget/hyperliquid,150,40,NO_GATE_REGIME_FILTER,FIXED_THRESHOLD_MAIN,NOT_APPLICABLE_FIXED_SCENARIO,INSUFFICIENT_TRAIN_SAMPLE,3,2026-07-15 14:15:00+00:00,2026-07-17 14:45:00+00:00
15,bitget/hyperliquid,150,80,NO_GATE_REGIME_FILTER,FIXED_THRESHOLD_MAIN,NOT_APPLICABLE_FIXED_SCENARIO,INSUFFICIENT_TRAIN_SAMPLE,3,2026-07-15 14:15:00+00:00,2026-07-17 14:45:00+00:00
15,bitget/hyperliquid,200,20,NO_GATE_REGIME_FILTER,FIXED_THRESHOLD_MAIN,NOT_APPLICABLE_FIXED_SCENARIO,INSUFFICIENT_TRAIN_SAMPLE,8,2026-07-15 14:15:00+00:00,2026-07-17 14:45:00+00:00
15,bitget/hyperliquid,200,40,NO_GATE_REGIME_FILTER,FIXED_THRESHOLD_MAIN,NOT_APPLICABLE_FIXED_SCENARIO,INSUFFICIENT_TRAIN_SAMPLE,8,2026-07-15 14:15:00+00:00,2026-07-17 14:45:00+00:00
15,bitget/hyperliquid,200,80,NO_GATE_REGIME_FILTER,FIXED_THRESHOLD_MAIN,NOT_APPLICABLE_FIXED_SCENARIO,INSUFFICIENT_TRAIN_SAMPLE,8,2026-07-15 14:15:00+00:00,2026-07-17 14:45:00+00:00
15,bitget/okx,100,20,NO_GATE_REGIME_FILTER,FIXED_THRESHOLD_MAIN,NOT_APPLICABLE_FIXED_SCENARIO,OK,10,2026-07-15 14:15:00+00:00,2026-07-17 14:45:00+00:00
15,bitget/okx,100,40,NO_GATE_REGIME_FILTER,FIXED_THRESHOLD_MAIN,NOT_APPLICABLE_FIXED_SCENARIO,OK,10,2026-07-15 14:15:00+00:00,2026-07-17 14:45:00+00:00
15,bitget/okx,100,80,NO_GATE_REGIME_FILTER,FIXED_THRESHOLD_MAIN,NOT_APPLICABLE_FIXED_SCENARIO,OK,10,2026-07-15 14:15:00+00:00,2026-07-17 14:45:00+00:00
15,bitget/okx,150,20,NO_GATE_REGIME_FILTER,FIXED_THRESHOLD_MAIN,NOT_APPLICABLE_FIXED_SCENARIO,INSUFFICIENT_TRAIN_SAMPLE,4,2026-07-15 14:15:00+00:00,2026-07-17 14:45:00+00:00
15,bitget/okx,150,40,NO_GATE_REGIME_FILTER,FIXED_THRESHOLD_MAIN,NOT_APPLICABLE_FIXED_SCENARIO,INSUFFICIENT_TRAIN_SAMPLE,4,2026-07-15 14:15:00+00:00,2026-07-17 14:45:00+00:00
15,bitget/okx,150,80,NO_GATE_REGIME_FILTER,FIXED_THRESHOLD_MAIN,NOT_APPLICABLE_FIXED_SCENARIO,INSUFFICIENT_TRAIN_SAMPLE,4,2026-07-15 14:15:00+00:00,2026-07-17 14:45:00+00:00
15,bitget/okx,200,20,NO_GATE_REGIME_FILTER,FIXED_THRESHOLD_MAIN,NOT_APPLICABLE_FIXED_SCENARIO,INSUFFICIENT_TRAIN_SAMPLE,1,2026-07-15 14:15:00+00:00,2026-07-17 14:45:00+00:00
15,bitget/okx,200,40,NO_GATE_REGIME_FILTER,FIXED_THRESHOLD_MAIN,NOT_APPLICABLE_FIXED_SCENARIO,INSUFFICIENT_TRAIN_SAMPLE,1,2026-07-15 14:15:00+00:00,2026-07-17 14:45:00+00:00
15,bitget/okx,200,80,NO_GATE_REGIME_FILTER,FIXED_THRESHOLD_MAIN,NOT_APPLICABLE_FIXED_SCENARIO,INSUFFICIENT_TRAIN_SAMPLE,1,2026-07-15 14:15:00+00:00,2026-07-17 14:45:00+00:00
15,gate/hyperliquid,100,20,GATE_CAUSAL_ALLOWED_NORMAL_TRANSIENT,FIXED_THRESHOLD_MAIN,NOT_APPLICABLE_FIXED_SCENARIO,INSUFFICIENT_TRAIN_SAMPLE,0,2026-07-15 14:15:00+00:00,2026-07-17 14:45:00+00:00
15,gate/hyperliquid,100,40,GATE_CAUSAL_ALLOWED_NORMAL_TRANSIENT,FIXED_THRESHOLD_MAIN,NOT_APPLICABLE_FIXED_SCENARIO,INSUFFICIENT_TRAIN_SAMPLE,0,2026-07-15 14:15:00+00:00,2026-07-17 14:45:00+00:00
15,gate/hyperliquid,100,80,GATE_CAUSAL_ALLOWED_NORMAL_TRANSIENT,FIXED_THRESHOLD_MAIN,NOT_APPLICABLE_FIXED_SCENARIO,INSUFFICIENT_TRAIN_SAMPLE,0,2026-07-15 14:15:00+00:00,2026-07-17 14:45:00+00:00
15,gate/hyperliquid,150,20,GATE_CAUSAL_ALLOWED_NORMAL_TRANSIENT,FIXED_THRESHOLD_MAIN,NOT_APPLICABLE_FIXED_SCENARIO,INSUFFICIENT_TRAIN_SAMPLE,9,2026-07-15 14:15:00+00:00,2026-07-17 14:45:00+00:00
15,gate/hyperliquid,150,40,GATE_CAUSAL_ALLOWED_NORMAL_TRANSIENT,FIXED_THRESHOLD_MAIN,NOT_APPLICABLE_FIXED_SCENARIO,INSUFFICIENT_TRAIN_SAMPLE,9,2026-07-15 14:15:00+00:00,2026-07-17 14:45:00+00:00
15,gate/hyperliquid,150,80,GATE_CAUSAL_ALLOWED_NORMAL_TRANSIENT,FIXED_THRESHOLD_MAIN,NOT_APPLICABLE_FIXED_SCENARIO,INSUFFICIENT_TRAIN_SAMPLE,9,2026-07-15 14:15:00+00:00,2026-07-17 14:45:00+00:00
15,gate/hyperliquid,200,20,GATE_CAUSAL_ALLOWED_NORMAL_TRANSIENT,FIXED_THRESHOLD_MAIN,NOT_APPLICABLE_FIXED_SCENARIO,OK,23,2026-07-15 14:15:00+00:00,2026-07-17 14:45:00+00:00
15,gate/hyperliquid,200,40,GATE_CAUSAL_ALLOWED_NORMAL_TRANSIENT,FIXED_THRESHOLD_MAIN,NOT_APPLICABLE_FIXED_SCENARIO,OK,23,2026-07-15 14:15:00+00:00,2026-07-17 14:45:00+00:00
15,gate/hyperliquid,200,80,GATE_CAUSAL_ALLOWED_NORMAL_TRANSIENT,FIXED_THRESHOLD_MAIN,NOT_APPLICABLE_FIXED_SCENARIO,OK,23,2026-07-15 14:15:00+00:00,2026-07-17 14:45:00+00:00
15,gate/okx,100,20,GATE_CAUSAL_ALLOWED_NORMAL_TRANSIENT,FIXED_THRESHOLD_MAIN,NOT_APPLICABLE_FIXED_SCENARIO,INSUFFICIENT_TRAIN_SAMPLE,0,2026-07-15 14:15:00+00:00,2026-07-17 14:45:00+00:00
15,gate/okx,100,40,GATE_CAUSAL_ALLOWED_NORMAL_TRANSIENT,FIXED_THRESHOLD_MAIN,NOT_APPLICABLE_FIXED_SCENARIO,INSUFFICIENT_TRAIN_SAMPLE,0,2026-07-15 14:15:00+00:00,2026-07-17 14:45:00+00:00
15,gate/okx,100,80,GATE_CAUSAL_ALLOWED_NORMAL_TRANSIENT,FIXED_THRESHOLD_MAIN,NOT_APPLICABLE_FIXED_SCENARIO,INSUFFICIENT_TRAIN_SAMPLE,0,2026-07-15 14:15:00+00:00,2026-07-17 14:45:00+00:00
15,gate/okx,150,20,GATE_CAUSAL_ALLOWED_NORMAL_TRANSIENT,FIXED_THRESHOLD_MAIN,NOT_APPLICABLE_FIXED_SCENARIO,INSUFFICIENT_TRAIN_SAMPLE,7,2026-07-15 14:15:00+00:00,2026-07-17 14:45:00+00:00
15,gate/okx,150,40,GATE_CAUSAL_ALLOWED_NORMAL_TRANSIENT,FIXED_THRESHOLD_MAIN,NOT_APPLICABLE_FIXED_SCENARIO,INSUFFICIENT_TRAIN_SAMPLE,7,2026-07-15 14:15:00+00:00,2026-07-17 14:45:00+00:00
15,gate/okx,150,80,GATE_CAUSAL_ALLOWED_NORMAL_TRANSIENT,FIXED_THRESHOLD_MAIN,NOT_APPLICABLE_FIXED_SCENARIO,INSUFFICIENT_TRAIN_SAMPLE,7,2026-07-15 14:15:00+00:00,2026-07-17 14:45:00+00:00
15,gate/okx,200,20,GATE_CAUSAL_ALLOWED_NORMAL_TRANSIENT,FIXED_THRESHOLD_MAIN,NOT_APPLICABLE_FIXED_SCENARIO,OK,28,2026-07-15 14:15:00+00:00,2026-07-17 14:45:00+00:00
15,gate/okx,200,40,GATE_CAUSAL_ALLOWED_NORMAL_TRANSIENT,FIXED_THRESHOLD_MAIN,NOT_APPLICABLE_FIXED_SCENARIO,OK,28,2026-07-15 14:15:00+00:00,2026-07-17 14:45:00+00:00
15,gate/okx,200,80,GATE_CAUSAL_ALLOWED_NORMAL_TRANSIENT,FIXED_THRESHOLD_MAIN,NOT_APPLICABLE_FIXED_SCENARIO,OK,28,2026-07-15 14:15:00+00:00,2026-07-17 14:45:00+00:00
15,hyperliquid/okx,100,20,NO_GATE_REGIME_FILTER,FIXED_THRESHOLD_MAIN,NOT_APPLICABLE_FIXED_SCENARIO,INSUFFICIENT_TRAIN_SAMPLE,1,2026-07-15 14:15:00+00:00,2026-07-17 14:45:00+00:00
15,hyperliquid/okx,100,40,NO_GATE_REGIME_FILTER,FIXED_THRESHOLD_MAIN,NOT_APPLICABLE_FIXED_SCENARIO,INSUFFICIENT_TRAIN_SAMPLE,1,2026-07-15 14:15:00+00:00,2026-07-17 14:45:00+00:00
15,hyperliquid/okx,100,80,NO_GATE_REGIME_FILTER,FIXED_THRESHOLD_MAIN,NOT_APPLICABLE_FIXED_SCENARIO,INSUFFICIENT_TRAIN_SAMPLE,1,2026-07-15 14:15:00+00:00,2026-07-17 14:45:00+00:00
15,hyperliquid/okx,150,20,NO_GATE_REGIME_FILTER,FIXED_THRESHOLD_MAIN,NOT_APPLICABLE_FIXED_SCENARIO,INSUFFICIENT_TRAIN_SAMPLE,0,2026-07-15 14:15:00+00:00,2026-07-17 14:45:00+00:00
15,hyperliquid/okx,150,40,NO_GATE_REGIME_FILTER,FIXED_THRESHOLD_MAIN,NOT_APPLICABLE_FIXED_SCENARIO,INSUFFICIENT_TRAIN_SAMPLE,0,2026-07-15 14:15:00+00:00,2026-07-17 14:45:00+00:00
15,hyperliquid/okx,150,80,NO_GATE_REGIME_FILTER,FIXED_THRESHOLD_MAIN,NOT_APPLICABLE_FIXED_SCENARIO,INSUFFICIENT_TRAIN_SAMPLE,0,2026-07-15 14:15:00+00:00,2026-07-17 14:45:00+00:00
15,hyperliquid/okx,200,20,NO_GATE_REGIME_FILTER,FIXED_THRESHOLD_MAIN,NOT_APPLICABLE_FIXED_SCENARIO,INSUFFICIENT_TRAIN_SAMPLE,0,2026-07-15 14:15:00+00:00,2026-07-17 14:45:00+00:00
15,hyperliquid/okx,200,40,NO_GATE_REGIME_FILTER,FIXED_THRESHOLD_MAIN,NOT_APPLICABLE_FIXED_SCENARIO,INSUFFICIENT_TRAIN_SAMPLE,0,2026-07-15 14:15:00+00:00,2026-07-17 14:45:00+00:00
15,hyperliquid/okx,200,80,NO_GATE_REGIME_FILTER,FIXED_THRESHOLD_MAIN,NOT_APPLICABLE_FIXED_SCENARIO,INSUFFICIENT_TRAIN_SAMPLE,0,2026-07-15 14:15:00+00:00,2026-07-17 14:45:00+00:00
16,binance/bitget,100,20,NO_GATE_REGIME_FILTER,FIXED_THRESHOLD_MAIN,NOT_APPLICABLE_FIXED_SCENARIO,INSUFFICIENT_TRAIN_SAMPLE,0,2026-07-17 14:45:00+00:00,2026-07-19 15:15:00+00:00
16,binance/bitget,100,40,NO_GATE_REGIME_FILTER,FIXED_THRESHOLD_MAIN,NOT_APPLICABLE_FIXED_SCENARIO,INSUFFICIENT_TRAIN_SAMPLE,0,2026-07-17 14:45:00+00:00,2026-07-19 15:15:00+00:00
16,binance/bitget,100,80,NO_GATE_REGIME_FILTER,FIXED_THRESHOLD_MAIN,NOT_APPLICABLE_FIXED_SCENARIO,INSUFFICIENT_TRAIN_SAMPLE,0,2026-07-17 14:45:00+00:00,2026-07-19 15:15:00+00:00
16,binance/bitget,150,20,NO_GATE_REGIME_FILTER,FIXED_THRESHOLD_MAIN,NOT_APPLICABLE_FIXED_SCENARIO,INSUFFICIENT_TRAIN_SAMPLE,0,2026-07-17 14:45:00+00:00,2026-07-19 15:15:00+00:00
16,binance/bitget,150,40,NO_GATE_REGIME_FILTER,FIXED_THRESHOLD_MAIN,NOT_APPLICABLE_FIXED_SCENARIO,INSUFFICIENT_TRAIN_SAMPLE,0,2026-07-17 14:45:00+00:00,2026-07-19 15:15:00+00:00
16,binance/bitget,150,80,NO_GATE_REGIME_FILTER,FIXED_THRESHOLD_MAIN,NOT_APPLICABLE_FIXED_SCENARIO,INSUFFICIENT_TRAIN_SAMPLE,0,2026-07-17 14:45:00+00:00,2026-07-19 15:15:00+00:00
16,binance/bitget,200,20,NO_GATE_REGIME_FILTER,FIXED_THRESHOLD_MAIN,NOT_APPLICABLE_FIXED_SCENARIO,INSUFFICIENT_TRAIN_SAMPLE,0,2026-07-17 14:45:00+00:00,2026-07-19 15:15:00+00:00
16,binance/bitget,200,40,NO_GATE_REGIME_FILTER,FIXED_THRESHOLD_MAIN,NOT_APPLICABLE_FIXED_SCENARIO,INSUFFICIENT_TRAIN_SAMPLE,0,2026-07-17 14:45:00+00:00,2026-07-19 15:15:00+00:00
16,binance/bitget,200,80,NO_GATE_REGIME_FILTER,FIXED_THRESHOLD_MAIN,NOT_APPLICABLE_FIXED_SCENARIO,INSUFFICIENT_TRAIN_SAMPLE,0,2026-07-17 14:45:00+00:00,2026-07-19 15:15:00+00:00
16,binance/gate,100,20,GATE_CAUSAL_ALLOWED_NORMAL_TRANSIENT,FIXED_THRESHOLD_MAIN,NOT_APPLICABLE_FIXED_SCENARIO,INSUFFICIENT_TRAIN_SAMPLE,7,2026-07-17 14:45:00+00:00,2026-07-19 15:15:00+00:00
16,binance/gate,100,40,GATE_CAUSAL_ALLOWED_NORMAL_TRANSIENT,FIXED_THRESHOLD_MAIN,NOT_APPLICABLE_FIXED_SCENARIO,INSUFFICIENT_TRAIN_SAMPLE,7,2026-07-17 14:45:00+00:00,2026-07-19 15:15:00+00:00
16,binance/gate,100,80,GATE_CAUSAL_ALLOWED_NORMAL_TRANSIENT,FIXED_THRESHOLD_MAIN,NOT_APPLICABLE_FIXED_SCENARIO,INSUFFICIENT_TRAIN_SAMPLE,7,2026-07-17 14:45:00+00:00,2026-07-19 15:15:00+00:00
16,binance/gate,150,20,GATE_CAUSAL_ALLOWED_NORMAL_TRANSIENT,FIXED_THRESHOLD_MAIN,NOT_APPLICABLE_FIXED_SCENARIO,OK,29,2026-07-17 14:45:00+00:00,2026-07-19 15:15:00+00:00
16,binance/gate,150,40,GATE_CAUSAL_ALLOWED_NORMAL_TRANSIENT,FIXED_THRESHOLD_MAIN,NOT_APPLICABLE_FIXED_SCENARIO,OK,29,2026-07-17 14:45:00+00:00,2026-07-19 15:15:00+00:00
16,binance/gate,150,80,GATE_CAUSAL_ALLOWED_NORMAL_TRANSIENT,FIXED_THRESHOLD_MAIN,NOT_APPLICABLE_FIXED_SCENARIO,OK,29,2026-07-17 14:45:00+00:00,2026-07-19 15:15:00+00:00
16,binance/gate,200,20,GATE_CAUSAL_ALLOWED_NORMAL_TRANSIENT,FIXED_THRESHOLD_MAIN,NOT_APPLICABLE_FIXED_SCENARIO,OK,29,2026-07-17 14:45:00+00:00,2026-07-19 15:15:00+00:00
16,binance/gate,200,40,GATE_CAUSAL_ALLOWED_NORMAL_TRANSIENT,FIXED_THRESHOLD_MAIN,NOT_APPLICABLE_FIXED_SCENARIO,OK,29,2026-07-17 14:45:00+00:00,2026-07-19 15:15:00+00:00
16,binance/gate,200,80,GATE_CAUSAL_ALLOWED_NORMAL_TRANSIENT,FIXED_THRESHOLD_MAIN,NOT_APPLICABLE_FIXED_SCENARIO,OK,29,2026-07-17 14:45:00+00:00,2026-07-19 15:15:00+00:00
16,binance/hyperliquid,100,20,NO_GATE_REGIME_FILTER,FIXED_THRESHOLD_MAIN,NOT_APPLICABLE_FIXED_SCENARIO,INSUFFICIENT_TRAIN_SAMPLE,9,2026-07-17 14:45:00+00:00,2026-07-19 15:15:00+00:00
16,binance/hyperliquid,100,40,NO_GATE_REGIME_FILTER,FIXED_THRESHOLD_MAIN,NOT_APPLICABLE_FIXED_SCENARIO,INSUFFICIENT_TRAIN_SAMPLE,9,2026-07-17 14:45:00+00:00,2026-07-19 15:15:00+00:00
16,binance/hyperliquid,100,80,NO_GATE_REGIME_FILTER,FIXED_THRESHOLD_MAIN,NOT_APPLICABLE_FIXED_SCENARIO,INSUFFICIENT_TRAIN_SAMPLE,9,2026-07-17 14:45:00+00:00,2026-07-19 15:15:00+00:00
16,binance/hyperliquid,150,20,NO_GATE_REGIME_FILTER,FIXED_THRESHOLD_MAIN,NOT_APPLICABLE_FIXED_SCENARIO,INSUFFICIENT_TRAIN_SAMPLE,9,2026-07-17 14:45:00+00:00,2026-07-19 15:15:00+00:00
16,binance/hyperliquid,150,40,NO_GATE_REGIME_FILTER,FIXED_THRESHOLD_MAIN,NOT_APPLICABLE_FIXED_SCENARIO,INSUFFICIENT_TRAIN_SAMPLE,9,2026-07-17 14:45:00+00:00,2026-07-19 15:15:00+00:00
16,binance/hyperliquid,150,80,NO_GATE_REGIME_FILTER,FIXED_THRESHOLD_MAIN,NOT_APPLICABLE_FIXED_SCENARIO,INSUFFICIENT_TRAIN_SAMPLE,9,2026-07-17 14:45:00+00:00,2026-07-19 15:15:00+00:00
16,binance/hyperliquid,200,20,NO_GATE_REGIME_FILTER,FIXED_THRESHOLD_MAIN,NOT_APPLICABLE_FIXED_SCENARIO,INSUFFICIENT_TRAIN_SAMPLE,3,2026-07-17 14:45:00+00:00,2026-07-19 15:15:00+00:00
16,binance/hyperliquid,200,40,NO_GATE_REGIME_FILTER,FIXED_THRESHOLD_MAIN,NOT_APPLICABLE_FIXED_SCENARIO,INSUFFICIENT_TRAIN_SAMPLE,3,2026-07-17 14:45:00+00:00,2026-07-19 15:15:00+00:00
16,binance/hyperliquid,200,80,NO_GATE_REGIME_FILTER,FIXED_THRESHOLD_MAIN,NOT_APPLICABLE_FIXED_SCENARIO,INSUFFICIENT_TRAIN_SAMPLE,3,2026-07-17 14:45:00+00:00,2026-07-19 15:15:00+00:00
16,binance/okx,100,20,NO_GATE_REGIME_FILTER,FIXED_THRESHOLD_MAIN,NOT_APPLICABLE_FIXED_SCENARIO,INSUFFICIENT_TRAIN_SAMPLE,7,2026-07-17 14:45:00+00:00,2026-07-19 15:15:00+00:00
16,binance/okx,100,40,NO_GATE_REGIME_FILTER,FIXED_THRESHOLD_MAIN,NOT_APPLICABLE_FIXED_SCENARIO,INSUFFICIENT_TRAIN_SAMPLE,7,2026-07-17 14:45:00+00:00,2026-07-19 15:15:00+00:00
16,binance/okx,100,80,NO_GATE_REGIME_FILTER,FIXED_THRESHOLD_MAIN,NOT_APPLICABLE_FIXED_SCENARIO,INSUFFICIENT_TRAIN_SAMPLE,7,2026-07-17 14:45:00+00:00,2026-07-19 15:15:00+00:00
16,binance/okx,150,20,NO_GATE_REGIME_FILTER,FIXED_THRESHOLD_MAIN,NOT_APPLICABLE_FIXED_SCENARIO,INSUFFICIENT_TRAIN_SAMPLE,2,2026-07-17 14:45:00+00:00,2026-07-19 15:15:00+00:00
16,binance/okx,150,40,NO_GATE_REGIME_FILTER,FIXED_THRESHOLD_MAIN,NOT_APPLICABLE_FIXED_SCENARIO,INSUFFICIENT_TRAIN_SAMPLE,2,2026-07-17 14:45:00+00:00,2026-07-19 15:15:00+00:00
16,binance/okx,150,80,NO_GATE_REGIME_FILTER,FIXED_THRESHOLD_MAIN,NOT_APPLICABLE_FIXED_SCENARIO,INSUFFICIENT_TRAIN_SAMPLE,2,2026-07-17 14:45:00+00:00,2026-07-19 15:15:00+00:00
16,binance/okx,200,20,NO_GATE_REGIME_FILTER,FIXED_THRESHOLD_MAIN,NOT_APPLICABLE_FIXED_SCENARIO,INSUFFICIENT_TRAIN_SAMPLE,1,2026-07-17 14:45:00+00:00,2026-07-19 15:15:00+00:00
16,binance/okx,200,40,NO_GATE_REGIME_FILTER,FIXED_THRESHOLD_MAIN,NOT_APPLICABLE_FIXED_SCENARIO,INSUFFICIENT_TRAIN_SAMPLE,1,2026-07-17 14:45:00+00:00,2026-07-19 15:15:00+00:00
16,binance/okx,200,80,NO_GATE_REGIME_FILTER,FIXED_THRESHOLD_MAIN,NOT_APPLICABLE_FIXED_SCENARIO,INSUFFICIENT_TRAIN_SAMPLE,1,2026-07-17 14:45:00+00:00,2026-07-19 15:15:00+00:00
16,bitget/gate,100,20,GATE_CAUSAL_ALLOWED_NORMAL_TRANSIENT,FIXED_THRESHOLD_MAIN,NOT_APPLICABLE_FIXED_SCENARIO,OK,18,2026-07-17 14:45:00+00:00,2026-07-19 15:15:00+00:00
16,bitget/gate,100,40,GATE_CAUSAL_ALLOWED_NORMAL_TRANSIENT,FIXED_THRESHOLD_MAIN,NOT_APPLICABLE_FIXED_SCENARIO,OK,18,2026-07-17 14:45:00+00:00,2026-07-19 15:15:00+00:00
16,bitget/gate,100,80,GATE_CAUSAL_ALLOWED_NORMAL_TRANSIENT,FIXED_THRESHOLD_MAIN,NOT_APPLICABLE_FIXED_SCENARIO,OK,18,2026-07-17 14:45:00+00:00,2026-07-19 15:15:00+00:00
16,bitget/gate,150,20,GATE_CAUSAL_ALLOWED_NORMAL_TRANSIENT,FIXED_THRESHOLD_MAIN,NOT_APPLICABLE_FIXED_SCENARIO,OK,12,2026-07-17 14:45:00+00:00,2026-07-19 15:15:00+00:00
16,bitget/gate,150,40,GATE_CAUSAL_ALLOWED_NORMAL_TRANSIENT,FIXED_THRESHOLD_MAIN,NOT_APPLICABLE_FIXED_SCENARIO,OK,12,2026-07-17 14:45:00+00:00,2026-07-19 15:15:00+00:00
16,bitget/gate,150,80,GATE_CAUSAL_ALLOWED_NORMAL_TRANSIENT,FIXED_THRESHOLD_MAIN,NOT_APPLICABLE_FIXED_SCENARIO,OK,12,2026-07-17 14:45:00+00:00,2026-07-19 15:15:00+00:00
16,bitget/gate,200,20,GATE_CAUSAL_ALLOWED_NORMAL_TRANSIENT,FIXED_THRESHOLD_MAIN,NOT_APPLICABLE_FIXED_SCENARIO,INSUFFICIENT_TRAIN_SAMPLE,2,2026-07-17 14:45:00+00:00,2026-07-19 15:15:00+00:00
16,bitget/gate,200,40,GATE_CAUSAL_ALLOWED_NORMAL_TRANSIENT,FIXED_THRESHOLD_MAIN,NOT_APPLICABLE_FIXED_SCENARIO,INSUFFICIENT_TRAIN_SAMPLE,2,2026-07-17 14:45:00+00:00,2026-07-19 15:15:00+00:00
16,bitget/gate,200,80,GATE_CAUSAL_ALLOWED_NORMAL_TRANSIENT,FIXED_THRESHOLD_MAIN,NOT_APPLICABLE_FIXED_SCENARIO,INSUFFICIENT_TRAIN_SAMPLE,2,2026-07-17 14:45:00+00:00,2026-07-19 15:15:00+00:00
16,bitget/hyperliquid,100,20,NO_GATE_REGIME_FILTER,FIXED_THRESHOLD_MAIN,NOT_APPLICABLE_FIXED_SCENARIO,OK,13,2026-07-17 14:45:00+00:00,2026-07-19 15:15:00+00:00
16,bitget/hyperliquid,100,40,NO_GATE_REGIME_FILTER,FIXED_THRESHOLD_MAIN,NOT_APPLICABLE_FIXED_SCENARIO,OK,13,2026-07-17 14:45:00+00:00,2026-07-19 15:15:00+00:00
16,bitget/hyperliquid,100,80,NO_GATE_REGIME_FILTER,FIXED_THRESHOLD_MAIN,NOT_APPLICABLE_FIXED_SCENARIO,OK,13,2026-07-17 14:45:00+00:00,2026-07-19 15:15:00+00:00
16,bitget/hyperliquid,150,20,NO_GATE_REGIME_FILTER,FIXED_THRESHOLD_MAIN,NOT_APPLICABLE_FIXED_SCENARIO,INSUFFICIENT_TRAIN_SAMPLE,3,2026-07-17 14:45:00+00:00,2026-07-19 15:15:00+00:00
16,bitget/hyperliquid,150,40,NO_GATE_REGIME_FILTER,FIXED_THRESHOLD_MAIN,NOT_APPLICABLE_FIXED_SCENARIO,INSUFFICIENT_TRAIN_SAMPLE,3,2026-07-17 14:45:00+00:00,2026-07-19 15:15:00+00:00
16,bitget/hyperliquid,150,80,NO_GATE_REGIME_FILTER,FIXED_THRESHOLD_MAIN,NOT_APPLICABLE_FIXED_SCENARIO,INSUFFICIENT_TRAIN_SAMPLE,3,2026-07-17 14:45:00+00:00,2026-07-19 15:15:00+00:00
16,bitget/hyperliquid,200,20,NO_GATE_REGIME_FILTER,FIXED_THRESHOLD_MAIN,NOT_APPLICABLE_FIXED_SCENARIO,INSUFFICIENT_TRAIN_SAMPLE,8,2026-07-17 14:45:00+00:00,2026-07-19 15:15:00+00:00
16,bitget/hyperliquid,200,40,NO_GATE_REGIME_FILTER,FIXED_THRESHOLD_MAIN,NOT_APPLICABLE_FIXED_SCENARIO,INSUFFICIENT_TRAIN_SAMPLE,8,2026-07-17 14:45:00+00:00,2026-07-19 15:15:00+00:00
16,bitget/hyperliquid,200,80,NO_GATE_REGIME_FILTER,FIXED_THRESHOLD_MAIN,NOT_APPLICABLE_FIXED_SCENARIO,INSUFFICIENT_TRAIN_SAMPLE,8,2026-07-17 14:45:00+00:00,2026-07-19 15:15:00+00:00
16,bitget/okx,100,20,NO_GATE_REGIME_FILTER,FIXED_THRESHOLD_MAIN,NOT_APPLICABLE_FIXED_SCENARIO,OK,10,2026-07-17 14:45:00+00:00,2026-07-19 15:15:00+00:00
16,bitget/okx,100,40,NO_GATE_REGIME_FILTER,FIXED_THRESHOLD_MAIN,NOT_APPLICABLE_FIXED_SCENARIO,OK,10,2026-07-17 14:45:00+00:00,2026-07-19 15:15:00+00:00
16,bitget/okx,100,80,NO_GATE_REGIME_FILTER,FIXED_THRESHOLD_MAIN,NOT_APPLICABLE_FIXED_SCENARIO,OK,10,2026-07-17 14:45:00+00:00,2026-07-19 15:15:00+00:00
16,bitget/okx,150,20,NO_GATE_REGIME_FILTER,FIXED_THRESHOLD_MAIN,NOT_APPLICABLE_FIXED_SCENARIO,INSUFFICIENT_TRAIN_SAMPLE,4,2026-07-17 14:45:00+00:00,2026-07-19 15:15:00+00:00
16,bitget/okx,150,40,NO_GATE_REGIME_FILTER,FIXED_THRESHOLD_MAIN,NOT_APPLICABLE_FIXED_SCENARIO,INSUFFICIENT_TRAIN_SAMPLE,4,2026-07-17 14:45:00+00:00,2026-07-19 15:15:00+00:00
16,bitget/okx,150,80,NO_GATE_REGIME_FILTER,FIXED_THRESHOLD_MAIN,NOT_APPLICABLE_FIXED_SCENARIO,INSUFFICIENT_TRAIN_SAMPLE,4,2026-07-17 14:45:00+00:00,2026-07-19 15:15:00+00:00
16,bitget/okx,200,20,NO_GATE_REGIME_FILTER,FIXED_THRESHOLD_MAIN,NOT_APPLICABLE_FIXED_SCENARIO,INSUFFICIENT_TRAIN_SAMPLE,1,2026-07-17 14:45:00+00:00,2026-07-19 15:15:00+00:00
16,bitget/okx,200,40,NO_GATE_REGIME_FILTER,FIXED_THRESHOLD_MAIN,NOT_APPLICABLE_FIXED_SCENARIO,INSUFFICIENT_TRAIN_SAMPLE,1,2026-07-17 14:45:00+00:00,2026-07-19 15:15:00+00:00
16,bitget/okx,200,80,NO_GATE_REGIME_FILTER,FIXED_THRESHOLD_MAIN,NOT_APPLICABLE_FIXED_SCENARIO,INSUFFICIENT_TRAIN_SAMPLE,1,2026-07-17 14:45:00+00:00,2026-07-19 15:15:00+00:00
16,gate/hyperliquid,100,20,GATE_CAUSAL_ALLOWED_NORMAL_TRANSIENT,FIXED_THRESHOLD_MAIN,NOT_APPLICABLE_FIXED_SCENARIO,INSUFFICIENT_TRAIN_SAMPLE,1,2026-07-17 14:45:00+00:00,2026-07-19 15:15:00+00:00
16,gate/hyperliquid,100,40,GATE_CAUSAL_ALLOWED_NORMAL_TRANSIENT,FIXED_THRESHOLD_MAIN,NOT_APPLICABLE_FIXED_SCENARIO,INSUFFICIENT_TRAIN_SAMPLE,1,2026-07-17 14:45:00+00:00,2026-07-19 15:15:00+00:00
16,gate/hyperliquid,100,80,GATE_CAUSAL_ALLOWED_NORMAL_TRANSIENT,FIXED_THRESHOLD_MAIN,NOT_APPLICABLE_FIXED_SCENARIO,INSUFFICIENT_TRAIN_SAMPLE,1,2026-07-17 14:45:00+00:00,2026-07-19 15:15:00+00:00
16,gate/hyperliquid,150,20,GATE_CAUSAL_ALLOWED_NORMAL_TRANSIENT,FIXED_THRESHOLD_MAIN,NOT_APPLICABLE_FIXED_SCENARIO,INSUFFICIENT_TRAIN_SAMPLE,1,2026-07-17 14:45:00+00:00,2026-07-19 15:15:00+00:00
16,gate/hyperliquid,150,40,GATE_CAUSAL_ALLOWED_NORMAL_TRANSIENT,FIXED_THRESHOLD_MAIN,NOT_APPLICABLE_FIXED_SCENARIO,INSUFFICIENT_TRAIN_SAMPLE,1,2026-07-17 14:45:00+00:00,2026-07-19 15:15:00+00:00
16,gate/hyperliquid,150,80,GATE_CAUSAL_ALLOWED_NORMAL_TRANSIENT,FIXED_THRESHOLD_MAIN,NOT_APPLICABLE_FIXED_SCENARIO,INSUFFICIENT_TRAIN_SAMPLE,1,2026-07-17 14:45:00+00:00,2026-07-19 15:15:00+00:00
16,gate/hyperliquid,200,20,GATE_CAUSAL_ALLOWED_NORMAL_TRANSIENT,FIXED_THRESHOLD_MAIN,NOT_APPLICABLE_FIXED_SCENARIO,OK,29,2026-07-17 14:45:00+00:00,2026-07-19 15:15:00+00:00
16,gate/hyperliquid,200,40,GATE_CAUSAL_ALLOWED_NORMAL_TRANSIENT,FIXED_THRESHOLD_MAIN,NOT_APPLICABLE_FIXED_SCENARIO,OK,29,2026-07-17 14:45:00+00:00,2026-07-19 15:15:00+00:00
16,gate/hyperliquid,200,80,GATE_CAUSAL_ALLOWED_NORMAL_TRANSIENT,FIXED_THRESHOLD_MAIN,NOT_APPLICABLE_FIXED_SCENARIO,OK,29,2026-07-17 14:45:00+00:00,2026-07-19 15:15:00+00:00
16,gate/okx,100,20,GATE_CAUSAL_ALLOWED_NORMAL_TRANSIENT,FIXED_THRESHOLD_MAIN,NOT_APPLICABLE_FIXED_SCENARIO,INSUFFICIENT_TRAIN_SAMPLE,1,2026-07-17 14:45:00+00:00,2026-07-19 15:15:00+00:00
16,gate/okx,100,40,GATE_CAUSAL_ALLOWED_NORMAL_TRANSIENT,FIXED_THRESHOLD_MAIN,NOT_APPLICABLE_FIXED_SCENARIO,INSUFFICIENT_TRAIN_SAMPLE,1,2026-07-17 14:45:00+00:00,2026-07-19 15:15:00+00:00
16,gate/okx,100,80,GATE_CAUSAL_ALLOWED_NORMAL_TRANSIENT,FIXED_THRESHOLD_MAIN,NOT_APPLICABLE_FIXED_SCENARIO,INSUFFICIENT_TRAIN_SAMPLE,1,2026-07-17 14:45:00+00:00,2026-07-19 15:15:00+00:00
16,gate/okx,150,20,GATE_CAUSAL_ALLOWED_NORMAL_TRANSIENT,FIXED_THRESHOLD_MAIN,NOT_APPLICABLE_FIXED_SCENARIO,INSUFFICIENT_TRAIN_SAMPLE,7,2026-07-17 14:45:00+00:00,2026-07-19 15:15:00+00:00
16,gate/okx,150,40,GATE_CAUSAL_ALLOWED_NORMAL_TRANSIENT,FIXED_THRESHOLD_MAIN,NOT_APPLICABLE_FIXED_SCENARIO,INSUFFICIENT_TRAIN_SAMPLE,7,2026-07-17 14:45:00+00:00,2026-07-19 15:15:00+00:00
16,gate/okx,150,80,GATE_CAUSAL_ALLOWED_NORMAL_TRANSIENT,FIXED_THRESHOLD_MAIN,NOT_APPLICABLE_FIXED_SCENARIO,INSUFFICIENT_TRAIN_SAMPLE,7,2026-07-17 14:45:00+00:00,2026-07-19 15:15:00+00:00
16,gate/okx,200,20,GATE_CAUSAL_ALLOWED_NORMAL_TRANSIENT,FIXED_THRESHOLD_MAIN,NOT_APPLICABLE_FIXED_SCENARIO,OK,32,2026-07-17 14:45:00+00:00,2026-07-19 15:15:00+00:00
16,gate/okx,200,40,GATE_CAUSAL_ALLOWED_NORMAL_TRANSIENT,FIXED_THRESHOLD_MAIN,NOT_APPLICABLE_FIXED_SCENARIO,OK,32,2026-07-17 14:45:00+00:00,2026-07-19 15:15:00+00:00
16,gate/okx,200,80,GATE_CAUSAL_ALLOWED_NORMAL_TRANSIENT,FIXED_THRESHOLD_MAIN,NOT_APPLICABLE_FIXED_SCENARIO,OK,32,2026-07-17 14:45:00+00:00,2026-07-19 15:15:00+00:00
16,hyperliquid/okx,100,20,NO_GATE_REGIME_FILTER,FIXED_THRESHOLD_MAIN,NOT_APPLICABLE_FIXED_SCENARIO,INSUFFICIENT_TRAIN_SAMPLE,1,2026-07-17 14:45:00+00:00,2026-07-19 15:15:00+00:00
16,hyperliquid/okx,100,40,NO_GATE_REGIME_FILTER,FIXED_THRESHOLD_MAIN,NOT_APPLICABLE_FIXED_SCENARIO,INSUFFICIENT_TRAIN_SAMPLE,1,2026-07-17 14:45:00+00:00,2026-07-19 15:15:00+00:00
16,hyperliquid/okx,100,80,NO_GATE_REGIME_FILTER,FIXED_THRESHOLD_MAIN,NOT_APPLICABLE_FIXED_SCENARIO,INSUFFICIENT_TRAIN_SAMPLE,1,2026-07-17 14:45:00+00:00,2026-07-19 15:15:00+00:00
16,hyperliquid/okx,150,20,NO_GATE_REGIME_FILTER,FIXED_THRESHOLD_MAIN,NOT_APPLICABLE_FIXED_SCENARIO,INSUFFICIENT_TRAIN_SAMPLE,0,2026-07-17 14:45:00+00:00,2026-07-19 15:15:00+00:00
16,hyperliquid/okx,150,40,NO_GATE_REGIME_FILTER,FIXED_THRESHOLD_MAIN,NOT_APPLICABLE_FIXED_SCENARIO,INSUFFICIENT_TRAIN_SAMPLE,0,2026-07-17 14:45:00+00:00,2026-07-19 15:15:00+00:00
16,hyperliquid/okx,150,80,NO_GATE_REGIME_FILTER,FIXED_THRESHOLD_MAIN,NOT_APPLICABLE_FIXED_SCENARIO,INSUFFICIENT_TRAIN_SAMPLE,0,2026-07-17 14:45:00+00:00,2026-07-19 15:15:00+00:00
16,hyperliquid/okx,200,20,NO_GATE_REGIME_FILTER,FIXED_THRESHOLD_MAIN,NOT_APPLICABLE_FIXED_SCENARIO,INSUFFICIENT_TRAIN_SAMPLE,0,2026-07-17 14:45:00+00:00,2026-07-19 15:15:00+00:00
16,hyperliquid/okx,200,40,NO_GATE_REGIME_FILTER,FIXED_THRESHOLD_MAIN,NOT_APPLICABLE_FIXED_SCENARIO,INSUFFICIENT_TRAIN_SAMPLE,0,2026-07-17 14:45:00+00:00,2026-07-19 15:15:00+00:00
16,hyperliquid/okx,200,80,NO_GATE_REGIME_FILTER,FIXED_THRESHOLD_MAIN,NOT_APPLICABLE_FIXED_SCENARIO,INSUFFICIENT_TRAIN_SAMPLE,0,2026-07-17 14:45:00+00:00,2026-07-19 15:15:00+00:00
17,binance/bitget,100,20,NO_GATE_REGIME_FILTER,FIXED_THRESHOLD_MAIN,NOT_APPLICABLE_FIXED_SCENARIO,INSUFFICIENT_TRAIN_SAMPLE,0,2026-07-19 15:15:00+00:00,2026-07-21 15:45:00+00:00
17,binance/bitget,100,40,NO_GATE_REGIME_FILTER,FIXED_THRESHOLD_MAIN,NOT_APPLICABLE_FIXED_SCENARIO,INSUFFICIENT_TRAIN_SAMPLE,0,2026-07-19 15:15:00+00:00,2026-07-21 15:45:00+00:00
17,binance/bitget,100,80,NO_GATE_REGIME_FILTER,FIXED_THRESHOLD_MAIN,NOT_APPLICABLE_FIXED_SCENARIO,INSUFFICIENT_TRAIN_SAMPLE,0,2026-07-19 15:15:00+00:00,2026-07-21 15:45:00+00:00
17,binance/bitget,150,20,NO_GATE_REGIME_FILTER,FIXED_THRESHOLD_MAIN,NOT_APPLICABLE_FIXED_SCENARIO,INSUFFICIENT_TRAIN_SAMPLE,0,2026-07-19 15:15:00+00:00,2026-07-21 15:45:00+00:00
17,binance/bitget,150,40,NO_GATE_REGIME_FILTER,FIXED_THRESHOLD_MAIN,NOT_APPLICABLE_FIXED_SCENARIO,INSUFFICIENT_TRAIN_SAMPLE,0,2026-07-19 15:15:00+00:00,2026-07-21 15:45:00+00:00
17,binance/bitget,150,80,NO_GATE_REGIME_FILTER,FIXED_THRESHOLD_MAIN,NOT_APPLICABLE_FIXED_SCENARIO,INSUFFICIENT_TRAIN_SAMPLE,0,2026-07-19 15:15:00+00:00,2026-07-21 15:45:00+00:00
17,binance/bitget,200,20,NO_GATE_REGIME_FILTER,FIXED_THRESHOLD_MAIN,NOT_APPLICABLE_FIXED_SCENARIO,INSUFFICIENT_TRAIN_SAMPLE,0,2026-07-19 15:15:00+00:00,2026-07-21 15:45:00+00:00
17,binance/bitget,200,40,NO_GATE_REGIME_FILTER,FIXED_THRESHOLD_MAIN,NOT_APPLICABLE_FIXED_SCENARIO,INSUFFICIENT_TRAIN_SAMPLE,0,2026-07-19 15:15:00+00:00,2026-07-21 15:45:00+00:00
17,binance/bitget,200,80,NO_GATE_REGIME_FILTER,FIXED_THRESHOLD_MAIN,NOT_APPLICABLE_FIXED_SCENARIO,INSUFFICIENT_TRAIN_SAMPLE,0,2026-07-19 15:15:00+00:00,2026-07-21 15:45:00+00:00
17,binance/gate,100,20,GATE_CAUSAL_ALLOWED_NORMAL_TRANSIENT,FIXED_THRESHOLD_MAIN,NOT_APPLICABLE_FIXED_SCENARIO,INSUFFICIENT_TRAIN_SAMPLE,8,2026-07-19 15:15:00+00:00,2026-07-21 15:45:00+00:00
17,binance/gate,100,40,GATE_CAUSAL_ALLOWED_NORMAL_TRANSIENT,FIXED_THRESHOLD_MAIN,NOT_APPLICABLE_FIXED_SCENARIO,INSUFFICIENT_TRAIN_SAMPLE,8,2026-07-19 15:15:00+00:00,2026-07-21 15:45:00+00:00
17,binance/gate,100,80,GATE_CAUSAL_ALLOWED_NORMAL_TRANSIENT,FIXED_THRESHOLD_MAIN,NOT_APPLICABLE_FIXED_SCENARIO,INSUFFICIENT_TRAIN_SAMPLE,8,2026-07-19 15:15:00+00:00,2026-07-21 15:45:00+00:00
17,binance/gate,150,20,GATE_CAUSAL_ALLOWED_NORMAL_TRANSIENT,FIXED_THRESHOLD_MAIN,NOT_APPLICABLE_FIXED_SCENARIO,OK,29,2026-07-19 15:15:00+00:00,2026-07-21 15:45:00+00:00
17,binance/gate,150,40,GATE_CAUSAL_ALLOWED_NORMAL_TRANSIENT,FIXED_THRESHOLD_MAIN,NOT_APPLICABLE_FIXED_SCENARIO,OK,29,2026-07-19 15:15:00+00:00,2026-07-21 15:45:00+00:00
17,binance/gate,150,80,GATE_CAUSAL_ALLOWED_NORMAL_TRANSIENT,FIXED_THRESHOLD_MAIN,NOT_APPLICABLE_FIXED_SCENARIO,OK,29,2026-07-19 15:15:00+00:00,2026-07-21 15:45:00+00:00
17,binance/gate,200,20,GATE_CAUSAL_ALLOWED_NORMAL_TRANSIENT,FIXED_THRESHOLD_MAIN,NOT_APPLICABLE_FIXED_SCENARIO,OK,10,2026-07-19 15:15:00+00:00,2026-07-21 15:45:00+00:00
17,binance/gate,200,40,GATE_CAUSAL_ALLOWED_NORMAL_TRANSIENT,FIXED_THRESHOLD_MAIN,NOT_APPLICABLE_FIXED_SCENARIO,OK,10,2026-07-19 15:15:00+00:00,2026-07-21 15:45:00+00:00
17,binance/gate,200,80,GATE_CAUSAL_ALLOWED_NORMAL_TRANSIENT,FIXED_THRESHOLD_MAIN,NOT_APPLICABLE_FIXED_SCENARIO,OK,10,2026-07-19 15:15:00+00:00,2026-07-21 15:45:00+00:00
17,binance/hyperliquid,100,20,NO_GATE_REGIME_FILTER,FIXED_THRESHOLD_MAIN,NOT_APPLICABLE_FIXED_SCENARIO,INSUFFICIENT_TRAIN_SAMPLE,9,2026-07-19 15:15:00+00:00,2026-07-21 15:45:00+00:00
17,binance/hyperliquid,100,40,NO_GATE_REGIME_FILTER,FIXED_THRESHOLD_MAIN,NOT_APPLICABLE_FIXED_SCENARIO,INSUFFICIENT_TRAIN_SAMPLE,9,2026-07-19 15:15:00+00:00,2026-07-21 15:45:00+00:00
17,binance/hyperliquid,100,80,NO_GATE_REGIME_FILTER,FIXED_THRESHOLD_MAIN,NOT_APPLICABLE_FIXED_SCENARIO,INSUFFICIENT_TRAIN_SAMPLE,9,2026-07-19 15:15:00+00:00,2026-07-21 15:45:00+00:00
17,binance/hyperliquid,150,20,NO_GATE_REGIME_FILTER,FIXED_THRESHOLD_MAIN,NOT_APPLICABLE_FIXED_SCENARIO,INSUFFICIENT_TRAIN_SAMPLE,9,2026-07-19 15:15:00+00:00,2026-07-21 15:45:00+00:00
17,binance/hyperliquid,150,40,NO_GATE_REGIME_FILTER,FIXED_THRESHOLD_MAIN,NOT_APPLICABLE_FIXED_SCENARIO,INSUFFICIENT_TRAIN_SAMPLE,9,2026-07-19 15:15:00+00:00,2026-07-21 15:45:00+00:00
17,binance/hyperliquid,150,80,NO_GATE_REGIME_FILTER,FIXED_THRESHOLD_MAIN,NOT_APPLICABLE_FIXED_SCENARIO,INSUFFICIENT_TRAIN_SAMPLE,9,2026-07-19 15:15:00+00:00,2026-07-21 15:45:00+00:00
17,binance/hyperliquid,200,20,NO_GATE_REGIME_FILTER,FIXED_THRESHOLD_MAIN,NOT_APPLICABLE_FIXED_SCENARIO,INSUFFICIENT_TRAIN_SAMPLE,3,2026-07-19 15:15:00+00:00,2026-07-21 15:45:00+00:00
17,binance/hyperliquid,200,40,NO_GATE_REGIME_FILTER,FIXED_THRESHOLD_MAIN,NOT_APPLICABLE_FIXED_SCENARIO,INSUFFICIENT_TRAIN_SAMPLE,3,2026-07-19 15:15:00+00:00,2026-07-21 15:45:00+00:00
17,binance/hyperliquid,200,80,NO_GATE_REGIME_FILTER,FIXED_THRESHOLD_MAIN,NOT_APPLICABLE_FIXED_SCENARIO,INSUFFICIENT_TRAIN_SAMPLE,3,2026-07-19 15:15:00+00:00,2026-07-21 15:45:00+00:00
17,binance/okx,100,20,NO_GATE_REGIME_FILTER,FIXED_THRESHOLD_MAIN,NOT_APPLICABLE_FIXED_SCENARIO,INSUFFICIENT_TRAIN_SAMPLE,7,2026-07-19 15:15:00+00:00,2026-07-21 15:45:00+00:00
17,binance/okx,100,40,NO_GATE_REGIME_FILTER,FIXED_THRESHOLD_MAIN,NOT_APPLICABLE_FIXED_SCENARIO,INSUFFICIENT_TRAIN_SAMPLE,7,2026-07-19 15:15:00+00:00,2026-07-21 15:45:00+00:00
17,binance/okx,100,80,NO_GATE_REGIME_FILTER,FIXED_THRESHOLD_MAIN,NOT_APPLICABLE_FIXED_SCENARIO,INSUFFICIENT_TRAIN_SAMPLE,7,2026-07-19 15:15:00+00:00,2026-07-21 15:45:00+00:00
17,binance/okx,150,20,NO_GATE_REGIME_FILTER,FIXED_THRESHOLD_MAIN,NOT_APPLICABLE_FIXED_SCENARIO,INSUFFICIENT_TRAIN_SAMPLE,2,2026-07-19 15:15:00+00:00,2026-07-21 15:45:00+00:00
17,binance/okx,150,40,NO_GATE_REGIME_FILTER,FIXED_THRESHOLD_MAIN,NOT_APPLICABLE_FIXED_SCENARIO,INSUFFICIENT_TRAIN_SAMPLE,2,2026-07-19 15:15:00+00:00,2026-07-21 15:45:00+00:00
17,binance/okx,150,80,NO_GATE_REGIME_FILTER,FIXED_THRESHOLD_MAIN,NOT_APPLICABLE_FIXED_SCENARIO,INSUFFICIENT_TRAIN_SAMPLE,2,2026-07-19 15:15:00+00:00,2026-07-21 15:45:00+00:00
17,binance/okx,200,20,NO_GATE_REGIME_FILTER,FIXED_THRESHOLD_MAIN,NOT_APPLICABLE_FIXED_SCENARIO,INSUFFICIENT_TRAIN_SAMPLE,1,2026-07-19 15:15:00+00:00,2026-07-21 15:45:00+00:00
17,binance/okx,200,40,NO_GATE_REGIME_FILTER,FIXED_THRESHOLD_MAIN,NOT_APPLICABLE_FIXED_SCENARIO,INSUFFICIENT_TRAIN_SAMPLE,1,2026-07-19 15:15:00+00:00,2026-07-21 15:45:00+00:00
17,binance/okx,200,80,NO_GATE_REGIME_FILTER,FIXED_THRESHOLD_MAIN,NOT_APPLICABLE_FIXED_SCENARIO,INSUFFICIENT_TRAIN_SAMPLE,1,2026-07-19 15:15:00+00:00,2026-07-21 15:45:00+00:00
17,bitget/gate,100,20,GATE_CAUSAL_ALLOWED_NORMAL_TRANSIENT,FIXED_THRESHOLD_MAIN,NOT_APPLICABLE_FIXED_SCENARIO,OK,18,2026-07-19 15:15:00+00:00,2026-07-21 15:45:00+00:00
17,bitget/gate,100,40,GATE_CAUSAL_ALLOWED_NORMAL_TRANSIENT,FIXED_THRESHOLD_MAIN,NOT_APPLICABLE_FIXED_SCENARIO,OK,18,2026-07-19 15:15:00+00:00,2026-07-21 15:45:00+00:00
17,bitget/gate,100,80,GATE_CAUSAL_ALLOWED_NORMAL_TRANSIENT,FIXED_THRESHOLD_MAIN,NOT_APPLICABLE_FIXED_SCENARIO,OK,18,2026-07-19 15:15:00+00:00,2026-07-21 15:45:00+00:00
17,bitget/gate,150,20,GATE_CAUSAL_ALLOWED_NORMAL_TRANSIENT,FIXED_THRESHOLD_MAIN,NOT_APPLICABLE_FIXED_SCENARIO,OK,11,2026-07-19 15:15:00+00:00,2026-07-21 15:45:00+00:00
17,bitget/gate,150,40,GATE_CAUSAL_ALLOWED_NORMAL_TRANSIENT,FIXED_THRESHOLD_MAIN,NOT_APPLICABLE_FIXED_SCENARIO,OK,11,2026-07-19 15:15:00+00:00,2026-07-21 15:45:00+00:00
17,bitget/gate,150,80,GATE_CAUSAL_ALLOWED_NORMAL_TRANSIENT,FIXED_THRESHOLD_MAIN,NOT_APPLICABLE_FIXED_SCENARIO,OK,11,2026-07-19 15:15:00+00:00,2026-07-21 15:45:00+00:00
17,bitget/gate,200,20,GATE_CAUSAL_ALLOWED_NORMAL_TRANSIENT,FIXED_THRESHOLD_MAIN,NOT_APPLICABLE_FIXED_SCENARIO,INSUFFICIENT_TRAIN_SAMPLE,1,2026-07-19 15:15:00+00:00,2026-07-21 15:45:00+00:00
17,bitget/gate,200,40,GATE_CAUSAL_ALLOWED_NORMAL_TRANSIENT,FIXED_THRESHOLD_MAIN,NOT_APPLICABLE_FIXED_SCENARIO,INSUFFICIENT_TRAIN_SAMPLE,1,2026-07-19 15:15:00+00:00,2026-07-21 15:45:00+00:00
17,bitget/gate,200,80,GATE_CAUSAL_ALLOWED_NORMAL_TRANSIENT,FIXED_THRESHOLD_MAIN,NOT_APPLICABLE_FIXED_SCENARIO,INSUFFICIENT_TRAIN_SAMPLE,1,2026-07-19 15:15:00+00:00,2026-07-21 15:45:00+00:00
17,bitget/hyperliquid,100,20,NO_GATE_REGIME_FILTER,FIXED_THRESHOLD_MAIN,NOT_APPLICABLE_FIXED_SCENARIO,OK,13,2026-07-19 15:15:00+00:00,2026-07-21 15:45:00+00:00
17,bitget/hyperliquid,100,40,NO_GATE_REGIME_FILTER,FIXED_THRESHOLD_MAIN,NOT_APPLICABLE_FIXED_SCENARIO,OK,13,2026-07-19 15:15:00+00:00,2026-07-21 15:45:00+00:00
17,bitget/hyperliquid,100,80,NO_GATE_REGIME_FILTER,FIXED_THRESHOLD_MAIN,NOT_APPLICABLE_FIXED_SCENARIO,OK,13,2026-07-19 15:15:00+00:00,2026-07-21 15:45:00+00:00
17,bitget/hyperliquid,150,20,NO_GATE_REGIME_FILTER,FIXED_THRESHOLD_MAIN,NOT_APPLICABLE_FIXED_SCENARIO,INSUFFICIENT_TRAIN_SAMPLE,3,2026-07-19 15:15:00+00:00,2026-07-21 15:45:00+00:00
17,bitget/hyperliquid,150,40,NO_GATE_REGIME_FILTER,FIXED_THRESHOLD_MAIN,NOT_APPLICABLE_FIXED_SCENARIO,INSUFFICIENT_TRAIN_SAMPLE,3,2026-07-19 15:15:00+00:00,2026-07-21 15:45:00+00:00
17,bitget/hyperliquid,150,80,NO_GATE_REGIME_FILTER,FIXED_THRESHOLD_MAIN,NOT_APPLICABLE_FIXED_SCENARIO,INSUFFICIENT_TRAIN_SAMPLE,3,2026-07-19 15:15:00+00:00,2026-07-21 15:45:00+00:00
17,bitget/hyperliquid,200,20,NO_GATE_REGIME_FILTER,FIXED_THRESHOLD_MAIN,NOT_APPLICABLE_FIXED_SCENARIO,INSUFFICIENT_TRAIN_SAMPLE,8,2026-07-19 15:15:00+00:00,2026-07-21 15:45:00+00:00
17,bitget/hyperliquid,200,40,NO_GATE_REGIME_FILTER,FIXED_THRESHOLD_MAIN,NOT_APPLICABLE_FIXED_SCENARIO,INSUFFICIENT_TRAIN_SAMPLE,8,2026-07-19 15:15:00+00:00,2026-07-21 15:45:00+00:00
17,bitget/hyperliquid,200,80,NO_GATE_REGIME_FILTER,FIXED_THRESHOLD_MAIN,NOT_APPLICABLE_FIXED_SCENARIO,INSUFFICIENT_TRAIN_SAMPLE,8,2026-07-19 15:15:00+00:00,2026-07-21 15:45:00+00:00
17,bitget/okx,100,20,NO_GATE_REGIME_FILTER,FIXED_THRESHOLD_MAIN,NOT_APPLICABLE_FIXED_SCENARIO,OK,10,2026-07-19 15:15:00+00:00,2026-07-21 15:45:00+00:00
17,bitget/okx,100,40,NO_GATE_REGIME_FILTER,FIXED_THRESHOLD_MAIN,NOT_APPLICABLE_FIXED_SCENARIO,OK,10,2026-07-19 15:15:00+00:00,2026-07-21 15:45:00+00:00
17,bitget/okx,100,80,NO_GATE_REGIME_FILTER,FIXED_THRESHOLD_MAIN,NOT_APPLICABLE_FIXED_SCENARIO,OK,10,2026-07-19 15:15:00+00:00,2026-07-21 15:45:00+00:00
17,bitget/okx,150,20,NO_GATE_REGIME_FILTER,FIXED_THRESHOLD_MAIN,NOT_APPLICABLE_FIXED_SCENARIO,INSUFFICIENT_TRAIN_SAMPLE,4,2026-07-19 15:15:00+00:00,2026-07-21 15:45:00+00:00
17,bitget/okx,150,40,NO_GATE_REGIME_FILTER,FIXED_THRESHOLD_MAIN,NOT_APPLICABLE_FIXED_SCENARIO,INSUFFICIENT_TRAIN_SAMPLE,4,2026-07-19 15:15:00+00:00,2026-07-21 15:45:00+00:00
17,bitget/okx,150,80,NO_GATE_REGIME_FILTER,FIXED_THRESHOLD_MAIN,NOT_APPLICABLE_FIXED_SCENARIO,INSUFFICIENT_TRAIN_SAMPLE,4,2026-07-19 15:15:00+00:00,2026-07-21 15:45:00+00:00
17,bitget/okx,200,20,NO_GATE_REGIME_FILTER,FIXED_THRESHOLD_MAIN,NOT_APPLICABLE_FIXED_SCENARIO,INSUFFICIENT_TRAIN_SAMPLE,1,2026-07-19 15:15:00+00:00,2026-07-21 15:45:00+00:00
17,bitget/okx,200,40,NO_GATE_REGIME_FILTER,FIXED_THRESHOLD_MAIN,NOT_APPLICABLE_FIXED_SCENARIO,INSUFFICIENT_TRAIN_SAMPLE,1,2026-07-19 15:15:00+00:00,2026-07-21 15:45:00+00:00
17,bitget/okx,200,80,NO_GATE_REGIME_FILTER,FIXED_THRESHOLD_MAIN,NOT_APPLICABLE_FIXED_SCENARIO,INSUFFICIENT_TRAIN_SAMPLE,1,2026-07-19 15:15:00+00:00,2026-07-21 15:45:00+00:00
17,gate/hyperliquid,100,20,GATE_CAUSAL_ALLOWED_NORMAL_TRANSIENT,FIXED_THRESHOLD_MAIN,NOT_APPLICABLE_FIXED_SCENARIO,INSUFFICIENT_TRAIN_SAMPLE,2,2026-07-19 15:15:00+00:00,2026-07-21 15:45:00+00:00
17,gate/hyperliquid,100,40,GATE_CAUSAL_ALLOWED_NORMAL_TRANSIENT,FIXED_THRESHOLD_MAIN,NOT_APPLICABLE_FIXED_SCENARIO,INSUFFICIENT_TRAIN_SAMPLE,2,2026-07-19 15:15:00+00:00,2026-07-21 15:45:00+00:00
17,gate/hyperliquid,100,80,GATE_CAUSAL_ALLOWED_NORMAL_TRANSIENT,FIXED_THRESHOLD_MAIN,NOT_APPLICABLE_FIXED_SCENARIO,INSUFFICIENT_TRAIN_SAMPLE,2,2026-07-19 15:15:00+00:00,2026-07-21 15:45:00+00:00
17,gate/hyperliquid,150,20,GATE_CAUSAL_ALLOWED_NORMAL_TRANSIENT,FIXED_THRESHOLD_MAIN,NOT_APPLICABLE_FIXED_SCENARIO,INSUFFICIENT_TRAIN_SAMPLE,1,2026-07-19 15:15:00+00:00,2026-07-21 15:45:00+00:00
17,gate/hyperliquid,150,40,GATE_CAUSAL_ALLOWED_NORMAL_TRANSIENT,FIXED_THRESHOLD_MAIN,NOT_APPLICABLE_FIXED_SCENARIO,INSUFFICIENT_TRAIN_SAMPLE,1,2026-07-19 15:15:00+00:00,2026-07-21 15:45:00+00:00
17,gate/hyperliquid,150,80,GATE_CAUSAL_ALLOWED_NORMAL_TRANSIENT,FIXED_THRESHOLD_MAIN,NOT_APPLICABLE_FIXED_SCENARIO,INSUFFICIENT_TRAIN_SAMPLE,1,2026-07-19 15:15:00+00:00,2026-07-21 15:45:00+00:00
17,gate/hyperliquid,200,20,GATE_CAUSAL_ALLOWED_NORMAL_TRANSIENT,FIXED_THRESHOLD_MAIN,NOT_APPLICABLE_FIXED_SCENARIO,OK,28,2026-07-19 15:15:00+00:00,2026-07-21 15:45:00+00:00
17,gate/hyperliquid,200,40,GATE_CAUSAL_ALLOWED_NORMAL_TRANSIENT,FIXED_THRESHOLD_MAIN,NOT_APPLICABLE_FIXED_SCENARIO,OK,28,2026-07-19 15:15:00+00:00,2026-07-21 15:45:00+00:00
17,gate/hyperliquid,200,80,GATE_CAUSAL_ALLOWED_NORMAL_TRANSIENT,FIXED_THRESHOLD_MAIN,NOT_APPLICABLE_FIXED_SCENARIO,OK,28,2026-07-19 15:15:00+00:00,2026-07-21 15:45:00+00:00
17,gate/okx,100,20,GATE_CAUSAL_ALLOWED_NORMAL_TRANSIENT,FIXED_THRESHOLD_MAIN,NOT_APPLICABLE_FIXED_SCENARIO,INSUFFICIENT_TRAIN_SAMPLE,6,2026-07-19 15:15:00+00:00,2026-07-21 15:45:00+00:00
17,gate/okx,100,40,GATE_CAUSAL_ALLOWED_NORMAL_TRANSIENT,FIXED_THRESHOLD_MAIN,NOT_APPLICABLE_FIXED_SCENARIO,INSUFFICIENT_TRAIN_SAMPLE,6,2026-07-19 15:15:00+00:00,2026-07-21 15:45:00+00:00
17,gate/okx,100,80,GATE_CAUSAL_ALLOWED_NORMAL_TRANSIENT,FIXED_THRESHOLD_MAIN,NOT_APPLICABLE_FIXED_SCENARIO,INSUFFICIENT_TRAIN_SAMPLE,6,2026-07-19 15:15:00+00:00,2026-07-21 15:45:00+00:00
17,gate/okx,150,20,GATE_CAUSAL_ALLOWED_NORMAL_TRANSIENT,FIXED_THRESHOLD_MAIN,NOT_APPLICABLE_FIXED_SCENARIO,INSUFFICIENT_TRAIN_SAMPLE,7,2026-07-19 15:15:00+00:00,2026-07-21 15:45:00+00:00
17,gate/okx,150,40,GATE_CAUSAL_ALLOWED_NORMAL_TRANSIENT,FIXED_THRESHOLD_MAIN,NOT_APPLICABLE_FIXED_SCENARIO,INSUFFICIENT_TRAIN_SAMPLE,7,2026-07-19 15:15:00+00:00,2026-07-21 15:45:00+00:00
17,gate/okx,150,80,GATE_CAUSAL_ALLOWED_NORMAL_TRANSIENT,FIXED_THRESHOLD_MAIN,NOT_APPLICABLE_FIXED_SCENARIO,INSUFFICIENT_TRAIN_SAMPLE,7,2026-07-19 15:15:00+00:00,2026-07-21 15:45:00+00:00
17,gate/okx,200,20,GATE_CAUSAL_ALLOWED_NORMAL_TRANSIENT,FIXED_THRESHOLD_MAIN,NOT_APPLICABLE_FIXED_SCENARIO,OK,25,2026-07-19 15:15:00+00:00,2026-07-21 15:45:00+00:00
17,gate/okx,200,40,GATE_CAUSAL_ALLOWED_NORMAL_TRANSIENT,FIXED_THRESHOLD_MAIN,NOT_APPLICABLE_FIXED_SCENARIO,OK,25,2026-07-19 15:15:00+00:00,2026-07-21 15:45:00+00:00
17,gate/okx,200,80,GATE_CAUSAL_ALLOWED_NORMAL_TRANSIENT,FIXED_THRESHOLD_MAIN,NOT_APPLICABLE_FIXED_SCENARIO,OK,25,2026-07-19 15:15:00+00:00,2026-07-21 15:45:00+00:00
17,hyperliquid/okx,100,20,NO_GATE_REGIME_FILTER,FIXED_THRESHOLD_MAIN,NOT_APPLICABLE_FIXED_SCENARIO,INSUFFICIENT_TRAIN_SAMPLE,1,2026-07-19 15:15:00+00:00,2026-07-21 15:45:00+00:00
17,hyperliquid/okx,100,40,NO_GATE_REGIME_FILTER,FIXED_THRESHOLD_MAIN,NOT_APPLICABLE_FIXED_SCENARIO,INSUFFICIENT_TRAIN_SAMPLE,1,2026-07-19 15:15:00+00:00,2026-07-21 15:45:00+00:00
17,hyperliquid/okx,100,80,NO_GATE_REGIME_FILTER,FIXED_THRESHOLD_MAIN,NOT_APPLICABLE_FIXED_SCENARIO,INSUFFICIENT_TRAIN_SAMPLE,1,2026-07-19 15:15:00+00:00,2026-07-21 15:45:00+00:00
17,hyperliquid/okx,150,20,NO_GATE_REGIME_FILTER,FIXED_THRESHOLD_MAIN,NOT_APPLICABLE_FIXED_SCENARIO,INSUFFICIENT_TRAIN_SAMPLE,0,2026-07-19 15:15:00+00:00,2026-07-21 15:45:00+00:00
17,hyperliquid/okx,150,40,NO_GATE_REGIME_FILTER,FIXED_THRESHOLD_MAIN,NOT_APPLICABLE_FIXED_SCENARIO,INSUFFICIENT_TRAIN_SAMPLE,0,2026-07-19 15:15:00+00:00,2026-07-21 15:45:00+00:00
17,hyperliquid/okx,150,80,NO_GATE_REGIME_FILTER,FIXED_THRESHOLD_MAIN,NOT_APPLICABLE_FIXED_SCENARIO,INSUFFICIENT_TRAIN_SAMPLE,0,2026-07-19 15:15:00+00:00,2026-07-21 15:45:00+00:00
17,hyperliquid/okx,200,20,NO_GATE_REGIME_FILTER,FIXED_THRESHOLD_MAIN,NOT_APPLICABLE_FIXED_SCENARIO,INSUFFICIENT_TRAIN_SAMPLE,0,2026-07-19 15:15:00+00:00,2026-07-21 15:45:00+00:00
17,hyperliquid/okx,200,40,NO_GATE_REGIME_FILTER,FIXED_THRESHOLD_MAIN,NOT_APPLICABLE_FIXED_SCENARIO,INSUFFICIENT_TRAIN_SAMPLE,0,2026-07-19 15:15:00+00:00,2026-07-21 15:45:00+00:00
17,hyperliquid/okx,200,80,NO_GATE_REGIME_FILTER,FIXED_THRESHOLD_MAIN,NOT_APPLICABLE_FIXED_SCENARIO,INSUFFICIENT_TRAIN_SAMPLE,0,2026-07-19 15:15:00+00:00,2026-07-21 15:45:00+00:00
18,binance/bitget,100,20,NO_GATE_REGIME_FILTER,FIXED_THRESHOLD_MAIN,NOT_APPLICABLE_FIXED_SCENARIO,INSUFFICIENT_TRAIN_SAMPLE,0,2026-07-21 15:45:00+00:00,2026-07-23 16:15:00+00:00
18,binance/bitget,100,40,NO_GATE_REGIME_FILTER,FIXED_THRESHOLD_MAIN,NOT_APPLICABLE_FIXED_SCENARIO,INSUFFICIENT_TRAIN_SAMPLE,0,2026-07-21 15:45:00+00:00,2026-07-23 16:15:00+00:00
18,binance/bitget,100,80,NO_GATE_REGIME_FILTER,FIXED_THRESHOLD_MAIN,NOT_APPLICABLE_FIXED_SCENARIO,INSUFFICIENT_TRAIN_SAMPLE,0,2026-07-21 15:45:00+00:00,2026-07-23 16:15:00+00:00
18,binance/bitget,150,20,NO_GATE_REGIME_FILTER,FIXED_THRESHOLD_MAIN,NOT_APPLICABLE_FIXED_SCENARIO,INSUFFICIENT_TRAIN_SAMPLE,0,2026-07-21 15:45:00+00:00,2026-07-23 16:15:00+00:00
18,binance/bitget,150,40,NO_GATE_REGIME_FILTER,FIXED_THRESHOLD_MAIN,NOT_APPLICABLE_FIXED_SCENARIO,INSUFFICIENT_TRAIN_SAMPLE,0,2026-07-21 15:45:00+00:00,2026-07-23 16:15:00+00:00
18,binance/bitget,150,80,NO_GATE_REGIME_FILTER,FIXED_THRESHOLD_MAIN,NOT_APPLICABLE_FIXED_SCENARIO,INSUFFICIENT_TRAIN_SAMPLE,0,2026-07-21 15:45:00+00:00,2026-07-23 16:15:00+00:00
18,binance/bitget,200,20,NO_GATE_REGIME_FILTER,FIXED_THRESHOLD_MAIN,NOT_APPLICABLE_FIXED_SCENARIO,INSUFFICIENT_TRAIN_SAMPLE,0,2026-07-21 15:45:00+00:00,2026-07-23 16:15:00+00:00
18,binance/bitget,200,40,NO_GATE_REGIME_FILTER,FIXED_THRESHOLD_MAIN,NOT_APPLICABLE_FIXED_SCENARIO,INSUFFICIENT_TRAIN_SAMPLE,0,2026-07-21 15:45:00+00:00,2026-07-23 16:15:00+00:00
18,binance/bitget,200,80,NO_GATE_REGIME_FILTER,FIXED_THRESHOLD_MAIN,NOT_APPLICABLE_FIXED_SCENARIO,INSUFFICIENT_TRAIN_SAMPLE,0,2026-07-21 15:45:00+00:00,2026-07-23 16:15:00+00:00
18,binance/gate,100,20,GATE_CAUSAL_ALLOWED_NORMAL_TRANSIENT,FIXED_THRESHOLD_MAIN,NOT_APPLICABLE_FIXED_SCENARIO,INSUFFICIENT_TRAIN_SAMPLE,6,2026-07-21 15:45:00+00:00,2026-07-23 16:15:00+00:00
18,binance/gate,100,40,GATE_CAUSAL_ALLOWED_NORMAL_TRANSIENT,FIXED_THRESHOLD_MAIN,NOT_APPLICABLE_FIXED_SCENARIO,INSUFFICIENT_TRAIN_SAMPLE,6,2026-07-21 15:45:00+00:00,2026-07-23 16:15:00+00:00
18,binance/gate,100,80,GATE_CAUSAL_ALLOWED_NORMAL_TRANSIENT,FIXED_THRESHOLD_MAIN,NOT_APPLICABLE_FIXED_SCENARIO,INSUFFICIENT_TRAIN_SAMPLE,6,2026-07-21 15:45:00+00:00,2026-07-23 16:15:00+00:00
18,binance/gate,150,20,GATE_CAUSAL_ALLOWED_NORMAL_TRANSIENT,FIXED_THRESHOLD_MAIN,NOT_APPLICABLE_FIXED_SCENARIO,OK,15,2026-07-21 15:45:00+00:00,2026-07-23 16:15:00+00:00
18,binance/gate,150,40,GATE_CAUSAL_ALLOWED_NORMAL_TRANSIENT,FIXED_THRESHOLD_MAIN,NOT_APPLICABLE_FIXED_SCENARIO,OK,15,2026-07-21 15:45:00+00:00,2026-07-23 16:15:00+00:00
18,binance/gate,150,80,GATE_CAUSAL_ALLOWED_NORMAL_TRANSIENT,FIXED_THRESHOLD_MAIN,NOT_APPLICABLE_FIXED_SCENARIO,OK,15,2026-07-21 15:45:00+00:00,2026-07-23 16:15:00+00:00
18,binance/gate,200,20,GATE_CAUSAL_ALLOWED_NORMAL_TRANSIENT,FIXED_THRESHOLD_MAIN,NOT_APPLICABLE_FIXED_SCENARIO,INSUFFICIENT_TRAIN_SAMPLE,3,2026-07-21 15:45:00+00:00,2026-07-23 16:15:00+00:00
18,binance/gate,200,40,GATE_CAUSAL_ALLOWED_NORMAL_TRANSIENT,FIXED_THRESHOLD_MAIN,NOT_APPLICABLE_FIXED_SCENARIO,INSUFFICIENT_TRAIN_SAMPLE,3,2026-07-21 15:45:00+00:00,2026-07-23 16:15:00+00:00
18,binance/gate,200,80,GATE_CAUSAL_ALLOWED_NORMAL_TRANSIENT,FIXED_THRESHOLD_MAIN,NOT_APPLICABLE_FIXED_SCENARIO,INSUFFICIENT_TRAIN_SAMPLE,3,2026-07-21 15:45:00+00:00,2026-07-23 16:15:00+00:00
18,binance/hyperliquid,100,20,NO_GATE_REGIME_FILTER,FIXED_THRESHOLD_MAIN,NOT_APPLICABLE_FIXED_SCENARIO,INSUFFICIENT_TRAIN_SAMPLE,0,2026-07-21 15:45:00+00:00,2026-07-23 16:15:00+00:00
18,binance/hyperliquid,100,40,NO_GATE_REGIME_FILTER,FIXED_THRESHOLD_MAIN,NOT_APPLICABLE_FIXED_SCENARIO,INSUFFICIENT_TRAIN_SAMPLE,0,2026-07-21 15:45:00+00:00,2026-07-23 16:15:00+00:00
18,binance/hyperliquid,100,80,NO_GATE_REGIME_FILTER,FIXED_THRESHOLD_MAIN,NOT_APPLICABLE_FIXED_SCENARIO,INSUFFICIENT_TRAIN_SAMPLE,0,2026-07-21 15:45:00+00:00,2026-07-23 16:15:00+00:00
18,binance/hyperliquid,150,20,NO_GATE_REGIME_FILTER,FIXED_THRESHOLD_MAIN,NOT_APPLICABLE_FIXED_SCENARIO,INSUFFICIENT_TRAIN_SAMPLE,0,2026-07-21 15:45:00+00:00,2026-07-23 16:15:00+00:00
18,binance/hyperliquid,150,40,NO_GATE_REGIME_FILTER,FIXED_THRESHOLD_MAIN,NOT_APPLICABLE_FIXED_SCENARIO,INSUFFICIENT_TRAIN_SAMPLE,0,2026-07-21 15:45:00+00:00,2026-07-23 16:15:00+00:00
18,binance/hyperliquid,150,80,NO_GATE_REGIME_FILTER,FIXED_THRESHOLD_MAIN,NOT_APPLICABLE_FIXED_SCENARIO,INSUFFICIENT_TRAIN_SAMPLE,0,2026-07-21 15:45:00+00:00,2026-07-23 16:15:00+00:00
18,binance/hyperliquid,200,20,NO_GATE_REGIME_FILTER,FIXED_THRESHOLD_MAIN,NOT_APPLICABLE_FIXED_SCENARIO,INSUFFICIENT_TRAIN_SAMPLE,0,2026-07-21 15:45:00+00:00,2026-07-23 16:15:00+00:00
18,binance/hyperliquid,200,40,NO_GATE_REGIME_FILTER,FIXED_THRESHOLD_MAIN,NOT_APPLICABLE_FIXED_SCENARIO,INSUFFICIENT_TRAIN_SAMPLE,0,2026-07-21 15:45:00+00:00,2026-07-23 16:15:00+00:00
18,binance/hyperliquid,200,80,NO_GATE_REGIME_FILTER,FIXED_THRESHOLD_MAIN,NOT_APPLICABLE_FIXED_SCENARIO,INSUFFICIENT_TRAIN_SAMPLE,0,2026-07-21 15:45:00+00:00,2026-07-23 16:15:00+00:00
18,binance/okx,100,20,NO_GATE_REGIME_FILTER,FIXED_THRESHOLD_MAIN,NOT_APPLICABLE_FIXED_SCENARIO,INSUFFICIENT_TRAIN_SAMPLE,0,2026-07-21 15:45:00+00:00,2026-07-23 16:15:00+00:00
18,binance/okx,100,40,NO_GATE_REGIME_FILTER,FIXED_THRESHOLD_MAIN,NOT_APPLICABLE_FIXED_SCENARIO,INSUFFICIENT_TRAIN_SAMPLE,0,2026-07-21 15:45:00+00:00,2026-07-23 16:15:00+00:00
18,binance/okx,100,80,NO_GATE_REGIME_FILTER,FIXED_THRESHOLD_MAIN,NOT_APPLICABLE_FIXED_SCENARIO,INSUFFICIENT_TRAIN_SAMPLE,0,2026-07-21 15:45:00+00:00,2026-07-23 16:15:00+00:00
18,binance/okx,150,20,NO_GATE_REGIME_FILTER,FIXED_THRESHOLD_MAIN,NOT_APPLICABLE_FIXED_SCENARIO,INSUFFICIENT_TRAIN_SAMPLE,0,2026-07-21 15:45:00+00:00,2026-07-23 16:15:00+00:00
18,binance/okx,150,40,NO_GATE_REGIME_FILTER,FIXED_THRESHOLD_MAIN,NOT_APPLICABLE_FIXED_SCENARIO,INSUFFICIENT_TRAIN_SAMPLE,0,2026-07-21 15:45:00+00:00,2026-07-23 16:15:00+00:00
18,binance/okx,150,80,NO_GATE_REGIME_FILTER,FIXED_THRESHOLD_MAIN,NOT_APPLICABLE_FIXED_SCENARIO,INSUFFICIENT_TRAIN_SAMPLE,0,2026-07-21 15:45:00+00:00,2026-07-23 16:15:00+00:00
18,binance/okx,200,20,NO_GATE_REGIME_FILTER,FIXED_THRESHOLD_MAIN,NOT_APPLICABLE_FIXED_SCENARIO,INSUFFICIENT_TRAIN_SAMPLE,0,2026-07-21 15:45:00+00:00,2026-07-23 16:15:00+00:00
18,binance/okx,200,40,NO_GATE_REGIME_FILTER,FIXED_THRESHOLD_MAIN,NOT_APPLICABLE_FIXED_SCENARIO,INSUFFICIENT_TRAIN_SAMPLE,0,2026-07-21 15:45:00+00:00,2026-07-23 16:15:00+00:00
18,binance/okx,200,80,NO_GATE_REGIME_FILTER,FIXED_THRESHOLD_MAIN,NOT_APPLICABLE_FIXED_SCENARIO,INSUFFICIENT_TRAIN_SAMPLE,0,2026-07-21 15:45:00+00:00,2026-07-23 16:15:00+00:00
18,bitget/gate,100,20,GATE_CAUSAL_ALLOWED_NORMAL_TRANSIENT,FIXED_THRESHOLD_MAIN,NOT_APPLICABLE_FIXED_SCENARIO,INSUFFICIENT_TRAIN_SAMPLE,7,2026-07-21 15:45:00+00:00,2026-07-23 16:15:00+00:00
18,bitget/gate,100,40,GATE_CAUSAL_ALLOWED_NORMAL_TRANSIENT,FIXED_THRESHOLD_MAIN,NOT_APPLICABLE_FIXED_SCENARIO,INSUFFICIENT_TRAIN_SAMPLE,7,2026-07-21 15:45:00+00:00,2026-07-23 16:15:00+00:00
18,bitget/gate,100,80,GATE_CAUSAL_ALLOWED_NORMAL_TRANSIENT,FIXED_THRESHOLD_MAIN,NOT_APPLICABLE_FIXED_SCENARIO,INSUFFICIENT_TRAIN_SAMPLE,7,2026-07-21 15:45:00+00:00,2026-07-23 16:15:00+00:00
18,bitget/gate,150,20,GATE_CAUSAL_ALLOWED_NORMAL_TRANSIENT,FIXED_THRESHOLD_MAIN,NOT_APPLICABLE_FIXED_SCENARIO,OK,10,2026-07-21 15:45:00+00:00,2026-07-23 16:15:00+00:00
18,bitget/gate,150,40,GATE_CAUSAL_ALLOWED_NORMAL_TRANSIENT,FIXED_THRESHOLD_MAIN,NOT_APPLICABLE_FIXED_SCENARIO,OK,10,2026-07-21 15:45:00+00:00,2026-07-23 16:15:00+00:00
18,bitget/gate,150,80,GATE_CAUSAL_ALLOWED_NORMAL_TRANSIENT,FIXED_THRESHOLD_MAIN,NOT_APPLICABLE_FIXED_SCENARIO,OK,10,2026-07-21 15:45:00+00:00,2026-07-23 16:15:00+00:00
18,bitget/gate,200,20,GATE_CAUSAL_ALLOWED_NORMAL_TRANSIENT,FIXED_THRESHOLD_MAIN,NOT_APPLICABLE_FIXED_SCENARIO,INSUFFICIENT_TRAIN_SAMPLE,0,2026-07-21 15:45:00+00:00,2026-07-23 16:15:00+00:00
18,bitget/gate,200,40,GATE_CAUSAL_ALLOWED_NORMAL_TRANSIENT,FIXED_THRESHOLD_MAIN,NOT_APPLICABLE_FIXED_SCENARIO,INSUFFICIENT_TRAIN_SAMPLE,0,2026-07-21 15:45:00+00:00,2026-07-23 16:15:00+00:00
18,bitget/gate,200,80,GATE_CAUSAL_ALLOWED_NORMAL_TRANSIENT,FIXED_THRESHOLD_MAIN,NOT_APPLICABLE_FIXED_SCENARIO,INSUFFICIENT_TRAIN_SAMPLE,0,2026-07-21 15:45:00+00:00,2026-07-23 16:15:00+00:00
18,bitget/hyperliquid,100,20,NO_GATE_REGIME_FILTER,FIXED_THRESHOLD_MAIN,NOT_APPLICABLE_FIXED_SCENARIO,INSUFFICIENT_TRAIN_SAMPLE,4,2026-07-21 15:45:00+00:00,2026-07-23 16:15:00+00:00
18,bitget/hyperliquid,100,40,NO_GATE_REGIME_FILTER,FIXED_THRESHOLD_MAIN,NOT_APPLICABLE_FIXED_SCENARIO,INSUFFICIENT_TRAIN_SAMPLE,4,2026-07-21 15:45:00+00:00,2026-07-23 16:15:00+00:00
18,bitget/hyperliquid,100,80,NO_GATE_REGIME_FILTER,FIXED_THRESHOLD_MAIN,NOT_APPLICABLE_FIXED_SCENARIO,INSUFFICIENT_TRAIN_SAMPLE,4,2026-07-21 15:45:00+00:00,2026-07-23 16:15:00+00:00
18,bitget/hyperliquid,150,20,NO_GATE_REGIME_FILTER,FIXED_THRESHOLD_MAIN,NOT_APPLICABLE_FIXED_SCENARIO,INSUFFICIENT_TRAIN_SAMPLE,0,2026-07-21 15:45:00+00:00,2026-07-23 16:15:00+00:00
18,bitget/hyperliquid,150,40,NO_GATE_REGIME_FILTER,FIXED_THRESHOLD_MAIN,NOT_APPLICABLE_FIXED_SCENARIO,INSUFFICIENT_TRAIN_SAMPLE,0,2026-07-21 15:45:00+00:00,2026-07-23 16:15:00+00:00
18,bitget/hyperliquid,150,80,NO_GATE_REGIME_FILTER,FIXED_THRESHOLD_MAIN,NOT_APPLICABLE_FIXED_SCENARIO,INSUFFICIENT_TRAIN_SAMPLE,0,2026-07-21 15:45:00+00:00,2026-07-23 16:15:00+00:00
18,bitget/hyperliquid,200,20,NO_GATE_REGIME_FILTER,FIXED_THRESHOLD_MAIN,NOT_APPLICABLE_FIXED_SCENARIO,INSUFFICIENT_TRAIN_SAMPLE,0,2026-07-21 15:45:00+00:00,2026-07-23 16:15:00+00:00
18,bitget/hyperliquid,200,40,NO_GATE_REGIME_FILTER,FIXED_THRESHOLD_MAIN,NOT_APPLICABLE_FIXED_SCENARIO,INSUFFICIENT_TRAIN_SAMPLE,0,2026-07-21 15:45:00+00:00,2026-07-23 16:15:00+00:00
18,bitget/hyperliquid,200,80,NO_GATE_REGIME_FILTER,FIXED_THRESHOLD_MAIN,NOT_APPLICABLE_FIXED_SCENARIO,INSUFFICIENT_TRAIN_SAMPLE,0,2026-07-21 15:45:00+00:00,2026-07-23 16:15:00+00:00
18,bitget/okx,100,20,NO_GATE_REGIME_FILTER,FIXED_THRESHOLD_MAIN,NOT_APPLICABLE_FIXED_SCENARIO,INSUFFICIENT_TRAIN_SAMPLE,2,2026-07-21 15:45:00+00:00,2026-07-23 16:15:00+00:00
18,bitget/okx,100,40,NO_GATE_REGIME_FILTER,FIXED_THRESHOLD_MAIN,NOT_APPLICABLE_FIXED_SCENARIO,INSUFFICIENT_TRAIN_SAMPLE,2,2026-07-21 15:45:00+00:00,2026-07-23 16:15:00+00:00
18,bitget/okx,100,80,NO_GATE_REGIME_FILTER,FIXED_THRESHOLD_MAIN,NOT_APPLICABLE_FIXED_SCENARIO,INSUFFICIENT_TRAIN_SAMPLE,2,2026-07-21 15:45:00+00:00,2026-07-23 16:15:00+00:00
18,bitget/okx,150,20,NO_GATE_REGIME_FILTER,FIXED_THRESHOLD_MAIN,NOT_APPLICABLE_FIXED_SCENARIO,INSUFFICIENT_TRAIN_SAMPLE,0,2026-07-21 15:45:00+00:00,2026-07-23 16:15:00+00:00
18,bitget/okx,150,40,NO_GATE_REGIME_FILTER,FIXED_THRESHOLD_MAIN,NOT_APPLICABLE_FIXED_SCENARIO,INSUFFICIENT_TRAIN_SAMPLE,0,2026-07-21 15:45:00+00:00,2026-07-23 16:15:00+00:00
18,bitget/okx,150,80,NO_GATE_REGIME_FILTER,FIXED_THRESHOLD_MAIN,NOT_APPLICABLE_FIXED_SCENARIO,INSUFFICIENT_TRAIN_SAMPLE,0,2026-07-21 15:45:00+00:00,2026-07-23 16:15:00+00:00
18,bitget/okx,200,20,NO_GATE_REGIME_FILTER,FIXED_THRESHOLD_MAIN,NOT_APPLICABLE_FIXED_SCENARIO,INSUFFICIENT_TRAIN_SAMPLE,0,2026-07-21 15:45:00+00:00,2026-07-23 16:15:00+00:00
18,bitget/okx,200,40,NO_GATE_REGIME_FILTER,FIXED_THRESHOLD_MAIN,NOT_APPLICABLE_FIXED_SCENARIO,INSUFFICIENT_TRAIN_SAMPLE,0,2026-07-21 15:45:00+00:00,2026-07-23 16:15:00+00:00
18,bitget/okx,200,80,NO_GATE_REGIME_FILTER,FIXED_THRESHOLD_MAIN,NOT_APPLICABLE_FIXED_SCENARIO,INSUFFICIENT_TRAIN_SAMPLE,0,2026-07-21 15:45:00+00:00,2026-07-23 16:15:00+00:00
18,gate/hyperliquid,100,20,GATE_CAUSAL_ALLOWED_NORMAL_TRANSIENT,FIXED_THRESHOLD_MAIN,NOT_APPLICABLE_FIXED_SCENARIO,INSUFFICIENT_TRAIN_SAMPLE,3,2026-07-21 15:45:00+00:00,2026-07-23 16:15:00+00:00
18,gate/hyperliquid,100,40,GATE_CAUSAL_ALLOWED_NORMAL_TRANSIENT,FIXED_THRESHOLD_MAIN,NOT_APPLICABLE_FIXED_SCENARIO,INSUFFICIENT_TRAIN_SAMPLE,3,2026-07-21 15:45:00+00:00,2026-07-23 16:15:00+00:00
18,gate/hyperliquid,100,80,GATE_CAUSAL_ALLOWED_NORMAL_TRANSIENT,FIXED_THRESHOLD_MAIN,NOT_APPLICABLE_FIXED_SCENARIO,INSUFFICIENT_TRAIN_SAMPLE,3,2026-07-21 15:45:00+00:00,2026-07-23 16:15:00+00:00
18,gate/hyperliquid,150,20,GATE_CAUSAL_ALLOWED_NORMAL_TRANSIENT,FIXED_THRESHOLD_MAIN,NOT_APPLICABLE_FIXED_SCENARIO,INSUFFICIENT_TRAIN_SAMPLE,1,2026-07-21 15:45:00+00:00,2026-07-23 16:15:00+00:00
18,gate/hyperliquid,150,40,GATE_CAUSAL_ALLOWED_NORMAL_TRANSIENT,FIXED_THRESHOLD_MAIN,NOT_APPLICABLE_FIXED_SCENARIO,INSUFFICIENT_TRAIN_SAMPLE,1,2026-07-21 15:45:00+00:00,2026-07-23 16:15:00+00:00
18,gate/hyperliquid,150,80,GATE_CAUSAL_ALLOWED_NORMAL_TRANSIENT,FIXED_THRESHOLD_MAIN,NOT_APPLICABLE_FIXED_SCENARIO,INSUFFICIENT_TRAIN_SAMPLE,1,2026-07-21 15:45:00+00:00,2026-07-23 16:15:00+00:00
18,gate/hyperliquid,200,20,GATE_CAUSAL_ALLOWED_NORMAL_TRANSIENT,FIXED_THRESHOLD_MAIN,NOT_APPLICABLE_FIXED_SCENARIO,OK,24,2026-07-21 15:45:00+00:00,2026-07-23 16:15:00+00:00
18,gate/hyperliquid,200,40,GATE_CAUSAL_ALLOWED_NORMAL_TRANSIENT,FIXED_THRESHOLD_MAIN,NOT_APPLICABLE_FIXED_SCENARIO,OK,24,2026-07-21 15:45:00+00:00,2026-07-23 16:15:00+00:00
18,gate/hyperliquid,200,80,GATE_CAUSAL_ALLOWED_NORMAL_TRANSIENT,FIXED_THRESHOLD_MAIN,NOT_APPLICABLE_FIXED_SCENARIO,OK,24,2026-07-21 15:45:00+00:00,2026-07-23 16:15:00+00:00
18,gate/okx,100,20,GATE_CAUSAL_ALLOWED_NORMAL_TRANSIENT,FIXED_THRESHOLD_MAIN,NOT_APPLICABLE_FIXED_SCENARIO,INSUFFICIENT_TRAIN_SAMPLE,6,2026-07-21 15:45:00+00:00,2026-07-23 16:15:00+00:00
18,gate/okx,100,40,GATE_CAUSAL_ALLOWED_NORMAL_TRANSIENT,FIXED_THRESHOLD_MAIN,NOT_APPLICABLE_FIXED_SCENARIO,INSUFFICIENT_TRAIN_SAMPLE,6,2026-07-21 15:45:00+00:00,2026-07-23 16:15:00+00:00
18,gate/okx,100,80,GATE_CAUSAL_ALLOWED_NORMAL_TRANSIENT,FIXED_THRESHOLD_MAIN,NOT_APPLICABLE_FIXED_SCENARIO,INSUFFICIENT_TRAIN_SAMPLE,6,2026-07-21 15:45:00+00:00,2026-07-23 16:15:00+00:00
18,gate/okx,150,20,GATE_CAUSAL_ALLOWED_NORMAL_TRANSIENT,FIXED_THRESHOLD_MAIN,NOT_APPLICABLE_FIXED_SCENARIO,INSUFFICIENT_TRAIN_SAMPLE,6,2026-07-21 15:45:00+00:00,2026-07-23 16:15:00+00:00
18,gate/okx,150,40,GATE_CAUSAL_ALLOWED_NORMAL_TRANSIENT,FIXED_THRESHOLD_MAIN,NOT_APPLICABLE_FIXED_SCENARIO,INSUFFICIENT_TRAIN_SAMPLE,6,2026-07-21 15:45:00+00:00,2026-07-23 16:15:00+00:00
18,gate/okx,150,80,GATE_CAUSAL_ALLOWED_NORMAL_TRANSIENT,FIXED_THRESHOLD_MAIN,NOT_APPLICABLE_FIXED_SCENARIO,INSUFFICIENT_TRAIN_SAMPLE,6,2026-07-21 15:45:00+00:00,2026-07-23 16:15:00+00:00
18,gate/okx,200,20,GATE_CAUSAL_ALLOWED_NORMAL_TRANSIENT,FIXED_THRESHOLD_MAIN,NOT_APPLICABLE_FIXED_SCENARIO,OK,14,2026-07-21 15:45:00+00:00,2026-07-23 16:15:00+00:00
18,gate/okx,200,40,GATE_CAUSAL_ALLOWED_NORMAL_TRANSIENT,FIXED_THRESHOLD_MAIN,NOT_APPLICABLE_FIXED_SCENARIO,OK,14,2026-07-21 15:45:00+00:00,2026-07-23 16:15:00+00:00
18,gate/okx,200,80,GATE_CAUSAL_ALLOWED_NORMAL_TRANSIENT,FIXED_THRESHOLD_MAIN,NOT_APPLICABLE_FIXED_SCENARIO,OK,14,2026-07-21 15:45:00+00:00,2026-07-23 16:15:00+00:00
18,hyperliquid/okx,100,20,NO_GATE_REGIME_FILTER,FIXED_THRESHOLD_MAIN,NOT_APPLICABLE_FIXED_SCENARIO,INSUFFICIENT_TRAIN_SAMPLE,0,2026-07-21 15:45:00+00:00,2026-07-23 16:15:00+00:00
18,hyperliquid/okx,100,40,NO_GATE_REGIME_FILTER,FIXED_THRESHOLD_MAIN,NOT_APPLICABLE_FIXED_SCENARIO,INSUFFICIENT_TRAIN_SAMPLE,0,2026-07-21 15:45:00+00:00,2026-07-23 16:15:00+00:00
18,hyperliquid/okx,100,80,NO_GATE_REGIME_FILTER,FIXED_THRESHOLD_MAIN,NOT_APPLICABLE_FIXED_SCENARIO,INSUFFICIENT_TRAIN_SAMPLE,0,2026-07-21 15:45:00+00:00,2026-07-23 16:15:00+00:00
18,hyperliquid/okx,150,20,NO_GATE_REGIME_FILTER,FIXED_THRESHOLD_MAIN,NOT_APPLICABLE_FIXED_SCENARIO,INSUFFICIENT_TRAIN_SAMPLE,0,2026-07-21 15:45:00+00:00,2026-07-23 16:15:00+00:00
18,hyperliquid/okx,150,40,NO_GATE_REGIME_FILTER,FIXED_THRESHOLD_MAIN,NOT_APPLICABLE_FIXED_SCENARIO,INSUFFICIENT_TRAIN_SAMPLE,0,2026-07-21 15:45:00+00:00,2026-07-23 16:15:00+00:00
18,hyperliquid/okx,150,80,NO_GATE_REGIME_FILTER,FIXED_THRESHOLD_MAIN,NOT_APPLICABLE_FIXED_SCENARIO,INSUFFICIENT_TRAIN_SAMPLE,0,2026-07-21 15:45:00+00:00,2026-07-23 16:15:00+00:00
18,hyperliquid/okx,200,20,NO_GATE_REGIME_FILTER,FIXED_THRESHOLD_MAIN,NOT_APPLICABLE_FIXED_SCENARIO,INSUFFICIENT_TRAIN_SAMPLE,0,2026-07-21 15:45:00+00:00,2026-07-23 16:15:00+00:00
18,hyperliquid/okx,200,40,NO_GATE_REGIME_FILTER,FIXED_THRESHOLD_MAIN,NOT_APPLICABLE_FIXED_SCENARIO,INSUFFICIENT_TRAIN_SAMPLE,0,2026-07-21 15:45:00+00:00,2026-07-23 16:15:00+00:00
18,hyperliquid/okx,200,80,NO_GATE_REGIME_FILTER,FIXED_THRESHOLD_MAIN,NOT_APPLICABLE_FIXED_SCENARIO,INSUFFICIENT_TRAIN_SAMPLE,0,2026-07-21 15:45:00+00:00,2026-07-23 16:15:00+00:00
19,binance/bitget,100,20,NO_GATE_REGIME_FILTER,FIXED_THRESHOLD_MAIN,NOT_APPLICABLE_FIXED_SCENARIO,INSUFFICIENT_TRAIN_SAMPLE,0,2026-07-23 16:15:00+00:00,2026-07-24 04:15:00+00:00
19,binance/bitget,100,40,NO_GATE_REGIME_FILTER,FIXED_THRESHOLD_MAIN,NOT_APPLICABLE_FIXED_SCENARIO,INSUFFICIENT_TRAIN_SAMPLE,0,2026-07-23 16:15:00+00:00,2026-07-24 04:15:00+00:00
19,binance/bitget,100,80,NO_GATE_REGIME_FILTER,FIXED_THRESHOLD_MAIN,NOT_APPLICABLE_FIXED_SCENARIO,INSUFFICIENT_TRAIN_SAMPLE,0,2026-07-23 16:15:00+00:00,2026-07-24 04:15:00+00:00
19,binance/bitget,150,20,NO_GATE_REGIME_FILTER,FIXED_THRESHOLD_MAIN,NOT_APPLICABLE_FIXED_SCENARIO,INSUFFICIENT_TRAIN_SAMPLE,0,2026-07-23 16:15:00+00:00,2026-07-24 04:15:00+00:00
19,binance/bitget,150,40,NO_GATE_REGIME_FILTER,FIXED_THRESHOLD_MAIN,NOT_APPLICABLE_FIXED_SCENARIO,INSUFFICIENT_TRAIN_SAMPLE,0,2026-07-23 16:15:00+00:00,2026-07-24 04:15:00+00:00
19,binance/bitget,150,80,NO_GATE_REGIME_FILTER,FIXED_THRESHOLD_MAIN,NOT_APPLICABLE_FIXED_SCENARIO,INSUFFICIENT_TRAIN_SAMPLE,0,2026-07-23 16:15:00+00:00,2026-07-24 04:15:00+00:00
19,binance/bitget,200,20,NO_GATE_REGIME_FILTER,FIXED_THRESHOLD_MAIN,NOT_APPLICABLE_FIXED_SCENARIO,INSUFFICIENT_TRAIN_SAMPLE,0,2026-07-23 16:15:00+00:00,2026-07-24 04:15:00+00:00
19,binance/bitget,200,40,NO_GATE_REGIME_FILTER,FIXED_THRESHOLD_MAIN,NOT_APPLICABLE_FIXED_SCENARIO,INSUFFICIENT_TRAIN_SAMPLE,0,2026-07-23 16:15:00+00:00,2026-07-24 04:15:00+00:00
19,binance/bitget,200,80,NO_GATE_REGIME_FILTER,FIXED_THRESHOLD_MAIN,NOT_APPLICABLE_FIXED_SCENARIO,INSUFFICIENT_TRAIN_SAMPLE,0,2026-07-23 16:15:00+00:00,2026-07-24 04:15:00+00:00
19,binance/gate,100,20,GATE_CAUSAL_ALLOWED_NORMAL_TRANSIENT,FIXED_THRESHOLD_MAIN,NOT_APPLICABLE_FIXED_SCENARIO,INSUFFICIENT_TRAIN_SAMPLE,6,2026-07-23 16:15:00+00:00,2026-07-24 04:15:00+00:00
19,binance/gate,100,40,GATE_CAUSAL_ALLOWED_NORMAL_TRANSIENT,FIXED_THRESHOLD_MAIN,NOT_APPLICABLE_FIXED_SCENARIO,INSUFFICIENT_TRAIN_SAMPLE,6,2026-07-23 16:15:00+00:00,2026-07-24 04:15:00+00:00
19,binance/gate,100,80,GATE_CAUSAL_ALLOWED_NORMAL_TRANSIENT,FIXED_THRESHOLD_MAIN,NOT_APPLICABLE_FIXED_SCENARIO,INSUFFICIENT_TRAIN_SAMPLE,6,2026-07-23 16:15:00+00:00,2026-07-24 04:15:00+00:00
19,binance/gate,150,20,GATE_CAUSAL_ALLOWED_NORMAL_TRANSIENT,FIXED_THRESHOLD_MAIN,NOT_APPLICABLE_FIXED_SCENARIO,INSUFFICIENT_TRAIN_SAMPLE,1,2026-07-23 16:15:00+00:00,2026-07-24 04:15:00+00:00
19,binance/gate,150,40,GATE_CAUSAL_ALLOWED_NORMAL_TRANSIENT,FIXED_THRESHOLD_MAIN,NOT_APPLICABLE_FIXED_SCENARIO,INSUFFICIENT_TRAIN_SAMPLE,1,2026-07-23 16:15:00+00:00,2026-07-24 04:15:00+00:00
19,binance/gate,150,80,GATE_CAUSAL_ALLOWED_NORMAL_TRANSIENT,FIXED_THRESHOLD_MAIN,NOT_APPLICABLE_FIXED_SCENARIO,INSUFFICIENT_TRAIN_SAMPLE,1,2026-07-23 16:15:00+00:00,2026-07-24 04:15:00+00:00
19,binance/gate,200,20,GATE_CAUSAL_ALLOWED_NORMAL_TRANSIENT,FIXED_THRESHOLD_MAIN,NOT_APPLICABLE_FIXED_SCENARIO,INSUFFICIENT_TRAIN_SAMPLE,0,2026-07-23 16:15:00+00:00,2026-07-24 04:15:00+00:00
19,binance/gate,200,40,GATE_CAUSAL_ALLOWED_NORMAL_TRANSIENT,FIXED_THRESHOLD_MAIN,NOT_APPLICABLE_FIXED_SCENARIO,INSUFFICIENT_TRAIN_SAMPLE,0,2026-07-23 16:15:00+00:00,2026-07-24 04:15:00+00:00
19,binance/gate,200,80,GATE_CAUSAL_ALLOWED_NORMAL_TRANSIENT,FIXED_THRESHOLD_MAIN,NOT_APPLICABLE_FIXED_SCENARIO,INSUFFICIENT_TRAIN_SAMPLE,0,2026-07-23 16:15:00+00:00,2026-07-24 04:15:00+00:00
19,binance/hyperliquid,100,20,NO_GATE_REGIME_FILTER,FIXED_THRESHOLD_MAIN,NOT_APPLICABLE_FIXED_SCENARIO,INSUFFICIENT_TRAIN_SAMPLE,0,2026-07-23 16:15:00+00:00,2026-07-24 04:15:00+00:00
19,binance/hyperliquid,100,40,NO_GATE_REGIME_FILTER,FIXED_THRESHOLD_MAIN,NOT_APPLICABLE_FIXED_SCENARIO,INSUFFICIENT_TRAIN_SAMPLE,0,2026-07-23 16:15:00+00:00,2026-07-24 04:15:00+00:00
19,binance/hyperliquid,100,80,NO_GATE_REGIME_FILTER,FIXED_THRESHOLD_MAIN,NOT_APPLICABLE_FIXED_SCENARIO,INSUFFICIENT_TRAIN_SAMPLE,0,2026-07-23 16:15:00+00:00,2026-07-24 04:15:00+00:00
19,binance/hyperliquid,150,20,NO_GATE_REGIME_FILTER,FIXED_THRESHOLD_MAIN,NOT_APPLICABLE_FIXED_SCENARIO,INSUFFICIENT_TRAIN_SAMPLE,0,2026-07-23 16:15:00+00:00,2026-07-24 04:15:00+00:00
19,binance/hyperliquid,150,40,NO_GATE_REGIME_FILTER,FIXED_THRESHOLD_MAIN,NOT_APPLICABLE_FIXED_SCENARIO,INSUFFICIENT_TRAIN_SAMPLE,0,2026-07-23 16:15:00+00:00,2026-07-24 04:15:00+00:00
19,binance/hyperliquid,150,80,NO_GATE_REGIME_FILTER,FIXED_THRESHOLD_MAIN,NOT_APPLICABLE_FIXED_SCENARIO,INSUFFICIENT_TRAIN_SAMPLE,0,2026-07-23 16:15:00+00:00,2026-07-24 04:15:00+00:00
19,binance/hyperliquid,200,20,NO_GATE_REGIME_FILTER,FIXED_THRESHOLD_MAIN,NOT_APPLICABLE_FIXED_SCENARIO,INSUFFICIENT_TRAIN_SAMPLE,0,2026-07-23 16:15:00+00:00,2026-07-24 04:15:00+00:00
19,binance/hyperliquid,200,40,NO_GATE_REGIME_FILTER,FIXED_THRESHOLD_MAIN,NOT_APPLICABLE_FIXED_SCENARIO,INSUFFICIENT_TRAIN_SAMPLE,0,2026-07-23 16:15:00+00:00,2026-07-24 04:15:00+00:00
19,binance/hyperliquid,200,80,NO_GATE_REGIME_FILTER,FIXED_THRESHOLD_MAIN,NOT_APPLICABLE_FIXED_SCENARIO,INSUFFICIENT_TRAIN_SAMPLE,0,2026-07-23 16:15:00+00:00,2026-07-24 04:15:00+00:00
19,binance/okx,100,20,NO_GATE_REGIME_FILTER,FIXED_THRESHOLD_MAIN,NOT_APPLICABLE_FIXED_SCENARIO,INSUFFICIENT_TRAIN_SAMPLE,0,2026-07-23 16:15:00+00:00,2026-07-24 04:15:00+00:00
19,binance/okx,100,40,NO_GATE_REGIME_FILTER,FIXED_THRESHOLD_MAIN,NOT_APPLICABLE_FIXED_SCENARIO,INSUFFICIENT_TRAIN_SAMPLE,0,2026-07-23 16:15:00+00:00,2026-07-24 04:15:00+00:00
19,binance/okx,100,80,NO_GATE_REGIME_FILTER,FIXED_THRESHOLD_MAIN,NOT_APPLICABLE_FIXED_SCENARIO,INSUFFICIENT_TRAIN_SAMPLE,0,2026-07-23 16:15:00+00:00,2026-07-24 04:15:00+00:00
19,binance/okx,150,20,NO_GATE_REGIME_FILTER,FIXED_THRESHOLD_MAIN,NOT_APPLICABLE_FIXED_SCENARIO,INSUFFICIENT_TRAIN_SAMPLE,0,2026-07-23 16:15:00+00:00,2026-07-24 04:15:00+00:00
19,binance/okx,150,40,NO_GATE_REGIME_FILTER,FIXED_THRESHOLD_MAIN,NOT_APPLICABLE_FIXED_SCENARIO,INSUFFICIENT_TRAIN_SAMPLE,0,2026-07-23 16:15:00+00:00,2026-07-24 04:15:00+00:00
19,binance/okx,150,80,NO_GATE_REGIME_FILTER,FIXED_THRESHOLD_MAIN,NOT_APPLICABLE_FIXED_SCENARIO,INSUFFICIENT_TRAIN_SAMPLE,0,2026-07-23 16:15:00+00:00,2026-07-24 04:15:00+00:00
19,binance/okx,200,20,NO_GATE_REGIME_FILTER,FIXED_THRESHOLD_MAIN,NOT_APPLICABLE_FIXED_SCENARIO,INSUFFICIENT_TRAIN_SAMPLE,0,2026-07-23 16:15:00+00:00,2026-07-24 04:15:00+00:00
19,binance/okx,200,40,NO_GATE_REGIME_FILTER,FIXED_THRESHOLD_MAIN,NOT_APPLICABLE_FIXED_SCENARIO,INSUFFICIENT_TRAIN_SAMPLE,0,2026-07-23 16:15:00+00:00,2026-07-24 04:15:00+00:00
19,binance/okx,200,80,NO_GATE_REGIME_FILTER,FIXED_THRESHOLD_MAIN,NOT_APPLICABLE_FIXED_SCENARIO,INSUFFICIENT_TRAIN_SAMPLE,0,2026-07-23 16:15:00+00:00,2026-07-24 04:15:00+00:00
19,bitget/gate,100,20,GATE_CAUSAL_ALLOWED_NORMAL_TRANSIENT,FIXED_THRESHOLD_MAIN,NOT_APPLICABLE_FIXED_SCENARIO,INSUFFICIENT_TRAIN_SAMPLE,7,2026-07-23 16:15:00+00:00,2026-07-24 04:15:00+00:00
19,bitget/gate,100,40,GATE_CAUSAL_ALLOWED_NORMAL_TRANSIENT,FIXED_THRESHOLD_MAIN,NOT_APPLICABLE_FIXED_SCENARIO,INSUFFICIENT_TRAIN_SAMPLE,7,2026-07-23 16:15:00+00:00,2026-07-24 04:15:00+00:00
19,bitget/gate,100,80,GATE_CAUSAL_ALLOWED_NORMAL_TRANSIENT,FIXED_THRESHOLD_MAIN,NOT_APPLICABLE_FIXED_SCENARIO,INSUFFICIENT_TRAIN_SAMPLE,7,2026-07-23 16:15:00+00:00,2026-07-24 04:15:00+00:00
19,bitget/gate,150,20,GATE_CAUSAL_ALLOWED_NORMAL_TRANSIENT,FIXED_THRESHOLD_MAIN,NOT_APPLICABLE_FIXED_SCENARIO,INSUFFICIENT_TRAIN_SAMPLE,1,2026-07-23 16:15:00+00:00,2026-07-24 04:15:00+00:00
19,bitget/gate,150,40,GATE_CAUSAL_ALLOWED_NORMAL_TRANSIENT,FIXED_THRESHOLD_MAIN,NOT_APPLICABLE_FIXED_SCENARIO,INSUFFICIENT_TRAIN_SAMPLE,1,2026-07-23 16:15:00+00:00,2026-07-24 04:15:00+00:00
19,bitget/gate,150,80,GATE_CAUSAL_ALLOWED_NORMAL_TRANSIENT,FIXED_THRESHOLD_MAIN,NOT_APPLICABLE_FIXED_SCENARIO,INSUFFICIENT_TRAIN_SAMPLE,1,2026-07-23 16:15:00+00:00,2026-07-24 04:15:00+00:00
19,bitget/gate,200,20,GATE_CAUSAL_ALLOWED_NORMAL_TRANSIENT,FIXED_THRESHOLD_MAIN,NOT_APPLICABLE_FIXED_SCENARIO,INSUFFICIENT_TRAIN_SAMPLE,0,2026-07-23 16:15:00+00:00,2026-07-24 04:15:00+00:00
19,bitget/gate,200,40,GATE_CAUSAL_ALLOWED_NORMAL_TRANSIENT,FIXED_THRESHOLD_MAIN,NOT_APPLICABLE_FIXED_SCENARIO,INSUFFICIENT_TRAIN_SAMPLE,0,2026-07-23 16:15:00+00:00,2026-07-24 04:15:00+00:00
19,bitget/gate,200,80,GATE_CAUSAL_ALLOWED_NORMAL_TRANSIENT,FIXED_THRESHOLD_MAIN,NOT_APPLICABLE_FIXED_SCENARIO,INSUFFICIENT_TRAIN_SAMPLE,0,2026-07-23 16:15:00+00:00,2026-07-24 04:15:00+00:00
19,bitget/hyperliquid,100,20,NO_GATE_REGIME_FILTER,FIXED_THRESHOLD_MAIN,NOT_APPLICABLE_FIXED_SCENARIO,INSUFFICIENT_TRAIN_SAMPLE,1,2026-07-23 16:15:00+00:00,2026-07-24 04:15:00+00:00
19,bitget/hyperliquid,100,40,NO_GATE_REGIME_FILTER,FIXED_THRESHOLD_MAIN,NOT_APPLICABLE_FIXED_SCENARIO,INSUFFICIENT_TRAIN_SAMPLE,1,2026-07-23 16:15:00+00:00,2026-07-24 04:15:00+00:00
19,bitget/hyperliquid,100,80,NO_GATE_REGIME_FILTER,FIXED_THRESHOLD_MAIN,NOT_APPLICABLE_FIXED_SCENARIO,INSUFFICIENT_TRAIN_SAMPLE,1,2026-07-23 16:15:00+00:00,2026-07-24 04:15:00+00:00
19,bitget/hyperliquid,150,20,NO_GATE_REGIME_FILTER,FIXED_THRESHOLD_MAIN,NOT_APPLICABLE_FIXED_SCENARIO,INSUFFICIENT_TRAIN_SAMPLE,0,2026-07-23 16:15:00+00:00,2026-07-24 04:15:00+00:00
19,bitget/hyperliquid,150,40,NO_GATE_REGIME_FILTER,FIXED_THRESHOLD_MAIN,NOT_APPLICABLE_FIXED_SCENARIO,INSUFFICIENT_TRAIN_SAMPLE,0,2026-07-23 16:15:00+00:00,2026-07-24 04:15:00+00:00
19,bitget/hyperliquid,150,80,NO_GATE_REGIME_FILTER,FIXED_THRESHOLD_MAIN,NOT_APPLICABLE_FIXED_SCENARIO,INSUFFICIENT_TRAIN_SAMPLE,0,2026-07-23 16:15:00+00:00,2026-07-24 04:15:00+00:00
19,bitget/hyperliquid,200,20,NO_GATE_REGIME_FILTER,FIXED_THRESHOLD_MAIN,NOT_APPLICABLE_FIXED_SCENARIO,INSUFFICIENT_TRAIN_SAMPLE,0,2026-07-23 16:15:00+00:00,2026-07-24 04:15:00+00:00
19,bitget/hyperliquid,200,40,NO_GATE_REGIME_FILTER,FIXED_THRESHOLD_MAIN,NOT_APPLICABLE_FIXED_SCENARIO,INSUFFICIENT_TRAIN_SAMPLE,0,2026-07-23 16:15:00+00:00,2026-07-24 04:15:00+00:00
19,bitget/hyperliquid,200,80,NO_GATE_REGIME_FILTER,FIXED_THRESHOLD_MAIN,NOT_APPLICABLE_FIXED_SCENARIO,INSUFFICIENT_TRAIN_SAMPLE,0,2026-07-23 16:15:00+00:00,2026-07-24 04:15:00+00:00
19,bitget/okx,100,20,NO_GATE_REGIME_FILTER,FIXED_THRESHOLD_MAIN,NOT_APPLICABLE_FIXED_SCENARIO,INSUFFICIENT_TRAIN_SAMPLE,0,2026-07-23 16:15:00+00:00,2026-07-24 04:15:00+00:00
19,bitget/okx,100,40,NO_GATE_REGIME_FILTER,FIXED_THRESHOLD_MAIN,NOT_APPLICABLE_FIXED_SCENARIO,INSUFFICIENT_TRAIN_SAMPLE,0,2026-07-23 16:15:00+00:00,2026-07-24 04:15:00+00:00
19,bitget/okx,100,80,NO_GATE_REGIME_FILTER,FIXED_THRESHOLD_MAIN,NOT_APPLICABLE_FIXED_SCENARIO,INSUFFICIENT_TRAIN_SAMPLE,0,2026-07-23 16:15:00+00:00,2026-07-24 04:15:00+00:00
19,bitget/okx,150,20,NO_GATE_REGIME_FILTER,FIXED_THRESHOLD_MAIN,NOT_APPLICABLE_FIXED_SCENARIO,INSUFFICIENT_TRAIN_SAMPLE,0,2026-07-23 16:15:00+00:00,2026-07-24 04:15:00+00:00
19,bitget/okx,150,40,NO_GATE_REGIME_FILTER,FIXED_THRESHOLD_MAIN,NOT_APPLICABLE_FIXED_SCENARIO,INSUFFICIENT_TRAIN_SAMPLE,0,2026-07-23 16:15:00+00:00,2026-07-24 04:15:00+00:00
19,bitget/okx,150,80,NO_GATE_REGIME_FILTER,FIXED_THRESHOLD_MAIN,NOT_APPLICABLE_FIXED_SCENARIO,INSUFFICIENT_TRAIN_SAMPLE,0,2026-07-23 16:15:00+00:00,2026-07-24 04:15:00+00:00
19,bitget/okx,200,20,NO_GATE_REGIME_FILTER,FIXED_THRESHOLD_MAIN,NOT_APPLICABLE_FIXED_SCENARIO,INSUFFICIENT_TRAIN_SAMPLE,0,2026-07-23 16:15:00+00:00,2026-07-24 04:15:00+00:00
19,bitget/okx,200,40,NO_GATE_REGIME_FILTER,FIXED_THRESHOLD_MAIN,NOT_APPLICABLE_FIXED_SCENARIO,INSUFFICIENT_TRAIN_SAMPLE,0,2026-07-23 16:15:00+00:00,2026-07-24 04:15:00+00:00
19,bitget/okx,200,80,NO_GATE_REGIME_FILTER,FIXED_THRESHOLD_MAIN,NOT_APPLICABLE_FIXED_SCENARIO,INSUFFICIENT_TRAIN_SAMPLE,0,2026-07-23 16:15:00+00:00,2026-07-24 04:15:00+00:00
19,gate/hyperliquid,100,20,GATE_CAUSAL_ALLOWED_NORMAL_TRANSIENT,FIXED_THRESHOLD_MAIN,NOT_APPLICABLE_FIXED_SCENARIO,INSUFFICIENT_TRAIN_SAMPLE,3,2026-07-23 16:15:00+00:00,2026-07-24 04:15:00+00:00
19,gate/hyperliquid,100,40,GATE_CAUSAL_ALLOWED_NORMAL_TRANSIENT,FIXED_THRESHOLD_MAIN,NOT_APPLICABLE_FIXED_SCENARIO,INSUFFICIENT_TRAIN_SAMPLE,3,2026-07-23 16:15:00+00:00,2026-07-24 04:15:00+00:00
19,gate/hyperliquid,100,80,GATE_CAUSAL_ALLOWED_NORMAL_TRANSIENT,FIXED_THRESHOLD_MAIN,NOT_APPLICABLE_FIXED_SCENARIO,INSUFFICIENT_TRAIN_SAMPLE,3,2026-07-23 16:15:00+00:00,2026-07-24 04:15:00+00:00
19,gate/hyperliquid,150,20,GATE_CAUSAL_ALLOWED_NORMAL_TRANSIENT,FIXED_THRESHOLD_MAIN,NOT_APPLICABLE_FIXED_SCENARIO,INSUFFICIENT_TRAIN_SAMPLE,1,2026-07-23 16:15:00+00:00,2026-07-24 04:15:00+00:00
19,gate/hyperliquid,150,40,GATE_CAUSAL_ALLOWED_NORMAL_TRANSIENT,FIXED_THRESHOLD_MAIN,NOT_APPLICABLE_FIXED_SCENARIO,INSUFFICIENT_TRAIN_SAMPLE,1,2026-07-23 16:15:00+00:00,2026-07-24 04:15:00+00:00
19,gate/hyperliquid,150,80,GATE_CAUSAL_ALLOWED_NORMAL_TRANSIENT,FIXED_THRESHOLD_MAIN,NOT_APPLICABLE_FIXED_SCENARIO,INSUFFICIENT_TRAIN_SAMPLE,1,2026-07-23 16:15:00+00:00,2026-07-24 04:15:00+00:00
19,gate/hyperliquid,200,20,GATE_CAUSAL_ALLOWED_NORMAL_TRANSIENT,FIXED_THRESHOLD_MAIN,NOT_APPLICABLE_FIXED_SCENARIO,INSUFFICIENT_TRAIN_SAMPLE,4,2026-07-23 16:15:00+00:00,2026-07-24 04:15:00+00:00
19,gate/hyperliquid,200,40,GATE_CAUSAL_ALLOWED_NORMAL_TRANSIENT,FIXED_THRESHOLD_MAIN,NOT_APPLICABLE_FIXED_SCENARIO,INSUFFICIENT_TRAIN_SAMPLE,4,2026-07-23 16:15:00+00:00,2026-07-24 04:15:00+00:00
19,gate/hyperliquid,200,80,GATE_CAUSAL_ALLOWED_NORMAL_TRANSIENT,FIXED_THRESHOLD_MAIN,NOT_APPLICABLE_FIXED_SCENARIO,INSUFFICIENT_TRAIN_SAMPLE,4,2026-07-23 16:15:00+00:00,2026-07-24 04:15:00+00:00
19,gate/okx,100,20,GATE_CAUSAL_ALLOWED_NORMAL_TRANSIENT,FIXED_THRESHOLD_MAIN,NOT_APPLICABLE_FIXED_SCENARIO,INSUFFICIENT_TRAIN_SAMPLE,6,2026-07-23 16:15:00+00:00,2026-07-24 04:15:00+00:00
19,gate/okx,100,40,GATE_CAUSAL_ALLOWED_NORMAL_TRANSIENT,FIXED_THRESHOLD_MAIN,NOT_APPLICABLE_FIXED_SCENARIO,INSUFFICIENT_TRAIN_SAMPLE,6,2026-07-23 16:15:00+00:00,2026-07-24 04:15:00+00:00
19,gate/okx,100,80,GATE_CAUSAL_ALLOWED_NORMAL_TRANSIENT,FIXED_THRESHOLD_MAIN,NOT_APPLICABLE_FIXED_SCENARIO,INSUFFICIENT_TRAIN_SAMPLE,6,2026-07-23 16:15:00+00:00,2026-07-24 04:15:00+00:00
19,gate/okx,150,20,GATE_CAUSAL_ALLOWED_NORMAL_TRANSIENT,FIXED_THRESHOLD_MAIN,NOT_APPLICABLE_FIXED_SCENARIO,INSUFFICIENT_TRAIN_SAMPLE,4,2026-07-23 16:15:00+00:00,2026-07-24 04:15:00+00:00
19,gate/okx,150,40,GATE_CAUSAL_ALLOWED_NORMAL_TRANSIENT,FIXED_THRESHOLD_MAIN,NOT_APPLICABLE_FIXED_SCENARIO,INSUFFICIENT_TRAIN_SAMPLE,4,2026-07-23 16:15:00+00:00,2026-07-24 04:15:00+00:00
19,gate/okx,150,80,GATE_CAUSAL_ALLOWED_NORMAL_TRANSIENT,FIXED_THRESHOLD_MAIN,NOT_APPLICABLE_FIXED_SCENARIO,INSUFFICIENT_TRAIN_SAMPLE,4,2026-07-23 16:15:00+00:00,2026-07-24 04:15:00+00:00
19,gate/okx,200,20,GATE_CAUSAL_ALLOWED_NORMAL_TRANSIENT,FIXED_THRESHOLD_MAIN,NOT_APPLICABLE_FIXED_SCENARIO,OK,11,2026-07-23 16:15:00+00:00,2026-07-24 04:15:00+00:00
19,gate/okx,200,40,GATE_CAUSAL_ALLOWED_NORMAL_TRANSIENT,FIXED_THRESHOLD_MAIN,NOT_APPLICABLE_FIXED_SCENARIO,OK,11,2026-07-23 16:15:00+00:00,2026-07-24 04:15:00+00:00
19,gate/okx,200,80,GATE_CAUSAL_ALLOWED_NORMAL_TRANSIENT,FIXED_THRESHOLD_MAIN,NOT_APPLICABLE_FIXED_SCENARIO,OK,11,2026-07-23 16:15:00+00:00,2026-07-24 04:15:00+00:00
19,hyperliquid/okx,100,20,NO_GATE_REGIME_FILTER,FIXED_THRESHOLD_MAIN,NOT_APPLICABLE_FIXED_SCENARIO,INSUFFICIENT_TRAIN_SAMPLE,0,2026-07-23 16:15:00+00:00,2026-07-24 04:15:00+00:00
19,hyperliquid/okx,100,40,NO_GATE_REGIME_FILTER,FIXED_THRESHOLD_MAIN,NOT_APPLICABLE_FIXED_SCENARIO,INSUFFICIENT_TRAIN_SAMPLE,0,2026-07-23 16:15:00+00:00,2026-07-24 04:15:00+00:00
19,hyperliquid/okx,100,80,NO_GATE_REGIME_FILTER,FIXED_THRESHOLD_MAIN,NOT_APPLICABLE_FIXED_SCENARIO,INSUFFICIENT_TRAIN_SAMPLE,0,2026-07-23 16:15:00+00:00,2026-07-24 04:15:00+00:00
19,hyperliquid/okx,150,20,NO_GATE_REGIME_FILTER,FIXED_THRESHOLD_MAIN,NOT_APPLICABLE_FIXED_SCENARIO,INSUFFICIENT_TRAIN_SAMPLE,0,2026-07-23 16:15:00+00:00,2026-07-24 04:15:00+00:00
19,hyperliquid/okx,150,40,NO_GATE_REGIME_FILTER,FIXED_THRESHOLD_MAIN,NOT_APPLICABLE_FIXED_SCENARIO,INSUFFICIENT_TRAIN_SAMPLE,0,2026-07-23 16:15:00+00:00,2026-07-24 04:15:00+00:00
19,hyperliquid/okx,150,80,NO_GATE_REGIME_FILTER,FIXED_THRESHOLD_MAIN,NOT_APPLICABLE_FIXED_SCENARIO,INSUFFICIENT_TRAIN_SAMPLE,0,2026-07-23 16:15:00+00:00,2026-07-24 04:15:00+00:00
19,hyperliquid/okx,200,20,NO_GATE_REGIME_FILTER,FIXED_THRESHOLD_MAIN,NOT_APPLICABLE_FIXED_SCENARIO,INSUFFICIENT_TRAIN_SAMPLE,0,2026-07-23 16:15:00+00:00,2026-07-24 04:15:00+00:00
19,hyperliquid/okx,200,40,NO_GATE_REGIME_FILTER,FIXED_THRESHOLD_MAIN,NOT_APPLICABLE_FIXED_SCENARIO,INSUFFICIENT_TRAIN_SAMPLE,0,2026-07-23 16:15:00+00:00,2026-07-24 04:15:00+00:00
19,hyperliquid/okx,200,80,NO_GATE_REGIME_FILTER,FIXED_THRESHOLD_MAIN,NOT_APPLICABLE_FIXED_SCENARIO,INSUFFICIENT_TRAIN_SAMPLE,0,2026-07-23 16:15:00+00:00,2026-07-24 04:15:00+00:00
