record_type,pair,funding_time,lag_hours,gate_funding_rate,other_funding_rate,funding_diff,premium_bps,premium_before_4h_bps,premium_after_4h_bps,abs_premium_change_after_settlement_bps,correlation,alignment,regime
settlement,gate/binance,2026-06-10 08:00:00+00:00,,0.00401,0.00463966,-0.0006296600000000006,1.632059585010274,,,,,real_settlement_event,PRE_20260716
settlement_window,gate/binance,2026-06-10 08:00:00+00:00,,0.00401,0.00463966,-0.0006296600000000006,,,12.495577619365545,,,real_settlement_plus_minus_4h,PRE_20260716
settlement,gate/binance,2026-06-10 16:00:00+00:00,,0.000223,0.00017878,4.422000000000001e-05,3.3062101647598077,,,,,real_settlement_event,PRE_20260716
settlement_window,gate/binance,2026-06-10 16:00:00+00:00,,0.000223,0.00017878,4.422000000000001e-05,,12.495577619365545,9.562514941429393,-2.9330626779361513,,real_settlement_plus_minus_4h,PRE_20260716
settlement,gate/binance,2026-06-11 00:00:00+00:00,,-0.001583,-0.00220722,0.0006242200000000002,9.977022614584111,,,,,real_settlement_event,PRE_20260716
settlement_window,gate/binance,2026-06-11 00:00:00+00:00,,-0.001583,-0.00220722,0.0006242200000000002,,9.562514941429393,14.281416397531036,4.7189014561016425,,real_settlement_plus_minus_4h,PRE_20260716
settlement,gate/binance,2026-06-11 08:00:00+00:00,,0.002548,0.0033825,-0.0008345000000000002,-8.425020884056458,,,,,real_settlement_event,PRE_20260716
settlement_window,gate/binance,2026-06-11 08:00:00+00:00,,0.002548,0.0033825,-0.0008345000000000002,,14.281416397531036,14.663278452811811,0.38186205528077544,,real_settlement_plus_minus_4h,PRE_20260716
settlement,gate/binance,2026-06-11 16:00:00+00:00,,0.000344,5.254e-05,0.00029146,-4.371091574369317,,,,,real_settlement_event,PRE_20260716
settlement_window,gate/binance,2026-06-11 16:00:00+00:00,,0.000344,5.254e-05,0.00029146,,14.663278452811811,9.313979496125812,-5.349298956685999,,real_settlement_plus_minus_4h,PRE_20260716
settlement,gate/binance,2026-06-12 00:00:00+00:00,,0.002061,0.00216676,-0.00010576000000000032,22.206016647941883,,,,,real_settlement_event,PRE_20260716
settlement_window,gate/binance,2026-06-12 00:00:00+00:00,,0.002061,0.00216676,-0.00010576000000000032,,9.313979496125812,12.939975854272223,3.625996358146411,,real_settlement_plus_minus_4h,PRE_20260716
settlement,gate/binance,2026-06-12 08:00:00+00:00,,0.001088,0.00074851,0.00033949,20.206947009022496,,,,,real_settlement_event,PRE_20260716
settlement_window,gate/binance,2026-06-12 08:00:00+00:00,,0.001088,0.00074851,0.00033949,,12.939975854272223,1.1718359567512941,-11.768139897520928,,real_settlement_plus_minus_4h,PRE_20260716
settlement,gate/binance,2026-06-12 16:00:00+00:00,,0.000685,0.00091069,-0.00022569000000000007,6.69414194961819,,,,,real_settlement_event,PRE_20260716
settlement_window,gate/binance,2026-06-12 16:00:00+00:00,,0.000685,0.00091069,-0.00022569000000000007,,1.1718359567512941,8.154943934759212,6.983107978007918,,real_settlement_plus_minus_4h,PRE_20260716
settlement,gate/binance,2026-06-13 00:00:00+00:00,,0.0001,0.0,0.0001,0.0,,,,,real_settlement_event,PRE_20260716
settlement_window,gate/binance,2026-06-13 00:00:00+00:00,,0.0001,0.0,0.0001,,8.154943934759212,7.499573887846661,-0.6553700469125507,,real_settlement_plus_minus_4h,PRE_20260716
settlement,gate/binance,2026-06-13 08:00:00+00:00,,0.0001,0.0,0.0001,-6.6382621300694185,,,,,real_settlement_event,PRE_20260716
settlement_window,gate/binance,2026-06-13 08:00:00+00:00,,0.0001,0.0,0.0001,,7.499573887846661,-7.886971538910337,0.38739765106367585,,real_settlement_plus_minus_4h,PRE_20260716
settlement,gate/binance,2026-06-13 16:00:00+00:00,,0.0001,0.0,0.0001,-2.8399294074679693,,,,,real_settlement_event,PRE_20260716
settlement_window,gate/binance,2026-06-13 16:00:00+00:00,,0.0001,0.0,0.0001,,-7.886971538910337,-1.6002987224282474,-6.286672816482089,,real_settlement_plus_minus_4h,PRE_20260716
settlement,gate/binance,2026-06-14 00:00:00+00:00,,0.0001,0.0,0.0001,-0.13380521974150042,,,,,real_settlement_event,PRE_20260716
settlement_window,gate/binance,2026-06-14 00:00:00+00:00,,0.0001,0.0,0.0001,,-1.6002987224282474,1.7199521059489895,0.11965338352074206,,real_settlement_plus_minus_4h,PRE_20260716
settlement,gate/binance,2026-06-14 08:00:00+00:00,,0.0001,0.0,0.0001,0.0,,,,,real_settlement_event,PRE_20260716
settlement_window,gate/binance,2026-06-14 08:00:00+00:00,,0.0001,0.0,0.0001,,1.7199521059489895,-7.667178904116654,5.947226798167665,,real_settlement_plus_minus_4h,PRE_20260716
settlement,gate/binance,2026-06-14 16:00:00+00:00,,0.0001,0.0,0.0001,4.099471697115944,,,,,real_settlement_event,PRE_20260716
settlement_window,gate/binance,2026-06-14 16:00:00+00:00,,0.0001,0.0,0.0001,,-7.667178904116654,-0.4650745614191665,-7.202104342697488,,real_settlement_plus_minus_4h,PRE_20260716
settlement,gate/binance,2026-06-15 00:00:00+00:00,,0.0001,0.00029335,-0.00019335,-0.4509626441868424,,,,,real_settlement_event,PRE_20260716
settlement_window,gate/binance,2026-06-15 00:00:00+00:00,,0.0001,0.00029335,-0.00019335,,-0.4650745614191665,4.772380339100623,4.3073057776814565,,real_settlement_plus_minus_4h,PRE_20260716
settlement,gate/binance,2026-06-15 08:00:00+00:00,,0.002437,0.00342426,-0.0009872600000000002,14.918927407641371,,,,,real_settlement_event,PRE_20260716
settlement_window,gate/binance,2026-06-15 08:00:00+00:00,,0.002437,0.00342426,-0.0009872600000000002,,4.772380339100623,5.559585012124949,0.7872046730243261,,real_settlement_plus_minus_4h,PRE_20260716
settlement,gate/binance,2026-06-15 16:00:00+00:00,,0.00118,0.00097246,0.0002075400000000001,19.787145941265106,,,,,real_settlement_event,PRE_20260716
settlement_window,gate/binance,2026-06-15 16:00:00+00:00,,0.00118,0.00097246,0.0002075400000000001,,5.559585012124949,9.90092805534448,4.34134304321953,,real_settlement_plus_minus_4h,PRE_20260716
settlement,gate/binance,2026-06-16 00:00:00+00:00,,-0.000288,-0.00014432,-0.00014368,-3.4327779437657804,,,,,real_settlement_event,PRE_20260716
settlement_window,gate/binance,2026-06-16 00:00:00+00:00,,-0.000288,-0.00014432,-0.00014368,,9.90092805534448,1.0229394164135863,-8.877988638930894,,real_settlement_plus_minus_4h,PRE_20260716
settlement,gate/binance,2026-06-16 08:00:00+00:00,,0.001027,0.00158824,-0.0005612400000000002,2.2536339847998645,,,,,real_settlement_event,PRE_20260716
settlement_window,gate/binance,2026-06-16 08:00:00+00:00,,0.001027,0.00158824,-0.0005612400000000002,,1.0229394164135863,16.53348029760292,15.510540881189335,,real_settlement_plus_minus_4h,PRE_20260716
settlement,gate/binance,2026-06-16 16:00:00+00:00,,-0.000901,-0.00248513,0.00158413,14.670706426408431,,,,,real_settlement_event,PRE_20260716
settlement_window,gate/binance,2026-06-16 16:00:00+00:00,,-0.000901,-0.00248513,0.00158413,,16.53348029760292,-1.042358858094923,-15.491121439507998,,real_settlement_plus_minus_4h,PRE_20260716
settlement,gate/binance,2026-06-17 00:00:00+00:00,,0.0001,0.0,0.0001,18.689127067249615,,,,,real_settlement_event,PRE_20260716
settlement_window,gate/binance,2026-06-17 00:00:00+00:00,,0.0001,0.0,0.0001,,-1.042358858094923,11.068894540796167,10.026535682701244,,real_settlement_plus_minus_4h,PRE_20260716
settlement,gate/binance,2026-06-17 08:00:00+00:00,,0.00107,0.00159068,-0.0005206799999999999,2.644898351747764,,,,,real_settlement_event,PRE_20260716
settlement_window,gate/binance,2026-06-17 08:00:00+00:00,,0.00107,0.00159068,-0.0005206799999999999,,11.068894540796167,9.643495828273476,-1.425398712522691,,real_settlement_plus_minus_4h,PRE_20260716
settlement,gate/binance,2026-06-17 16:00:00+00:00,,0.001182,0.00116178,2.0220000000000047e-05,11.048684736360217,,,,,real_settlement_event,PRE_20260716
settlement_window,gate/binance,2026-06-17 16:00:00+00:00,,0.001182,0.00116178,2.0220000000000047e-05,,9.643495828273476,7.257627945435725,-2.3858678828377515,,real_settlement_plus_minus_4h,PRE_20260716
settlement,gate/binance,2026-06-18 00:00:00+00:00,,0.0001,0.0,0.0001,23.446523779211883,,,,,real_settlement_event,PRE_20260716
settlement_window,gate/binance,2026-06-18 00:00:00+00:00,,0.0001,0.0,0.0001,,7.257627945435725,15.04085535710806,7.783227411672335,,real_settlement_plus_minus_4h,PRE_20260716
settlement,gate/binance,2026-06-18 08:00:00+00:00,,0.001019,0.00072339,0.00029560999999999997,8.901160269075477,,,,,real_settlement_event,PRE_20260716
settlement_window,gate/binance,2026-06-18 08:00:00+00:00,,0.001019,0.00072339,0.00029560999999999997,,15.04085535710806,5.326530326180151,-9.714325030927908,,real_settlement_plus_minus_4h,PRE_20260716
settlement,gate/binance,2026-06-18 16:00:00+00:00,,0.001266,0.00146713,-0.0002011300000000001,8.662708138012045,,,,,real_settlement_event,PRE_20260716
settlement_window,gate/binance,2026-06-18 16:00:00+00:00,,0.001266,0.00146713,-0.0002011300000000001,,5.326530326180151,3.093261844614801,-2.2332684815653505,,real_settlement_plus_minus_4h,PRE_20260716
settlement,gate/binance,2026-06-19 00:00:00+00:00,,0.0007,0.00035242,0.00034758,6.341755582235891,,,,,real_settlement_event,PRE_20260716
settlement_window,gate/binance,2026-06-19 00:00:00+00:00,,0.0007,0.00035242,0.00034758,,3.093261844614801,3.926893412498231,0.8336315678834301,,real_settlement_plus_minus_4h,PRE_20260716
settlement,gate/binance,2026-06-19 08:00:00+00:00,,0.001987,0.00213117,-0.0001441699999999999,2.045651194356868,,,,,real_settlement_event,PRE_20260716
settlement_window,gate/binance,2026-06-19 08:00:00+00:00,,0.001987,0.00213117,-0.0001441699999999999,,3.926893412498231,14.374358777410809,10.447465364912578,,real_settlement_plus_minus_4h,PRE_20260716
settlement,gate/binance,2026-06-19 16:00:00+00:00,,0.000276,0.0,0.000276,5.605793015618393,,,,,real_settlement_event,PRE_20260716
settlement_window,gate/binance,2026-06-19 16:00:00+00:00,,0.000276,0.0,0.000276,,14.374358777410809,14.65048711497804,0.276128337567231,,real_settlement_plus_minus_4h,PRE_20260716
settlement,gate/binance,2026-06-20 00:00:00+00:00,,0.000635,0.00030862,0.00032638000000000003,5.116676555278217,,,,,real_settlement_event,PRE_20260716
settlement_window,gate/binance,2026-06-20 00:00:00+00:00,,0.000635,0.00030862,0.00032638000000000003,,14.65048711497804,9.375209268064019,-5.275277846914021,,real_settlement_plus_minus_4h,PRE_20260716
settlement,gate/binance,2026-06-20 08:00:00+00:00,,0.001176,0.00111189,6.411000000000004e-05,8.114530806236406,,,,,real_settlement_event,PRE_20260716
settlement_window,gate/binance,2026-06-20 08:00:00+00:00,,0.001176,0.00111189,6.411000000000004e-05,,9.375209268064019,2.7976679062621455,-6.577541361801874,,real_settlement_plus_minus_4h,PRE_20260716
settlement,gate/binance,2026-06-20 16:00:00+00:00,,0.000411,0.00013607,0.00027493000000000005,6.14749253237204,,,,,real_settlement_event,PRE_20260716
settlement_window,gate/binance,2026-06-20 16:00:00+00:00,,0.000411,0.00013607,0.00027493000000000005,,2.7976679062621455,3.0902915087689284,0.292623602506783,,real_settlement_plus_minus_4h,PRE_20260716
settlement,gate/binance,2026-06-21 00:00:00+00:00,,0.000116,0.0,0.000116,6.57493072840835,,,,,real_settlement_event,PRE_20260716
settlement_window,gate/binance,2026-06-21 00:00:00+00:00,,0.000116,0.0,0.000116,,3.0902915087689284,4.367765887747991,1.2774743789790626,,real_settlement_plus_minus_4h,PRE_20260716
settlement,gate/binance,2026-06-21 08:00:00+00:00,,0.0001,6.6e-05,3.4e-05,16.543023456564445,,,,,real_settlement_event,PRE_20260716
settlement_window,gate/binance,2026-06-21 08:00:00+00:00,,0.0001,6.6e-05,3.4e-05,,4.367765887747991,-0.10377157800240652,-4.263994309745584,,real_settlement_plus_minus_4h,PRE_20260716
settlement,gate/binance,2026-06-21 16:00:00+00:00,,0.0001,0.0,0.0001,20.111240297897318,,,,,real_settlement_event,PRE_20260716
settlement_window,gate/binance,2026-06-21 16:00:00+00:00,,0.0001,0.0,0.0001,,-0.10377157800240652,5.119872943561333,5.016101365558926,,real_settlement_plus_minus_4h,PRE_20260716
settlement,gate/binance,2026-06-22 00:00:00+00:00,,-0.001471,-0.00295553,0.00148453,34.88798114517944,,,,,real_settlement_event,PRE_20260716
settlement_window,gate/binance,2026-06-22 00:00:00+00:00,,-0.001471,-0.00295553,0.00148453,,5.119872943561333,10.579771476936097,5.459898533374764,,real_settlement_plus_minus_4h,PRE_20260716
settlement,gate/binance,2026-06-22 08:00:00+00:00,,0.003333,0.00402973,-0.0006967299999999996,-0.15697642475832219,,,,,real_settlement_event,PRE_20260716
settlement_window,gate/binance,2026-06-22 08:00:00+00:00,,0.003333,0.00402973,-0.0006967299999999996,,10.579771476936097,9.42917427741947,-1.1505971995166266,,real_settlement_plus_minus_4h,PRE_20260716
settlement,gate/binance,2026-06-22 16:00:00+00:00,,0.0001,0.0,0.0001,-1.3966950057806713,,,,,real_settlement_event,PRE_20260716
settlement_window,gate/binance,2026-06-22 16:00:00+00:00,,0.0001,0.0,0.0001,,9.42917427741947,3.0706243602861263,-6.3585499171333435,,real_settlement_plus_minus_4h,PRE_20260716
settlement,gate/binance,2026-06-23 00:00:00+00:00,,0.0001,0.0,0.0001,8.938162031628739,,,,,real_settlement_event,PRE_20260716
settlement_window,gate/binance,2026-06-23 00:00:00+00:00,,0.0001,0.0,0.0001,,3.0706243602861263,51.7149124404341,48.64428808014797,,real_settlement_plus_minus_4h,PRE_20260716
settlement,gate/binance,2026-06-23 08:00:00+00:00,,0.003,0.00580329,-0.00280329,70.43179659531049,,,,,real_settlement_event,PRE_20260716
settlement_window,gate/binance,2026-06-23 08:00:00+00:00,,0.003,0.00580329,-0.00280329,,51.7149124404341,82.66500710402362,30.950094663589518,,real_settlement_plus_minus_4h,PRE_20260716
settlement,gate/binance,2026-06-23 16:00:00+00:00,,0.001,0.00032709,0.0006729100000000001,57.77937477542325,,,,,real_settlement_event,PRE_20260716
settlement_window,gate/binance,2026-06-23 16:00:00+00:00,,0.001,0.00032709,0.0006729100000000001,,82.66500710402362,62.18151023123141,-20.48349687279221,,real_settlement_plus_minus_4h,PRE_20260716
settlement,gate/binance,2026-06-24 00:00:00+00:00,,0.001,0.0,0.001,34.31467236305357,,,,,real_settlement_event,PRE_20260716
settlement_window,gate/binance,2026-06-24 00:00:00+00:00,,0.001,0.0,0.001,,62.18151023123141,138.01372796123977,75.83221773000835,,real_settlement_plus_minus_4h,PRE_20260716
settlement,gate/binance,2026-06-24 08:00:00+00:00,,0.001,0.00243107,-0.00143107,112.37590281681732,,,,,real_settlement_event,PRE_20260716
settlement_window,gate/binance,2026-06-24 08:00:00+00:00,,0.001,0.00243107,-0.00143107,,138.01372796123977,59.000432899191615,-79.01329506204814,,real_settlement_plus_minus_4h,PRE_20260716
settlement,gate/binance,2026-06-24 16:00:00+00:00,,0.001237,-0.00112959,0.00236659,45.732155348251965,,,,,real_settlement_event,PRE_20260716
settlement_window,gate/binance,2026-06-24 16:00:00+00:00,,0.001237,-0.00112959,0.00236659,,59.000432899191615,102.5946847339326,43.59425183474098,,real_settlement_plus_minus_4h,PRE_20260716
settlement,gate/binance,2026-06-25 00:00:00+00:00,,0.003,0.00603242,-0.00303242,196.14188327231238,,,,,real_settlement_event,PRE_20260716
settlement_window,gate/binance,2026-06-25 00:00:00+00:00,,0.003,0.00603242,-0.00303242,,102.5946847339326,170.14153741842588,67.54685268449329,,real_settlement_plus_minus_4h,PRE_20260716
settlement,gate/binance,2026-06-25 08:00:00+00:00,,0.003,0.0,0.003,137.8206460732548,,,,,real_settlement_event,PRE_20260716
settlement_window,gate/binance,2026-06-25 08:00:00+00:00,,0.003,0.0,0.003,,170.14153741842588,159.52720327080226,-10.614334147623623,,real_settlement_plus_minus_4h,PRE_20260716
settlement,gate/binance,2026-06-25 16:00:00+00:00,,0.0001,-0.00058133,0.0006813300000000001,163.03182728456235,,,,,real_settlement_event,PRE_20260716
settlement_window,gate/binance,2026-06-25 16:00:00+00:00,,0.0001,-0.00058133,0.0006813300000000001,,159.52720327080226,184.27165713987395,24.74445386907169,,real_settlement_plus_minus_4h,PRE_20260716
settlement,gate/binance,2026-06-26 00:00:00+00:00,,0.0001,-0.00036501,0.00046500999999999997,171.49444014066717,,,,,real_settlement_event,PRE_20260716
settlement_window,gate/binance,2026-06-26 00:00:00+00:00,,0.0001,-0.00036501,0.00046500999999999997,,184.27165713987395,193.85643618271303,9.584779042839074,,real_settlement_plus_minus_4h,PRE_20260716
settlement,gate/binance,2026-06-26 08:00:00+00:00,,0.003,0.00458019,-0.0015801899999999995,132.15538608731595,,,,,real_settlement_event,PRE_20260716
settlement_window,gate/binance,2026-06-26 08:00:00+00:00,,0.003,0.00458019,-0.0015801899999999995,,193.85643618271303,158.86089517211857,-34.99554101059445,,real_settlement_plus_minus_4h,PRE_20260716
settlement,gate/binance,2026-06-26 16:00:00+00:00,,0.000176,0.00030982,-0.00013382,111.6504718394881,,,,,real_settlement_event,PRE_20260716
settlement_window,gate/binance,2026-06-26 16:00:00+00:00,,0.000176,0.00030982,-0.00013382,,158.86089517211857,130.8785327977058,-27.982362374412787,,real_settlement_plus_minus_4h,PRE_20260716
settlement,gate/binance,2026-06-27 00:00:00+00:00,,0.000336,0.0,0.000336,160.07214519219983,,,,,real_settlement_event,PRE_20260716
settlement_window,gate/binance,2026-06-27 00:00:00+00:00,,0.000336,0.0,0.000336,,130.8785327977058,160.6147024227604,29.7361696250546,,real_settlement_plus_minus_4h,PRE_20260716
settlement,gate/binance,2026-06-27 08:00:00+00:00,,0.000279,0.0,0.000279,131.056573130019,,,,,real_settlement_event,PRE_20260716
settlement_window,gate/binance,2026-06-27 08:00:00+00:00,,0.000279,0.0,0.000279,,160.6147024227604,131.56967980954875,-29.045022613211643,,real_settlement_plus_minus_4h,PRE_20260716
settlement,gate/binance,2026-06-27 16:00:00+00:00,,0.000218,0.0,0.000218,150.84177355743108,,,,,real_settlement_event,PRE_20260716
settlement_window,gate/binance,2026-06-27 16:00:00+00:00,,0.000218,0.0,0.000218,,131.56967980954875,116.21930566126666,-15.350374148282086,,real_settlement_plus_minus_4h,PRE_20260716
settlement,gate/binance,2026-06-28 00:00:00+00:00,,0.000127,0.0,0.000127,127.45468810855749,,,,,real_settlement_event,PRE_20260716
settlement_window,gate/binance,2026-06-28 00:00:00+00:00,,0.000127,0.0,0.000127,,116.21930566126666,155.68828374897387,39.468978087707214,,real_settlement_plus_minus_4h,PRE_20260716
settlement,gate/binance,2026-06-28 08:00:00+00:00,,0.000267,0.00012761,0.00013938999999999998,170.19512495728378,,,,,real_settlement_event,PRE_20260716
settlement_window,gate/binance,2026-06-28 08:00:00+00:00,,0.000267,0.00012761,0.00013938999999999998,,155.68828374897387,138.15634647064547,-17.5319372783284,,real_settlement_plus_minus_4h,PRE_20260716
settlement,gate/binance,2026-06-28 16:00:00+00:00,,0.000275,0.00039503,-0.00012002999999999997,144.9493773204918,,,,,real_settlement_event,PRE_20260716
settlement_window,gate/binance,2026-06-28 16:00:00+00:00,,0.000275,0.00039503,-0.00012002999999999997,,138.15634647064547,140.95251734365874,2.796170873013267,,real_settlement_plus_minus_4h,PRE_20260716
settlement,gate/binance,2026-06-29 00:00:00+00:00,,0.000287,-0.00157443,0.0018614299999999999,156.61125742061998,,,,,real_settlement_event,PRE_20260716
settlement_window,gate/binance,2026-06-29 00:00:00+00:00,,0.000287,-0.00157443,0.0018614299999999999,,140.95251734365874,277.4574635822362,136.50494623857745,,real_settlement_plus_minus_4h,PRE_20260716
settlement,gate/binance,2026-06-29 08:00:00+00:00,,0.0005,0.00288018,-0.00238018,185.40453346230362,,,,,real_settlement_event,PRE_20260716
settlement_window,gate/binance,2026-06-29 08:00:00+00:00,,0.0005,0.00288018,-0.00238018,,277.4574635822362,162.79694272077091,-114.66052086146527,,real_settlement_plus_minus_4h,PRE_20260716
settlement,gate/binance,2026-06-29 16:00:00+00:00,,0.0001,-0.00129015,0.0013901500000000002,144.02874693813945,,,,,real_settlement_event,PRE_20260716
settlement_window,gate/binance,2026-06-29 16:00:00+00:00,,0.0001,-0.00129015,0.0013901500000000002,,162.79694272077091,140.69288949171255,-22.104053229058366,,real_settlement_plus_minus_4h,PRE_20260716
settlement,gate/binance,2026-06-30 00:00:00+00:00,,0.0001,0.00023107,-0.00013107,178.30265138358197,,,,,real_settlement_event,PRE_20260716
settlement_window,gate/binance,2026-06-30 00:00:00+00:00,,0.0001,0.00023107,-0.00013107,,140.69288949171255,99.88776331620419,-40.80512617550836,,real_settlement_plus_minus_4h,PRE_20260716
settlement,gate/binance,2026-06-30 08:00:00+00:00,,0.003,0.00073258,0.00226742,77.15740748792028,,,,,real_settlement_event,PRE_20260716
settlement_window,gate/binance,2026-06-30 08:00:00+00:00,,0.003,0.00073258,0.00226742,,99.88776331620419,47.394877060473846,-52.49288625573034,,real_settlement_plus_minus_4h,PRE_20260716
settlement,gate/binance,2026-06-30 16:00:00+00:00,,0.0001,0.00017477,-7.477e-05,69.75260427842707,,,,,real_settlement_event,PRE_20260716
settlement_window,gate/binance,2026-06-30 16:00:00+00:00,,0.0001,0.00017477,-7.477e-05,,47.394877060473846,59.67565597667648,12.280778916202635,,real_settlement_plus_minus_4h,PRE_20260716
settlement,gate/binance,2026-07-01 00:00:00+00:00,,0.0001,0.0,0.0001,73.27235978058816,,,,,real_settlement_event,PRE_20260716
settlement_window,gate/binance,2026-07-01 00:00:00+00:00,,0.0001,0.0,0.0001,,59.67565597667648,110.18544203929586,50.50978606261938,,real_settlement_plus_minus_4h,PRE_20260716
settlement,gate/binance,2026-07-01 08:00:00+00:00,,0.003,0.00238242,0.00061758,161.19114678472621,,,,,real_settlement_event,PRE_20260716
settlement_window,gate/binance,2026-07-01 08:00:00+00:00,,0.003,0.00238242,0.00061758,,110.18544203929586,146.89821537870705,36.712773339411186,,real_settlement_plus_minus_4h,PRE_20260716
settlement,gate/binance,2026-07-01 16:00:00+00:00,,0.0001,-0.00199192,0.0020919199999999997,143.2079714713156,,,,,real_settlement_event,PRE_20260716
settlement_window,gate/binance,2026-07-01 16:00:00+00:00,,0.0001,-0.00199192,0.0020919199999999997,,146.89821537870705,161.81635725037603,14.918141871668979,,real_settlement_plus_minus_4h,PRE_20260716
settlement,gate/binance,2026-07-02 00:00:00+00:00,,0.0001,-0.0016916,0.0017916,71.90322915585043,,,,,real_settlement_event,PRE_20260716
settlement_window,gate/binance,2026-07-02 00:00:00+00:00,,0.0001,-0.0016916,0.0017916,,161.81635725037603,137.85893959687635,-23.957417653499675,,real_settlement_plus_minus_4h,PRE_20260716
settlement,gate/binance,2026-07-02 08:00:00+00:00,,0.003,0.00534933,-0.00234933,105.56422975418991,,,,,real_settlement_event,PRE_20260716
settlement_window,gate/binance,2026-07-02 08:00:00+00:00,,0.003,0.00534933,-0.00234933,,137.85893959687635,105.35118728322507,-32.50775231365128,,real_settlement_plus_minus_4h,PRE_20260716
settlement,gate/binance,2026-07-02 16:00:00+00:00,,0.0001,-0.00149748,0.00159748,39.84161383043195,,,,,real_settlement_event,PRE_20260716
settlement_window,gate/binance,2026-07-02 16:00:00+00:00,,0.0001,-0.00149748,0.00159748,,105.35118728322507,63.37192922656264,-41.97925805666243,,real_settlement_plus_minus_4h,PRE_20260716
settlement,gate/binance,2026-07-03 00:00:00+00:00,,0.0001,0.00074962,-0.00064962,34.80553181410919,,,,,real_settlement_event,PRE_20260716
settlement_window,gate/binance,2026-07-03 00:00:00+00:00,,0.0001,0.00074962,-0.00064962,,63.37192922656264,60.89231933907147,-2.479609887491172,,real_settlement_plus_minus_4h,PRE_20260716
settlement,gate/binance,2026-07-03 08:00:00+00:00,,0.002393,0.00024412,0.00214888,39.81378037857882,,,,,real_settlement_event,PRE_20260716
settlement_window,gate/binance,2026-07-03 08:00:00+00:00,,0.002393,0.00024412,0.00214888,,60.89231933907147,55.88693308798623,-5.005386251085241,,real_settlement_plus_minus_4h,PRE_20260716
settlement,gate/binance,2026-07-03 16:00:00+00:00,,0.0001,0.0,0.0001,45.129157892424736,,,,,real_settlement_event,PRE_20260716
settlement_window,gate/binance,2026-07-03 16:00:00+00:00,,0.0001,0.0,0.0001,,55.88693308798623,50.65559794141687,-5.231335146569357,,real_settlement_plus_minus_4h,PRE_20260716
settlement,gate/binance,2026-07-04 00:00:00+00:00,,0.0001,0.00054917,-0.00044917,49.49731220954263,,,,,real_settlement_event,PRE_20260716
settlement_window,gate/binance,2026-07-04 00:00:00+00:00,,0.0001,0.00054917,-0.00044917,,50.65559794141687,42.73345931058237,-7.922138630834503,,real_settlement_plus_minus_4h,PRE_20260716
settlement,gate/binance,2026-07-04 08:00:00+00:00,,0.0001,0.0,0.0001,48.24244155182947,,,,,real_settlement_event,PRE_20260716
settlement_window,gate/binance,2026-07-04 08:00:00+00:00,,0.0001,0.0,0.0001,,42.73345931058237,47.012355492899616,4.278896182317247,,real_settlement_plus_minus_4h,PRE_20260716
settlement,gate/binance,2026-07-04 16:00:00+00:00,,0.0001,0.0,0.0001,51.94772798847643,,,,,real_settlement_event,PRE_20260716
settlement_window,gate/binance,2026-07-04 16:00:00+00:00,,0.0001,0.0,0.0001,,47.012355492899616,56.63460698826096,9.622251495361347,,real_settlement_plus_minus_4h,PRE_20260716
settlement,gate/binance,2026-07-05 00:00:00+00:00,,0.0001,0.0,0.0001,57.05017059119677,,,,,real_settlement_event,PRE_20260716
settlement_window,gate/binance,2026-07-05 00:00:00+00:00,,0.0001,0.0,0.0001,,56.63460698826096,46.37852772843881,-10.256079259822151,,real_settlement_plus_minus_4h,PRE_20260716
settlement,gate/binance,2026-07-05 08:00:00+00:00,,0.0001,0.0,0.0001,39.42627965468085,,,,,real_settlement_event,PRE_20260716
settlement_window,gate/binance,2026-07-05 08:00:00+00:00,,0.0001,0.0,0.0001,,46.37852772843881,61.15085916957133,14.772331441132522,,real_settlement_plus_minus_4h,PRE_20260716
settlement,gate/binance,2026-07-05 16:00:00+00:00,,0.0001,0.0,0.0001,55.94663551689103,,,,,real_settlement_event,PRE_20260716
settlement_window,gate/binance,2026-07-05 16:00:00+00:00,,0.0001,0.0,0.0001,,61.15085916957133,41.12363372138021,-20.027225448191125,,real_settlement_plus_minus_4h,PRE_20260716
settlement,gate/binance,2026-07-06 00:00:00+00:00,,0.0001,0.0,0.0001,72.63407887481843,,,,,real_settlement_event,PRE_20260716
settlement_window,gate/binance,2026-07-06 00:00:00+00:00,,0.0001,0.0,0.0001,,41.12363372138021,67.3024452355579,26.17881151417769,,real_settlement_plus_minus_4h,PRE_20260716
settlement,gate/binance,2026-07-06 08:00:00+00:00,,0.002712,0.00247467,0.00023733,54.87004121754317,,,,,real_settlement_event,PRE_20260716
settlement_window,gate/binance,2026-07-06 08:00:00+00:00,,0.002712,0.00247467,0.00023733,,67.3024452355579,51.51117625739038,-15.791268978167516,,real_settlement_plus_minus_4h,PRE_20260716
settlement,gate/binance,2026-07-06 16:00:00+00:00,,0.0001,0.0,0.0001,43.307402357847465,,,,,real_settlement_event,PRE_20260716
settlement_window,gate/binance,2026-07-06 16:00:00+00:00,,0.0001,0.0,0.0001,,51.51117625739038,25.93203246306257,-25.579143794327813,,real_settlement_plus_minus_4h,PRE_20260716
settlement,gate/binance,2026-07-07 00:00:00+00:00,,0.0001,-0.00187311,0.00197311,27.979571541740892,,,,,real_settlement_event,PRE_20260716
settlement_window,gate/binance,2026-07-07 00:00:00+00:00,,0.0001,-0.00187311,0.00197311,,25.93203246306257,67.9468138024454,42.014781339382836,,real_settlement_plus_minus_4h,PRE_20260716
settlement,gate/binance,2026-07-07 08:00:00+00:00,,0.003,0.00661515,-0.00361515,118.09579947703382,,,,,real_settlement_event,PRE_20260716
settlement_window,gate/binance,2026-07-07 08:00:00+00:00,,0.003,0.00661515,-0.00361515,,67.9468138024454,130.67711720423034,62.73030340178494,,real_settlement_plus_minus_4h,PRE_20260716
settlement,gate/binance,2026-07-07 16:00:00+00:00,,0.000131,-0.00087944,0.00101044,116.36303043768044,,,,,real_settlement_event,PRE_20260716
settlement_window,gate/binance,2026-07-07 16:00:00+00:00,,0.000131,-0.00087944,0.00101044,,130.67711720423034,109.90150336962219,-20.77561383460815,,real_settlement_plus_minus_4h,PRE_20260716
settlement,gate/binance,2026-07-08 00:00:00+00:00,,0.000104,-0.00176129,0.00186529,72.71934961121066,,,,,real_settlement_event,PRE_20260716
settlement_window,gate/binance,2026-07-08 00:00:00+00:00,,0.000104,-0.00176129,0.00186529,,109.90150336962219,117.79092621546383,7.8894228458416364,,real_settlement_plus_minus_4h,PRE_20260716
settlement,gate/binance,2026-07-08 08:00:00+00:00,,0.003,0.00386943,-0.00086943,133.06908267270634,,,,,real_settlement_event,PRE_20260716
settlement_window,gate/binance,2026-07-08 08:00:00+00:00,,0.003,0.00386943,-0.00086943,,117.79092621546383,115.74015357131228,-2.05077264415155,,real_settlement_plus_minus_4h,PRE_20260716
settlement,gate/binance,2026-07-08 16:00:00+00:00,,0.0001,0.00139656,-0.00129656,138.4350514739471,,,,,real_settlement_event,PRE_20260716
settlement_window,gate/binance,2026-07-08 16:00:00+00:00,,0.0001,0.00139656,-0.00129656,,115.74015357131228,162.90568600219157,47.165532430879296,,real_settlement_plus_minus_4h,PRE_20260716
settlement,gate/binance,2026-07-09 00:00:00+00:00,,0.0001,0.00102242,-0.00092242,119.76836009476209,,,,,real_settlement_event,PRE_20260716
settlement_window,gate/binance,2026-07-09 00:00:00+00:00,,0.0001,0.00102242,-0.00092242,,162.90568600219157,141.7129623247539,-21.19272367743767,,real_settlement_plus_minus_4h,PRE_20260716
settlement,gate/binance,2026-07-09 08:00:00+00:00,,0.003,0.00473872,-0.00173872,147.76086228117018,,,,,real_settlement_event,PRE_20260716
settlement_window,gate/binance,2026-07-09 08:00:00+00:00,,0.003,0.00473872,-0.00173872,,141.7129623247539,158.93040616993363,17.21744384517973,,real_settlement_plus_minus_4h,PRE_20260716
settlement,gate/binance,2026-07-09 16:00:00+00:00,,0.0001,0.00112086,-0.00102086,179.18445951603408,,,,,real_settlement_event,PRE_20260716
settlement_window,gate/binance,2026-07-09 16:00:00+00:00,,0.0001,0.00112086,-0.00102086,,158.93040616993363,179.09984881181467,20.169442641881034,,real_settlement_plus_minus_4h,PRE_20260716
settlement,gate/binance,2026-07-10 00:00:00+00:00,,0.0001,0.0,0.0001,170.03499155146915,,,,,real_settlement_event,PRE_20260716
settlement_window,gate/binance,2026-07-10 00:00:00+00:00,,0.0001,0.0,0.0001,,179.09984881181467,200.50865534498436,21.408806533169695,,real_settlement_plus_minus_4h,PRE_20260716
settlement,gate/binance,2026-07-10 08:00:00+00:00,,0.003,0.00317264,-0.00017263999999999995,191.62383757598494,,,,,real_settlement_event,PRE_20260716
settlement_window,gate/binance,2026-07-10 08:00:00+00:00,,0.003,0.00317264,-0.00017263999999999995,,200.50865534498436,188.37676664688712,-12.131888698097242,,real_settlement_plus_minus_4h,PRE_20260716
settlement,gate/binance,2026-07-10 16:00:00+00:00,,0.000149,0.0,0.000149,195.38746497803263,,,,,real_settlement_event,PRE_20260716
settlement_window,gate/binance,2026-07-10 16:00:00+00:00,,0.000149,0.0,0.000149,,188.37676664688712,195.7209053346493,7.344138687762182,,real_settlement_plus_minus_4h,PRE_20260716
settlement,gate/binance,2026-07-11 00:00:00+00:00,,0.000218,0.0,0.000218,201.96635670950212,,,,,real_settlement_event,PRE_20260716
settlement_window,gate/binance,2026-07-11 00:00:00+00:00,,0.000218,0.0,0.000218,,195.7209053346493,210.64464756500686,14.923742230357561,,real_settlement_plus_minus_4h,PRE_20260716
settlement,gate/binance,2026-07-11 08:00:00+00:00,,0.000362,0.0,0.000362,193.84428802594462,,,,,real_settlement_event,PRE_20260716
settlement_window,gate/binance,2026-07-11 08:00:00+00:00,,0.000362,0.0,0.000362,,210.64464756500686,189.88969299051263,-20.754954574494235,,real_settlement_plus_minus_4h,PRE_20260716
settlement,gate/binance,2026-07-11 16:00:00+00:00,,0.000312,0.0,0.000312,206.48523024476123,,,,,real_settlement_event,PRE_20260716
settlement_window,gate/binance,2026-07-11 16:00:00+00:00,,0.000312,0.0,0.000312,,189.88969299051263,201.75126219343724,11.861569202924613,,real_settlement_plus_minus_4h,PRE_20260716
settlement,gate/binance,2026-07-12 00:00:00+00:00,,0.000501,-2.293e-05,0.00052393,204.64816876097996,,,,,real_settlement_event,PRE_20260716
settlement_window,gate/binance,2026-07-12 00:00:00+00:00,,0.000501,-2.293e-05,0.00052393,,201.75126219343724,205.79856321743074,4.047301023993498,,real_settlement_plus_minus_4h,PRE_20260716
settlement,gate/binance,2026-07-12 08:00:00+00:00,,0.000788,0.0,0.000788,198.81195283995584,,,,,real_settlement_event,PRE_20260716
settlement_window,gate/binance,2026-07-12 08:00:00+00:00,,0.000788,0.0,0.000788,,205.79856321743074,203.42240849996008,-2.376154717470655,,real_settlement_plus_minus_4h,PRE_20260716
settlement,gate/binance,2026-07-12 16:00:00+00:00,,0.000703,0.0,0.000703,201.57551744608773,,,,,real_settlement_event,PRE_20260716
settlement_window,gate/binance,2026-07-12 16:00:00+00:00,,0.000703,0.0,0.000703,,203.42240849996008,198.3649636971575,-5.057444802802593,,real_settlement_plus_minus_4h,PRE_20260716
settlement,gate/binance,2026-07-13 00:00:00+00:00,,0.000481,-0.00226626,0.00274726,206.3733139633898,,,,,real_settlement_event,PRE_20260716
settlement_window,gate/binance,2026-07-13 00:00:00+00:00,,0.000481,-0.00226626,0.00274726,,198.3649636971575,245.25070966407307,46.88574596691558,,real_settlement_plus_minus_4h,PRE_20260716
settlement,gate/binance,2026-07-13 08:00:00+00:00,,0.003,0.005,-0.002,254.69458234405394,,,,,real_settlement_event,PRE_20260716
settlement_window,gate/binance,2026-07-13 08:00:00+00:00,,0.003,0.005,-0.002,,245.25070966407307,241.91980086344296,-3.3309088006301124,,real_settlement_plus_minus_4h,PRE_20260716
settlement,gate/binance,2026-07-13 16:00:00+00:00,,0.001426,0.0,0.001426,161.37285000196798,,,,,real_settlement_event,PRE_20260716
settlement_window,gate/binance,2026-07-13 16:00:00+00:00,,0.001426,0.0,0.001426,,241.91980086344296,131.652649936638,-110.26715092680496,,real_settlement_plus_minus_4h,PRE_20260716
settlement,gate/binance,2026-07-14 00:00:00+00:00,,0.0001,-0.00108201,0.00118201,112.38345929843082,,,,,real_settlement_event,PRE_20260716
settlement_window,gate/binance,2026-07-14 00:00:00+00:00,,0.0001,-0.00108201,0.00118201,,131.652649936638,153.50660473696243,21.85395480032443,,real_settlement_plus_minus_4h,PRE_20260716
settlement,gate/binance,2026-07-14 08:00:00+00:00,,0.003,0.005,-0.002,118.38862486468282,,,,,real_settlement_event,PRE_20260716
settlement_window,gate/binance,2026-07-14 08:00:00+00:00,,0.003,0.005,-0.002,,153.50660473696243,139.10166064096953,-14.404944095992903,,real_settlement_plus_minus_4h,PRE_20260716
settlement,gate/binance,2026-07-14 16:00:00+00:00,,0.0001,0.00192162,-0.00182162,157.3218289587603,,,,,real_settlement_event,PRE_20260716
settlement_window,gate/binance,2026-07-14 16:00:00+00:00,,0.0001,0.00192162,-0.00182162,,139.10166064096953,166.5052135649216,27.403552923952077,,real_settlement_plus_minus_4h,PRE_20260716
settlement,gate/binance,2026-07-14 20:00:00+00:00,,5e-05,0.00133532,-0.0012853200000000002,166.5052135649216,,,,,real_settlement_event,PRE_20260716
settlement_window,gate/binance,2026-07-14 20:00:00+00:00,,5e-05,0.00133532,-0.0012853200000000002,,157.3218289587603,194.10672366069895,36.78489470193864,,real_settlement_plus_minus_4h,PRE_20260716
settlement,gate/binance,2026-07-15 00:00:00+00:00,,0.000182,0.00171193,-0.0015299299999999999,194.10672366069895,,,,,real_settlement_event,PRE_20260716
settlement_window,gate/binance,2026-07-15 00:00:00+00:00,,0.000182,0.00171193,-0.0015299299999999999,,166.5052135649216,155.61319007039688,-10.892023494524722,,real_settlement_plus_minus_4h,PRE_20260716
settlement,gate/binance,2026-07-15 04:00:00+00:00,,0.0005,-0.00023997,0.00073997,155.61319007039688,,,,,real_settlement_event,PRE_20260716
settlement_window,gate/binance,2026-07-15 04:00:00+00:00,,0.0005,-0.00023997,0.00073997,,194.10672366069895,145.71485673794913,-48.39186692274981,,real_settlement_plus_minus_4h,PRE_20260716
settlement,gate/binance,2026-07-15 08:00:00+00:00,,0.0005,-0.00100191,0.00150191,145.71485673794913,,,,,real_settlement_event,PRE_20260716
settlement_window,gate/binance,2026-07-15 08:00:00+00:00,,0.0005,-0.00100191,0.00150191,,155.61319007039688,148.11587889348792,-7.4973111769089655,,real_settlement_plus_minus_4h,PRE_20260716
settlement,gate/binance,2026-07-15 12:00:00+00:00,,5e-05,0.0,5e-05,148.11587889348792,,,,,real_settlement_event,PRE_20260716
settlement_window,gate/binance,2026-07-15 12:00:00+00:00,,5e-05,0.0,5e-05,,145.71485673794913,147.27360315651828,1.558746418569143,,real_settlement_plus_minus_4h,PRE_20260716
settlement,gate/binance,2026-07-15 16:00:00+00:00,,5e-05,-0.00196477,0.00201477,147.27360315651828,,,,,real_settlement_event,PRE_20260716
settlement_window,gate/binance,2026-07-15 16:00:00+00:00,,5e-05,-0.00196477,0.00201477,,148.11587889348792,148.64123754231255,0.5253586488246356,,real_settlement_plus_minus_4h,PRE_20260716
settlement,gate/binance,2026-07-15 20:00:00+00:00,,5e-05,0.00064739,-0.0005973899999999999,148.64123754231255,,,,,real_settlement_event,PRE_20260716
settlement_window,gate/binance,2026-07-15 20:00:00+00:00,,5e-05,0.00064739,-0.0005973899999999999,,147.27360315651828,169.66646075456015,22.39285759804187,,real_settlement_plus_minus_4h,PRE_20260716
settlement,gate/binance,2026-07-16 00:00:00+00:00,,5e-05,-0.00129085,0.00134085,169.66646075456015,,,,,real_settlement_event,GATE_REGIME_20260716_20260720
settlement_window,gate/binance,2026-07-16 00:00:00+00:00,,5e-05,-0.00129085,0.00134085,,148.64123754231255,168.9570969093012,20.31585936698866,,real_settlement_plus_minus_4h,GATE_REGIME_20260716_20260720
settlement,gate/binance,2026-07-16 04:00:00+00:00,,0.0005,0.00168949,-0.00118949,168.9570969093012,,,,,real_settlement_event,GATE_REGIME_20260716_20260720
settlement_window,gate/binance,2026-07-16 04:00:00+00:00,,0.0005,0.00168949,-0.00118949,,169.66646075456015,171.68767043712563,2.021209682565484,,real_settlement_plus_minus_4h,GATE_REGIME_20260716_20260720
settlement,gate/binance,2026-07-16 08:00:00+00:00,,0.0005,0.00034557,0.00015443,171.68767043712563,,,,,real_settlement_event,GATE_REGIME_20260716_20260720
settlement_window,gate/binance,2026-07-16 08:00:00+00:00,,0.0005,0.00034557,0.00015443,,168.9570969093012,168.21602478973068,-0.7410721195705321,,real_settlement_plus_minus_4h,GATE_REGIME_20260716_20260720
settlement,gate/binance,2026-07-16 12:00:00+00:00,,5e-05,-9.577e-05,0.00014577,168.21602478973068,,,,,real_settlement_event,GATE_REGIME_20260716_20260720
settlement_window,gate/binance,2026-07-16 12:00:00+00:00,,5e-05,-9.577e-05,0.00014577,,171.68767043712563,174.35637659016382,2.668706153038187,,real_settlement_plus_minus_4h,GATE_REGIME_20260716_20260720
settlement,gate/binance,2026-07-16 16:00:00+00:00,,5e-05,-0.00042886,0.00047886,174.35637659016382,,,,,real_settlement_event,GATE_REGIME_20260716_20260720
settlement_window,gate/binance,2026-07-16 16:00:00+00:00,,5e-05,-0.00042886,0.00047886,,168.21602478973068,186.07555416796677,17.85952937823609,,real_settlement_plus_minus_4h,GATE_REGIME_20260716_20260720
settlement,gate/binance,2026-07-16 20:00:00+00:00,,5e-05,-0.0009732,0.0010232,186.07555416796677,,,,,real_settlement_event,GATE_REGIME_20260716_20260720
settlement_window,gate/binance,2026-07-16 20:00:00+00:00,,5e-05,-0.0009732,0.0010232,,174.35637659016382,164.8183090364298,-9.53806755373401,,real_settlement_plus_minus_4h,GATE_REGIME_20260716_20260720
settlement,gate/binance,2026-07-17 00:00:00+00:00,,5e-05,-0.00092102,0.0009710200000000001,164.8183090364298,,,,,real_settlement_event,GATE_REGIME_20260716_20260720
settlement_window,gate/binance,2026-07-17 00:00:00+00:00,,5e-05,-0.00092102,0.0009710200000000001,,186.07555416796677,124.31160550884273,-61.76394865912404,,real_settlement_plus_minus_4h,GATE_REGIME_20260716_20260720
settlement,gate/binance,2026-07-17 04:00:00+00:00,,0.0005,6.403e-05,0.00043597000000000004,124.31160550884273,,,,,real_settlement_event,GATE_REGIME_20260716_20260720
settlement_window,gate/binance,2026-07-17 04:00:00+00:00,,0.0005,6.403e-05,0.00043597000000000004,,164.8183090364298,92.16111769130418,-72.65719134512563,,real_settlement_plus_minus_4h,GATE_REGIME_20260716_20260720
settlement,gate/binance,2026-07-17 08:00:00+00:00,,0.0005,-0.00143406,0.00193406,92.16111769130418,,,,,real_settlement_event,GATE_REGIME_20260716_20260720
settlement_window,gate/binance,2026-07-17 08:00:00+00:00,,0.0005,-0.00143406,0.00193406,,124.31160550884273,111.07963568626488,-13.231969822577852,,real_settlement_plus_minus_4h,GATE_REGIME_20260716_20260720
settlement,gate/binance,2026-07-17 12:00:00+00:00,,0.0005,0.00041051,8.949000000000001e-05,111.07963568626488,,,,,real_settlement_event,GATE_REGIME_20260716_20260720
settlement_window,gate/binance,2026-07-17 12:00:00+00:00,,0.0005,0.00041051,8.949000000000001e-05,,92.16111769130418,97.04745456040754,4.88633686910336,,real_settlement_plus_minus_4h,GATE_REGIME_20260716_20260720
settlement,gate/binance,2026-07-17 16:00:00+00:00,,0.0005,0.00150611,-0.00100611,97.04745456040754,,,,,real_settlement_event,GATE_REGIME_20260716_20260720
settlement_window,gate/binance,2026-07-17 16:00:00+00:00,,0.0005,0.00150611,-0.00100611,,111.07963568626488,37.75203775203853,-73.32759793422635,,real_settlement_plus_minus_4h,GATE_REGIME_20260716_20260720
settlement,gate/binance,2026-07-17 20:00:00+00:00,,0.0005,-0.00094887,0.00144887,37.75203775203853,,,,,real_settlement_event,GATE_REGIME_20260716_20260720
settlement_window,gate/binance,2026-07-17 20:00:00+00:00,,0.0005,-0.00094887,0.00144887,,97.04745456040754,34.41156228492773,-62.63589227547981,,real_settlement_plus_minus_4h,GATE_REGIME_20260716_20260720
settlement,gate/binance,2026-07-18 00:00:00+00:00,,0.0005,0.0,0.0005,34.41156228492773,,,,,real_settlement_event,GATE_REGIME_20260716_20260720
settlement_window,gate/binance,2026-07-18 00:00:00+00:00,,0.0005,0.0,0.0005,,37.75203775203853,37.547899289334076,-0.20413846270445646,,real_settlement_plus_minus_4h,GATE_REGIME_20260716_20260720
settlement,gate/binance,2026-07-18 04:00:00+00:00,,0.0005,0.0,0.0005,37.547899289334076,,,,,real_settlement_event,GATE_REGIME_20260716_20260720
settlement_window,gate/binance,2026-07-18 04:00:00+00:00,,0.0005,0.0,0.0005,,34.41156228492773,33.066960595206545,-1.3446016897211877,,real_settlement_plus_minus_4h,GATE_REGIME_20260716_20260720
settlement,gate/binance,2026-07-18 08:00:00+00:00,,0.0005,0.0,0.0005,33.066960595206545,,,,,real_settlement_event,GATE_REGIME_20260716_20260720
settlement_window,gate/binance,2026-07-18 08:00:00+00:00,,0.0005,0.0,0.0005,,37.547899289334076,30.79013683549576,-6.757762453838318,,real_settlement_plus_minus_4h,GATE_REGIME_20260716_20260720
settlement,gate/binance,2026-07-18 12:00:00+00:00,,0.0005,0.0,0.0005,30.79013683549576,,,,,real_settlement_event,GATE_REGIME_20260716_20260720
settlement_window,gate/binance,2026-07-18 12:00:00+00:00,,0.0005,0.0,0.0005,,33.066960595206545,23.68075223253994,-9.386208362666604,,real_settlement_plus_minus_4h,GATE_REGIME_20260716_20260720
settlement,gate/binance,2026-07-18 16:00:00+00:00,,0.0005,-4.143e-05,0.00054143,23.68075223253994,,,,,real_settlement_event,GATE_REGIME_20260716_20260720
settlement_window,gate/binance,2026-07-18 16:00:00+00:00,,0.0005,-4.143e-05,0.00054143,,30.79013683549576,20.443226550097965,-10.346910285397794,,real_settlement_plus_minus_4h,GATE_REGIME_20260716_20260720
settlement,gate/binance,2026-07-18 20:00:00+00:00,,0.0005,0.0,0.0005,20.443226550097965,,,,,real_settlement_event,GATE_REGIME_20260716_20260720
settlement_window,gate/binance,2026-07-18 20:00:00+00:00,,0.0005,0.0,0.0005,,23.68075223253994,19.7153381872263,-3.96541404531364,,real_settlement_plus_minus_4h,GATE_REGIME_20260716_20260720
settlement,gate/binance,2026-07-19 00:00:00+00:00,,0.0005,0.0,0.0005,19.7153381872263,,,,,real_settlement_event,GATE_REGIME_20260716_20260720
settlement_window,gate/binance,2026-07-19 00:00:00+00:00,,0.0005,0.0,0.0005,,20.443226550097965,13.980977397420645,-6.46224915267732,,real_settlement_plus_minus_4h,GATE_REGIME_20260716_20260720
settlement,gate/binance,2026-07-19 04:00:00+00:00,,0.000443,0.0,0.000443,13.980977397420645,,,,,real_settlement_event,GATE_REGIME_20260716_20260720
settlement_window,gate/binance,2026-07-19 04:00:00+00:00,,0.000443,0.0,0.000443,,19.7153381872263,20.369074213004048,0.6537360257777465,,real_settlement_plus_minus_4h,GATE_REGIME_20260716_20260720
settlement,gate/binance,2026-07-19 08:00:00+00:00,,0.0005,8.177e-05,0.00041823,20.369074213004048,,,,,real_settlement_event,GATE_REGIME_20260716_20260720
settlement_window,gate/binance,2026-07-19 08:00:00+00:00,,0.0005,8.177e-05,0.00041823,,13.980977397420645,11.359494078651085,-2.6214833187695596,,real_settlement_plus_minus_4h,GATE_REGIME_20260716_20260720
settlement,gate/binance,2026-07-19 12:00:00+00:00,,0.000221,-0.00014976,0.00037076000000000003,11.359494078651085,,,,,real_settlement_event,GATE_REGIME_20260716_20260720
settlement_window,gate/binance,2026-07-19 12:00:00+00:00,,0.000221,-0.00014976,0.00037076000000000003,,20.369074213004048,16.309333695763588,-4.05974051724046,,real_settlement_plus_minus_4h,GATE_REGIME_20260716_20260720
settlement,gate/binance,2026-07-19 16:00:00+00:00,,0.000377,0.0,0.000377,16.309333695763588,,,,,real_settlement_event,GATE_REGIME_20260716_20260720
settlement_window,gate/binance,2026-07-19 16:00:00+00:00,,0.000377,0.0,0.000377,,11.359494078651085,21.79562410931458,10.436130030663495,,real_settlement_plus_minus_4h,GATE_REGIME_20260716_20260720
settlement,gate/binance,2026-07-19 20:00:00+00:00,,0.0005,0.00020692,0.00029308000000000003,21.79562410931458,,,,,real_settlement_event,GATE_REGIME_20260716_20260720
settlement_window,gate/binance,2026-07-19 20:00:00+00:00,,0.0005,0.00020692,0.00029308000000000003,,16.309333695763588,7.164749432789583,-9.144584262974004,,real_settlement_plus_minus_4h,GATE_REGIME_20260716_20260720
settlement,gate/binance,2026-07-20 00:00:00+00:00,,0.0005,-0.00031583,0.00081583,7.164749432789583,,,,,real_settlement_event,POST_20260720
settlement_window,gate/binance,2026-07-20 00:00:00+00:00,,0.0005,-0.00031583,0.00081583,,21.79562410931458,25.671801026871435,3.8761769175568546,,real_settlement_plus_minus_4h,POST_20260720
settlement,gate/binance,2026-07-20 04:00:00+00:00,,0.0005,0.00166537,-0.00116537,25.671801026871435,,,,,real_settlement_event,POST_20260720
settlement_window,gate/binance,2026-07-20 04:00:00+00:00,,0.0005,0.00166537,-0.00116537,,7.164749432789583,9.117454997966231,1.9527055651766476,,real_settlement_plus_minus_4h,POST_20260720
settlement,gate/binance,2026-07-20 08:00:00+00:00,,0.0005,0.00052817,-2.8169999999999996e-05,9.117454997966231,,,,,real_settlement_event,POST_20260720
settlement_window,gate/binance,2026-07-20 08:00:00+00:00,,0.0005,0.00052817,-2.8169999999999996e-05,,25.671801026871435,9.878622498965983,-15.793178527905452,,real_settlement_plus_minus_4h,POST_20260720
settlement,gate/binance,2026-07-20 12:00:00+00:00,,5e-05,0.00060173,-0.00055173,9.878622498965983,,,,,real_settlement_event,POST_20260720
settlement_window,gate/binance,2026-07-20 12:00:00+00:00,,5e-05,0.00060173,-0.00055173,,9.117454997966231,10.656947963995565,1.539492966029334,,real_settlement_plus_minus_4h,POST_20260720
settlement,gate/binance,2026-07-20 16:00:00+00:00,,5e-05,-0.00016124,0.00021124,10.656947963995565,,,,,real_settlement_event,POST_20260720
settlement_window,gate/binance,2026-07-20 16:00:00+00:00,,5e-05,-0.00016124,0.00021124,,9.878622498965983,18.41674340309592,8.538120904129938,,real_settlement_plus_minus_4h,POST_20260720
settlement,gate/binance,2026-07-20 20:00:00+00:00,,5e-05,-0.00055024,0.00060024,18.41674340309592,,,,,real_settlement_event,POST_20260720
settlement_window,gate/binance,2026-07-20 20:00:00+00:00,,5e-05,-0.00055024,0.00060024,,10.656947963995565,2.8960923439741535,-7.760855620021411,,real_settlement_plus_minus_4h,POST_20260720
settlement,gate/binance,2026-07-21 00:00:00+00:00,,0.000449,0.00015674,0.00029226,2.8960923439741535,,,,,real_settlement_event,POST_20260720
settlement_window,gate/binance,2026-07-21 00:00:00+00:00,,0.000449,0.00015674,0.00029226,,18.41674340309592,9.570954506586128,-8.845788896509793,,real_settlement_plus_minus_4h,POST_20260720
settlement,gate/binance,2026-07-21 04:00:00+00:00,,0.000175,0.00119891,-0.00102391,9.570954506586128,,,,,real_settlement_event,POST_20260720
settlement_window,gate/binance,2026-07-21 04:00:00+00:00,,0.000175,0.00119891,-0.00102391,,2.8960923439741535,9.387782471669444,6.491690127695291,,real_settlement_plus_minus_4h,POST_20260720
settlement,gate/binance,2026-07-21 08:00:00+00:00,,0.000363,0.00022498,0.00013801999999999998,9.387782471669444,,,,,real_settlement_event,POST_20260720
settlement_window,gate/binance,2026-07-21 08:00:00+00:00,,0.000363,0.00022498,0.00013801999999999998,,9.570954506586128,11.757696754007748,2.18674224742162,,real_settlement_plus_minus_4h,POST_20260720
settlement,gate/binance,2026-07-21 12:00:00+00:00,,0.000178,0.0,0.000178,11.757696754007748,,,,,real_settlement_event,POST_20260720
settlement_window,gate/binance,2026-07-21 12:00:00+00:00,,0.000178,0.0,0.000178,,9.387782471669444,10.529430526893401,1.141648055223957,,real_settlement_plus_minus_4h,POST_20260720
settlement,gate/binance,2026-07-21 16:00:00+00:00,,0.000493,0.00068707,-0.00019407000000000007,10.529430526893401,,,,,real_settlement_event,POST_20260720
settlement_window,gate/binance,2026-07-21 16:00:00+00:00,,0.000493,0.00068707,-0.00019407000000000007,,11.757696754007748,2.261334941393393,-9.496361812614355,,real_settlement_plus_minus_4h,POST_20260720
settlement,gate/binance,2026-07-21 20:00:00+00:00,,5.8e-05,0.00010694,-4.894e-05,2.261334941393393,,,,,real_settlement_event,POST_20260720
settlement_window,gate/binance,2026-07-21 20:00:00+00:00,,5.8e-05,0.00010694,-4.894e-05,,10.529430526893401,1.8477798924592104,-8.681650634434192,,real_settlement_plus_minus_4h,POST_20260720
settlement,gate/binance,2026-07-22 00:00:00+00:00,,0.000122,0.0,0.000122,1.8477798924592104,,,,,real_settlement_event,POST_20260720
settlement_window,gate/binance,2026-07-22 00:00:00+00:00,,0.000122,0.0,0.000122,,2.261334941393393,-0.3798742616190585,-1.8814606797743347,,real_settlement_plus_minus_4h,POST_20260720
settlement,gate/binance,2026-07-22 04:00:00+00:00,,5e-05,0.00034064,-0.00029064,-0.3798742616190585,,,,,real_settlement_event,POST_20260720
settlement_window,gate/binance,2026-07-22 04:00:00+00:00,,5e-05,0.00034064,-0.00029064,,1.8477798924592104,7.47387158602839,5.62609169356918,,real_settlement_plus_minus_4h,POST_20260720
settlement,gate/binance,2026-07-22 08:00:00+00:00,,0.000107,0.00068087,-0.00057387,7.47387158602839,,,,,real_settlement_event,POST_20260720
settlement_window,gate/binance,2026-07-22 08:00:00+00:00,,0.000107,0.00068087,-0.00057387,,-0.3798742616190585,5.09426410120693,4.714389839587871,,real_settlement_plus_minus_4h,POST_20260720
settlement,gate/binance,2026-07-22 12:00:00+00:00,,0.000102,-0.00023337,0.00033537,5.09426410120693,,,,,real_settlement_event,POST_20260720
settlement_window,gate/binance,2026-07-22 12:00:00+00:00,,0.000102,-0.00023337,0.00033537,,7.47387158602839,-2.0999661672116092,-5.373905418816781,,real_settlement_plus_minus_4h,POST_20260720
settlement,gate/binance,2026-07-22 16:00:00+00:00,,0.000262,0.0007125,-0.0004505,-2.0999661672116092,,,,,real_settlement_event,POST_20260720
settlement_window,gate/binance,2026-07-22 16:00:00+00:00,,0.000262,0.0007125,-0.0004505,,5.09426410120693,-3.5942273583213113,-1.5000367428856185,,real_settlement_plus_minus_4h,POST_20260720
settlement,gate/binance,2026-07-22 20:00:00+00:00,,5e-05,-5.632e-05,0.00010632,-3.5942273583213113,,,,,real_settlement_event,POST_20260720
settlement_window,gate/binance,2026-07-22 20:00:00+00:00,,5e-05,-5.632e-05,0.00010632,,-2.0999661672116092,1.8305519114013569,-0.26941425581025236,,real_settlement_plus_minus_4h,POST_20260720
settlement,gate/binance,2026-07-23 00:00:00+00:00,,5e-05,0.0,5e-05,1.8305519114013569,,,,,real_settlement_event,POST_20260720
settlement_window,gate/binance,2026-07-23 00:00:00+00:00,,5e-05,0.0,5e-05,,-3.5942273583213113,-5.754733268113022,2.160505909791711,,real_settlement_plus_minus_4h,POST_20260720
settlement,gate/binance,2026-07-23 04:00:00+00:00,,0.00014,0.00063342,-0.0004934200000000001,-5.754733268113022,,,,,real_settlement_event,POST_20260720
settlement_window,gate/binance,2026-07-23 04:00:00+00:00,,0.00014,0.00063342,-0.0004934200000000001,,1.8305519114013569,-1.6802743429747522,-0.15027756842660467,,real_settlement_plus_minus_4h,POST_20260720
settlement,gate/binance,2026-07-23 08:00:00+00:00,,5e-05,6.207e-05,-1.2069999999999991e-05,-1.6802743429747522,,,,,real_settlement_event,POST_20260720
settlement_window,gate/binance,2026-07-23 08:00:00+00:00,,5e-05,6.207e-05,-1.2069999999999991e-05,,-5.754733268113022,13.125652884731561,7.370919616618539,,real_settlement_plus_minus_4h,POST_20260720
lag_correlation,gate/binance,,-24.0,,,,,,,,-0.005651171699844309,descriptive_forward_hold,
lag_correlation,gate/binance,,-12.0,,,,,,,,-0.0087799741448556,descriptive_forward_hold,
lag_correlation,gate/binance,,-8.0,,,,,,,,0.034222678144303555,descriptive_forward_hold,
lag_correlation,gate/binance,,-4.0,,,,,,,,0.08133148376534845,descriptive_forward_hold,
lag_correlation,gate/binance,,0.0,,,,,,,,0.0408131184553396,descriptive_forward_hold,
lag_correlation,gate/binance,,4.0,,,,,,,,-0.037573237332841423,descriptive_forward_hold,
lag_correlation,gate/binance,,8.0,,,,,,,,0.029404023791078353,descriptive_forward_hold,
lag_correlation,gate/binance,,12.0,,,,,,,,0.1478391082713833,descriptive_forward_hold,
lag_correlation,gate/binance,,24.0,,,,,,,,0.041033845673282596,descriptive_forward_hold,
settlement,gate/bitget,2026-06-10 08:00:00+00:00,,0.00401,0.001,0.0030099999999999997,-24.522968983261205,,,,,real_settlement_event,PRE_20260716
settlement_window,gate/bitget,2026-06-10 08:00:00+00:00,,0.00401,0.001,0.0030099999999999997,,,1.4294258598188736,,,real_settlement_plus_minus_4h,PRE_20260716
settlement,gate/bitget,2026-06-10 16:00:00+00:00,,0.000223,0.0,0.000223,-16.661345311886304,,,,,real_settlement_event,PRE_20260716
settlement_window,gate/bitget,2026-06-10 16:00:00+00:00,,0.000223,0.0,0.000223,,1.4294258598188736,-1.6426368801847764,0.21321102036590278,,real_settlement_plus_minus_4h,PRE_20260716
settlement,gate/bitget,2026-06-11 00:00:00+00:00,,-0.001583,0.0,-0.001583,-23.39181286549639,,,,,real_settlement_event,PRE_20260716
settlement_window,gate/bitget,2026-06-11 00:00:00+00:00,,-0.001583,0.0,-0.001583,,-1.6426368801847764,-47.62610257318208,45.98346569299731,,real_settlement_plus_minus_4h,PRE_20260716
settlement,gate/bitget,2026-06-11 08:00:00+00:00,,0.002548,0.001,0.001548,-62.802173154562674,,,,,real_settlement_event,PRE_20260716
settlement_window,gate/bitget,2026-06-11 08:00:00+00:00,,0.002548,0.001,0.001548,,-47.62610257318208,-12.937070393300704,-34.68903217988138,,real_settlement_plus_minus_4h,PRE_20260716
settlement,gate/bitget,2026-06-11 16:00:00+00:00,,0.000344,0.0,0.000344,-39.27116103287485,,,,,real_settlement_event,PRE_20260716
settlement_window,gate/bitget,2026-06-11 16:00:00+00:00,,0.000344,0.0,0.000344,,-12.937070393300704,-38.736864146153614,25.79979375285291,,real_settlement_plus_minus_4h,PRE_20260716
settlement,gate/bitget,2026-06-12 00:00:00+00:00,,0.002061,0.0,0.002061,-21.894891410517058,,,,,real_settlement_event,PRE_20260716
settlement_window,gate/bitget,2026-06-12 00:00:00+00:00,,0.002061,0.0,0.002061,,-38.736864146153614,-7.66270760107187,-31.074156545081745,,real_settlement_plus_minus_4h,PRE_20260716
settlement,gate/bitget,2026-06-12 08:00:00+00:00,,0.001088,0.000901,0.000187,-29.33183198837867,,,,,real_settlement_event,PRE_20260716
settlement_window,gate/bitget,2026-06-12 08:00:00+00:00,,0.001088,0.000901,0.000187,,-7.66270760107187,-17.354654766331844,9.691947165259975,,real_settlement_plus_minus_4h,PRE_20260716
settlement,gate/bitget,2026-06-12 16:00:00+00:00,,0.000685,0.0,0.000685,-10.134108029591594,,,,,real_settlement_event,PRE_20260716
settlement_window,gate/bitget,2026-06-12 16:00:00+00:00,,0.000685,0.0,0.000685,,-17.354654766331844,-11.541464408160804,-5.81319035817104,,real_settlement_plus_minus_4h,PRE_20260716
settlement,gate/bitget,2026-06-13 00:00:00+00:00,,0.0001,0.0,0.0001,-21.151354604841192,,,,,real_settlement_event,PRE_20260716
settlement_window,gate/bitget,2026-06-13 00:00:00+00:00,,0.0001,0.0,0.0001,,-11.541464408160804,-9.060161516113494,-2.48130289204731,,real_settlement_plus_minus_4h,PRE_20260716
settlement,gate/bitget,2026-06-13 08:00:00+00:00,,0.0001,0.0,0.0001,-29.905075067151593,,,,,real_settlement_event,PRE_20260716
settlement_window,gate/bitget,2026-06-13 08:00:00+00:00,,0.0001,0.0,0.0001,,-9.060161516113494,-28.798087372310423,19.73792585619693,,real_settlement_plus_minus_4h,PRE_20260716
settlement,gate/bitget,2026-06-13 16:00:00+00:00,,0.0001,0.0,0.0001,-21.61723974869989,,,,,real_settlement_event,PRE_20260716
settlement_window,gate/bitget,2026-06-13 16:00:00+00:00,,0.0001,0.0,0.0001,,-28.798087372310423,-19.85224070508776,-8.945846667222664,,real_settlement_plus_minus_4h,PRE_20260716
settlement,gate/bitget,2026-06-14 00:00:00+00:00,,0.0001,0.0,0.0001,-20.45140118831961,,,,,real_settlement_event,PRE_20260716
settlement_window,gate/bitget,2026-06-14 00:00:00+00:00,,0.0001,0.0,0.0001,,-19.85224070508776,-19.296089237804956,-0.5561514672828025,,real_settlement_plus_minus_4h,PRE_20260716
settlement,gate/bitget,2026-06-14 08:00:00+00:00,,0.0001,0.0,0.0001,-18.937512829172558,,,,,real_settlement_event,PRE_20260716
settlement_window,gate/bitget,2026-06-14 08:00:00+00:00,,0.0001,0.0,0.0001,,-19.296089237804956,-12.578945989149645,-6.7171432486553115,,real_settlement_plus_minus_4h,PRE_20260716
settlement,gate/bitget,2026-06-14 16:00:00+00:00,,0.0001,0.0,0.0001,-15.72108937901619,,,,,real_settlement_event,PRE_20260716
settlement_window,gate/bitget,2026-06-14 16:00:00+00:00,,0.0001,0.0,0.0001,,-12.578945989149645,-21.76885195853432,9.189905969384675,,real_settlement_plus_minus_4h,PRE_20260716
settlement,gate/bitget,2026-06-15 00:00:00+00:00,,0.0001,0.0,0.0001,-22.20184371832646,,,,,real_settlement_event,PRE_20260716
settlement_window,gate/bitget,2026-06-15 00:00:00+00:00,,0.0001,0.0,0.0001,,-21.76885195853432,-14.368754490236077,-7.400097468298243,,real_settlement_plus_minus_4h,PRE_20260716
settlement,gate/bitget,2026-06-15 08:00:00+00:00,,0.002437,0.001,0.001437,0.3269309358409932,,,,,real_settlement_event,PRE_20260716
settlement_window,gate/bitget,2026-06-15 08:00:00+00:00,,0.002437,0.001,0.001437,,-14.368754490236077,-12.003268975381227,-2.36548551485485,,real_settlement_plus_minus_4h,PRE_20260716
settlement,gate/bitget,2026-06-15 16:00:00+00:00,,0.00118,0.0,0.00118,-6.818440092427283,,,,,real_settlement_event,PRE_20260716
settlement_window,gate/bitget,2026-06-15 16:00:00+00:00,,0.00118,0.0,0.00118,,-12.003268975381227,-22.58501443626695,10.581745460885722,,real_settlement_plus_minus_4h,PRE_20260716
settlement,gate/bitget,2026-06-16 00:00:00+00:00,,-0.000288,0.0,-0.000288,-19.3733822431833,,,,,real_settlement_event,PRE_20260716
settlement_window,gate/bitget,2026-06-16 00:00:00+00:00,,-0.000288,0.0,-0.000288,,-22.58501443626695,-27.707374375147115,5.122359938880166,,real_settlement_plus_minus_4h,PRE_20260716
settlement,gate/bitget,2026-06-16 08:00:00+00:00,,0.001027,0.001,2.6999999999999897e-05,-26.254922798024914,,,,,real_settlement_event,PRE_20260716
settlement_window,gate/bitget,2026-06-16 08:00:00+00:00,,0.001027,0.001,2.6999999999999897e-05,,-27.707374375147115,-2.3859121066678455,-25.32146226847927,,real_settlement_plus_minus_4h,PRE_20260716
settlement,gate/bitget,2026-06-16 16:00:00+00:00,,-0.000901,0.0,-0.000901,-3.6324588878936286,,,,,real_settlement_event,PRE_20260716
settlement_window,gate/bitget,2026-06-16 16:00:00+00:00,,-0.000901,0.0,-0.000901,,-2.3859121066678455,-15.16862893171791,12.782716825050064,,real_settlement_plus_minus_4h,PRE_20260716
settlement,gate/bitget,2026-06-17 00:00:00+00:00,,0.0001,0.0,0.0001,-3.194978245956886,,,,,real_settlement_event,PRE_20260716
settlement_window,gate/bitget,2026-06-17 00:00:00+00:00,,0.0001,0.0,0.0001,,-15.16862893171791,-3.1070374398011498,-12.06159149191676,,real_settlement_plus_minus_4h,PRE_20260716
settlement,gate/bitget,2026-06-17 08:00:00+00:00,,0.00107,0.001,6.999999999999997e-05,-24.132404055684514,,,,,real_settlement_event,PRE_20260716
settlement_window,gate/bitget,2026-06-17 08:00:00+00:00,,0.00107,0.001,6.999999999999997e-05,,-3.1070374398011498,-20.84209371629063,17.73505627648948,,real_settlement_plus_minus_4h,PRE_20260716
settlement,gate/bitget,2026-06-17 16:00:00+00:00,,0.001182,0.0,0.001182,-8.043753320983281,,,,,real_settlement_event,PRE_20260716
settlement_window,gate/bitget,2026-06-17 16:00:00+00:00,,0.001182,0.0,0.001182,,-20.84209371629063,-10.995378969109739,-9.846714747180892,,real_settlement_plus_minus_4h,PRE_20260716
settlement,gate/bitget,2026-06-18 00:00:00+00:00,,0.0001,0.0,0.0001,-5.924937371110884,,,,,real_settlement_event,PRE_20260716
settlement_window,gate/bitget,2026-06-18 00:00:00+00:00,,0.0001,0.0,0.0001,,-10.995378969109739,-17.210058322975122,6.2146793538653835,,real_settlement_plus_minus_4h,PRE_20260716
settlement,gate/bitget,2026-06-18 08:00:00+00:00,,0.001019,0.001,1.899999999999992e-05,-8.100537297876377,,,,,real_settlement_event,PRE_20260716
settlement_window,gate/bitget,2026-06-18 08:00:00+00:00,,0.001019,0.001,1.899999999999992e-05,,-17.210058322975122,-30.502735451734573,13.29267712875945,,real_settlement_plus_minus_4h,PRE_20260716
settlement,gate/bitget,2026-06-18 16:00:00+00:00,,0.001266,0.0,0.001266,-25.56053934379936,,,,,real_settlement_event,PRE_20260716
settlement_window,gate/bitget,2026-06-18 16:00:00+00:00,,0.001266,0.0,0.001266,,-30.502735451734573,-39.15271997682255,8.64998452508798,,real_settlement_plus_minus_4h,PRE_20260716
settlement,gate/bitget,2026-06-19 00:00:00+00:00,,0.0007,0.0,0.0007,-21.38053288948454,,,,,real_settlement_event,PRE_20260716
settlement_window,gate/bitget,2026-06-19 00:00:00+00:00,,0.0007,0.0,0.0007,,-39.15271997682255,-39.51478493140021,0.3620649545776544,,real_settlement_plus_minus_4h,PRE_20260716
settlement,gate/bitget,2026-06-19 08:00:00+00:00,,0.001987,0.001,0.000987,-45.283934683025194,,,,,real_settlement_event,PRE_20260716
settlement_window,gate/bitget,2026-06-19 08:00:00+00:00,,0.001987,0.001,0.000987,,-39.51478493140021,-33.113942064284586,-6.400842867115621,,real_settlement_plus_minus_4h,PRE_20260716
settlement,gate/bitget,2026-06-19 16:00:00+00:00,,0.000276,0.0,0.000276,-26.02843565841326,,,,,real_settlement_event,PRE_20260716
settlement_window,gate/bitget,2026-06-19 16:00:00+00:00,,0.000276,0.0,0.000276,,-33.113942064284586,-35.4672037831685,2.353261718883914,,real_settlement_plus_minus_4h,PRE_20260716
settlement,gate/bitget,2026-06-20 00:00:00+00:00,,0.000635,0.0,0.000635,-29.505818297411388,,,,,real_settlement_event,PRE_20260716
settlement_window,gate/bitget,2026-06-20 00:00:00+00:00,,0.000635,0.0,0.000635,,-35.4672037831685,-45.14552084307281,9.678317059904309,,real_settlement_plus_minus_4h,PRE_20260716
settlement,gate/bitget,2026-06-20 08:00:00+00:00,,0.001176,0.0,0.001176,-43.306424487050165,,,,,real_settlement_event,PRE_20260716
settlement_window,gate/bitget,2026-06-20 08:00:00+00:00,,0.001176,0.0,0.001176,,-45.14552084307281,-47.6510155458145,2.505494702741693,,real_settlement_plus_minus_4h,PRE_20260716
settlement,gate/bitget,2026-06-20 16:00:00+00:00,,0.000411,0.0,0.000411,-35.39266192142829,,,,,real_settlement_event,PRE_20260716
settlement_window,gate/bitget,2026-06-20 16:00:00+00:00,,0.000411,0.0,0.000411,,-47.6510155458145,-36.1743057878893,-11.4767097579252,,real_settlement_plus_minus_4h,PRE_20260716
settlement,gate/bitget,2026-06-21 00:00:00+00:00,,0.000116,0.0,0.000116,-37.74812886430198,,,,,real_settlement_event,PRE_20260716
settlement_window,gate/bitget,2026-06-21 00:00:00+00:00,,0.000116,0.0,0.000116,,-36.1743057878893,-33.008438949958624,-3.165866837930679,,real_settlement_plus_minus_4h,PRE_20260716
settlement,gate/bitget,2026-06-21 08:00:00+00:00,,0.0001,0.0,0.0001,-21.244145643278948,,,,,real_settlement_event,PRE_20260716
settlement_window,gate/bitget,2026-06-21 08:00:00+00:00,,0.0001,0.0,0.0001,,-33.008438949958624,-34.703338253956154,1.6948993039975306,,real_settlement_plus_minus_4h,PRE_20260716
settlement,gate/bitget,2026-06-21 16:00:00+00:00,,0.0001,0.0,0.0001,-20.95849851435078,,,,,real_settlement_event,PRE_20260716
settlement_window,gate/bitget,2026-06-21 16:00:00+00:00,,0.0001,0.0,0.0001,,-34.703338253956154,-31.1849769763089,-3.518361277647255,,real_settlement_plus_minus_4h,PRE_20260716
settlement,gate/bitget,2026-06-22 00:00:00+00:00,,-0.001471,0.0,-0.001471,-14.40089023685031,,,,,real_settlement_event,PRE_20260716
settlement_window,gate/bitget,2026-06-22 00:00:00+00:00,,-0.001471,0.0,-0.001471,,-31.1849769763089,-45.36582792635918,14.180850950050282,,real_settlement_plus_minus_4h,PRE_20260716
settlement,gate/bitget,2026-06-22 08:00:00+00:00,,0.003333,0.001,0.002333,-59.26606078944964,,,,,real_settlement_event,PRE_20260716
settlement_window,gate/bitget,2026-06-22 08:00:00+00:00,,0.003333,0.001,0.002333,,-45.36582792635918,-67.70021993589295,22.334392009533765,,real_settlement_plus_minus_4h,PRE_20260716
settlement,gate/bitget,2026-06-22 16:00:00+00:00,,0.0001,0.0,0.0001,-38.415465322814114,,,,,real_settlement_event,PRE_20260716
settlement_window,gate/bitget,2026-06-22 16:00:00+00:00,,0.0001,0.0,0.0001,,-67.70021993589295,-40.087323979625104,-27.61289595626784,,real_settlement_plus_minus_4h,PRE_20260716
settlement,gate/bitget,2026-06-23 00:00:00+00:00,,0.0001,0.0,0.0001,-35.256443688783605,,,,,real_settlement_event,PRE_20260716
settlement_window,gate/bitget,2026-06-23 00:00:00+00:00,,0.0001,0.0,0.0001,,-40.087323979625104,-24.280312015963098,-15.807011963662006,,real_settlement_plus_minus_4h,PRE_20260716
settlement,gate/bitget,2026-06-23 08:00:00+00:00,,0.003,0.001,0.002,-2.445970263989176,,,,,real_settlement_event,PRE_20260716
settlement_window,gate/bitget,2026-06-23 08:00:00+00:00,,0.003,0.001,0.002,,-24.280312015963098,2.339044500320821,-21.941267515642277,,real_settlement_plus_minus_4h,PRE_20260716
settlement,gate/bitget,2026-06-23 16:00:00+00:00,,0.001,0.0,0.001,-30.383022475349843,,,,,real_settlement_event,PRE_20260716
settlement_window,gate/bitget,2026-06-23 16:00:00+00:00,,0.001,0.0,0.001,,2.339044500320821,-10.977845772946086,8.638801272625265,,real_settlement_plus_minus_4h,PRE_20260716
settlement,gate/bitget,2026-06-24 00:00:00+00:00,,0.001,0.0,0.001,-21.754894851341092,,,,,real_settlement_event,PRE_20260716
settlement_window,gate/bitget,2026-06-24 00:00:00+00:00,,0.001,0.0,0.001,,-10.977845772946086,80.52217409870094,69.54432832575486,,real_settlement_plus_minus_4h,PRE_20260716
settlement,gate/bitget,2026-06-24 08:00:00+00:00,,0.001,0.005,-0.004,51.77956698625798,,,,,real_settlement_event,PRE_20260716
settlement_window,gate/bitget,2026-06-24 08:00:00+00:00,,0.001,0.005,-0.004,,80.52217409870094,-11.541472166197096,-68.98070193250385,,real_settlement_plus_minus_4h,PRE_20260716
settlement,gate/bitget,2026-06-24 16:00:00+00:00,,0.001237,0.0,0.001237,-14.768278675074322,,,,,real_settlement_event,PRE_20260716
settlement_window,gate/bitget,2026-06-24 16:00:00+00:00,,0.001237,0.0,0.001237,,-11.541472166197096,41.287055131980956,29.74558296578386,,real_settlement_plus_minus_4h,PRE_20260716
settlement,gate/bitget,2026-06-25 00:00:00+00:00,,0.003,0.000707,0.002293,127.0266020250703,,,,,real_settlement_event,PRE_20260716
settlement_window,gate/bitget,2026-06-25 00:00:00+00:00,,0.003,0.000707,0.002293,,41.287055131980956,109.05298179369758,67.76592666171663,,real_settlement_plus_minus_4h,PRE_20260716
settlement,gate/bitget,2026-06-25 08:00:00+00:00,,0.003,0.003784,-0.000784,100.16365423568774,,,,,real_settlement_event,PRE_20260716
settlement_window,gate/bitget,2026-06-25 08:00:00+00:00,,0.003,0.003784,-0.000784,,109.05298179369758,102.53425387231819,-6.518727921379394,,real_settlement_plus_minus_4h,PRE_20260716
settlement,gate/bitget,2026-06-25 16:00:00+00:00,,0.0001,0.0,0.0001,112.65842591143749,,,,,real_settlement_event,PRE_20260716
settlement_window,gate/bitget,2026-06-25 16:00:00+00:00,,0.0001,0.0,0.0001,,102.53425387231819,130.41610808137315,27.881854209054964,,real_settlement_plus_minus_4h,PRE_20260716
settlement,gate/bitget,2026-06-26 00:00:00+00:00,,0.0001,0.0,0.0001,121.35696740357119,,,,,real_settlement_event,PRE_20260716
settlement_window,gate/bitget,2026-06-26 00:00:00+00:00,,0.0001,0.0,0.0001,,130.41610808137315,160.9211188939242,30.505010812551035,,real_settlement_plus_minus_4h,PRE_20260716
settlement,gate/bitget,2026-06-26 08:00:00+00:00,,0.003,0.005,-0.002,112.06908598018504,,,,,real_settlement_event,PRE_20260716
settlement_window,gate/bitget,2026-06-26 08:00:00+00:00,,0.003,0.005,-0.002,,160.9211188939242,115.00237829196455,-45.91874060195964,,real_settlement_plus_minus_4h,PRE_20260716
settlement,gate/bitget,2026-06-26 16:00:00+00:00,,0.000176,0.0,0.000176,74.25797937775377,,,,,real_settlement_event,PRE_20260716
settlement_window,gate/bitget,2026-06-26 16:00:00+00:00,,0.000176,0.0,0.000176,,115.00237829196455,86.91070406735379,-28.091674224610756,,real_settlement_plus_minus_4h,PRE_20260716
settlement,gate/bitget,2026-06-27 00:00:00+00:00,,0.000336,0.0,0.000336,121.79514225841436,,,,,real_settlement_event,PRE_20260716
settlement_window,gate/bitget,2026-06-27 00:00:00+00:00,,0.000336,0.0,0.000336,,86.91070406735379,118.6196879407067,31.708983873352906,,real_settlement_plus_minus_4h,PRE_20260716
settlement,gate/bitget,2026-06-27 08:00:00+00:00,,0.000279,0.0,0.000279,95.7557300037435,,,,,real_settlement_event,PRE_20260716
settlement_window,gate/bitget,2026-06-27 08:00:00+00:00,,0.000279,0.0,0.000279,,118.6196879407067,87.65296398019878,-30.96672396050792,,real_settlement_plus_minus_4h,PRE_20260716
settlement,gate/bitget,2026-06-27 16:00:00+00:00,,0.000218,0.0,0.000218,111.55002917807538,,,,,real_settlement_event,PRE_20260716
settlement_window,gate/bitget,2026-06-27 16:00:00+00:00,,0.000218,0.0,0.000218,,87.65296398019878,81.6454702465062,-6.00749373369257,,real_settlement_plus_minus_4h,PRE_20260716
settlement,gate/bitget,2026-06-28 00:00:00+00:00,,0.000127,0.0,0.000127,94.05174818475649,,,,,real_settlement_event,PRE_20260716
settlement_window,gate/bitget,2026-06-28 00:00:00+00:00,,0.000127,0.0,0.000127,,81.6454702465062,123.33327681029135,41.687806563785145,,real_settlement_plus_minus_4h,PRE_20260716
settlement,gate/bitget,2026-06-28 08:00:00+00:00,,0.000267,0.0,0.000267,131.6801095936366,,,,,real_settlement_event,PRE_20260716
settlement_window,gate/bitget,2026-06-28 08:00:00+00:00,,0.000267,0.0,0.000267,,123.33327681029135,115.65617316898512,-7.677103641306232,,real_settlement_plus_minus_4h,PRE_20260716
settlement,gate/bitget,2026-06-28 16:00:00+00:00,,0.000275,0.0,0.000275,130.1670486250865,,,,,real_settlement_event,PRE_20260716
settlement_window,gate/bitget,2026-06-28 16:00:00+00:00,,0.000275,0.0,0.000275,,115.65617316898512,113.42196601741423,-2.2342071515708852,,real_settlement_plus_minus_4h,PRE_20260716
settlement,gate/bitget,2026-06-29 00:00:00+00:00,,0.000287,0.0,0.000287,123.78931886692814,,,,,real_settlement_event,PRE_20260716
settlement_window,gate/bitget,2026-06-29 00:00:00+00:00,,0.000287,0.0,0.000287,,113.42196601741423,232.9376680403418,119.51570202292757,,real_settlement_plus_minus_4h,PRE_20260716
settlement,gate/bitget,2026-06-29 08:00:00+00:00,,0.0005,0.005,-0.0045000000000000005,134.96492991761073,,,,,real_settlement_event,PRE_20260716
settlement_window,gate/bitget,2026-06-29 08:00:00+00:00,,0.0005,0.005,-0.0045000000000000005,,232.9376680403418,120.44374009508768,-112.49392794525413,,real_settlement_plus_minus_4h,PRE_20260716
settlement,gate/bitget,2026-06-29 16:00:00+00:00,,0.0001,0.0,0.0001,117.64464035569428,,,,,real_settlement_event,PRE_20260716
settlement_window,gate/bitget,2026-06-29 16:00:00+00:00,,0.0001,0.0,0.0001,,120.44374009508768,123.28700260987172,2.843262514784044,,real_settlement_plus_minus_4h,PRE_20260716
settlement,gate/bitget,2026-06-30 00:00:00+00:00,,0.0001,0.0,0.0001,164.29480504454395,,,,,real_settlement_event,PRE_20260716
settlement_window,gate/bitget,2026-06-30 00:00:00+00:00,,0.0001,0.0,0.0001,,123.28700260987172,87.48482567913108,-35.80217693074064,,real_settlement_plus_minus_4h,PRE_20260716
settlement,gate/bitget,2026-06-30 08:00:00+00:00,,0.003,0.001394,0.001606,61.51564826024316,,,,,real_settlement_event,PRE_20260716
settlement_window,gate/bitget,2026-06-30 08:00:00+00:00,,0.003,0.001394,0.001606,,87.48482567913108,41.93042333488963,-45.554402344241446,,real_settlement_plus_minus_4h,PRE_20260716
settlement,gate/bitget,2026-06-30 16:00:00+00:00,,0.0001,0.0,0.0001,60.62685884237094,,,,,real_settlement_event,PRE_20260716
settlement_window,gate/bitget,2026-06-30 16:00:00+00:00,,0.0001,0.0,0.0001,,41.93042333488963,48.88723212329454,6.956808788404906,,real_settlement_plus_minus_4h,PRE_20260716
settlement,gate/bitget,2026-07-01 00:00:00+00:00,,0.0001,0.0,0.0001,60.51096219365258,,,,,real_settlement_event,PRE_20260716
settlement_window,gate/bitget,2026-07-01 00:00:00+00:00,,0.0001,0.0,0.0001,,48.88723212329454,100.23284310071847,51.34561097742393,,real_settlement_plus_minus_4h,PRE_20260716
settlement,gate/bitget,2026-07-01 08:00:00+00:00,,0.003,0.003308,-0.0003080000000000001,147.77513001513773,,,,,real_settlement_event,PRE_20260716
settlement_window,gate/bitget,2026-07-01 08:00:00+00:00,,0.003,0.003308,-0.0003080000000000001,,100.23284310071847,124.55718661399844,24.32434351327997,,real_settlement_plus_minus_4h,PRE_20260716
settlement,gate/bitget,2026-07-01 16:00:00+00:00,,0.0001,-8e-06,0.00010800000000000001,121.6245429680515,,,,,real_settlement_event,PRE_20260716
settlement_window,gate/bitget,2026-07-01 16:00:00+00:00,,0.0001,-8e-06,0.00010800000000000001,,124.55718661399844,155.36926848536893,30.812081871370495,,real_settlement_plus_minus_4h,PRE_20260716
settlement,gate/bitget,2026-07-02 00:00:00+00:00,,0.0001,-1.4e-05,0.000114,64.15599832636592,,,,,real_settlement_event,PRE_20260716
settlement_window,gate/bitget,2026-07-02 00:00:00+00:00,,0.0001,-1.4e-05,0.000114,,155.36926848536893,137.06953436865052,-18.29973411671841,,real_settlement_plus_minus_4h,PRE_20260716
settlement,gate/bitget,2026-07-02 08:00:00+00:00,,0.003,0.005,-0.002,95.42946712793166,,,,,real_settlement_event,PRE_20260716
settlement_window,gate/bitget,2026-07-02 08:00:00+00:00,,0.003,0.005,-0.002,,137.06953436865052,67.30782021096806,-69.76171415768246,,real_settlement_plus_minus_4h,PRE_20260716
settlement,gate/bitget,2026-07-02 16:00:00+00:00,,0.0001,-6.9e-05,0.000169,29.743679468113026,,,,,real_settlement_event,PRE_20260716
settlement_window,gate/bitget,2026-07-02 16:00:00+00:00,,0.0001,-6.9e-05,0.000169,,67.30782021096806,60.65074352803566,-6.657076682932399,,real_settlement_plus_minus_4h,PRE_20260716
settlement,gate/bitget,2026-07-03 00:00:00+00:00,,0.0001,0.0,0.0001,26.900167439818237,,,,,real_settlement_event,PRE_20260716
settlement_window,gate/bitget,2026-07-03 00:00:00+00:00,,0.0001,0.0,0.0001,,60.65074352803566,51.58641382305429,-9.064329704981368,,real_settlement_plus_minus_4h,PRE_20260716
settlement,gate/bitget,2026-07-03 08:00:00+00:00,,0.002393,0.001529,0.0008640000000000002,32.39604160866525,,,,,real_settlement_event,PRE_20260716
settlement_window,gate/bitget,2026-07-03 08:00:00+00:00,,0.002393,0.001529,0.0008640000000000002,,51.58641382305429,48.96964876084344,-2.6167650622108525,,real_settlement_plus_minus_4h,PRE_20260716
settlement,gate/bitget,2026-07-03 16:00:00+00:00,,0.0001,0.0,0.0001,38.08591605412301,,,,,real_settlement_event,PRE_20260716
settlement_window,gate/bitget,2026-07-03 16:00:00+00:00,,0.0001,0.0,0.0001,,48.96964876084344,41.98740377886634,-6.982244981977104,,real_settlement_plus_minus_4h,PRE_20260716
settlement,gate/bitget,2026-07-04 00:00:00+00:00,,0.0001,0.0,0.0001,37.99607702840981,,,,,real_settlement_event,PRE_20260716
settlement_window,gate/bitget,2026-07-04 00:00:00+00:00,,0.0001,0.0,0.0001,,41.98740377886634,33.08396908870886,-8.903434690157475,,real_settlement_plus_minus_4h,PRE_20260716
settlement,gate/bitget,2026-07-04 08:00:00+00:00,,0.0001,0.0,0.0001,41.460810844360985,,,,,real_settlement_event,PRE_20260716
settlement_window,gate/bitget,2026-07-04 08:00:00+00:00,,0.0001,0.0,0.0001,,33.08396908870886,36.37334194044889,3.2893728517400262,,real_settlement_plus_minus_4h,PRE_20260716
settlement,gate/bitget,2026-07-04 16:00:00+00:00,,0.0001,0.0,0.0001,40.88704952568495,,,,,real_settlement_event,PRE_20260716
settlement_window,gate/bitget,2026-07-04 16:00:00+00:00,,0.0001,0.0,0.0001,,36.37334194044889,41.6964015818459,5.323059641397009,,real_settlement_plus_minus_4h,PRE_20260716
settlement,gate/bitget,2026-07-05 00:00:00+00:00,,0.0001,0.0,0.0001,49.94781571492448,,,,,real_settlement_event,PRE_20260716
settlement_window,gate/bitget,2026-07-05 00:00:00+00:00,,0.0001,0.0,0.0001,,41.6964015818459,45.080463385227944,3.384061803382046,,real_settlement_plus_minus_4h,PRE_20260716
settlement,gate/bitget,2026-07-05 08:00:00+00:00,,0.0001,0.0,0.0001,37.1974616748743,,,,,real_settlement_event,PRE_20260716
settlement_window,gate/bitget,2026-07-05 08:00:00+00:00,,0.0001,0.0,0.0001,,45.080463385227944,54.896351043214175,9.81588765798623,,real_settlement_plus_minus_4h,PRE_20260716
settlement,gate/bitget,2026-07-05 16:00:00+00:00,,0.0001,0.0,0.0001,47.68869605830799,,,,,real_settlement_event,PRE_20260716
settlement_window,gate/bitget,2026-07-05 16:00:00+00:00,,0.0001,0.0,0.0001,,54.896351043214175,33.566485440614606,-21.32986560259957,,real_settlement_plus_minus_4h,PRE_20260716
settlement,gate/bitget,2026-07-06 00:00:00+00:00,,0.0001,0.0,0.0001,67.68887752870931,,,,,real_settlement_event,PRE_20260716
settlement_window,gate/bitget,2026-07-06 00:00:00+00:00,,0.0001,0.0,0.0001,,33.566485440614606,61.69832765059263,28.131842209978025,,real_settlement_plus_minus_4h,PRE_20260716
settlement,gate/bitget,2026-07-06 08:00:00+00:00,,0.002712,0.002485,0.0002270000000000002,44.11941481671723,,,,,real_settlement_event,PRE_20260716
settlement_window,gate/bitget,2026-07-06 08:00:00+00:00,,0.002712,0.002485,0.0002270000000000002,,61.69832765059263,46.04600752897156,-15.652320121621074,,real_settlement_plus_minus_4h,PRE_20260716
settlement,gate/bitget,2026-07-06 16:00:00+00:00,,0.0001,0.0,0.0001,35.53035793308212,,,,,real_settlement_event,PRE_20260716
settlement_window,gate/bitget,2026-07-06 16:00:00+00:00,,0.0001,0.0,0.0001,,46.04600752897156,24.39344514195862,-21.65256238701294,,real_settlement_plus_minus_4h,PRE_20260716
settlement,gate/bitget,2026-07-07 00:00:00+00:00,,0.0001,0.0,0.0001,35.746804707786424,,,,,real_settlement_event,PRE_20260716
settlement_window,gate/bitget,2026-07-07 00:00:00+00:00,,0.0001,0.0,0.0001,,24.39344514195862,64.54912611770419,40.15568097574557,,real_settlement_plus_minus_4h,PRE_20260716
settlement,gate/bitget,2026-07-07 08:00:00+00:00,,0.003,0.005,-0.002,104.86696416645795,,,,,real_settlement_event,PRE_20260716
settlement_window,gate/bitget,2026-07-07 08:00:00+00:00,,0.003,0.005,-0.002,,64.54912611770419,117.38886336957077,52.83973725186658,,real_settlement_plus_minus_4h,PRE_20260716
settlement,gate/bitget,2026-07-07 16:00:00+00:00,,0.000131,0.0,0.000131,99.68678785860793,,,,,real_settlement_event,PRE_20260716
settlement_window,gate/bitget,2026-07-07 16:00:00+00:00,,0.000131,0.0,0.000131,,117.38886336957077,101.84270346085557,-15.546159908715197,,real_settlement_plus_minus_4h,PRE_20260716
settlement,gate/bitget,2026-07-08 00:00:00+00:00,,0.000104,0.0,0.000104,71.42103346031168,,,,,real_settlement_event,PRE_20260716
settlement_window,gate/bitget,2026-07-08 00:00:00+00:00,,0.000104,0.0,0.000104,,101.84270346085557,114.36511693645866,12.522413475603088,,real_settlement_plus_minus_4h,PRE_20260716
settlement,gate/bitget,2026-07-08 08:00:00+00:00,,0.003,0.003845,-0.0008449999999999998,125.59036315072612,,,,,real_settlement_event,PRE_20260716
settlement_window,gate/bitget,2026-07-08 08:00:00+00:00,,0.003,0.003845,-0.0008449999999999998,,114.36511693645866,111.00323155621848,-3.3618853802401816,,real_settlement_plus_minus_4h,PRE_20260716
settlement,gate/bitget,2026-07-08 16:00:00+00:00,,0.0001,0.0,0.0001,120.76107561609243,,,,,real_settlement_event,PRE_20260716
settlement_window,gate/bitget,2026-07-08 16:00:00+00:00,,0.0001,0.0,0.0001,,111.00323155621848,129.38567355156528,18.382441995346795,,real_settlement_plus_minus_4h,PRE_20260716
settlement,gate/bitget,2026-07-09 00:00:00+00:00,,0.0001,0.0,0.0001,102.63693417362887,,,,,real_settlement_event,PRE_20260716
settlement_window,gate/bitget,2026-07-09 00:00:00+00:00,,0.0001,0.0,0.0001,,129.38567355156528,137.89586484689144,8.510191295326166,,real_settlement_plus_minus_4h,PRE_20260716
settlement,gate/bitget,2026-07-09 08:00:00+00:00,,0.003,0.00409,-0.0010899999999999998,138.5411727254933,,,,,real_settlement_event,PRE_20260716
settlement_window,gate/bitget,2026-07-09 08:00:00+00:00,,0.003,0.00409,-0.0010899999999999998,,137.89586484689144,135.3615921225264,-2.534272724365053,,real_settlement_plus_minus_4h,PRE_20260716
settlement,gate/bitget,2026-07-09 16:00:00+00:00,,0.0001,0.0,0.0001,152.51070180008963,,,,,real_settlement_event,PRE_20260716
settlement_window,gate/bitget,2026-07-09 16:00:00+00:00,,0.0001,0.0,0.0001,,135.3615921225264,158.4561018508057,23.09450972827932,,real_settlement_plus_minus_4h,PRE_20260716
settlement,gate/bitget,2026-07-10 00:00:00+00:00,,0.0001,0.0,0.0001,149.25869069691737,,,,,real_settlement_event,PRE_20260716
settlement_window,gate/bitget,2026-07-10 00:00:00+00:00,,0.0001,0.0,0.0001,,158.4561018508057,186.33234843690101,27.876246586095306,,real_settlement_plus_minus_4h,PRE_20260716
settlement,gate/bitget,2026-07-10 08:00:00+00:00,,0.003,0.004771,-0.001771,174.43302562864926,,,,,real_settlement_event,PRE_20260716
settlement_window,gate/bitget,2026-07-10 08:00:00+00:00,,0.003,0.004771,-0.001771,,186.33234843690101,,,,real_settlement_plus_minus_4h,PRE_20260716
settlement,gate/bitget,2026-07-10 16:00:00+00:00,,0.000149,0.0,0.000149,179.26283753762436,,,,,real_settlement_event,PRE_20260716
settlement_window,gate/bitget,2026-07-10 16:00:00+00:00,,0.000149,0.0,0.000149,,,177.89870938196677,,,real_settlement_plus_minus_4h,PRE_20260716
settlement,gate/bitget,2026-07-11 00:00:00+00:00,,0.000218,0.0,0.000218,183.60839086351967,,,,,real_settlement_event,PRE_20260716
settlement_window,gate/bitget,2026-07-11 00:00:00+00:00,,0.000218,0.0,0.000218,,177.89870938196677,191.0542746555619,13.15556527359513,,real_settlement_plus_minus_4h,PRE_20260716
settlement,gate/bitget,2026-07-11 08:00:00+00:00,,0.000362,0.0,0.000362,175.99941088063431,,,,,real_settlement_event,PRE_20260716
settlement_window,gate/bitget,2026-07-11 08:00:00+00:00,,0.000362,0.0,0.000362,,191.0542746555619,175.1341538297248,-15.920120825837103,,real_settlement_plus_minus_4h,PRE_20260716
settlement,gate/bitget,2026-07-11 16:00:00+00:00,,0.000312,0.0,0.000312,189.3799979924379,,,,,real_settlement_event,PRE_20260716
settlement_window,gate/bitget,2026-07-11 16:00:00+00:00,,0.000312,0.0,0.000312,,175.1341538297248,180.1921606436378,5.0580068139130105,,real_settlement_plus_minus_4h,PRE_20260716
settlement,gate/bitget,2026-07-12 00:00:00+00:00,,0.000501,0.0,0.000501,182.65665973415307,,,,,real_settlement_event,PRE_20260716
settlement_window,gate/bitget,2026-07-12 00:00:00+00:00,,0.000501,0.0,0.000501,,180.1921606436378,184.3616236901024,4.169463046464585,,real_settlement_plus_minus_4h,PRE_20260716
settlement,gate/bitget,2026-07-12 08:00:00+00:00,,0.000788,0.0,0.000788,179.67839976435718,,,,,real_settlement_event,PRE_20260716
settlement_window,gate/bitget,2026-07-12 08:00:00+00:00,,0.000788,0.0,0.000788,,184.3616236901024,179.11363083394087,-5.247992856161517,,real_settlement_plus_minus_4h,PRE_20260716
settlement,gate/bitget,2026-07-12 16:00:00+00:00,,0.000703,0.0,0.000703,179.6351327940728,,,,,real_settlement_event,PRE_20260716
settlement_window,gate/bitget,2026-07-12 16:00:00+00:00,,0.000703,0.0,0.000703,,179.11363083394087,173.6298434154044,-5.48378741853648,,real_settlement_plus_minus_4h,PRE_20260716
settlement,gate/bitget,2026-07-13 00:00:00+00:00,,0.000481,0.0,0.000481,187.9906803290353,,,,,real_settlement_event,PRE_20260716
settlement_window,gate/bitget,2026-07-13 00:00:00+00:00,,0.000481,0.0,0.000481,,173.6298434154044,225.49312268938462,51.863279273980226,,real_settlement_plus_minus_4h,PRE_20260716
settlement,gate/bitget,2026-07-13 08:00:00+00:00,,0.003,0.005,-0.002,227.86328203078105,,,,,real_settlement_event,PRE_20260716
settlement_window,gate/bitget,2026-07-13 08:00:00+00:00,,0.003,0.005,-0.002,,225.49312268938462,209.6139732293678,-15.879149460016833,,real_settlement_plus_minus_4h,PRE_20260716
settlement,gate/bitget,2026-07-13 16:00:00+00:00,,0.001426,0.0,0.001426,121.93205744634034,,,,,real_settlement_event,PRE_20260716
settlement_window,gate/bitget,2026-07-13 16:00:00+00:00,,0.001426,0.0,0.001426,,209.6139732293678,101.78621721004338,-107.82775601932441,,real_settlement_plus_minus_4h,PRE_20260716
settlement,gate/bitget,2026-07-14 00:00:00+00:00,,0.0001,0.0,0.0001,78.83618281811802,,,,,real_settlement_event,PRE_20260716
settlement_window,gate/bitget,2026-07-14 00:00:00+00:00,,0.0001,0.0,0.0001,,101.78621721004338,127.06898324251934,25.282766032475962,,real_settlement_plus_minus_4h,PRE_20260716
settlement,gate/bitget,2026-07-14 08:00:00+00:00,,0.003,0.005,-0.002,94.5526768836738,,,,,real_settlement_event,PRE_20260716
settlement_window,gate/bitget,2026-07-14 08:00:00+00:00,,0.003,0.005,-0.002,,127.06898324251934,123.91839296443433,-3.150590278085005,,real_settlement_plus_minus_4h,PRE_20260716
settlement,gate/bitget,2026-07-14 16:00:00+00:00,,0.0001,0.0,0.0001,143.2358585092962,,,,,real_settlement_event,PRE_20260716
settlement_window,gate/bitget,2026-07-14 16:00:00+00:00,,0.0001,0.0,0.0001,,123.91839296443433,156.3460191788269,32.427626214392575,,real_settlement_plus_minus_4h,PRE_20260716
settlement,gate/bitget,2026-07-14 20:00:00+00:00,,5e-05,0.0,5e-05,156.3460191788269,,,,,real_settlement_event,PRE_20260716
settlement_window,gate/bitget,2026-07-14 20:00:00+00:00,,5e-05,0.0,5e-05,,143.2358585092962,171.63176167543944,28.395903166143228,,real_settlement_plus_minus_4h,PRE_20260716
settlement,gate/bitget,2026-07-15 00:00:00+00:00,,0.000182,0.0,0.000182,171.63176167543944,,,,,real_settlement_event,PRE_20260716
settlement_window,gate/bitget,2026-07-15 00:00:00+00:00,,0.000182,0.0,0.000182,,156.3460191788269,130.75120266436363,-25.594816514463275,,real_settlement_plus_minus_4h,PRE_20260716
settlement,gate/bitget,2026-07-15 04:00:00+00:00,,0.0005,0.0,0.0005,130.75120266436363,,,,,real_settlement_event,PRE_20260716
settlement_window,gate/bitget,2026-07-15 04:00:00+00:00,,0.0005,0.0,0.0005,,171.63176167543944,133.71634847599012,-37.91541319944932,,real_settlement_plus_minus_4h,PRE_20260716
settlement,gate/bitget,2026-07-15 08:00:00+00:00,,0.0005,8e-05,0.00042,133.71634847599012,,,,,real_settlement_event,PRE_20260716
settlement_window,gate/bitget,2026-07-15 08:00:00+00:00,,0.0005,8e-05,0.00042,,130.75120266436363,132.3292560832282,1.578053418864556,,real_settlement_plus_minus_4h,PRE_20260716
settlement,gate/bitget,2026-07-15 12:00:00+00:00,,5e-05,0.0,5e-05,132.3292560832282,,,,,real_settlement_event,PRE_20260716
settlement_window,gate/bitget,2026-07-15 12:00:00+00:00,,5e-05,0.0,5e-05,,133.71634847599012,138.34218672373706,4.625838247746941,,real_settlement_plus_minus_4h,PRE_20260716
settlement,gate/bitget,2026-07-15 16:00:00+00:00,,5e-05,0.0,5e-05,138.34218672373706,,,,,real_settlement_event,PRE_20260716
settlement_window,gate/bitget,2026-07-15 16:00:00+00:00,,5e-05,0.0,5e-05,,132.3292560832282,130.90073612769578,-1.4285199555324084,,real_settlement_plus_minus_4h,PRE_20260716
settlement,gate/bitget,2026-07-15 20:00:00+00:00,,5e-05,0.0,5e-05,130.90073612769578,,,,,real_settlement_event,PRE_20260716
settlement_window,gate/bitget,2026-07-15 20:00:00+00:00,,5e-05,0.0,5e-05,,138.34218672373706,154.35518562112136,16.012998897384307,,real_settlement_plus_minus_4h,PRE_20260716
settlement,gate/bitget,2026-07-16 00:00:00+00:00,,5e-05,0.0,5e-05,154.35518562112136,,,,,real_settlement_event,GATE_REGIME_20260716_20260720
settlement_window,gate/bitget,2026-07-16 00:00:00+00:00,,5e-05,0.0,5e-05,,130.90073612769578,157.72658881697,26.825852689274228,,real_settlement_plus_minus_4h,GATE_REGIME_20260716_20260720
settlement,gate/bitget,2026-07-16 04:00:00+00:00,,0.0005,0.001857,-0.001357,157.72658881697,,,,,real_settlement_event,GATE_REGIME_20260716_20260720
settlement_window,gate/bitget,2026-07-16 04:00:00+00:00,,0.0005,0.001857,-0.001357,,154.35518562112136,160.46445994436044,6.109274323239077,,real_settlement_plus_minus_4h,GATE_REGIME_20260716_20260720
settlement,gate/bitget,2026-07-16 08:00:00+00:00,,0.0005,0.000951,-0.000451,160.46445994436044,,,,,real_settlement_event,GATE_REGIME_20260716_20260720
settlement_window,gate/bitget,2026-07-16 08:00:00+00:00,,0.0005,0.000951,-0.000451,,157.72658881697,159.6164057346067,1.8898169176366935,,real_settlement_plus_minus_4h,GATE_REGIME_20260716_20260720
settlement,gate/bitget,2026-07-16 12:00:00+00:00,,5e-05,0.0,5e-05,159.6164057346067,,,,,real_settlement_event,GATE_REGIME_20260716_20260720
settlement_window,gate/bitget,2026-07-16 12:00:00+00:00,,5e-05,0.0,5e-05,,160.46445994436044,168.34178037155996,7.877320427199521,,real_settlement_plus_minus_4h,GATE_REGIME_20260716_20260720
settlement,gate/bitget,2026-07-16 16:00:00+00:00,,5e-05,0.0,5e-05,168.34178037155996,,,,,real_settlement_event,GATE_REGIME_20260716_20260720
settlement_window,gate/bitget,2026-07-16 16:00:00+00:00,,5e-05,0.0,5e-05,,159.6164057346067,183.1349371514193,23.518531416812607,,real_settlement_plus_minus_4h,GATE_REGIME_20260716_20260720
settlement,gate/bitget,2026-07-16 20:00:00+00:00,,5e-05,0.0,5e-05,183.1349371514193,,,,,real_settlement_event,GATE_REGIME_20260716_20260720
settlement_window,gate/bitget,2026-07-16 20:00:00+00:00,,5e-05,0.0,5e-05,,168.34178037155996,158.38007015774915,-9.961710213810818,,real_settlement_plus_minus_4h,GATE_REGIME_20260716_20260720
settlement,gate/bitget,2026-07-17 00:00:00+00:00,,5e-05,0.0,5e-05,158.38007015774915,,,,,real_settlement_event,GATE_REGIME_20260716_20260720
settlement_window,gate/bitget,2026-07-17 00:00:00+00:00,,5e-05,0.0,5e-05,,183.1349371514193,111.42108235214624,-71.71385479927307,,real_settlement_plus_minus_4h,GATE_REGIME_20260716_20260720
settlement,gate/bitget,2026-07-17 04:00:00+00:00,,0.0005,-0.002897,0.003397,111.42108235214624,,,,,real_settlement_event,GATE_REGIME_20260716_20260720
settlement_window,gate/bitget,2026-07-17 04:00:00+00:00,,0.0005,-0.002897,0.003397,,158.38007015774915,88.07983369421046,-70.30023646353868,,real_settlement_plus_minus_4h,GATE_REGIME_20260716_20260720
settlement,gate/bitget,2026-07-17 08:00:00+00:00,,0.0005,0.0,0.0005,88.07983369421046,,,,,real_settlement_event,GATE_REGIME_20260716_20260720
settlement_window,gate/bitget,2026-07-17 08:00:00+00:00,,0.0005,0.0,0.0005,,111.42108235214624,100.81293837541021,-10.60814397673603,,real_settlement_plus_minus_4h,GATE_REGIME_20260716_20260720
settlement,gate/bitget,2026-07-17 12:00:00+00:00,,0.0005,0.0,0.0005,100.81293837541021,,,,,real_settlement_event,GATE_REGIME_20260716_20260720
settlement_window,gate/bitget,2026-07-17 12:00:00+00:00,,0.0005,0.0,0.0005,,88.07983369421046,69.07058586804196,-19.009247826168505,,real_settlement_plus_minus_4h,GATE_REGIME_20260716_20260720
settlement,gate/bitget,2026-07-17 16:00:00+00:00,,0.0005,0.0,0.0005,69.07058586804196,,,,,real_settlement_event,GATE_REGIME_20260716_20260720
settlement_window,gate/bitget,2026-07-17 16:00:00+00:00,,0.0005,0.0,0.0005,,100.81293837541021,28.128912748914914,-72.6840256264953,,real_settlement_plus_minus_4h,GATE_REGIME_20260716_20260720
settlement,gate/bitget,2026-07-17 20:00:00+00:00,,0.0005,0.0,0.0005,28.128912748914914,,,,,real_settlement_event,GATE_REGIME_20260716_20260720
settlement_window,gate/bitget,2026-07-17 20:00:00+00:00,,0.0005,0.0,0.0005,,69.07058586804196,26.314205371195172,-42.75638049684679,,real_settlement_plus_minus_4h,GATE_REGIME_20260716_20260720
settlement,gate/bitget,2026-07-18 00:00:00+00:00,,0.0005,0.0,0.0005,26.314205371195172,,,,,real_settlement_event,GATE_REGIME_20260716_20260720
settlement_window,gate/bitget,2026-07-18 00:00:00+00:00,,0.0005,0.0,0.0005,,28.128912748914914,24.758942990178664,-3.36996975873625,,real_settlement_plus_minus_4h,GATE_REGIME_20260716_20260720
settlement,gate/bitget,2026-07-18 04:00:00+00:00,,0.0005,0.0,0.0005,24.758942990178664,,,,,real_settlement_event,GATE_REGIME_20260716_20260720
settlement_window,gate/bitget,2026-07-18 04:00:00+00:00,,0.0005,0.0,0.0005,,26.314205371195172,19.96488933255255,-6.349316038642623,,real_settlement_plus_minus_4h,GATE_REGIME_20260716_20260720
settlement,gate/bitget,2026-07-18 08:00:00+00:00,,0.0005,0.0,0.0005,19.96488933255255,,,,,real_settlement_event,GATE_REGIME_20260716_20260720
settlement_window,gate/bitget,2026-07-18 08:00:00+00:00,,0.0005,0.0,0.0005,,24.758942990178664,15.89927593837878,-8.859667051799883,,real_settlement_plus_minus_4h,GATE_REGIME_20260716_20260720
settlement,gate/bitget,2026-07-18 12:00:00+00:00,,0.0005,0.0,0.0005,15.89927593837878,,,,,real_settlement_event,GATE_REGIME_20260716_20260720
settlement_window,gate/bitget,2026-07-18 12:00:00+00:00,,0.0005,0.0,0.0005,,19.96488933255255,9.2747894752804,-10.690099857272148,,real_settlement_plus_minus_4h,GATE_REGIME_20260716_20260720
settlement,gate/bitget,2026-07-18 16:00:00+00:00,,0.0005,0.0,0.0005,9.2747894752804,,,,,real_settlement_event,GATE_REGIME_20260716_20260720
settlement_window,gate/bitget,2026-07-18 16:00:00+00:00,,0.0005,0.0,0.0005,,15.89927593837878,6.954707467616747,-8.944568470762032,,real_settlement_plus_minus_4h,GATE_REGIME_20260716_20260720
settlement,gate/bitget,2026-07-18 20:00:00+00:00,,0.0005,0.0,0.0005,6.954707467616747,,,,,real_settlement_event,GATE_REGIME_20260716_20260720
settlement_window,gate/bitget,2026-07-18 20:00:00+00:00,,0.0005,0.0,0.0005,,9.2747894752804,7.259026253477577,-2.015763221802823,,real_settlement_plus_minus_4h,GATE_REGIME_20260716_20260720
settlement,gate/bitget,2026-07-19 00:00:00+00:00,,0.0005,0.0,0.0005,7.259026253477577,,,,,real_settlement_event,GATE_REGIME_20260716_20260720
settlement_window,gate/bitget,2026-07-19 00:00:00+00:00,,0.0005,0.0,0.0005,,6.954707467616747,0.8467759007570943,-6.107931566859653,,real_settlement_plus_minus_4h,GATE_REGIME_20260716_20260720
settlement,gate/bitget,2026-07-19 04:00:00+00:00,,0.000443,0.0,0.000443,0.8467759007570943,,,,,real_settlement_event,GATE_REGIME_20260716_20260720
settlement_window,gate/bitget,2026-07-19 04:00:00+00:00,,0.000443,0.0,0.000443,,7.259026253477577,7.371665996516127,0.11263974303854951,,real_settlement_plus_minus_4h,GATE_REGIME_20260716_20260720
settlement,gate/bitget,2026-07-19 08:00:00+00:00,,0.0005,0.0,0.0005,7.371665996516127,,,,,real_settlement_event,GATE_REGIME_20260716_20260720
settlement_window,gate/bitget,2026-07-19 08:00:00+00:00,,0.0005,0.0,0.0005,,0.8467759007570943,-1.8637592023112928,1.0169833015541985,,real_settlement_plus_minus_4h,GATE_REGIME_20260716_20260720
settlement,gate/bitget,2026-07-19 12:00:00+00:00,,0.000221,0.0,0.000221,-1.8637592023112928,,,,,real_settlement_event,GATE_REGIME_20260716_20260720
settlement_window,gate/bitget,2026-07-19 12:00:00+00:00,,0.000221,0.0,0.000221,,7.371665996516127,4.329573961432756,-3.0420920350833702,,real_settlement_plus_minus_4h,GATE_REGIME_20260716_20260720
settlement,gate/bitget,2026-07-19 16:00:00+00:00,,0.000377,0.0,0.000377,4.329573961432756,,,,,real_settlement_event,GATE_REGIME_20260716_20260720
settlement_window,gate/bitget,2026-07-19 16:00:00+00:00,,0.000377,0.0,0.000377,,-1.8637592023112928,10.975706822951336,9.111947620640043,,real_settlement_plus_minus_4h,GATE_REGIME_20260716_20260720
settlement,gate/bitget,2026-07-19 20:00:00+00:00,,0.0005,0.0,0.0005,10.975706822951336,,,,,real_settlement_event,GATE_REGIME_20260716_20260720
settlement_window,gate/bitget,2026-07-19 20:00:00+00:00,,0.0005,0.0,0.0005,,4.329573961432756,-1.9097332739194819,-2.4198406875132745,,real_settlement_plus_minus_4h,GATE_REGIME_20260716_20260720
settlement,gate/bitget,2026-07-20 00:00:00+00:00,,0.0005,0.0,0.0005,-1.9097332739194819,,,,,real_settlement_event,POST_20260720
settlement_window,gate/bitget,2026-07-20 00:00:00+00:00,,0.0005,0.0,0.0005,,10.975706822951336,12.327580462451008,1.3518736394996722,,real_settlement_plus_minus_4h,POST_20260720
settlement,gate/bitget,2026-07-20 04:00:00+00:00,,0.0005,0.002053,-0.0015530000000000001,12.327580462451008,,,,,real_settlement_event,POST_20260720
settlement_window,gate/bitget,2026-07-20 04:00:00+00:00,,0.0005,0.002053,-0.0015530000000000001,,-1.9097332739194819,2.1348748224358176,0.22514154851633572,,real_settlement_plus_minus_4h,POST_20260720
settlement,gate/bitget,2026-07-20 08:00:00+00:00,,0.0005,0.000392,0.00010800000000000002,2.1348748224358176,,,,,real_settlement_event,POST_20260720
settlement_window,gate/bitget,2026-07-20 08:00:00+00:00,,0.0005,0.000392,0.00010800000000000002,,12.327580462451008,-9.707167125061039,-2.6204133373899694,,real_settlement_plus_minus_4h,POST_20260720
settlement,gate/bitget,2026-07-20 12:00:00+00:00,,5e-05,0.0,5e-05,-9.707167125061039,,,,,real_settlement_event,POST_20260720
settlement_window,gate/bitget,2026-07-20 12:00:00+00:00,,5e-05,0.0,5e-05,,2.1348748224358176,-6.989994554305755,4.855119731869937,,real_settlement_plus_minus_4h,POST_20260720
settlement,gate/bitget,2026-07-20 16:00:00+00:00,,5e-05,0.0,5e-05,-6.989994554305755,,,,,real_settlement_event,POST_20260720
settlement_window,gate/bitget,2026-07-20 16:00:00+00:00,,5e-05,0.0,5e-05,,-9.707167125061039,2.5813005591425537,-7.125866565918486,,real_settlement_plus_minus_4h,POST_20260720
settlement,gate/bitget,2026-07-20 20:00:00+00:00,,5e-05,0.0,5e-05,2.5813005591425537,,,,,real_settlement_event,POST_20260720
settlement_window,gate/bitget,2026-07-20 20:00:00+00:00,,5e-05,0.0,5e-05,,-6.989994554305755,-11.658625522466457,4.668630968160701,,real_settlement_plus_minus_4h,POST_20260720
settlement,gate/bitget,2026-07-21 00:00:00+00:00,,0.000449,0.0,0.000449,-11.658625522466457,,,,,real_settlement_event,POST_20260720
settlement_window,gate/bitget,2026-07-21 00:00:00+00:00,,0.000449,0.0,0.000449,,2.5813005591425537,-6.1143381228979825,3.5330375637554288,,real_settlement_plus_minus_4h,POST_20260720
settlement,gate/bitget,2026-07-21 04:00:00+00:00,,0.000175,0.001675,-0.0015,-6.1143381228979825,,,,,real_settlement_event,POST_20260720
settlement_window,gate/bitget,2026-07-21 04:00:00+00:00,,0.000175,0.001675,-0.0015,,-11.658625522466457,-2.9959239666024,-8.662701555864057,,real_settlement_plus_minus_4h,POST_20260720
settlement,gate/bitget,2026-07-21 08:00:00+00:00,,0.000363,0.000301,6.199999999999999e-05,-2.9959239666024,,,,,real_settlement_event,POST_20260720
settlement_window,gate/bitget,2026-07-21 08:00:00+00:00,,0.000363,0.000301,6.199999999999999e-05,,-6.1143381228979825,-1.8925653723623088,-4.221772750535674,,real_settlement_plus_minus_4h,POST_20260720
settlement,gate/bitget,2026-07-21 12:00:00+00:00,,0.000178,0.0,0.000178,-1.8925653723623088,,,,,real_settlement_event,POST_20260720
settlement_window,gate/bitget,2026-07-21 12:00:00+00:00,,0.000178,0.0,0.000178,,-2.9959239666024,-9.213759213759563,6.217835247157163,,real_settlement_plus_minus_4h,POST_20260720
settlement,gate/bitget,2026-07-21 16:00:00+00:00,,0.000493,0.0,0.000493,-9.213759213759563,,,,,real_settlement_event,POST_20260720
settlement_window,gate/bitget,2026-07-21 16:00:00+00:00,,0.000493,0.0,0.000493,,-1.8925653723623088,-17.01896937338558,15.126404001023271,,real_settlement_plus_minus_4h,POST_20260720
settlement,gate/bitget,2026-07-21 20:00:00+00:00,,5.8e-05,0.0,5.8e-05,-17.01896937338558,,,,,real_settlement_event,POST_20260720
settlement_window,gate/bitget,2026-07-21 20:00:00+00:00,,5.8e-05,0.0,5.8e-05,,-9.213759213759563,-17.5737840492074,8.360024835447838,,real_settlement_plus_minus_4h,POST_20260720
settlement,gate/bitget,2026-07-22 00:00:00+00:00,,0.000122,0.0,0.000122,-17.5737840492074,,,,,real_settlement_event,POST_20260720
settlement_window,gate/bitget,2026-07-22 00:00:00+00:00,,0.000122,0.0,0.000122,,-17.01896937338558,-16.928373244060975,-0.09059612932460581,,real_settlement_plus_minus_4h,POST_20260720
settlement,gate/bitget,2026-07-22 04:00:00+00:00,,5e-05,0.000984,-0.000934,-16.928373244060975,,,,,real_settlement_event,POST_20260720
settlement_window,gate/bitget,2026-07-22 04:00:00+00:00,,5e-05,0.000984,-0.000934,,-17.5737840492074,-7.7893815471962435,-9.784402502011158,,real_settlement_plus_minus_4h,POST_20260720
settlement,gate/bitget,2026-07-22 08:00:00+00:00,,0.000107,0.000694,-0.000587,-7.7893815471962435,,,,,real_settlement_event,POST_20260720
settlement_window,gate/bitget,2026-07-22 08:00:00+00:00,,0.000107,0.000694,-0.000587,,-16.928373244060975,-5.81884011120472,-11.109533132856255,,real_settlement_plus_minus_4h,POST_20260720
settlement,gate/bitget,2026-07-22 12:00:00+00:00,,0.000102,0.0,0.000102,-5.81884011120472,,,,,real_settlement_event,POST_20260720
settlement_window,gate/bitget,2026-07-22 12:00:00+00:00,,0.000102,0.0,0.000102,,-7.7893815471962435,-19.81544439048223,12.026062843285988,,real_settlement_plus_minus_4h,POST_20260720
settlement,gate/bitget,2026-07-22 16:00:00+00:00,,0.000262,0.0,0.000262,-19.81544439048223,,,,,real_settlement_event,POST_20260720
settlement_window,gate/bitget,2026-07-22 16:00:00+00:00,,0.000262,0.0,0.000262,,-5.81884011120472,-16.241879060470975,10.423038949266255,,real_settlement_plus_minus_4h,POST_20260720
settlement,gate/bitget,2026-07-22 20:00:00+00:00,,5e-05,0.0,5e-05,-16.241879060470975,,,,,real_settlement_event,POST_20260720
settlement_window,gate/bitget,2026-07-22 20:00:00+00:00,,5e-05,0.0,5e-05,,-19.81544439048223,-12.118948624041389,-7.696495766440842,,real_settlement_plus_minus_4h,POST_20260720
settlement,gate/bitget,2026-07-23 00:00:00+00:00,,5e-05,0.0,5e-05,-12.118948624041389,,,,,real_settlement_event,POST_20260720
settlement_window,gate/bitget,2026-07-23 00:00:00+00:00,,5e-05,0.0,5e-05,,-16.241879060470975,-14.189020765822937,-2.052858294648038,,real_settlement_plus_minus_4h,POST_20260720
settlement,gate/bitget,2026-07-23 04:00:00+00:00,,0.00014,0.000909,-0.0007689999999999999,-14.189020765822937,,,,,real_settlement_event,POST_20260720
settlement_window,gate/bitget,2026-07-23 04:00:00+00:00,,0.00014,0.000909,-0.0007689999999999999,,-12.118948624041389,-7.330034817665661,-4.788913806375728,,real_settlement_plus_minus_4h,POST_20260720
lag_correlation,gate/bitget,,-24.0,,,,,,,,-0.14942072998425873,descriptive_forward_hold,
lag_correlation,gate/bitget,,-12.0,,,,,,,,-0.21159636890540223,descriptive_forward_hold,
lag_correlation,gate/bitget,,-8.0,,,,,,,,-0.17599878779617417,descriptive_forward_hold,
lag_correlation,gate/bitget,,-4.0,,,,,,,,-0.1362238401187815,descriptive_forward_hold,
lag_correlation,gate/bitget,,0.0,,,,,,,,-0.14822392000927032,descriptive_forward_hold,
lag_correlation,gate/bitget,,4.0,,,,,,,,-0.23153019641839284,descriptive_forward_hold,
lag_correlation,gate/bitget,,8.0,,,,,,,,-0.245711833601673,descriptive_forward_hold,
lag_correlation,gate/bitget,,12.0,,,,,,,,-0.14311722053949139,descriptive_forward_hold,
lag_correlation,gate/bitget,,24.0,,,,,,,,-0.12843411842039057,descriptive_forward_hold,
settlement,gate/hyperliquid,2026-06-10 08:00:00+00:00,,0.00401,-0.0002186475,0.0042286475,58.02707930367472,,,,,real_settlement_event,PRE_20260716
settlement_window,gate/hyperliquid,2026-06-10 08:00:00+00:00,,0.00401,-0.0002186475,0.0042286475,,,78.54391662261055,,,real_settlement_plus_minus_4h,PRE_20260716
settlement,gate/hyperliquid,2026-06-10 16:00:00+00:00,,0.000223,-0.0005386043,0.0007616043,59.67949898692142,,,,,real_settlement_event,PRE_20260716
settlement_window,gate/hyperliquid,2026-06-10 16:00:00+00:00,,0.000223,-0.0005386043,0.0007616043,,78.54391662261055,71.19037805837611,-7.353538564234441,,real_settlement_plus_minus_4h,PRE_20260716
settlement,gate/hyperliquid,2026-06-11 00:00:00+00:00,,-0.001583,0.000260223,-0.001843223,66.70203896005422,,,,,real_settlement_event,PRE_20260716
settlement_window,gate/hyperliquid,2026-06-11 00:00:00+00:00,,-0.001583,0.000260223,-0.001843223,,71.19037805837611,46.47110078420049,-24.719277274175624,,real_settlement_plus_minus_4h,PRE_20260716
settlement,gate/hyperliquid,2026-06-11 08:00:00+00:00,,0.002548,-0.0001572619,0.0027052619,10.005002501251276,,,,,real_settlement_event,PRE_20260716
settlement_window,gate/hyperliquid,2026-06-11 08:00:00+00:00,,0.002548,-0.0001572619,0.0027052619,,46.47110078420049,44.19731964642176,-2.2737811377787267,,real_settlement_plus_minus_4h,PRE_20260716
settlement,gate/hyperliquid,2026-06-11 16:00:00+00:00,,0.000344,1.99411e-05,0.0003240589,22.59089304623945,,,,,real_settlement_event,PRE_20260716
settlement_window,gate/hyperliquid,2026-06-11 16:00:00+00:00,,0.000344,1.99411e-05,0.0003240589,,44.19731964642176,34.8077365120018,-9.389583134419958,,real_settlement_plus_minus_4h,PRE_20260716
settlement,gate/hyperliquid,2026-06-12 00:00:00+00:00,,0.002061,0.0002598893,0.0018011106999999999,59.89797597498706,,,,,real_settlement_event,PRE_20260716
settlement_window,gate/hyperliquid,2026-06-12 00:00:00+00:00,,0.002061,0.0002598893,0.0018011106999999999,,34.8077365120018,22.689356022689964,-12.11838048931184,,real_settlement_plus_minus_4h,PRE_20260716
settlement,gate/hyperliquid,2026-06-12 08:00:00+00:00,,0.001088,0.0001758068,0.0009121932,81.77529267866376,,,,,real_settlement_event,PRE_20260716
settlement_window,gate/hyperliquid,2026-06-12 08:00:00+00:00,,0.001088,0.0001758068,0.0009121932,,22.689356022689964,58.76049911859251,36.07114309590255,,real_settlement_plus_minus_4h,PRE_20260716
settlement,gate/hyperliquid,2026-06-12 16:00:00+00:00,,0.000685,0.0001735455,0.0005114544999999999,33.85469564628614,,,,,real_settlement_event,PRE_20260716
settlement_window,gate/hyperliquid,2026-06-12 16:00:00+00:00,,0.000685,0.0001735455,0.0005114544999999999,,58.76049911859251,47.66444232602479,-11.096056792567722,,real_settlement_plus_minus_4h,PRE_20260716
settlement,gate/hyperliquid,2026-06-13 00:00:00+00:00,,0.0001,2.86656e-05,7.13344e-05,40.93327875562833,,,,,real_settlement_event,PRE_20260716
settlement_window,gate/hyperliquid,2026-06-13 00:00:00+00:00,,0.0001,2.86656e-05,7.13344e-05,,47.66444232602479,62.211587762774975,14.547145436750185,,real_settlement_plus_minus_4h,PRE_20260716
settlement,gate/hyperliquid,2026-06-13 08:00:00+00:00,,0.0001,7.77163e-05,2.2283699999999998e-05,42.09954505330377,,,,,real_settlement_event,PRE_20260716
settlement_window,gate/hyperliquid,2026-06-13 08:00:00+00:00,,0.0001,7.77163e-05,2.2283699999999998e-05,,62.211587762774975,45.67610866823496,-16.535479094540015,,real_settlement_plus_minus_4h,PRE_20260716
settlement,gate/hyperliquid,2026-06-13 16:00:00+00:00,,0.0001,9.33003e-05,6.699700000000006e-06,50.16949152542434,,,,,real_settlement_event,PRE_20260716
settlement_window,gate/hyperliquid,2026-06-13 16:00:00+00:00,,0.0001,9.33003e-05,6.699700000000006e-06,,45.67610866823496,57.513542432955994,11.837433764721034,,real_settlement_plus_minus_4h,PRE_20260716
settlement,gate/hyperliquid,2026-06-14 00:00:00+00:00,,0.0001,6.6289e-06,9.33711e-05,57.02975611392532,,,,,real_settlement_event,PRE_20260716
settlement_window,gate/hyperliquid,2026-06-14 00:00:00+00:00,,0.0001,6.6289e-06,9.33711e-05,,57.513542432955994,60.37485486813674,2.861312435180743,,real_settlement_plus_minus_4h,PRE_20260716
settlement,gate/hyperliquid,2026-06-14 08:00:00+00:00,,0.0001,8.08e-05,1.9200000000000006e-05,47.83417486048396,,,,,real_settlement_event,PRE_20260716
settlement_window,gate/hyperliquid,2026-06-14 08:00:00+00:00,,0.0001,8.08e-05,1.9200000000000006e-05,,60.37485486813674,32.83209665769256,-27.542758210444177,,real_settlement_plus_minus_4h,PRE_20260716
settlement,gate/hyperliquid,2026-06-14 16:00:00+00:00,,0.0001,0.0001173699,-1.7369899999999998e-05,48.37480534110834,,,,,real_settlement_event,PRE_20260716
settlement_window,gate/hyperliquid,2026-06-14 16:00:00+00:00,,0.0001,0.0001173699,-1.7369899999999998e-05,,32.83209665769256,43.94726328405853,11.11516662636597,,real_settlement_plus_minus_4h,PRE_20260716
settlement,gate/hyperliquid,2026-06-15 00:00:00+00:00,,0.0001,0.000647961,-0.0005479609999999999,97.10623422023694,,,,,real_settlement_event,PRE_20260716
settlement_window,gate/hyperliquid,2026-06-15 00:00:00+00:00,,0.0001,0.000647961,-0.0005479609999999999,,43.94726328405853,27.488709994109854,-16.458553289948675,,real_settlement_plus_minus_4h,PRE_20260716
settlement,gate/hyperliquid,2026-06-15 08:00:00+00:00,,0.002437,2.89802e-05,0.0024080198,39.96462148262284,,,,,real_settlement_event,PRE_20260716
settlement_window,gate/hyperliquid,2026-06-15 08:00:00+00:00,,0.002437,2.89802e-05,0.0024080198,,27.488709994109854,52.52369971816581,25.034989724055954,,real_settlement_plus_minus_4h,PRE_20260716
settlement,gate/hyperliquid,2026-06-15 16:00:00+00:00,,0.00118,0.0002117795,0.0009682205000000001,55.73147561748057,,,,,real_settlement_event,PRE_20260716
settlement_window,gate/hyperliquid,2026-06-15 16:00:00+00:00,,0.00118,0.0002117795,0.0009682205000000001,,52.52369971816581,53.38022419694163,0.8565244787758246,,real_settlement_plus_minus_4h,PRE_20260716
settlement,gate/hyperliquid,2026-06-16 00:00:00+00:00,,-0.000288,0.0003268134,-0.0006148134,22.278094268164605,,,,,real_settlement_event,PRE_20260716
settlement_window,gate/hyperliquid,2026-06-16 00:00:00+00:00,,-0.000288,0.0003268134,-0.0006148134,,53.38022419694163,11.514104778353191,-41.86611941858844,,real_settlement_plus_minus_4h,PRE_20260716
settlement,gate/hyperliquid,2026-06-16 08:00:00+00:00,,0.001027,9.53817e-05,0.0009316182999999999,47.68477851675185,,,,,real_settlement_event,PRE_20260716
settlement_window,gate/hyperliquid,2026-06-16 08:00:00+00:00,,0.001027,9.53817e-05,0.0009316182999999999,,11.514104778353191,84.17560136401367,72.66149658566049,,real_settlement_plus_minus_4h,PRE_20260716
settlement,gate/hyperliquid,2026-06-16 16:00:00+00:00,,-0.000901,-0.0004689059,-0.0004320941,64.58419925184728,,,,,real_settlement_event,PRE_20260716
settlement_window,gate/hyperliquid,2026-06-16 16:00:00+00:00,,-0.000901,-0.0004689059,-0.0004320941,,84.17560136401367,45.05533971073225,-39.120261653281425,,real_settlement_plus_minus_4h,PRE_20260716
settlement,gate/hyperliquid,2026-06-17 00:00:00+00:00,,0.0001,0.0001256096,-2.5609600000000006e-05,52.140591136099225,,,,,real_settlement_event,PRE_20260716
settlement_window,gate/hyperliquid,2026-06-17 00:00:00+00:00,,0.0001,0.0001256096,-2.5609600000000006e-05,,45.05533971073225,25.514172811847967,-19.54116689888428,,real_settlement_plus_minus_4h,PRE_20260716
settlement,gate/hyperliquid,2026-06-17 08:00:00+00:00,,0.00107,-0.0002580674,0.0013280674,9.019572472264814,,,,,real_settlement_event,PRE_20260716
settlement_window,gate/hyperliquid,2026-06-17 08:00:00+00:00,,0.00107,-0.0002580674,0.0013280674,,25.514172811847967,42.182485098579185,16.66831228673122,,real_settlement_plus_minus_4h,PRE_20260716
settlement,gate/hyperliquid,2026-06-17 16:00:00+00:00,,0.001182,0.0004565039,0.0007254961000000001,72.50862145194067,,,,,real_settlement_event,PRE_20260716
settlement_window,gate/hyperliquid,2026-06-17 16:00:00+00:00,,0.001182,0.0004565039,0.0007254961000000001,,42.182485098579185,72.21509355137066,30.03260845279147,,real_settlement_plus_minus_4h,PRE_20260716
settlement,gate/hyperliquid,2026-06-18 00:00:00+00:00,,0.0001,0.0001931295,-9.31295e-05,78.56276356074252,,,,,real_settlement_event,PRE_20260716
settlement_window,gate/hyperliquid,2026-06-18 00:00:00+00:00,,0.0001,0.0001931295,-9.31295e-05,,72.21509355137066,28.18489289740699,-44.03020065396367,,real_settlement_plus_minus_4h,PRE_20260716
settlement,gate/hyperliquid,2026-06-18 08:00:00+00:00,,0.001019,-0.0001948787,0.0012138786999999999,48.28585224529213,,,,,real_settlement_event,PRE_20260716
settlement_window,gate/hyperliquid,2026-06-18 08:00:00+00:00,,0.001019,-0.0001948787,0.0012138786999999999,,28.18489289740699,51.13939700469195,22.95450410728496,,real_settlement_plus_minus_4h,PRE_20260716
settlement,gate/hyperliquid,2026-06-18 16:00:00+00:00,,0.001266,5.22897e-05,0.0012137102999999999,31.286878722178255,,,,,real_settlement_event,PRE_20260716
settlement_window,gate/hyperliquid,2026-06-18 16:00:00+00:00,,0.001266,5.22897e-05,0.0012137102999999999,,51.13939700469195,44.046874575164686,-7.092522429527264,,real_settlement_plus_minus_4h,PRE_20260716
settlement,gate/hyperliquid,2026-06-19 00:00:00+00:00,,0.0007,0.0001669625,0.0005330375,46.1642905634759,,,,,real_settlement_event,PRE_20260716
settlement_window,gate/hyperliquid,2026-06-19 00:00:00+00:00,,0.0007,0.0001669625,0.0005330375,,44.046874575164686,29.905299883702114,-14.141574691462573,,real_settlement_plus_minus_4h,PRE_20260716
settlement,gate/hyperliquid,2026-06-19 08:00:00+00:00,,0.001987,-0.0003880581,0.0023750581000000002,43.76852544391861,,,,,real_settlement_event,PRE_20260716
settlement_window,gate/hyperliquid,2026-06-19 08:00:00+00:00,,0.001987,-0.0003880581,0.0023750581000000002,,29.905299883702114,63.79936200637944,33.894062122677326,,real_settlement_plus_minus_4h,PRE_20260716
settlement,gate/hyperliquid,2026-06-19 16:00:00+00:00,,0.000276,-8.94956e-05,0.00036549559999999996,49.6359124007971,,,,,real_settlement_event,PRE_20260716
settlement_window,gate/hyperliquid,2026-06-19 16:00:00+00:00,,0.000276,-8.94956e-05,0.00036549559999999996,,63.79936200637944,80.37434627029953,16.574984263920086,,real_settlement_plus_minus_4h,PRE_20260716
settlement,gate/hyperliquid,2026-06-20 00:00:00+00:00,,0.000635,0.0001964402,0.00043855980000000004,39.25845147219094,,,,,real_settlement_event,PRE_20260716
settlement_window,gate/hyperliquid,2026-06-20 00:00:00+00:00,,0.000635,0.0001964402,0.00043855980000000004,,80.37434627029953,47.7711279890507,-32.60321828124883,,real_settlement_plus_minus_4h,PRE_20260716
settlement,gate/hyperliquid,2026-06-20 08:00:00+00:00,,0.001176,-0.000180984,0.0013569839999999999,32.18063358919527,,,,,real_settlement_event,PRE_20260716
settlement_window,gate/hyperliquid,2026-06-20 08:00:00+00:00,,0.001176,-0.000180984,0.0013569839999999999,,47.7711279890507,47.08371908477762,-0.6874089042730773,,real_settlement_plus_minus_4h,PRE_20260716
settlement,gate/hyperliquid,2026-06-20 16:00:00+00:00,,0.000411,0.0001485125,0.0002624875,63.75971545250908,,,,,real_settlement_event,PRE_20260716
settlement_window,gate/hyperliquid,2026-06-20 16:00:00+00:00,,0.000411,0.0001485125,0.0002624875,,47.08371908477762,44.08754526846214,-2.9961738163154834,,real_settlement_plus_minus_4h,PRE_20260716
settlement,gate/hyperliquid,2026-06-21 00:00:00+00:00,,0.000116,3.21794e-05,8.382060000000001e-05,52.30125523012552,,,,,real_settlement_event,PRE_20260716
settlement_window,gate/hyperliquid,2026-06-21 00:00:00+00:00,,0.000116,3.21794e-05,8.382060000000001e-05,,44.08754526846214,65.19414817325998,21.10660290479784,,real_settlement_plus_minus_4h,PRE_20260716
settlement,gate/hyperliquid,2026-06-21 08:00:00+00:00,,0.0001,6.17228e-05,3.82772e-05,79.61536473142786,,,,,real_settlement_event,PRE_20260716
settlement_window,gate/hyperliquid,2026-06-21 08:00:00+00:00,,0.0001,6.17228e-05,3.82772e-05,,65.19414817325998,65.5908381051531,0.3966899318931212,,real_settlement_plus_minus_4h,PRE_20260716
settlement,gate/hyperliquid,2026-06-21 16:00:00+00:00,,0.0001,9.76827e-05,2.3173000000000057e-06,69.82910245976926,,,,,real_settlement_event,PRE_20260716
settlement_window,gate/hyperliquid,2026-06-21 16:00:00+00:00,,0.0001,9.76827e-05,2.3173000000000057e-06,,65.5908381051531,56.56819610307959,-9.022642002073503,,real_settlement_plus_minus_4h,PRE_20260716
settlement,gate/hyperliquid,2026-06-22 00:00:00+00:00,,-0.001471,0.000819441,-0.002290441,84.97108242194994,,,,,real_settlement_event,PRE_20260716
settlement_window,gate/hyperliquid,2026-06-22 00:00:00+00:00,,-0.001471,0.000819441,-0.002290441,,56.56819610307959,59.3912397921309,2.8230436890513033,,real_settlement_plus_minus_4h,PRE_20260716
settlement,gate/hyperliquid,2026-06-22 08:00:00+00:00,,0.003333,0.000122585,0.003210415,18.855077777195355,,,,,real_settlement_event,PRE_20260716
settlement_window,gate/hyperliquid,2026-06-22 08:00:00+00:00,,0.003333,0.000122585,0.003210415,,59.3912397921309,17.525773195876756,-41.86546659625414,,real_settlement_plus_minus_4h,PRE_20260716
settlement,gate/hyperliquid,2026-06-22 16:00:00+00:00,,0.0001,-0.0002592808,0.0003592808,17.086493903228078,,,,,real_settlement_event,PRE_20260716
settlement_window,gate/hyperliquid,2026-06-22 16:00:00+00:00,,0.0001,-0.0002592808,0.0003592808,,17.525773195876756,36.39625784954458,18.870484653667827,,real_settlement_plus_minus_4h,PRE_20260716
settlement,gate/hyperliquid,2026-06-23 00:00:00+00:00,,0.0001,0.0002279423,-0.00012794229999999997,68.67807806233405,,,,,real_settlement_event,PRE_20260716
settlement_window,gate/hyperliquid,2026-06-23 00:00:00+00:00,,0.0001,0.0002279423,-0.00012794229999999997,,36.39625784954458,67.84983317912993,31.453575329585348,,real_settlement_plus_minus_4h,PRE_20260716
settlement,gate/hyperliquid,2026-06-23 08:00:00+00:00,,0.003,-2.81724e-05,0.0030281724,130.14421385860032,,,,,real_settlement_event,PRE_20260716
settlement_window,gate/hyperliquid,2026-06-23 08:00:00+00:00,,0.003,-2.81724e-05,0.0030281724,,67.84983317912993,134.79706860523214,66.94723542610221,,real_settlement_plus_minus_4h,PRE_20260716
settlement,gate/hyperliquid,2026-06-23 16:00:00+00:00,,0.001,-5.18114e-05,0.0010518114,108.93685696994201,,,,,real_settlement_event,PRE_20260716
settlement_window,gate/hyperliquid,2026-06-23 16:00:00+00:00,,0.001,-5.18114e-05,0.0010518114,,134.79706860523214,121.08387703520785,-13.713191570024293,,real_settlement_plus_minus_4h,PRE_20260716
settlement,gate/hyperliquid,2026-06-24 00:00:00+00:00,,0.001,7.24972e-05,0.0009275028,75.71660356949675,,,,,real_settlement_event,PRE_20260716
settlement_window,gate/hyperliquid,2026-06-24 00:00:00+00:00,,0.001,7.24972e-05,0.0009275028,,121.08387703520785,168.48941580124375,47.4055387660359,,real_settlement_plus_minus_4h,PRE_20260716
settlement,gate/hyperliquid,2026-06-24 08:00:00+00:00,,0.001,0.0001322548,0.0008677452,156.1472245259814,,,,,real_settlement_event,PRE_20260716
settlement_window,gate/hyperliquid,2026-06-24 08:00:00+00:00,,0.001,0.0001322548,0.0008677452,,168.48941580124375,102.85878465737733,-65.63063114386642,,real_settlement_plus_minus_4h,PRE_20260716
settlement,gate/hyperliquid,2026-06-24 16:00:00+00:00,,0.001237,-7.2048e-06,0.0012442048000000001,99.6080511596373,,,,,real_settlement_event,PRE_20260716
settlement_window,gate/hyperliquid,2026-06-24 16:00:00+00:00,,0.001237,-7.2048e-06,0.0012442048000000001,,102.85878465737733,149.4354660172681,46.576681359890785,,real_settlement_plus_minus_4h,PRE_20260716
settlement,gate/hyperliquid,2026-06-25 00:00:00+00:00,,0.003,0.000193545,0.0028064550000000002,231.47403954348198,,,,,real_settlement_event,PRE_20260716
settlement_window,gate/hyperliquid,2026-06-25 00:00:00+00:00,,0.003,0.000193545,0.0028064550000000002,,149.4354660172681,149.75525863209515,0.3197926148270369,,real_settlement_plus_minus_4h,PRE_20260716
settlement,gate/hyperliquid,2026-06-25 08:00:00+00:00,,0.003,0.0001055964,0.0028944036,163.91310003902692,,,,,real_settlement_event,PRE_20260716
settlement_window,gate/hyperliquid,2026-06-25 08:00:00+00:00,,0.003,0.0001055964,0.0028944036,,149.75525863209515,182.08853990034626,32.33328126825111,,real_settlement_plus_minus_4h,PRE_20260716
settlement,gate/hyperliquid,2026-06-25 16:00:00+00:00,,0.0001,0.0001875836,-8.758359999999999e-05,188.47180775875609,,,,,real_settlement_event,PRE_20260716
settlement_window,gate/hyperliquid,2026-06-25 16:00:00+00:00,,0.0001,0.0001875836,-8.758359999999999e-05,,182.08853990034626,192.17713718732023,10.088597286973965,,real_settlement_plus_minus_4h,PRE_20260716
settlement,gate/hyperliquid,2026-06-26 00:00:00+00:00,,0.0001,8.48794e-05,1.5120600000000006e-05,196.1725038648113,,,,,real_settlement_event,PRE_20260716
settlement_window,gate/hyperliquid,2026-06-26 00:00:00+00:00,,0.0001,8.48794e-05,1.5120600000000006e-05,,192.17713718732023,216.33718761656124,24.16005042924101,,real_settlement_plus_minus_4h,PRE_20260716
settlement,gate/hyperliquid,2026-06-26 08:00:00+00:00,,0.003,-4.151e-07,0.0030004151000000002,155.1603416888381,,,,,real_settlement_event,PRE_20260716
settlement_window,gate/hyperliquid,2026-06-26 08:00:00+00:00,,0.003,-4.151e-07,0.0030004151000000002,,216.33718761656124,167.0523167221634,-49.28487089439784,,real_settlement_plus_minus_4h,PRE_20260716
settlement,gate/hyperliquid,2026-06-26 16:00:00+00:00,,0.000176,3.84846e-05,0.0001375154,108.10205281877478,,,,,real_settlement_event,PRE_20260716
settlement_window,gate/hyperliquid,2026-06-26 16:00:00+00:00,,0.000176,3.84846e-05,0.0001375154,,167.0523167221634,136.3094223888226,-30.742894333340786,,real_settlement_plus_minus_4h,PRE_20260716
settlement,gate/hyperliquid,2026-06-27 00:00:00+00:00,,0.000336,0.0001747603,0.00016123969999999997,169.7352468491845,,,,,real_settlement_event,PRE_20260716
settlement_window,gate/hyperliquid,2026-06-27 00:00:00+00:00,,0.000336,0.0001747603,0.00016123969999999997,,136.3094223888226,168.18104859190672,31.871626203084105,,real_settlement_plus_minus_4h,PRE_20260716
settlement,gate/hyperliquid,2026-06-27 08:00:00+00:00,,0.000279,6.25e-06,0.00027275,141.61988320591382,,,,,real_settlement_event,PRE_20260716
settlement_window,gate/hyperliquid,2026-06-27 08:00:00+00:00,,0.000279,6.25e-06,0.00027275,,168.18104859190672,146.04302348529754,-22.138025106609177,,real_settlement_plus_minus_4h,PRE_20260716
settlement,gate/hyperliquid,2026-06-27 16:00:00+00:00,,0.000218,6.25e-06,0.00021175000000000002,173.3550965272694,,,,,real_settlement_event,PRE_20260716
settlement_window,gate/hyperliquid,2026-06-27 16:00:00+00:00,,0.000218,6.25e-06,0.00021175000000000002,,146.04302348529754,140.5995163376638,-5.443507147633738,,real_settlement_plus_minus_4h,PRE_20260716
settlement,gate/hyperliquid,2026-06-28 00:00:00+00:00,,0.000127,-2.70337e-05,0.0001540337,153.7331147911606,,,,,real_settlement_event,PRE_20260716
settlement_window,gate/hyperliquid,2026-06-28 00:00:00+00:00,,0.000127,-2.70337e-05,0.0001540337,,140.5995163376638,183.68388230625243,43.08436596858863,,real_settlement_plus_minus_4h,PRE_20260716
settlement,gate/hyperliquid,2026-06-28 08:00:00+00:00,,0.000267,0.0001884643,7.853569999999999e-05,208.23394044846142,,,,,real_settlement_event,PRE_20260716
settlement_window,gate/hyperliquid,2026-06-28 08:00:00+00:00,,0.000267,0.0001884643,7.853569999999999e-05,,183.68388230625243,185.94066550106845,2.2567831948160233,,real_settlement_plus_minus_4h,PRE_20260716
settlement,gate/hyperliquid,2026-06-28 16:00:00+00:00,,0.000275,6.25e-06,0.00026875,202.7973949602929,,,,,real_settlement_event,PRE_20260716
settlement_window,gate/hyperliquid,2026-06-28 16:00:00+00:00,,0.000275,6.25e-06,0.00026875,,185.94066550106845,171.56254309750327,-14.378122403565186,,real_settlement_plus_minus_4h,PRE_20260716
settlement,gate/hyperliquid,2026-06-29 00:00:00+00:00,,0.000287,0.000480551,-0.00019355100000000003,184.9900480037461,,,,,real_settlement_event,PRE_20260716
settlement_window,gate/hyperliquid,2026-06-29 00:00:00+00:00,,0.000287,0.000480551,-0.00019355100000000003,,171.56254309750327,288.4388980456793,116.87635494817604,,real_settlement_plus_minus_4h,PRE_20260716
settlement,gate/hyperliquid,2026-06-29 08:00:00+00:00,,0.0005,0.0001711528,0.0003288472,187.68464345710532,,,,,real_settlement_event,PRE_20260716
settlement_window,gate/hyperliquid,2026-06-29 08:00:00+00:00,,0.0005,0.0001711528,0.0003288472,,288.4388980456793,194.34322401527058,-94.09567403040873,,real_settlement_plus_minus_4h,PRE_20260716
settlement,gate/hyperliquid,2026-06-29 16:00:00+00:00,,0.0001,9.86748e-05,1.3252000000000055e-06,180.880836647517,,,,,real_settlement_event,PRE_20260716
settlement_window,gate/hyperliquid,2026-06-29 16:00:00+00:00,,0.0001,9.86748e-05,1.3252000000000055e-06,,194.34322401527058,176.17594565029728,-18.1672783649733,,real_settlement_plus_minus_4h,PRE_20260716
settlement,gate/hyperliquid,2026-06-30 00:00:00+00:00,,0.0001,0.0002884372,-0.00018843720000000003,212.23543055958194,,,,,real_settlement_event,PRE_20260716
settlement_window,gate/hyperliquid,2026-06-30 00:00:00+00:00,,0.0001,0.0002884372,-0.00018843720000000003,,176.17594565029728,87.07938064069612,-89.09656500960116,,real_settlement_plus_minus_4h,PRE_20260716
settlement,gate/hyperliquid,2026-06-30 08:00:00+00:00,,0.003,0.0002157015,0.0027842985,94.57224913695542,,,,,real_settlement_event,PRE_20260716
settlement_window,gate/hyperliquid,2026-06-30 08:00:00+00:00,,0.003,0.0002157015,0.0027842985,,87.07938064069612,86.02150537634513,-1.057875264350983,,real_settlement_plus_minus_4h,PRE_20260716
settlement,gate/hyperliquid,2026-06-30 16:00:00+00:00,,0.0001,-9.43765e-05,0.00019437650000000002,85.9008131943649,,,,,real_settlement_event,PRE_20260716
settlement_window,gate/hyperliquid,2026-06-30 16:00:00+00:00,,0.0001,-9.43765e-05,0.00019437650000000002,,86.02150537634513,79.79936160510715,-6.222143771237981,,real_settlement_plus_minus_4h,PRE_20260716
settlement,gate/hyperliquid,2026-07-01 00:00:00+00:00,,0.0001,0.0003108511,-0.0002108511,105.42168674698821,,,,,real_settlement_event,PRE_20260716
settlement_window,gate/hyperliquid,2026-07-01 00:00:00+00:00,,0.0001,0.0003108511,-0.0002108511,,79.79936160510715,117.56631754841432,37.76695594330717,,real_settlement_plus_minus_4h,PRE_20260716
settlement,gate/hyperliquid,2026-07-01 08:00:00+00:00,,0.003,3.99729e-05,0.0029600271,203.79332110974235,,,,,real_settlement_event,PRE_20260716
settlement_window,gate/hyperliquid,2026-07-01 08:00:00+00:00,,0.003,3.99729e-05,0.0029600271,,117.56631754841432,199.747307622887,82.18099007447269,,real_settlement_plus_minus_4h,PRE_20260716
settlement,gate/hyperliquid,2026-07-01 16:00:00+00:00,,0.0001,6.25e-06,9.375e-05,194.95629205710333,,,,,real_settlement_event,PRE_20260716
settlement_window,gate/hyperliquid,2026-07-01 16:00:00+00:00,,0.0001,6.25e-06,9.375e-05,,199.747307622887,211.25432254008115,11.507014917194141,,real_settlement_plus_minus_4h,PRE_20260716
settlement,gate/hyperliquid,2026-07-02 00:00:00+00:00,,0.0001,6.25e-06,9.375e-05,128.85591565794581,,,,,real_settlement_event,PRE_20260716
settlement_window,gate/hyperliquid,2026-07-02 00:00:00+00:00,,0.0001,6.25e-06,9.375e-05,,211.25432254008115,179.3898127536982,-31.86450978638294,,real_settlement_plus_minus_4h,PRE_20260716
settlement,gate/hyperliquid,2026-07-02 08:00:00+00:00,,0.003,0.0005014033,0.0024985967000000003,187.99209184558225,,,,,real_settlement_event,PRE_20260716
settlement_window,gate/hyperliquid,2026-07-02 08:00:00+00:00,,0.003,0.0005014033,0.0024985967000000003,,179.3898127536982,186.66577459605838,7.275961842360175,,real_settlement_plus_minus_4h,PRE_20260716
settlement,gate/hyperliquid,2026-07-02 16:00:00+00:00,,0.0001,-0.0003192313,0.0004192313,139.32868904369823,,,,,real_settlement_event,PRE_20260716
settlement_window,gate/hyperliquid,2026-07-02 16:00:00+00:00,,0.0001,-0.0003192313,0.0004192313,,186.66577459605838,177.69693577724823,-8.968838818810156,,real_settlement_plus_minus_4h,PRE_20260716
settlement,gate/hyperliquid,2026-07-03 00:00:00+00:00,,0.0001,6.25e-06,9.375e-05,105.40456753125936,,,,,real_settlement_event,PRE_20260716
settlement_window,gate/hyperliquid,2026-07-03 00:00:00+00:00,,0.0001,6.25e-06,9.375e-05,,177.69693577724823,87.00810757366058,-90.68882820358765,,real_settlement_plus_minus_4h,PRE_20260716
settlement,gate/hyperliquid,2026-07-03 08:00:00+00:00,,0.002393,-0.0002123349,0.0026053349000000003,47.490897577964226,,,,,real_settlement_event,PRE_20260716
settlement_window,gate/hyperliquid,2026-07-03 08:00:00+00:00,,0.002393,-0.0002123349,0.0026053349000000003,,87.00810757366058,71.54633402805861,-15.461773545601972,,real_settlement_plus_minus_4h,PRE_20260716
settlement,gate/hyperliquid,2026-07-03 16:00:00+00:00,,0.0001,-5.32243e-05,0.0001532243,77.95800326920573,,,,,real_settlement_event,PRE_20260716
settlement_window,gate/hyperliquid,2026-07-03 16:00:00+00:00,,0.0001,-5.32243e-05,0.0001532243,,71.54633402805861,97.30538922155633,25.759055193497716,,real_settlement_plus_minus_4h,PRE_20260716
settlement,gate/hyperliquid,2026-07-04 00:00:00+00:00,,0.0001,2.7063e-05,7.2937e-05,84.70122724040958,,,,,real_settlement_event,PRE_20260716
settlement_window,gate/hyperliquid,2026-07-04 00:00:00+00:00,,0.0001,2.7063e-05,7.2937e-05,,97.30538922155633,83.5370192753937,-13.768369946162622,,real_settlement_plus_minus_4h,PRE_20260716
settlement,gate/hyperliquid,2026-07-04 08:00:00+00:00,,0.0001,5.6888e-06,9.43112e-05,92.09134465807949,,,,,real_settlement_event,PRE_20260716
settlement_window,gate/hyperliquid,2026-07-04 08:00:00+00:00,,0.0001,5.6888e-06,9.43112e-05,,83.5370192753937,92.74532383056918,9.208304555175474,,real_settlement_plus_minus_4h,PRE_20260716
settlement,gate/hyperliquid,2026-07-04 16:00:00+00:00,,0.0001,2.35246e-05,7.64754e-05,96.25000000000057,,,,,real_settlement_event,PRE_20260716
settlement_window,gate/hyperliquid,2026-07-04 16:00:00+00:00,,0.0001,2.35246e-05,7.64754e-05,,92.74532383056918,85.57419032449513,-7.171133506074042,,real_settlement_plus_minus_4h,PRE_20260716
settlement,gate/hyperliquid,2026-07-05 00:00:00+00:00,,0.0001,3.27809e-05,6.72191e-05,96.51608082443413,,,,,real_settlement_event,PRE_20260716
settlement_window,gate/hyperliquid,2026-07-05 00:00:00+00:00,,0.0001,3.27809e-05,6.72191e-05,,85.57419032449513,97.69368700921258,12.119496684717447,,real_settlement_plus_minus_4h,PRE_20260716
settlement,gate/hyperliquid,2026-07-05 08:00:00+00:00,,0.0001,6.25e-06,9.375e-05,84.23138857921552,,,,,real_settlement_event,PRE_20260716
settlement_window,gate/hyperliquid,2026-07-05 08:00:00+00:00,,0.0001,6.25e-06,9.375e-05,,97.69368700921258,107.2599675155527,9.56628050634012,,real_settlement_plus_minus_4h,PRE_20260716
settlement,gate/hyperliquid,2026-07-05 16:00:00+00:00,,0.0001,-6.31263e-05,0.0001631263,109.10772075820508,,,,,real_settlement_event,PRE_20260716
settlement_window,gate/hyperliquid,2026-07-05 16:00:00+00:00,,0.0001,-6.31263e-05,0.0001631263,,107.2599675155527,84.90595271296237,-22.354014802590328,,real_settlement_plus_minus_4h,PRE_20260716
settlement,gate/hyperliquid,2026-07-06 00:00:00+00:00,,0.0001,9.4925e-06,9.05075e-05,112.34567901234456,,,,,real_settlement_event,PRE_20260716
settlement_window,gate/hyperliquid,2026-07-06 00:00:00+00:00,,0.0001,9.4925e-06,9.05075e-05,,84.90595271296237,78.6505898794235,-6.255362833538868,,real_settlement_plus_minus_4h,PRE_20260716
settlement,gate/hyperliquid,2026-07-06 08:00:00+00:00,,0.002712,-8.93016e-05,0.0028013016,87.91065672516524,,,,,real_settlement_event,PRE_20260716
settlement_window,gate/hyperliquid,2026-07-06 08:00:00+00:00,,0.002712,-8.93016e-05,0.0028013016,,78.6505898794235,85.4618473895594,6.8112575101358885,,real_settlement_plus_minus_4h,PRE_20260716
settlement,gate/hyperliquid,2026-07-06 16:00:00+00:00,,0.0001,-6.02838e-05,0.0001602838,57.14102276010459,,,,,real_settlement_event,PRE_20260716
settlement_window,gate/hyperliquid,2026-07-06 16:00:00+00:00,,0.0001,-6.02838e-05,0.0001602838,,85.4618473895594,73.16603555612518,-12.295811833434215,,real_settlement_plus_minus_4h,PRE_20260716
settlement,gate/hyperliquid,2026-07-07 00:00:00+00:00,,0.0001,0.0001599793,-5.99793e-05,64.16534396001487,,,,,real_settlement_event,PRE_20260716
settlement_window,gate/hyperliquid,2026-07-07 00:00:00+00:00,,0.0001,0.0001599793,-5.99793e-05,,73.16603555612518,118.83709415010226,45.67105859397708,,real_settlement_plus_minus_4h,PRE_20260716
settlement,gate/hyperliquid,2026-07-07 08:00:00+00:00,,0.003,-2.05424e-05,0.0030205424,149.65332601084614,,,,,real_settlement_event,PRE_20260716
settlement_window,gate/hyperliquid,2026-07-07 08:00:00+00:00,,0.003,-2.05424e-05,0.0030205424,,118.83709415010226,180.90589480151553,62.06880065141327,,real_settlement_plus_minus_4h,PRE_20260716
settlement,gate/hyperliquid,2026-07-07 16:00:00+00:00,,0.000131,7.854e-06,0.000123146,167.75136602512885,,,,,real_settlement_event,PRE_20260716
settlement_window,gate/hyperliquid,2026-07-07 16:00:00+00:00,,0.000131,7.854e-06,0.000123146,,180.90589480151553,175.4446794493946,-5.461215352120917,,real_settlement_plus_minus_4h,PRE_20260716
settlement,gate/hyperliquid,2026-07-08 00:00:00+00:00,,0.000104,0.0001898129,-8.581289999999999e-05,105.02625656414165,,,,,real_settlement_event,PRE_20260716
settlement_window,gate/hyperliquid,2026-07-08 00:00:00+00:00,,0.000104,0.0001898129,-8.581289999999999e-05,,175.4446794493946,143.24693042291952,-32.197749026475094,,real_settlement_plus_minus_4h,PRE_20260716
settlement,gate/hyperliquid,2026-07-08 08:00:00+00:00,,0.003,0.0002863891,0.0027136109,188.0833244614784,,,,,real_settlement_event,PRE_20260716
settlement_window,gate/hyperliquid,2026-07-08 08:00:00+00:00,,0.003,0.0002863891,0.0027136109,,143.24693042291952,162.71974429754368,19.472813874624165,,real_settlement_plus_minus_4h,PRE_20260716
settlement,gate/hyperliquid,2026-07-08 16:00:00+00:00,,0.0001,-9.6269e-05,0.000196269,151.1795520866294,,,,,real_settlement_event,PRE_20260716
settlement_window,gate/hyperliquid,2026-07-08 16:00:00+00:00,,0.0001,-9.6269e-05,0.000196269,,162.71974429754368,158.98468151888335,-3.7350627786603354,,real_settlement_plus_minus_4h,PRE_20260716
settlement,gate/hyperliquid,2026-07-09 00:00:00+00:00,,0.0001,0.0004109952,-0.0003109952,136.33220272005826,,,,,real_settlement_event,PRE_20260716
settlement_window,gate/hyperliquid,2026-07-09 00:00:00+00:00,,0.0001,0.0004109952,-0.0003109952,,158.98468151888335,166.31586211655852,7.331180597675171,,real_settlement_plus_minus_4h,PRE_20260716
settlement,gate/hyperliquid,2026-07-09 08:00:00+00:00,,0.003,0.0001066868,0.0028933132,192.17342155135066,,,,,real_settlement_event,PRE_20260716
settlement_window,gate/hyperliquid,2026-07-09 08:00:00+00:00,,0.003,0.0001066868,0.0028933132,,166.31586211655852,183.60570349632167,17.289841379763146,,real_settlement_plus_minus_4h,PRE_20260716
settlement,gate/hyperliquid,2026-07-09 16:00:00+00:00,,0.0001,8.17308e-05,1.826920000000001e-05,194.66288513600648,,,,,real_settlement_event,PRE_20260716
settlement_window,gate/hyperliquid,2026-07-09 16:00:00+00:00,,0.0001,8.17308e-05,1.826920000000001e-05,,183.60570349632167,178.96947181392227,-4.636231682399398,,real_settlement_plus_minus_4h,PRE_20260716
settlement,gate/hyperliquid,2026-07-10 00:00:00+00:00,,0.0001,0.000320956,-0.00022095600000000002,199.19389760501045,,,,,real_settlement_event,PRE_20260716
settlement_window,gate/hyperliquid,2026-07-10 00:00:00+00:00,,0.0001,0.000320956,-0.00022095600000000002,,178.96947181392227,196.86331124089506,17.89383942697279,,real_settlement_plus_minus_4h,PRE_20260716
settlement,gate/hyperliquid,2026-07-10 08:00:00+00:00,,0.003,0.0002564808,0.0027435192,234.6612876113639,,,,,real_settlement_event,PRE_20260716
settlement_window,gate/hyperliquid,2026-07-10 08:00:00+00:00,,0.003,0.0002564808,0.0027435192,,196.86331124089506,247.92029724131157,51.056986000416515,,real_settlement_plus_minus_4h,PRE_20260716
settlement,gate/hyperliquid,2026-07-10 16:00:00+00:00,,0.000149,3.92912e-05,0.00010970879999999999,231.10158421810632,,,,,real_settlement_event,PRE_20260716
settlement_window,gate/hyperliquid,2026-07-10 16:00:00+00:00,,0.000149,3.92912e-05,0.00010970879999999999,,247.92029724131157,241.43249949701564,-6.487797744295932,,real_settlement_plus_minus_4h,PRE_20260716
settlement,gate/hyperliquid,2026-07-11 00:00:00+00:00,,0.000218,2.83053e-05,0.0001896947,247.77106220990507,,,,,real_settlement_event,PRE_20260716
settlement_window,gate/hyperliquid,2026-07-11 00:00:00+00:00,,0.000218,2.83053e-05,0.0001896947,,241.43249949701564,250.07542489356675,8.642925396551107,,real_settlement_plus_minus_4h,PRE_20260716
settlement,gate/hyperliquid,2026-07-11 08:00:00+00:00,,0.000362,6.25e-06,0.00035575,223.45244086562778,,,,,real_settlement_event,PRE_20260716
settlement_window,gate/hyperliquid,2026-07-11 08:00:00+00:00,,0.000362,6.25e-06,0.00035575,,250.07542489356675,217.36949469952847,-32.705930194038274,,real_settlement_plus_minus_4h,PRE_20260716
settlement,gate/hyperliquid,2026-07-11 16:00:00+00:00,,0.000312,-1.81593e-05,0.0003301593,233.3847495137815,,,,,real_settlement_event,PRE_20260716
settlement_window,gate/hyperliquid,2026-07-11 16:00:00+00:00,,0.000312,-1.81593e-05,0.0003301593,,217.36949469952847,241.42990529545182,24.060410595923344,,real_settlement_plus_minus_4h,PRE_20260716
settlement,gate/hyperliquid,2026-07-12 00:00:00+00:00,,0.000501,-0.0001469248,0.0006479248000000001,256.80672268907443,,,,,real_settlement_event,PRE_20260716
settlement_window,gate/hyperliquid,2026-07-12 00:00:00+00:00,,0.000501,-0.0001469248,0.0006479248000000001,,241.42990529545182,259.86203201393045,18.432126718478628,,real_settlement_plus_minus_4h,PRE_20260716
settlement,gate/hyperliquid,2026-07-12 08:00:00+00:00,,0.000788,6.25e-06,0.00078175,252.6202633700627,,,,,real_settlement_event,PRE_20260716
settlement_window,gate/hyperliquid,2026-07-12 08:00:00+00:00,,0.000788,6.25e-06,0.00078175,,259.86203201393045,239.35281139265868,-20.509220621271766,,real_settlement_plus_minus_4h,PRE_20260716
settlement,gate/hyperliquid,2026-07-12 16:00:00+00:00,,0.000703,6.25e-06,0.00069675,243.97580294776245,,,,,real_settlement_event,PRE_20260716
settlement_window,gate/hyperliquid,2026-07-12 16:00:00+00:00,,0.000703,6.25e-06,0.00069675,,239.35281139265868,229.0000331884106,-10.352778204248068,,real_settlement_plus_minus_4h,PRE_20260716
settlement,gate/hyperliquid,2026-07-13 00:00:00+00:00,,0.000481,0.0005533987,-7.239870000000002e-05,273.3802915126581,,,,,real_settlement_event,PRE_20260716
settlement_window,gate/hyperliquid,2026-07-13 00:00:00+00:00,,0.000481,0.0005533987,-7.239870000000002e-05,,229.0000331884106,349.6341932999622,120.63416011155158,,real_settlement_plus_minus_4h,PRE_20260716
settlement,gate/hyperliquid,2026-07-13 08:00:00+00:00,,0.003,0.0009218144,0.0020781856,418.5623293903538,,,,,real_settlement_event,PRE_20260716
settlement_window,gate/hyperliquid,2026-07-13 08:00:00+00:00,,0.003,0.0009218144,0.0020781856,,349.6341932999622,398.2127459434033,48.57855264344113,,real_settlement_plus_minus_4h,PRE_20260716
settlement,gate/hyperliquid,2026-07-13 16:00:00+00:00,,0.001426,-9.56097e-05,0.0015216097,297.9870026945626,,,,,real_settlement_event,PRE_20260716
settlement_window,gate/hyperliquid,2026-07-13 16:00:00+00:00,,0.001426,-9.56097e-05,0.0015216097,,398.2127459434033,262.29508196721457,-135.91766397618875,,real_settlement_plus_minus_4h,PRE_20260716
settlement,gate/hyperliquid,2026-07-14 00:00:00+00:00,,0.0001,0.0011529055,-0.0010529055,240.31407383907646,,,,,real_settlement_event,PRE_20260716
settlement_window,gate/hyperliquid,2026-07-14 00:00:00+00:00,,0.0001,0.0011529055,-0.0010529055,,262.29508196721457,333.1810061900204,70.88592422280584,,real_settlement_plus_minus_4h,PRE_20260716
settlement,gate/hyperliquid,2026-07-14 08:00:00+00:00,,0.003,7.97623e-05,0.0029202377000000002,215.23625843780206,,,,,real_settlement_event,PRE_20260716
settlement_window,gate/hyperliquid,2026-07-14 08:00:00+00:00,,0.003,7.97623e-05,0.0029202377000000002,,333.1810061900204,224.61538461538322,-108.56562157463719,,real_settlement_plus_minus_4h,PRE_20260716
settlement,gate/hyperliquid,2026-07-14 16:00:00+00:00,,0.0001,0.0004213844,-0.0003213844,222.71714922048997,,,,,real_settlement_event,PRE_20260716
settlement_window,gate/hyperliquid,2026-07-14 16:00:00+00:00,,0.0001,0.0004213844,-0.0003213844,,224.61538461538322,241.10218140068983,16.48679678530661,,real_settlement_plus_minus_4h,PRE_20260716
settlement,gate/hyperliquid,2026-07-14 20:00:00+00:00,,5e-05,0.0002849952,-0.00023499519999999998,241.10218140068983,,,,,real_settlement_event,PRE_20260716
settlement_window,gate/hyperliquid,2026-07-14 20:00:00+00:00,,5e-05,0.0002849952,-0.00023499519999999998,,222.71714922048997,235.2280307551873,12.510881534697319,,real_settlement_plus_minus_4h,PRE_20260716
settlement,gate/hyperliquid,2026-07-15 00:00:00+00:00,,0.000182,6.25e-06,0.00017575000000000002,235.2280307551873,,,,,real_settlement_event,PRE_20260716
settlement_window,gate/hyperliquid,2026-07-15 00:00:00+00:00,,0.000182,6.25e-06,0.00017575000000000002,,241.10218140068983,158.51775604734885,-82.58442535334098,,real_settlement_plus_minus_4h,PRE_20260716
settlement,gate/hyperliquid,2026-07-15 04:00:00+00:00,,0.0005,-7.34388e-05,0.0005734388,158.51775604734885,,,,,real_settlement_event,PRE_20260716
settlement_window,gate/hyperliquid,2026-07-15 04:00:00+00:00,,0.0005,-7.34388e-05,0.0005734388,,235.2280307551873,200.40080160320642,-34.82722915198087,,real_settlement_plus_minus_4h,PRE_20260716
settlement,gate/hyperliquid,2026-07-15 08:00:00+00:00,,0.0005,-3.12336e-05,0.0005312336,200.40080160320642,,,,,real_settlement_event,PRE_20260716
settlement_window,gate/hyperliquid,2026-07-15 08:00:00+00:00,,0.0005,-3.12336e-05,0.0005312336,,158.51775604734885,203.12329365512792,44.60553760777907,,real_settlement_plus_minus_4h,PRE_20260716
settlement,gate/hyperliquid,2026-07-15 12:00:00+00:00,,5e-05,0.0001506818,-0.00010068180000000001,203.12329365512792,,,,,real_settlement_event,PRE_20260716
settlement_window,gate/hyperliquid,2026-07-15 12:00:00+00:00,,5e-05,0.0001506818,-0.00010068180000000001,,200.40080160320642,203.19748495188435,2.796683348677931,,real_settlement_plus_minus_4h,PRE_20260716
settlement,gate/hyperliquid,2026-07-15 16:00:00+00:00,,5e-05,-0.0001371412,0.0001871412,203.19748495188435,,,,,real_settlement_event,PRE_20260716
settlement_window,gate/hyperliquid,2026-07-15 16:00:00+00:00,,5e-05,-0.0001371412,0.0001871412,,203.12329365512792,173.43886090809153,-29.684432747036396,,real_settlement_plus_minus_4h,PRE_20260716
settlement,gate/hyperliquid,2026-07-15 20:00:00+00:00,,5e-05,0.0001155823,-6.55823e-05,173.43886090809153,,,,,real_settlement_event,PRE_20260716
settlement_window,gate/hyperliquid,2026-07-15 20:00:00+00:00,,5e-05,0.0001155823,-6.55823e-05,,203.19748495188435,204.47382581289978,1.2763408610154272,,real_settlement_plus_minus_4h,PRE_20260716
settlement,gate/hyperliquid,2026-07-16 00:00:00+00:00,,5e-05,0.000166346,-0.000116346,204.47382581289978,,,,,real_settlement_event,GATE_REGIME_20260716_20260720
settlement_window,gate/hyperliquid,2026-07-16 00:00:00+00:00,,5e-05,0.000166346,-0.000116346,,173.43886090809153,200.24535992718316,26.806499019091632,,real_settlement_plus_minus_4h,GATE_REGIME_20260716_20260720
settlement,gate/hyperliquid,2026-07-16 04:00:00+00:00,,0.0005,1.60117e-05,0.0004839883,200.24535992718316,,,,,real_settlement_event,GATE_REGIME_20260716_20260720
settlement_window,gate/hyperliquid,2026-07-16 04:00:00+00:00,,0.0005,1.60117e-05,0.0004839883,,204.47382581289978,198.7396994667952,-5.734126346104574,,real_settlement_plus_minus_4h,GATE_REGIME_20260716_20260720
settlement,gate/hyperliquid,2026-07-16 08:00:00+00:00,,0.0005,-6.9374e-05,0.000569374,198.7396994667952,,,,,real_settlement_event,GATE_REGIME_20260716_20260720
settlement_window,gate/hyperliquid,2026-07-16 08:00:00+00:00,,0.0005,-6.9374e-05,0.000569374,,200.24535992718316,224.3744955609377,24.129135633754544,,real_settlement_plus_minus_4h,GATE_REGIME_20260716_20260720
settlement,gate/hyperliquid,2026-07-16 12:00:00+00:00,,5e-05,-0.0001520894,0.0002020894,224.3744955609377,,,,,real_settlement_event,GATE_REGIME_20260716_20260720
settlement_window,gate/hyperliquid,2026-07-16 12:00:00+00:00,,5e-05,-0.0001520894,0.0002020894,,198.7396994667952,224.42460479973678,25.684905332941582,,real_settlement_plus_minus_4h,GATE_REGIME_20260716_20260720
settlement,gate/hyperliquid,2026-07-16 16:00:00+00:00,,5e-05,-0.0001899366,0.0002399366,224.42460479973678,,,,,real_settlement_event,GATE_REGIME_20260716_20260720
settlement_window,gate/hyperliquid,2026-07-16 16:00:00+00:00,,5e-05,-0.0001899366,0.0002399366,,224.3744955609377,246.33626988434722,21.961774323409514,,real_settlement_plus_minus_4h,GATE_REGIME_20260716_20260720
settlement,gate/hyperliquid,2026-07-16 20:00:00+00:00,,5e-05,-0.0002658968,0.00031589680000000003,246.33626988434722,,,,,real_settlement_event,GATE_REGIME_20260716_20260720
settlement_window,gate/hyperliquid,2026-07-16 20:00:00+00:00,,5e-05,-0.0002658968,0.00031589680000000003,,224.42460479973678,232.75425872828393,8.329653928547145,,real_settlement_plus_minus_4h,GATE_REGIME_20260716_20260720
settlement,gate/hyperliquid,2026-07-17 00:00:00+00:00,,5e-05,-0.0001880236,0.00023802359999999998,232.75425872828393,,,,,real_settlement_event,GATE_REGIME_20260716_20260720
settlement_window,gate/hyperliquid,2026-07-17 00:00:00+00:00,,5e-05,-0.0001880236,0.00023802359999999998,,246.33626988434722,191.23371128786522,-55.102558596482,,real_settlement_plus_minus_4h,GATE_REGIME_20260716_20260720
settlement,gate/hyperliquid,2026-07-17 04:00:00+00:00,,0.0005,0.0002337192,0.0002662808,191.23371128786522,,,,,real_settlement_event,GATE_REGIME_20260716_20260720
settlement_window,gate/hyperliquid,2026-07-17 04:00:00+00:00,,0.0005,0.0002337192,0.0002662808,,232.75425872828393,158.73704298043938,-74.01721574784455,,real_settlement_plus_minus_4h,GATE_REGIME_20260716_20260720
settlement,gate/hyperliquid,2026-07-17 08:00:00+00:00,,0.0005,-0.0002750149,0.0007750149,158.73704298043938,,,,,real_settlement_event,GATE_REGIME_20260716_20260720
settlement_window,gate/hyperliquid,2026-07-17 08:00:00+00:00,,0.0005,-0.0002750149,0.0007750149,,191.23371128786522,160.92250763736538,-30.311203650499834,,real_settlement_plus_minus_4h,GATE_REGIME_20260716_20260720
settlement,gate/hyperliquid,2026-07-17 12:00:00+00:00,,0.0005,-0.000138843,0.000638843,160.92250763736538,,,,,real_settlement_event,GATE_REGIME_20260716_20260720
settlement_window,gate/hyperliquid,2026-07-17 12:00:00+00:00,,0.0005,-0.000138843,0.000638843,,158.73704298043938,118.55754981063613,-40.17949316980325,,real_settlement_plus_minus_4h,GATE_REGIME_20260716_20260720
settlement,gate/hyperliquid,2026-07-17 16:00:00+00:00,,0.0005,0.0002924687,0.0002075313,118.55754981063613,,,,,real_settlement_event,GATE_REGIME_20260716_20260720
settlement_window,gate/hyperliquid,2026-07-17 16:00:00+00:00,,0.0005,0.0002924687,0.0002075313,,160.92250763736538,66.15972848734842,-94.76277915001697,,real_settlement_plus_minus_4h,GATE_REGIME_20260716_20260720
settlement,gate/hyperliquid,2026-07-17 20:00:00+00:00,,0.0005,-0.00032597,0.0008259700000000001,66.15972848734842,,,,,real_settlement_event,GATE_REGIME_20260716_20260720
settlement_window,gate/hyperliquid,2026-07-17 20:00:00+00:00,,0.0005,-0.00032597,0.0008259700000000001,,118.55754981063613,58.57019810508339,-59.98735170555274,,real_settlement_plus_minus_4h,GATE_REGIME_20260716_20260720
settlement,gate/hyperliquid,2026-07-18 00:00:00+00:00,,0.0005,6.25e-06,0.00049375,58.57019810508339,,,,,real_settlement_event,GATE_REGIME_20260716_20260720
settlement_window,gate/hyperliquid,2026-07-18 00:00:00+00:00,,0.0005,6.25e-06,0.00049375,,66.15972848734842,56.632915737087146,-9.526812750261271,,real_settlement_plus_minus_4h,GATE_REGIME_20260716_20260720
settlement,gate/hyperliquid,2026-07-18 04:00:00+00:00,,0.0005,1.27927e-05,0.0004872073,56.632915737087146,,,,,real_settlement_event,GATE_REGIME_20260716_20260720
settlement_window,gate/hyperliquid,2026-07-18 04:00:00+00:00,,0.0005,1.27927e-05,0.0004872073,,58.57019810508339,46.53166738474874,-12.038530720334656,,real_settlement_plus_minus_4h,GATE_REGIME_20260716_20260720
settlement,gate/hyperliquid,2026-07-18 08:00:00+00:00,,0.0005,6.25e-06,0.00049375,46.53166738474874,,,,,real_settlement_event,GATE_REGIME_20260716_20260720
settlement_window,gate/hyperliquid,2026-07-18 08:00:00+00:00,,0.0005,6.25e-06,0.00049375,,56.632915737087146,54.247212296034405,-2.3857034410527405,,real_settlement_plus_minus_4h,GATE_REGIME_20260716_20260720
settlement,gate/hyperliquid,2026-07-18 12:00:00+00:00,,0.0005,-2.0678e-06,0.0005020678,54.247212296034405,,,,,real_settlement_event,GATE_REGIME_20260716_20260720
settlement_window,gate/hyperliquid,2026-07-18 12:00:00+00:00,,0.0005,-2.0678e-06,0.0005020678,,46.53166738474874,39.9340220505264,-6.597645334222335,,real_settlement_plus_minus_4h,GATE_REGIME_20260716_20260720
settlement,gate/hyperliquid,2026-07-18 16:00:00+00:00,,0.0005,-8.00457e-05,0.0005800457,39.9340220505264,,,,,real_settlement_event,GATE_REGIME_20260716_20260720
settlement_window,gate/hyperliquid,2026-07-18 16:00:00+00:00,,0.0005,-8.00457e-05,0.0005800457,,54.247212296034405,36.56625457078222,-17.680957725252185,,real_settlement_plus_minus_4h,GATE_REGIME_20260716_20260720
settlement,gate/hyperliquid,2026-07-18 20:00:00+00:00,,0.0005,6.25e-06,0.00049375,36.56625457078222,,,,,real_settlement_event,GATE_REGIME_20260716_20260720
settlement_window,gate/hyperliquid,2026-07-18 20:00:00+00:00,,0.0005,6.25e-06,0.00049375,,39.9340220505264,40.68383466781924,0.7498126172928394,,real_settlement_plus_minus_4h,GATE_REGIME_20260716_20260720
settlement,gate/hyperliquid,2026-07-19 00:00:00+00:00,,0.0005,1.46779e-05,0.00048532210000000003,40.68383466781924,,,,,real_settlement_event,GATE_REGIME_20260716_20260720
settlement_window,gate/hyperliquid,2026-07-19 00:00:00+00:00,,0.0005,1.46779e-05,0.00048532210000000003,,36.56625457078222,42.42681374628766,5.860559175505436,,real_settlement_plus_minus_4h,GATE_REGIME_20260716_20260720
settlement,gate/hyperliquid,2026-07-19 04:00:00+00:00,,0.000443,2.1309e-05,0.00042169099999999997,42.42681374628766,,,,,real_settlement_event,GATE_REGIME_20260716_20260720
settlement_window,gate/hyperliquid,2026-07-19 04:00:00+00:00,,0.000443,2.1309e-05,0.00042169099999999997,,40.68383466781924,42.79780136785244,2.1139667000332025,,real_settlement_plus_minus_4h,GATE_REGIME_20260716_20260720
settlement,gate/hyperliquid,2026-07-19 08:00:00+00:00,,0.0005,0.0001038321,0.0003961679,42.79780136785244,,,,,real_settlement_event,GATE_REGIME_20260716_20260720
settlement_window,gate/hyperliquid,2026-07-19 08:00:00+00:00,,0.0005,0.0001038321,0.0003961679,,42.42681374628766,40.75048815688899,-1.6763255893986653,,real_settlement_plus_minus_4h,GATE_REGIME_20260716_20260720
settlement,gate/hyperliquid,2026-07-19 12:00:00+00:00,,0.000221,-8.56375e-05,0.0003066375,40.75048815688899,,,,,real_settlement_event,GATE_REGIME_20260716_20260720
settlement_window,gate/hyperliquid,2026-07-19 12:00:00+00:00,,0.000221,-8.56375e-05,0.0003066375,,42.79780136785244,47.64335545346381,4.845554085611369,,real_settlement_plus_minus_4h,GATE_REGIME_20260716_20260720
settlement,gate/hyperliquid,2026-07-19 16:00:00+00:00,,0.000377,-3.82936e-05,0.0004152936,47.64335545346381,,,,,real_settlement_event,GATE_REGIME_20260716_20260720
settlement_window,gate/hyperliquid,2026-07-19 16:00:00+00:00,,0.000377,-3.82936e-05,0.0004152936,,40.75048815688899,67.21559401781214,26.465105860923146,,real_settlement_plus_minus_4h,GATE_REGIME_20260716_20260720
settlement,gate/hyperliquid,2026-07-19 20:00:00+00:00,,0.0005,0.0001424997,0.0003575003,67.21559401781214,,,,,real_settlement_event,GATE_REGIME_20260716_20260720
settlement_window,gate/hyperliquid,2026-07-19 20:00:00+00:00,,0.0005,0.0001424997,0.0003575003,,47.64335545346381,27.09379233404943,-20.549563119414383,,real_settlement_plus_minus_4h,GATE_REGIME_20260716_20260720
settlement,gate/hyperliquid,2026-07-20 00:00:00+00:00,,0.0005,0.0002688809,0.0002311191,27.09379233404943,,,,,real_settlement_event,POST_20260720
settlement_window,gate/hyperliquid,2026-07-20 00:00:00+00:00,,0.0005,0.0002688809,0.0002311191,,67.21559401781214,48.397863818424185,-18.817730199387952,,real_settlement_plus_minus_4h,POST_20260720
settlement,gate/hyperliquid,2026-07-20 04:00:00+00:00,,0.0005,0.000122697,0.000377303,48.397863818424185,,,,,real_settlement_event,POST_20260720
settlement_window,gate/hyperliquid,2026-07-20 04:00:00+00:00,,0.0005,0.000122697,0.000377303,,27.09379233404943,39.486673247778505,12.392880913729076,,real_settlement_plus_minus_4h,POST_20260720
settlement,gate/hyperliquid,2026-07-20 08:00:00+00:00,,0.0005,9.36582e-05,0.0004063418,39.486673247778505,,,,,real_settlement_event,POST_20260720
settlement_window,gate/hyperliquid,2026-07-20 08:00:00+00:00,,0.0005,9.36582e-05,0.0004063418,,48.397863818424185,22.68676065467473,-25.711103163749456,,real_settlement_plus_minus_4h,POST_20260720
settlement,gate/hyperliquid,2026-07-20 12:00:00+00:00,,5e-05,1.8678e-06,4.81322e-05,22.68676065467473,,,,,real_settlement_event,POST_20260720
settlement_window,gate/hyperliquid,2026-07-20 12:00:00+00:00,,5e-05,1.8678e-06,4.81322e-05,,39.486673247778505,27.6827878195741,-11.803885428204406,,real_settlement_plus_minus_4h,POST_20260720
settlement,gate/hyperliquid,2026-07-20 16:00:00+00:00,,5e-05,6.19623e-05,-1.1962299999999992e-05,27.6827878195741,,,,,real_settlement_event,POST_20260720
settlement_window,gate/hyperliquid,2026-07-20 16:00:00+00:00,,5e-05,6.19623e-05,-1.1962299999999992e-05,,22.68676065467473,14.997500416596857,-7.689260238077871,,real_settlement_plus_minus_4h,POST_20260720
settlement,gate/hyperliquid,2026-07-20 20:00:00+00:00,,5e-05,-0.0001973298,0.0002473298,14.997500416596857,,,,,real_settlement_event,POST_20260720
settlement_window,gate/hyperliquid,2026-07-20 20:00:00+00:00,,5e-05,-0.0001973298,0.0002473298,,27.6827878195741,34.808552958727375,7.125765139153277,,real_settlement_plus_minus_4h,POST_20260720
settlement,gate/hyperliquid,2026-07-21 00:00:00+00:00,,0.000449,0.0001142159,0.0003347841,34.808552958727375,,,,,real_settlement_event,POST_20260720
settlement_window,gate/hyperliquid,2026-07-21 00:00:00+00:00,,0.000449,0.0001142159,0.0003347841,,14.997500416596857,14.124293785310376,-0.8732066312864806,,real_settlement_plus_minus_4h,POST_20260720
settlement,gate/hyperliquid,2026-07-21 04:00:00+00:00,,0.000175,5.6757e-05,0.000118243,14.124293785310376,,,,,real_settlement_event,POST_20260720
settlement_window,gate/hyperliquid,2026-07-21 04:00:00+00:00,,0.000175,5.6757e-05,0.000118243,,34.808552958727375,38.712225952993016,3.9036729942656407,,real_settlement_plus_minus_4h,POST_20260720
settlement,gate/hyperliquid,2026-07-21 08:00:00+00:00,,0.000363,0.0002088394,0.0001541606,38.712225952993016,,,,,real_settlement_event,POST_20260720
settlement_window,gate/hyperliquid,2026-07-21 08:00:00+00:00,,0.000363,0.0002088394,0.0001541606,,14.124293785310376,29.222445997709947,15.09815221239957,,real_settlement_plus_minus_4h,POST_20260720
settlement,gate/hyperliquid,2026-07-21 12:00:00+00:00,,0.000178,-6.63142e-05,0.0002443142,29.222445997709947,,,,,real_settlement_event,POST_20260720
settlement_window,gate/hyperliquid,2026-07-21 12:00:00+00:00,,0.000178,-6.63142e-05,0.0002443142,,38.712225952993016,27.692307692306994,-11.019918260686023,,real_settlement_plus_minus_4h,POST_20260720
settlement,gate/hyperliquid,2026-07-21 16:00:00+00:00,,0.000493,0.0002466834,0.00024631659999999994,27.692307692306994,,,,,real_settlement_event,POST_20260720
settlement_window,gate/hyperliquid,2026-07-21 16:00:00+00:00,,0.000493,0.0002466834,0.00024631659999999994,,29.222445997709947,37.75579551461149,8.533349516901545,,real_settlement_plus_minus_4h,POST_20260720
settlement,gate/hyperliquid,2026-07-21 20:00:00+00:00,,5.8e-05,6.25e-06,5.175e-05,37.75579551461149,,,,,real_settlement_event,POST_20260720
settlement_window,gate/hyperliquid,2026-07-21 20:00:00+00:00,,5.8e-05,6.25e-06,5.175e-05,,27.692307692306994,34.05389398874674,6.361586296439743,,real_settlement_plus_minus_4h,POST_20260720
settlement,gate/hyperliquid,2026-07-22 00:00:00+00:00,,0.000122,0.0001955694,-7.356940000000001e-05,34.05389398874674,,,,,real_settlement_event,POST_20260720
settlement_window,gate/hyperliquid,2026-07-22 00:00:00+00:00,,0.000122,0.0001955694,-7.356940000000001e-05,,37.75579551461149,11.402941959025428,-26.352853555586066,,real_settlement_plus_minus_4h,POST_20260720
settlement,gate/hyperliquid,2026-07-22 04:00:00+00:00,,5e-05,1.00317e-05,3.99683e-05,11.402941959025428,,,,,real_settlement_event,POST_20260720
settlement_window,gate/hyperliquid,2026-07-22 04:00:00+00:00,,5e-05,1.00317e-05,3.99683e-05,,34.05389398874674,41.86121397520565,7.807319986458914,,real_settlement_plus_minus_4h,POST_20260720
settlement,gate/hyperliquid,2026-07-22 08:00:00+00:00,,0.000107,6.92692e-05,3.7730799999999995e-05,41.86121397520565,,,,,real_settlement_event,POST_20260720
settlement_window,gate/hyperliquid,2026-07-22 08:00:00+00:00,,0.000107,6.92692e-05,3.7730799999999995e-05,,11.402941959025428,40.502227622519236,29.09928566349381,,real_settlement_plus_minus_4h,POST_20260720
settlement,gate/hyperliquid,2026-07-22 12:00:00+00:00,,0.000102,-2.04653e-05,0.0001224653,40.502227622519236,,,,,real_settlement_event,POST_20260720
settlement_window,gate/hyperliquid,2026-07-22 12:00:00+00:00,,0.000102,-2.04653e-05,0.0001224653,,41.86121397520565,33.50344773851693,-8.357766236688718,,real_settlement_plus_minus_4h,POST_20260720
settlement,gate/hyperliquid,2026-07-22 16:00:00+00:00,,0.000262,0.0001717476,9.025240000000003e-05,33.50344773851693,,,,,real_settlement_event,POST_20260720
settlement_window,gate/hyperliquid,2026-07-22 16:00:00+00:00,,0.000262,0.0001717476,9.025240000000003e-05,,40.502227622519236,20.339513416255254,-20.16271420626398,,real_settlement_plus_minus_4h,POST_20260720
settlement,gate/hyperliquid,2026-07-22 20:00:00+00:00,,5e-05,6.25e-06,4.375e-05,20.339513416255254,,,,,real_settlement_event,POST_20260720
settlement_window,gate/hyperliquid,2026-07-22 20:00:00+00:00,,5e-05,6.25e-06,4.375e-05,,33.50344773851693,29.788046591560747,-3.715401146956186,,real_settlement_plus_minus_4h,POST_20260720
settlement,gate/hyperliquid,2026-07-23 00:00:00+00:00,,5e-05,0.0002302296,-0.0001802296,29.788046591560747,,,,,real_settlement_event,POST_20260720
settlement_window,gate/hyperliquid,2026-07-23 00:00:00+00:00,,5e-05,0.0002302296,-0.0001802296,,20.339513416255254,22.282838372585122,1.9433249563298673,,real_settlement_plus_minus_4h,POST_20260720
settlement,gate/hyperliquid,2026-07-23 04:00:00+00:00,,0.00014,-4.33902e-05,0.00018339019999999998,22.282838372585122,,,,,real_settlement_event,POST_20260720
settlement_window,gate/hyperliquid,2026-07-23 04:00:00+00:00,,0.00014,-4.33902e-05,0.00018339019999999998,,29.788046591560747,29.06754379254918,-0.720502799011566,,real_settlement_plus_minus_4h,POST_20260720
settlement,gate/hyperliquid,2026-07-23 08:00:00+00:00,,5e-05,-4.91501e-05,9.91501e-05,29.06754379254918,,,,,real_settlement_event,POST_20260720
settlement_window,gate/hyperliquid,2026-07-23 08:00:00+00:00,,5e-05,-4.91501e-05,9.91501e-05,,22.282838372585122,23.311834641386277,1.028996268801155,,real_settlement_plus_minus_4h,POST_20260720
lag_correlation,gate/hyperliquid,,-24.0,,,,,,,,0.1351154219763992,descriptive_forward_hold,
lag_correlation,gate/hyperliquid,,-12.0,,,,,,,,0.09147434556396355,descriptive_forward_hold,
lag_correlation,gate/hyperliquid,,-8.0,,,,,,,,0.09422202748998264,descriptive_forward_hold,
lag_correlation,gate/hyperliquid,,-4.0,,,,,,,,0.0938495216832623,descriptive_forward_hold,
lag_correlation,gate/hyperliquid,,0.0,,,,,,,,0.11205458450336606,descriptive_forward_hold,
lag_correlation,gate/hyperliquid,,4.0,,,,,,,,0.056270686132581606,descriptive_forward_hold,
lag_correlation,gate/hyperliquid,,8.0,,,,,,,,0.03704836927510946,descriptive_forward_hold,
lag_correlation,gate/hyperliquid,,12.0,,,,,,,,0.09175951888794326,descriptive_forward_hold,
lag_correlation,gate/hyperliquid,,24.0,,,,,,,,0.08760860862750394,descriptive_forward_hold,
settlement,gate/okx,2026-06-10 08:00:00+00:00,,0.00401,0.0002538140808292,0.0037561859191708,0.7418122473195287,,,,,real_settlement_event,PRE_20260716
settlement_window,gate/okx,2026-06-10 08:00:00+00:00,,0.00401,0.0002538140808292,0.0037561859191708,,,39.950250631288995,,,real_settlement_plus_minus_4h,PRE_20260716
settlement,gate/okx,2026-06-10 16:00:00+00:00,,0.000223,0.0019356487673407,-0.0017126487673406999,24.270952083256386,,,,,real_settlement_event,PRE_20260716
settlement_window,gate/okx,2026-06-10 16:00:00+00:00,,0.000223,0.0019356487673407,-0.0017126487673406999,,39.950250631288995,23.923444976076897,-16.026805655212097,,real_settlement_plus_minus_4h,PRE_20260716
settlement,gate/okx,2026-06-11 00:00:00+00:00,,-0.001583,0.0001,-0.001683,5.2896059243589795,,,,,real_settlement_event,PRE_20260716
settlement_window,gate/okx,2026-06-11 00:00:00+00:00,,-0.001583,0.0001,-0.001683,,23.923444976076897,17.401392111369567,-6.52205286470733,,real_settlement_plus_minus_4h,PRE_20260716
settlement,gate/okx,2026-06-11 08:00:00+00:00,,0.002548,0.0009192531530412,0.0016287468469588,0.0,,,,,real_settlement_event,PRE_20260716
settlement_window,gate/okx,2026-06-11 08:00:00+00:00,,0.002548,0.0009192531530412,0.0016287468469588,,17.401392111369567,13.523612939962923,-3.877779171406644,,real_settlement_plus_minus_4h,PRE_20260716
settlement,gate/okx,2026-06-11 16:00:00+00:00,,0.000344,0.0013740512691226,-0.0010300512691225998,-13.389239279800508,,,,,real_settlement_event,PRE_20260716
settlement_window,gate/okx,2026-06-11 16:00:00+00:00,,0.000344,0.0013740512691226,-0.0010300512691225998,,13.523612939962923,15.090378243610894,1.566765303647971,,real_settlement_plus_minus_4h,PRE_20260716
settlement,gate/okx,2026-06-12 00:00:00+00:00,,0.002061,0.0034807225215341,-0.0014197225215341002,5.2514113167910885,,,,,real_settlement_event,PRE_20260716
settlement_window,gate/okx,2026-06-12 00:00:00+00:00,,0.002061,0.0034807225215341,-0.0014197225215341002,,15.090378243610894,14.675471949836872,-0.4149062937740222,,real_settlement_plus_minus_4h,PRE_20260716
settlement,gate/okx,2026-06-12 08:00:00+00:00,,0.001088,0.0019381198627843,-0.0008501198627843,11.14361331661728,,,,,real_settlement_event,PRE_20260716
settlement_window,gate/okx,2026-06-12 08:00:00+00:00,,0.001088,0.0019381198627843,-0.0008501198627843,,14.675471949836872,33.14001657000797,18.4645446201711,,real_settlement_plus_minus_4h,PRE_20260716
settlement,gate/okx,2026-06-12 16:00:00+00:00,,0.000685,0.0014634088292809,-0.0007784088292809001,9.467775748969304,,,,,real_settlement_event,PRE_20260716
settlement_window,gate/okx,2026-06-12 16:00:00+00:00,,0.000685,0.0014634088292809,-0.0007784088292809001,,33.14001657000797,21.08054809424983,-12.059468475758141,,real_settlement_plus_minus_4h,PRE_20260716
settlement,gate/okx,2026-06-13 00:00:00+00:00,,0.0001,0.0002885392580435,-0.00018853925804350003,5.448106782892634,,,,,real_settlement_event,PRE_20260716
settlement_window,gate/okx,2026-06-13 00:00:00+00:00,,0.0001,0.0002885392580435,-0.00018853925804350003,,21.08054809424983,15.687344405415233,-5.393203688834598,,real_settlement_plus_minus_4h,PRE_20260716
settlement,gate/okx,2026-06-13 08:00:00+00:00,,0.0001,0.0008035951931452,-0.0007035951931451999,12.204217235066475,,,,,real_settlement_event,PRE_20260716
settlement_window,gate/okx,2026-06-13 08:00:00+00:00,,0.0001,0.0008035951931452,-0.0007035951931451999,,15.687344405415233,14.975154856715307,-0.7121895486999268,,real_settlement_plus_minus_4h,PRE_20260716
settlement,gate/okx,2026-06-13 16:00:00+00:00,,0.0001,0.0005886972132113,-0.0004886972132112999,18.27596710325952,,,,,real_settlement_event,PRE_20260716
settlement_window,gate/okx,2026-06-13 16:00:00+00:00,,0.0001,0.0005886972132113,-0.0004886972132112999,,14.975154856715307,24.03525170249639,9.060096845781082,,real_settlement_plus_minus_4h,PRE_20260716
settlement,gate/okx,2026-06-14 00:00:00+00:00,,0.0001,0.0002892595594409,-0.00018925955944090002,24.784807582811705,,,,,real_settlement_event,PRE_20260716
settlement_window,gate/okx,2026-06-14 00:00:00+00:00,,0.0001,0.0002892595594409,-0.00018925955944090002,,24.03525170249639,25.167229617855188,1.1319779153587994,,real_settlement_plus_minus_4h,PRE_20260716
settlement,gate/okx,2026-06-14 08:00:00+00:00,,0.0001,0.0006236325142695,-0.0005236325142694999,11.937131109489718,,,,,real_settlement_event,PRE_20260716
settlement_window,gate/okx,2026-06-14 08:00:00+00:00,,0.0001,0.0006236325142695,-0.0005236325142694999,,25.167229617855188,22.314103826213106,-2.853125791642082,,real_settlement_plus_minus_4h,PRE_20260716
settlement,gate/okx,2026-06-14 16:00:00+00:00,,0.0001,0.0001,0.0,17.864822840507134,,,,,real_settlement_event,PRE_20260716
settlement_window,gate/okx,2026-06-14 16:00:00+00:00,,0.0001,0.0001,0.0,,22.314103826213106,13.96230178517941,-8.351802041033697,,real_settlement_plus_minus_4h,PRE_20260716
settlement,gate/okx,2026-06-15 00:00:00+00:00,,0.0001,0.0039529757881667,-0.0038529757881667005,20.63717270733939,,,,,real_settlement_event,PRE_20260716
settlement_window,gate/okx,2026-06-15 00:00:00+00:00,,0.0001,0.0039529757881667,-0.0038529757881667005,,13.96230178517941,13.080444735120993,-0.8818570500584162,,real_settlement_plus_minus_4h,PRE_20260716
settlement,gate/okx,2026-06-15 08:00:00+00:00,,0.002437,0.0016440768836067,0.0007929231163933,22.255678470904567,,,,,real_settlement_event,PRE_20260716
settlement_window,gate/okx,2026-06-15 08:00:00+00:00,,0.002437,0.0016440768836067,0.0007929231163933,,13.080444735120993,21.10446711220513,8.024022377084135,,real_settlement_plus_minus_4h,PRE_20260716
settlement,gate/okx,2026-06-15 16:00:00+00:00,,0.00118,0.0015840759562979,-0.00040407595629789986,40.50120237944621,,,,,real_settlement_event,PRE_20260716
settlement_window,gate/okx,2026-06-15 16:00:00+00:00,,0.00118,0.0015840759562979,-0.00040407595629789986,,21.10446711220513,22.57336343115067,1.4688963189455428,,real_settlement_plus_minus_4h,PRE_20260716
settlement,gate/okx,2026-06-16 00:00:00+00:00,,-0.000288,0.000622843921358,-0.000910843921358,5.087763927753462,,,,,real_settlement_event,PRE_20260716
settlement_window,gate/okx,2026-06-16 00:00:00+00:00,,-0.000288,0.000622843921358,-0.000910843921358,,22.57336343115067,7.674597083653399,-14.898766347497272,,real_settlement_plus_minus_4h,PRE_20260716
settlement,gate/okx,2026-06-16 08:00:00+00:00,,0.001027,0.0004505154494673,0.0005764845505326999,16.287665225834175,,,,,real_settlement_event,PRE_20260716
settlement_window,gate/okx,2026-06-16 08:00:00+00:00,,0.001027,0.0004505154494673,0.0005764845505326999,,7.674597083653399,69.99447412046473,62.319877036811334,,real_settlement_plus_minus_4h,PRE_20260716
settlement,gate/okx,2026-06-16 16:00:00+00:00,,-0.000901,-0.0025562314489719,0.0016552314489719,44.07678303363308,,,,,real_settlement_event,PRE_20260716
settlement_window,gate/okx,2026-06-16 16:00:00+00:00,,-0.000901,-0.0025562314489719,0.0016552314489719,,69.99447412046473,18.91160455182817,-51.08286956863656,,real_settlement_plus_minus_4h,PRE_20260716
settlement,gate/okx,2026-06-17 00:00:00+00:00,,0.0001,0.0,0.0001,31.377470975839348,,,,,real_settlement_event,PRE_20260716
settlement_window,gate/okx,2026-06-17 00:00:00+00:00,,0.0001,0.0,0.0001,,18.91160455182817,18.662519440124417,-0.24908511170375291,,real_settlement_plus_minus_4h,PRE_20260716
settlement,gate/okx,2026-06-17 08:00:00+00:00,,0.00107,5.06862993576e-05,0.0010193137006424,10.824463287028411,,,,,real_settlement_event,PRE_20260716
settlement_window,gate/okx,2026-06-17 08:00:00+00:00,,0.00107,5.06862993576e-05,0.0010193137006424,,18.662519440124417,-3.4157171786172777,-15.246802261507138,,real_settlement_plus_minus_4h,PRE_20260716
settlement,gate/okx,2026-06-17 16:00:00+00:00,,0.001182,0.0024421929317287,-0.0012601929317286999,26.46669607410675,,,,,real_settlement_event,PRE_20260716
settlement_window,gate/okx,2026-06-17 16:00:00+00:00,,0.001182,0.0024421929317287,-0.0012601929317286999,,-3.4157171786172777,30.911164648109008,27.49544746949173,,real_settlement_plus_minus_4h,PRE_20260716
settlement,gate/okx,2026-06-18 00:00:00+00:00,,0.0001,0.0016113517402763,-0.0015113517402762999,10.938714413196067,,,,,real_settlement_event,PRE_20260716
settlement_window,gate/okx,2026-06-18 00:00:00+00:00,,0.0001,0.0016113517402763,-0.0015113517402762999,,30.911164648109008,18.254755251059276,-12.656409397049732,,real_settlement_plus_minus_4h,PRE_20260716
settlement,gate/okx,2026-06-18 08:00:00+00:00,,0.001019,0.0005741045547092,0.00044489544529079995,1.756926398952336,,,,,real_settlement_event,PRE_20260716
settlement_window,gate/okx,2026-06-18 08:00:00+00:00,,0.001019,0.0005741045547092,0.00044489544529079995,,18.254755251059276,25.199873158767666,6.94511790770839,,real_settlement_plus_minus_4h,PRE_20260716
settlement,gate/okx,2026-06-18 16:00:00+00:00,,0.001266,0.0018395966557539,-0.0005735966557539,-1.6439707373206265,,,,,real_settlement_event,PRE_20260716
settlement_window,gate/okx,2026-06-18 16:00:00+00:00,,0.001266,0.0018395966557539,-0.0005735966557539,,25.199873158767666,6.0788953778678865,-19.12097778089978,,real_settlement_plus_minus_4h,PRE_20260716
settlement,gate/okx,2026-06-19 00:00:00+00:00,,0.0007,0.0026097782764719,-0.0019097782764719,0.05418600429690086,,,,,real_settlement_event,PRE_20260716
settlement_window,gate/okx,2026-06-19 00:00:00+00:00,,0.0007,0.0026097782764719,-0.0019097782764719,,6.0788953778678865,-20.7702675829153,14.691372205047411,,real_settlement_plus_minus_4h,PRE_20260716
settlement,gate/okx,2026-06-19 08:00:00+00:00,,0.001987,0.0015857803121879,0.0004012196878121,-9.227870378811513,,,,,real_settlement_event,PRE_20260716
settlement_window,gate/okx,2026-06-19 08:00:00+00:00,,0.001987,0.0015857803121879,0.0004012196878121,,-20.7702675829153,18.10848629516808,-2.6617812877472176,,real_settlement_plus_minus_4h,PRE_20260716
settlement,gate/okx,2026-06-19 16:00:00+00:00,,0.000276,0.0013298647262704,-0.0010538647262704,13.99313410812916,,,,,real_settlement_event,PRE_20260716
settlement_window,gate/okx,2026-06-19 16:00:00+00:00,,0.000276,0.0013298647262704,-0.0010538647262704,,18.10848629516808,17.17670882185822,-0.9317774733098609,,real_settlement_plus_minus_4h,PRE_20260716
settlement,gate/okx,2026-06-20 00:00:00+00:00,,0.000635,0.0025322950265775,-0.0018972950265775,4.953337923788566,,,,,real_settlement_event,PRE_20260716
settlement_window,gate/okx,2026-06-20 00:00:00+00:00,,0.000635,0.0025322950265775,-0.0018972950265775,,17.17670882185822,11.251305955155022,-5.925402866703198,,real_settlement_plus_minus_4h,PRE_20260716
settlement,gate/okx,2026-06-20 08:00:00+00:00,,0.001176,0.0019779787432786,-0.0008019787432786002,-1.527324627583962,,,,,real_settlement_event,PRE_20260716
settlement_window,gate/okx,2026-06-20 08:00:00+00:00,,0.001176,0.0019779787432786,-0.0008019787432786002,,11.251305955155022,0.6333657053588979,-10.617940249796124,,real_settlement_plus_minus_4h,PRE_20260716
settlement,gate/okx,2026-06-20 16:00:00+00:00,,0.000411,0.0016179174334262,-0.0012069174334262,6.094933848949961,,,,,real_settlement_event,PRE_20260716
settlement_window,gate/okx,2026-06-20 16:00:00+00:00,,0.000411,0.0016179174334262,-0.0012069174334262,,0.6333657053588979,16.090441910621717,15.457076205262819,,real_settlement_plus_minus_4h,PRE_20260716
settlement,gate/okx,2026-06-21 00:00:00+00:00,,0.000116,0.0012852036649441,-0.0011692036649441,-3.5987263638002265,,,,,real_settlement_event,PRE_20260716
settlement_window,gate/okx,2026-06-21 00:00:00+00:00,,0.000116,0.0012852036649441,-0.0011692036649441,,16.090441910621717,6.448324995579824,-9.642116915041893,,real_settlement_plus_minus_4h,PRE_20260716
settlement,gate/okx,2026-06-21 08:00:00+00:00,,0.0001,0.0014237660192738,-0.0013237660192737999,31.718606960042763,,,,,real_settlement_event,PRE_20260716
settlement_window,gate/okx,2026-06-21 08:00:00+00:00,,0.0001,0.0014237660192738,-0.0013237660192737999,,6.448324995579824,-3.9425630810092493,-2.505761914570575,,real_settlement_plus_minus_4h,PRE_20260716
settlement,gate/okx,2026-06-21 16:00:00+00:00,,0.0001,0.0013408527991725,-0.0012408527991724998,18.38134215218804,,,,,real_settlement_event,PRE_20260716
settlement_window,gate/okx,2026-06-21 16:00:00+00:00,,0.0001,0.0013408527991725,-0.0012408527991724998,,-3.9425630810092493,10.08551787566509,6.142954794655841,,real_settlement_plus_minus_4h,PRE_20260716
settlement,gate/okx,2026-06-22 00:00:00+00:00,,-0.001471,0.0018937362952074,-0.0033647362952074003,21.694996762144843,,,,,real_settlement_event,PRE_20260716
settlement_window,gate/okx,2026-06-22 00:00:00+00:00,,-0.001471,0.0018937362952074,-0.0033647362952074003,,10.08551787566509,31.45470046546631,21.36918258980122,,real_settlement_plus_minus_4h,PRE_20260716
settlement,gate/okx,2026-06-22 08:00:00+00:00,,0.003333,0.0032551564150289,7.784358497109995e-05,-14.327022123222896,,,,,real_settlement_event,PRE_20260716
settlement_window,gate/okx,2026-06-22 08:00:00+00:00,,0.003333,0.0032551564150289,7.784358497109995e-05,,31.45470046546631,-0.46350061413789223,-30.991199851328417,,real_settlement_plus_minus_4h,PRE_20260716
settlement,gate/okx,2026-06-22 16:00:00+00:00,,0.0001,0.0001821884397581,-8.21884397581e-05,-2.638037920501904,,,,,real_settlement_event,PRE_20260716
settlement_window,gate/okx,2026-06-22 16:00:00+00:00,,0.0001,0.0001821884397581,-8.21884397581e-05,,-0.46350061413789223,7.319876022799436,6.856375408661544,,real_settlement_plus_minus_4h,PRE_20260716
settlement,gate/okx,2026-06-23 00:00:00+00:00,,0.0001,0.0008995476822087,-0.0007995476822087,24.06235287963545,,,,,real_settlement_event,PRE_20260716
settlement_window,gate/okx,2026-06-23 00:00:00+00:00,,0.0001,0.0008995476822087,-0.0007995476822087,,7.319876022799436,46.04293980249723,38.723063779697796,,real_settlement_plus_minus_4h,PRE_20260716
settlement,gate/okx,2026-06-23 08:00:00+00:00,,0.003,0.0048822453571552,-0.0018822453571551998,79.93848187057259,,,,,real_settlement_event,PRE_20260716
settlement_window,gate/okx,2026-06-23 08:00:00+00:00,,0.003,0.0048822453571552,-0.0018822453571551998,,46.04293980249723,106.15598934913297,60.113049546635736,,real_settlement_plus_minus_4h,PRE_20260716
settlement,gate/okx,2026-06-23 16:00:00+00:00,,0.001,0.0011357587507137,-0.0001357587507136999,88.44258141784587,,,,,real_settlement_event,PRE_20260716
settlement_window,gate/okx,2026-06-23 16:00:00+00:00,,0.001,0.0011357587507137,-0.0001357587507136999,,106.15598934913297,73.82843538252641,-32.32755396660656,,real_settlement_plus_minus_4h,PRE_20260716
settlement,gate/okx,2026-06-24 00:00:00+00:00,,0.001,0.0002898004725902,0.0007101995274098,39.49480742729714,,,,,real_settlement_event,PRE_20260716
settlement_window,gate/okx,2026-06-24 00:00:00+00:00,,0.001,0.0002898004725902,0.0007101995274098,,73.82843538252641,136.22753117420535,62.399095791678945,,real_settlement_plus_minus_4h,PRE_20260716
settlement,gate/okx,2026-06-24 08:00:00+00:00,,0.001,0.0023620266144993,-0.0013620266144993,134.32405177560852,,,,,real_settlement_event,PRE_20260716
settlement_window,gate/okx,2026-06-24 08:00:00+00:00,,0.001,0.0023620266144993,-0.0013620266144993,,136.22753117420535,88.6602200427226,-47.567311131482754,,real_settlement_plus_minus_4h,PRE_20260716
settlement,gate/okx,2026-06-24 16:00:00+00:00,,0.001237,-0.0006367699176979,0.0018737699176979,67.31866916169324,,,,,real_settlement_event,PRE_20260716
settlement_window,gate/okx,2026-06-24 16:00:00+00:00,,0.001237,-0.0006367699176979,0.0018737699176979,,88.6602200427226,159.58890076361206,70.92868072088946,,real_settlement_plus_minus_4h,PRE_20260716
settlement,gate/okx,2026-06-25 00:00:00+00:00,,0.003,0.0050871457699901,-0.0020871457699900998,214.79355833476163,,,,,real_settlement_event,PRE_20260716
settlement_window,gate/okx,2026-06-25 00:00:00+00:00,,0.003,0.0050871457699901,-0.0020871457699900998,,159.58890076361206,174.41614038062173,14.827239617009667,,real_settlement_plus_minus_4h,PRE_20260716
settlement,gate/okx,2026-06-25 08:00:00+00:00,,0.003,0.0,0.003,140.4896607821785,,,,,real_settlement_event,PRE_20260716
settlement_window,gate/okx,2026-06-25 08:00:00+00:00,,0.003,0.0,0.003,,174.41614038062173,176.66711002965258,2.25096964903085,,real_settlement_plus_minus_4h,PRE_20260716
settlement,gate/okx,2026-06-25 16:00:00+00:00,,0.0001,-0.0011279152892222,0.0012279152892222,178.17197127271277,,,,,real_settlement_event,PRE_20260716
settlement_window,gate/okx,2026-06-25 16:00:00+00:00,,0.0001,-0.0011279152892222,0.0012279152892222,,176.66711002965258,188.2763265753651,11.609216545712513,,real_settlement_plus_minus_4h,PRE_20260716
settlement,gate/okx,2026-06-26 00:00:00+00:00,,0.0001,-0.0002386000549671,0.0003386000549671,175.3615200483539,,,,,real_settlement_event,PRE_20260716
settlement_window,gate/okx,2026-06-26 00:00:00+00:00,,0.0001,-0.0002386000549671,0.0003386000549671,,188.2763265753651,174.0245833345269,-14.25174324083818,,real_settlement_plus_minus_4h,PRE_20260716
settlement,gate/okx,2026-06-26 08:00:00+00:00,,0.003,0.002959805113862,4.0194886138000124e-05,145.62495276007152,,,,,real_settlement_event,PRE_20260716
settlement_window,gate/okx,2026-06-26 08:00:00+00:00,,0.003,0.002959805113862,4.0194886138000124e-05,,174.0245833345269,152.38073754081617,-21.64384579371074,,real_settlement_plus_minus_4h,PRE_20260716
settlement,gate/okx,2026-06-26 16:00:00+00:00,,0.000176,0.0003187214112619,-0.00014272141126190003,115.03108304594224,,,,,real_settlement_event,PRE_20260716
settlement_window,gate/okx,2026-06-26 16:00:00+00:00,,0.000176,0.0003187214112619,-0.00014272141126190003,,152.38073754081617,121.85259071547974,-30.528146825336435,,real_settlement_plus_minus_4h,PRE_20260716
settlement,gate/okx,2026-06-27 00:00:00+00:00,,0.000336,0.0,0.000336,159.73126370312838,,,,,real_settlement_event,PRE_20260716
settlement_window,gate/okx,2026-06-27 00:00:00+00:00,,0.000336,0.0,0.000336,,121.85259071547974,154.41794361319873,32.565352897718995,,real_settlement_plus_minus_4h,PRE_20260716
settlement,gate/okx,2026-06-27 08:00:00+00:00,,0.000279,0.0,0.000279,134.00864062447118,,,,,real_settlement_event,PRE_20260716
settlement_window,gate/okx,2026-06-27 08:00:00+00:00,,0.000279,0.0,0.000279,,154.41794361319873,131.90999016732496,-22.507953445873767,,real_settlement_plus_minus_4h,PRE_20260716
settlement,gate/okx,2026-06-27 16:00:00+00:00,,0.000218,0.0,0.000218,156.33786975593273,,,,,real_settlement_event,PRE_20260716
settlement_window,gate/okx,2026-06-27 16:00:00+00:00,,0.000218,0.0,0.000218,,131.90999016732496,124.30178585477084,-7.608204312554122,,real_settlement_plus_minus_4h,PRE_20260716
settlement,gate/okx,2026-06-28 00:00:00+00:00,,0.000127,0.0,0.000127,133.2505222742936,,,,,real_settlement_event,PRE_20260716
settlement_window,gate/okx,2026-06-28 00:00:00+00:00,,0.000127,0.0,0.000127,,124.30178585477084,161.22410263525128,36.92231678048044,,real_settlement_plus_minus_4h,PRE_20260716
settlement,gate/okx,2026-06-28 08:00:00+00:00,,0.000267,0.0004521932604946,-0.0001851932604946,183.4245223786888,,,,,real_settlement_event,PRE_20260716
settlement_window,gate/okx,2026-06-28 08:00:00+00:00,,0.000267,0.0004521932604946,-0.0001851932604946,,161.22410263525128,151.15583235444157,-10.068270280809713,,real_settlement_plus_minus_4h,PRE_20260716
settlement,gate/okx,2026-06-28 16:00:00+00:00,,0.000275,0.0013402355099599,-0.0010652355099599,145.88779463908878,,,,,real_settlement_event,PRE_20260716
settlement_window,gate/okx,2026-06-28 16:00:00+00:00,,0.000275,0.0013402355099599,-0.0010652355099599,,151.15583235444157,143.7818482302708,-7.373984124170761,,real_settlement_plus_minus_4h,PRE_20260716
settlement,gate/okx,2026-06-29 00:00:00+00:00,,0.000287,0.0016724562838117,-0.0013854562838117,125.4337503757468,,,,,real_settlement_event,PRE_20260716
settlement_window,gate/okx,2026-06-29 00:00:00+00:00,,0.000287,0.0016724562838117,-0.0013854562838117,,143.7818482302708,254.3993935315911,110.61754530132029,,real_settlement_plus_minus_4h,PRE_20260716
settlement,gate/okx,2026-06-29 08:00:00+00:00,,0.0005,0.0030969090387396,-0.0025969090387396,175.76361068012815,,,,,real_settlement_event,PRE_20260716
settlement_window,gate/okx,2026-06-29 08:00:00+00:00,,0.0005,0.0030969090387396,-0.0025969090387396,,254.3993935315911,166.17426638133432,-88.22512715025678,,real_settlement_plus_minus_4h,PRE_20260716
settlement,gate/okx,2026-06-29 16:00:00+00:00,,0.0001,-0.0003102854741496,0.0004102854741496,155.82336879766513,,,,,real_settlement_event,PRE_20260716
settlement_window,gate/okx,2026-06-29 16:00:00+00:00,,0.0001,-0.0003102854741496,0.0004102854741496,,166.17426638133432,156.0999177513335,-10.074348630000827,,real_settlement_plus_minus_4h,PRE_20260716
settlement,gate/okx,2026-06-30 00:00:00+00:00,,0.0001,0.001450186809796,-0.001350186809796,181.74922775395746,,,,,real_settlement_event,PRE_20260716
settlement_window,gate/okx,2026-06-30 00:00:00+00:00,,0.0001,0.001450186809796,-0.001350186809796,,156.0999177513335,103.9481240566895,-52.151793694644,,real_settlement_plus_minus_4h,PRE_20260716
settlement,gate/okx,2026-06-30 08:00:00+00:00,,0.003,0.0003107255313745,0.0026892744686255,88.04542633590701,,,,,real_settlement_event,PRE_20260716
settlement_window,gate/okx,2026-06-30 08:00:00+00:00,,0.003,0.0003107255313745,0.0026892744686255,,103.9481240566895,73.1294344521545,-30.818689604534995,,real_settlement_plus_minus_4h,PRE_20260716
settlement,gate/okx,2026-06-30 16:00:00+00:00,,0.0001,0.000269433567782,-0.000169433567782,72.68148911208428,,,,,real_settlement_event,PRE_20260716
settlement_window,gate/okx,2026-06-30 16:00:00+00:00,,0.0001,0.000269433567782,-0.000169433567782,,73.1294344521545,66.47432592925965,-6.655108522894849,,real_settlement_plus_minus_4h,PRE_20260716
settlement,gate/okx,2026-07-01 00:00:00+00:00,,0.0001,0.0007204153161978,-0.0006204153161978,59.81535260716865,,,,,real_settlement_event,PRE_20260716
settlement_window,gate/okx,2026-07-01 00:00:00+00:00,,0.0001,0.0007204153161978,-0.0006204153161978,,66.47432592925965,111.38521565597702,44.91088972671737,,real_settlement_plus_minus_4h,PRE_20260716
settlement,gate/okx,2026-07-01 08:00:00+00:00,,0.003,0.0030477979831705,-4.7797983170499905e-05,152.7285156191443,,,,,real_settlement_event,PRE_20260716
settlement_window,gate/okx,2026-07-01 08:00:00+00:00,,0.003,0.0030477979831705,-4.7797983170499905e-05,,111.38521565597702,154.9410341608658,43.55581850488878,,real_settlement_plus_minus_4h,PRE_20260716
settlement,gate/okx,2026-07-01 16:00:00+00:00,,0.0001,0.0002517207720973,-0.00015172077209729999,134.49329884787096,,,,,real_settlement_event,PRE_20260716
settlement_window,gate/okx,2026-07-01 16:00:00+00:00,,0.0001,0.0002517207720973,-0.00015172077209729999,,154.9410341608658,169.4064499937257,14.46541583285989,,real_settlement_plus_minus_4h,PRE_20260716
settlement,gate/okx,2026-07-02 00:00:00+00:00,,0.0001,0.0,0.0001,92.63529885602547,,,,,real_settlement_event,PRE_20260716
settlement_window,gate/okx,2026-07-02 00:00:00+00:00,,0.0001,0.0,0.0001,,169.4064499937257,137.0037533932426,-32.4026966004831,,real_settlement_plus_minus_4h,PRE_20260716
settlement,gate/okx,2026-07-02 08:00:00+00:00,,0.003,0.0066093233823821,-0.0036093233823821,117.51693626434398,,,,,real_settlement_event,PRE_20260716
settlement_window,gate/okx,2026-07-02 08:00:00+00:00,,0.003,0.0066093233823821,-0.0036093233823821,,137.0037533932426,131.64435340470476,-5.359399988537831,,real_settlement_plus_minus_4h,PRE_20260716
settlement,gate/okx,2026-07-02 16:00:00+00:00,,0.0001,-0.0004130743792072,0.0005130743792072,67.31173748422317,,,,,real_settlement_event,PRE_20260716
settlement_window,gate/okx,2026-07-02 16:00:00+00:00,,0.0001,-0.0004130743792072,0.0005130743792072,,131.64435340470476,120.47730499175064,-11.167048412954117,,real_settlement_plus_minus_4h,PRE_20260716
settlement,gate/okx,2026-07-03 00:00:00+00:00,,0.0001,0.001695844768444,-0.001595844768444,57.93874163651215,,,,,real_settlement_event,PRE_20260716
settlement_window,gate/okx,2026-07-03 00:00:00+00:00,,0.0001,0.001695844768444,-0.001595844768444,,120.47730499175064,80.72088694133733,-39.756418050413316,,real_settlement_plus_minus_4h,PRE_20260716
settlement,gate/okx,2026-07-03 08:00:00+00:00,,0.002393,-0.0012614043904869,0.0036544043904869,47.998682885746206,,,,,real_settlement_event,PRE_20260716
settlement_window,gate/okx,2026-07-03 08:00:00+00:00,,0.002393,-0.0012614043904869,0.0036544043904869,,80.72088694133733,63.86954939939603,-16.851337541941298,,real_settlement_plus_minus_4h,PRE_20260716
settlement,gate/okx,2026-07-03 16:00:00+00:00,,0.0001,0.0,0.0001,49.59663496248776,,,,,real_settlement_event,PRE_20260716
settlement_window,gate/okx,2026-07-03 16:00:00+00:00,,0.0001,0.0,0.0001,,63.86954939939603,64.07801451563164,0.20846511623560815,,real_settlement_plus_minus_4h,PRE_20260716
settlement,gate/okx,2026-07-04 00:00:00+00:00,,0.0001,0.0009433653282703,-0.0008433653282702999,65.90630433641151,,,,,real_settlement_event,PRE_20260716
settlement_window,gate/okx,2026-07-04 00:00:00+00:00,,0.0001,0.0009433653282703,-0.0008433653282702999,,64.07801451563164,58.03084472268408,-6.047169792947557,,real_settlement_plus_minus_4h,PRE_20260716
settlement,gate/okx,2026-07-04 08:00:00+00:00,,0.0001,0.0,0.0001,60.448486768739606,,,,,real_settlement_event,PRE_20260716
settlement_window,gate/okx,2026-07-04 08:00:00+00:00,,0.0001,0.0,0.0001,,58.03084472268408,58.03657422654098,0.005729503856898077,,real_settlement_plus_minus_4h,PRE_20260716
settlement,gate/okx,2026-07-04 16:00:00+00:00,,0.0001,4.14577112607e-05,5.85422887393e-05,60.5172037308547,,,,,real_settlement_event,PRE_20260716
settlement_window,gate/okx,2026-07-04 16:00:00+00:00,,0.0001,4.14577112607e-05,5.85422887393e-05,,58.03657422654098,61.07660778399196,3.0400335574509825,,real_settlement_plus_minus_4h,PRE_20260716
settlement,gate/okx,2026-07-05 00:00:00+00:00,,0.0001,0.0007552342349299,-0.0006552342349299,69.95942353435008,,,,,real_settlement_event,PRE_20260716
settlement_window,gate/okx,2026-07-05 00:00:00+00:00,,0.0001,0.0007552342349299,-0.0006552342349299,,61.07660778399196,62.525653726387674,1.4490459423957134,,real_settlement_plus_minus_4h,PRE_20260716
settlement,gate/okx,2026-07-05 08:00:00+00:00,,0.0001,0.0,0.0001,55.8481277270814,,,,,real_settlement_event,PRE_20260716
settlement_window,gate/okx,2026-07-05 08:00:00+00:00,,0.0001,0.0,0.0001,,62.525653726387674,72.99605038134816,10.470396654960481,,real_settlement_plus_minus_4h,PRE_20260716
settlement,gate/okx,2026-07-05 16:00:00+00:00,,0.0001,0.0002156351084858,-0.0001156351084858,71.37143911893133,,,,,real_settlement_event,PRE_20260716
settlement_window,gate/okx,2026-07-05 16:00:00+00:00,,0.0001,0.0002156351084858,-0.0001156351084858,,72.99605038134816,54.14520196160331,-18.850848419744842,,real_settlement_plus_minus_4h,PRE_20260716
settlement,gate/okx,2026-07-06 00:00:00+00:00,,0.0001,0.000516723279894,-0.000416723279894,77.76730199224725,,,,,real_settlement_event,PRE_20260716
settlement_window,gate/okx,2026-07-06 00:00:00+00:00,,0.0001,0.000516723279894,-0.000416723279894,,54.14520196160331,74.14892821980888,20.003726258205567,,real_settlement_plus_minus_4h,PRE_20260716
settlement,gate/okx,2026-07-06 08:00:00+00:00,,0.002712,0.0017315107716999,0.0009804892283001,54.15297402542624,,,,,real_settlement_event,PRE_20260716
settlement_window,gate/okx,2026-07-06 08:00:00+00:00,,0.002712,0.0017315107716999,0.0009804892283001,,74.14892821980888,58.33073978650658,-15.818188433302304,,real_settlement_plus_minus_4h,PRE_20260716
settlement,gate/okx,2026-07-06 16:00:00+00:00,,0.0001,0.0005999915190746,-0.0004999915190745999,51.7339871756192,,,,,real_settlement_event,PRE_20260716
settlement_window,gate/okx,2026-07-06 16:00:00+00:00,,0.0001,0.0005999915190746,-0.0004999915190745999,,58.33073978650658,42.67944914032218,-15.6512906461844,,real_settlement_plus_minus_4h,PRE_20260716
settlement,gate/okx,2026-07-07 00:00:00+00:00,,0.0001,0.0,0.0001,41.491676364923435,,,,,real_settlement_event,PRE_20260716
settlement_window,gate/okx,2026-07-07 00:00:00+00:00,,0.0001,0.0,0.0001,,42.67944914032218,70.14176539908001,27.462316258757838,,real_settlement_plus_minus_4h,PRE_20260716
settlement,gate/okx,2026-07-07 08:00:00+00:00,,0.003,0.0050692334577689,-0.0020692334577689002,120.50918214160808,,,,,real_settlement_event,PRE_20260716
settlement_window,gate/okx,2026-07-07 08:00:00+00:00,,0.003,0.0050692334577689,-0.0020692334577689002,,70.14176539908001,160.7430872629683,90.60132186388827,,real_settlement_plus_minus_4h,PRE_20260716
settlement,gate/okx,2026-07-07 16:00:00+00:00,,0.000131,0.0,0.000131,129.36035403886453,,,,,real_settlement_event,PRE_20260716
settlement_window,gate/okx,2026-07-07 16:00:00+00:00,,0.000131,0.0,0.000131,,160.7430872629683,135.92824317590456,-24.814844087063733,,real_settlement_plus_minus_4h,PRE_20260716
settlement,gate/okx,2026-07-08 00:00:00+00:00,,0.000104,0.0,0.000104,74.97471901504596,,,,,real_settlement_event,PRE_20260716
settlement_window,gate/okx,2026-07-08 00:00:00+00:00,,0.000104,0.0,0.000104,,135.92824317590456,118.13357132637921,-17.794671849525344,,real_settlement_plus_minus_4h,PRE_20260716
settlement,gate/okx,2026-07-08 08:00:00+00:00,,0.003,0.0038486519117764,-0.0008486519117763998,150.46968645064402,,,,,real_settlement_event,PRE_20260716
settlement_window,gate/okx,2026-07-08 08:00:00+00:00,,0.003,0.0038486519117764,-0.0008486519117763998,,118.13357132637921,156.35041956086792,38.21684823448871,,real_settlement_plus_minus_4h,PRE_20260716
settlement,gate/okx,2026-07-08 16:00:00+00:00,,0.0001,0.0013174347143984,-0.0012174347143984,146.71714242529777,,,,,real_settlement_event,PRE_20260716
settlement_window,gate/okx,2026-07-08 16:00:00+00:00,,0.0001,0.0013174347143984,-0.0012174347143984,,156.35041956086792,166.1399425267752,9.789522965907281,,real_settlement_plus_minus_4h,PRE_20260716
settlement,gate/okx,2026-07-09 00:00:00+00:00,,0.0001,0.0009632616582105,-0.0008632616582104999,129.7033940152092,,,,,real_settlement_event,PRE_20260716
settlement_window,gate/okx,2026-07-09 00:00:00+00:00,,0.0001,0.0009632616582105,-0.0008632616582104999,,166.1399425267752,146.85097728291188,-19.288965243863316,,real_settlement_plus_minus_4h,PRE_20260716
settlement,gate/okx,2026-07-09 08:00:00+00:00,,0.003,0.003230774499799,-0.00023077449979899993,159.8661585649219,,,,,real_settlement_event,PRE_20260716
settlement_window,gate/okx,2026-07-09 08:00:00+00:00,,0.003,0.003230774499799,-0.00023077449979899993,,146.85097728291188,170.73551611056172,23.884538827649834,,real_settlement_plus_minus_4h,PRE_20260716
settlement,gate/okx,2026-07-09 16:00:00+00:00,,0.0001,0.000949839899681,-0.000849839899681,187.05077690828176,,,,,real_settlement_event,PRE_20260716
settlement_window,gate/okx,2026-07-09 16:00:00+00:00,,0.0001,0.000949839899681,-0.000849839899681,,170.73551611056172,181.64253705061824,10.907020940056526,,real_settlement_plus_minus_4h,PRE_20260716
settlement,gate/okx,2026-07-10 00:00:00+00:00,,0.0001,0.0010868123110623,-0.0009868123110623,171.77946763001506,,,,,real_settlement_event,PRE_20260716
settlement_window,gate/okx,2026-07-10 00:00:00+00:00,,0.0001,0.0010868123110623,-0.0009868123110623,,181.64253705061824,206.34394377570726,24.701406725089015,,real_settlement_plus_minus_4h,PRE_20260716
settlement,gate/okx,2026-07-10 08:00:00+00:00,,0.003,0.003338389115287,-0.00033838911528700014,197.04433497537033,,,,,real_settlement_event,PRE_20260716
settlement_window,gate/okx,2026-07-10 08:00:00+00:00,,0.003,0.003338389115287,-0.00033838911528700014,,206.34394377570726,214.95210520441466,8.608161428707405,,real_settlement_plus_minus_4h,PRE_20260716
settlement,gate/okx,2026-07-10 16:00:00+00:00,,0.000149,0.0016407940741556,-0.0014917940741556,219.1151710310063,,,,,real_settlement_event,PRE_20260716
settlement_window,gate/okx,2026-07-10 16:00:00+00:00,,0.000149,0.0016407940741556,-0.0014917940741556,,214.95210520441466,216.75642365297472,1.8043184485600534,,real_settlement_plus_minus_4h,PRE_20260716
settlement,gate/okx,2026-07-11 00:00:00+00:00,,0.000218,0.0,0.000218,217.99800607513598,,,,,real_settlement_event,PRE_20260716
settlement_window,gate/okx,2026-07-11 00:00:00+00:00,,0.000218,0.0,0.000218,,216.75642365297472,225.8702836269157,9.113859973940976,,real_settlement_plus_minus_4h,PRE_20260716
settlement,gate/okx,2026-07-11 08:00:00+00:00,,0.000362,9.0284932114e-05,0.000271715067886,204.26838465741324,,,,,real_settlement_event,PRE_20260716
settlement_window,gate/okx,2026-07-11 08:00:00+00:00,,0.000362,9.0284932114e-05,0.000271715067886,,225.8702836269157,200.34616181394148,-25.524121812974215,,real_settlement_plus_minus_4h,PRE_20260716
settlement,gate/okx,2026-07-11 16:00:00+00:00,,0.000312,0.0,0.000312,217.791924945552,,,,,real_settlement_event,PRE_20260716
settlement_window,gate/okx,2026-07-11 16:00:00+00:00,,0.000312,0.0,0.000312,,200.34616181394148,213.38945573700593,13.043293923064454,,real_settlement_plus_minus_4h,PRE_20260716
settlement,gate/okx,2026-07-12 00:00:00+00:00,,0.000501,0.0,0.000501,215.69581187836408,,,,,real_settlement_event,PRE_20260716
settlement_window,gate/okx,2026-07-12 00:00:00+00:00,,0.000501,0.0,0.000501,,213.38945573700593,222.8862905544074,9.496834817401464,,real_settlement_plus_minus_4h,PRE_20260716
settlement,gate/okx,2026-07-12 08:00:00+00:00,,0.000788,0.0003451988894361,0.0004428011105639,218.18523275662568,,,,,real_settlement_event,PRE_20260716
settlement_window,gate/okx,2026-07-12 08:00:00+00:00,,0.000788,0.0003451988894361,0.0004428011105639,,222.8862905544074,219.4807536886252,-3.4055368657821816,,real_settlement_plus_minus_4h,PRE_20260716
settlement,gate/okx,2026-07-12 16:00:00+00:00,,0.000703,0.0,0.000703,215.32936849623198,,,,,real_settlement_event,PRE_20260716
settlement_window,gate/okx,2026-07-12 16:00:00+00:00,,0.000703,0.0,0.000703,,219.4807536886252,208.81201282446605,-10.668740864159162,,real_settlement_plus_minus_4h,PRE_20260716
settlement,gate/okx,2026-07-13 00:00:00+00:00,,0.000481,0.0006511640660213,-0.00017016406602129996,214.17147625338959,,,,,real_settlement_event,PRE_20260716
settlement_window,gate/okx,2026-07-13 00:00:00+00:00,,0.000481,0.0006511640660213,-0.00017016406602129996,,208.81201282446605,283.86977915268955,75.0577663282235,,real_settlement_plus_minus_4h,PRE_20260716
settlement,gate/okx,2026-07-13 08:00:00+00:00,,0.003,0.01,-0.007,327.7681282714773,,,,,real_settlement_event,PRE_20260716
settlement_window,gate/okx,2026-07-13 08:00:00+00:00,,0.003,0.01,-0.007,,283.86977915268955,336.8371693173374,52.96739016464784,,real_settlement_plus_minus_4h,PRE_20260716
settlement,gate/okx,2026-07-13 16:00:00+00:00,,0.001426,0.0001315640607997,0.0012944359392003,224.17788937977878,,,,,real_settlement_event,PRE_20260716
settlement_window,gate/okx,2026-07-13 16:00:00+00:00,,0.001426,0.0001315640607997,0.0012944359392003,,336.8371693173374,202.76115565088136,-134.07601366645602,,real_settlement_plus_minus_4h,PRE_20260716
settlement,gate/okx,2026-07-14 00:00:00+00:00,,0.0001,0.0016455377782937,-0.0015455377782937,197.4634455194796,,,,,real_settlement_event,PRE_20260716
settlement_window,gate/okx,2026-07-14 00:00:00+00:00,,0.0001,0.0016455377782937,-0.0015455377782937,,202.76115565088136,292.799422859251,90.03826720836966,,real_settlement_plus_minus_4h,PRE_20260716
settlement,gate/okx,2026-07-14 08:00:00+00:00,,0.003,0.0001059672777074,0.0028940327222926002,210.94849694375452,,,,,real_settlement_event,PRE_20260716
settlement_window,gate/okx,2026-07-14 08:00:00+00:00,,0.003,0.0001059672777074,0.0028940327222926002,,292.799422859251,209.69130488254805,-83.10811797670297,,real_settlement_plus_minus_4h,PRE_20260716
settlement,gate/okx,2026-07-14 16:00:00+00:00,,0.0001,0.0007676674458997,-0.0006676674458996999,211.08864610190903,,,,,real_settlement_event,PRE_20260716
settlement_window,gate/okx,2026-07-14 16:00:00+00:00,,0.0001,0.0007676674458997,-0.0006676674458996999,,209.69130488254805,224.4854794245556,14.79417454200754,,real_settlement_plus_minus_4h,PRE_20260716
settlement,gate/okx,2026-07-15 00:00:00+00:00,,0.000182,0.0,0.000182,220.17807901993467,,,,,real_settlement_event,PRE_20260716
settlement_window,gate/okx,2026-07-15 00:00:00+00:00,,0.000182,0.0,0.000182,,224.4854794245556,158.93276238316696,-65.55271704138863,,real_settlement_plus_minus_4h,PRE_20260716
settlement,gate/okx,2026-07-15 08:00:00+00:00,,0.0005,-0.0005781503215192,0.0010781503215192,173.27768458512654,,,,,real_settlement_event,PRE_20260716
settlement_window,gate/okx,2026-07-15 08:00:00+00:00,,0.0005,-0.0005781503215192,0.0010781503215192,,158.93276238316696,174.99536520376697,16.062602820600006,,real_settlement_plus_minus_4h,PRE_20260716
settlement,gate/okx,2026-07-15 16:00:00+00:00,,5e-05,-0.002398100578228,0.002448100578228,173.65205273877206,,,,,real_settlement_event,PRE_20260716
settlement_window,gate/okx,2026-07-15 16:00:00+00:00,,5e-05,-0.002398100578228,0.002448100578228,,174.99536520376697,143.46052188775008,-31.53484331601689,,real_settlement_plus_minus_4h,PRE_20260716
settlement,gate/okx,2026-07-16 00:00:00+00:00,,5e-05,0.0004234607569565,-0.00037346075695649997,180.8165537362992,,,,,real_settlement_event,GATE_REGIME_20260716_20260720
settlement_window,gate/okx,2026-07-16 00:00:00+00:00,,5e-05,0.0004234607569565,-0.00037346075695649997,,143.46052188775008,175.49407114624364,32.033549258493565,,real_settlement_plus_minus_4h,GATE_REGIME_20260716_20260720
settlement,gate/okx,2026-07-16 08:00:00+00:00,,0.0005,0.0010526768859222,-0.0005526768859222,195.39501052095773,,,,,real_settlement_event,GATE_REGIME_20260716_20260720
settlement_window,gate/okx,2026-07-16 08:00:00+00:00,,0.0005,0.0010526768859222,-0.0005526768859222,,175.49407114624364,190.72329007747436,15.229218931230719,,real_settlement_plus_minus_4h,GATE_REGIME_20260716_20260720
settlement,gate/okx,2026-07-16 16:00:00+00:00,,5e-05,-0.0003419234925896,0.00039192349258960005,197.9550102249474,,,,,real_settlement_event,GATE_REGIME_20260716_20260720
settlement_window,gate/okx,2026-07-16 16:00:00+00:00,,5e-05,-0.0003419234925896,0.00039192349258960005,,190.72329007747436,204.49488762780902,13.771597550334661,,real_settlement_plus_minus_4h,GATE_REGIME_20260716_20260720
settlement,gate/okx,2026-07-17 00:00:00+00:00,,5e-05,-0.0003075354478243,0.0003575354478243,185.94085229901907,,,,,real_settlement_event,GATE_REGIME_20260716_20260720
settlement_window,gate/okx,2026-07-17 00:00:00+00:00,,5e-05,-0.0003075354478243,0.0003575354478243,,204.49488762780902,149.80198103408972,-54.6929065937193,,real_settlement_plus_minus_4h,GATE_REGIME_20260716_20260720
settlement,gate/okx,2026-07-17 08:00:00+00:00,,0.0005,-0.000991233185432,0.001491233185432,123.73847799074312,,,,,real_settlement_event,GATE_REGIME_20260716_20260720
settlement_window,gate/okx,2026-07-17 08:00:00+00:00,,0.0005,-0.000991233185432,0.001491233185432,,149.80198103408972,137.3548448096545,-12.447136224435212,,real_settlement_plus_minus_4h,GATE_REGIME_20260716_20260720
settlement,gate/okx,2026-07-17 16:00:00+00:00,,0.0005,0.0025749198720348,-0.0020749198720348,101.5111505968092,,,,,real_settlement_event,GATE_REGIME_20260716_20260720
settlement_window,gate/okx,2026-07-17 16:00:00+00:00,,0.0005,0.0025749198720348,-0.0020749198720348,,137.3548448096545,61.59185303857499,-75.76299177107953,,real_settlement_plus_minus_4h,GATE_REGIME_20260716_20260720
settlement,gate/okx,2026-07-18 00:00:00+00:00,,0.0005,-0.0010755220213551,0.0015755220213551,48.036776542902984,,,,,real_settlement_event,GATE_REGIME_20260716_20260720
settlement_window,gate/okx,2026-07-18 00:00:00+00:00,,0.0005,-0.0010755220213551,0.0015755220213551,,61.59185303857499,51.213203913478225,-10.378649125096764,,real_settlement_plus_minus_4h,GATE_REGIME_20260716_20260720
settlement,gate/okx,2026-07-18 08:00:00+00:00,,0.0005,0.0,0.0005,42.55942381087811,,,,,real_settlement_event,GATE_REGIME_20260716_20260720
settlement_window,gate/okx,2026-07-18 08:00:00+00:00,,0.0005,0.0,0.0005,,51.213203913478225,40.3560626594564,-10.857141254021826,,real_settlement_plus_minus_4h,GATE_REGIME_20260716_20260720
settlement,gate/okx,2026-07-18 16:00:00+00:00,,0.0005,-9.64154034267e-05,0.0005964154034267,31.58680296430084,,,,,real_settlement_event,GATE_REGIME_20260716_20260720
settlement_window,gate/okx,2026-07-18 16:00:00+00:00,,0.0005,-9.64154034267e-05,0.0005964154034267,,40.3560626594564,30.026762984399532,-10.329299675056866,,real_settlement_plus_minus_4h,GATE_REGIME_20260716_20260720
settlement,gate/okx,2026-07-19 00:00:00+00:00,,0.0005,0.0,0.0005,27.681660899652407,,,,,real_settlement_event,GATE_REGIME_20260716_20260720
settlement_window,gate/okx,2026-07-19 00:00:00+00:00,,0.0005,0.0,0.0005,,30.026762984399532,24.415883888908656,-5.610879095490876,,real_settlement_plus_minus_4h,GATE_REGIME_20260716_20260720
settlement,gate/okx,2026-07-19 08:00:00+00:00,,0.0005,0.0005695173844014,-6.951738440139999e-05,31.283154482591033,,,,,real_settlement_event,GATE_REGIME_20260716_20260720
settlement_window,gate/okx,2026-07-19 08:00:00+00:00,,0.0005,0.0005695173844014,-6.951738440139999e-05,,24.415883888908656,25.874318678288514,1.458434789379858,,real_settlement_plus_minus_4h,GATE_REGIME_20260716_20260720
settlement,gate/okx,2026-07-19 16:00:00+00:00,,0.000377,0.0,0.000377,32.73044143588988,,,,,real_settlement_event,GATE_REGIME_20260716_20260720
settlement_window,gate/okx,2026-07-19 16:00:00+00:00,,0.000377,0.0,0.000377,,25.874318678288514,41.36825720483214,15.493938526543626,,real_settlement_plus_minus_4h,GATE_REGIME_20260716_20260720
settlement,gate/okx,2026-07-20 00:00:00+00:00,,0.0005,0.0010995922466155,-0.0005995922466155001,27.49277816515444,,,,,real_settlement_event,POST_20260720
settlement_window,gate/okx,2026-07-20 00:00:00+00:00,,0.0005,0.0010995922466155,-0.0005995922466155001,,41.36825720483214,35.858733269398776,-5.509523935433364,,real_settlement_plus_minus_4h,POST_20260720
settlement,gate/okx,2026-07-20 08:00:00+00:00,,0.0005,0.0006796006580825,-0.00017960065808249998,23.426422538683674,,,,,real_settlement_event,POST_20260720
settlement_window,gate/okx,2026-07-20 08:00:00+00:00,,0.0005,0.0006796006580825,-0.00017960065808249998,,35.858733269398776,11.90413526984569,-23.954597999553087,,real_settlement_plus_minus_4h,POST_20260720
settlement,gate/okx,2026-07-20 16:00:00+00:00,,5e-05,-0.0009406810658833,0.0009906810658832999,10.331376879679985,,,,,real_settlement_event,POST_20260720
settlement_window,gate/okx,2026-07-20 16:00:00+00:00,,5e-05,-0.0009406810658833,0.0009906810658832999,,11.90413526984569,9.079134233749544,-2.825001036096147,,real_settlement_plus_minus_4h,POST_20260720
settlement,gate/okx,2026-07-21 00:00:00+00:00,,0.000449,0.0,0.000449,2.730578758580882,,,,,real_settlement_event,POST_20260720
settlement_window,gate/okx,2026-07-21 00:00:00+00:00,,0.000449,0.0,0.000449,,9.079134233749544,10.198878123406068,1.1197438896565242,,real_settlement_plus_minus_4h,POST_20260720
settlement,gate/okx,2026-07-21 08:00:00+00:00,,0.000363,0.0008897717497861,-0.0005267717497861001,15.782828282828282,,,,,real_settlement_event,POST_20260720
settlement_window,gate/okx,2026-07-21 08:00:00+00:00,,0.000363,0.0008897717497861,-0.0005267717497861001,,10.198878123406068,22.106426654034067,11.907548530627999,,real_settlement_plus_minus_4h,POST_20260720
settlement,gate/okx,2026-07-21 16:00:00+00:00,,0.000493,0.0011616131276546,-0.0006686131276546,20.608092521108404,,,,,real_settlement_event,POST_20260720
settlement_window,gate/okx,2026-07-21 16:00:00+00:00,,0.000493,0.0011616131276546,-0.0006686131276546,,22.106426654034067,19.237660549593212,-2.868766104440855,,real_settlement_plus_minus_4h,POST_20260720
settlement,gate/okx,2026-07-22 00:00:00+00:00,,0.000122,0.0005027897230029,-0.0003807897230029,17.90086471532333,,,,,real_settlement_event,POST_20260720
settlement_window,gate/okx,2026-07-22 00:00:00+00:00,,0.000122,0.0005027897230029,-0.0003807897230029,,19.237660549593212,6.688149814556676,-12.549510735036536,,real_settlement_plus_minus_4h,POST_20260720
settlement,gate/okx,2026-07-22 08:00:00+00:00,,0.000107,0.0009239274241871,-0.0008169274241871,15.11424115254033,,,,,real_settlement_event,POST_20260720
settlement_window,gate/okx,2026-07-22 08:00:00+00:00,,0.000107,0.0009239274241871,-0.0008169274241871,,6.688149814556676,17.4768593436475,10.788709529090825,,real_settlement_plus_minus_4h,POST_20260720
settlement,gate/okx,2026-07-22 16:00:00+00:00,,0.000262,0.001347564728786,-0.0010855647287859999,12.686947621585572,,,,,real_settlement_event,POST_20260720
settlement_window,gate/okx,2026-07-22 16:00:00+00:00,,0.000262,0.001347564728786,-0.0010855647287859999,,17.4768593436475,10.086359566989954,-7.390499776657547,,real_settlement_plus_minus_4h,POST_20260720
settlement,gate/okx,2026-07-23 00:00:00+00:00,,5e-05,0.0010665734628158,-0.0010165734628158,12.43909232782815,,,,,real_settlement_event,POST_20260720
settlement_window,gate/okx,2026-07-23 00:00:00+00:00,,5e-05,0.0010665734628158,-0.0010165734628158,,10.086359566989954,11.288891960696436,1.2025323937064822,,real_settlement_plus_minus_4h,POST_20260720
lag_correlation,gate/okx,,-24.0,,,,,,,,0.09605026019926115,descriptive_forward_hold,
lag_correlation,gate/okx,,-12.0,,,,,,,,0.05044349378508916,descriptive_forward_hold,
lag_correlation,gate/okx,,-8.0,,,,,,,,0.08041107675686689,descriptive_forward_hold,
lag_correlation,gate/okx,,-4.0,,,,,,,,0.09743087852079246,descriptive_forward_hold,
lag_correlation,gate/okx,,0.0,,,,,,,,0.033699687743716795,descriptive_forward_hold,
lag_correlation,gate/okx,,4.0,,,,,,,,-0.024020447012124142,descriptive_forward_hold,
lag_correlation,gate/okx,,8.0,,,,,,,,0.07626775928607271,descriptive_forward_hold,
lag_correlation,gate/okx,,12.0,,,,,,,,0.18001025239972168,descriptive_forward_hold,
lag_correlation,gate/okx,,24.0,,,,,,,,0.1447062096927138,descriptive_forward_hold,
