analysis_scope,base_event_id,pair,threshold_bps,entry_time,exit_time,long_exchange,short_exchange,gross_price_convergence_bps,funding_cashflow_bps,long_funding_event_count,short_funding_event_count,combined_gross_bps,data_quality,net_after_cost_20bps,net_after_cost_40bps,net_after_cost_80bps
PRICE_FUNDING_15M_GLOBAL_WINDOW,15m-0000002,binance/bitget,20,2026-06-10 10:45:00+00:00,2026-06-10 11:00:00+00:00,binance,bitget,7.869063439999142,0.0,0,0,7.869063439999142,native_15m_trade_close_plus_real_settlements,-12.130936560000858,-32.13093656000086,-72.13093656000086
PRICE_FUNDING_15M_GLOBAL_WINDOW,15m-0000003,binance/bitget,20,2026-06-10 12:15:00+00:00,2026-06-10 14:00:00+00:00,binance,bitget,23.551529327054435,0.0,0,0,23.551529327054435,native_15m_trade_close_plus_real_settlements,3.5515293270544355,-16.448470672945565,-56.44847067294556
PRICE_FUNDING_15M_GLOBAL_WINDOW,15m-0000004,binance/bitget,20,2026-06-10 14:15:00+00:00,2026-06-10 15:45:00+00:00,binance,bitget,34.99096146918948,0.0,0,0,34.99096146918948,native_15m_trade_close_plus_real_settlements,14.990961469189479,-5.009038530810521,-45.00903853081052
PRICE_FUNDING_15M_GLOBAL_WINDOW,15m-0000005,binance/bitget,20,2026-06-10 16:15:00+00:00,2026-06-10 17:15:00+00:00,binance,bitget,17.33414667761155,0.0,0,0,17.33414667761155,native_15m_trade_close_plus_real_settlements,-2.6658533223884504,-22.66585332238845,-62.66585332238845
PRICE_FUNDING_15M_GLOBAL_WINDOW,15m-0000006,binance/bitget,20,2026-06-10 17:45:00+00:00,2026-06-10 18:15:00+00:00,binance,bitget,12.66987159918302,0.0,0,0,12.66987159918302,native_15m_trade_close_plus_real_settlements,-7.33012840081698,-27.33012840081698,-67.33012840081697
PRICE_FUNDING_15M_GLOBAL_WINDOW,15m-0000007,binance/bitget,20,2026-06-11 00:00:00+00:00,2026-06-12 03:45:00+00:00,binance,bitget,47.84015138890326,-23.945800000000002,4,3,23.894351388903257,native_15m_trade_close_plus_real_settlements,3.8943513889032566,-16.105648611096743,-56.10564861109674
PRICE_FUNDING_15M_GLOBAL_WINDOW,15m-0000008,binance/bitget,20,2026-06-12 04:00:00+00:00,2026-06-12 04:15:00+00:00,binance,bitget,7.069172971268694,0.0,0,0,7.069172971268694,native_15m_trade_close_plus_real_settlements,-12.930827028731306,-32.93082702873131,-72.9308270287313
PRICE_FUNDING_15M_GLOBAL_WINDOW,15m-0000009,binance/bitget,20,2026-06-12 04:30:00+00:00,2026-06-12 06:45:00+00:00,binance,bitget,23.807637561421707,0.0,0,0,23.807637561421707,native_15m_trade_close_plus_real_settlements,3.807637561421707,-16.192362438578293,-56.19236243857829
PRICE_FUNDING_15M_GLOBAL_WINDOW,15m-0000010,binance/bitget,20,2026-06-12 07:00:00+00:00,2026-06-12 07:15:00+00:00,binance,bitget,14.935714813444097,0.0,0,0,14.935714813444097,native_15m_trade_close_plus_real_settlements,-5.064285186555903,-25.064285186555903,-65.0642851865559
PRICE_FUNDING_15M_GLOBAL_WINDOW,15m-0000011,binance/bitget,20,2026-06-12 07:30:00+00:00,2026-06-12 10:30:00+00:00,binance,bitget,34.406924360830125,1.5249000000000004,1,1,35.93182436083013,native_15m_trade_close_plus_real_settlements,15.931824360830127,-4.068175639169873,-44.06817563916987
PRICE_FUNDING_15M_GLOBAL_WINDOW,15m-0000012,binance/bitget,20,2026-06-12 10:45:00+00:00,2026-06-12 11:45:00+00:00,binance,bitget,11.086324662146396,0.0,0,0,11.086324662146396,native_15m_trade_close_plus_real_settlements,-8.913675337853604,-28.913675337853604,-68.9136753378536
PRICE_FUNDING_15M_GLOBAL_WINDOW,15m-0000013,binance/bitget,20,2026-06-12 12:30:00+00:00,2026-06-12 12:45:00+00:00,binance,bitget,1.6851148446067015,0.0,0,0,1.6851148446067015,native_15m_trade_close_plus_real_settlements,-18.3148851553933,-38.3148851553933,-78.3148851553933
PRICE_FUNDING_15M_GLOBAL_WINDOW,15m-0000014,binance/bitget,20,2026-06-12 13:00:00+00:00,2026-06-12 13:15:00+00:00,binance,bitget,5.653861878019956,0.0,0,0,5.653861878019956,native_15m_trade_close_plus_real_settlements,-14.346138121980044,-34.34613812198005,-74.34613812198005
PRICE_FUNDING_15M_GLOBAL_WINDOW,15m-0000015,binance/bitget,20,2026-06-12 13:30:00+00:00,2026-06-12 14:15:00+00:00,binance,bitget,9.360543935867494,0.0,0,0,9.360543935867494,native_15m_trade_close_plus_real_settlements,-10.639456064132506,-30.639456064132506,-70.6394560641325
PRICE_FUNDING_15M_GLOBAL_WINDOW,15m-0000016,binance/bitget,20,2026-06-12 15:00:00+00:00,2026-06-12 15:30:00+00:00,binance,bitget,11.63228393028651,0.0,0,0,11.63228393028651,native_15m_trade_close_plus_real_settlements,-8.36771606971349,-28.367716069713488,-68.3677160697135
PRICE_FUNDING_15M_GLOBAL_WINDOW,15m-0000017,binance/bitget,20,2026-06-12 16:15:00+00:00,2026-06-12 16:30:00+00:00,binance,bitget,0.8835883771627593,0.0,0,0,0.8835883771627593,native_15m_trade_close_plus_real_settlements,-19.11641162283724,-39.11641162283724,-79.11641162283723
PRICE_FUNDING_15M_GLOBAL_WINDOW,15m-0000018,binance/bitget,20,2026-06-12 16:45:00+00:00,2026-06-12 17:30:00+00:00,binance,bitget,3.8797369268175252,0.0,0,0,3.8797369268175252,native_15m_trade_close_plus_real_settlements,-16.120263073182475,-36.12026307318247,-76.12026307318247
PRICE_FUNDING_15M_GLOBAL_WINDOW,15m-0000019,binance/bitget,20,2026-06-12 18:45:00+00:00,2026-06-12 19:00:00+00:00,binance,bitget,14.072388988964251,0.0,0,0,14.072388988964251,native_15m_trade_close_plus_real_settlements,-5.927611011035749,-25.92761101103575,-65.92761101103575
PRICE_FUNDING_15M_GLOBAL_WINDOW,15m-0000020,binance/bitget,20,2026-06-12 21:00:00+00:00,2026-06-12 21:30:00+00:00,binance,bitget,11.408571782293356,0.0,0,0,11.408571782293356,native_15m_trade_close_plus_real_settlements,-8.591428217706644,-28.591428217706643,-68.59142821770665
PRICE_FUNDING_15M_GLOBAL_WINDOW,15m-0000021,binance/bitget,20,2026-06-12 22:00:00+00:00,2026-06-12 22:30:00+00:00,binance,bitget,4.529249720572572,0.0,0,0,4.529249720572572,native_15m_trade_close_plus_real_settlements,-15.470750279427428,-35.47075027942743,-75.47075027942742
PRICE_FUNDING_15M_GLOBAL_WINDOW,15m-0000022,binance/bitget,20,2026-06-12 23:00:00+00:00,2026-06-12 23:15:00+00:00,binance,bitget,1.080818642322857,0.0,0,0,1.080818642322857,native_15m_trade_close_plus_real_settlements,-18.919181357677143,-38.91918135767715,-78.91918135767715
PRICE_FUNDING_15M_GLOBAL_WINDOW,15m-0000023,binance/bitget,20,2026-06-13 00:00:00+00:00,2026-06-13 00:15:00+00:00,binance,bitget,3.070507387999619,0.0,1,0,3.070507387999619,native_15m_trade_close_plus_real_settlements,-16.92949261200038,-36.92949261200038,-76.92949261200039
PRICE_FUNDING_15M_GLOBAL_WINDOW,15m-0000024,binance/bitget,20,2026-06-13 01:00:00+00:00,2026-06-13 01:30:00+00:00,binance,bitget,9.34672452304532,0.0,0,0,9.34672452304532,native_15m_trade_close_plus_real_settlements,-10.65327547695468,-30.65327547695468,-70.65327547695468
PRICE_FUNDING_15M_GLOBAL_WINDOW,15m-0000025,binance/bitget,20,2026-06-13 03:15:00+00:00,2026-06-13 03:45:00+00:00,binance,bitget,5.043082442616136,0.0,0,0,5.043082442616136,native_15m_trade_close_plus_real_settlements,-14.956917557383864,-34.95691755738386,-74.95691755738386
PRICE_FUNDING_15M_GLOBAL_WINDOW,15m-0000026,binance/bitget,20,2026-06-13 04:15:00+00:00,2026-06-13 04:30:00+00:00,binance,bitget,1.8927155358905097,0.0,0,0,1.8927155358905097,native_15m_trade_close_plus_real_settlements,-18.10728446410949,-38.10728446410949,-78.10728446410948
PRICE_FUNDING_15M_GLOBAL_WINDOW,15m-0000027,binance/bitget,20,2026-06-13 04:45:00+00:00,2026-06-13 05:45:00+00:00,binance,bitget,8.520444723314256,0.0,0,0,8.520444723314256,native_15m_trade_close_plus_real_settlements,-11.479555276685744,-31.479555276685744,-71.47955527668574
PRICE_FUNDING_15M_GLOBAL_WINDOW,15m-0000028,binance/bitget,20,2026-06-13 06:00:00+00:00,2026-06-13 06:30:00+00:00,binance,bitget,4.323528958540855,0.0,0,0,4.323528958540855,native_15m_trade_close_plus_real_settlements,-15.676471041459145,-35.676471041459145,-75.67647104145914
PRICE_FUNDING_15M_GLOBAL_WINDOW,15m-0000029,binance/bitget,20,2026-06-13 06:45:00+00:00,2026-06-13 07:15:00+00:00,binance,bitget,9.109069613016723,0.0,0,0,9.109069613016723,native_15m_trade_close_plus_real_settlements,-10.890930386983277,-30.89093038698328,-70.89093038698327
PRICE_FUNDING_15M_GLOBAL_WINDOW,15m-0000030,binance/bitget,20,2026-06-13 07:45:00+00:00,2026-06-13 08:30:00+00:00,binance,bitget,10.429772902606004,0.0,1,1,10.429772902606004,native_15m_trade_close_plus_real_settlements,-9.570227097393996,-29.570227097393996,-69.570227097394
PRICE_FUNDING_15M_GLOBAL_WINDOW,15m-0000031,binance/bitget,20,2026-06-13 08:45:00+00:00,2026-06-13 09:15:00+00:00,binance,bitget,14.540009364262158,0.0,0,0,14.540009364262158,native_15m_trade_close_plus_real_settlements,-5.459990635737842,-25.459990635737842,-65.45999063573784
PRICE_FUNDING_15M_GLOBAL_WINDOW,15m-0000032,binance/bitget,20,2026-06-13 10:45:00+00:00,2026-06-13 11:15:00+00:00,binance,bitget,4.8596164022310155,0.0,0,0,4.8596164022310155,native_15m_trade_close_plus_real_settlements,-15.140383597768984,-35.14038359776899,-75.14038359776899
PRICE_FUNDING_15M_GLOBAL_WINDOW,15m-0000033,binance/bitget,20,2026-06-13 11:45:00+00:00,2026-06-13 12:30:00+00:00,binance,bitget,3.560623648719716,0.0,0,0,3.560623648719716,native_15m_trade_close_plus_real_settlements,-16.439376351280284,-36.43937635128029,-76.43937635128029
PRICE_FUNDING_15M_GLOBAL_WINDOW,15m-0000034,binance/bitget,20,2026-06-13 13:00:00+00:00,2026-06-13 13:30:00+00:00,binance,bitget,1.313707689696809,0.0,0,0,1.313707689696809,native_15m_trade_close_plus_real_settlements,-18.68629231030319,-38.68629231030319,-78.68629231030319
PRICE_FUNDING_15M_GLOBAL_WINDOW,15m-0000035,binance/bitget,20,2026-06-13 13:45:00+00:00,2026-06-13 15:30:00+00:00,binance,bitget,10.489402674861157,0.0,0,0,10.489402674861157,native_15m_trade_close_plus_real_settlements,-9.510597325138843,-29.510597325138843,-69.51059732513885
PRICE_FUNDING_15M_GLOBAL_WINDOW,15m-0000036,binance/bitget,20,2026-06-13 17:00:00+00:00,2026-06-13 17:15:00+00:00,binance,bitget,4.874071016818519,0.0,0,0,4.874071016818519,native_15m_trade_close_plus_real_settlements,-15.125928983181481,-35.12592898318148,-75.12592898318148
PRICE_FUNDING_15M_GLOBAL_WINDOW,15m-0000037,binance/bitget,20,2026-06-13 17:30:00+00:00,2026-06-13 18:15:00+00:00,binance,bitget,3.9083078743152306,0.0,0,0,3.9083078743152306,native_15m_trade_close_plus_real_settlements,-16.09169212568477,-36.09169212568477,-76.09169212568477
PRICE_FUNDING_15M_GLOBAL_WINDOW,15m-0000038,binance/bitget,20,2026-06-13 18:30:00+00:00,2026-06-13 20:00:00+00:00,binance,bitget,7.717066882060799,0.0,0,0,7.717066882060799,native_15m_trade_close_plus_real_settlements,-12.282933117939201,-32.2829331179392,-72.2829331179392
PRICE_FUNDING_15M_GLOBAL_WINDOW,15m-0000039,binance/bitget,20,2026-06-13 20:15:00+00:00,2026-06-13 20:45:00+00:00,binance,bitget,13.780501136325086,0.0,0,0,13.780501136325086,native_15m_trade_close_plus_real_settlements,-6.2194988636749144,-26.219498863674914,-66.21949886367491
PRICE_FUNDING_15M_GLOBAL_WINDOW,15m-0000040,binance/bitget,20,2026-06-13 21:00:00+00:00,2026-06-13 21:15:00+00:00,binance,bitget,9.728907328957424,0.0,0,0,9.728907328957424,native_15m_trade_close_plus_real_settlements,-10.271092671042576,-30.271092671042574,-70.27109267104258
PRICE_FUNDING_15M_GLOBAL_WINDOW,15m-0000041,binance/bitget,20,2026-06-13 21:45:00+00:00,2026-06-13 22:00:00+00:00,binance,bitget,15.612596185217713,0.0,0,0,15.612596185217713,native_15m_trade_close_plus_real_settlements,-4.387403814782287,-24.38740381478229,-64.38740381478229
PRICE_FUNDING_15M_GLOBAL_WINDOW,15m-0000042,binance/bitget,20,2026-06-13 22:45:00+00:00,2026-06-13 23:00:00+00:00,binance,bitget,4.609685438390727,0.0,0,0,4.609685438390727,native_15m_trade_close_plus_real_settlements,-15.390314561609273,-35.39031456160927,-75.39031456160927
PRICE_FUNDING_15M_GLOBAL_WINDOW,15m-0000043,binance/bitget,20,2026-06-14 00:00:00+00:00,2026-06-14 00:30:00+00:00,binance,bitget,5.898125168369287,0.0,1,0,5.898125168369287,native_15m_trade_close_plus_real_settlements,-14.101874831630713,-34.10187483163071,-74.10187483163071
PRICE_FUNDING_15M_GLOBAL_WINDOW,15m-0000044,binance/bitget,20,2026-06-14 01:30:00+00:00,2026-06-14 02:00:00+00:00,binance,bitget,3.1501701563539903,0.0,0,0,3.1501701563539903,native_15m_trade_close_plus_real_settlements,-16.84982984364601,-36.849829843646006,-76.849829843646
PRICE_FUNDING_15M_GLOBAL_WINDOW,15m-0000045,binance/bitget,20,2026-06-14 03:30:00+00:00,2026-06-14 03:45:00+00:00,binance,bitget,5.850692985284727,0.0,0,0,5.850692985284727,native_15m_trade_close_plus_real_settlements,-14.149307014715273,-34.149307014715276,-74.14930701471528
PRICE_FUNDING_15M_GLOBAL_WINDOW,15m-0000046,binance/bitget,20,2026-06-14 04:00:00+00:00,2026-06-14 04:15:00+00:00,binance,bitget,2.3579653514858343,0.0,0,0,2.3579653514858343,native_15m_trade_close_plus_real_settlements,-17.642034648514166,-37.64203464851417,-77.64203464851417
PRICE_FUNDING_15M_GLOBAL_WINDOW,15m-0000047,binance/bitget,20,2026-06-14 04:30:00+00:00,2026-06-14 04:45:00+00:00,binance,bitget,0.7332074942317632,0.0,0,0,0.7332074942317632,native_15m_trade_close_plus_real_settlements,-19.266792505768237,-39.26679250576824,-79.26679250576824
PRICE_FUNDING_15M_GLOBAL_WINDOW,15m-0000048,binance/bitget,20,2026-06-14 05:00:00+00:00,2026-06-14 05:15:00+00:00,binance,bitget,0.9568243761894166,0.0,0,0,0.9568243761894166,native_15m_trade_close_plus_real_settlements,-19.043175623810583,-39.04317562381058,-79.04317562381058
PRICE_FUNDING_15M_GLOBAL_WINDOW,15m-0000049,binance/bitget,20,2026-06-14 05:30:00+00:00,2026-06-14 05:45:00+00:00,binance,bitget,1.0372671349258162,0.0,0,0,1.0372671349258162,native_15m_trade_close_plus_real_settlements,-18.962732865074184,-38.96273286507419,-78.96273286507419
PRICE_FUNDING_15M_GLOBAL_WINDOW,15m-0000050,binance/bitget,20,2026-06-14 07:00:00+00:00,2026-06-14 07:15:00+00:00,binance,bitget,8.73032135024918,0.0,0,0,8.73032135024918,native_15m_trade_close_plus_real_settlements,-11.26967864975082,-31.26967864975082,-71.26967864975082
PRICE_FUNDING_15M_GLOBAL_WINDOW,15m-0000051,binance/bitget,20,2026-06-14 07:45:00+00:00,2026-06-14 08:00:00+00:00,binance,bitget,1.4242388103461288,0.0,1,1,1.4242388103461288,native_15m_trade_close_plus_real_settlements,-18.57576118965387,-38.575761189653875,-78.57576118965387
PRICE_FUNDING_15M_GLOBAL_WINDOW,15m-0000052,binance/bitget,20,2026-06-14 08:15:00+00:00,2026-06-14 09:30:00+00:00,binance,bitget,15.683933793794969,0.0,0,0,15.683933793794969,native_15m_trade_close_plus_real_settlements,-4.316066206205031,-24.31606620620503,-64.31606620620504
PRICE_FUNDING_15M_GLOBAL_WINDOW,15m-0000053,binance/bitget,20,2026-06-14 09:45:00+00:00,2026-06-14 10:00:00+00:00,binance,bitget,1.5160385632787516,0.0,0,0,1.5160385632787516,native_15m_trade_close_plus_real_settlements,-18.48396143672125,-38.483961436721245,-78.48396143672124
PRICE_FUNDING_15M_GLOBAL_WINDOW,15m-0000054,binance/bitget,20,2026-06-14 10:30:00+00:00,2026-06-14 11:15:00+00:00,binance,bitget,8.261123965728764,0.0,0,0,8.261123965728764,native_15m_trade_close_plus_real_settlements,-11.738876034271236,-31.738876034271236,-71.73887603427124
PRICE_FUNDING_15M_GLOBAL_WINDOW,15m-0000055,binance/bitget,20,2026-06-14 11:30:00+00:00,2026-06-14 11:45:00+00:00,binance,bitget,2.137944141041924,0.0,0,0,2.137944141041924,native_15m_trade_close_plus_real_settlements,-17.862055858958076,-37.86205585895807,-77.86205585895807
PRICE_FUNDING_15M_GLOBAL_WINDOW,15m-0000056,binance/bitget,20,2026-06-14 12:15:00+00:00,2026-06-14 12:30:00+00:00,binance,bitget,15.690083691911738,0.0,0,0,15.690083691911738,native_15m_trade_close_plus_real_settlements,-4.309916308088262,-24.309916308088262,-64.30991630808826
PRICE_FUNDING_15M_GLOBAL_WINDOW,15m-0000057,binance/bitget,20,2026-06-14 12:45:00+00:00,2026-06-14 13:00:00+00:00,binance,bitget,6.434209964126502,0.0,0,0,6.434209964126502,native_15m_trade_close_plus_real_settlements,-13.565790035873498,-33.5657900358735,-73.5657900358735
PRICE_FUNDING_15M_GLOBAL_WINDOW,15m-0000058,binance/bitget,20,2026-06-14 13:15:00+00:00,2026-06-14 13:45:00+00:00,binance,bitget,7.64448037779194,0.0,0,0,7.64448037779194,native_15m_trade_close_plus_real_settlements,-12.35551962220806,-32.355519622208064,-72.35551962220806
PRICE_FUNDING_15M_GLOBAL_WINDOW,15m-0000059,binance/bitget,20,2026-06-14 15:00:00+00:00,2026-06-14 15:15:00+00:00,binance,bitget,3.3711672813362235,0.0,0,0,3.3711672813362235,native_15m_trade_close_plus_real_settlements,-16.628832718663777,-36.62883271866377,-76.62883271866377
PRICE_FUNDING_15M_GLOBAL_WINDOW,15m-0000060,binance/bitget,20,2026-06-14 15:30:00+00:00,2026-06-14 15:45:00+00:00,binance,bitget,7.67232156236221,0.0,0,0,7.67232156236221,native_15m_trade_close_plus_real_settlements,-12.32767843763779,-32.327678437637786,-72.32767843763779
PRICE_FUNDING_15M_GLOBAL_WINDOW,15m-0000061,binance/bitget,20,2026-06-14 16:45:00+00:00,2026-06-14 17:15:00+00:00,binance,bitget,8.872406699985724,0.0,0,0,8.872406699985724,native_15m_trade_close_plus_real_settlements,-11.127593300014276,-31.127593300014276,-71.12759330001427
PRICE_FUNDING_15M_GLOBAL_WINDOW,15m-0000062,binance/bitget,20,2026-06-14 17:30:00+00:00,2026-06-14 18:00:00+00:00,binance,bitget,6.952330590222424,0.0,0,0,6.952330590222424,native_15m_trade_close_plus_real_settlements,-13.047669409777576,-33.047669409777576,-73.04766940977757
PRICE_FUNDING_15M_GLOBAL_WINDOW,15m-0000063,binance/bitget,20,2026-06-14 18:15:00+00:00,2026-06-14 18:45:00+00:00,binance,bitget,6.240020397745756,0.0,0,0,6.240020397745756,native_15m_trade_close_plus_real_settlements,-13.759979602254244,-33.75997960225425,-73.75997960225425
PRICE_FUNDING_15M_GLOBAL_WINDOW,15m-0000064,binance/bitget,20,2026-06-14 19:15:00+00:00,2026-06-14 19:45:00+00:00,binance,bitget,13.565251615742728,0.0,0,0,13.565251615742728,native_15m_trade_close_plus_real_settlements,-6.434748384257272,-26.434748384257272,-66.43474838425728
PRICE_FUNDING_15M_GLOBAL_WINDOW,15m-0000065,binance/bitget,20,2026-06-14 20:00:00+00:00,2026-06-14 21:00:00+00:00,binance,bitget,21.81211041111611,0.0,0,0,21.81211041111611,native_15m_trade_close_plus_real_settlements,1.8121104111161088,-18.18788958888389,-58.18788958888389
PRICE_FUNDING_15M_GLOBAL_WINDOW,15m-0000066,binance/bitget,20,2026-06-14 21:15:00+00:00,2026-06-14 22:30:00+00:00,binance,bitget,6.130974042024299,0.0,0,0,6.130974042024299,native_15m_trade_close_plus_real_settlements,-13.869025957975701,-33.8690259579757,-73.86902595797571
PRICE_FUNDING_15M_GLOBAL_WINDOW,15m-0000067,binance/bitget,20,2026-06-14 22:45:00+00:00,2026-06-14 23:15:00+00:00,binance,bitget,6.59725003947549,0.0,0,0,6.59725003947549,native_15m_trade_close_plus_real_settlements,-13.40274996052451,-33.40274996052451,-73.40274996052452
PRICE_FUNDING_15M_GLOBAL_WINDOW,15m-0000068,binance/bitget,20,2026-06-15 00:00:00+00:00,2026-06-15 00:15:00+00:00,binance,bitget,4.604083106349503,-2.9335,1,0,1.6705831063495027,native_15m_trade_close_plus_real_settlements,-18.329416893650496,-38.329416893650496,-78.3294168936505
PRICE_FUNDING_15M_GLOBAL_WINDOW,15m-0000069,binance/bitget,20,2026-06-15 00:30:00+00:00,2026-06-15 01:15:00+00:00,binance,bitget,14.783153431004397,0.0,0,0,14.783153431004397,native_15m_trade_close_plus_real_settlements,-5.216846568995603,-25.216846568995603,-65.2168465689956
PRICE_FUNDING_15M_GLOBAL_WINDOW,15m-0000070,binance/bitget,20,2026-06-15 01:30:00+00:00,2026-06-15 01:45:00+00:00,binance,bitget,25.70465489770369,0.0,0,0,25.70465489770369,native_15m_trade_close_plus_real_settlements,5.704654897703691,-14.29534510229631,-54.29534510229631
PRICE_FUNDING_15M_GLOBAL_WINDOW,15m-0000071,binance/bitget,20,2026-06-15 02:30:00+00:00,2026-06-15 02:45:00+00:00,binance,bitget,6.857167389553075,0.0,0,0,6.857167389553075,native_15m_trade_close_plus_real_settlements,-13.142832610446925,-33.14283261044692,-73.14283261044693
PRICE_FUNDING_15M_GLOBAL_WINDOW,15m-0000072,binance/bitget,20,2026-06-15 03:15:00+00:00,2026-06-15 04:00:00+00:00,binance,bitget,5.14827244510419,0.0,0,0,5.14827244510419,native_15m_trade_close_plus_real_settlements,-14.85172755489581,-34.85172755489581,-74.8517275548958
PRICE_FUNDING_15M_GLOBAL_WINDOW,15m-0000073,binance/bitget,20,2026-06-15 04:15:00+00:00,2026-06-15 04:30:00+00:00,binance,bitget,10.782957678425984,0.0,0,0,10.782957678425984,native_15m_trade_close_plus_real_settlements,-9.217042321574016,-29.217042321574016,-69.21704232157401
PRICE_FUNDING_15M_GLOBAL_WINDOW,15m-0000074,binance/bitget,20,2026-06-15 04:45:00+00:00,2026-06-15 08:00:00+00:00,binance,bitget,30.92419533862701,-24.242600000000003,1,1,6.681595338627005,native_15m_trade_close_plus_real_settlements,-13.318404661372995,-33.318404661372995,-73.318404661373
PRICE_FUNDING_15M_GLOBAL_WINDOW,15m-0000075,binance/bitget,20,2026-06-15 08:30:00+00:00,2026-06-15 09:45:00+00:00,binance,bitget,12.693260426277199,0.0,0,0,12.693260426277199,native_15m_trade_close_plus_real_settlements,-7.306739573722801,-27.3067395737228,-67.30673957372281
PRICE_FUNDING_15M_GLOBAL_WINDOW,15m-0000076,binance/bitget,20,2026-06-15 10:00:00+00:00,2026-06-15 10:15:00+00:00,binance,bitget,7.913758475258149,0.0,0,0,7.913758475258149,native_15m_trade_close_plus_real_settlements,-12.086241524741851,-32.08624152474185,-72.08624152474185
PRICE_FUNDING_15M_GLOBAL_WINDOW,15m-0000077,binance/bitget,20,2026-06-15 10:45:00+00:00,2026-06-15 12:00:00+00:00,binance,bitget,6.816695921556576,0.0,0,0,6.816695921556576,native_15m_trade_close_plus_real_settlements,-13.183304078443424,-33.18330407844343,-73.18330407844343
PRICE_FUNDING_15M_GLOBAL_WINDOW,15m-0000078,binance/bitget,20,2026-06-15 12:30:00+00:00,2026-06-15 12:45:00+00:00,binance,bitget,3.367260551159813,0.0,0,0,3.367260551159813,native_15m_trade_close_plus_real_settlements,-16.632739448840187,-36.632739448840184,-76.63273944884018
PRICE_FUNDING_15M_GLOBAL_WINDOW,15m-0000079,binance/bitget,20,2026-06-15 13:00:00+00:00,2026-06-15 14:15:00+00:00,binance,bitget,12.972213415942925,0.0,0,0,12.972213415942925,native_15m_trade_close_plus_real_settlements,-7.0277865840570755,-27.027786584057075,-67.02778658405708
PRICE_FUNDING_15M_GLOBAL_WINDOW,15m-0000080,binance/bitget,20,2026-06-15 14:30:00+00:00,2026-06-15 18:00:00+00:00,binance,bitget,11.188488933367534,-9.7246,1,1,1.4638889333675333,native_15m_trade_close_plus_real_settlements,-18.536111066632465,-38.536111066632465,-78.53611106663247
PRICE_FUNDING_15M_GLOBAL_WINDOW,15m-0000081,binance/bitget,20,2026-06-15 18:15:00+00:00,2026-06-15 22:00:00+00:00,binance,bitget,13.51702829558118,0.0,0,0,13.51702829558118,native_15m_trade_close_plus_real_settlements,-6.482971704418819,-26.48297170441882,-66.48297170441882
PRICE_FUNDING_15M_GLOBAL_WINDOW,15m-0000082,binance/bitget,20,2026-06-15 22:15:00+00:00,2026-06-15 23:45:00+00:00,binance,bitget,14.962963448911172,0.0,0,0,14.962963448911172,native_15m_trade_close_plus_real_settlements,-5.037036551088828,-25.03703655108883,-65.03703655108883
PRICE_FUNDING_15M_GLOBAL_WINDOW,15m-0000083,binance/bitget,20,2026-06-16 01:00:00+00:00,2026-06-16 01:15:00+00:00,binance,bitget,10.122255859943643,0.0,0,0,10.122255859943643,native_15m_trade_close_plus_real_settlements,-9.877744140056357,-29.877744140056357,-69.87774414005636
PRICE_FUNDING_15M_GLOBAL_WINDOW,15m-0000084,binance/bitget,20,2026-06-16 01:30:00+00:00,2026-06-16 01:45:00+00:00,binance,bitget,8.170190381573985,0.0,0,0,8.170190381573985,native_15m_trade_close_plus_real_settlements,-11.829809618426015,-31.829809618426015,-71.82980961842601
PRICE_FUNDING_15M_GLOBAL_WINDOW,15m-0000085,binance/bitget,20,2026-06-16 03:00:00+00:00,2026-06-16 06:00:00+00:00,binance,bitget,17.300481665798227,0.0,0,0,17.300481665798227,native_15m_trade_close_plus_real_settlements,-2.6995183342017732,-22.699518334201773,-62.69951833420177
PRICE_FUNDING_15M_GLOBAL_WINDOW,15m-0000086,binance/bitget,20,2026-06-16 06:15:00+00:00,2026-06-16 06:45:00+00:00,binance,bitget,3.297139833922323,0.0,0,0,3.297139833922323,native_15m_trade_close_plus_real_settlements,-16.702860166077677,-36.70286016607768,-76.70286016607767
PRICE_FUNDING_15M_GLOBAL_WINDOW,15m-0000087,binance/bitget,20,2026-06-16 07:00:00+00:00,2026-06-16 10:15:00+00:00,binance,bitget,27.34684918776049,-5.8824000000000005,1,1,21.46444918776049,native_15m_trade_close_plus_real_settlements,1.46444918776049,-18.53555081223951,-58.53555081223951
PRICE_FUNDING_15M_GLOBAL_WINDOW,15m-0000088,binance/bitget,20,2026-06-16 10:30:00+00:00,2026-06-16 12:00:00+00:00,binance,bitget,17.23804857697047,0.0,0,0,17.23804857697047,native_15m_trade_close_plus_real_settlements,-2.7619514230295295,-22.76195142302953,-62.76195142302953
PRICE_FUNDING_15M_GLOBAL_WINDOW,15m-0000089,binance/bitget,20,2026-06-16 12:15:00+00:00,2026-06-16 12:45:00+00:00,binance,bitget,13.477603920004686,0.0,0,0,13.477603920004686,native_15m_trade_close_plus_real_settlements,-6.522396079995314,-26.522396079995314,-66.52239607999532
PRICE_FUNDING_15M_GLOBAL_WINDOW,15m-0000090,binance/bitget,20,2026-06-16 14:00:00+00:00,2026-06-16 14:30:00+00:00,binance,bitget,4.855694952473961,0.0,0,0,4.855694952473961,native_15m_trade_close_plus_real_settlements,-15.14430504752604,-35.14430504752604,-75.14430504752605
PRICE_FUNDING_15M_GLOBAL_WINDOW,15m-0000091,binance/bitget,20,2026-06-16 16:15:00+00:00,2026-06-16 16:30:00+00:00,binance,bitget,5.759990698178397,0.0,0,0,5.759990698178397,native_15m_trade_close_plus_real_settlements,-14.240009301821603,-34.2400093018216,-74.2400093018216
PRICE_FUNDING_15M_GLOBAL_WINDOW,15m-0000092,binance/bitget,20,2026-06-16 18:00:00+00:00,2026-06-16 18:15:00+00:00,binance,bitget,6.411300136868938,0.0,0,0,6.411300136868938,native_15m_trade_close_plus_real_settlements,-13.588699863131062,-33.58869986313106,-73.58869986313107
PRICE_FUNDING_15M_GLOBAL_WINDOW,15m-0000093,binance/bitget,20,2026-06-16 21:15:00+00:00,2026-06-16 21:30:00+00:00,binance,bitget,7.964240245953716,0.0,0,0,7.964240245953716,native_15m_trade_close_plus_real_settlements,-12.035759754046284,-32.03575975404628,-72.03575975404628
PRICE_FUNDING_15M_GLOBAL_WINDOW,15m-0000094,binance/bitget,20,2026-06-17 00:00:00+00:00,2026-06-17 00:15:00+00:00,binance,bitget,3.860520143068239,0.0,1,0,3.860520143068239,native_15m_trade_close_plus_real_settlements,-16.13947985693176,-36.13947985693176,-76.13947985693176
PRICE_FUNDING_15M_GLOBAL_WINDOW,15m-0000095,binance/bitget,20,2026-06-17 02:15:00+00:00,2026-06-17 02:30:00+00:00,binance,bitget,7.669556024342299,0.0,0,0,7.669556024342299,native_15m_trade_close_plus_real_settlements,-12.330443975657701,-32.3304439756577,-72.3304439756577
PRICE_FUNDING_15M_GLOBAL_WINDOW,15m-0000096,binance/bitget,20,2026-06-17 02:45:00+00:00,2026-06-17 03:00:00+00:00,binance,bitget,6.665198296880529,0.0,0,0,6.665198296880529,native_15m_trade_close_plus_real_settlements,-13.33480170311947,-33.33480170311947,-73.33480170311947
PRICE_FUNDING_15M_GLOBAL_WINDOW,15m-0000097,binance/bitget,20,2026-06-17 03:45:00+00:00,2026-06-17 04:00:00+00:00,binance,bitget,5.938300526826001,0.0,0,0,5.938300526826001,native_15m_trade_close_plus_real_settlements,-14.061699473173999,-34.061699473174,-74.061699473174
PRICE_FUNDING_15M_GLOBAL_WINDOW,15m-0000098,binance/bitget,20,2026-06-17 05:15:00+00:00,2026-06-17 05:45:00+00:00,binance,bitget,11.022131527553713,0.0,0,0,11.022131527553713,native_15m_trade_close_plus_real_settlements,-8.977868472446287,-28.97786847244629,-68.97786847244629
PRICE_FUNDING_15M_GLOBAL_WINDOW,15m-0000099,binance/bitget,20,2026-06-17 06:00:00+00:00,2026-06-17 06:30:00+00:00,binance,bitget,4.17340887100152,0.0,0,0,4.17340887100152,native_15m_trade_close_plus_real_settlements,-15.82659112899848,-35.82659112899848,-75.82659112899847
PRICE_FUNDING_15M_GLOBAL_WINDOW,15m-0000100,binance/bitget,20,2026-06-17 06:45:00+00:00,2026-06-17 07:00:00+00:00,binance,bitget,3.9551207575832414,0.0,0,0,3.9551207575832414,native_15m_trade_close_plus_real_settlements,-16.04487924241676,-36.044879242416755,-76.04487924241676
PRICE_FUNDING_15M_GLOBAL_WINDOW,15m-0000101,binance/bitget,20,2026-06-17 07:45:00+00:00,2026-06-17 08:30:00+00:00,binance,bitget,8.973448278383614,-5.906799999999999,1,1,3.0666482783836155,native_15m_trade_close_plus_real_settlements,-16.933351721616383,-36.93335172161638,-76.93335172161639
PRICE_FUNDING_15M_GLOBAL_WINDOW,15m-0000102,binance/bitget,20,2026-06-17 08:45:00+00:00,2026-06-17 09:00:00+00:00,binance,bitget,8.27174862950508,0.0,0,0,8.27174862950508,native_15m_trade_close_plus_real_settlements,-11.72825137049492,-31.72825137049492,-71.72825137049492
PRICE_FUNDING_15M_GLOBAL_WINDOW,15m-0000103,binance/bitget,20,2026-06-17 09:15:00+00:00,2026-06-17 09:30:00+00:00,binance,bitget,1.1393630530093048,0.0,0,0,1.1393630530093048,native_15m_trade_close_plus_real_settlements,-18.860636946990695,-38.860636946990695,-78.8606369469907
PRICE_FUNDING_15M_GLOBAL_WINDOW,15m-0000104,binance/bitget,20,2026-06-17 10:00:00+00:00,2026-06-17 10:15:00+00:00,binance,bitget,4.3338488624189,0.0,0,0,4.3338488624189,native_15m_trade_close_plus_real_settlements,-15.6661511375811,-35.666151137581096,-75.6661511375811
PRICE_FUNDING_15M_GLOBAL_WINDOW,15m-0000105,binance/bitget,20,2026-06-17 11:00:00+00:00,2026-06-17 11:15:00+00:00,binance,bitget,2.5735728525669046,0.0,0,0,2.5735728525669046,native_15m_trade_close_plus_real_settlements,-17.426427147433095,-37.426427147433095,-77.42642714743309
PRICE_FUNDING_15M_GLOBAL_WINDOW,15m-0000106,binance/bitget,20,2026-06-17 12:00:00+00:00,2026-06-17 12:15:00+00:00,binance,bitget,11.298708728632867,0.0,0,0,11.298708728632867,native_15m_trade_close_plus_real_settlements,-8.701291271367133,-28.701291271367133,-68.70129127136713
PRICE_FUNDING_15M_GLOBAL_WINDOW,15m-0000107,binance/bitget,20,2026-06-17 13:30:00+00:00,2026-06-17 13:45:00+00:00,binance,bitget,10.027883450805213,0.0,0,0,10.027883450805213,native_15m_trade_close_plus_real_settlements,-9.972116549194787,-29.972116549194787,-69.9721165491948
PRICE_FUNDING_15M_GLOBAL_WINDOW,15m-0000108,binance/bitget,20,2026-06-17 14:00:00+00:00,2026-06-17 14:30:00+00:00,binance,bitget,9.309075814707336,0.0,0,0,9.309075814707336,native_15m_trade_close_plus_real_settlements,-10.690924185292664,-30.690924185292666,-70.69092418529266
PRICE_FUNDING_15M_GLOBAL_WINDOW,15m-0000109,binance/bitget,20,2026-06-17 15:30:00+00:00,2026-06-17 15:45:00+00:00,binance,bitget,0.45043734489352616,0.0,0,0,0.45043734489352616,native_15m_trade_close_plus_real_settlements,-19.549562655106474,-39.54956265510647,-79.54956265510647
PRICE_FUNDING_15M_GLOBAL_WINDOW,15m-0000110,binance/bitget,20,2026-06-17 17:00:00+00:00,2026-06-17 17:45:00+00:00,binance,bitget,5.279828312323559,0.0,0,0,5.279828312323559,native_15m_trade_close_plus_real_settlements,-14.72017168767644,-34.72017168767644,-74.72017168767644
PRICE_FUNDING_15M_GLOBAL_WINDOW,15m-0000111,binance/bitget,20,2026-06-17 18:00:00+00:00,2026-06-17 19:15:00+00:00,binance,bitget,17.406676876492682,0.0,0,0,17.406676876492682,native_15m_trade_close_plus_real_settlements,-2.593323123507318,-22.593323123507318,-62.59332312350732
PRICE_FUNDING_15M_GLOBAL_WINDOW,15m-0000112,binance/bitget,20,2026-06-17 19:30:00+00:00,2026-06-17 20:00:00+00:00,binance,bitget,3.9041448025675756,0.0,0,0,3.9041448025675756,native_15m_trade_close_plus_real_settlements,-16.095855197432424,-36.09585519743243,-76.09585519743243
PRICE_FUNDING_15M_GLOBAL_WINDOW,15m-0000113,binance/bitget,20,2026-06-17 20:45:00+00:00,2026-06-17 21:00:00+00:00,binance,bitget,0.8672983513143606,0.0,0,0,0.8672983513143606,native_15m_trade_close_plus_real_settlements,-19.13270164868564,-39.13270164868564,-79.13270164868564
PRICE_FUNDING_15M_GLOBAL_WINDOW,15m-0000114,binance/bitget,20,2026-06-17 21:30:00+00:00,2026-06-17 22:00:00+00:00,binance,bitget,7.942026830439858,0.0,0,0,7.942026830439858,native_15m_trade_close_plus_real_settlements,-12.057973169560142,-32.05797316956014,-72.05797316956014
PRICE_FUNDING_15M_GLOBAL_WINDOW,15m-0000115,binance/bitget,20,2026-06-17 23:30:00+00:00,2026-06-18 00:15:00+00:00,binance,bitget,10.17820144031506,0.0,1,1,10.17820144031506,native_15m_trade_close_plus_real_settlements,-9.82179855968494,-29.82179855968494,-69.82179855968494
PRICE_FUNDING_15M_GLOBAL_WINDOW,15m-0000116,binance/bitget,20,2026-06-18 00:30:00+00:00,2026-06-18 02:00:00+00:00,binance,bitget,9.284338319138161,0.0,0,0,9.284338319138161,native_15m_trade_close_plus_real_settlements,-10.715661680861839,-30.71566168086184,-70.71566168086184
PRICE_FUNDING_15M_GLOBAL_WINDOW,15m-0000117,binance/bitget,20,2026-06-18 02:15:00+00:00,2026-06-18 02:30:00+00:00,binance,bitget,5.770844202379607,0.0,0,0,5.770844202379607,native_15m_trade_close_plus_real_settlements,-14.229155797620393,-34.22915579762039,-74.2291557976204
PRICE_FUNDING_15M_GLOBAL_WINDOW,15m-0000118,binance/bitget,20,2026-06-18 02:45:00+00:00,2026-06-18 08:00:00+00:00,binance,bitget,26.46053137653008,2.7661000000000007,1,1,29.226631376530083,native_15m_trade_close_plus_real_settlements,9.226631376530083,-10.773368623469917,-50.77336862346992
PRICE_FUNDING_15M_GLOBAL_WINDOW,15m-0000119,binance/bitget,20,2026-06-18 08:15:00+00:00,2026-06-18 23:15:00+00:00,binance,bitget,32.68098347271379,-14.6713,1,1,18.00968347271379,native_15m_trade_close_plus_real_settlements,-1.9903165272862111,-21.99031652728621,-61.99031652728621
PRICE_FUNDING_15M_GLOBAL_WINDOW,15m-0000120,binance/bitget,20,2026-06-18 23:45:00+00:00,2026-06-21 23:15:00+00:00,binance,bitget,52.828584349259344,-31.061700000000002,9,9,21.766884349259342,native_15m_trade_close_plus_real_settlements,1.7668843492593425,-18.233115650740658,-58.23311565074066
PRICE_FUNDING_15M_GLOBAL_WINDOW,15m-0000121,binance/bitget,20,2026-06-22 00:00:00+00:00,2026-06-26 13:45:00+00:00,binance,bitget,129.39333606901988,-16.813299999999984,14,13,112.5800360690199,native_15m_trade_close_plus_real_settlements,92.5800360690199,72.5800360690199,32.5800360690199
PRICE_FUNDING_15M_GLOBAL_WINDOW,15m-0000122,binance/bitget,20,2026-06-26 14:00:00+00:00,2026-06-28 11:00:00+00:00,binance,bitget,31.309409118978586,-4.3743,6,6,26.935109118978588,native_15m_trade_close_plus_real_settlements,6.935109118978588,-13.064890881021412,-53.06489088102141
PRICE_FUNDING_15M_GLOBAL_WINDOW,15m-0000123,binance/bitget,20,2026-06-28 11:15:00+00:00,2026-06-28 12:30:00+00:00,binance,bitget,10.542677578689538,0.0,0,0,10.542677578689538,native_15m_trade_close_plus_real_settlements,-9.457322421310462,-29.45732242131046,-69.45732242131047
PRICE_FUNDING_15M_GLOBAL_WINDOW,15m-0000124,binance/bitget,20,2026-06-28 12:45:00+00:00,2026-06-28 13:15:00+00:00,binance,bitget,5.970696317874999,0.0,0,0,5.970696317874999,native_15m_trade_close_plus_real_settlements,-14.029303682125,-34.029303682125004,-74.029303682125
PRICE_FUNDING_15M_GLOBAL_WINDOW,15m-0000125,binance/bitget,20,2026-06-28 14:00:00+00:00,2026-06-28 14:15:00+00:00,binance,bitget,5.220111456398705,0.0,0,0,5.220111456398705,native_15m_trade_close_plus_real_settlements,-14.779888543601295,-34.779888543601295,-74.77988854360129
PRICE_FUNDING_15M_GLOBAL_WINDOW,15m-0000126,binance/bitget,20,2026-06-28 14:45:00+00:00,2026-06-28 15:00:00+00:00,binance,bitget,2.801969238854614,0.0,0,0,2.801969238854614,native_15m_trade_close_plus_real_settlements,-17.198030761145386,-37.19803076114539,-77.19803076114539
PRICE_FUNDING_15M_GLOBAL_WINDOW,15m-0000127,binance/bitget,20,2026-06-28 16:30:00+00:00,2026-06-28 23:45:00+00:00,binance,bitget,27.406225644121182,0.0,0,0,27.406225644121182,native_15m_trade_close_plus_real_settlements,7.406225644121182,-12.593774355878818,-52.59377435587882
PRICE_FUNDING_15M_GLOBAL_WINDOW,15m-0000128,binance/bitget,20,2026-06-29 00:00:00+00:00,2026-06-29 00:45:00+00:00,binance,bitget,15.151236994827727,15.744299999999999,1,0,30.895536994827726,native_15m_trade_close_plus_real_settlements,10.895536994827726,-9.104463005172274,-49.10446300517228
PRICE_FUNDING_15M_GLOBAL_WINDOW,15m-0000129,binance/bitget,20,2026-06-29 01:15:00+00:00,2026-06-29 14:15:00+00:00,binance,bitget,39.32479479250591,21.1982,1,1,60.52299479250591,native_15m_trade_close_plus_real_settlements,40.52299479250591,20.522994792505912,-19.477005207494088
PRICE_FUNDING_15M_GLOBAL_WINDOW,15m-0000130,binance/bitget,20,2026-06-29 16:00:00+00:00,2026-06-29 16:15:00+00:00,binance,bitget,10.378110001397403,12.9015,1,0,23.2796100013974,native_15m_trade_close_plus_real_settlements,3.279610001397401,-16.7203899986026,-56.7203899986026
PRICE_FUNDING_15M_GLOBAL_WINDOW,15m-0000131,binance/bitget,20,2026-06-29 16:30:00+00:00,2026-06-29 16:45:00+00:00,binance,bitget,3.215162350415035,0.0,0,0,3.215162350415035,native_15m_trade_close_plus_real_settlements,-16.784837649584965,-36.784837649584965,-76.78483764958497
PRICE_FUNDING_15M_GLOBAL_WINDOW,15m-0000132,binance/bitget,20,2026-06-29 17:30:00+00:00,2026-06-29 17:45:00+00:00,binance,bitget,6.826873949623717,0.0,0,0,6.826873949623717,native_15m_trade_close_plus_real_settlements,-13.173126050376283,-33.17312605037628,-73.17312605037628
PRICE_FUNDING_15M_GLOBAL_WINDOW,15m-0000133,binance/bitget,20,2026-06-29 19:45:00+00:00,2026-06-29 20:00:00+00:00,binance,bitget,6.005589886674148,0.0,0,0,6.005589886674148,native_15m_trade_close_plus_real_settlements,-13.994410113325852,-33.994410113325856,-73.99441011332586
PRICE_FUNDING_15M_GLOBAL_WINDOW,15m-0000134,binance/bitget,20,2026-06-29 21:30:00+00:00,2026-06-29 21:45:00+00:00,binance,bitget,9.941159261261564,0.0,0,0,9.941159261261564,native_15m_trade_close_plus_real_settlements,-10.058840738738436,-30.058840738738436,-70.05884073873844
PRICE_FUNDING_15M_GLOBAL_WINDOW,15m-0000135,binance/bitget,20,2026-06-29 22:00:00+00:00,2026-06-29 22:15:00+00:00,binance,bitget,5.927861234645878,0.0,0,0,5.927861234645878,native_15m_trade_close_plus_real_settlements,-14.072138765354122,-34.072138765354126,-74.07213876535413
PRICE_FUNDING_15M_GLOBAL_WINDOW,15m-0000136,binance/bitget,20,2026-07-01 03:30:00+00:00,2026-07-01 03:45:00+00:00,binance,bitget,5.055434378792874,0.0,0,0,5.055434378792874,native_15m_trade_close_plus_real_settlements,-14.944565621207126,-34.944565621207126,-74.94456562120712
PRICE_FUNDING_15M_GLOBAL_WINDOW,15m-0000137,binance/bitget,20,2026-07-01 10:00:00+00:00,2026-07-01 10:30:00+00:00,binance,bitget,6.139141812804635,0.0,0,0,6.139141812804635,native_15m_trade_close_plus_real_settlements,-13.860858187195365,-33.86085818719536,-73.86085818719536
PRICE_FUNDING_15M_GLOBAL_WINDOW,15m-0000138,binance/bitget,20,2026-07-01 11:00:00+00:00,2026-07-01 11:45:00+00:00,binance,bitget,2.2956602475403365,0.0,0,0,2.2956602475403365,native_15m_trade_close_plus_real_settlements,-17.704339752459664,-37.70433975245966,-77.70433975245966
PRICE_FUNDING_15M_GLOBAL_WINDOW,15m-0000139,binance/bitget,20,2026-07-01 12:00:00+00:00,2026-07-01 12:30:00+00:00,binance,bitget,7.556577030320225,0.0,0,0,7.556577030320225,native_15m_trade_close_plus_real_settlements,-12.443422969679775,-32.44342296967977,-72.44342296967977
PRICE_FUNDING_15M_GLOBAL_WINDOW,15m-0000140,binance/bitget,20,2026-07-01 16:00:00+00:00,2026-07-01 16:15:00+00:00,binance,bitget,5.2239354509962475,19.9192,1,0,25.143135450996247,native_15m_trade_close_plus_real_settlements,5.1431354509962475,-14.856864549003753,-54.85686454900375
PRICE_FUNDING_15M_GLOBAL_WINDOW,15m-0000141,binance/bitget,20,2026-07-02 07:15:00+00:00,2026-07-02 07:45:00+00:00,binance,bitget,7.850978312507504,0.0,0,0,7.850978312507504,native_15m_trade_close_plus_real_settlements,-12.149021687492496,-32.14902168749249,-72.14902168749249
PRICE_FUNDING_15M_GLOBAL_WINDOW,15m-0000142,binance/bitget,20,2026-07-02 09:15:00+00:00,2026-07-02 15:15:00+00:00,binance,bitget,37.37856737455413,0.0,0,0,37.37856737455413,native_15m_trade_close_plus_real_settlements,17.37856737455413,-2.6214326254458697,-42.62143262544587
PRICE_FUNDING_15M_GLOBAL_WINDOW,15m-0000143,binance/bitget,20,2026-07-02 16:15:00+00:00,2026-07-02 16:30:00+00:00,binance,bitget,2.2861132344934596,0.0,0,0,2.2861132344934596,native_15m_trade_close_plus_real_settlements,-17.71388676550654,-37.713886765506544,-77.71388676550654
PRICE_FUNDING_15M_GLOBAL_WINDOW,15m-0000144,binance/bitget,20,2026-07-03 02:45:00+00:00,2026-07-03 03:15:00+00:00,binance,bitget,8.617924860385173,0.0,0,0,8.617924860385173,native_15m_trade_close_plus_real_settlements,-11.382075139614827,-31.382075139614827,-71.38207513961483
PRICE_FUNDING_15M_GLOBAL_WINDOW,15m-0000145,binance/bitget,20,2026-07-07 05:00:00+00:00,2026-07-07 05:45:00+00:00,binance,bitget,6.525393739376895,0.0,0,0,6.525393739376895,native_15m_trade_close_plus_real_settlements,-13.474606260623105,-33.474606260623105,-73.4746062606231
PRICE_FUNDING_15M_GLOBAL_WINDOW,15m-0000146,binance/bitget,20,2026-07-07 06:15:00+00:00,2026-07-07 08:00:00+00:00,binance,bitget,24.800093980343906,-16.151500000000002,1,1,8.648593980343904,native_15m_trade_close_plus_real_settlements,-11.351406019656096,-31.351406019656096,-71.3514060196561
PRICE_FUNDING_15M_GLOBAL_WINDOW,15m-0000147,binance/bitget,20,2026-07-07 10:00:00+00:00,2026-07-07 10:15:00+00:00,binance,bitget,4.4649369660620515,0.0,0,0,4.4649369660620515,native_15m_trade_close_plus_real_settlements,-15.535063033937949,-35.535063033937945,-75.53506303393794
PRICE_FUNDING_15M_GLOBAL_WINDOW,15m-0000148,binance/bitget,20,2026-07-08 13:45:00+00:00,2026-07-08 16:00:00+00:00,binance,bitget,32.03472279395719,-13.9656,1,1,18.069122793957185,native_15m_trade_close_plus_real_settlements,-1.9308772060428154,-21.930877206042815,-61.930877206042815
PRICE_FUNDING_15M_GLOBAL_WINDOW,15m-0000149,binance/bitget,20,2026-07-08 16:45:00+00:00,2026-07-08 23:45:00+00:00,binance,bitget,24.684856962163167,0.0,0,0,24.684856962163167,native_15m_trade_close_plus_real_settlements,4.684856962163167,-15.315143037836833,-55.31514303783683
PRICE_FUNDING_15M_GLOBAL_WINDOW,15m-0000150,binance/bitget,20,2026-07-09 11:00:00+00:00,2026-07-09 11:15:00+00:00,binance,bitget,2.203855525271244,0.0,0,0,2.203855525271244,native_15m_trade_close_plus_real_settlements,-17.796144474728756,-37.796144474728756,-77.79614447472875
PRICE_FUNDING_15M_GLOBAL_WINDOW,15m-0000151,binance/bitget,20,2026-07-09 12:00:00+00:00,2026-07-09 16:30:00+00:00,binance,bitget,25.31168554929831,-11.2086,1,1,14.10308554929831,native_15m_trade_close_plus_real_settlements,-5.89691445070169,-25.89691445070169,-65.89691445070169
PRICE_FUNDING_15M_GLOBAL_WINDOW,15m-0000152,binance/bitget,20,2026-07-09 16:45:00+00:00,2026-07-09 17:30:00+00:00,binance,bitget,6.238074656543965,0.0,0,0,6.238074656543965,native_15m_trade_close_plus_real_settlements,-13.761925343456035,-33.761925343456035,-73.76192534345603
PRICE_FUNDING_15M_GLOBAL_WINDOW,15m-0000153,binance/bitget,20,2026-07-09 17:45:00+00:00,2026-07-09 18:15:00+00:00,binance,bitget,4.466320714804709,0.0,0,0,4.466320714804709,native_15m_trade_close_plus_real_settlements,-15.53367928519529,-35.53367928519529,-75.53367928519529
PRICE_FUNDING_15M_GLOBAL_WINDOW,15m-0000154,binance/bitget,20,2026-07-09 18:45:00+00:00,2026-07-09 19:15:00+00:00,binance,bitget,2.2908286896074053,0.0,0,0,2.2908286896074053,native_15m_trade_close_plus_real_settlements,-17.709171310392595,-37.70917131039259,-77.70917131039259
PRICE_FUNDING_15M_GLOBAL_WINDOW,15m-0000155,binance/bitget,20,2026-07-09 19:45:00+00:00,2026-07-09 20:30:00+00:00,binance,bitget,6.428116516096466,0.0,0,0,6.428116516096466,native_15m_trade_close_plus_real_settlements,-13.571883483903534,-33.571883483903534,-73.57188348390353
PRICE_FUNDING_15M_GLOBAL_WINDOW,15m-0000156,binance/bitget,20,2026-07-10 00:00:00+00:00,2026-07-10 00:45:00+00:00,binance,bitget,3.6380315149120896,0.0,1,0,3.6380315149120896,native_15m_trade_close_plus_real_settlements,-16.36196848508791,-36.361968485087914,-76.36196848508791
PRICE_FUNDING_15M_GLOBAL_WINDOW,15m-0000157,binance/bitget,20,2026-07-10 01:15:00+00:00,2026-07-10 01:30:00+00:00,binance,bitget,4.432631456220758,0.0,0,0,4.432631456220758,native_15m_trade_close_plus_real_settlements,-15.567368543779242,-35.56736854377924,-75.56736854377924
PRICE_FUNDING_15M_GLOBAL_WINDOW,15m-0000158,binance/bitget,20,2026-07-10 01:45:00+00:00,2026-07-10 04:00:00+00:00,binance,bitget,13.34300096096823,0.0,0,0,13.34300096096823,native_15m_trade_close_plus_real_settlements,-6.656999039031771,-26.65699903903177,-66.65699903903177
PRICE_FUNDING_15M_GLOBAL_WINDOW,15m-0000159,binance/bitget,20,2026-07-10 04:45:00+00:00,2026-07-10 05:00:00+00:00,binance,bitget,3.4263995613254785,0.0,0,0,3.4263995613254785,native_15m_trade_close_plus_real_settlements,-16.57360043867452,-36.57360043867452,-76.57360043867452
PRICE_FUNDING_15M_GLOBAL_WINDOW,15m-0000160,binance/bitget,20,2026-07-10 05:15:00+00:00,2026-07-10 06:00:00+00:00,binance,bitget,4.822077013198303,0.0,0,0,4.822077013198303,native_15m_trade_close_plus_real_settlements,-15.177922986801697,-35.1779229868017,-75.17792298680169
PRICE_FUNDING_15M_GLOBAL_WINDOW,15m-0000161,binance/bitget,20,2026-07-10 06:15:00+00:00,2026-07-10 06:30:00+00:00,binance,bitget,1.9131493821283918,0.0,0,0,1.9131493821283918,native_15m_trade_close_plus_real_settlements,-18.086850617871608,-38.086850617871605,-78.0868506178716
PRICE_FUNDING_15M_GLOBAL_WINDOW,15m-0000162,binance/bitget,20,2026-07-10 06:45:00+00:00,2026-07-10 07:15:00+00:00,binance,bitget,8.248735487402557,0.0,0,0,8.248735487402557,native_15m_trade_close_plus_real_settlements,-11.751264512597443,-31.751264512597444,-71.75126451259744
PRICE_FUNDING_15M_GLOBAL_WINDOW,15m-0000163,binance/bitget,20,2026-07-10 08:15:00+00:00,2026-07-10 08:45:00+00:00,binance,bitget,3.7562662297301657,0.0,0,0,3.7562662297301657,native_15m_trade_close_plus_real_settlements,-16.243733770269834,-36.243733770269834,-76.24373377026984
PRICE_FUNDING_15M_GLOBAL_WINDOW,15m-0000164,binance/bitget,20,2026-07-10 09:15:00+00:00,2026-07-10 09:30:00+00:00,binance,bitget,1.7108110965116161,0.0,0,0,1.7108110965116161,native_15m_trade_close_plus_real_settlements,-18.289188903488384,-38.28918890348838,-78.28918890348838
PRICE_FUNDING_15M_GLOBAL_WINDOW,15m-0000165,binance/bitget,20,2026-07-10 09:45:00+00:00,2026-07-10 10:30:00+00:00,binance,bitget,4.226034474789074,0.0,0,0,4.226034474789074,native_15m_trade_close_plus_real_settlements,-15.773965525210926,-35.773965525210926,-75.77396552521093
PRICE_FUNDING_15M_GLOBAL_WINDOW,15m-0000166,binance/bitget,20,2026-07-10 11:15:00+00:00,2026-07-10 11:30:00+00:00,binance,bitget,3.181208463895107,0.0,0,0,3.181208463895107,native_15m_trade_close_plus_real_settlements,-16.818791536104893,-36.8187915361049,-76.8187915361049
PRICE_FUNDING_15M_GLOBAL_WINDOW,15m-0000167,binance/bitget,20,2026-07-10 11:45:00+00:00,2026-07-10 12:00:00+00:00,binance,bitget,2.270512962029809,0.0,0,0,2.270512962029809,native_15m_trade_close_plus_real_settlements,-17.72948703797019,-37.72948703797019,-77.72948703797019
PRICE_FUNDING_15M_GLOBAL_WINDOW,15m-0000168,binance/bitget,20,2026-07-10 12:15:00+00:00,2026-07-10 12:45:00+00:00,binance,bitget,7.133272885600853,0.0,0,0,7.133272885600853,native_15m_trade_close_plus_real_settlements,-12.866727114399147,-32.86672711439915,-72.86672711439914
PRICE_FUNDING_15M_GLOBAL_WINDOW,15m-0000169,binance/bitget,20,2026-07-10 14:15:00+00:00,2026-07-10 14:45:00+00:00,binance,bitget,9.280778423820305,0.0,0,0,9.280778423820305,native_15m_trade_close_plus_real_settlements,-10.719221576179695,-30.719221576179695,-70.71922157617969
PRICE_FUNDING_15M_GLOBAL_WINDOW,15m-0000170,binance/bitget,20,2026-07-10 15:15:00+00:00,2026-07-10 16:00:00+00:00,binance,bitget,9.799467870052794,0.0,1,1,9.799467870052794,native_15m_trade_close_plus_real_settlements,-10.200532129947206,-30.200532129947206,-70.2005321299472
PRICE_FUNDING_15M_GLOBAL_WINDOW,15m-0000171,binance/bitget,20,2026-07-10 16:15:00+00:00,2026-07-10 16:30:00+00:00,binance,bitget,3.1614650299113762,0.0,0,0,3.1614650299113762,native_15m_trade_close_plus_real_settlements,-16.838534970088624,-36.838534970088624,-76.83853497008863
PRICE_FUNDING_15M_GLOBAL_WINDOW,15m-0000172,binance/bitget,20,2026-07-10 16:45:00+00:00,2026-07-10 17:00:00+00:00,binance,bitget,2.2073600952692622,0.0,0,0,2.2073600952692622,native_15m_trade_close_plus_real_settlements,-17.792639904730738,-37.792639904730734,-77.79263990473073
PRICE_FUNDING_15M_GLOBAL_WINDOW,15m-0000173,binance/bitget,20,2026-07-10 17:30:00+00:00,2026-07-10 17:45:00+00:00,binance,bitget,2.3634550837458193,0.0,0,0,2.3634550837458193,native_15m_trade_close_plus_real_settlements,-17.63654491625418,-37.63654491625418,-77.63654491625418
PRICE_FUNDING_15M_GLOBAL_WINDOW,15m-0000174,binance/bitget,20,2026-07-10 20:15:00+00:00,2026-07-10 20:30:00+00:00,binance,bitget,7.90062880673138,0.0,0,0,7.90062880673138,native_15m_trade_close_plus_real_settlements,-12.09937119326862,-32.099371193268624,-72.09937119326862
PRICE_FUNDING_15M_GLOBAL_WINDOW,15m-0000175,binance/bitget,20,2026-07-10 23:00:00+00:00,2026-07-10 23:45:00+00:00,binance,bitget,5.871046900266107,0.0,0,0,5.871046900266107,native_15m_trade_close_plus_real_settlements,-14.128953099733893,-34.12895309973389,-74.12895309973389
PRICE_FUNDING_15M_GLOBAL_WINDOW,15m-0000176,binance/bitget,20,2026-07-11 00:45:00+00:00,2026-07-11 01:15:00+00:00,binance,bitget,1.1368582539861407,0.0,0,0,1.1368582539861407,native_15m_trade_close_plus_real_settlements,-18.86314174601386,-38.86314174601386,-78.86314174601387
PRICE_FUNDING_15M_GLOBAL_WINDOW,15m-0000177,binance/bitget,20,2026-07-11 01:30:00+00:00,2026-07-11 01:45:00+00:00,binance,bitget,6.211468350610415,0.0,0,0,6.211468350610415,native_15m_trade_close_plus_real_settlements,-13.788531649389585,-33.78853164938958,-73.78853164938958
PRICE_FUNDING_15M_GLOBAL_WINDOW,15m-0000178,binance/bitget,20,2026-07-11 04:15:00+00:00,2026-07-11 04:30:00+00:00,binance,bitget,1.6718052973134867,0.0,0,0,1.6718052973134867,native_15m_trade_close_plus_real_settlements,-18.328194702686513,-38.32819470268652,-78.32819470268652
PRICE_FUNDING_15M_GLOBAL_WINDOW,15m-0000179,binance/bitget,20,2026-07-11 10:00:00+00:00,2026-07-11 10:15:00+00:00,binance,bitget,3.54613877366916,0.0,0,0,3.54613877366916,native_15m_trade_close_plus_real_settlements,-16.45386122633084,-36.453861226330844,-76.45386122633084
PRICE_FUNDING_15M_GLOBAL_WINDOW,15m-0000180,binance/bitget,20,2026-07-11 20:00:00+00:00,2026-07-11 20:15:00+00:00,binance,bitget,1.734126740328115,0.0,0,0,1.734126740328115,native_15m_trade_close_plus_real_settlements,-18.265873259671885,-38.265873259671885,-78.26587325967188
PRICE_FUNDING_15M_GLOBAL_WINDOW,15m-0000181,binance/bitget,20,2026-07-11 20:30:00+00:00,2026-07-11 21:45:00+00:00,binance,bitget,5.421562972496812,0.0,0,0,5.421562972496812,native_15m_trade_close_plus_real_settlements,-14.578437027503188,-34.578437027503185,-74.57843702750318
PRICE_FUNDING_15M_GLOBAL_WINDOW,15m-0000182,binance/bitget,20,2026-07-11 22:00:00+00:00,2026-07-11 22:45:00+00:00,binance,bitget,6.046256443206428,0.0,0,0,6.046256443206428,native_15m_trade_close_plus_real_settlements,-13.953743556793572,-33.95374355679357,-73.95374355679357
PRICE_FUNDING_15M_GLOBAL_WINDOW,15m-0000183,binance/bitget,20,2026-07-11 23:45:00+00:00,2026-07-12 03:45:00+00:00,binance,bitget,5.503070526071738,0.2293,1,1,5.732370526071739,native_15m_trade_close_plus_real_settlements,-14.267629473928261,-34.26762947392826,-74.26762947392827
PRICE_FUNDING_15M_GLOBAL_WINDOW,15m-0000184,binance/bitget,20,2026-07-12 04:00:00+00:00,2026-07-12 04:15:00+00:00,binance,bitget,2.5987603745929135,0.0,0,0,2.5987603745929135,native_15m_trade_close_plus_real_settlements,-17.401239625407086,-37.40123962540709,-77.40123962540709
PRICE_FUNDING_15M_GLOBAL_WINDOW,15m-0000185,binance/bitget,20,2026-07-12 05:15:00+00:00,2026-07-12 05:30:00+00:00,binance,bitget,2.4826357850417047,0.0,0,0,2.4826357850417047,native_15m_trade_close_plus_real_settlements,-17.517364214958295,-37.51736421495829,-77.51736421495829
PRICE_FUNDING_15M_GLOBAL_WINDOW,15m-0000186,binance/bitget,20,2026-07-12 06:30:00+00:00,2026-07-12 06:45:00+00:00,binance,bitget,1.6467275285846519,0.0,0,0,1.6467275285846519,native_15m_trade_close_plus_real_settlements,-18.353272471415348,-38.35327247141535,-78.35327247141535
PRICE_FUNDING_15M_GLOBAL_WINDOW,15m-0000187,binance/bitget,20,2026-07-12 07:00:00+00:00,2026-07-12 07:15:00+00:00,binance,bitget,2.4399787845359917,0.0,0,0,2.4399787845359917,native_15m_trade_close_plus_real_settlements,-17.56002121546401,-37.560021215464005,-77.560021215464
PRICE_FUNDING_15M_GLOBAL_WINDOW,15m-0000188,binance/bitget,20,2026-07-12 08:15:00+00:00,2026-07-12 09:00:00+00:00,binance,bitget,4.6656747266538545,0.0,0,0,4.6656747266538545,native_15m_trade_close_plus_real_settlements,-15.334325273346145,-35.334325273346145,-75.33432527334614
PRICE_FUNDING_15M_GLOBAL_WINDOW,15m-0000189,binance/bitget,20,2026-07-12 09:45:00+00:00,2026-07-12 23:15:00+00:00,binance,bitget,19.097577505410804,0.0,1,1,19.097577505410804,native_15m_trade_close_plus_real_settlements,-0.9024224945891959,-20.902422494589196,-60.902422494589196
PRICE_FUNDING_15M_GLOBAL_WINDOW,15m-0000190,binance/bitget,20,2026-07-13 00:15:00+00:00,2026-07-13 00:30:00+00:00,binance,bitget,4.90381229336732,0.0,0,0,4.90381229336732,native_15m_trade_close_plus_real_settlements,-15.09618770663268,-35.096187706632676,-75.09618770663268
PRICE_FUNDING_15M_GLOBAL_WINDOW,15m-0000191,binance/bitget,20,2026-07-13 00:45:00+00:00,2026-07-13 02:15:00+00:00,binance,bitget,10.827437193155625,0.0,0,0,10.827437193155625,native_15m_trade_close_plus_real_settlements,-9.172562806844375,-29.172562806844375,-69.17256280684438
PRICE_FUNDING_15M_GLOBAL_WINDOW,15m-0000192,binance/bitget,20,2026-07-13 02:30:00+00:00,2026-07-13 03:00:00+00:00,binance,bitget,11.486383613096852,0.0,0,0,11.486383613096852,native_15m_trade_close_plus_real_settlements,-8.513616386903148,-28.51361638690315,-68.51361638690315
PRICE_FUNDING_15M_GLOBAL_WINDOW,15m-0000193,binance/bitget,20,2026-07-13 03:30:00+00:00,2026-07-13 04:00:00+00:00,binance,bitget,3.9529284083626663,0.0,0,0,3.9529284083626663,native_15m_trade_close_plus_real_settlements,-16.047071591637334,-36.047071591637334,-76.04707159163733
PRICE_FUNDING_15M_GLOBAL_WINDOW,15m-0000194,binance/bitget,20,2026-07-13 04:30:00+00:00,2026-07-13 04:45:00+00:00,binance,bitget,1.098466475537144,0.0,0,0,1.098466475537144,native_15m_trade_close_plus_real_settlements,-18.901533524462856,-38.901533524462856,-78.90153352446285
PRICE_FUNDING_15M_GLOBAL_WINDOW,15m-0000195,binance/bitget,20,2026-07-13 05:15:00+00:00,2026-07-13 06:15:00+00:00,binance,bitget,3.883651123081634,0.0,0,0,3.883651123081634,native_15m_trade_close_plus_real_settlements,-16.116348876918366,-36.116348876918366,-76.11634887691837
PRICE_FUNDING_15M_GLOBAL_WINDOW,15m-0000196,binance/bitget,20,2026-07-13 06:30:00+00:00,2026-07-13 07:00:00+00:00,binance,bitget,2.1234493452013936,0.0,0,0,2.1234493452013936,native_15m_trade_close_plus_real_settlements,-17.876550654798606,-37.876550654798606,-77.8765506547986
PRICE_FUNDING_15M_GLOBAL_WINDOW,15m-0000197,binance/bitget,20,2026-07-13 07:30:00+00:00,2026-07-13 23:00:00+00:00,binance,bitget,33.230874916377246,0.0,2,2,33.230874916377246,native_15m_trade_close_plus_real_settlements,13.230874916377246,-6.769125083622754,-46.769125083622754
PRICE_FUNDING_15M_GLOBAL_WINDOW,15m-0000198,binance/bitget,20,2026-07-13 23:15:00+00:00,2026-07-14 04:45:00+00:00,binance,bitget,55.89336302978519,10.8201,1,1,66.71346302978519,native_15m_trade_close_plus_real_settlements,46.71346302978519,26.71346302978519,-13.286536970214812
PRICE_FUNDING_15M_GLOBAL_WINDOW,15m-0000199,binance/bitget,20,2026-07-14 05:00:00+00:00,2026-07-14 09:00:00+00:00,binance,bitget,30.50256250464535,0.0,1,1,30.50256250464535,native_15m_trade_close_plus_real_settlements,10.50256250464535,-9.49743749535465,-49.497437495354646
PRICE_FUNDING_15M_GLOBAL_WINDOW,15m-0000200,binance/bitget,20,2026-07-14 09:45:00+00:00,2026-07-14 10:00:00+00:00,binance,bitget,6.601846159718928,0.0,0,0,6.601846159718928,native_15m_trade_close_plus_real_settlements,-13.398153840281072,-33.39815384028107,-73.39815384028107
PRICE_FUNDING_15M_GLOBAL_WINDOW,15m-0000201,binance/bitget,20,2026-07-14 10:30:00+00:00,2026-07-14 11:15:00+00:00,binance,bitget,13.803386260168715,0.0,0,0,13.803386260168715,native_15m_trade_close_plus_real_settlements,-6.196613739831285,-26.196613739831285,-66.19661373983129
PRICE_FUNDING_15M_GLOBAL_WINDOW,15m-0000202,binance/bitget,20,2026-07-14 12:30:00+00:00,2026-07-14 12:45:00+00:00,binance,bitget,7.985202400001459,0.0,0,0,7.985202400001459,native_15m_trade_close_plus_real_settlements,-12.014797599998541,-32.014797599998545,-72.01479759999854
PRICE_FUNDING_15M_GLOBAL_WINDOW,15m-0000203,binance/bitget,20,2026-07-14 13:15:00+00:00,2026-07-14 14:15:00+00:00,binance,bitget,13.37994566373959,0.0,0,0,13.37994566373959,native_15m_trade_close_plus_real_settlements,-6.620054336260409,-26.62005433626041,-66.62005433626041
PRICE_FUNDING_15M_GLOBAL_WINDOW,15m-0000204,binance/bitget,20,2026-07-14 14:30:00+00:00,2026-07-14 16:00:00+00:00,binance,bitget,16.34541726127653,-19.2162,1,1,-2.87078273872347,native_15m_trade_close_plus_real_settlements,-22.87078273872347,-42.87078273872347,-82.87078273872348
PRICE_FUNDING_15M_GLOBAL_WINDOW,15m-0000205,binance/bitget,20,2026-07-14 16:15:00+00:00,2026-07-14 17:00:00+00:00,binance,bitget,9.974578400685324,0.0,0,0,9.974578400685324,native_15m_trade_close_plus_real_settlements,-10.025421599314676,-30.025421599314676,-70.02542159931468
PRICE_FUNDING_15M_GLOBAL_WINDOW,15m-0000206,binance/bitget,20,2026-07-14 18:00:00+00:00,2026-07-14 19:30:00+00:00,binance,bitget,12.882665037175013,0.0,0,0,12.882665037175013,native_15m_trade_close_plus_real_settlements,-7.117334962824987,-27.117334962824987,-67.11733496282498
PRICE_FUNDING_15M_GLOBAL_WINDOW,15m-0000207,binance/bitget,20,2026-07-14 19:45:00+00:00,2026-07-14 20:00:00+00:00,binance,bitget,12.660100703392718,-13.353200000000001,1,1,-0.6930992966072829,native_15m_trade_close_plus_real_settlements,-20.693099296607283,-40.693099296607286,-80.69309929660729
PRICE_FUNDING_15M_GLOBAL_WINDOW,15m-0000208,binance/bitget,20,2026-07-14 20:45:00+00:00,2026-07-15 00:15:00+00:00,binance,bitget,11.555435496467958,-17.1193,1,1,-5.5638645035320415,native_15m_trade_close_plus_real_settlements,-25.56386450353204,-45.563864503532045,-85.56386450353205
PRICE_FUNDING_15M_GLOBAL_WINDOW,15m-0000209,binance/bitget,20,2026-07-15 00:45:00+00:00,2026-07-15 01:00:00+00:00,binance,bitget,13.490566963460623,0.0,0,0,13.490566963460623,native_15m_trade_close_plus_real_settlements,-6.509433036539377,-26.509433036539377,-66.50943303653938
PRICE_FUNDING_15M_GLOBAL_WINDOW,15m-0000210,binance/bitget,20,2026-07-15 03:00:00+00:00,2026-07-15 03:15:00+00:00,binance,bitget,11.393030749744089,0.0,0,0,11.393030749744089,native_15m_trade_close_plus_real_settlements,-8.606969250255911,-28.60696925025591,-68.60696925025591
PRICE_FUNDING_15M_GLOBAL_WINDOW,15m-0000211,binance/bitget,20,2026-07-15 04:00:00+00:00,2026-07-15 04:15:00+00:00,binance,bitget,5.041097043134172,2.3997,1,0,7.440797043134173,native_15m_trade_close_plus_real_settlements,-12.559202956865828,-32.559202956865825,-72.55920295686583
PRICE_FUNDING_15M_GLOBAL_WINDOW,15m-0000212,binance/bitget,20,2026-07-15 04:30:00+00:00,2026-07-15 05:00:00+00:00,binance,bitget,6.6403306968401985,0.0,0,0,6.6403306968401985,native_15m_trade_close_plus_real_settlements,-13.359669303159802,-33.359669303159805,-73.3596693031598
PRICE_FUNDING_15M_GLOBAL_WINDOW,15m-0000213,binance/bitget,20,2026-07-15 05:30:00+00:00,2026-07-15 05:45:00+00:00,binance,bitget,2.786888701294405,0.0,0,0,2.786888701294405,native_15m_trade_close_plus_real_settlements,-17.213111298705595,-37.2131112987056,-77.2131112987056
PRICE_FUNDING_15M_GLOBAL_WINDOW,15m-0000214,binance/bitget,20,2026-07-15 19:30:00+00:00,2026-07-15 20:00:00+00:00,binance,bitget,5.818963622349983,-6.4738999999999995,1,1,-0.6549363776500163,native_15m_trade_close_plus_real_settlements,-20.654936377650017,-40.65493637765002,-80.65493637765002
PRICE_FUNDING_15M_GLOBAL_WINDOW,15m-0000215,binance/bitget,20,2026-07-15 21:30:00+00:00,2026-07-15 21:45:00+00:00,binance,bitget,6.645045842233554,0.0,0,0,6.645045842233554,native_15m_trade_close_plus_real_settlements,-13.354954157766446,-33.35495415776644,-73.35495415776644
PRICE_FUNDING_15M_GLOBAL_WINDOW,15m-0000216,binance/bitget,20,2026-07-17 00:30:00+00:00,2026-07-17 00:45:00+00:00,binance,bitget,7.297542240630634,0.0,0,0,7.297542240630634,native_15m_trade_close_plus_real_settlements,-12.702457759369366,-32.702457759369366,-72.70245775936937
PRICE_FUNDING_15M_GLOBAL_WINDOW,15m-0000217,binance/bitget,20,2026-07-17 01:00:00+00:00,2026-07-17 04:00:00+00:00,binance,bitget,23.243416370133932,-29.6103,1,1,-6.3668836298660665,native_15m_trade_close_plus_real_settlements,-26.366883629866066,-46.36688362986607,-86.36688362986607
PRICE_FUNDING_15M_GLOBAL_WINDOW,15m-0000218,binance/bitget,20,2026-07-17 11:00:00+00:00,2026-07-17 11:15:00+00:00,binance,bitget,3.1823563289270176,0.0,0,0,3.1823563289270176,native_15m_trade_close_plus_real_settlements,-16.817643671072982,-36.817643671072986,-76.81764367107299
PRICE_FUNDING_15M_GLOBAL_WINDOW,15m-0000219,binance/bitget,20,2026-07-17 15:30:00+00:00,2026-07-17 17:00:00+00:00,binance,bitget,19.07661475803814,-15.0611,1,1,4.01551475803814,native_15m_trade_close_plus_real_settlements,-15.98448524196186,-35.98448524196186,-75.98448524196186
PRICE_FUNDING_15M_GLOBAL_WINDOW,15m-0000220,binance/bitget,20,2026-07-17 17:15:00+00:00,2026-07-17 17:30:00+00:00,binance,bitget,1.3465724499465281,0.0,0,0,1.3465724499465281,native_15m_trade_close_plus_real_settlements,-18.653427550053472,-38.65342755005347,-78.65342755005346
PRICE_FUNDING_15M_GLOBAL_WINDOW,15m-0000221,binance/bitget,20,2026-07-17 18:15:00+00:00,2026-07-17 18:30:00+00:00,binance,bitget,3.9871634030432794,0.0,0,0,3.9871634030432794,native_15m_trade_close_plus_real_settlements,-16.01283659695672,-36.01283659695672,-76.01283659695672
PRICE_FUNDING_15M_GLOBAL_WINDOW,15m-0000222,binance/bitget,20,2026-07-20 11:00:00+00:00,2026-07-20 12:00:00+00:00,binance,bitget,7.149614661508789,-6.0173,1,1,1.1323146615087891,native_15m_trade_close_plus_real_settlements,-18.86768533849121,-38.86768533849121,-78.86768533849121
PRICE_FUNDING_15M_GLOBAL_WINDOW,15m-0000223,binance/bitget,20,2026-07-20 12:15:00+00:00,2026-07-20 12:45:00+00:00,binance,bitget,4.90467500207512,0.0,0,0,4.90467500207512,native_15m_trade_close_plus_real_settlements,-15.09532499792488,-35.09532499792488,-75.09532499792488
PRICE_FUNDING_15M_GLOBAL_WINDOW,15m-0000224,binance/bitget,20,2026-07-20 16:45:00+00:00,2026-07-20 17:45:00+00:00,binance,bitget,2.2921878203315984,0.0,0,0,2.2921878203315984,native_15m_trade_close_plus_real_settlements,-17.7078121796684,-37.7078121796684,-77.7078121796684
PRICE_FUNDING_15M_GLOBAL_WINDOW,15m-0000225,binance/bitget,20,2026-07-20 18:00:00+00:00,2026-07-20 18:30:00+00:00,binance,bitget,5.048679411513557,0.0,0,0,5.048679411513557,native_15m_trade_close_plus_real_settlements,-14.951320588486443,-34.95132058848644,-74.95132058848644
PRICE_FUNDING_15M_GLOBAL_WINDOW,15m-0000226,binance/bitget,20,2026-07-20 23:30:00+00:00,2026-07-21 00:00:00+00:00,binance,bitget,11.214647552633789,-1.5674,1,1,9.64724755263379,native_15m_trade_close_plus_real_settlements,-10.35275244736621,-30.35275244736621,-70.35275244736621
PRICE_FUNDING_15M_GLOBAL_WINDOW,15m-0000227,binance/bitget,20,2026-07-21 14:15:00+00:00,2026-07-21 16:00:00+00:00,binance,bitget,5.752522246538305,-6.8707,1,1,-1.118177753461695,native_15m_trade_close_plus_real_settlements,-21.118177753461694,-41.118177753461694,-81.1181777534617
PRICE_FUNDING_15M_GLOBAL_WINDOW,15m-0000228,binance/bitget,20,2026-07-21 16:15:00+00:00,2026-07-21 19:15:00+00:00,binance,bitget,7.447637044373309,0.0,0,0,7.447637044373309,native_15m_trade_close_plus_real_settlements,-12.552362955626691,-32.55236295562669,-72.55236295562669
PRICE_FUNDING_15M_GLOBAL_WINDOW,15m-0000229,binance/bitget,20,2026-07-21 19:45:00+00:00,2026-07-21 20:00:00+00:00,binance,bitget,2.4532502214808183,-1.0694000000000001,1,1,1.3838502214808182,native_15m_trade_close_plus_real_settlements,-18.616149778519183,-38.61614977851918,-78.61614977851919
PRICE_FUNDING_15M_GLOBAL_WINDOW,15m-0000230,binance/bitget,20,2026-07-21 20:30:00+00:00,2026-07-21 22:15:00+00:00,binance,bitget,13.193611692650112,0.0,0,0,13.193611692650112,native_15m_trade_close_plus_real_settlements,-6.806388307349888,-26.806388307349888,-66.80638830734989
PRICE_FUNDING_15M_GLOBAL_WINDOW,15m-0000231,binance/bitget,20,2026-07-21 22:30:00+00:00,2026-07-21 23:30:00+00:00,binance,bitget,4.858051524757165,0.0,0,0,4.858051524757165,native_15m_trade_close_plus_real_settlements,-15.141948475242835,-35.141948475242835,-75.14194847524283
PRICE_FUNDING_15M_GLOBAL_WINDOW,15m-0000232,binance/bitget,20,2026-07-21 23:45:00+00:00,2026-07-22 00:00:00+00:00,binance,bitget,0.9186881491126506,0.0,1,1,0.9186881491126506,native_15m_trade_close_plus_real_settlements,-19.08131185088735,-39.081311850887346,-79.08131185088735
PRICE_FUNDING_15M_GLOBAL_WINDOW,15m-0000233,binance/bitget,20,2026-07-22 00:30:00+00:00,2026-07-22 00:45:00+00:00,binance,bitget,2.465228282223208,0.0,0,0,2.465228282223208,native_15m_trade_close_plus_real_settlements,-17.534771717776792,-37.53477171777679,-77.53477171777679
PRICE_FUNDING_15M_GLOBAL_WINDOW,15m-0000234,binance/bitget,20,2026-07-22 13:45:00+00:00,2026-07-22 14:00:00+00:00,binance,bitget,0.3666055683325098,0.0,0,0,0.3666055683325098,native_15m_trade_close_plus_real_settlements,-19.63339443166749,-39.63339443166749,-79.63339443166748
PRICE_FUNDING_15M_GLOBAL_WINDOW,15m-0000235,binance/bitget,20,2026-07-22 14:15:00+00:00,2026-07-22 16:00:00+00:00,binance,bitget,9.249261965874421,-7.125,1,1,2.124261965874421,native_15m_trade_close_plus_real_settlements,-17.87573803412558,-37.875738034125575,-77.87573803412558
PRICE_FUNDING_15M_GLOBAL_WINDOW,15m-0000236,binance/bitget,20,2026-07-22 21:00:00+00:00,2026-07-22 21:30:00+00:00,binance,bitget,13.911944993152055,0.0,0,0,13.911944993152055,native_15m_trade_close_plus_real_settlements,-6.088055006847945,-26.088055006847945,-66.08805500684795
PRICE_FUNDING_15M_GLOBAL_WINDOW,15m-0000475,binance/bitget,50,2026-06-10 14:15:00+00:00,2026-06-10 14:45:00+00:00,binance,bitget,15.381360200834244,0.0,0,0,15.381360200834244,native_15m_trade_close_plus_real_settlements,-4.618639799165756,-24.618639799165756,-64.61863979916575
PRICE_FUNDING_15M_GLOBAL_WINDOW,15m-0000476,binance/bitget,50,2026-06-11 04:00:00+00:00,2026-06-11 04:15:00+00:00,binance,bitget,16.194281631503827,0.0,0,0,16.194281631503827,native_15m_trade_close_plus_real_settlements,-3.805718368496173,-23.805718368496173,-63.80571836849617
PRICE_FUNDING_15M_GLOBAL_WINDOW,15m-0000477,binance/bitget,50,2026-06-11 04:45:00+00:00,2026-06-11 05:15:00+00:00,binance,bitget,5.937261923200921,0.0,0,0,5.937261923200921,native_15m_trade_close_plus_real_settlements,-14.062738076799079,-34.06273807679908,-74.06273807679908
PRICE_FUNDING_15M_GLOBAL_WINDOW,15m-0000478,binance/bitget,50,2026-06-11 05:30:00+00:00,2026-06-11 05:45:00+00:00,binance,bitget,10.11274763688511,0.0,0,0,10.11274763688511,native_15m_trade_close_plus_real_settlements,-9.88725236311489,-29.88725236311489,-69.8872523631149
PRICE_FUNDING_15M_GLOBAL_WINDOW,15m-0000479,binance/bitget,50,2026-06-11 06:15:00+00:00,2026-06-11 08:15:00+00:00,binance,bitget,14.185748024031064,-23.825,1,1,-9.639251975968936,native_15m_trade_close_plus_real_settlements,-29.639251975968936,-49.63925197596893,-89.63925197596893
PRICE_FUNDING_15M_GLOBAL_WINDOW,15m-0000480,binance/bitget,50,2026-06-11 10:30:00+00:00,2026-06-11 11:00:00+00:00,binance,bitget,27.285978412139585,0.0,0,0,27.285978412139585,native_15m_trade_close_plus_real_settlements,7.285978412139585,-12.714021587860415,-52.714021587860415
PRICE_FUNDING_15M_GLOBAL_WINDOW,15m-0000481,binance/bitget,50,2026-06-11 14:00:00+00:00,2026-06-11 14:15:00+00:00,binance,bitget,5.515265148818322,0.0,0,0,5.515265148818322,native_15m_trade_close_plus_real_settlements,-14.484734851181678,-34.48473485118168,-74.48473485118168
PRICE_FUNDING_15M_GLOBAL_WINDOW,15m-0000482,binance/bitget,50,2026-06-11 14:30:00+00:00,2026-06-11 14:45:00+00:00,binance,bitget,19.923810047671445,0.0,0,0,19.923810047671445,native_15m_trade_close_plus_real_settlements,-0.07618995232855497,-20.076189952328555,-60.076189952328555
PRICE_FUNDING_15M_GLOBAL_WINDOW,15m-0000483,binance/bitget,50,2026-06-11 17:30:00+00:00,2026-06-11 17:45:00+00:00,binance,bitget,4.122125191376924,0.0,0,0,4.122125191376924,native_15m_trade_close_plus_real_settlements,-15.877874808623076,-35.877874808623076,-75.87787480862308
PRICE_FUNDING_15M_GLOBAL_WINDOW,15m-0000484,binance/bitget,50,2026-06-11 18:15:00+00:00,2026-06-11 18:45:00+00:00,binance,bitget,2.6565403871787794,0.0,0,0,2.6565403871787794,native_15m_trade_close_plus_real_settlements,-17.34345961282122,-37.34345961282122,-77.34345961282122
PRICE_FUNDING_15M_GLOBAL_WINDOW,15m-0000485,binance/bitget,50,2026-06-11 19:30:00+00:00,2026-06-11 19:45:00+00:00,binance,bitget,11.395250535394979,0.0,0,0,11.395250535394979,native_15m_trade_close_plus_real_settlements,-8.604749464605021,-28.60474946460502,-68.60474946460502
PRICE_FUNDING_15M_GLOBAL_WINDOW,15m-0000486,binance/bitget,50,2026-06-11 21:15:00+00:00,2026-06-11 21:30:00+00:00,binance,bitget,8.122581185943211,0.0,0,0,8.122581185943211,native_15m_trade_close_plus_real_settlements,-11.877418814056789,-31.87741881405679,-71.8774188140568
PRICE_FUNDING_15M_GLOBAL_WINDOW,15m-0000487,binance/bitget,50,2026-06-11 21:45:00+00:00,2026-06-11 22:15:00+00:00,binance,bitget,17.070625456783866,0.0,0,0,17.070625456783866,native_15m_trade_close_plus_real_settlements,-2.9293745432161344,-22.929374543216134,-62.929374543216134
PRICE_FUNDING_15M_GLOBAL_WINDOW,15m-0000488,binance/bitget,50,2026-06-11 22:30:00+00:00,2026-06-11 23:00:00+00:00,binance,bitget,10.785463245914677,0.0,0,0,10.785463245914677,native_15m_trade_close_plus_real_settlements,-9.214536754085323,-29.214536754085323,-69.21453675408532
PRICE_FUNDING_15M_GLOBAL_WINDOW,15m-0000489,binance/bitget,50,2026-06-19 05:30:00+00:00,2026-06-19 05:45:00+00:00,binance,bitget,2.9096669896693044,0.0,0,0,2.9096669896693044,native_15m_trade_close_plus_real_settlements,-17.090333010330696,-37.090333010330696,-77.0903330103307
PRICE_FUNDING_15M_GLOBAL_WINDOW,15m-0000490,binance/bitget,50,2026-06-19 07:00:00+00:00,2026-06-19 07:30:00+00:00,binance,bitget,8.939410755752355,0.0,0,0,8.939410755752355,native_15m_trade_close_plus_real_settlements,-11.060589244247645,-31.060589244247645,-71.06058924424764
PRICE_FUNDING_15M_GLOBAL_WINDOW,15m-0000491,binance/bitget,50,2026-06-19 08:45:00+00:00,2026-06-19 09:15:00+00:00,binance,bitget,21.77629158530167,0.0,0,0,21.77629158530167,native_15m_trade_close_plus_real_settlements,1.7762915853016708,-18.22370841469833,-58.22370841469833
PRICE_FUNDING_15M_GLOBAL_WINDOW,15m-0000492,binance/bitget,50,2026-06-19 09:30:00+00:00,2026-06-19 10:00:00+00:00,binance,bitget,10.80024654589625,0.0,0,0,10.80024654589625,native_15m_trade_close_plus_real_settlements,-9.19975345410375,-29.19975345410375,-69.19975345410376
PRICE_FUNDING_15M_GLOBAL_WINDOW,15m-0000493,binance/bitget,50,2026-06-19 11:00:00+00:00,2026-06-19 11:15:00+00:00,binance,bitget,4.744292413719215,0.0,0,0,4.744292413719215,native_15m_trade_close_plus_real_settlements,-15.255707586280785,-35.255707586280785,-75.25570758628078
PRICE_FUNDING_15M_GLOBAL_WINDOW,15m-0000494,binance/bitget,50,2026-06-19 20:00:00+00:00,2026-06-19 20:15:00+00:00,binance,bitget,6.9310120020689965,0.0,0,0,6.9310120020689965,native_15m_trade_close_plus_real_settlements,-13.068987997931004,-33.068987997931,-73.068987997931
PRICE_FUNDING_15M_GLOBAL_WINDOW,15m-0000495,binance/bitget,50,2026-06-20 02:30:00+00:00,2026-06-20 02:45:00+00:00,binance,bitget,0.6416561489060797,0.0,0,0,0.6416561489060797,native_15m_trade_close_plus_real_settlements,-19.35834385109392,-39.35834385109392,-79.35834385109392
PRICE_FUNDING_15M_GLOBAL_WINDOW,15m-0000496,binance/bitget,50,2026-06-20 03:00:00+00:00,2026-06-20 03:15:00+00:00,binance,bitget,1.120789144472134,0.0,0,0,1.120789144472134,native_15m_trade_close_plus_real_settlements,-18.879210855527866,-38.879210855527866,-78.87921085552787
PRICE_FUNDING_15M_GLOBAL_WINDOW,15m-0000497,binance/bitget,50,2026-06-20 04:00:00+00:00,2026-06-20 04:15:00+00:00,binance,bitget,8.241654731098706,0.0,0,0,8.241654731098706,native_15m_trade_close_plus_real_settlements,-11.758345268901294,-31.758345268901294,-71.7583452689013
PRICE_FUNDING_15M_GLOBAL_WINDOW,15m-0000498,binance/bitget,50,2026-06-20 05:00:00+00:00,2026-06-20 05:30:00+00:00,binance,bitget,8.301789328860949,0.0,0,0,8.301789328860949,native_15m_trade_close_plus_real_settlements,-11.698210671139051,-31.69821067113905,-71.69821067113905
PRICE_FUNDING_15M_GLOBAL_WINDOW,15m-0000499,binance/bitget,50,2026-06-20 05:45:00+00:00,2026-06-20 06:45:00+00:00,binance,bitget,8.400826514079341,0.0,0,0,8.400826514079341,native_15m_trade_close_plus_real_settlements,-11.599173485920659,-31.59917348592066,-71.59917348592066
PRICE_FUNDING_15M_GLOBAL_WINDOW,15m-0000500,binance/bitget,50,2026-06-20 07:00:00+00:00,2026-06-20 07:45:00+00:00,binance,bitget,6.631090277962834,0.0,0,0,6.631090277962834,native_15m_trade_close_plus_real_settlements,-13.368909722037166,-33.368909722037166,-73.36890972203716
PRICE_FUNDING_15M_GLOBAL_WINDOW,15m-0000501,binance/bitget,50,2026-06-20 08:00:00+00:00,2026-06-20 08:15:00+00:00,binance,bitget,4.263845301441243,-11.1189,1,0,-6.855054698558757,native_15m_trade_close_plus_real_settlements,-26.855054698558757,-46.85505469855876,-86.85505469855876
PRICE_FUNDING_15M_GLOBAL_WINDOW,15m-0000502,binance/bitget,50,2026-06-20 09:45:00+00:00,2026-06-20 10:00:00+00:00,binance,bitget,2.3429221197672803,0.0,0,0,2.3429221197672803,native_15m_trade_close_plus_real_settlements,-17.65707788023272,-37.65707788023272,-77.65707788023272
PRICE_FUNDING_15M_GLOBAL_WINDOW,15m-0000503,binance/bitget,50,2026-06-20 10:15:00+00:00,2026-06-20 10:30:00+00:00,binance,bitget,5.826477576724429,0.0,0,0,5.826477576724429,native_15m_trade_close_plus_real_settlements,-14.173522423275571,-34.17352242327557,-74.17352242327557
PRICE_FUNDING_15M_GLOBAL_WINDOW,15m-0000504,binance/bitget,50,2026-06-20 11:15:00+00:00,2026-06-20 11:30:00+00:00,binance,bitget,6.175319166376013,0.0,0,0,6.175319166376013,native_15m_trade_close_plus_real_settlements,-13.824680833623987,-33.82468083362399,-73.82468083362399
PRICE_FUNDING_15M_GLOBAL_WINDOW,15m-0000505,binance/bitget,50,2026-06-20 12:00:00+00:00,2026-06-20 12:15:00+00:00,binance,bitget,1.051079459764587,0.0,0,0,1.051079459764587,native_15m_trade_close_plus_real_settlements,-18.948920540235413,-38.94892054023541,-78.9489205402354
PRICE_FUNDING_15M_GLOBAL_WINDOW,15m-0000506,binance/bitget,50,2026-06-20 12:45:00+00:00,2026-06-20 13:00:00+00:00,binance,bitget,2.2463403215697255,0.0,0,0,2.2463403215697255,native_15m_trade_close_plus_real_settlements,-17.753659678430274,-37.753659678430274,-77.75365967843027
PRICE_FUNDING_15M_GLOBAL_WINDOW,15m-0000507,binance/bitget,50,2026-06-20 13:15:00+00:00,2026-06-20 13:30:00+00:00,binance,bitget,2.065749380985949,0.0,0,0,2.065749380985949,native_15m_trade_close_plus_real_settlements,-17.93425061901405,-37.93425061901405,-77.93425061901405
PRICE_FUNDING_15M_GLOBAL_WINDOW,15m-0000508,binance/bitget,50,2026-06-22 00:30:00+00:00,2026-06-22 01:00:00+00:00,binance,bitget,3.973049545624029,0.0,0,0,3.973049545624029,native_15m_trade_close_plus_real_settlements,-16.02695045437597,-36.02695045437597,-76.02695045437596
PRICE_FUNDING_15M_GLOBAL_WINDOW,15m-0000509,binance/bitget,50,2026-06-22 01:15:00+00:00,2026-06-22 15:00:00+00:00,binance,bitget,53.71161305812132,-30.297299999999996,1,1,23.414313058121326,native_15m_trade_close_plus_real_settlements,3.4143130581213263,-16.585686941878674,-56.58568694187868
PRICE_FUNDING_15M_GLOBAL_WINDOW,15m-0000510,binance/bitget,50,2026-06-23 00:30:00+00:00,2026-06-23 08:15:00+00:00,binance,bitget,69.37183565984989,-48.0329,1,1,21.338935659849895,native_15m_trade_close_plus_real_settlements,1.338935659849895,-18.661064340150105,-58.661064340150105
PRICE_FUNDING_15M_GLOBAL_WINDOW,15m-0000511,binance/bitget,50,2026-06-23 08:30:00+00:00,2026-06-23 13:00:00+00:00,binance,bitget,47.822435509059154,0.0,0,0,47.822435509059154,native_15m_trade_close_plus_real_settlements,27.822435509059154,7.822435509059154,-32.177564490940846
PRICE_FUNDING_15M_GLOBAL_WINDOW,15m-0000512,binance/bitget,50,2026-06-23 13:15:00+00:00,2026-06-23 14:45:00+00:00,binance,bitget,26.053754391639615,0.0,0,0,26.053754391639615,native_15m_trade_close_plus_real_settlements,6.053754391639615,-13.946245608360385,-53.946245608360385
PRICE_FUNDING_15M_GLOBAL_WINDOW,15m-0000513,binance/bitget,50,2026-06-23 15:00:00+00:00,2026-06-23 15:15:00+00:00,binance,bitget,7.030926084343584,0.0,0,0,7.030926084343584,native_15m_trade_close_plus_real_settlements,-12.969073915656416,-32.969073915656416,-72.96907391565642
PRICE_FUNDING_15M_GLOBAL_WINDOW,15m-0000514,binance/bitget,50,2026-06-23 15:30:00+00:00,2026-06-24 00:15:00+00:00,binance,bitget,41.12440455237623,-3.2708999999999997,2,2,37.85350455237623,native_15m_trade_close_plus_real_settlements,17.85350455237623,-2.1464954476237708,-42.14649544762377
PRICE_FUNDING_15M_GLOBAL_WINDOW,15m-0000515,binance/bitget,50,2026-06-24 00:45:00+00:00,2026-06-24 01:15:00+00:00,binance,bitget,4.687322574486807,0.0,0,0,4.687322574486807,native_15m_trade_close_plus_real_settlements,-15.312677425513193,-35.31267742551319,-75.31267742551319
PRICE_FUNDING_15M_GLOBAL_WINDOW,15m-0000516,binance/bitget,50,2026-06-24 01:30:00+00:00,2026-06-24 01:45:00+00:00,binance,bitget,5.38328011415738,0.0,0,0,5.38328011415738,native_15m_trade_close_plus_real_settlements,-14.61671988584262,-34.61671988584262,-74.61671988584263
PRICE_FUNDING_15M_GLOBAL_WINDOW,15m-0000517,binance/bitget,50,2026-06-24 02:15:00+00:00,2026-06-24 02:45:00+00:00,binance,bitget,5.727912846811982,0.0,0,0,5.727912846811982,native_15m_trade_close_plus_real_settlements,-14.272087153188018,-34.27208715318802,-74.27208715318801
PRICE_FUNDING_15M_GLOBAL_WINDOW,15m-0000518,binance/bitget,50,2026-06-24 03:00:00+00:00,2026-06-24 05:45:00+00:00,binance,bitget,15.036541753055317,0.0,0,0,15.036541753055317,native_15m_trade_close_plus_real_settlements,-4.963458246944683,-24.963458246944683,-64.96345824694468
PRICE_FUNDING_15M_GLOBAL_WINDOW,15m-0000519,binance/bitget,50,2026-06-24 06:15:00+00:00,2026-06-24 06:30:00+00:00,binance,bitget,8.39752739585326,0.0,0,0,8.39752739585326,native_15m_trade_close_plus_real_settlements,-11.60247260414674,-31.60247260414674,-71.60247260414674
PRICE_FUNDING_15M_GLOBAL_WINDOW,15m-0000520,binance/bitget,50,2026-06-24 08:00:00+00:00,2026-06-25 06:45:00+00:00,binance,bitget,117.72550084146212,-66.26899999999999,3,2,51.45650084146213,native_15m_trade_close_plus_real_settlements,31.45650084146213,11.45650084146213,-28.54349915853787
PRICE_FUNDING_15M_GLOBAL_WINDOW,15m-0000521,binance/bitget,50,2026-06-25 08:45:00+00:00,2026-06-25 09:30:00+00:00,binance,bitget,11.127988126009583,0.0,0,0,11.127988126009583,native_15m_trade_close_plus_real_settlements,-8.872011873990417,-28.872011873990417,-68.87201187399042
PRICE_FUNDING_15M_GLOBAL_WINDOW,15m-0000522,binance/bitget,50,2026-06-25 10:00:00+00:00,2026-06-25 14:00:00+00:00,binance,bitget,12.345424740911248,0.0,0,0,12.345424740911248,native_15m_trade_close_plus_real_settlements,-7.654575259088752,-27.65457525908875,-67.65457525908874
PRICE_FUNDING_15M_GLOBAL_WINDOW,15m-0000523,binance/bitget,50,2026-06-25 16:00:00+00:00,2026-06-25 16:15:00+00:00,binance,bitget,1.3365041671522917,5.8133,1,0,7.149804167152292,native_15m_trade_close_plus_real_settlements,-12.850195832847708,-32.85019583284771,-72.8501958328477
PRICE_FUNDING_15M_GLOBAL_WINDOW,15m-0000524,binance/bitget,50,2026-06-25 16:45:00+00:00,2026-06-25 17:45:00+00:00,binance,bitget,3.2784397981853033,0.0,0,0,3.2784397981853033,native_15m_trade_close_plus_real_settlements,-16.721560201814697,-36.7215602018147,-76.7215602018147
PRICE_FUNDING_15M_GLOBAL_WINDOW,15m-0000525,binance/bitget,50,2026-06-25 18:00:00+00:00,2026-06-25 18:15:00+00:00,binance,bitget,3.2996809229993005,0.0,0,0,3.2996809229993005,native_15m_trade_close_plus_real_settlements,-16.7003190770007,-36.7003190770007,-76.7003190770007
PRICE_FUNDING_15M_GLOBAL_WINDOW,15m-0000526,binance/bitget,50,2026-06-25 19:00:00+00:00,2026-06-25 23:45:00+00:00,binance,bitget,19.305421908452118,0.0,0,0,19.305421908452118,native_15m_trade_close_plus_real_settlements,-0.6945780915478821,-20.694578091547882,-60.69457809154788
PRICE_FUNDING_15M_GLOBAL_WINDOW,15m-0000527,binance/bitget,50,2026-06-26 00:00:00+00:00,2026-06-26 00:15:00+00:00,binance,bitget,2.7797249355751106,3.6500999999999997,1,0,6.429824935575111,native_15m_trade_close_plus_real_settlements,-13.57017506442489,-33.57017506442489,-73.57017506442489
PRICE_FUNDING_15M_GLOBAL_WINDOW,15m-0000528,binance/bitget,50,2026-06-26 14:45:00+00:00,2026-06-26 15:00:00+00:00,binance,bitget,3.3909650759336216,0.0,0,0,3.3909650759336216,native_15m_trade_close_plus_real_settlements,-16.60903492406638,-36.60903492406638,-76.60903492406638
PRICE_FUNDING_15M_GLOBAL_WINDOW,15m-0000529,binance/bitget,50,2026-06-27 03:00:00+00:00,2026-06-27 03:15:00+00:00,binance,bitget,6.563987126321095,0.0,0,0,6.563987126321095,native_15m_trade_close_plus_real_settlements,-13.436012873678905,-33.436012873678905,-73.4360128736789
PRICE_FUNDING_15M_GLOBAL_WINDOW,15m-0000530,binance/bitget,50,2026-06-29 08:00:00+00:00,2026-06-29 09:30:00+00:00,binance,bitget,14.191030841768402,-28.8018,1,0,-14.610769158231598,native_15m_trade_close_plus_real_settlements,-34.6107691582316,-54.6107691582316,-94.61076915823159
PRICE_FUNDING_15M_GLOBAL_WINDOW,15m-0000531,binance/bitget,50,2026-07-13 13:30:00+00:00,2026-07-13 13:45:00+00:00,binance,bitget,15.289867498439008,0.0,0,0,15.289867498439008,native_15m_trade_close_plus_real_settlements,-4.710132501560992,-24.71013250156099,-64.71013250156099
PRICE_FUNDING_15M_GLOBAL_WINDOW,15m-0000532,binance/bitget,50,2026-07-13 16:30:00+00:00,2026-07-13 17:00:00+00:00,binance,bitget,20.83873754635473,0.0,0,0,20.83873754635473,native_15m_trade_close_plus_real_settlements,0.8387375463547286,-19.16126245364527,-59.16126245364527
PRICE_FUNDING_15M_GLOBAL_WINDOW,15m-0000533,binance/bitget,50,2026-07-14 01:15:00+00:00,2026-07-14 02:00:00+00:00,binance,bitget,21.25623348603478,0.0,0,0,21.25623348603478,native_15m_trade_close_plus_real_settlements,1.2562334860347804,-18.74376651396522,-58.74376651396522
PRICE_FUNDING_15M_GLOBAL_WINDOW,15m-0000534,binance/bitget,50,2026-07-14 02:15:00+00:00,2026-07-14 02:45:00+00:00,binance,bitget,10.470760533417874,0.0,0,0,10.470760533417874,native_15m_trade_close_plus_real_settlements,-9.529239466582126,-29.529239466582126,-69.52923946658213
PRICE_FUNDING_15M_GLOBAL_WINDOW,15m-0000535,binance/bitget,50,2026-07-14 03:15:00+00:00,2026-07-14 03:30:00+00:00,binance,bitget,15.752678862794134,0.0,0,0,15.752678862794134,native_15m_trade_close_plus_real_settlements,-4.247321137205866,-24.247321137205866,-64.24732113720586
PRICE_FUNDING_15M_GLOBAL_WINDOW,15m-0000599,binance/bitget,100,2026-06-23 06:45:00+00:00,2026-06-23 07:30:00+00:00,binance,bitget,24.51208719017231,0.0,0,0,24.51208719017231,native_15m_trade_close_plus_real_settlements,4.512087190172309,-15.48791280982769,-55.48791280982769
PRICE_FUNDING_15M_GLOBAL_WINDOW,15m-0000600,binance/bitget,100,2026-06-23 07:45:00+00:00,2026-06-23 08:00:00+00:00,binance,bitget,44.15150401622316,-48.0329,1,1,-3.881395983776841,native_15m_trade_close_plus_real_settlements,-23.88139598377684,-43.88139598377684,-83.88139598377684
PRICE_FUNDING_15M_GLOBAL_WINDOW,15m-0000601,binance/bitget,100,2026-06-24 22:00:00+00:00,2026-06-24 22:15:00+00:00,binance,bitget,7.192292953822033,0.0,0,0,7.192292953822033,native_15m_trade_close_plus_real_settlements,-12.807707046177967,-32.80770704617797,-72.80770704617797
PRICE_FUNDING_15M_GLOBAL_WINDOW,15m-0000602,binance/bitget,100,2026-06-24 22:30:00+00:00,2026-06-25 00:00:00+00:00,binance,bitget,74.71139195262171,-53.2542,1,1,21.457191952621713,native_15m_trade_close_plus_real_settlements,1.457191952621713,-18.542808047378287,-58.54280804737829
PRICE_FUNDING_15M_GLOBAL_WINDOW,15m-0000609,binance/gate,20,2026-06-10 22:30:00+00:00,2026-06-10 22:45:00+00:00,gate,binance,17.965775157420865,0.0,0,0,17.965775157420865,native_15m_trade_close_plus_real_settlements,-2.0342248425791354,-22.034224842579135,-62.034224842579135
PRICE_FUNDING_15M_GLOBAL_WINDOW,15m-0000610,binance/gate,20,2026-06-11 06:00:00+00:00,2026-06-11 06:45:00+00:00,binance,gate,3.790821082839294,0.0,0,0,3.790821082839294,native_15m_trade_close_plus_real_settlements,-16.209178917160706,-36.209178917160706,-76.2091789171607
PRICE_FUNDING_15M_GLOBAL_WINDOW,15m-0000611,binance/gate,20,2026-06-11 12:30:00+00:00,2026-06-11 12:45:00+00:00,binance,gate,8.203346404633557,0.0,0,0,8.203346404633557,native_15m_trade_close_plus_real_settlements,-11.796653595366443,-31.796653595366443,-71.79665359536645
PRICE_FUNDING_15M_GLOBAL_WINDOW,15m-0000612,binance/gate,20,2026-06-11 22:30:00+00:00,2026-06-11 23:15:00+00:00,binance,gate,22.334884453708487,0.0,0,0,22.334884453708487,native_15m_trade_close_plus_real_settlements,2.3348844537084865,-17.665115546291513,-57.66511554629152
PRICE_FUNDING_15M_GLOBAL_WINDOW,15m-0000613,binance/gate,20,2026-06-12 00:00:00+00:00,2026-06-12 00:15:00+00:00,binance,gate,18.856823901899407,-1.0576000000000032,1,1,17.799223901899403,native_15m_trade_close_plus_real_settlements,-2.2007760981005973,-22.200776098100597,-62.2007760981006
PRICE_FUNDING_15M_GLOBAL_WINDOW,15m-0000614,binance/gate,20,2026-06-12 01:45:00+00:00,2026-06-12 02:00:00+00:00,binance,gate,36.04467623352367,0.0,0,0,36.04467623352367,native_15m_trade_close_plus_real_settlements,16.044676233523667,-3.955323766476333,-43.95532376647633
PRICE_FUNDING_15M_GLOBAL_WINDOW,15m-0000615,binance/gate,20,2026-06-12 04:45:00+00:00,2026-06-12 05:00:00+00:00,binance,gate,15.883308857369599,0.0,0,0,15.883308857369599,native_15m_trade_close_plus_real_settlements,-4.116691142630401,-24.1166911426304,-64.1166911426304
PRICE_FUNDING_15M_GLOBAL_WINDOW,15m-0000616,binance/gate,20,2026-06-12 05:45:00+00:00,2026-06-12 06:15:00+00:00,binance,gate,20.020593588068856,0.0,0,0,20.020593588068856,native_15m_trade_close_plus_real_settlements,0.020593588068855695,-19.979406411931144,-59.979406411931144
PRICE_FUNDING_15M_GLOBAL_WINDOW,15m-0000617,binance/gate,20,2026-06-12 07:00:00+00:00,2026-06-12 07:15:00+00:00,binance,gate,10.036684742417238,0.0,0,0,10.036684742417238,native_15m_trade_close_plus_real_settlements,-9.963315257582762,-29.963315257582764,-69.96331525758276
PRICE_FUNDING_15M_GLOBAL_WINDOW,15m-0000618,binance/gate,20,2026-06-12 08:00:00+00:00,2026-06-12 08:15:00+00:00,binance,gate,14.988194290922122,3.3949000000000003,1,1,18.383094290922124,native_15m_trade_close_plus_real_settlements,-1.6169057090778765,-21.616905709077876,-61.61690570907788
PRICE_FUNDING_15M_GLOBAL_WINDOW,15m-0000619,binance/gate,20,2026-06-12 14:00:00+00:00,2026-06-12 14:15:00+00:00,binance,gate,27.106311224167765,0.0,0,0,27.106311224167765,native_15m_trade_close_plus_real_settlements,7.106311224167765,-12.893688775832235,-52.89368877583223
PRICE_FUNDING_15M_GLOBAL_WINDOW,15m-0000620,binance/gate,20,2026-06-12 17:00:00+00:00,2026-06-12 17:15:00+00:00,gate,binance,19.5484247075967,0.0,0,0,19.5484247075967,native_15m_trade_close_plus_real_settlements,-0.45157529240330163,-20.4515752924033,-60.451575292403305
PRICE_FUNDING_15M_GLOBAL_WINDOW,15m-0000621,binance/gate,20,2026-06-14 04:15:00+00:00,2026-06-14 04:30:00+00:00,gate,binance,23.869027225232212,0.0,0,0,23.869027225232212,native_15m_trade_close_plus_real_settlements,3.8690272252322124,-16.130972774767788,-56.130972774767784
PRICE_FUNDING_15M_GLOBAL_WINDOW,15m-0000622,binance/gate,20,2026-06-16 09:00:00+00:00,2026-06-16 09:30:00+00:00,binance,gate,3.456986385604484,0.0,0,0,3.456986385604484,native_15m_trade_close_plus_real_settlements,-16.543013614395516,-36.54301361439552,-76.54301361439552
PRICE_FUNDING_15M_GLOBAL_WINDOW,15m-0000623,binance/gate,20,2026-06-17 01:15:00+00:00,2026-06-17 01:30:00+00:00,gate,binance,18.131586441312432,0.0,0,0,18.131586441312432,native_15m_trade_close_plus_real_settlements,-1.8684135586875676,-21.868413558687568,-61.868413558687564
PRICE_FUNDING_15M_GLOBAL_WINDOW,15m-0000624,binance/gate,20,2026-06-17 13:30:00+00:00,2026-06-17 13:45:00+00:00,binance,gate,22.947439388292004,0.0,0,0,22.947439388292004,native_15m_trade_close_plus_real_settlements,2.947439388292004,-17.052560611707996,-57.052560611707996
PRICE_FUNDING_15M_GLOBAL_WINDOW,15m-0000625,binance/gate,20,2026-06-17 18:45:00+00:00,2026-06-17 19:00:00+00:00,binance,gate,20.596419975526814,0.0,0,0,20.596419975526814,native_15m_trade_close_plus_real_settlements,0.596419975526814,-19.403580024473186,-59.403580024473186
PRICE_FUNDING_15M_GLOBAL_WINDOW,15m-0000626,binance/gate,20,2026-06-18 00:00:00+00:00,2026-06-18 00:15:00+00:00,binance,gate,8.319590331946042,1.0,1,1,9.319590331946042,native_15m_trade_close_plus_real_settlements,-10.680409668053958,-30.680409668053958,-70.68040966805395
PRICE_FUNDING_15M_GLOBAL_WINDOW,15m-0000627,binance/gate,20,2026-06-18 05:45:00+00:00,2026-06-18 06:00:00+00:00,binance,gate,4.645929792299576,0.0,0,0,4.645929792299576,native_15m_trade_close_plus_real_settlements,-15.354070207700424,-35.354070207700424,-75.35407020770043
PRICE_FUNDING_15M_GLOBAL_WINDOW,15m-0000628,binance/gate,20,2026-06-18 08:30:00+00:00,2026-06-18 08:45:00+00:00,binance,gate,8.276546547797167,0.0,0,0,8.276546547797167,native_15m_trade_close_plus_real_settlements,-11.723453452202833,-31.723453452202833,-71.72345345220283
PRICE_FUNDING_15M_GLOBAL_WINDOW,15m-0000629,binance/gate,20,2026-06-18 11:15:00+00:00,2026-06-18 11:30:00+00:00,binance,gate,9.498759938107781,0.0,0,0,9.498759938107781,native_15m_trade_close_plus_real_settlements,-10.501240061892219,-30.50124006189222,-70.50124006189222
PRICE_FUNDING_15M_GLOBAL_WINDOW,15m-0000630,binance/gate,20,2026-06-18 22:00:00+00:00,2026-06-18 22:15:00+00:00,binance,gate,23.24049913258831,0.0,0,0,23.24049913258831,native_15m_trade_close_plus_real_settlements,3.2404991325883117,-16.75950086741169,-56.75950086741169
PRICE_FUNDING_15M_GLOBAL_WINDOW,15m-0000631,binance/gate,20,2026-06-18 23:45:00+00:00,2026-06-19 00:00:00+00:00,binance,gate,13.837048041316166,3.4758,1,1,17.312848041316165,native_15m_trade_close_plus_real_settlements,-2.6871519586838346,-22.687151958683835,-62.687151958683835
PRICE_FUNDING_15M_GLOBAL_WINDOW,15m-0000632,binance/gate,20,2026-06-19 00:45:00+00:00,2026-06-19 01:00:00+00:00,binance,gate,14.573358340965969,0.0,0,0,14.573358340965969,native_15m_trade_close_plus_real_settlements,-5.426641659034031,-25.426641659034033,-65.42664165903403
PRICE_FUNDING_15M_GLOBAL_WINDOW,15m-0000633,binance/gate,20,2026-06-19 03:15:00+00:00,2026-06-19 03:45:00+00:00,gate,binance,24.76595472886926,0.0,0,0,24.76595472886926,native_15m_trade_close_plus_real_settlements,4.765954728869261,-15.23404527113074,-55.23404527113074
PRICE_FUNDING_15M_GLOBAL_WINDOW,15m-0000634,binance/gate,20,2026-06-19 05:00:00+00:00,2026-06-19 05:15:00+00:00,binance,gate,6.842674515478436,0.0,0,0,6.842674515478436,native_15m_trade_close_plus_real_settlements,-13.157325484521564,-33.157325484521564,-73.15732548452156
PRICE_FUNDING_15M_GLOBAL_WINDOW,15m-0000635,binance/gate,20,2026-06-19 06:00:00+00:00,2026-06-19 06:15:00+00:00,binance,gate,22.159661010276793,0.0,0,0,22.159661010276793,native_15m_trade_close_plus_real_settlements,2.1596610102767926,-17.840338989723207,-57.84033898972321
PRICE_FUNDING_15M_GLOBAL_WINDOW,15m-0000636,binance/gate,20,2026-06-21 16:00:00+00:00,2026-06-21 16:15:00+00:00,binance,gate,14.42187445340415,1.0,1,1,15.42187445340415,native_15m_trade_close_plus_real_settlements,-4.5781255465958495,-24.57812554659585,-64.57812554659586
PRICE_FUNDING_15M_GLOBAL_WINDOW,15m-0000637,binance/gate,20,2026-06-22 00:00:00+00:00,2026-06-22 00:30:00+00:00,binance,gate,19.890727121268753,14.8453,1,1,34.736027121268755,native_15m_trade_close_plus_real_settlements,14.736027121268755,-5.263972878731245,-45.263972878731245
PRICE_FUNDING_15M_GLOBAL_WINDOW,15m-0000638,binance/gate,20,2026-06-22 01:45:00+00:00,2026-06-22 02:00:00+00:00,binance,gate,14.76556563857883,0.0,0,0,14.76556563857883,native_15m_trade_close_plus_real_settlements,-5.234434361421171,-25.234434361421172,-65.23443436142117
PRICE_FUNDING_15M_GLOBAL_WINDOW,15m-0000639,binance/gate,20,2026-06-22 02:15:00+00:00,2026-06-22 02:30:00+00:00,binance,gate,9.406035165883774,0.0,0,0,9.406035165883774,native_15m_trade_close_plus_real_settlements,-10.593964834116226,-30.59396483411623,-70.59396483411622
PRICE_FUNDING_15M_GLOBAL_WINDOW,15m-0000640,binance/gate,20,2026-06-22 02:45:00+00:00,2026-06-22 03:00:00+00:00,binance,gate,8.563488885923796,0.0,0,0,8.563488885923796,native_15m_trade_close_plus_real_settlements,-11.436511114076204,-31.436511114076204,-71.43651111407621
PRICE_FUNDING_15M_GLOBAL_WINDOW,15m-0000641,binance/gate,20,2026-06-22 05:45:00+00:00,2026-06-22 08:00:00+00:00,binance,gate,34.63038451775788,-6.967299999999995,1,1,27.663084517757888,native_15m_trade_close_plus_real_settlements,7.663084517757888,-12.336915482242112,-52.33691548224211
PRICE_FUNDING_15M_GLOBAL_WINDOW,15m-0000642,binance/gate,20,2026-06-22 12:30:00+00:00,2026-06-22 12:45:00+00:00,binance,gate,14.79178080133733,0.0,0,0,14.79178080133733,native_15m_trade_close_plus_real_settlements,-5.20821919866267,-25.20821919866267,-65.20821919866268
PRICE_FUNDING_15M_GLOBAL_WINDOW,15m-0000643,binance/gate,20,2026-06-22 13:30:00+00:00,2026-06-22 13:45:00+00:00,binance,gate,17.405007419757307,0.0,0,0,17.405007419757307,native_15m_trade_close_plus_real_settlements,-2.5949925802426925,-22.594992580242693,-62.59499258024269
PRICE_FUNDING_15M_GLOBAL_WINDOW,15m-0000644,binance/gate,20,2026-06-23 00:45:00+00:00,2026-06-23 01:30:00+00:00,binance,gate,55.95292436362997,0.0,0,0,55.95292436362997,native_15m_trade_close_plus_real_settlements,35.95292436362997,15.952924363629968,-24.04707563637003
PRICE_FUNDING_15M_GLOBAL_WINDOW,15m-0000645,binance/gate,20,2026-06-23 01:45:00+00:00,2026-06-23 02:00:00+00:00,binance,gate,37.11485317766841,0.0,0,0,37.11485317766841,native_15m_trade_close_plus_real_settlements,17.114853177668408,-2.885146822331592,-42.88514682233159
PRICE_FUNDING_15M_GLOBAL_WINDOW,15m-0000646,binance/gate,20,2026-06-23 02:15:00+00:00,2026-06-23 23:00:00+00:00,binance,gate,118.42088138062712,-21.303800000000003,2,2,97.11708138062713,native_15m_trade_close_plus_real_settlements,77.11708138062713,57.11708138062713,17.117081380627127
PRICE_FUNDING_15M_GLOBAL_WINDOW,15m-0000647,binance/gate,20,2026-06-24 00:00:00+00:00,2026-07-03 05:00:00+00:00,binance,gate,274.1180712190776,84.47399999999993,28,28,358.5920712190775,native_15m_trade_close_plus_real_settlements,338.5920712190775,318.5920712190775,278.5920712190775
PRICE_FUNDING_15M_GLOBAL_WINDOW,15m-0000648,binance/gate,20,2026-07-03 05:15:00+00:00,2026-07-03 06:30:00+00:00,binance,gate,30.522738983710678,0.0,0,0,30.522738983710678,native_15m_trade_close_plus_real_settlements,10.522738983710678,-9.477261016289322,-49.47726101628932
PRICE_FUNDING_15M_GLOBAL_WINDOW,15m-0000649,binance/gate,20,2026-07-03 07:15:00+00:00,2026-07-03 07:30:00+00:00,binance,gate,9.169854203428836,0.0,0,0,9.169854203428836,native_15m_trade_close_plus_real_settlements,-10.830145796571164,-30.830145796571166,-70.83014579657116
PRICE_FUNDING_15M_GLOBAL_WINDOW,15m-0000650,binance/gate,20,2026-07-03 07:45:00+00:00,2026-07-06 21:30:00+00:00,binance,gate,53.60968551675752,27.37040000000001,11,11,80.98008551675753,native_15m_trade_close_plus_real_settlements,60.980085516757526,40.980085516757526,0.9800855167575264
PRICE_FUNDING_15M_GLOBAL_WINDOW,15m-0000651,binance/gate,20,2026-07-06 21:45:00+00:00,2026-07-18 16:15:00+00:00,binance,gate,251.10154093018303,71.64999999999998,48,48,322.751540930183,native_15m_trade_close_plus_real_settlements,302.751540930183,282.751540930183,242.751540930183
PRICE_FUNDING_15M_GLOBAL_WINDOW,15m-0000652,binance/gate,20,2026-07-18 16:45:00+00:00,2026-07-18 17:30:00+00:00,binance,gate,4.415764056636224,0.0,0,0,4.415764056636224,native_15m_trade_close_plus_real_settlements,-15.584235943363776,-35.58423594336378,-75.58423594336378
PRICE_FUNDING_15M_GLOBAL_WINDOW,15m-0000653,binance/gate,20,2026-07-18 17:45:00+00:00,2026-07-18 18:00:00+00:00,binance,gate,5.925952284839116,0.0,0,0,5.925952284839116,native_15m_trade_close_plus_real_settlements,-14.074047715160884,-34.07404771516089,-74.07404771516089
PRICE_FUNDING_15M_GLOBAL_WINDOW,15m-0000654,binance/gate,20,2026-07-18 18:15:00+00:00,2026-07-18 18:30:00+00:00,binance,gate,0.309712405630286,0.0,0,0,0.309712405630286,native_15m_trade_close_plus_real_settlements,-19.690287594369714,-39.690287594369714,-79.69028759436972
PRICE_FUNDING_15M_GLOBAL_WINDOW,15m-0000655,binance/gate,20,2026-07-18 19:30:00+00:00,2026-07-18 20:15:00+00:00,binance,gate,3.652368432848501,5.0,1,1,8.652368432848501,native_15m_trade_close_plus_real_settlements,-11.347631567151499,-31.3476315671515,-71.3476315671515
PRICE_FUNDING_15M_GLOBAL_WINDOW,15m-0000656,binance/gate,20,2026-07-18 20:45:00+00:00,2026-07-18 21:00:00+00:00,binance,gate,4.1842944803492195,0.0,0,0,4.1842944803492195,native_15m_trade_close_plus_real_settlements,-15.81570551965078,-35.81570551965078,-75.81570551965078
PRICE_FUNDING_15M_GLOBAL_WINDOW,15m-0000657,binance/gate,20,2026-07-18 21:15:00+00:00,2026-07-18 21:30:00+00:00,binance,gate,5.382220570555532,0.0,0,0,5.382220570555532,native_15m_trade_close_plus_real_settlements,-14.617779429444468,-34.61777942944447,-74.61777942944447
PRICE_FUNDING_15M_GLOBAL_WINDOW,15m-0000658,binance/gate,20,2026-07-19 04:45:00+00:00,2026-07-19 05:15:00+00:00,binance,gate,8.703737645950046,0.0,0,0,8.703737645950046,native_15m_trade_close_plus_real_settlements,-11.296262354049954,-31.296262354049954,-71.29626235404996
PRICE_FUNDING_15M_GLOBAL_WINDOW,15m-0000659,binance/gate,20,2026-07-19 08:00:00+00:00,2026-07-19 08:15:00+00:00,binance,gate,6.111515610244409,4.1823,1,1,10.293815610244408,native_15m_trade_close_plus_real_settlements,-9.706184389755592,-29.70618438975559,-69.70618438975559
PRICE_FUNDING_15M_GLOBAL_WINDOW,15m-0000660,binance/gate,20,2026-07-19 16:15:00+00:00,2026-07-19 17:15:00+00:00,binance,gate,5.462935117780216,0.0,0,0,5.462935117780216,native_15m_trade_close_plus_real_settlements,-14.537064882219784,-34.53706488221978,-74.53706488221978
PRICE_FUNDING_15M_GLOBAL_WINDOW,15m-0000661,binance/gate,20,2026-07-19 17:30:00+00:00,2026-07-19 17:45:00+00:00,binance,gate,1.4203875522120697,0.0,0,0,1.4203875522120697,native_15m_trade_close_plus_real_settlements,-18.57961244778793,-38.57961244778793,-78.57961244778792
PRICE_FUNDING_15M_GLOBAL_WINDOW,15m-0000662,binance/gate,20,2026-07-19 18:00:00+00:00,2026-07-19 18:15:00+00:00,binance,gate,3.3796875137456226,0.0,0,0,3.3796875137456226,native_15m_trade_close_plus_real_settlements,-16.620312486254377,-36.62031248625438,-76.62031248625438
PRICE_FUNDING_15M_GLOBAL_WINDOW,15m-0000663,binance/gate,20,2026-07-19 18:30:00+00:00,2026-07-19 18:45:00+00:00,binance,gate,3.3977926583926816,0.0,0,0,3.3977926583926816,native_15m_trade_close_plus_real_settlements,-16.60220734160732,-36.60220734160732,-76.60220734160731
PRICE_FUNDING_15M_GLOBAL_WINDOW,15m-0000664,binance/gate,20,2026-07-19 19:00:00+00:00,2026-07-20 00:00:00+00:00,binance,gate,22.95636079295103,11.0891,2,2,34.04546079295103,native_15m_trade_close_plus_real_settlements,14.045460792951033,-5.954539207048967,-45.95453920704897
PRICE_FUNDING_15M_GLOBAL_WINDOW,15m-0000665,binance/gate,20,2026-07-20 02:45:00+00:00,2026-07-20 04:30:00+00:00,binance,gate,17.580053592856927,-11.6537,1,1,5.926353592856927,native_15m_trade_close_plus_real_settlements,-14.073646407143073,-34.07364640714307,-74.07364640714307
PRICE_FUNDING_15M_GLOBAL_WINDOW,15m-0000666,binance/gate,20,2026-07-20 05:00:00+00:00,2026-07-20 05:30:00+00:00,binance,gate,18.380825869289943,0.0,0,0,18.380825869289943,native_15m_trade_close_plus_real_settlements,-1.6191741307100571,-21.619174130710057,-61.61917413071006
PRICE_FUNDING_15M_GLOBAL_WINDOW,15m-0000667,binance/gate,20,2026-07-20 20:30:00+00:00,2026-07-20 21:00:00+00:00,binance,gate,6.157076549237367,0.0,0,0,6.157076549237367,native_15m_trade_close_plus_real_settlements,-13.842923450762633,-33.84292345076263,-73.84292345076264
PRICE_FUNDING_15M_GLOBAL_WINDOW,15m-0000668,binance/gate,20,2026-07-20 23:45:00+00:00,2026-07-21 00:00:00+00:00,binance,gate,19.702026694941367,2.9226,1,1,22.624626694941366,native_15m_trade_close_plus_real_settlements,2.624626694941366,-17.375373305058634,-57.37537330505863
PRICE_FUNDING_15M_GLOBAL_WINDOW,15m-0000731,binance/gate,50,2026-06-23 00:45:00+00:00,2026-06-23 01:00:00+00:00,binance,gate,31.070253694915472,0.0,0,0,31.070253694915472,native_15m_trade_close_plus_real_settlements,11.070253694915472,-8.929746305084528,-48.92974630508453
PRICE_FUNDING_15M_GLOBAL_WINDOW,15m-0000732,binance/gate,50,2026-06-23 04:00:00+00:00,2026-06-23 04:15:00+00:00,binance,gate,15.075644999266174,0.0,0,0,15.075644999266174,native_15m_trade_close_plus_real_settlements,-4.924355000733826,-24.924355000733826,-64.92435500073383
PRICE_FUNDING_15M_GLOBAL_WINDOW,15m-0000733,binance/gate,50,2026-06-23 05:30:00+00:00,2026-06-23 06:15:00+00:00,binance,gate,77.21439789534247,0.0,0,0,77.21439789534247,native_15m_trade_close_plus_real_settlements,57.21439789534247,37.21439789534247,-2.785602104657528
PRICE_FUNDING_15M_GLOBAL_WINDOW,15m-0000734,binance/gate,50,2026-06-23 06:30:00+00:00,2026-06-23 08:15:00+00:00,binance,gate,83.95987962043688,-28.032899999999998,1,1,55.92697962043688,native_15m_trade_close_plus_real_settlements,35.92697962043688,15.926979620436882,-24.07302037956312
PRICE_FUNDING_15M_GLOBAL_WINDOW,15m-0000735,binance/gate,50,2026-06-23 08:30:00+00:00,2026-06-23 13:00:00+00:00,binance,gate,66.45643308149927,0.0,0,0,66.45643308149927,native_15m_trade_close_plus_real_settlements,46.45643308149927,26.45643308149927,-13.54356691850073
PRICE_FUNDING_15M_GLOBAL_WINDOW,15m-0000736,binance/gate,50,2026-06-23 13:15:00+00:00,2026-06-23 14:45:00+00:00,binance,gate,38.03330070673641,0.0,0,0,38.03330070673641,native_15m_trade_close_plus_real_settlements,18.033300706736412,-1.9666992932635878,-41.96669929326359
PRICE_FUNDING_15M_GLOBAL_WINDOW,15m-0000737,binance/gate,50,2026-06-23 15:30:00+00:00,2026-06-23 15:45:00+00:00,binance,gate,11.955603437047614,0.0,0,0,11.955603437047614,native_15m_trade_close_plus_real_settlements,-8.044396562952386,-28.044396562952386,-68.04439656295239
PRICE_FUNDING_15M_GLOBAL_WINDOW,15m-0000738,binance/gate,50,2026-06-23 16:00:00+00:00,2026-06-23 20:45:00+00:00,binance,gate,41.67101405042325,6.729100000000001,1,1,48.400114050423255,native_15m_trade_close_plus_real_settlements,28.400114050423255,8.400114050423255,-31.599885949576745
PRICE_FUNDING_15M_GLOBAL_WINDOW,15m-0000739,binance/gate,50,2026-06-24 00:30:00+00:00,2026-06-24 11:15:00+00:00,binance,gate,160.329352140043,-14.3107,1,1,146.018652140043,native_15m_trade_close_plus_real_settlements,126.018652140043,106.018652140043,66.018652140043
PRICE_FUNDING_15M_GLOBAL_WINDOW,15m-0000740,binance/gate,50,2026-06-24 11:30:00+00:00,2026-06-24 11:45:00+00:00,binance,gate,16.38172909883543,0.0,0,0,16.38172909883543,native_15m_trade_close_plus_real_settlements,-3.6182709011645713,-23.61827090116457,-63.61827090116457
PRICE_FUNDING_15M_GLOBAL_WINDOW,15m-0000741,binance/gate,50,2026-06-24 12:00:00+00:00,2026-06-24 12:15:00+00:00,binance,gate,14.002631067672311,0.0,0,0,14.002631067672311,native_15m_trade_close_plus_real_settlements,-5.997368932327689,-25.99736893232769,-65.99736893232769
PRICE_FUNDING_15M_GLOBAL_WINDOW,15m-0000742,binance/gate,50,2026-06-24 12:45:00+00:00,2026-06-24 13:30:00+00:00,binance,gate,14.112867245046083,0.0,0,0,14.112867245046083,native_15m_trade_close_plus_real_settlements,-5.887132754953917,-25.887132754953917,-65.88713275495391
PRICE_FUNDING_15M_GLOBAL_WINDOW,15m-0000743,binance/gate,50,2026-06-24 13:45:00+00:00,2026-06-24 14:15:00+00:00,binance,gate,14.545393630230251,0.0,0,0,14.545393630230251,native_15m_trade_close_plus_real_settlements,-5.454606369769749,-25.45460636976975,-65.45460636976975
PRICE_FUNDING_15M_GLOBAL_WINDOW,15m-0000744,binance/gate,50,2026-06-24 14:30:00+00:00,2026-06-24 15:00:00+00:00,binance,gate,15.317929976788278,0.0,0,0,15.317929976788278,native_15m_trade_close_plus_real_settlements,-4.682070023211722,-24.682070023211722,-64.68207002321172
PRICE_FUNDING_15M_GLOBAL_WINDOW,15m-0000745,binance/gate,50,2026-06-24 16:45:00+00:00,2026-06-24 17:00:00+00:00,binance,gate,5.640838435555317,0.0,0,0,5.640838435555317,native_15m_trade_close_plus_real_settlements,-14.359161564444683,-34.35916156444468,-74.35916156444469
PRICE_FUNDING_15M_GLOBAL_WINDOW,15m-0000746,binance/gate,50,2026-06-24 17:15:00+00:00,2026-06-24 17:30:00+00:00,binance,gate,19.413662212079853,0.0,0,0,19.413662212079853,native_15m_trade_close_plus_real_settlements,-0.5863377879201472,-20.586337787920147,-60.586337787920144
PRICE_FUNDING_15M_GLOBAL_WINDOW,15m-0000747,binance/gate,50,2026-06-24 18:15:00+00:00,2026-06-24 18:45:00+00:00,binance,gate,16.735219410928835,0.0,0,0,16.735219410928835,native_15m_trade_close_plus_real_settlements,-3.264780589071165,-23.264780589071165,-63.264780589071165
PRICE_FUNDING_15M_GLOBAL_WINDOW,15m-0000748,binance/gate,50,2026-06-24 19:45:00+00:00,2026-06-30 04:45:00+00:00,binance,gate,244.58589340701386,11.196000000000002,16,16,255.78189340701385,native_15m_trade_close_plus_real_settlements,235.78189340701385,215.78189340701385,175.78189340701385
PRICE_FUNDING_15M_GLOBAL_WINDOW,15m-0000749,binance/gate,50,2026-06-30 05:15:00+00:00,2026-06-30 05:45:00+00:00,binance,gate,19.30032100734781,0.0,0,0,19.30032100734781,native_15m_trade_close_plus_real_settlements,-0.6996789926521885,-20.69967899265219,-60.69967899265219
PRICE_FUNDING_15M_GLOBAL_WINDOW,15m-0000750,binance/gate,50,2026-06-30 06:15:00+00:00,2026-06-30 07:30:00+00:00,binance,gate,83.16388358362003,0.0,0,0,83.16388358362003,native_15m_trade_close_plus_real_settlements,63.163883583620034,43.163883583620034,3.1638835836200343
PRICE_FUNDING_15M_GLOBAL_WINDOW,15m-0000751,binance/gate,50,2026-06-30 08:00:00+00:00,2026-06-30 11:45:00+00:00,binance,gate,28.85242581948622,30.0,0,1,58.85242581948622,native_15m_trade_close_plus_real_settlements,38.85242581948622,18.85242581948622,-21.14757418051378
PRICE_FUNDING_15M_GLOBAL_WINDOW,15m-0000752,binance/gate,50,2026-06-30 12:30:00+00:00,2026-06-30 14:45:00+00:00,binance,gate,14.702219236823083,0.0,0,0,14.702219236823083,native_15m_trade_close_plus_real_settlements,-5.297780763176917,-25.297780763176917,-65.29778076317692
PRICE_FUNDING_15M_GLOBAL_WINDOW,15m-0000753,binance/gate,50,2026-06-30 15:00:00+00:00,2026-06-30 15:15:00+00:00,binance,gate,2.034860784376704,0.0,0,0,2.034860784376704,native_15m_trade_close_plus_real_settlements,-17.965139215623296,-37.965139215623296,-77.9651392156233
PRICE_FUNDING_15M_GLOBAL_WINDOW,15m-0000754,binance/gate,50,2026-06-30 15:30:00+00:00,2026-07-01 00:15:00+00:00,binance,gate,36.891155522668754,0.2523,2,2,37.14345552266875,native_15m_trade_close_plus_real_settlements,17.143455522668752,-2.856544477331248,-42.85654447733125
PRICE_FUNDING_15M_GLOBAL_WINDOW,15m-0000755,binance/gate,50,2026-07-01 00:45:00+00:00,2026-07-02 14:45:00+00:00,binance,gate,155.03919431120124,21.51769999999999,4,4,176.55689431120123,native_15m_trade_close_plus_real_settlements,156.55689431120123,136.55689431120123,96.55689431120123
PRICE_FUNDING_15M_GLOBAL_WINDOW,15m-0000756,binance/gate,50,2026-07-02 15:00:00+00:00,2026-07-02 15:15:00+00:00,binance,gate,21.452842355564492,0.0,0,0,21.452842355564492,native_15m_trade_close_plus_real_settlements,1.452842355564492,-18.547157644435508,-58.54715764443551
PRICE_FUNDING_15M_GLOBAL_WINDOW,15m-0000757,binance/gate,50,2026-07-02 16:15:00+00:00,2026-07-02 16:45:00+00:00,binance,gate,15.211471204013108,0.0,0,0,15.211471204013108,native_15m_trade_close_plus_real_settlements,-4.788528795986892,-24.788528795986892,-64.78852879598689
PRICE_FUNDING_15M_GLOBAL_WINDOW,15m-0000758,binance/gate,50,2026-07-02 17:15:00+00:00,2026-07-02 17:30:00+00:00,binance,gate,15.420078551719335,0.0,0,0,15.420078551719335,native_15m_trade_close_plus_real_settlements,-4.579921448280665,-24.579921448280665,-64.57992144828066
PRICE_FUNDING_15M_GLOBAL_WINDOW,15m-0000759,binance/gate,50,2026-07-02 18:45:00+00:00,2026-07-02 19:30:00+00:00,binance,gate,20.609289604742763,0.0,0,0,20.609289604742763,native_15m_trade_close_plus_real_settlements,0.609289604742763,-19.390710395257237,-59.39071039525724
PRICE_FUNDING_15M_GLOBAL_WINDOW,15m-0000760,binance/gate,50,2026-07-02 19:45:00+00:00,2026-07-03 00:00:00+00:00,binance,gate,36.63615003038437,-6.496199999999999,1,1,30.139950030384373,native_15m_trade_close_plus_real_settlements,10.139950030384373,-9.860049969615627,-49.86004996961563
PRICE_FUNDING_15M_GLOBAL_WINDOW,15m-0000761,binance/gate,50,2026-07-03 00:15:00+00:00,2026-07-03 04:45:00+00:00,binance,gate,57.5708469470289,0.0,0,0,57.5708469470289,native_15m_trade_close_plus_real_settlements,37.5708469470289,17.570846947028897,-22.429153052971103
PRICE_FUNDING_15M_GLOBAL_WINDOW,15m-0000762,binance/gate,50,2026-07-03 11:15:00+00:00,2026-07-03 11:45:00+00:00,binance,gate,6.339421939542191,0.0,0,0,6.339421939542191,native_15m_trade_close_plus_real_settlements,-13.660578060457809,-33.66057806045781,-73.66057806045781
PRICE_FUNDING_15M_GLOBAL_WINDOW,15m-0000763,binance/gate,50,2026-07-03 12:00:00+00:00,2026-07-03 13:45:00+00:00,binance,gate,13.744668244790134,0.0,0,0,13.744668244790134,native_15m_trade_close_plus_real_settlements,-6.255331755209866,-26.255331755209866,-66.25533175520987
PRICE_FUNDING_15M_GLOBAL_WINDOW,15m-0000764,binance/gate,50,2026-07-03 14:00:00+00:00,2026-07-03 14:15:00+00:00,binance,gate,10.61567536873467,0.0,0,0,10.61567536873467,native_15m_trade_close_plus_real_settlements,-9.38432463126533,-29.38432463126533,-69.38432463126533
PRICE_FUNDING_15M_GLOBAL_WINDOW,15m-0000765,binance/gate,50,2026-07-03 14:45:00+00:00,2026-07-03 15:00:00+00:00,binance,gate,11.165450255193406,0.0,0,0,11.165450255193406,native_15m_trade_close_plus_real_settlements,-8.834549744806594,-28.834549744806594,-68.8345497448066
PRICE_FUNDING_15M_GLOBAL_WINDOW,15m-0000766,binance/gate,50,2026-07-03 16:15:00+00:00,2026-07-03 16:45:00+00:00,binance,gate,1.446351080313434,0.0,0,0,1.446351080313434,native_15m_trade_close_plus_real_settlements,-18.553648919686566,-38.553648919686566,-78.55364891968657
PRICE_FUNDING_15M_GLOBAL_WINDOW,15m-0000767,binance/gate,50,2026-07-03 17:15:00+00:00,2026-07-03 19:00:00+00:00,binance,gate,20.290668182980454,0.0,0,0,20.290668182980454,native_15m_trade_close_plus_real_settlements,0.29066818298045405,-19.709331817019546,-59.709331817019546
PRICE_FUNDING_15M_GLOBAL_WINDOW,15m-0000768,binance/gate,50,2026-07-03 19:45:00+00:00,2026-07-03 20:15:00+00:00,binance,gate,6.713550287353364,0.0,0,0,6.713550287353364,native_15m_trade_close_plus_real_settlements,-13.286449712646636,-33.286449712646636,-73.28644971264663
PRICE_FUNDING_15M_GLOBAL_WINDOW,15m-0000769,binance/gate,50,2026-07-04 08:30:00+00:00,2026-07-04 08:45:00+00:00,binance,gate,7.607530777116793,0.0,0,0,7.607530777116793,native_15m_trade_close_plus_real_settlements,-12.392469222883207,-32.39246922288321,-72.39246922288321
PRICE_FUNDING_15M_GLOBAL_WINDOW,15m-0000770,binance/gate,50,2026-07-04 10:00:00+00:00,2026-07-04 10:15:00+00:00,binance,gate,3.0066422611996018,0.0,0,0,3.0066422611996018,native_15m_trade_close_plus_real_settlements,-16.9933577388004,-36.9933577388004,-76.9933577388004
PRICE_FUNDING_15M_GLOBAL_WINDOW,15m-0000771,binance/gate,50,2026-07-04 14:00:00+00:00,2026-07-04 14:15:00+00:00,binance,gate,2.4001565151078452,0.0,0,0,2.4001565151078452,native_15m_trade_close_plus_real_settlements,-17.599843484892155,-37.599843484892155,-77.59984348489215
PRICE_FUNDING_15M_GLOBAL_WINDOW,15m-0000772,binance/gate,50,2026-07-04 14:30:00+00:00,2026-07-04 14:45:00+00:00,binance,gate,2.8044834187519783,0.0,0,0,2.8044834187519783,native_15m_trade_close_plus_real_settlements,-17.19551658124802,-37.19551658124802,-77.19551658124803
PRICE_FUNDING_15M_GLOBAL_WINDOW,15m-0000773,binance/gate,50,2026-07-04 15:00:00+00:00,2026-07-04 15:15:00+00:00,binance,gate,5.665625786786919,0.0,0,0,5.665625786786919,native_15m_trade_close_plus_real_settlements,-14.334374213213081,-34.33437421321308,-74.33437421321308
PRICE_FUNDING_15M_GLOBAL_WINDOW,15m-0000774,binance/gate,50,2026-07-04 15:30:00+00:00,2026-07-04 23:15:00+00:00,binance,gate,12.031071624068858,1.0,1,1,13.031071624068858,native_15m_trade_close_plus_real_settlements,-6.968928375931142,-26.968928375931142,-66.96892837593114
PRICE_FUNDING_15M_GLOBAL_WINDOW,15m-0000775,binance/gate,50,2026-07-04 23:30:00+00:00,2026-07-05 02:00:00+00:00,binance,gate,11.68075600499229,1.0,1,1,12.68075600499229,native_15m_trade_close_plus_real_settlements,-7.31924399500771,-27.31924399500771,-67.31924399500771
PRICE_FUNDING_15M_GLOBAL_WINDOW,15m-0000776,binance/gate,50,2026-07-05 02:30:00+00:00,2026-07-05 03:30:00+00:00,binance,gate,8.11318644103487,0.0,0,0,8.11318644103487,native_15m_trade_close_plus_real_settlements,-11.88681355896513,-31.88681355896513,-71.88681355896513
PRICE_FUNDING_15M_GLOBAL_WINDOW,15m-0000777,binance/gate,50,2026-07-05 10:45:00+00:00,2026-07-05 15:45:00+00:00,binance,gate,16.506542313975878,0.0,0,0,16.506542313975878,native_15m_trade_close_plus_real_settlements,-3.493457686024122,-23.493457686024122,-63.49345768602412
PRICE_FUNDING_15M_GLOBAL_WINDOW,15m-0000778,binance/gate,50,2026-07-05 16:00:00+00:00,2026-07-05 16:45:00+00:00,binance,gate,7.849431128406373,1.0,1,1,8.849431128406373,native_15m_trade_close_plus_real_settlements,-11.150568871593627,-31.150568871593627,-71.15056887159363
PRICE_FUNDING_15M_GLOBAL_WINDOW,15m-0000779,binance/gate,50,2026-07-05 17:30:00+00:00,2026-07-05 18:00:00+00:00,binance,gate,2.5547916098908914,0.0,0,0,2.5547916098908914,native_15m_trade_close_plus_real_settlements,-17.44520839010911,-37.44520839010911,-77.44520839010912
PRICE_FUNDING_15M_GLOBAL_WINDOW,15m-0000780,binance/gate,50,2026-07-05 22:45:00+00:00,2026-07-05 23:15:00+00:00,binance,gate,13.180617725215221,0.0,0,0,13.180617725215221,native_15m_trade_close_plus_real_settlements,-6.819382274784779,-26.81938227478478,-66.81938227478477
PRICE_FUNDING_15M_GLOBAL_WINDOW,15m-0000781,binance/gate,50,2026-07-06 00:00:00+00:00,2026-07-06 00:15:00+00:00,binance,gate,33.73154642714393,1.0,1,1,34.73154642714393,native_15m_trade_close_plus_real_settlements,14.731546427143932,-5.2684535728560675,-45.26845357285607
PRICE_FUNDING_15M_GLOBAL_WINDOW,15m-0000782,binance/gate,50,2026-07-06 02:15:00+00:00,2026-07-06 02:45:00+00:00,binance,gate,7.060294048847062,0.0,0,0,7.060294048847062,native_15m_trade_close_plus_real_settlements,-12.939705951152938,-32.93970595115294,-72.93970595115294
PRICE_FUNDING_15M_GLOBAL_WINDOW,15m-0000783,binance/gate,50,2026-07-06 03:00:00+00:00,2026-07-06 03:15:00+00:00,binance,gate,11.428445526474697,0.0,0,0,11.428445526474697,native_15m_trade_close_plus_real_settlements,-8.571554473525303,-28.571554473525303,-68.57155447352531
PRICE_FUNDING_15M_GLOBAL_WINDOW,15m-0000784,binance/gate,50,2026-07-06 03:30:00+00:00,2026-07-06 05:00:00+00:00,binance,gate,30.351137155822194,0.0,0,0,30.351137155822194,native_15m_trade_close_plus_real_settlements,10.351137155822194,-9.648862844177806,-49.648862844177806
PRICE_FUNDING_15M_GLOBAL_WINDOW,15m-0000785,binance/gate,50,2026-07-06 05:15:00+00:00,2026-07-06 05:45:00+00:00,binance,gate,13.63053996573123,0.0,0,0,13.63053996573123,native_15m_trade_close_plus_real_settlements,-6.369460034268769,-26.36946003426877,-66.36946003426877
PRICE_FUNDING_15M_GLOBAL_WINDOW,15m-0000786,binance/gate,50,2026-07-06 06:00:00+00:00,2026-07-06 07:00:00+00:00,binance,gate,6.7939993211895455,0.0,0,0,6.7939993211895455,native_15m_trade_close_plus_real_settlements,-13.206000678810454,-33.206000678810454,-73.20600067881045
PRICE_FUNDING_15M_GLOBAL_WINDOW,15m-0000787,binance/gate,50,2026-07-06 07:15:00+00:00,2026-07-06 07:45:00+00:00,binance,gate,15.861511187134354,0.0,0,0,15.861511187134354,native_15m_trade_close_plus_real_settlements,-4.138488812865646,-24.138488812865646,-64.13848881286565
PRICE_FUNDING_15M_GLOBAL_WINDOW,15m-0000788,binance/gate,50,2026-07-06 08:00:00+00:00,2026-07-06 11:15:00+00:00,binance,gate,14.690872331562034,2.3733,1,1,17.064172331562034,native_15m_trade_close_plus_real_settlements,-2.935827668437966,-22.935827668437966,-62.935827668437966
PRICE_FUNDING_15M_GLOBAL_WINDOW,15m-0000789,binance/gate,50,2026-07-06 12:00:00+00:00,2026-07-06 12:15:00+00:00,binance,gate,7.085332005387272,0.0,0,0,7.085332005387272,native_15m_trade_close_plus_real_settlements,-12.914667994612728,-32.91466799461273,-72.91466799461273
PRICE_FUNDING_15M_GLOBAL_WINDOW,15m-0000790,binance/gate,50,2026-07-06 12:30:00+00:00,2026-07-06 12:45:00+00:00,binance,gate,7.888924053043752,0.0,0,0,7.888924053043752,native_15m_trade_close_plus_real_settlements,-12.111075946956248,-32.11107594695625,-72.11107594695625
PRICE_FUNDING_15M_GLOBAL_WINDOW,15m-0000791,binance/gate,50,2026-07-06 13:00:00+00:00,2026-07-06 13:15:00+00:00,binance,gate,9.044664620720233,0.0,0,0,9.044664620720233,native_15m_trade_close_plus_real_settlements,-10.955335379279767,-30.955335379279767,-70.95533537927977
PRICE_FUNDING_15M_GLOBAL_WINDOW,15m-0000792,binance/gate,50,2026-07-06 13:30:00+00:00,2026-07-06 13:45:00+00:00,binance,gate,14.624914978563844,0.0,0,0,14.624914978563844,native_15m_trade_close_plus_real_settlements,-5.375085021436156,-25.375085021436156,-65.37508502143615
PRICE_FUNDING_15M_GLOBAL_WINDOW,15m-0000793,binance/gate,50,2026-07-06 14:45:00+00:00,2026-07-06 15:15:00+00:00,binance,gate,6.208610888893723,0.0,0,0,6.208610888893723,native_15m_trade_close_plus_real_settlements,-13.791389111106277,-33.79138911110628,-73.79138911110627
PRICE_FUNDING_15M_GLOBAL_WINDOW,15m-0000794,binance/gate,50,2026-07-07 01:00:00+00:00,2026-07-13 13:15:00+00:00,binance,gate,229.24251989308385,-28.56860000000003,19,19,200.67391989308382,native_15m_trade_close_plus_real_settlements,180.67391989308382,160.67391989308382,120.67391989308382
PRICE_FUNDING_15M_GLOBAL_WINDOW,15m-0000795,binance/gate,50,2026-07-13 13:30:00+00:00,2026-07-17 19:00:00+00:00,binance,gate,168.76945986488187,40.5845,22,22,209.35395986488186,native_15m_trade_close_plus_real_settlements,189.35395986488186,169.35395986488186,129.35395986488186
PRICE_FUNDING_15M_GLOBAL_WINDOW,15m-0000861,binance/gate,100,2026-06-23 05:30:00+00:00,2026-06-23 05:45:00+00:00,binance,gate,56.02009969395955,0.0,0,0,56.02009969395955,native_15m_trade_close_plus_real_settlements,36.02009969395955,16.02009969395955,-23.97990030604045
PRICE_FUNDING_15M_GLOBAL_WINDOW,15m-0000862,binance/gate,100,2026-06-23 07:00:00+00:00,2026-06-23 07:45:00+00:00,binance,gate,31.556732597444835,0.0,0,0,31.556732597444835,native_15m_trade_close_plus_real_settlements,11.556732597444835,-8.443267402555165,-48.443267402555165
PRICE_FUNDING_15M_GLOBAL_WINDOW,15m-0000863,binance/gate,100,2026-06-23 09:15:00+00:00,2026-06-23 09:30:00+00:00,binance,gate,13.983536106844369,0.0,0,0,13.983536106844369,native_15m_trade_close_plus_real_settlements,-6.016463893155631,-26.01646389315563,-66.01646389315563
PRICE_FUNDING_15M_GLOBAL_WINDOW,15m-0000864,binance/gate,100,2026-06-23 09:45:00+00:00,2026-06-23 10:00:00+00:00,binance,gate,6.8666267472121945,0.0,0,0,6.8666267472121945,native_15m_trade_close_plus_real_settlements,-13.133373252787806,-33.133373252787806,-73.1333732527878
PRICE_FUNDING_15M_GLOBAL_WINDOW,15m-0000865,binance/gate,100,2026-06-23 10:30:00+00:00,2026-06-23 10:45:00+00:00,binance,gate,31.74122986158099,0.0,0,0,31.74122986158099,native_15m_trade_close_plus_real_settlements,11.74122986158099,-8.25877013841901,-48.25877013841901
PRICE_FUNDING_15M_GLOBAL_WINDOW,15m-0000866,binance/gate,100,2026-06-24 01:45:00+00:00,2026-06-24 08:45:00+00:00,binance,gate,107.02820107053246,-14.3107,1,1,92.71750107053246,native_15m_trade_close_plus_real_settlements,72.71750107053246,52.717501070532464,12.717501070532464
PRICE_FUNDING_15M_GLOBAL_WINDOW,15m-0000867,binance/gate,100,2026-06-24 20:00:00+00:00,2026-06-30 03:45:00+00:00,binance,gate,207.13465176908198,11.196000000000002,16,16,218.33065176908198,native_15m_trade_close_plus_real_settlements,198.33065176908198,178.33065176908198,138.33065176908198
PRICE_FUNDING_15M_GLOBAL_WINDOW,15m-0000868,binance/gate,100,2026-06-30 06:15:00+00:00,2026-06-30 06:30:00+00:00,binance,gate,47.84120973739837,0.0,0,0,47.84120973739837,native_15m_trade_close_plus_real_settlements,27.841209737398373,7.841209737398373,-32.15879026260163
PRICE_FUNDING_15M_GLOBAL_WINDOW,15m-0000869,binance/gate,100,2026-07-01 02:00:00+00:00,2026-07-01 02:30:00+00:00,binance,gate,40.81190339182022,0.0,0,0,40.81190339182022,native_15m_trade_close_plus_real_settlements,20.811903391820223,0.8119033918202234,-39.18809660817978
PRICE_FUNDING_15M_GLOBAL_WINDOW,15m-0000870,binance/gate,100,2026-07-01 03:00:00+00:00,2026-07-01 04:15:00+00:00,binance,gate,21.31512093253542,0.0,0,0,21.31512093253542,native_15m_trade_close_plus_real_settlements,1.3151209325354216,-18.68487906746458,-58.68487906746458
PRICE_FUNDING_15M_GLOBAL_WINDOW,15m-0000871,binance/gate,100,2026-07-01 05:00:00+00:00,2026-07-01 23:45:00+00:00,binance,gate,85.35000804245483,27.094999999999995,2,2,112.44500804245483,native_15m_trade_close_plus_real_settlements,92.44500804245483,72.44500804245483,32.44500804245483
PRICE_FUNDING_15M_GLOBAL_WINDOW,15m-0000872,binance/gate,100,2026-07-02 00:15:00+00:00,2026-07-02 08:30:00+00:00,binance,gate,110.90158193715975,-23.4933,1,1,87.40828193715974,native_15m_trade_close_plus_real_settlements,67.40828193715974,47.40828193715974,7.408281937159742
PRICE_FUNDING_15M_GLOBAL_WINDOW,15m-0000873,binance/gate,100,2026-07-02 09:00:00+00:00,2026-07-02 09:15:00+00:00,binance,gate,17.725959554391068,0.0,0,0,17.725959554391068,native_15m_trade_close_plus_real_settlements,-2.2740404456089323,-22.274040445608932,-62.27404044560893
PRICE_FUNDING_15M_GLOBAL_WINDOW,15m-0000874,binance/gate,100,2026-07-02 11:45:00+00:00,2026-07-02 12:30:00+00:00,binance,gate,21.627619561491557,0.0,0,0,21.627619561491557,native_15m_trade_close_plus_real_settlements,1.6276195614915565,-18.372380438508443,-58.37238043850844
PRICE_FUNDING_15M_GLOBAL_WINDOW,15m-0000875,binance/gate,100,2026-07-03 01:00:00+00:00,2026-07-03 01:15:00+00:00,binance,gate,18.861639131421427,0.0,0,0,18.861639131421427,native_15m_trade_close_plus_real_settlements,-1.138360868578573,-21.138360868578573,-61.13836086857857
PRICE_FUNDING_15M_GLOBAL_WINDOW,15m-0000876,binance/gate,100,2026-07-07 06:45:00+00:00,2026-07-07 15:00:00+00:00,binance,gate,87.57167733797793,-36.1515,1,1,51.42017733797793,native_15m_trade_close_plus_real_settlements,31.420177337977933,11.420177337977933,-28.579822662022067
PRICE_FUNDING_15M_GLOBAL_WINDOW,15m-0000877,binance/gate,100,2026-07-07 15:15:00+00:00,2026-07-07 15:30:00+00:00,binance,gate,4.926954323247699,0.0,0,0,4.926954323247699,native_15m_trade_close_plus_real_settlements,-15.073045676752301,-35.0730456767523,-75.0730456767523
PRICE_FUNDING_15M_GLOBAL_WINDOW,15m-0000878,binance/gate,100,2026-07-07 15:45:00+00:00,2026-07-07 23:30:00+00:00,binance,gate,42.01442091066225,10.1044,1,1,52.11882091066225,native_15m_trade_close_plus_real_settlements,32.11882091066225,12.11882091066225,-27.88117908933775
PRICE_FUNDING_15M_GLOBAL_WINDOW,15m-0000879,binance/gate,100,2026-07-08 01:45:00+00:00,2026-07-08 02:15:00+00:00,binance,gate,26.101358839368302,0.0,0,0,26.101358839368302,native_15m_trade_close_plus_real_settlements,6.101358839368302,-13.898641160631698,-53.8986411606317
PRICE_FUNDING_15M_GLOBAL_WINDOW,15m-0000880,binance/gate,100,2026-07-08 03:45:00+00:00,2026-07-08 04:15:00+00:00,binance,gate,20.241980483915185,0.0,0,0,20.241980483915185,native_15m_trade_close_plus_real_settlements,0.24198048391518512,-19.758019516084815,-59.758019516084815
PRICE_FUNDING_15M_GLOBAL_WINDOW,15m-0000881,binance/gate,100,2026-07-08 04:30:00+00:00,2026-07-13 13:15:00+00:00,binance,gate,229.24251989308385,-21.174400000000016,16,16,208.06811989308383,native_15m_trade_close_plus_real_settlements,188.06811989308383,168.06811989308383,128.06811989308383
PRICE_FUNDING_15M_GLOBAL_WINDOW,15m-0000882,binance/gate,100,2026-07-13 14:15:00+00:00,2026-07-13 23:00:00+00:00,binance,gate,80.5488361588387,14.26,1,1,94.8088361588387,native_15m_trade_close_plus_real_settlements,74.8088361588387,54.8088361588387,14.808836158838702
PRICE_FUNDING_15M_GLOBAL_WINDOW,15m-0000883,binance/gate,100,2026-07-14 00:00:00+00:00,2026-07-17 05:15:00+00:00,binance,gate,112.20804576914813,16.150100000000002,18,18,128.35814576914814,native_15m_trade_close_plus_real_settlements,108.35814576914814,88.35814576914814,48.35814576914814
PRICE_FUNDING_15M_GLOBAL_WINDOW,15m-0000884,binance/gate,100,2026-07-17 05:30:00+00:00,2026-07-17 07:15:00+00:00,binance,gate,13.468203366643436,0.0,0,0,13.468203366643436,native_15m_trade_close_plus_real_settlements,-6.531796633356564,-26.531796633356564,-66.53179663335656
PRICE_FUNDING_15M_GLOBAL_WINDOW,15m-0000885,binance/gate,100,2026-07-17 08:30:00+00:00,2026-07-17 08:45:00+00:00,binance,gate,5.5248772119580565,0.0,0,0,5.5248772119580565,native_15m_trade_close_plus_real_settlements,-14.475122788041944,-34.47512278804194,-74.47512278804194
PRICE_FUNDING_15M_GLOBAL_WINDOW,15m-0000886,binance/gate,100,2026-07-17 09:45:00+00:00,2026-07-17 10:30:00+00:00,binance,gate,15.967361401984164,0.0,0,0,15.967361401984164,native_15m_trade_close_plus_real_settlements,-4.032638598015836,-24.032638598015836,-64.03263859801584
PRICE_FUNDING_15M_GLOBAL_WINDOW,15m-0000887,binance/gate,100,2026-07-17 10:45:00+00:00,2026-07-17 12:30:00+00:00,binance,gate,23.69179073040057,0.8949000000000001,1,1,24.58669073040057,native_15m_trade_close_plus_real_settlements,4.586690730400569,-15.41330926959943,-55.41330926959943
PRICE_FUNDING_15M_GLOBAL_WINDOW,15m-0000888,binance/gate,100,2026-07-17 16:30:00+00:00,2026-07-17 17:00:00+00:00,binance,gate,15.441395788430683,0.0,0,0,15.441395788430683,native_15m_trade_close_plus_real_settlements,-4.5586042115693175,-24.558604211569317,-64.55860421156932
PRICE_FUNDING_15M_GLOBAL_WINDOW,15m-0000917,binance/gate,150,2026-06-24 01:45:00+00:00,2026-06-24 02:00:00+00:00,binance,gate,38.8949317666638,0.0,0,0,38.8949317666638,native_15m_trade_close_plus_real_settlements,18.894931766663802,-1.1050682333361976,-41.1050682333362
PRICE_FUNDING_15M_GLOBAL_WINDOW,15m-0000918,binance/gate,150,2026-06-24 02:30:00+00:00,2026-06-24 02:45:00+00:00,binance,gate,14.409982574799557,0.0,0,0,14.409982574799557,native_15m_trade_close_plus_real_settlements,-5.590017425200443,-25.590017425200443,-65.59001742520044
PRICE_FUNDING_15M_GLOBAL_WINDOW,15m-0000919,binance/gate,150,2026-06-24 03:00:00+00:00,2026-06-24 04:00:00+00:00,binance,gate,25.28355142172495,0.0,0,0,25.28355142172495,native_15m_trade_close_plus_real_settlements,5.283551421724951,-14.716448578275049,-54.71644857827505
PRICE_FUNDING_15M_GLOBAL_WINDOW,15m-0000920,binance/gate,150,2026-06-24 04:30:00+00:00,2026-06-24 07:00:00+00:00,binance,gate,68.83978338964803,0.0,0,0,68.83978338964803,native_15m_trade_close_plus_real_settlements,48.839783389648034,28.839783389648034,-11.160216610351966
PRICE_FUNDING_15M_GLOBAL_WINDOW,15m-0000921,binance/gate,150,2026-06-24 22:00:00+00:00,2026-06-25 00:15:00+00:00,binance,gate,68.1891801486195,-30.3242,1,1,37.864980148619495,native_15m_trade_close_plus_real_settlements,17.864980148619495,-2.1350198513805054,-42.135019851380505
PRICE_FUNDING_15M_GLOBAL_WINDOW,15m-0000922,binance/gate,150,2026-06-25 00:30:00+00:00,2026-06-25 04:45:00+00:00,binance,gate,89.12302977858218,0.0,0,0,89.12302977858218,native_15m_trade_close_plus_real_settlements,69.12302977858218,49.12302977858218,9.123029778582179
PRICE_FUNDING_15M_GLOBAL_WINDOW,15m-0000923,binance/gate,150,2026-06-25 06:15:00+00:00,2026-06-25 06:30:00+00:00,binance,gate,41.71150275086001,0.0,0,0,41.71150275086001,native_15m_trade_close_plus_real_settlements,21.711502750860006,1.7115027508600065,-38.28849724913999
PRICE_FUNDING_15M_GLOBAL_WINDOW,15m-0000924,binance/gate,150,2026-06-25 08:15:00+00:00,2026-06-25 12:45:00+00:00,binance,gate,36.60271459049872,0.0,0,0,36.60271459049872,native_15m_trade_close_plus_real_settlements,16.60271459049872,-3.397285409501279,-43.39728540950128
PRICE_FUNDING_15M_GLOBAL_WINDOW,15m-0000925,binance/gate,150,2026-06-25 13:15:00+00:00,2026-06-25 13:45:00+00:00,binance,gate,10.447163981319704,0.0,0,0,10.447163981319704,native_15m_trade_close_plus_real_settlements,-9.552836018680296,-29.552836018680296,-69.5528360186803
PRICE_FUNDING_15M_GLOBAL_WINDOW,15m-0000926,binance/gate,150,2026-06-25 14:45:00+00:00,2026-06-25 15:00:00+00:00,binance,gate,16.087991252421233,0.0,0,0,16.087991252421233,native_15m_trade_close_plus_real_settlements,-3.912008747578767,-23.912008747578767,-63.91200874757877
PRICE_FUNDING_15M_GLOBAL_WINDOW,15m-0000927,binance/gate,150,2026-06-25 16:00:00+00:00,2026-06-25 23:45:00+00:00,binance,gate,52.29757128767537,6.813300000000001,1,1,59.110871287675366,native_15m_trade_close_plus_real_settlements,39.110871287675366,19.110871287675366,-20.889128712324634
PRICE_FUNDING_15M_GLOBAL_WINDOW,15m-0000928,binance/gate,150,2026-06-26 00:00:00+00:00,2026-06-26 06:45:00+00:00,binance,gate,103.85981646951072,4.650099999999999,1,1,108.50991646951071,native_15m_trade_close_plus_real_settlements,88.50991646951071,68.50991646951071,28.509916469510713
PRICE_FUNDING_15M_GLOBAL_WINDOW,15m-0000929,binance/gate,150,2026-06-26 07:00:00+00:00,2026-06-26 08:00:00+00:00,binance,gate,46.69749244977416,-15.801899999999996,1,1,30.895592449774163,native_15m_trade_close_plus_real_settlements,10.895592449774163,-9.104407550225837,-49.10440755022584
PRICE_FUNDING_15M_GLOBAL_WINDOW,15m-0000930,binance/gate,150,2026-06-26 08:15:00+00:00,2026-06-26 08:45:00+00:00,binance,gate,21.8180972698253,0.0,0,0,21.8180972698253,native_15m_trade_close_plus_real_settlements,1.8180972698253015,-18.1819027301747,-58.1819027301747
PRICE_FUNDING_15M_GLOBAL_WINDOW,15m-0000931,binance/gate,150,2026-06-26 10:15:00+00:00,2026-06-26 12:30:00+00:00,binance,gate,24.477118594950696,0.0,0,0,24.477118594950696,native_15m_trade_close_plus_real_settlements,4.477118594950696,-15.522881405049304,-55.522881405049304
PRICE_FUNDING_15M_GLOBAL_WINDOW,15m-0000932,binance/gate,150,2026-06-26 13:30:00+00:00,2026-06-26 13:45:00+00:00,binance,gate,17.257628098356264,0.0,0,0,17.257628098356264,native_15m_trade_close_plus_real_settlements,-2.742371901643736,-22.742371901643736,-62.742371901643736
PRICE_FUNDING_15M_GLOBAL_WINDOW,15m-0000933,binance/gate,150,2026-06-26 17:15:00+00:00,2026-06-26 18:15:00+00:00,binance,gate,24.261351080747602,0.0,0,0,24.261351080747602,native_15m_trade_close_plus_real_settlements,4.261351080747602,-15.738648919252398,-55.7386489192524
PRICE_FUNDING_15M_GLOBAL_WINDOW,15m-0000934,binance/gate,150,2026-06-26 20:30:00+00:00,2026-06-27 00:30:00+00:00,binance,gate,31.94134726046252,3.36,1,1,35.30134726046252,native_15m_trade_close_plus_real_settlements,15.30134726046252,-4.698652739537479,-44.69865273953748
PRICE_FUNDING_15M_GLOBAL_WINDOW,15m-0000935,binance/gate,150,2026-06-27 02:45:00+00:00,2026-06-27 04:45:00+00:00,binance,gate,21.64707407849224,0.0,0,0,21.64707407849224,native_15m_trade_close_plus_real_settlements,1.6470740784922384,-18.35292592150776,-58.35292592150776
PRICE_FUNDING_15M_GLOBAL_WINDOW,15m-0000936,binance/gate,150,2026-06-27 05:30:00+00:00,2026-06-27 06:15:00+00:00,binance,gate,23.02803384994658,0.0,0,0,23.02803384994658,native_15m_trade_close_plus_real_settlements,3.0280338499465813,-16.97196615005342,-56.97196615005342
PRICE_FUNDING_15M_GLOBAL_WINDOW,15m-0000937,binance/gate,150,2026-06-27 14:00:00+00:00,2026-06-27 14:45:00+00:00,binance,gate,17.658985416364374,0.0,0,0,17.658985416364374,native_15m_trade_close_plus_real_settlements,-2.3410145836356264,-22.341014583635626,-62.341014583635626
PRICE_FUNDING_15M_GLOBAL_WINDOW,15m-0000938,binance/gate,150,2026-06-27 16:00:00+00:00,2026-06-27 17:45:00+00:00,binance,gate,9.572998915729869,2.18,1,1,11.752998915729869,native_15m_trade_close_plus_real_settlements,-8.247001084270131,-28.24700108427013,-68.24700108427012
PRICE_FUNDING_15M_GLOBAL_WINDOW,15m-0000939,binance/gate,150,2026-06-28 00:45:00+00:00,2026-06-28 01:00:00+00:00,binance,gate,7.502025183043514,0.0,0,0,7.502025183043514,native_15m_trade_close_plus_real_settlements,-12.497974816956486,-32.497974816956486,-72.49797481695649
PRICE_FUNDING_15M_GLOBAL_WINDOW,15m-0000940,binance/gate,150,2026-06-28 01:45:00+00:00,2026-06-28 02:45:00+00:00,binance,gate,21.43389606432649,0.0,0,0,21.43389606432649,native_15m_trade_close_plus_real_settlements,1.4338960643264897,-18.56610393567351,-58.56610393567351
PRICE_FUNDING_15M_GLOBAL_WINDOW,15m-0000941,binance/gate,150,2026-06-28 03:00:00+00:00,2026-06-28 03:45:00+00:00,binance,gate,2.7779829251767296,0.0,0,0,2.7779829251767296,native_15m_trade_close_plus_real_settlements,-17.22201707482327,-37.22201707482327,-77.22201707482327
PRICE_FUNDING_15M_GLOBAL_WINDOW,15m-0000942,binance/gate,150,2026-06-28 04:00:00+00:00,2026-06-28 05:00:00+00:00,binance,gate,11.402387525648294,0.0,0,0,11.402387525648294,native_15m_trade_close_plus_real_settlements,-8.597612474351706,-28.597612474351706,-68.5976124743517
PRICE_FUNDING_15M_GLOBAL_WINDOW,15m-0000943,binance/gate,150,2026-06-28 07:30:00+00:00,2026-06-28 10:00:00+00:00,binance,gate,23.21338058061852,1.3938999999999997,1,1,24.607280580618518,native_15m_trade_close_plus_real_settlements,4.607280580618518,-15.392719419381482,-55.39271941938148
PRICE_FUNDING_15M_GLOBAL_WINDOW,15m-0000944,binance/gate,150,2026-06-28 17:15:00+00:00,2026-06-28 18:15:00+00:00,binance,gate,18.970218437966423,0.0,0,0,18.970218437966423,native_15m_trade_close_plus_real_settlements,-1.0297815620335768,-21.029781562033577,-61.02978156203358
PRICE_FUNDING_15M_GLOBAL_WINDOW,15m-0000945,binance/gate,150,2026-06-28 20:45:00+00:00,2026-06-28 22:15:00+00:00,binance,gate,16.71076380697386,0.0,0,0,16.71076380697386,native_15m_trade_close_plus_real_settlements,-3.2892361930261416,-23.28923619302614,-63.28923619302614
PRICE_FUNDING_15M_GLOBAL_WINDOW,15m-0000946,binance/gate,150,2026-06-28 22:30:00+00:00,2026-06-28 22:45:00+00:00,binance,gate,4.292918247685861,0.0,0,0,4.292918247685861,native_15m_trade_close_plus_real_settlements,-15.707081752314139,-35.70708175231414,-75.70708175231414
PRICE_FUNDING_15M_GLOBAL_WINDOW,15m-0000947,binance/gate,150,2026-06-29 00:00:00+00:00,2026-06-29 12:45:00+00:00,binance,gate,148.14104129904499,-5.187500000000001,2,2,142.95354129904499,native_15m_trade_close_plus_real_settlements,122.95354129904499,102.95354129904499,62.953541299044986
PRICE_FUNDING_15M_GLOBAL_WINDOW,15m-0000948,binance/gate,150,2026-06-29 13:00:00+00:00,2026-06-29 14:15:00+00:00,binance,gate,19.650520197016704,0.0,0,0,19.650520197016704,native_15m_trade_close_plus_real_settlements,-0.3494798029832964,-20.349479802983296,-60.349479802983296
PRICE_FUNDING_15M_GLOBAL_WINDOW,15m-0000949,binance/gate,150,2026-06-29 17:30:00+00:00,2026-06-29 17:45:00+00:00,binance,gate,10.730115423725977,0.0,0,0,10.730115423725977,native_15m_trade_close_plus_real_settlements,-9.269884576274023,-29.269884576274023,-69.26988457627402
PRICE_FUNDING_15M_GLOBAL_WINDOW,15m-0000950,binance/gate,150,2026-06-29 20:15:00+00:00,2026-06-29 22:45:00+00:00,binance,gate,26.61263301093581,0.0,0,0,26.61263301093581,native_15m_trade_close_plus_real_settlements,6.612633010935809,-13.38736698906419,-53.38736698906419
PRICE_FUNDING_15M_GLOBAL_WINDOW,15m-0000951,binance/gate,150,2026-06-29 23:00:00+00:00,2026-06-29 23:30:00+00:00,binance,gate,19.199683520395325,0.0,0,0,19.199683520395325,native_15m_trade_close_plus_real_settlements,-0.8003164796046747,-20.800316479604675,-60.800316479604675
PRICE_FUNDING_15M_GLOBAL_WINDOW,15m-0000952,binance/gate,150,2026-06-29 23:45:00+00:00,2026-06-30 02:15:00+00:00,binance,gate,39.290321389028634,-1.3107,1,1,37.97962138902864,native_15m_trade_close_plus_real_settlements,17.979621389028637,-2.0203786109713633,-42.02037861097136
PRICE_FUNDING_15M_GLOBAL_WINDOW,15m-0000953,binance/gate,150,2026-07-01 06:15:00+00:00,2026-07-01 06:30:00+00:00,binance,gate,21.26058994741183,0.0,0,0,21.26058994741183,native_15m_trade_close_plus_real_settlements,1.2605899474118303,-18.73941005258817,-58.73941005258817
PRICE_FUNDING_15M_GLOBAL_WINDOW,15m-0000954,binance/gate,150,2026-07-01 08:00:00+00:00,2026-07-01 09:00:00+00:00,binance,gate,24.63822575412385,6.1758,1,1,30.81402575412385,native_15m_trade_close_plus_real_settlements,10.81402575412385,-9.18597424587615,-49.18597424587615
PRICE_FUNDING_15M_GLOBAL_WINDOW,15m-0000955,binance/gate,150,2026-07-01 09:15:00+00:00,2026-07-01 09:45:00+00:00,binance,gate,19.331573253742192,0.0,0,0,19.331573253742192,native_15m_trade_close_plus_real_settlements,-0.6684267462578077,-20.668426746257808,-60.66842674625781
PRICE_FUNDING_15M_GLOBAL_WINDOW,15m-0000956,binance/gate,150,2026-07-01 10:15:00+00:00,2026-07-01 11:45:00+00:00,binance,gate,17.99351959837111,0.0,0,0,17.99351959837111,native_15m_trade_close_plus_real_settlements,-2.0064804016288917,-22.00648040162889,-62.00648040162889
PRICE_FUNDING_15M_GLOBAL_WINDOW,15m-0000957,binance/gate,150,2026-07-01 12:15:00+00:00,2026-07-01 12:30:00+00:00,binance,gate,17.85286279634076,0.0,0,0,17.85286279634076,native_15m_trade_close_plus_real_settlements,-2.1471372036592413,-22.14713720365924,-62.14713720365924
PRICE_FUNDING_15M_GLOBAL_WINDOW,15m-0000958,binance/gate,150,2026-07-01 12:45:00+00:00,2026-07-01 13:15:00+00:00,binance,gate,5.09077561840266,0.0,0,0,5.09077561840266,native_15m_trade_close_plus_real_settlements,-14.90922438159734,-34.90922438159734,-74.90922438159734
PRICE_FUNDING_15M_GLOBAL_WINDOW,15m-0000959,binance/gate,150,2026-07-01 17:15:00+00:00,2026-07-01 17:30:00+00:00,binance,gate,1.498541759097094,0.0,0,0,1.498541759097094,native_15m_trade_close_plus_real_settlements,-18.501458240902906,-38.501458240902906,-78.5014582409029
PRICE_FUNDING_15M_GLOBAL_WINDOW,15m-0000960,binance/gate,150,2026-07-01 17:45:00+00:00,2026-07-01 18:15:00+00:00,binance,gate,8.660548215331488,0.0,0,0,8.660548215331488,native_15m_trade_close_plus_real_settlements,-11.339451784668512,-31.339451784668512,-71.33945178466851
PRICE_FUNDING_15M_GLOBAL_WINDOW,15m-0000961,binance/gate,150,2026-07-01 18:30:00+00:00,2026-07-01 21:45:00+00:00,binance,gate,26.56703216562957,0.0,0,0,26.56703216562957,native_15m_trade_close_plus_real_settlements,6.56703216562957,-13.43296783437043,-53.43296783437043
PRICE_FUNDING_15M_GLOBAL_WINDOW,15m-0000962,binance/gate,150,2026-07-01 22:00:00+00:00,2026-07-01 23:30:00+00:00,binance,gate,38.86935885406308,0.0,0,0,38.86935885406308,native_15m_trade_close_plus_real_settlements,18.86935885406308,-1.1306411459369201,-41.13064114593692
PRICE_FUNDING_15M_GLOBAL_WINDOW,15m-0000963,binance/gate,150,2026-07-02 06:15:00+00:00,2026-07-02 06:30:00+00:00,binance,gate,72.22577776463604,0.0,0,0,72.22577776463604,native_15m_trade_close_plus_real_settlements,52.225777764636035,32.225777764636035,-7.774222235363965
PRICE_FUNDING_15M_GLOBAL_WINDOW,15m-0000964,binance/gate,150,2026-07-02 07:00:00+00:00,2026-07-02 08:00:00+00:00,binance,gate,66.50706381017852,-23.4933,1,1,43.01376381017852,native_15m_trade_close_plus_real_settlements,23.013763810178517,3.013763810178517,-36.98623618982148
PRICE_FUNDING_15M_GLOBAL_WINDOW,15m-0000965,binance/gate,150,2026-07-07 07:00:00+00:00,2026-07-07 08:00:00+00:00,binance,gate,66.22519753826201,-36.1515,1,1,30.07369753826201,native_15m_trade_close_plus_real_settlements,10.07369753826201,-9.92630246173799,-49.92630246173799
PRICE_FUNDING_15M_GLOBAL_WINDOW,15m-0000966,binance/gate,150,2026-07-08 06:30:00+00:00,2026-07-08 06:45:00+00:00,binance,gate,13.242783035647335,0.0,0,0,13.242783035647335,native_15m_trade_close_plus_real_settlements,-6.757216964352665,-26.757216964352665,-66.75721696435266
PRICE_FUNDING_15M_GLOBAL_WINDOW,15m-0000967,binance/gate,150,2026-07-08 07:15:00+00:00,2026-07-08 07:45:00+00:00,binance,gate,13.786091578775824,0.0,0,0,13.786091578775824,native_15m_trade_close_plus_real_settlements,-6.2139084212241755,-26.213908421224176,-66.21390842122418
PRICE_FUNDING_15M_GLOBAL_WINDOW,15m-0000968,binance/gate,150,2026-07-08 17:00:00+00:00,2026-07-08 20:15:00+00:00,binance,gate,50.936493652947775,0.0,0,0,50.936493652947775,native_15m_trade_close_plus_real_settlements,30.936493652947775,10.936493652947775,-29.063506347052225
PRICE_FUNDING_15M_GLOBAL_WINDOW,15m-0000969,binance/gate,150,2026-07-08 20:30:00+00:00,2026-07-08 21:00:00+00:00,binance,gate,12.364647579473683,0.0,0,0,12.364647579473683,native_15m_trade_close_plus_real_settlements,-7.635352420526317,-27.635352420526317,-67.63535242052632
PRICE_FUNDING_15M_GLOBAL_WINDOW,15m-0000970,binance/gate,150,2026-07-08 22:15:00+00:00,2026-07-08 23:15:00+00:00,binance,gate,27.745530086891392,0.0,0,0,27.745530086891392,native_15m_trade_close_plus_real_settlements,7.745530086891392,-12.254469913108608,-52.25446991310861
PRICE_FUNDING_15M_GLOBAL_WINDOW,15m-0000971,binance/gate,150,2026-07-09 06:30:00+00:00,2026-07-09 08:00:00+00:00,binance,gate,24.729127139086614,-17.3872,1,1,7.341927139086614,native_15m_trade_close_plus_real_settlements,-12.658072860913386,-32.658072860913386,-72.65807286091339
PRICE_FUNDING_15M_GLOBAL_WINDOW,15m-0000972,binance/gate,150,2026-07-09 08:15:00+00:00,2026-07-09 09:15:00+00:00,binance,gate,15.184879467014412,0.0,0,0,15.184879467014412,native_15m_trade_close_plus_real_settlements,-4.815120532985588,-24.81512053298559,-64.81512053298559
PRICE_FUNDING_15M_GLOBAL_WINDOW,15m-0000973,binance/gate,150,2026-07-09 10:00:00+00:00,2026-07-13 13:00:00+00:00,binance,gate,124.9052486314753,27.09689999999998,12,12,152.00214863147528,native_15m_trade_close_plus_real_settlements,132.00214863147528,112.00214863147528,72.00214863147528
PRICE_FUNDING_15M_GLOBAL_WINDOW,15m-0000974,binance/gate,150,2026-07-13 16:00:00+00:00,2026-07-13 16:30:00+00:00,binance,gate,15.650325678523558,14.26,1,1,29.910325678523556,native_15m_trade_close_plus_real_settlements,9.910325678523556,-10.089674321476444,-50.089674321476444
PRICE_FUNDING_15M_GLOBAL_WINDOW,15m-0000975,binance/gate,150,2026-07-13 17:00:00+00:00,2026-07-13 18:15:00+00:00,binance,gate,25.795716427388868,0.0,0,0,25.795716427388868,native_15m_trade_close_plus_real_settlements,5.795716427388868,-14.204283572611132,-54.20428357261113
PRICE_FUNDING_15M_GLOBAL_WINDOW,15m-0000976,binance/gate,150,2026-07-13 18:45:00+00:00,2026-07-13 19:00:00+00:00,binance,gate,22.64805672087803,0.0,0,0,22.64805672087803,native_15m_trade_close_plus_real_settlements,2.6480567208780315,-17.35194327912197,-57.35194327912197
PRICE_FUNDING_15M_GLOBAL_WINDOW,15m-0000977,binance/gate,150,2026-07-13 19:15:00+00:00,2026-07-13 19:30:00+00:00,binance,gate,36.830154252379856,0.0,0,0,36.830154252379856,native_15m_trade_close_plus_real_settlements,16.830154252379856,-3.169845747620144,-43.169845747620144
PRICE_FUNDING_15M_GLOBAL_WINDOW,15m-0000978,binance/gate,150,2026-07-13 20:45:00+00:00,2026-07-13 21:15:00+00:00,binance,gate,15.87238172010538,0.0,0,0,15.87238172010538,native_15m_trade_close_plus_real_settlements,-4.1276182798946195,-24.12761827989462,-64.12761827989462
PRICE_FUNDING_15M_GLOBAL_WINDOW,15m-0000979,binance/gate,150,2026-07-13 21:45:00+00:00,2026-07-13 22:30:00+00:00,binance,gate,19.943274163837316,0.0,0,0,19.943274163837316,native_15m_trade_close_plus_real_settlements,-0.05672583616268412,-20.056725836162684,-60.056725836162684
PRICE_FUNDING_15M_GLOBAL_WINDOW,15m-0000980,binance/gate,150,2026-07-14 01:30:00+00:00,2026-07-14 01:45:00+00:00,binance,gate,22.352223656789562,0.0,0,0,22.352223656789562,native_15m_trade_close_plus_real_settlements,2.352223656789562,-17.647776343210438,-57.64777634321044
PRICE_FUNDING_15M_GLOBAL_WINDOW,15m-0000981,binance/gate,150,2026-07-14 02:30:00+00:00,2026-07-14 02:45:00+00:00,binance,gate,19.498089012257537,0.0,0,0,19.498089012257537,native_15m_trade_close_plus_real_settlements,-0.5019109877424626,-20.501910987742463,-60.50191098774246
PRICE_FUNDING_15M_GLOBAL_WINDOW,15m-0000982,binance/gate,150,2026-07-14 03:45:00+00:00,2026-07-14 04:15:00+00:00,binance,gate,7.758935478322513,0.0,0,0,7.758935478322513,native_15m_trade_close_plus_real_settlements,-12.241064521677487,-32.24106452167749,-72.24106452167749
PRICE_FUNDING_15M_GLOBAL_WINDOW,15m-0000983,binance/gate,150,2026-07-14 04:30:00+00:00,2026-07-14 04:45:00+00:00,binance,gate,9.014959035741128,0.0,0,0,9.014959035741128,native_15m_trade_close_plus_real_settlements,-10.985040964258872,-30.98504096425887,-70.98504096425887
PRICE_FUNDING_15M_GLOBAL_WINDOW,15m-0000984,binance/gate,150,2026-07-14 06:00:00+00:00,2026-07-14 07:15:00+00:00,binance,gate,15.809688720483763,0.0,0,0,15.809688720483763,native_15m_trade_close_plus_real_settlements,-4.190311279516237,-24.190311279516237,-64.19031127951624
PRICE_FUNDING_15M_GLOBAL_WINDOW,15m-0000985,binance/gate,150,2026-07-14 07:30:00+00:00,2026-07-14 07:45:00+00:00,binance,gate,14.124597753161822,0.0,0,0,14.124597753161822,native_15m_trade_close_plus_real_settlements,-5.875402246838178,-25.875402246838178,-65.87540224683818
PRICE_FUNDING_15M_GLOBAL_WINDOW,15m-0000986,binance/gate,150,2026-07-14 13:30:00+00:00,2026-07-14 14:00:00+00:00,binance,gate,8.34791894818187,0.0,0,0,8.34791894818187,native_15m_trade_close_plus_real_settlements,-11.65208105181813,-31.65208105181813,-71.65208105181813
PRICE_FUNDING_15M_GLOBAL_WINDOW,15m-0000987,binance/gate,150,2026-07-14 14:30:00+00:00,2026-07-14 14:45:00+00:00,binance,gate,3.6439754461566167,0.0,0,0,3.6439754461566167,native_15m_trade_close_plus_real_settlements,-16.356024553843383,-36.35602455384338,-76.35602455384338
PRICE_FUNDING_15M_GLOBAL_WINDOW,15m-0000988,binance/gate,150,2026-07-14 15:15:00+00:00,2026-07-15 05:45:00+00:00,binance,gate,66.44523426193058,-38.969,4,4,27.47623426193058,native_15m_trade_close_plus_real_settlements,7.476234261930578,-12.523765738069422,-52.52376573806942
PRICE_FUNDING_15M_GLOBAL_WINDOW,15m-0000989,binance/gate,150,2026-07-15 06:00:00+00:00,2026-07-15 07:15:00+00:00,binance,gate,38.90818558634669,0.0,0,0,38.90818558634669,native_15m_trade_close_plus_real_settlements,18.90818558634669,-1.0918144136533101,-41.09181441365331
PRICE_FUNDING_15M_GLOBAL_WINDOW,15m-0000990,binance/gate,150,2026-07-15 09:15:00+00:00,2026-07-15 09:45:00+00:00,binance,gate,33.519871628388344,0.0,0,0,33.519871628388344,native_15m_trade_close_plus_real_settlements,13.519871628388344,-6.480128371611656,-46.480128371611656
PRICE_FUNDING_15M_GLOBAL_WINDOW,15m-0000991,binance/gate,150,2026-07-15 10:30:00+00:00,2026-07-15 11:00:00+00:00,binance,gate,21.523998220208682,0.0,0,0,21.523998220208682,native_15m_trade_close_plus_real_settlements,1.5239982202086821,-18.476001779791318,-58.47600177979132
PRICE_FUNDING_15M_GLOBAL_WINDOW,15m-0000992,binance/gate,150,2026-07-15 11:15:00+00:00,2026-07-15 11:30:00+00:00,binance,gate,9.546225411311838,0.0,0,0,9.546225411311838,native_15m_trade_close_plus_real_settlements,-10.453774588688162,-30.453774588688162,-70.45377458868816
PRICE_FUNDING_15M_GLOBAL_WINDOW,15m-0000993,binance/gate,150,2026-07-15 11:45:00+00:00,2026-07-15 12:00:00+00:00,binance,gate,2.2959630547033214,0.5,1,1,2.7959630547033214,native_15m_trade_close_plus_real_settlements,-17.20403694529668,-37.20403694529668,-77.20403694529668
PRICE_FUNDING_15M_GLOBAL_WINDOW,15m-0000994,binance/gate,150,2026-07-15 12:15:00+00:00,2026-07-15 12:30:00+00:00,binance,gate,10.425471074458954,0.0,0,0,10.425471074458954,native_15m_trade_close_plus_real_settlements,-9.574528925541046,-29.574528925541046,-69.57452892554105
PRICE_FUNDING_15M_GLOBAL_WINDOW,15m-0000995,binance/gate,150,2026-07-15 12:45:00+00:00,2026-07-15 14:30:00+00:00,binance,gate,30.22195886685094,0.0,0,0,30.22195886685094,native_15m_trade_close_plus_real_settlements,10.22195886685094,-9.77804113314906,-49.77804113314906
PRICE_FUNDING_15M_GLOBAL_WINDOW,15m-0000996,binance/gate,150,2026-07-15 14:45:00+00:00,2026-07-15 15:00:00+00:00,binance,gate,7.532048753581506,0.0,0,0,7.532048753581506,native_15m_trade_close_plus_real_settlements,-12.467951246418494,-32.467951246418494,-72.4679512464185
PRICE_FUNDING_15M_GLOBAL_WINDOW,15m-0000997,binance/gate,150,2026-07-15 17:30:00+00:00,2026-07-15 17:45:00+00:00,binance,gate,8.257391845239539,0.0,0,0,8.257391845239539,native_15m_trade_close_plus_real_settlements,-11.742608154760461,-31.74260815476046,-71.74260815476046
PRICE_FUNDING_15M_GLOBAL_WINDOW,15m-0000998,binance/gate,150,2026-07-15 18:00:00+00:00,2026-07-15 18:15:00+00:00,binance,gate,10.885652350537782,0.0,0,0,10.885652350537782,native_15m_trade_close_plus_real_settlements,-9.114347649462218,-29.114347649462218,-69.11434764946222
PRICE_FUNDING_15M_GLOBAL_WINDOW,15m-0000999,binance/gate,150,2026-07-15 18:30:00+00:00,2026-07-15 19:00:00+00:00,binance,gate,19.527688362010707,0.0,0,0,19.527688362010707,native_15m_trade_close_plus_real_settlements,-0.4723116379892929,-20.472311637989293,-60.47231163798929
PRICE_FUNDING_15M_GLOBAL_WINDOW,15m-0001000,binance/gate,150,2026-07-15 19:30:00+00:00,2026-07-15 20:00:00+00:00,binance,gate,7.021570783278179,-5.9738999999999995,1,1,1.0476707832781793,native_15m_trade_close_plus_real_settlements,-18.95232921672182,-38.95232921672182,-78.95232921672182
PRICE_FUNDING_15M_GLOBAL_WINDOW,15m-0001001,binance/gate,150,2026-07-15 20:15:00+00:00,2026-07-17 00:30:00+00:00,binance,gate,53.63803113051938,29.2464,7,7,82.88443113051937,native_15m_trade_close_plus_real_settlements,62.884431130519374,42.884431130519374,2.884431130519374
PRICE_FUNDING_15M_GLOBAL_WINDOW,15m-0001087,binance/gate,200,2026-06-24 04:45:00+00:00,2026-06-24 05:00:00+00:00,binance,gate,8.416060208395379,0.0,0,0,8.416060208395379,native_15m_trade_close_plus_real_settlements,-11.583939791604621,-31.58393979160462,-71.58393979160462
PRICE_FUNDING_15M_GLOBAL_WINDOW,15m-0001088,binance/gate,200,2026-06-24 23:30:00+00:00,2026-06-24 23:45:00+00:00,binance,gate,11.593690202173917,0.0,0,0,11.593690202173917,native_15m_trade_close_plus_real_settlements,-8.406309797826083,-28.406309797826083,-68.40630979782608
PRICE_FUNDING_15M_GLOBAL_WINDOW,15m-0001089,binance/gate,200,2026-06-25 01:15:00+00:00,2026-06-25 02:30:00+00:00,binance,gate,62.834182547960125,0.0,0,0,62.834182547960125,native_15m_trade_close_plus_real_settlements,42.834182547960125,22.834182547960125,-17.165817452039875
PRICE_FUNDING_15M_GLOBAL_WINDOW,15m-0001090,binance/gate,200,2026-06-25 02:45:00+00:00,2026-06-25 03:30:00+00:00,binance,gate,16.77198007956764,0.0,0,0,16.77198007956764,native_15m_trade_close_plus_real_settlements,-3.2280199204323594,-23.22801992043236,-63.22801992043236
PRICE_FUNDING_15M_GLOBAL_WINDOW,15m-0001091,binance/gate,200,2026-06-25 03:45:00+00:00,2026-06-25 04:00:00+00:00,binance,gate,36.00990193081756,0.0,0,0,36.00990193081756,native_15m_trade_close_plus_real_settlements,16.009901930817563,-3.9900980691824373,-43.99009806918244
PRICE_FUNDING_15M_GLOBAL_WINDOW,15m-0001092,binance/gate,200,2026-06-26 01:30:00+00:00,2026-06-26 01:45:00+00:00,binance,gate,7.220309615941403,0.0,0,0,7.220309615941403,native_15m_trade_close_plus_real_settlements,-12.779690384058597,-32.7796903840586,-72.7796903840586
PRICE_FUNDING_15M_GLOBAL_WINDOW,15m-0001093,binance/gate,200,2026-06-26 02:15:00+00:00,2026-06-26 02:30:00+00:00,binance,gate,24.369739677483466,0.0,0,0,24.369739677483466,native_15m_trade_close_plus_real_settlements,4.369739677483466,-15.630260322516534,-55.630260322516534
PRICE_FUNDING_15M_GLOBAL_WINDOW,15m-0001094,binance/gate,200,2026-06-26 03:15:00+00:00,2026-06-26 04:00:00+00:00,binance,gate,34.93653387207374,0.0,0,0,34.93653387207374,native_15m_trade_close_plus_real_settlements,14.936533872073738,-5.063466127926262,-45.06346612792626
PRICE_FUNDING_15M_GLOBAL_WINDOW,15m-0001095,binance/gate,200,2026-06-26 04:15:00+00:00,2026-06-26 05:15:00+00:00,binance,gate,55.33846882144641,0.0,0,0,55.33846882144641,native_15m_trade_close_plus_real_settlements,35.33846882144641,15.338468821446412,-24.661531178553588
PRICE_FUNDING_15M_GLOBAL_WINDOW,15m-0001096,binance/gate,200,2026-06-26 06:00:00+00:00,2026-06-26 06:30:00+00:00,binance,gate,55.45712285438799,0.0,0,0,55.45712285438799,native_15m_trade_close_plus_real_settlements,35.45712285438799,15.45712285438799,-24.54287714561201
PRICE_FUNDING_15M_GLOBAL_WINDOW,15m-0001097,binance/gate,200,2026-06-29 00:45:00+00:00,2026-06-29 01:00:00+00:00,binance,gate,15.821528631815966,0.0,0,0,15.821528631815966,native_15m_trade_close_plus_real_settlements,-4.178471368184034,-24.178471368184034,-64.17847136818403
PRICE_FUNDING_15M_GLOBAL_WINDOW,15m-0001098,binance/gate,200,2026-06-29 01:30:00+00:00,2026-06-29 01:45:00+00:00,binance,gate,2.6915391244111504,0.0,0,0,2.6915391244111504,native_15m_trade_close_plus_real_settlements,-17.30846087558885,-37.30846087558885,-77.30846087558885
PRICE_FUNDING_15M_GLOBAL_WINDOW,15m-0001099,binance/gate,200,2026-06-29 02:00:00+00:00,2026-06-29 08:00:00+00:00,binance,gate,108.56687920222475,-23.8018,1,1,84.76507920222475,native_15m_trade_close_plus_real_settlements,64.76507920222475,44.765079202224754,4.765079202224754
PRICE_FUNDING_15M_GLOBAL_WINDOW,15m-0001100,binance/gate,200,2026-07-02 06:15:00+00:00,2026-07-02 06:30:00+00:00,binance,gate,72.22577776463604,0.0,0,0,72.22577776463604,native_15m_trade_close_plus_real_settlements,52.225777764636035,32.225777764636035,-7.774222235363965
PRICE_FUNDING_15M_GLOBAL_WINDOW,15m-0001101,binance/gate,200,2026-07-10 02:00:00+00:00,2026-07-10 03:00:00+00:00,binance,gate,17.1132262491831,0.0,0,0,17.1132262491831,native_15m_trade_close_plus_real_settlements,-2.8867737508169,-22.8867737508169,-62.8867737508169
PRICE_FUNDING_15M_GLOBAL_WINDOW,15m-0001102,binance/gate,200,2026-07-10 03:15:00+00:00,2026-07-10 03:30:00+00:00,binance,gate,2.143448525366324,0.0,0,0,2.143448525366324,native_15m_trade_close_plus_real_settlements,-17.856551474633676,-37.856551474633676,-77.85655147463368
PRICE_FUNDING_15M_GLOBAL_WINDOW,15m-0001103,binance/gate,200,2026-07-10 04:00:00+00:00,2026-07-10 04:30:00+00:00,binance,gate,3.9577329905274894,0.0,0,0,3.9577329905274894,native_15m_trade_close_plus_real_settlements,-16.04226700947251,-36.04226700947251,-76.04226700947251
PRICE_FUNDING_15M_GLOBAL_WINDOW,15m-0001104,binance/gate,200,2026-07-10 06:00:00+00:00,2026-07-10 06:15:00+00:00,binance,gate,10.530995456892043,0.0,0,0,10.530995456892043,native_15m_trade_close_plus_real_settlements,-9.469004543107957,-29.469004543107957,-69.46900454310796
PRICE_FUNDING_15M_GLOBAL_WINDOW,15m-0001105,binance/gate,200,2026-07-10 09:15:00+00:00,2026-07-10 11:00:00+00:00,binance,gate,10.769674991230005,0.0,0,0,10.769674991230005,native_15m_trade_close_plus_real_settlements,-9.230325008769995,-29.230325008769995,-69.23032500877
PRICE_FUNDING_15M_GLOBAL_WINDOW,15m-0001106,binance/gate,200,2026-07-10 12:30:00+00:00,2026-07-10 12:45:00+00:00,binance,gate,14.328933168954222,0.0,0,0,14.328933168954222,native_15m_trade_close_plus_real_settlements,-5.671066831045778,-25.671066831045778,-65.67106683104578
PRICE_FUNDING_15M_GLOBAL_WINDOW,15m-0001107,binance/gate,200,2026-07-10 14:15:00+00:00,2026-07-10 15:30:00+00:00,binance,gate,39.41446244038781,0.0,0,0,39.41446244038781,native_15m_trade_close_plus_real_settlements,19.41446244038781,-0.5855375596121917,-40.58553755961219
PRICE_FUNDING_15M_GLOBAL_WINDOW,15m-0001108,binance/gate,200,2026-07-10 15:45:00+00:00,2026-07-10 16:00:00+00:00,binance,gate,17.040357239481807,1.49,1,1,18.530357239481805,native_15m_trade_close_plus_real_settlements,-1.4696427605181945,-21.469642760518195,-61.4696427605182
PRICE_FUNDING_15M_GLOBAL_WINDOW,15m-0001109,binance/gate,200,2026-07-10 16:30:00+00:00,2026-07-10 16:45:00+00:00,binance,gate,13.57774703083956,0.0,0,0,13.57774703083956,native_15m_trade_close_plus_real_settlements,-6.422252969160439,-26.42225296916044,-66.42225296916044
PRICE_FUNDING_15M_GLOBAL_WINDOW,15m-0001110,binance/gate,200,2026-07-10 17:15:00+00:00,2026-07-10 17:45:00+00:00,binance,gate,6.308083932075647,0.0,0,0,6.308083932075647,native_15m_trade_close_plus_real_settlements,-13.691916067924353,-33.69191606792435,-73.69191606792435
PRICE_FUNDING_15M_GLOBAL_WINDOW,15m-0001111,binance/gate,200,2026-07-10 18:00:00+00:00,2026-07-10 18:15:00+00:00,binance,gate,29.736751157710813,0.0,0,0,29.736751157710813,native_15m_trade_close_plus_real_settlements,9.736751157710813,-10.263248842289187,-50.26324884228919
PRICE_FUNDING_15M_GLOBAL_WINDOW,15m-0001112,binance/gate,200,2026-07-10 18:30:00+00:00,2026-07-10 18:45:00+00:00,binance,gate,25.494313833751704,0.0,0,0,25.494313833751704,native_15m_trade_close_plus_real_settlements,5.494313833751704,-14.505686166248296,-54.505686166248296
PRICE_FUNDING_15M_GLOBAL_WINDOW,15m-0001113,binance/gate,200,2026-07-10 19:00:00+00:00,2026-07-10 19:30:00+00:00,binance,gate,10.789207883793807,0.0,0,0,10.789207883793807,native_15m_trade_close_plus_real_settlements,-9.210792116206193,-29.210792116206193,-69.21079211620619
PRICE_FUNDING_15M_GLOBAL_WINDOW,15m-0001114,binance/gate,200,2026-07-10 20:45:00+00:00,2026-07-10 21:30:00+00:00,binance,gate,22.99033280912826,0.0,0,0,22.99033280912826,native_15m_trade_close_plus_real_settlements,2.9903328091282617,-17.00966719087174,-57.00966719087174
PRICE_FUNDING_15M_GLOBAL_WINDOW,15m-0001115,binance/gate,200,2026-07-10 22:15:00+00:00,2026-07-10 22:30:00+00:00,binance,gate,3.4640927141389,0.0,0,0,3.4640927141389,native_15m_trade_close_plus_real_settlements,-16.5359072858611,-36.5359072858611,-76.5359072858611
PRICE_FUNDING_15M_GLOBAL_WINDOW,15m-0001116,binance/gate,200,2026-07-10 23:30:00+00:00,2026-07-10 23:45:00+00:00,binance,gate,4.26570186031347,0.0,0,0,4.26570186031347,native_15m_trade_close_plus_real_settlements,-15.73429813968653,-35.73429813968653,-75.73429813968653
PRICE_FUNDING_15M_GLOBAL_WINDOW,15m-0001117,binance/gate,200,2026-07-11 00:00:00+00:00,2026-07-11 00:15:00+00:00,binance,gate,3.7489070091064036,2.18,1,1,5.928907009106403,native_15m_trade_close_plus_real_settlements,-14.071092990893597,-34.0710929908936,-74.07109299089359
PRICE_FUNDING_15M_GLOBAL_WINDOW,15m-0001118,binance/gate,200,2026-07-11 00:30:00+00:00,2026-07-11 05:00:00+00:00,binance,gate,17.369773826664186,0.0,0,0,17.369773826664186,native_15m_trade_close_plus_real_settlements,-2.6302261733358137,-22.630226173335814,-62.630226173335814
PRICE_FUNDING_15M_GLOBAL_WINDOW,15m-0001119,binance/gate,200,2026-07-11 12:30:00+00:00,2026-07-11 14:00:00+00:00,binance,gate,11.711518274393683,0.0,0,0,11.711518274393683,native_15m_trade_close_plus_real_settlements,-8.288481725606317,-28.288481725606317,-68.28848172560632
PRICE_FUNDING_15M_GLOBAL_WINDOW,15m-0001120,binance/gate,200,2026-07-11 14:30:00+00:00,2026-07-11 16:45:00+00:00,binance,gate,8.345679846054054,3.12,1,1,11.465679846054055,native_15m_trade_close_plus_real_settlements,-8.534320153945945,-28.534320153945945,-68.53432015394594
PRICE_FUNDING_15M_GLOBAL_WINDOW,15m-0001121,binance/gate,200,2026-07-11 17:00:00+00:00,2026-07-11 19:00:00+00:00,binance,gate,6.189573261767862,0.0,0,0,6.189573261767862,native_15m_trade_close_plus_real_settlements,-13.810426738232138,-33.81042673823214,-73.81042673823214
PRICE_FUNDING_15M_GLOBAL_WINDOW,15m-0001122,binance/gate,200,2026-07-11 19:15:00+00:00,2026-07-11 20:15:00+00:00,binance,gate,7.763277131372149,0.0,0,0,7.763277131372149,native_15m_trade_close_plus_real_settlements,-12.23672286862785,-32.23672286862785,-72.23672286862785
PRICE_FUNDING_15M_GLOBAL_WINDOW,15m-0001123,binance/gate,200,2026-07-11 20:30:00+00:00,2026-07-11 20:45:00+00:00,binance,gate,3.37689364680395,0.0,0,0,3.37689364680395,native_15m_trade_close_plus_real_settlements,-16.62310635319605,-36.62310635319605,-76.62310635319605
PRICE_FUNDING_15M_GLOBAL_WINDOW,15m-0001124,binance/gate,200,2026-07-11 22:00:00+00:00,2026-07-11 22:45:00+00:00,binance,gate,6.95373621241751,0.0,0,0,6.95373621241751,native_15m_trade_close_plus_real_settlements,-13.04626378758249,-33.04626378758249,-73.04626378758249
PRICE_FUNDING_15M_GLOBAL_WINDOW,15m-0001125,binance/gate,200,2026-07-11 23:00:00+00:00,2026-07-12 07:45:00+00:00,binance,gate,24.856836416538442,5.2393,1,1,30.096136416538442,native_15m_trade_close_plus_real_settlements,10.096136416538442,-9.903863583461558,-49.90386358346156
PRICE_FUNDING_15M_GLOBAL_WINDOW,15m-0001126,binance/gate,200,2026-07-12 08:45:00+00:00,2026-07-12 19:15:00+00:00,binance,gate,9.796780394478134,7.029999999999999,1,1,16.826780394478135,native_15m_trade_close_plus_real_settlements,-3.173219605521865,-23.173219605521865,-63.173219605521865
PRICE_FUNDING_15M_GLOBAL_WINDOW,15m-0001127,binance/gate,200,2026-07-12 19:30:00+00:00,2026-07-12 20:00:00+00:00,binance,gate,4.870674604231624,0.0,0,0,4.870674604231624,native_15m_trade_close_plus_real_settlements,-15.129325395768376,-35.129325395768376,-75.12932539576838
PRICE_FUNDING_15M_GLOBAL_WINDOW,15m-0001128,binance/gate,200,2026-07-12 20:15:00+00:00,2026-07-12 21:15:00+00:00,binance,gate,21.18211154145007,0.0,0,0,21.18211154145007,native_15m_trade_close_plus_real_settlements,1.1821115414500696,-18.81788845854993,-58.81788845854993
PRICE_FUNDING_15M_GLOBAL_WINDOW,15m-0001129,binance/gate,200,2026-07-12 21:30:00+00:00,2026-07-12 21:45:00+00:00,binance,gate,7.667441066847516,0.0,0,0,7.667441066847516,native_15m_trade_close_plus_real_settlements,-12.332558933152484,-32.332558933152484,-72.33255893315248
PRICE_FUNDING_15M_GLOBAL_WINDOW,15m-0001130,binance/gate,200,2026-07-12 22:00:00+00:00,2026-07-12 23:00:00+00:00,binance,gate,17.872030219209137,0.0,0,0,17.872030219209137,native_15m_trade_close_plus_real_settlements,-2.1279697807908633,-22.127969780790863,-62.12796978079086
PRICE_FUNDING_15M_GLOBAL_WINDOW,15m-0001131,binance/gate,200,2026-07-13 00:00:00+00:00,2026-07-13 00:30:00+00:00,binance,gate,17.895274173327067,27.4726,1,1,45.36787417332707,native_15m_trade_close_plus_real_settlements,25.367874173327067,5.367874173327067,-34.63212582667293
PRICE_FUNDING_15M_GLOBAL_WINDOW,15m-0001132,binance/gate,200,2026-07-13 00:45:00+00:00,2026-07-13 12:30:00+00:00,binance,gate,91.68291314817716,-20.0,1,1,71.68291314817716,native_15m_trade_close_plus_real_settlements,51.682913148177164,31.682913148177164,-8.317086851822836
PRICE_FUNDING_15M_GLOBAL_WINDOW,15m-0001133,binance/gate,200,2026-07-14 21:45:00+00:00,2026-07-14 22:00:00+00:00,binance,gate,10.333281176944496,0.0,0,0,10.333281176944496,native_15m_trade_close_plus_real_settlements,-9.666718823055504,-29.666718823055504,-69.6667188230555
PRICE_FUNDING_15M_GLOBAL_WINDOW,15m-0001134,binance/gate,200,2026-07-14 23:00:00+00:00,2026-07-15 00:00:00+00:00,binance,gate,17.15595559778177,-15.299299999999999,1,1,1.8566555977817707,native_15m_trade_close_plus_real_settlements,-18.14334440221823,-38.14334440221823,-78.14334440221823
PRICE_FUNDING_15M_GLOBAL_WINDOW,15m-0001135,binance/gate,200,2026-07-15 00:30:00+00:00,2026-07-15 01:45:00+00:00,binance,gate,15.702913238106078,0.0,0,0,15.702913238106078,native_15m_trade_close_plus_real_settlements,-4.297086761893922,-24.297086761893922,-64.29708676189392
PRICE_FUNDING_15M_GLOBAL_WINDOW,15m-0001187,binance/hyperliquid,20,2026-06-11 06:30:00+00:00,2026-06-11 06:45:00+00:00,hyperliquid,binance,8.591949004266104,0.0,0,0,8.591949004266104,native_15m_trade_close_plus_real_settlements,-11.408050995733896,-31.408050995733895,-71.4080509957339
PRICE_FUNDING_15M_GLOBAL_WINDOW,15m-0001188,binance/hyperliquid,20,2026-06-11 07:00:00+00:00,2026-06-11 07:30:00+00:00,hyperliquid,binance,10.690194519079618,0.589083,1,0,11.279277519079619,native_15m_trade_close_plus_real_settlements,-8.720722480920381,-28.72072248092038,-68.72072248092039
PRICE_FUNDING_15M_GLOBAL_WINDOW,15m-0001189,binance/hyperliquid,20,2026-06-11 08:15:00+00:00,2026-06-11 15:00:00+00:00,hyperliquid,binance,27.3634782080062,3.5736389999999996,7,0,30.9371172080062,native_15m_trade_close_plus_real_settlements,10.9371172080062,-9.0628827919938,-49.0628827919938
PRICE_FUNDING_15M_GLOBAL_WINDOW,15m-0001190,binance/hyperliquid,20,2026-06-11 15:30:00+00:00,2026-06-11 19:30:00+00:00,hyperliquid,binance,39.77396123354583,-10.993855,4,1,28.780106233545833,native_15m_trade_close_plus_real_settlements,8.780106233545833,-11.219893766454167,-51.21989376645416
PRICE_FUNDING_15M_GLOBAL_WINDOW,15m-0001191,binance/hyperliquid,20,2026-06-11 19:45:00+00:00,2026-06-11 21:15:00+00:00,hyperliquid,binance,52.02211906246199,-12.014837,2,0,40.00728206246199,native_15m_trade_close_plus_real_settlements,20.00728206246199,0.007282062461989369,-39.99271793753801
PRICE_FUNDING_15M_GLOBAL_WINDOW,15m-0001192,binance/hyperliquid,20,2026-06-11 21:30:00+00:00,2026-06-11 21:45:00+00:00,hyperliquid,binance,14.944350543326538,0.0,0,0,14.944350543326538,native_15m_trade_close_plus_real_settlements,-5.055649456673462,-25.055649456673464,-65.05564945667346
PRICE_FUNDING_15M_GLOBAL_WINDOW,15m-0001193,binance/hyperliquid,20,2026-06-11 23:15:00+00:00,2026-06-12 02:45:00+00:00,hyperliquid,binance,22.579446544289674,14.068357000000002,3,1,36.64780354428967,native_15m_trade_close_plus_real_settlements,16.647803544289673,-3.3521964557103274,-43.35219645571033
PRICE_FUNDING_15M_GLOBAL_WINDOW,15m-0001194,binance/hyperliquid,20,2026-06-12 03:30:00+00:00,2026-06-12 04:00:00+00:00,hyperliquid,binance,15.594083397160492,-0.487725,1,0,15.106358397160493,native_15m_trade_close_plus_real_settlements,-4.893641602839507,-24.89364160283951,-64.89364160283951
PRICE_FUNDING_15M_GLOBAL_WINDOW,15m-0001195,binance/hyperliquid,20,2026-06-12 05:45:00+00:00,2026-06-12 06:00:00+00:00,hyperliquid,binance,7.4991567780718995,-1.014378,1,0,6.4847787780719,native_15m_trade_close_plus_real_settlements,-13.515221221928101,-33.5152212219281,-73.5152212219281
PRICE_FUNDING_15M_GLOBAL_WINDOW,15m-0001196,binance/hyperliquid,20,2026-06-12 06:15:00+00:00,2026-06-12 15:00:00+00:00,hyperliquid,binance,51.07208173909996,-9.981377,9,1,41.090704739099955,native_15m_trade_close_plus_real_settlements,21.090704739099955,1.0907047390999551,-38.909295260900045
PRICE_FUNDING_15M_GLOBAL_WINDOW,15m-0001197,binance/hyperliquid,20,2026-06-12 15:15:00+00:00,2026-06-15 04:45:00+00:00,hyperliquid,binance,82.02690539917045,-23.978959999999997,61,8,58.047945399170445,native_15m_trade_close_plus_real_settlements,38.047945399170445,18.047945399170445,-21.952054600829555
PRICE_FUNDING_15M_GLOBAL_WINDOW,15m-0001198,binance/hyperliquid,20,2026-06-15 05:15:00+00:00,2026-06-15 05:30:00+00:00,hyperliquid,binance,9.390568170806171,0.0,0,0,9.390568170806171,native_15m_trade_close_plus_real_settlements,-10.609431829193829,-30.60943182919383,-70.60943182919382
PRICE_FUNDING_15M_GLOBAL_WINDOW,15m-0001199,binance/hyperliquid,20,2026-06-15 06:45:00+00:00,2026-06-15 07:00:00+00:00,hyperliquid,binance,0.8210540175798684,0.220532,1,0,1.0415860175798684,native_15m_trade_close_plus_real_settlements,-18.958413982420133,-38.95841398242013,-78.95841398242013
PRICE_FUNDING_15M_GLOBAL_WINDOW,15m-0001200,binance/hyperliquid,20,2026-06-15 08:00:00+00:00,2026-06-16 00:30:00+00:00,hyperliquid,binance,38.94964880142791,26.102308999999998,17,3,65.0519578014279,native_15m_trade_close_plus_real_settlements,45.0519578014279,25.051957801427903,-14.948042198572097
PRICE_FUNDING_15M_GLOBAL_WINDOW,15m-0001201,binance/hyperliquid,20,2026-06-16 00:45:00+00:00,2026-06-16 02:00:00+00:00,hyperliquid,binance,15.333910574199436,-2.166858,2,0,13.167052574199436,native_15m_trade_close_plus_real_settlements,-6.832947425800564,-26.832947425800562,-66.83294742580057
PRICE_FUNDING_15M_GLOBAL_WINDOW,15m-0001202,binance/hyperliquid,20,2026-06-16 03:00:00+00:00,2026-06-16 03:30:00+00:00,hyperliquid,binance,17.997520699636297,-0.549292,1,0,17.448228699636296,native_15m_trade_close_plus_real_settlements,-2.551771300363704,-22.551771300363704,-62.551771300363704
PRICE_FUNDING_15M_GLOBAL_WINDOW,15m-0001203,binance/hyperliquid,20,2026-06-16 04:15:00+00:00,2026-06-16 04:30:00+00:00,hyperliquid,binance,1.3940920758624777,0.0,0,0,1.3940920758624777,native_15m_trade_close_plus_real_settlements,-18.605907924137522,-38.605907924137526,-78.60590792413753
PRICE_FUNDING_15M_GLOBAL_WINDOW,15m-0001204,binance/hyperliquid,20,2026-06-16 07:45:00+00:00,2026-06-17 01:30:00+00:00,hyperliquid,binance,63.21531393580056,-7.227405999999997,18,3,55.987907935800564,native_15m_trade_close_plus_real_settlements,35.987907935800564,15.987907935800564,-24.012092064199436
PRICE_FUNDING_15M_GLOBAL_WINDOW,15m-0001205,binance/hyperliquid,20,2026-06-17 02:00:00+00:00,2026-06-17 02:45:00+00:00,hyperliquid,binance,22.63406208432865,-0.0625,1,0,22.57156208432865,native_15m_trade_close_plus_real_settlements,2.571562084328651,-17.42843791567135,-57.42843791567135
PRICE_FUNDING_15M_GLOBAL_WINDOW,15m-0001206,binance/hyperliquid,20,2026-06-17 04:45:00+00:00,2026-06-17 06:00:00+00:00,hyperliquid,binance,47.06651262203908,-3.5580809999999996,2,0,43.508431622039076,native_15m_trade_close_plus_real_settlements,23.508431622039076,3.508431622039076,-36.491568377960924
PRICE_FUNDING_15M_GLOBAL_WINDOW,15m-0001207,binance/hyperliquid,20,2026-06-17 06:15:00+00:00,2026-06-17 06:30:00+00:00,hyperliquid,binance,41.47343176340075,0.0,0,0,41.47343176340075,native_15m_trade_close_plus_real_settlements,21.473431763400747,1.4734317634007468,-38.52656823659925
PRICE_FUNDING_15M_GLOBAL_WINDOW,15m-0001208,binance/hyperliquid,20,2026-06-17 08:15:00+00:00,2026-06-17 08:30:00+00:00,hyperliquid,binance,19.683095462057217,0.0,0,0,19.683095462057217,native_15m_trade_close_plus_real_settlements,-0.31690453794278284,-20.316904537942783,-60.31690453794278
PRICE_FUNDING_15M_GLOBAL_WINDOW,15m-0001209,binance/hyperliquid,20,2026-06-17 08:45:00+00:00,2026-06-17 09:00:00+00:00,hyperliquid,binance,11.457368874745356,1.645268,1,0,13.102636874745356,native_15m_trade_close_plus_real_settlements,-6.897363125254644,-26.897363125254643,-66.89736312525464
PRICE_FUNDING_15M_GLOBAL_WINDOW,15m-0001210,binance/hyperliquid,20,2026-06-17 09:15:00+00:00,2026-06-18 03:30:00+00:00,hyperliquid,binance,50.5629265620159,1.2190020000000015,18,2,51.781928562015906,native_15m_trade_close_plus_real_settlements,31.781928562015906,11.781928562015906,-28.218071437984094
PRICE_FUNDING_15M_GLOBAL_WINDOW,15m-0001211,binance/hyperliquid,20,2026-06-18 07:45:00+00:00,2026-06-18 13:15:00+00:00,hyperliquid,binance,41.97395012918007,-0.9558539999999994,6,1,41.018096129180066,native_15m_trade_close_plus_real_settlements,21.018096129180066,1.0180961291800656,-38.981903870819934
PRICE_FUNDING_15M_GLOBAL_WINDOW,15m-0001212,binance/hyperliquid,20,2026-06-18 13:30:00+00:00,2026-06-18 14:00:00+00:00,hyperliquid,binance,15.495469231417342,-1.06159,1,0,14.433879231417341,native_15m_trade_close_plus_real_settlements,-5.566120768582659,-25.566120768582657,-65.56612076858266
PRICE_FUNDING_15M_GLOBAL_WINDOW,15m-0001213,binance/hyperliquid,20,2026-06-18 16:00:00+00:00,2026-06-18 16:30:00+00:00,hyperliquid,binance,3.3821343147084413,14.148403,1,1,17.53053731470844,native_15m_trade_close_plus_real_settlements,-2.4694626852915604,-22.46946268529156,-62.46946268529156
PRICE_FUNDING_15M_GLOBAL_WINDOW,15m-0001214,binance/hyperliquid,20,2026-06-18 16:45:00+00:00,2026-06-19 03:30:00+00:00,hyperliquid,binance,32.29091604031784,-8.778543,11,1,23.51237304031784,native_15m_trade_close_plus_real_settlements,3.51237304031784,-16.48762695968216,-56.48762695968216
PRICE_FUNDING_15M_GLOBAL_WINDOW,15m-0001215,binance/hyperliquid,20,2026-06-19 03:45:00+00:00,2026-06-19 04:15:00+00:00,hyperliquid,binance,18.79599146868702,-2.19475,1,0,16.60124146868702,native_15m_trade_close_plus_real_settlements,-3.3987585313129784,-23.39875853131298,-63.39875853131298
PRICE_FUNDING_15M_GLOBAL_WINDOW,15m-0001216,binance/hyperliquid,20,2026-06-19 04:45:00+00:00,2026-06-19 05:45:00+00:00,hyperliquid,binance,31.69551215308638,-1.8972490000000002,1,0,29.79826315308638,native_15m_trade_close_plus_real_settlements,9.798263153086381,-10.201736846913619,-50.20173684691362
PRICE_FUNDING_15M_GLOBAL_WINDOW,15m-0001217,binance/hyperliquid,20,2026-06-19 06:30:00+00:00,2026-06-19 06:45:00+00:00,hyperliquid,binance,3.550788869297289,0.0,0,0,3.550788869297289,native_15m_trade_close_plus_real_settlements,-16.44921113070271,-36.44921113070271,-76.44921113070271
PRICE_FUNDING_15M_GLOBAL_WINDOW,15m-0001218,binance/hyperliquid,20,2026-06-19 07:15:00+00:00,2026-06-19 07:30:00+00:00,hyperliquid,binance,9.693215381166093,0.0,0,0,9.693215381166093,native_15m_trade_close_plus_real_settlements,-10.306784618833907,-30.30678461883391,-70.3067846188339
PRICE_FUNDING_15M_GLOBAL_WINDOW,15m-0001219,binance/hyperliquid,20,2026-06-19 08:00:00+00:00,2026-06-19 08:15:00+00:00,hyperliquid,binance,22.229973791475896,25.192281,1,1,47.42225479147589,native_15m_trade_close_plus_real_settlements,27.422254791475893,7.422254791475893,-32.57774520852411
PRICE_FUNDING_15M_GLOBAL_WINDOW,15m-0001220,binance/hyperliquid,20,2026-06-19 08:30:00+00:00,2026-06-20 06:00:00+00:00,hyperliquid,binance,55.1949242503963,-10.293278999999998,22,2,44.9016452503963,native_15m_trade_close_plus_real_settlements,24.9016452503963,4.9016452503962995,-35.0983547496037
PRICE_FUNDING_15M_GLOBAL_WINDOW,15m-0001221,binance/hyperliquid,20,2026-06-20 08:00:00+00:00,2026-06-22 04:30:00+00:00,hyperliquid,binance,123.95249325709904,-39.922647,45,6,84.02984625709904,native_15m_trade_close_plus_real_settlements,64.02984625709904,44.02984625709904,4.029846257099038
PRICE_FUNDING_15M_GLOBAL_WINDOW,15m-0001222,binance/hyperliquid,20,2026-06-22 05:00:00+00:00,2026-06-22 05:15:00+00:00,hyperliquid,binance,24.54200614989269,-2.484011,1,0,22.05799514989269,native_15m_trade_close_plus_real_settlements,2.0579951498926903,-17.94200485010731,-57.94200485010731
PRICE_FUNDING_15M_GLOBAL_WINDOW,15m-0001223,binance/hyperliquid,20,2026-06-22 06:15:00+00:00,2026-06-22 06:30:00+00:00,binance,hyperliquid,29.913502067064705,0.0,0,0,29.913502067064705,native_15m_trade_close_plus_real_settlements,9.913502067064705,-10.086497932935295,-50.086497932935295
PRICE_FUNDING_15M_GLOBAL_WINDOW,15m-0001224,binance/hyperliquid,20,2026-06-22 06:45:00+00:00,2026-06-22 07:00:00+00:00,binance,hyperliquid,18.491823300559087,0.0625,0,1,18.554323300559087,native_15m_trade_close_plus_real_settlements,-1.445676699440913,-21.445676699440913,-61.44567669944091
PRICE_FUNDING_15M_GLOBAL_WINDOW,15m-0001225,binance/hyperliquid,20,2026-06-22 07:30:00+00:00,2026-06-22 08:00:00+00:00,binance,hyperliquid,9.627363042354794,-39.07145,1,1,-29.444086957645204,native_15m_trade_close_plus_real_settlements,-49.444086957645204,-69.4440869576452,-109.4440869576452
PRICE_FUNDING_15M_GLOBAL_WINDOW,15m-0001226,binance/hyperliquid,20,2026-06-22 08:15:00+00:00,2026-06-22 09:15:00+00:00,hyperliquid,binance,25.29896491195596,-2.714252,1,0,22.58471291195596,native_15m_trade_close_plus_real_settlements,2.584712911955961,-17.41528708804404,-57.41528708804404
PRICE_FUNDING_15M_GLOBAL_WINDOW,15m-0001227,binance/hyperliquid,20,2026-06-22 09:45:00+00:00,2026-06-22 10:15:00+00:00,hyperliquid,binance,6.910614851912454,-2.380225,1,0,4.530389851912455,native_15m_trade_close_plus_real_settlements,-15.469610148087545,-35.46961014808755,-75.46961014808754
PRICE_FUNDING_15M_GLOBAL_WINDOW,15m-0001228,binance/hyperliquid,20,2026-06-22 10:45:00+00:00,2026-06-22 11:45:00+00:00,hyperliquid,binance,28.09768856218696,-3.371919,1,0,24.72576956218696,native_15m_trade_close_plus_real_settlements,4.7257695621869615,-15.274230437813038,-55.27423043781304
PRICE_FUNDING_15M_GLOBAL_WINDOW,15m-0001229,binance/hyperliquid,20,2026-06-22 12:15:00+00:00,2026-06-22 12:45:00+00:00,hyperliquid,binance,9.39477609267546,0.0,0,0,9.39477609267546,native_15m_trade_close_plus_real_settlements,-10.60522390732454,-30.60522390732454,-70.60522390732454
PRICE_FUNDING_15M_GLOBAL_WINDOW,15m-0001230,binance/hyperliquid,20,2026-06-22 13:45:00+00:00,2026-06-22 14:15:00+00:00,hyperliquid,binance,30.554124869213762,-1.946239,1,0,28.607885869213764,native_15m_trade_close_plus_real_settlements,8.607885869213764,-11.392114130786236,-51.39211413078624
PRICE_FUNDING_15M_GLOBAL_WINDOW,15m-0001231,binance/hyperliquid,20,2026-06-22 15:00:00+00:00,2026-06-22 15:45:00+00:00,hyperliquid,binance,1.2756852997901262,0.776439,1,0,2.052124299790126,native_15m_trade_close_plus_real_settlements,-17.947875700209874,-37.94787570020988,-77.94787570020988
PRICE_FUNDING_15M_GLOBAL_WINDOW,15m-0001232,binance/hyperliquid,20,2026-06-22 16:15:00+00:00,2026-06-22 18:00:00+00:00,hyperliquid,binance,14.422870849888064,-2.779297,2,0,11.643573849888064,native_15m_trade_close_plus_real_settlements,-8.356426150111936,-28.356426150111936,-68.35642615011193
PRICE_FUNDING_15M_GLOBAL_WINDOW,15m-0001233,binance/hyperliquid,20,2026-06-22 18:15:00+00:00,2026-06-23 03:45:00+00:00,hyperliquid,binance,55.5796143188724,-13.89582,9,1,41.6837943188724,native_15m_trade_close_plus_real_settlements,21.6837943188724,1.6837943188724012,-38.3162056811276
PRICE_FUNDING_15M_GLOBAL_WINDOW,15m-0001234,binance/hyperliquid,20,2026-06-23 04:30:00+00:00,2026-06-23 05:00:00+00:00,hyperliquid,binance,17.06319759431002,-1.271706,1,0,15.791491594310019,native_15m_trade_close_plus_real_settlements,-4.208508405689981,-24.208508405689983,-64.20850840568998
PRICE_FUNDING_15M_GLOBAL_WINDOW,15m-0001235,binance/hyperliquid,20,2026-06-23 05:15:00+00:00,2026-06-23 06:45:00+00:00,hyperliquid,binance,22.168856981960737,-4.058031000000001,1,0,18.110825981960737,native_15m_trade_close_plus_real_settlements,-1.889174018039263,-21.889174018039263,-61.88917401803926
PRICE_FUNDING_15M_GLOBAL_WINDOW,15m-0001236,binance/hyperliquid,20,2026-06-23 07:15:00+00:00,2026-06-23 07:45:00+00:00,binance,hyperliquid,15.189644773849961,0.0,0,0,15.189644773849961,native_15m_trade_close_plus_real_settlements,-4.810355226150039,-24.810355226150037,-64.81035522615004
PRICE_FUNDING_15M_GLOBAL_WINDOW,15m-0001237,binance/hyperliquid,20,2026-06-23 08:00:00+00:00,2026-06-24 03:30:00+00:00,hyperliquid,binance,61.028626229413625,43.437430000000006,20,3,104.46605622941362,native_15m_trade_close_plus_real_settlements,84.46605622941362,64.46605622941362,24.466056229413624
PRICE_FUNDING_15M_GLOBAL_WINDOW,15m-0001238,binance/hyperliquid,20,2026-06-24 04:00:00+00:00,2026-06-24 04:30:00+00:00,hyperliquid,binance,28.86233277242851,-3.26143,1,0,25.60090277242851,native_15m_trade_close_plus_real_settlements,5.600902772428508,-14.399097227571492,-54.39909722757149
PRICE_FUNDING_15M_GLOBAL_WINDOW,15m-0001239,binance/hyperliquid,20,2026-06-24 05:30:00+00:00,2026-06-24 06:00:00+00:00,hyperliquid,binance,15.929510829106503,-0.537913,1,0,15.391597829106503,native_15m_trade_close_plus_real_settlements,-4.608402170893497,-24.6084021708935,-64.6084021708935
PRICE_FUNDING_15M_GLOBAL_WINDOW,15m-0001240,binance/hyperliquid,20,2026-06-24 06:15:00+00:00,2026-06-24 06:30:00+00:00,hyperliquid,binance,11.69229732122265,0.0,0,0,11.69229732122265,native_15m_trade_close_plus_real_settlements,-8.30770267877735,-28.30770267877735,-68.30770267877735
PRICE_FUNDING_15M_GLOBAL_WINDOW,15m-0001241,binance/hyperliquid,20,2026-06-24 06:45:00+00:00,2026-06-24 21:00:00+00:00,hyperliquid,binance,58.882557969549495,-8.140336999999997,15,2,50.7422209695495,native_15m_trade_close_plus_real_settlements,30.7422209695495,10.7422209695495,-29.2577790304505
PRICE_FUNDING_15M_GLOBAL_WINDOW,15m-0001242,binance/hyperliquid,20,2026-06-24 21:15:00+00:00,2026-06-24 21:30:00+00:00,hyperliquid,binance,19.82379118573865,0.0,0,0,19.82379118573865,native_15m_trade_close_plus_real_settlements,-0.1762088142613507,-20.17620881426135,-60.17620881426135
PRICE_FUNDING_15M_GLOBAL_WINDOW,15m-0001243,binance/hyperliquid,20,2026-06-24 23:30:00+00:00,2026-06-25 01:00:00+00:00,binance,hyperliquid,37.07144078103534,-55.788297,1,2,-18.716856218964658,native_15m_trade_close_plus_real_settlements,-38.71685621896466,-58.71685621896466,-98.71685621896467
PRICE_FUNDING_15M_GLOBAL_WINDOW,15m-0001244,binance/hyperliquid,20,2026-06-25 03:15:00+00:00,2026-06-25 03:30:00+00:00,binance,hyperliquid,7.837659927055544,0.0,0,0,7.837659927055544,native_15m_trade_close_plus_real_settlements,-12.162340072944456,-32.16234007294446,-72.16234007294446
PRICE_FUNDING_15M_GLOBAL_WINDOW,15m-0001245,binance/hyperliquid,20,2026-06-25 04:00:00+00:00,2026-06-25 04:15:00+00:00,binance,hyperliquid,2.6152862652335536,0.547239,0,1,3.162525265233554,native_15m_trade_close_plus_real_settlements,-16.837474734766445,-36.837474734766445,-76.83747473476645
PRICE_FUNDING_15M_GLOBAL_WINDOW,15m-0001246,binance/hyperliquid,20,2026-06-25 05:15:00+00:00,2026-06-25 06:00:00+00:00,hyperliquid,binance,22.625270351133167,-0.0625,1,0,22.562770351133167,native_15m_trade_close_plus_real_settlements,2.5627703511331674,-17.437229648866833,-57.43722964886683
PRICE_FUNDING_15M_GLOBAL_WINDOW,15m-0001247,binance/hyperliquid,20,2026-06-25 06:30:00+00:00,2026-06-25 08:45:00+00:00,hyperliquid,binance,18.27218872703522,1.234968,2,1,19.50715672703522,native_15m_trade_close_plus_real_settlements,-0.49284327296478025,-20.49284327296478,-60.49284327296478
PRICE_FUNDING_15M_GLOBAL_WINDOW,15m-0001248,binance/hyperliquid,20,2026-06-25 09:00:00+00:00,2026-06-25 11:45:00+00:00,hyperliquid,binance,17.277485729751334,0.32636099999999996,3,0,17.603846729751332,native_15m_trade_close_plus_real_settlements,-2.396153270248668,-22.396153270248668,-62.39615327024867
PRICE_FUNDING_15M_GLOBAL_WINDOW,15m-0001249,binance/hyperliquid,20,2026-06-25 12:00:00+00:00,2026-06-25 13:00:00+00:00,hyperliquid,binance,4.115731399988597,-0.618781,2,0,3.496950399988597,native_15m_trade_close_plus_real_settlements,-16.5030496000114,-36.5030496000114,-76.50304960001141
PRICE_FUNDING_15M_GLOBAL_WINDOW,15m-0001250,binance/hyperliquid,20,2026-06-25 13:45:00+00:00,2026-06-25 14:45:00+00:00,hyperliquid,binance,17.133379831161665,2.9771389999999998,1,0,20.110518831161666,native_15m_trade_close_plus_real_settlements,0.1105188311616665,-19.889481168838334,-59.88948116883833
PRICE_FUNDING_15M_GLOBAL_WINDOW,15m-0001251,binance/hyperliquid,20,2026-06-25 15:00:00+00:00,2026-06-25 16:15:00+00:00,hyperliquid,binance,26.930581716428506,-3.052541,2,1,23.878040716428504,native_15m_trade_close_plus_real_settlements,3.8780407164285045,-16.121959283571496,-56.1219592835715
PRICE_FUNDING_15M_GLOBAL_WINDOW,15m-0001252,binance/hyperliquid,20,2026-06-25 23:30:00+00:00,2026-06-26 00:30:00+00:00,hyperliquid,binance,21.59143338781021,-4.498894,1,1,17.09253938781021,native_15m_trade_close_plus_real_settlements,-2.907460612189791,-22.90746061218979,-62.907460612189794
PRICE_FUNDING_15M_GLOBAL_WINDOW,15m-0001253,binance/hyperliquid,20,2026-06-26 00:45:00+00:00,2026-06-26 01:30:00+00:00,hyperliquid,binance,26.78414304226727,-1.9250859999999999,1,0,24.85905704226727,native_15m_trade_close_plus_real_settlements,4.8590570422672705,-15.14094295773273,-55.14094295773273
PRICE_FUNDING_15M_GLOBAL_WINDOW,15m-0001254,binance/hyperliquid,20,2026-06-26 04:00:00+00:00,2026-06-26 04:15:00+00:00,hyperliquid,binance,20.270062203953813,-5.3609100000000005,1,0,14.909152203953813,native_15m_trade_close_plus_real_settlements,-5.090847796046187,-25.090847796046187,-65.09084779604619
PRICE_FUNDING_15M_GLOBAL_WINDOW,15m-0001255,binance/hyperliquid,20,2026-06-26 07:00:00+00:00,2026-06-26 08:15:00+00:00,binance,hyperliquid,44.342684533510415,-44.477297,1,2,-0.13461246648958536,native_15m_trade_close_plus_real_settlements,-20.134612466489585,-40.134612466489585,-80.13461246648959
PRICE_FUNDING_15M_GLOBAL_WINDOW,15m-0001256,binance/hyperliquid,20,2026-06-26 14:30:00+00:00,2026-06-26 15:00:00+00:00,hyperliquid,binance,6.025352114529486,-5.32471,1,0,0.7006421145294865,native_15m_trade_close_plus_real_settlements,-19.299357885470513,-39.29935788547051,-79.29935788547051
PRICE_FUNDING_15M_GLOBAL_WINDOW,15m-0001257,binance/hyperliquid,20,2026-06-27 11:15:00+00:00,2026-06-27 11:30:00+00:00,hyperliquid,binance,6.593833358883238,0.0,0,0,6.593833358883238,native_15m_trade_close_plus_real_settlements,-13.406166641116762,-33.40616664111676,-73.40616664111676
PRICE_FUNDING_15M_GLOBAL_WINDOW,15m-0001258,binance/hyperliquid,20,2026-06-27 12:30:00+00:00,2026-06-27 14:00:00+00:00,hyperliquid,binance,14.880230991523497,-1.010789,2,0,13.869441991523498,native_15m_trade_close_plus_real_settlements,-6.130558008476502,-26.130558008476502,-66.1305580084765
PRICE_FUNDING_15M_GLOBAL_WINDOW,15m-0001259,binance/hyperliquid,20,2026-06-27 14:45:00+00:00,2026-06-27 15:45:00+00:00,hyperliquid,binance,3.5636103912077814,0.481889,1,0,4.045499391207781,native_15m_trade_close_plus_real_settlements,-15.95450060879222,-35.954500608792216,-75.95450060879222
PRICE_FUNDING_15M_GLOBAL_WINDOW,15m-0001260,binance/hyperliquid,20,2026-06-27 16:00:00+00:00,2026-06-27 16:45:00+00:00,hyperliquid,binance,5.442640873306555,-0.0625,1,1,5.380140873306555,native_15m_trade_close_plus_real_settlements,-14.619859126693445,-34.61985912669344,-74.61985912669344
PRICE_FUNDING_15M_GLOBAL_WINDOW,15m-0001261,binance/hyperliquid,20,2026-06-27 17:45:00+00:00,2026-06-27 18:00:00+00:00,hyperliquid,binance,2.80821809976603,0.361413,1,0,3.16963109976603,native_15m_trade_close_plus_real_settlements,-16.83036890023397,-36.83036890023397,-76.83036890023396
PRICE_FUNDING_15M_GLOBAL_WINDOW,15m-0001262,binance/hyperliquid,20,2026-06-27 18:15:00+00:00,2026-06-27 22:30:00+00:00,hyperliquid,binance,8.856274455845828,-1.1693479999999998,4,0,7.686926455845828,native_15m_trade_close_plus_real_settlements,-12.313073544154172,-32.31307354415417,-72.31307354415418
PRICE_FUNDING_15M_GLOBAL_WINDOW,15m-0001263,binance/hyperliquid,20,2026-06-27 23:00:00+00:00,2026-06-27 23:30:00+00:00,hyperliquid,binance,4.666510127285278,0.9807760000000001,1,0,5.647286127285279,native_15m_trade_close_plus_real_settlements,-14.352713872714721,-34.35271387271472,-74.35271387271472
PRICE_FUNDING_15M_GLOBAL_WINDOW,15m-0001264,binance/hyperliquid,20,2026-06-27 23:45:00+00:00,2026-06-28 06:00:00+00:00,hyperliquid,binance,11.234164226186095,2.510534,7,1,13.744698226186095,native_15m_trade_close_plus_real_settlements,-6.255301773813905,-26.255301773813905,-66.2553017738139
PRICE_FUNDING_15M_GLOBAL_WINDOW,15m-0001265,binance/hyperliquid,20,2026-06-28 06:15:00+00:00,2026-06-29 01:30:00+00:00,hyperliquid,binance,61.76006792220735,-27.796188,19,3,33.96387992220735,native_15m_trade_close_plus_real_settlements,13.963879922207347,-6.036120077792653,-46.03612007779265
PRICE_FUNDING_15M_GLOBAL_WINDOW,15m-0001266,binance/hyperliquid,20,2026-06-29 02:30:00+00:00,2026-06-29 03:00:00+00:00,hyperliquid,binance,13.126878655266811,-4.328082,1,0,8.79879665526681,native_15m_trade_close_plus_real_settlements,-11.20120334473319,-31.201203344733187,-71.20120334473319
PRICE_FUNDING_15M_GLOBAL_WINDOW,15m-0001267,binance/hyperliquid,20,2026-06-29 05:30:00+00:00,2026-06-29 06:00:00+00:00,binance,hyperliquid,15.465704841437873,3.093373,0,1,18.559077841437873,native_15m_trade_close_plus_real_settlements,-1.4409221585621275,-21.440922158562127,-61.44092215856213
PRICE_FUNDING_15M_GLOBAL_WINDOW,15m-0001268,binance/hyperliquid,20,2026-06-29 07:00:00+00:00,2026-06-29 07:15:00+00:00,binance,hyperliquid,11.527155858563319,2.333129,0,1,13.860284858563318,native_15m_trade_close_plus_real_settlements,-6.139715141436682,-26.13971514143668,-66.13971514143668
PRICE_FUNDING_15M_GLOBAL_WINDOW,15m-0001269,binance/hyperliquid,20,2026-06-29 07:30:00+00:00,2026-06-29 08:00:00+00:00,binance,hyperliquid,28.279573396610225,-27.090272000000002,1,1,1.1893013966102224,native_15m_trade_close_plus_real_settlements,-18.810698603389778,-38.81069860338978,-78.81069860338978
PRICE_FUNDING_15M_GLOBAL_WINDOW,15m-0001270,binance/hyperliquid,20,2026-06-29 09:30:00+00:00,2026-06-29 14:00:00+00:00,hyperliquid,binance,36.002176369344426,-4.106637999999999,5,0,31.895538369344425,native_15m_trade_close_plus_real_settlements,11.895538369344425,-8.104461630655575,-48.10446163065558
PRICE_FUNDING_15M_GLOBAL_WINDOW,15m-0001271,binance/hyperliquid,20,2026-06-29 14:30:00+00:00,2026-06-30 01:15:00+00:00,hyperliquid,binance,40.30825577215286,-21.345294000000003,11,2,18.96296177215286,native_15m_trade_close_plus_real_settlements,-1.037038227847141,-21.03703822784714,-61.03703822784714
PRICE_FUNDING_15M_GLOBAL_WINDOW,15m-0001272,binance/hyperliquid,20,2026-06-30 04:15:00+00:00,2026-06-30 04:30:00+00:00,binance,hyperliquid,7.522654743969271,0.0,0,0,7.522654743969271,native_15m_trade_close_plus_real_settlements,-12.477345256030729,-32.47734525603073,-72.47734525603073
PRICE_FUNDING_15M_GLOBAL_WINDOW,15m-0001273,binance/hyperliquid,20,2026-06-30 08:15:00+00:00,2026-06-30 08:30:00+00:00,hyperliquid,binance,9.340248889197946,0.0,0,0,9.340248889197946,native_15m_trade_close_plus_real_settlements,-10.659751110802054,-30.659751110802056,-70.65975111080205
PRICE_FUNDING_15M_GLOBAL_WINDOW,15m-0001274,binance/hyperliquid,20,2026-06-30 08:45:00+00:00,2026-06-30 14:00:00+00:00,hyperliquid,binance,29.751963341405947,-8.995807,6,0,20.756156341405948,native_15m_trade_close_plus_real_settlements,0.7561563414059478,-19.243843658594052,-59.24384365859405
PRICE_FUNDING_15M_GLOBAL_WINDOW,15m-0001275,binance/hyperliquid,20,2026-06-30 14:15:00+00:00,2026-06-30 15:45:00+00:00,hyperliquid,binance,29.566479466683763,-3.2018459999999997,1,0,26.364633466683763,native_15m_trade_close_plus_real_settlements,6.364633466683763,-13.635366533316237,-53.63536653331624
PRICE_FUNDING_15M_GLOBAL_WINDOW,15m-0001276,binance/hyperliquid,20,2026-06-30 17:45:00+00:00,2026-06-30 20:15:00+00:00,hyperliquid,binance,18.044312435464676,-1.7342699999999998,3,0,16.310042435464677,native_15m_trade_close_plus_real_settlements,-3.689957564535323,-23.689957564535323,-63.68995756453532
PRICE_FUNDING_15M_GLOBAL_WINDOW,15m-0001277,binance/hyperliquid,20,2026-06-30 20:45:00+00:00,2026-07-01 03:00:00+00:00,hyperliquid,binance,50.70266431772543,-14.32776,7,1,36.37490431772543,native_15m_trade_close_plus_real_settlements,16.37490431772543,-3.6250956822745692,-43.62509568227457
PRICE_FUNDING_15M_GLOBAL_WINDOW,15m-0001278,binance/hyperliquid,20,2026-07-01 07:00:00+00:00,2026-07-01 07:30:00+00:00,hyperliquid,binance,9.440317558410616,-1.572725,1,0,7.867592558410616,native_15m_trade_close_plus_real_settlements,-12.132407441589384,-32.132407441589386,-72.13240744158938
PRICE_FUNDING_15M_GLOBAL_WINDOW,15m-0001279,binance/hyperliquid,20,2026-07-01 08:00:00+00:00,2026-07-02 07:00:00+00:00,hyperliquid,binance,90.61858225405184,-24.803162999999994,24,3,65.81541925405185,native_15m_trade_close_plus_real_settlements,45.81541925405185,25.815419254051847,-14.184580745948153
PRICE_FUNDING_15M_GLOBAL_WINDOW,15m-0001280,binance/hyperliquid,20,2026-07-02 08:00:00+00:00,2026-07-03 02:45:00+00:00,hyperliquid,binance,111.82717346912736,34.72114400000001,19,3,146.54831746912737,native_15m_trade_close_plus_real_settlements,126.54831746912737,106.54831746912737,66.54831746912737
PRICE_FUNDING_15M_GLOBAL_WINDOW,15m-0001281,binance/hyperliquid,20,2026-07-03 03:15:00+00:00,2026-07-03 03:45:00+00:00,hyperliquid,binance,8.062658227899071,0.0,0,0,8.062658227899071,native_15m_trade_close_plus_real_settlements,-11.937341772100929,-31.93734177210093,-71.93734177210092
PRICE_FUNDING_15M_GLOBAL_WINDOW,15m-0001282,binance/hyperliquid,20,2026-07-03 04:00:00+00:00,2026-07-03 04:15:00+00:00,hyperliquid,binance,6.815550538092207,-0.707969,1,0,6.107581538092207,native_15m_trade_close_plus_real_settlements,-13.892418461907793,-33.892418461907795,-73.8924184619078
PRICE_FUNDING_15M_GLOBAL_WINDOW,15m-0001283,binance/hyperliquid,20,2026-07-03 05:00:00+00:00,2026-07-03 05:15:00+00:00,hyperliquid,binance,20.039965364604807,-0.0625,1,0,19.977465364604807,native_15m_trade_close_plus_real_settlements,-0.022534635395192737,-20.022534635395193,-60.02253463539519
PRICE_FUNDING_15M_GLOBAL_WINDOW,15m-0001284,binance/hyperliquid,20,2026-07-03 05:30:00+00:00,2026-07-03 05:45:00+00:00,hyperliquid,binance,13.718592419358831,0.0,0,0,13.718592419358831,native_15m_trade_close_plus_real_settlements,-6.281407580641169,-26.28140758064117,-66.28140758064117
PRICE_FUNDING_15M_GLOBAL_WINDOW,15m-0001285,binance/hyperliquid,20,2026-07-03 06:15:00+00:00,2026-07-03 06:30:00+00:00,binance,hyperliquid,5.133436547375274,0.0,0,0,5.133436547375274,native_15m_trade_close_plus_real_settlements,-14.866563452624726,-34.866563452624725,-74.86656345262473
PRICE_FUNDING_15M_GLOBAL_WINDOW,15m-0001286,binance/hyperliquid,20,2026-07-03 08:30:00+00:00,2026-07-03 12:00:00+00:00,hyperliquid,binance,24.77958536305136,-1.648008,4,0,23.13157736305136,native_15m_trade_close_plus_real_settlements,3.1315773630513597,-16.86842263694864,-56.86842263694864
PRICE_FUNDING_15M_GLOBAL_WINDOW,15m-0001287,binance/hyperliquid,20,2026-07-03 12:15:00+00:00,2026-07-03 12:30:00+00:00,hyperliquid,binance,2.884361641219833,0.0,0,0,2.884361641219833,native_15m_trade_close_plus_real_settlements,-17.115638358780167,-37.11563835878017,-77.11563835878016
PRICE_FUNDING_15M_GLOBAL_WINDOW,15m-0001288,binance/hyperliquid,20,2026-07-03 13:45:00+00:00,2026-07-03 18:45:00+00:00,hyperliquid,binance,19.967103589024546,1.035421,5,1,21.002524589024546,native_15m_trade_close_plus_real_settlements,1.0025245890245458,-18.997475410975454,-58.997475410975454
PRICE_FUNDING_15M_GLOBAL_WINDOW,15m-0001289,binance/hyperliquid,20,2026-07-03 19:00:00+00:00,2026-07-06 03:00:00+00:00,hyperliquid,binance,38.8975334389008,-4.735718999999999,57,7,34.161814438900805,native_15m_trade_close_plus_real_settlements,14.161814438900805,-5.838185561099195,-45.838185561099195
PRICE_FUNDING_15M_GLOBAL_WINDOW,15m-0001290,binance/hyperliquid,20,2026-07-06 03:15:00+00:00,2026-07-06 03:45:00+00:00,hyperliquid,binance,8.685301601616379,0.0,0,0,8.685301601616379,native_15m_trade_close_plus_real_settlements,-11.314698398383621,-31.31469839838362,-71.31469839838363
PRICE_FUNDING_15M_GLOBAL_WINDOW,15m-0001291,binance/hyperliquid,20,2026-07-06 04:45:00+00:00,2026-07-06 05:30:00+00:00,hyperliquid,binance,25.20994389514438,-1.553529,1,0,23.65641489514438,native_15m_trade_close_plus_real_settlements,3.65641489514438,-16.34358510485562,-56.34358510485562
PRICE_FUNDING_15M_GLOBAL_WINDOW,15m-0001292,binance/hyperliquid,20,2026-07-06 06:15:00+00:00,2026-07-06 06:30:00+00:00,hyperliquid,binance,2.12499534649535,0.0,0,0,2.12499534649535,native_15m_trade_close_plus_real_settlements,-17.87500465350465,-37.87500465350465,-77.87500465350465
PRICE_FUNDING_15M_GLOBAL_WINDOW,15m-0001293,binance/hyperliquid,20,2026-07-06 07:45:00+00:00,2026-07-06 13:00:00+00:00,hyperliquid,binance,32.54636018577109,21.282723999999998,6,1,53.829084185771094,native_15m_trade_close_plus_real_settlements,33.829084185771094,13.829084185771094,-26.170915814228906
PRICE_FUNDING_15M_GLOBAL_WINDOW,15m-0001294,binance/hyperliquid,20,2026-07-06 13:45:00+00:00,2026-07-06 14:45:00+00:00,hyperliquid,binance,23.8220183881132,-0.06362999999999999,1,0,23.7583883881132,native_15m_trade_close_plus_real_settlements,3.7583883881132003,-16.2416116118868,-56.241611611886796
PRICE_FUNDING_15M_GLOBAL_WINDOW,15m-0001295,binance/hyperliquid,20,2026-07-06 16:15:00+00:00,2026-07-06 16:30:00+00:00,hyperliquid,binance,8.608995233799542,0.0,0,0,8.608995233799542,native_15m_trade_close_plus_real_settlements,-11.391004766200458,-31.39100476620046,-71.39100476620045
PRICE_FUNDING_15M_GLOBAL_WINDOW,15m-0001296,binance/hyperliquid,20,2026-07-06 17:45:00+00:00,2026-07-07 05:30:00+00:00,hyperliquid,binance,47.979092233358486,-37.883163,12,1,10.095929233358483,native_15m_trade_close_plus_real_settlements,-9.904070766641517,-29.904070766641517,-69.90407076664152
PRICE_FUNDING_15M_GLOBAL_WINDOW,15m-0001297,binance/hyperliquid,20,2026-07-07 06:00:00+00:00,2026-07-07 06:15:00+00:00,hyperliquid,binance,10.3564682638919,-4.495795,1,0,5.8606732638919,native_15m_trade_close_plus_real_settlements,-14.1393267361081,-34.1393267361081,-74.1393267361081
PRICE_FUNDING_15M_GLOBAL_WINDOW,15m-0001298,binance/hyperliquid,20,2026-07-07 06:45:00+00:00,2026-07-08 00:30:00+00:00,binance,hyperliquid,58.23150347282069,-31.338952999999997,3,18,26.892550472820695,native_15m_trade_close_plus_real_settlements,6.8925504728206946,-13.107449527179305,-53.107449527179305
PRICE_FUNDING_15M_GLOBAL_WINDOW,15m-0001299,binance/hyperliquid,20,2026-07-08 01:30:00+00:00,2026-07-08 03:15:00+00:00,hyperliquid,binance,24.107333816950092,-3.029735,2,0,21.077598816950093,native_15m_trade_close_plus_real_settlements,1.0775988169500934,-18.922401183049907,-58.92240118304991
PRICE_FUNDING_15M_GLOBAL_WINDOW,15m-0001300,binance/hyperliquid,20,2026-07-08 03:30:00+00:00,2026-07-08 04:45:00+00:00,hyperliquid,binance,26.263431255739818,-1.373758,1,0,24.88967325573982,native_15m_trade_close_plus_real_settlements,4.889673255739819,-15.110326744260181,-55.11032674426018
PRICE_FUNDING_15M_GLOBAL_WINDOW,15m-0001301,binance/hyperliquid,20,2026-07-08 05:00:00+00:00,2026-07-08 05:30:00+00:00,hyperliquid,binance,8.421032414396944,-2.650671,1,0,5.770361414396944,native_15m_trade_close_plus_real_settlements,-14.229638585603055,-34.229638585603055,-74.22963858560306
PRICE_FUNDING_15M_GLOBAL_WINDOW,15m-0001302,binance/hyperliquid,20,2026-07-08 05:45:00+00:00,2026-07-08 06:45:00+00:00,hyperliquid,binance,20.615574096461273,-3.210823,1,0,17.404751096461272,native_15m_trade_close_plus_real_settlements,-2.595248903538728,-22.595248903538728,-62.59524890353873
PRICE_FUNDING_15M_GLOBAL_WINDOW,15m-0001303,binance/hyperliquid,20,2026-07-08 07:15:00+00:00,2026-07-08 07:30:00+00:00,hyperliquid,binance,9.676583433403094,0.0,0,0,9.676583433403094,native_15m_trade_close_plus_real_settlements,-10.323416566596906,-30.323416566596904,-70.3234165665969
PRICE_FUNDING_15M_GLOBAL_WINDOW,15m-0001304,binance/hyperliquid,20,2026-07-08 08:00:00+00:00,2026-07-08 13:45:00+00:00,hyperliquid,binance,61.02886674085771,21.361523000000002,6,1,82.39038974085771,native_15m_trade_close_plus_real_settlements,62.390389740857714,42.390389740857714,2.3903897408577137
PRICE_FUNDING_15M_GLOBAL_WINDOW,15m-0001305,binance/hyperliquid,20,2026-07-08 16:30:00+00:00,2026-07-08 17:00:00+00:00,hyperliquid,binance,11.45295227270526,-4.713744,1,0,6.739208272705261,native_15m_trade_close_plus_real_settlements,-13.26079172729474,-33.26079172729474,-73.26079172729474
PRICE_FUNDING_15M_GLOBAL_WINDOW,15m-0001306,binance/hyperliquid,20,2026-07-08 23:30:00+00:00,2026-07-09 00:00:00+00:00,hyperliquid,binance,18.325168218254635,6.114248,1,1,24.439416218254635,native_15m_trade_close_plus_real_settlements,4.439416218254635,-15.560583781745365,-55.560583781745365
PRICE_FUNDING_15M_GLOBAL_WINDOW,15m-0001307,binance/hyperliquid,20,2026-07-09 00:15:00+00:00,2026-07-09 03:30:00+00:00,hyperliquid,binance,19.363005191899298,-5.961856999999999,3,0,13.4011481918993,native_15m_trade_close_plus_real_settlements,-6.598851808100701,-26.5988518081007,-66.5988518081007
PRICE_FUNDING_15M_GLOBAL_WINDOW,15m-0001308,binance/hyperliquid,20,2026-07-09 03:45:00+00:00,2026-07-09 05:00:00+00:00,hyperliquid,binance,8.193709637481518,-5.177488,2,0,3.016221637481518,native_15m_trade_close_plus_real_settlements,-16.983778362518482,-36.98377836251848,-76.98377836251848
PRICE_FUNDING_15M_GLOBAL_WINDOW,15m-0001309,binance/hyperliquid,20,2026-07-09 07:45:00+00:00,2026-07-09 12:15:00+00:00,binance,hyperliquid,37.73857781590774,-34.005094,1,5,3.7334838159077393,native_15m_trade_close_plus_real_settlements,-16.26651618409226,-36.26651618409226,-76.26651618409227
PRICE_FUNDING_15M_GLOBAL_WINDOW,15m-0001310,binance/hyperliquid,20,2026-07-09 19:30:00+00:00,2026-07-09 19:45:00+00:00,hyperliquid,binance,12.11542671211146,0.0,0,0,12.11542671211146,native_15m_trade_close_plus_real_settlements,-7.884573287888539,-27.88457328788854,-67.88457328788854
PRICE_FUNDING_15M_GLOBAL_WINDOW,15m-0001311,binance/hyperliquid,20,2026-07-09 21:00:00+00:00,2026-07-09 21:15:00+00:00,hyperliquid,binance,5.195595766017625,0.481558,1,0,5.677153766017625,native_15m_trade_close_plus_real_settlements,-14.322846233982375,-34.322846233982375,-74.32284623398237
PRICE_FUNDING_15M_GLOBAL_WINDOW,15m-0001312,binance/hyperliquid,20,2026-07-09 21:30:00+00:00,2026-07-09 22:00:00+00:00,hyperliquid,binance,4.426343938657887,-0.814202,1,0,3.612141938657887,native_15m_trade_close_plus_real_settlements,-16.387858061342115,-36.387858061342115,-76.38785806134211
PRICE_FUNDING_15M_GLOBAL_WINDOW,15m-0001313,binance/hyperliquid,20,2026-07-09 22:15:00+00:00,2026-07-09 22:45:00+00:00,hyperliquid,binance,15.108916922625587,0.0,0,0,15.108916922625587,native_15m_trade_close_plus_real_settlements,-4.891083077374413,-24.89108307737441,-64.89108307737442
PRICE_FUNDING_15M_GLOBAL_WINDOW,15m-0001314,binance/hyperliquid,20,2026-07-09 23:00:00+00:00,2026-07-10 01:00:00+00:00,hyperliquid,binance,25.576906893870675,-11.493814999999998,3,1,14.083091893870677,native_15m_trade_close_plus_real_settlements,-5.916908106129323,-25.916908106129323,-65.91690810612933
PRICE_FUNDING_15M_GLOBAL_WINDOW,15m-0001315,binance/hyperliquid,20,2026-07-10 01:15:00+00:00,2026-07-10 02:00:00+00:00,hyperliquid,binance,23.56142484739582,-7.078568000000001,1,0,16.48285684739582,native_15m_trade_close_plus_real_settlements,-3.5171431526041808,-23.51714315260418,-63.51714315260418
PRICE_FUNDING_15M_GLOBAL_WINDOW,15m-0001316,binance/hyperliquid,20,2026-07-10 07:00:00+00:00,2026-07-10 07:15:00+00:00,binance,hyperliquid,8.420837212633193,2.405211,0,1,10.826048212633193,native_15m_trade_close_plus_real_settlements,-9.173951787366807,-29.173951787366807,-69.1739517873668
PRICE_FUNDING_15M_GLOBAL_WINDOW,15m-0001317,binance/hyperliquid,20,2026-07-10 08:00:00+00:00,2026-07-10 15:00:00+00:00,hyperliquid,binance,63.89075646276788,3.9769719999999986,8,1,67.86772846276789,native_15m_trade_close_plus_real_settlements,47.867728462767886,27.867728462767886,-12.132271537232114
PRICE_FUNDING_15M_GLOBAL_WINDOW,15m-0001318,binance/hyperliquid,20,2026-07-10 15:30:00+00:00,2026-07-11 13:15:00+00:00,hyperliquid,binance,39.147069822431554,2.310265999999999,22,3,41.45733582243155,native_15m_trade_close_plus_real_settlements,21.457335822431553,1.4573358224315527,-38.54266417756845
PRICE_FUNDING_15M_GLOBAL_WINDOW,15m-0001319,binance/hyperliquid,20,2026-07-11 13:30:00+00:00,2026-07-11 13:45:00+00:00,hyperliquid,binance,1.89249639070729,0.0,0,0,1.89249639070729,native_15m_trade_close_plus_real_settlements,-18.10750360929271,-38.107503609292706,-78.1075036092927
PRICE_FUNDING_15M_GLOBAL_WINDOW,15m-0001320,binance/hyperliquid,20,2026-07-11 14:00:00+00:00,2026-07-14 23:45:00+00:00,hyperliquid,binance,232.6537951993345,-48.55048999999997,82,11,184.10330519933453,native_15m_trade_close_plus_real_settlements,164.10330519933453,144.10330519933453,104.10330519933453
PRICE_FUNDING_15M_GLOBAL_WINDOW,15m-0001321,binance/hyperliquid,20,2026-07-15 00:00:00+00:00,2026-07-15 00:45:00+00:00,hyperliquid,binance,36.25491147957816,17.0568,1,1,53.311711479578165,native_15m_trade_close_plus_real_settlements,33.311711479578165,13.311711479578165,-26.688288520421835
PRICE_FUNDING_15M_GLOBAL_WINDOW,15m-0001322,binance/hyperliquid,20,2026-07-15 02:45:00+00:00,2026-07-15 03:00:00+00:00,hyperliquid,binance,15.06953708872666,0.781004,1,0,15.85054108872666,native_15m_trade_close_plus_real_settlements,-4.14945891127334,-24.149458911273342,-64.14945891127334
PRICE_FUNDING_15M_GLOBAL_WINDOW,15m-0001323,binance/hyperliquid,20,2026-07-15 05:00:00+00:00,2026-07-15 06:00:00+00:00,hyperliquid,binance,15.911807440447244,0.518977,2,0,16.430784440447244,native_15m_trade_close_plus_real_settlements,-3.569215559552756,-23.569215559552756,-63.56921555955276
PRICE_FUNDING_15M_GLOBAL_WINDOW,15m-0001324,binance/hyperliquid,20,2026-07-15 06:15:00+00:00,2026-07-15 13:00:00+00:00,hyperliquid,binance,50.73212229644309,-8.788093,7,2,41.94402929644309,native_15m_trade_close_plus_real_settlements,21.94402929644309,1.944029296443091,-38.05597070355691
PRICE_FUNDING_15M_GLOBAL_WINDOW,15m-0001325,binance/hyperliquid,20,2026-07-15 13:15:00+00:00,2026-07-15 14:15:00+00:00,hyperliquid,binance,18.525810544828293,2.9635160000000003,1,0,21.489326544828295,native_15m_trade_close_plus_real_settlements,1.4893265448282946,-18.510673455171705,-58.510673455171705
PRICE_FUNDING_15M_GLOBAL_WINDOW,15m-0001326,binance/hyperliquid,20,2026-07-15 14:30:00+00:00,2026-07-15 21:30:00+00:00,hyperliquid,binance,54.31537703932077,-6.727044999999999,7,2,47.588332039320775,native_15m_trade_close_plus_real_settlements,27.588332039320775,7.588332039320775,-32.411667960679225
PRICE_FUNDING_15M_GLOBAL_WINDOW,15m-0001327,binance/hyperliquid,20,2026-07-15 21:45:00+00:00,2026-07-16 02:00:00+00:00,hyperliquid,binance,50.51019816141047,-13.770037000000002,5,1,36.74016116141047,native_15m_trade_close_plus_real_settlements,16.74016116141047,-3.2598388385895305,-43.25983883858953
PRICE_FUNDING_15M_GLOBAL_WINDOW,15m-0001328,binance/hyperliquid,20,2026-07-16 02:30:00+00:00,2026-07-16 02:45:00+00:00,hyperliquid,binance,11.406622568723897,0.0,0,0,11.406622568723897,native_15m_trade_close_plus_real_settlements,-8.593377431276103,-28.593377431276103,-68.59337743127611
PRICE_FUNDING_15M_GLOBAL_WINDOW,15m-0001329,binance/hyperliquid,20,2026-07-16 03:15:00+00:00,2026-07-16 03:30:00+00:00,hyperliquid,binance,7.979678861631067,0.0,0,0,7.979678861631067,native_15m_trade_close_plus_real_settlements,-12.020321138368933,-32.020321138368935,-72.02032113836893
PRICE_FUNDING_15M_GLOBAL_WINDOW,15m-0001330,binance/hyperliquid,20,2026-07-16 04:00:00+00:00,2026-07-17 15:45:00+00:00,hyperliquid,binance,58.92844652724409,-2.5138099999999994,36,9,56.41463652724409,native_15m_trade_close_plus_real_settlements,36.41463652724409,16.41463652724409,-23.58536347275591
PRICE_FUNDING_15M_GLOBAL_WINDOW,15m-0001331,binance/hyperliquid,20,2026-07-17 16:00:00+00:00,2026-07-17 16:15:00+00:00,hyperliquid,binance,9.323023557573379,12.136413,1,1,21.459436557573376,native_15m_trade_close_plus_real_settlements,1.459436557573376,-18.540563442426624,-58.540563442426624
PRICE_FUNDING_15M_GLOBAL_WINDOW,15m-0001332,binance/hyperliquid,20,2026-07-17 16:30:00+00:00,2026-07-17 17:45:00+00:00,hyperliquid,binance,14.775585423741507,-2.276822,1,0,12.498763423741508,native_15m_trade_close_plus_real_settlements,-7.501236576258492,-27.501236576258492,-67.50123657625849
PRICE_FUNDING_15M_GLOBAL_WINDOW,15m-0001333,binance/hyperliquid,20,2026-07-17 18:15:00+00:00,2026-07-17 18:30:00+00:00,hyperliquid,binance,6.291692600128439,0.0,0,0,6.291692600128439,native_15m_trade_close_plus_real_settlements,-13.708307399871561,-33.70830739987156,-73.70830739987156
PRICE_FUNDING_15M_GLOBAL_WINDOW,15m-0001334,binance/hyperliquid,20,2026-07-17 19:15:00+00:00,2026-07-18 02:45:00+00:00,hyperliquid,binance,18.17282544720471,-3.686766999999999,7,2,14.486058447204709,native_15m_trade_close_plus_real_settlements,-5.513941552795291,-25.51394155279529,-65.51394155279529
PRICE_FUNDING_15M_GLOBAL_WINDOW,15m-0001335,binance/hyperliquid,20,2026-07-18 03:00:00+00:00,2026-07-18 03:15:00+00:00,hyperliquid,binance,7.354032896466432,-0.153394,1,0,7.200638896466432,native_15m_trade_close_plus_real_settlements,-12.799361103533567,-32.79936110353357,-72.79936110353357
PRICE_FUNDING_15M_GLOBAL_WINDOW,15m-0001336,binance/hyperliquid,20,2026-07-18 03:30:00+00:00,2026-07-18 04:00:00+00:00,hyperliquid,binance,4.829066301554764,-0.127927,1,1,4.701139301554765,native_15m_trade_close_plus_real_settlements,-15.298860698445235,-35.29886069844524,-75.29886069844524
PRICE_FUNDING_15M_GLOBAL_WINDOW,15m-0001337,binance/hyperliquid,20,2026-07-18 04:30:00+00:00,2026-07-18 05:15:00+00:00,hyperliquid,binance,6.027508463439993,-0.0625,1,0,5.965008463439993,native_15m_trade_close_plus_real_settlements,-14.034991536560007,-34.03499153656001,-74.03499153656
PRICE_FUNDING_15M_GLOBAL_WINDOW,15m-0001338,binance/hyperliquid,20,2026-07-18 07:00:00+00:00,2026-07-18 07:45:00+00:00,hyperliquid,binance,4.246318305165865,0.47257299999999997,1,0,4.718891305165864,native_15m_trade_close_plus_real_settlements,-15.281108694834135,-35.28110869483414,-75.28110869483413
PRICE_FUNDING_15M_GLOBAL_WINDOW,15m-0001339,binance/hyperliquid,20,2026-07-18 08:45:00+00:00,2026-07-18 09:00:00+00:00,hyperliquid,binance,8.238853983447434,-0.0625,1,0,8.176353983447434,native_15m_trade_close_plus_real_settlements,-11.823646016552566,-31.823646016552566,-71.82364601655257
PRICE_FUNDING_15M_GLOBAL_WINDOW,15m-0001340,binance/hyperliquid,20,2026-07-18 10:15:00+00:00,2026-07-18 10:30:00+00:00,hyperliquid,binance,2.854205487745798,0.0,0,0,2.854205487745798,native_15m_trade_close_plus_real_settlements,-17.145794512254202,-37.1457945122542,-77.1457945122542
PRICE_FUNDING_15M_GLOBAL_WINDOW,15m-0001341,binance/hyperliquid,20,2026-07-18 11:15:00+00:00,2026-07-18 12:15:00+00:00,hyperliquid,binance,8.513085842879573,0.020678,1,1,8.533763842879573,native_15m_trade_close_plus_real_settlements,-11.466236157120427,-31.466236157120427,-71.46623615712042
PRICE_FUNDING_15M_GLOBAL_WINDOW,15m-0001342,binance/hyperliquid,20,2026-07-18 12:30:00+00:00,2026-07-18 13:00:00+00:00,hyperliquid,binance,5.929893758105656,0.126242,1,0,6.056135758105657,native_15m_trade_close_plus_real_settlements,-13.943864241894342,-33.943864241894346,-73.94386424189435
PRICE_FUNDING_15M_GLOBAL_WINDOW,15m-0001343,binance/hyperliquid,20,2026-07-18 13:15:00+00:00,2026-07-18 14:45:00+00:00,hyperliquid,binance,12.49843002786864,-0.0625,1,0,12.43593002786864,native_15m_trade_close_plus_real_settlements,-7.56406997213136,-27.56406997213136,-67.56406997213136
PRICE_FUNDING_15M_GLOBAL_WINDOW,15m-0001344,binance/hyperliquid,20,2026-07-18 15:00:00+00:00,2026-07-18 15:15:00+00:00,hyperliquid,binance,4.554185245074853,0.399237,1,0,4.9534222450748535,native_15m_trade_close_plus_real_settlements,-15.046577754925146,-35.046577754925146,-75.04657775492515
PRICE_FUNDING_15M_GLOBAL_WINDOW,15m-0001345,binance/hyperliquid,20,2026-07-18 18:15:00+00:00,2026-07-18 18:30:00+00:00,hyperliquid,binance,3.9707567872904015,0.0,0,0,3.9707567872904015,native_15m_trade_close_plus_real_settlements,-16.0292432127096,-36.0292432127096,-76.0292432127096
PRICE_FUNDING_15M_GLOBAL_WINDOW,15m-0001346,binance/hyperliquid,20,2026-07-18 19:30:00+00:00,2026-07-18 20:00:00+00:00,hyperliquid,binance,4.520012700818782,-0.0625,1,1,4.457512700818782,native_15m_trade_close_plus_real_settlements,-15.542487299181218,-35.54248729918122,-75.54248729918122
PRICE_FUNDING_15M_GLOBAL_WINDOW,15m-0001347,binance/hyperliquid,20,2026-07-18 21:00:00+00:00,2026-07-19 00:45:00+00:00,hyperliquid,binance,7.811530057158553,-0.9102200000000001,4,1,6.901310057158553,native_15m_trade_close_plus_real_settlements,-13.098689942841446,-33.098689942841446,-73.09868994284145
PRICE_FUNDING_15M_GLOBAL_WINDOW,15m-0001348,binance/hyperliquid,20,2026-07-19 01:00:00+00:00,2026-07-19 01:30:00+00:00,hyperliquid,binance,4.8587282549259,-0.768915,1,0,4.0898132549259,native_15m_trade_close_plus_real_settlements,-15.9101867450741,-35.9101867450741,-75.9101867450741
PRICE_FUNDING_15M_GLOBAL_WINDOW,15m-0001349,binance/hyperliquid,20,2026-07-19 02:00:00+00:00,2026-07-19 02:45:00+00:00,hyperliquid,binance,5.246781666290481,-0.6937639999999999,1,0,4.553017666290481,native_15m_trade_close_plus_real_settlements,-15.446982333709519,-35.44698233370952,-75.44698233370951
PRICE_FUNDING_15M_GLOBAL_WINDOW,15m-0001350,binance/hyperliquid,20,2026-07-19 03:00:00+00:00,2026-07-19 07:00:00+00:00,hyperliquid,binance,12.892350030390869,-4.408491,5,1,8.48385903039087,native_15m_trade_close_plus_real_settlements,-11.51614096960913,-31.516140969609133,-71.51614096960913
PRICE_FUNDING_15M_GLOBAL_WINDOW,15m-0001351,binance/hyperliquid,20,2026-07-19 07:30:00+00:00,2026-07-19 07:45:00+00:00,hyperliquid,binance,6.327481749400217,0.0,0,0,6.327481749400217,native_15m_trade_close_plus_real_settlements,-13.672518250599783,-33.67251825059978,-73.67251825059978
PRICE_FUNDING_15M_GLOBAL_WINDOW,15m-0001352,binance/hyperliquid,20,2026-07-19 08:00:00+00:00,2026-07-20 00:00:00+00:00,hyperliquid,binance,56.03368140430298,-8.471438000000001,17,5,47.56224340430298,native_15m_trade_close_plus_real_settlements,27.562243404302983,7.562243404302983,-32.43775659569702
PRICE_FUNDING_15M_GLOBAL_WINDOW,15m-0001353,binance/hyperliquid,20,2026-07-20 00:15:00+00:00,2026-07-20 00:30:00+00:00,hyperliquid,binance,13.188311805032306,0.0,0,0,13.188311805032306,native_15m_trade_close_plus_real_settlements,-6.811688194967694,-26.811688194967694,-66.8116881949677
PRICE_FUNDING_15M_GLOBAL_WINDOW,15m-0001354,binance/hyperliquid,20,2026-07-20 00:45:00+00:00,2026-07-20 02:30:00+00:00,hyperliquid,binance,19.523949213522098,-0.125,2,0,19.398949213522098,native_15m_trade_close_plus_real_settlements,-0.6010507864779022,-20.601050786477902,-60.6010507864779
PRICE_FUNDING_15M_GLOBAL_WINDOW,15m-0001355,binance/hyperliquid,20,2026-07-20 04:00:00+00:00,2026-07-20 04:30:00+00:00,hyperliquid,binance,9.802749418796662,15.426730000000001,1,1,25.229479418796664,native_15m_trade_close_plus_real_settlements,5.2294794187966644,-14.770520581203336,-54.770520581203336
PRICE_FUNDING_15M_GLOBAL_WINDOW,15m-0001356,binance/hyperliquid,20,2026-07-20 04:45:00+00:00,2026-07-20 05:00:00+00:00,hyperliquid,binance,5.945702046496596,-0.68249,1,0,5.263212046496596,native_15m_trade_close_plus_real_settlements,-14.736787953503404,-34.7367879535034,-74.73678795350341
PRICE_FUNDING_15M_GLOBAL_WINDOW,15m-0001357,binance/hyperliquid,20,2026-07-20 06:15:00+00:00,2026-07-20 08:45:00+00:00,hyperliquid,binance,17.16563062063219,4.916459,2,1,22.08208962063219,native_15m_trade_close_plus_real_settlements,2.082089620632189,-17.91791037936781,-57.91791037936781
PRICE_FUNDING_15M_GLOBAL_WINDOW,15m-0001358,binance/hyperliquid,20,2026-07-20 09:00:00+00:00,2026-07-20 09:15:00+00:00,hyperliquid,binance,3.35423378140219,-0.273756,1,0,3.0804777814021898,native_15m_trade_close_plus_real_settlements,-16.91952221859781,-36.91952221859781,-76.9195222185978
PRICE_FUNDING_15M_GLOBAL_WINDOW,15m-0001359,binance/hyperliquid,20,2026-07-20 09:30:00+00:00,2026-07-20 10:00:00+00:00,hyperliquid,binance,9.456541999154995,0.604045,1,0,10.060586999154994,native_15m_trade_close_plus_real_settlements,-9.939413000845006,-29.939413000845008,-69.93941300084501
PRICE_FUNDING_15M_GLOBAL_WINDOW,15m-0001360,binance/hyperliquid,20,2026-07-20 13:15:00+00:00,2026-07-20 13:30:00+00:00,hyperliquid,binance,18.939382519096277,0.0,0,0,18.939382519096277,native_15m_trade_close_plus_real_settlements,-1.0606174809037228,-21.060617480903723,-61.06061748090372
PRICE_FUNDING_15M_GLOBAL_WINDOW,15m-0001361,binance/hyperliquid,20,2026-07-20 23:00:00+00:00,2026-07-20 23:15:00+00:00,hyperliquid,binance,10.742747943563407,-1.237952,1,0,9.504795943563407,native_15m_trade_close_plus_real_settlements,-10.495204056436593,-30.49520405643659,-70.49520405643659
PRICE_FUNDING_15M_GLOBAL_WINDOW,15m-0001362,binance/hyperliquid,20,2026-07-21 00:00:00+00:00,2026-07-21 00:15:00+00:00,hyperliquid,binance,16.30096264530458,0.4252409999999999,1,1,16.72620364530458,native_15m_trade_close_plus_real_settlements,-3.2737963546954205,-23.27379635469542,-63.27379635469542
PRICE_FUNDING_15M_GLOBAL_WINDOW,15m-0001363,binance/hyperliquid,20,2026-07-21 00:30:00+00:00,2026-07-21 02:15:00+00:00,hyperliquid,binance,30.58132587865066,-0.941028,2,0,29.64029787865066,native_15m_trade_close_plus_real_settlements,9.64029787865066,-10.35970212134934,-50.35970212134934
PRICE_FUNDING_15M_GLOBAL_WINDOW,15m-0001364,binance/hyperliquid,20,2026-07-21 07:30:00+00:00,2026-07-21 09:00:00+00:00,hyperliquid,binance,21.014929972345243,-1.8057020000000004,2,1,19.209227972345243,native_15m_trade_close_plus_real_settlements,-0.7907720276547572,-20.790772027654757,-60.790772027654754
PRICE_FUNDING_15M_GLOBAL_WINDOW,15m-0001365,binance/hyperliquid,20,2026-07-21 11:15:00+00:00,2026-07-21 12:00:00+00:00,hyperliquid,binance,4.731040668444518,0.663142,1,1,5.394182668444517,native_15m_trade_close_plus_real_settlements,-14.605817331555482,-34.605817331555485,-74.60581733155549
PRICE_FUNDING_15M_GLOBAL_WINDOW,15m-0001366,binance/hyperliquid,20,2026-07-21 12:30:00+00:00,2026-07-21 12:45:00+00:00,hyperliquid,binance,9.54832679223267,0.0,0,0,9.54832679223267,native_15m_trade_close_plus_real_settlements,-10.45167320776733,-30.451673207767328,-70.45167320776733
PRICE_FUNDING_15M_GLOBAL_WINDOW,15m-0001367,binance/hyperliquid,20,2026-07-21 13:15:00+00:00,2026-07-21 14:00:00+00:00,hyperliquid,binance,19.81723096581517,-2.787525,1,0,17.02970596581517,native_15m_trade_close_plus_real_settlements,-2.9702940341848283,-22.97029403418483,-62.97029403418483
PRICE_FUNDING_15M_GLOBAL_WINDOW,15m-0001368,binance/hyperliquid,20,2026-07-21 16:45:00+00:00,2026-07-21 17:00:00+00:00,hyperliquid,binance,8.283737520215567,-2.477315,1,0,5.806422520215567,native_15m_trade_close_plus_real_settlements,-14.193577479784434,-34.19357747978443,-74.19357747978444
PRICE_FUNDING_15M_GLOBAL_WINDOW,15m-0001369,binance/hyperliquid,20,2026-07-21 17:15:00+00:00,2026-07-21 18:00:00+00:00,hyperliquid,binance,16.657845906890017,-2.2392469999999998,1,0,14.418598906890018,native_15m_trade_close_plus_real_settlements,-5.581401093109982,-25.58140109310998,-65.58140109310997
PRICE_FUNDING_15M_GLOBAL_WINDOW,15m-0001370,binance/hyperliquid,20,2026-07-21 18:15:00+00:00,2026-07-21 19:30:00+00:00,hyperliquid,binance,11.646207312008091,-0.489291,1,0,11.156916312008091,native_15m_trade_close_plus_real_settlements,-8.843083687991909,-28.843083687991907,-68.8430836879919
PRICE_FUNDING_15M_GLOBAL_WINDOW,15m-0001371,binance/hyperliquid,20,2026-07-21 20:00:00+00:00,2026-07-21 21:15:00+00:00,hyperliquid,binance,20.37237952207964,-1.130657,2,1,19.24172252207964,native_15m_trade_close_plus_real_settlements,-0.7582774779203589,-20.75827747792036,-60.75827747792036
PRICE_FUNDING_15M_GLOBAL_WINDOW,15m-0001372,binance/hyperliquid,20,2026-07-21 22:15:00+00:00,2026-07-21 22:45:00+00:00,hyperliquid,binance,3.947315517516323,0.0,0,0,3.947315517516323,native_15m_trade_close_plus_real_settlements,-16.052684482483677,-36.05268448248368,-76.05268448248367
PRICE_FUNDING_15M_GLOBAL_WINDOW,15m-0001373,binance/hyperliquid,20,2026-07-21 23:00:00+00:00,2026-07-21 23:15:00+00:00,hyperliquid,binance,10.53561686952592,1.3464250000000002,1,0,11.88204186952592,native_15m_trade_close_plus_real_settlements,-8.11795813047408,-28.11795813047408,-68.11795813047408
PRICE_FUNDING_15M_GLOBAL_WINDOW,15m-0001374,binance/hyperliquid,20,2026-07-21 23:30:00+00:00,2026-07-21 23:45:00+00:00,hyperliquid,binance,7.7456100016349545,0.0,0,0,7.7456100016349545,native_15m_trade_close_plus_real_settlements,-12.254389998365045,-32.25438999836504,-72.25438999836504
PRICE_FUNDING_15M_GLOBAL_WINDOW,15m-0001375,binance/hyperliquid,20,2026-07-22 00:00:00+00:00,2026-07-22 00:30:00+00:00,hyperliquid,binance,20.80067809634351,-1.955694,1,0,18.84498409634351,native_15m_trade_close_plus_real_settlements,-1.1550159036564907,-21.15501590365649,-61.15501590365649
PRICE_FUNDING_15M_GLOBAL_WINDOW,15m-0001376,binance/hyperliquid,20,2026-07-22 05:15:00+00:00,2026-07-22 06:45:00+00:00,hyperliquid,binance,17.814575170793823,-0.651903,1,0,17.162672170793822,native_15m_trade_close_plus_real_settlements,-2.8373278292061777,-22.837327829206178,-62.837327829206174
PRICE_FUNDING_15M_GLOBAL_WINDOW,15m-0001377,binance/hyperliquid,20,2026-07-22 07:15:00+00:00,2026-07-22 13:30:00+00:00,hyperliquid,binance,21.220298853441818,2.581789,6,2,23.80208785344182,native_15m_trade_close_plus_real_settlements,3.8020878534418188,-16.19791214655818,-56.19791214655818
PRICE_FUNDING_15M_GLOBAL_WINDOW,15m-0001378,binance/hyperliquid,20,2026-07-22 14:30:00+00:00,2026-07-22 15:15:00+00:00,hyperliquid,binance,7.322228828348916,-2.461753,1,0,4.860475828348916,native_15m_trade_close_plus_real_settlements,-15.139524171651084,-35.13952417165108,-75.13952417165109
PRICE_FUNDING_15M_GLOBAL_WINDOW,15m-0001379,binance/hyperliquid,20,2026-07-22 15:30:00+00:00,2026-07-22 21:15:00+00:00,hyperliquid,binance,25.68213591115174,1.372115,6,2,27.05425091115174,native_15m_trade_close_plus_real_settlements,7.05425091115174,-12.94574908884826,-52.94574908884826
PRICE_FUNDING_15M_GLOBAL_WINDOW,15m-0001585,binance/hyperliquid,50,2026-06-10 16:45:00+00:00,2026-06-11 00:15:00+00:00,hyperliquid,binance,86.4301501186057,-14.961470000000002,8,1,71.46868011860569,native_15m_trade_close_plus_real_settlements,51.46868011860569,31.46868011860569,-8.53131988139431
PRICE_FUNDING_15M_GLOBAL_WINDOW,15m-0001586,binance/hyperliquid,50,2026-06-11 00:30:00+00:00,2026-06-11 01:00:00+00:00,hyperliquid,binance,26.72767278340432,-1.368798,1,0,25.358874783404318,native_15m_trade_close_plus_real_settlements,5.3588747834043176,-14.641125216595682,-54.64112521659568
PRICE_FUNDING_15M_GLOBAL_WINDOW,15m-0001587,binance/hyperliquid,50,2026-06-11 01:45:00+00:00,2026-06-11 02:45:00+00:00,hyperliquid,binance,20.270123770935783,-0.656011,1,0,19.614112770935783,native_15m_trade_close_plus_real_settlements,-0.3858872290642168,-20.385887229064217,-60.38588722906422
PRICE_FUNDING_15M_GLOBAL_WINDOW,15m-0001588,binance/hyperliquid,50,2026-06-11 03:00:00+00:00,2026-06-11 03:15:00+00:00,hyperliquid,binance,10.024160200764733,-1.387082,1,0,8.637078200764734,native_15m_trade_close_plus_real_settlements,-11.362921799235266,-31.362921799235266,-71.36292179923527
PRICE_FUNDING_15M_GLOBAL_WINDOW,15m-0001589,binance/hyperliquid,50,2026-06-11 16:45:00+00:00,2026-06-11 17:30:00+00:00,hyperliquid,binance,32.643297152603694,-2.404534,1,0,30.238763152603696,native_15m_trade_close_plus_real_settlements,10.238763152603696,-9.761236847396304,-49.761236847396304
PRICE_FUNDING_15M_GLOBAL_WINDOW,15m-0001590,binance/hyperliquid,50,2026-06-11 19:45:00+00:00,2026-06-11 20:00:00+00:00,hyperliquid,binance,39.04170200338232,-7.657344,1,0,31.384358003382317,native_15m_trade_close_plus_real_settlements,11.384358003382317,-8.615641996617683,-48.61564199661768
PRICE_FUNDING_15M_GLOBAL_WINDOW,15m-0001591,binance/hyperliquid,50,2026-06-12 06:15:00+00:00,2026-06-12 07:00:00+00:00,hyperliquid,binance,20.55235581026156,-3.197305,1,0,17.35505081026156,native_15m_trade_close_plus_real_settlements,-2.6449491897384405,-22.64494918973844,-62.64494918973844
PRICE_FUNDING_15M_GLOBAL_WINDOW,15m-0001592,binance/hyperliquid,50,2026-06-12 07:30:00+00:00,2026-06-12 08:15:00+00:00,hyperliquid,binance,17.596414433401897,5.727032,1,1,23.323446433401898,native_15m_trade_close_plus_real_settlements,3.323446433401898,-16.676553566598102,-56.6765535665981
PRICE_FUNDING_15M_GLOBAL_WINDOW,15m-0001593,binance/hyperliquid,50,2026-06-12 09:15:00+00:00,2026-06-12 09:30:00+00:00,hyperliquid,binance,3.365041841371422,0.0,0,0,3.365041841371422,native_15m_trade_close_plus_real_settlements,-16.634958158628578,-36.63495815862858,-76.63495815862858
PRICE_FUNDING_15M_GLOBAL_WINDOW,15m-0001594,binance/hyperliquid,50,2026-06-12 10:45:00+00:00,2026-06-12 14:00:00+00:00,hyperliquid,binance,27.134170793078333,-7.142194999999998,4,0,19.991975793078335,native_15m_trade_close_plus_real_settlements,-0.0080242069216645,-20.008024206921665,-60.00802420692166
PRICE_FUNDING_15M_GLOBAL_WINDOW,15m-0001595,binance/hyperliquid,50,2026-06-13 02:15:00+00:00,2026-06-13 02:30:00+00:00,hyperliquid,binance,7.86025083432353,0.0,0,0,7.86025083432353,native_15m_trade_close_plus_real_settlements,-12.13974916567647,-32.13974916567647,-72.13974916567648
PRICE_FUNDING_15M_GLOBAL_WINDOW,15m-0001596,binance/hyperliquid,50,2026-06-13 03:00:00+00:00,2026-06-13 03:15:00+00:00,hyperliquid,binance,6.008585516920924,0.0,0,0,6.008585516920924,native_15m_trade_close_plus_real_settlements,-13.991414483079076,-33.991414483079076,-73.99141448307907
PRICE_FUNDING_15M_GLOBAL_WINDOW,15m-0001597,binance/hyperliquid,50,2026-06-13 03:45:00+00:00,2026-06-13 04:15:00+00:00,hyperliquid,binance,11.282805153733811,0.973586,1,0,12.25639115373381,native_15m_trade_close_plus_real_settlements,-7.74360884626619,-27.74360884626619,-67.74360884626618
PRICE_FUNDING_15M_GLOBAL_WINDOW,15m-0001598,binance/hyperliquid,50,2026-06-13 04:30:00+00:00,2026-06-13 05:00:00+00:00,hyperliquid,binance,10.209119719337899,0.390209,1,0,10.5993287193379,native_15m_trade_close_plus_real_settlements,-9.4006712806621,-29.400671280662102,-69.4006712806621
PRICE_FUNDING_15M_GLOBAL_WINDOW,15m-0001599,binance/hyperliquid,50,2026-06-13 06:00:00+00:00,2026-06-13 06:15:00+00:00,hyperliquid,binance,12.321201025192806,-0.211313,1,0,12.109888025192806,native_15m_trade_close_plus_real_settlements,-7.890111974807194,-27.890111974807194,-67.8901119748072
PRICE_FUNDING_15M_GLOBAL_WINDOW,15m-0001600,binance/hyperliquid,50,2026-06-13 06:30:00+00:00,2026-06-13 07:00:00+00:00,hyperliquid,binance,7.108153065617152,-0.374526,1,0,6.733627065617152,native_15m_trade_close_plus_real_settlements,-13.266372934382847,-33.26637293438285,-73.26637293438284
PRICE_FUNDING_15M_GLOBAL_WINDOW,15m-0001601,binance/hyperliquid,50,2026-06-13 07:15:00+00:00,2026-06-13 08:00:00+00:00,hyperliquid,binance,10.156563898889367,-0.777163,1,1,9.379400898889367,native_15m_trade_close_plus_real_settlements,-10.620599101110633,-30.620599101110635,-70.62059910111063
PRICE_FUNDING_15M_GLOBAL_WINDOW,15m-0001602,binance/hyperliquid,50,2026-06-13 08:30:00+00:00,2026-06-13 09:30:00+00:00,hyperliquid,binance,17.07501460341021,-0.622948,1,0,16.45206660341021,native_15m_trade_close_plus_real_settlements,-3.547933396589791,-23.54793339658979,-63.54793339658979
PRICE_FUNDING_15M_GLOBAL_WINDOW,15m-0001603,binance/hyperliquid,50,2026-06-13 09:45:00+00:00,2026-06-13 10:00:00+00:00,hyperliquid,binance,9.604695482762388,1.462052,1,0,11.066747482762388,native_15m_trade_close_plus_real_settlements,-8.933252517237612,-28.933252517237612,-68.9332525172376
PRICE_FUNDING_15M_GLOBAL_WINDOW,15m-0001604,binance/hyperliquid,50,2026-06-13 10:30:00+00:00,2026-06-13 10:45:00+00:00,hyperliquid,binance,1.6347335459298407,0.0,0,0,1.6347335459298407,native_15m_trade_close_plus_real_settlements,-18.36526645407016,-38.36526645407016,-78.36526645407017
PRICE_FUNDING_15M_GLOBAL_WINDOW,15m-0001605,binance/hyperliquid,50,2026-06-13 11:15:00+00:00,2026-06-13 11:30:00+00:00,hyperliquid,binance,5.303114862660657,0.0,0,0,5.303114862660657,native_15m_trade_close_plus_real_settlements,-14.696885137339343,-34.69688513733934,-74.69688513733934
PRICE_FUNDING_15M_GLOBAL_WINDOW,15m-0001606,binance/hyperliquid,50,2026-06-13 12:00:00+00:00,2026-06-13 14:00:00+00:00,hyperliquid,binance,16.422180222090617,-0.715158,2,0,15.707022222090616,native_15m_trade_close_plus_real_settlements,-4.292977777909384,-24.292977777909385,-64.29297777790939
PRICE_FUNDING_15M_GLOBAL_WINDOW,15m-0001607,binance/hyperliquid,50,2026-06-13 14:30:00+00:00,2026-06-13 17:00:00+00:00,hyperliquid,binance,17.883683665243453,-1.335962,3,1,16.547721665243454,native_15m_trade_close_plus_real_settlements,-3.4522783347565458,-23.452278334756546,-63.45227833475654
PRICE_FUNDING_15M_GLOBAL_WINDOW,15m-0001608,binance/hyperliquid,50,2026-06-13 17:15:00+00:00,2026-06-13 20:15:00+00:00,hyperliquid,binance,12.990452762248175,-3.9541049999999998,3,0,9.036347762248175,native_15m_trade_close_plus_real_settlements,-10.963652237751825,-30.963652237751823,-70.96365223775183
PRICE_FUNDING_15M_GLOBAL_WINDOW,15m-0001609,binance/hyperliquid,50,2026-06-13 21:45:00+00:00,2026-06-14 00:15:00+00:00,hyperliquid,binance,17.167761836438387,-0.558141,3,1,16.60962083643839,native_15m_trade_close_plus_real_settlements,-3.3903791635616116,-23.39037916356161,-63.39037916356161
PRICE_FUNDING_15M_GLOBAL_WINDOW,15m-0001610,binance/hyperliquid,50,2026-06-14 00:30:00+00:00,2026-06-14 04:30:00+00:00,hyperliquid,binance,17.317490460324436,-2.1193319999999995,4,0,15.198158460324436,native_15m_trade_close_plus_real_settlements,-4.801841539675564,-24.801841539675564,-64.80184153967556
PRICE_FUNDING_15M_GLOBAL_WINDOW,15m-0001611,binance/hyperliquid,50,2026-06-14 05:00:00+00:00,2026-06-14 06:45:00+00:00,hyperliquid,binance,10.070450519022366,1.458858,2,0,11.529308519022365,native_15m_trade_close_plus_real_settlements,-8.470691480977635,-28.470691480977635,-68.47069148097764
PRICE_FUNDING_15M_GLOBAL_WINDOW,15m-0001612,binance/hyperliquid,50,2026-06-14 07:15:00+00:00,2026-06-14 08:00:00+00:00,hyperliquid,binance,5.91321241930045,-0.8079999999999999,1,1,5.10521241930045,native_15m_trade_close_plus_real_settlements,-14.89478758069955,-34.89478758069955,-74.89478758069956
PRICE_FUNDING_15M_GLOBAL_WINDOW,15m-0001613,binance/hyperliquid,50,2026-06-14 08:15:00+00:00,2026-06-14 08:30:00+00:00,hyperliquid,binance,6.927590112764719,0.0,0,0,6.927590112764719,native_15m_trade_close_plus_real_settlements,-13.072409887235281,-33.07240988723528,-73.07240988723528
PRICE_FUNDING_15M_GLOBAL_WINDOW,15m-0001614,binance/hyperliquid,50,2026-06-14 09:30:00+00:00,2026-06-14 12:00:00+00:00,hyperliquid,binance,24.041896549415142,-3.4778490000000004,3,0,20.564047549415143,native_15m_trade_close_plus_real_settlements,0.5640475494151431,-19.435952450584857,-59.43595245058486
PRICE_FUNDING_15M_GLOBAL_WINDOW,15m-0001615,binance/hyperliquid,50,2026-06-14 15:00:00+00:00,2026-06-14 15:15:00+00:00,hyperliquid,binance,4.297847072030386,0.783886,1,0,5.081733072030386,native_15m_trade_close_plus_real_settlements,-14.918266927969615,-34.91826692796961,-74.91826692796961
PRICE_FUNDING_15M_GLOBAL_WINDOW,15m-0001616,binance/hyperliquid,50,2026-06-14 16:30:00+00:00,2026-06-14 17:00:00+00:00,hyperliquid,binance,9.699698128113354,0.729262,1,0,10.428960128113355,native_15m_trade_close_plus_real_settlements,-9.571039871886645,-29.571039871886647,-69.57103987188664
PRICE_FUNDING_15M_GLOBAL_WINDOW,15m-0001617,binance/hyperliquid,50,2026-06-14 17:15:00+00:00,2026-06-14 17:45:00+00:00,hyperliquid,binance,3.156969777484207,0.0,0,0,3.156969777484207,native_15m_trade_close_plus_real_settlements,-16.843030222515793,-36.84303022251579,-76.8430302225158
PRICE_FUNDING_15M_GLOBAL_WINDOW,15m-0001618,binance/hyperliquid,50,2026-06-14 19:00:00+00:00,2026-06-14 19:15:00+00:00,hyperliquid,binance,3.6239427322310647,0.604052,1,0,4.227994732231065,native_15m_trade_close_plus_real_settlements,-15.772005267768936,-35.77200526776893,-75.77200526776893
PRICE_FUNDING_15M_GLOBAL_WINDOW,15m-0001619,binance/hyperliquid,50,2026-06-14 19:45:00+00:00,2026-06-14 20:00:00+00:00,hyperliquid,binance,7.539863079482728,-0.0625,1,0,7.477363079482728,native_15m_trade_close_plus_real_settlements,-12.522636920517272,-32.52263692051727,-72.52263692051727
PRICE_FUNDING_15M_GLOBAL_WINDOW,15m-0001620,binance/hyperliquid,50,2026-06-14 20:45:00+00:00,2026-06-14 21:30:00+00:00,hyperliquid,binance,10.956112190732654,-0.0625,1,0,10.893612190732654,native_15m_trade_close_plus_real_settlements,-9.106387809267346,-29.106387809267346,-69.10638780926735
PRICE_FUNDING_15M_GLOBAL_WINDOW,15m-0001621,binance/hyperliquid,50,2026-06-14 21:45:00+00:00,2026-06-15 01:00:00+00:00,hyperliquid,binance,52.02525185961269,-16.541138,4,1,35.48411385961269,native_15m_trade_close_plus_real_settlements,15.484113859612691,-4.515886140387309,-44.51588614038731
PRICE_FUNDING_15M_GLOBAL_WINDOW,15m-0001622,binance/hyperliquid,50,2026-06-15 01:30:00+00:00,2026-06-15 02:30:00+00:00,hyperliquid,binance,25.896601773664194,-2.7409709999999996,1,0,23.155630773664196,native_15m_trade_close_plus_real_settlements,3.155630773664196,-16.844369226335804,-56.8443692263358
PRICE_FUNDING_15M_GLOBAL_WINDOW,15m-0001623,binance/hyperliquid,50,2026-06-15 19:30:00+00:00,2026-06-15 19:45:00+00:00,hyperliquid,binance,12.206817548962398,0.0,0,0,12.206817548962398,native_15m_trade_close_plus_real_settlements,-7.793182451037602,-27.7931824510376,-67.79318245103761
PRICE_FUNDING_15M_GLOBAL_WINDOW,15m-0001624,binance/hyperliquid,50,2026-06-15 20:45:00+00:00,2026-06-15 21:00:00+00:00,hyperliquid,binance,17.96055674433606,0.16517199999999999,1,0,18.125728744336058,native_15m_trade_close_plus_real_settlements,-1.8742712556639418,-21.874271255663942,-61.87427125566394
PRICE_FUNDING_15M_GLOBAL_WINDOW,15m-0001625,binance/hyperliquid,50,2026-06-15 21:30:00+00:00,2026-06-15 21:45:00+00:00,hyperliquid,binance,5.930422099197685,0.0,0,0,5.930422099197685,native_15m_trade_close_plus_real_settlements,-14.069577900802315,-34.069577900802315,-74.06957790080232
PRICE_FUNDING_15M_GLOBAL_WINDOW,15m-0001626,binance/hyperliquid,50,2026-06-15 22:00:00+00:00,2026-06-15 22:30:00+00:00,hyperliquid,binance,2.659112496273984,-0.217873,1,0,2.441239496273984,native_15m_trade_close_plus_real_settlements,-17.558760503726017,-37.55876050372601,-77.55876050372602
PRICE_FUNDING_15M_GLOBAL_WINDOW,15m-0001627,binance/hyperliquid,50,2026-06-15 22:45:00+00:00,2026-06-15 23:30:00+00:00,hyperliquid,binance,9.783342494979735,1.829663,1,0,11.613005494979735,native_15m_trade_close_plus_real_settlements,-8.386994505020265,-28.386994505020265,-68.38699450502027
PRICE_FUNDING_15M_GLOBAL_WINDOW,15m-0001628,binance/hyperliquid,50,2026-06-16 09:45:00+00:00,2026-06-16 13:15:00+00:00,hyperliquid,binance,28.93162077523283,-8.922599,4,0,20.00902177523283,native_15m_trade_close_plus_real_settlements,0.00902177523283143,-19.99097822476717,-59.99097822476717
PRICE_FUNDING_15M_GLOBAL_WINDOW,15m-0001629,binance/hyperliquid,50,2026-06-16 13:30:00+00:00,2026-06-16 14:15:00+00:00,hyperliquid,binance,24.889881982438297,0.436234,1,0,25.326115982438296,native_15m_trade_close_plus_real_settlements,5.326115982438296,-14.673884017561704,-54.673884017561704
PRICE_FUNDING_15M_GLOBAL_WINDOW,15m-0001630,binance/hyperliquid,50,2026-06-16 14:45:00+00:00,2026-06-16 16:00:00+00:00,hyperliquid,binance,20.195041491982877,-15.870593999999997,2,1,4.32444749198288,native_15m_trade_close_plus_real_settlements,-15.67555250801712,-35.67555250801712,-75.67555250801712
PRICE_FUNDING_15M_GLOBAL_WINDOW,15m-0001631,binance/hyperliquid,50,2026-06-16 16:15:00+00:00,2026-06-16 19:45:00+00:00,hyperliquid,binance,26.129113947396796,3.124584,3,0,29.253697947396795,native_15m_trade_close_plus_real_settlements,9.253697947396795,-10.746302052603205,-50.746302052603205
PRICE_FUNDING_15M_GLOBAL_WINDOW,15m-0001632,binance/hyperliquid,50,2026-06-16 20:15:00+00:00,2026-06-16 20:45:00+00:00,hyperliquid,binance,15.76009045020345,0.0,0,0,15.76009045020345,native_15m_trade_close_plus_real_settlements,-4.23990954979655,-24.23990954979655,-64.23990954979655
PRICE_FUNDING_15M_GLOBAL_WINDOW,15m-0001633,binance/hyperliquid,50,2026-06-16 21:15:00+00:00,2026-06-16 22:00:00+00:00,hyperliquid,binance,8.464733290944892,-0.0625,1,0,8.402233290944892,native_15m_trade_close_plus_real_settlements,-11.597766709055108,-31.597766709055108,-71.59776670905511
PRICE_FUNDING_15M_GLOBAL_WINDOW,15m-0001634,binance/hyperliquid,50,2026-06-16 22:30:00+00:00,2026-06-16 22:45:00+00:00,hyperliquid,binance,12.665918306754136,0.0,0,0,12.665918306754136,native_15m_trade_close_plus_real_settlements,-7.334081693245864,-27.334081693245864,-67.33408169324586
PRICE_FUNDING_15M_GLOBAL_WINDOW,15m-0001635,binance/hyperliquid,50,2026-06-17 05:00:00+00:00,2026-06-17 05:15:00+00:00,hyperliquid,binance,20.512627237154156,-0.587241,1,0,19.925386237154157,native_15m_trade_close_plus_real_settlements,-0.07461376284584276,-20.074613762845843,-60.07461376284584
PRICE_FUNDING_15M_GLOBAL_WINDOW,15m-0001636,binance/hyperliquid,50,2026-06-17 12:45:00+00:00,2026-06-17 13:15:00+00:00,hyperliquid,binance,8.28671769992743,-0.21273399999999998,1,0,8.07398369992743,native_15m_trade_close_plus_real_settlements,-11.92601630007257,-31.92601630007257,-71.92601630007258
PRICE_FUNDING_15M_GLOBAL_WINDOW,15m-0001637,binance/hyperliquid,50,2026-06-17 13:30:00+00:00,2026-06-17 14:30:00+00:00,hyperliquid,binance,21.79329557875392,-0.099137,1,0,21.69415857875392,native_15m_trade_close_plus_real_settlements,1.694158578753921,-18.30584142124608,-58.30584142124608
PRICE_FUNDING_15M_GLOBAL_WINDOW,15m-0001638,binance/hyperliquid,50,2026-06-17 15:15:00+00:00,2026-06-17 17:00:00+00:00,hyperliquid,binance,23.801016768172346,4.588409,2,1,28.389425768172345,native_15m_trade_close_plus_real_settlements,8.389425768172345,-11.610574231827655,-51.610574231827655
PRICE_FUNDING_15M_GLOBAL_WINDOW,15m-0001639,binance/hyperliquid,50,2026-06-17 17:15:00+00:00,2026-06-17 17:30:00+00:00,hyperliquid,binance,14.47039451863516,0.0,0,0,14.47039451863516,native_15m_trade_close_plus_real_settlements,-5.52960548136484,-25.52960548136484,-65.52960548136484
PRICE_FUNDING_15M_GLOBAL_WINDOW,15m-0001640,binance/hyperliquid,50,2026-06-17 18:00:00+00:00,2026-06-17 18:15:00+00:00,hyperliquid,binance,24.737320604980606,-1.014256,1,0,23.723064604980607,native_15m_trade_close_plus_real_settlements,3.723064604980607,-16.276935395019393,-56.27693539501939
PRICE_FUNDING_15M_GLOBAL_WINDOW,15m-0001641,binance/hyperliquid,50,2026-06-17 18:30:00+00:00,2026-06-17 18:45:00+00:00,hyperliquid,binance,15.639102981154466,0.0,0,0,15.639102981154466,native_15m_trade_close_plus_real_settlements,-4.3608970188455345,-24.360897018845534,-64.36089701884553
PRICE_FUNDING_15M_GLOBAL_WINDOW,15m-0001642,binance/hyperliquid,50,2026-06-17 19:00:00+00:00,2026-06-17 19:45:00+00:00,hyperliquid,binance,16.084810529809715,-1.434645,1,0,14.650165529809716,native_15m_trade_close_plus_real_settlements,-5.3498344701902845,-25.349834470190284,-65.34983447019029
PRICE_FUNDING_15M_GLOBAL_WINDOW,15m-0001643,binance/hyperliquid,50,2026-06-17 20:00:00+00:00,2026-06-17 20:15:00+00:00,hyperliquid,binance,15.115066133204508,3.744558,1,0,18.85962413320451,native_15m_trade_close_plus_real_settlements,-1.140375866795491,-21.14037586679549,-61.140375866795495
PRICE_FUNDING_15M_GLOBAL_WINDOW,15m-0001644,binance/hyperliquid,50,2026-06-17 20:30:00+00:00,2026-06-17 22:00:00+00:00,hyperliquid,binance,17.464200080712452,0.598029,2,0,18.062229080712452,native_15m_trade_close_plus_real_settlements,-1.9377709192875479,-21.937770919287548,-61.937770919287544
PRICE_FUNDING_15M_GLOBAL_WINDOW,15m-0001645,binance/hyperliquid,50,2026-06-17 22:15:00+00:00,2026-06-17 23:00:00+00:00,hyperliquid,binance,19.026015655017574,-0.32476299999999997,1,0,18.701252655017573,native_15m_trade_close_plus_real_settlements,-1.2987473449824272,-21.298747344982427,-61.29874734498243
PRICE_FUNDING_15M_GLOBAL_WINDOW,15m-0001646,binance/hyperliquid,50,2026-06-18 00:00:00+00:00,2026-06-18 01:30:00+00:00,hyperliquid,binance,20.076999062485584,-4.023912,2,1,16.053087062485584,native_15m_trade_close_plus_real_settlements,-3.9469129375144156,-23.946912937514416,-63.94691293751441
PRICE_FUNDING_15M_GLOBAL_WINDOW,15m-0001647,binance/hyperliquid,50,2026-06-18 08:45:00+00:00,2026-06-18 09:00:00+00:00,hyperliquid,binance,13.25504103646658,-1.960232,1,0,11.29480903646658,native_15m_trade_close_plus_real_settlements,-8.70519096353342,-28.70519096353342,-68.70519096353343
PRICE_FUNDING_15M_GLOBAL_WINDOW,15m-0001648,binance/hyperliquid,50,2026-06-18 11:45:00+00:00,2026-06-18 12:00:00+00:00,hyperliquid,binance,6.209603830226705,-2.27798,1,0,3.931623830226705,native_15m_trade_close_plus_real_settlements,-16.068376169773295,-36.068376169773295,-76.0683761697733
PRICE_FUNDING_15M_GLOBAL_WINDOW,15m-0001649,binance/hyperliquid,50,2026-06-18 12:15:00+00:00,2026-06-18 12:30:00+00:00,hyperliquid,binance,14.247902561517087,0.0,0,0,14.247902561517087,native_15m_trade_close_plus_real_settlements,-5.752097438482913,-25.752097438482913,-65.7520974384829
PRICE_FUNDING_15M_GLOBAL_WINDOW,15m-0001650,binance/hyperliquid,50,2026-06-19 09:45:00+00:00,2026-06-19 10:00:00+00:00,hyperliquid,binance,18.687971782244823,-0.902444,1,0,17.785527782244824,native_15m_trade_close_plus_real_settlements,-2.2144722177551763,-22.214472217755176,-62.21447221775517
PRICE_FUNDING_15M_GLOBAL_WINDOW,15m-0001651,binance/hyperliquid,50,2026-06-19 12:45:00+00:00,2026-06-19 13:00:00+00:00,hyperliquid,binance,0.47709396847714913,-0.385653,1,0,0.09144096847714911,native_15m_trade_close_plus_real_settlements,-19.908559031522852,-39.90855903152285,-79.90855903152286
PRICE_FUNDING_15M_GLOBAL_WINDOW,15m-0001652,binance/hyperliquid,50,2026-06-19 13:30:00+00:00,2026-06-19 13:45:00+00:00,hyperliquid,binance,28.277307584806014,0.0,0,0,28.277307584806014,native_15m_trade_close_plus_real_settlements,8.277307584806014,-11.722692415193986,-51.72269241519399
PRICE_FUNDING_15M_GLOBAL_WINDOW,15m-0001653,binance/hyperliquid,50,2026-06-19 15:30:00+00:00,2026-06-19 16:00:00+00:00,hyperliquid,binance,15.868187670244943,0.894956,1,1,16.763143670244943,native_15m_trade_close_plus_real_settlements,-3.2368563297550565,-23.236856329755057,-63.23685632975506
PRICE_FUNDING_15M_GLOBAL_WINDOW,15m-0001654,binance/hyperliquid,50,2026-06-19 16:15:00+00:00,2026-06-19 20:15:00+00:00,hyperliquid,binance,17.28032791126347,2.0058510000000003,4,0,19.28617891126347,native_15m_trade_close_plus_real_settlements,-0.7138210887365304,-20.71382108873653,-60.71382108873653
PRICE_FUNDING_15M_GLOBAL_WINDOW,15m-0001655,binance/hyperliquid,50,2026-06-19 20:30:00+00:00,2026-06-19 22:45:00+00:00,hyperliquid,binance,29.71287908430139,-0.195848,2,0,29.51703108430139,native_15m_trade_close_plus_real_settlements,9.51703108430139,-10.48296891569861,-50.482968915698606
PRICE_FUNDING_15M_GLOBAL_WINDOW,15m-0001656,binance/hyperliquid,50,2026-06-19 23:45:00+00:00,2026-06-20 00:00:00+00:00,hyperliquid,binance,18.28571053176389,1.121798,1,1,19.407508531763888,native_15m_trade_close_plus_real_settlements,-0.592491468236112,-20.592491468236112,-60.59249146823611
PRICE_FUNDING_15M_GLOBAL_WINDOW,15m-0001657,binance/hyperliquid,50,2026-06-20 13:30:00+00:00,2026-06-20 13:45:00+00:00,hyperliquid,binance,4.88804662488927,0.0,0,0,4.88804662488927,native_15m_trade_close_plus_real_settlements,-15.11195337511073,-35.11195337511073,-75.11195337511073
PRICE_FUNDING_15M_GLOBAL_WINDOW,15m-0001658,binance/hyperliquid,50,2026-06-20 14:45:00+00:00,2026-06-20 16:45:00+00:00,hyperliquid,binance,9.028601490325933,-1.0955270000000001,2,1,7.933074490325932,native_15m_trade_close_plus_real_settlements,-12.066925509674068,-32.066925509674064,-72.06692550967406
PRICE_FUNDING_15M_GLOBAL_WINDOW,15m-0001659,binance/hyperliquid,50,2026-06-20 17:15:00+00:00,2026-06-20 19:15:00+00:00,hyperliquid,binance,12.41422618248636,-0.33973400000000004,2,0,12.07449218248636,native_15m_trade_close_plus_real_settlements,-7.92550781751364,-27.92550781751364,-67.92550781751365
PRICE_FUNDING_15M_GLOBAL_WINDOW,15m-0001660,binance/hyperliquid,50,2026-06-20 19:45:00+00:00,2026-06-20 20:00:00+00:00,hyperliquid,binance,11.029954600699746,-0.079319,1,0,10.950635600699746,native_15m_trade_close_plus_real_settlements,-9.049364399300254,-29.049364399300252,-69.04936439930026
PRICE_FUNDING_15M_GLOBAL_WINDOW,15m-0001661,binance/hyperliquid,50,2026-06-20 20:15:00+00:00,2026-06-20 20:30:00+00:00,hyperliquid,binance,11.016045559083757,0.0,0,0,11.016045559083757,native_15m_trade_close_plus_real_settlements,-8.983954440916243,-28.983954440916243,-68.98395444091625
PRICE_FUNDING_15M_GLOBAL_WINDOW,15m-0001662,binance/hyperliquid,50,2026-06-20 21:15:00+00:00,2026-06-20 21:45:00+00:00,hyperliquid,binance,11.17725059247229,0.0,0,0,11.17725059247229,native_15m_trade_close_plus_real_settlements,-8.82274940752771,-28.82274940752771,-68.82274940752771
PRICE_FUNDING_15M_GLOBAL_WINDOW,15m-0001663,binance/hyperliquid,50,2026-06-20 22:00:00+00:00,2026-06-20 22:15:00+00:00,hyperliquid,binance,5.278234716858094,-0.0625,1,0,5.215734716858094,native_15m_trade_close_plus_real_settlements,-14.784265283141906,-34.784265283141906,-74.7842652831419
PRICE_FUNDING_15M_GLOBAL_WINDOW,15m-0001664,binance/hyperliquid,50,2026-06-20 22:45:00+00:00,2026-06-20 23:45:00+00:00,hyperliquid,binance,11.375749187920988,-0.0625,1,0,11.313249187920988,native_15m_trade_close_plus_real_settlements,-8.686750812079012,-28.686750812079012,-68.68675081207901
PRICE_FUNDING_15M_GLOBAL_WINDOW,15m-0001665,binance/hyperliquid,50,2026-06-21 00:15:00+00:00,2026-06-21 01:00:00+00:00,hyperliquid,binance,12.21386232849752,0.164897,1,0,12.37875932849752,native_15m_trade_close_plus_real_settlements,-7.6212406715024805,-27.62124067150248,-67.62124067150248
PRICE_FUNDING_15M_GLOBAL_WINDOW,15m-0001666,binance/hyperliquid,50,2026-06-21 01:15:00+00:00,2026-06-21 03:15:00+00:00,hyperliquid,binance,13.534274883846578,-0.49089800000000006,2,0,13.043376883846578,native_15m_trade_close_plus_real_settlements,-6.9566231161534215,-26.956623116153423,-66.95662311615342
PRICE_FUNDING_15M_GLOBAL_WINDOW,15m-0001667,binance/hyperliquid,50,2026-06-21 03:30:00+00:00,2026-06-21 06:00:00+00:00,hyperliquid,binance,13.299775361687097,-0.720599,3,0,12.579176361687097,native_15m_trade_close_plus_real_settlements,-7.420823638312903,-27.420823638312903,-67.4208236383129
PRICE_FUNDING_15M_GLOBAL_WINDOW,15m-0001668,binance/hyperliquid,50,2026-06-21 06:15:00+00:00,2026-06-21 09:45:00+00:00,hyperliquid,binance,41.1475474213135,-0.6686690000000002,3,1,40.478878421313496,native_15m_trade_close_plus_real_settlements,20.478878421313496,0.478878421313496,-39.521121578686504
PRICE_FUNDING_15M_GLOBAL_WINDOW,15m-0001669,binance/hyperliquid,50,2026-06-21 10:15:00+00:00,2026-06-21 14:45:00+00:00,hyperliquid,binance,21.201146561911614,1.890216,4,0,23.091362561911613,native_15m_trade_close_plus_real_settlements,3.0913625619116125,-16.908637438088387,-56.90863743808839
PRICE_FUNDING_15M_GLOBAL_WINDOW,15m-0001670,binance/hyperliquid,50,2026-06-21 15:00:00+00:00,2026-06-21 16:00:00+00:00,hyperliquid,binance,23.08585172124033,0.26478699999999994,2,1,23.35063872124033,native_15m_trade_close_plus_real_settlements,3.3506387212403297,-16.64936127875967,-56.64936127875967
PRICE_FUNDING_15M_GLOBAL_WINDOW,15m-0001671,binance/hyperliquid,50,2026-06-21 16:15:00+00:00,2026-06-22 02:15:00+00:00,hyperliquid,binance,98.25629209518472,-47.762443000000005,10,1,50.493849095184714,native_15m_trade_close_plus_real_settlements,30.493849095184714,10.493849095184714,-29.506150904815286
PRICE_FUNDING_15M_GLOBAL_WINDOW,15m-0001672,binance/hyperliquid,50,2026-06-22 02:30:00+00:00,2026-06-22 02:45:00+00:00,hyperliquid,binance,15.743827225928996,0.0,0,0,15.743827225928996,native_15m_trade_close_plus_real_settlements,-4.256172774071004,-24.256172774071004,-64.256172774071
PRICE_FUNDING_15M_GLOBAL_WINDOW,15m-0001673,binance/hyperliquid,50,2026-06-22 23:45:00+00:00,2026-06-23 00:45:00+00:00,hyperliquid,binance,32.70112945499144,-2.279423,1,1,30.421706454991437,native_15m_trade_close_plus_real_settlements,10.421706454991437,-9.578293545008563,-49.57829354500856
PRICE_FUNDING_15M_GLOBAL_WINDOW,15m-0001674,binance/hyperliquid,50,2026-06-23 01:15:00+00:00,2026-06-23 02:00:00+00:00,hyperliquid,binance,32.38021076004979,-3.672503,1,0,28.707707760049793,native_15m_trade_close_plus_real_settlements,8.707707760049793,-11.292292239950207,-51.29229223995021
PRICE_FUNDING_15M_GLOBAL_WINDOW,15m-0001675,binance/hyperliquid,50,2026-06-23 02:15:00+00:00,2026-06-23 02:30:00+00:00,hyperliquid,binance,12.52306215102874,0.0,0,0,12.52306215102874,native_15m_trade_close_plus_real_settlements,-7.476937848971261,-27.47693784897126,-67.47693784897126
PRICE_FUNDING_15M_GLOBAL_WINDOW,15m-0001676,binance/hyperliquid,50,2026-06-23 08:00:00+00:00,2026-06-23 08:45:00+00:00,hyperliquid,binance,21.05697098620098,58.314624,1,1,79.37159498620099,native_15m_trade_close_plus_real_settlements,59.37159498620099,39.37159498620099,-0.6284050137990107
PRICE_FUNDING_15M_GLOBAL_WINDOW,15m-0001677,binance/hyperliquid,50,2026-06-23 10:30:00+00:00,2026-06-23 11:00:00+00:00,hyperliquid,binance,6.361208545631683,-2.770502,1,0,3.5907065456316833,native_15m_trade_close_plus_real_settlements,-16.409293454368317,-36.40929345436832,-76.40929345436831
PRICE_FUNDING_15M_GLOBAL_WINDOW,15m-0001678,binance/hyperliquid,50,2026-06-23 11:30:00+00:00,2026-06-23 11:45:00+00:00,hyperliquid,binance,4.865845800189973,0.0,0,0,4.865845800189973,native_15m_trade_close_plus_real_settlements,-15.134154199810027,-35.13415419981003,-75.13415419981003
PRICE_FUNDING_15M_GLOBAL_WINDOW,15m-0001679,binance/hyperliquid,50,2026-06-23 12:00:00+00:00,2026-06-23 12:30:00+00:00,hyperliquid,binance,3.1029811607746964,-3.34576,1,0,-0.2427788392253034,native_15m_trade_close_plus_real_settlements,-20.242778839225302,-40.2427788392253,-80.24277883922531
PRICE_FUNDING_15M_GLOBAL_WINDOW,15m-0001680,binance/hyperliquid,50,2026-06-23 12:45:00+00:00,2026-06-23 13:00:00+00:00,hyperliquid,binance,10.190928134202792,1.259719,1,0,11.450647134202793,native_15m_trade_close_plus_real_settlements,-8.549352865797207,-28.549352865797207,-68.5493528657972
PRICE_FUNDING_15M_GLOBAL_WINDOW,15m-0001681,binance/hyperliquid,50,2026-06-23 14:00:00+00:00,2026-06-23 15:45:00+00:00,hyperliquid,binance,24.697441677185374,-4.445244,2,0,20.252197677185375,native_15m_trade_close_plus_real_settlements,0.2521976771853751,-19.747802322814625,-59.74780232281462
PRICE_FUNDING_15M_GLOBAL_WINDOW,15m-0001682,binance/hyperliquid,50,2026-06-23 16:00:00+00:00,2026-06-23 16:30:00+00:00,hyperliquid,binance,6.128513014504577,3.789014,1,1,9.917527014504577,native_15m_trade_close_plus_real_settlements,-10.082472985495423,-30.08247298549542,-70.08247298549543
PRICE_FUNDING_15M_GLOBAL_WINDOW,15m-0001683,binance/hyperliquid,50,2026-06-23 17:00:00+00:00,2026-06-23 17:30:00+00:00,hyperliquid,binance,12.744437686929508,-2.321142,1,0,10.423295686929508,native_15m_trade_close_plus_real_settlements,-9.576704313070492,-29.576704313070493,-69.5767043130705
PRICE_FUNDING_15M_GLOBAL_WINDOW,15m-0001684,binance/hyperliquid,50,2026-06-23 17:45:00+00:00,2026-06-23 18:15:00+00:00,hyperliquid,binance,13.415504630958793,3.461329,1,0,16.876833630958792,native_15m_trade_close_plus_real_settlements,-3.1231663690412077,-23.123166369041208,-63.12316636904121
PRICE_FUNDING_15M_GLOBAL_WINDOW,15m-0001685,binance/hyperliquid,50,2026-06-23 19:45:00+00:00,2026-06-23 20:30:00+00:00,hyperliquid,binance,23.164837841346824,-0.752529,1,0,22.412308841346825,native_15m_trade_close_plus_real_settlements,2.4123088413468246,-17.587691158653175,-57.58769115865317
PRICE_FUNDING_15M_GLOBAL_WINDOW,15m-0001686,binance/hyperliquid,50,2026-06-23 22:30:00+00:00,2026-06-23 22:45:00+00:00,hyperliquid,binance,3.78034108278392,0.0,0,0,3.78034108278392,native_15m_trade_close_plus_real_settlements,-16.21965891721608,-36.21965891721608,-76.21965891721608
PRICE_FUNDING_15M_GLOBAL_WINDOW,15m-0001687,binance/hyperliquid,50,2026-06-24 01:00:00+00:00,2026-06-24 01:15:00+00:00,hyperliquid,binance,2.1595987353223407,-3.988072,1,0,-1.8284732646776591,native_15m_trade_close_plus_real_settlements,-21.82847326467766,-41.82847326467766,-81.82847326467765
PRICE_FUNDING_15M_GLOBAL_WINDOW,15m-0001688,binance/hyperliquid,50,2026-06-24 02:45:00+00:00,2026-06-24 03:00:00+00:00,hyperliquid,binance,17.440478317523322,-2.434153,1,0,15.006325317523322,native_15m_trade_close_plus_real_settlements,-4.993674682476678,-24.99367468247668,-64.99367468247668
PRICE_FUNDING_15M_GLOBAL_WINDOW,15m-0001689,binance/hyperliquid,50,2026-06-24 09:15:00+00:00,2026-06-24 11:00:00+00:00,hyperliquid,binance,17.243782259945874,-4.164997,2,0,13.078785259945874,native_15m_trade_close_plus_real_settlements,-6.9212147400541255,-26.921214740054126,-66.92121474005413
PRICE_FUNDING_15M_GLOBAL_WINDOW,15m-0001690,binance/hyperliquid,50,2026-06-24 11:15:00+00:00,2026-06-24 11:45:00+00:00,hyperliquid,binance,9.610011764925993,0.0,0,0,9.610011764925993,native_15m_trade_close_plus_real_settlements,-10.389988235074007,-30.389988235074007,-70.38998823507401
PRICE_FUNDING_15M_GLOBAL_WINDOW,15m-0001691,binance/hyperliquid,50,2026-06-24 12:15:00+00:00,2026-06-24 12:45:00+00:00,hyperliquid,binance,4.930213593414926,0.0,0,0,4.930213593414926,native_15m_trade_close_plus_real_settlements,-15.069786406585074,-35.069786406585074,-75.06978640658508
PRICE_FUNDING_15M_GLOBAL_WINDOW,15m-0001692,binance/hyperliquid,50,2026-06-24 13:45:00+00:00,2026-06-24 14:00:00+00:00,hyperliquid,binance,10.91376638181302,4.563848999999999,1,0,15.477615381813019,native_15m_trade_close_plus_real_settlements,-4.522384618186981,-24.522384618186983,-64.52238461818698
PRICE_FUNDING_15M_GLOBAL_WINDOW,15m-0001693,binance/hyperliquid,50,2026-06-24 14:30:00+00:00,2026-06-24 14:45:00+00:00,hyperliquid,binance,11.145163826394501,0.0,0,0,11.145163826394501,native_15m_trade_close_plus_real_settlements,-8.854836173605499,-28.8548361736055,-68.85483617360549
PRICE_FUNDING_15M_GLOBAL_WINDOW,15m-0001694,binance/hyperliquid,50,2026-06-24 15:00:00+00:00,2026-06-24 19:15:00+00:00,hyperliquid,binance,26.25866994271071,-3.233938,5,1,23.02473194271071,native_15m_trade_close_plus_real_settlements,3.0247319427107087,-16.97526805728929,-56.97526805728929
PRICE_FUNDING_15M_GLOBAL_WINDOW,15m-0001695,binance/hyperliquid,50,2026-06-24 20:15:00+00:00,2026-06-24 21:00:00+00:00,hyperliquid,binance,58.882557969549495,-26.422378,1,0,32.4601799695495,native_15m_trade_close_plus_real_settlements,12.4601799695495,-7.5398200304505,-47.5398200304505
PRICE_FUNDING_15M_GLOBAL_WINDOW,15m-0001696,binance/hyperliquid,50,2026-06-25 00:15:00+00:00,2026-06-25 00:30:00+00:00,hyperliquid,binance,33.96335279693872,0.0,0,0,33.96335279693872,native_15m_trade_close_plus_real_settlements,13.963352796938722,-6.036647203061278,-46.03664720306128
PRICE_FUNDING_15M_GLOBAL_WINDOW,15m-0001697,binance/hyperliquid,50,2026-06-28 09:00:00+00:00,2026-06-28 09:45:00+00:00,hyperliquid,binance,20.792821620085405,-1.54652,1,0,19.246301620085404,native_15m_trade_close_plus_real_settlements,-0.7536983799145958,-20.753698379914596,-60.753698379914596
PRICE_FUNDING_15M_GLOBAL_WINDOW,15m-0001698,binance/hyperliquid,50,2026-06-28 11:00:00+00:00,2026-06-28 11:15:00+00:00,hyperliquid,binance,6.114016175990628,0.196348,1,0,6.310364175990628,native_15m_trade_close_plus_real_settlements,-13.689635824009372,-33.68963582400937,-73.68963582400937
PRICE_FUNDING_15M_GLOBAL_WINDOW,15m-0001699,binance/hyperliquid,50,2026-06-28 13:15:00+00:00,2026-06-28 13:45:00+00:00,hyperliquid,binance,2.2303858912456604,0.0,0,0,2.2303858912456604,native_15m_trade_close_plus_real_settlements,-17.76961410875434,-37.76961410875434,-77.76961410875434
PRICE_FUNDING_15M_GLOBAL_WINDOW,15m-0001700,binance/hyperliquid,50,2026-06-28 14:00:00+00:00,2026-06-28 14:45:00+00:00,hyperliquid,binance,8.70524102049015,-0.37780600000000003,1,0,8.32743502049015,native_15m_trade_close_plus_real_settlements,-11.67256497950985,-31.67256497950985,-71.67256497950984
PRICE_FUNDING_15M_GLOBAL_WINDOW,15m-0001701,binance/hyperliquid,50,2026-06-28 15:00:00+00:00,2026-06-28 15:45:00+00:00,hyperliquid,binance,3.859409510871764,-0.876684,1,0,2.982725510871764,native_15m_trade_close_plus_real_settlements,-17.017274489128237,-37.01727448912823,-77.01727448912824
PRICE_FUNDING_15M_GLOBAL_WINDOW,15m-0001702,binance/hyperliquid,50,2026-06-28 16:00:00+00:00,2026-06-28 16:45:00+00:00,hyperliquid,binance,21.915288889203673,3.8878,1,1,25.80308888920367,native_15m_trade_close_plus_real_settlements,5.803088889203671,-14.196911110796329,-54.19691111079633
PRICE_FUNDING_15M_GLOBAL_WINDOW,15m-0001703,binance/hyperliquid,50,2026-06-28 23:00:00+00:00,2026-06-29 00:00:00+00:00,hyperliquid,binance,40.471791409406805,-20.613903999999998,2,1,19.857887409406807,native_15m_trade_close_plus_real_settlements,-0.14211259059319303,-20.142112590593193,-60.14211259059319
PRICE_FUNDING_15M_GLOBAL_WINDOW,15m-0001704,binance/hyperliquid,50,2026-06-29 18:30:00+00:00,2026-06-29 19:00:00+00:00,hyperliquid,binance,7.746657061519883,-1.771685,1,0,5.974972061519884,native_15m_trade_close_plus_real_settlements,-14.025027938480116,-34.025027938480115,-74.02502793848012
PRICE_FUNDING_15M_GLOBAL_WINDOW,15m-0001705,binance/hyperliquid,50,2026-07-01 01:00:00+00:00,2026-07-01 01:15:00+00:00,hyperliquid,binance,3.254801232868246,-3.0704320000000003,1,0,0.1843692328682458,native_15m_trade_close_plus_real_settlements,-19.815630767131754,-39.81563076713175,-79.81563076713175
PRICE_FUNDING_15M_GLOBAL_WINDOW,15m-0001706,binance/hyperliquid,50,2026-07-01 01:30:00+00:00,2026-07-01 02:15:00+00:00,hyperliquid,binance,28.44896079548092,-4.291251,1,0,24.157709795480923,native_15m_trade_close_plus_real_settlements,4.157709795480923,-15.842290204519077,-55.842290204519074
PRICE_FUNDING_15M_GLOBAL_WINDOW,15m-0001707,binance/hyperliquid,50,2026-07-01 08:30:00+00:00,2026-07-01 09:15:00+00:00,hyperliquid,binance,13.325381031338232,-2.108043,1,0,11.217338031338231,native_15m_trade_close_plus_real_settlements,-8.782661968661769,-28.78266196866177,-68.78266196866177
PRICE_FUNDING_15M_GLOBAL_WINDOW,15m-0001708,binance/hyperliquid,50,2026-07-01 11:45:00+00:00,2026-07-01 12:15:00+00:00,hyperliquid,binance,6.412779228326201,-1.892056,1,0,4.520723228326201,native_15m_trade_close_plus_real_settlements,-15.4792767716738,-35.479276771673796,-75.4792767716738
PRICE_FUNDING_15M_GLOBAL_WINDOW,15m-0001709,binance/hyperliquid,50,2026-07-01 12:30:00+00:00,2026-07-01 12:45:00+00:00,hyperliquid,binance,12.15140061798543,0.0,0,0,12.15140061798543,native_15m_trade_close_plus_real_settlements,-7.848599382014569,-27.84859938201457,-67.84859938201457
PRICE_FUNDING_15M_GLOBAL_WINDOW,15m-0001710,binance/hyperliquid,50,2026-07-01 13:15:00+00:00,2026-07-01 17:00:00+00:00,hyperliquid,binance,45.52903834954625,-9.646711999999999,4,1,35.88232634954625,native_15m_trade_close_plus_real_settlements,15.882326349546247,-4.117673650453753,-44.11767365045375
PRICE_FUNDING_15M_GLOBAL_WINDOW,15m-0001711,binance/hyperliquid,50,2026-07-01 17:30:00+00:00,2026-07-01 18:15:00+00:00,hyperliquid,binance,13.076743850426595,0.445072,1,0,13.521815850426595,native_15m_trade_close_plus_real_settlements,-6.478184149573405,-26.478184149573405,-66.47818414957341
PRICE_FUNDING_15M_GLOBAL_WINDOW,15m-0001712,binance/hyperliquid,50,2026-07-01 19:00:00+00:00,2026-07-01 19:45:00+00:00,hyperliquid,binance,19.751999573205204,0.697618,1,0,20.449617573205202,native_15m_trade_close_plus_real_settlements,0.44961757320520235,-19.550382426794798,-59.5503824267948
PRICE_FUNDING_15M_GLOBAL_WINDOW,15m-0001713,binance/hyperliquid,50,2026-07-01 20:15:00+00:00,2026-07-01 20:45:00+00:00,hyperliquid,binance,8.80297852655685,0.0,0,0,8.80297852655685,native_15m_trade_close_plus_real_settlements,-11.19702147344315,-31.19702147344315,-71.19702147344316
PRICE_FUNDING_15M_GLOBAL_WINDOW,15m-0001714,binance/hyperliquid,50,2026-07-01 21:45:00+00:00,2026-07-01 22:00:00+00:00,hyperliquid,binance,6.864529468888087,-0.891322,1,0,5.973207468888087,native_15m_trade_close_plus_real_settlements,-14.026792531111912,-34.026792531111916,-74.02679253111191
PRICE_FUNDING_15M_GLOBAL_WINDOW,15m-0001715,binance/hyperliquid,50,2026-07-01 23:30:00+00:00,2026-07-02 01:30:00+00:00,hyperliquid,binance,27.954286266939043,-19.983739999999997,2,1,7.970546266939046,native_15m_trade_close_plus_real_settlements,-12.029453733060954,-32.029453733060954,-72.02945373306096
PRICE_FUNDING_15M_GLOBAL_WINDOW,15m-0001716,binance/hyperliquid,50,2026-07-02 02:15:00+00:00,2026-07-02 02:45:00+00:00,hyperliquid,binance,10.542120349916651,0.0,0,0,10.542120349916651,native_15m_trade_close_plus_real_settlements,-9.457879650083349,-29.45787965008335,-69.45787965008336
PRICE_FUNDING_15M_GLOBAL_WINDOW,15m-0001717,binance/hyperliquid,50,2026-07-02 05:45:00+00:00,2026-07-02 07:00:00+00:00,hyperliquid,binance,90.61858225405184,-7.925559,2,0,82.69302325405184,native_15m_trade_close_plus_real_settlements,62.69302325405184,42.69302325405184,2.6930232540518375
PRICE_FUNDING_15M_GLOBAL_WINDOW,15m-0001718,binance/hyperliquid,50,2026-07-02 08:00:00+00:00,2026-07-03 01:45:00+00:00,hyperliquid,binance,75.2853707336732,37.930474000000004,18,3,113.21584473367321,native_15m_trade_close_plus_real_settlements,93.21584473367321,73.21584473367321,33.21584473367321
PRICE_FUNDING_15M_GLOBAL_WINDOW,15m-0001719,binance/hyperliquid,50,2026-07-03 02:00:00+00:00,2026-07-03 02:15:00+00:00,hyperliquid,binance,27.099080573520897,-3.2093300000000005,1,0,23.889750573520896,native_15m_trade_close_plus_real_settlements,3.889750573520896,-16.110249426479104,-56.1102494264791
PRICE_FUNDING_15M_GLOBAL_WINDOW,15m-0001720,binance/hyperliquid,50,2026-07-04 02:45:00+00:00,2026-07-04 03:00:00+00:00,hyperliquid,binance,4.666729872580774,-0.0625,1,0,4.604229872580774,native_15m_trade_close_plus_real_settlements,-15.395770127419226,-35.395770127419226,-75.39577012741923
PRICE_FUNDING_15M_GLOBAL_WINDOW,15m-0001721,binance/hyperliquid,50,2026-07-04 14:45:00+00:00,2026-07-04 15:00:00+00:00,hyperliquid,binance,8.197903433672629,0.135521,1,0,8.33342443367263,native_15m_trade_close_plus_real_settlements,-11.66657556632737,-31.66657556632737,-71.66657556632737
PRICE_FUNDING_15M_GLOBAL_WINDOW,15m-0001722,binance/hyperliquid,50,2026-07-05 00:45:00+00:00,2026-07-05 01:00:00+00:00,hyperliquid,binance,4.780512905477863,-0.491201,1,0,4.289311905477863,native_15m_trade_close_plus_real_settlements,-15.710688094522137,-35.71068809452214,-75.71068809452214
PRICE_FUNDING_15M_GLOBAL_WINDOW,15m-0001723,binance/hyperliquid,50,2026-07-05 02:00:00+00:00,2026-07-05 02:15:00+00:00,hyperliquid,binance,2.059600045025306,-0.48853,1,0,1.571070045025306,native_15m_trade_close_plus_real_settlements,-18.428929954974695,-38.42892995497469,-78.42892995497469
PRICE_FUNDING_15M_GLOBAL_WINDOW,15m-0001724,binance/hyperliquid,50,2026-07-05 02:45:00+00:00,2026-07-05 03:00:00+00:00,hyperliquid,binance,2.103667533949306,-0.57363,1,0,1.5300375339493058,native_15m_trade_close_plus_real_settlements,-18.469962466050696,-38.469962466050696,-78.46996246605069
PRICE_FUNDING_15M_GLOBAL_WINDOW,15m-0001725,binance/hyperliquid,50,2026-07-05 03:30:00+00:00,2026-07-05 03:45:00+00:00,hyperliquid,binance,2.456941548276795,0.0,0,0,2.456941548276795,native_15m_trade_close_plus_real_settlements,-17.543058451723205,-37.543058451723205,-77.5430584517232
PRICE_FUNDING_15M_GLOBAL_WINDOW,15m-0001726,binance/hyperliquid,50,2026-07-05 04:00:00+00:00,2026-07-05 04:30:00+00:00,hyperliquid,binance,8.160443480936443,-0.0625,1,0,8.097943480936443,native_15m_trade_close_plus_real_settlements,-11.902056519063557,-31.902056519063557,-71.90205651906356
PRICE_FUNDING_15M_GLOBAL_WINDOW,15m-0001727,binance/hyperliquid,50,2026-07-05 07:15:00+00:00,2026-07-05 07:45:00+00:00,hyperliquid,binance,6.808684966833731,0.0,0,0,6.808684966833731,native_15m_trade_close_plus_real_settlements,-13.19131503316627,-33.19131503316627,-73.19131503316626
PRICE_FUNDING_15M_GLOBAL_WINDOW,15m-0001728,binance/hyperliquid,50,2026-07-05 10:45:00+00:00,2026-07-05 11:15:00+00:00,hyperliquid,binance,13.927732941093886,-0.741992,1,0,13.185740941093886,native_15m_trade_close_plus_real_settlements,-6.814259058906114,-26.814259058906114,-66.81425905890612
PRICE_FUNDING_15M_GLOBAL_WINDOW,15m-0001729,binance/hyperliquid,50,2026-07-05 12:45:00+00:00,2026-07-05 13:00:00+00:00,hyperliquid,binance,9.693799661010509,-0.8781129999999999,1,0,8.81568666101051,native_15m_trade_close_plus_real_settlements,-11.18431333898949,-31.18431333898949,-71.18431333898948
PRICE_FUNDING_15M_GLOBAL_WINDOW,15m-0001730,binance/hyperliquid,50,2026-07-05 13:15:00+00:00,2026-07-05 13:30:00+00:00,hyperliquid,binance,4.3301726103537845,0.0,0,0,4.3301726103537845,native_15m_trade_close_plus_real_settlements,-15.669827389646215,-35.669827389646215,-75.66982738964622
PRICE_FUNDING_15M_GLOBAL_WINDOW,15m-0001731,binance/hyperliquid,50,2026-07-05 14:15:00+00:00,2026-07-05 14:30:00+00:00,hyperliquid,binance,9.975067246801338,0.0,0,0,9.975067246801338,native_15m_trade_close_plus_real_settlements,-10.024932753198662,-30.024932753198662,-70.02493275319867
PRICE_FUNDING_15M_GLOBAL_WINDOW,15m-0001732,binance/hyperliquid,50,2026-07-05 15:00:00+00:00,2026-07-05 16:15:00+00:00,hyperliquid,binance,6.945115072607187,1.7412150000000002,2,1,8.686330072607188,native_15m_trade_close_plus_real_settlements,-11.313669927392812,-31.313669927392812,-71.31366992739281
PRICE_FUNDING_15M_GLOBAL_WINDOW,15m-0001733,binance/hyperliquid,50,2026-07-05 16:45:00+00:00,2026-07-05 17:00:00+00:00,hyperliquid,binance,6.698839302459604,0.229559,1,0,6.928398302459604,native_15m_trade_close_plus_real_settlements,-13.071601697540396,-33.071601697540395,-73.0716016975404
PRICE_FUNDING_15M_GLOBAL_WINDOW,15m-0001734,binance/hyperliquid,50,2026-07-05 22:45:00+00:00,2026-07-05 23:00:00+00:00,hyperliquid,binance,12.691491972656038,-2.1269560000000003,1,0,10.564535972656039,native_15m_trade_close_plus_real_settlements,-9.435464027343961,-29.43546402734396,-69.43546402734395
PRICE_FUNDING_15M_GLOBAL_WINDOW,15m-0001735,binance/hyperliquid,50,2026-07-06 20:15:00+00:00,2026-07-06 20:30:00+00:00,hyperliquid,binance,6.146214580192016,0.0,0,0,6.146214580192016,native_15m_trade_close_plus_real_settlements,-13.853785419807984,-33.853785419807984,-73.85378541980799
PRICE_FUNDING_15M_GLOBAL_WINDOW,15m-0001736,binance/hyperliquid,50,2026-07-06 21:00:00+00:00,2026-07-06 21:15:00+00:00,hyperliquid,binance,4.105259193409914,-0.0625,1,0,4.042759193409914,native_15m_trade_close_plus_real_settlements,-15.957240806590086,-35.957240806590086,-75.95724080659008
PRICE_FUNDING_15M_GLOBAL_WINDOW,15m-0001737,binance/hyperliquid,50,2026-07-06 23:00:00+00:00,2026-07-07 00:00:00+00:00,hyperliquid,binance,24.399413866047333,-17.910898,2,1,6.488515866047333,native_15m_trade_close_plus_real_settlements,-13.511484133952667,-33.51148413395266,-73.51148413395266
PRICE_FUNDING_15M_GLOBAL_WINDOW,15m-0001738,binance/hyperliquid,50,2026-07-07 03:30:00+00:00,2026-07-07 04:15:00+00:00,hyperliquid,binance,20.33878443967808,-4.05007,1,0,16.28871443967808,native_15m_trade_close_plus_real_settlements,-3.711285560321919,-23.71128556032192,-63.71128556032192
PRICE_FUNDING_15M_GLOBAL_WINDOW,15m-0001739,binance/hyperliquid,50,2026-07-07 04:30:00+00:00,2026-07-07 04:45:00+00:00,hyperliquid,binance,6.910825009298868,0.0,0,0,6.910825009298868,native_15m_trade_close_plus_real_settlements,-13.089174990701132,-33.08917499070113,-73.08917499070114
PRICE_FUNDING_15M_GLOBAL_WINDOW,15m-0001740,binance/hyperliquid,50,2026-07-07 07:30:00+00:00,2026-07-07 08:00:00+00:00,binance,hyperliquid,22.83717144264864,-66.356924,1,1,-43.51975255735137,native_15m_trade_close_plus_real_settlements,-63.51975255735137,-83.51975255735137,-123.51975255735137
PRICE_FUNDING_15M_GLOBAL_WINDOW,15m-0001741,binance/hyperliquid,50,2026-07-07 10:30:00+00:00,2026-07-07 11:00:00+00:00,hyperliquid,binance,18.630475823954093,-3.955699,1,0,14.674776823954094,native_15m_trade_close_plus_real_settlements,-5.325223176045906,-25.325223176045906,-65.32522317604591
PRICE_FUNDING_15M_GLOBAL_WINDOW,15m-0001742,binance/hyperliquid,50,2026-07-07 12:00:00+00:00,2026-07-07 13:00:00+00:00,hyperliquid,binance,19.610021107228555,-2.4256849999999996,2,0,17.184336107228553,native_15m_trade_close_plus_real_settlements,-2.815663892771447,-22.815663892771447,-62.81566389277145
PRICE_FUNDING_15M_GLOBAL_WINDOW,15m-0001743,binance/hyperliquid,50,2026-07-07 13:30:00+00:00,2026-07-07 14:00:00+00:00,hyperliquid,binance,13.157414611708546,2.29026,1,0,15.447674611708546,native_15m_trade_close_plus_real_settlements,-4.552325388291454,-24.552325388291454,-64.55232538829145
PRICE_FUNDING_15M_GLOBAL_WINDOW,15m-0001744,binance/hyperliquid,50,2026-07-07 14:15:00+00:00,2026-07-07 14:30:00+00:00,hyperliquid,binance,21.28353015820624,0.0,0,0,21.28353015820624,native_15m_trade_close_plus_real_settlements,1.28353015820624,-18.71646984179376,-58.71646984179376
PRICE_FUNDING_15M_GLOBAL_WINDOW,15m-0001745,binance/hyperliquid,50,2026-07-07 14:45:00+00:00,2026-07-07 22:30:00+00:00,hyperliquid,binance,22.234202718967396,-7.007898,8,1,15.226304718967395,native_15m_trade_close_plus_real_settlements,-4.773695281032605,-24.773695281032605,-64.7736952810326
PRICE_FUNDING_15M_GLOBAL_WINDOW,15m-0001746,binance/hyperliquid,50,2026-07-07 23:00:00+00:00,2026-07-08 00:00:00+00:00,hyperliquid,binance,34.30477035200888,-16.382769,2,1,17.92200135200888,native_15m_trade_close_plus_real_settlements,-2.0779986479911194,-22.07799864799112,-62.07799864799112
PRICE_FUNDING_15M_GLOBAL_WINDOW,15m-0001747,binance/hyperliquid,50,2026-07-08 08:00:00+00:00,2026-07-08 12:00:00+00:00,hyperliquid,binance,31.02242152612009,23.755475,5,1,54.77789652612009,native_15m_trade_close_plus_real_settlements,34.77789652612009,14.777896526120088,-25.222103473879912
PRICE_FUNDING_15M_GLOBAL_WINDOW,15m-0001748,binance/hyperliquid,50,2026-07-09 09:30:00+00:00,2026-07-09 10:00:00+00:00,hyperliquid,binance,2.9131275877827747,-3.155538,1,0,-0.24241041221722526,native_15m_trade_close_plus_real_settlements,-20.242410412217225,-40.242410412217225,-80.24241041221723
PRICE_FUNDING_15M_GLOBAL_WINDOW,15m-0001749,binance/hyperliquid,50,2026-07-09 10:15:00+00:00,2026-07-09 10:45:00+00:00,hyperliquid,binance,29.828294628998638,0.0,0,0,29.828294628998638,native_15m_trade_close_plus_real_settlements,9.828294628998638,-10.171705371001362,-50.171705371001366
PRICE_FUNDING_15M_GLOBAL_WINDOW,15m-0001750,binance/hyperliquid,50,2026-07-10 08:45:00+00:00,2026-07-10 09:15:00+00:00,hyperliquid,binance,3.929475544585223,-5.539066,1,0,-1.6095904554147769,native_15m_trade_close_plus_real_settlements,-21.609590455414775,-41.609590455414775,-81.60959045541478
PRICE_FUNDING_15M_GLOBAL_WINDOW,15m-0001751,binance/hyperliquid,50,2026-07-10 09:30:00+00:00,2026-07-10 13:30:00+00:00,hyperliquid,binance,29.36831840271421,-20.809619,4,0,8.558699402714208,native_15m_trade_close_plus_real_settlements,-11.441300597285792,-31.441300597285792,-71.44130059728579
PRICE_FUNDING_15M_GLOBAL_WINDOW,15m-0001752,binance/hyperliquid,50,2026-07-10 16:15:00+00:00,2026-07-10 16:30:00+00:00,hyperliquid,binance,11.753390432907125,0.0,0,0,11.753390432907125,native_15m_trade_close_plus_real_settlements,-8.246609567092875,-28.246609567092875,-68.24660956709288
PRICE_FUNDING_15M_GLOBAL_WINDOW,15m-0001753,binance/hyperliquid,50,2026-07-11 23:00:00+00:00,2026-07-11 23:30:00+00:00,hyperliquid,binance,11.036418463863846,0.0,0,0,11.036418463863846,native_15m_trade_close_plus_real_settlements,-8.963581536136154,-28.963581536136154,-68.96358153613616
PRICE_FUNDING_15M_GLOBAL_WINDOW,15m-0001754,binance/hyperliquid,50,2026-07-12 00:00:00+00:00,2026-07-12 02:45:00+00:00,hyperliquid,binance,8.21155975701621,1.5622610000000001,3,1,9.77382075701621,native_15m_trade_close_plus_real_settlements,-10.22617924298379,-30.22617924298379,-70.22617924298379
PRICE_FUNDING_15M_GLOBAL_WINDOW,15m-0001755,binance/hyperliquid,50,2026-07-12 03:15:00+00:00,2026-07-12 03:30:00+00:00,hyperliquid,binance,6.793939218850717,0.0,0,0,6.793939218850717,native_15m_trade_close_plus_real_settlements,-13.206060781149283,-33.20606078114928,-73.20606078114929
PRICE_FUNDING_15M_GLOBAL_WINDOW,15m-0001756,binance/hyperliquid,50,2026-07-12 03:45:00+00:00,2026-07-12 08:45:00+00:00,hyperliquid,binance,10.116280695069278,-0.34973200000000015,5,1,9.766548695069279,native_15m_trade_close_plus_real_settlements,-10.233451304930721,-30.23345130493072,-70.23345130493072
PRICE_FUNDING_15M_GLOBAL_WINDOW,15m-0001757,binance/hyperliquid,50,2026-07-12 23:00:00+00:00,2026-07-14 06:00:00+00:00,hyperliquid,binance,188.9234799309952,-103.36285500000001,32,4,85.56062493099519,native_15m_trade_close_plus_real_settlements,65.56062493099519,45.56062493099519,5.560624930995189
PRICE_FUNDING_15M_GLOBAL_WINDOW,15m-0001758,binance/hyperliquid,50,2026-07-14 08:00:00+00:00,2026-07-14 21:30:00+00:00,hyperliquid,binance,82.36260728309233,55.206018,14,3,137.56862528309233,native_15m_trade_close_plus_real_settlements,117.56862528309233,97.56862528309233,57.56862528309233
PRICE_FUNDING_15M_GLOBAL_WINDOW,15m-0001759,binance/hyperliquid,50,2026-07-14 22:00:00+00:00,2026-07-14 22:15:00+00:00,hyperliquid,binance,15.299367382652449,-0.0625,1,0,15.236867382652449,native_15m_trade_close_plus_real_settlements,-4.7631326173475514,-24.76313261734755,-64.76313261734755
PRICE_FUNDING_15M_GLOBAL_WINDOW,15m-0001760,binance/hyperliquid,50,2026-07-15 07:45:00+00:00,2026-07-15 09:00:00+00:00,hyperliquid,binance,14.313569111933248,-9.556764,2,1,4.756805111933248,native_15m_trade_close_plus_real_settlements,-15.243194888066752,-35.24319488806675,-75.24319488806675
PRICE_FUNDING_15M_GLOBAL_WINDOW,15m-0001761,binance/hyperliquid,50,2026-07-15 09:45:00+00:00,2026-07-15 12:45:00+00:00,hyperliquid,binance,40.955768005049364,-1.6075400000000002,3,1,39.348228005049364,native_15m_trade_close_plus_real_settlements,19.348228005049364,-0.6517719949506358,-40.651771994950636
PRICE_FUNDING_15M_GLOBAL_WINDOW,15m-0001762,binance/hyperliquid,50,2026-07-15 14:45:00+00:00,2026-07-15 18:15:00+00:00,hyperliquid,binance,31.59975921718933,-8.668375999999997,4,1,22.931383217189335,native_15m_trade_close_plus_real_settlements,2.9313832171893353,-17.068616782810665,-57.068616782810665
PRICE_FUNDING_15M_GLOBAL_WINDOW,15m-0001763,binance/hyperliquid,50,2026-07-15 23:45:00+00:00,2026-07-16 00:00:00+00:00,hyperliquid,binance,34.183359594190996,-14.57196,1,1,19.611399594190996,native_15m_trade_close_plus_real_settlements,-0.38860040580900446,-20.388600405809004,-60.388600405809
PRICE_FUNDING_15M_GLOBAL_WINDOW,15m-0001764,binance/hyperliquid,50,2026-07-16 10:45:00+00:00,2026-07-16 12:15:00+00:00,hyperliquid,binance,7.706754449688297,0.08212399999999996,2,1,7.788878449688298,native_15m_trade_close_plus_real_settlements,-12.211121550311702,-32.2111215503117,-72.2111215503117
PRICE_FUNDING_15M_GLOBAL_WINDOW,15m-0001765,binance/hyperliquid,50,2026-07-16 13:00:00+00:00,2026-07-16 13:30:00+00:00,hyperliquid,binance,12.045954958023977,3.607218,1,0,15.653172958023976,native_15m_trade_close_plus_real_settlements,-4.346827041976024,-24.346827041976024,-64.34682704197603
PRICE_FUNDING_15M_GLOBAL_WINDOW,15m-0001766,binance/hyperliquid,50,2026-07-16 13:45:00+00:00,2026-07-16 14:15:00+00:00,hyperliquid,binance,11.243391662926832,-1.324397,1,0,9.918994662926833,native_15m_trade_close_plus_real_settlements,-10.081005337073167,-30.081005337073165,-70.08100533707317
PRICE_FUNDING_15M_GLOBAL_WINDOW,15m-0001767,binance/hyperliquid,50,2026-07-16 14:45:00+00:00,2026-07-16 15:00:00+00:00,hyperliquid,binance,3.064173968740917,-0.0625,1,0,3.001673968740917,native_15m_trade_close_plus_real_settlements,-16.998326031259083,-36.99832603125908,-76.99832603125908
PRICE_FUNDING_15M_GLOBAL_WINDOW,15m-0001768,binance/hyperliquid,50,2026-07-16 15:15:00+00:00,2026-07-16 21:30:00+00:00,hyperliquid,binance,20.370608365764568,-6.621269000000001,6,2,13.749339365764566,native_15m_trade_close_plus_real_settlements,-6.250660634235434,-26.250660634235434,-66.25066063423543
PRICE_FUNDING_15M_GLOBAL_WINDOW,15m-0001769,binance/hyperliquid,50,2026-07-16 21:45:00+00:00,2026-07-16 22:45:00+00:00,hyperliquid,binance,3.2482320059972025,-2.455383,1,0,0.7928490059972026,native_15m_trade_close_plus_real_settlements,-19.2071509940028,-39.207150994002795,-79.2071509940028
PRICE_FUNDING_15M_GLOBAL_WINDOW,15m-0001770,binance/hyperliquid,50,2026-07-16 23:15:00+00:00,2026-07-17 00:45:00+00:00,hyperliquid,binance,26.30308294488541,-7.329964,1,1,18.97311894488541,native_15m_trade_close_plus_real_settlements,-1.0268810551145897,-21.02688105511459,-61.026881055114586
PRICE_FUNDING_15M_GLOBAL_WINDOW,15m-0001771,binance/hyperliquid,50,2026-07-17 01:00:00+00:00,2026-07-17 11:00:00+00:00,hyperliquid,binance,36.56685669249972,-13.269552,11,2,23.297304692499722,native_15m_trade_close_plus_real_settlements,3.297304692499722,-16.702695307500278,-56.70269530750028
PRICE_FUNDING_15M_GLOBAL_WINDOW,15m-0001772,binance/hyperliquid,50,2026-07-17 12:30:00+00:00,2026-07-17 13:45:00+00:00,hyperliquid,binance,12.910470219584667,2.724893,1,0,15.635363219584667,native_15m_trade_close_plus_real_settlements,-4.364636780415333,-24.36463678041533,-64.36463678041534
PRICE_FUNDING_15M_GLOBAL_WINDOW,15m-0001773,binance/hyperliquid,50,2026-07-17 14:45:00+00:00,2026-07-17 15:00:00+00:00,hyperliquid,binance,20.5010423472064,-7.559539000000001,1,0,12.9415033472064,native_15m_trade_close_plus_real_settlements,-7.0584966527936,-27.0584966527936,-67.0584966527936
PRICE_FUNDING_15M_GLOBAL_WINDOW,15m-0001774,binance/hyperliquid,50,2026-07-19 20:45:00+00:00,2026-07-19 21:00:00+00:00,hyperliquid,binance,4.38226172675909,-0.0625,1,0,4.31976172675909,native_15m_trade_close_plus_real_settlements,-15.68023827324091,-35.68023827324091,-75.68023827324092
PRICE_FUNDING_15M_GLOBAL_WINDOW,15m-0001775,binance/hyperliquid,50,2026-07-19 21:15:00+00:00,2026-07-19 21:30:00+00:00,hyperliquid,binance,2.4200602302799012,0.0,0,0,2.4200602302799012,native_15m_trade_close_plus_real_settlements,-17.5799397697201,-37.5799397697201,-77.5799397697201
PRICE_FUNDING_15M_GLOBAL_WINDOW,15m-0001776,binance/hyperliquid,50,2026-07-19 21:45:00+00:00,2026-07-19 23:15:00+00:00,hyperliquid,binance,27.345801873202497,-1.182728,2,0,26.163073873202496,native_15m_trade_close_plus_real_settlements,6.163073873202496,-13.836926126797504,-53.83692612679751
PRICE_FUNDING_15M_GLOBAL_WINDOW,15m-0001777,binance/hyperliquid,50,2026-07-19 23:45:00+00:00,2026-07-20 00:00:00+00:00,hyperliquid,binance,38.80709577008179,-5.847109000000001,1,1,32.959986770081784,native_15m_trade_close_plus_real_settlements,12.959986770081784,-7.040013229918216,-47.040013229918216
PRICE_FUNDING_15M_GLOBAL_WINDOW,15m-0001973,binance/hyperliquid,100,2026-06-10 13:30:00+00:00,2026-06-10 13:45:00+00:00,hyperliquid,binance,20.52866584904767,0.0,0,0,20.52866584904767,native_15m_trade_close_plus_real_settlements,0.5286658490476697,-19.47133415095233,-59.47133415095233
PRICE_FUNDING_15M_GLOBAL_WINDOW,15m-0001974,binance/hyperliquid,100,2026-06-10 23:00:00+00:00,2026-06-10 23:15:00+00:00,hyperliquid,binance,14.259443722765539,1.914476,1,0,16.17391972276554,native_15m_trade_close_plus_real_settlements,-3.8260802772344604,-23.82608027723446,-63.82608027723446
PRICE_FUNDING_15M_GLOBAL_WINDOW,15m-0001975,binance/hyperliquid,100,2026-06-10 23:30:00+00:00,2026-06-11 00:00:00+00:00,hyperliquid,binance,54.43193305369142,-24.67443,1,1,29.757503053691416,native_15m_trade_close_plus_real_settlements,9.757503053691416,-10.242496946308584,-50.242496946308584
PRICE_FUNDING_15M_GLOBAL_WINDOW,15m-0001976,binance/hyperliquid,100,2026-06-21 23:30:00+00:00,2026-06-22 00:00:00+00:00,hyperliquid,binance,91.3034739646805,-37.74971,1,1,53.553763964680506,native_15m_trade_close_plus_real_settlements,33.553763964680506,13.553763964680506,-26.446236035319494
PRICE_FUNDING_15M_GLOBAL_WINDOW,15m-0001977,binance/hyperliquid,100,2026-07-02 06:00:00+00:00,2026-07-02 06:15:00+00:00,hyperliquid,binance,5.106877177285227,-3.485586,1,0,1.6212911772852272,native_15m_trade_close_plus_real_settlements,-18.378708822714774,-38.37870882271477,-78.37870882271477
PRICE_FUNDING_15M_GLOBAL_WINDOW,15m-0001978,binance/hyperliquid,100,2026-07-02 10:30:00+00:00,2026-07-02 11:00:00+00:00,hyperliquid,binance,8.098826542606432,-3.758627,1,0,4.340199542606431,native_15m_trade_close_plus_real_settlements,-15.659800457393569,-35.65980045739357,-75.65980045739357
PRICE_FUNDING_15M_GLOBAL_WINDOW,15m-0001979,binance/hyperliquid,100,2026-07-02 12:15:00+00:00,2026-07-02 12:30:00+00:00,hyperliquid,binance,6.885252250707296,0.0,0,0,6.885252250707296,native_15m_trade_close_plus_real_settlements,-13.114747749292704,-33.114747749292704,-73.1147477492927
PRICE_FUNDING_15M_GLOBAL_WINDOW,15m-0001980,binance/hyperliquid,100,2026-07-02 17:30:00+00:00,2026-07-02 17:45:00+00:00,hyperliquid,binance,3.706729310513367,0.0,0,0,3.706729310513367,native_15m_trade_close_plus_real_settlements,-16.293270689486633,-36.29327068948663,-76.29327068948663
PRICE_FUNDING_15M_GLOBAL_WINDOW,15m-0001981,binance/hyperliquid,100,2026-07-02 18:30:00+00:00,2026-07-02 21:00:00+00:00,hyperliquid,binance,32.901336666048294,-6.637029,3,0,26.264307666048296,native_15m_trade_close_plus_real_settlements,6.264307666048296,-13.735692333951704,-53.735692333951704
PRICE_FUNDING_15M_GLOBAL_WINDOW,15m-0001982,binance/hyperliquid,100,2026-07-12 23:45:00+00:00,2026-07-13 00:00:00+00:00,hyperliquid,binance,38.01214710449278,-28.196586999999997,1,1,9.815560104492786,native_15m_trade_close_plus_real_settlements,-10.184439895507214,-30.184439895507214,-70.18443989550721
PRICE_FUNDING_15M_GLOBAL_WINDOW,15m-0001983,binance/hyperliquid,100,2026-07-13 04:00:00+00:00,2026-07-13 05:30:00+00:00,hyperliquid,binance,42.78943124937305,-16.85444,2,0,25.934991249373052,native_15m_trade_close_plus_real_settlements,5.934991249373052,-14.065008750626948,-54.065008750626944
PRICE_FUNDING_15M_GLOBAL_WINDOW,15m-0001984,binance/hyperliquid,100,2026-07-13 06:00:00+00:00,2026-07-13 06:30:00+00:00,hyperliquid,binance,32.99149557042941,-7.845473,1,0,25.14602257042941,native_15m_trade_close_plus_real_settlements,5.146022570429409,-14.853977429570591,-54.85397742957059
PRICE_FUNDING_15M_GLOBAL_WINDOW,15m-0001985,binance/hyperliquid,100,2026-07-13 06:45:00+00:00,2026-07-13 07:00:00+00:00,hyperliquid,binance,35.30636871300696,-10.211295999999999,1,0,25.095072713006964,native_15m_trade_close_plus_real_settlements,5.095072713006964,-14.904927286993036,-54.904927286993036
PRICE_FUNDING_15M_GLOBAL_WINDOW,15m-0001986,binance/hyperliquid,100,2026-07-13 07:30:00+00:00,2026-07-14 00:45:00+00:00,hyperliquid,binance,142.54954155200772,-0.7947080000000016,17,3,141.7548335520077,native_15m_trade_close_plus_real_settlements,121.75483355200771,101.75483355200771,61.75483355200771
PRICE_FUNDING_15M_GLOBAL_WINDOW,15m-0001987,binance/hyperliquid,100,2026-07-14 01:45:00+00:00,2026-07-14 04:45:00+00:00,hyperliquid,binance,140.4820675026179,-16.418061,3,0,124.0640065026179,native_15m_trade_close_plus_real_settlements,104.0640065026179,84.0640065026179,44.0640065026179
PRICE_FUNDING_15M_GLOBAL_WINDOW,15m-0001988,binance/hyperliquid,100,2026-07-14 09:45:00+00:00,2026-07-14 10:45:00+00:00,hyperliquid,binance,32.678805529418625,-3.961843,1,0,28.716962529418623,native_15m_trade_close_plus_real_settlements,8.716962529418623,-11.283037470581377,-51.28303747058138
PRICE_FUNDING_15M_GLOBAL_WINDOW,15m-0001989,binance/hyperliquid,100,2026-07-14 11:30:00+00:00,2026-07-14 11:45:00+00:00,hyperliquid,binance,10.759240333742298,0.0,0,0,10.759240333742298,native_15m_trade_close_plus_real_settlements,-9.240759666257702,-29.240759666257702,-69.2407596662577
PRICE_FUNDING_15M_GLOBAL_WINDOW,15m-0001990,binance/hyperliquid,100,2026-07-14 12:30:00+00:00,2026-07-14 13:30:00+00:00,hyperliquid,binance,27.412900556104915,-2.487486,1,0,24.925414556104915,native_15m_trade_close_plus_real_settlements,4.925414556104915,-15.074585443895085,-55.07458544389509
PRICE_FUNDING_15M_GLOBAL_WINDOW,15m-0002009,binance/hyperliquid,150,2026-07-13 08:00:00+00:00,2026-07-13 09:15:00+00:00,hyperliquid,binance,65.78933740868708,34.605689,2,1,100.39502640868707,native_15m_trade_close_plus_real_settlements,80.39502640868707,60.39502640868707,20.395026408687073
PRICE_FUNDING_15M_GLOBAL_WINDOW,15m-0002010,binance/hyperliquid,150,2026-07-13 10:30:00+00:00,2026-07-13 12:15:00+00:00,hyperliquid,binance,62.71462241313566,-13.369178,2,0,49.34544441313566,native_15m_trade_close_plus_real_settlements,29.34544441313566,9.34544441313566,-30.65455558686434
PRICE_FUNDING_15M_GLOBAL_WINDOW,15m-0002011,binance/hyperliquid,150,2026-07-13 12:30:00+00:00,2026-07-13 14:15:00+00:00,hyperliquid,binance,26.911708718861007,-0.9773529999999999,2,0,25.934355718861006,native_15m_trade_close_plus_real_settlements,5.934355718861006,-14.065644281138994,-54.065644281138994
PRICE_FUNDING_15M_GLOBAL_WINDOW,15m-0002012,binance/hyperliquid,150,2026-07-13 14:45:00+00:00,2026-07-13 15:30:00+00:00,hyperliquid,binance,23.865426396227832,-1.7692089999999998,1,0,22.096217396227832,native_15m_trade_close_plus_real_settlements,2.096217396227832,-17.903782603772168,-57.90378260377217
PRICE_FUNDING_15M_GLOBAL_WINDOW,15m-0002013,binance/hyperliquid,150,2026-07-13 15:45:00+00:00,2026-07-13 16:00:00+00:00,hyperliquid,binance,21.579290366630033,0.956097,1,1,22.535387366630033,native_15m_trade_close_plus_real_settlements,2.535387366630033,-17.464612633369967,-57.46461263336997
PRICE_FUNDING_15M_GLOBAL_WINDOW,15m-0002014,binance/hyperliquid,150,2026-07-13 23:00:00+00:00,2026-07-14 00:00:00+00:00,hyperliquid,binance,91.53246277830027,-21.913327000000002,2,1,69.61913577830026,native_15m_trade_close_plus_real_settlements,49.61913577830026,29.61913577830026,-10.380864221699738
PRICE_FUNDING_15M_GLOBAL_WINDOW,15m-0002015,binance/hyperliquid,150,2026-07-14 00:15:00+00:00,2026-07-14 00:30:00+00:00,hyperliquid,binance,6.561736576685206,0.0,0,0,6.561736576685206,native_15m_trade_close_plus_real_settlements,-13.438263423314794,-33.438263423314794,-73.4382634233148
PRICE_FUNDING_15M_GLOBAL_WINDOW,15m-0002016,binance/hyperliquid,150,2026-07-14 02:00:00+00:00,2026-07-14 02:30:00+00:00,hyperliquid,binance,51.45523129153898,-2.7597,1,0,48.69553129153898,native_15m_trade_close_plus_real_settlements,28.695531291538977,8.695531291538977,-31.304468708461023
PRICE_FUNDING_15M_GLOBAL_WINDOW,15m-0002017,binance/hyperliquid,150,2026-07-14 02:45:00+00:00,2026-07-14 04:30:00+00:00,hyperliquid,binance,115.59719636236619,-13.658361000000001,2,0,101.93883536236619,native_15m_trade_close_plus_real_settlements,81.93883536236619,61.93883536236619,21.93883536236619
PRICE_FUNDING_15M_GLOBAL_WINDOW,15m-0002027,binance/hyperliquid,200,2026-07-13 10:45:00+00:00,2026-07-13 11:15:00+00:00,hyperliquid,binance,13.74942244982833,-7.689274,1,0,6.06014844982833,native_15m_trade_close_plus_real_settlements,-13.93985155017167,-33.93985155017167,-73.93985155017167
PRICE_FUNDING_15M_GLOBAL_WINDOW,15m-0002028,binance/hyperliquid,200,2026-07-13 23:00:00+00:00,2026-07-13 23:30:00+00:00,hyperliquid,binance,28.42718685353509,0.435828,1,0,28.86301485353509,native_15m_trade_close_plus_real_settlements,8.863014853535091,-11.136985146464909,-51.13698514646491
PRICE_FUNDING_15M_GLOBAL_WINDOW,15m-0002029,binance/hyperliquid,200,2026-07-14 03:00:00+00:00,2026-07-14 03:45:00+00:00,hyperliquid,binance,80.02966002895212,-5.586314,1,0,74.44334602895212,native_15m_trade_close_plus_real_settlements,54.44334602895212,34.44334602895212,-5.556653971047879
PRICE_FUNDING_15M_GLOBAL_WINDOW,15m-0002035,binance/okx,20,2026-06-10 09:30:00+00:00,2026-06-10 10:00:00+00:00,okx,binance,4.763794606858006,0.0,0,0,4.763794606858006,native_15m_trade_close_plus_real_settlements,-15.236205393141994,-35.236205393141994,-75.236205393142
PRICE_FUNDING_15M_GLOBAL_WINDOW,15m-0002036,binance/okx,20,2026-06-10 10:30:00+00:00,2026-06-10 11:30:00+00:00,okx,binance,23.8554536320312,0.0,0,0,23.8554536320312,native_15m_trade_close_plus_real_settlements,3.8554536320311996,-16.1445463679688,-56.1445463679688
PRICE_FUNDING_15M_GLOBAL_WINDOW,15m-0002037,binance/okx,20,2026-06-10 11:45:00+00:00,2026-06-10 17:00:00+00:00,okx,binance,42.01576482112719,-17.568687673407002,1,1,24.44707714772019,native_15m_trade_close_plus_real_settlements,4.44707714772019,-15.55292285227981,-55.552922852279806
PRICE_FUNDING_15M_GLOBAL_WINDOW,15m-0002038,binance/okx,20,2026-06-10 17:15:00+00:00,2026-06-10 17:45:00+00:00,okx,binance,20.32139813501775,0.0,0,0,20.32139813501775,native_15m_trade_close_plus_real_settlements,0.3213981350177484,-19.67860186498225,-59.678601864982255
PRICE_FUNDING_15M_GLOBAL_WINDOW,15m-0002039,binance/okx,20,2026-06-10 18:00:00+00:00,2026-06-10 18:15:00+00:00,okx,binance,5.314594181832707,0.0,0,0,5.314594181832707,native_15m_trade_close_plus_real_settlements,-14.685405818167293,-34.6854058181673,-74.6854058181673
PRICE_FUNDING_15M_GLOBAL_WINDOW,15m-0002040,binance/okx,20,2026-06-10 18:30:00+00:00,2026-06-10 19:00:00+00:00,okx,binance,12.599682780317856,0.0,0,0,12.599682780317856,native_15m_trade_close_plus_real_settlements,-7.400317219682144,-27.400317219682144,-67.40031721968214
PRICE_FUNDING_15M_GLOBAL_WINDOW,15m-0002041,binance/okx,20,2026-06-10 19:15:00+00:00,2026-06-10 19:30:00+00:00,okx,binance,7.250526184146226,0.0,0,0,7.250526184146226,native_15m_trade_close_plus_real_settlements,-12.749473815853774,-32.749473815853776,-72.74947381585378
PRICE_FUNDING_15M_GLOBAL_WINDOW,15m-0002042,binance/okx,20,2026-06-10 19:45:00+00:00,2026-06-10 20:00:00+00:00,okx,binance,20.43257791310014,0.0,0,0,20.43257791310014,native_15m_trade_close_plus_real_settlements,0.4325779131001397,-19.56742208689986,-59.56742208689986
PRICE_FUNDING_15M_GLOBAL_WINDOW,15m-0002043,binance/okx,20,2026-06-10 20:30:00+00:00,2026-06-11 00:00:00+00:00,okx,binance,52.72768164076012,-23.0722,1,1,29.65548164076012,native_15m_trade_close_plus_real_settlements,9.655481640760119,-10.344518359239881,-50.344518359239885
PRICE_FUNDING_15M_GLOBAL_WINDOW,15m-0002044,binance/okx,20,2026-06-11 05:30:00+00:00,2026-06-11 05:45:00+00:00,okx,binance,8.880240773164896,0.0,0,0,8.880240773164896,native_15m_trade_close_plus_real_settlements,-11.119759226835104,-31.119759226835104,-71.1197592268351
PRICE_FUNDING_15M_GLOBAL_WINDOW,15m-0002045,binance/okx,20,2026-06-11 13:15:00+00:00,2026-06-11 13:30:00+00:00,binance,okx,12.52746935111675,0.0,0,0,12.52746935111675,native_15m_trade_close_plus_real_settlements,-7.47253064888325,-27.47253064888325,-67.47253064888325
PRICE_FUNDING_15M_GLOBAL_WINDOW,15m-0002046,binance/okx,20,2026-06-11 21:15:00+00:00,2026-06-11 21:30:00+00:00,okx,binance,1.7717046911359517,0.0,0,0,1.7717046911359517,native_15m_trade_close_plus_real_settlements,-18.22829530886405,-38.22829530886405,-78.22829530886405
PRICE_FUNDING_15M_GLOBAL_WINDOW,15m-0002047,binance/okx,20,2026-06-12 08:15:00+00:00,2026-06-12 08:30:00+00:00,binance,okx,19.663598467159527,0.0,0,0,19.663598467159527,native_15m_trade_close_plus_real_settlements,-0.3364015328404726,-20.336401532840473,-60.33640153284047
PRICE_FUNDING_15M_GLOBAL_WINDOW,15m-0002048,binance/okx,20,2026-06-12 11:00:00+00:00,2026-06-12 15:30:00+00:00,okx,binance,29.96389232552106,0.0,0,0,29.96389232552106,native_15m_trade_close_plus_real_settlements,9.963892325521059,-10.036107674478941,-50.03610767447894
PRICE_FUNDING_15M_GLOBAL_WINDOW,15m-0002049,binance/okx,20,2026-06-12 19:15:00+00:00,2026-06-12 19:30:00+00:00,okx,binance,20.252542763377765,0.0,0,0,20.252542763377765,native_15m_trade_close_plus_real_settlements,0.2525427633777646,-19.747457236622235,-59.74745723662224
PRICE_FUNDING_15M_GLOBAL_WINDOW,15m-0002050,binance/okx,20,2026-06-12 21:30:00+00:00,2026-06-12 21:45:00+00:00,okx,binance,30.971089565693614,0.0,0,0,30.971089565693614,native_15m_trade_close_plus_real_settlements,10.971089565693614,-9.028910434306386,-49.02891043430638
PRICE_FUNDING_15M_GLOBAL_WINDOW,15m-0002051,binance/okx,20,2026-06-13 04:30:00+00:00,2026-06-13 04:45:00+00:00,okx,binance,4.507483139320222,0.0,0,0,4.507483139320222,native_15m_trade_close_plus_real_settlements,-15.492516860679778,-35.49251686067978,-75.49251686067979
PRICE_FUNDING_15M_GLOBAL_WINDOW,15m-0002052,binance/okx,20,2026-06-13 06:30:00+00:00,2026-06-13 08:00:00+00:00,okx,binance,13.486135271738394,-8.035951931451999,1,1,5.4501833402863955,native_15m_trade_close_plus_real_settlements,-14.549816659713604,-34.549816659713606,-74.5498166597136
PRICE_FUNDING_15M_GLOBAL_WINDOW,15m-0002053,binance/okx,20,2026-06-13 08:30:00+00:00,2026-06-13 08:45:00+00:00,okx,binance,6.556019469740587,0.0,0,0,6.556019469740587,native_15m_trade_close_plus_real_settlements,-13.443980530259413,-33.44398053025941,-73.44398053025941
PRICE_FUNDING_15M_GLOBAL_WINDOW,15m-0002054,binance/okx,20,2026-06-13 09:00:00+00:00,2026-06-13 09:15:00+00:00,okx,binance,10.270673171206088,0.0,0,0,10.270673171206088,native_15m_trade_close_plus_real_settlements,-9.729326828793912,-29.729326828793912,-69.72932682879392
PRICE_FUNDING_15M_GLOBAL_WINDOW,15m-0002055,binance/okx,20,2026-06-13 12:00:00+00:00,2026-06-13 12:15:00+00:00,okx,binance,5.642625544300422,0.0,0,0,5.642625544300422,native_15m_trade_close_plus_real_settlements,-14.357374455699578,-34.35737445569958,-74.35737445569958
PRICE_FUNDING_15M_GLOBAL_WINDOW,15m-0002056,binance/okx,20,2026-06-13 12:45:00+00:00,2026-06-13 13:00:00+00:00,okx,binance,5.549135035213677,0.0,0,0,5.549135035213677,native_15m_trade_close_plus_real_settlements,-14.450864964786323,-34.45086496478632,-74.45086496478632
PRICE_FUNDING_15M_GLOBAL_WINDOW,15m-0002057,binance/okx,20,2026-06-13 13:15:00+00:00,2026-06-13 13:45:00+00:00,okx,binance,15.688342114309737,0.0,0,0,15.688342114309737,native_15m_trade_close_plus_real_settlements,-4.311657885690263,-24.311657885690263,-64.31165788569027
PRICE_FUNDING_15M_GLOBAL_WINDOW,15m-0002058,binance/okx,20,2026-06-13 14:15:00+00:00,2026-06-13 14:45:00+00:00,okx,binance,6.906094461719547,0.0,0,0,6.906094461719547,native_15m_trade_close_plus_real_settlements,-13.093905538280453,-33.09390553828045,-73.09390553828045
PRICE_FUNDING_15M_GLOBAL_WINDOW,15m-0002059,binance/okx,20,2026-06-13 15:00:00+00:00,2026-06-13 15:30:00+00:00,okx,binance,10.60932006871812,0.0,0,0,10.60932006871812,native_15m_trade_close_plus_real_settlements,-9.39067993128188,-29.39067993128188,-69.39067993128188
PRICE_FUNDING_15M_GLOBAL_WINDOW,15m-0002060,binance/okx,20,2026-06-13 16:00:00+00:00,2026-06-13 16:30:00+00:00,okx,binance,15.153059744087521,0.0,0,1,15.153059744087521,native_15m_trade_close_plus_real_settlements,-4.846940255912479,-24.84694025591248,-64.84694025591247
PRICE_FUNDING_15M_GLOBAL_WINDOW,15m-0002061,binance/okx,20,2026-06-13 16:45:00+00:00,2026-06-13 17:00:00+00:00,okx,binance,11.355095715448542,0.0,0,0,11.355095715448542,native_15m_trade_close_plus_real_settlements,-8.644904284551458,-28.64490428455146,-68.64490428455146
PRICE_FUNDING_15M_GLOBAL_WINDOW,15m-0002062,binance/okx,20,2026-06-13 17:15:00+00:00,2026-06-13 17:30:00+00:00,okx,binance,13.752035391712608,0.0,0,0,13.752035391712608,native_15m_trade_close_plus_real_settlements,-6.247964608287392,-26.24796460828739,-66.24796460828739
PRICE_FUNDING_15M_GLOBAL_WINDOW,15m-0002063,binance/okx,20,2026-06-13 18:30:00+00:00,2026-06-13 18:45:00+00:00,okx,binance,8.930767758650422,0.0,0,0,8.930767758650422,native_15m_trade_close_plus_real_settlements,-11.069232241349578,-31.069232241349578,-71.06923224134958
PRICE_FUNDING_15M_GLOBAL_WINDOW,15m-0002064,binance/okx,20,2026-06-13 19:30:00+00:00,2026-06-13 20:30:00+00:00,okx,binance,10.763759722056278,0.0,0,0,10.763759722056278,native_15m_trade_close_plus_real_settlements,-9.236240277943722,-29.236240277943722,-69.23624027794372
PRICE_FUNDING_15M_GLOBAL_WINDOW,15m-0002065,binance/okx,20,2026-06-13 21:30:00+00:00,2026-06-13 21:45:00+00:00,okx,binance,5.7116277948404175,0.0,0,0,5.7116277948404175,native_15m_trade_close_plus_real_settlements,-14.288372205159583,-34.28837220515958,-74.28837220515959
PRICE_FUNDING_15M_GLOBAL_WINDOW,15m-0002066,binance/okx,20,2026-06-13 22:00:00+00:00,2026-06-13 22:15:00+00:00,okx,binance,8.282419130234238,0.0,0,0,8.282419130234238,native_15m_trade_close_plus_real_settlements,-11.717580869765762,-31.71758086976576,-71.71758086976575
PRICE_FUNDING_15M_GLOBAL_WINDOW,15m-0002067,binance/okx,20,2026-06-13 22:30:00+00:00,2026-06-13 22:45:00+00:00,okx,binance,7.116358229338019,0.0,0,0,7.116358229338019,native_15m_trade_close_plus_real_settlements,-12.883641770661981,-32.88364177066198,-72.88364177066198
PRICE_FUNDING_15M_GLOBAL_WINDOW,15m-0002068,binance/okx,20,2026-06-14 00:00:00+00:00,2026-06-14 00:30:00+00:00,okx,binance,9.274629704483512,0.0,0,1,9.274629704483512,native_15m_trade_close_plus_real_settlements,-10.725370295516488,-30.725370295516488,-70.72537029551648
PRICE_FUNDING_15M_GLOBAL_WINDOW,15m-0002069,binance/okx,20,2026-06-14 01:00:00+00:00,2026-06-14 01:15:00+00:00,okx,binance,7.52073691070145,0.0,0,0,7.52073691070145,native_15m_trade_close_plus_real_settlements,-12.47926308929855,-32.47926308929855,-72.47926308929856
PRICE_FUNDING_15M_GLOBAL_WINDOW,15m-0002070,binance/okx,20,2026-06-14 01:30:00+00:00,2026-06-14 01:45:00+00:00,okx,binance,9.772706364948444,0.0,0,0,9.772706364948444,native_15m_trade_close_plus_real_settlements,-10.227293635051556,-30.227293635051556,-70.22729363505155
PRICE_FUNDING_15M_GLOBAL_WINDOW,15m-0002071,binance/okx,20,2026-06-14 02:15:00+00:00,2026-06-14 02:45:00+00:00,okx,binance,6.44181434638077,0.0,0,0,6.44181434638077,native_15m_trade_close_plus_real_settlements,-13.55818565361923,-33.55818565361923,-73.55818565361923
PRICE_FUNDING_15M_GLOBAL_WINDOW,15m-0002072,binance/okx,20,2026-06-14 03:45:00+00:00,2026-06-14 04:45:00+00:00,okx,binance,9.905621076269753,0.0,0,0,9.905621076269753,native_15m_trade_close_plus_real_settlements,-10.094378923730247,-30.094378923730247,-70.09437892373025
PRICE_FUNDING_15M_GLOBAL_WINDOW,15m-0002073,binance/okx,20,2026-06-14 05:15:00+00:00,2026-06-14 05:30:00+00:00,okx,binance,4.178910550244577,0.0,0,0,4.178910550244577,native_15m_trade_close_plus_real_settlements,-15.821089449755423,-35.82108944975542,-75.82108944975542
PRICE_FUNDING_15M_GLOBAL_WINDOW,15m-0002074,binance/okx,20,2026-06-14 07:15:00+00:00,2026-06-14 07:30:00+00:00,okx,binance,9.50667604637511,0.0,0,0,9.50667604637511,native_15m_trade_close_plus_real_settlements,-10.49332395362489,-30.493323953624888,-70.4933239536249
PRICE_FUNDING_15M_GLOBAL_WINDOW,15m-0002075,binance/okx,20,2026-06-14 07:45:00+00:00,2026-06-14 08:00:00+00:00,okx,binance,8.598790191559663,-6.236325142695,1,1,2.3624650488646637,native_15m_trade_close_plus_real_settlements,-17.637534951135336,-37.637534951135336,-77.63753495113534
PRICE_FUNDING_15M_GLOBAL_WINDOW,15m-0002076,binance/okx,20,2026-06-14 09:15:00+00:00,2026-06-14 09:30:00+00:00,okx,binance,14.289746059411357,0.0,0,0,14.289746059411357,native_15m_trade_close_plus_real_settlements,-5.710253940588643,-25.710253940588643,-65.71025394058864
PRICE_FUNDING_15M_GLOBAL_WINDOW,15m-0002077,binance/okx,20,2026-06-14 09:45:00+00:00,2026-06-14 10:45:00+00:00,okx,binance,19.300669624741168,0.0,0,0,19.300669624741168,native_15m_trade_close_plus_real_settlements,-0.6993303752588318,-20.699330375258832,-60.69933037525883
PRICE_FUNDING_15M_GLOBAL_WINDOW,15m-0002078,binance/okx,20,2026-06-14 11:00:00+00:00,2026-06-14 12:30:00+00:00,okx,binance,12.542942010721262,0.0,0,0,12.542942010721262,native_15m_trade_close_plus_real_settlements,-7.457057989278738,-27.457057989278738,-67.45705798927874
PRICE_FUNDING_15M_GLOBAL_WINDOW,15m-0002079,binance/okx,20,2026-06-14 12:45:00+00:00,2026-06-14 13:15:00+00:00,okx,binance,6.601312477945067,0.0,0,0,6.601312477945067,native_15m_trade_close_plus_real_settlements,-13.398687522054933,-33.398687522054935,-73.39868752205493
PRICE_FUNDING_15M_GLOBAL_WINDOW,15m-0002080,binance/okx,20,2026-06-14 14:15:00+00:00,2026-06-14 14:30:00+00:00,okx,binance,2.4256038450402393,0.0,0,0,2.4256038450402393,native_15m_trade_close_plus_real_settlements,-17.57439615495976,-37.57439615495976,-77.57439615495976
PRICE_FUNDING_15M_GLOBAL_WINDOW,15m-0002081,binance/okx,20,2026-06-14 14:45:00+00:00,2026-06-14 15:00:00+00:00,okx,binance,8.874016426143477,0.0,0,0,8.874016426143477,native_15m_trade_close_plus_real_settlements,-11.125983573856523,-31.125983573856523,-71.12598357385653
PRICE_FUNDING_15M_GLOBAL_WINDOW,15m-0002082,binance/okx,20,2026-06-14 15:15:00+00:00,2026-06-14 15:30:00+00:00,okx,binance,9.568122176180195,0.0,0,0,9.568122176180195,native_15m_trade_close_plus_real_settlements,-10.431877823819805,-30.431877823819804,-70.4318778238198
PRICE_FUNDING_15M_GLOBAL_WINDOW,15m-0002083,binance/okx,20,2026-06-14 16:45:00+00:00,2026-06-14 17:00:00+00:00,okx,binance,8.579673835418063,0.0,0,0,8.579673835418063,native_15m_trade_close_plus_real_settlements,-11.420326164581937,-31.420326164581937,-71.42032616458194
PRICE_FUNDING_15M_GLOBAL_WINDOW,15m-0002084,binance/okx,20,2026-06-14 19:45:00+00:00,2026-06-14 20:00:00+00:00,okx,binance,6.89295690988593,0.0,0,0,6.89295690988593,native_15m_trade_close_plus_real_settlements,-13.10704309011407,-33.10704309011407,-73.10704309011408
PRICE_FUNDING_15M_GLOBAL_WINDOW,15m-0002085,binance/okx,20,2026-06-14 21:15:00+00:00,2026-06-14 21:30:00+00:00,okx,binance,15.796120013888146,0.0,0,0,15.796120013888146,native_15m_trade_close_plus_real_settlements,-4.203879986111854,-24.203879986111854,-64.20387998611186
PRICE_FUNDING_15M_GLOBAL_WINDOW,15m-0002086,binance/okx,20,2026-06-14 21:45:00+00:00,2026-06-15 00:15:00+00:00,okx,binance,29.804700369638866,-36.59625788166701,1,1,-6.791557512028142,native_15m_trade_close_plus_real_settlements,-26.79155751202814,-46.79155751202814,-86.79155751202813
PRICE_FUNDING_15M_GLOBAL_WINDOW,15m-0002087,binance/okx,20,2026-06-15 01:45:00+00:00,2026-06-15 04:00:00+00:00,okx,binance,39.07282401522324,0.0,0,0,39.07282401522324,native_15m_trade_close_plus_real_settlements,19.07282401522324,-0.9271759847767598,-40.92717598477676
PRICE_FUNDING_15M_GLOBAL_WINDOW,15m-0002088,binance/okx,20,2026-06-15 05:45:00+00:00,2026-06-15 06:00:00+00:00,okx,binance,21.023630993734002,0.0,0,0,21.023630993734002,native_15m_trade_close_plus_real_settlements,1.0236309937340025,-18.976369006265998,-58.976369006266
PRICE_FUNDING_15M_GLOBAL_WINDOW,15m-0002089,binance/okx,20,2026-06-15 12:45:00+00:00,2026-06-15 13:00:00+00:00,okx,binance,15.524050302856063,0.0,0,0,15.524050302856063,native_15m_trade_close_plus_real_settlements,-4.475949697143937,-24.47594969714394,-64.47594969714393
PRICE_FUNDING_15M_GLOBAL_WINDOW,15m-0002090,binance/okx,20,2026-06-15 13:45:00+00:00,2026-06-15 14:00:00+00:00,okx,binance,10.562156785984737,0.0,0,0,10.562156785984737,native_15m_trade_close_plus_real_settlements,-9.437843214015263,-29.437843214015263,-69.43784321401526
PRICE_FUNDING_15M_GLOBAL_WINDOW,15m-0002091,binance/okx,20,2026-06-15 14:45:00+00:00,2026-06-15 15:00:00+00:00,okx,binance,5.867992754356251,0.0,0,0,5.867992754356251,native_15m_trade_close_plus_real_settlements,-14.132007245643749,-34.13200724564375,-74.13200724564375
PRICE_FUNDING_15M_GLOBAL_WINDOW,15m-0002092,binance/okx,20,2026-06-15 15:15:00+00:00,2026-06-15 16:15:00+00:00,okx,binance,6.783557807950508,-6.116159562978999,1,1,0.6673982449715092,native_15m_trade_close_plus_real_settlements,-19.33260175502849,-39.33260175502849,-79.33260175502849
PRICE_FUNDING_15M_GLOBAL_WINDOW,15m-0002093,binance/okx,20,2026-06-15 18:30:00+00:00,2026-06-15 19:00:00+00:00,okx,binance,9.435273818125498,0.0,0,0,9.435273818125498,native_15m_trade_close_plus_real_settlements,-10.564726181874502,-30.5647261818745,-70.5647261818745
PRICE_FUNDING_15M_GLOBAL_WINDOW,15m-0002094,binance/okx,20,2026-06-15 19:15:00+00:00,2026-06-15 20:00:00+00:00,okx,binance,15.570446387612813,0.0,0,0,15.570446387612813,native_15m_trade_close_plus_real_settlements,-4.429553612387187,-24.42955361238719,-64.42955361238718
PRICE_FUNDING_15M_GLOBAL_WINDOW,15m-0002095,binance/okx,20,2026-06-15 20:15:00+00:00,2026-06-15 20:30:00+00:00,okx,binance,10.27691619757178,0.0,0,0,10.27691619757178,native_15m_trade_close_plus_real_settlements,-9.72308380242822,-29.72308380242822,-69.72308380242822
PRICE_FUNDING_15M_GLOBAL_WINDOW,15m-0002096,binance/okx,20,2026-06-15 20:45:00+00:00,2026-06-15 21:00:00+00:00,okx,binance,10.350779437596753,0.0,0,0,10.350779437596753,native_15m_trade_close_plus_real_settlements,-9.649220562403247,-29.649220562403247,-69.64922056240324
PRICE_FUNDING_15M_GLOBAL_WINDOW,15m-0002097,binance/okx,20,2026-06-15 22:00:00+00:00,2026-06-15 22:30:00+00:00,okx,binance,7.759480262357753,0.0,0,0,7.759480262357753,native_15m_trade_close_plus_real_settlements,-12.240519737642247,-32.240519737642245,-72.24051973764224
PRICE_FUNDING_15M_GLOBAL_WINDOW,15m-0002098,binance/okx,20,2026-06-15 23:00:00+00:00,2026-06-15 23:15:00+00:00,okx,binance,3.978369860603703,0.0,0,0,3.978369860603703,native_15m_trade_close_plus_real_settlements,-16.021630139396297,-36.021630139396294,-76.0216301393963
PRICE_FUNDING_15M_GLOBAL_WINDOW,15m-0002099,binance/okx,20,2026-06-16 00:45:00+00:00,2026-06-16 01:00:00+00:00,okx,binance,12.34740935306035,0.0,0,0,12.34740935306035,native_15m_trade_close_plus_real_settlements,-7.65259064693965,-27.65259064693965,-67.65259064693964
PRICE_FUNDING_15M_GLOBAL_WINDOW,15m-0002100,binance/okx,20,2026-06-16 01:15:00+00:00,2026-06-16 01:30:00+00:00,okx,binance,5.412858758336842,0.0,0,0,5.412858758336842,native_15m_trade_close_plus_real_settlements,-14.587141241663158,-34.58714124166316,-74.58714124166316
PRICE_FUNDING_15M_GLOBAL_WINDOW,15m-0002101,binance/okx,20,2026-06-16 02:00:00+00:00,2026-06-16 02:30:00+00:00,okx,binance,10.515326836293083,0.0,0,0,10.515326836293083,native_15m_trade_close_plus_real_settlements,-9.484673163706917,-29.484673163706915,-69.48467316370692
PRICE_FUNDING_15M_GLOBAL_WINDOW,15m-0002102,binance/okx,20,2026-06-16 08:30:00+00:00,2026-06-16 08:45:00+00:00,okx,binance,0.7373840552766211,0.0,0,0,0.7373840552766211,native_15m_trade_close_plus_real_settlements,-19.26261594472338,-39.26261594472338,-79.26261594472338
PRICE_FUNDING_15M_GLOBAL_WINDOW,15m-0002103,binance/okx,20,2026-06-16 09:45:00+00:00,2026-06-16 19:15:00+00:00,okx,binance,43.0709509052556,0.7110144897190008,1,1,43.7819653949746,native_15m_trade_close_plus_real_settlements,23.7819653949746,3.7819653949745984,-36.2180346050254
PRICE_FUNDING_15M_GLOBAL_WINDOW,15m-0002104,binance/okx,20,2026-06-16 19:30:00+00:00,2026-06-16 19:45:00+00:00,okx,binance,11.38895769657059,0.0,0,0,11.38895769657059,native_15m_trade_close_plus_real_settlements,-8.61104230342941,-28.61104230342941,-68.61104230342941
PRICE_FUNDING_15M_GLOBAL_WINDOW,15m-0002105,binance/okx,20,2026-06-16 20:45:00+00:00,2026-06-16 21:15:00+00:00,okx,binance,5.010820716710622,0.0,0,0,5.010820716710622,native_15m_trade_close_plus_real_settlements,-14.989179283289378,-34.989179283289374,-74.98917928328937
PRICE_FUNDING_15M_GLOBAL_WINDOW,15m-0002106,binance/okx,20,2026-06-16 21:45:00+00:00,2026-06-17 00:00:00+00:00,okx,binance,25.015327802964368,0.0,1,1,25.015327802964368,native_15m_trade_close_plus_real_settlements,5.015327802964368,-14.984672197035632,-54.984672197035636
PRICE_FUNDING_15M_GLOBAL_WINDOW,15m-0002107,binance/okx,20,2026-06-17 00:45:00+00:00,2026-06-17 01:00:00+00:00,okx,binance,11.005545600127077,0.0,0,0,11.005545600127077,native_15m_trade_close_plus_real_settlements,-8.994454399872923,-28.99445439987292,-68.99445439987292
PRICE_FUNDING_15M_GLOBAL_WINDOW,15m-0002108,binance/okx,20,2026-06-17 01:15:00+00:00,2026-06-17 01:45:00+00:00,okx,binance,16.445035168946582,0.0,0,0,16.445035168946582,native_15m_trade_close_plus_real_settlements,-3.554964831053418,-23.554964831053418,-63.55496483105342
PRICE_FUNDING_15M_GLOBAL_WINDOW,15m-0002109,binance/okx,20,2026-06-17 02:00:00+00:00,2026-06-17 02:15:00+00:00,okx,binance,5.162816438955289,0.0,0,0,5.162816438955289,native_15m_trade_close_plus_real_settlements,-14.83718356104471,-34.83718356104471,-74.83718356104471
PRICE_FUNDING_15M_GLOBAL_WINDOW,15m-0002110,binance/okx,20,2026-06-17 07:45:00+00:00,2026-06-17 08:00:00+00:00,binance,okx,27.602920337964658,-15.399937006423999,1,1,12.20298333154066,native_15m_trade_close_plus_real_settlements,-7.7970166684593405,-27.797016668459342,-67.79701666845934
PRICE_FUNDING_15M_GLOBAL_WINDOW,15m-0002111,binance/okx,20,2026-06-17 15:15:00+00:00,2026-06-17 16:00:00+00:00,okx,binance,17.987431633674003,-12.804129317287,1,1,5.183302316387003,native_15m_trade_close_plus_real_settlements,-14.816697683612997,-34.816697683613,-74.816697683613
PRICE_FUNDING_15M_GLOBAL_WINDOW,15m-0002112,binance/okx,20,2026-06-17 16:30:00+00:00,2026-06-17 17:30:00+00:00,okx,binance,14.91259109003951,0.0,0,0,14.91259109003951,native_15m_trade_close_plus_real_settlements,-5.087408909960491,-25.08740890996049,-65.08740890996049
PRICE_FUNDING_15M_GLOBAL_WINDOW,15m-0002113,binance/okx,20,2026-06-17 17:45:00+00:00,2026-06-17 18:00:00+00:00,okx,binance,8.907601554779374,0.0,0,0,8.907601554779374,native_15m_trade_close_plus_real_settlements,-11.092398445220626,-31.092398445220624,-71.09239844522062
PRICE_FUNDING_15M_GLOBAL_WINDOW,15m-0002114,binance/okx,20,2026-06-17 20:00:00+00:00,2026-06-17 20:15:00+00:00,okx,binance,9.736995540507206,0.0,0,0,9.736995540507206,native_15m_trade_close_plus_real_settlements,-10.263004459492794,-30.263004459492794,-70.26300445949279
PRICE_FUNDING_15M_GLOBAL_WINDOW,15m-0002115,binance/okx,20,2026-06-17 23:45:00+00:00,2026-06-18 00:00:00+00:00,okx,binance,15.638615321000836,-16.113517402762998,1,1,-0.47490208176216164,native_15m_trade_close_plus_real_settlements,-20.47490208176216,-40.47490208176216,-80.47490208176217
PRICE_FUNDING_15M_GLOBAL_WINDOW,15m-0002116,binance/okx,20,2026-06-18 07:15:00+00:00,2026-06-18 07:45:00+00:00,binance,okx,2.188099168831279,0.0,0,0,2.188099168831279,native_15m_trade_close_plus_real_settlements,-17.81190083116872,-37.81190083116872,-77.81190083116871
PRICE_FUNDING_15M_GLOBAL_WINDOW,15m-0002117,binance/okx,20,2026-06-18 13:30:00+00:00,2026-06-18 14:00:00+00:00,okx,binance,5.6556787030879825,0.0,0,0,5.6556787030879825,native_15m_trade_close_plus_real_settlements,-14.344321296912018,-34.344321296912014,-74.34432129691201
PRICE_FUNDING_15M_GLOBAL_WINDOW,15m-0002118,binance/okx,20,2026-06-19 04:00:00+00:00,2026-06-19 04:15:00+00:00,binance,okx,21.123105763340362,0.0,0,0,21.123105763340362,native_15m_trade_close_plus_real_settlements,1.1231057633403623,-18.876894236659638,-58.87689423665964
PRICE_FUNDING_15M_GLOBAL_WINDOW,15m-0002119,binance/okx,20,2026-06-19 13:30:00+00:00,2026-06-19 13:45:00+00:00,okx,binance,15.717725114956972,0.0,0,0,15.717725114956972,native_15m_trade_close_plus_real_settlements,-4.282274885043028,-24.28227488504303,-64.28227488504302
PRICE_FUNDING_15M_GLOBAL_WINDOW,15m-0002120,binance/okx,20,2026-06-19 14:00:00+00:00,2026-06-19 14:45:00+00:00,okx,binance,5.932693442278946,0.0,0,0,5.932693442278946,native_15m_trade_close_plus_real_settlements,-14.067306557721054,-34.067306557721054,-74.06730655772105
PRICE_FUNDING_15M_GLOBAL_WINDOW,15m-0002121,binance/okx,20,2026-06-19 15:00:00+00:00,2026-06-19 15:15:00+00:00,okx,binance,9.928024931453502,0.0,0,0,9.928024931453502,native_15m_trade_close_plus_real_settlements,-10.071975068546498,-30.0719750685465,-70.0719750685465
PRICE_FUNDING_15M_GLOBAL_WINDOW,15m-0002122,binance/okx,20,2026-06-19 15:45:00+00:00,2026-06-19 16:00:00+00:00,okx,binance,16.321668929603383,-13.298647262704,1,1,3.0230216668993837,native_15m_trade_close_plus_real_settlements,-16.976978333100618,-36.97697833310062,-76.97697833310062
PRICE_FUNDING_15M_GLOBAL_WINDOW,15m-0002123,binance/okx,20,2026-06-20 05:15:00+00:00,2026-06-20 05:30:00+00:00,okx,binance,10.345748946067076,0.0,0,0,10.345748946067076,native_15m_trade_close_plus_real_settlements,-9.654251053932924,-29.654251053932924,-69.65425105393292
PRICE_FUNDING_15M_GLOBAL_WINDOW,15m-0002124,binance/okx,20,2026-06-20 08:30:00+00:00,2026-06-20 08:45:00+00:00,binance,okx,8.930894252429882,0.0,0,0,8.930894252429882,native_15m_trade_close_plus_real_settlements,-11.069105747570118,-31.06910574757012,-71.06910574757012
PRICE_FUNDING_15M_GLOBAL_WINDOW,15m-0002125,binance/okx,20,2026-06-20 14:45:00+00:00,2026-06-20 15:00:00+00:00,okx,binance,7.315559812222002,0.0,0,0,7.315559812222002,native_15m_trade_close_plus_real_settlements,-12.684440187777998,-32.684440187777994,-72.684440187778
PRICE_FUNDING_15M_GLOBAL_WINDOW,15m-0002126,binance/okx,20,2026-06-20 15:45:00+00:00,2026-06-20 16:00:00+00:00,okx,binance,25.35476400842248,-14.818474334262,1,1,10.536289674160482,native_15m_trade_close_plus_real_settlements,-9.463710325839518,-29.463710325839518,-69.46371032583951
PRICE_FUNDING_15M_GLOBAL_WINDOW,15m-0002127,binance/okx,20,2026-06-20 21:30:00+00:00,2026-06-20 21:45:00+00:00,okx,binance,8.290768528682575,0.0,0,0,8.290768528682575,native_15m_trade_close_plus_real_settlements,-11.709231471317425,-31.709231471317423,-71.70923147131742
PRICE_FUNDING_15M_GLOBAL_WINDOW,15m-0002128,binance/okx,20,2026-06-21 05:30:00+00:00,2026-06-21 06:15:00+00:00,okx,binance,6.076064767604294,0.0,0,0,6.076064767604294,native_15m_trade_close_plus_real_settlements,-13.923935232395706,-33.923935232395706,-73.9239352323957
PRICE_FUNDING_15M_GLOBAL_WINDOW,15m-0002129,binance/okx,20,2026-06-21 06:30:00+00:00,2026-06-21 08:00:00+00:00,okx,binance,14.31342646232046,-13.577660192737998,1,1,0.7357662695824629,native_15m_trade_close_plus_real_settlements,-19.264233730417537,-39.26423373041754,-79.26423373041754
PRICE_FUNDING_15M_GLOBAL_WINDOW,15m-0002130,binance/okx,20,2026-06-21 23:00:00+00:00,2026-06-22 00:00:00+00:00,okx,binance,42.240474536048765,-48.492662952074,1,1,-6.252188416025234,native_15m_trade_close_plus_real_settlements,-26.252188416025234,-46.252188416025234,-86.25218841602523
PRICE_FUNDING_15M_GLOBAL_WINDOW,15m-0002131,binance/okx,20,2026-06-22 03:00:00+00:00,2026-06-22 03:15:00+00:00,okx,binance,14.780468202169924,0.0,0,0,14.780468202169924,native_15m_trade_close_plus_real_settlements,-5.219531797830076,-25.219531797830076,-65.21953179783007
PRICE_FUNDING_15M_GLOBAL_WINDOW,15m-0002132,binance/okx,20,2026-06-22 04:00:00+00:00,2026-06-22 04:15:00+00:00,okx,binance,9.488289928123493,0.0,0,0,9.488289928123493,native_15m_trade_close_plus_real_settlements,-10.511710071876507,-30.511710071876507,-70.51171007187651
PRICE_FUNDING_15M_GLOBAL_WINDOW,15m-0002133,binance/okx,20,2026-06-22 06:15:00+00:00,2026-06-22 06:30:00+00:00,binance,okx,18.43888071710132,0.0,0,0,18.43888071710132,native_15m_trade_close_plus_real_settlements,-1.5611192828986802,-21.56111928289868,-61.56111928289868
PRICE_FUNDING_15M_GLOBAL_WINDOW,15m-0002134,binance/okx,20,2026-06-22 06:45:00+00:00,2026-06-22 08:00:00+00:00,binance,okx,16.992441325227162,-7.745735849710996,1,1,9.246705475516166,native_15m_trade_close_plus_real_settlements,-10.753294524483834,-30.753294524483834,-70.75329452448383
PRICE_FUNDING_15M_GLOBAL_WINDOW,15m-0002135,binance/okx,20,2026-06-22 21:30:00+00:00,2026-06-22 21:45:00+00:00,okx,binance,13.420069361680039,0.0,0,0,13.420069361680039,native_15m_trade_close_plus_real_settlements,-6.579930638319961,-26.57993063831996,-66.57993063831996
PRICE_FUNDING_15M_GLOBAL_WINDOW,15m-0002136,binance/okx,20,2026-06-23 05:15:00+00:00,2026-06-23 05:45:00+00:00,binance,okx,13.595656980604929,0.0,0,0,13.595656980604929,native_15m_trade_close_plus_real_settlements,-6.404343019395071,-26.40434301939507,-66.40434301939507
PRICE_FUNDING_15M_GLOBAL_WINDOW,15m-0002137,binance/okx,20,2026-06-23 11:15:00+00:00,2026-06-23 11:30:00+00:00,okx,binance,4.60059789018791,0.0,0,0,4.60059789018791,native_15m_trade_close_plus_real_settlements,-15.39940210981209,-35.39940210981209,-75.39940210981209
PRICE_FUNDING_15M_GLOBAL_WINDOW,15m-0002138,binance/okx,20,2026-06-23 12:00:00+00:00,2026-06-23 13:15:00+00:00,okx,binance,23.86910913147822,0.0,0,0,23.86910913147822,native_15m_trade_close_plus_real_settlements,3.8691091314782184,-16.13089086852178,-56.13089086852178
PRICE_FUNDING_15M_GLOBAL_WINDOW,15m-0002139,binance/okx,20,2026-06-23 14:00:00+00:00,2026-06-23 16:30:00+00:00,okx,binance,35.99977198418532,-8.086687507137,1,1,27.913084477048322,native_15m_trade_close_plus_real_settlements,7.913084477048322,-12.086915522951678,-52.08691552295168
PRICE_FUNDING_15M_GLOBAL_WINDOW,15m-0002140,binance/okx,20,2026-06-23 19:30:00+00:00,2026-06-23 19:45:00+00:00,okx,binance,15.509101011142553,0.0,0,0,15.509101011142553,native_15m_trade_close_plus_real_settlements,-4.490898988857447,-24.490898988857445,-64.49089898885745
PRICE_FUNDING_15M_GLOBAL_WINDOW,15m-0002141,binance/okx,20,2026-06-23 22:30:00+00:00,2026-06-23 22:45:00+00:00,okx,binance,1.5406153521539565,0.0,0,0,1.5406153521539565,native_15m_trade_close_plus_real_settlements,-18.459384647846043,-38.45938464784604,-78.45938464784604
PRICE_FUNDING_15M_GLOBAL_WINDOW,15m-0002142,binance/okx,20,2026-06-23 23:00:00+00:00,2026-06-23 23:45:00+00:00,okx,binance,11.186998661257771,0.0,0,0,11.186998661257771,native_15m_trade_close_plus_real_settlements,-8.813001338742229,-28.81300133874223,-68.81300133874223
PRICE_FUNDING_15M_GLOBAL_WINDOW,15m-0002143,binance/okx,20,2026-06-24 02:30:00+00:00,2026-06-24 02:45:00+00:00,okx,binance,13.588330744445361,0.0,0,0,13.588330744445361,native_15m_trade_close_plus_real_settlements,-6.411669255554639,-26.41166925555464,-66.41166925555464
PRICE_FUNDING_15M_GLOBAL_WINDOW,15m-0002144,binance/okx,20,2026-06-24 08:00:00+00:00,2026-06-24 08:15:00+00:00,okx,binance,3.153492747154143,24.3107,0,1,27.464192747154144,native_15m_trade_close_plus_real_settlements,7.464192747154144,-12.535807252845856,-52.535807252845856
PRICE_FUNDING_15M_GLOBAL_WINDOW,15m-0002145,binance/okx,20,2026-06-24 09:00:00+00:00,2026-06-24 09:15:00+00:00,okx,binance,6.354258647373136,0.0,0,0,6.354258647373136,native_15m_trade_close_plus_real_settlements,-13.645741352626864,-33.645741352626864,-73.64574135262686
PRICE_FUNDING_15M_GLOBAL_WINDOW,15m-0002146,binance/okx,20,2026-06-24 09:30:00+00:00,2026-06-24 13:00:00+00:00,okx,binance,14.66828286255869,0.0,0,0,14.66828286255869,native_15m_trade_close_plus_real_settlements,-5.331717137441309,-25.33171713744131,-65.3317171374413
PRICE_FUNDING_15M_GLOBAL_WINDOW,15m-0002147,binance/okx,20,2026-06-24 13:30:00+00:00,2026-06-24 14:00:00+00:00,okx,binance,15.25483626165412,0.0,0,0,15.25483626165412,native_15m_trade_close_plus_real_settlements,-4.74516373834588,-24.74516373834588,-64.74516373834588
PRICE_FUNDING_15M_GLOBAL_WINDOW,15m-0002148,binance/okx,20,2026-06-24 14:30:00+00:00,2026-06-24 14:45:00+00:00,okx,binance,3.7849903654019847,0.0,0,0,3.7849903654019847,native_15m_trade_close_plus_real_settlements,-16.215009634598015,-36.21500963459802,-76.21500963459802
PRICE_FUNDING_15M_GLOBAL_WINDOW,15m-0002149,binance/okx,20,2026-06-24 15:00:00+00:00,2026-06-24 18:15:00+00:00,okx,binance,12.60685278785418,-4.928200823020999,1,1,7.678651964833181,native_15m_trade_close_plus_real_settlements,-12.32134803516682,-32.32134803516682,-72.32134803516682
PRICE_FUNDING_15M_GLOBAL_WINDOW,15m-0002150,binance/okx,20,2026-06-24 18:30:00+00:00,2026-06-24 20:45:00+00:00,okx,binance,39.71711237920533,0.0,0,0,39.71711237920533,native_15m_trade_close_plus_real_settlements,19.717112379205332,-0.2828876207946678,-40.28288762079467
PRICE_FUNDING_15M_GLOBAL_WINDOW,15m-0002151,binance/okx,20,2026-06-24 21:00:00+00:00,2026-06-24 21:30:00+00:00,okx,binance,19.41665240362844,0.0,0,0,19.41665240362844,native_15m_trade_close_plus_real_settlements,-0.58334759637156,-20.58334759637156,-60.58334759637156
PRICE_FUNDING_15M_GLOBAL_WINDOW,15m-0002152,binance/okx,20,2026-06-24 22:30:00+00:00,2026-06-24 22:45:00+00:00,okx,binance,9.977480598857202,0.0,0,0,9.977480598857202,native_15m_trade_close_plus_real_settlements,-10.022519401142798,-30.022519401142798,-70.0225194011428
PRICE_FUNDING_15M_GLOBAL_WINDOW,15m-0002153,binance/okx,20,2026-06-25 00:15:00+00:00,2026-06-25 00:45:00+00:00,okx,binance,8.668254012683013,0.0,0,0,8.668254012683013,native_15m_trade_close_plus_real_settlements,-11.331745987316987,-31.331745987316985,-71.33174598731699
PRICE_FUNDING_15M_GLOBAL_WINDOW,15m-0002154,binance/okx,20,2026-06-25 05:15:00+00:00,2026-06-25 05:30:00+00:00,binance,okx,7.235687740764654,0.0,0,0,7.235687740764654,native_15m_trade_close_plus_real_settlements,-12.764312259235346,-32.764312259235346,-72.76431225923534
PRICE_FUNDING_15M_GLOBAL_WINDOW,15m-0002155,binance/okx,20,2026-06-25 13:30:00+00:00,2026-06-25 13:45:00+00:00,okx,binance,6.086803548047758,0.0,0,0,6.086803548047758,native_15m_trade_close_plus_real_settlements,-13.913196451952242,-33.913196451952246,-73.91319645195225
PRICE_FUNDING_15M_GLOBAL_WINDOW,15m-0002156,binance/okx,20,2026-06-25 16:15:00+00:00,2026-06-25 16:30:00+00:00,okx,binance,11.258772497056375,0.0,0,0,11.258772497056375,native_15m_trade_close_plus_real_settlements,-8.741227502943625,-28.741227502943623,-68.74122750294363
PRICE_FUNDING_15M_GLOBAL_WINDOW,15m-0002157,binance/okx,20,2026-06-25 22:30:00+00:00,2026-06-25 22:45:00+00:00,binance,okx,9.33793209332822,0.0,0,0,9.33793209332822,native_15m_trade_close_plus_real_settlements,-10.66206790667178,-30.66206790667178,-70.66206790667178
PRICE_FUNDING_15M_GLOBAL_WINDOW,15m-0002158,binance/okx,20,2026-06-26 03:00:00+00:00,2026-06-26 03:15:00+00:00,binance,okx,1.9308883974441322,0.0,0,0,1.9308883974441322,native_15m_trade_close_plus_real_settlements,-18.069111602555868,-38.069111602555864,-78.06911160255586
PRICE_FUNDING_15M_GLOBAL_WINDOW,15m-0002159,binance/okx,20,2026-06-26 03:45:00+00:00,2026-06-26 04:00:00+00:00,binance,okx,10.683135237747354,0.0,0,0,10.683135237747354,native_15m_trade_close_plus_real_settlements,-9.316864762252646,-29.316864762252646,-69.31686476225265
PRICE_FUNDING_15M_GLOBAL_WINDOW,15m-0002160,binance/okx,20,2026-06-26 04:30:00+00:00,2026-06-26 05:00:00+00:00,binance,okx,10.675595532277505,0.0,0,0,10.675595532277505,native_15m_trade_close_plus_real_settlements,-9.324404467722495,-29.324404467722495,-69.3244044677225
PRICE_FUNDING_15M_GLOBAL_WINDOW,15m-0002161,binance/okx,20,2026-06-26 06:00:00+00:00,2026-06-26 06:15:00+00:00,binance,okx,14.917110623125215,0.0,0,0,14.917110623125215,native_15m_trade_close_plus_real_settlements,-5.082889376874785,-25.082889376874785,-65.08288937687479
PRICE_FUNDING_15M_GLOBAL_WINDOW,15m-0002162,binance/okx,20,2026-06-29 00:00:00+00:00,2026-06-29 00:15:00+00:00,binance,okx,30.819582489797142,15.744299999999999,1,0,46.56388248979714,native_15m_trade_close_plus_real_settlements,26.563882489797138,6.5638824897971375,-33.43611751020286
PRICE_FUNDING_15M_GLOBAL_WINDOW,15m-0002163,binance/okx,20,2026-06-29 03:30:00+00:00,2026-06-29 03:45:00+00:00,binance,okx,9.957928203331008,0.0,0,0,9.957928203331008,native_15m_trade_close_plus_real_settlements,-10.042071796668992,-30.042071796668992,-70.04207179666899
PRICE_FUNDING_15M_GLOBAL_WINDOW,15m-0002164,binance/okx,20,2026-06-29 04:00:00+00:00,2026-06-29 04:15:00+00:00,binance,okx,14.610295683498364,0.0,0,0,14.610295683498364,native_15m_trade_close_plus_real_settlements,-5.389704316501636,-25.389704316501636,-65.38970431650164
PRICE_FUNDING_15M_GLOBAL_WINDOW,15m-0002165,binance/okx,20,2026-06-29 11:00:00+00:00,2026-06-29 11:15:00+00:00,okx,binance,5.763890015077301,0.0,0,0,5.763890015077301,native_15m_trade_close_plus_real_settlements,-14.236109984922699,-34.2361099849227,-74.2361099849227
PRICE_FUNDING_15M_GLOBAL_WINDOW,15m-0002166,binance/okx,20,2026-06-29 15:45:00+00:00,2026-06-29 16:00:00+00:00,okx,binance,8.425599749995383,-9.798645258504001,1,1,-1.3730455085086177,native_15m_trade_close_plus_real_settlements,-21.373045508508618,-41.37304550850862,-81.37304550850862
PRICE_FUNDING_15M_GLOBAL_WINDOW,15m-0002167,binance/okx,20,2026-06-29 23:45:00+00:00,2026-06-30 00:00:00+00:00,okx,binance,19.732851334223074,-12.191168097959999,1,1,7.541683236263076,native_15m_trade_close_plus_real_settlements,-12.458316763736924,-32.458316763736924,-72.45831676373692
PRICE_FUNDING_15M_GLOBAL_WINDOW,15m-0002168,binance/okx,20,2026-06-30 11:45:00+00:00,2026-06-30 12:30:00+00:00,okx,binance,9.524641200411512,0.0,0,0,9.524641200411512,native_15m_trade_close_plus_real_settlements,-10.475358799588488,-30.475358799588488,-70.47535879958849
PRICE_FUNDING_15M_GLOBAL_WINDOW,15m-0002169,binance/okx,20,2026-06-30 13:30:00+00:00,2026-06-30 15:00:00+00:00,okx,binance,8.848472976117723,0.0,0,0,8.848472976117723,native_15m_trade_close_plus_real_settlements,-11.151527023882277,-31.151527023882277,-71.15152702388228
PRICE_FUNDING_15M_GLOBAL_WINDOW,15m-0002170,binance/okx,20,2026-07-01 06:30:00+00:00,2026-07-01 06:45:00+00:00,binance,okx,12.130154890636941,0.0,0,0,12.130154890636941,native_15m_trade_close_plus_real_settlements,-7.869845109363059,-27.86984510936306,-67.86984510936306
PRICE_FUNDING_15M_GLOBAL_WINDOW,15m-0002171,binance/okx,20,2026-07-01 19:00:00+00:00,2026-07-01 19:15:00+00:00,okx,binance,3.7296754547774746,0.0,0,0,3.7296754547774746,native_15m_trade_close_plus_real_settlements,-16.270324545222525,-36.27032454522252,-76.27032454522252
PRICE_FUNDING_15M_GLOBAL_WINDOW,15m-0002172,binance/okx,20,2026-07-01 23:00:00+00:00,2026-07-02 00:15:00+00:00,okx,binance,17.704329560613356,-16.916,1,1,0.7883295606133558,native_15m_trade_close_plus_real_settlements,-19.211670439386644,-39.211670439386644,-79.21167043938664
PRICE_FUNDING_15M_GLOBAL_WINDOW,15m-0002173,binance/okx,20,2026-07-02 06:00:00+00:00,2026-07-02 06:15:00+00:00,binance,okx,19.79418038346931,0.0,0,0,19.79418038346931,native_15m_trade_close_plus_real_settlements,-0.2058196165306896,-20.20581961653069,-60.20581961653069
PRICE_FUNDING_15M_GLOBAL_WINDOW,15m-0002174,binance/okx,20,2026-07-02 07:45:00+00:00,2026-07-02 08:00:00+00:00,okx,binance,28.48836795016802,-12.599933823821,1,1,15.888434126347018,native_15m_trade_close_plus_real_settlements,-4.111565873652982,-24.11156587365298,-64.11156587365298
PRICE_FUNDING_15M_GLOBAL_WINDOW,15m-0002175,binance/okx,20,2026-07-02 08:30:00+00:00,2026-07-02 09:15:00+00:00,okx,binance,6.238180541098348,0.0,0,0,6.238180541098348,native_15m_trade_close_plus_real_settlements,-13.761819458901652,-33.761819458901655,-73.76181945890166
PRICE_FUNDING_15M_GLOBAL_WINDOW,15m-0002176,binance/okx,20,2026-07-02 09:30:00+00:00,2026-07-02 16:15:00+00:00,okx,binance,55.45289174410782,-10.844056207928,1,1,44.608835536179825,native_15m_trade_close_plus_real_settlements,24.608835536179825,4.608835536179825,-35.391164463820175
PRICE_FUNDING_15M_GLOBAL_WINDOW,15m-0002177,binance/okx,20,2026-07-02 17:00:00+00:00,2026-07-02 21:30:00+00:00,okx,binance,38.45883251823659,0.0,0,0,38.45883251823659,native_15m_trade_close_plus_real_settlements,18.45883251823659,-1.5411674817634093,-41.54116748176341
PRICE_FUNDING_15M_GLOBAL_WINDOW,15m-0002178,binance/okx,20,2026-07-02 21:45:00+00:00,2026-07-02 22:45:00+00:00,okx,binance,14.517795809880582,0.0,0,0,14.517795809880582,native_15m_trade_close_plus_real_settlements,-5.482204190119418,-25.48220419011942,-65.48220419011942
PRICE_FUNDING_15M_GLOBAL_WINDOW,15m-0002179,binance/okx,20,2026-07-02 23:00:00+00:00,2026-07-03 00:30:00+00:00,okx,binance,19.334961618222575,-9.46224768444,1,1,9.872713933782576,native_15m_trade_close_plus_real_settlements,-10.127286066217424,-30.127286066217422,-70.12728606621742
PRICE_FUNDING_15M_GLOBAL_WINDOW,15m-0002180,binance/okx,20,2026-07-03 01:30:00+00:00,2026-07-03 02:00:00+00:00,okx,binance,15.469335040782713,0.0,0,0,15.469335040782713,native_15m_trade_close_plus_real_settlements,-4.530664959217287,-24.530664959217287,-64.53066495921729
PRICE_FUNDING_15M_GLOBAL_WINDOW,15m-0002181,binance/okx,20,2026-07-03 04:30:00+00:00,2026-07-03 05:30:00+00:00,okx,binance,22.12609274473607,0.0,0,0,22.12609274473607,native_15m_trade_close_plus_real_settlements,2.12609274473607,-17.87390725526393,-57.87390725526393
PRICE_FUNDING_15M_GLOBAL_WINDOW,15m-0002182,binance/okx,20,2026-07-03 05:45:00+00:00,2026-07-03 06:00:00+00:00,okx,binance,3.441375983590408,0.0,0,0,3.441375983590408,native_15m_trade_close_plus_real_settlements,-16.558624016409592,-36.558624016409595,-76.5586240164096
PRICE_FUNDING_15M_GLOBAL_WINDOW,15m-0002183,binance/okx,20,2026-07-03 21:00:00+00:00,2026-07-03 21:15:00+00:00,okx,binance,2.399615631518312,0.0,0,0,2.399615631518312,native_15m_trade_close_plus_real_settlements,-17.600384368481688,-37.600384368481684,-77.60038436848168
PRICE_FUNDING_15M_GLOBAL_WINDOW,15m-0002184,binance/okx,20,2026-07-03 22:15:00+00:00,2026-07-03 22:45:00+00:00,okx,binance,3.1867348717371584,0.0,0,0,3.1867348717371584,native_15m_trade_close_plus_real_settlements,-16.81326512826284,-36.81326512826284,-76.81326512826284
PRICE_FUNDING_15M_GLOBAL_WINDOW,15m-0002185,binance/okx,20,2026-07-03 23:15:00+00:00,2026-07-04 00:00:00+00:00,okx,binance,8.18746212442462,-3.941953282703,1,1,4.24550884172162,native_15m_trade_close_plus_real_settlements,-15.75449115827838,-35.754491158278384,-75.75449115827838
PRICE_FUNDING_15M_GLOBAL_WINDOW,15m-0002186,binance/okx,20,2026-07-04 03:30:00+00:00,2026-07-04 04:00:00+00:00,okx,binance,5.2918188780508135,0.0,0,0,5.2918188780508135,native_15m_trade_close_plus_real_settlements,-14.708181121949186,-34.70818112194919,-74.70818112194918
PRICE_FUNDING_15M_GLOBAL_WINDOW,15m-0002187,binance/okx,20,2026-07-05 03:00:00+00:00,2026-07-05 03:15:00+00:00,okx,binance,1.042011734697553,0.0,0,0,1.042011734697553,native_15m_trade_close_plus_real_settlements,-18.957988265302447,-38.95798826530245,-78.95798826530245
PRICE_FUNDING_15M_GLOBAL_WINDOW,15m-0002188,binance/okx,20,2026-07-05 04:15:00+00:00,2026-07-05 04:45:00+00:00,okx,binance,5.443274589108498,0.0,0,0,5.443274589108498,native_15m_trade_close_plus_real_settlements,-14.556725410891502,-34.5567254108915,-74.5567254108915
PRICE_FUNDING_15M_GLOBAL_WINDOW,15m-0002189,binance/okx,20,2026-07-05 05:15:00+00:00,2026-07-05 05:45:00+00:00,okx,binance,5.5003430980424355,0.0,0,0,5.5003430980424355,native_15m_trade_close_plus_real_settlements,-14.499656901957565,-34.499656901957565,-74.49965690195756
PRICE_FUNDING_15M_GLOBAL_WINDOW,15m-0002190,binance/okx,20,2026-07-05 06:00:00+00:00,2026-07-05 06:30:00+00:00,okx,binance,5.154601341549396,0.0,0,0,5.154601341549396,native_15m_trade_close_plus_real_settlements,-14.845398658450604,-34.845398658450605,-74.8453986584506
PRICE_FUNDING_15M_GLOBAL_WINDOW,15m-0002191,binance/okx,20,2026-07-05 14:30:00+00:00,2026-07-05 15:00:00+00:00,okx,binance,2.7583730293617563,0.0,0,0,2.7583730293617563,native_15m_trade_close_plus_real_settlements,-17.241626970638244,-37.241626970638244,-77.24162697063824
PRICE_FUNDING_15M_GLOBAL_WINDOW,15m-0002192,binance/okx,20,2026-07-05 15:15:00+00:00,2026-07-05 16:00:00+00:00,okx,binance,7.813152919855241,-2.156351084858,1,1,5.656801834997241,native_15m_trade_close_plus_real_settlements,-14.34319816500276,-34.34319816500276,-74.34319816500276
PRICE_FUNDING_15M_GLOBAL_WINDOW,15m-0002193,binance/okx,20,2026-07-06 14:00:00+00:00,2026-07-06 14:15:00+00:00,okx,binance,9.690979091703575,0.0,0,0,9.690979091703575,native_15m_trade_close_plus_real_settlements,-10.309020908296425,-30.309020908296425,-70.30902090829642
PRICE_FUNDING_15M_GLOBAL_WINDOW,15m-0002194,binance/okx,20,2026-07-06 23:00:00+00:00,2026-07-07 00:00:00+00:00,okx,binance,20.422249466434064,-18.7311,1,1,1.6911494664340623,native_15m_trade_close_plus_real_settlements,-18.308850533565938,-38.30885053356594,-78.30885053356593
PRICE_FUNDING_15M_GLOBAL_WINDOW,15m-0002195,binance/okx,20,2026-07-07 07:00:00+00:00,2026-07-07 07:45:00+00:00,binance,okx,10.053898065127196,0.0,0,0,10.053898065127196,native_15m_trade_close_plus_real_settlements,-9.946101934872804,-29.946101934872804,-69.9461019348728
PRICE_FUNDING_15M_GLOBAL_WINDOW,15m-0002196,binance/okx,20,2026-07-07 11:15:00+00:00,2026-07-07 13:15:00+00:00,okx,binance,10.280607002504581,0.0,0,0,10.280607002504581,native_15m_trade_close_plus_real_settlements,-9.719392997495419,-29.71939299749542,-69.71939299749542
PRICE_FUNDING_15M_GLOBAL_WINDOW,15m-0002197,binance/okx,20,2026-07-07 14:15:00+00:00,2026-07-07 15:30:00+00:00,okx,binance,12.43476863265169,0.0,0,0,12.43476863265169,native_15m_trade_close_plus_real_settlements,-7.565231367348311,-27.56523136734831,-67.5652313673483
PRICE_FUNDING_15M_GLOBAL_WINDOW,15m-0002198,binance/okx,20,2026-07-07 15:45:00+00:00,2026-07-07 16:00:00+00:00,okx,binance,7.70101926081457,-8.7944,1,1,-1.093380739185429,native_15m_trade_close_plus_real_settlements,-21.093380739185427,-41.09338073918543,-81.09338073918543
PRICE_FUNDING_15M_GLOBAL_WINDOW,15m-0002199,binance/okx,20,2026-07-07 17:15:00+00:00,2026-07-07 19:45:00+00:00,okx,binance,17.777421563667314,0.0,0,0,17.777421563667314,native_15m_trade_close_plus_real_settlements,-2.222578436332686,-22.222578436332686,-62.22257843633268
PRICE_FUNDING_15M_GLOBAL_WINDOW,15m-0002200,binance/okx,20,2026-07-07 20:00:00+00:00,2026-07-07 22:30:00+00:00,okx,binance,24.544059976628283,0.0,0,0,24.544059976628283,native_15m_trade_close_plus_real_settlements,4.544059976628283,-15.455940023371717,-55.45594002337172
PRICE_FUNDING_15M_GLOBAL_WINDOW,15m-0002201,binance/okx,20,2026-07-07 23:30:00+00:00,2026-07-07 23:45:00+00:00,okx,binance,14.2299634382475,0.0,0,0,14.2299634382475,native_15m_trade_close_plus_real_settlements,-5.7700365617525,-25.770036561752498,-65.7700365617525
PRICE_FUNDING_15M_GLOBAL_WINDOW,15m-0002202,binance/okx,20,2026-07-08 00:30:00+00:00,2026-07-08 00:45:00+00:00,okx,binance,7.916316216447905,0.0,0,0,7.916316216447905,native_15m_trade_close_plus_real_settlements,-12.083683783552095,-32.0836837835521,-72.08368378355209
PRICE_FUNDING_15M_GLOBAL_WINDOW,15m-0002203,binance/okx,20,2026-07-08 01:00:00+00:00,2026-07-08 01:15:00+00:00,okx,binance,13.377941224716892,0.0,0,0,13.377941224716892,native_15m_trade_close_plus_real_settlements,-6.622058775283108,-26.622058775283108,-66.62205877528311
PRICE_FUNDING_15M_GLOBAL_WINDOW,15m-0002204,binance/okx,20,2026-07-08 08:45:00+00:00,2026-07-08 14:00:00+00:00,okx,binance,23.846089064291935,0.0,0,0,23.846089064291935,native_15m_trade_close_plus_real_settlements,3.8460890642919345,-16.153910935708065,-56.15391093570807
PRICE_FUNDING_15M_GLOBAL_WINDOW,15m-0002205,binance/okx,20,2026-07-09 01:30:00+00:00,2026-07-09 01:45:00+00:00,okx,binance,20.122364232029568,0.0,0,0,20.122364232029568,native_15m_trade_close_plus_real_settlements,0.12236423202956814,-19.877635767970432,-59.87763576797043
PRICE_FUNDING_15M_GLOBAL_WINDOW,15m-0002206,binance/okx,20,2026-07-09 11:30:00+00:00,2026-07-09 12:00:00+00:00,okx,binance,9.306028635492462,0.0,0,0,9.306028635492462,native_15m_trade_close_plus_real_settlements,-10.693971364507538,-30.69397136450754,-70.69397136450753
PRICE_FUNDING_15M_GLOBAL_WINDOW,15m-0002207,binance/okx,20,2026-07-09 13:15:00+00:00,2026-07-09 13:45:00+00:00,okx,binance,6.936453666914925,0.0,0,0,6.936453666914925,native_15m_trade_close_plus_real_settlements,-13.063546333085075,-33.06354633308507,-73.06354633308507
PRICE_FUNDING_15M_GLOBAL_WINDOW,15m-0002208,binance/okx,20,2026-07-09 14:30:00+00:00,2026-07-09 15:00:00+00:00,okx,binance,5.408372803544069,0.0,0,0,5.408372803544069,native_15m_trade_close_plus_real_settlements,-14.591627196455931,-34.59162719645593,-74.59162719645593
PRICE_FUNDING_15M_GLOBAL_WINDOW,15m-0002209,binance/okx,20,2026-07-09 23:45:00+00:00,2026-07-10 00:00:00+00:00,okx,binance,18.89656692789527,-10.868123110623,1,1,8.028443817272272,native_15m_trade_close_plus_real_settlements,-11.971556182727728,-31.971556182727728,-71.97155618272772
PRICE_FUNDING_15M_GLOBAL_WINDOW,15m-0002210,binance/okx,20,2026-07-10 11:15:00+00:00,2026-07-10 14:15:00+00:00,okx,binance,17.840491830378397,0.0,0,0,17.840491830378397,native_15m_trade_close_plus_real_settlements,-2.1595081696216027,-22.159508169621603,-62.1595081696216
PRICE_FUNDING_15M_GLOBAL_WINDOW,15m-0002211,binance/okx,20,2026-07-10 15:30:00+00:00,2026-07-10 16:15:00+00:00,okx,binance,28.101524040266966,-16.407940741556,1,1,11.693583298710966,native_15m_trade_close_plus_real_settlements,-8.306416701289034,-28.306416701289034,-68.30641670128904
PRICE_FUNDING_15M_GLOBAL_WINDOW,15m-0002212,binance/okx,20,2026-07-10 18:15:00+00:00,2026-07-10 18:30:00+00:00,okx,binance,5.044534236637094,0.0,0,0,5.044534236637094,native_15m_trade_close_plus_real_settlements,-14.955465763362906,-34.95546576336291,-74.95546576336291
PRICE_FUNDING_15M_GLOBAL_WINDOW,15m-0002213,binance/okx,20,2026-07-10 19:45:00+00:00,2026-07-10 20:15:00+00:00,okx,binance,2.4530896857758684,0.0,0,0,2.4530896857758684,native_15m_trade_close_plus_real_settlements,-17.54691031422413,-37.546910314224135,-77.54691031422414
PRICE_FUNDING_15M_GLOBAL_WINDOW,15m-0002214,binance/okx,20,2026-07-10 22:30:00+00:00,2026-07-10 22:45:00+00:00,okx,binance,3.9335459448696213,0.0,0,0,3.9335459448696213,native_15m_trade_close_plus_real_settlements,-16.06645405513038,-36.06645405513038,-76.06645405513038
PRICE_FUNDING_15M_GLOBAL_WINDOW,15m-0002215,binance/okx,20,2026-07-12 06:00:00+00:00,2026-07-12 08:00:00+00:00,okx,binance,4.481423878544472,-3.451988894361,1,1,1.0294349841834722,native_15m_trade_close_plus_real_settlements,-18.97056501581653,-38.970565015816526,-78.97056501581653
PRICE_FUNDING_15M_GLOBAL_WINDOW,15m-0002216,binance/okx,20,2026-07-12 08:15:00+00:00,2026-07-12 08:30:00+00:00,okx,binance,1.7052604115553116,0.0,0,0,1.7052604115553116,native_15m_trade_close_plus_real_settlements,-18.29473958844469,-38.294739588444685,-78.29473958844468
PRICE_FUNDING_15M_GLOBAL_WINDOW,15m-0002217,binance/okx,20,2026-07-12 09:00:00+00:00,2026-07-12 09:15:00+00:00,okx,binance,2.69150774690036,0.0,0,0,2.69150774690036,native_15m_trade_close_plus_real_settlements,-17.30849225309964,-37.308492253099644,-77.30849225309964
PRICE_FUNDING_15M_GLOBAL_WINDOW,15m-0002218,binance/okx,20,2026-07-12 23:15:00+00:00,2026-07-13 00:00:00+00:00,okx,binance,19.512091555991013,-29.174240660213,1,1,-9.662149104221989,native_15m_trade_close_plus_real_settlements,-29.66214910422199,-49.66214910422199,-89.66214910422198
PRICE_FUNDING_15M_GLOBAL_WINDOW,15m-0002219,binance/okx,20,2026-07-13 01:00:00+00:00,2026-07-13 01:15:00+00:00,okx,binance,4.493736529677456,0.0,0,0,4.493736529677456,native_15m_trade_close_plus_real_settlements,-15.506263470322544,-35.506263470322544,-75.50626347032255
PRICE_FUNDING_15M_GLOBAL_WINDOW,15m-0002220,binance/okx,20,2026-07-13 03:15:00+00:00,2026-07-13 03:30:00+00:00,okx,binance,6.991460832848105,0.0,0,0,6.991460832848105,native_15m_trade_close_plus_real_settlements,-13.008539167151895,-33.008539167151895,-73.0085391671519
PRICE_FUNDING_15M_GLOBAL_WINDOW,15m-0002221,binance/okx,20,2026-07-13 03:45:00+00:00,2026-07-14 07:30:00+00:00,okx,binance,209.0298901951901,-158.03581404222797,6,3,50.99407615296212,native_15m_trade_close_plus_real_settlements,30.994076152962123,10.994076152962123,-29.005923847037877
PRICE_FUNDING_15M_GLOBAL_WINDOW,15m-0002222,binance/okx,20,2026-07-14 08:00:00+00:00,2026-07-14 23:30:00+00:00,okx,binance,88.90494172500506,74.89272554100302,2,3,163.7976672660081,native_15m_trade_close_plus_real_settlements,143.7976672660081,123.79766726600809,83.79766726600809
PRICE_FUNDING_15M_GLOBAL_WINDOW,15m-0002223,binance/okx,20,2026-07-15 00:00:00+00:00,2026-07-15 00:30:00+00:00,okx,binance,11.527562335122692,17.1193,0,1,28.64686233512269,native_15m_trade_close_plus_real_settlements,8.646862335122691,-11.353137664877309,-51.35313766487731
PRICE_FUNDING_15M_GLOBAL_WINDOW,15m-0002224,binance/okx,20,2026-07-15 07:45:00+00:00,2026-07-15 13:00:00+00:00,okx,binance,25.954439417466812,-4.237596784808,1,2,21.71684263265881,native_15m_trade_close_plus_real_settlements,1.7168426326588104,-18.28315736734119,-58.28315736734119
PRICE_FUNDING_15M_GLOBAL_WINDOW,15m-0002225,binance/okx,20,2026-07-15 13:30:00+00:00,2026-07-15 13:45:00+00:00,okx,binance,5.6888870564474345,0.0,0,0,5.6888870564474345,native_15m_trade_close_plus_real_settlements,-14.311112943552565,-34.311112943552565,-74.31111294355256
PRICE_FUNDING_15M_GLOBAL_WINDOW,15m-0002226,binance/okx,20,2026-07-15 14:45:00+00:00,2026-07-15 17:45:00+00:00,okx,binance,17.053711419920365,4.333305782280002,1,1,21.38701720220037,native_15m_trade_close_plus_real_settlements,1.3870172022003686,-18.61298279779963,-58.61298279779963
PRICE_FUNDING_15M_GLOBAL_WINDOW,15m-0002227,binance/okx,20,2026-07-15 23:30:00+00:00,2026-07-16 00:00:00+00:00,okx,binance,18.25944345394269,-17.143107569565,1,1,1.1163358843776905,native_15m_trade_close_plus_real_settlements,-18.88366411562231,-38.88366411562231,-78.88366411562231
PRICE_FUNDING_15M_GLOBAL_WINDOW,15m-0002228,binance/okx,20,2026-07-16 05:30:00+00:00,2026-07-16 05:45:00+00:00,okx,binance,11.003023373436196,0.0,0,0,11.003023373436196,native_15m_trade_close_plus_real_settlements,-8.996976626563804,-28.996976626563804,-68.99697662656381
PRICE_FUNDING_15M_GLOBAL_WINDOW,15m-0002229,binance/okx,20,2026-07-16 06:30:00+00:00,2026-07-16 07:00:00+00:00,okx,binance,4.782871880803036,0.0,0,0,4.782871880803036,native_15m_trade_close_plus_real_settlements,-15.217128119196964,-35.217128119196964,-75.21712811919696
PRICE_FUNDING_15M_GLOBAL_WINDOW,15m-0002230,binance/okx,20,2026-07-16 07:15:00+00:00,2026-07-16 09:00:00+00:00,okx,binance,14.267955429260642,-7.071068859222,1,1,7.196886570038642,native_15m_trade_close_plus_real_settlements,-12.803113429961357,-32.80311342996136,-72.80311342996136
PRICE_FUNDING_15M_GLOBAL_WINDOW,15m-0002231,binance/okx,20,2026-07-16 10:30:00+00:00,2026-07-16 10:45:00+00:00,okx,binance,1.2508864441479126,0.0,0,0,1.2508864441479126,native_15m_trade_close_plus_real_settlements,-18.749113555852087,-38.74911355585209,-78.74911355585209
PRICE_FUNDING_15M_GLOBAL_WINDOW,15m-0002232,binance/okx,20,2026-07-16 11:15:00+00:00,2026-07-16 13:45:00+00:00,okx,binance,10.064656244600776,-0.9577,0,1,9.106956244600777,native_15m_trade_close_plus_real_settlements,-10.893043755399223,-30.893043755399223,-70.89304375539922
PRICE_FUNDING_15M_GLOBAL_WINDOW,15m-0002233,binance/okx,20,2026-07-16 14:00:00+00:00,2026-07-16 15:00:00+00:00,okx,binance,5.8124906379970405,0.0,0,0,5.8124906379970405,native_15m_trade_close_plus_real_settlements,-14.18750936200296,-34.187509362002956,-74.18750936200296
PRICE_FUNDING_15M_GLOBAL_WINDOW,15m-0002234,binance/okx,20,2026-07-16 15:15:00+00:00,2026-07-16 20:00:00+00:00,okx,binance,12.998009993551904,-10.601365074104,1,2,2.396644919447903,native_15m_trade_close_plus_real_settlements,-17.6033550805521,-37.6033550805521,-77.60335508055209
PRICE_FUNDING_15M_GLOBAL_WINDOW,15m-0002235,binance/okx,20,2026-07-16 20:15:00+00:00,2026-07-16 21:30:00+00:00,okx,binance,7.625962563654401,0.0,0,0,7.625962563654401,native_15m_trade_close_plus_real_settlements,-12.3740374363456,-32.3740374363456,-72.3740374363456
PRICE_FUNDING_15M_GLOBAL_WINDOW,15m-0002236,binance/okx,20,2026-07-16 21:45:00+00:00,2026-07-17 09:30:00+00:00,okx,binance,16.288551569065575,-9.922813667437001,2,3,6.365737901628574,native_15m_trade_close_plus_real_settlements,-13.634262098371426,-33.63426209837142,-73.63426209837142
PRICE_FUNDING_15M_GLOBAL_WINDOW,15m-0002237,binance/okx,20,2026-07-17 12:00:00+00:00,2026-07-17 14:00:00+00:00,okx,binance,6.722423782978812,4.1051,0,1,10.827523782978812,native_15m_trade_close_plus_real_settlements,-9.172476217021188,-29.172476217021188,-69.17247621702118
PRICE_FUNDING_15M_GLOBAL_WINDOW,15m-0002238,binance/okx,20,2026-07-17 14:15:00+00:00,2026-07-17 15:45:00+00:00,okx,binance,17.812468276812243,0.0,0,0,17.812468276812243,native_15m_trade_close_plus_real_settlements,-2.1875317231877567,-22.187531723187757,-62.18753172318776
PRICE_FUNDING_15M_GLOBAL_WINDOW,15m-0002239,binance/okx,20,2026-07-17 17:30:00+00:00,2026-07-17 18:00:00+00:00,okx,binance,4.735974597409442,0.0,0,0,4.735974597409442,native_15m_trade_close_plus_real_settlements,-15.264025402590558,-35.26402540259056,-75.26402540259056
PRICE_FUNDING_15M_GLOBAL_WINDOW,15m-0002240,binance/okx,20,2026-07-17 19:00:00+00:00,2026-07-17 20:15:00+00:00,okx,binance,11.878396654107402,-9.4887,0,1,2.389696654107402,native_15m_trade_close_plus_real_settlements,-17.610303345892596,-37.610303345892596,-77.6103033458926
PRICE_FUNDING_15M_GLOBAL_WINDOW,15m-0002241,binance/okx,20,2026-07-19 06:45:00+00:00,2026-07-19 07:00:00+00:00,okx,binance,5.666324030981508,0.0,0,0,5.666324030981508,native_15m_trade_close_plus_real_settlements,-14.333675969018492,-34.33367596901849,-74.33367596901849
PRICE_FUNDING_15M_GLOBAL_WINDOW,15m-0002242,binance/okx,20,2026-07-19 21:00:00+00:00,2026-07-19 21:30:00+00:00,okx,binance,1.5450821511311332,0.0,0,0,1.5450821511311332,native_15m_trade_close_plus_real_settlements,-18.454917848868867,-38.45491784886887,-78.45491784886886
PRICE_FUNDING_15M_GLOBAL_WINDOW,15m-0002243,binance/okx,20,2026-07-19 21:45:00+00:00,2026-07-19 22:00:00+00:00,okx,binance,5.198884770511436,0.0,0,0,5.198884770511436,native_15m_trade_close_plus_real_settlements,-14.801115229488564,-34.801115229488566,-74.80111522948856
PRICE_FUNDING_15M_GLOBAL_WINDOW,15m-0002244,binance/okx,20,2026-07-19 22:15:00+00:00,2026-07-20 00:45:00+00:00,okx,binance,19.473924539178963,-14.154222466155002,1,1,5.3197020730239615,native_15m_trade_close_plus_real_settlements,-14.680297926976039,-34.68029792697604,-74.68029792697604
PRICE_FUNDING_15M_GLOBAL_WINDOW,15m-0002245,binance/okx,20,2026-07-20 01:45:00+00:00,2026-07-20 02:00:00+00:00,okx,binance,2.542262068607034,0.0,0,0,2.542262068607034,native_15m_trade_close_plus_real_settlements,-17.457737931392966,-37.45773793139297,-77.45773793139297
PRICE_FUNDING_15M_GLOBAL_WINDOW,15m-0002246,binance/okx,20,2026-07-22 14:30:00+00:00,2026-07-22 15:00:00+00:00,okx,binance,3.2676396965087875,0.0,0,0,3.2676396965087875,native_15m_trade_close_plus_real_settlements,-16.732360303491213,-36.73236030349121,-76.73236030349122
PRICE_FUNDING_15M_GLOBAL_WINDOW,15m-0002247,binance/okx,20,2026-07-22 15:30:00+00:00,2026-07-22 16:00:00+00:00,okx,binance,9.679367137686995,-6.350647287859999,1,1,3.328719849826996,native_15m_trade_close_plus_real_settlements,-16.671280150173004,-36.671280150173004,-76.671280150173
PRICE_FUNDING_15M_GLOBAL_WINDOW,15m-0002248,binance/okx,20,2026-07-22 21:30:00+00:00,2026-07-22 21:45:00+00:00,okx,binance,1.318366569621805,0.0,0,0,1.318366569621805,native_15m_trade_close_plus_real_settlements,-18.681633430378195,-38.6816334303782,-78.6816334303782
PRICE_FUNDING_15M_GLOBAL_WINDOW,15m-0002466,binance/okx,50,2026-06-10 13:15:00+00:00,2026-06-10 14:00:00+00:00,okx,binance,23.759728571887187,0.0,0,0,23.759728571887187,native_15m_trade_close_plus_real_settlements,3.7597285718871873,-16.240271428112813,-56.24027142811281
PRICE_FUNDING_15M_GLOBAL_WINDOW,15m-0002467,binance/okx,50,2026-06-10 15:45:00+00:00,2026-06-10 16:00:00+00:00,okx,binance,31.98294419773327,-17.568687673407002,1,1,14.41425652432627,native_15m_trade_close_plus_real_settlements,-5.5857434756737305,-25.58574347567373,-65.58574347567372
PRICE_FUNDING_15M_GLOBAL_WINDOW,15m-0002468,binance/okx,50,2026-06-10 23:45:00+00:00,2026-06-11 00:00:00+00:00,okx,binance,52.72768164076012,-23.0722,1,1,29.65548164076012,native_15m_trade_close_plus_real_settlements,9.655481640760119,-10.344518359239881,-50.344518359239885
PRICE_FUNDING_15M_GLOBAL_WINDOW,15m-0002469,binance/okx,50,2026-06-16 11:15:00+00:00,2026-06-16 11:30:00+00:00,okx,binance,11.657782316038244,0.0,0,0,11.657782316038244,native_15m_trade_close_plus_real_settlements,-8.342217683961756,-28.342217683961756,-68.34221768396176
PRICE_FUNDING_15M_GLOBAL_WINDOW,15m-0002470,binance/okx,50,2026-06-16 12:00:00+00:00,2026-06-16 13:30:00+00:00,okx,binance,7.955739231000734,0.0,0,0,7.955739231000734,native_15m_trade_close_plus_real_settlements,-12.044260768999266,-32.044260768999266,-72.04426076899927
PRICE_FUNDING_15M_GLOBAL_WINDOW,15m-0002471,binance/okx,50,2026-06-16 14:30:00+00:00,2026-06-16 14:45:00+00:00,okx,binance,8.843357305653278,0.0,0,0,8.843357305653278,native_15m_trade_close_plus_real_settlements,-11.156642694346722,-31.156642694346722,-71.15664269434671
PRICE_FUNDING_15M_GLOBAL_WINDOW,15m-0002472,binance/okx,50,2026-06-16 15:15:00+00:00,2026-06-16 15:30:00+00:00,okx,binance,21.926054004447177,0.0,0,0,21.926054004447177,native_15m_trade_close_plus_real_settlements,1.9260540044471774,-18.073945995552823,-58.07394599555282
PRICE_FUNDING_15M_GLOBAL_WINDOW,15m-0002473,binance/okx,50,2026-06-21 23:30:00+00:00,2026-06-21 23:45:00+00:00,okx,binance,11.793958320561863,0.0,0,0,11.793958320561863,native_15m_trade_close_plus_real_settlements,-8.206041679438137,-28.206041679438137,-68.20604167943813
PRICE_FUNDING_15M_GLOBAL_WINDOW,15m-0002474,binance/okx,50,2026-06-23 14:30:00+00:00,2026-06-23 14:45:00+00:00,okx,binance,24.132822928838564,0.0,0,0,24.132822928838564,native_15m_trade_close_plus_real_settlements,4.132822928838564,-15.867177071161436,-55.867177071161436
PRICE_FUNDING_15M_GLOBAL_WINDOW,15m-0002475,binance/okx,50,2026-06-24 20:00:00+00:00,2026-06-24 20:15:00+00:00,okx,binance,21.511416979342442,0.0,0,0,21.511416979342442,native_15m_trade_close_plus_real_settlements,1.5114169793424423,-18.488583020657558,-58.48858302065756
PRICE_FUNDING_15M_GLOBAL_WINDOW,15m-0002476,binance/okx,50,2026-07-02 12:15:00+00:00,2026-07-02 13:45:00+00:00,okx,binance,24.324351848535784,0.0,0,0,24.324351848535784,native_15m_trade_close_plus_real_settlements,4.324351848535784,-15.675648151464216,-55.675648151464216
PRICE_FUNDING_15M_GLOBAL_WINDOW,15m-0002477,binance/okx,50,2026-07-02 14:00:00+00:00,2026-07-02 14:30:00+00:00,okx,binance,15.670132015363244,0.0,0,0,15.670132015363244,native_15m_trade_close_plus_real_settlements,-4.329867984636756,-24.329867984636756,-64.32986798463676
PRICE_FUNDING_15M_GLOBAL_WINDOW,15m-0002478,binance/okx,50,2026-07-02 19:45:00+00:00,2026-07-02 20:30:00+00:00,okx,binance,12.828138385117882,0.0,0,0,12.828138385117882,native_15m_trade_close_plus_real_settlements,-7.171861614882118,-27.17186161488212,-67.17186161488212
PRICE_FUNDING_15M_GLOBAL_WINDOW,15m-0002479,binance/okx,50,2026-07-13 04:15:00+00:00,2026-07-13 04:30:00+00:00,okx,binance,6.9140232249507605,0.0,0,0,6.9140232249507605,native_15m_trade_close_plus_real_settlements,-13.08597677504924,-33.08597677504924,-73.08597677504923
PRICE_FUNDING_15M_GLOBAL_WINDOW,15m-0002480,binance/okx,50,2026-07-13 05:00:00+00:00,2026-07-13 21:00:00+00:00,okx,binance,98.822737134629,-79.47977047737697,4,2,19.34296665725202,native_15m_trade_close_plus_real_settlements,-0.6570333427479795,-20.65703334274798,-60.65703334274798
PRICE_FUNDING_15M_GLOBAL_WINDOW,15m-0002481,binance/okx,50,2026-07-13 21:15:00+00:00,2026-07-14 01:30:00+00:00,okx,binance,68.69370999039141,-27.275477782937,1,1,41.41823220745441,native_15m_trade_close_plus_real_settlements,21.41823220745441,1.418232207454409,-38.58176779254559
PRICE_FUNDING_15M_GLOBAL_WINDOW,15m-0002482,binance/okx,50,2026-07-14 01:45:00+00:00,2026-07-14 06:30:00+00:00,okx,binance,176.76660878911852,-51.280565781914,1,0,125.48604300720453,native_15m_trade_close_plus_real_settlements,105.48604300720453,85.48604300720453,45.48604300720453
PRICE_FUNDING_15M_GLOBAL_WINDOW,15m-0002483,binance/okx,50,2026-07-14 08:00:00+00:00,2026-07-14 08:15:00+00:00,okx,binance,47.751583335933084,50.0,0,1,97.75158333593308,native_15m_trade_close_plus_real_settlements,77.75158333593308,57.75158333593308,17.751583335933077
PRICE_FUNDING_15M_GLOBAL_WINDOW,15m-0002484,binance/okx,50,2026-07-14 08:30:00+00:00,2026-07-14 15:45:00+00:00,okx,binance,59.48359229660672,0.0,1,0,59.48359229660672,native_15m_trade_close_plus_real_settlements,39.48359229660672,19.483592296606723,-20.516407703393277
PRICE_FUNDING_15M_GLOBAL_WINDOW,15m-0002485,binance/okx,50,2026-07-14 16:00:00+00:00,2026-07-14 16:15:00+00:00,okx,binance,6.823960952376467,19.2162,0,1,26.040160952376468,native_15m_trade_close_plus_real_settlements,6.040160952376468,-13.959839047623532,-53.95983904762353
PRICE_FUNDING_15M_GLOBAL_WINDOW,15m-0002486,binance/okx,50,2026-07-14 16:30:00+00:00,2026-07-14 16:45:00+00:00,okx,binance,6.559238880281782,0.0,0,0,6.559238880281782,native_15m_trade_close_plus_real_settlements,-13.440761119718218,-33.44076111971822,-73.44076111971822
PRICE_FUNDING_15M_GLOBAL_WINDOW,15m-0002487,binance/okx,50,2026-07-14 17:45:00+00:00,2026-07-14 22:15:00+00:00,okx,binance,19.56348358581856,13.353200000000001,0,1,32.91668358581856,native_15m_trade_close_plus_real_settlements,12.91668358581856,-7.083316414181439,-47.08331641418144
PRICE_FUNDING_15M_GLOBAL_WINDOW,15m-0002511,binance/okx,100,2026-07-13 07:30:00+00:00,2026-07-13 08:00:00+00:00,okx,binance,58.08394614776397,-50.0,1,1,8.083946147763967,native_15m_trade_close_plus_real_settlements,-11.916053852236033,-31.916053852236033,-71.91605385223603
PRICE_FUNDING_15M_GLOBAL_WINDOW,15m-0002512,binance/okx,100,2026-07-13 10:30:00+00:00,2026-07-13 12:00:00+00:00,okx,binance,50.525602637408184,-28.164129869379998,1,0,22.361472768028186,native_15m_trade_close_plus_real_settlements,2.361472768028186,-17.638527231971814,-57.638527231971814
PRICE_FUNDING_15M_GLOBAL_WINDOW,15m-0002513,binance/okx,100,2026-07-13 14:00:00+00:00,2026-07-13 14:15:00+00:00,okx,binance,17.935148869245694,0.0,0,0,17.935148869245694,native_15m_trade_close_plus_real_settlements,-2.064851130754306,-22.064851130754306,-62.064851130754306
PRICE_FUNDING_15M_GLOBAL_WINDOW,15m-0002514,binance/okx,100,2026-07-13 23:00:00+00:00,2026-07-14 00:00:00+00:00,okx,binance,32.85081383577905,-27.275477782937,1,1,5.575336052842051,native_15m_trade_close_plus_real_settlements,-14.42466394715795,-34.42466394715795,-74.42466394715795
PRICE_FUNDING_15M_GLOBAL_WINDOW,15m-0002515,binance/okx,100,2026-07-14 00:15:00+00:00,2026-07-14 00:30:00+00:00,okx,binance,9.894765651540325,0.0,0,0,9.894765651540325,native_15m_trade_close_plus_real_settlements,-10.105234348459675,-30.105234348459675,-70.10523434845967
PRICE_FUNDING_15M_GLOBAL_WINDOW,15m-0002516,binance/okx,100,2026-07-14 02:00:00+00:00,2026-07-14 05:15:00+00:00,okx,binance,152.14411259046386,-51.280565781914,1,0,100.86354680854987,native_15m_trade_close_plus_real_settlements,80.86354680854987,60.86354680854987,20.86354680854987
PRICE_FUNDING_15M_GLOBAL_WINDOW,15m-0002517,binance/okx,100,2026-07-14 10:15:00+00:00,2026-07-14 10:30:00+00:00,okx,binance,24.445536060191557,0.0,0,0,24.445536060191557,native_15m_trade_close_plus_real_settlements,4.445536060191557,-15.554463939808443,-55.55446393980844
PRICE_FUNDING_15M_GLOBAL_WINDOW,15m-0002525,binance/okx,150,2026-07-14 03:00:00+00:00,2026-07-14 04:00:00+00:00,okx,binance,81.45545220069036,-51.280565781914,1,0,30.17488641877636,native_15m_trade_close_plus_real_settlements,10.17488641877636,-9.82511358122364,-49.82511358122364
PRICE_FUNDING_15M_GLOBAL_WINDOW,15m-0002526,binance/okx,150,2026-07-14 04:15:00+00:00,2026-07-14 04:30:00+00:00,okx,binance,45.200373243357134,0.0,0,0,45.200373243357134,native_15m_trade_close_plus_real_settlements,25.200373243357134,5.200373243357134,-34.799626756642866
PRICE_FUNDING_15M_GLOBAL_WINDOW,15m-0002529,binance/okx,200,2026-07-14 03:15:00+00:00,2026-07-14 04:00:00+00:00,okx,binance,81.45545220069036,-51.280565781914,1,0,30.17488641877636,native_15m_trade_close_plus_real_settlements,10.17488641877636,-9.82511358122364,-49.82511358122364
PRICE_FUNDING_15M_GLOBAL_WINDOW,15m-0002533,bitget/gate,20,2026-06-10 11:15:00+00:00,2026-06-10 11:30:00+00:00,gate,bitget,22.422082530852418,0.0,0,0,22.422082530852418,native_15m_trade_close_plus_real_settlements,2.4220825308524176,-17.577917469147582,-57.57791746914758
PRICE_FUNDING_15M_GLOBAL_WINDOW,15m-0002534,bitget/gate,20,2026-06-10 12:30:00+00:00,2026-06-10 13:00:00+00:00,gate,bitget,15.893712870136,0.0,0,0,15.893712870136,native_15m_trade_close_plus_real_settlements,-4.1062871298640005,-24.106287129864,-64.106287129864
PRICE_FUNDING_15M_GLOBAL_WINDOW,15m-0002535,bitget/gate,20,2026-06-10 14:15:00+00:00,2026-06-10 15:00:00+00:00,gate,bitget,41.291265379936426,0.0,0,0,41.291265379936426,native_15m_trade_close_plus_real_settlements,21.291265379936426,1.2912653799364264,-38.708734620063574
PRICE_FUNDING_15M_GLOBAL_WINDOW,15m-0002536,bitget/gate,20,2026-06-10 16:30:00+00:00,2026-06-10 17:15:00+00:00,gate,bitget,31.87237909627467,0.0,0,0,31.87237909627467,native_15m_trade_close_plus_real_settlements,11.87237909627467,-8.12762090372533,-48.12762090372533
PRICE_FUNDING_15M_GLOBAL_WINDOW,15m-0002537,bitget/gate,20,2026-06-10 18:00:00+00:00,2026-06-10 18:30:00+00:00,gate,bitget,19.75892135334985,0.0,0,0,19.75892135334985,native_15m_trade_close_plus_real_settlements,-0.24107864665014844,-20.24107864665015,-60.24107864665015
PRICE_FUNDING_15M_GLOBAL_WINDOW,15m-0002538,bitget/gate,20,2026-06-10 18:45:00+00:00,2026-06-10 19:00:00+00:00,gate,bitget,21.01084326488122,0.0,0,0,21.01084326488122,native_15m_trade_close_plus_real_settlements,1.0108432648812204,-18.98915673511878,-58.98915673511878
PRICE_FUNDING_15M_GLOBAL_WINDOW,15m-0002539,bitget/gate,20,2026-06-10 22:30:00+00:00,2026-06-10 22:45:00+00:00,gate,bitget,13.535657974861914,0.0,0,0,13.535657974861914,native_15m_trade_close_plus_real_settlements,-6.464342025138086,-26.464342025138087,-66.46434202513808
PRICE_FUNDING_15M_GLOBAL_WINDOW,15m-0002540,bitget/gate,20,2026-06-11 00:00:00+00:00,2026-06-11 08:45:00+00:00,gate,bitget,48.494236723702144,0.3500000000000009,2,1,48.844236723702146,native_15m_trade_close_plus_real_settlements,28.844236723702146,8.844236723702146,-31.155763276297854
PRICE_FUNDING_15M_GLOBAL_WINDOW,15m-0002541,bitget/gate,20,2026-06-11 09:00:00+00:00,2026-06-11 12:00:00+00:00,gate,bitget,48.53293267306758,0.0,0,0,48.53293267306758,native_15m_trade_close_plus_real_settlements,28.532932673067577,8.532932673067577,-31.467067326932423
PRICE_FUNDING_15M_GLOBAL_WINDOW,15m-0002542,bitget/gate,20,2026-06-11 12:15:00+00:00,2026-06-11 12:30:00+00:00,gate,bitget,10.17300690980224,0.0,0,0,10.17300690980224,native_15m_trade_close_plus_real_settlements,-9.82699309019776,-29.82699309019776,-69.82699309019776
PRICE_FUNDING_15M_GLOBAL_WINDOW,15m-0002543,bitget/gate,20,2026-06-11 12:45:00+00:00,2026-06-11 23:00:00+00:00,gate,bitget,46.049879176427936,-3.44,1,1,42.60987917642794,native_15m_trade_close_plus_real_settlements,22.60987917642794,2.6098791764279383,-37.39012082357206
PRICE_FUNDING_15M_GLOBAL_WINDOW,15m-0002544,bitget/gate,20,2026-06-11 23:15:00+00:00,2026-06-11 23:30:00+00:00,gate,bitget,7.827436232412044,0.0,0,0,7.827436232412044,native_15m_trade_close_plus_real_settlements,-12.172563767587956,-32.17256376758796,-72.17256376758796
PRICE_FUNDING_15M_GLOBAL_WINDOW,15m-0002545,bitget/gate,20,2026-06-11 23:45:00+00:00,2026-06-12 01:30:00+00:00,gate,bitget,33.706796375525236,-20.61,1,1,13.096796375525237,native_15m_trade_close_plus_real_settlements,-6.903203624474763,-26.903203624474763,-66.90320362447477
PRICE_FUNDING_15M_GLOBAL_WINDOW,15m-0002546,bitget/gate,20,2026-06-12 02:15:00+00:00,2026-06-12 02:30:00+00:00,gate,bitget,17.433321155273354,0.0,0,0,17.433321155273354,native_15m_trade_close_plus_real_settlements,-2.5666788447266455,-22.566678844726646,-62.566678844726646
PRICE_FUNDING_15M_GLOBAL_WINDOW,15m-0002547,bitget/gate,20,2026-06-12 02:45:00+00:00,2026-06-12 03:15:00+00:00,gate,bitget,12.339767044853946,0.0,0,0,12.339767044853946,native_15m_trade_close_plus_real_settlements,-7.6602329551460535,-27.660232955146054,-67.66023295514606
PRICE_FUNDING_15M_GLOBAL_WINDOW,15m-0002548,bitget/gate,20,2026-06-12 05:00:00+00:00,2026-06-12 05:45:00+00:00,gate,bitget,31.371732872149373,0.0,0,0,31.371732872149373,native_15m_trade_close_plus_real_settlements,11.371732872149373,-8.628267127850627,-48.62826712785063
PRICE_FUNDING_15M_GLOBAL_WINDOW,15m-0002549,bitget/gate,20,2026-06-12 07:30:00+00:00,2026-06-12 08:45:00+00:00,gate,bitget,21.03773737430359,-1.8699999999999999,1,1,19.167737374303588,native_15m_trade_close_plus_real_settlements,-0.8322626256964121,-20.832262625696412,-60.832262625696416
PRICE_FUNDING_15M_GLOBAL_WINDOW,15m-0002550,bitget/gate,20,2026-06-12 09:30:00+00:00,2026-06-12 10:15:00+00:00,gate,bitget,25.234733362241016,0.0,0,0,25.234733362241016,native_15m_trade_close_plus_real_settlements,5.234733362241016,-14.765266637758984,-54.765266637758984
PRICE_FUNDING_15M_GLOBAL_WINDOW,15m-0002551,bitget/gate,20,2026-06-12 12:45:00+00:00,2026-06-12 13:00:00+00:00,gate,bitget,16.02598051357304,0.0,0,0,16.02598051357304,native_15m_trade_close_plus_real_settlements,-3.974019486426961,-23.97401948642696,-63.97401948642696
PRICE_FUNDING_15M_GLOBAL_WINDOW,15m-0002552,bitget/gate,20,2026-06-12 13:15:00+00:00,2026-06-12 13:30:00+00:00,gate,bitget,7.633285074938144,0.0,0,0,7.633285074938144,native_15m_trade_close_plus_real_settlements,-12.366714925061856,-32.366714925061856,-72.36671492506186
PRICE_FUNDING_15M_GLOBAL_WINDOW,15m-0002553,bitget/gate,20,2026-06-12 13:45:00+00:00,2026-06-12 14:00:00+00:00,gate,bitget,19.23359619426308,0.0,0,0,19.23359619426308,native_15m_trade_close_plus_real_settlements,-0.7664038057369211,-20.76640380573692,-60.76640380573692
PRICE_FUNDING_15M_GLOBAL_WINDOW,15m-0002554,bitget/gate,20,2026-06-12 14:30:00+00:00,2026-06-12 14:45:00+00:00,gate,bitget,17.25972850089676,0.0,0,0,17.25972850089676,native_15m_trade_close_plus_real_settlements,-2.7402714991032404,-22.74027149910324,-62.740271499103244
PRICE_FUNDING_15M_GLOBAL_WINDOW,15m-0002555,bitget/gate,20,2026-06-12 15:00:00+00:00,2026-06-12 15:30:00+00:00,gate,bitget,12.116844253111621,0.0,0,0,12.116844253111621,native_15m_trade_close_plus_real_settlements,-7.883155746888379,-27.883155746888377,-67.88315574688838
PRICE_FUNDING_15M_GLOBAL_WINDOW,15m-0002556,bitget/gate,20,2026-06-12 15:45:00+00:00,2026-06-12 16:00:00+00:00,gate,bitget,14.9793856437405,-6.85,1,1,8.1293856437405,native_15m_trade_close_plus_real_settlements,-11.8706143562595,-31.8706143562595,-71.8706143562595
PRICE_FUNDING_15M_GLOBAL_WINDOW,15m-0002557,bitget/gate,20,2026-06-12 16:15:00+00:00,2026-06-12 16:45:00+00:00,gate,bitget,3.4860134663993527,0.0,0,0,3.4860134663993527,native_15m_trade_close_plus_real_settlements,-16.513986533600647,-36.513986533600644,-76.51398653360064
PRICE_FUNDING_15M_GLOBAL_WINDOW,15m-0002558,bitget/gate,20,2026-06-12 17:00:00+00:00,2026-06-12 17:30:00+00:00,gate,bitget,34.0445597237843,0.0,0,0,34.0445597237843,native_15m_trade_close_plus_real_settlements,14.044559723784303,-5.955440276215697,-45.9554402762157
PRICE_FUNDING_15M_GLOBAL_WINDOW,15m-0002559,bitget/gate,20,2026-06-12 19:15:00+00:00,2026-06-12 19:30:00+00:00,gate,bitget,15.322162398156209,0.0,0,0,15.322162398156209,native_15m_trade_close_plus_real_settlements,-4.677837601843791,-24.67783760184379,-64.67783760184379
PRICE_FUNDING_15M_GLOBAL_WINDOW,15m-0002560,bitget/gate,20,2026-06-12 21:15:00+00:00,2026-06-12 21:30:00+00:00,gate,bitget,11.965848930213484,0.0,0,0,11.965848930213484,native_15m_trade_close_plus_real_settlements,-8.034151069786516,-28.034151069786517,-68.03415106978652
PRICE_FUNDING_15M_GLOBAL_WINDOW,15m-0002561,bitget/gate,20,2026-06-12 22:00:00+00:00,2026-06-12 22:45:00+00:00,gate,bitget,16.376123709960073,0.0,0,0,16.376123709960073,native_15m_trade_close_plus_real_settlements,-3.6238762900399273,-23.623876290039927,-63.62387629003993
PRICE_FUNDING_15M_GLOBAL_WINDOW,15m-0002562,bitget/gate,20,2026-06-12 23:00:00+00:00,2026-06-12 23:45:00+00:00,gate,bitget,7.764330135207004,0.0,0,0,7.764330135207004,native_15m_trade_close_plus_real_settlements,-12.235669864792996,-32.235669864792996,-72.235669864793
PRICE_FUNDING_15M_GLOBAL_WINDOW,15m-0002563,bitget/gate,20,2026-06-13 00:00:00+00:00,2026-06-13 00:15:00+00:00,gate,bitget,5.519451930426847,-1.0,1,0,4.519451930426847,native_15m_trade_close_plus_real_settlements,-15.480548069573153,-35.48054806957315,-75.48054806957316
PRICE_FUNDING_15M_GLOBAL_WINDOW,15m-0002564,bitget/gate,20,2026-06-13 00:30:00+00:00,2026-06-13 00:45:00+00:00,gate,bitget,11.696990823312465,0.0,0,0,11.696990823312465,native_15m_trade_close_plus_real_settlements,-8.303009176687535,-28.303009176687535,-68.30300917668754
PRICE_FUNDING_15M_GLOBAL_WINDOW,15m-0002565,bitget/gate,20,2026-06-13 01:15:00+00:00,2026-06-13 01:45:00+00:00,gate,bitget,11.980151717388601,0.0,0,0,11.980151717388601,native_15m_trade_close_plus_real_settlements,-8.019848282611399,-28.0198482826114,-68.0198482826114
PRICE_FUNDING_15M_GLOBAL_WINDOW,15m-0002566,bitget/gate,20,2026-06-13 02:00:00+00:00,2026-06-13 02:30:00+00:00,gate,bitget,5.36487044555804,0.0,0,0,5.36487044555804,native_15m_trade_close_plus_real_settlements,-14.63512955444196,-34.63512955444196,-74.63512955444196
PRICE_FUNDING_15M_GLOBAL_WINDOW,15m-0002567,bitget/gate,20,2026-06-13 02:45:00+00:00,2026-06-13 03:00:00+00:00,gate,bitget,8.463451697532772,0.0,0,0,8.463451697532772,native_15m_trade_close_plus_real_settlements,-11.536548302467228,-31.536548302467228,-71.53654830246722
PRICE_FUNDING_15M_GLOBAL_WINDOW,15m-0002568,bitget/gate,20,2026-06-13 03:15:00+00:00,2026-06-13 03:30:00+00:00,gate,bitget,12.72455360388474,0.0,0,0,12.72455360388474,native_15m_trade_close_plus_real_settlements,-7.27544639611526,-27.27544639611526,-67.27544639611526
PRICE_FUNDING_15M_GLOBAL_WINDOW,15m-0002569,bitget/gate,20,2026-06-13 04:30:00+00:00,2026-06-13 05:00:00+00:00,gate,bitget,14.11404206443774,0.0,0,0,14.11404206443774,native_15m_trade_close_plus_real_settlements,-5.88595793556226,-25.88595793556226,-65.88595793556226
PRICE_FUNDING_15M_GLOBAL_WINDOW,15m-0002570,bitget/gate,20,2026-06-13 05:45:00+00:00,2026-06-13 06:30:00+00:00,gate,bitget,6.937156590418645,0.0,0,0,6.937156590418645,native_15m_trade_close_plus_real_settlements,-13.062843409581355,-33.062843409581355,-73.06284340958135
PRICE_FUNDING_15M_GLOBAL_WINDOW,15m-0002571,bitget/gate,20,2026-06-13 06:45:00+00:00,2026-06-13 07:30:00+00:00,gate,bitget,13.850985227198585,0.0,0,0,13.850985227198585,native_15m_trade_close_plus_real_settlements,-6.149014772801415,-26.149014772801415,-66.14901477280142
PRICE_FUNDING_15M_GLOBAL_WINDOW,15m-0002572,bitget/gate,20,2026-06-13 08:00:00+00:00,2026-06-13 08:30:00+00:00,gate,bitget,11.10719287172142,-1.0,1,0,10.10719287172142,native_15m_trade_close_plus_real_settlements,-9.89280712827858,-29.89280712827858,-69.89280712827858
PRICE_FUNDING_15M_GLOBAL_WINDOW,15m-0002573,bitget/gate,20,2026-06-13 09:00:00+00:00,2026-06-13 09:15:00+00:00,gate,bitget,15.120332752904368,0.0,0,0,15.120332752904368,native_15m_trade_close_plus_real_settlements,-4.879667247095632,-24.879667247095632,-64.87966724709563
PRICE_FUNDING_15M_GLOBAL_WINDOW,15m-0002574,bitget/gate,20,2026-06-13 10:45:00+00:00,2026-06-13 11:00:00+00:00,gate,bitget,8.829840346775352,0.0,0,0,8.829840346775352,native_15m_trade_close_plus_real_settlements,-11.170159653224648,-31.170159653224648,-71.17015965322464
PRICE_FUNDING_15M_GLOBAL_WINDOW,15m-0002575,bitget/gate,20,2026-06-13 11:15:00+00:00,2026-06-13 11:30:00+00:00,gate,bitget,11.531813905835595,0.0,0,0,11.531813905835595,native_15m_trade_close_plus_real_settlements,-8.468186094164405,-28.468186094164405,-68.46818609416441
PRICE_FUNDING_15M_GLOBAL_WINDOW,15m-0002576,bitget/gate,20,2026-06-13 11:45:00+00:00,2026-06-13 12:15:00+00:00,gate,bitget,12.90642234687598,0.0,0,0,12.90642234687598,native_15m_trade_close_plus_real_settlements,-7.09357765312402,-27.093577653124022,-67.09357765312402
PRICE_FUNDING_15M_GLOBAL_WINDOW,15m-0002577,bitget/gate,20,2026-06-13 12:30:00+00:00,2026-06-13 12:45:00+00:00,gate,bitget,7.902013636755456,0.0,0,0,7.902013636755456,native_15m_trade_close_plus_real_settlements,-12.097986363244544,-32.097986363244544,-72.09798636324454
PRICE_FUNDING_15M_GLOBAL_WINDOW,15m-0002578,bitget/gate,20,2026-06-13 13:00:00+00:00,2026-06-13 15:30:00+00:00,gate,bitget,18.74733483619577,0.0,0,0,18.74733483619577,native_15m_trade_close_plus_real_settlements,-1.252665163804231,-21.25266516380423,-61.25266516380423
PRICE_FUNDING_15M_GLOBAL_WINDOW,15m-0002579,bitget/gate,20,2026-06-13 16:00:00+00:00,2026-06-13 16:30:00+00:00,gate,bitget,14.454762254195407,-1.0,1,0,13.454762254195407,native_15m_trade_close_plus_real_settlements,-6.545237745804593,-26.54523774580459,-66.5452377458046
PRICE_FUNDING_15M_GLOBAL_WINDOW,15m-0002580,bitget/gate,20,2026-06-13 17:00:00+00:00,2026-06-13 18:15:00+00:00,gate,bitget,14.515293628992316,0.0,0,0,14.515293628992316,native_15m_trade_close_plus_real_settlements,-5.484706371007684,-25.484706371007682,-65.48470637100769
PRICE_FUNDING_15M_GLOBAL_WINDOW,15m-0002581,bitget/gate,20,2026-06-13 18:30:00+00:00,2026-06-13 20:00:00+00:00,gate,bitget,8.592902469909706,0.0,0,0,8.592902469909706,native_15m_trade_close_plus_real_settlements,-11.407097530090294,-31.407097530090294,-71.4070975300903
PRICE_FUNDING_15M_GLOBAL_WINDOW,15m-0002582,bitget/gate,20,2026-06-13 20:15:00+00:00,2026-06-13 21:00:00+00:00,gate,bitget,6.357194007887664,0.0,0,0,6.357194007887664,native_15m_trade_close_plus_real_settlements,-13.642805992112336,-33.642805992112336,-73.64280599211233
PRICE_FUNDING_15M_GLOBAL_WINDOW,15m-0002583,bitget/gate,20,2026-06-13 21:45:00+00:00,2026-06-13 22:00:00+00:00,gate,bitget,18.07838765642449,0.0,0,0,18.07838765642449,native_15m_trade_close_plus_real_settlements,-1.9216123435755108,-21.92161234357551,-61.92161234357551
PRICE_FUNDING_15M_GLOBAL_WINDOW,15m-0002584,bitget/gate,20,2026-06-13 22:15:00+00:00,2026-06-14 00:30:00+00:00,gate,bitget,7.983938912653517,-1.0,1,1,6.983938912653517,native_15m_trade_close_plus_real_settlements,-13.016061087346483,-33.016061087346486,-73.01606108734649
PRICE_FUNDING_15M_GLOBAL_WINDOW,15m-0002585,bitget/gate,20,2026-06-14 00:45:00+00:00,2026-06-14 02:30:00+00:00,gate,bitget,14.976791061957577,0.0,0,0,14.976791061957577,native_15m_trade_close_plus_real_settlements,-5.023208938042423,-25.023208938042423,-65.02320893804242
PRICE_FUNDING_15M_GLOBAL_WINDOW,15m-0002586,bitget/gate,20,2026-06-14 04:15:00+00:00,2026-06-14 04:30:00+00:00,gate,bitget,23.812063034688265,0.0,0,0,23.812063034688265,native_15m_trade_close_plus_real_settlements,3.812063034688265,-16.187936965311735,-56.187936965311735
PRICE_FUNDING_15M_GLOBAL_WINDOW,15m-0002587,bitget/gate,20,2026-06-14 04:45:00+00:00,2026-06-14 06:15:00+00:00,gate,bitget,12.597028521514911,0.0,0,0,12.597028521514911,native_15m_trade_close_plus_real_settlements,-7.402971478485089,-27.40297147848509,-67.40297147848509
PRICE_FUNDING_15M_GLOBAL_WINDOW,15m-0002588,bitget/gate,20,2026-06-14 07:15:00+00:00,2026-06-14 07:30:00+00:00,gate,bitget,6.441663427160666,0.0,0,0,6.441663427160666,native_15m_trade_close_plus_real_settlements,-13.558336572839334,-33.55833657283934,-73.55833657283934
PRICE_FUNDING_15M_GLOBAL_WINDOW,15m-0002589,bitget/gate,20,2026-06-14 08:15:00+00:00,2026-06-14 08:30:00+00:00,gate,bitget,6.0969226218623085,0.0,0,0,6.0969226218623085,native_15m_trade_close_plus_real_settlements,-13.903077378137692,-33.903077378137695,-73.9030773781377
PRICE_FUNDING_15M_GLOBAL_WINDOW,15m-0002590,bitget/gate,20,2026-06-14 09:00:00+00:00,2026-06-14 09:15:00+00:00,gate,bitget,12.485472942435798,0.0,0,0,12.485472942435798,native_15m_trade_close_plus_real_settlements,-7.514527057564202,-27.5145270575642,-67.51452705756421
PRICE_FUNDING_15M_GLOBAL_WINDOW,15m-0002591,bitget/gate,20,2026-06-14 10:15:00+00:00,2026-06-14 11:45:00+00:00,gate,bitget,10.936535159584878,0.0,0,0,10.936535159584878,native_15m_trade_close_plus_real_settlements,-9.063464840415122,-29.063464840415122,-69.06346484041512
PRICE_FUNDING_15M_GLOBAL_WINDOW,15m-0002592,bitget/gate,20,2026-06-14 12:15:00+00:00,2026-06-14 12:30:00+00:00,gate,bitget,21.597232599854486,0.0,0,0,21.597232599854486,native_15m_trade_close_plus_real_settlements,1.597232599854486,-18.402767400145514,-58.402767400145514
PRICE_FUNDING_15M_GLOBAL_WINDOW,15m-0002593,bitget/gate,20,2026-06-14 12:45:00+00:00,2026-06-14 13:00:00+00:00,gate,bitget,9.272901542753136,0.0,0,0,9.272901542753136,native_15m_trade_close_plus_real_settlements,-10.727098457246864,-30.727098457246864,-70.72709845724687
PRICE_FUNDING_15M_GLOBAL_WINDOW,15m-0002594,bitget/gate,20,2026-06-14 13:15:00+00:00,2026-06-14 13:45:00+00:00,gate,bitget,24.114557704541543,0.0,0,0,24.114557704541543,native_15m_trade_close_plus_real_settlements,4.114557704541543,-15.885442295458457,-55.88544229545846
PRICE_FUNDING_15M_GLOBAL_WINDOW,15m-0002595,bitget/gate,20,2026-06-14 14:45:00+00:00,2026-06-14 16:00:00+00:00,gate,bitget,22.46157410905891,-1.0,1,1,21.46157410905891,native_15m_trade_close_plus_real_settlements,1.4615741090589083,-18.53842589094109,-58.53842589094109
PRICE_FUNDING_15M_GLOBAL_WINDOW,15m-0002596,bitget/gate,20,2026-06-14 16:45:00+00:00,2026-06-14 17:15:00+00:00,gate,bitget,23.952511053371353,0.0,0,0,23.952511053371353,native_15m_trade_close_plus_real_settlements,3.952511053371353,-16.047488946628647,-56.04748894662865
PRICE_FUNDING_15M_GLOBAL_WINDOW,15m-0002597,bitget/gate,20,2026-06-14 17:30:00+00:00,2026-06-14 17:45:00+00:00,gate,bitget,4.851431749455859,0.0,0,0,4.851431749455859,native_15m_trade_close_plus_real_settlements,-15.148568250544141,-35.148568250544145,-75.14856825054414
PRICE_FUNDING_15M_GLOBAL_WINDOW,15m-0002598,bitget/gate,20,2026-06-14 18:00:00+00:00,2026-06-14 18:15:00+00:00,gate,bitget,2.6594060609529286,0.0,0,0,2.6594060609529286,native_15m_trade_close_plus_real_settlements,-17.34059393904707,-37.34059393904707,-77.34059393904707
PRICE_FUNDING_15M_GLOBAL_WINDOW,15m-0002599,bitget/gate,20,2026-06-14 18:30:00+00:00,2026-06-14 18:45:00+00:00,gate,bitget,3.7182533297792837,0.0,0,0,3.7182533297792837,native_15m_trade_close_plus_real_settlements,-16.281746670220716,-36.28174667022071,-76.28174667022071
PRICE_FUNDING_15M_GLOBAL_WINDOW,15m-0002600,bitget/gate,20,2026-06-14 19:15:00+00:00,2026-06-14 19:45:00+00:00,gate,bitget,13.233693788726844,0.0,0,0,13.233693788726844,native_15m_trade_close_plus_real_settlements,-6.766306211273156,-26.766306211273154,-66.76630621127316
PRICE_FUNDING_15M_GLOBAL_WINDOW,15m-0002601,bitget/gate,20,2026-06-14 20:00:00+00:00,2026-06-14 21:00:00+00:00,gate,bitget,19.08988746789086,0.0,0,0,19.08988746789086,native_15m_trade_close_plus_real_settlements,-0.9101125321091388,-20.91011253210914,-60.91011253210914
PRICE_FUNDING_15M_GLOBAL_WINDOW,15m-0002602,bitget/gate,20,2026-06-14 21:15:00+00:00,2026-06-14 21:45:00+00:00,gate,bitget,13.750786890368389,0.0,0,0,13.750786890368389,native_15m_trade_close_plus_real_settlements,-6.2492131096316115,-26.24921310963161,-66.24921310963161
PRICE_FUNDING_15M_GLOBAL_WINDOW,15m-0002603,bitget/gate,20,2026-06-14 22:15:00+00:00,2026-06-14 22:30:00+00:00,gate,bitget,11.976650179365,0.0,0,0,11.976650179365,native_15m_trade_close_plus_real_settlements,-8.023349820635,-28.023349820634998,-68.023349820635
PRICE_FUNDING_15M_GLOBAL_WINDOW,15m-0002604,bitget/gate,20,2026-06-14 22:45:00+00:00,2026-06-14 23:15:00+00:00,gate,bitget,19.54719609539743,0.0,0,0,19.54719609539743,native_15m_trade_close_plus_real_settlements,-0.45280390460256825,-20.45280390460257,-60.45280390460257
PRICE_FUNDING_15M_GLOBAL_WINDOW,15m-0002605,bitget/gate,20,2026-06-15 00:00:00+00:00,2026-06-15 00:30:00+00:00,gate,bitget,13.623817047749732,-1.0,1,0,12.623817047749732,native_15m_trade_close_plus_real_settlements,-7.376182952250268,-27.376182952250268,-67.37618295225028
PRICE_FUNDING_15M_GLOBAL_WINDOW,15m-0002606,bitget/gate,20,2026-06-15 00:45:00+00:00,2026-06-15 01:00:00+00:00,gate,bitget,16.068424940861796,0.0,0,0,16.068424940861796,native_15m_trade_close_plus_real_settlements,-3.931575059138204,-23.931575059138204,-63.931575059138204
PRICE_FUNDING_15M_GLOBAL_WINDOW,15m-0002607,bitget/gate,20,2026-06-15 01:30:00+00:00,2026-06-15 01:45:00+00:00,gate,bitget,16.95354049525087,0.0,0,0,16.95354049525087,native_15m_trade_close_plus_real_settlements,-3.04645950474913,-23.04645950474913,-63.04645950474913
PRICE_FUNDING_15M_GLOBAL_WINDOW,15m-0002608,bitget/gate,20,2026-06-15 02:15:00+00:00,2026-06-15 02:45:00+00:00,gate,bitget,14.109269457808455,0.0,0,0,14.109269457808455,native_15m_trade_close_plus_real_settlements,-5.890730542191545,-25.890730542191545,-65.89073054219155
PRICE_FUNDING_15M_GLOBAL_WINDOW,15m-0002609,bitget/gate,20,2026-06-15 04:15:00+00:00,2026-06-15 04:30:00+00:00,gate,bitget,20.420750476824175,0.0,0,0,20.420750476824175,native_15m_trade_close_plus_real_settlements,0.42075047682417477,-19.579249523175825,-59.579249523175825
PRICE_FUNDING_15M_GLOBAL_WINDOW,15m-0002610,bitget/gate,20,2026-06-15 05:00:00+00:00,2026-06-15 05:15:00+00:00,gate,bitget,2.5261213515016117,0.0,0,0,2.5261213515016117,native_15m_trade_close_plus_real_settlements,-17.47387864849839,-37.473878648498385,-77.47387864849838
PRICE_FUNDING_15M_GLOBAL_WINDOW,15m-0002611,bitget/gate,20,2026-06-15 07:00:00+00:00,2026-06-15 07:30:00+00:00,gate,bitget,10.16982267679095,0.0,0,0,10.16982267679095,native_15m_trade_close_plus_real_settlements,-9.83017732320905,-29.83017732320905,-69.83017732320906
PRICE_FUNDING_15M_GLOBAL_WINDOW,15m-0002612,bitget/gate,20,2026-06-15 07:45:00+00:00,2026-06-15 08:00:00+00:00,gate,bitget,26.04460366936265,-14.37,1,1,11.674603669362652,native_15m_trade_close_plus_real_settlements,-8.325396330637348,-28.325396330637346,-68.32539633063735
PRICE_FUNDING_15M_GLOBAL_WINDOW,15m-0002613,bitget/gate,20,2026-06-15 08:30:00+00:00,2026-06-15 09:00:00+00:00,gate,bitget,16.497155763604184,0.0,0,0,16.497155763604184,native_15m_trade_close_plus_real_settlements,-3.5028442363958163,-23.502844236395816,-63.502844236395816
PRICE_FUNDING_15M_GLOBAL_WINDOW,15m-0002614,bitget/gate,20,2026-06-15 14:00:00+00:00,2026-06-15 14:15:00+00:00,gate,bitget,29.150087469049204,0.0,0,0,29.150087469049204,native_15m_trade_close_plus_real_settlements,9.150087469049204,-10.849912530950796,-50.849912530950796
PRICE_FUNDING_15M_GLOBAL_WINDOW,15m-0002615,bitget/gate,20,2026-06-15 15:15:00+00:00,2026-06-15 15:30:00+00:00,gate,bitget,16.14535877992912,0.0,0,0,16.14535877992912,native_15m_trade_close_plus_real_settlements,-3.8546412200708815,-23.85464122007088,-63.85464122007088
PRICE_FUNDING_15M_GLOBAL_WINDOW,15m-0002616,bitget/gate,20,2026-06-15 15:45:00+00:00,2026-06-15 16:00:00+00:00,gate,bitget,22.408627595812465,-11.8,1,1,10.608627595812465,native_15m_trade_close_plus_real_settlements,-9.391372404187535,-29.391372404187535,-69.39137240418754
PRICE_FUNDING_15M_GLOBAL_WINDOW,15m-0002617,bitget/gate,20,2026-06-15 17:15:00+00:00,2026-06-15 17:30:00+00:00,gate,bitget,1.4208492121400553,0.0,0,0,1.4208492121400553,native_15m_trade_close_plus_real_settlements,-18.579150787859945,-38.579150787859945,-78.57915078785994
PRICE_FUNDING_15M_GLOBAL_WINDOW,15m-0002618,bitget/gate,20,2026-06-15 17:45:00+00:00,2026-06-15 18:00:00+00:00,gate,bitget,10.412536142844418,0.0,0,0,10.412536142844418,native_15m_trade_close_plus_real_settlements,-9.587463857155582,-29.587463857155583,-69.58746385715558
PRICE_FUNDING_15M_GLOBAL_WINDOW,15m-0002619,bitget/gate,20,2026-06-15 18:15:00+00:00,2026-06-15 19:30:00+00:00,gate,bitget,8.598649349153089,0.0,0,0,8.598649349153089,native_15m_trade_close_plus_real_settlements,-11.401350650846911,-31.40135065084691,-71.40135065084691
PRICE_FUNDING_15M_GLOBAL_WINDOW,15m-0002620,bitget/gate,20,2026-06-15 20:00:00+00:00,2026-06-15 20:30:00+00:00,gate,bitget,3.9999879400465126,0.0,0,0,3.9999879400465126,native_15m_trade_close_plus_real_settlements,-16.000012059953487,-36.00001205995349,-76.00001205995349
PRICE_FUNDING_15M_GLOBAL_WINDOW,15m-0002621,bitget/gate,20,2026-06-15 20:45:00+00:00,2026-06-15 21:00:00+00:00,gate,bitget,5.282442300104108,0.0,0,0,5.282442300104108,native_15m_trade_close_plus_real_settlements,-14.717557699895892,-34.71755769989589,-74.71755769989589
PRICE_FUNDING_15M_GLOBAL_WINDOW,15m-0002622,bitget/gate,20,2026-06-15 21:15:00+00:00,2026-06-16 00:00:00+00:00,gate,bitget,18.895548563305653,2.88,1,1,21.77554856330565,native_15m_trade_close_plus_real_settlements,1.7755485633056516,-18.22445143669435,-58.22445143669435
PRICE_FUNDING_15M_GLOBAL_WINDOW,15m-0002623,bitget/gate,20,2026-06-16 01:00:00+00:00,2026-06-16 02:00:00+00:00,gate,bitget,11.177614542825651,0.0,0,0,11.177614542825651,native_15m_trade_close_plus_real_settlements,-8.822385457174349,-28.82238545717435,-68.82238545717435
PRICE_FUNDING_15M_GLOBAL_WINDOW,15m-0002624,bitget/gate,20,2026-06-16 02:15:00+00:00,2026-06-16 02:45:00+00:00,gate,bitget,5.028163973902952,0.0,0,0,5.028163973902952,native_15m_trade_close_plus_real_settlements,-14.971836026097048,-34.97183602609705,-74.97183602609705
PRICE_FUNDING_15M_GLOBAL_WINDOW,15m-0002625,bitget/gate,20,2026-06-16 03:00:00+00:00,2026-06-16 03:45:00+00:00,gate,bitget,15.619252407278898,0.0,0,0,15.619252407278898,native_15m_trade_close_plus_real_settlements,-4.380747592721102,-24.3807475927211,-64.38074759272111
PRICE_FUNDING_15M_GLOBAL_WINDOW,15m-0002626,bitget/gate,20,2026-06-16 04:00:00+00:00,2026-06-16 04:15:00+00:00,gate,bitget,11.122568608738305,0.0,0,0,11.122568608738305,native_15m_trade_close_plus_real_settlements,-8.877431391261695,-28.877431391261695,-68.8774313912617
PRICE_FUNDING_15M_GLOBAL_WINDOW,15m-0002627,bitget/gate,20,2026-06-16 04:45:00+00:00,2026-06-16 05:00:00+00:00,gate,bitget,7.433839325377406,0.0,0,0,7.433839325377406,native_15m_trade_close_plus_real_settlements,-12.566160674622594,-32.566160674622594,-72.5661606746226
PRICE_FUNDING_15M_GLOBAL_WINDOW,15m-0002628,bitget/gate,20,2026-06-16 05:15:00+00:00,2026-06-16 05:45:00+00:00,gate,bitget,7.675164791796973,0.0,0,0,7.675164791796973,native_15m_trade_close_plus_real_settlements,-12.324835208203027,-32.32483520820303,-72.32483520820303
PRICE_FUNDING_15M_GLOBAL_WINDOW,15m-0002629,bitget/gate,20,2026-06-16 06:15:00+00:00,2026-06-16 06:30:00+00:00,gate,bitget,16.370994025645018,0.0,0,0,16.370994025645018,native_15m_trade_close_plus_real_settlements,-3.629005974354982,-23.629005974354982,-63.62900597435498
PRICE_FUNDING_15M_GLOBAL_WINDOW,15m-0002630,bitget/gate,20,2026-06-16 07:45:00+00:00,2026-06-16 10:00:00+00:00,gate,bitget,17.560246118479252,-0.26999999999999896,1,1,17.290246118479253,native_15m_trade_close_plus_real_settlements,-2.709753881520747,-22.709753881520747,-62.70975388152075
PRICE_FUNDING_15M_GLOBAL_WINDOW,15m-0002631,bitget/gate,20,2026-06-16 11:00:00+00:00,2026-06-16 12:00:00+00:00,gate,bitget,24.525222911830344,0.0,0,0,24.525222911830344,native_15m_trade_close_plus_real_settlements,4.525222911830344,-15.474777088169656,-55.47477708816966
PRICE_FUNDING_15M_GLOBAL_WINDOW,15m-0002632,bitget/gate,20,2026-06-16 12:15:00+00:00,2026-06-16 12:30:00+00:00,gate,bitget,9.033127977376484,0.0,0,0,9.033127977376484,native_15m_trade_close_plus_real_settlements,-10.966872022623516,-30.966872022623516,-70.96687202262352
PRICE_FUNDING_15M_GLOBAL_WINDOW,15m-0002633,bitget/gate,20,2026-06-16 14:00:00+00:00,2026-06-16 14:15:00+00:00,gate,bitget,23.10652335014889,0.0,0,0,23.10652335014889,native_15m_trade_close_plus_real_settlements,3.1065233501488905,-16.89347664985111,-56.89347664985111
PRICE_FUNDING_15M_GLOBAL_WINDOW,15m-0002634,bitget/gate,20,2026-06-16 15:00:00+00:00,2026-06-16 15:15:00+00:00,gate,bitget,14.22535029318889,0.0,0,0,14.22535029318889,native_15m_trade_close_plus_real_settlements,-5.774649706811109,-25.77464970681111,-65.7746497068111
PRICE_FUNDING_15M_GLOBAL_WINDOW,15m-0002635,bitget/gate,20,2026-06-16 15:30:00+00:00,2026-06-16 15:45:00+00:00,gate,bitget,4.877355330916032,0.0,0,0,4.877355330916032,native_15m_trade_close_plus_real_settlements,-15.122644669083968,-35.12264466908397,-75.12264466908397
PRICE_FUNDING_15M_GLOBAL_WINDOW,15m-0002636,bitget/gate,20,2026-06-16 16:15:00+00:00,2026-06-16 16:30:00+00:00,gate,bitget,15.008577697957996,0.0,0,0,15.008577697957996,native_15m_trade_close_plus_real_settlements,-4.991422302042004,-24.991422302042004,-64.991422302042
PRICE_FUNDING_15M_GLOBAL_WINDOW,15m-0002637,bitget/gate,20,2026-06-16 17:45:00+00:00,2026-06-16 18:45:00+00:00,gate,bitget,15.600481159523106,0.0,0,0,15.600481159523106,native_15m_trade_close_plus_real_settlements,-4.399518840476894,-24.399518840476894,-64.3995188404769
PRICE_FUNDING_15M_GLOBAL_WINDOW,15m-0002638,bitget/gate,20,2026-06-16 19:30:00+00:00,2026-06-16 19:45:00+00:00,gate,bitget,8.872491660794903,0.0,0,0,8.872491660794903,native_15m_trade_close_plus_real_settlements,-11.127508339205097,-31.127508339205097,-71.1275083392051
PRICE_FUNDING_15M_GLOBAL_WINDOW,15m-0002639,bitget/gate,20,2026-06-16 21:15:00+00:00,2026-06-16 21:30:00+00:00,gate,bitget,5.296052581613438,0.0,0,0,5.296052581613438,native_15m_trade_close_plus_real_settlements,-14.703947418386562,-34.70394741838656,-74.70394741838656
PRICE_FUNDING_15M_GLOBAL_WINDOW,15m-0002640,bitget/gate,20,2026-06-16 23:45:00+00:00,2026-06-17 00:00:00+00:00,gate,bitget,22.01791634870771,-1.0,1,1,21.01791634870771,native_15m_trade_close_plus_real_settlements,1.0179163487077112,-18.98208365129229,-58.982083651292285
PRICE_FUNDING_15M_GLOBAL_WINDOW,15m-0002641,bitget/gate,20,2026-06-17 00:15:00+00:00,2026-06-17 00:30:00+00:00,gate,bitget,6.968258321669486,0.0,0,0,6.968258321669486,native_15m_trade_close_plus_real_settlements,-13.031741678330514,-33.03174167833051,-73.03174167833052
PRICE_FUNDING_15M_GLOBAL_WINDOW,15m-0002642,bitget/gate,20,2026-06-17 00:45:00+00:00,2026-06-17 01:30:00+00:00,gate,bitget,20.062627640303077,0.0,0,0,20.062627640303077,native_15m_trade_close_plus_real_settlements,0.06262764030307721,-19.937372359696923,-59.93737235969692
PRICE_FUNDING_15M_GLOBAL_WINDOW,15m-0002643,bitget/gate,20,2026-06-17 01:45:00+00:00,2026-06-17 02:00:00+00:00,gate,bitget,11.322351791470528,0.0,0,0,11.322351791470528,native_15m_trade_close_plus_real_settlements,-8.677648208529472,-28.677648208529472,-68.67764820852948
PRICE_FUNDING_15M_GLOBAL_WINDOW,15m-0002644,bitget/gate,20,2026-06-17 02:30:00+00:00,2026-06-17 03:00:00+00:00,gate,bitget,11.4161085189223,0.0,0,0,11.4161085189223,native_15m_trade_close_plus_real_settlements,-8.5838914810777,-28.5838914810777,-68.5838914810777
PRICE_FUNDING_15M_GLOBAL_WINDOW,15m-0002645,bitget/gate,20,2026-06-17 04:30:00+00:00,2026-06-17 04:45:00+00:00,gate,bitget,19.606524240727474,0.0,0,0,19.606524240727474,native_15m_trade_close_plus_real_settlements,-0.3934757592725262,-20.393475759272526,-60.393475759272526
PRICE_FUNDING_15M_GLOBAL_WINDOW,15m-0002646,bitget/gate,20,2026-06-17 05:45:00+00:00,2026-06-17 06:00:00+00:00,gate,bitget,2.437611515549893,0.0,0,0,2.437611515549893,native_15m_trade_close_plus_real_settlements,-17.562388484450107,-37.56238848445011,-77.56238848445011
PRICE_FUNDING_15M_GLOBAL_WINDOW,15m-0002647,bitget/gate,20,2026-06-17 06:15:00+00:00,2026-06-17 06:30:00+00:00,gate,bitget,18.005471754018533,0.0,0,0,18.005471754018533,native_15m_trade_close_plus_real_settlements,-1.994528245981467,-21.994528245981467,-61.99452824598147
PRICE_FUNDING_15M_GLOBAL_WINDOW,15m-0002648,bitget/gate,20,2026-06-17 08:00:00+00:00,2026-06-17 08:30:00+00:00,gate,bitget,5.905704959173651,-10.7,1,0,-4.7942950408263485,native_15m_trade_close_plus_real_settlements,-24.79429504082635,-44.79429504082635,-84.79429504082634
PRICE_FUNDING_15M_GLOBAL_WINDOW,15m-0002649,bitget/gate,20,2026-06-17 12:00:00+00:00,2026-06-17 12:15:00+00:00,gate,bitget,14.531490689628553,0.0,0,0,14.531490689628553,native_15m_trade_close_plus_real_settlements,-5.468509310371447,-25.468509310371445,-65.46850931037145
PRICE_FUNDING_15M_GLOBAL_WINDOW,15m-0002650,bitget/gate,20,2026-06-17 13:15:00+00:00,2026-06-17 13:30:00+00:00,gate,bitget,27.320311305846623,0.0,0,0,27.320311305846623,native_15m_trade_close_plus_real_settlements,7.320311305846623,-12.679688694153377,-52.67968869415338
PRICE_FUNDING_15M_GLOBAL_WINDOW,15m-0002651,bitget/gate,20,2026-06-17 15:15:00+00:00,2026-06-17 16:00:00+00:00,gate,bitget,18.82035166844586,-11.82,1,1,7.000351668445859,native_15m_trade_close_plus_real_settlements,-12.999648331554141,-32.99964833155414,-72.99964833155414
PRICE_FUNDING_15M_GLOBAL_WINDOW,15m-0002652,bitget/gate,20,2026-06-17 17:30:00+00:00,2026-06-17 17:45:00+00:00,gate,bitget,15.596821799497832,0.0,0,0,15.596821799497832,native_15m_trade_close_plus_real_settlements,-4.403178200502168,-24.40317820050217,-64.40317820050217
PRICE_FUNDING_15M_GLOBAL_WINDOW,15m-0002653,bitget/gate,20,2026-06-17 21:45:00+00:00,2026-06-17 22:00:00+00:00,gate,bitget,12.402586129693454,0.0,0,0,12.402586129693454,native_15m_trade_close_plus_real_settlements,-7.597413870306546,-27.597413870306546,-67.59741387030655
PRICE_FUNDING_15M_GLOBAL_WINDOW,15m-0002654,bitget/gate,20,2026-06-18 00:15:00+00:00,2026-06-18 00:45:00+00:00,gate,bitget,19.596860027012713,0.0,0,0,19.596860027012713,native_15m_trade_close_plus_real_settlements,-0.40313997298728665,-20.403139972987287,-60.40313997298729
PRICE_FUNDING_15M_GLOBAL_WINDOW,15m-0002655,bitget/gate,20,2026-06-18 01:00:00+00:00,2026-06-18 01:30:00+00:00,gate,bitget,12.96092160208183,0.0,0,0,12.96092160208183,native_15m_trade_close_plus_real_settlements,-7.0390783979181695,-27.039078397918168,-67.03907839791817
PRICE_FUNDING_15M_GLOBAL_WINDOW,15m-0002656,bitget/gate,20,2026-06-18 01:45:00+00:00,2026-06-18 02:00:00+00:00,gate,bitget,17.67691934456251,0.0,0,0,17.67691934456251,native_15m_trade_close_plus_real_settlements,-2.32308065543749,-22.32308065543749,-62.323080655437494
PRICE_FUNDING_15M_GLOBAL_WINDOW,15m-0002657,bitget/gate,20,2026-06-18 02:30:00+00:00,2026-06-18 02:45:00+00:00,gate,bitget,8.448063406586357,0.0,0,0,8.448063406586357,native_15m_trade_close_plus_real_settlements,-11.551936593413643,-31.551936593413643,-71.55193659341364
PRICE_FUNDING_15M_GLOBAL_WINDOW,15m-0002658,bitget/gate,20,2026-06-18 03:00:00+00:00,2026-06-18 04:00:00+00:00,gate,bitget,16.703818577591534,0.0,0,0,16.703818577591534,native_15m_trade_close_plus_real_settlements,-3.2961814224084662,-23.296181422408466,-63.296181422408466
PRICE_FUNDING_15M_GLOBAL_WINDOW,15m-0002659,bitget/gate,20,2026-06-18 04:15:00+00:00,2026-06-18 05:45:00+00:00,gate,bitget,20.904248006664034,0.0,0,0,20.904248006664034,native_15m_trade_close_plus_real_settlements,0.9042480066640337,-19.095751993335966,-59.095751993335966
PRICE_FUNDING_15M_GLOBAL_WINDOW,15m-0002660,bitget/gate,20,2026-06-18 06:15:00+00:00,2026-06-18 06:30:00+00:00,gate,bitget,11.761534989896347,0.0,0,0,11.761534989896347,native_15m_trade_close_plus_real_settlements,-8.238465010103653,-28.238465010103653,-68.23846501010365
PRICE_FUNDING_15M_GLOBAL_WINDOW,15m-0002661,bitget/gate,20,2026-06-18 07:15:00+00:00,2026-06-18 07:30:00+00:00,gate,bitget,1.3822288491862622,0.0,0,0,1.3822288491862622,native_15m_trade_close_plus_real_settlements,-18.617771150813738,-38.61777115081374,-78.61777115081374
PRICE_FUNDING_15M_GLOBAL_WINDOW,15m-0002662,bitget/gate,20,2026-06-18 08:45:00+00:00,2026-06-18 11:15:00+00:00,gate,bitget,21.78982346779484,0.0,0,0,21.78982346779484,native_15m_trade_close_plus_real_settlements,1.7898234677948395,-18.21017653220516,-58.21017653220516
PRICE_FUNDING_15M_GLOBAL_WINDOW,15m-0002663,bitget/gate,20,2026-06-18 11:30:00+00:00,2026-06-18 13:15:00+00:00,gate,bitget,18.752955518300695,0.0,0,0,18.752955518300695,native_15m_trade_close_plus_real_settlements,-1.2470444816993052,-21.247044481699305,-61.247044481699305
PRICE_FUNDING_15M_GLOBAL_WINDOW,15m-0002664,bitget/gate,20,2026-06-18 13:30:00+00:00,2026-06-18 22:00:00+00:00,gate,bitget,27.06562118486321,-12.66,1,1,14.405621184863211,native_15m_trade_close_plus_real_settlements,-5.594378815136789,-25.59437881513679,-65.59437881513679
PRICE_FUNDING_15M_GLOBAL_WINDOW,15m-0002665,bitget/gate,20,2026-06-18 22:15:00+00:00,2026-06-18 22:45:00+00:00,gate,bitget,15.07379193125563,0.0,0,0,15.07379193125563,native_15m_trade_close_plus_real_settlements,-4.926208068744369,-24.92620806874437,-64.92620806874437
PRICE_FUNDING_15M_GLOBAL_WINDOW,15m-0002666,bitget/gate,20,2026-06-18 23:15:00+00:00,2026-06-18 23:30:00+00:00,gate,bitget,7.823733873479636,0.0,0,0,7.823733873479636,native_15m_trade_close_plus_real_settlements,-12.176266126520364,-32.17626612652036,-72.17626612652036
PRICE_FUNDING_15M_GLOBAL_WINDOW,15m-0002667,bitget/gate,20,2026-06-19 00:00:00+00:00,2026-06-19 00:45:00+00:00,gate,bitget,9.471799097961796,-7.0,1,0,2.471799097961796,native_15m_trade_close_plus_real_settlements,-17.528200902038204,-37.52820090203821,-77.52820090203821
PRICE_FUNDING_15M_GLOBAL_WINDOW,15m-0002668,bitget/gate,20,2026-06-19 01:00:00+00:00,2026-06-19 03:30:00+00:00,gate,bitget,57.35999403803618,0.0,0,0,57.35999403803618,native_15m_trade_close_plus_real_settlements,37.35999403803618,17.359994038036177,-22.640005961963823
PRICE_FUNDING_15M_GLOBAL_WINDOW,15m-0002669,bitget/gate,20,2026-06-19 03:45:00+00:00,2026-06-19 06:00:00+00:00,gate,bitget,46.05118723314478,0.0,0,0,46.05118723314478,native_15m_trade_close_plus_real_settlements,26.05118723314478,6.0511872331447805,-33.94881276685522
PRICE_FUNDING_15M_GLOBAL_WINDOW,15m-0002670,bitget/gate,20,2026-06-19 06:15:00+00:00,2026-06-19 06:45:00+00:00,gate,bitget,18.868683714227124,0.0,0,0,18.868683714227124,native_15m_trade_close_plus_real_settlements,-1.1313162857728756,-21.131316285772876,-61.131316285772876
PRICE_FUNDING_15M_GLOBAL_WINDOW,15m-0002671,bitget/gate,20,2026-06-19 07:00:00+00:00,2026-06-19 15:45:00+00:00,gate,bitget,56.219446861164684,-9.870000000000001,1,1,46.34944686116468,native_15m_trade_close_plus_real_settlements,26.34944686116468,6.3494468611646795,-33.65055313883532
PRICE_FUNDING_15M_GLOBAL_WINDOW,15m-0002672,bitget/gate,20,2026-06-19 16:00:00+00:00,2026-06-21 01:45:00+00:00,gate,bitget,42.606560241981754,-26.14,5,4,16.466560241981753,native_15m_trade_close_plus_real_settlements,-3.533439758018247,-23.533439758018247,-63.53343975801825
PRICE_FUNDING_15M_GLOBAL_WINDOW,15m-0002673,bitget/gate,20,2026-06-21 02:00:00+00:00,2026-06-21 14:45:00+00:00,gate,bitget,28.30088603812508,-1.0,1,1,27.30088603812508,native_15m_trade_close_plus_real_settlements,7.300886038125078,-12.699113961874922,-52.69911396187492
PRICE_FUNDING_15M_GLOBAL_WINDOW,15m-0002674,bitget/gate,20,2026-06-21 15:00:00+00:00,2026-06-21 23:45:00+00:00,gate,bitget,28.884361043506747,-1.0,1,1,27.884361043506747,native_15m_trade_close_plus_real_settlements,7.884361043506747,-12.115638956493253,-52.11563895649326
PRICE_FUNDING_15M_GLOBAL_WINDOW,15m-0002675,bitget/gate,20,2026-06-22 00:15:00+00:00,2026-06-23 00:45:00+00:00,gate,bitget,87.18519080921783,-25.33,3,3,61.85519080921783,native_15m_trade_close_plus_real_settlements,41.85519080921783,21.85519080921783,-18.14480919078217
PRICE_FUNDING_15M_GLOBAL_WINDOW,15m-0002676,bitget/gate,20,2026-06-23 01:15:00+00:00,2026-06-23 01:45:00+00:00,gate,bitget,39.4602958454082,0.0,0,0,39.4602958454082,native_15m_trade_close_plus_real_settlements,19.460295845408197,-0.5397041545918029,-40.5397041545918
PRICE_FUNDING_15M_GLOBAL_WINDOW,15m-0002677,bitget/gate,20,2026-06-23 02:00:00+00:00,2026-06-23 04:30:00+00:00,gate,bitget,46.36611606881872,0.0,0,0,46.36611606881872,native_15m_trade_close_plus_real_settlements,26.36611606881872,6.3661160688187195,-33.63388393118128
PRICE_FUNDING_15M_GLOBAL_WINDOW,15m-0002678,bitget/gate,20,2026-06-23 04:45:00+00:00,2026-06-23 05:45:00+00:00,gate,bitget,46.26260268123778,0.0,0,0,46.26260268123778,native_15m_trade_close_plus_real_settlements,26.26260268123778,6.26260268123778,-33.73739731876222
PRICE_FUNDING_15M_GLOBAL_WINDOW,15m-0002679,bitget/gate,20,2026-06-23 06:15:00+00:00,2026-06-23 07:00:00+00:00,gate,bitget,33.86222757853532,0.0,0,0,33.86222757853532,native_15m_trade_close_plus_real_settlements,13.862227578535318,-6.137772421464682,-46.13777242146468
PRICE_FUNDING_15M_GLOBAL_WINDOW,15m-0002680,bitget/gate,20,2026-06-23 07:45:00+00:00,2026-06-23 08:00:00+00:00,gate,bitget,21.73882760964168,-20.0,1,1,1.7388276096416817,native_15m_trade_close_plus_real_settlements,-18.26117239035832,-38.26117239035832,-78.26117239035833
PRICE_FUNDING_15M_GLOBAL_WINDOW,15m-0002681,bitget/gate,20,2026-06-23 08:30:00+00:00,2026-06-23 08:45:00+00:00,bitget,gate,30.042055375073154,0.0,0,0,30.042055375073154,native_15m_trade_close_plus_real_settlements,10.042055375073154,-9.957944624926846,-49.957944624926846
PRICE_FUNDING_15M_GLOBAL_WINDOW,15m-0002682,bitget/gate,20,2026-06-23 09:15:00+00:00,2026-06-23 10:30:00+00:00,bitget,gate,26.58116077796278,0.0,0,0,26.58116077796278,native_15m_trade_close_plus_real_settlements,6.581160777962779,-13.41883922203722,-53.41883922203722
PRICE_FUNDING_15M_GLOBAL_WINDOW,15m-0002683,bitget/gate,20,2026-06-23 11:45:00+00:00,2026-06-23 12:00:00+00:00,bitget,gate,29.22866359122585,0.0,0,0,29.22866359122585,native_15m_trade_close_plus_real_settlements,9.22866359122585,-10.77133640877415,-50.77133640877415
PRICE_FUNDING_15M_GLOBAL_WINDOW,15m-0002684,bitget/gate,20,2026-06-23 14:00:00+00:00,2026-06-23 14:30:00+00:00,bitget,gate,27.794478296682303,0.0,0,0,27.794478296682303,native_15m_trade_close_plus_real_settlements,7.794478296682303,-12.205521703317697,-52.2055217033177
PRICE_FUNDING_15M_GLOBAL_WINDOW,15m-0002685,bitget/gate,20,2026-06-23 15:30:00+00:00,2026-06-23 16:00:00+00:00,gate,bitget,27.344266874434776,-10.0,1,1,17.344266874434776,native_15m_trade_close_plus_real_settlements,-2.6557331255652237,-22.655733125565224,-62.65573312556522
PRICE_FUNDING_15M_GLOBAL_WINDOW,15m-0002686,bitget/gate,20,2026-06-23 20:45:00+00:00,2026-06-24 00:15:00+00:00,gate,bitget,62.255736104322146,-10.0,1,1,52.255736104322146,native_15m_trade_close_plus_real_settlements,32.255736104322146,12.255736104322146,-27.744263895677854
PRICE_FUNDING_15M_GLOBAL_WINDOW,15m-0002687,bitget/gate,20,2026-06-24 01:00:00+00:00,2026-06-24 09:30:00+00:00,bitget,gate,137.94189327383063,-40.0,1,1,97.94189327383063,native_15m_trade_close_plus_real_settlements,77.94189327383063,57.94189327383063,17.94189327383063
PRICE_FUNDING_15M_GLOBAL_WINDOW,15m-0002688,bitget/gate,20,2026-06-24 11:15:00+00:00,2026-06-24 11:30:00+00:00,gate,bitget,14.802402541752603,0.0,0,0,14.802402541752603,native_15m_trade_close_plus_real_settlements,-5.197597458247397,-25.197597458247397,-65.1975974582474
PRICE_FUNDING_15M_GLOBAL_WINDOW,15m-0002689,bitget/gate,20,2026-06-24 11:45:00+00:00,2026-06-24 12:00:00+00:00,gate,bitget,13.695951327497006,0.0,0,0,13.695951327497006,native_15m_trade_close_plus_real_settlements,-6.304048672502994,-26.304048672502994,-66.304048672503
PRICE_FUNDING_15M_GLOBAL_WINDOW,15m-0002690,bitget/gate,20,2026-06-24 12:15:00+00:00,2026-06-24 12:45:00+00:00,gate,bitget,12.178713153368692,0.0,0,0,12.178713153368692,native_15m_trade_close_plus_real_settlements,-7.821286846631308,-27.82128684663131,-67.82128684663131
PRICE_FUNDING_15M_GLOBAL_WINDOW,15m-0002691,bitget/gate,20,2026-06-24 13:30:00+00:00,2026-06-24 13:45:00+00:00,gate,bitget,14.290327346742252,0.0,0,0,14.290327346742252,native_15m_trade_close_plus_real_settlements,-5.709672653257748,-25.709672653257748,-65.70967265325774
PRICE_FUNDING_15M_GLOBAL_WINDOW,15m-0002692,bitget/gate,20,2026-06-24 15:45:00+00:00,2026-06-24 16:00:00+00:00,gate,bitget,17.153319053897448,-12.370000000000001,1,1,4.783319053897447,native_15m_trade_close_plus_real_settlements,-15.216680946102553,-35.21668094610256,-75.21668094610256
PRICE_FUNDING_15M_GLOBAL_WINDOW,15m-0002693,bitget/gate,20,2026-06-24 16:15:00+00:00,2026-06-24 16:30:00+00:00,gate,bitget,8.022310868851381,0.0,0,0,8.022310868851381,native_15m_trade_close_plus_real_settlements,-11.977689131148619,-31.97768913114862,-71.97768913114862
PRICE_FUNDING_15M_GLOBAL_WINDOW,15m-0002694,bitget/gate,20,2026-06-24 17:30:00+00:00,2026-06-24 18:15:00+00:00,gate,bitget,23.818241182271827,0.0,0,0,23.818241182271827,native_15m_trade_close_plus_real_settlements,3.8182411822718265,-16.181758817728173,-56.18175881772817
PRICE_FUNDING_15M_GLOBAL_WINDOW,15m-0002695,bitget/gate,20,2026-06-24 19:00:00+00:00,2026-06-24 19:45:00+00:00,gate,bitget,23.58817168442302,0.0,0,0,23.58817168442302,native_15m_trade_close_plus_real_settlements,3.5881716844230205,-16.41182831557698,-56.41182831557698
PRICE_FUNDING_15M_GLOBAL_WINDOW,15m-0002696,bitget/gate,20,2026-06-24 20:00:00+00:00,2026-07-03 05:00:00+00:00,bitget,gate,243.2790968827967,-26.37000000000004,25,25,216.90909688279666,native_15m_trade_close_plus_real_settlements,196.90909688279666,176.90909688279666,136.90909688279666
PRICE_FUNDING_15M_GLOBAL_WINDOW,15m-0002697,bitget/gate,20,2026-07-03 05:30:00+00:00,2026-07-03 06:30:00+00:00,bitget,gate,29.763995021658513,0.0,0,0,29.763995021658513,native_15m_trade_close_plus_real_settlements,9.763995021658513,-10.236004978341487,-50.236004978341484
PRICE_FUNDING_15M_GLOBAL_WINDOW,15m-0002698,bitget/gate,20,2026-07-03 07:15:00+00:00,2026-07-03 07:30:00+00:00,bitget,gate,6.511444423443752,0.0,0,0,6.511444423443752,native_15m_trade_close_plus_real_settlements,-13.488555576556248,-33.48855557655625,-73.48855557655625
PRICE_FUNDING_15M_GLOBAL_WINDOW,15m-0002699,bitget/gate,20,2026-07-03 08:00:00+00:00,2026-07-03 08:30:00+00:00,bitget,gate,17.2082972397421,23.930000000000003,0,1,41.1382972397421,native_15m_trade_close_plus_real_settlements,21.1382972397421,1.1382972397421014,-38.8617027602579
PRICE_FUNDING_15M_GLOBAL_WINDOW,15m-0002700,bitget/gate,20,2026-07-03 08:45:00+00:00,2026-07-03 23:15:00+00:00,bitget,gate,35.467881737191995,1.0,1,1,36.467881737191995,native_15m_trade_close_plus_real_settlements,16.467881737191995,-3.5321182628080052,-43.532118262808005
PRICE_FUNDING_15M_GLOBAL_WINDOW,15m-0002701,bitget/gate,20,2026-07-03 23:30:00+00:00,2026-07-04 05:30:00+00:00,bitget,gate,21.661779286510985,1.0,1,1,22.661779286510985,native_15m_trade_close_plus_real_settlements,2.661779286510985,-17.338220713489015,-57.338220713489015
PRICE_FUNDING_15M_GLOBAL_WINDOW,15m-0002702,bitget/gate,20,2026-07-04 05:45:00+00:00,2026-07-06 00:30:00+00:00,bitget,gate,52.69984173082034,6.000000000000001,6,6,58.69984173082034,native_15m_trade_close_plus_real_settlements,38.69984173082034,18.69984173082034,-21.30015826917966
PRICE_FUNDING_15M_GLOBAL_WINDOW,15m-0002703,bitget/gate,20,2026-07-06 00:45:00+00:00,2026-07-06 18:15:00+00:00,bitget,gate,42.94645487979494,3.2700000000000005,2,2,46.216454879794945,native_15m_trade_close_plus_real_settlements,26.216454879794945,6.216454879794945,-33.783545120205055
PRICE_FUNDING_15M_GLOBAL_WINDOW,15m-0002704,bitget/gate,20,2026-07-06 18:30:00+00:00,2026-07-06 19:00:00+00:00,bitget,gate,13.672590323554815,0.0,0,0,13.672590323554815,native_15m_trade_close_plus_real_settlements,-6.3274096764451855,-26.327409676445185,-66.32740967644519
PRICE_FUNDING_15M_GLOBAL_WINDOW,15m-0002705,bitget/gate,20,2026-07-06 19:15:00+00:00,2026-07-06 21:30:00+00:00,bitget,gate,19.176700712331225,0.0,0,0,19.176700712331225,native_15m_trade_close_plus_real_settlements,-0.8232992876687746,-20.823299287668775,-60.823299287668775
PRICE_FUNDING_15M_GLOBAL_WINDOW,15m-0002706,bitget/gate,20,2026-07-06 21:45:00+00:00,2026-07-13 13:15:00+00:00,bitget,gate,240.81094978613757,-34.570000000000014,20,20,206.24094978613755,native_15m_trade_close_plus_real_settlements,186.24094978613755,166.24094978613755,126.24094978613755
PRICE_FUNDING_15M_GLOBAL_WINDOW,15m-0002707,bitget/gate,20,2026-07-13 13:45:00+00:00,2026-07-17 21:45:00+00:00,bitget,gate,174.37432654932962,47.67,24,23,222.04432654932964,native_15m_trade_close_plus_real_settlements,202.04432654932964,182.04432654932964,142.04432654932964
PRICE_FUNDING_15M_GLOBAL_WINDOW,15m-0002708,bitget/gate,20,2026-07-17 22:00:00+00:00,2026-07-17 22:15:00+00:00,bitget,gate,7.46590073870928,0.0,0,0,7.46590073870928,native_15m_trade_close_plus_real_settlements,-12.53409926129072,-32.53409926129072,-72.53409926129072
PRICE_FUNDING_15M_GLOBAL_WINDOW,15m-0002709,bitget/gate,20,2026-07-17 22:30:00+00:00,2026-07-18 02:30:00+00:00,bitget,gate,15.239973129359154,5.0,1,1,20.239973129359154,native_15m_trade_close_plus_real_settlements,0.2399731293591536,-19.760026870640846,-59.76002687064084
PRICE_FUNDING_15M_GLOBAL_WINDOW,15m-0002710,bitget/gate,20,2026-07-18 02:45:00+00:00,2026-07-18 03:00:00+00:00,bitget,gate,13.304273280250367,0.0,0,0,13.304273280250367,native_15m_trade_close_plus_real_settlements,-6.695726719749633,-26.695726719749633,-66.69572671974963
PRICE_FUNDING_15M_GLOBAL_WINDOW,15m-0002711,bitget/gate,20,2026-07-18 04:00:00+00:00,2026-07-18 04:15:00+00:00,bitget,gate,5.704621006469019,5.0,0,1,10.704621006469019,native_15m_trade_close_plus_real_settlements,-9.295378993530981,-29.29537899353098,-69.29537899353099
PRICE_FUNDING_15M_GLOBAL_WINDOW,15m-0002712,bitget/gate,20,2026-07-18 04:30:00+00:00,2026-07-18 04:45:00+00:00,bitget,gate,1.5678817872716735,0.0,0,0,1.5678817872716735,native_15m_trade_close_plus_real_settlements,-18.432118212728327,-38.43211821272833,-78.43211821272833
PRICE_FUNDING_15M_GLOBAL_WINDOW,15m-0002713,bitget/gate,20,2026-07-18 06:45:00+00:00,2026-07-18 07:00:00+00:00,bitget,gate,3.7076579300377013,0.0,0,0,3.7076579300377013,native_15m_trade_close_plus_real_settlements,-16.2923420699623,-36.2923420699623,-76.2923420699623
PRICE_FUNDING_15M_GLOBAL_WINDOW,15m-0002714,bitget/gate,20,2026-07-18 08:15:00+00:00,2026-07-18 08:45:00+00:00,bitget,gate,5.363082239103637,0.0,0,0,5.363082239103637,native_15m_trade_close_plus_real_settlements,-14.636917760896363,-34.63691776089637,-74.63691776089637
PRICE_FUNDING_15M_GLOBAL_WINDOW,15m-0002715,bitget/gate,20,2026-07-18 09:15:00+00:00,2026-07-18 09:30:00+00:00,bitget,gate,3.3730354894402375,0.0,0,0,3.3730354894402375,native_15m_trade_close_plus_real_settlements,-16.626964510559763,-36.62696451055976,-76.62696451055976
PRICE_FUNDING_15M_GLOBAL_WINDOW,15m-0002716,bitget/gate,20,2026-07-20 03:30:00+00:00,2026-07-20 04:00:00+00:00,bitget,gate,14.342719310067173,-15.530000000000001,1,1,-1.1872806899328285,native_15m_trade_close_plus_real_settlements,-21.187280689932827,-41.18728068993283,-81.18728068993283
PRICE_FUNDING_15M_GLOBAL_WINDOW,15m-0002717,bitget/gate,20,2026-07-21 18:15:00+00:00,2026-07-21 18:30:00+00:00,gate,bitget,1.7194703567410379,0.0,0,0,1.7194703567410379,native_15m_trade_close_plus_real_settlements,-18.280529643258962,-38.28052964325896,-78.28052964325896
PRICE_FUNDING_15M_GLOBAL_WINDOW,15m-0002718,bitget/gate,20,2026-07-21 20:30:00+00:00,2026-07-21 21:00:00+00:00,gate,bitget,4.030017244920714,0.0,0,0,4.030017244920714,native_15m_trade_close_plus_real_settlements,-15.969982755079286,-35.969982755079286,-75.96998275507929
PRICE_FUNDING_15M_GLOBAL_WINDOW,15m-0002719,bitget/gate,20,2026-07-21 21:45:00+00:00,2026-07-21 22:00:00+00:00,gate,bitget,6.9152822184991045,0.0,0,0,6.9152822184991045,native_15m_trade_close_plus_real_settlements,-13.084717781500895,-33.0847177815009,-73.0847177815009
PRICE_FUNDING_15M_GLOBAL_WINDOW,15m-0002720,bitget/gate,20,2026-07-22 14:15:00+00:00,2026-07-22 15:00:00+00:00,gate,bitget,7.47395710966039,0.0,0,0,7.47395710966039,native_15m_trade_close_plus_real_settlements,-12.52604289033961,-32.52604289033961,-72.52604289033961
PRICE_FUNDING_15M_GLOBAL_WINDOW,15m-0002721,bitget/gate,20,2026-07-22 15:15:00+00:00,2026-07-22 15:45:00+00:00,gate,bitget,4.443250176793569,0.0,0,0,4.443250176793569,native_15m_trade_close_plus_real_settlements,-15.556749823206431,-35.55674982320643,-75.55674982320643
PRICE_FUNDING_15M_GLOBAL_WINDOW,15m-0002722,bitget/gate,20,2026-07-22 20:15:00+00:00,2026-07-22 20:30:00+00:00,gate,bitget,3.096595333360014,0.0,0,0,3.096595333360014,native_15m_trade_close_plus_real_settlements,-16.903404666639986,-36.903404666639986,-76.90340466663999
PRICE_FUNDING_15M_GLOBAL_WINDOW,15m-0002723,bitget/gate,20,2026-07-22 21:00:00+00:00,2026-07-22 21:15:00+00:00,gate,bitget,3.6175771295276142,0.0,0,0,3.6175771295276142,native_15m_trade_close_plus_real_settlements,-16.382422870472386,-36.38242287047238,-76.38242287047238
PRICE_FUNDING_15M_GLOBAL_WINDOW,15m-0002918,bitget/gate,50,2026-06-10 14:15:00+00:00,2026-06-10 14:30:00+00:00,gate,bitget,13.042793877376049,0.0,0,0,13.042793877376049,native_15m_trade_close_plus_real_settlements,-6.957206122623951,-26.95720612262395,-66.95720612262394
PRICE_FUNDING_15M_GLOBAL_WINDOW,15m-0002919,bitget/gate,50,2026-06-11 01:00:00+00:00,2026-06-11 01:15:00+00:00,gate,bitget,21.782732699418712,0.0,0,0,21.782732699418712,native_15m_trade_close_plus_real_settlements,1.7827326994187125,-18.217267300581288,-58.217267300581284
PRICE_FUNDING_15M_GLOBAL_WINDOW,15m-0002920,bitget/gate,50,2026-06-11 07:30:00+00:00,2026-06-11 08:30:00+00:00,gate,bitget,30.728478214038624,-15.479999999999999,1,1,15.248478214038625,native_15m_trade_close_plus_real_settlements,-4.7515217859613745,-24.751521785961373,-64.75152178596137
PRICE_FUNDING_15M_GLOBAL_WINDOW,15m-0002921,bitget/gate,50,2026-06-11 10:45:00+00:00,2026-06-11 11:00:00+00:00,gate,bitget,25.9184372656921,0.0,0,0,25.9184372656921,native_15m_trade_close_plus_real_settlements,5.9184372656920985,-14.081562734307902,-54.0815627343079
PRICE_FUNDING_15M_GLOBAL_WINDOW,15m-0002922,bitget/gate,50,2026-06-11 14:00:00+00:00,2026-06-11 14:15:00+00:00,gate,bitget,5.740426371684947,0.0,0,0,5.740426371684947,native_15m_trade_close_plus_real_settlements,-14.259573628315053,-34.25957362831505,-74.25957362831505
PRICE_FUNDING_15M_GLOBAL_WINDOW,15m-0002923,bitget/gate,50,2026-06-11 14:30:00+00:00,2026-06-11 14:45:00+00:00,gate,bitget,16.26372076642538,0.0,0,0,16.26372076642538,native_15m_trade_close_plus_real_settlements,-3.7362792335746207,-23.73627923357462,-63.73627923357462
PRICE_FUNDING_15M_GLOBAL_WINDOW,15m-0002924,bitget/gate,50,2026-06-11 17:45:00+00:00,2026-06-11 18:30:00+00:00,gate,bitget,26.33427356891184,0.0,0,0,26.33427356891184,native_15m_trade_close_plus_real_settlements,6.33427356891184,-13.66572643108816,-53.66572643108816
PRICE_FUNDING_15M_GLOBAL_WINDOW,15m-0002925,bitget/gate,50,2026-06-11 19:30:00+00:00,2026-06-11 20:00:00+00:00,gate,bitget,18.362863481582707,0.0,0,0,18.362863481582707,native_15m_trade_close_plus_real_settlements,-1.637136518417293,-21.637136518417293,-61.63713651841729
PRICE_FUNDING_15M_GLOBAL_WINDOW,15m-0002926,bitget/gate,50,2026-06-12 00:30:00+00:00,2026-06-12 01:00:00+00:00,gate,bitget,23.983003612532347,0.0,0,0,23.983003612532347,native_15m_trade_close_plus_real_settlements,3.9830036125323467,-16.016996387467653,-56.01699638746766
PRICE_FUNDING_15M_GLOBAL_WINDOW,15m-0002927,bitget/gate,50,2026-06-19 01:00:00+00:00,2026-06-19 01:15:00+00:00,gate,bitget,20.09913806364589,0.0,0,0,20.09913806364589,native_15m_trade_close_plus_real_settlements,0.09913806364588851,-19.90086193635411,-59.90086193635411
PRICE_FUNDING_15M_GLOBAL_WINDOW,15m-0002928,bitget/gate,50,2026-06-19 03:15:00+00:00,2026-06-19 03:30:00+00:00,gate,bitget,57.35999403803618,0.0,0,0,57.35999403803618,native_15m_trade_close_plus_real_settlements,37.35999403803618,17.359994038036177,-22.640005961963823
PRICE_FUNDING_15M_GLOBAL_WINDOW,15m-0002929,bitget/gate,50,2026-06-19 03:45:00+00:00,2026-06-19 04:00:00+00:00,gate,bitget,15.411120858124335,0.0,0,0,15.411120858124335,native_15m_trade_close_plus_real_settlements,-4.588879141875665,-24.588879141875665,-64.58887914187567
PRICE_FUNDING_15M_GLOBAL_WINDOW,15m-0002930,bitget/gate,50,2026-06-19 07:45:00+00:00,2026-06-19 08:00:00+00:00,gate,bitget,11.841491677863047,-9.870000000000001,1,1,1.971491677863046,native_15m_trade_close_plus_real_settlements,-18.028508322136954,-38.02850832213696,-78.02850832213696
PRICE_FUNDING_15M_GLOBAL_WINDOW,15m-0002931,bitget/gate,50,2026-06-19 08:15:00+00:00,2026-06-19 08:30:00+00:00,gate,bitget,18.3880915485058,0.0,0,0,18.3880915485058,native_15m_trade_close_plus_real_settlements,-1.6119084514942017,-21.6119084514942,-61.6119084514942
PRICE_FUNDING_15M_GLOBAL_WINDOW,15m-0002932,bitget/gate,50,2026-06-19 08:45:00+00:00,2026-06-19 09:00:00+00:00,gate,bitget,23.804854187670557,0.0,0,0,23.804854187670557,native_15m_trade_close_plus_real_settlements,3.804854187670557,-16.195145812329443,-56.19514581232944
PRICE_FUNDING_15M_GLOBAL_WINDOW,15m-0002933,bitget/gate,50,2026-06-19 11:00:00+00:00,2026-06-19 11:15:00+00:00,gate,bitget,15.132217798964632,0.0,0,0,15.132217798964632,native_15m_trade_close_plus_real_settlements,-4.867782201035368,-24.867782201035368,-64.86778220103537
PRICE_FUNDING_15M_GLOBAL_WINDOW,15m-0002934,bitget/gate,50,2026-06-20 02:30:00+00:00,2026-06-20 02:45:00+00:00,gate,bitget,17.84076798010338,0.0,0,0,17.84076798010338,native_15m_trade_close_plus_real_settlements,-2.1592320198966206,-22.15923201989662,-62.15923201989662
PRICE_FUNDING_15M_GLOBAL_WINDOW,15m-0002935,bitget/gate,50,2026-06-20 04:30:00+00:00,2026-06-20 04:45:00+00:00,gate,bitget,12.598780384404101,0.0,0,0,12.598780384404101,native_15m_trade_close_plus_real_settlements,-7.401219615595899,-27.4012196155959,-67.40121961559589
PRICE_FUNDING_15M_GLOBAL_WINDOW,15m-0002936,bitget/gate,50,2026-06-20 07:45:00+00:00,2026-06-20 08:00:00+00:00,gate,bitget,7.241174501997378,-11.76,1,1,-4.518825498002622,native_15m_trade_close_plus_real_settlements,-24.51882549800262,-44.51882549800262,-84.51882549800263
PRICE_FUNDING_15M_GLOBAL_WINDOW,15m-0002937,bitget/gate,50,2026-06-20 14:30:00+00:00,2026-06-20 14:45:00+00:00,gate,bitget,38.34669917784535,0.0,0,0,38.34669917784535,native_15m_trade_close_plus_real_settlements,18.346699177845352,-1.6533008221546481,-41.65330082215465
PRICE_FUNDING_15M_GLOBAL_WINDOW,15m-0002938,bitget/gate,50,2026-06-22 00:45:00+00:00,2026-06-22 01:45:00+00:00,gate,bitget,56.93130075110812,0.0,0,0,56.93130075110812,native_15m_trade_close_plus_real_settlements,36.93130075110812,16.931300751108118,-23.068699248891882
PRICE_FUNDING_15M_GLOBAL_WINDOW,15m-0002939,bitget/gate,50,2026-06-22 02:00:00+00:00,2026-06-22 02:15:00+00:00,gate,bitget,35.249663351215325,0.0,0,0,35.249663351215325,native_15m_trade_close_plus_real_settlements,15.249663351215325,-4.750336648784675,-44.750336648784675
PRICE_FUNDING_15M_GLOBAL_WINDOW,15m-0002940,bitget/gate,50,2026-06-22 03:00:00+00:00,2026-06-22 04:00:00+00:00,gate,bitget,24.451614911592365,0.0,0,0,24.451614911592365,native_15m_trade_close_plus_real_settlements,4.451614911592365,-15.548385088407635,-55.548385088407635
PRICE_FUNDING_15M_GLOBAL_WINDOW,15m-0002941,bitget/gate,50,2026-06-22 05:00:00+00:00,2026-06-22 05:30:00+00:00,gate,bitget,21.906797917960297,0.0,0,0,21.906797917960297,native_15m_trade_close_plus_real_settlements,1.9067979179602972,-18.093202082039703,-58.0932020820397
PRICE_FUNDING_15M_GLOBAL_WINDOW,15m-0002942,bitget/gate,50,2026-06-22 07:15:00+00:00,2026-06-22 08:15:00+00:00,gate,bitget,16.456462618223874,-23.33,1,1,-6.873537381776124,native_15m_trade_close_plus_real_settlements,-26.873537381776124,-46.873537381776124,-86.87353738177612
PRICE_FUNDING_15M_GLOBAL_WINDOW,15m-0002943,bitget/gate,50,2026-06-22 08:30:00+00:00,2026-06-22 09:00:00+00:00,gate,bitget,8.806180254355624,0.0,0,0,8.806180254355624,native_15m_trade_close_plus_real_settlements,-11.193819745644376,-31.193819745644376,-71.19381974564438
PRICE_FUNDING_15M_GLOBAL_WINDOW,15m-0002944,bitget/gate,50,2026-06-22 09:15:00+00:00,2026-06-22 13:30:00+00:00,gate,bitget,27.3049418799462,0.0,0,0,27.3049418799462,native_15m_trade_close_plus_real_settlements,7.304941879946199,-12.695058120053801,-52.6950581200538
PRICE_FUNDING_15M_GLOBAL_WINDOW,15m-0002945,bitget/gate,50,2026-06-22 14:15:00+00:00,2026-06-22 14:45:00+00:00,gate,bitget,17.76018005495554,0.0,0,0,17.76018005495554,native_15m_trade_close_plus_real_settlements,-2.2398199450444594,-22.23981994504446,-62.23981994504446
PRICE_FUNDING_15M_GLOBAL_WINDOW,15m-0002946,bitget/gate,50,2026-06-22 21:30:00+00:00,2026-06-22 21:45:00+00:00,gate,bitget,14.733924868164017,0.0,0,0,14.733924868164017,native_15m_trade_close_plus_real_settlements,-5.266075131835983,-25.266075131835983,-65.26607513183598
PRICE_FUNDING_15M_GLOBAL_WINDOW,15m-0002947,bitget/gate,50,2026-06-22 23:45:00+00:00,2026-06-23 00:00:00+00:00,gate,bitget,19.119078530937955,-1.0,1,1,18.119078530937955,native_15m_trade_close_plus_real_settlements,-1.880921469062045,-21.880921469062045,-61.880921469062045
PRICE_FUNDING_15M_GLOBAL_WINDOW,15m-0002948,bitget/gate,50,2026-06-23 00:15:00+00:00,2026-06-23 00:45:00+00:00,gate,bitget,48.358562469659674,0.0,0,0,48.358562469659674,native_15m_trade_close_plus_real_settlements,28.358562469659674,8.358562469659674,-31.641437530340326
PRICE_FUNDING_15M_GLOBAL_WINDOW,15m-0002949,bitget/gate,50,2026-06-23 02:00:00+00:00,2026-06-23 02:15:00+00:00,gate,bitget,17.50109868040456,0.0,0,0,17.50109868040456,native_15m_trade_close_plus_real_settlements,-2.49890131959544,-22.49890131959544,-62.49890131959544
PRICE_FUNDING_15M_GLOBAL_WINDOW,15m-0002950,bitget/gate,50,2026-06-23 04:45:00+00:00,2026-06-23 05:00:00+00:00,gate,bitget,22.921262324106223,0.0,0,0,22.921262324106223,native_15m_trade_close_plus_real_settlements,2.921262324106223,-17.078737675893777,-57.07873767589378
PRICE_FUNDING_15M_GLOBAL_WINDOW,15m-0002951,bitget/gate,50,2026-06-23 23:00:00+00:00,2026-06-23 23:45:00+00:00,gate,bitget,16.41427291119026,0.0,0,0,16.41427291119026,native_15m_trade_close_plus_real_settlements,-3.5857270888097403,-23.58572708880974,-63.58572708880974
PRICE_FUNDING_15M_GLOBAL_WINDOW,15m-0002952,bitget/gate,50,2026-06-24 01:45:00+00:00,2026-06-24 08:30:00+00:00,bitget,gate,95.77094598639317,-40.0,1,1,55.77094598639317,native_15m_trade_close_plus_real_settlements,35.77094598639317,15.770945986393173,-24.229054013606827
PRICE_FUNDING_15M_GLOBAL_WINDOW,15m-0002953,bitget/gate,50,2026-06-24 20:15:00+00:00,2026-06-24 20:45:00+00:00,bitget,gate,16.980940283073487,0.0,0,0,16.980940283073487,native_15m_trade_close_plus_real_settlements,-3.019059716926513,-23.019059716926513,-63.01905971692651
PRICE_FUNDING_15M_GLOBAL_WINDOW,15m-0002954,bitget/gate,50,2026-06-24 22:15:00+00:00,2026-06-24 22:45:00+00:00,bitget,gate,29.6480951384111,0.0,0,0,29.6480951384111,native_15m_trade_close_plus_real_settlements,9.648095138411101,-10.351904861588899,-50.3519048615889
PRICE_FUNDING_15M_GLOBAL_WINDOW,15m-0002955,bitget/gate,50,2026-06-24 23:00:00+00:00,2026-06-24 23:15:00+00:00,bitget,gate,17.39968569877938,0.0,0,0,17.39968569877938,native_15m_trade_close_plus_real_settlements,-2.600314301220621,-22.60031430122062,-62.60031430122062
PRICE_FUNDING_15M_GLOBAL_WINDOW,15m-0002956,bitget/gate,50,2026-06-24 23:30:00+00:00,2026-06-30 04:45:00+00:00,bitget,gate,213.01549735954785,-26.260000000000016,16,16,186.75549735954783,native_15m_trade_close_plus_real_settlements,166.75549735954783,146.75549735954783,106.75549735954783
PRICE_FUNDING_15M_GLOBAL_WINDOW,15m-0002957,bitget/gate,50,2026-06-30 06:15:00+00:00,2026-06-30 07:00:00+00:00,bitget,gate,62.98770963337893,0.0,0,0,62.98770963337893,native_15m_trade_close_plus_real_settlements,42.98770963337893,22.987709633378927,-17.012290366621073
PRICE_FUNDING_15M_GLOBAL_WINDOW,15m-0002958,bitget/gate,50,2026-06-30 08:00:00+00:00,2026-06-30 11:45:00+00:00,bitget,gate,21.56370787810163,30.0,0,1,51.56370787810163,native_15m_trade_close_plus_real_settlements,31.56370787810163,11.563707878101631,-28.43629212189837
PRICE_FUNDING_15M_GLOBAL_WINDOW,15m-0002959,bitget/gate,50,2026-06-30 12:45:00+00:00,2026-06-30 13:00:00+00:00,bitget,gate,8.833351890990379,0.0,0,0,8.833351890990379,native_15m_trade_close_plus_real_settlements,-11.166648109009621,-31.16664810900962,-71.16664810900963
PRICE_FUNDING_15M_GLOBAL_WINDOW,15m-0002960,bitget/gate,50,2026-06-30 16:00:00+00:00,2026-06-30 17:45:00+00:00,bitget,gate,13.309998153798595,1.0,0,1,14.309998153798595,native_15m_trade_close_plus_real_settlements,-5.690001846201405,-25.690001846201405,-65.6900018462014
PRICE_FUNDING_15M_GLOBAL_WINDOW,15m-0002961,bitget/gate,50,2026-06-30 20:15:00+00:00,2026-06-30 20:30:00+00:00,bitget,gate,10.170681186033008,0.0,0,0,10.170681186033008,native_15m_trade_close_plus_real_settlements,-9.829318813966992,-29.829318813966992,-69.82931881396699
PRICE_FUNDING_15M_GLOBAL_WINDOW,15m-0002962,bitget/gate,50,2026-06-30 21:45:00+00:00,2026-06-30 22:00:00+00:00,bitget,gate,3.1917639070309676,0.0,0,0,3.1917639070309676,native_15m_trade_close_plus_real_settlements,-16.808236092969032,-36.80823609296903,-76.80823609296903
PRICE_FUNDING_15M_GLOBAL_WINDOW,15m-0002963,bitget/gate,50,2026-06-30 22:30:00+00:00,2026-07-01 00:15:00+00:00,bitget,gate,37.61556722250924,1.0,1,1,38.61556722250924,native_15m_trade_close_plus_real_settlements,18.61556722250924,-1.3844327774907583,-41.38443277749076
PRICE_FUNDING_15M_GLOBAL_WINDOW,15m-0002964,bitget/gate,50,2026-07-01 00:45:00+00:00,2026-07-02 10:15:00+00:00,bitget,gate,140.3881967196527,-20.860000000000003,4,4,119.52819671965271,native_15m_trade_close_plus_real_settlements,99.52819671965271,79.52819671965271,39.52819671965271
PRICE_FUNDING_15M_GLOBAL_WINDOW,15m-0002965,bitget/gate,50,2026-07-02 10:30:00+00:00,2026-07-02 12:30:00+00:00,bitget,gate,37.04610720545745,0.0,0,0,37.04610720545745,native_15m_trade_close_plus_real_settlements,17.046107205457453,-2.953892794542547,-42.95389279454255
PRICE_FUNDING_15M_GLOBAL_WINDOW,15m-0002966,bitget/gate,50,2026-07-02 12:45:00+00:00,2026-07-02 13:00:00+00:00,bitget,gate,30.640702678320586,0.0,0,0,30.640702678320586,native_15m_trade_close_plus_real_settlements,10.640702678320586,-9.359297321679414,-49.35929732167941
PRICE_FUNDING_15M_GLOBAL_WINDOW,15m-0002967,bitget/gate,50,2026-07-02 18:45:00+00:00,2026-07-02 19:45:00+00:00,bitget,gate,10.480624077590406,0.0,0,0,10.480624077590406,native_15m_trade_close_plus_real_settlements,-9.519375922409594,-29.519375922409594,-69.5193759224096
PRICE_FUNDING_15M_GLOBAL_WINDOW,15m-0002968,bitget/gate,50,2026-07-02 20:00:00+00:00,2026-07-02 21:45:00+00:00,bitget,gate,14.117932247183532,0.0,0,0,14.117932247183532,native_15m_trade_close_plus_real_settlements,-5.882067752816468,-25.882067752816468,-65.88206775281647
PRICE_FUNDING_15M_GLOBAL_WINDOW,15m-0002969,bitget/gate,50,2026-07-02 22:00:00+00:00,2026-07-02 22:15:00+00:00,bitget,gate,3.0210484832387223,0.0,0,0,3.0210484832387223,native_15m_trade_close_plus_real_settlements,-16.978951516761278,-36.97895151676128,-76.97895151676127
PRICE_FUNDING_15M_GLOBAL_WINDOW,15m-0002970,bitget/gate,50,2026-07-02 22:45:00+00:00,2026-07-03 00:00:00+00:00,bitget,gate,32.38112543700032,1.0,1,1,33.38112543700032,native_15m_trade_close_plus_real_settlements,13.381125437000321,-6.618874562999679,-46.61887456299968
PRICE_FUNDING_15M_GLOBAL_WINDOW,15m-0002971,bitget/gate,50,2026-07-03 00:45:00+00:00,2026-07-03 04:15:00+00:00,bitget,gate,48.21555902121168,0.0,0,0,48.21555902121168,native_15m_trade_close_plus_real_settlements,28.215559021211682,8.215559021211682,-31.784440978788318
PRICE_FUNDING_15M_GLOBAL_WINDOW,15m-0002972,bitget/gate,50,2026-07-03 12:45:00+00:00,2026-07-03 13:00:00+00:00,bitget,gate,4.166172024444279,0.0,0,0,4.166172024444279,native_15m_trade_close_plus_real_settlements,-15.833827975555721,-35.83382797555572,-75.83382797555572
PRICE_FUNDING_15M_GLOBAL_WINDOW,15m-0002973,bitget/gate,50,2026-07-03 14:45:00+00:00,2026-07-03 15:00:00+00:00,bitget,gate,10.046675160197381,0.0,0,0,10.046675160197381,native_15m_trade_close_plus_real_settlements,-9.953324839802619,-29.95332483980262,-69.95332483980262
PRICE_FUNDING_15M_GLOBAL_WINDOW,15m-0002974,bitget/gate,50,2026-07-03 17:30:00+00:00,2026-07-03 17:45:00+00:00,bitget,gate,4.5320370567034445,0.0,0,0,4.5320370567034445,native_15m_trade_close_plus_real_settlements,-15.467962943296556,-35.467962943296556,-75.46796294329656
PRICE_FUNDING_15M_GLOBAL_WINDOW,15m-0002975,bitget/gate,50,2026-07-03 18:15:00+00:00,2026-07-03 18:30:00+00:00,bitget,gate,5.7703289024583455,0.0,0,0,5.7703289024583455,native_15m_trade_close_plus_real_settlements,-14.229671097541654,-34.229671097541654,-74.22967109754165
PRICE_FUNDING_15M_GLOBAL_WINDOW,15m-0002976,bitget/gate,50,2026-07-03 18:45:00+00:00,2026-07-03 19:00:00+00:00,bitget,gate,22.351960809384853,0.0,0,0,22.351960809384853,native_15m_trade_close_plus_real_settlements,2.3519608093848525,-17.648039190615147,-57.64803919061515
PRICE_FUNDING_15M_GLOBAL_WINDOW,15m-0002977,bitget/gate,50,2026-07-04 17:00:00+00:00,2026-07-04 17:15:00+00:00,bitget,gate,3.976195734290684,0.0,0,0,3.976195734290684,native_15m_trade_close_plus_real_settlements,-16.023804265709316,-36.023804265709316,-76.02380426570932
PRICE_FUNDING_15M_GLOBAL_WINDOW,15m-0002978,bitget/gate,50,2026-07-04 18:00:00+00:00,2026-07-04 18:30:00+00:00,bitget,gate,3.22608230547295,0.0,0,0,3.22608230547295,native_15m_trade_close_plus_real_settlements,-16.77391769452705,-36.77391769452705,-76.77391769452706
PRICE_FUNDING_15M_GLOBAL_WINDOW,15m-0002979,bitget/gate,50,2026-07-04 18:45:00+00:00,2026-07-04 19:30:00+00:00,bitget,gate,7.3337931871820174,0.0,0,0,7.3337931871820174,native_15m_trade_close_plus_real_settlements,-12.666206812817983,-32.66620681281798,-72.66620681281799
PRICE_FUNDING_15M_GLOBAL_WINDOW,15m-0002980,bitget/gate,50,2026-07-04 19:45:00+00:00,2026-07-04 20:00:00+00:00,bitget,gate,8.438288630665099,0.0,0,0,8.438288630665099,native_15m_trade_close_plus_real_settlements,-11.561711369334901,-31.5617113693349,-71.5617113693349
PRICE_FUNDING_15M_GLOBAL_WINDOW,15m-0002981,bitget/gate,50,2026-07-04 22:00:00+00:00,2026-07-04 22:15:00+00:00,bitget,gate,3.3248430422469326,0.0,0,0,3.3248430422469326,native_15m_trade_close_plus_real_settlements,-16.675156957753067,-36.67515695775307,-76.67515695775307
PRICE_FUNDING_15M_GLOBAL_WINDOW,15m-0002982,bitget/gate,50,2026-07-05 00:45:00+00:00,2026-07-05 01:00:00+00:00,bitget,gate,1.6607302386975675,0.0,0,0,1.6607302386975675,native_15m_trade_close_plus_real_settlements,-18.339269761302432,-38.33926976130243,-78.33926976130243
PRICE_FUNDING_15M_GLOBAL_WINDOW,15m-0002983,bitget/gate,50,2026-07-05 11:00:00+00:00,2026-07-05 13:15:00+00:00,bitget,gate,7.409912171280183,0.0,0,0,7.409912171280183,native_15m_trade_close_plus_real_settlements,-12.590087828719817,-32.59008782871982,-72.59008782871982
PRICE_FUNDING_15M_GLOBAL_WINDOW,15m-0002984,bitget/gate,50,2026-07-05 13:30:00+00:00,2026-07-05 13:45:00+00:00,bitget,gate,3.080297617791885,0.0,0,0,3.080297617791885,native_15m_trade_close_plus_real_settlements,-16.919702382208115,-36.919702382208115,-76.91970238220811
PRICE_FUNDING_15M_GLOBAL_WINDOW,15m-0002985,bitget/gate,50,2026-07-05 14:00:00+00:00,2026-07-05 14:15:00+00:00,bitget,gate,3.751433426146292,0.0,0,0,3.751433426146292,native_15m_trade_close_plus_real_settlements,-16.248566573853708,-36.24856657385371,-76.24856657385371
PRICE_FUNDING_15M_GLOBAL_WINDOW,15m-0002986,bitget/gate,50,2026-07-05 14:30:00+00:00,2026-07-05 15:00:00+00:00,bitget,gate,3.3304116763281897,0.0,0,0,3.3304116763281897,native_15m_trade_close_plus_real_settlements,-16.66958832367181,-36.66958832367181,-76.6695883236718
PRICE_FUNDING_15M_GLOBAL_WINDOW,15m-0002987,bitget/gate,50,2026-07-05 15:15:00+00:00,2026-07-05 15:30:00+00:00,bitget,gate,3.362657427171584,0.0,0,0,3.362657427171584,native_15m_trade_close_plus_real_settlements,-16.637342572828416,-36.637342572828416,-76.63734257282842
PRICE_FUNDING_15M_GLOBAL_WINDOW,15m-0002988,bitget/gate,50,2026-07-05 15:45:00+00:00,2026-07-05 16:00:00+00:00,bitget,gate,3.2956707834252086,1.0,1,1,4.295670783425209,native_15m_trade_close_plus_real_settlements,-15.704329216574791,-35.70432921657479,-75.70432921657479
PRICE_FUNDING_15M_GLOBAL_WINDOW,15m-0002989,bitget/gate,50,2026-07-06 00:00:00+00:00,2026-07-06 00:15:00+00:00,bitget,gate,35.101728967240646,1.0,0,1,36.101728967240646,native_15m_trade_close_plus_real_settlements,16.101728967240646,-3.8982710327593537,-43.898271032759354
PRICE_FUNDING_15M_GLOBAL_WINDOW,15m-0002990,bitget/gate,50,2026-07-06 02:15:00+00:00,2026-07-06 02:30:00+00:00,bitget,gate,5.382867080838466,0.0,0,0,5.382867080838466,native_15m_trade_close_plus_real_settlements,-14.617132919161534,-34.617132919161534,-74.61713291916153
PRICE_FUNDING_15M_GLOBAL_WINDOW,15m-0002991,bitget/gate,50,2026-07-06 03:00:00+00:00,2026-07-06 03:15:00+00:00,bitget,gate,14.276229713649542,0.0,0,0,14.276229713649542,native_15m_trade_close_plus_real_settlements,-5.723770286350458,-25.723770286350458,-65.72377028635046
PRICE_FUNDING_15M_GLOBAL_WINDOW,15m-0002992,bitget/gate,50,2026-07-06 03:30:00+00:00,2026-07-06 04:45:00+00:00,bitget,gate,15.540252224972804,0.0,0,0,15.540252224972804,native_15m_trade_close_plus_real_settlements,-4.459747775027196,-24.459747775027196,-64.4597477750272
PRICE_FUNDING_15M_GLOBAL_WINDOW,15m-0002993,bitget/gate,50,2026-07-06 05:15:00+00:00,2026-07-06 05:45:00+00:00,bitget,gate,10.99228833279875,0.0,0,0,10.99228833279875,native_15m_trade_close_plus_real_settlements,-9.00771166720125,-29.00771166720125,-69.00771166720125
PRICE_FUNDING_15M_GLOBAL_WINDOW,15m-0002994,bitget/gate,50,2026-07-06 06:00:00+00:00,2026-07-06 07:00:00+00:00,bitget,gate,7.837301200509799,0.0,0,0,7.837301200509799,native_15m_trade_close_plus_real_settlements,-12.162698799490201,-32.1626987994902,-72.1626987994902
PRICE_FUNDING_15M_GLOBAL_WINDOW,15m-0002995,bitget/gate,50,2026-07-06 07:15:00+00:00,2026-07-06 07:45:00+00:00,bitget,gate,12.394946709669647,0.0,0,0,12.394946709669647,native_15m_trade_close_plus_real_settlements,-7.605053290330353,-27.605053290330353,-67.60505329033035
PRICE_FUNDING_15M_GLOBAL_WINDOW,15m-0002996,bitget/gate,50,2026-07-06 09:00:00+00:00,2026-07-06 09:15:00+00:00,bitget,gate,6.374289261879994,0.0,0,0,6.374289261879994,native_15m_trade_close_plus_real_settlements,-13.625710738120006,-33.625710738120006,-73.62571073812
PRICE_FUNDING_15M_GLOBAL_WINDOW,15m-0002997,bitget/gate,50,2026-07-06 09:45:00+00:00,2026-07-06 10:00:00+00:00,bitget,gate,2.586097890102664,0.0,0,0,2.586097890102664,native_15m_trade_close_plus_real_settlements,-17.413902109897336,-37.413902109897336,-77.41390210989734
PRICE_FUNDING_15M_GLOBAL_WINDOW,15m-0002998,bitget/gate,50,2026-07-06 13:30:00+00:00,2026-07-06 13:45:00+00:00,bitget,gate,16.49805071568177,0.0,0,0,16.49805071568177,native_15m_trade_close_plus_real_settlements,-3.501949284318229,-23.50194928431823,-63.50194928431823
PRICE_FUNDING_15M_GLOBAL_WINDOW,15m-0002999,bitget/gate,50,2026-07-07 00:45:00+00:00,2026-07-07 04:30:00+00:00,bitget,gate,28.437094423000758,0.0,0,0,28.437094423000758,native_15m_trade_close_plus_real_settlements,8.437094423000758,-11.562905576999242,-51.56290557699924
PRICE_FUNDING_15M_GLOBAL_WINDOW,15m-0003000,bitget/gate,50,2026-07-07 04:45:00+00:00,2026-07-07 05:45:00+00:00,bitget,gate,9.230618415712776,0.0,0,0,9.230618415712776,native_15m_trade_close_plus_real_settlements,-10.769381584287224,-30.769381584287224,-70.76938158428723
PRICE_FUNDING_15M_GLOBAL_WINDOW,15m-0003001,bitget/gate,50,2026-07-07 06:00:00+00:00,2026-07-07 06:30:00+00:00,bitget,gate,9.27952022115894,0.0,0,0,9.27952022115894,native_15m_trade_close_plus_real_settlements,-10.72047977884106,-30.72047977884106,-70.72047977884105
PRICE_FUNDING_15M_GLOBAL_WINDOW,15m-0003002,bitget/gate,50,2026-07-07 06:45:00+00:00,2026-07-13 13:15:00+00:00,bitget,gate,240.81094978613757,-35.570000000000014,19,19,205.24094978613755,native_15m_trade_close_plus_real_settlements,185.24094978613755,165.24094978613755,125.24094978613755
PRICE_FUNDING_15M_GLOBAL_WINDOW,15m-0003003,bitget/gate,50,2026-07-13 14:00:00+00:00,2026-07-17 13:45:00+00:00,bitget,gate,142.15383425791643,37.670000000000016,22,21,179.82383425791645,native_15m_trade_close_plus_real_settlements,159.82383425791645,139.82383425791645,99.82383425791645
PRICE_FUNDING_15M_GLOBAL_WINDOW,15m-0003004,bitget/gate,50,2026-07-17 14:00:00+00:00,2026-07-17 15:45:00+00:00,bitget,gate,33.57450143094224,0.0,0,0,33.57450143094224,native_15m_trade_close_plus_real_settlements,13.574501430942242,-6.425498569057758,-46.42549856905776
PRICE_FUNDING_15M_GLOBAL_WINDOW,15m-0003005,bitget/gate,50,2026-07-17 16:00:00+00:00,2026-07-17 19:00:00+00:00,bitget,gate,59.93381645108853,5.0,0,1,64.93381645108853,native_15m_trade_close_plus_real_settlements,44.93381645108853,24.933816451088532,-15.066183548911468
PRICE_FUNDING_15M_GLOBAL_WINDOW,15m-0003095,bitget/gate,100,2026-06-24 01:45:00+00:00,2026-06-24 02:00:00+00:00,bitget,gate,37.97063068211945,0.0,0,0,37.97063068211945,native_15m_trade_close_plus_real_settlements,17.97063068211945,-2.029369317880551,-42.02936931788055
PRICE_FUNDING_15M_GLOBAL_WINDOW,15m-0003096,bitget/gate,100,2026-06-24 03:00:00+00:00,2026-06-24 03:45:00+00:00,bitget,gate,15.19183715012322,0.0,0,0,15.19183715012322,native_15m_trade_close_plus_real_settlements,-4.80816284987678,-24.80816284987678,-64.80816284987678
PRICE_FUNDING_15M_GLOBAL_WINDOW,15m-0003097,bitget/gate,100,2026-06-24 04:30:00+00:00,2026-06-24 07:00:00+00:00,bitget,gate,42.32948163934968,0.0,0,0,42.32948163934968,native_15m_trade_close_plus_real_settlements,22.32948163934968,2.32948163934968,-37.67051836065032
PRICE_FUNDING_15M_GLOBAL_WINDOW,15m-0003098,bitget/gate,100,2026-06-24 07:45:00+00:00,2026-06-24 08:00:00+00:00,bitget,gate,64.34867898973286,-40.0,1,1,24.34867898973286,native_15m_trade_close_plus_real_settlements,4.348678989732861,-15.65132101026714,-55.65132101026714
PRICE_FUNDING_15M_GLOBAL_WINDOW,15m-0003099,bitget/gate,100,2026-06-25 00:00:00+00:00,2026-06-25 00:15:00+00:00,bitget,gate,56.12043845707615,30.0,0,1,86.12043845707615,native_15m_trade_close_plus_real_settlements,66.12043845707615,46.12043845707615,6.120438457076148
PRICE_FUNDING_15M_GLOBAL_WINDOW,15m-0003100,bitget/gate,100,2026-06-25 00:45:00+00:00,2026-06-25 04:45:00+00:00,bitget,gate,64.61850022391236,0.0,0,0,64.61850022391236,native_15m_trade_close_plus_real_settlements,44.61850022391236,24.618500223912363,-15.381499776087637
PRICE_FUNDING_15M_GLOBAL_WINDOW,15m-0003101,bitget/gate,100,2026-06-25 06:15:00+00:00,2026-06-25 06:30:00+00:00,bitget,gate,40.47457867091548,0.0,0,0,40.47457867091548,native_15m_trade_close_plus_real_settlements,20.474578670915477,0.4745786709154771,-39.52542132908452
PRICE_FUNDING_15M_GLOBAL_WINDOW,15m-0003102,bitget/gate,100,2026-06-25 06:45:00+00:00,2026-06-25 07:00:00+00:00,bitget,gate,14.605604844323736,0.0,0,0,14.605604844323736,native_15m_trade_close_plus_real_settlements,-5.394395155676264,-25.394395155676264,-65.39439515567626
PRICE_FUNDING_15M_GLOBAL_WINDOW,15m-0003103,bitget/gate,100,2026-06-25 08:00:00+00:00,2026-06-25 12:45:00+00:00,bitget,gate,43.44466329151949,30.0,0,1,73.44466329151949,native_15m_trade_close_plus_real_settlements,53.44466329151949,33.44466329151949,-6.55533670848051
PRICE_FUNDING_15M_GLOBAL_WINDOW,15m-0003104,bitget/gate,100,2026-06-25 13:15:00+00:00,2026-06-25 13:45:00+00:00,bitget,gate,8.156376263087296,0.0,0,0,8.156376263087296,native_15m_trade_close_plus_real_settlements,-11.843623736912704,-31.843623736912704,-71.8436237369127
PRICE_FUNDING_15M_GLOBAL_WINDOW,15m-0003105,bitget/gate,100,2026-06-25 14:45:00+00:00,2026-06-25 15:15:00+00:00,bitget,gate,16.652236139363325,0.0,0,0,16.652236139363325,native_15m_trade_close_plus_real_settlements,-3.3477638606366753,-23.347763860636675,-63.347763860636675
PRICE_FUNDING_15M_GLOBAL_WINDOW,15m-0003106,bitget/gate,100,2026-06-25 16:00:00+00:00,2026-06-26 06:45:00+00:00,bitget,gate,100.1548382303279,2.0,1,2,102.1548382303279,native_15m_trade_close_plus_real_settlements,82.1548382303279,62.1548382303279,22.154838230327897
PRICE_FUNDING_15M_GLOBAL_WINDOW,15m-0003107,bitget/gate,100,2026-06-26 07:00:00+00:00,2026-06-26 08:45:00+00:00,bitget,gate,50.09260233017646,-20.0,1,1,30.09260233017646,native_15m_trade_close_plus_real_settlements,10.092602330176462,-9.907397669823538,-49.90739766982354
PRICE_FUNDING_15M_GLOBAL_WINDOW,15m-0003108,bitget/gate,100,2026-06-26 09:45:00+00:00,2026-06-26 14:00:00+00:00,bitget,gate,35.453994081321824,0.0,0,0,35.453994081321824,native_15m_trade_close_plus_real_settlements,15.453994081321824,-4.546005918678176,-44.546005918678176
PRICE_FUNDING_15M_GLOBAL_WINDOW,15m-0003109,bitget/gate,100,2026-06-26 17:15:00+00:00,2026-06-26 19:15:00+00:00,bitget,gate,42.81789978559257,0.0,0,0,42.81789978559257,native_15m_trade_close_plus_real_settlements,22.817899785592573,2.817899785592573,-37.18210021440743
PRICE_FUNDING_15M_GLOBAL_WINDOW,15m-0003110,bitget/gate,100,2026-06-26 20:15:00+00:00,2026-06-27 00:45:00+00:00,bitget,gate,52.811493280987946,3.36,1,1,56.171493280987946,native_15m_trade_close_plus_real_settlements,36.171493280987946,16.171493280987946,-23.828506719012054
PRICE_FUNDING_15M_GLOBAL_WINDOW,15m-0003111,bitget/gate,100,2026-06-27 01:30:00+00:00,2026-06-27 02:15:00+00:00,bitget,gate,22.426643315910297,0.0,0,0,22.426643315910297,native_15m_trade_close_plus_real_settlements,2.4266433159102974,-17.573356684089703,-57.5733566840897
PRICE_FUNDING_15M_GLOBAL_WINDOW,15m-0003112,bitget/gate,100,2026-06-27 02:45:00+00:00,2026-06-27 06:15:00+00:00,bitget,gate,28.20181897313512,0.0,0,0,28.20181897313512,native_15m_trade_close_plus_real_settlements,8.201818973135119,-11.798181026864881,-51.79818102686488
PRICE_FUNDING_15M_GLOBAL_WINDOW,15m-0003113,bitget/gate,100,2026-06-27 06:30:00+00:00,2026-06-27 07:15:00+00:00,bitget,gate,16.005598897997103,0.0,0,0,16.005598897997103,native_15m_trade_close_plus_real_settlements,-3.9944011020028967,-23.994401102002897,-63.9944011020029
PRICE_FUNDING_15M_GLOBAL_WINDOW,15m-0003114,bitget/gate,100,2026-06-27 07:45:00+00:00,2026-06-27 08:00:00+00:00,bitget,gate,5.9896816154695784,2.79,1,1,8.779681615469578,native_15m_trade_close_plus_real_settlements,-11.220318384530422,-31.220318384530422,-71.22031838453043
PRICE_FUNDING_15M_GLOBAL_WINDOW,15m-0003115,bitget/gate,100,2026-06-27 09:15:00+00:00,2026-06-27 09:30:00+00:00,bitget,gate,18.744156250401332,0.0,0,0,18.744156250401332,native_15m_trade_close_plus_real_settlements,-1.255843749598668,-21.255843749598668,-61.25584374959867
PRICE_FUNDING_15M_GLOBAL_WINDOW,15m-0003116,bitget/gate,100,2026-06-27 14:00:00+00:00,2026-06-27 19:00:00+00:00,bitget,gate,36.68700120939526,2.18,1,1,38.86700120939526,native_15m_trade_close_plus_real_settlements,18.867001209395262,-1.1329987906047378,-41.13299879060474
PRICE_FUNDING_15M_GLOBAL_WINDOW,15m-0003117,bitget/gate,100,2026-06-28 00:45:00+00:00,2026-06-28 05:30:00+00:00,bitget,gate,40.76318378585154,0.0,0,0,40.76318378585154,native_15m_trade_close_plus_real_settlements,20.76318378585154,0.7631837858515382,-39.23681621414846
PRICE_FUNDING_15M_GLOBAL_WINDOW,15m-0003118,bitget/gate,100,2026-06-28 07:30:00+00:00,2026-06-30 03:45:00+00:00,bitget,gate,181.76822155123668,-34.71,6,6,147.05822155123667,native_15m_trade_close_plus_real_settlements,127.05822155123667,107.05822155123667,67.05822155123667
PRICE_FUNDING_15M_GLOBAL_WINDOW,15m-0003119,bitget/gate,100,2026-06-30 06:15:00+00:00,2026-06-30 06:30:00+00:00,bitget,gate,45.28670785666115,0.0,0,0,45.28670785666115,native_15m_trade_close_plus_real_settlements,25.286707856661153,5.2867078566611525,-34.71329214333885
PRICE_FUNDING_15M_GLOBAL_WINDOW,15m-0003120,bitget/gate,100,2026-07-01 02:00:00+00:00,2026-07-01 02:30:00+00:00,bitget,gate,34.21164822438729,0.0,0,0,34.21164822438729,native_15m_trade_close_plus_real_settlements,14.21164822438729,-5.7883517756127105,-45.78835177561271
PRICE_FUNDING_15M_GLOBAL_WINDOW,15m-0003121,bitget/gate,100,2026-07-01 04:00:00+00:00,2026-07-01 04:15:00+00:00,bitget,gate,19.497942421220216,0.0,0,0,19.497942421220216,native_15m_trade_close_plus_real_settlements,-0.5020575787797839,-20.502057578779784,-60.502057578779784
PRICE_FUNDING_15M_GLOBAL_WINDOW,15m-0003122,bitget/gate,100,2026-07-01 06:15:00+00:00,2026-07-01 07:15:00+00:00,bitget,gate,37.637092264643385,0.0,0,0,37.637092264643385,native_15m_trade_close_plus_real_settlements,17.637092264643385,-2.3629077353566146,-42.362907735356615
PRICE_FUNDING_15M_GLOBAL_WINDOW,15m-0003123,bitget/gate,100,2026-07-01 07:30:00+00:00,2026-07-01 23:45:00+00:00,bitget,gate,86.71015300684158,-2.000000000000001,2,2,84.71015300684158,native_15m_trade_close_plus_real_settlements,64.71015300684158,44.71015300684158,4.71015300684158
PRICE_FUNDING_15M_GLOBAL_WINDOW,15m-0003124,bitget/gate,100,2026-07-02 00:15:00+00:00,2026-07-02 00:45:00+00:00,bitget,gate,16.051064852950205,0.0,0,0,16.051064852950205,native_15m_trade_close_plus_real_settlements,-3.948935147049795,-23.948935147049795,-63.948935147049795
PRICE_FUNDING_15M_GLOBAL_WINDOW,15m-0003125,bitget/gate,100,2026-07-02 01:00:00+00:00,2026-07-02 02:00:00+00:00,bitget,gate,17.48874515028743,0.0,0,0,17.48874515028743,native_15m_trade_close_plus_real_settlements,-2.5112548497125715,-22.51125484971257,-62.51125484971257
PRICE_FUNDING_15M_GLOBAL_WINDOW,15m-0003126,bitget/gate,100,2026-07-02 02:15:00+00:00,2026-07-02 03:00:00+00:00,bitget,gate,24.81589600370465,0.0,0,0,24.81589600370465,native_15m_trade_close_plus_real_settlements,4.815896003704651,-15.184103996295349,-55.18410399629535
PRICE_FUNDING_15M_GLOBAL_WINDOW,15m-0003127,bitget/gate,100,2026-07-02 03:15:00+00:00,2026-07-02 06:00:00+00:00,bitget,gate,41.83895896862293,0.0,0,0,41.83895896862293,native_15m_trade_close_plus_real_settlements,21.838958968622933,1.8389589686229328,-38.16104103137707
PRICE_FUNDING_15M_GLOBAL_WINDOW,15m-0003128,bitget/gate,100,2026-07-02 06:15:00+00:00,2026-07-02 08:00:00+00:00,bitget,gate,93.83193078639961,-20.0,1,1,73.83193078639961,native_15m_trade_close_plus_real_settlements,53.83193078639961,33.83193078639961,-6.16806921360039
PRICE_FUNDING_15M_GLOBAL_WINDOW,15m-0003129,bitget/gate,100,2026-07-07 06:45:00+00:00,2026-07-07 08:15:00+00:00,bitget,gate,58.51852259324285,-20.0,1,1,38.51852259324285,native_15m_trade_close_plus_real_settlements,18.51852259324285,-1.4814774067571506,-41.48147740675715
PRICE_FUNDING_15M_GLOBAL_WINDOW,15m-0003130,bitget/gate,100,2026-07-07 11:45:00+00:00,2026-07-07 12:30:00+00:00,bitget,gate,21.440762569549463,0.0,0,0,21.440762569549463,native_15m_trade_close_plus_real_settlements,1.440762569549463,-18.559237430450537,-58.55923743045054
PRICE_FUNDING_15M_GLOBAL_WINDOW,15m-0003131,bitget/gate,100,2026-07-07 14:00:00+00:00,2026-07-07 15:00:00+00:00,bitget,gate,15.728741112604467,0.0,0,0,15.728741112604467,native_15m_trade_close_plus_real_settlements,-4.271258887395533,-24.271258887395533,-64.27125888739553
PRICE_FUNDING_15M_GLOBAL_WINDOW,15m-0003132,bitget/gate,100,2026-07-07 15:15:00+00:00,2026-07-07 15:30:00+00:00,bitget,gate,9.797611991816922,0.0,0,0,9.797611991816922,native_15m_trade_close_plus_real_settlements,-10.202388008183078,-30.20238800818308,-70.20238800818308
PRICE_FUNDING_15M_GLOBAL_WINDOW,15m-0003133,bitget/gate,100,2026-07-07 16:15:00+00:00,2026-07-07 17:45:00+00:00,bitget,gate,25.9363644361905,0.0,0,0,25.9363644361905,native_15m_trade_close_plus_real_settlements,5.936364436190502,-14.063635563809498,-54.0636355638095
PRICE_FUNDING_15M_GLOBAL_WINDOW,15m-0003134,bitget/gate,100,2026-07-07 18:00:00+00:00,2026-07-07 19:15:00+00:00,bitget,gate,18.66383800586121,0.0,0,0,18.66383800586121,native_15m_trade_close_plus_real_settlements,-1.3361619941387914,-21.33616199413879,-61.33616199413879
PRICE_FUNDING_15M_GLOBAL_WINDOW,15m-0003135,bitget/gate,100,2026-07-07 19:30:00+00:00,2026-07-07 19:45:00+00:00,bitget,gate,8.668960696717988,0.0,0,0,8.668960696717988,native_15m_trade_close_plus_real_settlements,-11.331039303282012,-31.33103930328201,-71.33103930328201
PRICE_FUNDING_15M_GLOBAL_WINDOW,15m-0003136,bitget/gate,100,2026-07-07 20:00:00+00:00,2026-07-07 20:30:00+00:00,bitget,gate,5.380235221416214,0.0,0,0,5.380235221416214,native_15m_trade_close_plus_real_settlements,-14.619764778583786,-34.619764778583786,-74.61976477858379
PRICE_FUNDING_15M_GLOBAL_WINDOW,15m-0003137,bitget/gate,100,2026-07-07 20:45:00+00:00,2026-07-07 21:00:00+00:00,bitget,gate,8.476096232011315,0.0,0,0,8.476096232011315,native_15m_trade_close_plus_real_settlements,-11.523903767988685,-31.523903767988685,-71.52390376798868
PRICE_FUNDING_15M_GLOBAL_WINDOW,15m-0003138,bitget/gate,100,2026-07-07 22:30:00+00:00,2026-07-07 22:45:00+00:00,bitget,gate,3.201657027157111,0.0,0,0,3.201657027157111,native_15m_trade_close_plus_real_settlements,-16.79834297284289,-36.79834297284289,-76.79834297284289
PRICE_FUNDING_15M_GLOBAL_WINDOW,15m-0003139,bitget/gate,100,2026-07-07 23:00:00+00:00,2026-07-07 23:30:00+00:00,bitget,gate,19.919366899965,0.0,0,0,19.919366899965,native_15m_trade_close_plus_real_settlements,-0.08063310003500135,-20.080633100035,-60.080633100035
PRICE_FUNDING_15M_GLOBAL_WINDOW,15m-0003140,bitget/gate,100,2026-07-08 01:45:00+00:00,2026-07-08 02:00:00+00:00,bitget,gate,4.07964901931652,0.0,0,0,4.07964901931652,native_15m_trade_close_plus_real_settlements,-15.92035098068348,-35.92035098068348,-75.92035098068348
PRICE_FUNDING_15M_GLOBAL_WINDOW,15m-0003141,bitget/gate,100,2026-07-08 03:45:00+00:00,2026-07-08 04:15:00+00:00,bitget,gate,22.528067775215945,0.0,0,0,22.528067775215945,native_15m_trade_close_plus_real_settlements,2.528067775215945,-17.471932224784055,-57.471932224784055
PRICE_FUNDING_15M_GLOBAL_WINDOW,15m-0003142,bitget/gate,100,2026-07-08 04:30:00+00:00,2026-07-08 10:00:00+00:00,bitget,gate,48.18918896197572,-8.449999999999998,1,1,39.73918896197572,native_15m_trade_close_plus_real_settlements,19.73918896197572,-0.2608110380242792,-40.26081103802428
PRICE_FUNDING_15M_GLOBAL_WINDOW,15m-0003143,bitget/gate,100,2026-07-08 10:15:00+00:00,2026-07-08 10:30:00+00:00,bitget,gate,11.842408041376743,0.0,0,0,11.842408041376743,native_15m_trade_close_plus_real_settlements,-8.157591958623257,-28.157591958623257,-68.15759195862326
PRICE_FUNDING_15M_GLOBAL_WINDOW,15m-0003144,bitget/gate,100,2026-07-08 10:45:00+00:00,2026-07-08 14:15:00+00:00,bitget,gate,18.350071917948952,0.0,0,0,18.350071917948952,native_15m_trade_close_plus_real_settlements,-1.6499280820510478,-21.649928082051048,-61.64992808205105
PRICE_FUNDING_15M_GLOBAL_WINDOW,15m-0003145,bitget/gate,100,2026-07-08 14:45:00+00:00,2026-07-08 15:00:00+00:00,bitget,gate,7.294981521943072,0.0,0,0,7.294981521943072,native_15m_trade_close_plus_real_settlements,-12.705018478056928,-32.70501847805693,-72.70501847805693
PRICE_FUNDING_15M_GLOBAL_WINDOW,15m-0003146,bitget/gate,100,2026-07-08 15:15:00+00:00,2026-07-13 13:15:00+00:00,bitget,gate,240.81094978613757,-9.469999999999999,15,15,231.34094978613757,native_15m_trade_close_plus_real_settlements,211.34094978613757,191.34094978613757,151.34094978613757
PRICE_FUNDING_15M_GLOBAL_WINDOW,15m-0003147,bitget/gate,100,2026-07-13 14:30:00+00:00,2026-07-13 14:45:00+00:00,bitget,gate,1.5470916540596136,0.0,0,0,1.5470916540596136,native_15m_trade_close_plus_real_settlements,-18.452908345940386,-38.452908345940386,-78.45290834594039
PRICE_FUNDING_15M_GLOBAL_WINDOW,15m-0003148,bitget/gate,100,2026-07-13 15:15:00+00:00,2026-07-13 15:45:00+00:00,bitget,gate,19.456090332265532,0.0,0,0,19.456090332265532,native_15m_trade_close_plus_real_settlements,-0.5439096677344679,-20.543909667734468,-60.54390966773447
PRICE_FUNDING_15M_GLOBAL_WINDOW,15m-0003149,bitget/gate,100,2026-07-13 16:00:00+00:00,2026-07-13 16:30:00+00:00,bitget,gate,26.503300631414007,14.26,0,1,40.763300631414005,native_15m_trade_close_plus_real_settlements,20.763300631414005,0.7633006314140047,-39.236699368585995
PRICE_FUNDING_15M_GLOBAL_WINDOW,15m-0003150,bitget/gate,100,2026-07-13 17:00:00+00:00,2026-07-13 19:30:00+00:00,bitget,gate,55.468585470228476,0.0,0,0,55.468585470228476,native_15m_trade_close_plus_real_settlements,35.468585470228476,15.468585470228476,-24.531414529771524
PRICE_FUNDING_15M_GLOBAL_WINDOW,15m-0003151,bitget/gate,100,2026-07-13 20:00:00+00:00,2026-07-13 23:00:00+00:00,bitget,gate,61.95942801559222,0.0,0,0,61.95942801559222,native_15m_trade_close_plus_real_settlements,41.95942801559222,21.959428015592223,-18.040571984407777
PRICE_FUNDING_15M_GLOBAL_WINDOW,15m-0003152,bitget/gate,100,2026-07-14 01:00:00+00:00,2026-07-14 01:15:00+00:00,bitget,gate,34.951200402488,0.0,0,0,34.951200402488,native_15m_trade_close_plus_real_settlements,14.951200402487999,-5.0487995975120015,-45.048799597512
PRICE_FUNDING_15M_GLOBAL_WINDOW,15m-0003153,bitget/gate,100,2026-07-14 03:45:00+00:00,2026-07-14 05:00:00+00:00,bitget,gate,34.22401896489745,0.0,0,0,34.22401896489745,native_15m_trade_close_plus_real_settlements,14.224018964897454,-5.7759810351025465,-45.77598103510255
PRICE_FUNDING_15M_GLOBAL_WINDOW,15m-0003154,bitget/gate,100,2026-07-14 05:15:00+00:00,2026-07-14 08:00:00+00:00,bitget,gate,34.852842469451986,-20.0,1,1,14.852842469451986,native_15m_trade_close_plus_real_settlements,-5.147157530548014,-25.147157530548014,-65.14715753054801
PRICE_FUNDING_15M_GLOBAL_WINDOW,15m-0003155,bitget/gate,100,2026-07-14 08:15:00+00:00,2026-07-14 08:45:00+00:00,bitget,gate,11.151738710560963,0.0,0,0,11.151738710560963,native_15m_trade_close_plus_real_settlements,-8.848261289439037,-28.848261289439037,-68.84826128943904
PRICE_FUNDING_15M_GLOBAL_WINDOW,15m-0003156,bitget/gate,100,2026-07-14 09:00:00+00:00,2026-07-14 10:30:00+00:00,bitget,gate,20.5526351079848,0.0,0,0,20.5526351079848,native_15m_trade_close_plus_real_settlements,0.5526351079847984,-19.4473648920152,-59.4473648920152
PRICE_FUNDING_15M_GLOBAL_WINDOW,15m-0003157,bitget/gate,100,2026-07-14 10:45:00+00:00,2026-07-14 11:00:00+00:00,bitget,gate,5.297430833305796,0.0,0,0,5.297430833305796,native_15m_trade_close_plus_real_settlements,-14.702569166694204,-34.702569166694204,-74.7025691666942
PRICE_FUNDING_15M_GLOBAL_WINDOW,15m-0003158,bitget/gate,100,2026-07-14 11:15:00+00:00,2026-07-17 01:15:00+00:00,bitget,gate,103.52523872441441,-1.5599999999999945,16,15,101.96523872441442,native_15m_trade_close_plus_real_settlements,81.96523872441442,61.96523872441442,21.96523872441442
PRICE_FUNDING_15M_GLOBAL_WINDOW,15m-0003159,bitget/gate,100,2026-07-17 01:30:00+00:00,2026-07-17 02:30:00+00:00,bitget,gate,26.31398052878329,0.0,0,0,26.31398052878329,native_15m_trade_close_plus_real_settlements,6.31398052878329,-13.68601947121671,-53.68601947121671
PRICE_FUNDING_15M_GLOBAL_WINDOW,15m-0003160,bitget/gate,100,2026-07-17 03:45:00+00:00,2026-07-17 05:15:00+00:00,bitget,gate,17.43983461098847,33.97,1,1,51.40983461098847,native_15m_trade_close_plus_real_settlements,31.40983461098847,11.409834610988469,-28.59016538901153
PRICE_FUNDING_15M_GLOBAL_WINDOW,15m-0003161,bitget/gate,100,2026-07-17 06:00:00+00:00,2026-07-17 06:45:00+00:00,bitget,gate,8.347779657703754,0.0,0,0,8.347779657703754,native_15m_trade_close_plus_real_settlements,-11.652220342296246,-31.652220342296246,-71.65222034229625
PRICE_FUNDING_15M_GLOBAL_WINDOW,15m-0003162,bitget/gate,100,2026-07-17 07:00:00+00:00,2026-07-17 07:15:00+00:00,bitget,gate,6.758936008362838,0.0,0,0,6.758936008362838,native_15m_trade_close_plus_real_settlements,-13.241063991637162,-33.24106399163716,-73.24106399163716
PRICE_FUNDING_15M_GLOBAL_WINDOW,15m-0003163,bitget/gate,100,2026-07-17 10:00:00+00:00,2026-07-17 10:30:00+00:00,bitget,gate,17.660317004538697,0.0,0,0,17.660317004538697,native_15m_trade_close_plus_real_settlements,-2.3396829954613025,-22.339682995461303,-62.3396829954613
PRICE_FUNDING_15M_GLOBAL_WINDOW,15m-0003164,bitget/gate,100,2026-07-17 11:45:00+00:00,2026-07-17 12:30:00+00:00,bitget,gate,15.256861988452911,5.0,1,1,20.25686198845291,native_15m_trade_close_plus_real_settlements,0.2568619884529113,-19.74313801154709,-59.74313801154709
PRICE_FUNDING_15M_GLOBAL_WINDOW,15m-0003235,bitget/gate,150,2026-06-25 01:45:00+00:00,2026-06-25 02:30:00+00:00,bitget,gate,44.79210583761078,0.0,0,0,44.79210583761078,native_15m_trade_close_plus_real_settlements,24.792105837610777,4.792105837610777,-35.20789416238922
PRICE_FUNDING_15M_GLOBAL_WINDOW,15m-0003236,bitget/gate,150,2026-06-26 01:30:00+00:00,2026-06-26 05:15:00+00:00,bitget,gate,67.23855859785863,0.0,0,0,67.23855859785863,native_15m_trade_close_plus_real_settlements,47.23855859785863,27.238558597858628,-12.761441402141372
PRICE_FUNDING_15M_GLOBAL_WINDOW,15m-0003237,bitget/gate,150,2026-06-26 06:00:00+00:00,2026-06-26 06:30:00+00:00,bitget,gate,60.54583945119006,0.0,0,0,60.54583945119006,native_15m_trade_close_plus_real_settlements,40.54583945119006,20.545839451190062,-19.454160548809938
PRICE_FUNDING_15M_GLOBAL_WINDOW,15m-0003238,bitget/gate,150,2026-06-29 00:45:00+00:00,2026-06-29 08:00:00+00:00,bitget,gate,123.68105132938172,-45.00000000000001,1,1,78.68105132938172,native_15m_trade_close_plus_real_settlements,58.68105132938172,38.68105132938172,-1.3189486706182834
PRICE_FUNDING_15M_GLOBAL_WINDOW,15m-0003239,bitget/gate,150,2026-06-29 20:45:00+00:00,2026-06-29 21:30:00+00:00,bitget,gate,17.294777264707932,0.0,0,0,17.294777264707932,native_15m_trade_close_plus_real_settlements,-2.705222735292068,-22.705222735292068,-62.70522273529207
PRICE_FUNDING_15M_GLOBAL_WINDOW,15m-0003240,bitget/gate,150,2026-06-29 21:45:00+00:00,2026-06-29 22:00:00+00:00,bitget,gate,27.915833558410526,0.0,0,0,27.915833558410526,native_15m_trade_close_plus_real_settlements,7.915833558410526,-12.084166441589474,-52.084166441589474
PRICE_FUNDING_15M_GLOBAL_WINDOW,15m-0003241,bitget/gate,150,2026-06-30 00:00:00+00:00,2026-06-30 00:15:00+00:00,bitget,gate,24.58275892486219,1.0,0,1,25.58275892486219,native_15m_trade_close_plus_real_settlements,5.5827589248621905,-14.41724107513781,-54.41724107513781
PRICE_FUNDING_15M_GLOBAL_WINDOW,15m-0003242,bitget/gate,150,2026-06-30 00:45:00+00:00,2026-06-30 01:45:00+00:00,bitget,gate,16.128509896001532,0.0,0,0,16.128509896001532,native_15m_trade_close_plus_real_settlements,-3.871490103998468,-23.871490103998468,-63.87149010399847
PRICE_FUNDING_15M_GLOBAL_WINDOW,15m-0003243,bitget/gate,150,2026-06-30 02:00:00+00:00,2026-06-30 02:15:00+00:00,bitget,gate,35.42014732891943,0.0,0,0,35.42014732891943,native_15m_trade_close_plus_real_settlements,15.420147328919427,-4.579852671080573,-44.57985267108057
PRICE_FUNDING_15M_GLOBAL_WINDOW,15m-0003244,bitget/gate,150,2026-07-01 18:30:00+00:00,2026-07-01 18:45:00+00:00,bitget,gate,5.993259701223764,0.0,0,0,5.993259701223764,native_15m_trade_close_plus_real_settlements,-14.006740298776236,-34.006740298776236,-74.00674029877624
PRICE_FUNDING_15M_GLOBAL_WINDOW,15m-0003245,bitget/gate,150,2026-07-01 19:15:00+00:00,2026-07-01 21:45:00+00:00,bitget,gate,24.035830656109283,0.0,0,0,24.035830656109283,native_15m_trade_close_plus_real_settlements,4.035830656109283,-15.964169343890717,-55.96416934389072
PRICE_FUNDING_15M_GLOBAL_WINDOW,15m-0003246,bitget/gate,150,2026-07-01 22:15:00+00:00,2026-07-01 23:30:00+00:00,bitget,gate,32.56337234881582,0.0,0,0,32.56337234881582,native_15m_trade_close_plus_real_settlements,12.563372348815818,-7.436627651184182,-47.43662765118418
PRICE_FUNDING_15M_GLOBAL_WINDOW,15m-0003247,bitget/gate,150,2026-07-02 06:15:00+00:00,2026-07-02 06:30:00+00:00,bitget,gate,75.01823302704084,0.0,0,0,75.01823302704084,native_15m_trade_close_plus_real_settlements,55.018233027040836,35.018233027040836,-4.981766972959164
PRICE_FUNDING_15M_GLOBAL_WINDOW,15m-0003248,bitget/gate,150,2026-07-02 07:30:00+00:00,2026-07-02 07:45:00+00:00,bitget,gate,4.897141261127473,0.0,0,0,4.897141261127473,native_15m_trade_close_plus_real_settlements,-15.102858738872527,-35.10285873887253,-75.10285873887253
PRICE_FUNDING_15M_GLOBAL_WINDOW,15m-0003249,bitget/gate,150,2026-07-08 17:15:00+00:00,2026-07-08 19:30:00+00:00,bitget,gate,33.3035600303991,0.0,0,0,33.3035600303991,native_15m_trade_close_plus_real_settlements,13.303560030399098,-6.6964399696009025,-46.6964399696009
PRICE_FUNDING_15M_GLOBAL_WINDOW,15m-0003250,bitget/gate,150,2026-07-09 07:15:00+00:00,2026-07-09 07:30:00+00:00,bitget,gate,13.836164217756505,0.0,0,0,13.836164217756505,native_15m_trade_close_plus_real_settlements,-6.1638357822434955,-26.163835782243495,-66.1638357822435
PRICE_FUNDING_15M_GLOBAL_WINDOW,15m-0003251,bitget/gate,150,2026-07-09 07:45:00+00:00,2026-07-09 08:00:00+00:00,bitget,gate,13.234006937705914,-10.899999999999999,1,1,2.334006937705915,native_15m_trade_close_plus_real_settlements,-17.665993062294085,-37.665993062294085,-77.66599306229409
PRICE_FUNDING_15M_GLOBAL_WINDOW,15m-0003252,bitget/gate,150,2026-07-09 13:30:00+00:00,2026-07-09 14:15:00+00:00,bitget,gate,11.956722523507437,0.0,0,0,11.956722523507437,native_15m_trade_close_plus_real_settlements,-8.043277476492563,-28.043277476492563,-68.04327747649256
PRICE_FUNDING_15M_GLOBAL_WINDOW,15m-0003253,bitget/gate,150,2026-07-09 14:30:00+00:00,2026-07-09 14:45:00+00:00,bitget,gate,17.370321293164096,0.0,0,0,17.370321293164096,native_15m_trade_close_plus_real_settlements,-2.6296787068359038,-22.629678706835904,-62.629678706835904
PRICE_FUNDING_15M_GLOBAL_WINDOW,15m-0003254,bitget/gate,150,2026-07-09 15:00:00+00:00,2026-07-09 15:15:00+00:00,bitget,gate,21.037158118700006,0.0,0,0,21.037158118700006,native_15m_trade_close_plus_real_settlements,1.037158118700006,-18.962841881299994,-58.962841881299994
PRICE_FUNDING_15M_GLOBAL_WINDOW,15m-0003255,bitget/gate,150,2026-07-09 16:00:00+00:00,2026-07-09 16:30:00+00:00,bitget,gate,4.074301543775647,1.0,0,1,5.074301543775647,native_15m_trade_close_plus_real_settlements,-14.925698456224353,-34.92569845622435,-74.92569845622435
PRICE_FUNDING_15M_GLOBAL_WINDOW,15m-0003256,bitget/gate,150,2026-07-09 16:45:00+00:00,2026-07-09 17:00:00+00:00,bitget,gate,17.150967094722745,0.0,0,0,17.150967094722745,native_15m_trade_close_plus_real_settlements,-2.849032905277255,-22.849032905277255,-62.849032905277255
PRICE_FUNDING_15M_GLOBAL_WINDOW,15m-0003257,bitget/gate,150,2026-07-09 17:15:00+00:00,2026-07-09 17:45:00+00:00,bitget,gate,8.91826954057521,0.0,0,0,8.91826954057521,native_15m_trade_close_plus_real_settlements,-11.08173045942479,-31.08173045942479,-71.08173045942479
PRICE_FUNDING_15M_GLOBAL_WINDOW,15m-0003258,bitget/gate,150,2026-07-09 18:30:00+00:00,2026-07-09 19:00:00+00:00,bitget,gate,1.9852052477909012,0.0,0,0,1.9852052477909012,native_15m_trade_close_plus_real_settlements,-18.0147947522091,-38.0147947522091,-78.0147947522091
PRICE_FUNDING_15M_GLOBAL_WINDOW,15m-0003259,bitget/gate,150,2026-07-09 20:00:00+00:00,2026-07-09 20:15:00+00:00,bitget,gate,11.05659490570946,0.0,0,0,11.05659490570946,native_15m_trade_close_plus_real_settlements,-8.94340509429054,-28.94340509429054,-68.94340509429054
PRICE_FUNDING_15M_GLOBAL_WINDOW,15m-0003260,bitget/gate,150,2026-07-09 20:30:00+00:00,2026-07-09 21:00:00+00:00,bitget,gate,13.368834985658822,0.0,0,0,13.368834985658822,native_15m_trade_close_plus_real_settlements,-6.631165014341178,-26.631165014341178,-66.63116501434118
PRICE_FUNDING_15M_GLOBAL_WINDOW,15m-0003261,bitget/gate,150,2026-07-09 21:15:00+00:00,2026-07-09 22:15:00+00:00,bitget,gate,6.531373547038214,0.0,0,0,6.531373547038214,native_15m_trade_close_plus_real_settlements,-13.468626452961786,-33.468626452961786,-73.46862645296179
PRICE_FUNDING_15M_GLOBAL_WINDOW,15m-0003262,bitget/gate,150,2026-07-09 23:00:00+00:00,2026-07-09 23:30:00+00:00,bitget,gate,11.914204361838614,0.0,0,0,11.914204361838614,native_15m_trade_close_plus_real_settlements,-8.085795638161386,-28.085795638161386,-68.08579563816139
PRICE_FUNDING_15M_GLOBAL_WINDOW,15m-0003263,bitget/gate,150,2026-07-10 00:30:00+00:00,2026-07-10 15:30:00+00:00,bitget,gate,42.54468157723818,-17.71,1,1,24.83468157723818,native_15m_trade_close_plus_real_settlements,4.834681577238179,-15.165318422761821,-55.16531842276182
PRICE_FUNDING_15M_GLOBAL_WINDOW,15m-0003264,bitget/gate,150,2026-07-10 15:45:00+00:00,2026-07-13 12:30:00+00:00,bitget,gate,104.19179908291898,15.139999999999997,9,9,119.33179908291898,native_15m_trade_close_plus_real_settlements,99.33179908291898,79.33179908291898,39.33179908291898
PRICE_FUNDING_15M_GLOBAL_WINDOW,15m-0003265,bitget/gate,150,2026-07-14 16:30:00+00:00,2026-07-14 16:45:00+00:00,bitget,gate,6.959991155468231,0.0,0,0,6.959991155468231,native_15m_trade_close_plus_real_settlements,-13.04000884453177,-33.04000884453177,-73.04000884453177
PRICE_FUNDING_15M_GLOBAL_WINDOW,15m-0003266,bitget/gate,150,2026-07-14 17:00:00+00:00,2026-07-14 18:30:00+00:00,bitget,gate,12.595917039072134,0.0,0,0,12.595917039072134,native_15m_trade_close_plus_real_settlements,-7.404082960927866,-27.404082960927866,-67.40408296092787
PRICE_FUNDING_15M_GLOBAL_WINDOW,15m-0003267,bitget/gate,150,2026-07-14 19:30:00+00:00,2026-07-14 19:45:00+00:00,bitget,gate,10.69781907867096,0.0,0,0,10.69781907867096,native_15m_trade_close_plus_real_settlements,-9.30218092132904,-29.30218092132904,-69.30218092132904
PRICE_FUNDING_15M_GLOBAL_WINDOW,15m-0003268,bitget/gate,150,2026-07-14 20:00:00+00:00,2026-07-14 20:30:00+00:00,bitget,gate,7.863868628841004,0.5,0,1,8.363868628841004,native_15m_trade_close_plus_real_settlements,-11.636131371158996,-31.636131371158996,-71.636131371159
PRICE_FUNDING_15M_GLOBAL_WINDOW,15m-0003269,bitget/gate,150,2026-07-14 20:45:00+00:00,2026-07-15 03:45:00+00:00,bitget,gate,46.90462234131931,1.82,1,1,48.72462234131931,native_15m_trade_close_plus_real_settlements,28.72462234131931,8.72462234131931,-31.27537765868069
PRICE_FUNDING_15M_GLOBAL_WINDOW,15m-0003270,bitget/gate,150,2026-07-15 06:15:00+00:00,2026-07-15 07:00:00+00:00,bitget,gate,7.762189535028938,0.0,0,0,7.762189535028938,native_15m_trade_close_plus_real_settlements,-12.237810464971062,-32.23781046497106,-72.23781046497106
PRICE_FUNDING_15M_GLOBAL_WINDOW,15m-0003271,bitget/gate,150,2026-07-15 10:45:00+00:00,2026-07-15 11:00:00+00:00,bitget,gate,26.901030770679853,0.0,0,0,26.901030770679853,native_15m_trade_close_plus_real_settlements,6.901030770679853,-13.098969229320147,-53.09896922932015
PRICE_FUNDING_15M_GLOBAL_WINDOW,15m-0003272,bitget/gate,150,2026-07-15 12:45:00+00:00,2026-07-15 14:30:00+00:00,bitget,gate,22.863046663737066,0.0,0,0,22.863046663737066,native_15m_trade_close_plus_real_settlements,2.863046663737066,-17.136953336262934,-57.136953336262934
PRICE_FUNDING_15M_GLOBAL_WINDOW,15m-0003273,bitget/gate,150,2026-07-15 14:45:00+00:00,2026-07-15 15:15:00+00:00,bitget,gate,28.35657632769076,0.0,0,0,28.35657632769076,native_15m_trade_close_plus_real_settlements,8.35657632769076,-11.64342367230924,-51.64342367230924
PRICE_FUNDING_15M_GLOBAL_WINDOW,15m-0003274,bitget/gate,150,2026-07-15 20:45:00+00:00,2026-07-16 05:30:00+00:00,bitget,gate,30.610393834885656,-13.07,2,2,17.540393834885656,native_15m_trade_close_plus_real_settlements,-2.4596061651143444,-22.459606165114344,-62.459606165114344
PRICE_FUNDING_15M_GLOBAL_WINDOW,15m-0003275,bitget/gate,150,2026-07-16 05:45:00+00:00,2026-07-17 00:15:00+00:00,bitget,gate,42.51912625810658,-2.5099999999999993,5,5,40.00912625810658,native_15m_trade_close_plus_real_settlements,20.009126258106583,0.009126258106583407,-39.99087374189342
PRICE_FUNDING_15M_GLOBAL_WINDOW,15m-0003317,bitget/gate,200,2026-06-29 03:00:00+00:00,2026-06-29 03:45:00+00:00,bitget,gate,81.05603023934262,0.0,0,0,81.05603023934262,native_15m_trade_close_plus_real_settlements,61.05603023934262,41.05603023934262,1.0560302393426184
PRICE_FUNDING_15M_GLOBAL_WINDOW,15m-0003318,bitget/gate,200,2026-06-29 04:00:00+00:00,2026-06-29 05:30:00+00:00,bitget,gate,79.1638400035109,0.0,0,0,79.1638400035109,native_15m_trade_close_plus_real_settlements,59.1638400035109,39.1638400035109,-0.8361599964891013
PRICE_FUNDING_15M_GLOBAL_WINDOW,15m-0003319,bitget/gate,200,2026-06-29 06:15:00+00:00,2026-06-29 06:30:00+00:00,bitget,gate,21.63029260514037,0.0,0,0,21.63029260514037,native_15m_trade_close_plus_real_settlements,1.6302926051403688,-18.36970739485963,-58.36970739485963
PRICE_FUNDING_15M_GLOBAL_WINDOW,15m-0003320,bitget/gate,200,2026-07-10 18:00:00+00:00,2026-07-10 18:15:00+00:00,bitget,gate,28.335994430062158,0.0,0,0,28.335994430062158,native_15m_trade_close_plus_real_settlements,8.335994430062158,-11.664005569937842,-51.66400556993784
PRICE_FUNDING_15M_GLOBAL_WINDOW,15m-0003321,bitget/gate,200,2026-07-13 01:00:00+00:00,2026-07-13 12:15:00+00:00,bitget,gate,57.32142576727372,-20.0,1,1,37.32142576727372,native_15m_trade_close_plus_real_settlements,17.321425767273723,-2.6785742327262767,-42.67857423272628
PRICE_FUNDING_15M_GLOBAL_WINDOW,15m-0003328,bitget/hyperliquid,20,2026-06-17 06:45:00+00:00,2026-06-17 07:00:00+00:00,hyperliquid,bitget,17.001472664481046,0.7100390000000001,1,0,17.711511664481044,native_15m_trade_close_plus_real_settlements,-2.288488335518956,-22.288488335518956,-62.288488335518956
PRICE_FUNDING_15M_GLOBAL_WINDOW,15m-0003329,bitget/hyperliquid,20,2026-06-17 08:00:00+00:00,2026-06-26 05:00:00+00:00,hyperliquid,bitget,157.89003557099727,-54.864084999999996,214,26,103.02595057099728,native_15m_trade_close_plus_real_settlements,83.02595057099728,63.02595057099728,23.02595057099728
PRICE_FUNDING_15M_GLOBAL_WINDOW,15m-0003330,bitget/hyperliquid,20,2026-06-26 05:15:00+00:00,2026-06-26 06:45:00+00:00,hyperliquid,bitget,32.72053642660904,-1.9591749999999999,1,0,30.76136142660904,native_15m_trade_close_plus_real_settlements,10.761361426609039,-9.238638573390961,-49.23863857339096
PRICE_FUNDING_15M_GLOBAL_WINDOW,15m-0003331,bitget/hyperliquid,20,2026-06-26 07:45:00+00:00,2026-06-26 13:00:00+00:00,bitget,hyperliquid,39.640441993688185,-50.039235999999995,1,6,-10.39879400631181,native_15m_trade_close_plus_real_settlements,-30.39879400631181,-50.39879400631181,-90.39879400631182
PRICE_FUNDING_15M_GLOBAL_WINDOW,15m-0003332,bitget/hyperliquid,20,2026-06-26 13:15:00+00:00,2026-06-26 13:30:00+00:00,hyperliquid,bitget,5.706296193340734,0.0,0,0,5.706296193340734,native_15m_trade_close_plus_real_settlements,-14.293703806659266,-34.293703806659266,-74.29370380665927
PRICE_FUNDING_15M_GLOBAL_WINDOW,15m-0003333,bitget/hyperliquid,20,2026-06-26 14:00:00+00:00,2026-06-29 05:30:00+00:00,hyperliquid,bitget,71.91414237505683,-34.797956,64,8,37.11618637505683,native_15m_trade_close_plus_real_settlements,17.116186375056827,-2.8838136249431727,-42.88381362494317
PRICE_FUNDING_15M_GLOBAL_WINDOW,15m-0003334,bitget/hyperliquid,20,2026-06-29 06:00:00+00:00,2026-06-29 07:00:00+00:00,hyperliquid,bitget,25.88277874667994,-5.426502,2,0,20.45627674667994,native_15m_trade_close_plus_real_settlements,0.45627674667994,-19.54372325332006,-59.54372325332006
PRICE_FUNDING_15M_GLOBAL_WINDOW,15m-0003335,bitget/hyperliquid,20,2026-06-29 08:00:00+00:00,2026-06-30 01:45:00+00:00,hyperliquid,bitget,71.85190651100679,-18.451135,18,2,53.40077151100679,native_15m_trade_close_plus_real_settlements,33.40077151100679,13.400771511006788,-26.599228488993212
PRICE_FUNDING_15M_GLOBAL_WINDOW,15m-0003336,bitget/hyperliquid,20,2026-06-30 06:15:00+00:00,2026-06-30 06:30:00+00:00,hyperliquid,bitget,21.670329444714383,0.0,0,0,21.670329444714383,native_15m_trade_close_plus_real_settlements,1.6703294447143833,-18.329670555285617,-58.32967055528562
PRICE_FUNDING_15M_GLOBAL_WINDOW,15m-0003337,bitget/hyperliquid,20,2026-06-30 08:00:00+00:00,2026-07-01 03:30:00+00:00,hyperliquid,bitget,68.24625815770244,-31.134104999999998,20,2,37.112153157702444,native_15m_trade_close_plus_real_settlements,17.112153157702444,-2.887846842297556,-42.887846842297556
PRICE_FUNDING_15M_GLOBAL_WINDOW,15m-0003338,bitget/hyperliquid,20,2026-07-01 03:45:00+00:00,2026-07-01 04:00:00+00:00,hyperliquid,bitget,7.737158719211109,-2.087262,1,0,5.649896719211109,native_15m_trade_close_plus_real_settlements,-14.35010328078889,-34.35010328078889,-74.35010328078889
PRICE_FUNDING_15M_GLOBAL_WINDOW,15m-0003339,bitget/hyperliquid,20,2026-07-01 05:00:00+00:00,2026-07-01 05:30:00+00:00,hyperliquid,bitget,11.174084014770461,0.0,0,0,11.174084014770461,native_15m_trade_close_plus_real_settlements,-8.825915985229539,-28.82591598522954,-68.82591598522954
PRICE_FUNDING_15M_GLOBAL_WINDOW,15m-0003340,bitget/hyperliquid,20,2026-07-01 07:00:00+00:00,2026-07-03 05:15:00+00:00,hyperliquid,bitget,127.93182090866605,56.162673,47,6,184.09449390866604,native_15m_trade_close_plus_real_settlements,164.09449390866604,144.09449390866604,104.09449390866604
PRICE_FUNDING_15M_GLOBAL_WINDOW,15m-0003341,bitget/hyperliquid,20,2026-07-03 05:30:00+00:00,2026-07-03 05:45:00+00:00,hyperliquid,bitget,10.457456944152444,0.0,0,0,10.457456944152444,native_15m_trade_close_plus_real_settlements,-9.542543055847556,-29.542543055847556,-69.54254305584756
PRICE_FUNDING_15M_GLOBAL_WINDOW,15m-0003342,bitget/hyperliquid,20,2026-07-03 08:30:00+00:00,2026-07-03 13:00:00+00:00,hyperliquid,bitget,38.01065178076278,-1.654261,5,0,36.35639078076278,native_15m_trade_close_plus_real_settlements,16.35639078076278,-3.64360921923722,-43.64360921923722
PRICE_FUNDING_15M_GLOBAL_WINDOW,15m-0003343,bitget/hyperliquid,20,2026-07-03 13:30:00+00:00,2026-07-06 04:00:00+00:00,hyperliquid,bitget,46.691275302283806,-11.821990999999999,63,8,34.86928430228381,native_15m_trade_close_plus_real_settlements,14.869284302283809,-5.130715697716191,-45.13071569771619
PRICE_FUNDING_15M_GLOBAL_WINDOW,15m-0003344,bitget/hyperliquid,20,2026-07-06 04:45:00+00:00,2026-07-06 05:30:00+00:00,hyperliquid,bitget,23.386804706187952,-1.553529,1,0,21.83327570618795,native_15m_trade_close_plus_real_settlements,1.8332757061879512,-18.16672429381205,-58.16672429381205
PRICE_FUNDING_15M_GLOBAL_WINDOW,15m-0003345,bitget/hyperliquid,20,2026-07-06 06:15:00+00:00,2026-07-06 06:30:00+00:00,hyperliquid,bitget,3.7578743795569984,0.0,0,0,3.7578743795569984,native_15m_trade_close_plus_real_settlements,-16.242125620443,-36.242125620443005,-76.242125620443
PRICE_FUNDING_15M_GLOBAL_WINDOW,15m-0003346,bitget/hyperliquid,20,2026-07-06 06:45:00+00:00,2026-07-06 07:00:00+00:00,hyperliquid,bitget,4.444850454552251,-0.0625,1,0,4.382350454552251,native_15m_trade_close_plus_real_settlements,-15.61764954544775,-35.61764954544775,-75.61764954544775
PRICE_FUNDING_15M_GLOBAL_WINDOW,15m-0003347,bitget/hyperliquid,20,2026-07-06 07:15:00+00:00,2026-07-06 14:45:00+00:00,hyperliquid,bitget,35.943704572000144,21.322394,7,1,57.266098572000146,native_15m_trade_close_plus_real_settlements,37.266098572000146,17.266098572000146,-22.733901427999854
PRICE_FUNDING_15M_GLOBAL_WINDOW,15m-0003348,bitget/hyperliquid,20,2026-07-06 15:30:00+00:00,2026-07-06 17:00:00+00:00,hyperliquid,bitget,8.135262054648685,1.2449189999999999,2,1,9.380181054648684,native_15m_trade_close_plus_real_settlements,-10.619818945351316,-30.619818945351316,-70.61981894535131
PRICE_FUNDING_15M_GLOBAL_WINDOW,15m-0003349,bitget/hyperliquid,20,2026-07-06 17:15:00+00:00,2026-07-07 05:30:00+00:00,hyperliquid,bitget,57.99922864463105,-19.152063,12,1,38.847165644631055,native_15m_trade_close_plus_real_settlements,18.847165644631055,-1.1528343553689453,-41.152834355368945
PRICE_FUNDING_15M_GLOBAL_WINDOW,15m-0003350,bitget/hyperliquid,20,2026-07-07 06:00:00+00:00,2026-07-07 06:30:00+00:00,hyperliquid,bitget,20.140297530629745,-4.495795,1,0,15.644502530629744,native_15m_trade_close_plus_real_settlements,-4.355497469370256,-24.355497469370256,-64.35549746937025
PRICE_FUNDING_15M_GLOBAL_WINDOW,15m-0003351,bitget/hyperliquid,20,2026-07-07 08:00:00+00:00,2026-07-08 00:45:00+00:00,hyperliquid,bitget,69.18986676497914,-6.370261999999998,17,2,62.81960476497915,native_15m_trade_close_plus_real_settlements,42.81960476497915,22.819604764979147,-17.180395235020853
PRICE_FUNDING_15M_GLOBAL_WINDOW,15m-0003352,bitget/hyperliquid,20,2026-07-08 01:00:00+00:00,2026-07-08 03:15:00+00:00,hyperliquid,bitget,23.560689256447063,-4.714387,3,0,18.84630225644706,native_15m_trade_close_plus_real_settlements,-1.1536977435529394,-21.15369774355294,-61.15369774355294
PRICE_FUNDING_15M_GLOBAL_WINDOW,15m-0003353,bitget/hyperliquid,20,2026-07-08 03:30:00+00:00,2026-07-08 04:45:00+00:00,hyperliquid,bitget,28.154173131111357,-1.373758,1,0,26.780415131111358,native_15m_trade_close_plus_real_settlements,6.780415131111358,-13.219584868888642,-53.219584868888646
PRICE_FUNDING_15M_GLOBAL_WINDOW,15m-0003354,bitget/hyperliquid,20,2026-07-08 05:00:00+00:00,2026-07-08 07:45:00+00:00,hyperliquid,bitget,26.09325109342526,-8.437494999999998,3,0,17.65575609342526,native_15m_trade_close_plus_real_settlements,-2.3442439065747394,-22.34424390657474,-62.34424390657474
PRICE_FUNDING_15M_GLOBAL_WINDOW,15m-0003355,bitget/hyperliquid,20,2026-07-08 08:00:00+00:00,2026-07-08 22:00:00+00:00,hyperliquid,bitget,62.17751518351159,-37.889478000000004,15,1,24.288037183511584,native_15m_trade_close_plus_real_settlements,4.288037183511584,-15.711962816488416,-55.711962816488416
PRICE_FUNDING_15M_GLOBAL_WINDOW,15m-0003356,bitget/hyperliquid,20,2026-07-08 22:15:00+00:00,2026-07-09 05:00:00+00:00,hyperliquid,bitget,38.79791429305655,-14.246331000000001,7,1,24.55158329305655,native_15m_trade_close_plus_real_settlements,4.551583293056549,-15.448416706943451,-55.44841670694345
PRICE_FUNDING_15M_GLOBAL_WINDOW,15m-0003357,bitget/hyperliquid,20,2026-07-09 05:15:00+00:00,2026-07-09 05:45:00+00:00,hyperliquid,bitget,14.30743041079199,0.0,0,0,14.30743041079199,native_15m_trade_close_plus_real_settlements,-5.692569589208009,-25.69256958920801,-65.692569589208
PRICE_FUNDING_15M_GLOBAL_WINDOW,15m-0003358,bitget/hyperliquid,20,2026-07-09 06:00:00+00:00,2026-07-09 06:30:00+00:00,hyperliquid,bitget,9.432413038856563,-2.564584,1,0,6.867829038856563,native_15m_trade_close_plus_real_settlements,-13.132170961143437,-33.13217096114344,-73.13217096114343
PRICE_FUNDING_15M_GLOBAL_WINDOW,15m-0003359,bitget/hyperliquid,20,2026-07-09 06:45:00+00:00,2026-07-09 07:00:00+00:00,hyperliquid,bitget,23.01893409165471,-2.8920429999999997,1,0,20.12689109165471,native_15m_trade_close_plus_real_settlements,0.12689109165470924,-19.87310890834529,-59.87310890834529
PRICE_FUNDING_15M_GLOBAL_WINDOW,15m-0003360,bitget/hyperliquid,20,2026-07-09 08:00:00+00:00,2026-07-10 04:00:00+00:00,hyperliquid,bitget,56.9597857018683,-48.046789,21,2,8.912996701868302,native_15m_trade_close_plus_real_settlements,-11.087003298131698,-31.087003298131698,-71.08700329813169
PRICE_FUNDING_15M_GLOBAL_WINDOW,15m-0003361,bitget/hyperliquid,20,2026-07-10 08:00:00+00:00,2026-07-15 01:00:00+00:00,hyperliquid,bitget,283.62065818945797,-72.313204,114,16,211.30745418945799,native_15m_trade_close_plus_real_settlements,191.30745418945799,171.30745418945799,131.30745418945799
PRICE_FUNDING_15M_GLOBAL_WINDOW,15m-0003362,bitget/hyperliquid,20,2026-07-15 01:45:00+00:00,2026-07-15 02:00:00+00:00,hyperliquid,bitget,7.406595420994883,0.854769,1,0,8.261364420994882,native_15m_trade_close_plus_real_settlements,-11.738635579005118,-31.73863557900512,-71.73863557900512
PRICE_FUNDING_15M_GLOBAL_WINDOW,15m-0003363,bitget/hyperliquid,20,2026-07-15 02:15:00+00:00,2026-07-15 02:30:00+00:00,hyperliquid,bitget,11.975417855610633,0.0,0,0,11.975417855610633,native_15m_trade_close_plus_real_settlements,-8.024582144389367,-28.024582144389367,-68.02458214438937
PRICE_FUNDING_15M_GLOBAL_WINDOW,15m-0003364,bitget/hyperliquid,20,2026-07-15 02:45:00+00:00,2026-07-15 03:15:00+00:00,hyperliquid,bitget,21.36968554897808,0.781004,1,0,22.15068954897808,native_15m_trade_close_plus_real_settlements,2.150689548978079,-17.84931045102192,-57.84931045102192
PRICE_FUNDING_15M_GLOBAL_WINDOW,15m-0003365,bitget/hyperliquid,20,2026-07-15 03:45:00+00:00,2026-07-20 03:45:00+00:00,hyperliquid,bitget,98.9604177633181,13.095119,120,30,112.0555367633181,native_15m_trade_close_plus_real_settlements,92.0555367633181,72.0555367633181,32.0555367633181
PRICE_FUNDING_15M_GLOBAL_WINDOW,15m-0003366,bitget/hyperliquid,20,2026-07-20 04:00:00+00:00,2026-07-20 05:45:00+00:00,hyperliquid,bitget,16.960204632842213,-1.90946,2,0,15.050744632842214,native_15m_trade_close_plus_real_settlements,-4.949255367157786,-24.949255367157786,-64.94925536715779
PRICE_FUNDING_15M_GLOBAL_WINDOW,15m-0003367,bitget/hyperliquid,20,2026-07-20 06:00:00+00:00,2026-07-20 14:15:00+00:00,hyperliquid,bitget,28.66267307720984,5.339777,9,2,34.002450077209836,native_15m_trade_close_plus_real_settlements,14.002450077209836,-5.997549922790164,-45.997549922790164
PRICE_FUNDING_15M_GLOBAL_WINDOW,15m-0003368,bitget/hyperliquid,20,2026-07-20 14:45:00+00:00,2026-07-20 16:45:00+00:00,hyperliquid,bitget,17.680692485304238,4.513879000000001,2,1,22.194571485304238,native_15m_trade_close_plus_real_settlements,2.1945714853042375,-17.805428514695762,-57.80542851469576
PRICE_FUNDING_15M_GLOBAL_WINDOW,15m-0003369,bitget/hyperliquid,20,2026-07-20 17:00:00+00:00,2026-07-20 18:45:00+00:00,hyperliquid,bitget,5.806499942733147,1.063797,2,0,6.870296942733147,native_15m_trade_close_plus_real_settlements,-13.129703057266852,-33.12970305726685,-73.12970305726685
PRICE_FUNDING_15M_GLOBAL_WINDOW,15m-0003370,bitget/hyperliquid,20,2026-07-20 20:45:00+00:00,2026-07-20 21:15:00+00:00,hyperliquid,bitget,8.75491132960165,1.3341960000000002,1,0,10.089107329601651,native_15m_trade_close_plus_real_settlements,-9.910892670398349,-29.910892670398347,-69.91089267039835
PRICE_FUNDING_15M_GLOBAL_WINDOW,15m-0003371,bitget/hyperliquid,20,2026-07-20 21:30:00+00:00,2026-07-21 03:00:00+00:00,hyperliquid,bitget,41.01795118716592,-4.311213,6,1,36.70673818716592,native_15m_trade_close_plus_real_settlements,16.706738187165918,-3.293261812834082,-43.29326181283408
PRICE_FUNDING_15M_GLOBAL_WINDOW,15m-0003372,bitget/hyperliquid,20,2026-07-21 03:15:00+00:00,2026-07-21 03:30:00+00:00,hyperliquid,bitget,8.248190083754505,0.0,0,0,8.248190083754505,native_15m_trade_close_plus_real_settlements,-11.751809916245495,-31.751809916245495,-71.75180991624549
PRICE_FUNDING_15M_GLOBAL_WINDOW,15m-0003373,bitget/hyperliquid,20,2026-07-21 04:00:00+00:00,2026-07-22 03:45:00+00:00,hyperliquid,bitget,36.09843239106978,-19.622405000000004,24,5,16.476027391069774,native_15m_trade_close_plus_real_settlements,-3.523972608930226,-23.523972608930226,-63.52397260893022
PRICE_FUNDING_15M_GLOBAL_WINDOW,15m-0003425,bitget/hyperliquid,50,2026-06-11 07:45:00+00:00,2026-06-11 22:00:00+00:00,hyperliquid,bitget,56.811708685042994,-12.017383,15,2,44.79432568504299,native_15m_trade_close_plus_real_settlements,24.794325685042992,4.794325685042992,-35.20567431495701
PRICE_FUNDING_15M_GLOBAL_WINDOW,15m-0003426,bitget/hyperliquid,50,2026-06-11 22:45:00+00:00,2026-06-11 23:15:00+00:00,hyperliquid,bitget,10.749063049875147,-0.8803150000000001,1,0,9.868748049875148,native_15m_trade_close_plus_real_settlements,-10.131251950124852,-30.131251950124852,-70.13125195012485
PRICE_FUNDING_15M_GLOBAL_WINDOW,15m-0003427,bitget/hyperliquid,50,2026-06-11 23:30:00+00:00,2026-06-12 03:00:00+00:00,hyperliquid,bitget,42.373233731069455,-8.851586000000001,4,1,33.52164773106945,native_15m_trade_close_plus_real_settlements,13.52164773106945,-6.47835226893055,-46.47835226893055
PRICE_FUNDING_15M_GLOBAL_WINDOW,15m-0003428,bitget/hyperliquid,50,2026-06-12 03:30:00+00:00,2026-06-12 03:45:00+00:00,hyperliquid,bitget,10.83925962179633,0.0,0,0,10.83925962179633,native_15m_trade_close_plus_real_settlements,-9.16074037820367,-29.16074037820367,-69.16074037820367
PRICE_FUNDING_15M_GLOBAL_WINDOW,15m-0003429,bitget/hyperliquid,50,2026-06-12 05:30:00+00:00,2026-06-12 06:00:00+00:00,hyperliquid,bitget,12.514692271526414,-1.014378,1,0,11.500314271526413,native_15m_trade_close_plus_real_settlements,-8.499685728473587,-28.499685728473587,-68.4996857284736
PRICE_FUNDING_15M_GLOBAL_WINDOW,15m-0003430,bitget/hyperliquid,50,2026-06-12 06:15:00+00:00,2026-06-12 14:45:00+00:00,hyperliquid,bitget,61.24135341203451,-3.816075,8,1,57.425278412034515,native_15m_trade_close_plus_real_settlements,37.425278412034515,17.425278412034515,-22.574721587965485
PRICE_FUNDING_15M_GLOBAL_WINDOW,15m-0003431,bitget/hyperliquid,50,2026-06-12 15:15:00+00:00,2026-06-12 15:30:00+00:00,hyperliquid,bitget,8.9352260093738,0.0,0,0,8.9352260093738,native_15m_trade_close_plus_real_settlements,-11.0647739906262,-31.0647739906262,-71.06477399062621
PRICE_FUNDING_15M_GLOBAL_WINDOW,15m-0003432,bitget/hyperliquid,50,2026-06-12 16:45:00+00:00,2026-06-12 17:30:00+00:00,hyperliquid,bitget,8.124272608921359,-2.075836,1,0,6.048436608921359,native_15m_trade_close_plus_real_settlements,-13.95156339107864,-33.95156339107864,-73.95156339107864
PRICE_FUNDING_15M_GLOBAL_WINDOW,15m-0003433,bitget/hyperliquid,50,2026-06-12 18:15:00+00:00,2026-06-12 19:00:00+00:00,hyperliquid,bitget,13.68091796580628,0.193681,1,0,13.87459896580628,native_15m_trade_close_plus_real_settlements,-6.12540103419372,-26.12540103419372,-66.12540103419371
PRICE_FUNDING_15M_GLOBAL_WINDOW,15m-0003434,bitget/hyperliquid,50,2026-06-12 19:15:00+00:00,2026-06-12 20:15:00+00:00,hyperliquid,bitget,12.097645642478525,2.2899819999999997,1,0,14.387627642478526,native_15m_trade_close_plus_real_settlements,-5.612372357521474,-25.612372357521473,-65.61237235752148
PRICE_FUNDING_15M_GLOBAL_WINDOW,15m-0003435,bitget/hyperliquid,50,2026-06-12 20:45:00+00:00,2026-06-14 12:00:00+00:00,hyperliquid,bitget,40.342216645400725,-11.073378000000002,40,5,29.268838645400724,native_15m_trade_close_plus_real_settlements,9.268838645400724,-10.731161354599276,-50.73116135459928
PRICE_FUNDING_15M_GLOBAL_WINDOW,15m-0003436,bitget/hyperliquid,50,2026-06-14 12:15:00+00:00,2026-06-14 12:30:00+00:00,hyperliquid,bitget,24.17125272272606,0.0,0,0,24.17125272272606,native_15m_trade_close_plus_real_settlements,4.171252722726059,-15.82874727727394,-55.82874727727394
PRICE_FUNDING_15M_GLOBAL_WINDOW,15m-0003437,bitget/hyperliquid,50,2026-06-14 12:45:00+00:00,2026-06-15 03:45:00+00:00,hyperliquid,bitget,72.76379203066665,-21.046006000000002,15,2,51.717786030666645,native_15m_trade_close_plus_real_settlements,31.717786030666645,11.717786030666645,-28.282213969333355
PRICE_FUNDING_15M_GLOBAL_WINDOW,15m-0003438,bitget/hyperliquid,50,2026-06-15 04:15:00+00:00,2026-06-15 04:30:00+00:00,hyperliquid,bitget,14.562743913639437,0.0,0,0,14.562743913639437,native_15m_trade_close_plus_real_settlements,-5.437256086360563,-25.437256086360563,-65.43725608636056
PRICE_FUNDING_15M_GLOBAL_WINDOW,15m-0003439,bitget/hyperliquid,50,2026-06-15 08:30:00+00:00,2026-06-15 11:00:00+00:00,hyperliquid,bitget,17.802272593498678,-4.303456,3,0,13.498816593498677,native_15m_trade_close_plus_real_settlements,-6.5011834065013225,-26.501183406501323,-66.50118340650133
PRICE_FUNDING_15M_GLOBAL_WINDOW,15m-0003440,bitget/hyperliquid,50,2026-06-15 11:15:00+00:00,2026-06-15 13:00:00+00:00,hyperliquid,bitget,14.773541788133095,-3.207427,2,0,11.566114788133095,native_15m_trade_close_plus_real_settlements,-8.433885211866905,-28.433885211866905,-68.43388521186691
PRICE_FUNDING_15M_GLOBAL_WINDOW,15m-0003441,bitget/hyperliquid,50,2026-06-15 13:15:00+00:00,2026-06-15 18:15:00+00:00,hyperliquid,bitget,27.79609885279754,-6.566782,5,1,21.22931685279754,native_15m_trade_close_plus_real_settlements,1.2293168527975418,-18.77068314720246,-58.77068314720246
PRICE_FUNDING_15M_GLOBAL_WINDOW,15m-0003442,bitget/hyperliquid,50,2026-06-15 18:30:00+00:00,2026-06-16 00:00:00+00:00,hyperliquid,bitget,39.73427720155545,-2.054224,6,1,37.68005320155545,native_15m_trade_close_plus_real_settlements,17.680053201555452,-2.3199467984445477,-42.31994679844455
PRICE_FUNDING_15M_GLOBAL_WINDOW,15m-0003443,bitget/hyperliquid,50,2026-06-16 01:00:00+00:00,2026-06-16 01:45:00+00:00,hyperliquid,bitget,20.004681286806182,-1.2430850000000002,1,0,18.76159628680618,native_15m_trade_close_plus_real_settlements,-1.2384037131938186,-21.23840371319382,-61.23840371319382
PRICE_FUNDING_15M_GLOBAL_WINDOW,15m-0003444,bitget/hyperliquid,50,2026-06-16 03:15:00+00:00,2026-06-16 03:30:00+00:00,hyperliquid,bitget,11.939844691534525,0.0,0,0,11.939844691534525,native_15m_trade_close_plus_real_settlements,-8.060155308465475,-28.060155308465475,-68.06015530846548
PRICE_FUNDING_15M_GLOBAL_WINDOW,15m-0003445,bitget/hyperliquid,50,2026-06-16 07:45:00+00:00,2026-06-17 00:30:00+00:00,hyperliquid,bitget,62.742842118442894,11.803994000000001,17,3,74.5468361184429,native_15m_trade_close_plus_real_settlements,54.5468361184429,34.5468361184429,-5.453163881557103
PRICE_FUNDING_15M_GLOBAL_WINDOW,15m-0003446,bitget/hyperliquid,50,2026-06-17 02:15:00+00:00,2026-06-17 02:30:00+00:00,hyperliquid,bitget,17.57930612708337,0.0,0,0,17.57930612708337,native_15m_trade_close_plus_real_settlements,-2.4206938729166296,-22.42069387291663,-62.42069387291663
PRICE_FUNDING_15M_GLOBAL_WINDOW,15m-0003447,bitget/hyperliquid,50,2026-06-17 05:00:00+00:00,2026-06-17 05:30:00+00:00,hyperliquid,bitget,31.56711948279309,-0.587241,1,0,30.97987848279309,native_15m_trade_close_plus_real_settlements,10.97987848279309,-9.02012151720691,-49.02012151720691
PRICE_FUNDING_15M_GLOBAL_WINDOW,15m-0003448,bitget/hyperliquid,50,2026-06-17 06:15:00+00:00,2026-06-17 06:30:00+00:00,hyperliquid,bitget,45.64668949462212,0.0,0,0,45.64668949462212,native_15m_trade_close_plus_real_settlements,25.646689494622123,5.646689494622123,-34.35331050537788
PRICE_FUNDING_15M_GLOBAL_WINDOW,15m-0003449,bitget/hyperliquid,50,2026-06-17 08:15:00+00:00,2026-06-17 08:30:00+00:00,hyperliquid,bitget,24.441016734400286,0.0,0,0,24.441016734400286,native_15m_trade_close_plus_real_settlements,4.441016734400286,-15.558983265599714,-55.558983265599714
PRICE_FUNDING_15M_GLOBAL_WINDOW,15m-0003450,bitget/hyperliquid,50,2026-06-17 08:45:00+00:00,2026-06-17 09:00:00+00:00,hyperliquid,bitget,19.72905540264278,1.645268,1,0,21.37432340264278,native_15m_trade_close_plus_real_settlements,1.37432340264278,-18.62567659735722,-58.62567659735722
PRICE_FUNDING_15M_GLOBAL_WINDOW,15m-0003451,bitget/hyperliquid,50,2026-06-17 10:15:00+00:00,2026-06-17 10:30:00+00:00,hyperliquid,bitget,9.421531488837061,0.0,0,0,9.421531488837061,native_15m_trade_close_plus_real_settlements,-10.578468511162939,-30.57846851116294,-70.57846851116294
PRICE_FUNDING_15M_GLOBAL_WINDOW,15m-0003452,bitget/hyperliquid,50,2026-06-17 10:45:00+00:00,2026-06-18 03:00:00+00:00,hyperliquid,bitget,40.02604597087608,-11.706297,17,2,28.319748970876084,native_15m_trade_close_plus_real_settlements,8.319748970876084,-11.680251029123916,-51.680251029123916
PRICE_FUNDING_15M_GLOBAL_WINDOW,15m-0003453,bitget/hyperliquid,50,2026-06-18 03:45:00+00:00,2026-06-18 04:00:00+00:00,hyperliquid,bitget,12.976386065794408,-1.793237,1,0,11.183149065794408,native_15m_trade_close_plus_real_settlements,-8.816850934205592,-28.81685093420559,-68.81685093420559
PRICE_FUNDING_15M_GLOBAL_WINDOW,15m-0003454,bitget/hyperliquid,50,2026-06-18 08:00:00+00:00,2026-06-18 13:15:00+00:00,hyperliquid,bitget,42.5485791969194,-8.189753999999999,6,0,34.3588251969194,native_15m_trade_close_plus_real_settlements,14.358825196919398,-5.641174803080602,-45.6411748030806
PRICE_FUNDING_15M_GLOBAL_WINDOW,15m-0003455,bitget/hyperliquid,50,2026-06-18 13:30:00+00:00,2026-06-18 14:15:00+00:00,hyperliquid,bitget,28.61767658956215,-1.06159,1,0,27.556086589562153,native_15m_trade_close_plus_real_settlements,7.5560865895621525,-12.443913410437847,-52.443913410437844
PRICE_FUNDING_15M_GLOBAL_WINDOW,15m-0003456,bitget/hyperliquid,50,2026-06-18 15:45:00+00:00,2026-06-19 05:45:00+00:00,hyperliquid,bitget,52.572236962377964,-16.917638999999998,14,2,35.65459796237796,native_15m_trade_close_plus_real_settlements,15.654597962377963,-4.345402037622037,-44.34540203762204
PRICE_FUNDING_15M_GLOBAL_WINDOW,15m-0003457,bitget/hyperliquid,50,2026-06-19 07:00:00+00:00,2026-06-22 06:15:00+00:00,hyperliquid,bitget,152.1941265199905,-29.706857000000007,72,9,122.48726951999049,native_15m_trade_close_plus_real_settlements,102.48726951999049,82.48726951999049,42.48726951999049
PRICE_FUNDING_15M_GLOBAL_WINDOW,15m-0003458,bitget/hyperliquid,50,2026-06-22 06:30:00+00:00,2026-06-22 06:45:00+00:00,hyperliquid,bitget,2.496440898544428,0.0,0,0,2.496440898544428,native_15m_trade_close_plus_real_settlements,-17.503559101455572,-37.50355910145557,-77.50355910145558
PRICE_FUNDING_15M_GLOBAL_WINDOW,15m-0003459,bitget/hyperliquid,50,2026-06-22 07:00:00+00:00,2026-06-22 07:45:00+00:00,hyperliquid,bitget,34.009542505231984,-0.0625,1,0,33.947042505231984,native_15m_trade_close_plus_real_settlements,13.947042505231984,-6.052957494768016,-46.052957494768016
PRICE_FUNDING_15M_GLOBAL_WINDOW,15m-0003460,bitget/hyperliquid,50,2026-06-22 08:00:00+00:00,2026-06-22 16:45:00+00:00,hyperliquid,bitget,60.14449339494198,-10.132626,9,1,50.01186739494198,native_15m_trade_close_plus_real_settlements,30.01186739494198,10.01186739494198,-29.98813260505802
PRICE_FUNDING_15M_GLOBAL_WINDOW,15m-0003461,bitget/hyperliquid,50,2026-06-22 17:00:00+00:00,2026-06-22 18:00:00+00:00,hyperliquid,bitget,20.31036136425771,-2.779297,2,0,17.53106436425771,native_15m_trade_close_plus_real_settlements,-2.468935635742291,-22.46893563574229,-62.46893563574229
PRICE_FUNDING_15M_GLOBAL_WINDOW,15m-0003462,bitget/hyperliquid,50,2026-06-22 18:15:00+00:00,2026-06-24 05:00:00+00:00,hyperliquid,bitget,100.0896269936099,-37.61524000000001,35,4,62.47438699360989,native_15m_trade_close_plus_real_settlements,42.47438699360989,22.47438699360989,-17.52561300639011
PRICE_FUNDING_15M_GLOBAL_WINDOW,15m-0003463,bitget/hyperliquid,50,2026-06-24 05:15:00+00:00,2026-06-25 02:45:00+00:00,hyperliquid,bitget,113.13447710888849,19.006446000000008,21,3,132.1409231088885,native_15m_trade_close_plus_real_settlements,112.1409231088885,92.1409231088885,52.1409231088885
PRICE_FUNDING_15M_GLOBAL_WINDOW,15m-0003464,bitget/hyperliquid,50,2026-06-25 03:30:00+00:00,2026-06-25 03:45:00+00:00,hyperliquid,bitget,7.480371624429331,0.0,0,0,7.480371624429331,native_15m_trade_close_plus_real_settlements,-12.519628375570669,-32.51962837557067,-72.51962837557068
PRICE_FUNDING_15M_GLOBAL_WINDOW,15m-0003465,bitget/hyperliquid,50,2026-06-25 04:30:00+00:00,2026-06-25 19:00:00+00:00,hyperliquid,bitget,53.78746094840357,41.309137,15,2,95.09659794840357,native_15m_trade_close_plus_real_settlements,75.09659794840357,55.09659794840357,15.09659794840357
PRICE_FUNDING_15M_GLOBAL_WINDOW,15m-0003466,bitget/hyperliquid,50,2026-06-25 19:15:00+00:00,2026-06-25 21:30:00+00:00,hyperliquid,bitget,13.215666354806324,1.054696,2,0,14.270362354806323,native_15m_trade_close_plus_real_settlements,-5.729637645193677,-25.729637645193677,-65.72963764519368
PRICE_FUNDING_15M_GLOBAL_WINDOW,15m-0003467,bitget/hyperliquid,50,2026-06-25 21:45:00+00:00,2026-06-26 02:15:00+00:00,hyperliquid,bitget,35.898808460266245,-1.9138590000000004,5,1,33.98494946026624,native_15m_trade_close_plus_real_settlements,13.984949460266243,-6.015050539733757,-46.01505053973376
PRICE_FUNDING_15M_GLOBAL_WINDOW,15m-0003468,bitget/hyperliquid,50,2026-06-26 03:15:00+00:00,2026-06-26 03:30:00+00:00,hyperliquid,bitget,11.064251216606607,0.0,0,0,11.064251216606607,native_15m_trade_close_plus_real_settlements,-8.935748783393393,-28.935748783393393,-68.9357487833934
PRICE_FUNDING_15M_GLOBAL_WINDOW,15m-0003469,bitget/hyperliquid,50,2026-06-26 03:45:00+00:00,2026-06-26 04:15:00+00:00,hyperliquid,bitget,29.768008840500933,-5.3609100000000005,1,0,24.407098840500932,native_15m_trade_close_plus_real_settlements,4.407098840500932,-15.592901159499068,-55.592901159499064
PRICE_FUNDING_15M_GLOBAL_WINDOW,15m-0003470,bitget/hyperliquid,50,2026-06-26 08:45:00+00:00,2026-06-26 09:00:00+00:00,hyperliquid,bitget,17.11965876458573,-0.881812,1,0,16.23784676458573,native_15m_trade_close_plus_real_settlements,-3.762153235414271,-23.76215323541427,-63.762153235414274
PRICE_FUNDING_15M_GLOBAL_WINDOW,15m-0003471,bitget/hyperliquid,50,2026-06-26 09:30:00+00:00,2026-06-26 09:45:00+00:00,hyperliquid,bitget,14.462050264435199,0.0,0,0,14.462050264435199,native_15m_trade_close_plus_real_settlements,-5.537949735564801,-25.5379497355648,-65.53794973556481
PRICE_FUNDING_15M_GLOBAL_WINDOW,15m-0003472,bitget/hyperliquid,50,2026-06-26 10:00:00+00:00,2026-06-26 10:30:00+00:00,hyperliquid,bitget,3.998168333963477,-0.0625,1,0,3.935668333963477,native_15m_trade_close_plus_real_settlements,-16.064331666036523,-36.06433166603652,-76.06433166603652
PRICE_FUNDING_15M_GLOBAL_WINDOW,15m-0003473,bitget/hyperliquid,50,2026-06-26 11:30:00+00:00,2026-06-26 12:15:00+00:00,hyperliquid,bitget,22.76215202486837,-0.6104590000000001,1,0,22.151693024868372,native_15m_trade_close_plus_real_settlements,2.151693024868372,-17.848306975131628,-57.84830697513163
PRICE_FUNDING_15M_GLOBAL_WINDOW,15m-0003474,bitget/hyperliquid,50,2026-06-26 14:15:00+00:00,2026-06-26 15:30:00+00:00,hyperliquid,bitget,28.20606148984635,-5.32471,1,0,22.88135148984635,native_15m_trade_close_plus_real_settlements,2.881351489846349,-17.11864851015365,-57.11864851015365
PRICE_FUNDING_15M_GLOBAL_WINDOW,15m-0003475,bitget/hyperliquid,50,2026-06-26 19:15:00+00:00,2026-06-26 19:30:00+00:00,hyperliquid,bitget,4.289705939885366,0.0,0,0,4.289705939885366,native_15m_trade_close_plus_real_settlements,-15.710294060114634,-35.710294060114634,-75.71029406011463
PRICE_FUNDING_15M_GLOBAL_WINDOW,15m-0003476,bitget/hyperliquid,50,2026-06-26 21:15:00+00:00,2026-06-26 21:30:00+00:00,hyperliquid,bitget,4.697743218134285,0.0,0,0,4.697743218134285,native_15m_trade_close_plus_real_settlements,-15.302256781865715,-35.302256781865715,-75.30225678186571
PRICE_FUNDING_15M_GLOBAL_WINDOW,15m-0003477,bitget/hyperliquid,50,2026-06-26 22:30:00+00:00,2026-06-26 22:45:00+00:00,hyperliquid,bitget,4.576629917778597,0.0,0,0,4.576629917778597,native_15m_trade_close_plus_real_settlements,-15.423370082221403,-35.4233700822214,-75.4233700822214
PRICE_FUNDING_15M_GLOBAL_WINDOW,15m-0003478,bitget/hyperliquid,50,2026-06-26 23:00:00+00:00,2026-06-26 23:15:00+00:00,hyperliquid,bitget,3.1095702075529488,-0.35292,1,0,2.7566502075529487,native_15m_trade_close_plus_real_settlements,-17.243349792447052,-37.24334979244705,-77.24334979244705
PRICE_FUNDING_15M_GLOBAL_WINDOW,15m-0003479,bitget/hyperliquid,50,2026-06-27 00:15:00+00:00,2026-06-27 00:45:00+00:00,hyperliquid,bitget,4.868693814544407,0.0,0,0,4.868693814544407,native_15m_trade_close_plus_real_settlements,-15.131306185455593,-35.13130618545559,-75.1313061854556
PRICE_FUNDING_15M_GLOBAL_WINDOW,15m-0003480,bitget/hyperliquid,50,2026-06-27 01:30:00+00:00,2026-06-27 01:45:00+00:00,hyperliquid,bitget,1.6758416443555788,0.0,0,0,1.6758416443555788,native_15m_trade_close_plus_real_settlements,-18.32415835564442,-38.32415835564442,-78.32415835564441
PRICE_FUNDING_15M_GLOBAL_WINDOW,15m-0003481,bitget/hyperliquid,50,2026-06-27 02:00:00+00:00,2026-06-27 02:15:00+00:00,hyperliquid,bitget,6.261285464217494,-0.473073,1,0,5.7882124642174935,native_15m_trade_close_plus_real_settlements,-14.211787535782506,-34.211787535782506,-74.2117875357825
PRICE_FUNDING_15M_GLOBAL_WINDOW,15m-0003482,bitget/hyperliquid,50,2026-06-27 02:30:00+00:00,2026-06-27 03:15:00+00:00,hyperliquid,bitget,13.711282806286881,-0.055699,1,0,13.65558380628688,native_15m_trade_close_plus_real_settlements,-6.344416193713119,-26.34441619371312,-66.34441619371312
PRICE_FUNDING_15M_GLOBAL_WINDOW,15m-0003483,bitget/hyperliquid,50,2026-06-27 03:45:00+00:00,2026-06-27 04:00:00+00:00,hyperliquid,bitget,1.9828524289791645,-0.0625,1,0,1.9203524289791645,native_15m_trade_close_plus_real_settlements,-18.079647571020836,-38.079647571020836,-78.07964757102084
PRICE_FUNDING_15M_GLOBAL_WINDOW,15m-0003484,bitget/hyperliquid,50,2026-06-27 04:30:00+00:00,2026-06-27 04:45:00+00:00,hyperliquid,bitget,8.078144485014882,0.0,0,0,8.078144485014882,native_15m_trade_close_plus_real_settlements,-11.921855514985118,-31.92185551498512,-71.92185551498511
PRICE_FUNDING_15M_GLOBAL_WINDOW,15m-0003485,bitget/hyperliquid,50,2026-06-27 06:30:00+00:00,2026-06-27 07:00:00+00:00,hyperliquid,bitget,9.254950265685515,-0.0625,1,0,9.192450265685515,native_15m_trade_close_plus_real_settlements,-10.807549734314485,-30.807549734314485,-70.80754973431448
PRICE_FUNDING_15M_GLOBAL_WINDOW,15m-0003486,bitget/hyperliquid,50,2026-06-27 07:15:00+00:00,2026-06-27 08:00:00+00:00,hyperliquid,bitget,6.818047687320835,-0.0625,1,1,6.755547687320835,native_15m_trade_close_plus_real_settlements,-13.244452312679165,-33.244452312679165,-73.24445231267916
PRICE_FUNDING_15M_GLOBAL_WINDOW,15m-0003487,bitget/hyperliquid,50,2026-06-27 08:30:00+00:00,2026-06-27 09:00:00+00:00,hyperliquid,bitget,5.259395522978828,-0.0625,1,0,5.196895522978828,native_15m_trade_close_plus_real_settlements,-14.803104477021172,-34.80310447702117,-74.80310447702118
PRICE_FUNDING_15M_GLOBAL_WINDOW,15m-0003488,bitget/hyperliquid,50,2026-06-27 09:45:00+00:00,2026-06-27 10:00:00+00:00,hyperliquid,bitget,1.381311500699283,-0.0625,1,0,1.318811500699283,native_15m_trade_close_plus_real_settlements,-18.681188499300717,-38.68118849930072,-78.68118849930072
PRICE_FUNDING_15M_GLOBAL_WINDOW,15m-0003489,bitget/hyperliquid,50,2026-06-27 10:15:00+00:00,2026-06-29 00:45:00+00:00,hyperliquid,bitget,50.12556685886846,-10.996175,38,5,39.12939185886846,native_15m_trade_close_plus_real_settlements,19.12939185886846,-0.870608141131541,-40.87060814113154
PRICE_FUNDING_15M_GLOBAL_WINDOW,15m-0003490,bitget/hyperliquid,50,2026-06-29 01:00:00+00:00,2026-06-29 01:30:00+00:00,hyperliquid,bitget,16.316630136268437,-4.028205,1,0,12.288425136268437,native_15m_trade_close_plus_real_settlements,-7.711574863731563,-27.711574863731563,-67.71157486373156
PRICE_FUNDING_15M_GLOBAL_WINDOW,15m-0003491,bitget/hyperliquid,50,2026-06-29 02:00:00+00:00,2026-06-29 02:15:00+00:00,hyperliquid,bitget,10.232917165254236,-3.374734,1,0,6.8581831652542355,native_15m_trade_close_plus_real_settlements,-13.141816834745764,-33.14181683474577,-73.14181683474577
PRICE_FUNDING_15M_GLOBAL_WINDOW,15m-0003492,bitget/hyperliquid,50,2026-06-29 02:45:00+00:00,2026-06-29 03:00:00+00:00,hyperliquid,bitget,10.760206821337029,-4.328082,1,0,6.432124821337029,native_15m_trade_close_plus_real_settlements,-13.567875178662971,-33.56787517866297,-73.56787517866297
PRICE_FUNDING_15M_GLOBAL_WINDOW,15m-0003493,bitget/hyperliquid,50,2026-06-29 04:00:00+00:00,2026-06-29 04:30:00+00:00,hyperliquid,bitget,12.423401685260295,-4.723758,1,0,7.699643685260295,native_15m_trade_close_plus_real_settlements,-12.300356314739705,-32.3003563147397,-72.3003563147397
PRICE_FUNDING_15M_GLOBAL_WINDOW,15m-0003494,bitget/hyperliquid,50,2026-06-29 08:00:00+00:00,2026-06-29 14:00:00+00:00,hyperliquid,bitget,54.48403861271255,-7.6966410000000005,7,0,46.78739761271255,native_15m_trade_close_plus_real_settlements,26.787397612712553,6.787397612712553,-33.21260238728745
PRICE_FUNDING_15M_GLOBAL_WINDOW,15m-0003495,bitget/hyperliquid,50,2026-06-29 15:15:00+00:00,2026-06-29 15:30:00+00:00,hyperliquid,bitget,1.5440834160271137,0.0,0,0,1.5440834160271137,native_15m_trade_close_plus_real_settlements,-18.455916583972886,-38.455916583972886,-78.45591658397288
PRICE_FUNDING_15M_GLOBAL_WINDOW,15m-0003496,bitget/hyperliquid,50,2026-06-29 16:00:00+00:00,2026-06-29 20:30:00+00:00,hyperliquid,bitget,25.22417146927019,-9.722063,5,0,15.502108469270189,native_15m_trade_close_plus_real_settlements,-4.497891530729811,-24.49789153072981,-64.49789153072982
PRICE_FUNDING_15M_GLOBAL_WINDOW,15m-0003497,bitget/hyperliquid,50,2026-06-29 21:30:00+00:00,2026-06-29 21:45:00+00:00,hyperliquid,bitget,14.934577079954934,0.0,0,0,14.934577079954934,native_15m_trade_close_plus_real_settlements,-5.065422920045066,-25.065422920045066,-65.06542292004507
PRICE_FUNDING_15M_GLOBAL_WINDOW,15m-0003498,bitget/hyperliquid,50,2026-06-29 22:00:00+00:00,2026-06-29 22:15:00+00:00,hyperliquid,bitget,12.714725522380405,1.812604,1,0,14.527329522380406,native_15m_trade_close_plus_real_settlements,-5.4726704776195945,-25.472670477619594,-65.4726704776196
PRICE_FUNDING_15M_GLOBAL_WINDOW,15m-0003499,bitget/hyperliquid,50,2026-06-29 22:30:00+00:00,2026-06-29 23:15:00+00:00,hyperliquid,bitget,7.163124692730946,-1.880049,1,0,5.283075692730947,native_15m_trade_close_plus_real_settlements,-14.716924307269053,-34.71692430726905,-74.71692430726905
PRICE_FUNDING_15M_GLOBAL_WINDOW,15m-0003500,bitget/hyperliquid,50,2026-06-30 10:45:00+00:00,2026-06-30 11:00:00+00:00,hyperliquid,bitget,13.96659579251407,-2.6933559999999996,1,0,11.27323979251407,native_15m_trade_close_plus_real_settlements,-8.72676020748593,-28.72676020748593,-68.72676020748592
PRICE_FUNDING_15M_GLOBAL_WINDOW,15m-0003501,bitget/hyperliquid,50,2026-06-30 14:30:00+00:00,2026-06-30 15:00:00+00:00,hyperliquid,bitget,9.794925493936695,-3.2018459999999997,1,0,6.5930794939366955,native_15m_trade_close_plus_real_settlements,-13.406920506063305,-33.4069205060633,-73.4069205060633
PRICE_FUNDING_15M_GLOBAL_WINDOW,15m-0003502,bitget/hyperliquid,50,2026-07-01 01:00:00+00:00,2026-07-01 02:30:00+00:00,hyperliquid,bitget,43.64780977504385,-7.361683,2,0,36.28612677504385,native_15m_trade_close_plus_real_settlements,16.286126775043847,-3.713873224956153,-43.71387322495615
PRICE_FUNDING_15M_GLOBAL_WINDOW,15m-0003503,bitget/hyperliquid,50,2026-07-01 08:00:00+00:00,2026-07-01 13:00:00+00:00,hyperliquid,bitget,25.666670577225773,-2.7110730000000007,6,0,22.955597577225774,native_15m_trade_close_plus_real_settlements,2.955597577225774,-17.044402422774226,-57.044402422774226
PRICE_FUNDING_15M_GLOBAL_WINDOW,15m-0003504,bitget/hyperliquid,50,2026-07-01 13:15:00+00:00,2026-07-01 19:45:00+00:00,hyperliquid,bitget,59.604949613788975,11.335177999999999,6,1,70.94012761378897,native_15m_trade_close_plus_real_settlements,50.940127613788974,30.940127613788974,-9.059872386211026
PRICE_FUNDING_15M_GLOBAL_WINDOW,15m-0003505,bitget/hyperliquid,50,2026-07-01 20:00:00+00:00,2026-07-01 23:00:00+00:00,hyperliquid,bitget,18.953120137049936,-1.299011,4,0,17.654109137049936,native_15m_trade_close_plus_real_settlements,-2.345890862950064,-22.345890862950064,-62.345890862950064
PRICE_FUNDING_15M_GLOBAL_WINDOW,15m-0003506,bitget/hyperliquid,50,2026-07-01 23:30:00+00:00,2026-07-02 01:30:00+00:00,hyperliquid,bitget,34.96738057518647,-3.2077400000000003,2,1,31.759640575186467,native_15m_trade_close_plus_real_settlements,11.759640575186467,-8.240359424813533,-48.24035942481353
PRICE_FUNDING_15M_GLOBAL_WINDOW,15m-0003507,bitget/hyperliquid,50,2026-07-02 02:30:00+00:00,2026-07-02 02:45:00+00:00,hyperliquid,bitget,10.86336320921557,0.0,0,0,10.86336320921557,native_15m_trade_close_plus_real_settlements,-9.13663679078443,-29.13663679078443,-69.13663679078442
PRICE_FUNDING_15M_GLOBAL_WINDOW,15m-0003508,bitget/hyperliquid,50,2026-07-02 04:30:00+00:00,2026-07-02 04:45:00+00:00,hyperliquid,bitget,5.748709788199903,0.0,0,0,5.748709788199903,native_15m_trade_close_plus_real_settlements,-14.251290211800097,-34.2512902118001,-74.2512902118001
PRICE_FUNDING_15M_GLOBAL_WINDOW,15m-0003509,bitget/hyperliquid,50,2026-07-02 05:30:00+00:00,2026-07-02 07:00:00+00:00,hyperliquid,bitget,83.16136762496592,-7.925559,2,0,75.23580862496593,native_15m_trade_close_plus_real_settlements,55.23580862496593,35.23580862496593,-4.764191375034073
PRICE_FUNDING_15M_GLOBAL_WINDOW,15m-0003510,bitget/hyperliquid,50,2026-07-02 08:00:00+00:00,2026-07-03 02:15:00+00:00,hyperliquid,bitget,92.11520333273623,-11.983556000000002,19,2,80.13164733273622,native_15m_trade_close_plus_real_settlements,60.13164733273622,40.13164733273622,0.13164733273622176
PRICE_FUNDING_15M_GLOBAL_WINDOW,15m-0003511,bitget/hyperliquid,50,2026-07-03 02:30:00+00:00,2026-07-03 02:45:00+00:00,hyperliquid,bitget,17.314856013726406,0.0,0,0,17.314856013726406,native_15m_trade_close_plus_real_settlements,-2.6851439862735944,-22.685143986273594,-62.685143986273594
PRICE_FUNDING_15M_GLOBAL_WINDOW,15m-0003512,bitget/hyperliquid,50,2026-07-03 19:30:00+00:00,2026-07-03 20:30:00+00:00,hyperliquid,bitget,15.218264282935657,-2.435828,1,0,12.782436282935656,native_15m_trade_close_plus_real_settlements,-7.217563717064344,-27.217563717064344,-67.21756371706434
PRICE_FUNDING_15M_GLOBAL_WINDOW,15m-0003513,bitget/hyperliquid,50,2026-07-03 21:15:00+00:00,2026-07-03 23:30:00+00:00,hyperliquid,bitget,16.255623163729958,-1.898406,2,0,14.357217163729958,native_15m_trade_close_plus_real_settlements,-5.642782836270042,-25.642782836270044,-65.64278283627004
PRICE_FUNDING_15M_GLOBAL_WINDOW,15m-0003514,bitget/hyperliquid,50,2026-07-04 01:30:00+00:00,2026-07-04 03:45:00+00:00,hyperliquid,bitget,11.893564599195855,0.12635800000000003,2,0,12.019922599195855,native_15m_trade_close_plus_real_settlements,-7.980077400804145,-27.980077400804145,-67.98007740080415
PRICE_FUNDING_15M_GLOBAL_WINDOW,15m-0003515,bitget/hyperliquid,50,2026-07-04 04:00:00+00:00,2026-07-04 04:15:00+00:00,hyperliquid,bitget,2.9857307130471398,-0.07608,1,0,2.9096507130471396,native_15m_trade_close_plus_real_settlements,-17.09034928695286,-37.09034928695286,-77.09034928695286
PRICE_FUNDING_15M_GLOBAL_WINDOW,15m-0003516,bitget/hyperliquid,50,2026-07-04 06:00:00+00:00,2026-07-04 06:45:00+00:00,hyperliquid,bitget,15.13477297461344,1.3683090000000002,1,0,16.50308197461344,native_15m_trade_close_plus_real_settlements,-3.4969180253865595,-23.49691802538656,-63.49691802538656
PRICE_FUNDING_15M_GLOBAL_WINDOW,15m-0003517,bitget/hyperliquid,50,2026-07-04 08:00:00+00:00,2026-07-04 08:15:00+00:00,hyperliquid,bitget,5.451936581975012,-0.056887999999999994,1,0,5.395048581975012,native_15m_trade_close_plus_real_settlements,-14.604951418024989,-34.60495141802499,-74.60495141802498
PRICE_FUNDING_15M_GLOBAL_WINDOW,15m-0003518,bitget/hyperliquid,50,2026-07-04 08:30:00+00:00,2026-07-04 08:45:00+00:00,hyperliquid,bitget,5.986983507834701,0.0,0,0,5.986983507834701,native_15m_trade_close_plus_real_settlements,-14.013016492165299,-34.0130164921653,-74.01301649216529
PRICE_FUNDING_15M_GLOBAL_WINDOW,15m-0003519,bitget/hyperliquid,50,2026-07-04 12:00:00+00:00,2026-07-04 13:15:00+00:00,hyperliquid,bitget,8.199533992641392,0.47157800000000005,2,0,8.671111992641393,native_15m_trade_close_plus_real_settlements,-11.328888007358607,-31.328888007358607,-71.32888800735861
PRICE_FUNDING_15M_GLOBAL_WINDOW,15m-0003520,bitget/hyperliquid,50,2026-07-04 14:30:00+00:00,2026-07-04 15:45:00+00:00,hyperliquid,bitget,7.879449735794481,0.135521,1,0,8.014970735794481,native_15m_trade_close_plus_real_settlements,-11.985029264205519,-31.98502926420552,-71.98502926420552
PRICE_FUNDING_15M_GLOBAL_WINDOW,15m-0003521,bitget/hyperliquid,50,2026-07-04 16:00:00+00:00,2026-07-04 16:30:00+00:00,hyperliquid,bitget,11.084467172869822,-0.23524599999999998,1,0,10.849221172869822,native_15m_trade_close_plus_real_settlements,-9.150778827130178,-29.15077882713018,-69.15077882713018
PRICE_FUNDING_15M_GLOBAL_WINDOW,15m-0003522,bitget/hyperliquid,50,2026-07-04 23:00:00+00:00,2026-07-05 00:00:00+00:00,hyperliquid,bitget,9.85525831408858,-0.729761,2,1,9.12549731408858,native_15m_trade_close_plus_real_settlements,-10.87450268591142,-30.87450268591142,-70.87450268591142
PRICE_FUNDING_15M_GLOBAL_WINDOW,15m-0003523,bitget/hyperliquid,50,2026-07-05 00:45:00+00:00,2026-07-05 01:15:00+00:00,hyperliquid,bitget,5.418332324950583,-0.491201,1,0,4.927131324950583,native_15m_trade_close_plus_real_settlements,-15.072868675049417,-35.07286867504942,-75.07286867504942
PRICE_FUNDING_15M_GLOBAL_WINDOW,15m-0003524,bitget/hyperliquid,50,2026-07-05 01:45:00+00:00,2026-07-05 03:15:00+00:00,hyperliquid,bitget,11.489330011572918,-1.06216,2,0,10.427170011572917,native_15m_trade_close_plus_real_settlements,-9.572829988427083,-29.57282998842708,-69.57282998842709
PRICE_FUNDING_15M_GLOBAL_WINDOW,15m-0003525,bitget/hyperliquid,50,2026-07-05 03:30:00+00:00,2026-07-05 03:45:00+00:00,hyperliquid,bitget,8.143700171229291,0.0,0,0,8.143700171229291,native_15m_trade_close_plus_real_settlements,-11.856299828770709,-31.85629982877071,-71.85629982877072
PRICE_FUNDING_15M_GLOBAL_WINDOW,15m-0003526,bitget/hyperliquid,50,2026-07-05 04:00:00+00:00,2026-07-05 04:30:00+00:00,hyperliquid,bitget,9.27289473710222,-0.0625,1,0,9.21039473710222,native_15m_trade_close_plus_real_settlements,-10.78960526289778,-30.78960526289778,-70.78960526289778
PRICE_FUNDING_15M_GLOBAL_WINDOW,15m-0003527,bitget/hyperliquid,50,2026-07-05 05:00:00+00:00,2026-07-05 06:15:00+00:00,hyperliquid,bitget,7.190474064576449,-0.125,2,0,7.065474064576449,native_15m_trade_close_plus_real_settlements,-12.934525935423551,-32.93452593542355,-72.93452593542355
PRICE_FUNDING_15M_GLOBAL_WINDOW,15m-0003528,bitget/hyperliquid,50,2026-07-05 06:30:00+00:00,2026-07-05 08:00:00+00:00,hyperliquid,bitget,12.598362545219594,0.006580999999999997,2,1,12.604943545219594,native_15m_trade_close_plus_real_settlements,-7.395056454780406,-27.395056454780406,-67.3950564547804
PRICE_FUNDING_15M_GLOBAL_WINDOW,15m-0003529,bitget/hyperliquid,50,2026-07-05 09:30:00+00:00,2026-07-05 10:00:00+00:00,hyperliquid,bitget,3.5935180637001096,0.165423,1,0,3.7589410637001097,native_15m_trade_close_plus_real_settlements,-16.24105893629989,-36.24105893629989,-76.2410589362999
PRICE_FUNDING_15M_GLOBAL_WINDOW,15m-0003530,bitget/hyperliquid,50,2026-07-05 10:45:00+00:00,2026-07-05 11:15:00+00:00,hyperliquid,bitget,13.25785960372066,-0.741992,1,0,12.515867603720661,native_15m_trade_close_plus_real_settlements,-7.484132396279339,-27.48413239627934,-67.48413239627934
PRICE_FUNDING_15M_GLOBAL_WINDOW,15m-0003531,bitget/hyperliquid,50,2026-07-05 11:30:00+00:00,2026-07-05 15:45:00+00:00,hyperliquid,bitget,14.101509506058683,-0.9712949999999998,4,0,13.130214506058683,native_15m_trade_close_plus_real_settlements,-6.8697854939413165,-26.869785493941315,-66.86978549394132
PRICE_FUNDING_15M_GLOBAL_WINDOW,15m-0003532,bitget/hyperliquid,50,2026-07-05 16:00:00+00:00,2026-07-05 18:15:00+00:00,hyperliquid,bitget,12.228258793464377,0.8394270000000001,3,0,13.067685793464378,native_15m_trade_close_plus_real_settlements,-6.932314206535622,-26.932314206535622,-66.93231420653562
PRICE_FUNDING_15M_GLOBAL_WINDOW,15m-0003533,bitget/hyperliquid,50,2026-07-05 19:15:00+00:00,2026-07-05 20:30:00+00:00,hyperliquid,bitget,5.862464193369,0.012556999999999999,1,0,5.875021193369,native_15m_trade_close_plus_real_settlements,-14.124978806630999,-34.124978806631,-74.124978806631
PRICE_FUNDING_15M_GLOBAL_WINDOW,15m-0003534,bitget/hyperliquid,50,2026-07-05 20:45:00+00:00,2026-07-05 21:15:00+00:00,hyperliquid,bitget,9.687930558549759,0.311317,1,0,9.99924755854976,native_15m_trade_close_plus_real_settlements,-10.00075244145024,-30.00075244145024,-70.00075244145025
PRICE_FUNDING_15M_GLOBAL_WINDOW,15m-0003535,bitget/hyperliquid,50,2026-07-05 22:30:00+00:00,2026-07-05 23:15:00+00:00,hyperliquid,bitget,16.46755733588101,-2.1269560000000003,1,0,14.340601335881011,native_15m_trade_close_plus_real_settlements,-5.659398664118989,-25.65939866411899,-65.65939866411898
PRICE_FUNDING_15M_GLOBAL_WINDOW,15m-0003536,bitget/hyperliquid,50,2026-07-05 23:30:00+00:00,2026-07-06 00:00:00+00:00,hyperliquid,bitget,12.663968754779916,-0.094925,1,1,12.569043754779916,native_15m_trade_close_plus_real_settlements,-7.430956245220084,-27.430956245220084,-67.43095624522009
PRICE_FUNDING_15M_GLOBAL_WINDOW,15m-0003537,bitget/hyperliquid,50,2026-07-06 01:45:00+00:00,2026-07-06 02:00:00+00:00,hyperliquid,bitget,12.87825574090467,-0.246697,1,0,12.631558740904671,native_15m_trade_close_plus_real_settlements,-7.368441259095329,-27.368441259095327,-67.36844125909533
PRICE_FUNDING_15M_GLOBAL_WINDOW,15m-0003538,bitget/hyperliquid,50,2026-07-06 11:30:00+00:00,2026-07-06 11:45:00+00:00,hyperliquid,bitget,5.5468792292852385,0.0,0,0,5.5468792292852385,native_15m_trade_close_plus_real_settlements,-14.453120770714762,-34.45312077071476,-74.45312077071476
PRICE_FUNDING_15M_GLOBAL_WINDOW,15m-0003539,bitget/hyperliquid,50,2026-07-06 20:15:00+00:00,2026-07-06 20:30:00+00:00,hyperliquid,bitget,1.3877109196385078,0.0,0,0,1.3877109196385078,native_15m_trade_close_plus_real_settlements,-18.612289080361492,-38.61228908036149,-78.61228908036149
PRICE_FUNDING_15M_GLOBAL_WINDOW,15m-0003540,bitget/hyperliquid,50,2026-07-06 20:45:00+00:00,2026-07-06 22:00:00+00:00,hyperliquid,bitget,3.3458222196044076,-1.430693,2,0,1.9151292196044076,native_15m_trade_close_plus_real_settlements,-18.084870780395594,-38.08487078039559,-78.08487078039559
PRICE_FUNDING_15M_GLOBAL_WINDOW,15m-0003541,bitget/hyperliquid,50,2026-07-06 22:15:00+00:00,2026-07-06 22:30:00+00:00,hyperliquid,bitget,5.494447950962893,0.0,0,0,5.494447950962893,native_15m_trade_close_plus_real_settlements,-14.505552049037107,-34.50555204903711,-74.5055520490371
PRICE_FUNDING_15M_GLOBAL_WINDOW,15m-0003542,bitget/hyperliquid,50,2026-07-06 23:00:00+00:00,2026-07-06 23:45:00+00:00,hyperliquid,bitget,15.766549735449239,2.419995,1,0,18.18654473544924,native_15m_trade_close_plus_real_settlements,-1.8134552645507611,-21.81345526455076,-61.81345526455076
PRICE_FUNDING_15M_GLOBAL_WINDOW,15m-0003543,bitget/hyperliquid,50,2026-07-07 03:15:00+00:00,2026-07-07 05:30:00+00:00,hyperliquid,bitget,57.99922864463105,-9.048834999999999,2,0,48.950393644631056,native_15m_trade_close_plus_real_settlements,28.950393644631056,8.950393644631056,-31.049606355368944
PRICE_FUNDING_15M_GLOBAL_WINDOW,15m-0003544,bitget/hyperliquid,50,2026-07-07 08:15:00+00:00,2026-07-07 08:30:00+00:00,hyperliquid,bitget,7.713999502194767,0.0,0,0,7.713999502194767,native_15m_trade_close_plus_real_settlements,-12.286000497805233,-32.28600049780523,-72.28600049780523
PRICE_FUNDING_15M_GLOBAL_WINDOW,15m-0003545,bitget/hyperliquid,50,2026-07-07 08:45:00+00:00,2026-07-07 11:15:00+00:00,hyperliquid,bitget,23.538243704261617,-9.456894,3,0,14.081349704261617,native_15m_trade_close_plus_real_settlements,-5.918650295738383,-25.91865029573838,-65.91865029573839
PRICE_FUNDING_15M_GLOBAL_WINDOW,15m-0003546,bitget/hyperliquid,50,2026-07-07 11:30:00+00:00,2026-07-07 22:45:00+00:00,hyperliquid,bitget,33.64397703262764,1.651077,11,1,35.29505403262764,native_15m_trade_close_plus_real_settlements,15.29505403262764,-4.70494596737236,-44.70494596737236
PRICE_FUNDING_15M_GLOBAL_WINDOW,15m-0003547,bitget/hyperliquid,50,2026-07-07 23:00:00+00:00,2026-07-07 23:45:00+00:00,hyperliquid,bitget,22.59640011179622,3.12826,1,0,25.724660111796222,native_15m_trade_close_plus_real_settlements,5.724660111796222,-14.275339888203778,-54.275339888203774
PRICE_FUNDING_15M_GLOBAL_WINDOW,15m-0003548,bitget/hyperliquid,50,2026-07-08 08:00:00+00:00,2026-07-08 12:45:00+00:00,hyperliquid,bitget,33.825196308595075,-14.938825000000001,5,0,18.886371308595074,native_15m_trade_close_plus_real_settlements,-1.1136286914049265,-21.113628691404926,-61.11362869140493
PRICE_FUNDING_15M_GLOBAL_WINDOW,15m-0003549,bitget/hyperliquid,50,2026-07-08 13:45:00+00:00,2026-07-08 14:00:00+00:00,hyperliquid,bitget,9.161783339632215,-6.450292999999999,1,0,2.711490339632216,native_15m_trade_close_plus_real_settlements,-17.288509660367783,-37.28850966036779,-77.28850966036778
PRICE_FUNDING_15M_GLOBAL_WINDOW,15m-0003550,bitget/hyperliquid,50,2026-07-08 23:15:00+00:00,2026-07-08 23:45:00+00:00,hyperliquid,bitget,15.16357264625993,0.0,0,0,15.16357264625993,native_15m_trade_close_plus_real_settlements,-4.836427353740071,-24.83642735374007,-64.83642735374008
PRICE_FUNDING_15M_GLOBAL_WINDOW,15m-0003551,bitget/hyperliquid,50,2026-07-09 08:00:00+00:00,2026-07-09 08:15:00+00:00,hyperliquid,bitget,10.925665448452087,-1.066868,1,0,9.858797448452087,native_15m_trade_close_plus_real_settlements,-10.141202551547913,-30.141202551547913,-70.1412025515479
PRICE_FUNDING_15M_GLOBAL_WINDOW,15m-0003552,bitget/hyperliquid,50,2026-07-09 08:30:00+00:00,2026-07-09 10:45:00+00:00,hyperliquid,bitget,24.183270528663137,-5.815379,2,0,18.367891528663137,native_15m_trade_close_plus_real_settlements,-1.6321084713368634,-21.632108471336863,-61.63210847133686
PRICE_FUNDING_15M_GLOBAL_WINDOW,15m-0003553,bitget/hyperliquid,50,2026-07-09 11:15:00+00:00,2026-07-09 12:00:00+00:00,hyperliquid,bitget,15.8609853698416,-3.60104,1,0,12.259945369841601,native_15m_trade_close_plus_real_settlements,-7.740054630158399,-27.740054630158397,-67.7400546301584
PRICE_FUNDING_15M_GLOBAL_WINDOW,15m-0003554,bitget/hyperliquid,50,2026-07-09 13:30:00+00:00,2026-07-09 13:45:00+00:00,hyperliquid,bitget,2.327053413644414,0.0,0,0,2.327053413644414,native_15m_trade_close_plus_real_settlements,-17.672946586355586,-37.672946586355586,-77.67294658635558
PRICE_FUNDING_15M_GLOBAL_WINDOW,15m-0003555,bitget/hyperliquid,50,2026-07-09 23:30:00+00:00,2026-07-09 23:45:00+00:00,hyperliquid,bitget,10.599418075336956,0.0,0,0,10.599418075336956,native_15m_trade_close_plus_real_settlements,-9.400581924663044,-29.400581924663044,-69.40058192466304
PRICE_FUNDING_15M_GLOBAL_WINDOW,15m-0003556,bitget/hyperliquid,50,2026-07-10 00:15:00+00:00,2026-07-10 00:45:00+00:00,hyperliquid,bitget,11.89778059106495,0.0,0,0,11.89778059106495,native_15m_trade_close_plus_real_settlements,-8.10221940893505,-28.10221940893505,-68.10221940893504
PRICE_FUNDING_15M_GLOBAL_WINDOW,15m-0003557,bitget/hyperliquid,50,2026-07-10 01:30:00+00:00,2026-07-10 02:00:00+00:00,hyperliquid,bitget,18.158876517528284,-7.078568000000001,1,0,11.080308517528284,native_15m_trade_close_plus_real_settlements,-8.919691482471716,-28.919691482471716,-68.91969148247172
PRICE_FUNDING_15M_GLOBAL_WINDOW,15m-0003558,bitget/hyperliquid,50,2026-07-10 08:00:00+00:00,2026-07-10 14:00:00+00:00,hyperliquid,bitget,58.13507361451943,-27.686928000000005,7,0,30.448145614519422,native_15m_trade_close_plus_real_settlements,10.448145614519422,-9.551854385480578,-49.55185438548058
PRICE_FUNDING_15M_GLOBAL_WINDOW,15m-0003559,bitget/hyperliquid,50,2026-07-10 14:15:00+00:00,2026-07-10 14:45:00+00:00,hyperliquid,bitget,11.944042367491619,0.0,0,0,11.944042367491619,native_15m_trade_close_plus_real_settlements,-8.055957632508381,-28.05595763250838,-68.05595763250838
PRICE_FUNDING_15M_GLOBAL_WINDOW,15m-0003560,bitget/hyperliquid,50,2026-07-10 15:30:00+00:00,2026-07-10 16:45:00+00:00,hyperliquid,bitget,33.52903736480547,-0.392912,1,1,33.136125364805466,native_15m_trade_close_plus_real_settlements,13.136125364805466,-6.863874635194534,-46.863874635194534
PRICE_FUNDING_15M_GLOBAL_WINDOW,15m-0003561,bitget/hyperliquid,50,2026-07-10 18:15:00+00:00,2026-07-10 18:30:00+00:00,hyperliquid,bitget,11.574982554920155,0.0,0,0,11.574982554920155,native_15m_trade_close_plus_real_settlements,-8.425017445079845,-28.425017445079845,-68.42501744507985
PRICE_FUNDING_15M_GLOBAL_WINDOW,15m-0003562,bitget/hyperliquid,50,2026-07-10 19:45:00+00:00,2026-07-11 01:45:00+00:00,hyperliquid,bitget,20.322682510495405,0.6884270000000001,6,1,21.011109510495405,native_15m_trade_close_plus_real_settlements,1.0111095104954053,-18.988890489504595,-58.9888904895046
PRICE_FUNDING_15M_GLOBAL_WINDOW,15m-0003563,bitget/hyperliquid,50,2026-07-11 02:00:00+00:00,2026-07-11 06:30:00+00:00,hyperliquid,bitget,11.520697546932475,0.16093999999999994,5,0,11.681637546932475,native_15m_trade_close_plus_real_settlements,-8.318362453067525,-28.318362453067525,-68.31836245306752
PRICE_FUNDING_15M_GLOBAL_WINDOW,15m-0003564,bitget/hyperliquid,50,2026-07-11 09:45:00+00:00,2026-07-11 10:30:00+00:00,hyperliquid,bitget,5.968229803298982,-0.0625,1,0,5.905729803298982,native_15m_trade_close_plus_real_settlements,-14.094270196701018,-34.09427019670102,-74.09427019670102
PRICE_FUNDING_15M_GLOBAL_WINDOW,15m-0003565,bitget/hyperliquid,50,2026-07-11 15:00:00+00:00,2026-07-11 15:15:00+00:00,hyperliquid,bitget,4.426626902045086,0.416292,1,0,4.842918902045087,native_15m_trade_close_plus_real_settlements,-15.157081097954913,-35.157081097954915,-75.15708109795492
PRICE_FUNDING_15M_GLOBAL_WINDOW,15m-0003566,bitget/hyperliquid,50,2026-07-11 17:00:00+00:00,2026-07-14 23:00:00+00:00,hyperliquid,bitget,238.43506921453394,-48.046305000000004,79,11,190.38876421453392,native_15m_trade_close_plus_real_settlements,170.38876421453392,150.38876421453392,110.38876421453392
PRICE_FUNDING_15M_GLOBAL_WINDOW,15m-0003567,bitget/hyperliquid,50,2026-07-14 23:15:00+00:00,2026-07-14 23:45:00+00:00,hyperliquid,bitget,38.30947416793805,0.0,0,0,38.30947416793805,native_15m_trade_close_plus_real_settlements,18.30947416793805,-1.690525832061951,-41.69052583206195
PRICE_FUNDING_15M_GLOBAL_WINDOW,15m-0003568,bitget/hyperliquid,50,2026-07-15 00:00:00+00:00,2026-07-15 00:30:00+00:00,hyperliquid,bitget,19.69450937909638,-0.0625,1,0,19.63200937909638,native_15m_trade_close_plus_real_settlements,-0.367990620903619,-20.36799062090362,-60.36799062090362
PRICE_FUNDING_15M_GLOBAL_WINDOW,15m-0003569,bitget/hyperliquid,50,2026-07-15 06:45:00+00:00,2026-07-15 07:00:00+00:00,hyperliquid,bitget,7.606786996184383,1.7151260000000002,1,0,9.321912996184382,native_15m_trade_close_plus_real_settlements,-10.678087003815618,-30.67808700381562,-70.67808700381562
PRICE_FUNDING_15M_GLOBAL_WINDOW,15m-0003570,bitget/hyperliquid,50,2026-07-15 07:15:00+00:00,2026-07-15 12:45:00+00:00,hyperliquid,bitget,34.785451890214866,-0.345204,5,2,34.44024789021486,native_15m_trade_close_plus_real_settlements,14.440247890214863,-5.559752109785137,-45.55975210978514
PRICE_FUNDING_15M_GLOBAL_WINDOW,15m-0003571,bitget/hyperliquid,50,2026-07-15 15:00:00+00:00,2026-07-15 19:45:00+00:00,hyperliquid,bitget,29.91084910875044,9.044815000000002,5,1,38.95566410875044,native_15m_trade_close_plus_real_settlements,18.95566410875044,-1.0443358912495597,-41.04433589124956
PRICE_FUNDING_15M_GLOBAL_WINDOW,15m-0003572,bitget/hyperliquid,50,2026-07-15 23:00:00+00:00,2026-07-16 00:15:00+00:00,hyperliquid,bitget,20.266928320805988,1.8480480000000001,2,1,22.114976320805987,native_15m_trade_close_plus_real_settlements,2.1149763208059866,-17.885023679194013,-57.88502367919401
PRICE_FUNDING_15M_GLOBAL_WINDOW,15m-0003573,bitget/hyperliquid,50,2026-07-16 00:30:00+00:00,2026-07-16 01:45:00+00:00,hyperliquid,bitget,21.432901310354396,-1.117626,1,0,20.315275310354394,native_15m_trade_close_plus_real_settlements,0.3152753103543944,-19.684724689645606,-59.684724689645606
PRICE_FUNDING_15M_GLOBAL_WINDOW,15m-0003574,bitget/hyperliquid,50,2026-07-16 06:00:00+00:00,2026-07-16 06:15:00+00:00,hyperliquid,bitget,12.582361930703428,-0.717835,1,0,11.864526930703427,native_15m_trade_close_plus_real_settlements,-8.135473069296573,-28.135473069296573,-68.13547306929658
PRICE_FUNDING_15M_GLOBAL_WINDOW,15m-0003575,bitget/hyperliquid,50,2026-07-16 10:15:00+00:00,2026-07-16 12:30:00+00:00,hyperliquid,bitget,17.230737424098912,1.0398239999999999,2,1,18.27056142409891,native_15m_trade_close_plus_real_settlements,-1.7294385759010886,-21.72943857590109,-61.729438575901085
PRICE_FUNDING_15M_GLOBAL_WINDOW,15m-0003576,bitget/hyperliquid,50,2026-07-16 12:45:00+00:00,2026-07-17 13:45:00+00:00,hyperliquid,bitget,62.47038522371645,-10.880723,25,6,51.589662223716445,native_15m_trade_close_plus_real_settlements,31.589662223716445,11.589662223716445,-28.410337776283555
PRICE_FUNDING_15M_GLOBAL_WINDOW,15m-0003577,bitget/hyperliquid,50,2026-07-17 14:00:00+00:00,2026-07-17 16:00:00+00:00,hyperliquid,bitget,27.087807664953466,-9.246785000000001,3,1,17.841022664953464,native_15m_trade_close_plus_real_settlements,-2.1589773350465364,-22.158977335046536,-62.158977335046536
PRICE_FUNDING_15M_GLOBAL_WINDOW,15m-0003578,bitget/hyperliquid,50,2026-07-19 08:45:00+00:00,2026-07-19 09:00:00+00:00,hyperliquid,bitget,6.284480476072751,-2.5677410000000003,1,0,3.716739476072751,native_15m_trade_close_plus_real_settlements,-16.28326052392725,-36.28326052392725,-76.28326052392725
PRICE_FUNDING_15M_GLOBAL_WINDOW,15m-0003579,bitget/hyperliquid,50,2026-07-19 17:15:00+00:00,2026-07-20 00:00:00+00:00,hyperliquid,bitget,57.55814162573405,-6.772327000000001,7,2,50.78581462573405,native_15m_trade_close_plus_real_settlements,30.785814625734048,10.785814625734048,-29.214185374265952
PRICE_FUNDING_15M_GLOBAL_WINDOW,15m-0003580,bitget/hyperliquid,50,2026-07-21 00:45:00+00:00,2026-07-21 01:00:00+00:00,hyperliquid,bitget,14.680433940550955,-0.878528,1,0,13.801905940550956,native_15m_trade_close_plus_real_settlements,-6.198094059449044,-26.198094059449044,-66.19809405944905
PRICE_FUNDING_15M_GLOBAL_WINDOW,15m-0003581,bitget/hyperliquid,50,2026-07-21 17:15:00+00:00,2026-07-21 18:00:00+00:00,hyperliquid,bitget,15.020399400949046,-2.2392469999999998,1,0,12.781152400949047,native_15m_trade_close_plus_real_settlements,-7.218847599050953,-27.218847599050953,-67.21884759905095
PRICE_FUNDING_15M_GLOBAL_WINDOW,15m-0003582,bitget/hyperliquid,50,2026-07-21 18:15:00+00:00,2026-07-21 19:00:00+00:00,hyperliquid,bitget,13.192484729449305,-0.489291,1,0,12.703193729449305,native_15m_trade_close_plus_real_settlements,-7.296806270550695,-27.296806270550697,-67.29680627055069
PRICE_FUNDING_15M_GLOBAL_WINDOW,15m-0003583,bitget/hyperliquid,50,2026-07-21 20:00:00+00:00,2026-07-21 20:15:00+00:00,hyperliquid,bitget,6.248545123242884,-0.0625,1,0,6.186045123242884,native_15m_trade_close_plus_real_settlements,-13.813954876757116,-33.813954876757116,-73.81395487675712
PRICE_FUNDING_15M_GLOBAL_WINDOW,15m-0003584,bitget/hyperliquid,50,2026-07-21 20:30:00+00:00,2026-07-21 20:45:00+00:00,hyperliquid,bitget,6.399761810185105,0.0,0,0,6.399761810185105,native_15m_trade_close_plus_real_settlements,-13.600238189814895,-33.600238189814895,-73.60023818981489
PRICE_FUNDING_15M_GLOBAL_WINDOW,15m-0003585,bitget/hyperliquid,50,2026-07-21 21:45:00+00:00,2026-07-21 22:00:00+00:00,hyperliquid,bitget,9.879928244961214,-2.811407,1,0,7.068521244961214,native_15m_trade_close_plus_real_settlements,-12.931478755038786,-32.93147875503879,-72.93147875503878
PRICE_FUNDING_15M_GLOBAL_WINDOW,15m-0003586,bitget/hyperliquid,50,2026-07-22 00:00:00+00:00,2026-07-22 00:15:00+00:00,hyperliquid,bitget,10.34447666755024,-1.955694,1,0,8.38878266755024,native_15m_trade_close_plus_real_settlements,-11.61121733244976,-31.611217332449762,-71.61121733244975
PRICE_FUNDING_15M_GLOBAL_WINDOW,15m-0003587,bitget/hyperliquid,50,2026-07-22 08:15:00+00:00,2026-07-22 08:30:00+00:00,hyperliquid,bitget,7.282877952935522,0.0,0,0,7.282877952935522,native_15m_trade_close_plus_real_settlements,-12.717122047064478,-32.71712204706448,-72.71712204706448
PRICE_FUNDING_15M_GLOBAL_WINDOW,15m-0003588,bitget/hyperliquid,50,2026-07-22 08:45:00+00:00,2026-07-22 09:15:00+00:00,hyperliquid,bitget,15.412214175941862,-0.0625,1,0,15.349714175941862,native_15m_trade_close_plus_real_settlements,-4.6502858240581375,-24.650285824058138,-64.65028582405813
PRICE_FUNDING_15M_GLOBAL_WINDOW,15m-0003589,bitget/hyperliquid,50,2026-07-22 09:45:00+00:00,2026-07-22 10:00:00+00:00,hyperliquid,bitget,6.064231573936816,-0.6685220000000001,1,0,5.3957095739368155,native_15m_trade_close_plus_real_settlements,-14.604290426063184,-34.60429042606319,-74.60429042606319
PRICE_FUNDING_15M_GLOBAL_WINDOW,15m-0003590,bitget/hyperliquid,50,2026-07-22 10:45:00+00:00,2026-07-22 11:30:00+00:00,hyperliquid,bitget,8.850858805517646,-1.5643,1,0,7.286558805517646,native_15m_trade_close_plus_real_settlements,-12.713441194482353,-32.71344119448236,-72.71344119448236
PRICE_FUNDING_15M_GLOBAL_WINDOW,15m-0003591,bitget/hyperliquid,50,2026-07-22 12:15:00+00:00,2026-07-22 12:30:00+00:00,hyperliquid,bitget,8.073257340903623,0.0,0,0,8.073257340903623,native_15m_trade_close_plus_real_settlements,-11.926742659096377,-31.926742659096377,-71.92674265909638
PRICE_FUNDING_15M_GLOBAL_WINDOW,15m-0003592,bitget/hyperliquid,50,2026-07-22 16:00:00+00:00,2026-07-22 16:30:00+00:00,hyperliquid,bitget,5.431845164572792,-1.717476,1,0,3.714369164572792,native_15m_trade_close_plus_real_settlements,-16.28563083542721,-36.285630835427206,-76.28563083542721
PRICE_FUNDING_15M_GLOBAL_WINDOW,15m-0003593,bitget/hyperliquid,50,2026-07-22 20:15:00+00:00,2026-07-22 21:00:00+00:00,hyperliquid,bitget,11.059679888114744,-4.16244,1,0,6.897239888114743,native_15m_trade_close_plus_real_settlements,-13.102760111885257,-33.10276011188526,-73.10276011188526
PRICE_FUNDING_15M_GLOBAL_WINDOW,15m-0003594,bitget/hyperliquid,50,2026-07-22 23:00:00+00:00,2026-07-22 23:15:00+00:00,hyperliquid,bitget,7.421415717937826,2.8424180000000003,1,0,10.263833717937827,native_15m_trade_close_plus_real_settlements,-9.736166282062173,-29.73616628206217,-69.73616628206217
PRICE_FUNDING_15M_GLOBAL_WINDOW,15m-0003767,bitget/hyperliquid,100,2026-06-10 09:15:00+00:00,2026-06-10 10:00:00+00:00,hyperliquid,bitget,17.55267644866811,-3.429005,1,0,14.123671448668109,native_15m_trade_close_plus_real_settlements,-5.876328551331891,-25.87632855133189,-65.8763285513319
PRICE_FUNDING_15M_GLOBAL_WINDOW,15m-0003768,bitget/hyperliquid,100,2026-06-10 10:45:00+00:00,2026-06-10 11:00:00+00:00,hyperliquid,bitget,7.490255342181527,-2.685664,1,0,4.804591342181527,native_15m_trade_close_plus_real_settlements,-15.195408657818472,-35.195408657818476,-75.19540865781848
PRICE_FUNDING_15M_GLOBAL_WINDOW,15m-0003769,bitget/hyperliquid,100,2026-06-10 12:30:00+00:00,2026-06-10 14:00:00+00:00,hyperliquid,bitget,41.00491561029867,-9.266128,2,0,31.738787610298665,native_15m_trade_close_plus_real_settlements,11.738787610298665,-8.261212389701335,-48.261212389701335
PRICE_FUNDING_15M_GLOBAL_WINDOW,15m-0003770,bitget/hyperliquid,100,2026-06-10 14:15:00+00:00,2026-06-10 15:15:00+00:00,hyperliquid,bitget,19.21224484617626,-3.385447,1,0,15.826797846176262,native_15m_trade_close_plus_real_settlements,-4.173202153823738,-24.173202153823738,-64.17320215382374
PRICE_FUNDING_15M_GLOBAL_WINDOW,15m-0003771,bitget/hyperliquid,100,2026-06-10 23:00:00+00:00,2026-06-10 23:15:00+00:00,hyperliquid,bitget,18.430771938361815,1.914476,1,0,20.345247938361815,native_15m_trade_close_plus_real_settlements,0.34524793836181544,-19.654752061638185,-59.654752061638185
PRICE_FUNDING_15M_GLOBAL_WINDOW,15m-0003772,bitget/hyperliquid,100,2026-06-10 23:30:00+00:00,2026-06-11 00:00:00+00:00,hyperliquid,bitget,36.35370043786129,-2.60223,1,1,33.75147043786129,native_15m_trade_close_plus_real_settlements,13.751470437861293,-6.248529562138707,-46.24852956213871
PRICE_FUNDING_15M_GLOBAL_WINDOW,15m-0003773,bitget/hyperliquid,100,2026-06-11 00:45:00+00:00,2026-06-11 01:00:00+00:00,hyperliquid,bitget,30.00914901348692,-1.368798,1,0,28.64035101348692,native_15m_trade_close_plus_real_settlements,8.64035101348692,-11.35964898651308,-51.35964898651308
PRICE_FUNDING_15M_GLOBAL_WINDOW,15m-0003774,bitget/hyperliquid,100,2026-06-11 02:15:00+00:00,2026-06-11 02:30:00+00:00,hyperliquid,bitget,12.580120654168397,0.0,0,0,12.580120654168397,native_15m_trade_close_plus_real_settlements,-7.419879345831603,-27.419879345831603,-67.4198793458316
PRICE_FUNDING_15M_GLOBAL_WINDOW,15m-0003775,bitget/hyperliquid,100,2026-06-11 03:00:00+00:00,2026-06-11 03:15:00+00:00,hyperliquid,bitget,10.188623541671618,-1.387082,1,0,8.801541541671618,native_15m_trade_close_plus_real_settlements,-11.198458458328382,-31.198458458328382,-71.19845845832839
PRICE_FUNDING_15M_GLOBAL_WINDOW,15m-0003776,bitget/hyperliquid,100,2026-06-11 19:45:00+00:00,2026-06-11 20:00:00+00:00,hyperliquid,bitget,31.057469557774127,-7.657344,1,0,23.400125557774125,native_15m_trade_close_plus_real_settlements,3.4001255577741247,-16.599874442225875,-56.599874442225875
PRICE_FUNDING_15M_GLOBAL_WINDOW,15m-0003777,bitget/hyperliquid,100,2026-06-12 07:30:00+00:00,2026-06-12 07:45:00+00:00,hyperliquid,bitget,12.702331869339702,0.0,0,0,12.702331869339702,native_15m_trade_close_plus_real_settlements,-7.297668130660298,-27.2976681306603,-67.2976681306603
PRICE_FUNDING_15M_GLOBAL_WINDOW,15m-0003778,bitget/hyperliquid,100,2026-06-12 08:00:00+00:00,2026-06-12 08:15:00+00:00,hyperliquid,bitget,26.760591603095065,-1.758068,1,0,25.002523603095064,native_15m_trade_close_plus_real_settlements,5.002523603095064,-14.997476396904936,-54.997476396904936
PRICE_FUNDING_15M_GLOBAL_WINDOW,15m-0003779,bitget/hyperliquid,100,2026-06-14 21:45:00+00:00,2026-06-14 22:00:00+00:00,hyperliquid,bitget,24.869775534102587,-5.999973,1,0,18.869802534102586,native_15m_trade_close_plus_real_settlements,-1.1301974658974139,-21.130197465897414,-61.13019746589741
PRICE_FUNDING_15M_GLOBAL_WINDOW,15m-0003780,bitget/hyperliquid,100,2026-06-14 23:00:00+00:00,2026-06-14 23:45:00+00:00,hyperliquid,bitget,17.86934262134902,-4.262003,1,0,13.60733962134902,native_15m_trade_close_plus_real_settlements,-6.39266037865098,-26.39266037865098,-66.39266037865099
PRICE_FUNDING_15M_GLOBAL_WINDOW,15m-0003781,bitget/hyperliquid,100,2026-06-15 00:00:00+00:00,2026-06-15 00:15:00+00:00,hyperliquid,bitget,42.10932540331679,-6.479609999999999,1,0,35.62971540331679,native_15m_trade_close_plus_real_settlements,15.629715403316787,-4.370284596683213,-44.37028459668321
PRICE_FUNDING_15M_GLOBAL_WINDOW,15m-0003782,bitget/hyperliquid,100,2026-06-15 01:30:00+00:00,2026-06-15 01:45:00+00:00,hyperliquid,bitget,21.81173060841921,0.0,0,0,21.81173060841921,native_15m_trade_close_plus_real_settlements,1.8117306084192109,-18.18826939158079,-58.18826939158079
PRICE_FUNDING_15M_GLOBAL_WINDOW,15m-0003783,bitget/hyperliquid,100,2026-06-16 10:30:00+00:00,2026-06-16 10:45:00+00:00,hyperliquid,bitget,5.036468551019951,0.0,0,0,5.036468551019951,native_15m_trade_close_plus_real_settlements,-14.96353144898005,-34.96353144898005,-74.96353144898005
PRICE_FUNDING_15M_GLOBAL_WINDOW,15m-0003784,bitget/hyperliquid,100,2026-06-16 11:00:00+00:00,2026-06-16 11:45:00+00:00,hyperliquid,bitget,18.335260567956254,-3.9058080000000004,1,0,14.429452567956254,native_15m_trade_close_plus_real_settlements,-5.570547432043746,-25.570547432043746,-65.57054743204375
PRICE_FUNDING_15M_GLOBAL_WINDOW,15m-0003785,bitget/hyperliquid,100,2026-06-16 12:15:00+00:00,2026-06-16 12:30:00+00:00,hyperliquid,bitget,12.443336135057848,0.0,0,0,12.443336135057848,native_15m_trade_close_plus_real_settlements,-7.556663864942152,-27.556663864942152,-67.55666386494215
PRICE_FUNDING_15M_GLOBAL_WINDOW,15m-0003786,bitget/hyperliquid,100,2026-06-19 08:45:00+00:00,2026-06-19 09:00:00+00:00,hyperliquid,bitget,9.628318404560318,0.507178,1,0,10.135496404560318,native_15m_trade_close_plus_real_settlements,-9.864503595439682,-29.864503595439682,-69.86450359543969
PRICE_FUNDING_15M_GLOBAL_WINDOW,15m-0003787,bitget/hyperliquid,100,2026-06-19 09:45:00+00:00,2026-06-19 10:00:00+00:00,hyperliquid,bitget,25.632703372115074,-0.902444,1,0,24.730259372115075,native_15m_trade_close_plus_real_settlements,4.730259372115075,-15.269740627884925,-55.26974062788493
PRICE_FUNDING_15M_GLOBAL_WINDOW,15m-0003788,bitget/hyperliquid,100,2026-06-19 16:45:00+00:00,2026-06-19 17:00:00+00:00,hyperliquid,bitget,1.7382030648138027,0.10519,1,0,1.8433930648138026,native_15m_trade_close_plus_real_settlements,-18.156606935186197,-38.1566069351862,-78.1566069351862
PRICE_FUNDING_15M_GLOBAL_WINDOW,15m-0003789,bitget/hyperliquid,100,2026-06-19 17:45:00+00:00,2026-06-19 20:15:00+00:00,hyperliquid,bitget,24.210865235983277,1.900661,3,0,26.111526235983277,native_15m_trade_close_plus_real_settlements,6.111526235983277,-13.888473764016723,-53.88847376401672
PRICE_FUNDING_15M_GLOBAL_WINDOW,15m-0003790,bitget/hyperliquid,100,2026-06-19 21:00:00+00:00,2026-06-19 21:15:00+00:00,hyperliquid,bitget,11.981918252862329,-0.133348,1,0,11.848570252862329,native_15m_trade_close_plus_real_settlements,-8.151429747137671,-28.15142974713767,-68.15142974713767
PRICE_FUNDING_15M_GLOBAL_WINDOW,15m-0003791,bitget/hyperliquid,100,2026-06-19 22:00:00+00:00,2026-06-19 22:15:00+00:00,hyperliquid,bitget,5.345518880217668,-0.0625,1,0,5.283018880217668,native_15m_trade_close_plus_real_settlements,-14.716981119782332,-34.71698111978233,-74.71698111978233
PRICE_FUNDING_15M_GLOBAL_WINDOW,15m-0003792,bitget/hyperliquid,100,2026-06-20 17:15:00+00:00,2026-06-20 17:30:00+00:00,hyperliquid,bitget,4.63372696665445,0.0,0,0,4.63372696665445,native_15m_trade_close_plus_real_settlements,-15.36627303334555,-35.36627303334555,-75.36627303334555
PRICE_FUNDING_15M_GLOBAL_WINDOW,15m-0003793,bitget/hyperliquid,100,2026-06-20 17:45:00+00:00,2026-06-20 18:45:00+00:00,hyperliquid,bitget,14.721963060732435,-0.277234,1,0,14.444729060732435,native_15m_trade_close_plus_real_settlements,-5.555270939267565,-25.555270939267565,-65.55527093926756
PRICE_FUNDING_15M_GLOBAL_WINDOW,15m-0003794,bitget/hyperliquid,100,2026-06-21 00:15:00+00:00,2026-06-21 00:30:00+00:00,hyperliquid,bitget,11.194451289425245,0.0,0,0,11.194451289425245,native_15m_trade_close_plus_real_settlements,-8.805548710574755,-28.805548710574755,-68.80554871057475
PRICE_FUNDING_15M_GLOBAL_WINDOW,15m-0003795,bitget/hyperliquid,100,2026-06-21 02:00:00+00:00,2026-06-21 02:30:00+00:00,hyperliquid,bitget,6.031139685270475,-0.407938,1,0,5.623201685270475,native_15m_trade_close_plus_real_settlements,-14.376798314729525,-34.37679831472953,-74.37679831472953
PRICE_FUNDING_15M_GLOBAL_WINDOW,15m-0003796,bitget/hyperliquid,100,2026-06-21 02:45:00+00:00,2026-06-21 03:00:00+00:00,hyperliquid,bitget,7.313159881579381,-0.08295999999999999,1,0,7.230199881579381,native_15m_trade_close_plus_real_settlements,-12.76980011842062,-32.76980011842062,-72.76980011842062
PRICE_FUNDING_15M_GLOBAL_WINDOW,15m-0003797,bitget/hyperliquid,100,2026-06-21 03:45:00+00:00,2026-06-21 04:00:00+00:00,hyperliquid,bitget,3.3714987655411335,-0.090881,1,0,3.2806177655411335,native_15m_trade_close_plus_real_settlements,-16.719382234458866,-36.71938223445887,-76.71938223445886
PRICE_FUNDING_15M_GLOBAL_WINDOW,15m-0003798,bitget/hyperliquid,100,2026-06-21 07:30:00+00:00,2026-06-21 09:30:00+00:00,hyperliquid,bitget,35.30003611593,-1.266169,2,1,34.03386711593,native_15m_trade_close_plus_real_settlements,14.03386711593,-5.966132884069999,-45.96613288407
PRICE_FUNDING_15M_GLOBAL_WINDOW,15m-0003799,bitget/hyperliquid,100,2026-06-21 11:00:00+00:00,2026-06-21 11:15:00+00:00,hyperliquid,bitget,2.4524971174463133,-0.0625,1,0,2.3899971174463133,native_15m_trade_close_plus_real_settlements,-17.610002882553687,-37.61000288255369,-77.61000288255369
PRICE_FUNDING_15M_GLOBAL_WINDOW,15m-0003800,bitget/hyperliquid,100,2026-06-21 12:00:00+00:00,2026-06-21 12:30:00+00:00,hyperliquid,bitget,2.8970017741266503,0.499981,1,0,3.3969827741266503,native_15m_trade_close_plus_real_settlements,-16.60301722587335,-36.60301722587335,-76.60301722587334
PRICE_FUNDING_15M_GLOBAL_WINDOW,15m-0003801,bitget/hyperliquid,100,2026-06-21 12:45:00+00:00,2026-06-21 13:15:00+00:00,hyperliquid,bitget,7.223448091977488,0.216487,1,0,7.439935091977488,native_15m_trade_close_plus_real_settlements,-12.560064908022511,-32.56006490802251,-72.56006490802251
PRICE_FUNDING_15M_GLOBAL_WINDOW,15m-0003802,bitget/hyperliquid,100,2026-06-21 14:00:00+00:00,2026-06-21 14:30:00+00:00,hyperliquid,bitget,10.167341142979609,1.236248,1,0,11.403589142979609,native_15m_trade_close_plus_real_settlements,-8.596410857020391,-28.59641085702039,-68.59641085702039
PRICE_FUNDING_15M_GLOBAL_WINDOW,15m-0003803,bitget/hyperliquid,100,2026-06-21 15:00:00+00:00,2026-06-21 15:30:00+00:00,hyperliquid,bitget,5.307209553371152,1.241614,1,0,6.548823553371152,native_15m_trade_close_plus_real_settlements,-13.451176446628848,-33.45117644662885,-73.45117644662885
PRICE_FUNDING_15M_GLOBAL_WINDOW,15m-0003804,bitget/hyperliquid,100,2026-06-21 23:00:00+00:00,2026-06-22 00:00:00+00:00,hyperliquid,bitget,57.34898440932825,-5.463706,2,1,51.88527840932825,native_15m_trade_close_plus_real_settlements,31.88527840932825,11.88527840932825,-28.11472159067175
PRICE_FUNDING_15M_GLOBAL_WINDOW,15m-0003805,bitget/hyperliquid,100,2026-06-22 00:15:00+00:00,2026-06-22 02:45:00+00:00,hyperliquid,bitget,86.97954686541944,-12.617421000000002,2,0,74.36212586541943,native_15m_trade_close_plus_real_settlements,54.36212586541943,34.36212586541943,-5.637874134580571
PRICE_FUNDING_15M_GLOBAL_WINDOW,15m-0003806,bitget/hyperliquid,100,2026-06-22 04:00:00+00:00,2026-06-22 04:15:00+00:00,hyperliquid,bitget,15.871233303696613,-2.071824,1,0,13.799409303696613,native_15m_trade_close_plus_real_settlements,-6.2005906963033866,-26.200590696303387,-66.20059069630338
PRICE_FUNDING_15M_GLOBAL_WINDOW,15m-0003807,bitget/hyperliquid,100,2026-06-22 11:00:00+00:00,2026-06-22 11:15:00+00:00,hyperliquid,bitget,13.72242905830359,-3.371919,1,0,10.35051005830359,native_15m_trade_close_plus_real_settlements,-9.64948994169641,-29.64948994169641,-69.64948994169642
PRICE_FUNDING_15M_GLOBAL_WINDOW,15m-0003808,bitget/hyperliquid,100,2026-06-22 23:45:00+00:00,2026-06-23 03:00:00+00:00,hyperliquid,bitget,42.603602570719886,-12.974758,4,1,29.628844570719885,native_15m_trade_close_plus_real_settlements,9.628844570719885,-10.371155429280115,-50.371155429280115
PRICE_FUNDING_15M_GLOBAL_WINDOW,15m-0003809,bitget/hyperliquid,100,2026-06-23 04:45:00+00:00,2026-06-23 05:00:00+00:00,hyperliquid,bitget,39.10435700082097,-1.271706,1,0,37.83265100082097,native_15m_trade_close_plus_real_settlements,17.832651000820967,-2.1673489991790333,-42.16734899917903
PRICE_FUNDING_15M_GLOBAL_WINDOW,15m-0003810,bitget/hyperliquid,100,2026-06-23 05:15:00+00:00,2026-06-23 05:30:00+00:00,hyperliquid,bitget,7.21670489964518,0.0,0,0,7.21670489964518,native_15m_trade_close_plus_real_settlements,-12.78329510035482,-32.78329510035482,-72.78329510035482
PRICE_FUNDING_15M_GLOBAL_WINDOW,15m-0003811,bitget/hyperliquid,100,2026-06-23 06:15:00+00:00,2026-06-23 07:00:00+00:00,hyperliquid,bitget,32.087158585509,-3.215429,1,0,28.871729585509,native_15m_trade_close_plus_real_settlements,8.871729585509001,-11.128270414490999,-51.128270414491
PRICE_FUNDING_15M_GLOBAL_WINDOW,15m-0003812,bitget/hyperliquid,100,2026-06-23 07:45:00+00:00,2026-06-23 13:00:00+00:00,hyperliquid,bitget,53.74922446601258,5.691675,6,1,59.44089946601258,native_15m_trade_close_plus_real_settlements,39.44089946601258,19.44089946601258,-20.55910053398742
PRICE_FUNDING_15M_GLOBAL_WINDOW,15m-0003813,bitget/hyperliquid,100,2026-06-23 13:30:00+00:00,2026-06-23 18:30:00+00:00,hyperliquid,bitget,52.75082234434359,-2.7869429999999995,5,1,49.96387934434359,native_15m_trade_close_plus_real_settlements,29.96387934434359,9.963879344343589,-30.03612065565641
PRICE_FUNDING_15M_GLOBAL_WINDOW,15m-0003814,bitget/hyperliquid,100,2026-06-23 18:45:00+00:00,2026-06-23 19:15:00+00:00,hyperliquid,bitget,10.75422546461931,2.728432,1,0,13.48265746461931,native_15m_trade_close_plus_real_settlements,-6.51734253538069,-26.517342535380692,-66.51734253538069
PRICE_FUNDING_15M_GLOBAL_WINDOW,15m-0003815,bitget/hyperliquid,100,2026-06-23 19:30:00+00:00,2026-06-23 23:30:00+00:00,hyperliquid,bitget,34.45765395100524,-3.2192450000000004,4,0,31.23840895100524,native_15m_trade_close_plus_real_settlements,11.23840895100524,-8.76159104899476,-48.76159104899476
PRICE_FUNDING_15M_GLOBAL_WINDOW,15m-0003816,bitget/hyperliquid,100,2026-06-24 01:00:00+00:00,2026-06-24 01:15:00+00:00,hyperliquid,bitget,6.846788639071775,-3.988072,1,0,2.8587166390717753,native_15m_trade_close_plus_real_settlements,-17.141283360928224,-37.14128336092823,-77.14128336092823
PRICE_FUNDING_15M_GLOBAL_WINDOW,15m-0003817,bitget/hyperliquid,100,2026-06-24 02:45:00+00:00,2026-06-24 03:00:00+00:00,hyperliquid,bitget,13.359891066260616,-2.434153,1,0,10.925738066260616,native_15m_trade_close_plus_real_settlements,-9.074261933739384,-29.074261933739386,-69.07426193373938
PRICE_FUNDING_15M_GLOBAL_WINDOW,15m-0003818,bitget/hyperliquid,100,2026-06-24 03:15:00+00:00,2026-06-24 03:30:00+00:00,hyperliquid,bitget,38.419186996938265,0.0,0,0,38.419186996938265,native_15m_trade_close_plus_real_settlements,18.419186996938265,-1.580813003061735,-41.580813003061735
PRICE_FUNDING_15M_GLOBAL_WINDOW,15m-0003819,bitget/hyperliquid,100,2026-06-24 08:00:00+00:00,2026-06-24 13:15:00+00:00,hyperliquid,bitget,30.799665908208027,-6.6083799999999995,6,0,24.191285908208027,native_15m_trade_close_plus_real_settlements,4.191285908208027,-15.808714091791973,-55.80871409179197
PRICE_FUNDING_15M_GLOBAL_WINDOW,15m-0003820,bitget/hyperliquid,100,2026-06-24 13:30:00+00:00,2026-06-24 19:15:00+00:00,hyperliquid,bitget,23.703176870982176,12.625810999999999,6,1,36.328987870982175,native_15m_trade_close_plus_real_settlements,16.328987870982175,-3.671012129017825,-43.671012129017825
PRICE_FUNDING_15M_GLOBAL_WINDOW,15m-0003821,bitget/hyperliquid,100,2026-06-24 19:30:00+00:00,2026-06-24 19:45:00+00:00,hyperliquid,bitget,4.359793727441854,0.0,0,0,4.359793727441854,native_15m_trade_close_plus_real_settlements,-15.640206272558146,-35.640206272558146,-75.64020627255815
PRICE_FUNDING_15M_GLOBAL_WINDOW,15m-0003822,bitget/hyperliquid,100,2026-06-24 20:00:00+00:00,2026-06-24 21:30:00+00:00,hyperliquid,bitget,65.14411604994702,-27.110068000000002,2,0,38.03404804994702,native_15m_trade_close_plus_real_settlements,18.034048049947017,-1.9659519500529825,-41.96595195005298
PRICE_FUNDING_15M_GLOBAL_WINDOW,15m-0003823,bitget/hyperliquid,100,2026-06-24 22:15:00+00:00,2026-06-24 22:30:00+00:00,hyperliquid,bitget,14.526706587259909,0.0,0,0,14.526706587259909,native_15m_trade_close_plus_real_settlements,-5.473293412740091,-25.47329341274009,-65.47329341274009
PRICE_FUNDING_15M_GLOBAL_WINDOW,15m-0003824,bitget/hyperliquid,100,2026-06-24 22:45:00+00:00,2026-06-24 23:00:00+00:00,hyperliquid,bitget,14.125389234610267,-2.635243,1,0,11.490146234610268,native_15m_trade_close_plus_real_settlements,-8.509853765389732,-28.50985376538973,-68.50985376538974
PRICE_FUNDING_15M_GLOBAL_WINDOW,15m-0003825,bitget/hyperliquid,100,2026-06-24 23:15:00+00:00,2026-06-24 23:30:00+00:00,hyperliquid,bitget,11.724277173338479,0.0,0,0,11.724277173338479,native_15m_trade_close_plus_real_settlements,-8.275722826661521,-28.27572282666152,-68.27572282666152
PRICE_FUNDING_15M_GLOBAL_WINDOW,15m-0003826,bitget/hyperliquid,100,2026-06-25 00:00:00+00:00,2026-06-25 01:00:00+00:00,hyperliquid,bitget,32.26459091129365,-4.535902999999999,2,0,27.728687911293655,native_15m_trade_close_plus_real_settlements,7.728687911293655,-12.271312088706345,-52.271312088706345
PRICE_FUNDING_15M_GLOBAL_WINDOW,15m-0003827,bitget/hyperliquid,100,2026-06-25 05:15:00+00:00,2026-06-25 05:30:00+00:00,hyperliquid,bitget,22.013771606932906,0.0,0,0,22.013771606932906,native_15m_trade_close_plus_real_settlements,2.013771606932906,-17.986228393067094,-57.986228393067094
PRICE_FUNDING_15M_GLOBAL_WINDOW,15m-0003828,bitget/hyperliquid,100,2026-07-01 15:30:00+00:00,2026-07-01 15:45:00+00:00,hyperliquid,bitget,12.050912439527195,0.0,0,0,12.050912439527195,native_15m_trade_close_plus_real_settlements,-7.949087560472805,-27.949087560472805,-67.9490875604728
PRICE_FUNDING_15M_GLOBAL_WINDOW,15m-0003829,bitget/hyperliquid,100,2026-07-02 06:00:00+00:00,2026-07-02 06:30:00+00:00,hyperliquid,bitget,30.225459488592406,-3.485586,1,0,26.739873488592405,native_15m_trade_close_plus_real_settlements,6.739873488592405,-13.260126511407595,-53.26012651140759
PRICE_FUNDING_15M_GLOBAL_WINDOW,15m-0003830,bitget/hyperliquid,100,2026-07-02 09:15:00+00:00,2026-07-02 13:45:00+00:00,hyperliquid,bitget,42.20467824666052,-16.577275,4,0,25.62740324666052,native_15m_trade_close_plus_real_settlements,5.627403246660521,-14.37259675333948,-54.37259675333948
PRICE_FUNDING_15M_GLOBAL_WINDOW,15m-0003831,bitget/hyperliquid,100,2026-07-02 15:45:00+00:00,2026-07-02 16:30:00+00:00,hyperliquid,bitget,30.326846177869612,2.502313,1,1,32.82915917786961,native_15m_trade_close_plus_real_settlements,12.829159177869613,-7.170840822130387,-47.17084082213039
PRICE_FUNDING_15M_GLOBAL_WINDOW,15m-0003832,bitget/hyperliquid,100,2026-07-02 17:00:00+00:00,2026-07-02 18:00:00+00:00,hyperliquid,bitget,20.854534867852195,11.910397999999999,2,0,32.764932867852195,native_15m_trade_close_plus_real_settlements,12.764932867852195,-7.235067132147805,-47.235067132147805
PRICE_FUNDING_15M_GLOBAL_WINDOW,15m-0003833,bitget/hyperliquid,100,2026-07-02 18:30:00+00:00,2026-07-02 21:15:00+00:00,hyperliquid,bitget,29.888372291190052,-6.637029,3,0,23.251343291190054,native_15m_trade_close_plus_real_settlements,3.2513432911900537,-16.748656708809946,-56.748656708809946
PRICE_FUNDING_15M_GLOBAL_WINDOW,15m-0003834,bitget/hyperliquid,100,2026-07-03 00:30:00+00:00,2026-07-03 01:00:00+00:00,hyperliquid,bitget,39.92679826451713,-3.8521669999999997,1,0,36.07463126451713,native_15m_trade_close_plus_real_settlements,16.07463126451713,-3.92536873548287,-43.92536873548287
PRICE_FUNDING_15M_GLOBAL_WINDOW,15m-0003835,bitget/hyperliquid,100,2026-07-12 23:45:00+00:00,2026-07-13 00:00:00+00:00,hyperliquid,bitget,21.865536139421522,-5.533987,1,1,16.331549139421522,native_15m_trade_close_plus_real_settlements,-3.668450860578478,-23.668450860578478,-63.668450860578474
PRICE_FUNDING_15M_GLOBAL_WINDOW,15m-0003836,bitget/hyperliquid,100,2026-07-13 00:30:00+00:00,2026-07-13 01:00:00+00:00,hyperliquid,bitget,40.96524270512964,-3.737533,1,0,37.22770970512964,native_15m_trade_close_plus_real_settlements,17.22770970512964,-2.772290294870359,-42.77229029487036
PRICE_FUNDING_15M_GLOBAL_WINDOW,15m-0003837,bitget/hyperliquid,100,2026-07-13 01:30:00+00:00,2026-07-13 01:45:00+00:00,hyperliquid,bitget,8.666006246019464,0.0,0,0,8.666006246019464,native_15m_trade_close_plus_real_settlements,-11.333993753980536,-31.333993753980536,-71.33399375398054
PRICE_FUNDING_15M_GLOBAL_WINDOW,15m-0003838,bitget/hyperliquid,100,2026-07-13 02:00:00+00:00,2026-07-13 02:15:00+00:00,hyperliquid,bitget,8.631081955186417,-3.517958,1,0,5.113123955186417,native_15m_trade_close_plus_real_settlements,-14.886876044813583,-34.88687604481358,-74.88687604481359
PRICE_FUNDING_15M_GLOBAL_WINDOW,15m-0003839,bitget/hyperliquid,100,2026-07-13 02:30:00+00:00,2026-07-13 05:45:00+00:00,hyperliquid,bitget,50.855856442774524,-22.192473999999997,3,0,28.663382442774527,native_15m_trade_close_plus_real_settlements,8.663382442774527,-11.336617557225473,-51.33661755722547
PRICE_FUNDING_15M_GLOBAL_WINDOW,15m-0003840,bitget/hyperliquid,100,2026-07-13 06:00:00+00:00,2026-07-13 07:00:00+00:00,hyperliquid,bitget,43.13894463358133,-18.056769,2,0,25.082175633581333,native_15m_trade_close_plus_real_settlements,5.082175633581333,-14.917824366418667,-54.91782436641867
PRICE_FUNDING_15M_GLOBAL_WINDOW,15m-0003841,bitget/hyperliquid,100,2026-07-13 07:15:00+00:00,2026-07-14 05:15:00+00:00,hyperliquid,bitget,199.87899774531297,-17.384396999999993,22,3,182.494600745313,native_15m_trade_close_plus_real_settlements,162.494600745313,142.494600745313,102.494600745313
PRICE_FUNDING_15M_GLOBAL_WINDOW,15m-0003842,bitget/hyperliquid,100,2026-07-14 05:45:00+00:00,2026-07-14 06:00:00+00:00,hyperliquid,bitget,38.87378093370434,-1.335477,1,0,37.53830393370434,native_15m_trade_close_plus_real_settlements,17.53830393370434,-2.4616960662956586,-42.46169606629566
PRICE_FUNDING_15M_GLOBAL_WINDOW,15m-0003843,bitget/hyperliquid,100,2026-07-14 08:00:00+00:00,2026-07-14 14:00:00+00:00,hyperliquid,bitget,49.91708526714693,-13.822019,7,1,36.09506626714693,native_15m_trade_close_plus_real_settlements,16.095066267146933,-3.904933732853067,-43.90493373285307
PRICE_FUNDING_15M_GLOBAL_WINDOW,15m-0003844,bitget/hyperliquid,100,2026-07-14 14:45:00+00:00,2026-07-14 15:15:00+00:00,hyperliquid,bitget,24.051868224671935,-0.907021,1,0,23.144847224671935,native_15m_trade_close_plus_real_settlements,3.144847224671935,-16.855152775328065,-56.855152775328065
PRICE_FUNDING_15M_GLOBAL_WINDOW,15m-0003845,bitget/hyperliquid,100,2026-07-14 15:30:00+00:00,2026-07-14 15:45:00+00:00,hyperliquid,bitget,12.173110952443352,0.0,0,0,12.173110952443352,native_15m_trade_close_plus_real_settlements,-7.826889047556648,-27.826889047556648,-67.82688904755665
PRICE_FUNDING_15M_GLOBAL_WINDOW,15m-0003846,bitget/hyperliquid,100,2026-07-14 17:30:00+00:00,2026-07-14 19:45:00+00:00,hyperliquid,bitget,27.662308174051404,-1.719061,2,0,25.943247174051404,native_15m_trade_close_plus_real_settlements,5.943247174051404,-14.056752825948596,-54.05675282594859
PRICE_FUNDING_15M_GLOBAL_WINDOW,15m-0003847,bitget/hyperliquid,100,2026-07-17 02:00:00+00:00,2026-07-17 04:00:00+00:00,hyperliquid,bitget,31.305011688181054,-29.584146999999998,3,1,1.7208646881810559,native_15m_trade_close_plus_real_settlements,-18.279135311818944,-38.27913531181895,-78.27913531181895
PRICE_FUNDING_15M_GLOBAL_WINDOW,15m-0003929,bitget/hyperliquid,150,2026-06-21 23:45:00+00:00,2026-06-22 00:00:00+00:00,hyperliquid,bitget,57.34898440932825,-8.19441,1,1,49.154574409328255,native_15m_trade_close_plus_real_settlements,29.154574409328255,9.154574409328255,-30.845425590671745
PRICE_FUNDING_15M_GLOBAL_WINDOW,15m-0003930,bitget/hyperliquid,150,2026-06-22 01:15:00+00:00,2026-06-22 01:30:00+00:00,hyperliquid,bitget,41.44951134536544,0.0,0,0,41.44951134536544,native_15m_trade_close_plus_real_settlements,21.449511345365437,1.449511345365437,-38.55048865463456
PRICE_FUNDING_15M_GLOBAL_WINDOW,15m-0003931,bitget/hyperliquid,150,2026-06-24 20:45:00+00:00,2026-06-24 21:00:00+00:00,hyperliquid,bitget,57.25235047861037,-26.422378,1,0,30.82997247861037,native_15m_trade_close_plus_real_settlements,10.829972478610369,-9.170027521389631,-49.17002752138963
PRICE_FUNDING_15M_GLOBAL_WINDOW,15m-0003932,bitget/hyperliquid,150,2026-07-13 08:00:00+00:00,2026-07-13 09:15:00+00:00,hyperliquid,bitget,66.71757102171836,-15.394311,2,0,51.323260021718355,native_15m_trade_close_plus_real_settlements,31.323260021718355,11.323260021718355,-28.676739978281645
PRICE_FUNDING_15M_GLOBAL_WINDOW,15m-0003933,bitget/hyperliquid,150,2026-07-13 09:30:00+00:00,2026-07-14 00:45:00+00:00,hyperliquid,bitget,134.44689810345625,-24.580297,15,2,109.86660110345625,native_15m_trade_close_plus_real_settlements,89.86660110345625,69.86660110345625,29.866601103456247
PRICE_FUNDING_15M_GLOBAL_WINDOW,15m-0003934,bitget/hyperliquid,150,2026-07-14 01:45:00+00:00,2026-07-14 04:45:00+00:00,hyperliquid,bitget,179.49916375641158,-16.418061,3,0,163.08110275641158,native_15m_trade_close_plus_real_settlements,143.08110275641158,123.08110275641158,83.08110275641158
PRICE_FUNDING_15M_GLOBAL_WINDOW,15m-0003941,bitget/hyperliquid,200,2026-07-13 08:15:00+00:00,2026-07-13 08:30:00+00:00,hyperliquid,bitget,27.553684917263467,0.0,0,0,27.553684917263467,native_15m_trade_close_plus_real_settlements,7.5536849172634675,-12.446315082736533,-52.44631508273653
PRICE_FUNDING_15M_GLOBAL_WINDOW,15m-0003942,bitget/hyperliquid,200,2026-07-13 10:30:00+00:00,2026-07-13 12:00:00+00:00,hyperliquid,bitget,58.646200245074596,-13.369178,2,0,45.2770222450746,native_15m_trade_close_plus_real_settlements,25.277022245074598,5.277022245074598,-34.7229777549254
PRICE_FUNDING_15M_GLOBAL_WINDOW,15m-0003943,bitget/hyperliquid,200,2026-07-13 13:30:00+00:00,2026-07-13 13:45:00+00:00,hyperliquid,bitget,23.770865128423992,0.0,0,0,23.770865128423992,native_15m_trade_close_plus_real_settlements,3.770865128423992,-16.229134871576008,-56.22913487157601
PRICE_FUNDING_15M_GLOBAL_WINDOW,15m-0003944,bitget/hyperliquid,200,2026-07-13 14:00:00+00:00,2026-07-13 14:15:00+00:00,hyperliquid,bitget,15.249928993301921,-0.127968,1,0,15.121960993301922,native_15m_trade_close_plus_real_settlements,-4.878039006698078,-24.878039006698078,-64.87803900669807
PRICE_FUNDING_15M_GLOBAL_WINDOW,15m-0003945,bitget/hyperliquid,200,2026-07-13 23:00:00+00:00,2026-07-14 00:00:00+00:00,hyperliquid,bitget,86.60881709810295,-11.093227,2,1,75.51559009810295,native_15m_trade_close_plus_real_settlements,55.51559009810295,35.51559009810295,-4.4844099018970525
PRICE_FUNDING_15M_GLOBAL_WINDOW,15m-0003946,bitget/hyperliquid,200,2026-07-14 02:00:00+00:00,2026-07-14 02:30:00+00:00,hyperliquid,bitget,54.45030120268609,-2.7597,1,0,51.69060120268609,native_15m_trade_close_plus_real_settlements,31.69060120268609,11.69060120268609,-28.30939879731391
PRICE_FUNDING_15M_GLOBAL_WINDOW,15m-0003947,bitget/hyperliquid,200,2026-07-14 02:45:00+00:00,2026-07-14 03:45:00+00:00,hyperliquid,bitget,113.04761330157527,-5.586314,1,0,107.46129930157527,native_15m_trade_close_plus_real_settlements,87.46129930157527,67.46129930157527,27.461299301575266
PRICE_FUNDING_15M_GLOBAL_WINDOW,15m-0003948,bitget/hyperliquid,200,2026-07-14 04:00:00+00:00,2026-07-14 04:15:00+00:00,hyperliquid,bitget,7.73785813129075,-8.072047,1,0,-0.3341888687092496,native_15m_trade_close_plus_real_settlements,-20.334188868709248,-40.33418886870925,-80.33418886870925
PRICE_FUNDING_15M_GLOBAL_WINDOW,15m-0003959,bitget/okx,20,2026-06-10 09:15:00+00:00,2026-06-10 10:15:00+00:00,okx,bitget,22.1528857382218,0.0,0,0,22.1528857382218,native_15m_trade_close_plus_real_settlements,2.1528857382218014,-17.8471142617782,-57.8471142617782
PRICE_FUNDING_15M_GLOBAL_WINDOW,15m-0003960,bitget/okx,20,2026-06-10 10:30:00+00:00,2026-06-11 12:30:00+00:00,okx,bitget,80.86585143440314,-19.549019203818997,3,3,61.31683223058414,native_15m_trade_close_plus_real_settlements,41.31683223058414,21.31683223058414,-18.68316776941586
PRICE_FUNDING_15M_GLOBAL_WINDOW,15m-0003961,bitget/okx,20,2026-06-11 12:45:00+00:00,2026-06-12 04:15:00+00:00,okx,bitget,60.35252674231119,-48.547737906566994,2,2,11.804788835744198,native_15m_trade_close_plus_real_settlements,-8.195211164255802,-28.195211164255802,-68.1952111642558
PRICE_FUNDING_15M_GLOBAL_WINDOW,15m-0003962,bitget/okx,20,2026-06-12 04:30:00+00:00,2026-06-12 06:15:00+00:00,okx,bitget,43.5262704000054,0.0,0,0,43.5262704000054,native_15m_trade_close_plus_real_settlements,23.5262704000054,3.5262704000054015,-36.4737295999946
PRICE_FUNDING_15M_GLOBAL_WINDOW,15m-0003963,bitget/okx,20,2026-06-12 07:30:00+00:00,2026-06-12 08:15:00+00:00,okx,bitget,36.44090026321668,-10.371198627843002,1,1,26.069701635373683,native_15m_trade_close_plus_real_settlements,6.069701635373683,-13.930298364626317,-53.93029836462632
PRICE_FUNDING_15M_GLOBAL_WINDOW,15m-0003964,bitget/okx,20,2026-06-12 08:30:00+00:00,2026-06-12 09:15:00+00:00,okx,bitget,13.474090667225234,0.0,0,0,13.474090667225234,native_15m_trade_close_plus_real_settlements,-6.525909332774766,-26.525909332774766,-66.52590933277477
PRICE_FUNDING_15M_GLOBAL_WINDOW,15m-0003965,bitget/okx,20,2026-06-12 09:30:00+00:00,2026-06-12 15:45:00+00:00,okx,bitget,54.40017918291516,0.0,0,0,54.40017918291516,native_15m_trade_close_plus_real_settlements,34.40017918291516,14.40017918291516,-25.59982081708484
PRICE_FUNDING_15M_GLOBAL_WINDOW,15m-0003966,bitget/okx,20,2026-06-12 16:15:00+00:00,2026-06-12 17:30:00+00:00,okx,bitget,19.868731131724626,0.0,0,0,19.868731131724626,native_15m_trade_close_plus_real_settlements,-0.13126886827537376,-20.131268868275374,-60.13126886827537
PRICE_FUNDING_15M_GLOBAL_WINDOW,15m-0003967,bitget/okx,20,2026-06-12 17:45:00+00:00,2026-06-12 19:45:00+00:00,okx,bitget,24.30179610860759,0.0,0,0,24.30179610860759,native_15m_trade_close_plus_real_settlements,4.30179610860759,-15.69820389139241,-55.69820389139241
PRICE_FUNDING_15M_GLOBAL_WINDOW,15m-0003968,bitget/okx,20,2026-06-12 20:00:00+00:00,2026-06-12 21:45:00+00:00,okx,bitget,25.497176152710775,0.0,0,0,25.497176152710775,native_15m_trade_close_plus_real_settlements,5.497176152710775,-14.502823847289225,-54.50282384728922
PRICE_FUNDING_15M_GLOBAL_WINDOW,15m-0003969,bitget/okx,20,2026-06-12 22:00:00+00:00,2026-06-13 00:15:00+00:00,okx,bitget,25.724427473582786,-2.885392580435,1,1,22.839034893147787,native_15m_trade_close_plus_real_settlements,2.8390348931477867,-17.160965106852213,-57.16096510685222
PRICE_FUNDING_15M_GLOBAL_WINDOW,15m-0003970,bitget/okx,20,2026-06-13 00:30:00+00:00,2026-06-13 00:45:00+00:00,okx,bitget,17.12272378163317,0.0,0,0,17.12272378163317,native_15m_trade_close_plus_real_settlements,-2.8772762183668306,-22.87727621836683,-62.87727621836683
PRICE_FUNDING_15M_GLOBAL_WINDOW,15m-0003971,bitget/okx,20,2026-06-13 01:00:00+00:00,2026-06-13 01:30:00+00:00,okx,bitget,10.847560670085354,0.0,0,0,10.847560670085354,native_15m_trade_close_plus_real_settlements,-9.152439329914646,-29.152439329914646,-69.15243932991464
PRICE_FUNDING_15M_GLOBAL_WINDOW,15m-0003972,bitget/okx,20,2026-06-13 01:45:00+00:00,2026-06-13 02:15:00+00:00,okx,bitget,5.609414135461535,0.0,0,0,5.609414135461535,native_15m_trade_close_plus_real_settlements,-14.390585864538465,-34.390585864538465,-74.39058586453847
PRICE_FUNDING_15M_GLOBAL_WINDOW,15m-0003973,bitget/okx,20,2026-06-13 02:30:00+00:00,2026-06-13 02:45:00+00:00,okx,bitget,11.6846188295349,0.0,0,0,11.6846188295349,native_15m_trade_close_plus_real_settlements,-8.3153811704651,-28.315381170465102,-68.3153811704651
PRICE_FUNDING_15M_GLOBAL_WINDOW,15m-0003974,bitget/okx,20,2026-06-13 03:00:00+00:00,2026-06-14 06:15:00+00:00,okx,bitget,43.163425992467154,-16.815519657973997,3,3,26.347906334493157,native_15m_trade_close_plus_real_settlements,6.347906334493157,-13.652093665506843,-53.65209366550684
PRICE_FUNDING_15M_GLOBAL_WINDOW,15m-0003975,bitget/okx,20,2026-06-14 06:30:00+00:00,2026-06-14 08:15:00+00:00,okx,bitget,23.25447781209765,-6.236325142695,1,1,17.018152669402653,native_15m_trade_close_plus_real_settlements,-2.981847330597347,-22.981847330597347,-62.98184733059735
PRICE_FUNDING_15M_GLOBAL_WINDOW,15m-0003976,bitget/okx,20,2026-06-14 08:30:00+00:00,2026-06-15 08:15:00+00:00,okx,bitget,53.61890901404193,-46.970526717734,3,3,6.648382296307929,native_15m_trade_close_plus_real_settlements,-13.351617703692071,-33.35161770369207,-73.35161770369207
PRICE_FUNDING_15M_GLOBAL_WINDOW,15m-0003977,bitget/okx,20,2026-06-15 08:30:00+00:00,2026-06-16 06:00:00+00:00,okx,bitget,41.62717374815198,-22.069198776559002,2,2,19.55797497159298,native_15m_trade_close_plus_real_settlements,-0.44202502840701996,-20.44202502840702,-60.442025028407016
PRICE_FUNDING_15M_GLOBAL_WINDOW,15m-0003978,bitget/okx,20,2026-06-16 06:15:00+00:00,2026-06-16 06:45:00+00:00,okx,bitget,15.45126930963863,0.0,0,0,15.45126930963863,native_15m_trade_close_plus_real_settlements,-4.548730690361371,-24.54873069036137,-64.54873069036137
PRICE_FUNDING_15M_GLOBAL_WINDOW,15m-0003979,bitget/okx,20,2026-06-16 07:30:00+00:00,2026-06-17 04:30:00+00:00,okx,bitget,78.96474100461622,31.057159995046,3,3,110.02190099966222,native_15m_trade_close_plus_real_settlements,90.02190099966222,70.02190099966222,30.021900999662222
PRICE_FUNDING_15M_GLOBAL_WINDOW,15m-0003980,bitget/okx,20,2026-06-17 04:45:00+00:00,2026-06-17 05:45:00+00:00,okx,bitget,21.594068359030125,0.0,0,0,21.594068359030125,native_15m_trade_close_plus_real_settlements,1.5940683590301248,-18.405931640969875,-58.405931640969875
PRICE_FUNDING_15M_GLOBAL_WINDOW,15m-0003981,bitget/okx,20,2026-06-17 06:00:00+00:00,2026-06-17 06:15:00+00:00,okx,bitget,5.101980894243422,0.0,0,0,5.101980894243422,native_15m_trade_close_plus_real_settlements,-14.898019105756578,-34.898019105756575,-74.89801910575657
PRICE_FUNDING_15M_GLOBAL_WINDOW,15m-0003982,bitget/okx,20,2026-06-17 08:00:00+00:00,2026-06-17 09:30:00+00:00,okx,bitget,16.83258458806448,0.0,0,0,16.83258458806448,native_15m_trade_close_plus_real_settlements,-3.1674154119355187,-23.16741541193552,-63.16741541193552
PRICE_FUNDING_15M_GLOBAL_WINDOW,15m-0003983,bitget/okx,20,2026-06-17 09:45:00+00:00,2026-06-17 12:00:00+00:00,okx,bitget,20.381258948708833,0.0,0,0,20.381258948708833,native_15m_trade_close_plus_real_settlements,0.38125894870883315,-19.618741051291167,-59.61874105129117
PRICE_FUNDING_15M_GLOBAL_WINDOW,15m-0003984,bitget/okx,20,2026-06-17 12:30:00+00:00,2026-06-17 20:45:00+00:00,okx,bitget,35.42362484045535,-24.421929317287,1,1,11.001695523168355,native_15m_trade_close_plus_real_settlements,-8.998304476831645,-28.998304476831645,-68.99830447683165
PRICE_FUNDING_15M_GLOBAL_WINDOW,15m-0003985,bitget/okx,20,2026-06-17 21:00:00+00:00,2026-06-17 22:15:00+00:00,okx,bitget,17.00345896084448,0.0,0,0,17.00345896084448,native_15m_trade_close_plus_real_settlements,-2.9965410391555203,-22.99654103915552,-62.99654103915552
PRICE_FUNDING_15M_GLOBAL_WINDOW,15m-0003986,bitget/okx,20,2026-06-17 22:30:00+00:00,2026-06-17 22:45:00+00:00,okx,bitget,16.11012828380575,0.0,0,0,16.11012828380575,native_15m_trade_close_plus_real_settlements,-3.88987171619425,-23.88987171619425,-63.88987171619425
PRICE_FUNDING_15M_GLOBAL_WINDOW,15m-0003987,bitget/okx,20,2026-06-17 23:00:00+00:00,2026-06-18 00:00:00+00:00,okx,bitget,32.54777370639587,-16.113517402762998,1,1,16.434256303632875,native_15m_trade_close_plus_real_settlements,-3.565743696367125,-23.565743696367125,-63.56574369636712
PRICE_FUNDING_15M_GLOBAL_WINDOW,15m-0003988,bitget/okx,20,2026-06-18 00:15:00+00:00,2026-06-18 00:30:00+00:00,okx,bitget,1.2713751129514108,0.0,0,0,1.2713751129514108,native_15m_trade_close_plus_real_settlements,-18.72862488704859,-38.72862488704859,-78.7286248870486
PRICE_FUNDING_15M_GLOBAL_WINDOW,15m-0003989,bitget/okx,20,2026-06-18 00:45:00+00:00,2026-06-18 01:15:00+00:00,okx,bitget,3.016920848688329,0.0,0,0,3.016920848688329,native_15m_trade_close_plus_real_settlements,-16.98307915131167,-36.98307915131167,-76.98307915131167
PRICE_FUNDING_15M_GLOBAL_WINDOW,15m-0003990,bitget/okx,20,2026-06-18 01:30:00+00:00,2026-06-18 06:45:00+00:00,okx,bitget,42.344286548219706,0.0,0,0,42.344286548219706,native_15m_trade_close_plus_real_settlements,22.344286548219706,2.3442865482197064,-37.655713451780294
PRICE_FUNDING_15M_GLOBAL_WINDOW,15m-0003991,bitget/okx,20,2026-06-18 07:00:00+00:00,2026-06-18 07:15:00+00:00,okx,bitget,7.371630182725083,0.0,0,0,7.371630182725083,native_15m_trade_close_plus_real_settlements,-12.628369817274917,-32.628369817274915,-72.62836981727492
PRICE_FUNDING_15M_GLOBAL_WINDOW,15m-0003992,bitget/okx,20,2026-06-18 08:15:00+00:00,2026-06-18 21:00:00+00:00,okx,bitget,43.00879492204558,-18.395966557539,1,1,24.61282836450658,native_15m_trade_close_plus_real_settlements,4.61282836450658,-15.38717163549342,-55.38717163549342
PRICE_FUNDING_15M_GLOBAL_WINDOW,15m-0003993,bitget/okx,20,2026-06-18 21:15:00+00:00,2026-06-19 04:00:00+00:00,okx,bitget,33.218267355556364,-26.097782764719003,1,1,7.120484590837361,native_15m_trade_close_plus_real_settlements,-12.87951540916264,-32.879515409162636,-72.87951540916264
PRICE_FUNDING_15M_GLOBAL_WINDOW,15m-0003994,bitget/okx,20,2026-06-19 04:15:00+00:00,2026-06-19 06:15:00+00:00,okx,bitget,42.76532661346823,0.0,0,0,42.76532661346823,native_15m_trade_close_plus_real_settlements,22.765326613468233,2.7653266134682326,-37.23467338653177
PRICE_FUNDING_15M_GLOBAL_WINDOW,15m-0003995,bitget/okx,20,2026-06-19 06:45:00+00:00,2026-06-25 06:45:00+00:00,okx,bitget,135.33362817258165,-237.374946045847,18,18,-102.04131787326534,native_15m_trade_close_plus_real_settlements,-122.04131787326534,-142.04131787326534,-182.04131787326534
PRICE_FUNDING_15M_GLOBAL_WINDOW,15m-0003996,bitget/okx,20,2026-06-25 07:00:00+00:00,2026-06-25 07:45:00+00:00,okx,bitget,22.581289269380484,0.0,0,0,22.581289269380484,native_15m_trade_close_plus_real_settlements,2.581289269380484,-17.418710730619516,-57.418710730619516
PRICE_FUNDING_15M_GLOBAL_WINDOW,15m-0003997,bitget/okx,20,2026-06-25 08:00:00+00:00,2026-06-26 02:45:00+00:00,okx,bitget,67.30116280447749,13.665153441892999,2,2,80.96631624637048,native_15m_trade_close_plus_real_settlements,60.96631624637048,40.96631624637048,0.9663162463704822
PRICE_FUNDING_15M_GLOBAL_WINDOW,15m-0003998,bitget/okx,20,2026-06-26 03:30:00+00:00,2026-06-26 03:45:00+00:00,okx,bitget,9.014382001050592,0.0,0,0,9.014382001050592,native_15m_trade_close_plus_real_settlements,-10.985617998949408,-30.985617998949408,-70.98561799894941
PRICE_FUNDING_15M_GLOBAL_WINDOW,15m-0003999,bitget/okx,20,2026-06-26 05:15:00+00:00,2026-06-26 06:00:00+00:00,okx,bitget,19.235166712251434,0.0,0,0,19.235166712251434,native_15m_trade_close_plus_real_settlements,-0.7648332877485657,-20.764833287748566,-60.764833287748566
PRICE_FUNDING_15M_GLOBAL_WINDOW,15m-0004000,bitget/okx,20,2026-06-26 06:15:00+00:00,2026-06-26 07:45:00+00:00,okx,bitget,27.159675938635672,0.0,0,0,27.159675938635672,native_15m_trade_close_plus_real_settlements,7.159675938635672,-12.840324061364328,-52.84032406136433
PRICE_FUNDING_15M_GLOBAL_WINDOW,15m-0004001,bitget/okx,20,2026-06-26 08:00:00+00:00,2026-06-26 13:00:00+00:00,okx,bitget,38.65533723658241,0.0,0,0,38.65533723658241,native_15m_trade_close_plus_real_settlements,18.65533723658241,-1.3446627634175883,-41.34466276341759
PRICE_FUNDING_15M_GLOBAL_WINDOW,15m-0004002,bitget/okx,20,2026-06-26 14:00:00+00:00,2026-06-28 16:00:00+00:00,okx,bitget,36.02604509411298,-21.111501817163997,7,7,14.914543276948983,native_15m_trade_close_plus_real_settlements,-5.085456723051017,-25.085456723051017,-65.08545672305101
PRICE_FUNDING_15M_GLOBAL_WINDOW,15m-0004003,bitget/okx,20,2026-06-28 16:30:00+00:00,2026-06-28 17:00:00+00:00,okx,bitget,7.645373085130856,0.0,0,0,7.645373085130856,native_15m_trade_close_plus_real_settlements,-12.354626914869144,-32.354626914869144,-72.35462691486914
PRICE_FUNDING_15M_GLOBAL_WINDOW,15m-0004004,bitget/okx,20,2026-06-28 18:00:00+00:00,2026-06-28 23:00:00+00:00,okx,bitget,19.300970871923898,0.0,0,0,19.300970871923898,native_15m_trade_close_plus_real_settlements,-0.6990291280761021,-20.699029128076102,-60.699029128076106
PRICE_FUNDING_15M_GLOBAL_WINDOW,15m-0004005,bitget/okx,20,2026-06-28 23:15:00+00:00,2026-06-29 00:00:00+00:00,okx,bitget,24.575610734545858,-16.724562838117,1,1,7.8510478964288595,native_15m_trade_close_plus_real_settlements,-12.14895210357114,-32.14895210357114,-72.14895210357113
PRICE_FUNDING_15M_GLOBAL_WINDOW,15m-0004006,bitget/okx,20,2026-06-29 00:15:00+00:00,2026-06-29 00:30:00+00:00,okx,bitget,16.854471075035388,0.0,0,0,16.854471075035388,native_15m_trade_close_plus_real_settlements,-3.145528924964612,-23.145528924964612,-63.14552892496461
PRICE_FUNDING_15M_GLOBAL_WINDOW,15m-0004007,bitget/okx,20,2026-06-29 01:15:00+00:00,2026-06-29 02:30:00+00:00,okx,bitget,18.126709978244875,0.0,0,0,18.126709978244875,native_15m_trade_close_plus_real_settlements,-1.8732900217551247,-21.873290021755125,-61.873290021755125
PRICE_FUNDING_15M_GLOBAL_WINDOW,15m-0004008,bitget/okx,20,2026-06-29 03:45:00+00:00,2026-06-29 14:00:00+00:00,okx,bitget,47.786486962755006,19.030909612604,1,1,66.817396575359,native_15m_trade_close_plus_real_settlements,46.817396575359,26.817396575359,-13.182603424641002
PRICE_FUNDING_15M_GLOBAL_WINDOW,15m-0004009,bitget/okx,20,2026-06-29 14:30:00+00:00,2026-06-29 15:15:00+00:00,okx,bitget,19.44258832524919,0.0,0,0,19.44258832524919,native_15m_trade_close_plus_real_settlements,-0.55741167475081,-20.55741167475081,-60.55741167475081
PRICE_FUNDING_15M_GLOBAL_WINDOW,15m-0004010,bitget/okx,20,2026-06-29 15:45:00+00:00,2026-06-29 21:15:00+00:00,okx,bitget,24.98651087743177,3.102854741496,1,1,28.08936561892777,native_15m_trade_close_plus_real_settlements,8.089365618927769,-11.910634381072231,-51.91063438107223
PRICE_FUNDING_15M_GLOBAL_WINDOW,15m-0004011,bitget/okx,20,2026-06-29 21:30:00+00:00,2026-06-29 21:45:00+00:00,okx,bitget,15.492041435636612,0.0,0,0,15.492041435636612,native_15m_trade_close_plus_real_settlements,-4.507958564363388,-24.50795856436339,-64.50795856436339
PRICE_FUNDING_15M_GLOBAL_WINDOW,15m-0004012,bitget/okx,20,2026-06-29 22:00:00+00:00,2026-06-29 22:30:00+00:00,okx,bitget,8.887138436041994,0.0,0,0,8.887138436041994,native_15m_trade_close_plus_real_settlements,-11.112861563958006,-31.112861563958006,-71.112861563958
PRICE_FUNDING_15M_GLOBAL_WINDOW,15m-0004013,bitget/okx,20,2026-06-29 22:45:00+00:00,2026-06-30 00:00:00+00:00,okx,bitget,16.894179042326133,-14.501868097960001,1,1,2.392310944366132,native_15m_trade_close_plus_real_settlements,-17.60768905563387,-37.60768905563387,-77.60768905563387
PRICE_FUNDING_15M_GLOBAL_WINDOW,15m-0004014,bitget/okx,20,2026-06-30 02:15:00+00:00,2026-06-30 02:30:00+00:00,okx,bitget,6.788261937815079,0.0,0,0,6.788261937815079,native_15m_trade_close_plus_real_settlements,-13.21173806218492,-33.21173806218492,-73.21173806218492
PRICE_FUNDING_15M_GLOBAL_WINDOW,15m-0004015,bitget/okx,20,2026-06-30 02:45:00+00:00,2026-06-30 03:00:00+00:00,okx,bitget,12.35353816198605,0.0,0,0,12.35353816198605,native_15m_trade_close_plus_real_settlements,-7.64646183801395,-27.64646183801395,-67.64646183801395
PRICE_FUNDING_15M_GLOBAL_WINDOW,15m-0004016,bitget/okx,20,2026-06-30 08:00:00+00:00,2026-06-30 08:15:00+00:00,okx,bitget,8.723807329362067,0.0,0,0,8.723807329362067,native_15m_trade_close_plus_real_settlements,-11.276192670637933,-31.276192670637933,-71.27619267063793
PRICE_FUNDING_15M_GLOBAL_WINDOW,15m-0004017,bitget/okx,20,2026-06-30 08:30:00+00:00,2026-06-30 08:45:00+00:00,okx,bitget,6.5097663380628035,0.0,0,0,6.5097663380628035,native_15m_trade_close_plus_real_settlements,-13.490233661937197,-33.4902336619372,-73.4902336619372
PRICE_FUNDING_15M_GLOBAL_WINDOW,15m-0004018,bitget/okx,20,2026-06-30 10:00:00+00:00,2026-06-30 11:00:00+00:00,okx,bitget,5.602701018885767,0.0,0,0,5.602701018885767,native_15m_trade_close_plus_real_settlements,-14.397298981114233,-34.39729898111423,-74.39729898111423
PRICE_FUNDING_15M_GLOBAL_WINDOW,15m-0004019,bitget/okx,20,2026-06-30 11:15:00+00:00,2026-06-30 11:30:00+00:00,okx,bitget,7.089290204678621,0.0,0,0,7.089290204678621,native_15m_trade_close_plus_real_settlements,-12.91070979532138,-32.91070979532138,-72.91070979532138
PRICE_FUNDING_15M_GLOBAL_WINDOW,15m-0004020,bitget/okx,20,2026-06-30 11:45:00+00:00,2026-06-30 13:15:00+00:00,okx,bitget,12.238927379578595,0.0,0,0,12.238927379578595,native_15m_trade_close_plus_real_settlements,-7.761072620421405,-27.761072620421405,-67.7610726204214
PRICE_FUNDING_15M_GLOBAL_WINDOW,15m-0004021,bitget/okx,20,2026-06-30 13:30:00+00:00,2026-06-30 15:45:00+00:00,okx,bitget,23.37105813844115,0.0,0,0,23.37105813844115,native_15m_trade_close_plus_real_settlements,3.3710581384411498,-16.62894186155885,-56.62894186155885
PRICE_FUNDING_15M_GLOBAL_WINDOW,15m-0004022,bitget/okx,20,2026-06-30 17:30:00+00:00,2026-06-30 17:45:00+00:00,okx,bitget,1.8315826755571472,0.0,0,0,1.8315826755571472,native_15m_trade_close_plus_real_settlements,-18.168417324442853,-38.168417324442856,-78.16841732444286
PRICE_FUNDING_15M_GLOBAL_WINDOW,15m-0004023,bitget/okx,20,2026-06-30 18:00:00+00:00,2026-06-30 19:45:00+00:00,okx,bitget,9.992037573941722,0.0,0,0,9.992037573941722,native_15m_trade_close_plus_real_settlements,-10.007962426058278,-30.007962426058278,-70.00796242605827
PRICE_FUNDING_15M_GLOBAL_WINDOW,15m-0004024,bitget/okx,20,2026-06-30 21:15:00+00:00,2026-06-30 22:15:00+00:00,okx,bitget,2.5441072098208295,0.0,0,0,2.5441072098208295,native_15m_trade_close_plus_real_settlements,-17.45589279017917,-37.45589279017917,-77.45589279017918
PRICE_FUNDING_15M_GLOBAL_WINDOW,15m-0004025,bitget/okx,20,2026-06-30 22:30:00+00:00,2026-06-30 23:00:00+00:00,okx,bitget,9.31522682387217,0.0,0,0,9.31522682387217,native_15m_trade_close_plus_real_settlements,-10.68477317612783,-30.68477317612783,-70.68477317612783
PRICE_FUNDING_15M_GLOBAL_WINDOW,15m-0004026,bitget/okx,20,2026-07-01 03:00:00+00:00,2026-07-01 03:15:00+00:00,okx,bitget,5.155048671988874,0.0,0,0,5.155048671988874,native_15m_trade_close_plus_real_settlements,-14.844951328011126,-34.84495132801113,-74.84495132801112
PRICE_FUNDING_15M_GLOBAL_WINDOW,15m-0004027,bitget/okx,20,2026-07-01 08:45:00+00:00,2026-07-01 09:00:00+00:00,okx,bitget,15.351873941939001,0.0,0,0,15.351873941939001,native_15m_trade_close_plus_real_settlements,-4.648126058060999,-24.648126058061,-64.648126058061
PRICE_FUNDING_15M_GLOBAL_WINDOW,15m-0004028,bitget/okx,20,2026-07-01 11:15:00+00:00,2026-07-01 12:45:00+00:00,okx,bitget,15.085738003588098,0.0,0,0,15.085738003588098,native_15m_trade_close_plus_real_settlements,-4.914261996411902,-24.914261996411902,-64.91426199641191
PRICE_FUNDING_15M_GLOBAL_WINDOW,15m-0004029,bitget/okx,20,2026-07-01 15:15:00+00:00,2026-07-01 15:45:00+00:00,okx,bitget,8.52060211182992,0.0,0,0,8.52060211182992,native_15m_trade_close_plus_real_settlements,-11.47939788817008,-31.47939788817008,-71.47939788817008
PRICE_FUNDING_15M_GLOBAL_WINDOW,15m-0004030,bitget/okx,20,2026-07-01 17:15:00+00:00,2026-07-01 17:30:00+00:00,okx,bitget,6.1933493486542375,0.0,0,0,6.1933493486542375,native_15m_trade_close_plus_real_settlements,-13.806650651345763,-33.80665065134576,-73.80665065134576
PRICE_FUNDING_15M_GLOBAL_WINDOW,15m-0004031,bitget/okx,20,2026-07-01 18:45:00+00:00,2026-07-01 19:45:00+00:00,okx,bitget,8.24606863216233,0.0,0,0,8.24606863216233,native_15m_trade_close_plus_real_settlements,-11.75393136783767,-31.75393136783767,-71.75393136783767
PRICE_FUNDING_15M_GLOBAL_WINDOW,15m-0004032,bitget/okx,20,2026-07-01 22:30:00+00:00,2026-07-02 00:15:00+00:00,okx,bitget,14.762638898591025,-0.13999999999999999,1,1,14.622638898591024,native_15m_trade_close_plus_real_settlements,-5.377361101408976,-25.377361101408976,-65.37736110140898
PRICE_FUNDING_15M_GLOBAL_WINDOW,15m-0004033,bitget/okx,20,2026-07-02 00:30:00+00:00,2026-07-02 00:45:00+00:00,okx,bitget,11.401547221658076,0.0,0,0,11.401547221658076,native_15m_trade_close_plus_real_settlements,-8.598452778341924,-28.598452778341922,-68.59845277834192
PRICE_FUNDING_15M_GLOBAL_WINDOW,15m-0004034,bitget/okx,20,2026-07-02 06:30:00+00:00,2026-07-03 00:45:00+00:00,okx,bitget,91.73970063582438,-29.610937716188996,3,3,62.12876291963538,native_15m_trade_close_plus_real_settlements,42.12876291963538,22.128762919635378,-17.871237080364622
PRICE_FUNDING_15M_GLOBAL_WINDOW,15m-0004035,bitget/okx,20,2026-07-03 01:30:00+00:00,2026-07-03 06:15:00+00:00,okx,bitget,47.942298400304466,0.0,0,0,47.942298400304466,native_15m_trade_close_plus_real_settlements,27.942298400304466,7.942298400304466,-32.057701599695534
PRICE_FUNDING_15M_GLOBAL_WINDOW,15m-0004036,bitget/okx,20,2026-07-03 11:30:00+00:00,2026-07-03 12:00:00+00:00,okx,bitget,10.11636262809831,0.0,0,0,10.11636262809831,native_15m_trade_close_plus_real_settlements,-9.88363737190169,-29.883637371901692,-69.88363737190168
PRICE_FUNDING_15M_GLOBAL_WINDOW,15m-0004037,bitget/okx,20,2026-07-03 13:30:00+00:00,2026-07-03 13:45:00+00:00,okx,bitget,2.676378192380408,0.0,0,0,2.676378192380408,native_15m_trade_close_plus_real_settlements,-17.323621807619592,-37.32362180761959,-77.32362180761959
PRICE_FUNDING_15M_GLOBAL_WINDOW,15m-0004038,bitget/okx,20,2026-07-03 15:15:00+00:00,2026-07-03 15:30:00+00:00,okx,bitget,2.067879556501161,0.0,0,0,2.067879556501161,native_15m_trade_close_plus_real_settlements,-17.93212044349884,-37.93212044349884,-77.93212044349883
PRICE_FUNDING_15M_GLOBAL_WINDOW,15m-0004039,bitget/okx,20,2026-07-03 18:30:00+00:00,2026-07-03 18:45:00+00:00,okx,bitget,6.045896528996096,0.0,0,0,6.045896528996096,native_15m_trade_close_plus_real_settlements,-13.954103471003904,-33.954103471003904,-73.9541034710039
PRICE_FUNDING_15M_GLOBAL_WINDOW,15m-0004040,bitget/okx,20,2026-07-03 19:30:00+00:00,2026-07-04 01:00:00+00:00,okx,bitget,16.882925183240456,-9.433653282703,1,1,7.449271900537456,native_15m_trade_close_plus_real_settlements,-12.550728099462544,-32.550728099462546,-72.55072809946255
PRICE_FUNDING_15M_GLOBAL_WINDOW,15m-0004041,bitget/okx,20,2026-07-04 01:15:00+00:00,2026-07-04 02:00:00+00:00,okx,bitget,3.885388762181652,0.0,0,0,3.885388762181652,native_15m_trade_close_plus_real_settlements,-16.114611237818348,-36.11461123781835,-76.11461123781835
PRICE_FUNDING_15M_GLOBAL_WINDOW,15m-0004042,bitget/okx,20,2026-07-04 02:15:00+00:00,2026-07-04 02:45:00+00:00,okx,bitget,3.405022890758662,0.0,0,0,3.405022890758662,native_15m_trade_close_plus_real_settlements,-16.594977109241338,-36.59497710924134,-76.59497710924134
PRICE_FUNDING_15M_GLOBAL_WINDOW,15m-0004043,bitget/okx,20,2026-07-04 03:00:00+00:00,2026-07-04 05:15:00+00:00,okx,bitget,13.694367782872742,0.0,0,0,13.694367782872742,native_15m_trade_close_plus_real_settlements,-6.305632217127258,-26.305632217127258,-66.30563221712725
PRICE_FUNDING_15M_GLOBAL_WINDOW,15m-0004044,bitget/okx,20,2026-07-04 05:30:00+00:00,2026-07-04 05:45:00+00:00,okx,bitget,1.8293060784734436,0.0,0,0,1.8293060784734436,native_15m_trade_close_plus_real_settlements,-18.170693921526556,-38.170693921526556,-78.17069392152655
PRICE_FUNDING_15M_GLOBAL_WINDOW,15m-0004045,bitget/okx,20,2026-07-04 06:00:00+00:00,2026-07-04 06:30:00+00:00,okx,bitget,8.378732958144433,0.0,0,0,8.378732958144433,native_15m_trade_close_plus_real_settlements,-11.621267041855567,-31.621267041855567,-71.62126704185556
PRICE_FUNDING_15M_GLOBAL_WINDOW,15m-0004046,bitget/okx,20,2026-07-04 07:30:00+00:00,2026-07-04 08:00:00+00:00,okx,bitget,2.428147531516558,0.0,1,1,2.428147531516558,native_15m_trade_close_plus_real_settlements,-17.571852468483442,-37.57185246848344,-77.57185246848344
PRICE_FUNDING_15M_GLOBAL_WINDOW,15m-0004047,bitget/okx,20,2026-07-04 08:15:00+00:00,2026-07-04 08:45:00+00:00,okx,bitget,3.984064397842449,0.0,0,0,3.984064397842449,native_15m_trade_close_plus_real_settlements,-16.01593560215755,-36.015935602157555,-76.01593560215755
PRICE_FUNDING_15M_GLOBAL_WINDOW,15m-0004048,bitget/okx,20,2026-07-04 11:00:00+00:00,2026-07-04 11:15:00+00:00,okx,bitget,6.91433390587815,0.0,0,0,6.91433390587815,native_15m_trade_close_plus_real_settlements,-13.08566609412185,-33.08566609412185,-73.08566609412185
PRICE_FUNDING_15M_GLOBAL_WINDOW,15m-0004049,bitget/okx,20,2026-07-04 11:30:00+00:00,2026-07-04 11:45:00+00:00,okx,bitget,8.154896912747066,0.0,0,0,8.154896912747066,native_15m_trade_close_plus_real_settlements,-11.845103087252934,-31.845103087252934,-71.84510308725294
PRICE_FUNDING_15M_GLOBAL_WINDOW,15m-0004050,bitget/okx,20,2026-07-04 12:00:00+00:00,2026-07-04 13:00:00+00:00,okx,bitget,8.268604884816071,0.0,0,0,8.268604884816071,native_15m_trade_close_plus_real_settlements,-11.731395115183929,-31.73139511518393,-71.73139511518393
PRICE_FUNDING_15M_GLOBAL_WINDOW,15m-0004051,bitget/okx,20,2026-07-04 15:00:00+00:00,2026-07-04 15:15:00+00:00,okx,bitget,2.8757869622384433,0.0,0,0,2.8757869622384433,native_15m_trade_close_plus_real_settlements,-17.124213037761557,-37.12421303776156,-77.12421303776156
PRICE_FUNDING_15M_GLOBAL_WINDOW,15m-0004052,bitget/okx,20,2026-07-04 15:30:00+00:00,2026-07-04 15:45:00+00:00,okx,bitget,7.378928181504694,0.0,0,0,7.378928181504694,native_15m_trade_close_plus_real_settlements,-12.621071818495306,-32.62107181849531,-72.62107181849531
PRICE_FUNDING_15M_GLOBAL_WINDOW,15m-0004053,bitget/okx,20,2026-07-04 16:15:00+00:00,2026-07-04 16:30:00+00:00,okx,bitget,4.909736224037211,0.0,0,0,4.909736224037211,native_15m_trade_close_plus_real_settlements,-15.09026377596279,-35.09026377596279,-75.0902637759628
PRICE_FUNDING_15M_GLOBAL_WINDOW,15m-0004054,bitget/okx,20,2026-07-04 22:45:00+00:00,2026-07-04 23:15:00+00:00,okx,bitget,8.722797729562853,0.0,0,0,8.722797729562853,native_15m_trade_close_plus_real_settlements,-11.277202270437147,-31.277202270437147,-71.27720227043714
PRICE_FUNDING_15M_GLOBAL_WINDOW,15m-0004055,bitget/okx,20,2026-07-04 23:45:00+00:00,2026-07-05 03:45:00+00:00,okx,bitget,11.050741572485652,-7.552342349299,1,1,3.4983992231866523,native_15m_trade_close_plus_real_settlements,-16.501600776813348,-36.50160077681335,-76.50160077681335
PRICE_FUNDING_15M_GLOBAL_WINDOW,15m-0004056,bitget/okx,20,2026-07-05 04:15:00+00:00,2026-07-05 06:45:00+00:00,okx,bitget,11.315044365557124,0.0,0,0,11.315044365557124,native_15m_trade_close_plus_real_settlements,-8.684955634442876,-28.684955634442876,-68.68495563444287
PRICE_FUNDING_15M_GLOBAL_WINDOW,15m-0004057,bitget/okx,20,2026-07-05 07:00:00+00:00,2026-07-05 07:15:00+00:00,okx,bitget,0.5892355071997102,0.0,0,0,0.5892355071997102,native_15m_trade_close_plus_real_settlements,-19.41076449280029,-39.41076449280029,-79.4107644928003
PRICE_FUNDING_15M_GLOBAL_WINDOW,15m-0004058,bitget/okx,20,2026-07-05 07:30:00+00:00,2026-07-05 08:00:00+00:00,okx,bitget,5.3034084838689886,0.0,1,1,5.3034084838689886,native_15m_trade_close_plus_real_settlements,-14.696591516131011,-34.69659151613101,-74.69659151613101
PRICE_FUNDING_15M_GLOBAL_WINDOW,15m-0004059,bitget/okx,20,2026-07-05 08:15:00+00:00,2026-07-05 08:30:00+00:00,okx,bitget,2.29978677647199,0.0,0,0,2.29978677647199,native_15m_trade_close_plus_real_settlements,-17.70021322352801,-37.70021322352801,-77.70021322352801
PRICE_FUNDING_15M_GLOBAL_WINDOW,15m-0004060,bitget/okx,20,2026-07-05 09:00:00+00:00,2026-07-05 10:00:00+00:00,okx,bitget,5.00719620889101,0.0,0,0,5.00719620889101,native_15m_trade_close_plus_real_settlements,-14.99280379110899,-34.99280379110899,-74.992803791109
PRICE_FUNDING_15M_GLOBAL_WINDOW,15m-0004061,bitget/okx,20,2026-07-05 10:15:00+00:00,2026-07-05 12:00:00+00:00,okx,bitget,5.249387521279498,0.0,0,0,5.249387521279498,native_15m_trade_close_plus_real_settlements,-14.750612478720502,-34.7506124787205,-74.7506124787205
PRICE_FUNDING_15M_GLOBAL_WINDOW,15m-0004062,bitget/okx,20,2026-07-05 12:15:00+00:00,2026-07-05 14:15:00+00:00,okx,bitget,11.701694917201177,0.0,0,0,11.701694917201177,native_15m_trade_close_plus_real_settlements,-8.298305082798823,-28.298305082798823,-68.29830508279882
PRICE_FUNDING_15M_GLOBAL_WINDOW,15m-0004063,bitget/okx,20,2026-07-05 14:30:00+00:00,2026-07-05 19:00:00+00:00,okx,bitget,15.077989109133341,-2.156351084858,1,1,12.92163802427534,native_15m_trade_close_plus_real_settlements,-7.078361975724659,-27.07836197572466,-67.07836197572466
PRICE_FUNDING_15M_GLOBAL_WINDOW,15m-0004064,bitget/okx,20,2026-07-05 19:15:00+00:00,2026-07-05 19:30:00+00:00,okx,bitget,3.2849323805398463,0.0,0,0,3.2849323805398463,native_15m_trade_close_plus_real_settlements,-16.715067619460154,-36.71506761946016,-76.71506761946016
PRICE_FUNDING_15M_GLOBAL_WINDOW,15m-0004065,bitget/okx,20,2026-07-05 20:00:00+00:00,2026-07-05 21:00:00+00:00,okx,bitget,7.0404697454233585,0.0,0,0,7.0404697454233585,native_15m_trade_close_plus_real_settlements,-12.959530254576642,-32.95953025457664,-72.95953025457663
PRICE_FUNDING_15M_GLOBAL_WINDOW,15m-0004066,bitget/okx,20,2026-07-05 21:15:00+00:00,2026-07-05 22:00:00+00:00,okx,bitget,6.940375087909395,0.0,0,0,6.940375087909395,native_15m_trade_close_plus_real_settlements,-13.059624912090605,-33.059624912090605,-73.05962491209061
PRICE_FUNDING_15M_GLOBAL_WINDOW,15m-0004067,bitget/okx,20,2026-07-05 22:30:00+00:00,2026-07-05 23:00:00+00:00,okx,bitget,5.586904171450145,0.0,0,0,5.586904171450145,native_15m_trade_close_plus_real_settlements,-14.413095828549855,-34.41309582854986,-74.41309582854986
PRICE_FUNDING_15M_GLOBAL_WINDOW,15m-0004068,bitget/okx,20,2026-07-05 23:15:00+00:00,2026-07-06 00:00:00+00:00,okx,bitget,18.79100920491518,-5.16723279894,1,1,13.623776405975182,native_15m_trade_close_plus_real_settlements,-6.376223594024818,-26.376223594024818,-66.37622359402482
PRICE_FUNDING_15M_GLOBAL_WINDOW,15m-0004069,bitget/okx,20,2026-07-06 02:15:00+00:00,2026-07-06 02:30:00+00:00,okx,bitget,3.847283669298296,0.0,0,0,3.847283669298296,native_15m_trade_close_plus_real_settlements,-16.152716330701704,-36.15271633070171,-76.15271633070171
PRICE_FUNDING_15M_GLOBAL_WINDOW,15m-0004070,bitget/okx,20,2026-07-06 11:00:00+00:00,2026-07-06 11:15:00+00:00,okx,bitget,16.974701179290886,0.0,0,0,16.974701179290886,native_15m_trade_close_plus_real_settlements,-3.0252988207091143,-23.025298820709114,-63.02529882070911
PRICE_FUNDING_15M_GLOBAL_WINDOW,15m-0004071,bitget/okx,20,2026-07-06 13:15:00+00:00,2026-07-06 13:30:00+00:00,okx,bitget,11.113714448073317,0.0,0,0,11.113714448073317,native_15m_trade_close_plus_real_settlements,-8.886285551926683,-28.886285551926683,-68.88628555192668
PRICE_FUNDING_15M_GLOBAL_WINDOW,15m-0004072,bitget/okx,20,2026-07-06 13:45:00+00:00,2026-07-06 14:15:00+00:00,okx,bitget,6.607627019684092,0.0,0,0,6.607627019684092,native_15m_trade_close_plus_real_settlements,-13.392372980315908,-33.39237298031591,-73.39237298031591
PRICE_FUNDING_15M_GLOBAL_WINDOW,15m-0004073,bitget/okx,20,2026-07-06 14:30:00+00:00,2026-07-06 15:00:00+00:00,okx,bitget,3.044252413840823,0.0,0,0,3.044252413840823,native_15m_trade_close_plus_real_settlements,-16.955747586159177,-36.95574758615918,-76.95574758615918
PRICE_FUNDING_15M_GLOBAL_WINDOW,15m-0004074,bitget/okx,20,2026-07-06 21:15:00+00:00,2026-07-06 21:45:00+00:00,okx,bitget,3.5092563280652023,0.0,0,0,3.5092563280652023,native_15m_trade_close_plus_real_settlements,-16.490743671934798,-36.490743671934794,-76.4907436719348
PRICE_FUNDING_15M_GLOBAL_WINDOW,15m-0004075,bitget/okx,20,2026-07-06 22:30:00+00:00,2026-07-06 22:45:00+00:00,okx,bitget,13.990349509574195,0.0,0,0,13.990349509574195,native_15m_trade_close_plus_real_settlements,-6.0096504904258055,-26.009650490425805,-66.0096504904258
PRICE_FUNDING_15M_GLOBAL_WINDOW,15m-0004076,bitget/okx,20,2026-07-06 23:00:00+00:00,2026-07-06 23:15:00+00:00,okx,bitget,0.6199459610128706,0.0,0,0,0.6199459610128706,native_15m_trade_close_plus_real_settlements,-19.38005403898713,-39.380054038987126,-79.38005403898713
PRICE_FUNDING_15M_GLOBAL_WINDOW,15m-0004077,bitget/okx,20,2026-07-06 23:30:00+00:00,2026-07-07 00:00:00+00:00,okx,bitget,18.507972987465063,0.0,1,1,18.507972987465063,native_15m_trade_close_plus_real_settlements,-1.4920270125349369,-21.492027012534937,-61.49202701253493
PRICE_FUNDING_15M_GLOBAL_WINDOW,15m-0004078,bitget/okx,20,2026-07-07 04:45:00+00:00,2026-07-07 06:00:00+00:00,okx,bitget,14.727920603222588,0.0,0,0,14.727920603222588,native_15m_trade_close_plus_real_settlements,-5.272079396777412,-25.272079396777414,-65.27207939677741
PRICE_FUNDING_15M_GLOBAL_WINDOW,15m-0004079,bitget/okx,20,2026-07-07 06:15:00+00:00,2026-07-07 07:00:00+00:00,okx,bitget,26.69181983504351,0.0,0,0,26.69181983504351,native_15m_trade_close_plus_real_settlements,6.6918198350435105,-13.30818016495649,-53.30818016495649
PRICE_FUNDING_15M_GLOBAL_WINDOW,15m-0004080,bitget/okx,20,2026-07-07 08:45:00+00:00,2026-07-07 09:00:00+00:00,okx,bitget,4.6005026439455,0.0,0,0,4.6005026439455,native_15m_trade_close_plus_real_settlements,-15.3994973560545,-35.399497356054496,-75.3994973560545
PRICE_FUNDING_15M_GLOBAL_WINDOW,15m-0004081,bitget/okx,20,2026-07-07 09:45:00+00:00,2026-07-07 22:30:00+00:00,okx,bitget,33.55271002043716,0.0,1,1,33.55271002043716,native_15m_trade_close_plus_real_settlements,13.55271002043716,-6.447289979562839,-46.44728997956284
PRICE_FUNDING_15M_GLOBAL_WINDOW,15m-0004082,bitget/okx,20,2026-07-07 22:45:00+00:00,2026-07-07 23:00:00+00:00,okx,bitget,2.0924832438008245,0.0,0,0,2.0924832438008245,native_15m_trade_close_plus_real_settlements,-17.907516756199175,-37.90751675619917,-77.90751675619917
PRICE_FUNDING_15M_GLOBAL_WINDOW,15m-0004083,bitget/okx,20,2026-07-07 23:30:00+00:00,2026-07-07 23:45:00+00:00,okx,bitget,17.9375475951623,0.0,0,0,17.9375475951623,native_15m_trade_close_plus_real_settlements,-2.0624524048376998,-22.0624524048377,-62.0624524048377
PRICE_FUNDING_15M_GLOBAL_WINDOW,15m-0004084,bitget/okx,20,2026-07-08 00:30:00+00:00,2026-07-08 00:45:00+00:00,okx,bitget,9.894131111375668,0.0,0,0,9.894131111375668,native_15m_trade_close_plus_real_settlements,-10.105868888624332,-30.105868888624332,-70.10586888862433
PRICE_FUNDING_15M_GLOBAL_WINDOW,15m-0004085,bitget/okx,20,2026-07-08 01:00:00+00:00,2026-07-08 01:15:00+00:00,okx,bitget,10.891410287255841,0.0,0,0,10.891410287255841,native_15m_trade_close_plus_real_settlements,-9.108589712744159,-29.10858971274416,-69.10858971274416
PRICE_FUNDING_15M_GLOBAL_WINDOW,15m-0004086,bitget/okx,20,2026-07-08 03:30:00+00:00,2026-07-08 03:45:00+00:00,okx,bitget,7.286038628135229,0.0,0,0,7.286038628135229,native_15m_trade_close_plus_real_settlements,-12.713961371864771,-32.71396137186477,-72.71396137186477
PRICE_FUNDING_15M_GLOBAL_WINDOW,15m-0004087,bitget/okx,20,2026-07-08 06:30:00+00:00,2026-07-08 06:45:00+00:00,okx,bitget,5.493258636929806,0.0,0,0,5.493258636929806,native_15m_trade_close_plus_real_settlements,-14.506741363070194,-34.50674136307019,-74.50674136307019
PRICE_FUNDING_15M_GLOBAL_WINDOW,15m-0004088,bitget/okx,20,2026-07-08 08:00:00+00:00,2026-07-08 08:15:00+00:00,okx,bitget,5.765896005949088,0.0,0,0,5.765896005949088,native_15m_trade_close_plus_real_settlements,-14.234103994050912,-34.23410399405091,-74.23410399405091
PRICE_FUNDING_15M_GLOBAL_WINDOW,15m-0004089,bitget/okx,20,2026-07-08 08:30:00+00:00,2026-07-09 00:30:00+00:00,okx,bitget,55.9754956655331,-22.806963726089,2,2,33.16853193944411,native_15m_trade_close_plus_real_settlements,13.168531939444108,-6.831468060555892,-46.83146806055589
PRICE_FUNDING_15M_GLOBAL_WINDOW,15m-0004090,bitget/okx,20,2026-07-09 01:15:00+00:00,2026-07-09 01:45:00+00:00,okx,bitget,14.101864912031168,0.0,0,0,14.101864912031168,native_15m_trade_close_plus_real_settlements,-5.898135087968832,-25.898135087968832,-65.89813508796883
PRICE_FUNDING_15M_GLOBAL_WINDOW,15m-0004091,bitget/okx,20,2026-07-09 02:00:00+00:00,2026-07-09 02:15:00+00:00,okx,bitget,3.786114362490533,0.0,0,0,3.786114362490533,native_15m_trade_close_plus_real_settlements,-16.213885637509467,-36.21388563750946,-76.21388563750946
PRICE_FUNDING_15M_GLOBAL_WINDOW,15m-0004092,bitget/okx,20,2026-07-09 08:00:00+00:00,2026-07-09 08:15:00+00:00,okx,bitget,11.10036356183402,0.0,0,0,11.10036356183402,native_15m_trade_close_plus_real_settlements,-8.89963643816598,-28.899636438165977,-68.89963643816598
PRICE_FUNDING_15M_GLOBAL_WINDOW,15m-0004093,bitget/okx,20,2026-07-09 08:30:00+00:00,2026-07-09 19:30:00+00:00,okx,bitget,42.23293616643157,-9.49839899681,1,1,32.734537169621575,native_15m_trade_close_plus_real_settlements,12.734537169621575,-7.265462830378425,-47.265462830378425
PRICE_FUNDING_15M_GLOBAL_WINDOW,15m-0004094,bitget/okx,20,2026-07-09 19:45:00+00:00,2026-07-10 00:45:00+00:00,okx,bitget,12.74264909836284,-10.868123110623,1,1,1.8745259877398404,native_15m_trade_close_plus_real_settlements,-18.12547401226016,-38.125474012260156,-78.12547401226016
PRICE_FUNDING_15M_GLOBAL_WINDOW,15m-0004095,bitget/okx,20,2026-07-10 01:15:00+00:00,2026-07-10 01:30:00+00:00,okx,bitget,2.1656987279625994,0.0,0,0,2.1656987279625994,native_15m_trade_close_plus_real_settlements,-17.8343012720374,-37.8343012720374,-77.83430127203741
PRICE_FUNDING_15M_GLOBAL_WINDOW,15m-0004096,bitget/okx,20,2026-07-10 01:45:00+00:00,2026-07-10 02:00:00+00:00,okx,bitget,7.385650357428595,0.0,0,0,7.385650357428595,native_15m_trade_close_plus_real_settlements,-12.614349642571405,-32.614349642571405,-72.6143496425714
PRICE_FUNDING_15M_GLOBAL_WINDOW,15m-0004097,bitget/okx,20,2026-07-10 02:45:00+00:00,2026-07-10 05:00:00+00:00,okx,bitget,12.249650251451055,0.0,0,0,12.249650251451055,native_15m_trade_close_plus_real_settlements,-7.750349748548945,-27.750349748548945,-67.75034974854894
PRICE_FUNDING_15M_GLOBAL_WINDOW,15m-0004098,bitget/okx,20,2026-07-10 05:15:00+00:00,2026-07-10 05:30:00+00:00,okx,bitget,2.374518373374478,0.0,0,0,2.374518373374478,native_15m_trade_close_plus_real_settlements,-17.625481626625522,-37.62548162662552,-77.62548162662551
PRICE_FUNDING_15M_GLOBAL_WINDOW,15m-0004099,bitget/okx,20,2026-07-10 06:00:00+00:00,2026-07-10 06:15:00+00:00,okx,bitget,9.367569097735343,0.0,0,0,9.367569097735343,native_15m_trade_close_plus_real_settlements,-10.632430902264657,-30.63243090226466,-70.63243090226466
PRICE_FUNDING_15M_GLOBAL_WINDOW,15m-0004100,bitget/okx,20,2026-07-10 06:45:00+00:00,2026-07-10 07:00:00+00:00,okx,bitget,10.469522492280769,0.0,0,0,10.469522492280769,native_15m_trade_close_plus_real_settlements,-9.530477507719231,-29.530477507719233,-69.53047750771923
PRICE_FUNDING_15M_GLOBAL_WINDOW,15m-0004101,bitget/okx,20,2026-07-10 08:00:00+00:00,2026-07-15 01:15:00+00:00,okx,bitget,257.95904741411795,-133.22648089556898,18,16,124.73256651854896,native_15m_trade_close_plus_real_settlements,104.73256651854896,84.73256651854896,44.732566518548964
PRICE_FUNDING_15M_GLOBAL_WINDOW,15m-0004102,bitget/okx,20,2026-07-15 02:45:00+00:00,2026-07-15 03:15:00+00:00,okx,bitget,4.572803878484322,0.0,0,0,4.572803878484322,native_15m_trade_close_plus_real_settlements,-15.427196121515678,-35.42719612151568,-75.42719612151568
PRICE_FUNDING_15M_GLOBAL_WINDOW,15m-0004103,bitget/okx,20,2026-07-15 03:30:00+00:00,2026-07-15 04:45:00+00:00,okx,bitget,11.186426660813908,0.0,0,1,11.186426660813908,native_15m_trade_close_plus_real_settlements,-8.813573339186092,-28.813573339186092,-68.81357333918609
PRICE_FUNDING_15M_GLOBAL_WINDOW,15m-0004104,bitget/okx,20,2026-07-15 05:00:00+00:00,2026-07-15 06:15:00+00:00,okx,bitget,22.533726925492395,0.0,0,0,22.533726925492395,native_15m_trade_close_plus_real_settlements,2.5337269254923953,-17.466273074507605,-57.466273074507605
PRICE_FUNDING_15M_GLOBAL_WINDOW,15m-0004105,bitget/okx,20,2026-07-15 06:30:00+00:00,2026-07-15 06:45:00+00:00,okx,bitget,3.8855602060061827,0.0,0,0,3.8855602060061827,native_15m_trade_close_plus_real_settlements,-16.114439793993817,-36.11443979399382,-76.11443979399382
PRICE_FUNDING_15M_GLOBAL_WINDOW,15m-0004106,bitget/okx,20,2026-07-15 07:00:00+00:00,2026-07-15 07:15:00+00:00,okx,bitget,7.288996672796127,0.0,0,0,7.288996672796127,native_15m_trade_close_plus_real_settlements,-12.711003327203873,-32.71100332720387,-72.71100332720387
PRICE_FUNDING_15M_GLOBAL_WINDOW,15m-0004107,bitget/okx,20,2026-07-15 07:30:00+00:00,2026-07-15 14:15:00+00:00,okx,bitget,41.71380183243312,6.581503215192,1,2,48.29530504762512,native_15m_trade_close_plus_real_settlements,28.29530504762512,8.29530504762512,-31.70469495237488
PRICE_FUNDING_15M_GLOBAL_WINDOW,15m-0004108,bitget/okx,20,2026-07-15 15:00:00+00:00,2026-07-15 18:30:00+00:00,okx,bitget,21.766947779309678,23.98100578228,1,1,45.74795356158968,native_15m_trade_close_plus_real_settlements,25.747953561589682,5.747953561589682,-34.25204643841032
PRICE_FUNDING_15M_GLOBAL_WINDOW,15m-0004109,bitget/okx,20,2026-07-15 19:15:00+00:00,2026-07-15 19:45:00+00:00,okx,bitget,10.381205276301705,0.0,0,0,10.381205276301705,native_15m_trade_close_plus_real_settlements,-9.618794723698295,-29.618794723698294,-69.6187947236983
PRICE_FUNDING_15M_GLOBAL_WINDOW,15m-0004110,bitget/okx,20,2026-07-15 20:30:00+00:00,2026-07-15 20:45:00+00:00,okx,bitget,1.343957475437385,0.0,0,0,1.343957475437385,native_15m_trade_close_plus_real_settlements,-18.656042524562615,-38.656042524562615,-78.65604252456262
PRICE_FUNDING_15M_GLOBAL_WINDOW,15m-0004111,bitget/okx,20,2026-07-15 21:00:00+00:00,2026-07-15 21:45:00+00:00,okx,bitget,3.833849915831994,0.0,0,0,3.833849915831994,native_15m_trade_close_plus_real_settlements,-16.166150084168006,-36.16615008416801,-76.16615008416801
PRICE_FUNDING_15M_GLOBAL_WINDOW,15m-0004112,bitget/okx,20,2026-07-15 22:00:00+00:00,2026-07-15 23:15:00+00:00,okx,bitget,5.738336851095667,0.0,0,0,5.738336851095667,native_15m_trade_close_plus_real_settlements,-14.261663148904333,-34.26166314890433,-74.26166314890433
PRICE_FUNDING_15M_GLOBAL_WINDOW,15m-0004113,bitget/okx,20,2026-07-15 23:30:00+00:00,2026-07-16 00:45:00+00:00,okx,bitget,10.072631555052002,-4.234607569565,1,1,5.838023985487002,native_15m_trade_close_plus_real_settlements,-14.161976014512998,-34.161976014513,-74.161976014513
PRICE_FUNDING_15M_GLOBAL_WINDOW,15m-0004114,bitget/okx,20,2026-07-16 01:00:00+00:00,2026-07-16 01:45:00+00:00,okx,bitget,12.521325776270913,0.0,0,0,12.521325776270913,native_15m_trade_close_plus_real_settlements,-7.478674223729087,-27.478674223729087,-67.47867422372909
PRICE_FUNDING_15M_GLOBAL_WINDOW,15m-0004115,bitget/okx,20,2026-07-16 04:30:00+00:00,2026-07-16 19:45:00+00:00,okx,bitget,23.927967703006075,2.402466066674001,2,3,26.330433769680077,native_15m_trade_close_plus_real_settlements,6.330433769680077,-13.669566230319923,-53.66956623031992
PRICE_FUNDING_15M_GLOBAL_WINDOW,15m-0004116,bitget/okx,20,2026-07-16 20:00:00+00:00,2026-07-17 09:45:00+00:00,okx,bitget,49.24743210738717,-15.982313667436998,2,3,33.26511843995017,native_15m_trade_close_plus_real_settlements,13.265118439950172,-6.734881560049828,-46.73488156004983
PRICE_FUNDING_15M_GLOBAL_WINDOW,15m-0004117,bitget/okx,20,2026-07-17 10:00:00+00:00,2026-07-17 22:00:00+00:00,okx,bitget,32.18156307715975,-25.749198720348,1,3,6.43236435681175,native_15m_trade_close_plus_real_settlements,-13.56763564318825,-33.567635643188254,-73.56763564318825
PRICE_FUNDING_15M_GLOBAL_WINDOW,15m-0004118,bitget/okx,20,2026-07-17 22:15:00+00:00,2026-07-17 22:30:00+00:00,okx,bitget,2.300002297839498,0.0,0,0,2.300002297839498,native_15m_trade_close_plus_real_settlements,-17.699997702160502,-37.6999977021605,-77.6999977021605
PRICE_FUNDING_15M_GLOBAL_WINDOW,15m-0004119,bitget/okx,20,2026-07-18 00:00:00+00:00,2026-07-18 15:45:00+00:00,okx,bitget,12.297820051567307,0.0,1,3,12.297820051567307,native_15m_trade_close_plus_real_settlements,-7.702179948432693,-27.702179948432693,-67.7021799484327
PRICE_FUNDING_15M_GLOBAL_WINDOW,15m-0004120,bitget/okx,20,2026-07-18 16:00:00+00:00,2026-07-18 17:00:00+00:00,okx,bitget,8.72117177059345,0.0,0,0,8.72117177059345,native_15m_trade_close_plus_real_settlements,-11.27882822940655,-31.27882822940655,-71.27882822940654
PRICE_FUNDING_15M_GLOBAL_WINDOW,15m-0004121,bitget/okx,20,2026-07-18 17:15:00+00:00,2026-07-18 18:00:00+00:00,okx,bitget,4.185231353582566,0.0,0,0,4.185231353582566,native_15m_trade_close_plus_real_settlements,-15.814768646417434,-35.814768646417434,-75.81476864641743
PRICE_FUNDING_15M_GLOBAL_WINDOW,15m-0004122,bitget/okx,20,2026-07-18 18:15:00+00:00,2026-07-18 19:15:00+00:00,okx,bitget,6.098063234905748,0.0,0,0,6.098063234905748,native_15m_trade_close_plus_real_settlements,-13.901936765094252,-33.90193676509425,-73.90193676509425
PRICE_FUNDING_15M_GLOBAL_WINDOW,15m-0004123,bitget/okx,20,2026-07-18 19:30:00+00:00,2026-07-18 19:45:00+00:00,okx,bitget,3.394323589050103,0.0,0,0,3.394323589050103,native_15m_trade_close_plus_real_settlements,-16.605676410949897,-36.6056764109499,-76.6056764109499
PRICE_FUNDING_15M_GLOBAL_WINDOW,15m-0004124,bitget/okx,20,2026-07-18 20:00:00+00:00,2026-07-18 23:30:00+00:00,okx,bitget,5.157960632571342,0.0,0,0,5.157960632571342,native_15m_trade_close_plus_real_settlements,-14.842039367428658,-34.842039367428654,-74.84203936742865
PRICE_FUNDING_15M_GLOBAL_WINDOW,15m-0004125,bitget/okx,20,2026-07-18 23:45:00+00:00,2026-07-19 00:45:00+00:00,okx,bitget,2.8617987628160932,0.0,1,1,2.8617987628160932,native_15m_trade_close_plus_real_settlements,-17.138201237183907,-37.13820123718391,-77.1382012371839
PRICE_FUNDING_15M_GLOBAL_WINDOW,15m-0004126,bitget/okx,20,2026-07-19 01:00:00+00:00,2026-07-20 02:15:00+00:00,okx,bitget,26.546437259605003,-16.691096310168998,3,6,9.855340949436005,native_15m_trade_close_plus_real_settlements,-10.144659050563995,-30.144659050563995,-70.144659050564
PRICE_FUNDING_15M_GLOBAL_WINDOW,15m-0004127,bitget/okx,20,2026-07-20 02:30:00+00:00,2026-07-20 02:45:00+00:00,okx,bitget,10.122192979897612,0.0,0,0,10.122192979897612,native_15m_trade_close_plus_real_settlements,-9.877807020102388,-29.877807020102388,-69.87780702010238
PRICE_FUNDING_15M_GLOBAL_WINDOW,15m-0004128,bitget/okx,20,2026-07-20 04:00:00+00:00,2026-07-20 05:30:00+00:00,okx,bitget,7.760614204527528,0.0,0,0,7.760614204527528,native_15m_trade_close_plus_real_settlements,-12.239385795472472,-32.23938579547247,-72.23938579547247
PRICE_FUNDING_15M_GLOBAL_WINDOW,15m-0004129,bitget/okx,20,2026-07-20 06:45:00+00:00,2026-07-20 11:45:00+00:00,okx,bitget,11.091441217098659,-2.876006580825,1,1,8.21543463627366,native_15m_trade_close_plus_real_settlements,-11.78456536372634,-31.78456536372634,-71.78456536372634
PRICE_FUNDING_15M_GLOBAL_WINDOW,15m-0004130,bitget/okx,20,2026-07-20 12:00:00+00:00,2026-07-20 14:15:00+00:00,okx,bitget,10.855300104764186,0.0,0,0,10.855300104764186,native_15m_trade_close_plus_real_settlements,-9.144699895235814,-29.144699895235814,-69.14469989523582
PRICE_FUNDING_15M_GLOBAL_WINDOW,15m-0004131,bitget/okx,20,2026-07-20 16:45:00+00:00,2026-07-20 18:15:00+00:00,okx,bitget,4.764996550829888,0.0,0,0,4.764996550829888,native_15m_trade_close_plus_real_settlements,-15.235003449170112,-35.23500344917011,-75.23500344917011
PRICE_FUNDING_15M_GLOBAL_WINDOW,15m-0004132,bitget/okx,20,2026-07-21 04:30:00+00:00,2026-07-21 04:45:00+00:00,okx,bitget,7.239715904557579,0.0,0,0,7.239715904557579,native_15m_trade_close_plus_real_settlements,-12.76028409544242,-32.76028409544242,-72.76028409544242
PRICE_FUNDING_15M_GLOBAL_WINDOW,15m-0004133,bitget/okx,20,2026-07-21 05:30:00+00:00,2026-07-21 05:45:00+00:00,okx,bitget,2.711929985663577,0.0,0,0,2.711929985663577,native_15m_trade_close_plus_real_settlements,-17.288070014336423,-37.28807001433643,-77.28807001433643
PRICE_FUNDING_15M_GLOBAL_WINDOW,15m-0004134,bitget/okx,20,2026-07-21 07:45:00+00:00,2026-07-21 08:00:00+00:00,okx,bitget,1.9834279387313707,-5.887717497861001,1,1,-3.90428955912963,native_15m_trade_close_plus_real_settlements,-23.90428955912963,-43.90428955912963,-83.90428955912964
PRICE_FUNDING_15M_GLOBAL_WINDOW,15m-0004135,bitget/okx,20,2026-07-21 08:30:00+00:00,2026-07-21 09:45:00+00:00,okx,bitget,8.45611363117806,0.0,0,0,8.45611363117806,native_15m_trade_close_plus_real_settlements,-11.54388636882194,-31.54388636882194,-71.54388636882194
PRICE_FUNDING_15M_GLOBAL_WINDOW,15m-0004136,bitget/okx,20,2026-07-21 10:15:00+00:00,2026-07-21 10:45:00+00:00,okx,bitget,6.124257910897496,0.0,0,0,6.124257910897496,native_15m_trade_close_plus_real_settlements,-13.875742089102504,-33.8757420891025,-73.8757420891025
PRICE_FUNDING_15M_GLOBAL_WINDOW,15m-0004137,bitget/okx,20,2026-07-21 11:15:00+00:00,2026-07-21 11:30:00+00:00,okx,bitget,2.078391481380187,0.0,0,0,2.078391481380187,native_15m_trade_close_plus_real_settlements,-17.921608518619813,-37.92160851861981,-77.92160851861982
PRICE_FUNDING_15M_GLOBAL_WINDOW,15m-0004138,bitget/okx,20,2026-07-21 11:45:00+00:00,2026-07-21 13:15:00+00:00,okx,bitget,9.35684498872013,0.0,0,1,9.35684498872013,native_15m_trade_close_plus_real_settlements,-10.64315501127987,-30.64315501127987,-70.64315501127987
PRICE_FUNDING_15M_GLOBAL_WINDOW,15m-0004139,bitget/okx,20,2026-07-21 13:30:00+00:00,2026-07-22 03:30:00+00:00,okx,bitget,29.169595733443956,-16.644028506574998,2,3,12.525567226868958,native_15m_trade_close_plus_real_settlements,-7.474432773131042,-27.474432773131042,-67.47443277313104
PRICE_FUNDING_15M_GLOBAL_WINDOW,15m-0004140,bitget/okx,20,2026-07-22 04:00:00+00:00,2026-07-22 05:15:00+00:00,okx,bitget,13.357928035087228,0.0,0,0,13.357928035087228,native_15m_trade_close_plus_real_settlements,-6.6420719649127715,-26.642071964912773,-66.64207196491277
PRICE_FUNDING_15M_GLOBAL_WINDOW,15m-0004141,bitget/okx,20,2026-07-22 05:45:00+00:00,2026-07-22 06:00:00+00:00,okx,bitget,4.131730191954652,0.0,0,0,4.131730191954652,native_15m_trade_close_plus_real_settlements,-15.868269808045348,-35.86826980804535,-75.86826980804534
PRICE_FUNDING_15M_GLOBAL_WINDOW,15m-0004340,bitget/okx,50,2026-06-10 10:45:00+00:00,2026-06-10 11:15:00+00:00,okx,bitget,15.270703340578386,0.0,0,0,15.270703340578386,native_15m_trade_close_plus_real_settlements,-4.729296659421614,-24.729296659421614,-64.7292966594216
PRICE_FUNDING_15M_GLOBAL_WINDOW,15m-0004341,bitget/okx,50,2026-06-10 12:15:00+00:00,2026-06-10 16:00:00+00:00,okx,bitget,59.638599911993786,-19.356487673407,1,1,40.28211223858679,native_15m_trade_close_plus_real_settlements,20.28211223858679,0.2821122385867909,-39.71788776141321
PRICE_FUNDING_15M_GLOBAL_WINDOW,15m-0004342,bitget/okx,50,2026-06-10 16:15:00+00:00,2026-06-10 17:00:00+00:00,okx,bitget,24.380225508690913,0.0,0,0,24.380225508690913,native_15m_trade_close_plus_real_settlements,4.380225508690913,-15.619774491309087,-55.61977449130909
PRICE_FUNDING_15M_GLOBAL_WINDOW,15m-0004343,bitget/okx,50,2026-06-10 22:30:00+00:00,2026-06-10 22:45:00+00:00,okx,bitget,17.77309694307519,0.0,0,0,17.77309694307519,native_15m_trade_close_plus_real_settlements,-2.2269030569248116,-22.22690305692481,-62.22690305692481
PRICE_FUNDING_15M_GLOBAL_WINDOW,15m-0004344,bitget/okx,50,2026-06-10 23:45:00+00:00,2026-06-11 00:00:00+00:00,okx,bitget,44.02422381524323,-1.0,1,1,43.02422381524323,native_15m_trade_close_plus_real_settlements,23.024223815243232,3.024223815243232,-36.97577618475677
PRICE_FUNDING_15M_GLOBAL_WINDOW,15m-0004345,bitget/okx,50,2026-06-11 00:15:00+00:00,2026-06-11 00:30:00+00:00,okx,bitget,28.31416151170108,0.0,0,0,28.31416151170108,native_15m_trade_close_plus_real_settlements,8.31416151170108,-11.68583848829892,-51.68583848829892
PRICE_FUNDING_15M_GLOBAL_WINDOW,15m-0004346,bitget/okx,50,2026-06-11 01:00:00+00:00,2026-06-11 01:15:00+00:00,okx,bitget,26.744324429157906,0.0,0,0,26.744324429157906,native_15m_trade_close_plus_real_settlements,6.744324429157906,-13.255675570842094,-53.255675570842094
PRICE_FUNDING_15M_GLOBAL_WINDOW,15m-0004347,bitget/okx,50,2026-06-11 02:15:00+00:00,2026-06-11 02:45:00+00:00,okx,bitget,15.084817898937509,0.0,0,0,15.084817898937509,native_15m_trade_close_plus_real_settlements,-4.915182101062491,-24.91518210106249,-64.9151821010625
PRICE_FUNDING_15M_GLOBAL_WINDOW,15m-0004348,bitget/okx,50,2026-06-11 03:15:00+00:00,2026-06-11 04:15:00+00:00,okx,bitget,21.193007664518,0.0,0,0,21.193007664518,native_15m_trade_close_plus_real_settlements,1.1930076645179994,-18.806992335482,-58.806992335482
PRICE_FUNDING_15M_GLOBAL_WINDOW,15m-0004349,bitget/okx,50,2026-06-11 04:30:00+00:00,2026-06-11 08:30:00+00:00,okx,bitget,35.18885382059315,0.807468469588,1,1,35.996322290181155,native_15m_trade_close_plus_real_settlements,15.996322290181155,-4.003677709818845,-44.003677709818845
PRICE_FUNDING_15M_GLOBAL_WINDOW,15m-0004350,bitget/okx,50,2026-06-11 10:45:00+00:00,2026-06-11 11:00:00+00:00,okx,bitget,18.064410230786258,0.0,0,0,18.064410230786258,native_15m_trade_close_plus_real_settlements,-1.9355897692137418,-21.935589769213742,-61.93558976921374
PRICE_FUNDING_15M_GLOBAL_WINDOW,15m-0004351,bitget/okx,50,2026-06-11 14:00:00+00:00,2026-06-11 14:15:00+00:00,okx,bitget,9.289829845813173,0.0,0,0,9.289829845813173,native_15m_trade_close_plus_real_settlements,-10.710170154186827,-30.710170154186827,-70.71017015418683
PRICE_FUNDING_15M_GLOBAL_WINDOW,15m-0004352,bitget/okx,50,2026-06-11 17:00:00+00:00,2026-06-11 17:15:00+00:00,okx,bitget,1.5039169471628,0.0,0,0,1.5039169471628,native_15m_trade_close_plus_real_settlements,-18.4960830528372,-38.4960830528372,-78.49608305283721
PRICE_FUNDING_15M_GLOBAL_WINDOW,15m-0004353,bitget/okx,50,2026-06-11 18:00:00+00:00,2026-06-11 18:30:00+00:00,okx,bitget,17.897265444132977,0.0,0,0,17.897265444132977,native_15m_trade_close_plus_real_settlements,-2.1027345558670234,-22.102734555867023,-62.10273455586702
PRICE_FUNDING_15M_GLOBAL_WINDOW,15m-0004354,bitget/okx,50,2026-06-11 19:00:00+00:00,2026-06-11 20:45:00+00:00,okx,bitget,12.207059865351034,0.0,0,0,12.207059865351034,native_15m_trade_close_plus_real_settlements,-7.7929401346489655,-27.792940134648966,-67.79294013464897
PRICE_FUNDING_15M_GLOBAL_WINDOW,15m-0004355,bitget/okx,50,2026-06-11 21:00:00+00:00,2026-06-11 22:15:00+00:00,okx,bitget,31.33028975433779,0.0,0,0,31.33028975433779,native_15m_trade_close_plus_real_settlements,11.330289754337791,-8.669710245662209,-48.66971024566221
PRICE_FUNDING_15M_GLOBAL_WINDOW,15m-0004356,bitget/okx,50,2026-06-11 22:30:00+00:00,2026-06-11 23:00:00+00:00,okx,bitget,20.48443511881903,0.0,0,0,20.48443511881903,native_15m_trade_close_plus_real_settlements,0.4844351188190288,-19.51556488118097,-59.51556488118097
PRICE_FUNDING_15M_GLOBAL_WINDOW,15m-0004357,bitget/okx,50,2026-06-11 23:45:00+00:00,2026-06-12 00:00:00+00:00,okx,bitget,25.285061392233597,-34.807225215341,1,1,-9.522163823107402,native_15m_trade_close_plus_real_settlements,-29.5221638231074,-49.522163823107405,-89.5221638231074
PRICE_FUNDING_15M_GLOBAL_WINDOW,15m-0004358,bitget/okx,50,2026-06-12 05:30:00+00:00,2026-06-12 05:45:00+00:00,okx,bitget,19.455721207002448,0.0,0,0,19.455721207002448,native_15m_trade_close_plus_real_settlements,-0.5442787929975523,-20.544278792997552,-60.54427879299755
PRICE_FUNDING_15M_GLOBAL_WINDOW,15m-0004359,bitget/okx,50,2026-06-12 11:00:00+00:00,2026-06-12 13:00:00+00:00,okx,bitget,15.754067969123462,0.0,0,0,15.754067969123462,native_15m_trade_close_plus_real_settlements,-4.2459320308765385,-24.24593203087654,-64.24593203087653
PRICE_FUNDING_15M_GLOBAL_WINDOW,15m-0004360,bitget/okx,50,2026-06-12 13:45:00+00:00,2026-06-12 14:00:00+00:00,okx,bitget,9.894992762981829,0.0,0,0,9.894992762981829,native_15m_trade_close_plus_real_settlements,-10.105007237018171,-30.10500723701817,-70.10500723701817
PRICE_FUNDING_15M_GLOBAL_WINDOW,15m-0004361,bitget/okx,50,2026-06-12 14:45:00+00:00,2026-06-12 15:30:00+00:00,okx,bitget,21.59962879562004,0.0,0,0,21.59962879562004,native_15m_trade_close_plus_real_settlements,1.5996287956200383,-18.40037120437996,-58.400371204379965
PRICE_FUNDING_15M_GLOBAL_WINDOW,15m-0004362,bitget/okx,50,2026-06-13 07:45:00+00:00,2026-06-13 08:00:00+00:00,okx,bitget,11.654733739156427,-8.035951931451999,1,1,3.618781807704428,native_15m_trade_close_plus_real_settlements,-16.38121819229557,-36.38121819229557,-76.38121819229558
PRICE_FUNDING_15M_GLOBAL_WINDOW,15m-0004363,bitget/okx,50,2026-06-13 15:15:00+00:00,2026-06-13 15:30:00+00:00,okx,bitget,16.244670846338394,0.0,0,0,16.244670846338394,native_15m_trade_close_plus_real_settlements,-3.755329153661606,-23.755329153661606,-63.755329153661606
PRICE_FUNDING_15M_GLOBAL_WINDOW,15m-0004364,bitget/okx,50,2026-06-13 19:30:00+00:00,2026-06-13 19:45:00+00:00,okx,bitget,0.19926743975330652,0.0,0,0,0.19926743975330652,native_15m_trade_close_plus_real_settlements,-19.800732560246693,-39.80073256024669,-79.8007325602467
PRICE_FUNDING_15M_GLOBAL_WINDOW,15m-0004365,bitget/okx,50,2026-06-13 20:15:00+00:00,2026-06-13 20:30:00+00:00,okx,bitget,19.340626987979626,0.0,0,0,19.340626987979626,native_15m_trade_close_plus_real_settlements,-0.6593730120203745,-20.659373012020374,-60.659373012020374
PRICE_FUNDING_15M_GLOBAL_WINDOW,15m-0004366,bitget/okx,50,2026-06-14 09:15:00+00:00,2026-06-14 09:30:00+00:00,okx,bitget,29.97358215710304,0.0,0,0,29.97358215710304,native_15m_trade_close_plus_real_settlements,9.973582157103039,-10.026417842896961,-50.02641784289696
PRICE_FUNDING_15M_GLOBAL_WINDOW,15m-0004367,bitget/okx,50,2026-06-14 10:15:00+00:00,2026-06-14 10:30:00+00:00,okx,bitget,9.617434984348463,0.0,0,0,9.617434984348463,native_15m_trade_close_plus_real_settlements,-10.382565015651537,-30.382565015651537,-70.38256501565154
PRICE_FUNDING_15M_GLOBAL_WINDOW,15m-0004368,bitget/okx,50,2026-06-14 11:30:00+00:00,2026-06-14 11:45:00+00:00,okx,bitget,6.085894554356493,0.0,0,0,6.085894554356493,native_15m_trade_close_plus_real_settlements,-13.914105445643507,-33.91410544564351,-73.91410544564351
PRICE_FUNDING_15M_GLOBAL_WINDOW,15m-0004369,bitget/okx,50,2026-06-14 12:15:00+00:00,2026-06-14 12:30:00+00:00,okx,bitget,25.50522088161156,0.0,0,0,25.50522088161156,native_15m_trade_close_plus_real_settlements,5.50522088161156,-14.49477911838844,-54.494779118388436
PRICE_FUNDING_15M_GLOBAL_WINDOW,15m-0004370,bitget/okx,50,2026-06-14 21:15:00+00:00,2026-06-14 21:30:00+00:00,okx,bitget,18.089263338108005,0.0,0,0,18.089263338108005,native_15m_trade_close_plus_real_settlements,-1.9107366618919954,-21.910736661891995,-61.910736661891995
PRICE_FUNDING_15M_GLOBAL_WINDOW,15m-0004371,bitget/okx,50,2026-06-14 21:45:00+00:00,2026-06-14 22:15:00+00:00,okx,bitget,13.351083813639583,0.0,0,0,13.351083813639583,native_15m_trade_close_plus_real_settlements,-6.648916186360417,-26.648916186360417,-66.64891618636042
PRICE_FUNDING_15M_GLOBAL_WINDOW,15m-0004372,bitget/okx,50,2026-06-14 22:45:00+00:00,2026-06-14 23:45:00+00:00,okx,bitget,24.82134182513962,0.0,0,0,24.82134182513962,native_15m_trade_close_plus_real_settlements,4.821341825139619,-15.17865817486038,-55.17865817486038
PRICE_FUNDING_15M_GLOBAL_WINDOW,15m-0004373,bitget/okx,50,2026-06-15 01:30:00+00:00,2026-06-15 02:45:00+00:00,okx,bitget,20.846372865497436,0.0,0,0,20.846372865497436,native_15m_trade_close_plus_real_settlements,0.8463728654974361,-19.153627134502564,-59.153627134502564
PRICE_FUNDING_15M_GLOBAL_WINDOW,15m-0004374,bitget/okx,50,2026-06-15 15:15:00+00:00,2026-06-15 15:30:00+00:00,okx,bitget,5.306349215776542,0.0,0,0,5.306349215776542,native_15m_trade_close_plus_real_settlements,-14.693650784223458,-34.69365078422346,-74.69365078422345
PRICE_FUNDING_15M_GLOBAL_WINDOW,15m-0004375,bitget/okx,50,2026-06-15 18:45:00+00:00,2026-06-15 19:00:00+00:00,okx,bitget,6.817180424428663,0.0,0,0,6.817180424428663,native_15m_trade_close_plus_real_settlements,-13.182819575571337,-33.18281957557134,-73.18281957557133
PRICE_FUNDING_15M_GLOBAL_WINDOW,15m-0004376,bitget/okx,50,2026-06-15 19:15:00+00:00,2026-06-15 19:45:00+00:00,okx,bitget,1.4759528901058019,0.0,0,0,1.4759528901058019,native_15m_trade_close_plus_real_settlements,-18.524047109894198,-38.5240471098942,-78.5240471098942
PRICE_FUNDING_15M_GLOBAL_WINDOW,15m-0004377,bitget/okx,50,2026-06-15 20:15:00+00:00,2026-06-15 20:30:00+00:00,okx,bitget,11.721259867681802,0.0,0,0,11.721259867681802,native_15m_trade_close_plus_real_settlements,-8.278740132318198,-28.278740132318198,-68.2787401323182
PRICE_FUNDING_15M_GLOBAL_WINDOW,15m-0004378,bitget/okx,50,2026-06-15 22:15:00+00:00,2026-06-15 22:30:00+00:00,okx,bitget,3.3077207170314225,0.0,0,0,3.3077207170314225,native_15m_trade_close_plus_real_settlements,-16.692279282968578,-36.69227928296858,-76.69227928296857
PRICE_FUNDING_15M_GLOBAL_WINDOW,15m-0004379,bitget/okx,50,2026-06-16 08:30:00+00:00,2026-06-16 09:45:00+00:00,okx,bitget,11.623559992420446,0.0,0,0,11.623559992420446,native_15m_trade_close_plus_real_settlements,-8.376440007579554,-28.376440007579554,-68.37644000757956
PRICE_FUNDING_15M_GLOBAL_WINDOW,15m-0004380,bitget/okx,50,2026-06-16 10:00:00+00:00,2026-06-16 15:30:00+00:00,okx,bitget,40.09064657646866,0.0,0,0,40.09064657646866,native_15m_trade_close_plus_real_settlements,20.090646576468657,0.09064657646865726,-39.90935342353134
PRICE_FUNDING_15M_GLOBAL_WINDOW,15m-0004381,bitget/okx,50,2026-06-16 15:45:00+00:00,2026-06-16 16:00:00+00:00,okx,bitget,6.717004576325614,25.562314489719,1,1,32.279319066044614,native_15m_trade_close_plus_real_settlements,12.279319066044614,-7.720680933955386,-47.720680933955386
PRICE_FUNDING_15M_GLOBAL_WINDOW,15m-0004382,bitget/okx,50,2026-06-16 16:15:00+00:00,2026-06-16 16:30:00+00:00,okx,bitget,10.511400645799945,0.0,0,0,10.511400645799945,native_15m_trade_close_plus_real_settlements,-9.488599354200055,-29.488599354200055,-69.48859935420006
PRICE_FUNDING_15M_GLOBAL_WINDOW,15m-0004383,bitget/okx,50,2026-06-16 17:15:00+00:00,2026-06-16 17:30:00+00:00,okx,bitget,3.3096124716119704,0.0,0,0,3.3096124716119704,native_15m_trade_close_plus_real_settlements,-16.69038752838803,-36.69038752838803,-76.69038752838803
PRICE_FUNDING_15M_GLOBAL_WINDOW,15m-0004384,bitget/okx,50,2026-06-16 18:30:00+00:00,2026-06-16 18:45:00+00:00,okx,bitget,16.055312126913748,0.0,0,0,16.055312126913748,native_15m_trade_close_plus_real_settlements,-3.9446878730862522,-23.944687873086252,-63.94468787308625
PRICE_FUNDING_15M_GLOBAL_WINDOW,15m-0004385,bitget/okx,50,2026-06-16 23:30:00+00:00,2026-06-16 23:45:00+00:00,okx,bitget,2.734693475578297,0.0,0,0,2.734693475578297,native_15m_trade_close_plus_real_settlements,-17.265306524421703,-37.2653065244217,-77.2653065244217
PRICE_FUNDING_15M_GLOBAL_WINDOW,15m-0004386,bitget/okx,50,2026-06-17 15:15:00+00:00,2026-06-17 15:30:00+00:00,okx,bitget,6.835796327133124,0.0,0,0,6.835796327133124,native_15m_trade_close_plus_real_settlements,-13.164203672866876,-33.164203672866876,-73.16420367286688
PRICE_FUNDING_15M_GLOBAL_WINDOW,15m-0004387,bitget/okx,50,2026-06-18 03:45:00+00:00,2026-06-18 04:00:00+00:00,okx,bitget,18.75021792793624,0.0,0,0,18.75021792793624,native_15m_trade_close_plus_real_settlements,-1.2497820720637591,-21.24978207206376,-61.24978207206376
PRICE_FUNDING_15M_GLOBAL_WINDOW,15m-0004388,bitget/okx,50,2026-06-18 10:45:00+00:00,2026-06-18 11:00:00+00:00,okx,bitget,2.571472538643654,0.0,0,0,2.571472538643654,native_15m_trade_close_plus_real_settlements,-17.428527461356346,-37.428527461356346,-77.42852746135634
PRICE_FUNDING_15M_GLOBAL_WINDOW,15m-0004389,bitget/okx,50,2026-06-18 11:15:00+00:00,2026-06-18 11:45:00+00:00,okx,bitget,1.331451590960782,0.0,0,0,1.331451590960782,native_15m_trade_close_plus_real_settlements,-18.668548409039218,-38.66854840903922,-78.66854840903922
PRICE_FUNDING_15M_GLOBAL_WINDOW,15m-0004390,bitget/okx,50,2026-06-18 12:00:00+00:00,2026-06-18 12:15:00+00:00,okx,bitget,6.521671510296628,0.0,0,0,6.521671510296628,native_15m_trade_close_plus_real_settlements,-13.478328489703372,-33.47832848970337,-73.47832848970337
PRICE_FUNDING_15M_GLOBAL_WINDOW,15m-0004391,bitget/okx,50,2026-06-18 13:00:00+00:00,2026-06-18 13:15:00+00:00,okx,bitget,6.218637469960676,0.0,0,0,6.218637469960676,native_15m_trade_close_plus_real_settlements,-13.781362530039324,-33.781362530039324,-73.78136253003933
PRICE_FUNDING_15M_GLOBAL_WINDOW,15m-0004392,bitget/okx,50,2026-06-18 13:30:00+00:00,2026-06-18 14:45:00+00:00,okx,bitget,13.750850901221774,0.0,0,0,13.750850901221774,native_15m_trade_close_plus_real_settlements,-6.249149098778226,-26.249149098778226,-66.24914909877822
PRICE_FUNDING_15M_GLOBAL_WINDOW,15m-0004393,bitget/okx,50,2026-06-19 03:45:00+00:00,2026-06-19 04:00:00+00:00,okx,bitget,33.218267355556364,0.0,0,0,33.218267355556364,native_15m_trade_close_plus_real_settlements,13.218267355556364,-6.781732644443636,-46.781732644443636
PRICE_FUNDING_15M_GLOBAL_WINDOW,15m-0004394,bitget/okx,50,2026-06-19 05:30:00+00:00,2026-06-19 05:45:00+00:00,okx,bitget,14.677462495935565,0.0,0,0,14.677462495935565,native_15m_trade_close_plus_real_settlements,-5.322537504064435,-25.322537504064435,-65.32253750406443
PRICE_FUNDING_15M_GLOBAL_WINDOW,15m-0004395,bitget/okx,50,2026-06-19 07:00:00+00:00,2026-06-19 07:15:00+00:00,okx,bitget,9.230884681427717,0.0,0,0,9.230884681427717,native_15m_trade_close_plus_real_settlements,-10.769115318572283,-30.769115318572283,-70.76911531857229
PRICE_FUNDING_15M_GLOBAL_WINDOW,15m-0004396,bitget/okx,50,2026-06-19 08:45:00+00:00,2026-06-19 09:00:00+00:00,okx,bitget,29.18940421564757,0.0,0,0,29.18940421564757,native_15m_trade_close_plus_real_settlements,9.18940421564757,-10.81059578435243,-50.81059578435243
PRICE_FUNDING_15M_GLOBAL_WINDOW,15m-0004397,bitget/okx,50,2026-06-19 09:45:00+00:00,2026-06-19 10:15:00+00:00,okx,bitget,8.91311434314619,0.0,0,0,8.91311434314619,native_15m_trade_close_plus_real_settlements,-11.08688565685381,-31.08688565685381,-71.08688565685381
PRICE_FUNDING_15M_GLOBAL_WINDOW,15m-0004398,bitget/okx,50,2026-06-19 11:00:00+00:00,2026-06-19 11:15:00+00:00,okx,bitget,3.2624208478127343,0.0,0,0,3.2624208478127343,native_15m_trade_close_plus_real_settlements,-16.737579152187266,-36.737579152187266,-76.73757915218727
PRICE_FUNDING_15M_GLOBAL_WINDOW,15m-0004399,bitget/okx,50,2026-06-19 12:00:00+00:00,2026-06-19 12:15:00+00:00,okx,bitget,5.4879241990184155,0.0,0,0,5.4879241990184155,native_15m_trade_close_plus_real_settlements,-14.512075800981584,-34.512075800981584,-74.51207580098159
PRICE_FUNDING_15M_GLOBAL_WINDOW,15m-0004400,bitget/okx,50,2026-06-19 12:30:00+00:00,2026-06-19 13:00:00+00:00,okx,bitget,7.799699679644277,0.0,0,0,7.799699679644277,native_15m_trade_close_plus_real_settlements,-12.200300320355723,-32.20030032035572,-72.20030032035572
PRICE_FUNDING_15M_GLOBAL_WINDOW,15m-0004401,bitget/okx,50,2026-06-19 13:15:00+00:00,2026-06-19 15:30:00+00:00,okx,bitget,27.04305111404586,0.0,0,0,27.04305111404586,native_15m_trade_close_plus_real_settlements,7.043051114045859,-12.95694888595414,-52.95694888595414
PRICE_FUNDING_15M_GLOBAL_WINDOW,15m-0004402,bitget/okx,50,2026-06-19 16:15:00+00:00,2026-06-19 16:30:00+00:00,okx,bitget,5.315538322822469,0.0,0,0,5.315538322822469,native_15m_trade_close_plus_real_settlements,-14.68446167717753,-34.68446167717753,-74.68446167717752
PRICE_FUNDING_15M_GLOBAL_WINDOW,15m-0004403,bitget/okx,50,2026-06-19 18:15:00+00:00,2026-06-19 18:30:00+00:00,okx,bitget,13.907381444878645,0.0,0,0,13.907381444878645,native_15m_trade_close_plus_real_settlements,-6.092618555121355,-26.092618555121355,-66.09261855512136
PRICE_FUNDING_15M_GLOBAL_WINDOW,15m-0004404,bitget/okx,50,2026-06-19 20:00:00+00:00,2026-06-19 20:15:00+00:00,okx,bitget,6.659270101670444,0.0,0,0,6.659270101670444,native_15m_trade_close_plus_real_settlements,-13.340729898329556,-33.340729898329556,-73.34072989832956
PRICE_FUNDING_15M_GLOBAL_WINDOW,15m-0004405,bitget/okx,50,2026-06-19 22:15:00+00:00,2026-06-19 23:30:00+00:00,okx,bitget,10.66505259840946,0.0,0,0,10.66505259840946,native_15m_trade_close_plus_real_settlements,-9.33494740159054,-29.33494740159054,-69.33494740159054
PRICE_FUNDING_15M_GLOBAL_WINDOW,15m-0004406,bitget/okx,50,2026-06-19 23:45:00+00:00,2026-06-20 00:00:00+00:00,okx,bitget,25.27222839585835,-25.322950265775003,1,1,-0.05072186991665362,native_15m_trade_close_plus_real_settlements,-20.050721869916654,-40.05072186991666,-80.05072186991666
PRICE_FUNDING_15M_GLOBAL_WINDOW,15m-0004407,bitget/okx,50,2026-06-20 01:00:00+00:00,2026-06-20 01:15:00+00:00,okx,bitget,5.835297595458805,0.0,0,0,5.835297595458805,native_15m_trade_close_plus_real_settlements,-14.164702404541195,-34.164702404541195,-74.1647024045412
PRICE_FUNDING_15M_GLOBAL_WINDOW,15m-0004408,bitget/okx,50,2026-06-20 01:30:00+00:00,2026-06-20 02:15:00+00:00,okx,bitget,11.39844553114213,0.0,0,0,11.39844553114213,native_15m_trade_close_plus_real_settlements,-8.60155446885787,-28.60155446885787,-68.60155446885787
PRICE_FUNDING_15M_GLOBAL_WINDOW,15m-0004409,bitget/okx,50,2026-06-20 02:30:00+00:00,2026-06-20 06:30:00+00:00,okx,bitget,27.62003601711821,0.0,0,0,27.62003601711821,native_15m_trade_close_plus_real_settlements,7.62003601711821,-12.37996398288179,-52.37996398288179
PRICE_FUNDING_15M_GLOBAL_WINDOW,15m-0004410,bitget/okx,50,2026-06-20 07:00:00+00:00,2026-06-20 08:00:00+00:00,okx,bitget,19.509638915291013,-19.779787432786,1,1,-0.270148517494988,native_15m_trade_close_plus_real_settlements,-20.270148517494988,-40.27014851749499,-80.27014851749499
PRICE_FUNDING_15M_GLOBAL_WINDOW,15m-0004411,bitget/okx,50,2026-06-20 10:45:00+00:00,2026-06-20 11:00:00+00:00,okx,bitget,9.263403116971297,0.0,0,0,9.263403116971297,native_15m_trade_close_plus_real_settlements,-10.736596883028703,-30.736596883028703,-70.73659688302871
PRICE_FUNDING_15M_GLOBAL_WINDOW,15m-0004412,bitget/okx,50,2026-06-20 11:45:00+00:00,2026-06-20 12:00:00+00:00,okx,bitget,5.1138981494979205,0.0,0,0,5.1138981494979205,native_15m_trade_close_plus_real_settlements,-14.88610185050208,-34.88610185050208,-74.88610185050209
PRICE_FUNDING_15M_GLOBAL_WINDOW,15m-0004413,bitget/okx,50,2026-06-20 13:15:00+00:00,2026-06-20 14:00:00+00:00,okx,bitget,9.349000953900216,0.0,0,0,9.349000953900216,native_15m_trade_close_plus_real_settlements,-10.650999046099784,-30.650999046099784,-70.65099904609978
PRICE_FUNDING_15M_GLOBAL_WINDOW,15m-0004414,bitget/okx,50,2026-06-20 14:45:00+00:00,2026-06-20 15:00:00+00:00,okx,bitget,13.794741151057416,0.0,0,0,13.794741151057416,native_15m_trade_close_plus_real_settlements,-6.205258848942584,-26.205258848942584,-66.20525884894258
PRICE_FUNDING_15M_GLOBAL_WINDOW,15m-0004415,bitget/okx,50,2026-06-20 15:45:00+00:00,2026-06-20 16:00:00+00:00,okx,bitget,21.41064800202456,-16.179174334262,1,1,5.2314736677625575,native_15m_trade_close_plus_real_settlements,-14.768526332237442,-34.76852633223744,-74.76852633223744
PRICE_FUNDING_15M_GLOBAL_WINDOW,15m-0004416,bitget/okx,50,2026-06-20 17:00:00+00:00,2026-06-20 17:30:00+00:00,okx,bitget,14.349018588491703,0.0,0,0,14.349018588491703,native_15m_trade_close_plus_real_settlements,-5.6509814115082975,-25.650981411508297,-65.6509814115083
PRICE_FUNDING_15M_GLOBAL_WINDOW,15m-0004417,bitget/okx,50,2026-06-20 17:45:00+00:00,2026-06-20 18:00:00+00:00,okx,bitget,1.5081795460389387,0.0,0,0,1.5081795460389387,native_15m_trade_close_plus_real_settlements,-18.49182045396106,-38.49182045396106,-78.49182045396105
PRICE_FUNDING_15M_GLOBAL_WINDOW,15m-0004418,bitget/okx,50,2026-06-20 18:15:00+00:00,2026-06-20 18:30:00+00:00,okx,bitget,9.729148191676863,0.0,0,0,9.729148191676863,native_15m_trade_close_plus_real_settlements,-10.270851808323137,-30.270851808323137,-70.27085180832313
PRICE_FUNDING_15M_GLOBAL_WINDOW,15m-0004419,bitget/okx,50,2026-06-20 18:45:00+00:00,2026-06-20 19:00:00+00:00,okx,bitget,3.0368122814684924,0.0,0,0,3.0368122814684924,native_15m_trade_close_plus_real_settlements,-16.963187718531508,-36.96318771853151,-76.96318771853151
PRICE_FUNDING_15M_GLOBAL_WINDOW,15m-0004420,bitget/okx,50,2026-06-20 19:15:00+00:00,2026-06-20 19:30:00+00:00,okx,bitget,6.810300382695402,0.0,0,0,6.810300382695402,native_15m_trade_close_plus_real_settlements,-13.189699617304598,-33.1896996173046,-73.1896996173046
PRICE_FUNDING_15M_GLOBAL_WINDOW,15m-0004421,bitget/okx,50,2026-06-20 19:45:00+00:00,2026-06-20 22:15:00+00:00,okx,bitget,13.57182354894178,0.0,0,0,13.57182354894178,native_15m_trade_close_plus_real_settlements,-6.428176451058221,-26.42817645105822,-66.42817645105822
PRICE_FUNDING_15M_GLOBAL_WINDOW,15m-0004422,bitget/okx,50,2026-06-20 22:30:00+00:00,2026-06-20 23:00:00+00:00,okx,bitget,10.36629855915482,0.0,0,0,10.36629855915482,native_15m_trade_close_plus_real_settlements,-9.63370144084518,-29.63370144084518,-69.63370144084519
PRICE_FUNDING_15M_GLOBAL_WINDOW,15m-0004423,bitget/okx,50,2026-06-21 00:45:00+00:00,2026-06-21 01:00:00+00:00,okx,bitget,3.0240419822504805,0.0,0,0,3.0240419822504805,native_15m_trade_close_plus_real_settlements,-16.97595801774952,-36.97595801774952,-76.97595801774952
PRICE_FUNDING_15M_GLOBAL_WINDOW,15m-0004424,bitget/okx,50,2026-06-21 02:15:00+00:00,2026-06-21 02:30:00+00:00,okx,bitget,7.141933156093145,0.0,0,0,7.141933156093145,native_15m_trade_close_plus_real_settlements,-12.858066843906855,-32.858066843906855,-72.85806684390685
PRICE_FUNDING_15M_GLOBAL_WINDOW,15m-0004425,bitget/okx,50,2026-06-21 06:30:00+00:00,2026-06-21 06:45:00+00:00,okx,bitget,9.247394244410714,0.0,0,0,9.247394244410714,native_15m_trade_close_plus_real_settlements,-10.752605755589286,-30.752605755589286,-70.75260575558929
PRICE_FUNDING_15M_GLOBAL_WINDOW,15m-0004426,bitget/okx,50,2026-06-21 07:15:00+00:00,2026-06-21 09:00:00+00:00,okx,bitget,23.891539759928058,-14.237660192738,1,1,9.653879567190058,native_15m_trade_close_plus_real_settlements,-10.346120432809942,-30.34612043280994,-70.34612043280994
PRICE_FUNDING_15M_GLOBAL_WINDOW,15m-0004427,bitget/okx,50,2026-06-21 09:15:00+00:00,2026-06-21 09:30:00+00:00,okx,bitget,11.018514714635643,0.0,0,0,11.018514714635643,native_15m_trade_close_plus_real_settlements,-8.981485285364357,-28.981485285364357,-68.98148528536436
PRICE_FUNDING_15M_GLOBAL_WINDOW,15m-0004428,bitget/okx,50,2026-06-21 10:00:00+00:00,2026-06-21 10:15:00+00:00,okx,bitget,17.44696488238987,0.0,0,0,17.44696488238987,native_15m_trade_close_plus_real_settlements,-2.553035117610129,-22.55303511761013,-62.55303511761013
PRICE_FUNDING_15M_GLOBAL_WINDOW,15m-0004429,bitget/okx,50,2026-06-21 13:30:00+00:00,2026-06-21 13:45:00+00:00,okx,bitget,16.19366616244475,0.0,0,0,16.19366616244475,native_15m_trade_close_plus_real_settlements,-3.8063338375552505,-23.80633383755525,-63.80633383755525
PRICE_FUNDING_15M_GLOBAL_WINDOW,15m-0004430,bitget/okx,50,2026-06-21 15:30:00+00:00,2026-06-21 16:00:00+00:00,okx,bitget,14.468954323365672,-13.408527991724998,1,1,1.0604263316406737,native_15m_trade_close_plus_real_settlements,-18.939573668359326,-38.93957366835933,-78.93957366835933
PRICE_FUNDING_15M_GLOBAL_WINDOW,15m-0004431,bitget/okx,50,2026-06-21 23:00:00+00:00,2026-06-22 00:00:00+00:00,okx,bitget,36.290817064988666,-18.937362952074,1,1,17.353454112914665,native_15m_trade_close_plus_real_settlements,-2.6465458870853347,-22.646545887085335,-62.64654588708534
PRICE_FUNDING_15M_GLOBAL_WINDOW,15m-0004432,bitget/okx,50,2026-06-22 01:15:00+00:00,2026-06-22 06:15:00+00:00,okx,bitget,72.28402498800162,0.0,0,0,72.28402498800162,native_15m_trade_close_plus_real_settlements,52.28402498800162,32.28402498800162,-7.715975011998381
PRICE_FUNDING_15M_GLOBAL_WINDOW,15m-0004433,bitget/okx,50,2026-06-22 07:15:00+00:00,2026-06-22 07:45:00+00:00,okx,bitget,24.164971091451108,0.0,0,0,24.164971091451108,native_15m_trade_close_plus_real_settlements,4.1649710914511076,-15.835028908548892,-55.83502890854889
PRICE_FUNDING_15M_GLOBAL_WINDOW,15m-0004434,bitget/okx,50,2026-06-22 08:15:00+00:00,2026-06-22 11:45:00+00:00,okx,bitget,29.052144602926212,0.0,0,0,29.052144602926212,native_15m_trade_close_plus_real_settlements,9.052144602926212,-10.947855397073788,-50.94785539707379
PRICE_FUNDING_15M_GLOBAL_WINDOW,15m-0004435,bitget/okx,50,2026-06-22 12:00:00+00:00,2026-06-22 15:00:00+00:00,okx,bitget,46.53891311442384,0.0,0,0,46.53891311442384,native_15m_trade_close_plus_real_settlements,26.538913114423842,6.538913114423842,-33.46108688557616
PRICE_FUNDING_15M_GLOBAL_WINDOW,15m-0004436,bitget/okx,50,2026-06-22 18:45:00+00:00,2026-06-22 19:00:00+00:00,okx,bitget,4.390407992714309,0.0,0,0,4.390407992714309,native_15m_trade_close_plus_real_settlements,-15.609592007285691,-35.60959200728569,-75.6095920072857
PRICE_FUNDING_15M_GLOBAL_WINDOW,15m-0004437,bitget/okx,50,2026-06-22 19:15:00+00:00,2026-06-22 19:30:00+00:00,okx,bitget,6.440042371718107,0.0,0,0,6.440042371718107,native_15m_trade_close_plus_real_settlements,-13.559957628281893,-33.55995762828189,-73.5599576282819
PRICE_FUNDING_15M_GLOBAL_WINDOW,15m-0004438,bitget/okx,50,2026-06-22 20:15:00+00:00,2026-06-22 20:30:00+00:00,okx,bitget,10.422249605794114,0.0,0,0,10.422249605794114,native_15m_trade_close_plus_real_settlements,-9.577750394205886,-29.577750394205886,-69.57775039420588
PRICE_FUNDING_15M_GLOBAL_WINDOW,15m-0004439,bitget/okx,50,2026-06-22 21:00:00+00:00,2026-06-22 22:00:00+00:00,okx,bitget,22.14928069252759,0.0,0,0,22.14928069252759,native_15m_trade_close_plus_real_settlements,2.14928069252759,-17.85071930747241,-57.85071930747241
PRICE_FUNDING_15M_GLOBAL_WINDOW,15m-0004440,bitget/okx,50,2026-06-22 22:15:00+00:00,2026-06-22 22:30:00+00:00,okx,bitget,7.389904921059291,0.0,0,0,7.389904921059291,native_15m_trade_close_plus_real_settlements,-12.61009507894071,-32.61009507894071,-72.6100950789407
PRICE_FUNDING_15M_GLOBAL_WINDOW,15m-0004441,bitget/okx,50,2026-06-22 22:45:00+00:00,2026-06-22 23:00:00+00:00,okx,bitget,5.88050067136129,0.0,0,0,5.88050067136129,native_15m_trade_close_plus_real_settlements,-14.11949932863871,-34.11949932863871,-74.11949932863871
PRICE_FUNDING_15M_GLOBAL_WINDOW,15m-0004442,bitget/okx,50,2026-06-22 23:45:00+00:00,2026-06-23 04:30:00+00:00,okx,bitget,28.946993294766443,-8.995476822087,1,1,19.951516472679444,native_15m_trade_close_plus_real_settlements,-0.04848352732055616,-20.048483527320556,-60.048483527320556
PRICE_FUNDING_15M_GLOBAL_WINDOW,15m-0004443,bitget/okx,50,2026-06-23 04:45:00+00:00,2026-06-23 05:00:00+00:00,okx,bitget,16.151015909593006,0.0,0,0,16.151015909593006,native_15m_trade_close_plus_real_settlements,-3.8489840904069936,-23.848984090406994,-63.848984090406994
PRICE_FUNDING_15M_GLOBAL_WINDOW,15m-0004444,bitget/okx,50,2026-06-23 05:15:00+00:00,2026-06-23 05:30:00+00:00,okx,bitget,8.085849723409112,0.0,0,0,8.085849723409112,native_15m_trade_close_plus_real_settlements,-11.914150276590888,-31.914150276590888,-71.91415027659089
PRICE_FUNDING_15M_GLOBAL_WINDOW,15m-0004445,bitget/okx,50,2026-06-23 05:45:00+00:00,2026-06-24 00:15:00+00:00,okx,bitget,83.56886495205214,-53.078045804591,3,3,30.49081914746114,native_15m_trade_close_plus_real_settlements,10.490819147461139,-9.509180852538861,-49.50918085253886
PRICE_FUNDING_15M_GLOBAL_WINDOW,15m-0004446,bitget/okx,50,2026-06-24 00:30:00+00:00,2026-06-24 04:30:00+00:00,okx,bitget,34.58094507486589,0.0,0,0,34.58094507486589,native_15m_trade_close_plus_real_settlements,14.580945074865888,-5.4190549251341125,-45.41905492513411
PRICE_FUNDING_15M_GLOBAL_WINDOW,15m-0004447,bitget/okx,50,2026-06-24 04:45:00+00:00,2026-06-24 05:30:00+00:00,okx,bitget,11.85448820685773,0.0,0,0,11.85448820685773,native_15m_trade_close_plus_real_settlements,-8.14551179314227,-28.14551179314227,-68.14551179314228
PRICE_FUNDING_15M_GLOBAL_WINDOW,15m-0004448,bitget/okx,50,2026-06-24 05:45:00+00:00,2026-06-24 06:00:00+00:00,okx,bitget,12.06462452636795,0.0,0,0,12.06462452636795,native_15m_trade_close_plus_real_settlements,-7.93537547363205,-27.93537547363205,-67.93537547363205
PRICE_FUNDING_15M_GLOBAL_WINDOW,15m-0004449,bitget/okx,50,2026-06-24 07:30:00+00:00,2026-06-24 07:45:00+00:00,okx,bitget,10.783138339517613,0.0,0,0,10.783138339517613,native_15m_trade_close_plus_real_settlements,-9.216861660482387,-29.216861660482387,-69.21686166048238
PRICE_FUNDING_15M_GLOBAL_WINDOW,15m-0004450,bitget/okx,50,2026-06-24 08:00:00+00:00,2026-06-25 02:45:00+00:00,okx,bitget,104.4193906262295,-37.433758522922,2,2,66.9856321033075,native_15m_trade_close_plus_real_settlements,46.985632103307495,26.985632103307495,-13.014367896692505
PRICE_FUNDING_15M_GLOBAL_WINDOW,15m-0004451,bitget/okx,50,2026-06-25 03:00:00+00:00,2026-06-25 04:45:00+00:00,okx,bitget,22.06387212040199,0.0,0,0,22.06387212040199,native_15m_trade_close_plus_real_settlements,2.0638721204019888,-17.93612787959801,-57.93612787959801
PRICE_FUNDING_15M_GLOBAL_WINDOW,15m-0004452,bitget/okx,50,2026-06-25 05:15:00+00:00,2026-06-25 05:30:00+00:00,okx,bitget,5.878111067701184,0.0,0,0,5.878111067701184,native_15m_trade_close_plus_real_settlements,-14.121888932298816,-34.121888932298816,-74.12188893229882
PRICE_FUNDING_15M_GLOBAL_WINDOW,15m-0004453,bitget/okx,50,2026-06-25 05:45:00+00:00,2026-06-25 06:15:00+00:00,okx,bitget,12.845159335594182,0.0,0,0,12.845159335594182,native_15m_trade_close_plus_real_settlements,-7.154840664405818,-27.154840664405818,-67.15484066440581
PRICE_FUNDING_15M_GLOBAL_WINDOW,15m-0004454,bitget/okx,50,2026-06-25 06:30:00+00:00,2026-06-25 06:45:00+00:00,okx,bitget,31.541459884248628,0.0,0,0,31.541459884248628,native_15m_trade_close_plus_real_settlements,11.541459884248628,-8.458540115751372,-48.458540115751376
PRICE_FUNDING_15M_GLOBAL_WINDOW,15m-0004455,bitget/okx,50,2026-06-25 08:30:00+00:00,2026-06-25 14:30:00+00:00,okx,bitget,39.27825028471191,0.0,0,0,39.27825028471191,native_15m_trade_close_plus_real_settlements,19.27825028471191,-0.721749715288091,-40.72174971528809
PRICE_FUNDING_15M_GLOBAL_WINDOW,15m-0004456,bitget/okx,50,2026-06-25 14:45:00+00:00,2026-06-25 21:30:00+00:00,okx,bitget,25.44406176058167,11.279152892222,1,1,36.72321465280367,native_15m_trade_close_plus_real_settlements,16.72321465280367,-3.2767853471963306,-43.27678534719633
PRICE_FUNDING_15M_GLOBAL_WINDOW,15m-0004457,bitget/okx,50,2026-06-25 21:45:00+00:00,2026-06-25 22:00:00+00:00,okx,bitget,3.597016479296471,0.0,0,0,3.597016479296471,native_15m_trade_close_plus_real_settlements,-16.40298352070353,-36.40298352070353,-76.40298352070353
PRICE_FUNDING_15M_GLOBAL_WINDOW,15m-0004458,bitget/okx,50,2026-06-25 23:45:00+00:00,2026-06-26 00:15:00+00:00,okx,bitget,13.160786585504923,2.386000549671,1,1,15.546787135175922,native_15m_trade_close_plus_real_settlements,-4.453212864824078,-24.453212864824078,-64.45321286482408
PRICE_FUNDING_15M_GLOBAL_WINDOW,15m-0004459,bitget/okx,50,2026-06-26 02:00:00+00:00,2026-06-26 02:15:00+00:00,okx,bitget,19.12414276997055,0.0,0,0,19.12414276997055,native_15m_trade_close_plus_real_settlements,-0.8758572300294496,-20.87585723002945,-60.87585723002945
PRICE_FUNDING_15M_GLOBAL_WINDOW,15m-0004460,bitget/okx,50,2026-06-26 08:45:00+00:00,2026-06-26 09:00:00+00:00,okx,bitget,12.331529248482603,0.0,0,0,12.331529248482603,native_15m_trade_close_plus_real_settlements,-7.668470751517397,-27.668470751517397,-67.66847075151739
PRICE_FUNDING_15M_GLOBAL_WINDOW,15m-0004461,bitget/okx,50,2026-06-28 08:00:00+00:00,2026-06-28 08:15:00+00:00,okx,bitget,13.649937738961505,0.0,0,0,13.649937738961505,native_15m_trade_close_plus_real_settlements,-6.350062261038495,-26.350062261038495,-66.35006226103849
PRICE_FUNDING_15M_GLOBAL_WINDOW,15m-0004462,bitget/okx,50,2026-06-29 08:30:00+00:00,2026-06-29 09:00:00+00:00,okx,bitget,5.454175310618915,0.0,0,0,5.454175310618915,native_15m_trade_close_plus_real_settlements,-14.545824689381085,-34.545824689381085,-74.54582468938108
PRICE_FUNDING_15M_GLOBAL_WINDOW,15m-0004463,bitget/okx,50,2026-06-29 09:15:00+00:00,2026-06-29 09:30:00+00:00,okx,bitget,5.40582052152979,0.0,0,0,5.40582052152979,native_15m_trade_close_plus_real_settlements,-14.59417947847021,-34.59417947847021,-74.59417947847021
PRICE_FUNDING_15M_GLOBAL_WINDOW,15m-0004464,bitget/okx,50,2026-06-29 09:45:00+00:00,2026-06-29 10:00:00+00:00,okx,bitget,6.510788628628127,0.0,0,0,6.510788628628127,native_15m_trade_close_plus_real_settlements,-13.489211371371873,-33.48921137137187,-73.48921137137188
PRICE_FUNDING_15M_GLOBAL_WINDOW,15m-0004465,bitget/okx,50,2026-06-29 10:30:00+00:00,2026-06-29 12:00:00+00:00,okx,bitget,16.514105990762893,0.0,0,0,16.514105990762893,native_15m_trade_close_plus_real_settlements,-3.485894009237107,-23.485894009237107,-63.48589400923711
PRICE_FUNDING_15M_GLOBAL_WINDOW,15m-0004466,bitget/okx,50,2026-06-29 12:30:00+00:00,2026-06-29 13:15:00+00:00,okx,bitget,16.07655031510094,0.0,0,0,16.07655031510094,native_15m_trade_close_plus_real_settlements,-3.9234496848990617,-23.92344968489906,-63.92344968489906
PRICE_FUNDING_15M_GLOBAL_WINDOW,15m-0004467,bitget/okx,50,2026-07-02 07:45:00+00:00,2026-07-02 08:00:00+00:00,okx,bitget,35.21929895941604,-16.093233823821002,1,1,19.126065135595034,native_15m_trade_close_plus_real_settlements,-0.8739348644049656,-20.873934864404966,-60.873934864404966
PRICE_FUNDING_15M_GLOBAL_WINDOW,15m-0004468,bitget/okx,50,2026-07-02 09:30:00+00:00,2026-07-02 11:45:00+00:00,okx,bitget,22.715275890828288,0.0,0,0,22.715275890828288,native_15m_trade_close_plus_real_settlements,2.7152758908282877,-17.284724109171712,-57.28472410917171
PRICE_FUNDING_15M_GLOBAL_WINDOW,15m-0004469,bitget/okx,50,2026-07-02 12:00:00+00:00,2026-07-02 15:15:00+00:00,okx,bitget,67.67428450227246,0.0,0,0,67.67428450227246,native_15m_trade_close_plus_real_settlements,47.67428450227246,27.674284502272457,-12.325715497727543
PRICE_FUNDING_15M_GLOBAL_WINDOW,15m-0004470,bitget/okx,50,2026-07-02 18:45:00+00:00,2026-07-02 19:00:00+00:00,okx,bitget,9.609508895382412,0.0,0,0,9.609508895382412,native_15m_trade_close_plus_real_settlements,-10.390491104617588,-30.39049110461759,-70.39049110461758
PRICE_FUNDING_15M_GLOBAL_WINDOW,15m-0004471,bitget/okx,50,2026-07-02 19:15:00+00:00,2026-07-02 19:30:00+00:00,okx,bitget,5.400767852360076,0.0,0,0,5.400767852360076,native_15m_trade_close_plus_real_settlements,-14.599232147639924,-34.599232147639924,-74.59923214763992
PRICE_FUNDING_15M_GLOBAL_WINDOW,15m-0004472,bitget/okx,50,2026-07-02 19:45:00+00:00,2026-07-02 21:00:00+00:00,okx,bitget,13.036989092915356,0.0,0,0,13.036989092915356,native_15m_trade_close_plus_real_settlements,-6.963010907084644,-26.963010907084644,-66.96301090708465
PRICE_FUNDING_15M_GLOBAL_WINDOW,15m-0004473,bitget/okx,50,2026-07-03 04:45:00+00:00,2026-07-03 05:00:00+00:00,okx,bitget,28.803033739062,0.0,0,0,28.803033739062,native_15m_trade_close_plus_real_settlements,8.803033739061998,-11.196966260938002,-51.196966260938
PRICE_FUNDING_15M_GLOBAL_WINDOW,15m-0004474,bitget/okx,50,2026-07-08 13:30:00+00:00,2026-07-08 14:45:00+00:00,okx,bitget,24.298691097725346,0.0,0,0,24.298691097725346,native_15m_trade_close_plus_real_settlements,4.298691097725346,-15.701308902274654,-55.701308902274654
PRICE_FUNDING_15M_GLOBAL_WINDOW,15m-0004475,bitget/okx,50,2026-07-08 15:00:00+00:00,2026-07-08 15:15:00+00:00,okx,bitget,14.247298546514372,0.0,0,0,14.247298546514372,native_15m_trade_close_plus_real_settlements,-5.752701453485628,-25.752701453485628,-65.75270145348563
PRICE_FUNDING_15M_GLOBAL_WINDOW,15m-0004476,bitget/okx,50,2026-07-09 13:30:00+00:00,2026-07-09 14:15:00+00:00,okx,bitget,14.367971158613798,0.0,0,0,14.367971158613798,native_15m_trade_close_plus_real_settlements,-5.632028841386202,-25.6320288413862,-65.6320288413862
PRICE_FUNDING_15M_GLOBAL_WINDOW,15m-0004477,bitget/okx,50,2026-07-10 11:45:00+00:00,2026-07-10 12:00:00+00:00,okx,bitget,5.956472320666791,0.0,0,0,5.956472320666791,native_15m_trade_close_plus_real_settlements,-14.04352767933321,-34.04352767933321,-74.04352767933321
PRICE_FUNDING_15M_GLOBAL_WINDOW,15m-0004478,bitget/okx,50,2026-07-10 15:30:00+00:00,2026-07-10 16:00:00+00:00,okx,bitget,25.73245992123011,-16.407940741556,1,1,9.324519179674109,native_15m_trade_close_plus_real_settlements,-10.675480820325891,-30.67548082032589,-70.67548082032589
PRICE_FUNDING_15M_GLOBAL_WINDOW,15m-0004479,bitget/okx,50,2026-07-13 04:00:00+00:00,2026-07-14 07:30:00+00:00,okx,bitget,233.3149848172984,-147.21571404222797,6,3,86.09927077507044,native_15m_trade_close_plus_real_settlements,66.09927077507044,46.09927077507044,6.099270775070437
PRICE_FUNDING_15M_GLOBAL_WINDOW,15m-0004480,bitget/okx,50,2026-07-14 08:00:00+00:00,2026-07-14 23:00:00+00:00,okx,bitget,71.52729618422583,-7.676674458997,2,3,63.850621725228834,native_15m_trade_close_plus_real_settlements,43.850621725228834,23.850621725228834,-16.149378274771166
PRICE_FUNDING_15M_GLOBAL_WINDOW,15m-0004481,bitget/okx,50,2026-07-14 23:15:00+00:00,2026-07-14 23:30:00+00:00,okx,bitget,12.040840610396387,0.0,0,0,12.040840610396387,native_15m_trade_close_plus_real_settlements,-7.959159389603613,-27.959159389603613,-67.95915938960361
PRICE_FUNDING_15M_GLOBAL_WINDOW,15m-0004482,bitget/okx,50,2026-07-15 11:45:00+00:00,2026-07-15 12:00:00+00:00,okx,bitget,10.030611952529355,0.0,0,1,10.030611952529355,native_15m_trade_close_plus_real_settlements,-9.969388047470645,-29.969388047470645,-69.96938804747064
PRICE_FUNDING_15M_GLOBAL_WINDOW,15m-0004483,bitget/okx,50,2026-07-17 00:30:00+00:00,2026-07-17 00:45:00+00:00,okx,bitget,8.509221885226914,0.0,0,0,8.509221885226914,native_15m_trade_close_plus_real_settlements,-11.490778114773086,-31.490778114773086,-71.4907781147731
PRICE_FUNDING_15M_GLOBAL_WINDOW,15m-0004484,bitget/okx,50,2026-07-17 01:00:00+00:00,2026-07-17 01:30:00+00:00,okx,bitget,4.539002845543884,0.0,0,0,4.539002845543884,native_15m_trade_close_plus_real_settlements,-15.460997154456116,-35.460997154456116,-75.46099715445612
PRICE_FUNDING_15M_GLOBAL_WINDOW,15m-0004485,bitget/okx,50,2026-07-17 02:00:00+00:00,2026-07-17 04:00:00+00:00,okx,bitget,28.335487898836448,-28.97,0,1,-0.6345121011635513,native_15m_trade_close_plus_real_settlements,-20.63451210116355,-40.63451210116355,-80.63451210116355
PRICE_FUNDING_15M_GLOBAL_WINDOW,15m-0004486,bitget/okx,50,2026-07-17 15:30:00+00:00,2026-07-17 16:00:00+00:00,okx,bitget,19.472830649716137,-25.749198720348,1,1,-6.2763680706318645,native_15m_trade_close_plus_real_settlements,-26.276368070631865,-46.27636807063186,-86.27636807063186
PRICE_FUNDING_15M_GLOBAL_WINDOW,15m-0004635,bitget/okx,100,2026-06-10 14:15:00+00:00,2026-06-10 14:30:00+00:00,okx,bitget,15.293525899858338,0.0,0,0,15.293525899858338,native_15m_trade_close_plus_real_settlements,-4.706474100141662,-24.706474100141662,-64.70647410014166
PRICE_FUNDING_15M_GLOBAL_WINDOW,15m-0004636,bitget/okx,100,2026-06-23 07:45:00+00:00,2026-06-23 08:00:00+00:00,okx,bitget,40.68172355669928,-38.822453571551996,1,1,1.8592699851472858,native_15m_trade_close_plus_real_settlements,-18.140730014852714,-38.140730014852714,-78.14073001485272
PRICE_FUNDING_15M_GLOBAL_WINDOW,15m-0004637,bitget/okx,100,2026-06-23 10:30:00+00:00,2026-06-23 10:45:00+00:00,okx,bitget,21.394790351316786,0.0,0,0,21.394790351316786,native_15m_trade_close_plus_real_settlements,1.3947903513167859,-18.605209648683214,-58.605209648683214
PRICE_FUNDING_15M_GLOBAL_WINDOW,15m-0004638,bitget/okx,100,2026-06-23 12:00:00+00:00,2026-06-23 12:45:00+00:00,okx,bitget,12.045364644394823,0.0,0,0,12.045364644394823,native_15m_trade_close_plus_real_settlements,-7.954635355605177,-27.954635355605177,-67.95463535560518
PRICE_FUNDING_15M_GLOBAL_WINDOW,15m-0004639,bitget/okx,100,2026-06-23 14:30:00+00:00,2026-06-23 14:45:00+00:00,okx,bitget,49.496285539703095,0.0,0,0,49.496285539703095,native_15m_trade_close_plus_real_settlements,29.496285539703095,9.496285539703095,-30.503714460296905
PRICE_FUNDING_15M_GLOBAL_WINDOW,15m-0004640,bitget/okx,100,2026-06-23 15:30:00+00:00,2026-06-23 16:00:00+00:00,okx,bitget,44.6891905711975,-11.357587507137,1,1,33.3316030640605,native_15m_trade_close_plus_real_settlements,13.331603064060502,-6.668396935939498,-46.6683969359395
PRICE_FUNDING_15M_GLOBAL_WINDOW,15m-0004641,bitget/okx,100,2026-06-23 18:15:00+00:00,2026-06-23 18:30:00+00:00,okx,bitget,29.448937955612152,0.0,0,0,29.448937955612152,native_15m_trade_close_plus_real_settlements,9.448937955612152,-10.551062044387848,-50.55106204438785
PRICE_FUNDING_15M_GLOBAL_WINDOW,15m-0004642,bitget/okx,100,2026-06-24 12:00:00+00:00,2026-06-24 12:15:00+00:00,okx,bitget,1.9500122654337417,0.0,0,0,1.9500122654337417,native_15m_trade_close_plus_real_settlements,-18.04998773456626,-38.04998773456626,-78.04998773456626
PRICE_FUNDING_15M_GLOBAL_WINDOW,15m-0004643,bitget/okx,100,2026-06-24 20:00:00+00:00,2026-06-25 00:00:00+00:00,okx,bitget,66.30561457314074,-43.80145769990099,1,1,22.50415687323975,native_15m_trade_close_plus_real_settlements,2.504156873239751,-17.49584312676025,-57.49584312676025
PRICE_FUNDING_15M_GLOBAL_WINDOW,15m-0004644,bitget/okx,100,2026-06-25 00:30:00+00:00,2026-06-25 00:45:00+00:00,okx,bitget,30.927379242481706,0.0,0,0,30.927379242481706,native_15m_trade_close_plus_real_settlements,10.927379242481706,-9.072620757518294,-49.072620757518294
PRICE_FUNDING_15M_GLOBAL_WINDOW,15m-0004645,bitget/okx,100,2026-07-02 13:00:00+00:00,2026-07-02 13:30:00+00:00,okx,bitget,26.63657882211311,0.0,0,0,26.63657882211311,native_15m_trade_close_plus_real_settlements,6.636578822113108,-13.363421177886892,-53.36342117788689
PRICE_FUNDING_15M_GLOBAL_WINDOW,15m-0004646,bitget/okx,100,2026-07-13 07:15:00+00:00,2026-07-13 08:00:00+00:00,okx,bitget,53.733012314687,-50.0,1,1,3.7330123146870022,native_15m_trade_close_plus_real_settlements,-16.266987685312998,-36.266987685313,-76.266987685313
PRICE_FUNDING_15M_GLOBAL_WINDOW,15m-0004647,bitget/okx,100,2026-07-13 08:15:00+00:00,2026-07-13 09:15:00+00:00,okx,bitget,30.642880034865357,0.0,0,0,30.642880034865357,native_15m_trade_close_plus_real_settlements,10.642880034865357,-9.357119965134643,-49.35711996513464
PRICE_FUNDING_15M_GLOBAL_WINDOW,15m-0004648,bitget/okx,100,2026-07-13 09:30:00+00:00,2026-07-13 17:00:00+00:00,okx,bitget,92.79353291091982,-29.479770477377002,2,1,63.31376243354282,native_15m_trade_close_plus_real_settlements,43.31376243354282,23.31376243354282,-16.68623756645718
PRICE_FUNDING_15M_GLOBAL_WINDOW,15m-0004649,bitget/okx,100,2026-07-13 20:00:00+00:00,2026-07-13 20:15:00+00:00,okx,bitget,10.198615269699985,0.0,0,0,10.198615269699985,native_15m_trade_close_plus_real_settlements,-9.801384730300015,-29.801384730300015,-69.80138473030001
PRICE_FUNDING_15M_GLOBAL_WINDOW,15m-0004650,bitget/okx,100,2026-07-13 22:30:00+00:00,2026-07-14 05:15:00+00:00,okx,bitget,179.42804329871848,-67.735943564851,2,1,111.69209973386748,native_15m_trade_close_plus_real_settlements,91.69209973386748,71.69209973386748,31.69209973386748
PRICE_FUNDING_15M_GLOBAL_WINDOW,15m-0004651,bitget/okx,100,2026-07-14 05:30:00+00:00,2026-07-14 06:00:00+00:00,okx,bitget,21.80357851112089,0.0,0,0,21.80357851112089,native_15m_trade_close_plus_real_settlements,1.8035785111208895,-18.19642148887911,-58.19642148887911
PRICE_FUNDING_15M_GLOBAL_WINDOW,15m-0004652,bitget/okx,100,2026-07-14 08:00:00+00:00,2026-07-14 08:15:00+00:00,okx,bitget,35.742132569499475,0.0,0,0,35.742132569499475,native_15m_trade_close_plus_real_settlements,15.742132569499475,-4.257867430500525,-44.257867430500525
PRICE_FUNDING_15M_GLOBAL_WINDOW,15m-0004653,bitget/okx,100,2026-07-14 10:00:00+00:00,2026-07-14 11:15:00+00:00,okx,bitget,21.774807394906276,0.0,0,0,21.774807394906276,native_15m_trade_close_plus_real_settlements,1.7748073949062757,-18.225192605093724,-58.225192605093724
PRICE_FUNDING_15M_GLOBAL_WINDOW,15m-0004654,bitget/okx,100,2026-07-14 15:00:00+00:00,2026-07-14 15:15:00+00:00,okx,bitget,20.612769001843205,0.0,0,0,20.612769001843205,native_15m_trade_close_plus_real_settlements,0.6127690018432048,-19.387230998156795,-59.387230998156795
PRICE_FUNDING_15M_GLOBAL_WINDOW,15m-0004655,bitget/okx,100,2026-07-14 15:30:00+00:00,2026-07-14 15:45:00+00:00,okx,bitget,24.32729978355347,0.0,0,0,24.32729978355347,native_15m_trade_close_plus_real_settlements,4.327299783553471,-15.672700216446529,-55.67270021644653
PRICE_FUNDING_15M_GLOBAL_WINDOW,15m-0004677,bitget/okx,150,2026-06-24 23:45:00+00:00,2026-06-25 00:00:00+00:00,okx,bitget,66.30561457314074,-43.80145769990099,1,1,22.50415687323975,native_15m_trade_close_plus_real_settlements,2.504156873239751,-17.49584312676025,-57.49584312676025
PRICE_FUNDING_15M_GLOBAL_WINDOW,15m-0004678,bitget/okx,150,2026-07-13 07:45:00+00:00,2026-07-13 08:00:00+00:00,okx,bitget,53.733012314687,-50.0,1,1,3.7330123146870022,native_15m_trade_close_plus_real_settlements,-16.266987685312998,-36.266987685313,-76.266987685313
PRICE_FUNDING_15M_GLOBAL_WINDOW,15m-0004679,bitget/okx,150,2026-07-13 10:45:00+00:00,2026-07-13 12:00:00+00:00,okx,bitget,52.816727033752755,-28.164129869379998,1,0,24.652597164372757,native_15m_trade_close_plus_real_settlements,4.652597164372757,-15.347402835627243,-55.34740283562724
PRICE_FUNDING_15M_GLOBAL_WINDOW,15m-0004680,bitget/okx,150,2026-07-13 23:45:00+00:00,2026-07-14 00:00:00+00:00,okx,bitget,33.731040262287735,-16.455377782937,1,1,17.275662479350736,native_15m_trade_close_plus_real_settlements,-2.7243375206492644,-22.724337520649264,-62.724337520649264
PRICE_FUNDING_15M_GLOBAL_WINDOW,15m-0004681,bitget/okx,150,2026-07-14 02:00:00+00:00,2026-07-14 04:30:00+00:00,okx,bitget,124.51781578264243,-51.280565781914,1,0,73.23725000072844,native_15m_trade_close_plus_real_settlements,53.23725000072844,33.23725000072844,-6.762749999271563
PRICE_FUNDING_15M_GLOBAL_WINDOW,15m-0004687,bitget/okx,200,2026-07-14 03:00:00+00:00,2026-07-14 04:00:00+00:00,okx,bitget,108.53937847534701,-51.280565781914,1,0,57.25881269343301,native_15m_trade_close_plus_real_settlements,37.25881269343301,17.258812693433008,-22.741187306566992
PRICE_FUNDING_15M_GLOBAL_WINDOW,15m-0004690,gate/hyperliquid,20,2026-06-11 08:15:00+00:00,2026-06-11 15:15:00+00:00,hyperliquid,gate,42.84697651546636,3.5736389999999996,7,0,46.42061551546636,native_15m_trade_close_plus_real_settlements,26.42061551546636,6.420615515466359,-33.57938448453364
PRICE_FUNDING_15M_GLOBAL_WINDOW,15m-0004691,gate/hyperliquid,20,2026-06-11 15:30:00+00:00,2026-06-11 17:45:00+00:00,hyperliquid,gate,47.6345973637939,0.836055,2,1,48.4706523637939,native_15m_trade_close_plus_real_settlements,28.470652363793903,8.470652363793903,-31.529347636206097
PRICE_FUNDING_15M_GLOBAL_WINDOW,15m-0004692,gate/hyperliquid,20,2026-06-11 18:00:00+00:00,2026-06-11 19:30:00+00:00,hyperliquid,gate,27.722676960123163,-8.91531,2,0,18.80736696012316,native_15m_trade_close_plus_real_settlements,-1.1926330398768386,-21.19263303987684,-61.19263303987684
PRICE_FUNDING_15M_GLOBAL_WINDOW,15m-0004693,gate/hyperliquid,20,2026-06-11 19:45:00+00:00,2026-06-11 22:00:00+00:00,hyperliquid,gate,33.174290242610184,-15.644386,3,0,17.529904242610183,native_15m_trade_close_plus_real_settlements,-2.4700957573898172,-22.470095757389817,-62.470095757389814
PRICE_FUNDING_15M_GLOBAL_WINDOW,15m-0004694,gate/hyperliquid,20,2026-06-11 22:45:00+00:00,2026-06-12 04:15:00+00:00,hyperliquid,gate,55.54122338267819,10.390374,6,1,65.93159738267819,native_15m_trade_close_plus_real_settlements,45.93159738267819,25.93159738267819,-14.068402617321809
PRICE_FUNDING_15M_GLOBAL_WINDOW,15m-0004695,gate/hyperliquid,20,2026-06-12 04:30:00+00:00,2026-06-12 05:00:00+00:00,hyperliquid,gate,18.412493308192452,-0.234446,1,0,18.178047308192454,native_15m_trade_close_plus_real_settlements,-1.821952691807546,-21.821952691807546,-61.821952691807546
PRICE_FUNDING_15M_GLOBAL_WINDOW,15m-0004696,gate/hyperliquid,20,2026-06-12 05:45:00+00:00,2026-06-12 15:00:00+00:00,hyperliquid,gate,62.77291738175041,-7.600854999999999,10,1,55.17206238175041,native_15m_trade_close_plus_real_settlements,35.17206238175041,15.172062381750408,-24.827937618249592
PRICE_FUNDING_15M_GLOBAL_WINDOW,15m-0004697,gate/hyperliquid,20,2026-06-12 15:15:00+00:00,2026-06-12 15:45:00+00:00,hyperliquid,gate,14.230274580986745,0.0,0,0,14.230274580986745,native_15m_trade_close_plus_real_settlements,-5.769725419013255,-25.769725419013255,-65.76972541901326
PRICE_FUNDING_15M_GLOBAL_WINDOW,15m-0004698,gate/hyperliquid,20,2026-06-12 16:00:00+00:00,2026-06-12 16:30:00+00:00,hyperliquid,gate,15.581202363486604,5.114544999999999,1,1,20.695747363486603,native_15m_trade_close_plus_real_settlements,0.6957473634866034,-19.304252636513397,-59.3042526365134
PRICE_FUNDING_15M_GLOBAL_WINDOW,15m-0004699,gate/hyperliquid,20,2026-06-12 16:45:00+00:00,2026-06-12 17:00:00+00:00,hyperliquid,gate,25.01626692357112,-2.075836,1,0,22.94043092357112,native_15m_trade_close_plus_real_settlements,2.940430923571121,-17.05956907642888,-57.05956907642888
PRICE_FUNDING_15M_GLOBAL_WINDOW,15m-0004700,gate/hyperliquid,20,2026-06-12 17:15:00+00:00,2026-06-15 05:45:00+00:00,hyperliquid,gate,89.89545104356276,-26.512716000000005,60,7,63.382735043562754,native_15m_trade_close_plus_real_settlements,43.382735043562754,23.382735043562754,-16.617264956437246
PRICE_FUNDING_15M_GLOBAL_WINDOW,15m-0004701,gate/hyperliquid,20,2026-06-15 06:00:00+00:00,2026-06-15 07:15:00+00:00,hyperliquid,gate,9.925361927333174,0.220532,1,0,10.145893927333175,native_15m_trade_close_plus_real_settlements,-9.854106072666825,-29.854106072666823,-69.85410607266682
PRICE_FUNDING_15M_GLOBAL_WINDOW,15m-0004702,gate/hyperliquid,20,2026-06-15 08:00:00+00:00,2026-06-16 01:45:00+00:00,hyperliquid,gate,42.44537818783833,15.625224,18,3,58.07060218783833,native_15m_trade_close_plus_real_settlements,38.07060218783833,18.070602187838332,-21.929397812161668
PRICE_FUNDING_15M_GLOBAL_WINDOW,15m-0004703,gate/hyperliquid,20,2026-06-16 02:00:00+00:00,2026-06-16 02:15:00+00:00,hyperliquid,gate,9.012337697469443,-0.923773,1,0,8.088564697469442,native_15m_trade_close_plus_real_settlements,-11.911435302530558,-31.911435302530556,-71.91143530253056
PRICE_FUNDING_15M_GLOBAL_WINDOW,15m-0004704,gate/hyperliquid,20,2026-06-16 03:15:00+00:00,2026-06-16 03:30:00+00:00,hyperliquid,gate,16.021934895360836,0.0,0,0,16.021934895360836,native_15m_trade_close_plus_real_settlements,-3.978065104639164,-23.978065104639164,-63.978065104639164
PRICE_FUNDING_15M_GLOBAL_WINDOW,15m-0004705,gate/hyperliquid,20,2026-06-16 04:15:00+00:00,2026-06-16 05:00:00+00:00,hyperliquid,gate,7.797452561444025,0.085111,1,0,7.882563561444026,native_15m_trade_close_plus_real_settlements,-12.117436438555973,-32.11743643855598,-72.11743643855597
PRICE_FUNDING_15M_GLOBAL_WINDOW,15m-0004706,gate/hyperliquid,20,2026-06-16 05:45:00+00:00,2026-06-16 06:15:00+00:00,hyperliquid,gate,22.233991757121604,-0.7669809999999999,1,0,21.467010757121603,native_15m_trade_close_plus_real_settlements,1.467010757121603,-18.532989242878397,-58.5329892428784
PRICE_FUNDING_15M_GLOBAL_WINDOW,15m-0004707,gate/hyperliquid,20,2026-06-16 06:30:00+00:00,2026-06-16 06:45:00+00:00,hyperliquid,gate,0.6948648874701675,0.0,0,0,0.6948648874701675,native_15m_trade_close_plus_real_settlements,-19.305135112529832,-39.30513511252983,-79.30513511252983
PRICE_FUNDING_15M_GLOBAL_WINDOW,15m-0004708,gate/hyperliquid,20,2026-06-16 07:00:00+00:00,2026-06-16 07:30:00+00:00,hyperliquid,gate,6.2925863729186595,0.912851,1,0,7.205437372918659,native_15m_trade_close_plus_real_settlements,-12.79456262708134,-32.79456262708134,-72.79456262708135
PRICE_FUNDING_15M_GLOBAL_WINDOW,15m-0004709,gate/hyperliquid,20,2026-06-16 07:45:00+00:00,2026-06-17 00:45:00+00:00,hyperliquid,gate,79.93141992637763,4.063994,17,3,83.99541392637762,native_15m_trade_close_plus_real_settlements,63.99541392637762,43.99541392637762,3.9954139263776227
PRICE_FUNDING_15M_GLOBAL_WINDOW,15m-0004710,gate/hyperliquid,20,2026-06-17 02:00:00+00:00,2026-06-17 02:30:00+00:00,hyperliquid,gate,23.668861252894715,-0.0625,1,0,23.606361252894715,native_15m_trade_close_plus_real_settlements,3.6063612528947147,-16.393638747105285,-56.393638747105285
PRICE_FUNDING_15M_GLOBAL_WINDOW,15m-0004711,gate/hyperliquid,20,2026-06-17 04:00:00+00:00,2026-06-17 04:15:00+00:00,hyperliquid,gate,9.548560284983312,0.0,0,0,9.548560284983312,native_15m_trade_close_plus_real_settlements,-10.451439715016688,-30.45143971501669,-70.45143971501669
PRICE_FUNDING_15M_GLOBAL_WINDOW,15m-0004712,gate/hyperliquid,20,2026-06-17 04:45:00+00:00,2026-06-17 05:45:00+00:00,hyperliquid,gate,51.50611621821604,-0.587241,1,0,50.918875218216044,native_15m_trade_close_plus_real_settlements,30.918875218216044,10.918875218216044,-29.081124781783956
PRICE_FUNDING_15M_GLOBAL_WINDOW,15m-0004713,gate/hyperliquid,20,2026-06-17 06:15:00+00:00,2026-06-17 06:30:00+00:00,hyperliquid,gate,27.641372354651782,0.0,0,0,27.641372354651782,native_15m_trade_close_plus_real_settlements,7.641372354651782,-12.358627645348218,-52.35862764534822
PRICE_FUNDING_15M_GLOBAL_WINDOW,15m-0004714,gate/hyperliquid,20,2026-06-17 07:00:00+00:00,2026-06-17 07:15:00+00:00,gate,hyperliquid,11.391653125523217,-0.7100390000000001,0,1,10.681614125523216,native_15m_trade_close_plus_real_settlements,-9.318385874476784,-29.318385874476782,-69.31838587447679
PRICE_FUNDING_15M_GLOBAL_WINDOW,15m-0004715,gate/hyperliquid,20,2026-06-17 08:15:00+00:00,2026-06-17 08:30:00+00:00,hyperliquid,gate,19.20481609612881,0.0,0,0,19.20481609612881,native_15m_trade_close_plus_real_settlements,-0.795183903871191,-20.79518390387119,-60.79518390387119
PRICE_FUNDING_15M_GLOBAL_WINDOW,15m-0004716,gate/hyperliquid,20,2026-06-17 08:45:00+00:00,2026-06-18 03:30:00+00:00,hyperliquid,gate,73.84638174556662,4.0664700000000025,19,2,77.91285174556663,native_15m_trade_close_plus_real_settlements,57.91285174556663,37.91285174556663,-2.087148254433373
PRICE_FUNDING_15M_GLOBAL_WINDOW,15m-0004717,gate/hyperliquid,20,2026-06-18 03:45:00+00:00,2026-06-18 04:15:00+00:00,hyperliquid,gate,15.20777212555067,-1.793237,1,0,13.414535125550671,native_15m_trade_close_plus_real_settlements,-6.585464874449329,-26.58546487444933,-66.58546487444933
PRICE_FUNDING_15M_GLOBAL_WINDOW,15m-0004718,gate/hyperliquid,20,2026-06-18 04:45:00+00:00,2026-06-18 05:15:00+00:00,hyperliquid,gate,12.529143980415217,-0.7968750000000001,1,0,11.732268980415217,native_15m_trade_close_plus_real_settlements,-8.267731019584783,-28.267731019584783,-68.26773101958479
PRICE_FUNDING_15M_GLOBAL_WINDOW,15m-0004719,gate/hyperliquid,20,2026-06-18 06:45:00+00:00,2026-06-18 14:15:00+00:00,hyperliquid,gate,60.48889869494617,0.4632349999999998,8,1,60.95213369494617,native_15m_trade_close_plus_real_settlements,40.95213369494617,20.95213369494617,-19.04786630505383
PRICE_FUNDING_15M_GLOBAL_WINDOW,15m-0004720,gate/hyperliquid,20,2026-06-18 15:45:00+00:00,2026-06-18 17:30:00+00:00,hyperliquid,gate,17.41774837424766,12.111255,2,1,29.52900337424766,native_15m_trade_close_plus_real_settlements,9.529003374247662,-10.470996625752338,-50.470996625752335
PRICE_FUNDING_15M_GLOBAL_WINDOW,15m-0004721,gate/hyperliquid,20,2026-06-18 17:45:00+00:00,2026-06-19 03:15:00+00:00,hyperliquid,gate,66.35367977557058,-5.276895000000001,10,1,61.07678477557058,native_15m_trade_close_plus_real_settlements,41.07678477557058,21.07678477557058,-18.92321522442942
PRICE_FUNDING_15M_GLOBAL_WINDOW,15m-0004722,gate/hyperliquid,20,2026-06-19 03:30:00+00:00,2026-06-19 05:45:00+00:00,hyperliquid,gate,57.34257480562674,-4.091999,2,0,53.25057580562674,native_15m_trade_close_plus_real_settlements,33.25057580562674,13.250575805626738,-26.749424194373262
PRICE_FUNDING_15M_GLOBAL_WINDOW,15m-0004723,gate/hyperliquid,20,2026-06-19 06:00:00+00:00,2026-06-19 06:15:00+00:00,hyperliquid,gate,35.13780608323192,-1.025374,1,0,34.11243208323192,native_15m_trade_close_plus_real_settlements,14.112432083231923,-5.887567916768077,-45.88756791676808
PRICE_FUNDING_15M_GLOBAL_WINDOW,15m-0004724,gate/hyperliquid,20,2026-06-19 06:30:00+00:00,2026-06-19 07:30:00+00:00,hyperliquid,gate,14.383865610735189,1.746763,1,0,16.13062861073519,native_15m_trade_close_plus_real_settlements,-3.86937138926481,-23.86937138926481,-63.86937138926481
PRICE_FUNDING_15M_GLOBAL_WINDOW,15m-0004725,gate/hyperliquid,20,2026-06-19 08:00:00+00:00,2026-06-19 08:15:00+00:00,hyperliquid,gate,33.8800455230267,23.750581000000004,1,1,57.630626523026706,native_15m_trade_close_plus_real_settlements,37.630626523026706,17.630626523026706,-22.369373476973294
PRICE_FUNDING_15M_GLOBAL_WINDOW,15m-0004726,gate/hyperliquid,20,2026-06-19 08:30:00+00:00,2026-06-20 02:30:00+00:00,hyperliquid,gate,62.56875099687597,2.8637810000000004,18,2,65.43253199687597,native_15m_trade_close_plus_real_settlements,45.432531996875966,25.432531996875966,-14.567468003124034
PRICE_FUNDING_15M_GLOBAL_WINDOW,15m-0004727,gate/hyperliquid,20,2026-06-20 02:45:00+00:00,2026-06-20 06:00:00+00:00,hyperliquid,gate,38.11687350271733,-7.13326,4,0,30.983613502717333,native_15m_trade_close_plus_real_settlements,10.983613502717333,-9.016386497282667,-49.01638649728267
PRICE_FUNDING_15M_GLOBAL_WINDOW,15m-0004728,gate/hyperliquid,20,2026-06-20 06:15:00+00:00,2026-06-20 06:30:00+00:00,hyperliquid,gate,23.204409119096105,0.0,0,0,23.204409119096105,native_15m_trade_close_plus_real_settlements,3.2044091190961055,-16.795590880903895,-56.795590880903895
PRICE_FUNDING_15M_GLOBAL_WINDOW,15m-0004729,gate/hyperliquid,20,2026-06-20 07:00:00+00:00,2026-06-20 07:45:00+00:00,hyperliquid,gate,12.722451597402664,-4.203119,1,0,8.519332597402663,native_15m_trade_close_plus_real_settlements,-11.480667402597337,-31.480667402597337,-71.48066740259733
PRICE_FUNDING_15M_GLOBAL_WINDOW,15m-0004730,gate/hyperliquid,20,2026-06-20 08:00:00+00:00,2026-06-22 05:15:00+00:00,hyperliquid,gate,123.50398549941474,-21.670958000000002,46,6,101.83302749941474,native_15m_trade_close_plus_real_settlements,81.83302749941474,61.83302749941474,21.83302749941474
PRICE_FUNDING_15M_GLOBAL_WINDOW,15m-0004731,gate/hyperliquid,20,2026-06-22 05:45:00+00:00,2026-06-22 06:15:00+00:00,hyperliquid,gate,32.632294386171914,-1.760645,1,0,30.871649386171914,native_15m_trade_close_plus_real_settlements,10.871649386171914,-9.128350613828086,-49.12835061382809
PRICE_FUNDING_15M_GLOBAL_WINDOW,15m-0004732,gate/hyperliquid,20,2026-06-22 08:15:00+00:00,2026-06-22 09:15:00+00:00,hyperliquid,gate,27.172798540838574,-2.714252,1,0,24.458546540838576,native_15m_trade_close_plus_real_settlements,4.458546540838576,-15.541453459161424,-55.541453459161424
PRICE_FUNDING_15M_GLOBAL_WINDOW,15m-0004733,gate/hyperliquid,20,2026-06-22 09:30:00+00:00,2026-06-22 11:30:00+00:00,hyperliquid,gate,24.972757868362535,-5.752144,2,0,19.220613868362534,native_15m_trade_close_plus_real_settlements,-0.779386131637466,-20.779386131637466,-60.779386131637466
PRICE_FUNDING_15M_GLOBAL_WINDOW,15m-0004734,gate/hyperliquid,20,2026-06-22 11:45:00+00:00,2026-06-22 12:00:00+00:00,hyperliquid,gate,5.222649924793757,-1.5806699999999998,1,0,3.641979924793757,native_15m_trade_close_plus_real_settlements,-16.35802007520624,-36.35802007520624,-76.35802007520624
PRICE_FUNDING_15M_GLOBAL_WINDOW,15m-0004735,gate/hyperliquid,20,2026-06-22 12:15:00+00:00,2026-06-22 13:00:00+00:00,hyperliquid,gate,30.553524358748113,-0.28271799999999997,1,0,30.270806358748114,native_15m_trade_close_plus_real_settlements,10.270806358748114,-9.729193641251886,-49.72919364125188
PRICE_FUNDING_15M_GLOBAL_WINDOW,15m-0004736,gate/hyperliquid,20,2026-06-22 13:30:00+00:00,2026-06-22 14:15:00+00:00,hyperliquid,gate,37.17980572033064,-1.946239,1,0,35.23356672033064,native_15m_trade_close_plus_real_settlements,15.233566720330643,-4.766433279669357,-44.76643327966936
PRICE_FUNDING_15M_GLOBAL_WINDOW,15m-0004737,gate/hyperliquid,20,2026-06-22 15:00:00+00:00,2026-06-22 16:00:00+00:00,hyperliquid,gate,16.39708626418982,4.3692470000000005,2,1,20.76633326418982,native_15m_trade_close_plus_real_settlements,0.7663332641898215,-19.23366673581018,-59.233666735810175
PRICE_FUNDING_15M_GLOBAL_WINDOW,15m-0004738,gate/hyperliquid,20,2026-06-22 16:15:00+00:00,2026-06-22 16:30:00+00:00,hyperliquid,gate,6.145687264121001,0.0,0,0,6.145687264121001,native_15m_trade_close_plus_real_settlements,-13.854312735878999,-33.854312735879,-73.854312735879
PRICE_FUNDING_15M_GLOBAL_WINDOW,15m-0004739,gate/hyperliquid,20,2026-06-22 17:15:00+00:00,2026-06-22 17:30:00+00:00,hyperliquid,gate,9.225711886208428,0.0,0,0,9.225711886208428,native_15m_trade_close_plus_real_settlements,-10.774288113791572,-30.77428811379157,-70.77428811379157
PRICE_FUNDING_15M_GLOBAL_WINDOW,15m-0004740,gate/hyperliquid,20,2026-06-22 17:45:00+00:00,2026-06-22 18:00:00+00:00,hyperliquid,gate,2.0661561605573553,-1.752985,1,0,0.3131711605573553,native_15m_trade_close_plus_real_settlements,-19.686828839442644,-39.68682883944265,-79.68682883944264
PRICE_FUNDING_15M_GLOBAL_WINDOW,15m-0004741,gate/hyperliquid,20,2026-06-22 18:15:00+00:00,2026-07-03 06:15:00+00:00,hyperliquid,gate,297.1202220781229,57.283733999999896,252,31,354.40395607812275,native_15m_trade_close_plus_real_settlements,334.40395607812275,314.40395607812275,274.40395607812275
PRICE_FUNDING_15M_GLOBAL_WINDOW,15m-0004742,gate/hyperliquid,20,2026-07-03 07:00:00+00:00,2026-07-03 07:30:00+00:00,hyperliquid,gate,17.045450430021265,1.8817080000000002,1,0,18.927158430021265,native_15m_trade_close_plus_real_settlements,-1.0728415699787348,-21.072841569978735,-61.072841569978735
PRICE_FUNDING_15M_GLOBAL_WINDOW,15m-0004743,gate/hyperliquid,20,2026-07-03 07:45:00+00:00,2026-07-20 05:45:00+00:00,hyperliquid,gate,430.6532528248323,77.60634000000009,406,68,508.2595928248324,native_15m_trade_close_plus_real_settlements,488.2595928248324,468.2595928248324,428.2595928248324
PRICE_FUNDING_15M_GLOBAL_WINDOW,15m-0004744,gate/hyperliquid,20,2026-07-20 06:00:00+00:00,2026-07-20 09:15:00+00:00,hyperliquid,gate,29.41974849587462,3.4425839999999996,4,1,32.86233249587462,native_15m_trade_close_plus_real_settlements,12.862332495874618,-7.137667504125382,-47.13766750412538
PRICE_FUNDING_15M_GLOBAL_WINDOW,15m-0004745,gate/hyperliquid,20,2026-07-20 09:30:00+00:00,2026-07-20 10:15:00+00:00,hyperliquid,gate,11.384466080010563,0.604045,1,0,11.988511080010563,native_15m_trade_close_plus_real_settlements,-8.011488919989437,-28.01148891998944,-68.01148891998943
PRICE_FUNDING_15M_GLOBAL_WINDOW,15m-0004746,gate/hyperliquid,20,2026-07-20 12:00:00+00:00,2026-07-20 12:30:00+00:00,hyperliquid,gate,4.068555287775027,0.5,0,1,4.568555287775027,native_15m_trade_close_plus_real_settlements,-15.431444712224973,-35.43144471222497,-75.43144471222497
PRICE_FUNDING_15M_GLOBAL_WINDOW,15m-0004747,gate/hyperliquid,20,2026-07-20 12:45:00+00:00,2026-07-20 13:30:00+00:00,hyperliquid,gate,24.193001617118217,1.48396,1,0,25.676961617118216,native_15m_trade_close_plus_real_settlements,5.6769616171182165,-14.323038382881784,-54.32303838288178
PRICE_FUNDING_15M_GLOBAL_WINDOW,15m-0004748,gate/hyperliquid,20,2026-07-20 14:00:00+00:00,2026-07-20 14:15:00+00:00,hyperliquid,gate,4.199750853167529,-0.0625,1,0,4.137250853167529,native_15m_trade_close_plus_real_settlements,-15.86274914683247,-35.86274914683247,-75.86274914683247
PRICE_FUNDING_15M_GLOBAL_WINDOW,15m-0004749,gate/hyperliquid,20,2026-07-20 15:30:00+00:00,2026-07-20 16:15:00+00:00,hyperliquid,gate,9.66919574555424,-0.11962299999999992,1,1,9.54957274555424,native_15m_trade_close_plus_real_settlements,-10.45042725444576,-30.45042725444576,-70.45042725444576
PRICE_FUNDING_15M_GLOBAL_WINDOW,15m-0004750,gate/hyperliquid,20,2026-07-20 20:45:00+00:00,2026-07-21 01:30:00+00:00,hyperliquid,gate,36.117095962584656,3.0518340000000004,5,1,39.168929962584656,native_15m_trade_close_plus_real_settlements,19.168929962584656,-0.8310700374153441,-40.831070037415344
PRICE_FUNDING_15M_GLOBAL_WINDOW,15m-0004751,gate/hyperliquid,20,2026-07-21 01:45:00+00:00,2026-07-21 02:15:00+00:00,hyperliquid,gate,9.679291693159431,-0.0625,1,0,9.616791693159431,native_15m_trade_close_plus_real_settlements,-10.383208306840569,-30.38320830684057,-70.38320830684057
PRICE_FUNDING_15M_GLOBAL_WINDOW,15m-0004752,gate/hyperliquid,20,2026-07-21 03:15:00+00:00,2026-07-21 03:30:00+00:00,hyperliquid,gate,5.735147343925155,0.0,0,0,5.735147343925155,native_15m_trade_close_plus_real_settlements,-14.264852656074845,-34.264852656074844,-74.26485265607485
PRICE_FUNDING_15M_GLOBAL_WINDOW,15m-0004753,gate/hyperliquid,20,2026-07-21 05:00:00+00:00,2026-07-21 14:30:00+00:00,hyperliquid,gate,26.16248469829352,-1.2083319999999995,10,2,24.954152698293523,native_15m_trade_close_plus_real_settlements,4.954152698293523,-15.045847301706477,-55.04584730170647
PRICE_FUNDING_15M_GLOBAL_WINDOW,15m-0004754,gate/hyperliquid,20,2026-07-21 14:45:00+00:00,2026-07-22 00:45:00+00:00,hyperliquid,gate,19.077473575054544,-8.889689999999998,10,3,10.187783575054546,native_15m_trade_close_plus_real_settlements,-9.812216424945454,-29.812216424945454,-69.81221642494546
PRICE_FUNDING_15M_GLOBAL_WINDOW,15m-0004755,gate/hyperliquid,20,2026-07-22 05:15:00+00:00,2026-07-22 14:00:00+00:00,hyperliquid,gate,32.581941309534,-5.779334,9,2,26.802607309534004,native_15m_trade_close_plus_real_settlements,6.802607309534004,-13.197392690465996,-53.197392690465996
PRICE_FUNDING_15M_GLOBAL_WINDOW,15m-0004837,gate/hyperliquid,50,2026-06-10 17:00:00+00:00,2026-06-10 18:15:00+00:00,hyperliquid,gate,40.49240055233511,-0.8763709999999999,2,0,39.616029552335114,native_15m_trade_close_plus_real_settlements,19.616029552335114,-0.3839704476648862,-40.383970447664886
PRICE_FUNDING_15M_GLOBAL_WINDOW,15m-0004838,gate/hyperliquid,50,2026-06-10 18:30:00+00:00,2026-06-11 00:15:00+00:00,hyperliquid,gate,82.12021996225054,-7.842898999999999,6,1,74.27732096225054,native_15m_trade_close_plus_real_settlements,54.27732096225054,34.27732096225054,-5.722679037749458
PRICE_FUNDING_15M_GLOBAL_WINDOW,15m-0004839,gate/hyperliquid,50,2026-06-11 00:30:00+00:00,2026-06-11 01:00:00+00:00,hyperliquid,gate,50.03112221174631,-1.368798,1,0,48.66232421174631,native_15m_trade_close_plus_real_settlements,28.66232421174631,8.66232421174631,-31.33767578825369
PRICE_FUNDING_15M_GLOBAL_WINDOW,15m-0004840,gate/hyperliquid,50,2026-06-11 01:45:00+00:00,2026-06-11 02:30:00+00:00,hyperliquid,gate,16.398502124204136,-0.656011,1,0,15.742491124204136,native_15m_trade_close_plus_real_settlements,-4.257508875795864,-24.257508875795864,-64.25750887579586
PRICE_FUNDING_15M_GLOBAL_WINDOW,15m-0004841,gate/hyperliquid,50,2026-06-11 03:00:00+00:00,2026-06-11 03:15:00+00:00,hyperliquid,gate,21.750676813473866,-1.387082,1,0,20.363594813473867,native_15m_trade_close_plus_real_settlements,0.3635948134738669,-19.636405186526133,-59.63640518652613
PRICE_FUNDING_15M_GLOBAL_WINDOW,15m-0004842,gate/hyperliquid,50,2026-06-11 03:30:00+00:00,2026-06-11 03:45:00+00:00,hyperliquid,gate,10.009189895367172,0.0,0,0,10.009189895367172,native_15m_trade_close_plus_real_settlements,-9.990810104632828,-29.99081010463283,-69.99081010463283
PRICE_FUNDING_15M_GLOBAL_WINDOW,15m-0004843,gate/hyperliquid,50,2026-06-11 04:15:00+00:00,2026-06-11 04:30:00+00:00,hyperliquid,gate,26.39086324552763,0.0,0,0,26.39086324552763,native_15m_trade_close_plus_real_settlements,6.39086324552763,-13.60913675447237,-53.609136754472374
PRICE_FUNDING_15M_GLOBAL_WINDOW,15m-0004844,gate/hyperliquid,50,2026-06-11 08:30:00+00:00,2026-06-11 08:45:00+00:00,hyperliquid,gate,14.97964422736375,0.0,0,0,14.97964422736375,native_15m_trade_close_plus_real_settlements,-5.02035577263625,-25.02035577263625,-65.02035577263625
PRICE_FUNDING_15M_GLOBAL_WINDOW,15m-0004845,gate/hyperliquid,50,2026-06-11 13:15:00+00:00,2026-06-11 14:00:00+00:00,hyperliquid,gate,14.945843311453316,-1.5988689999999999,1,0,13.346974311453316,native_15m_trade_close_plus_real_settlements,-6.653025688546684,-26.653025688546684,-66.65302568854668
PRICE_FUNDING_15M_GLOBAL_WINDOW,15m-0004846,gate/hyperliquid,50,2026-06-11 16:45:00+00:00,2026-06-11 17:30:00+00:00,hyperliquid,gate,31.304460315569408,-2.404534,1,0,28.89992631556941,native_15m_trade_close_plus_real_settlements,8.89992631556941,-11.10007368443059,-51.10007368443059
PRICE_FUNDING_15M_GLOBAL_WINDOW,15m-0004847,gate/hyperliquid,50,2026-06-11 23:45:00+00:00,2026-06-12 00:15:00+00:00,hyperliquid,gate,23.70781311925421,18.011107,1,1,41.71892011925421,native_15m_trade_close_plus_real_settlements,21.718920119254207,1.7189201192542072,-38.28107988074579
PRICE_FUNDING_15M_GLOBAL_WINDOW,15m-0004848,gate/hyperliquid,50,2026-06-12 01:45:00+00:00,2026-06-12 02:00:00+00:00,hyperliquid,gate,24.71321431798625,-1.7460579999999999,1,0,22.967156317986248,native_15m_trade_close_plus_real_settlements,2.967156317986248,-17.032843682013752,-57.03284368201375
PRICE_FUNDING_15M_GLOBAL_WINDOW,15m-0004849,gate/hyperliquid,50,2026-06-12 06:15:00+00:00,2026-06-12 08:30:00+00:00,hyperliquid,gate,33.501601840171695,5.924627,2,1,39.426228840171696,native_15m_trade_close_plus_real_settlements,19.426228840171696,-0.5737711598283042,-40.573771159828304
PRICE_FUNDING_15M_GLOBAL_WINDOW,15m-0004850,gate/hyperliquid,50,2026-06-12 08:45:00+00:00,2026-06-12 09:30:00+00:00,hyperliquid,gate,23.873274614886157,-1.27541,1,0,22.597864614886156,native_15m_trade_close_plus_real_settlements,2.5978646148861557,-17.402135385113844,-57.402135385113844
PRICE_FUNDING_15M_GLOBAL_WINDOW,15m-0004851,gate/hyperliquid,50,2026-06-12 09:45:00+00:00,2026-06-12 10:00:00+00:00,hyperliquid,gate,11.068163326508731,0.546903,1,0,11.615066326508732,native_15m_trade_close_plus_real_settlements,-8.384933673491268,-28.38493367349127,-68.38493367349128
PRICE_FUNDING_15M_GLOBAL_WINDOW,15m-0004852,gate/hyperliquid,50,2026-06-12 10:30:00+00:00,2026-06-12 13:45:00+00:00,hyperliquid,gate,31.107669171476488,-7.914477999999999,3,0,23.19319117147649,native_15m_trade_close_plus_real_settlements,3.1931911714764887,-16.80680882852351,-56.806808828523515
PRICE_FUNDING_15M_GLOBAL_WINDOW,15m-0004853,gate/hyperliquid,50,2026-06-12 14:00:00+00:00,2026-06-12 14:30:00+00:00,hyperliquid,gate,54.177185592349865,0.7722829999999999,1,0,54.94946859234987,native_15m_trade_close_plus_real_settlements,34.94946859234987,14.949468592349866,-25.050531407650134
PRICE_FUNDING_15M_GLOBAL_WINDOW,15m-0004854,gate/hyperliquid,50,2026-06-13 00:45:00+00:00,2026-06-13 01:00:00+00:00,hyperliquid,gate,6.178830665146542,0.37814400000000004,1,0,6.556974665146542,native_15m_trade_close_plus_real_settlements,-13.44302533485346,-33.44302533485346,-73.44302533485346
PRICE_FUNDING_15M_GLOBAL_WINDOW,15m-0004855,gate/hyperliquid,50,2026-06-13 02:15:00+00:00,2026-06-13 02:30:00+00:00,hyperliquid,gate,4.195903835619873,0.0,0,0,4.195903835619873,native_15m_trade_close_plus_real_settlements,-15.804096164380127,-35.80409616438013,-75.80409616438013
PRICE_FUNDING_15M_GLOBAL_WINDOW,15m-0004856,gate/hyperliquid,50,2026-06-13 03:00:00+00:00,2026-06-13 03:15:00+00:00,hyperliquid,gate,14.801558682733265,0.0,0,0,14.801558682733265,native_15m_trade_close_plus_real_settlements,-5.1984413172667345,-25.198441317266735,-65.19844131726674
PRICE_FUNDING_15M_GLOBAL_WINDOW,15m-0004857,gate/hyperliquid,50,2026-06-13 03:30:00+00:00,2026-06-13 04:15:00+00:00,hyperliquid,gate,15.027261165176157,0.973586,1,0,16.000847165176157,native_15m_trade_close_plus_real_settlements,-3.9991528348238425,-23.999152834823843,-63.999152834823846
PRICE_FUNDING_15M_GLOBAL_WINDOW,15m-0004858,gate/hyperliquid,50,2026-06-13 04:45:00+00:00,2026-06-13 05:00:00+00:00,hyperliquid,gate,5.645624226673398,0.390209,1,0,6.035833226673398,native_15m_trade_close_plus_real_settlements,-13.964166773326603,-33.9641667733266,-73.9641667733266
PRICE_FUNDING_15M_GLOBAL_WINDOW,15m-0004859,gate/hyperliquid,50,2026-06-13 05:30:00+00:00,2026-06-13 05:45:00+00:00,hyperliquid,gate,19.781842689301556,0.0,0,0,19.781842689301556,native_15m_trade_close_plus_real_settlements,-0.21815731069844446,-20.218157310698444,-60.218157310698444
PRICE_FUNDING_15M_GLOBAL_WINDOW,15m-0004860,gate/hyperliquid,50,2026-06-13 06:00:00+00:00,2026-06-13 06:15:00+00:00,hyperliquid,gate,15.728031689623606,-0.211313,1,0,15.516718689623605,native_15m_trade_close_plus_real_settlements,-4.483281310376395,-24.483281310376395,-64.4832813103764
PRICE_FUNDING_15M_GLOBAL_WINDOW,15m-0004861,gate/hyperliquid,50,2026-06-13 06:30:00+00:00,2026-06-13 08:00:00+00:00,hyperliquid,gate,19.045913197936116,-0.15168899999999996,2,1,18.894224197936115,native_15m_trade_close_plus_real_settlements,-1.105775802063885,-21.105775802063885,-61.10577580206389
PRICE_FUNDING_15M_GLOBAL_WINDOW,15m-0004862,gate/hyperliquid,50,2026-06-13 08:30:00+00:00,2026-06-13 09:30:00+00:00,hyperliquid,gate,10.502649861159604,-0.622948,1,0,9.879701861159605,native_15m_trade_close_plus_real_settlements,-10.120298138840395,-30.120298138840397,-70.1202981388404
PRICE_FUNDING_15M_GLOBAL_WINDOW,15m-0004863,gate/hyperliquid,50,2026-06-13 09:45:00+00:00,2026-06-13 10:15:00+00:00,hyperliquid,gate,16.41169673944306,1.462052,1,0,17.87374873944306,native_15m_trade_close_plus_real_settlements,-2.1262512605569412,-22.12625126055694,-62.12625126055694
PRICE_FUNDING_15M_GLOBAL_WINDOW,15m-0004864,gate/hyperliquid,50,2026-06-13 10:30:00+00:00,2026-06-13 10:45:00+00:00,hyperliquid,gate,12.93695949663077,0.0,0,0,12.93695949663077,native_15m_trade_close_plus_real_settlements,-7.06304050336923,-27.06304050336923,-67.06304050336922
PRICE_FUNDING_15M_GLOBAL_WINDOW,15m-0004865,gate/hyperliquid,50,2026-06-13 11:00:00+00:00,2026-06-13 11:15:00+00:00,hyperliquid,gate,8.977662557712875,0.033272,1,0,9.010934557712876,native_15m_trade_close_plus_real_settlements,-10.989065442287124,-30.989065442287124,-70.98906544228713
PRICE_FUNDING_15M_GLOBAL_WINDOW,15m-0004866,gate/hyperliquid,50,2026-06-13 11:30:00+00:00,2026-06-13 11:45:00+00:00,hyperliquid,gate,7.575419062771829,0.0,0,0,7.575419062771829,native_15m_trade_close_plus_real_settlements,-12.424580937228171,-32.42458093722817,-72.42458093722817
PRICE_FUNDING_15M_GLOBAL_WINDOW,15m-0004867,gate/hyperliquid,50,2026-06-13 12:15:00+00:00,2026-06-13 13:15:00+00:00,hyperliquid,gate,17.134282513851566,-0.407038,1,0,16.727244513851566,native_15m_trade_close_plus_real_settlements,-3.2727554861484336,-23.272755486148434,-63.272755486148434
PRICE_FUNDING_15M_GLOBAL_WINDOW,15m-0004868,gate/hyperliquid,50,2026-06-13 15:00:00+00:00,2026-06-13 15:15:00+00:00,hyperliquid,gate,10.221394766424588,-0.521436,1,0,9.699958766424588,native_15m_trade_close_plus_real_settlements,-10.300041233575412,-30.300041233575413,-70.30004123357541
PRICE_FUNDING_15M_GLOBAL_WINDOW,15m-0004869,gate/hyperliquid,50,2026-06-13 15:30:00+00:00,2026-06-13 16:15:00+00:00,hyperliquid,gate,29.605848849719962,0.06699700000000006,1,1,29.672845849719963,native_15m_trade_close_plus_real_settlements,9.672845849719963,-10.327154150280037,-50.32715415028004
PRICE_FUNDING_15M_GLOBAL_WINDOW,15m-0004870,gate/hyperliquid,50,2026-06-13 16:30:00+00:00,2026-06-13 17:00:00+00:00,hyperliquid,gate,14.212400494202022,0.118477,1,0,14.330877494202023,native_15m_trade_close_plus_real_settlements,-5.6691225057979775,-25.66912250579798,-65.66912250579797
PRICE_FUNDING_15M_GLOBAL_WINDOW,15m-0004871,gate/hyperliquid,50,2026-06-13 17:30:00+00:00,2026-06-13 17:45:00+00:00,hyperliquid,gate,4.7686083108124535,0.0,0,0,4.7686083108124535,native_15m_trade_close_plus_real_settlements,-15.231391689187546,-35.23139168918755,-75.23139168918755
PRICE_FUNDING_15M_GLOBAL_WINDOW,15m-0004872,gate/hyperliquid,50,2026-06-13 18:00:00+00:00,2026-06-13 20:30:00+00:00,hyperliquid,gate,13.907276893469216,-3.9541049999999998,3,0,9.953171893469216,native_15m_trade_close_plus_real_settlements,-10.046828106530784,-30.046828106530782,-70.04682810653078
PRICE_FUNDING_15M_GLOBAL_WINDOW,15m-0004873,gate/hyperliquid,50,2026-06-13 21:45:00+00:00,2026-06-13 22:30:00+00:00,hyperliquid,gate,16.078427140522116,-0.429352,1,0,15.649075140522116,native_15m_trade_close_plus_real_settlements,-4.3509248594778835,-24.350924859477885,-64.35092485947789
PRICE_FUNDING_15M_GLOBAL_WINDOW,15m-0004874,gate/hyperliquid,50,2026-06-13 23:00:00+00:00,2026-06-13 23:30:00+00:00,hyperliquid,gate,8.693926610613303,-0.0625,1,0,8.631426610613303,native_15m_trade_close_plus_real_settlements,-11.368573389386697,-31.368573389386697,-71.3685733893867
PRICE_FUNDING_15M_GLOBAL_WINDOW,15m-0004875,gate/hyperliquid,50,2026-06-14 00:00:00+00:00,2026-06-14 00:15:00+00:00,hyperliquid,gate,15.585905846546858,0.9337110000000001,1,1,16.519616846546857,native_15m_trade_close_plus_real_settlements,-3.4803831534531433,-23.480383153453143,-63.48038315345315
PRICE_FUNDING_15M_GLOBAL_WINDOW,15m-0004876,gate/hyperliquid,50,2026-06-14 00:30:00+00:00,2026-06-14 01:00:00+00:00,hyperliquid,gate,8.133780517611413,-0.0625,1,0,8.071280517611413,native_15m_trade_close_plus_real_settlements,-11.928719482388587,-31.928719482388587,-71.92871948238859
PRICE_FUNDING_15M_GLOBAL_WINDOW,15m-0004877,gate/hyperliquid,50,2026-06-14 01:15:00+00:00,2026-06-14 01:30:00+00:00,hyperliquid,gate,8.604906573396207,0.0,0,0,8.604906573396207,native_15m_trade_close_plus_real_settlements,-11.395093426603793,-31.395093426603793,-71.3950934266038
PRICE_FUNDING_15M_GLOBAL_WINDOW,15m-0004878,gate/hyperliquid,50,2026-06-14 01:45:00+00:00,2026-06-14 04:15:00+00:00,hyperliquid,gate,37.116590317546354,-2.0568319999999995,3,0,35.059758317546354,native_15m_trade_close_plus_real_settlements,15.059758317546354,-4.940241682453646,-44.940241682453646
PRICE_FUNDING_15M_GLOBAL_WINDOW,15m-0004879,gate/hyperliquid,50,2026-06-14 05:00:00+00:00,2026-06-14 06:00:00+00:00,hyperliquid,gate,9.84213001230848,1.458858,2,0,11.30098801230848,native_15m_trade_close_plus_real_settlements,-8.69901198769152,-28.69901198769152,-68.69901198769152
PRICE_FUNDING_15M_GLOBAL_WINDOW,15m-0004880,gate/hyperliquid,50,2026-06-14 06:15:00+00:00,2026-06-14 07:15:00+00:00,hyperliquid,gate,16.037477564633903,0.760999,1,0,16.7984765646339,native_15m_trade_close_plus_real_settlements,-3.2015234353660986,-23.2015234353661,-63.2015234353661
PRICE_FUNDING_15M_GLOBAL_WINDOW,15m-0004881,gate/hyperliquid,50,2026-06-14 07:30:00+00:00,2026-06-14 08:00:00+00:00,hyperliquid,gate,11.20592597204839,0.19200000000000006,1,1,11.397925972048391,native_15m_trade_close_plus_real_settlements,-8.602074027951609,-28.60207402795161,-68.6020740279516
PRICE_FUNDING_15M_GLOBAL_WINDOW,15m-0004882,gate/hyperliquid,50,2026-06-14 08:30:00+00:00,2026-06-14 09:00:00+00:00,hyperliquid,gate,24.60607491560809,-1.2740719999999999,1,0,23.33200291560809,native_15m_trade_close_plus_real_settlements,3.33200291560809,-16.66799708439191,-56.667997084391914
PRICE_FUNDING_15M_GLOBAL_WINDOW,15m-0004883,gate/hyperliquid,50,2026-06-14 09:15:00+00:00,2026-06-14 11:15:00+00:00,hyperliquid,gate,13.845285388085692,-2.081011,2,0,11.764274388085692,native_15m_trade_close_plus_real_settlements,-8.235725611914308,-28.235725611914308,-68.2357256119143
PRICE_FUNDING_15M_GLOBAL_WINDOW,15m-0004884,gate/hyperliquid,50,2026-06-14 11:30:00+00:00,2026-06-14 12:00:00+00:00,hyperliquid,gate,29.38343102821726,-1.396838,1,0,27.98659302821726,native_15m_trade_close_plus_real_settlements,7.986593028217261,-12.01340697178274,-52.01340697178274
PRICE_FUNDING_15M_GLOBAL_WINDOW,15m-0004885,gate/hyperliquid,50,2026-06-14 16:30:00+00:00,2026-06-14 16:45:00+00:00,hyperliquid,gate,16.51080978497459,0.0,0,0,16.51080978497459,native_15m_trade_close_plus_real_settlements,-3.4891902150254097,-23.48919021502541,-63.48919021502541
PRICE_FUNDING_15M_GLOBAL_WINDOW,15m-0004886,gate/hyperliquid,50,2026-06-14 17:15:00+00:00,2026-06-14 17:45:00+00:00,hyperliquid,gate,1.9038847733010797,0.0,0,0,1.9038847733010797,native_15m_trade_close_plus_real_settlements,-18.09611522669892,-38.09611522669892,-78.09611522669891
PRICE_FUNDING_15M_GLOBAL_WINDOW,15m-0004887,gate/hyperliquid,50,2026-06-14 18:30:00+00:00,2026-06-14 18:45:00+00:00,hyperliquid,gate,10.021164554245729,0.0,0,0,10.021164554245729,native_15m_trade_close_plus_real_settlements,-9.978835445754271,-29.97883544575427,-69.97883544575427
PRICE_FUNDING_15M_GLOBAL_WINDOW,15m-0004888,gate/hyperliquid,50,2026-06-14 19:15:00+00:00,2026-06-14 19:30:00+00:00,hyperliquid,gate,3.3529304123500125,0.0,0,0,3.3529304123500125,native_15m_trade_close_plus_real_settlements,-16.647069587649987,-36.64706958764999,-76.64706958764998
PRICE_FUNDING_15M_GLOBAL_WINDOW,15m-0004889,gate/hyperliquid,50,2026-06-14 19:45:00+00:00,2026-06-14 20:00:00+00:00,hyperliquid,gate,8.60204326464845,-0.0625,1,0,8.53954326464845,native_15m_trade_close_plus_real_settlements,-11.46045673535155,-31.46045673535155,-71.46045673535156
PRICE_FUNDING_15M_GLOBAL_WINDOW,15m-0004890,gate/hyperliquid,50,2026-06-14 20:15:00+00:00,2026-06-14 20:45:00+00:00,hyperliquid,gate,5.450497785277108,0.0,0,0,5.450497785277108,native_15m_trade_close_plus_real_settlements,-14.549502214722892,-34.54950221472289,-74.54950221472289
PRICE_FUNDING_15M_GLOBAL_WINDOW,15m-0004891,gate/hyperliquid,50,2026-06-14 21:45:00+00:00,2026-06-15 02:30:00+00:00,hyperliquid,gate,69.55405522774382,-21.215609,5,1,48.338446227743816,native_15m_trade_close_plus_real_settlements,28.338446227743816,8.338446227743816,-31.661553772256184
PRICE_FUNDING_15M_GLOBAL_WINDOW,15m-0004892,gate/hyperliquid,50,2026-06-15 09:00:00+00:00,2026-06-15 09:15:00+00:00,hyperliquid,gate,7.728441967055346,-0.6964720000000001,1,0,7.031969967055346,native_15m_trade_close_plus_real_settlements,-12.968030032944654,-32.968030032944654,-72.96803003294465
PRICE_FUNDING_15M_GLOBAL_WINDOW,15m-0004893,gate/hyperliquid,50,2026-06-15 09:30:00+00:00,2026-06-15 09:45:00+00:00,hyperliquid,gate,7.845305442865637,0.0,0,0,7.845305442865637,native_15m_trade_close_plus_real_settlements,-12.154694557134363,-32.15469455713436,-72.15469455713436
PRICE_FUNDING_15M_GLOBAL_WINDOW,15m-0004894,gate/hyperliquid,50,2026-06-15 10:00:00+00:00,2026-06-15 11:00:00+00:00,hyperliquid,gate,17.93630351101624,-3.606984,2,0,14.32931951101624,native_15m_trade_close_plus_real_settlements,-5.670680488983759,-25.67068048898376,-65.67068048898376
PRICE_FUNDING_15M_GLOBAL_WINDOW,15m-0004895,gate/hyperliquid,50,2026-06-15 12:00:00+00:00,2026-06-15 12:30:00+00:00,hyperliquid,gate,3.5230549728407965,0.0,0,0,3.5230549728407965,native_15m_trade_close_plus_real_settlements,-16.476945027159204,-36.4769450271592,-76.4769450271592
PRICE_FUNDING_15M_GLOBAL_WINDOW,15m-0004896,gate/hyperliquid,50,2026-06-15 14:15:00+00:00,2026-06-15 14:30:00+00:00,hyperliquid,gate,13.3378127105331,0.0,0,0,13.3378127105331,native_15m_trade_close_plus_real_settlements,-6.6621872894669,-26.6621872894669,-66.6621872894669
PRICE_FUNDING_15M_GLOBAL_WINDOW,15m-0004897,gate/hyperliquid,50,2026-06-15 16:00:00+00:00,2026-06-15 16:30:00+00:00,hyperliquid,gate,14.499593857830725,9.682205,1,1,24.181798857830724,native_15m_trade_close_plus_real_settlements,4.181798857830724,-15.818201142169276,-55.81820114216927
PRICE_FUNDING_15M_GLOBAL_WINDOW,15m-0004898,gate/hyperliquid,50,2026-06-15 17:30:00+00:00,2026-06-15 17:45:00+00:00,hyperliquid,gate,6.909914374037527,0.0,0,0,6.909914374037527,native_15m_trade_close_plus_real_settlements,-13.090085625962473,-33.09008562596247,-73.09008562596247
PRICE_FUNDING_15M_GLOBAL_WINDOW,15m-0004899,gate/hyperliquid,50,2026-06-15 18:45:00+00:00,2026-06-15 19:15:00+00:00,hyperliquid,gate,8.019890673339653,-1.070228,1,0,6.9496626733396525,native_15m_trade_close_plus_real_settlements,-13.050337326660348,-33.05033732666035,-73.05033732666035
PRICE_FUNDING_15M_GLOBAL_WINDOW,15m-0004900,gate/hyperliquid,50,2026-06-15 19:30:00+00:00,2026-06-15 19:45:00+00:00,hyperliquid,gate,11.397329780727624,0.0,0,0,11.397329780727624,native_15m_trade_close_plus_real_settlements,-8.602670219272376,-28.602670219272376,-68.60267021927237
PRICE_FUNDING_15M_GLOBAL_WINDOW,15m-0004901,gate/hyperliquid,50,2026-06-15 20:00:00+00:00,2026-06-15 20:30:00+00:00,hyperliquid,gate,3.6086066193697945,0.507176,1,0,4.115782619369795,native_15m_trade_close_plus_real_settlements,-15.884217380630204,-35.884217380630204,-75.8842173806302
PRICE_FUNDING_15M_GLOBAL_WINDOW,15m-0004902,gate/hyperliquid,50,2026-06-15 20:45:00+00:00,2026-06-15 21:00:00+00:00,hyperliquid,gate,12.026052110675266,0.16517199999999999,1,0,12.191224110675266,native_15m_trade_close_plus_real_settlements,-7.808775889324734,-27.808775889324735,-67.80877588932474
PRICE_FUNDING_15M_GLOBAL_WINDOW,15m-0004903,gate/hyperliquid,50,2026-06-15 21:30:00+00:00,2026-06-15 21:45:00+00:00,hyperliquid,gate,10.622890139468531,0.0,0,0,10.622890139468531,native_15m_trade_close_plus_real_settlements,-9.377109860531469,-29.37710986053147,-69.37710986053148
PRICE_FUNDING_15M_GLOBAL_WINDOW,15m-0004904,gate/hyperliquid,50,2026-06-15 23:00:00+00:00,2026-06-15 23:15:00+00:00,hyperliquid,gate,3.4285344253111703,1.829663,1,0,5.25819742531117,native_15m_trade_close_plus_real_settlements,-14.74180257468883,-34.74180257468883,-74.74180257468883
PRICE_FUNDING_15M_GLOBAL_WINDOW,15m-0004905,gate/hyperliquid,50,2026-06-16 08:15:00+00:00,2026-06-16 08:30:00+00:00,hyperliquid,gate,12.37022917688217,0.0,0,0,12.37022917688217,native_15m_trade_close_plus_real_settlements,-7.6297708231178305,-27.62977082311783,-67.62977082311784
PRICE_FUNDING_15M_GLOBAL_WINDOW,15m-0004906,gate/hyperliquid,50,2026-06-16 08:45:00+00:00,2026-06-16 15:00:00+00:00,hyperliquid,gate,52.12655417639927,-6.578605000000002,7,0,45.547949176399264,native_15m_trade_close_plus_real_settlements,25.547949176399264,5.547949176399264,-34.452050823600736
PRICE_FUNDING_15M_GLOBAL_WINDOW,15m-0004907,gate/hyperliquid,50,2026-06-16 15:15:00+00:00,2026-06-16 16:15:00+00:00,hyperliquid,gate,23.373639045793894,-4.3209409999999995,1,1,19.052698045793896,native_15m_trade_close_plus_real_settlements,-0.9473019542061039,-20.947301954206104,-60.947301954206104
PRICE_FUNDING_15M_GLOBAL_WINDOW,15m-0004908,gate/hyperliquid,50,2026-06-16 16:30:00+00:00,2026-06-16 19:45:00+00:00,hyperliquid,gate,21.503396086874325,3.124584,3,0,24.627980086874324,native_15m_trade_close_plus_real_settlements,4.627980086874324,-15.372019913125676,-55.372019913125676
PRICE_FUNDING_15M_GLOBAL_WINDOW,15m-0004909,gate/hyperliquid,50,2026-06-16 20:15:00+00:00,2026-06-16 20:45:00+00:00,hyperliquid,gate,27.534663477089545,0.0,0,0,27.534663477089545,native_15m_trade_close_plus_real_settlements,7.534663477089545,-12.465336522910455,-52.465336522910455
PRICE_FUNDING_15M_GLOBAL_WINDOW,15m-0004910,gate/hyperliquid,50,2026-06-16 21:15:00+00:00,2026-06-16 21:30:00+00:00,hyperliquid,gate,6.466863752036673,0.0,0,0,6.466863752036673,native_15m_trade_close_plus_real_settlements,-13.533136247963327,-33.53313624796333,-73.53313624796333
PRICE_FUNDING_15M_GLOBAL_WINDOW,15m-0004911,gate/hyperliquid,50,2026-06-16 21:45:00+00:00,2026-06-16 22:15:00+00:00,hyperliquid,gate,5.414247142463175,-0.0625,1,0,5.351747142463175,native_15m_trade_close_plus_real_settlements,-14.648252857536825,-34.648252857536825,-74.64825285753682
PRICE_FUNDING_15M_GLOBAL_WINDOW,15m-0004912,gate/hyperliquid,50,2026-06-16 22:30:00+00:00,2026-06-16 23:00:00+00:00,hyperliquid,gate,12.74618636627622,-0.184003,1,0,12.56218336627622,native_15m_trade_close_plus_real_settlements,-7.437816633723781,-27.43781663372378,-67.43781663372378
PRICE_FUNDING_15M_GLOBAL_WINDOW,15m-0004913,gate/hyperliquid,50,2026-06-17 00:00:00+00:00,2026-06-17 00:15:00+00:00,hyperliquid,gate,22.441687467968393,-0.25609600000000005,1,1,22.185591467968393,native_15m_trade_close_plus_real_settlements,2.1855914679683934,-17.814408532031607,-57.81440853203161
PRICE_FUNDING_15M_GLOBAL_WINDOW,15m-0004914,gate/hyperliquid,50,2026-06-17 05:00:00+00:00,2026-06-17 05:30:00+00:00,hyperliquid,gate,40.84081017403729,-0.587241,1,0,40.25356917403729,native_15m_trade_close_plus_real_settlements,20.25356917403729,0.2535691740372883,-39.74643082596271
PRICE_FUNDING_15M_GLOBAL_WINDOW,15m-0004915,gate/hyperliquid,50,2026-06-17 12:15:00+00:00,2026-06-17 13:15:00+00:00,hyperliquid,gate,34.60367176112349,-0.21273399999999998,1,0,34.390937761123496,native_15m_trade_close_plus_real_settlements,14.390937761123496,-5.609062238876504,-45.609062238876504
PRICE_FUNDING_15M_GLOBAL_WINDOW,15m-0004916,gate/hyperliquid,50,2026-06-17 13:30:00+00:00,2026-06-17 14:30:00+00:00,hyperliquid,gate,44.40169470309558,-0.099137,1,0,44.30255770309558,native_15m_trade_close_plus_real_settlements,24.30255770309558,4.30255770309558,-35.69744229690442
PRICE_FUNDING_15M_GLOBAL_WINDOW,15m-0004917,gate/hyperliquid,50,2026-06-17 14:45:00+00:00,2026-06-17 15:00:00+00:00,hyperliquid,gate,13.66813015354947,-0.32676299999999997,1,0,13.34136715354947,native_15m_trade_close_plus_real_settlements,-6.65863284645053,-26.65863284645053,-66.65863284645053
PRICE_FUNDING_15M_GLOBAL_WINDOW,15m-0004918,gate/hyperliquid,50,2026-06-17 15:15:00+00:00,2026-06-17 17:00:00+00:00,hyperliquid,gate,25.053407310286858,4.790609000000001,2,1,29.844016310286857,native_15m_trade_close_plus_real_settlements,9.844016310286857,-10.155983689713143,-50.15598368971314
PRICE_FUNDING_15M_GLOBAL_WINDOW,15m-0004919,gate/hyperliquid,50,2026-06-17 17:15:00+00:00,2026-06-17 17:30:00+00:00,hyperliquid,gate,29.7630231024703,0.0,0,0,29.7630231024703,native_15m_trade_close_plus_real_settlements,9.7630231024703,-10.2369768975297,-50.2369768975297
PRICE_FUNDING_15M_GLOBAL_WINDOW,15m-0004920,gate/hyperliquid,50,2026-06-17 17:45:00+00:00,2026-06-17 18:15:00+00:00,hyperliquid,gate,24.839666747509824,-1.014256,1,0,23.825410747509824,native_15m_trade_close_plus_real_settlements,3.8254107475098245,-16.174589252490176,-56.17458925249018
PRICE_FUNDING_15M_GLOBAL_WINDOW,15m-0004921,gate/hyperliquid,50,2026-06-17 18:30:00+00:00,2026-06-18 00:15:00+00:00,hyperliquid,gate,35.71389268639342,1.6518839999999995,6,1,37.365776686393424,native_15m_trade_close_plus_real_settlements,17.365776686393424,-2.634223313606576,-42.634223313606576
PRICE_FUNDING_15M_GLOBAL_WINDOW,15m-0004922,gate/hyperliquid,50,2026-06-18 00:30:00+00:00,2026-06-18 01:45:00+00:00,hyperliquid,gate,43.3898631367242,-2.092617,1,0,41.297246136724205,native_15m_trade_close_plus_real_settlements,21.297246136724205,1.2972461367242047,-38.702753863275795
PRICE_FUNDING_15M_GLOBAL_WINDOW,15m-0004923,gate/hyperliquid,50,2026-06-18 08:15:00+00:00,2026-06-18 08:45:00+00:00,hyperliquid,gate,17.755481249083488,0.0,0,0,17.755481249083488,native_15m_trade_close_plus_real_settlements,-2.2445187509165123,-22.244518750916512,-62.24451875091651
PRICE_FUNDING_15M_GLOBAL_WINDOW,15m-0004924,gate/hyperliquid,50,2026-06-18 11:00:00+00:00,2026-06-18 12:45:00+00:00,hyperliquid,gate,30.81043445530181,-3.774607,2,0,27.03582745530181,native_15m_trade_close_plus_real_settlements,7.03582745530181,-12.96417254469819,-52.96417254469819
PRICE_FUNDING_15M_GLOBAL_WINDOW,15m-0004925,gate/hyperliquid,50,2026-06-18 20:45:00+00:00,2026-06-18 21:00:00+00:00,hyperliquid,gate,19.151522736073332,-0.400777,1,0,18.75074573607333,native_15m_trade_close_plus_real_settlements,-1.2492542639266695,-21.24925426392667,-61.24925426392667
PRICE_FUNDING_15M_GLOBAL_WINDOW,15m-0004926,gate/hyperliquid,50,2026-06-18 22:00:00+00:00,2026-06-18 22:15:00+00:00,hyperliquid,gate,40.190904117886426,-1.127928,1,0,39.06297611788643,native_15m_trade_close_plus_real_settlements,19.06297611788643,-0.9370238821135715,-40.93702388211357
PRICE_FUNDING_15M_GLOBAL_WINDOW,15m-0004927,gate/hyperliquid,50,2026-06-18 22:45:00+00:00,2026-06-18 23:15:00+00:00,hyperliquid,gate,20.17410298260009,-0.410635,1,0,19.76346798260009,native_15m_trade_close_plus_real_settlements,-0.23653201739990948,-20.23653201739991,-60.23653201739991
PRICE_FUNDING_15M_GLOBAL_WINDOW,15m-0004928,gate/hyperliquid,50,2026-06-18 23:45:00+00:00,2026-06-19 00:00:00+00:00,hyperliquid,gate,8.422927380044754,5.330375,1,1,13.753302380044754,native_15m_trade_close_plus_real_settlements,-6.2466976199552455,-26.246697619955246,-66.24669761995524
PRICE_FUNDING_15M_GLOBAL_WINDOW,15m-0004929,gate/hyperliquid,50,2026-06-19 00:15:00+00:00,2026-06-19 01:00:00+00:00,hyperliquid,gate,28.599579075384234,-2.086526,1,0,26.513053075384235,native_15m_trade_close_plus_real_settlements,6.513053075384235,-13.486946924615765,-53.486946924615765
PRICE_FUNDING_15M_GLOBAL_WINDOW,15m-0004930,gate/hyperliquid,50,2026-06-19 05:00:00+00:00,2026-06-19 05:15:00+00:00,hyperliquid,gate,25.751695518758744,-1.8972490000000002,1,0,23.854446518758746,native_15m_trade_close_plus_real_settlements,3.8544465187587456,-16.145553481241254,-56.14555348124125
PRICE_FUNDING_15M_GLOBAL_WINDOW,15m-0004931,gate/hyperliquid,50,2026-06-19 09:15:00+00:00,2026-06-19 10:00:00+00:00,hyperliquid,gate,26.65414152379082,-0.902444,1,0,25.75169752379082,native_15m_trade_close_plus_real_settlements,5.7516975237908206,-14.24830247620918,-54.248302476209176
PRICE_FUNDING_15M_GLOBAL_WINDOW,15m-0004932,gate/hyperliquid,50,2026-06-19 10:15:00+00:00,2026-06-19 10:45:00+00:00,hyperliquid,gate,23.245920381773836,0.0,0,0,23.245920381773836,native_15m_trade_close_plus_real_settlements,3.2459203817738356,-16.754079618226164,-56.754079618226164
PRICE_FUNDING_15M_GLOBAL_WINDOW,15m-0004933,gate/hyperliquid,50,2026-06-19 11:30:00+00:00,2026-06-19 11:45:00+00:00,hyperliquid,gate,7.53788224666625,0.0,0,0,7.53788224666625,native_15m_trade_close_plus_real_settlements,-12.46211775333375,-32.46211775333375,-72.46211775333376
PRICE_FUNDING_15M_GLOBAL_WINDOW,15m-0004934,gate/hyperliquid,50,2026-06-19 12:00:00+00:00,2026-06-19 12:15:00+00:00,hyperliquid,gate,25.76292420146728,-2.09233,1,0,23.670594201467278,native_15m_trade_close_plus_real_settlements,3.670594201467278,-16.329405798532722,-56.32940579853272
PRICE_FUNDING_15M_GLOBAL_WINDOW,15m-0004935,gate/hyperliquid,50,2026-06-19 12:45:00+00:00,2026-06-19 13:00:00+00:00,hyperliquid,gate,11.94129451475559,-0.385653,1,0,11.55564151475559,native_15m_trade_close_plus_real_settlements,-8.44435848524441,-28.444358485244408,-68.44435848524441
PRICE_FUNDING_15M_GLOBAL_WINDOW,15m-0004936,gate/hyperliquid,50,2026-06-19 13:15:00+00:00,2026-06-19 13:45:00+00:00,hyperliquid,gate,20.929148249268714,0.0,0,0,20.929148249268714,native_15m_trade_close_plus_real_settlements,0.9291482492687138,-19.070851750731286,-59.070851750731286
PRICE_FUNDING_15M_GLOBAL_WINDOW,15m-0004937,gate/hyperliquid,50,2026-06-19 14:15:00+00:00,2026-06-19 16:00:00+00:00,hyperliquid,gate,13.410604964406701,2.5677109999999996,2,1,15.9783159644067,native_15m_trade_close_plus_real_settlements,-4.0216840355932995,-24.0216840355933,-64.0216840355933
PRICE_FUNDING_15M_GLOBAL_WINDOW,15m-0004938,gate/hyperliquid,50,2026-06-19 16:15:00+00:00,2026-06-19 22:45:00+00:00,hyperliquid,gate,34.62271228337093,1.8100030000000003,6,0,36.43271528337093,native_15m_trade_close_plus_real_settlements,16.432715283370932,-3.567284716629068,-43.56728471662907
PRICE_FUNDING_15M_GLOBAL_WINDOW,15m-0004939,gate/hyperliquid,50,2026-06-19 23:00:00+00:00,2026-06-20 00:00:00+00:00,hyperliquid,gate,22.96862276361741,3.1987420000000006,2,1,26.16736476361741,native_15m_trade_close_plus_real_settlements,6.16736476361741,-13.83263523638259,-53.832635236382586
PRICE_FUNDING_15M_GLOBAL_WINDOW,15m-0004940,gate/hyperliquid,50,2026-06-20 00:45:00+00:00,2026-06-20 01:00:00+00:00,hyperliquid,gate,18.429027266376167,-0.0625,1,0,18.366527266376167,native_15m_trade_close_plus_real_settlements,-1.633472733623833,-21.633472733623833,-61.63347273362383
PRICE_FUNDING_15M_GLOBAL_WINDOW,15m-0004941,gate/hyperliquid,50,2026-06-20 01:30:00+00:00,2026-06-20 02:00:00+00:00,hyperliquid,gate,14.81697999250062,-0.559254,1,0,14.257725992500621,native_15m_trade_close_plus_real_settlements,-5.742274007499379,-25.74227400749938,-65.74227400749938
PRICE_FUNDING_15M_GLOBAL_WINDOW,15m-0004942,gate/hyperliquid,50,2026-06-20 02:45:00+00:00,2026-06-20 03:00:00+00:00,hyperliquid,gate,8.718645933649952,-1.611958,1,0,7.106687933649953,native_15m_trade_close_plus_real_settlements,-12.893312066350047,-32.89331206635005,-72.89331206635005
PRICE_FUNDING_15M_GLOBAL_WINDOW,15m-0004943,gate/hyperliquid,50,2026-06-20 10:00:00+00:00,2026-06-20 10:15:00+00:00,hyperliquid,gate,14.977993273736956,-0.0625,1,0,14.915493273736956,native_15m_trade_close_plus_real_settlements,-5.084506726263044,-25.084506726263044,-65.08450672626304
PRICE_FUNDING_15M_GLOBAL_WINDOW,15m-0004944,gate/hyperliquid,50,2026-06-20 10:30:00+00:00,2026-06-20 10:45:00+00:00,hyperliquid,gate,14.317702436523078,0.0,0,0,14.317702436523078,native_15m_trade_close_plus_real_settlements,-5.682297563476922,-25.682297563476922,-65.68229756347692
PRICE_FUNDING_15M_GLOBAL_WINDOW,15m-0004945,gate/hyperliquid,50,2026-06-20 11:00:00+00:00,2026-06-20 11:30:00+00:00,hyperliquid,gate,13.964474440171756,-0.113362,1,0,13.851112440171756,native_15m_trade_close_plus_real_settlements,-6.148887559828244,-26.148887559828246,-66.14888755982824
PRICE_FUNDING_15M_GLOBAL_WINDOW,15m-0004946,gate/hyperliquid,50,2026-06-20 12:30:00+00:00,2026-06-20 13:00:00+00:00,hyperliquid,gate,6.22843184681264,0.16459900000000002,1,0,6.39303084681264,native_15m_trade_close_plus_real_settlements,-13.60696915318736,-33.60696915318736,-73.60696915318736
PRICE_FUNDING_15M_GLOBAL_WINDOW,15m-0004947,gate/hyperliquid,50,2026-06-20 13:15:00+00:00,2026-06-20 13:45:00+00:00,hyperliquid,gate,10.851495859882732,0.0,0,0,10.851495859882732,native_15m_trade_close_plus_real_settlements,-9.148504140117268,-29.148504140117268,-69.14850414011727
PRICE_FUNDING_15M_GLOBAL_WINDOW,15m-0004948,gate/hyperliquid,50,2026-06-20 14:45:00+00:00,2026-06-20 15:00:00+00:00,hyperliquid,gate,22.194223789127008,-0.971102,1,0,21.22312178912701,native_15m_trade_close_plus_real_settlements,1.2231217891270099,-18.77687821087299,-58.776878210872994
PRICE_FUNDING_15M_GLOBAL_WINDOW,15m-0004949,gate/hyperliquid,50,2026-06-20 15:15:00+00:00,2026-06-20 20:00:00+00:00,hyperliquid,gate,26.487058407737848,1.621727,5,1,28.108785407737848,native_15m_trade_close_plus_real_settlements,8.108785407737848,-11.891214592262152,-51.89121459226215
PRICE_FUNDING_15M_GLOBAL_WINDOW,15m-0004950,gate/hyperliquid,50,2026-06-20 20:15:00+00:00,2026-06-20 20:30:00+00:00,hyperliquid,gate,8.920152102629899,0.0,0,0,8.920152102629899,native_15m_trade_close_plus_real_settlements,-11.079847897370101,-31.0798478973701,-71.0798478973701
PRICE_FUNDING_15M_GLOBAL_WINDOW,15m-0004951,gate/hyperliquid,50,2026-06-20 21:15:00+00:00,2026-06-20 21:45:00+00:00,hyperliquid,gate,16.30132269091306,0.0,0,0,16.30132269091306,native_15m_trade_close_plus_real_settlements,-3.698677309086939,-23.69867730908694,-63.69867730908694
PRICE_FUNDING_15M_GLOBAL_WINDOW,15m-0004952,gate/hyperliquid,50,2026-06-20 22:00:00+00:00,2026-06-20 22:15:00+00:00,hyperliquid,gate,22.998076022262474,-0.0625,1,0,22.935576022262474,native_15m_trade_close_plus_real_settlements,2.935576022262474,-17.064423977737526,-57.064423977737526
PRICE_FUNDING_15M_GLOBAL_WINDOW,15m-0004953,gate/hyperliquid,50,2026-06-20 22:45:00+00:00,2026-06-21 03:00:00+00:00,hyperliquid,gate,24.488770554768692,0.4497049999999999,5,1,24.938475554768694,native_15m_trade_close_plus_real_settlements,4.938475554768694,-15.061524445231306,-55.061524445231306
PRICE_FUNDING_15M_GLOBAL_WINDOW,15m-0004954,gate/hyperliquid,50,2026-06-21 03:15:00+00:00,2026-06-21 05:15:00+00:00,hyperliquid,gate,19.323856112786878,-0.397084,2,0,18.926772112786878,native_15m_trade_close_plus_real_settlements,-1.0732278872131218,-21.073227887213122,-61.07322788721312
PRICE_FUNDING_15M_GLOBAL_WINDOW,15m-0004955,gate/hyperliquid,50,2026-06-21 05:30:00+00:00,2026-06-21 10:00:00+00:00,hyperliquid,gate,40.555076233941236,0.1555980000000002,5,1,40.71067423394123,native_15m_trade_close_plus_real_settlements,20.710674233941234,0.7106742339412335,-39.28932576605877
PRICE_FUNDING_15M_GLOBAL_WINDOW,15m-0004956,gate/hyperliquid,50,2026-06-21 10:15:00+00:00,2026-06-21 13:30:00+00:00,hyperliquid,gate,20.831334854524947,0.653968,3,0,21.485302854524946,native_15m_trade_close_plus_real_settlements,1.4853028545249458,-18.514697145475054,-58.514697145475054
PRICE_FUNDING_15M_GLOBAL_WINDOW,15m-0004957,gate/hyperliquid,50,2026-06-21 13:45:00+00:00,2026-06-22 01:00:00+00:00,hyperliquid,gate,98.5919269133851,-23.691924999999998,12,2,74.9000019133851,native_15m_trade_close_plus_real_settlements,54.9000019133851,34.9000019133851,-5.099998086614903
PRICE_FUNDING_15M_GLOBAL_WINDOW,15m-0004958,gate/hyperliquid,50,2026-06-22 01:15:00+00:00,2026-06-22 02:00:00+00:00,hyperliquid,gate,52.36314446809505,-6.724183,1,0,45.63896146809505,native_15m_trade_close_plus_real_settlements,25.638961468095047,5.638961468095047,-34.36103853190495
PRICE_FUNDING_15M_GLOBAL_WINDOW,15m-0004959,gate/hyperliquid,50,2026-06-22 02:15:00+00:00,2026-06-22 03:00:00+00:00,hyperliquid,gate,40.93351622325258,-4.179799,1,0,36.75371722325258,native_15m_trade_close_plus_real_settlements,16.75371722325258,-3.246282776747421,-43.24628277674742
PRICE_FUNDING_15M_GLOBAL_WINDOW,15m-0004960,gate/hyperliquid,50,2026-06-22 04:00:00+00:00,2026-06-22 04:15:00+00:00,hyperliquid,gate,16.9914093914525,-2.071824,1,0,14.9195853914525,native_15m_trade_close_plus_real_settlements,-5.0804146085475,-25.0804146085475,-65.0804146085475
PRICE_FUNDING_15M_GLOBAL_WINDOW,15m-0004961,gate/hyperliquid,50,2026-06-22 23:30:00+00:00,2026-06-23 02:00:00+00:00,hyperliquid,gate,71.73353495908216,-9.068097,3,1,62.66543795908216,native_15m_trade_close_plus_real_settlements,42.66543795908216,22.665437959082162,-17.334562040917838
PRICE_FUNDING_15M_GLOBAL_WINDOW,15m-0004962,gate/hyperliquid,50,2026-06-23 02:15:00+00:00,2026-06-23 05:00:00+00:00,hyperliquid,gate,46.578640923696405,-5.705959,3,0,40.872681923696405,native_15m_trade_close_plus_real_settlements,20.872681923696405,0.8726819236964047,-39.127318076303595
PRICE_FUNDING_15M_GLOBAL_WINDOW,15m-0004963,gate/hyperliquid,50,2026-06-23 05:15:00+00:00,2026-06-23 23:00:00+00:00,hyperliquid,gate,115.13986591123363,25.140459000000003,18,2,140.28032491123363,native_15m_trade_close_plus_real_settlements,120.28032491123363,100.28032491123363,60.280324911233635
PRICE_FUNDING_15M_GLOBAL_WINDOW,15m-0004964,gate/hyperliquid,50,2026-06-24 00:00:00+00:00,2026-06-30 04:30:00+00:00,hyperliquid,gate,256.27026796004975,17.02570100000002,149,19,273.2959689600498,native_15m_trade_close_plus_real_settlements,253.29596896004978,233.29596896004978,193.29596896004978
PRICE_FUNDING_15M_GLOBAL_WINDOW,15m-0004965,gate/hyperliquid,50,2026-06-30 05:30:00+00:00,2026-06-30 05:45:00+00:00,hyperliquid,gate,16.510210650166698,0.0,0,0,16.510210650166698,native_15m_trade_close_plus_real_settlements,-3.489789349833302,-23.489789349833302,-63.4897893498333
PRICE_FUNDING_15M_GLOBAL_WINDOW,15m-0004966,gate/hyperliquid,50,2026-06-30 06:15:00+00:00,2026-06-30 07:00:00+00:00,hyperliquid,gate,85.41141065868567,-0.0625,1,0,85.34891065868567,native_15m_trade_close_plus_real_settlements,65.34891065868567,45.34891065868567,5.348910658685668
PRICE_FUNDING_15M_GLOBAL_WINDOW,15m-0004967,gate/hyperliquid,50,2026-06-30 08:00:00+00:00,2026-07-03 05:00:00+00:00,hyperliquid,gate,259.2140647850801,33.732518999999996,70,9,292.94658378508007,native_15m_trade_close_plus_real_settlements,272.94658378508007,252.94658378508007,212.94658378508007
PRICE_FUNDING_15M_GLOBAL_WINDOW,15m-0004968,gate/hyperliquid,50,2026-07-03 05:30:00+00:00,2026-07-03 05:45:00+00:00,hyperliquid,gate,22.836711798550596,0.0,0,0,22.836711798550596,native_15m_trade_close_plus_real_settlements,2.8367117985505956,-17.163288201449404,-57.163288201449404
PRICE_FUNDING_15M_GLOBAL_WINDOW,15m-0004969,gate/hyperliquid,50,2026-07-03 08:30:00+00:00,2026-07-18 05:45:00+00:00,hyperliquid,gate,400.75010016951586,10.544837000000044,357,55,411.2949371695159,native_15m_trade_close_plus_real_settlements,391.2949371695159,371.2949371695159,331.2949371695159
PRICE_FUNDING_15M_GLOBAL_WINDOW,15m-0004970,gate/hyperliquid,50,2026-07-18 06:00:00+00:00,2026-07-18 06:15:00+00:00,hyperliquid,gate,7.719792946321839,-0.0625,1,0,7.657292946321839,native_15m_trade_close_plus_real_settlements,-12.342707053678161,-32.34270705367816,-72.34270705367817
PRICE_FUNDING_15M_GLOBAL_WINDOW,15m-0004971,gate/hyperliquid,50,2026-07-18 07:00:00+00:00,2026-07-18 08:00:00+00:00,hyperliquid,gate,7.7295616751535405,5.410073000000001,2,1,13.139634675153541,native_15m_trade_close_plus_real_settlements,-6.860365324846459,-26.86036532484646,-66.86036532484646
PRICE_FUNDING_15M_GLOBAL_WINDOW,15m-0004972,gate/hyperliquid,50,2026-07-18 08:45:00+00:00,2026-07-18 09:00:00+00:00,hyperliquid,gate,6.797880524842206,-0.0625,1,0,6.735380524842206,native_15m_trade_close_plus_real_settlements,-13.264619475157794,-33.264619475157794,-73.26461947515779
PRICE_FUNDING_15M_GLOBAL_WINDOW,15m-0004973,gate/hyperliquid,50,2026-07-18 09:30:00+00:00,2026-07-18 09:45:00+00:00,hyperliquid,gate,1.7094518897063864,0.0,0,0,1.7094518897063864,native_15m_trade_close_plus_real_settlements,-18.290548110293614,-38.290548110293614,-78.29054811029361
PRICE_FUNDING_15M_GLOBAL_WINDOW,15m-0004974,gate/hyperliquid,50,2026-07-18 10:15:00+00:00,2026-07-18 10:45:00+00:00,hyperliquid,gate,4.33193215861678,0.0,0,0,4.33193215861678,native_15m_trade_close_plus_real_settlements,-15.66806784138322,-35.66806784138322,-75.66806784138322
PRICE_FUNDING_15M_GLOBAL_WINDOW,15m-0004975,gate/hyperliquid,50,2026-07-18 11:15:00+00:00,2026-07-18 13:00:00+00:00,hyperliquid,gate,8.477076936634305,5.14692,2,1,13.623996936634304,native_15m_trade_close_plus_real_settlements,-6.376003063365696,-26.376003063365694,-66.3760030633657
PRICE_FUNDING_15M_GLOBAL_WINDOW,15m-0004976,gate/hyperliquid,50,2026-07-18 13:15:00+00:00,2026-07-18 13:45:00+00:00,hyperliquid,gate,3.3887309589817747,0.0,0,0,3.3887309589817747,native_15m_trade_close_plus_real_settlements,-16.611269041018225,-36.611269041018225,-76.61126904101823
PRICE_FUNDING_15M_GLOBAL_WINDOW,15m-0004977,gate/hyperliquid,50,2026-07-18 14:00:00+00:00,2026-07-18 14:15:00+00:00,hyperliquid,gate,2.574987139036139,-0.0625,1,0,2.512487139036139,native_15m_trade_close_plus_real_settlements,-17.48751286096386,-37.48751286096386,-77.48751286096386
PRICE_FUNDING_15M_GLOBAL_WINDOW,15m-0004978,gate/hyperliquid,50,2026-07-19 04:45:00+00:00,2026-07-19 05:15:00+00:00,hyperliquid,gate,15.142645479762002,-2.393023,1,0,12.749622479762003,native_15m_trade_close_plus_real_settlements,-7.250377520237997,-27.250377520237997,-67.250377520238
PRICE_FUNDING_15M_GLOBAL_WINDOW,15m-0004979,gate/hyperliquid,50,2026-07-19 16:15:00+00:00,2026-07-20 00:00:00+00:00,hyperliquid,gate,76.65652657061972,4.691342000000001,8,2,81.34786857061972,native_15m_trade_close_plus_real_settlements,61.347868570619724,41.347868570619724,1.347868570619724
PRICE_FUNDING_15M_GLOBAL_WINDOW,15m-0004980,gate/hyperliquid,50,2026-07-20 01:30:00+00:00,2026-07-20 01:45:00+00:00,hyperliquid,gate,11.198878503679012,0.0,0,0,11.198878503679012,native_15m_trade_close_plus_real_settlements,-8.801121496320988,-28.801121496320988,-68.80112149632099
PRICE_FUNDING_15M_GLOBAL_WINDOW,15m-0004981,gate/hyperliquid,50,2026-07-21 00:45:00+00:00,2026-07-21 01:00:00+00:00,hyperliquid,gate,15.797337178291357,-0.878528,1,0,14.918809178291358,native_15m_trade_close_plus_real_settlements,-5.081190821708642,-25.081190821708642,-65.08119082170865
PRICE_FUNDING_15M_GLOBAL_WINDOW,15m-0004982,gate/hyperliquid,50,2026-07-22 11:15:00+00:00,2026-07-22 11:30:00+00:00,hyperliquid,gate,8.41722969901668,0.0,0,0,8.41722969901668,native_15m_trade_close_plus_real_settlements,-11.58277030098332,-31.58277030098332,-71.58277030098333
PRICE_FUNDING_15M_GLOBAL_WINDOW,15m-0005131,gate/hyperliquid,100,2026-06-10 09:45:00+00:00,2026-06-10 10:00:00+00:00,hyperliquid,gate,5.396472454917571,-3.429005,1,0,1.9674674549175712,native_15m_trade_close_plus_real_settlements,-18.03253254508243,-38.03253254508243,-78.03253254508243
PRICE_FUNDING_15M_GLOBAL_WINDOW,15m-0005132,gate/hyperliquid,100,2026-06-10 10:15:00+00:00,2026-06-10 10:30:00+00:00,hyperliquid,gate,12.391290846849799,0.0,0,0,12.391290846849799,native_15m_trade_close_plus_real_settlements,-7.608709153150201,-27.6087091531502,-67.6087091531502
PRICE_FUNDING_15M_GLOBAL_WINDOW,15m-0005133,gate/hyperliquid,100,2026-06-10 12:30:00+00:00,2026-06-10 12:45:00+00:00,hyperliquid,gate,19.62165074669187,0.0,0,0,19.62165074669187,native_15m_trade_close_plus_real_settlements,-0.3783492533081301,-20.37834925330813,-60.37834925330813
PRICE_FUNDING_15M_GLOBAL_WINDOW,15m-0005134,gate/hyperliquid,100,2026-06-10 13:00:00+00:00,2026-06-10 14:00:00+00:00,hyperliquid,gate,39.96938606407963,-9.266128,2,0,30.703258064079627,native_15m_trade_close_plus_real_settlements,10.703258064079627,-9.296741935920373,-49.29674193592037
PRICE_FUNDING_15M_GLOBAL_WINDOW,15m-0005135,gate/hyperliquid,100,2026-06-10 15:00:00+00:00,2026-06-10 15:15:00+00:00,hyperliquid,gate,18.84173375473918,-3.385447,1,0,15.456286754739182,native_15m_trade_close_plus_real_settlements,-4.543713245260818,-24.543713245260818,-64.54371324526082
PRICE_FUNDING_15M_GLOBAL_WINDOW,15m-0005136,gate/hyperliquid,100,2026-06-10 23:00:00+00:00,2026-06-10 23:15:00+00:00,hyperliquid,gate,21.485838707348094,1.914476,1,0,23.400314707348095,native_15m_trade_close_plus_real_settlements,3.4003147073480946,-16.599685292651905,-56.599685292651905
PRICE_FUNDING_15M_GLOBAL_WINDOW,15m-0005137,gate/hyperliquid,100,2026-06-10 23:45:00+00:00,2026-06-11 00:00:00+00:00,hyperliquid,gate,40.49551081023674,-18.43223,1,1,22.063280810236737,native_15m_trade_close_plus_real_settlements,2.063280810236737,-17.936719189763263,-57.93671918976327
PRICE_FUNDING_15M_GLOBAL_WINDOW,15m-0005138,gate/hyperliquid,100,2026-06-14 23:15:00+00:00,2026-06-14 23:30:00+00:00,hyperliquid,gate,10.025581308795864,0.0,0,0,10.025581308795864,native_15m_trade_close_plus_real_settlements,-9.974418691204136,-29.974418691204136,-69.97441869120414
PRICE_FUNDING_15M_GLOBAL_WINDOW,15m-0005139,gate/hyperliquid,100,2026-06-21 23:30:00+00:00,2026-06-22 00:00:00+00:00,hyperliquid,gate,58.09668364587097,-22.90441,1,1,35.19227364587097,native_15m_trade_close_plus_real_settlements,15.19227364587097,-4.807726354129031,-44.80772635412903
PRICE_FUNDING_15M_GLOBAL_WINDOW,15m-0005140,gate/hyperliquid,100,2026-06-23 00:45:00+00:00,2026-06-23 01:00:00+00:00,hyperliquid,gate,27.96824761348759,-4.1161710000000005,1,0,23.85207661348759,native_15m_trade_close_plus_real_settlements,3.85207661348759,-16.14792338651241,-56.14792338651241
PRICE_FUNDING_15M_GLOBAL_WINDOW,15m-0005141,gate/hyperliquid,100,2026-06-23 01:45:00+00:00,2026-06-23 02:00:00+00:00,hyperliquid,gate,69.494231933489,-3.672503,1,0,65.821728933489,native_15m_trade_close_plus_real_settlements,45.821728933489,25.821728933489,-14.178271066511002
PRICE_FUNDING_15M_GLOBAL_WINDOW,15m-0005142,gate/hyperliquid,100,2026-06-23 05:30:00+00:00,2026-06-23 05:45:00+00:00,hyperliquid,gate,55.71010281440182,0.0,0,0,55.71010281440182,native_15m_trade_close_plus_real_settlements,35.71010281440182,15.710102814401822,-24.28989718559818
PRICE_FUNDING_15M_GLOBAL_WINDOW,15m-0005143,gate/hyperliquid,100,2026-06-23 08:00:00+00:00,2026-06-23 13:00:00+00:00,hyperliquid,gate,70.97164002318776,25.691675,6,1,96.66331502318776,native_15m_trade_close_plus_real_settlements,76.66331502318776,56.663315023187764,16.663315023187764
PRICE_FUNDING_15M_GLOBAL_WINDOW,15m-0005144,gate/hyperliquid,100,2026-06-23 13:30:00+00:00,2026-06-23 15:45:00+00:00,hyperliquid,gate,52.93045120197334,-4.445244,2,0,48.48520720197334,native_15m_trade_close_plus_real_settlements,28.48520720197334,8.485207201973338,-31.51479279802666
PRICE_FUNDING_15M_GLOBAL_WINDOW,15m-0005145,gate/hyperliquid,100,2026-06-23 16:00:00+00:00,2026-06-23 18:30:00+00:00,hyperliquid,gate,32.92162643682693,11.658301000000002,3,1,44.57992743682693,native_15m_trade_close_plus_real_settlements,24.579927436826928,4.579927436826928,-35.42007256317307
PRICE_FUNDING_15M_GLOBAL_WINDOW,15m-0005146,gate/hyperliquid,100,2026-06-23 19:30:00+00:00,2026-06-23 20:45:00+00:00,hyperliquid,gate,44.52772604292235,-0.752529,1,0,43.77519704292235,native_15m_trade_close_plus_real_settlements,23.77519704292235,3.7751970429223505,-36.22480295707765
PRICE_FUNDING_15M_GLOBAL_WINDOW,15m-0005147,gate/hyperliquid,100,2026-06-24 00:45:00+00:00,2026-06-24 11:15:00+00:00,hyperliquid,gate,115.47508789116337,-11.486066999999997,11,1,103.98902089116338,native_15m_trade_close_plus_real_settlements,83.98902089116338,63.98902089116338,23.989020891163378
PRICE_FUNDING_15M_GLOBAL_WINDOW,15m-0005148,gate/hyperliquid,100,2026-06-24 11:30:00+00:00,2026-06-24 11:45:00+00:00,hyperliquid,gate,25.991247270179727,0.0,0,0,25.991247270179727,native_15m_trade_close_plus_real_settlements,5.991247270179727,-14.008752729820273,-54.00875272982027
PRICE_FUNDING_15M_GLOBAL_WINDOW,15m-0005149,gate/hyperliquid,100,2026-06-24 12:00:00+00:00,2026-06-24 12:15:00+00:00,hyperliquid,gate,7.220137425713389,-0.995835,1,0,6.22430242571339,native_15m_trade_close_plus_real_settlements,-13.77569757428661,-33.77569757428661,-73.77569757428661
PRICE_FUNDING_15M_GLOBAL_WINDOW,15m-0005150,gate/hyperliquid,100,2026-06-24 13:45:00+00:00,2026-06-24 14:00:00+00:00,hyperliquid,gate,13.588440534079922,4.563848999999999,1,0,18.15228953407992,native_15m_trade_close_plus_real_settlements,-1.8477104659200805,-21.84771046592008,-61.84771046592008
PRICE_FUNDING_15M_GLOBAL_WINDOW,15m-0005151,gate/hyperliquid,100,2026-06-24 14:30:00+00:00,2026-06-24 14:45:00+00:00,hyperliquid,gate,3.6541879639412116,0.0,0,0,3.6541879639412116,native_15m_trade_close_plus_real_settlements,-16.34581203605879,-36.34581203605879,-76.34581203605879
PRICE_FUNDING_15M_GLOBAL_WINDOW,15m-0005152,gate/hyperliquid,100,2026-06-24 15:00:00+00:00,2026-06-24 15:45:00+00:00,hyperliquid,gate,18.922042271815556,2.076043,1,0,20.998085271815555,native_15m_trade_close_plus_real_settlements,0.9980852718155546,-19.001914728184445,-59.001914728184445
PRICE_FUNDING_15M_GLOBAL_WINDOW,15m-0005153,gate/hyperliquid,100,2026-06-24 16:45:00+00:00,2026-06-24 17:30:00+00:00,hyperliquid,gate,12.043682054800982,0.7024509999999999,1,0,12.746133054800982,native_15m_trade_close_plus_real_settlements,-7.253866945199018,-27.253866945199018,-67.25386694519902
PRICE_FUNDING_15M_GLOBAL_WINDOW,15m-0005154,gate/hyperliquid,100,2026-06-24 18:15:00+00:00,2026-06-24 19:00:00+00:00,hyperliquid,gate,28.428856421032037,-0.0625,1,0,28.366356421032037,native_15m_trade_close_plus_real_settlements,8.366356421032037,-11.633643578967963,-51.63364357896796
PRICE_FUNDING_15M_GLOBAL_WINDOW,15m-0005155,gate/hyperliquid,100,2026-06-24 20:00:00+00:00,2026-06-30 03:45:00+00:00,hyperliquid,gate,220.2924218617993,-2.455319999999997,128,16,217.8371018617993,native_15m_trade_close_plus_real_settlements,197.8371018617993,177.8371018617993,137.8371018617993
PRICE_FUNDING_15M_GLOBAL_WINDOW,15m-0005156,gate/hyperliquid,100,2026-06-30 06:15:00+00:00,2026-06-30 06:30:00+00:00,hyperliquid,gate,66.95622150081147,0.0,0,0,66.95622150081147,native_15m_trade_close_plus_real_settlements,46.956221500811466,26.956221500811466,-13.043778499188534
PRICE_FUNDING_15M_GLOBAL_WINDOW,15m-0005157,gate/hyperliquid,100,2026-06-30 09:45:00+00:00,2026-06-30 10:00:00+00:00,hyperliquid,gate,10.31736397549082,-2.33286,1,0,7.984503975490821,native_15m_trade_close_plus_real_settlements,-12.01549602450918,-32.015496024509176,-72.01549602450918
PRICE_FUNDING_15M_GLOBAL_WINDOW,15m-0005158,gate/hyperliquid,100,2026-06-30 10:45:00+00:00,2026-06-30 11:15:00+00:00,hyperliquid,gate,17.063808328257892,-2.6933559999999996,1,0,14.370452328257892,native_15m_trade_close_plus_real_settlements,-5.629547671742108,-25.62954767174211,-65.6295476717421
PRICE_FUNDING_15M_GLOBAL_WINDOW,15m-0005159,gate/hyperliquid,100,2026-06-30 22:30:00+00:00,2026-06-30 23:00:00+00:00,hyperliquid,gate,4.267410439321097,-0.0625,1,0,4.204910439321097,native_15m_trade_close_plus_real_settlements,-15.795089560678903,-35.7950895606789,-75.7950895606789
PRICE_FUNDING_15M_GLOBAL_WINDOW,15m-0005160,gate/hyperliquid,100,2026-06-30 23:30:00+00:00,2026-07-01 00:15:00+00:00,hyperliquid,gate,44.044271391045456,-2.108511,1,1,41.935760391045456,native_15m_trade_close_plus_real_settlements,21.935760391045456,1.9357603910454557,-38.064239608954544
PRICE_FUNDING_15M_GLOBAL_WINDOW,15m-0005161,gate/hyperliquid,100,2026-07-01 01:00:00+00:00,2026-07-01 04:15:00+00:00,hyperliquid,gate,98.90735182371324,-13.243458,4,0,85.66389382371324,native_15m_trade_close_plus_real_settlements,65.66389382371324,45.66389382371324,5.663893823713238
PRICE_FUNDING_15M_GLOBAL_WINDOW,15m-0005162,gate/hyperliquid,100,2026-07-01 05:00:00+00:00,2026-07-03 03:15:00+00:00,hyperliquid,gate,201.95031514685093,37.038787,46,6,238.98910214685094,native_15m_trade_close_plus_real_settlements,218.98910214685094,198.98910214685094,158.98910214685094
PRICE_FUNDING_15M_GLOBAL_WINDOW,15m-0005163,gate/hyperliquid,100,2026-07-03 03:30:00+00:00,2026-07-03 03:45:00+00:00,hyperliquid,gate,21.999253241928002,0.0,0,0,21.999253241928002,native_15m_trade_close_plus_real_settlements,1.9992532419280025,-18.000746758071998,-58.000746758072
PRICE_FUNDING_15M_GLOBAL_WINDOW,15m-0005164,gate/hyperliquid,100,2026-07-04 23:30:00+00:00,2026-07-04 23:45:00+00:00,hyperliquid,gate,2.9833900314825286,0.0,0,0,2.9833900314825286,native_15m_trade_close_plus_real_settlements,-17.01660996851747,-37.01660996851747,-77.01660996851747
PRICE_FUNDING_15M_GLOBAL_WINDOW,15m-0005165,gate/hyperliquid,100,2026-07-05 00:45:00+00:00,2026-07-05 01:15:00+00:00,hyperliquid,gate,10.415001026207591,-0.491201,1,0,9.92380002620759,native_15m_trade_close_plus_real_settlements,-10.07619997379241,-30.07619997379241,-70.07619997379241
PRICE_FUNDING_15M_GLOBAL_WINDOW,15m-0005166,gate/hyperliquid,100,2026-07-05 01:45:00+00:00,2026-07-05 02:00:00+00:00,hyperliquid,gate,6.685913091566462,-0.48853,1,0,6.197383091566462,native_15m_trade_close_plus_real_settlements,-13.802616908433539,-33.802616908433535,-73.80261690843354
PRICE_FUNDING_15M_GLOBAL_WINDOW,15m-0005167,gate/hyperliquid,100,2026-07-05 02:30:00+00:00,2026-07-05 03:15:00+00:00,hyperliquid,gate,12.793860421789162,-0.57363,1,0,12.220230421789163,native_15m_trade_close_plus_real_settlements,-7.779769578210837,-27.77976957821084,-67.77976957821083
PRICE_FUNDING_15M_GLOBAL_WINDOW,15m-0005168,gate/hyperliquid,100,2026-07-05 10:45:00+00:00,2026-07-05 15:45:00+00:00,hyperliquid,gate,17.36946774410339,-1.7132870000000004,5,0,15.656180744103388,native_15m_trade_close_plus_real_settlements,-4.343819255896612,-24.343819255896612,-64.34381925589662
PRICE_FUNDING_15M_GLOBAL_WINDOW,15m-0005169,gate/hyperliquid,100,2026-07-05 16:00:00+00:00,2026-07-05 16:45:00+00:00,hyperliquid,gate,10.944423953142007,1.6312630000000001,1,1,12.575686953142007,native_15m_trade_close_plus_real_settlements,-7.424313046857993,-27.424313046857993,-67.42431304685799
PRICE_FUNDING_15M_GLOBAL_WINDOW,15m-0005170,gate/hyperliquid,100,2026-07-05 22:45:00+00:00,2026-07-05 23:00:00+00:00,hyperliquid,gate,8.699793864226237,-2.1269560000000003,1,0,6.572837864226237,native_15m_trade_close_plus_real_settlements,-13.427162135773763,-33.42716213577376,-73.42716213577376
PRICE_FUNDING_15M_GLOBAL_WINDOW,15m-0005171,gate/hyperliquid,100,2026-07-06 00:00:00+00:00,2026-07-06 00:15:00+00:00,hyperliquid,gate,40.982516298018524,0.905075,1,1,41.88759129801852,native_15m_trade_close_plus_real_settlements,21.88759129801852,1.8875912980185205,-38.11240870198148
PRICE_FUNDING_15M_GLOBAL_WINDOW,15m-0005172,gate/hyperliquid,100,2026-07-07 01:15:00+00:00,2026-07-07 01:45:00+00:00,hyperliquid,gate,19.71989017953294,0.0,0,0,19.71989017953294,native_15m_trade_close_plus_real_settlements,-0.2801098204670609,-20.28010982046706,-60.28010982046706
PRICE_FUNDING_15M_GLOBAL_WINDOW,15m-0005173,gate/hyperliquid,100,2026-07-07 02:15:00+00:00,2026-07-07 05:30:00+00:00,hyperliquid,gate,62.289559760255514,-13.435478999999999,3,0,48.85408076025551,native_15m_trade_close_plus_real_settlements,28.854080760255513,8.854080760255513,-31.145919239744487
PRICE_FUNDING_15M_GLOBAL_WINDOW,15m-0005174,gate/hyperliquid,100,2026-07-07 06:45:00+00:00,2026-07-08 00:45:00+00:00,hyperliquid,gate,106.07589343269755,23.944753000000002,18,3,130.02064643269756,native_15m_trade_close_plus_real_settlements,110.02064643269756,90.02064643269756,50.02064643269756
PRICE_FUNDING_15M_GLOBAL_WINDOW,15m-0005175,gate/hyperliquid,100,2026-07-08 01:30:00+00:00,2026-07-08 03:00:00+00:00,hyperliquid,gate,48.79524155943402,-3.029735,2,0,45.765506559434016,native_15m_trade_close_plus_real_settlements,25.765506559434016,5.765506559434016,-34.234493440565984
PRICE_FUNDING_15M_GLOBAL_WINDOW,15m-0005176,gate/hyperliquid,100,2026-07-08 03:30:00+00:00,2026-07-17 13:45:00+00:00,hyperliquid,gate,351.8565656330395,-21.008201999999955,226,37,330.8483636330395,native_15m_trade_close_plus_real_settlements,310.8483636330395,290.8483636330395,250.84836363303953
PRICE_FUNDING_15M_GLOBAL_WINDOW,15m-0005177,gate/hyperliquid,100,2026-07-17 14:00:00+00:00,2026-07-17 18:15:00+00:00,hyperliquid,gate,45.27358318169685,-4.137086,5,1,41.13649718169685,native_15m_trade_close_plus_real_settlements,21.136497181696853,1.1364971816968534,-38.86350281830315
PRICE_FUNDING_15M_GLOBAL_WINDOW,15m-0005178,gate/hyperliquid,100,2026-07-19 23:00:00+00:00,2026-07-19 23:15:00+00:00,hyperliquid,gate,29.24527516434776,-1.120228,1,0,28.12504716434776,native_15m_trade_close_plus_real_settlements,8.125047164347759,-11.874952835652241,-51.87495283565224
PRICE_FUNDING_15M_GLOBAL_WINDOW,15m-0005227,gate/hyperliquid,150,2026-06-23 08:30:00+00:00,2026-06-23 08:45:00+00:00,hyperliquid,gate,32.125646474238124,0.0,0,0,32.125646474238124,native_15m_trade_close_plus_real_settlements,12.125646474238124,-7.874353525761876,-47.874353525761876
PRICE_FUNDING_15M_GLOBAL_WINDOW,15m-0005228,gate/hyperliquid,150,2026-06-23 09:15:00+00:00,2026-06-23 09:30:00+00:00,hyperliquid,gate,22.235672896821825,0.0,0,0,22.235672896821825,native_15m_trade_close_plus_real_settlements,2.235672896821825,-17.764327103178175,-57.764327103178175
PRICE_FUNDING_15M_GLOBAL_WINDOW,15m-0005229,gate/hyperliquid,150,2026-06-23 10:30:00+00:00,2026-06-23 10:45:00+00:00,hyperliquid,gate,27.212637329574903,0.0,0,0,27.212637329574903,native_15m_trade_close_plus_real_settlements,7.212637329574903,-12.787362670425097,-52.7873626704251
PRICE_FUNDING_15M_GLOBAL_WINDOW,15m-0005230,gate/hyperliquid,150,2026-06-24 01:45:00+00:00,2026-06-24 08:45:00+00:00,hyperliquid,gate,71.00852551133713,-3.2704980000000012,7,1,67.73802751133712,native_15m_trade_close_plus_real_settlements,47.73802751133712,27.738027511337123,-12.261972488662877
PRICE_FUNDING_15M_GLOBAL_WINDOW,15m-0005231,gate/hyperliquid,150,2026-06-24 20:15:00+00:00,2026-06-24 21:00:00+00:00,hyperliquid,gate,59.42429082226809,-26.422378,1,0,33.001912822268096,native_15m_trade_close_plus_real_settlements,13.001912822268096,-6.998087177731904,-46.998087177731904
PRICE_FUNDING_15M_GLOBAL_WINDOW,15m-0005232,gate/hyperliquid,150,2026-06-24 22:15:00+00:00,2026-06-24 22:30:00+00:00,hyperliquid,gate,30.169948579187206,0.0,0,0,30.169948579187206,native_15m_trade_close_plus_real_settlements,10.169948579187206,-9.830051420812794,-49.830051420812794
PRICE_FUNDING_15M_GLOBAL_WINDOW,15m-0005233,gate/hyperliquid,150,2026-06-24 23:00:00+00:00,2026-06-24 23:45:00+00:00,hyperliquid,gate,7.14028749097281,-2.635243,1,0,4.50504449097281,native_15m_trade_close_plus_real_settlements,-15.49495550902719,-35.49495550902719,-75.49495550902719
PRICE_FUNDING_15M_GLOBAL_WINDOW,15m-0005234,gate/hyperliquid,150,2026-06-25 00:00:00+00:00,2026-06-25 04:00:00+00:00,hyperliquid,gate,81.71878091138683,21.653487,5,1,103.37226791138683,native_15m_trade_close_plus_real_settlements,83.37226791138683,63.37226791138683,23.372267911386828
PRICE_FUNDING_15M_GLOBAL_WINDOW,15m-0005235,gate/hyperliquid,150,2026-06-25 04:30:00+00:00,2026-06-25 04:45:00+00:00,hyperliquid,gate,6.871635073916991,0.0,0,0,6.871635073916991,native_15m_trade_close_plus_real_settlements,-13.128364926083009,-33.12836492608301,-73.12836492608301
PRICE_FUNDING_15M_GLOBAL_WINDOW,15m-0005236,gate/hyperliquid,150,2026-06-25 05:00:00+00:00,2026-06-25 05:30:00+00:00,hyperliquid,gate,16.800305264794673,-0.08583600000000001,1,0,16.714469264794673,native_15m_trade_close_plus_real_settlements,-3.2855307352053273,-23.285530735205327,-63.28553073520533
PRICE_FUNDING_15M_GLOBAL_WINDOW,15m-0005237,gate/hyperliquid,150,2026-06-25 05:45:00+00:00,2026-06-25 07:00:00+00:00,hyperliquid,gate,51.36978823007874,2.228432,2,0,53.59822023007874,native_15m_trade_close_plus_real_settlements,33.59822023007874,13.598220230078738,-26.401779769921262
PRICE_FUNDING_15M_GLOBAL_WINDOW,15m-0005238,gate/hyperliquid,150,2026-06-25 08:00:00+00:00,2026-06-25 14:15:00+00:00,hyperliquid,gate,62.08866385440237,31.628755,7,1,93.71741885440237,native_15m_trade_close_plus_real_settlements,73.71741885440237,53.71741885440237,13.717418854402368
PRICE_FUNDING_15M_GLOBAL_WINDOW,15m-0005239,gate/hyperliquid,150,2026-06-25 14:45:00+00:00,2026-06-26 05:15:00+00:00,hyperliquid,gate,95.76571869229213,-10.661599,15,2,85.10411969229213,native_15m_trade_close_plus_real_settlements,65.10411969229213,45.10411969229213,5.10411969229213
PRICE_FUNDING_15M_GLOBAL_WINDOW,15m-0005240,gate/hyperliquid,150,2026-06-26 05:30:00+00:00,2026-06-26 06:45:00+00:00,hyperliquid,gate,103.76509826528628,-1.9591749999999999,1,0,101.80592326528628,native_15m_trade_close_plus_real_settlements,81.80592326528628,61.80592326528628,21.80592326528628
PRICE_FUNDING_15M_GLOBAL_WINDOW,15m-0005241,gate/hyperliquid,150,2026-06-26 08:00:00+00:00,2026-06-26 09:00:00+00:00,hyperliquid,gate,34.78190927387777,29.122339,2,1,63.90424827387777,native_15m_trade_close_plus_real_settlements,43.90424827387777,23.90424827387777,-16.09575172612223
PRICE_FUNDING_15M_GLOBAL_WINDOW,15m-0005242,gate/hyperliquid,150,2026-06-26 10:00:00+00:00,2026-06-26 12:15:00+00:00,hyperliquid,gate,27.955400663430765,-1.924231,3,0,26.031169663430767,native_15m_trade_close_plus_real_settlements,6.0311696634307665,-13.968830336569233,-53.96883033656923
PRICE_FUNDING_15M_GLOBAL_WINDOW,15m-0005243,gate/hyperliquid,150,2026-06-26 12:30:00+00:00,2026-06-26 12:45:00+00:00,hyperliquid,gate,6.940234109106768,0.0,0,0,6.940234109106768,native_15m_trade_close_plus_real_settlements,-13.059765890893232,-33.05976589089323,-73.05976589089323
PRICE_FUNDING_15M_GLOBAL_WINDOW,15m-0005244,gate/hyperliquid,150,2026-06-26 17:15:00+00:00,2026-06-26 18:30:00+00:00,hyperliquid,gate,25.16149899437812,0.264961,1,0,25.42645999437812,native_15m_trade_close_plus_real_settlements,5.426459994378121,-14.57354000562188,-54.57354000562188
PRICE_FUNDING_15M_GLOBAL_WINDOW,15m-0005245,gate/hyperliquid,150,2026-06-26 20:30:00+00:00,2026-06-27 00:45:00+00:00,hyperliquid,gate,52.78681244562793,2.8884909999999997,4,1,55.67530344562793,native_15m_trade_close_plus_real_settlements,35.67530344562793,15.675303445627932,-24.324696554372068
PRICE_FUNDING_15M_GLOBAL_WINDOW,15m-0005246,gate/hyperliquid,150,2026-06-27 01:30:00+00:00,2026-06-27 02:15:00+00:00,hyperliquid,gate,24.688304860943447,-0.473073,1,0,24.215231860943447,native_15m_trade_close_plus_real_settlements,4.215231860943447,-15.784768139056553,-55.78476813905655
PRICE_FUNDING_15M_GLOBAL_WINDOW,15m-0005247,gate/hyperliquid,150,2026-06-27 02:45:00+00:00,2026-06-27 05:15:00+00:00,hyperliquid,gate,29.496005440930986,-0.40754199999999996,3,0,29.088463440930987,native_15m_trade_close_plus_real_settlements,9.088463440930987,-10.911536559069013,-50.91153655906901
PRICE_FUNDING_15M_GLOBAL_WINDOW,15m-0005248,gate/hyperliquid,150,2026-06-27 05:30:00+00:00,2026-06-27 06:15:00+00:00,hyperliquid,gate,24.771560396044748,-0.0625,1,0,24.709060396044748,native_15m_trade_close_plus_real_settlements,4.709060396044748,-15.290939603955252,-55.29093960395525
PRICE_FUNDING_15M_GLOBAL_WINDOW,15m-0005249,gate/hyperliquid,150,2026-06-27 06:30:00+00:00,2026-06-27 07:15:00+00:00,hyperliquid,gate,15.051303384630074,-0.0625,1,0,14.988803384630074,native_15m_trade_close_plus_real_settlements,-5.011196615369926,-25.011196615369926,-65.01119661536993
PRICE_FUNDING_15M_GLOBAL_WINDOW,15m-0005250,gate/hyperliquid,150,2026-06-27 07:30:00+00:00,2026-06-27 08:00:00+00:00,hyperliquid,gate,12.807214804569725,2.7275,1,1,15.534714804569724,native_15m_trade_close_plus_real_settlements,-4.465285195430276,-24.465285195430276,-64.46528519543028
PRICE_FUNDING_15M_GLOBAL_WINDOW,15m-0005251,gate/hyperliquid,150,2026-06-27 11:15:00+00:00,2026-06-27 11:30:00+00:00,hyperliquid,gate,8.507250202640222,0.0,0,0,8.507250202640222,native_15m_trade_close_plus_real_settlements,-11.492749797359778,-31.492749797359778,-71.49274979735978
PRICE_FUNDING_15M_GLOBAL_WINDOW,15m-0005252,gate/hyperliquid,150,2026-06-27 13:00:00+00:00,2026-06-27 19:00:00+00:00,hyperliquid,gate,33.62841418497294,1.6175680000000001,7,1,35.24598218497294,native_15m_trade_close_plus_real_settlements,15.245982184972938,-4.754017815027062,-44.75401781502706
PRICE_FUNDING_15M_GLOBAL_WINDOW,15m-0005253,gate/hyperliquid,150,2026-06-27 21:15:00+00:00,2026-06-27 22:15:00+00:00,hyperliquid,gate,11.070015301686539,0.175144,1,0,11.245159301686538,native_15m_trade_close_plus_real_settlements,-8.754840698313462,-28.754840698313462,-68.75484069831346
PRICE_FUNDING_15M_GLOBAL_WINDOW,15m-0005254,gate/hyperliquid,150,2026-06-27 23:15:00+00:00,2026-06-27 23:30:00+00:00,hyperliquid,gate,8.459310848260117,0.0,0,0,8.459310848260117,native_15m_trade_close_plus_real_settlements,-11.540689151739883,-31.540689151739883,-71.54068915173988
PRICE_FUNDING_15M_GLOBAL_WINDOW,15m-0005255,gate/hyperliquid,150,2026-06-28 00:00:00+00:00,2026-06-28 06:00:00+00:00,hyperliquid,gate,43.058286916805656,3.780534,7,1,46.83882091680566,native_15m_trade_close_plus_real_settlements,26.83882091680566,6.838820916805659,-33.16117908319434
PRICE_FUNDING_15M_GLOBAL_WINDOW,15m-0005256,gate/hyperliquid,150,2026-06-28 07:00:00+00:00,2026-06-30 02:15:00+00:00,hyperliquid,gate,168.35081251416332,-45.45413399999998,44,6,122.89667851416334,native_15m_trade_close_plus_real_settlements,102.89667851416334,82.89667851416334,42.89667851416334
PRICE_FUNDING_15M_GLOBAL_WINDOW,15m-0005257,gate/hyperliquid,150,2026-07-01 02:00:00+00:00,2026-07-01 02:30:00+00:00,hyperliquid,gate,69.45252129503447,-4.291251,1,0,65.16127029503447,native_15m_trade_close_plus_real_settlements,45.16127029503447,25.16127029503447,-14.83872970496553
PRICE_FUNDING_15M_GLOBAL_WINDOW,15m-0005258,gate/hyperliquid,150,2026-07-01 06:15:00+00:00,2026-07-01 06:30:00+00:00,hyperliquid,gate,22.22567656823466,0.0,0,0,22.22567656823466,native_15m_trade_close_plus_real_settlements,2.225676568234661,-17.77432343176534,-57.77432343176534
PRICE_FUNDING_15M_GLOBAL_WINDOW,15m-0005259,gate/hyperliquid,150,2026-07-01 08:00:00+00:00,2026-07-02 00:00:00+00:00,hyperliquid,gate,101.18593831818134,39.342594,17,3,140.52853231818133,native_15m_trade_close_plus_real_settlements,120.52853231818133,100.52853231818133,60.528532318181334
PRICE_FUNDING_15M_GLOBAL_WINDOW,15m-0005260,gate/hyperliquid,150,2026-07-02 00:15:00+00:00,2026-07-02 02:00:00+00:00,hyperliquid,gate,53.23111641796734,-5.399342,2,0,47.831774417967345,native_15m_trade_close_plus_real_settlements,27.831774417967345,7.831774417967345,-32.168225582032655
PRICE_FUNDING_15M_GLOBAL_WINDOW,15m-0005261,gate/hyperliquid,150,2026-07-02 02:15:00+00:00,2026-07-02 02:45:00+00:00,hyperliquid,gate,26.650911853878853,0.0,0,0,26.650911853878853,native_15m_trade_close_plus_real_settlements,6.650911853878853,-13.349088146121147,-53.34908814612115
PRICE_FUNDING_15M_GLOBAL_WINDOW,15m-0005262,gate/hyperliquid,150,2026-07-02 03:30:00+00:00,2026-07-02 05:00:00+00:00,hyperliquid,gate,31.13476158602478,-4.537626,2,0,26.59713558602478,native_15m_trade_close_plus_real_settlements,6.5971355860247805,-13.40286441397522,-53.40286441397522
PRICE_FUNDING_15M_GLOBAL_WINDOW,15m-0005263,gate/hyperliquid,150,2026-07-02 05:15:00+00:00,2026-07-02 13:30:00+00:00,hyperliquid,gate,158.27778705489513,-2.565146,8,1,155.71264105489513,native_15m_trade_close_plus_real_settlements,135.71264105489513,115.71264105489513,75.71264105489513
PRICE_FUNDING_15M_GLOBAL_WINDOW,15m-0005264,gate/hyperliquid,150,2026-07-02 18:30:00+00:00,2026-07-02 21:45:00+00:00,hyperliquid,gate,46.830413028063475,-6.637029,3,0,40.19338402806348,native_15m_trade_close_plus_real_settlements,20.193384028063477,0.19338402806347688,-39.80661597193652
PRICE_FUNDING_15M_GLOBAL_WINDOW,15m-0005265,gate/hyperliquid,150,2026-07-03 00:30:00+00:00,2026-07-03 01:15:00+00:00,hyperliquid,gate,46.42739065820459,-3.8521669999999997,1,0,42.575223658204585,native_15m_trade_close_plus_real_settlements,22.575223658204585,2.5752236582045853,-37.424776341795415
PRICE_FUNDING_15M_GLOBAL_WINDOW,15m-0005266,gate/hyperliquid,150,2026-07-07 09:15:00+00:00,2026-07-07 11:00:00+00:00,hyperliquid,gate,18.401447936670223,-6.565526,2,0,11.835921936670223,native_15m_trade_close_plus_real_settlements,-8.164078063329777,-28.164078063329775,-68.16407806332978
PRICE_FUNDING_15M_GLOBAL_WINDOW,15m-0005267,gate/hyperliquid,150,2026-07-07 11:30:00+00:00,2026-07-07 13:15:00+00:00,hyperliquid,gate,37.27060354106348,-2.4256849999999996,2,0,34.84491854106348,native_15m_trade_close_plus_real_settlements,14.844918541063478,-5.155081458936522,-45.15508145893652
PRICE_FUNDING_15M_GLOBAL_WINDOW,15m-0005268,gate/hyperliquid,150,2026-07-07 13:30:00+00:00,2026-07-07 22:45:00+00:00,hyperliquid,gate,45.09074130482128,5.386761999999999,9,1,50.477503304821276,native_15m_trade_close_plus_real_settlements,30.477503304821276,10.477503304821276,-29.522496695178724
PRICE_FUNDING_15M_GLOBAL_WINDOW,15m-0005269,gate/hyperliquid,150,2026-07-07 23:00:00+00:00,2026-07-07 23:45:00+00:00,hyperliquid,gate,39.489922610149904,3.12826,1,0,42.6181826101499,native_15m_trade_close_plus_real_settlements,22.6181826101499,2.6181826101499013,-37.3818173898501
PRICE_FUNDING_15M_GLOBAL_WINDOW,15m-0005270,gate/hyperliquid,150,2026-07-08 05:15:00+00:00,2026-07-08 05:30:00+00:00,hyperliquid,gate,19.027430562549768,0.0,0,0,19.027430562549768,native_15m_trade_close_plus_real_settlements,-0.9725694374502325,-20.972569437450232,-60.97256943745023
PRICE_FUNDING_15M_GLOBAL_WINDOW,15m-0005271,gate/hyperliquid,150,2026-07-08 05:45:00+00:00,2026-07-08 07:00:00+00:00,hyperliquid,gate,35.84420712624612,-5.786824,2,0,30.05738312624612,native_15m_trade_close_plus_real_settlements,10.057383126246119,-9.942616873753881,-49.94261687375388
PRICE_FUNDING_15M_GLOBAL_WINDOW,15m-0005272,gate/hyperliquid,150,2026-07-08 07:15:00+00:00,2026-07-08 14:00:00+00:00,hyperliquid,gate,51.594619694616995,6.21693,7,1,57.81154969461699,native_15m_trade_close_plus_real_settlements,37.81154969461699,17.811549694616993,-22.188450305383007
PRICE_FUNDING_15M_GLOBAL_WINDOW,15m-0005273,gate/hyperliquid,150,2026-07-08 16:00:00+00:00,2026-07-08 20:15:00+00:00,hyperliquid,gate,70.44306125617072,-8.186635,5,1,62.25642625617072,native_15m_trade_close_plus_real_settlements,42.25642625617072,22.25642625617072,-17.74357374382928
PRICE_FUNDING_15M_GLOBAL_WINDOW,15m-0005274,gate/hyperliquid,150,2026-07-08 20:30:00+00:00,2026-07-08 20:45:00+00:00,hyperliquid,gate,3.7852754873896686,0.0,0,0,3.7852754873896686,native_15m_trade_close_plus_real_settlements,-16.21472451261033,-36.21472451261033,-76.21472451261033
PRICE_FUNDING_15M_GLOBAL_WINDOW,15m-0005275,gate/hyperliquid,150,2026-07-08 22:30:00+00:00,2026-07-08 22:45:00+00:00,hyperliquid,gate,10.674704492843318,0.0,0,0,10.674704492843318,native_15m_trade_close_plus_real_settlements,-9.325295507156682,-29.32529550715668,-69.32529550715668
PRICE_FUNDING_15M_GLOBAL_WINDOW,15m-0005276,gate/hyperliquid,150,2026-07-08 23:00:00+00:00,2026-07-09 00:00:00+00:00,hyperliquid,gate,40.96183842037274,-2.106986,2,1,38.854852420372744,native_15m_trade_close_plus_real_settlements,18.854852420372744,-1.145147579627256,-41.145147579627256
PRICE_FUNDING_15M_GLOBAL_WINDOW,15m-0005277,gate/hyperliquid,150,2026-07-09 00:45:00+00:00,2026-07-09 01:15:00+00:00,hyperliquid,gate,13.841854702672293,-1.438124,1,0,12.403730702672293,native_15m_trade_close_plus_real_settlements,-7.596269297327707,-27.59626929732771,-67.59626929732771
PRICE_FUNDING_15M_GLOBAL_WINDOW,15m-0005278,gate/hyperliquid,150,2026-07-09 01:45:00+00:00,2026-07-09 05:45:00+00:00,hyperliquid,gate,29.238295792903784,-9.701221,4,0,19.537074792903784,native_15m_trade_close_plus_real_settlements,-0.462925207096216,-20.462925207096216,-60.46292520709622
PRICE_FUNDING_15M_GLOBAL_WINDOW,15m-0005279,gate/hyperliquid,150,2026-07-09 06:00:00+00:00,2026-07-09 07:00:00+00:00,hyperliquid,gate,16.986337129065333,-5.456626999999999,2,0,11.529710129065334,native_15m_trade_close_plus_real_settlements,-8.470289870934666,-28.470289870934664,-68.47028987093466
PRICE_FUNDING_15M_GLOBAL_WINDOW,15m-0005280,gate/hyperliquid,150,2026-07-09 07:15:00+00:00,2026-07-09 07:45:00+00:00,hyperliquid,gate,13.15903255475547,0.0,0,0,13.15903255475547,native_15m_trade_close_plus_real_settlements,-6.84096744524453,-26.84096744524453,-66.84096744524453
PRICE_FUNDING_15M_GLOBAL_WINDOW,15m-0005281,gate/hyperliquid,150,2026-07-09 08:00:00+00:00,2026-07-17 12:30:00+00:00,hyperliquid,gate,302.3305276523294,11.670594000000033,197,34,314.00112165232946,native_15m_trade_close_plus_real_settlements,294.00112165232946,274.00112165232946,234.00112165232946
PRICE_FUNDING_15M_GLOBAL_WINDOW,15m-0005337,gate/hyperliquid,200,2026-06-24 03:15:00+00:00,2026-06-24 03:30:00+00:00,hyperliquid,gate,36.94688538140457,0.0,0,0,36.94688538140457,native_15m_trade_close_plus_real_settlements,16.94688538140457,-3.05311461859543,-43.05311461859543
PRICE_FUNDING_15M_GLOBAL_WINDOW,15m-0005338,gate/hyperliquid,200,2026-06-24 04:30:00+00:00,2026-06-24 05:00:00+00:00,hyperliquid,gate,31.54964124006014,-2.518862,1,0,29.03077924006014,native_15m_trade_close_plus_real_settlements,9.030779240060141,-10.969220759939859,-50.96922075993986
PRICE_FUNDING_15M_GLOBAL_WINDOW,15m-0005339,gate/hyperliquid,200,2026-06-24 05:30:00+00:00,2026-06-24 05:45:00+00:00,hyperliquid,gate,17.97426958822055,0.0,0,0,17.97426958822055,native_15m_trade_close_plus_real_settlements,-2.025730411779449,-22.02573041177945,-62.02573041177945
PRICE_FUNDING_15M_GLOBAL_WINDOW,15m-0005340,gate/hyperliquid,200,2026-06-24 20:30:00+00:00,2026-06-24 20:45:00+00:00,hyperliquid,gate,1.935694742428126,0.0,0,0,1.935694742428126,native_15m_trade_close_plus_real_settlements,-18.064305257571874,-38.064305257571874,-78.06430525757187
PRICE_FUNDING_15M_GLOBAL_WINDOW,15m-0005341,gate/hyperliquid,200,2026-06-25 00:00:00+00:00,2026-06-25 00:15:00+00:00,hyperliquid,gate,41.667361160354176,28.064550000000004,1,1,69.73191116035417,native_15m_trade_close_plus_real_settlements,49.73191116035417,29.731911160354173,-10.268088839645827
PRICE_FUNDING_15M_GLOBAL_WINDOW,15m-0005342,gate/hyperliquid,200,2026-06-25 00:45:00+00:00,2026-06-25 02:30:00+00:00,hyperliquid,gate,62.80317390979258,-5.019675,2,0,57.78349890979258,native_15m_trade_close_plus_real_settlements,37.78349890979258,17.783498909792577,-22.216501090207423
PRICE_FUNDING_15M_GLOBAL_WINDOW,15m-0005343,gate/hyperliquid,200,2026-06-25 06:15:00+00:00,2026-06-25 06:30:00+00:00,hyperliquid,gate,31.75178939652656,0.0,0,0,31.75178939652656,native_15m_trade_close_plus_real_settlements,11.751789396526561,-8.248210603473439,-48.24821060347344
PRICE_FUNDING_15M_GLOBAL_WINDOW,15m-0005344,gate/hyperliquid,200,2026-06-25 09:00:00+00:00,2026-06-25 10:45:00+00:00,hyperliquid,gate,11.347085587737638,0.388861,2,0,11.735946587737638,native_15m_trade_close_plus_real_settlements,-8.264053412262362,-28.264053412262363,-68.26405341226236
PRICE_FUNDING_15M_GLOBAL_WINDOW,15m-0005345,gate/hyperliquid,200,2026-06-26 00:45:00+00:00,2026-06-26 01:00:00+00:00,hyperliquid,gate,7.456108278273746,-1.9250859999999999,1,0,5.5310222782737455,native_15m_trade_close_plus_real_settlements,-14.468977721726255,-34.468977721726255,-74.46897772172625
PRICE_FUNDING_15M_GLOBAL_WINDOW,15m-0005346,gate/hyperliquid,200,2026-06-26 01:15:00+00:00,2026-06-26 02:45:00+00:00,hyperliquid,gate,24.423209859148244,-2.297877,1,0,22.125332859148244,native_15m_trade_close_plus_real_settlements,2.1253328591482443,-17.874667140851756,-57.874667140851756
PRICE_FUNDING_15M_GLOBAL_WINDOW,15m-0005347,gate/hyperliquid,200,2026-06-26 03:00:00+00:00,2026-06-26 05:00:00+00:00,hyperliquid,gate,58.07551208728461,-11.500221999999999,3,0,46.57529008728461,native_15m_trade_close_plus_real_settlements,26.575290087284607,6.575290087284607,-33.42470991271539
PRICE_FUNDING_15M_GLOBAL_WINDOW,15m-0005348,gate/hyperliquid,200,2026-06-26 06:00:00+00:00,2026-06-26 06:30:00+00:00,hyperliquid,gate,52.24038984635942,-1.9591749999999999,1,0,50.28121484635942,native_15m_trade_close_plus_real_settlements,30.28121484635942,10.281214846359418,-29.71878515364058
PRICE_FUNDING_15M_GLOBAL_WINDOW,15m-0005349,gate/hyperliquid,200,2026-06-28 07:45:00+00:00,2026-06-28 08:15:00+00:00,hyperliquid,gate,13.090105984266103,0.7853569999999999,1,1,13.875462984266102,native_15m_trade_close_plus_real_settlements,-6.124537015733898,-26.1245370157339,-66.12453701573389
PRICE_FUNDING_15M_GLOBAL_WINDOW,15m-0005350,gate/hyperliquid,200,2026-06-28 09:00:00+00:00,2026-06-28 09:45:00+00:00,hyperliquid,gate,23.740765930150303,-1.54652,1,0,22.194245930150302,native_15m_trade_close_plus_real_settlements,2.194245930150302,-17.805754069849698,-57.8057540698497
PRICE_FUNDING_15M_GLOBAL_WINDOW,15m-0005351,gate/hyperliquid,200,2026-06-28 16:00:00+00:00,2026-06-28 16:15:00+00:00,hyperliquid,gate,9.871349944214984,2.6875,1,1,12.558849944214984,native_15m_trade_close_plus_real_settlements,-7.441150055785016,-27.441150055785016,-67.44115005578502
PRICE_FUNDING_15M_GLOBAL_WINDOW,15m-0005352,gate/hyperliquid,200,2026-06-28 23:15:00+00:00,2026-06-28 23:30:00+00:00,hyperliquid,gate,22.546127217960475,0.0,0,0,22.546127217960475,native_15m_trade_close_plus_real_settlements,2.546127217960475,-17.453872782039525,-57.453872782039525
PRICE_FUNDING_15M_GLOBAL_WINDOW,15m-0005353,gate/hyperliquid,200,2026-06-28 23:45:00+00:00,2026-06-29 00:00:00+00:00,hyperliquid,gate,20.54985008034953,-1.9355100000000003,1,1,18.61434008034953,native_15m_trade_close_plus_real_settlements,-1.3856599196504717,-21.38565991965047,-61.38565991965047
PRICE_FUNDING_15M_GLOBAL_WINDOW,15m-0005354,gate/hyperliquid,200,2026-06-29 00:30:00+00:00,2026-06-29 05:30:00+00:00,hyperliquid,gate,114.9360679171825,-20.652147,5,0,94.2839209171825,native_15m_trade_close_plus_real_settlements,74.2839209171825,54.2839209171825,14.283920917182499
PRICE_FUNDING_15M_GLOBAL_WINDOW,15m-0005355,gate/hyperliquid,200,2026-06-29 06:15:00+00:00,2026-06-29 06:45:00+00:00,hyperliquid,gate,41.18174414226482,0.0,0,0,41.18174414226482,native_15m_trade_close_plus_real_settlements,21.18174414226482,1.1817441422648187,-38.81825585773518
PRICE_FUNDING_15M_GLOBAL_WINDOW,15m-0005356,gate/hyperliquid,200,2026-06-29 07:30:00+00:00,2026-06-29 07:45:00+00:00,hyperliquid,gate,12.400874757539128,0.0,0,0,12.400874757539128,native_15m_trade_close_plus_real_settlements,-7.599125242460872,-27.59912524246087,-67.59912524246087
PRICE_FUNDING_15M_GLOBAL_WINDOW,15m-0005357,gate/hyperliquid,200,2026-06-29 08:15:00+00:00,2026-06-29 08:30:00+00:00,hyperliquid,gate,9.868282355055186,0.0,0,0,9.868282355055186,native_15m_trade_close_plus_real_settlements,-10.131717644944814,-30.131717644944814,-70.13171764494481
PRICE_FUNDING_15M_GLOBAL_WINDOW,15m-0005358,gate/hyperliquid,200,2026-06-29 10:15:00+00:00,2026-06-29 11:00:00+00:00,hyperliquid,gate,25.11265110141241,-3.7337839999999995,1,0,21.37886710141241,native_15m_trade_close_plus_real_settlements,1.3788671014124105,-18.62113289858759,-58.62113289858759
PRICE_FUNDING_15M_GLOBAL_WINDOW,15m-0005359,gate/hyperliquid,200,2026-06-29 11:45:00+00:00,2026-06-29 12:00:00+00:00,hyperliquid,gate,6.337344870515977,-0.146669,1,0,6.190675870515977,native_15m_trade_close_plus_real_settlements,-13.809324129484022,-33.809324129484025,-73.80932412948403
PRICE_FUNDING_15M_GLOBAL_WINDOW,15m-0005360,gate/hyperliquid,200,2026-06-29 12:30:00+00:00,2026-06-29 12:45:00+00:00,hyperliquid,gate,20.45739259578869,0.0,0,0,20.45739259578869,native_15m_trade_close_plus_real_settlements,0.45739259578868996,-19.54260740421131,-59.54260740421131
PRICE_FUNDING_15M_GLOBAL_WINDOW,15m-0005361,gate/hyperliquid,200,2026-06-29 20:45:00+00:00,2026-06-29 22:00:00+00:00,hyperliquid,gate,21.969615912499478,0.9104300000000002,2,0,22.88004591249948,native_15m_trade_close_plus_real_settlements,2.8800459124994795,-17.11995408750052,-57.11995408750052
PRICE_FUNDING_15M_GLOBAL_WINDOW,15m-0005362,gate/hyperliquid,200,2026-06-30 00:00:00+00:00,2026-06-30 00:15:00+00:00,hyperliquid,gate,27.69986471929687,-1.8843720000000002,1,1,25.81549271929687,native_15m_trade_close_plus_real_settlements,5.81549271929687,-14.18450728070313,-54.18450728070313
PRICE_FUNDING_15M_GLOBAL_WINDOW,15m-0005363,gate/hyperliquid,200,2026-06-30 01:00:00+00:00,2026-06-30 01:15:00+00:00,hyperliquid,gate,17.799054232448242,-2.901927,1,0,14.897127232448241,native_15m_trade_close_plus_real_settlements,-5.102872767551759,-25.10287276755176,-65.10287276755176
PRICE_FUNDING_15M_GLOBAL_WINDOW,15m-0005364,gate/hyperliquid,200,2026-07-01 08:00:00+00:00,2026-07-01 09:00:00+00:00,hyperliquid,gate,16.348709292640564,27.492228,2,1,43.84093729264056,native_15m_trade_close_plus_real_settlements,23.84093729264056,3.840937292640561,-36.15906270735944
PRICE_FUNDING_15M_GLOBAL_WINDOW,15m-0005365,gate/hyperliquid,200,2026-07-01 09:30:00+00:00,2026-07-01 09:45:00+00:00,hyperliquid,gate,18.32554023655851,0.0,0,0,18.32554023655851,native_15m_trade_close_plus_real_settlements,-1.6744597634414902,-21.67445976344149,-61.67445976344149
PRICE_FUNDING_15M_GLOBAL_WINDOW,15m-0005366,gate/hyperliquid,200,2026-07-01 10:15:00+00:00,2026-07-01 10:45:00+00:00,hyperliquid,gate,10.348716396003312,0.0,0,0,10.348716396003312,native_15m_trade_close_plus_real_settlements,-9.651283603996688,-29.65128360399669,-69.65128360399669
PRICE_FUNDING_15M_GLOBAL_WINDOW,15m-0005367,gate/hyperliquid,200,2026-07-01 11:15:00+00:00,2026-07-01 11:45:00+00:00,hyperliquid,gate,11.920593215546802,0.0,0,0,11.920593215546802,native_15m_trade_close_plus_real_settlements,-8.079406784453198,-28.079406784453198,-68.0794067844532
PRICE_FUNDING_15M_GLOBAL_WINDOW,15m-0005368,gate/hyperliquid,200,2026-07-01 13:15:00+00:00,2026-07-01 16:00:00+00:00,hyperliquid,gate,35.08556191902383,9.99356,3,1,45.079121919023834,native_15m_trade_close_plus_real_settlements,25.079121919023834,5.079121919023834,-34.920878080976166
PRICE_FUNDING_15M_GLOBAL_WINDOW,15m-0005369,gate/hyperliquid,200,2026-07-01 16:15:00+00:00,2026-07-01 16:45:00+00:00,hyperliquid,gate,17.577811681165883,0.0,0,0,17.577811681165883,native_15m_trade_close_plus_real_settlements,-2.4221883188341167,-22.422188318834117,-62.42218831883412
PRICE_FUNDING_15M_GLOBAL_WINDOW,15m-0005370,gate/hyperliquid,200,2026-07-01 17:45:00+00:00,2026-07-01 18:15:00+00:00,hyperliquid,gate,20.25453596672932,0.445072,1,0,20.69960796672932,native_15m_trade_close_plus_real_settlements,0.6996079667293209,-19.30039203327068,-59.30039203327068
PRICE_FUNDING_15M_GLOBAL_WINDOW,15m-0005371,gate/hyperliquid,200,2026-07-01 18:30:00+00:00,2026-07-01 21:45:00+00:00,hyperliquid,gate,23.307725374548568,-0.4731269999999999,3,0,22.834598374548566,native_15m_trade_close_plus_real_settlements,2.834598374548566,-17.165401625451434,-57.16540162545144
PRICE_FUNDING_15M_GLOBAL_WINDOW,15m-0005372,gate/hyperliquid,200,2026-07-01 22:15:00+00:00,2026-07-01 23:45:00+00:00,hyperliquid,gate,66.51600053041261,0.763056,1,0,67.27905653041262,native_15m_trade_close_plus_real_settlements,47.27905653041262,27.279056530412618,-12.720943469587382
PRICE_FUNDING_15M_GLOBAL_WINDOW,15m-0005373,gate/hyperliquid,200,2026-07-02 06:00:00+00:00,2026-07-02 06:30:00+00:00,hyperliquid,gate,102.88131737727926,-3.485586,1,0,99.39573137727926,native_15m_trade_close_plus_real_settlements,79.39573137727926,59.39573137727926,19.39573137727926
PRICE_FUNDING_15M_GLOBAL_WINDOW,15m-0005374,gate/hyperliquid,200,2026-07-02 12:15:00+00:00,2026-07-02 12:30:00+00:00,hyperliquid,gate,28.510767380121194,0.0,0,0,28.510767380121194,native_15m_trade_close_plus_real_settlements,8.510767380121194,-11.489232619878806,-51.489232619878806
PRICE_FUNDING_15M_GLOBAL_WINDOW,15m-0005375,gate/hyperliquid,200,2026-07-08 17:15:00+00:00,2026-07-08 17:30:00+00:00,hyperliquid,gate,11.303010794825866,0.0,0,0,11.303010794825866,native_15m_trade_close_plus_real_settlements,-8.696989205174134,-28.696989205174134,-68.69698920517413
PRICE_FUNDING_15M_GLOBAL_WINDOW,15m-0005376,gate/hyperliquid,200,2026-07-08 17:45:00+00:00,2026-07-08 18:00:00+00:00,hyperliquid,gate,16.238054297321014,-3.648751,1,0,12.589303297321013,native_15m_trade_close_plus_real_settlements,-7.410696702678987,-27.410696702678987,-67.41069670267899
PRICE_FUNDING_15M_GLOBAL_WINDOW,15m-0005377,gate/hyperliquid,200,2026-07-09 09:00:00+00:00,2026-07-09 09:15:00+00:00,hyperliquid,gate,10.256340030109783,-2.659841,1,0,7.596499030109783,native_15m_trade_close_plus_real_settlements,-12.403500969890217,-32.40350096989022,-72.40350096989022
PRICE_FUNDING_15M_GLOBAL_WINDOW,15m-0005378,gate/hyperliquid,200,2026-07-09 10:00:00+00:00,2026-07-09 10:45:00+00:00,hyperliquid,gate,33.10634575923734,-3.155538,1,0,29.950807759237343,native_15m_trade_close_plus_real_settlements,9.950807759237343,-10.049192240762657,-50.04919224076266
PRICE_FUNDING_15M_GLOBAL_WINDOW,15m-0005379,gate/hyperliquid,200,2026-07-09 11:30:00+00:00,2026-07-09 11:45:00+00:00,hyperliquid,gate,10.52938086623385,0.0,0,0,10.52938086623385,native_15m_trade_close_plus_real_settlements,-9.47061913376615,-29.47061913376615,-69.47061913376615
PRICE_FUNDING_15M_GLOBAL_WINDOW,15m-0005380,gate/hyperliquid,200,2026-07-09 13:30:00+00:00,2026-07-09 14:00:00+00:00,hyperliquid,gate,4.075420930883013,-4.174891,1,0,-0.09947006911698697,native_15m_trade_close_plus_real_settlements,-20.099470069116986,-40.09947006911699,-80.09947006911699
PRICE_FUNDING_15M_GLOBAL_WINDOW,15m-0005381,gate/hyperliquid,200,2026-07-09 23:30:00+00:00,2026-07-09 23:45:00+00:00,hyperliquid,gate,13.885939258902113,0.0,0,0,13.885939258902113,native_15m_trade_close_plus_real_settlements,-6.114060741097887,-26.114060741097887,-66.11406074109789
PRICE_FUNDING_15M_GLOBAL_WINDOW,15m-0005382,gate/hyperliquid,200,2026-07-10 00:30:00+00:00,2026-07-10 01:00:00+00:00,hyperliquid,gate,7.83354994947419,-6.2428349999999995,1,0,1.5907149494741901,native_15m_trade_close_plus_real_settlements,-18.40928505052581,-38.40928505052581,-78.40928505052581
PRICE_FUNDING_15M_GLOBAL_WINDOW,15m-0005383,gate/hyperliquid,200,2026-07-10 01:15:00+00:00,2026-07-10 03:45:00+00:00,hyperliquid,gate,33.852207181632366,-11.348308000000001,2,0,22.503899181632363,native_15m_trade_close_plus_real_settlements,2.503899181632363,-17.496100818367637,-57.49610081836764
PRICE_FUNDING_15M_GLOBAL_WINDOW,15m-0005384,gate/hyperliquid,200,2026-07-10 04:15:00+00:00,2026-07-10 04:30:00+00:00,hyperliquid,gate,10.95870734454499,0.0,0,0,10.95870734454499,native_15m_trade_close_plus_real_settlements,-9.04129265545501,-29.04129265545501,-69.04129265545501
PRICE_FUNDING_15M_GLOBAL_WINDOW,15m-0005385,gate/hyperliquid,200,2026-07-10 08:00:00+00:00,2026-07-10 15:30:00+00:00,hyperliquid,gate,69.75492957494197,2.250571999999999,8,1,72.00550157494197,native_15m_trade_close_plus_real_settlements,52.005501574941974,32.005501574941974,-7.994498425058026
PRICE_FUNDING_15M_GLOBAL_WINDOW,15m-0005386,gate/hyperliquid,200,2026-07-10 15:45:00+00:00,2026-07-13 13:15:00+00:00,hyperliquid,gate,260.4339600711968,-20.25663199999999,70,9,240.1773280711968,native_15m_trade_close_plus_real_settlements,220.1773280711968,200.1773280711968,160.1773280711968
PRICE_FUNDING_15M_GLOBAL_WINDOW,15m-0005387,gate/hyperliquid,200,2026-07-13 13:30:00+00:00,2026-07-14 01:15:00+00:00,hyperliquid,gate,132.59670090359342,4.126984000000001,12,2,136.7236849035934,native_15m_trade_close_plus_real_settlements,116.72368490359341,96.72368490359341,56.72368490359341
PRICE_FUNDING_15M_GLOBAL_WINDOW,15m-0005388,gate/hyperliquid,200,2026-07-14 01:30:00+00:00,2026-07-14 05:15:00+00:00,hyperliquid,gate,148.00722631076667,-21.739289000000003,4,0,126.26793731076667,native_15m_trade_close_plus_real_settlements,106.26793731076667,86.26793731076667,46.26793731076667
PRICE_FUNDING_15M_GLOBAL_WINDOW,15m-0005389,gate/hyperliquid,200,2026-07-14 05:30:00+00:00,2026-07-14 06:15:00+00:00,hyperliquid,gate,34.982728412184855,-1.335477,1,0,33.64725141218486,native_15m_trade_close_plus_real_settlements,13.647251412184858,-6.352748587815142,-46.35274858781514
PRICE_FUNDING_15M_GLOBAL_WINDOW,15m-0005390,gate/hyperliquid,200,2026-07-14 08:00:00+00:00,2026-07-15 01:00:00+00:00,hyperliquid,gate,79.98650826252913,8.735999,18,4,88.72250726252912,native_15m_trade_close_plus_real_settlements,68.72250726252912,48.72250726252912,8.72250726252912
PRICE_FUNDING_15M_GLOBAL_WINDOW,15m-0005391,gate/hyperliquid,200,2026-07-15 01:30:00+00:00,2026-07-15 01:45:00+00:00,hyperliquid,gate,5.158825224227996,0.0,0,0,5.158825224227996,native_15m_trade_close_plus_real_settlements,-14.841174775772004,-34.841174775772004,-74.841174775772
PRICE_FUNDING_15M_GLOBAL_WINDOW,15m-0005392,gate/hyperliquid,200,2026-07-15 02:15:00+00:00,2026-07-15 02:30:00+00:00,hyperliquid,gate,6.6381239130545,0.0,0,0,6.6381239130545,native_15m_trade_close_plus_real_settlements,-13.3618760869455,-33.3618760869455,-73.3618760869455
PRICE_FUNDING_15M_GLOBAL_WINDOW,15m-0005393,gate/hyperliquid,200,2026-07-15 02:45:00+00:00,2026-07-15 03:00:00+00:00,hyperliquid,gate,22.957641499677806,0.781004,1,0,23.738645499677805,native_15m_trade_close_plus_real_settlements,3.738645499677805,-16.261354500322195,-56.2613545003222
PRICE_FUNDING_15M_GLOBAL_WINDOW,15m-0005394,gate/hyperliquid,200,2026-07-15 06:30:00+00:00,2026-07-15 07:00:00+00:00,hyperliquid,gate,11.89992420018126,1.7151260000000002,1,0,13.61505020018126,native_15m_trade_close_plus_real_settlements,-6.38494979981874,-26.38494979981874,-66.38494979981874
PRICE_FUNDING_15M_GLOBAL_WINDOW,15m-0005395,gate/hyperliquid,200,2026-07-15 08:00:00+00:00,2026-07-15 08:45:00+00:00,hyperliquid,gate,10.462881480892946,5.312336,1,1,15.775217480892946,native_15m_trade_close_plus_real_settlements,-4.224782519107054,-24.224782519107052,-64.22478251910705
PRICE_FUNDING_15M_GLOBAL_WINDOW,15m-0005396,gate/hyperliquid,200,2026-07-15 10:15:00+00:00,2026-07-15 12:45:00+00:00,hyperliquid,gate,22.930417950097223,-1.8104930000000001,2,1,21.11992495009722,native_15m_trade_close_plus_real_settlements,1.1199249500972215,-18.88007504990278,-58.88007504990278
PRICE_FUNDING_15M_GLOBAL_WINDOW,15m-0005397,gate/hyperliquid,200,2026-07-15 13:30:00+00:00,2026-07-15 13:45:00+00:00,hyperliquid,gate,7.92957545395771,0.0,0,0,7.92957545395771,native_15m_trade_close_plus_real_settlements,-12.07042454604229,-32.07042454604229,-72.07042454604229
PRICE_FUNDING_15M_GLOBAL_WINDOW,15m-0005398,gate/hyperliquid,200,2026-07-15 14:00:00+00:00,2026-07-15 14:15:00+00:00,hyperliquid,gate,17.458665373100075,2.9635160000000003,1,0,20.422181373100074,native_15m_trade_close_plus_real_settlements,0.42218137310007364,-19.577818626899926,-59.577818626899926
PRICE_FUNDING_15M_GLOBAL_WINDOW,15m-0005399,gate/hyperliquid,200,2026-07-15 14:45:00+00:00,2026-07-15 15:15:00+00:00,hyperliquid,gate,18.142913198804877,6.865119,1,0,25.008032198804877,native_15m_trade_close_plus_real_settlements,5.008032198804877,-14.991967801195123,-54.99196780119512
PRICE_FUNDING_15M_GLOBAL_WINDOW,15m-0005400,gate/hyperliquid,200,2026-07-15 16:00:00+00:00,2026-07-15 16:15:00+00:00,hyperliquid,gate,7.863789889485702,1.871412,1,1,9.735201889485701,native_15m_trade_close_plus_real_settlements,-10.264798110514299,-30.2647981105143,-70.2647981105143
PRICE_FUNDING_15M_GLOBAL_WINDOW,15m-0005401,gate/hyperliquid,200,2026-07-15 17:00:00+00:00,2026-07-15 18:15:00+00:00,hyperliquid,gate,29.430317570174736,2.7427930000000003,2,0,32.173110570174735,native_15m_trade_close_plus_real_settlements,12.173110570174735,-7.826889429825265,-47.826889429825265
PRICE_FUNDING_15M_GLOBAL_WINDOW,15m-0005402,gate/hyperliquid,200,2026-07-15 18:30:00+00:00,2026-07-15 18:45:00+00:00,hyperliquid,gate,15.811794993559005,0.0,0,0,15.811794993559005,native_15m_trade_close_plus_real_settlements,-4.188205006440995,-24.188205006440995,-64.188205006441
PRICE_FUNDING_15M_GLOBAL_WINDOW,15m-0005403,gate/hyperliquid,200,2026-07-15 23:00:00+00:00,2026-07-16 01:45:00+00:00,hyperliquid,gate,30.955516193658667,1.2304220000000001,3,1,32.185938193658664,native_15m_trade_close_plus_real_settlements,12.185938193658664,-7.814061806341336,-47.814061806341336
PRICE_FUNDING_15M_GLOBAL_WINDOW,15m-0005404,gate/hyperliquid,200,2026-07-16 02:30:00+00:00,2026-07-16 02:45:00+00:00,hyperliquid,gate,19.92615002567237,0.0,0,0,19.92615002567237,native_15m_trade_close_plus_real_settlements,-0.0738499743276293,-20.07384997432763,-60.07384997432763
PRICE_FUNDING_15M_GLOBAL_WINDOW,15m-0005405,gate/hyperliquid,200,2026-07-16 03:15:00+00:00,2026-07-16 03:45:00+00:00,hyperliquid,gate,24.826204928316514,0.0,0,0,24.826204928316514,native_15m_trade_close_plus_real_settlements,4.826204928316514,-15.173795071683486,-55.173795071683486
PRICE_FUNDING_15M_GLOBAL_WINDOW,15m-0005406,gate/hyperliquid,200,2026-07-16 04:00:00+00:00,2026-07-16 05:00:00+00:00,hyperliquid,gate,23.120894745360516,4.11256,2,1,27.23345474536052,native_15m_trade_close_plus_real_settlements,7.233454745360518,-12.766545254639482,-52.76654525463948
PRICE_FUNDING_15M_GLOBAL_WINDOW,15m-0005407,gate/hyperliquid,200,2026-07-16 06:00:00+00:00,2026-07-16 06:15:00+00:00,hyperliquid,gate,13.211562524749326,-0.717835,1,0,12.493727524749325,native_15m_trade_close_plus_real_settlements,-7.506272475250675,-27.506272475250675,-67.50627247525068
PRICE_FUNDING_15M_GLOBAL_WINDOW,15m-0005408,gate/hyperliquid,200,2026-07-16 07:15:00+00:00,2026-07-16 07:45:00+00:00,hyperliquid,gate,8.321742011346657,0.0,0,0,8.321742011346657,native_15m_trade_close_plus_real_settlements,-11.678257988653343,-31.678257988653343,-71.67825798865334
PRICE_FUNDING_15M_GLOBAL_WINDOW,15m-0005409,gate/hyperliquid,200,2026-07-16 08:15:00+00:00,2026-07-16 08:30:00+00:00,hyperliquid,gate,5.164268552013681,0.0,0,0,5.164268552013681,native_15m_trade_close_plus_real_settlements,-14.83573144798632,-34.83573144798632,-74.83573144798632
PRICE_FUNDING_15M_GLOBAL_WINDOW,15m-0005410,gate/hyperliquid,200,2026-07-16 08:45:00+00:00,2026-07-16 09:00:00+00:00,hyperliquid,gate,7.787308146968371,0.7587179999999999,1,0,8.546026146968371,native_15m_trade_close_plus_real_settlements,-11.453973853031629,-31.453973853031627,-71.45397385303163
PRICE_FUNDING_15M_GLOBAL_WINDOW,15m-0005411,gate/hyperliquid,200,2026-07-16 09:45:00+00:00,2026-07-17 00:30:00+00:00,hyperliquid,gate,60.58840038628429,15.931636000000003,15,4,76.52003638628429,native_15m_trade_close_plus_real_settlements,56.52003638628429,36.52003638628429,-3.479963613715711
PRICE_FUNDING_15M_GLOBAL_WINDOW,15m-0005412,gate/hyperliquid,200,2026-07-17 01:30:00+00:00,2026-07-17 02:30:00+00:00,hyperliquid,gate,11.828665719558757,0.058114,1,0,11.886779719558756,native_15m_trade_close_plus_real_settlements,-8.113220280441244,-28.113220280441244,-68.11322028044124
PRICE_FUNDING_15M_GLOBAL_WINDOW,15m-0005413,gate/hyperliquid,200,2026-07-17 02:45:00+00:00,2026-07-17 03:00:00+00:00,hyperliquid,gate,7.742076207756384,1.664931,1,0,9.407007207756383,native_15m_trade_close_plus_real_settlements,-10.592992792243617,-30.592992792243617,-70.59299279224362
PRICE_FUNDING_15M_GLOBAL_WINDOW,15m-0005414,gate/hyperliquid,200,2026-07-17 03:15:00+00:00,2026-07-17 04:00:00+00:00,hyperliquid,gate,16.163744524721807,2.6628079999999996,1,1,18.826552524721805,native_15m_trade_close_plus_real_settlements,-1.173447475278195,-21.173447475278195,-61.173447475278195
PRICE_FUNDING_15M_GLOBAL_WINDOW,15m-0005496,gate/okx,20,2026-06-10 09:15:00+00:00,2026-06-10 11:15:00+00:00,okx,gate,26.925373479909037,0.0,0,0,26.925373479909037,native_15m_trade_close_plus_real_settlements,6.925373479909037,-13.074626520090963,-53.07462652009096
PRICE_FUNDING_15M_GLOBAL_WINDOW,15m-0005497,gate/okx,20,2026-06-10 11:45:00+00:00,2026-06-10 17:00:00+00:00,okx,gate,52.83773662495746,-17.126487673407,1,1,35.71124895155046,native_15m_trade_close_plus_real_settlements,15.71124895155046,-4.288751048449541,-44.28875104844954
PRICE_FUNDING_15M_GLOBAL_WINDOW,15m-0005498,gate/okx,20,2026-06-10 17:15:00+00:00,2026-06-10 18:00:00+00:00,okx,gate,21.28862080182345,0.0,0,0,21.28862080182345,native_15m_trade_close_plus_real_settlements,1.2886208018234484,-18.71137919817655,-58.71137919817655
PRICE_FUNDING_15M_GLOBAL_WINDOW,15m-0005499,gate/okx,20,2026-06-10 18:30:00+00:00,2026-06-10 18:45:00+00:00,okx,gate,19.73072736851988,0.0,0,0,19.73072736851988,native_15m_trade_close_plus_real_settlements,-0.2692726314801206,-20.26927263148012,-60.26927263148012
PRICE_FUNDING_15M_GLOBAL_WINDOW,15m-0005500,gate/okx,20,2026-06-10 19:00:00+00:00,2026-06-10 20:15:00+00:00,okx,gate,41.01526971342677,0.0,0,0,41.01526971342677,native_15m_trade_close_plus_real_settlements,21.01526971342677,1.0152697134267683,-38.98473028657323
PRICE_FUNDING_15M_GLOBAL_WINDOW,15m-0005501,gate/okx,20,2026-06-10 20:30:00+00:00,2026-06-10 21:45:00+00:00,okx,gate,17.85375344017452,0.0,0,0,17.85375344017452,native_15m_trade_close_plus_real_settlements,-2.1462465598254816,-22.14624655982548,-62.146246559825485
PRICE_FUNDING_15M_GLOBAL_WINDOW,15m-0005502,gate/okx,20,2026-06-10 22:00:00+00:00,2026-06-10 22:15:00+00:00,okx,gate,9.153135696169308,0.0,0,0,9.153135696169308,native_15m_trade_close_plus_real_settlements,-10.846864303830692,-30.846864303830692,-70.8468643038307
PRICE_FUNDING_15M_GLOBAL_WINDOW,15m-0005503,gate/okx,20,2026-06-10 22:30:00+00:00,2026-06-11 00:00:00+00:00,okx,gate,48.16591144868416,-16.830000000000002,1,1,31.33591144868416,native_15m_trade_close_plus_real_settlements,11.335911448684161,-8.664088551315839,-48.66408855131584
PRICE_FUNDING_15M_GLOBAL_WINDOW,15m-0005504,gate/okx,20,2026-06-11 00:15:00+00:00,2026-06-11 00:30:00+00:00,okx,gate,23.611444205508963,0.0,0,0,23.611444205508963,native_15m_trade_close_plus_real_settlements,3.6114442055089633,-16.388555794491037,-56.38855579449104
PRICE_FUNDING_15M_GLOBAL_WINDOW,15m-0005505,gate/okx,20,2026-06-11 04:30:00+00:00,2026-06-11 07:15:00+00:00,okx,gate,19.65685881698028,0.0,0,0,19.65685881698028,native_15m_trade_close_plus_real_settlements,-0.3431411830197213,-20.34314118301972,-60.343141183019725
PRICE_FUNDING_15M_GLOBAL_WINDOW,15m-0005506,gate/okx,20,2026-06-11 08:45:00+00:00,2026-06-11 09:00:00+00:00,okx,gate,12.183014832274067,0.0,0,0,12.183014832274067,native_15m_trade_close_plus_real_settlements,-7.816985167725933,-27.81698516772593,-67.81698516772593
PRICE_FUNDING_15M_GLOBAL_WINDOW,15m-0005507,gate/okx,20,2026-06-11 15:45:00+00:00,2026-06-11 16:00:00+00:00,okx,gate,7.879814247317535,-10.300512691225999,1,1,-2.4206984439084636,native_15m_trade_close_plus_real_settlements,-22.420698443908464,-42.420698443908464,-82.42069844390846
PRICE_FUNDING_15M_GLOBAL_WINDOW,15m-0005508,gate/okx,20,2026-06-11 17:45:00+00:00,2026-06-11 18:00:00+00:00,gate,okx,8.853009430491015,0.0,0,0,8.853009430491015,native_15m_trade_close_plus_real_settlements,-11.146990569508985,-31.146990569508986,-71.14699056950899
PRICE_FUNDING_15M_GLOBAL_WINDOW,15m-0005509,gate/okx,20,2026-06-11 19:15:00+00:00,2026-06-11 19:30:00+00:00,okx,gate,25.57372636112763,0.0,0,0,25.57372636112763,native_15m_trade_close_plus_real_settlements,5.57372636112763,-14.42627363887237,-54.426273638872374
PRICE_FUNDING_15M_GLOBAL_WINDOW,15m-0005510,gate/okx,20,2026-06-11 20:15:00+00:00,2026-06-11 20:30:00+00:00,okx,gate,5.9492092438933675,0.0,0,0,5.9492092438933675,native_15m_trade_close_plus_real_settlements,-14.050790756106633,-34.050790756106636,-74.05079075610664
PRICE_FUNDING_15M_GLOBAL_WINDOW,15m-0005511,gate/okx,20,2026-06-11 21:00:00+00:00,2026-06-11 21:45:00+00:00,okx,gate,11.732056282515842,0.0,0,0,11.732056282515842,native_15m_trade_close_plus_real_settlements,-8.267943717484158,-28.267943717484158,-68.26794371748416
PRICE_FUNDING_15M_GLOBAL_WINDOW,15m-0005512,gate/okx,20,2026-06-11 22:00:00+00:00,2026-06-11 22:15:00+00:00,okx,gate,3.918045857547771,0.0,0,0,3.918045857547771,native_15m_trade_close_plus_real_settlements,-16.08195414245223,-36.08195414245223,-76.08195414245223
PRICE_FUNDING_15M_GLOBAL_WINDOW,15m-0005513,gate/okx,20,2026-06-11 22:30:00+00:00,2026-06-11 23:00:00+00:00,okx,gate,7.15103401693877,0.0,0,0,7.15103401693877,native_15m_trade_close_plus_real_settlements,-12.84896598306123,-32.848965983061234,-72.84896598306123
PRICE_FUNDING_15M_GLOBAL_WINDOW,15m-0005514,gate/okx,20,2026-06-11 23:30:00+00:00,2026-06-12 00:00:00+00:00,okx,gate,25.64220290741797,-14.197225215341001,1,1,11.44497769207697,native_15m_trade_close_plus_real_settlements,-8.55502230792303,-28.555022307923032,-68.55502230792302
PRICE_FUNDING_15M_GLOBAL_WINDOW,15m-0005515,gate/okx,20,2026-06-12 00:30:00+00:00,2026-06-12 00:45:00+00:00,gate,okx,11.7927078596005,0.0,0,0,11.7927078596005,native_15m_trade_close_plus_real_settlements,-8.2072921403995,-28.207292140399503,-68.2072921403995
PRICE_FUNDING_15M_GLOBAL_WINDOW,15m-0005516,gate/okx,20,2026-06-12 01:45:00+00:00,2026-06-12 02:15:00+00:00,okx,gate,35.34315543844533,0.0,0,0,35.34315543844533,native_15m_trade_close_plus_real_settlements,15.34315543844533,-4.656844561554671,-44.65684456155467
PRICE_FUNDING_15M_GLOBAL_WINDOW,15m-0005517,gate/okx,20,2026-06-12 02:30:00+00:00,2026-06-12 02:45:00+00:00,okx,gate,8.671934836700176,0.0,0,0,8.671934836700176,native_15m_trade_close_plus_real_settlements,-11.328065163299824,-31.328065163299826,-71.32806516329983
PRICE_FUNDING_15M_GLOBAL_WINDOW,15m-0005518,gate/okx,20,2026-06-12 03:45:00+00:00,2026-06-12 04:00:00+00:00,okx,gate,7.965534909056988,0.0,0,0,7.965534909056988,native_15m_trade_close_plus_real_settlements,-12.034465090943012,-32.034465090943016,-72.03446509094302
PRICE_FUNDING_15M_GLOBAL_WINDOW,15m-0005519,gate/okx,20,2026-06-12 04:45:00+00:00,2026-06-12 05:00:00+00:00,okx,gate,20.428527167190175,0.0,0,0,20.428527167190175,native_15m_trade_close_plus_real_settlements,0.42852716719017536,-19.571472832809825,-59.571472832809825
PRICE_FUNDING_15M_GLOBAL_WINDOW,15m-0005520,gate/okx,20,2026-06-12 05:45:00+00:00,2026-06-12 06:15:00+00:00,okx,gate,15.240681639997248,0.0,0,0,15.240681639997248,native_15m_trade_close_plus_real_settlements,-4.7593183600027515,-24.75931836000275,-64.75931836000275
PRICE_FUNDING_15M_GLOBAL_WINDOW,15m-0005521,gate/okx,20,2026-06-12 07:30:00+00:00,2026-06-12 07:45:00+00:00,okx,gate,10.535476119035673,0.0,0,0,10.535476119035673,native_15m_trade_close_plus_real_settlements,-9.464523880964327,-29.46452388096433,-69.46452388096432
PRICE_FUNDING_15M_GLOBAL_WINDOW,15m-0005522,gate/okx,20,2026-06-12 10:30:00+00:00,2026-06-12 15:30:00+00:00,okx,gate,44.85092293596223,0.0,0,0,44.85092293596223,native_15m_trade_close_plus_real_settlements,24.85092293596223,4.850922935962231,-35.14907706403777
PRICE_FUNDING_15M_GLOBAL_WINDOW,15m-0005523,gate/okx,20,2026-06-12 17:45:00+00:00,2026-06-12 18:00:00+00:00,okx,gate,8.046436324458439,0.0,0,0,8.046436324458439,native_15m_trade_close_plus_real_settlements,-11.953563675541561,-31.95356367554156,-71.95356367554156
PRICE_FUNDING_15M_GLOBAL_WINDOW,15m-0005524,gate/okx,20,2026-06-12 20:00:00+00:00,2026-06-12 20:15:00+00:00,okx,gate,5.4994757100073475,0.0,0,0,5.4994757100073475,native_15m_trade_close_plus_real_settlements,-14.500524289992653,-34.500524289992654,-74.50052428999265
PRICE_FUNDING_15M_GLOBAL_WINDOW,15m-0005525,gate/okx,20,2026-06-12 20:45:00+00:00,2026-06-12 21:00:00+00:00,okx,gate,2.0097643099539617,0.0,0,0,2.0097643099539617,native_15m_trade_close_plus_real_settlements,-17.99023569004604,-37.990235690046035,-77.99023569004603
PRICE_FUNDING_15M_GLOBAL_WINDOW,15m-0005526,gate/okx,20,2026-06-12 21:30:00+00:00,2026-06-12 21:45:00+00:00,okx,gate,21.7302624462749,0.0,0,0,21.7302624462749,native_15m_trade_close_plus_real_settlements,1.7302624462748994,-18.2697375537251,-58.2697375537251
PRICE_FUNDING_15M_GLOBAL_WINDOW,15m-0005527,gate/okx,20,2026-06-13 05:30:00+00:00,2026-06-13 05:45:00+00:00,okx,gate,16.35879742957929,0.0,0,0,16.35879742957929,native_15m_trade_close_plus_real_settlements,-3.6412025704207096,-23.64120257042071,-63.64120257042071
PRICE_FUNDING_15M_GLOBAL_WINDOW,15m-0005528,gate/okx,20,2026-06-13 06:30:00+00:00,2026-06-13 08:00:00+00:00,okx,gate,24.43824730995688,-7.035951931451999,1,1,17.40229537850488,native_15m_trade_close_plus_real_settlements,-2.5977046214951187,-22.59770462149512,-62.59770462149512
PRICE_FUNDING_15M_GLOBAL_WINDOW,15m-0005529,gate/okx,20,2026-06-13 08:45:00+00:00,2026-06-13 09:00:00+00:00,okx,gate,1.3284258241383498,0.0,0,0,1.3284258241383498,native_15m_trade_close_plus_real_settlements,-18.67157417586165,-38.67157417586165,-78.67157417586165
PRICE_FUNDING_15M_GLOBAL_WINDOW,15m-0005530,gate/okx,20,2026-06-13 09:45:00+00:00,2026-06-13 10:00:00+00:00,okx,gate,5.433791382494146,0.0,0,0,5.433791382494146,native_15m_trade_close_plus_real_settlements,-14.566208617505854,-34.56620861750585,-74.56620861750585
PRICE_FUNDING_15M_GLOBAL_WINDOW,15m-0005531,gate/okx,20,2026-06-13 11:30:00+00:00,2026-06-13 11:45:00+00:00,okx,gate,9.56510592911577,0.0,0,0,9.56510592911577,native_15m_trade_close_plus_real_settlements,-10.43489407088423,-30.43489407088423,-70.43489407088423
PRICE_FUNDING_15M_GLOBAL_WINDOW,15m-0005532,gate/okx,20,2026-06-13 12:15:00+00:00,2026-06-13 12:30:00+00:00,okx,gate,10.216920189900657,0.0,0,0,10.216920189900657,native_15m_trade_close_plus_real_settlements,-9.783079810099343,-29.783079810099345,-69.78307981009934
PRICE_FUNDING_15M_GLOBAL_WINDOW,15m-0005533,gate/okx,20,2026-06-13 13:15:00+00:00,2026-06-13 13:45:00+00:00,okx,gate,14.978233218167773,0.0,0,0,14.978233218167773,native_15m_trade_close_plus_real_settlements,-5.021766781832227,-25.021766781832227,-65.02176678183223
PRICE_FUNDING_15M_GLOBAL_WINDOW,15m-0005534,gate/okx,20,2026-06-13 15:00:00+00:00,2026-06-13 16:00:00+00:00,okx,gate,8.696386234569204,-4.886972132112999,1,1,3.8094141024562047,native_15m_trade_close_plus_real_settlements,-16.190585897543794,-36.1905858975438,-76.1905858975438
PRICE_FUNDING_15M_GLOBAL_WINDOW,15m-0005535,gate/okx,20,2026-06-13 16:45:00+00:00,2026-06-13 17:00:00+00:00,okx,gate,17.57943085472531,0.0,0,0,17.57943085472531,native_15m_trade_close_plus_real_settlements,-2.4205691452746905,-22.42056914527469,-62.42056914527469
PRICE_FUNDING_15M_GLOBAL_WINDOW,15m-0005536,gate/okx,20,2026-06-13 17:15:00+00:00,2026-06-13 17:30:00+00:00,okx,gate,12.195363354319568,0.0,0,0,12.195363354319568,native_15m_trade_close_plus_real_settlements,-7.804636645680432,-27.804636645680432,-67.80463664568043
PRICE_FUNDING_15M_GLOBAL_WINDOW,15m-0005537,gate/okx,20,2026-06-13 19:00:00+00:00,2026-06-13 19:15:00+00:00,okx,gate,5.305285219671912,0.0,0,0,5.305285219671912,native_15m_trade_close_plus_real_settlements,-14.694714780328088,-34.694714780328084,-74.69471478032808
PRICE_FUNDING_15M_GLOBAL_WINDOW,15m-0005538,gate/okx,20,2026-06-13 19:30:00+00:00,2026-06-13 20:30:00+00:00,okx,gate,22.707177771244897,0.0,0,0,22.707177771244897,native_15m_trade_close_plus_real_settlements,2.707177771244897,-17.292822228755103,-57.2928222287551
PRICE_FUNDING_15M_GLOBAL_WINDOW,15m-0005539,gate/okx,20,2026-06-13 22:00:00+00:00,2026-06-13 22:15:00+00:00,okx,gate,18.68784522624044,0.0,0,0,18.68784522624044,native_15m_trade_close_plus_real_settlements,-1.3121547737595591,-21.31215477375956,-61.31215477375956
PRICE_FUNDING_15M_GLOBAL_WINDOW,15m-0005540,gate/okx,20,2026-06-14 00:00:00+00:00,2026-06-14 00:30:00+00:00,okx,gate,11.4692283551153,1.0,0,1,12.4692283551153,native_15m_trade_close_plus_real_settlements,-7.5307716448847,-27.5307716448847,-67.5307716448847
PRICE_FUNDING_15M_GLOBAL_WINDOW,15m-0005541,gate/okx,20,2026-06-14 02:15:00+00:00,2026-06-14 02:45:00+00:00,okx,gate,5.379407609434754,0.0,0,0,5.379407609434754,native_15m_trade_close_plus_real_settlements,-14.620592390565246,-34.62059239056525,-74.62059239056525
PRICE_FUNDING_15M_GLOBAL_WINDOW,15m-0005542,gate/okx,20,2026-06-14 03:00:00+00:00,2026-06-14 03:15:00+00:00,okx,gate,5.967566669828905,0.0,0,0,5.967566669828905,native_15m_trade_close_plus_real_settlements,-14.032433330171095,-34.032433330171095,-74.0324333301711
PRICE_FUNDING_15M_GLOBAL_WINDOW,15m-0005543,gate/okx,20,2026-06-14 03:45:00+00:00,2026-06-14 04:15:00+00:00,okx,gate,27.784841455244717,0.0,0,0,27.784841455244717,native_15m_trade_close_plus_real_settlements,7.784841455244717,-12.215158544755283,-52.21515854475528
PRICE_FUNDING_15M_GLOBAL_WINDOW,15m-0005544,gate/okx,20,2026-06-14 04:30:00+00:00,2026-06-14 04:45:00+00:00,okx,gate,9.977715705268789,0.0,0,0,9.977715705268789,native_15m_trade_close_plus_real_settlements,-10.022284294731211,-30.02228429473121,-70.02228429473121
PRICE_FUNDING_15M_GLOBAL_WINDOW,15m-0005545,gate/okx,20,2026-06-14 05:15:00+00:00,2026-06-14 05:30:00+00:00,okx,gate,8.032303846117973,0.0,0,0,8.032303846117973,native_15m_trade_close_plus_real_settlements,-11.967696153882027,-31.967696153882027,-71.96769615388203
PRICE_FUNDING_15M_GLOBAL_WINDOW,15m-0005546,gate/okx,20,2026-06-14 07:45:00+00:00,2026-06-14 08:00:00+00:00,okx,gate,13.891538714014972,-5.236325142695,1,1,8.655213571319972,native_15m_trade_close_plus_real_settlements,-11.344786428680028,-31.344786428680028,-71.34478642868002
PRICE_FUNDING_15M_GLOBAL_WINDOW,15m-0005547,gate/okx,20,2026-06-14 09:15:00+00:00,2026-06-14 09:30:00+00:00,okx,gate,34.449681800073186,0.0,0,0,34.449681800073186,native_15m_trade_close_plus_real_settlements,14.449681800073186,-5.550318199926814,-45.550318199926814
PRICE_FUNDING_15M_GLOBAL_WINDOW,15m-0005548,gate/okx,20,2026-06-14 09:45:00+00:00,2026-06-14 10:30:00+00:00,okx,gate,10.493163824066869,0.0,0,0,10.493163824066869,native_15m_trade_close_plus_real_settlements,-9.506836175933131,-29.50683617593313,-69.50683617593313
PRICE_FUNDING_15M_GLOBAL_WINDOW,15m-0005549,gate/okx,20,2026-06-14 11:00:00+00:00,2026-06-14 12:45:00+00:00,okx,gate,13.441372824613207,0.0,0,0,13.441372824613207,native_15m_trade_close_plus_real_settlements,-6.558627175386793,-26.558627175386793,-66.55862717538679
PRICE_FUNDING_15M_GLOBAL_WINDOW,15m-0005550,gate/okx,20,2026-06-14 13:00:00+00:00,2026-06-14 13:15:00+00:00,okx,gate,18.519210779337605,0.0,0,0,18.519210779337605,native_15m_trade_close_plus_real_settlements,-1.4807892206623947,-21.480789220662395,-61.480789220662395
PRICE_FUNDING_15M_GLOBAL_WINDOW,15m-0005551,gate/okx,20,2026-06-14 19:45:00+00:00,2026-06-14 20:00:00+00:00,okx,gate,7.9551425079827105,0.0,0,0,7.9551425079827105,native_15m_trade_close_plus_real_settlements,-12.04485749201729,-32.044857492017286,-72.04485749201729
PRICE_FUNDING_15M_GLOBAL_WINDOW,15m-0005552,gate/okx,20,2026-06-14 21:15:00+00:00,2026-06-14 21:30:00+00:00,okx,gate,13.288796437697302,0.0,0,0,13.288796437697302,native_15m_trade_close_plus_real_settlements,-6.711203562302698,-26.7112035623027,-66.7112035623027
PRICE_FUNDING_15M_GLOBAL_WINDOW,15m-0005553,gate/okx,20,2026-06-14 21:45:00+00:00,2026-06-15 00:15:00+00:00,okx,gate,41.55453053236424,-38.529757881667,1,1,3.024772650697237,native_15m_trade_close_plus_real_settlements,-16.975227349302763,-36.97522734930276,-76.97522734930277
PRICE_FUNDING_15M_GLOBAL_WINDOW,15m-0005554,gate/okx,20,2026-06-15 01:30:00+00:00,2026-06-15 04:00:00+00:00,okx,gate,34.425493507159594,0.0,0,0,34.425493507159594,native_15m_trade_close_plus_real_settlements,14.425493507159594,-5.574506492840406,-45.574506492840406
PRICE_FUNDING_15M_GLOBAL_WINDOW,15m-0005555,gate/okx,20,2026-06-15 04:30:00+00:00,2026-06-15 05:00:00+00:00,okx,gate,11.070937799102705,0.0,0,0,11.070937799102705,native_15m_trade_close_plus_real_settlements,-8.929062200897295,-28.929062200897295,-68.92906220089729
PRICE_FUNDING_15M_GLOBAL_WINDOW,15m-0005556,gate/okx,20,2026-06-15 05:45:00+00:00,2026-06-15 06:00:00+00:00,okx,gate,17.175309338157746,0.0,0,0,17.175309338157746,native_15m_trade_close_plus_real_settlements,-2.8246906618422543,-22.824690661842254,-62.824690661842254
PRICE_FUNDING_15M_GLOBAL_WINDOW,15m-0005557,gate/okx,20,2026-06-15 08:00:00+00:00,2026-06-15 08:15:00+00:00,okx,gate,13.773637561369092,24.37,0,1,38.14363756136909,native_15m_trade_close_plus_real_settlements,18.14363756136909,-1.85636243863091,-41.85636243863091
PRICE_FUNDING_15M_GLOBAL_WINDOW,15m-0005558,gate/okx,20,2026-06-15 09:00:00+00:00,2026-06-15 10:45:00+00:00,okx,gate,14.351488171615479,0.0,0,0,14.351488171615479,native_15m_trade_close_plus_real_settlements,-5.648511828384521,-25.64851182838452,-65.64851182838453
PRICE_FUNDING_15M_GLOBAL_WINDOW,15m-0005559,gate/okx,20,2026-06-15 11:00:00+00:00,2026-06-15 11:15:00+00:00,okx,gate,9.087117299875134,0.0,0,0,9.087117299875134,native_15m_trade_close_plus_real_settlements,-10.912882700124866,-30.912882700124868,-70.91288270012487
PRICE_FUNDING_15M_GLOBAL_WINDOW,15m-0005560,gate/okx,20,2026-06-15 11:45:00+00:00,2026-06-15 13:00:00+00:00,okx,gate,12.243885384404368,0.0,0,0,12.243885384404368,native_15m_trade_close_plus_real_settlements,-7.7561146155956315,-27.75611461559563,-67.75611461559564
PRICE_FUNDING_15M_GLOBAL_WINDOW,15m-0005561,gate/okx,20,2026-06-15 13:15:00+00:00,2026-06-15 14:00:00+00:00,okx,gate,21.40382445450902,0.0,0,0,21.40382445450902,native_15m_trade_close_plus_real_settlements,1.4038244545090208,-18.59617554549098,-58.59617554549098
PRICE_FUNDING_15M_GLOBAL_WINDOW,15m-0005562,gate/okx,20,2026-06-15 14:15:00+00:00,2026-06-15 14:30:00+00:00,okx,gate,12.75293733859346,0.0,0,0,12.75293733859346,native_15m_trade_close_plus_real_settlements,-7.24706266140654,-27.247062661406538,-67.24706266140655
PRICE_FUNDING_15M_GLOBAL_WINDOW,15m-0005563,gate/okx,20,2026-06-15 14:45:00+00:00,2026-06-15 15:45:00+00:00,okx,gate,15.993984025765382,0.0,0,0,15.993984025765382,native_15m_trade_close_plus_real_settlements,-4.006015974234618,-24.006015974234618,-64.00601597423461
PRICE_FUNDING_15M_GLOBAL_WINDOW,15m-0005564,gate/okx,20,2026-06-15 16:00:00+00:00,2026-06-15 16:45:00+00:00,okx,gate,24.017337547138414,11.8,0,1,35.817337547138415,native_15m_trade_close_plus_real_settlements,15.817337547138415,-4.182662452861585,-44.182662452861585
PRICE_FUNDING_15M_GLOBAL_WINDOW,15m-0005565,gate/okx,20,2026-06-15 17:00:00+00:00,2026-06-15 17:15:00+00:00,okx,gate,8.387080804142649,0.0,0,0,8.387080804142649,native_15m_trade_close_plus_real_settlements,-11.612919195857351,-31.61291919585735,-71.61291919585736
PRICE_FUNDING_15M_GLOBAL_WINDOW,15m-0005566,gate/okx,20,2026-06-15 17:30:00+00:00,2026-06-15 17:45:00+00:00,okx,gate,11.302194085730743,0.0,0,0,11.302194085730743,native_15m_trade_close_plus_real_settlements,-8.697805914269257,-28.697805914269257,-68.69780591426925
PRICE_FUNDING_15M_GLOBAL_WINDOW,15m-0005567,gate/okx,20,2026-06-15 18:30:00+00:00,2026-06-15 21:15:00+00:00,okx,gate,17.51844029844832,0.0,0,0,17.51844029844832,native_15m_trade_close_plus_real_settlements,-2.4815597015516815,-22.48155970155168,-62.48155970155168
PRICE_FUNDING_15M_GLOBAL_WINDOW,15m-0005568,gate/okx,20,2026-06-15 22:00:00+00:00,2026-06-15 22:30:00+00:00,okx,gate,11.905972303822647,0.0,0,0,11.905972303822647,native_15m_trade_close_plus_real_settlements,-8.094027696177353,-28.094027696177353,-68.09402769617735
PRICE_FUNDING_15M_GLOBAL_WINDOW,15m-0005569,gate/okx,20,2026-06-15 23:00:00+00:00,2026-06-15 23:15:00+00:00,okx,gate,4.539928774685649,0.0,0,0,4.539928774685649,native_15m_trade_close_plus_real_settlements,-15.460071225314351,-35.46007122531435,-75.46007122531435
PRICE_FUNDING_15M_GLOBAL_WINDOW,15m-0005570,gate/okx,20,2026-06-16 00:30:00+00:00,2026-06-16 01:15:00+00:00,okx,gate,11.472146359528187,0.0,0,0,11.472146359528187,native_15m_trade_close_plus_real_settlements,-8.527853640471813,-28.52785364047181,-68.52785364047182
PRICE_FUNDING_15M_GLOBAL_WINDOW,15m-0005571,gate/okx,20,2026-06-16 02:00:00+00:00,2026-06-16 02:15:00+00:00,okx,gate,9.024722619040396,0.0,0,0,9.024722619040396,native_15m_trade_close_plus_real_settlements,-10.975277380959604,-30.975277380959604,-70.9752773809596
PRICE_FUNDING_15M_GLOBAL_WINDOW,15m-0005572,gate/okx,20,2026-06-16 04:45:00+00:00,2026-06-16 05:00:00+00:00,okx,gate,5.743861443111848,0.0,0,0,5.743861443111848,native_15m_trade_close_plus_real_settlements,-14.256138556888152,-34.25613855688815,-74.25613855688815
PRICE_FUNDING_15M_GLOBAL_WINDOW,15m-0005573,gate/okx,20,2026-06-16 08:15:00+00:00,2026-06-16 17:45:00+00:00,okx,gate,52.15558795345032,16.552314489719002,1,1,68.70790244316933,native_15m_trade_close_plus_real_settlements,48.70790244316933,28.70790244316933,-11.292097556830669
PRICE_FUNDING_15M_GLOBAL_WINDOW,15m-0005574,gate/okx,20,2026-06-16 18:15:00+00:00,2026-06-16 19:15:00+00:00,okx,gate,14.774024460693786,0.0,0,0,14.774024460693786,native_15m_trade_close_plus_real_settlements,-5.225975539306214,-25.225975539306212,-65.22597553930622
PRICE_FUNDING_15M_GLOBAL_WINDOW,15m-0005575,gate/okx,20,2026-06-16 21:00:00+00:00,2026-06-16 21:15:00+00:00,okx,gate,6.436562808967988,0.0,0,0,6.436562808967988,native_15m_trade_close_plus_real_settlements,-13.563437191032012,-33.56343719103201,-73.56343719103201
PRICE_FUNDING_15M_GLOBAL_WINDOW,15m-0005576,gate/okx,20,2026-06-16 21:45:00+00:00,2026-06-17 00:15:00+00:00,okx,gate,25.571871812824494,1.0,1,1,26.571871812824494,native_15m_trade_close_plus_real_settlements,6.571871812824494,-13.428128187175506,-53.4281281871755
PRICE_FUNDING_15M_GLOBAL_WINDOW,15m-0005577,gate/okx,20,2026-06-17 00:30:00+00:00,2026-06-17 00:45:00+00:00,okx,gate,16.98242180760573,0.0,0,0,16.98242180760573,native_15m_trade_close_plus_real_settlements,-3.0175781923942715,-23.01757819239427,-63.01757819239427
PRICE_FUNDING_15M_GLOBAL_WINDOW,15m-0005578,gate/okx,20,2026-06-17 01:30:00+00:00,2026-06-17 01:45:00+00:00,okx,gate,23.9159166719111,0.0,0,0,23.9159166719111,native_15m_trade_close_plus_real_settlements,3.9159166719110985,-16.0840833280889,-56.0840833280889
PRICE_FUNDING_15M_GLOBAL_WINDOW,15m-0005579,gate/okx,20,2026-06-17 02:00:00+00:00,2026-06-17 02:15:00+00:00,okx,gate,4.416810793543011,0.0,0,0,4.416810793543011,native_15m_trade_close_plus_real_settlements,-15.58318920645699,-35.58318920645699,-75.58318920645699
PRICE_FUNDING_15M_GLOBAL_WINDOW,15m-0005580,gate/okx,20,2026-06-17 05:00:00+00:00,2026-06-17 05:30:00+00:00,okx,gate,22.255939906312072,0.0,0,0,22.255939906312072,native_15m_trade_close_plus_real_settlements,2.255939906312072,-17.744060093687928,-57.74406009368793
PRICE_FUNDING_15M_GLOBAL_WINDOW,15m-0005581,gate/okx,20,2026-06-17 07:45:00+00:00,2026-06-17 08:00:00+00:00,gate,okx,11.449262746141653,-10.193137006424,1,1,1.2561257397176533,native_15m_trade_close_plus_real_settlements,-18.743874260282347,-38.74387426028235,-78.74387426028235
PRICE_FUNDING_15M_GLOBAL_WINDOW,15m-0005582,gate/okx,20,2026-06-17 09:00:00+00:00,2026-06-17 09:15:00+00:00,okx,gate,9.485485503675237,0.0,0,0,9.485485503675237,native_15m_trade_close_plus_real_settlements,-10.514514496324763,-30.514514496324765,-70.51451449632476
PRICE_FUNDING_15M_GLOBAL_WINDOW,15m-0005583,gate/okx,20,2026-06-17 11:00:00+00:00,2026-06-17 11:15:00+00:00,okx,gate,9.415408450453464,0.0,0,0,9.415408450453464,native_15m_trade_close_plus_real_settlements,-10.584591549546536,-30.584591549546538,-70.58459154954653
PRICE_FUNDING_15M_GLOBAL_WINDOW,15m-0005584,gate/okx,20,2026-06-17 12:45:00+00:00,2026-06-17 13:15:00+00:00,okx,gate,21.844578525156074,0.0,0,0,21.844578525156074,native_15m_trade_close_plus_real_settlements,1.8445785251560736,-18.155421474843926,-58.155421474843926
PRICE_FUNDING_15M_GLOBAL_WINDOW,15m-0005585,gate/okx,20,2026-06-17 13:30:00+00:00,2026-06-17 13:45:00+00:00,okx,gate,26.610059130869153,0.0,0,0,26.610059130869153,native_15m_trade_close_plus_real_settlements,6.610059130869153,-13.389940869130847,-53.38994086913085
PRICE_FUNDING_15M_GLOBAL_WINDOW,15m-0005586,gate/okx,20,2026-06-17 14:45:00+00:00,2026-06-17 15:00:00+00:00,okx,gate,4.776943716088745,0.0,0,0,4.776943716088745,native_15m_trade_close_plus_real_settlements,-15.223056283911255,-35.223056283911255,-75.22305628391126
PRICE_FUNDING_15M_GLOBAL_WINDOW,15m-0005587,gate/okx,20,2026-06-17 15:15:00+00:00,2026-06-17 16:15:00+00:00,okx,gate,16.117529299636317,-12.601929317286999,1,1,3.5155999823493183,native_15m_trade_close_plus_real_settlements,-16.48440001765068,-36.484400017650685,-76.48440001765069
PRICE_FUNDING_15M_GLOBAL_WINDOW,15m-0005588,gate/okx,20,2026-06-17 16:30:00+00:00,2026-06-17 17:30:00+00:00,okx,gate,19.62703547318931,0.0,0,0,19.62703547318931,native_15m_trade_close_plus_real_settlements,-0.3729645268106907,-20.37296452681069,-60.37296452681069
PRICE_FUNDING_15M_GLOBAL_WINDOW,15m-0005589,gate/okx,20,2026-06-17 17:45:00+00:00,2026-06-17 18:15:00+00:00,okx,gate,14.063198163465497,0.0,0,0,14.063198163465497,native_15m_trade_close_plus_real_settlements,-5.936801836534503,-25.936801836534503,-65.9368018365345
PRICE_FUNDING_15M_GLOBAL_WINDOW,15m-0005590,gate/okx,20,2026-06-17 18:45:00+00:00,2026-06-17 19:45:00+00:00,okx,gate,12.467873657461602,0.0,0,0,12.467873657461602,native_15m_trade_close_plus_real_settlements,-7.5321263425383975,-27.532126342538398,-67.53212634253839
PRICE_FUNDING_15M_GLOBAL_WINDOW,15m-0005591,gate/okx,20,2026-06-17 20:00:00+00:00,2026-06-17 20:15:00+00:00,okx,gate,11.803264725734579,0.0,0,0,11.803264725734579,native_15m_trade_close_plus_real_settlements,-8.196735274265421,-28.19673527426542,-68.19673527426542
PRICE_FUNDING_15M_GLOBAL_WINDOW,15m-0005592,gate/okx,20,2026-06-17 21:30:00+00:00,2026-06-17 21:45:00+00:00,okx,gate,18.993106413908688,0.0,0,0,18.993106413908688,native_15m_trade_close_plus_real_settlements,-1.0068935860913122,-21.006893586091312,-61.00689358609131
PRICE_FUNDING_15M_GLOBAL_WINDOW,15m-0005593,gate/okx,20,2026-06-17 23:00:00+00:00,2026-06-17 23:15:00+00:00,okx,gate,6.006838351729925,0.0,0,0,6.006838351729925,native_15m_trade_close_plus_real_settlements,-13.993161648270075,-33.993161648270075,-73.99316164827007
PRICE_FUNDING_15M_GLOBAL_WINDOW,15m-0005594,gate/okx,20,2026-06-17 23:45:00+00:00,2026-06-18 00:00:00+00:00,okx,gate,27.164663255374855,-15.113517402762998,1,1,12.051145852611857,native_15m_trade_close_plus_real_settlements,-7.948854147388143,-27.948854147388143,-67.94885414738815
PRICE_FUNDING_15M_GLOBAL_WINDOW,15m-0005595,gate/okx,20,2026-06-18 03:45:00+00:00,2026-06-18 04:00:00+00:00,okx,gate,2.0464648124598668,0.0,0,0,2.0464648124598668,native_15m_trade_close_plus_real_settlements,-17.953535187540133,-37.95353518754013,-77.95353518754013
PRICE_FUNDING_15M_GLOBAL_WINDOW,15m-0005596,gate/okx,20,2026-06-18 04:30:00+00:00,2026-06-18 04:45:00+00:00,okx,gate,6.323750512376218,0.0,0,0,6.323750512376218,native_15m_trade_close_plus_real_settlements,-13.676249487623782,-33.67624948762378,-73.67624948762378
PRICE_FUNDING_15M_GLOBAL_WINDOW,15m-0005597,gate/okx,20,2026-06-18 05:45:00+00:00,2026-06-18 06:00:00+00:00,okx,gate,10.267050484677833,0.0,0,0,10.267050484677833,native_15m_trade_close_plus_real_settlements,-9.732949515322167,-29.73294951532217,-69.73294951532216
PRICE_FUNDING_15M_GLOBAL_WINDOW,15m-0005598,gate/okx,20,2026-06-18 10:15:00+00:00,2026-06-18 10:30:00+00:00,okx,gate,11.32128740057086,0.0,0,0,11.32128740057086,native_15m_trade_close_plus_real_settlements,-8.67871259942914,-28.67871259942914,-68.67871259942913
PRICE_FUNDING_15M_GLOBAL_WINDOW,15m-0005599,gate/okx,20,2026-06-18 10:45:00+00:00,2026-06-18 12:15:00+00:00,okx,gate,17.282567844461774,0.0,0,0,17.282567844461774,native_15m_trade_close_plus_real_settlements,-2.7174321555382264,-22.717432155538226,-62.717432155538226
PRICE_FUNDING_15M_GLOBAL_WINDOW,15m-0005600,gate/okx,20,2026-06-18 12:30:00+00:00,2026-06-18 14:15:00+00:00,okx,gate,13.580475425873232,0.0,0,0,13.580475425873232,native_15m_trade_close_plus_real_settlements,-6.419524574126768,-26.41952457412677,-66.41952457412677
PRICE_FUNDING_15M_GLOBAL_WINDOW,15m-0005601,gate/okx,20,2026-06-18 14:30:00+00:00,2026-06-18 14:45:00+00:00,okx,gate,9.471314720762283,0.0,0,0,9.471314720762283,native_15m_trade_close_plus_real_settlements,-10.528685279237717,-30.528685279237717,-70.52868527923772
PRICE_FUNDING_15M_GLOBAL_WINDOW,15m-0005602,gate/okx,20,2026-06-18 22:00:00+00:00,2026-06-18 22:15:00+00:00,okx,gate,19.649064470425735,0.0,0,0,19.649064470425735,native_15m_trade_close_plus_real_settlements,-0.3509355295742651,-20.350935529574265,-60.350935529574265
PRICE_FUNDING_15M_GLOBAL_WINDOW,15m-0005603,gate/okx,20,2026-06-18 23:45:00+00:00,2026-06-19 00:00:00+00:00,okx,gate,26.607731171051373,-19.097782764719,1,1,7.509948406332374,native_15m_trade_close_plus_real_settlements,-12.490051593667626,-32.49005159366763,-72.49005159366763
PRICE_FUNDING_15M_GLOBAL_WINDOW,15m-0005604,gate/okx,20,2026-06-19 01:45:00+00:00,2026-06-19 02:00:00+00:00,gate,okx,18.700726312051508,0.0,0,0,18.700726312051508,native_15m_trade_close_plus_real_settlements,-1.2992736879484923,-21.299273687948492,-61.29927368794849
PRICE_FUNDING_15M_GLOBAL_WINDOW,15m-0005605,gate/okx,20,2026-06-19 03:15:00+00:00,2026-06-19 03:45:00+00:00,gate,okx,36.01812109840979,0.0,0,0,36.01812109840979,native_15m_trade_close_plus_real_settlements,16.018121098409793,-3.981878901590207,-43.98187890159021
PRICE_FUNDING_15M_GLOBAL_WINDOW,15m-0005606,gate/okx,20,2026-06-19 04:00:00+00:00,2026-06-19 04:15:00+00:00,gate,okx,13.571061144297076,0.0,0,0,13.571061144297076,native_15m_trade_close_plus_real_settlements,-6.428938855702924,-26.428938855702924,-66.42893885570292
PRICE_FUNDING_15M_GLOBAL_WINDOW,15m-0005607,gate/okx,20,2026-06-19 06:00:00+00:00,2026-06-19 06:15:00+00:00,okx,gate,6.754151215543917,0.0,0,0,6.754151215543917,native_15m_trade_close_plus_real_settlements,-13.245848784456083,-33.245848784456086,-73.24584878445609
PRICE_FUNDING_15M_GLOBAL_WINDOW,15m-0005608,gate/okx,20,2026-06-19 08:15:00+00:00,2026-06-19 08:30:00+00:00,gate,okx,16.57102977856598,0.0,0,0,16.57102977856598,native_15m_trade_close_plus_real_settlements,-3.428970221434021,-23.42897022143402,-63.42897022143402
PRICE_FUNDING_15M_GLOBAL_WINDOW,15m-0005609,gate/okx,20,2026-06-19 13:15:00+00:00,2026-06-19 13:45:00+00:00,okx,gate,8.369534837434223,0.0,0,0,8.369534837434223,native_15m_trade_close_plus_real_settlements,-11.630465162565777,-31.630465162565777,-71.63046516256577
PRICE_FUNDING_15M_GLOBAL_WINDOW,15m-0005610,gate/okx,20,2026-06-19 14:00:00+00:00,2026-06-19 16:00:00+00:00,okx,gate,23.293433145942082,-10.538647262704,1,1,12.754785883238082,native_15m_trade_close_plus_real_settlements,-7.245214116761918,-27.245214116761918,-67.24521411676191
PRICE_FUNDING_15M_GLOBAL_WINDOW,15m-0005611,gate/okx,20,2026-06-19 16:15:00+00:00,2026-06-19 16:30:00+00:00,okx,gate,6.077397696919109,0.0,0,0,6.077397696919109,native_15m_trade_close_plus_real_settlements,-13.922602303080891,-33.92260230308089,-73.9226023030809
PRICE_FUNDING_15M_GLOBAL_WINDOW,15m-0005612,gate/okx,20,2026-06-19 23:00:00+00:00,2026-06-19 23:30:00+00:00,okx,gate,10.162831837639727,0.0,0,0,10.162831837639727,native_15m_trade_close_plus_real_settlements,-9.837168162360273,-29.83716816236027,-69.83716816236027
PRICE_FUNDING_15M_GLOBAL_WINDOW,15m-0005613,gate/okx,20,2026-06-19 23:45:00+00:00,2026-06-20 00:00:00+00:00,okx,gate,22.073394566049362,-18.972950265775,1,1,3.1004443002743614,native_15m_trade_close_plus_real_settlements,-16.89955569972564,-36.89955569972564,-76.89955569972564
PRICE_FUNDING_15M_GLOBAL_WINDOW,15m-0005614,gate/okx,20,2026-06-20 00:45:00+00:00,2026-06-20 01:00:00+00:00,okx,gate,12.630553951650292,0.0,0,0,12.630553951650292,native_15m_trade_close_plus_real_settlements,-7.369446048349708,-27.369446048349708,-67.36944604834972
PRICE_FUNDING_15M_GLOBAL_WINDOW,15m-0005615,gate/okx,20,2026-06-20 01:45:00+00:00,2026-06-20 02:15:00+00:00,okx,gate,3.903726681321107,0.0,0,0,3.903726681321107,native_15m_trade_close_plus_real_settlements,-16.096273318678893,-36.0962733186789,-76.0962733186789
PRICE_FUNDING_15M_GLOBAL_WINDOW,15m-0005616,gate/okx,20,2026-06-20 03:00:00+00:00,2026-06-20 03:15:00+00:00,okx,gate,9.706062028620869,0.0,0,0,9.706062028620869,native_15m_trade_close_plus_real_settlements,-10.293937971379131,-30.29393797137913,-70.29393797137914
PRICE_FUNDING_15M_GLOBAL_WINDOW,15m-0005617,gate/okx,20,2026-06-20 03:30:00+00:00,2026-06-20 04:00:00+00:00,okx,gate,11.225873239708353,0.0,0,0,11.225873239708353,native_15m_trade_close_plus_real_settlements,-8.774126760291647,-28.774126760291647,-68.77412676029165
PRICE_FUNDING_15M_GLOBAL_WINDOW,15m-0005618,gate/okx,20,2026-06-20 05:15:00+00:00,2026-06-20 05:30:00+00:00,okx,gate,14.173112861846075,0.0,0,0,14.173112861846075,native_15m_trade_close_plus_real_settlements,-5.826887138153925,-25.826887138153925,-65.82688713815392
PRICE_FUNDING_15M_GLOBAL_WINDOW,15m-0005619,gate/okx,20,2026-06-20 14:45:00+00:00,2026-06-20 15:00:00+00:00,okx,gate,31.69725896651921,0.0,0,0,31.69725896651921,native_15m_trade_close_plus_real_settlements,11.697258966519211,-8.302741033480789,-48.302741033480785
PRICE_FUNDING_15M_GLOBAL_WINDOW,15m-0005620,gate/okx,20,2026-06-20 15:45:00+00:00,2026-06-20 16:00:00+00:00,okx,gate,31.122471226870363,-12.069174334262,1,1,19.053296892608365,native_15m_trade_close_plus_real_settlements,-0.9467031073916345,-20.946703107391635,-60.946703107391635
PRICE_FUNDING_15M_GLOBAL_WINDOW,15m-0005621,gate/okx,20,2026-06-20 18:45:00+00:00,2026-06-20 19:15:00+00:00,okx,gate,7.489926375483952,0.0,0,0,7.489926375483952,native_15m_trade_close_plus_real_settlements,-12.510073624516048,-32.510073624516046,-72.51007362451605
PRICE_FUNDING_15M_GLOBAL_WINDOW,15m-0005622,gate/okx,20,2026-06-20 20:45:00+00:00,2026-06-20 21:00:00+00:00,okx,gate,3.246349595972344,0.0,0,0,3.246349595972344,native_15m_trade_close_plus_real_settlements,-16.753650404027656,-36.75365040402765,-76.75365040402765
PRICE_FUNDING_15M_GLOBAL_WINDOW,15m-0005623,gate/okx,20,2026-06-20 21:15:00+00:00,2026-06-20 21:45:00+00:00,okx,gate,13.4148735266923,0.0,0,0,13.4148735266923,native_15m_trade_close_plus_real_settlements,-6.5851264733076995,-26.5851264733077,-66.5851264733077
PRICE_FUNDING_15M_GLOBAL_WINDOW,15m-0005624,gate/okx,20,2026-06-20 22:00:00+00:00,2026-06-20 22:15:00+00:00,okx,gate,31.906444965724514,0.0,0,0,31.906444965724514,native_15m_trade_close_plus_real_settlements,11.906444965724514,-8.093555034275486,-48.09355503427548
PRICE_FUNDING_15M_GLOBAL_WINDOW,15m-0005625,gate/okx,20,2026-06-21 00:45:00+00:00,2026-06-21 01:00:00+00:00,okx,gate,9.700239242160418,0.0,0,0,9.700239242160418,native_15m_trade_close_plus_real_settlements,-10.299760757839582,-30.299760757839582,-70.29976075783958
PRICE_FUNDING_15M_GLOBAL_WINDOW,15m-0005626,gate/okx,20,2026-06-21 01:45:00+00:00,2026-06-21 02:00:00+00:00,okx,gate,4.30444236169925,0.0,0,0,4.30444236169925,native_15m_trade_close_plus_real_settlements,-15.69555763830075,-35.69555763830075,-75.69555763830076
PRICE_FUNDING_15M_GLOBAL_WINDOW,15m-0005627,gate/okx,20,2026-06-21 02:15:00+00:00,2026-06-21 02:30:00+00:00,okx,gate,10.520341689353321,0.0,0,0,10.520341689353321,native_15m_trade_close_plus_real_settlements,-9.479658310646679,-29.479658310646677,-69.47965831064668
PRICE_FUNDING_15M_GLOBAL_WINDOW,15m-0005628,gate/okx,20,2026-06-21 05:30:00+00:00,2026-06-21 06:15:00+00:00,okx,gate,7.6676358705469525,0.0,0,0,7.6676358705469525,native_15m_trade_close_plus_real_settlements,-12.332364129453047,-32.33236412945305,-72.33236412945305
PRICE_FUNDING_15M_GLOBAL_WINDOW,15m-0005629,gate/okx,20,2026-06-21 06:30:00+00:00,2026-06-21 08:15:00+00:00,okx,gate,24.294425896355584,-13.237660192737998,1,1,11.056765703617586,native_15m_trade_close_plus_real_settlements,-8.943234296382414,-28.943234296382414,-68.94323429638241
PRICE_FUNDING_15M_GLOBAL_WINDOW,15m-0005630,gate/okx,20,2026-06-21 08:30:00+00:00,2026-06-21 09:00:00+00:00,okx,gate,12.485743577375702,0.0,0,0,12.485743577375702,native_15m_trade_close_plus_real_settlements,-7.514256422624298,-27.5142564226243,-67.5142564226243
PRICE_FUNDING_15M_GLOBAL_WINDOW,15m-0005631,gate/okx,20,2026-06-21 09:15:00+00:00,2026-06-21 09:30:00+00:00,okx,gate,14.322191174604662,0.0,0,0,14.322191174604662,native_15m_trade_close_plus_real_settlements,-5.6778088253953385,-25.67780882539534,-65.67780882539535
PRICE_FUNDING_15M_GLOBAL_WINDOW,15m-0005632,gate/okx,20,2026-06-21 15:15:00+00:00,2026-06-21 16:00:00+00:00,okx,gate,7.869128926810049,-12.408527991724998,1,1,-4.539399064914949,native_15m_trade_close_plus_real_settlements,-24.53939906491495,-44.539399064914946,-84.53939906491495
PRICE_FUNDING_15M_GLOBAL_WINDOW,15m-0005633,gate/okx,20,2026-06-21 21:30:00+00:00,2026-06-21 21:45:00+00:00,okx,gate,11.89785447133852,0.0,0,0,11.89785447133852,native_15m_trade_close_plus_real_settlements,-8.10214552866148,-28.10214552866148,-68.10214552866148
PRICE_FUNDING_15M_GLOBAL_WINDOW,15m-0005634,gate/okx,20,2026-06-21 23:00:00+00:00,2026-06-22 00:30:00+00:00,okx,gate,37.045966720393565,-33.647362952074005,1,1,3.3986037683195605,native_15m_trade_close_plus_real_settlements,-16.60139623168044,-36.60139623168044,-76.60139623168044
PRICE_FUNDING_15M_GLOBAL_WINDOW,15m-0005635,gate/okx,20,2026-06-22 00:45:00+00:00,2026-06-22 01:00:00+00:00,gate,okx,2.420444243379329,0.0,0,0,2.420444243379329,native_15m_trade_close_plus_real_settlements,-17.57955575662067,-37.57955575662067,-77.57955575662066
PRICE_FUNDING_15M_GLOBAL_WINDOW,15m-0005636,gate/okx,20,2026-06-22 02:15:00+00:00,2026-06-22 03:00:00+00:00,okx,gate,22.600171149229215,0.0,0,0,22.600171149229215,native_15m_trade_close_plus_real_settlements,2.600171149229215,-17.399828850770785,-57.39982885077079
PRICE_FUNDING_15M_GLOBAL_WINDOW,15m-0005637,gate/okx,20,2026-06-22 04:00:00+00:00,2026-06-22 04:15:00+00:00,okx,gate,11.86709888787005,0.0,0,0,11.86709888787005,native_15m_trade_close_plus_real_settlements,-8.13290111212995,-28.13290111212995,-68.13290111212996
PRICE_FUNDING_15M_GLOBAL_WINDOW,15m-0005638,gate/okx,20,2026-06-22 04:30:00+00:00,2026-06-22 04:45:00+00:00,okx,gate,7.2157554704556155,0.0,0,0,7.2157554704556155,native_15m_trade_close_plus_real_settlements,-12.784244529544385,-32.78424452954438,-72.78424452954438
PRICE_FUNDING_15M_GLOBAL_WINDOW,15m-0005639,gate/okx,20,2026-06-22 06:00:00+00:00,2026-06-22 06:15:00+00:00,okx,gate,26.99268376005853,0.0,0,0,26.99268376005853,native_15m_trade_close_plus_real_settlements,6.992683760058529,-13.00731623994147,-53.007316239941474
PRICE_FUNDING_15M_GLOBAL_WINDOW,15m-0005640,gate/okx,20,2026-06-22 12:30:00+00:00,2026-06-22 12:45:00+00:00,okx,gate,9.485962400756085,0.0,0,0,9.485962400756085,native_15m_trade_close_plus_real_settlements,-10.514037599243915,-30.514037599243913,-70.51403759924392
PRICE_FUNDING_15M_GLOBAL_WINDOW,15m-0005641,gate/okx,20,2026-06-22 13:30:00+00:00,2026-06-22 13:45:00+00:00,okx,gate,20.47798306558715,0.0,0,0,20.47798306558715,native_15m_trade_close_plus_real_settlements,0.47798306558715,-19.52201693441285,-59.52201693441285
PRICE_FUNDING_15M_GLOBAL_WINDOW,15m-0005642,gate/okx,20,2026-06-22 21:15:00+00:00,2026-06-22 21:30:00+00:00,okx,gate,9.93873731530684,0.0,0,0,9.93873731530684,native_15m_trade_close_plus_real_settlements,-10.06126268469316,-30.061262684693162,-70.06126268469316
PRICE_FUNDING_15M_GLOBAL_WINDOW,15m-0005643,gate/okx,20,2026-06-22 22:00:00+00:00,2026-06-22 22:15:00+00:00,okx,gate,10.325642961966432,0.0,0,0,10.325642961966432,native_15m_trade_close_plus_real_settlements,-9.674357038033568,-29.67435703803357,-69.67435703803356
PRICE_FUNDING_15M_GLOBAL_WINDOW,15m-0005644,gate/okx,20,2026-06-23 00:00:00+00:00,2026-06-23 00:15:00+00:00,okx,gate,19.641780708469156,1.0,0,1,20.641780708469156,native_15m_trade_close_plus_real_settlements,0.641780708469156,-19.358219291530844,-59.358219291530844
PRICE_FUNDING_15M_GLOBAL_WINDOW,15m-0005645,gate/okx,20,2026-06-23 00:45:00+00:00,2026-06-23 02:00:00+00:00,okx,gate,42.509906308519525,0.0,0,0,42.509906308519525,native_15m_trade_close_plus_real_settlements,22.509906308519525,2.5099063085195255,-37.490093691480475
PRICE_FUNDING_15M_GLOBAL_WINDOW,15m-0005646,gate/okx,20,2026-06-23 02:15:00+00:00,2026-06-23 03:30:00+00:00,okx,gate,25.0476956053702,0.0,0,0,25.0476956053702,native_15m_trade_close_plus_real_settlements,5.047695605370201,-14.952304394629799,-54.9523043946298
PRICE_FUNDING_15M_GLOBAL_WINDOW,15m-0005647,gate/okx,20,2026-06-23 03:45:00+00:00,2026-06-23 04:45:00+00:00,okx,gate,39.634519924094405,0.0,0,0,39.634519924094405,native_15m_trade_close_plus_real_settlements,19.634519924094405,-0.3654800759055945,-40.365480075905595
PRICE_FUNDING_15M_GLOBAL_WINDOW,15m-0005648,gate/okx,20,2026-06-23 05:15:00+00:00,2026-07-03 06:30:00+00:00,okx,gate,279.9516424477432,-65.24100599078406,30,30,214.71063645695915,native_15m_trade_close_plus_real_settlements,194.71063645695915,174.71063645695915,134.71063645695915
PRICE_FUNDING_15M_GLOBAL_WINDOW,15m-0005649,gate/okx,20,2026-07-03 07:15:00+00:00,2026-07-03 07:45:00+00:00,okx,gate,4.753339636933777,0.0,0,0,4.753339636933777,native_15m_trade_close_plus_real_settlements,-15.246660363066223,-35.246660363066226,-75.24666036306623
PRICE_FUNDING_15M_GLOBAL_WINDOW,15m-0005650,gate/okx,20,2026-07-03 08:00:00+00:00,2026-07-19 01:45:00+00:00,okx,gate,373.5061086337551,-76.81140675694198,51,61,296.69470187681316,native_15m_trade_close_plus_real_settlements,276.69470187681316,256.69470187681316,216.69470187681316
PRICE_FUNDING_15M_GLOBAL_WINDOW,15m-0005651,gate/okx,20,2026-07-19 02:00:00+00:00,2026-07-19 02:15:00+00:00,okx,gate,0.6193601784604716,0.0,0,0,0.6193601784604716,native_15m_trade_close_plus_real_settlements,-19.38063982153953,-39.38063982153953,-79.38063982153953
PRICE_FUNDING_15M_GLOBAL_WINDOW,15m-0005652,gate/okx,20,2026-07-19 02:45:00+00:00,2026-07-19 03:15:00+00:00,okx,gate,4.793009442418015,0.0,0,0,4.793009442418015,native_15m_trade_close_plus_real_settlements,-15.206990557581985,-35.20699055758199,-75.20699055758199
PRICE_FUNDING_15M_GLOBAL_WINDOW,15m-0005653,gate/okx,20,2026-07-19 03:45:00+00:00,2026-07-20 05:45:00+00:00,okx,gate,45.03254299202243,13.718903689831004,3,7,58.75144668185343,native_15m_trade_close_plus_real_settlements,38.75144668185343,18.75144668185343,-21.24855331814657
PRICE_FUNDING_15M_GLOBAL_WINDOW,15m-0005654,gate/okx,20,2026-07-20 06:00:00+00:00,2026-07-20 06:15:00+00:00,okx,gate,6.885295551420388,0.0,0,0,6.885295551420388,native_15m_trade_close_plus_real_settlements,-13.114704448579612,-33.114704448579616,-73.11470444857962
PRICE_FUNDING_15M_GLOBAL_WINDOW,15m-0005655,gate/okx,20,2026-07-20 06:30:00+00:00,2026-07-20 08:15:00+00:00,okx,gate,13.022486152142102,-1.7960065808249999,1,1,11.226479571317103,native_15m_trade_close_plus_real_settlements,-8.773520428682897,-28.773520428682897,-68.7735204286829
PRICE_FUNDING_15M_GLOBAL_WINDOW,15m-0005656,gate/okx,20,2026-07-20 13:00:00+00:00,2026-07-20 13:45:00+00:00,okx,gate,7.585378736521598,0.0,0,0,7.585378736521598,native_15m_trade_close_plus_real_settlements,-12.414621263478402,-32.4146212634784,-72.41462126347841
PRICE_FUNDING_15M_GLOBAL_WINDOW,15m-0005657,gate/okx,20,2026-07-20 14:30:00+00:00,2026-07-20 14:45:00+00:00,okx,gate,18.418683533228407,0.0,0,0,18.418683533228407,native_15m_trade_close_plus_real_settlements,-1.581316466771593,-21.581316466771593,-61.5813164667716
PRICE_FUNDING_15M_GLOBAL_WINDOW,15m-0005658,gate/okx,20,2026-07-21 05:30:00+00:00,2026-07-21 05:45:00+00:00,okx,gate,7.3305142487211885,0.0,0,0,7.3305142487211885,native_15m_trade_close_plus_real_settlements,-12.669485751278811,-32.66948575127881,-72.66948575127881
PRICE_FUNDING_15M_GLOBAL_WINDOW,15m-0005659,gate/okx,20,2026-07-21 06:00:00+00:00,2026-07-21 06:15:00+00:00,okx,gate,7.342907529997529,0.0,0,0,7.342907529997529,native_15m_trade_close_plus_real_settlements,-12.657092470002471,-32.65709247000247,-72.65709247000247
PRICE_FUNDING_15M_GLOBAL_WINDOW,15m-0005660,gate/okx,20,2026-07-21 07:00:00+00:00,2026-07-21 07:15:00+00:00,okx,gate,3.615714276982011,0.0,0,0,3.615714276982011,native_15m_trade_close_plus_real_settlements,-16.38428572301799,-36.38428572301799,-76.384285723018
PRICE_FUNDING_15M_GLOBAL_WINDOW,15m-0005661,gate/okx,20,2026-07-21 09:00:00+00:00,2026-07-21 09:15:00+00:00,okx,gate,1.2039011661607795,0.0,0,0,1.2039011661607795,native_15m_trade_close_plus_real_settlements,-18.79609883383922,-38.796098833839224,-78.79609883383922
PRICE_FUNDING_15M_GLOBAL_WINDOW,15m-0005662,gate/okx,20,2026-07-21 10:15:00+00:00,2026-07-21 10:45:00+00:00,okx,gate,4.866220484273059,0.0,0,0,4.866220484273059,native_15m_trade_close_plus_real_settlements,-15.13377951572694,-35.13377951572694,-75.13377951572694
PRICE_FUNDING_15M_GLOBAL_WINDOW,15m-0005663,gate/okx,20,2026-07-21 11:45:00+00:00,2026-07-21 12:15:00+00:00,okx,gate,3.894241270499517,1.7799999999999998,0,1,5.674241270499516,native_15m_trade_close_plus_real_settlements,-14.325758729500484,-34.325758729500485,-74.32575872950048
PRICE_FUNDING_15M_GLOBAL_WINDOW,15m-0005664,gate/okx,20,2026-07-21 12:30:00+00:00,2026-07-21 13:15:00+00:00,okx,gate,8.949777534917775,0.0,0,0,8.949777534917775,native_15m_trade_close_plus_real_settlements,-11.050222465082225,-31.050222465082225,-71.05022246508223
PRICE_FUNDING_15M_GLOBAL_WINDOW,15m-0005665,gate/okx,20,2026-07-21 14:00:00+00:00,2026-07-21 14:30:00+00:00,okx,gate,5.029913123429019,0.0,0,0,5.029913123429019,native_15m_trade_close_plus_real_settlements,-14.970086876570981,-34.97008687657098,-74.97008687657097
PRICE_FUNDING_15M_GLOBAL_WINDOW,15m-0005666,gate/okx,20,2026-07-21 14:45:00+00:00,2026-07-21 15:15:00+00:00,okx,gate,5.5031169294375175,0.0,0,0,5.5031169294375175,native_15m_trade_close_plus_real_settlements,-14.496883070562482,-34.49688307056248,-74.49688307056249
PRICE_FUNDING_15M_GLOBAL_WINDOW,15m-0005667,gate/okx,20,2026-07-21 15:30:00+00:00,2026-07-21 16:30:00+00:00,okx,gate,16.554358065546865,-6.686131276546,1,1,9.868226789000865,native_15m_trade_close_plus_real_settlements,-10.131773210999135,-30.131773210999135,-70.13177321099914
PRICE_FUNDING_15M_GLOBAL_WINDOW,15m-0005668,gate/okx,20,2026-07-21 20:15:00+00:00,2026-07-21 20:30:00+00:00,okx,gate,5.659811721200146,0.0,0,0,5.659811721200146,native_15m_trade_close_plus_real_settlements,-14.340188278799854,-34.34018827879986,-74.34018827879986
PRICE_FUNDING_15M_GLOBAL_WINDOW,15m-0005669,gate/okx,20,2026-07-21 21:00:00+00:00,2026-07-22 00:00:00+00:00,okx,gate,14.795873041978375,-3.807897230029,1,1,10.987975811949376,native_15m_trade_close_plus_real_settlements,-9.012024188050624,-29.012024188050624,-69.01202418805062
PRICE_FUNDING_15M_GLOBAL_WINDOW,15m-0005670,gate/okx,20,2026-07-22 00:30:00+00:00,2026-07-22 01:15:00+00:00,okx,gate,5.812355739662436,0.0,0,0,5.812355739662436,native_15m_trade_close_plus_real_settlements,-14.187644260337564,-34.187644260337564,-74.18764426033756
PRICE_FUNDING_15M_GLOBAL_WINDOW,15m-0005671,gate/okx,20,2026-07-22 01:45:00+00:00,2026-07-22 02:00:00+00:00,okx,gate,7.924784389751336,0.0,0,0,7.924784389751336,native_15m_trade_close_plus_real_settlements,-12.075215610248664,-32.07521561024866,-72.07521561024866
PRICE_FUNDING_15M_GLOBAL_WINDOW,15m-0005672,gate/okx,20,2026-07-22 07:45:00+00:00,2026-07-22 08:00:00+00:00,okx,gate,5.994275814230548,-8.169274241871,1,1,-2.1749984276404515,native_15m_trade_close_plus_real_settlements,-22.174998427640453,-42.17499842764045,-82.17499842764045
PRICE_FUNDING_15M_GLOBAL_WINDOW,15m-0005673,gate/okx,20,2026-07-22 08:45:00+00:00,2026-07-22 09:00:00+00:00,okx,gate,1.6418954492871123,0.0,0,0,1.6418954492871123,native_15m_trade_close_plus_real_settlements,-18.358104550712888,-38.35810455071289,-78.35810455071288
PRICE_FUNDING_15M_GLOBAL_WINDOW,15m-0005674,gate/okx,20,2026-07-22 09:45:00+00:00,2026-07-22 10:00:00+00:00,okx,gate,0.8198856231884086,0.0,0,0,0.8198856231884086,native_15m_trade_close_plus_real_settlements,-19.18011437681159,-39.18011437681159,-79.18011437681159
PRICE_FUNDING_15M_GLOBAL_WINDOW,15m-0005675,gate/okx,20,2026-07-22 10:30:00+00:00,2026-07-22 10:45:00+00:00,okx,gate,3.6876172645781757,0.0,0,0,3.6876172645781757,native_15m_trade_close_plus_real_settlements,-16.312382735421824,-36.31238273542182,-76.31238273542182
PRICE_FUNDING_15M_GLOBAL_WINDOW,15m-0005676,gate/okx,20,2026-07-22 11:00:00+00:00,2026-07-22 11:45:00+00:00,okx,gate,2.3604623061737726,0.0,0,0,2.3604623061737726,native_15m_trade_close_plus_real_settlements,-17.639537693826227,-37.63953769382623,-77.63953769382623
PRICE_FUNDING_15M_GLOBAL_WINDOW,15m-0005677,gate/okx,20,2026-07-22 12:45:00+00:00,2026-07-22 13:00:00+00:00,okx,gate,0.8847487219946508,0.0,0,0,0.8847487219946508,native_15m_trade_close_plus_real_settlements,-19.11525127800535,-39.115251278005346,-79.11525127800535
PRICE_FUNDING_15M_GLOBAL_WINDOW,15m-0005678,gate/okx,20,2026-07-22 13:30:00+00:00,2026-07-22 14:00:00+00:00,okx,gate,1.7047579233722914,0.0,0,0,1.7047579233722914,native_15m_trade_close_plus_real_settlements,-18.29524207662771,-38.29524207662771,-78.29524207662772
PRICE_FUNDING_15M_GLOBAL_WINDOW,15m-0005679,gate/okx,20,2026-07-22 14:15:00+00:00,2026-07-22 16:00:00+00:00,okx,gate,13.974371051955627,-10.855647287859998,1,1,3.1187237640956287,native_15m_trade_close_plus_real_settlements,-16.881276235904373,-36.88127623590437,-76.88127623590437
PRICE_FUNDING_15M_GLOBAL_WINDOW,15m-0005680,gate/okx,20,2026-07-22 21:00:00+00:00,2026-07-22 22:00:00+00:00,okx,gate,7.497189830168761,0.0,0,0,7.497189830168761,native_15m_trade_close_plus_real_settlements,-12.502810169831239,-32.502810169831235,-72.50281016983124
PRICE_FUNDING_15M_GLOBAL_WINDOW,15m-0005875,gate/okx,50,2026-06-10 12:15:00+00:00,2026-06-10 14:00:00+00:00,okx,gate,29.249760321080423,0.0,0,0,29.249760321080423,native_15m_trade_close_plus_real_settlements,9.249760321080423,-10.750239678919577,-50.75023967891958
PRICE_FUNDING_15M_GLOBAL_WINDOW,15m-0005876,gate/okx,50,2026-06-10 14:15:00+00:00,2026-06-10 14:30:00+00:00,okx,gate,2.2509862808164556,0.0,0,0,2.2509862808164556,native_15m_trade_close_plus_real_settlements,-17.749013719183544,-37.749013719183544,-77.74901371918355
PRICE_FUNDING_15M_GLOBAL_WINDOW,15m-0005877,gate/okx,50,2026-06-10 15:00:00+00:00,2026-06-10 15:15:00+00:00,okx,gate,15.244914370849372,0.0,0,0,15.244914370849372,native_15m_trade_close_plus_real_settlements,-4.755085629150628,-24.755085629150628,-64.75508562915063
PRICE_FUNDING_15M_GLOBAL_WINDOW,15m-0005878,gate/okx,50,2026-06-10 15:45:00+00:00,2026-06-10 16:00:00+00:00,okx,gate,41.68727437332112,-17.126487673407,1,1,24.560786699914118,native_15m_trade_close_plus_real_settlements,4.560786699914118,-15.439213300085882,-55.43921330008588
PRICE_FUNDING_15M_GLOBAL_WINDOW,15m-0005879,gate/okx,50,2026-06-10 23:00:00+00:00,2026-06-10 23:15:00+00:00,okx,gate,13.944405542377638,0.0,0,0,13.944405542377638,native_15m_trade_close_plus_real_settlements,-6.055594457622362,-26.055594457622362,-66.05559445762236
PRICE_FUNDING_15M_GLOBAL_WINDOW,15m-0005880,gate/okx,50,2026-06-10 23:45:00+00:00,2026-06-11 00:00:00+00:00,okx,gate,48.16591144868416,-16.830000000000002,1,1,31.33591144868416,native_15m_trade_close_plus_real_settlements,11.335911448684161,-8.664088551315839,-48.66408855131584
PRICE_FUNDING_15M_GLOBAL_WINDOW,15m-0005881,gate/okx,50,2026-06-12 11:00:00+00:00,2026-06-12 11:30:00+00:00,okx,gate,3.3827427455701056,0.0,0,0,3.3827427455701056,native_15m_trade_close_plus_real_settlements,-16.617257254429894,-36.617257254429894,-76.61725725442989
PRICE_FUNDING_15M_GLOBAL_WINDOW,15m-0005882,gate/okx,50,2026-06-12 14:00:00+00:00,2026-06-12 14:15:00+00:00,okx,gate,21.6668349430537,0.0,0,0,21.6668349430537,native_15m_trade_close_plus_real_settlements,1.6668349430537006,-18.3331650569463,-58.3331650569463
PRICE_FUNDING_15M_GLOBAL_WINDOW,15m-0005883,gate/okx,50,2026-06-16 11:00:00+00:00,2026-06-16 14:00:00+00:00,okx,gate,31.047020865958814,0.0,0,0,31.047020865958814,native_15m_trade_close_plus_real_settlements,11.047020865958814,-8.952979134041186,-48.952979134041186
PRICE_FUNDING_15M_GLOBAL_WINDOW,15m-0005884,gate/okx,50,2026-06-16 14:15:00+00:00,2026-06-16 14:45:00+00:00,okx,gate,16.809660144674318,0.0,0,0,16.809660144674318,native_15m_trade_close_plus_real_settlements,-3.190339855325682,-23.190339855325682,-63.19033985532568
PRICE_FUNDING_15M_GLOBAL_WINDOW,15m-0005885,gate/okx,50,2026-06-16 15:15:00+00:00,2026-06-16 15:30:00+00:00,okx,gate,29.986821698028624,0.0,0,0,29.986821698028624,native_15m_trade_close_plus_real_settlements,9.986821698028624,-10.013178301971376,-50.01317830197138
PRICE_FUNDING_15M_GLOBAL_WINDOW,15m-0005886,gate/okx,50,2026-06-23 00:45:00+00:00,2026-06-23 01:00:00+00:00,okx,gate,24.48795497128475,0.0,0,0,24.48795497128475,native_15m_trade_close_plus_real_settlements,4.487954971284751,-15.51204502871525,-55.51204502871525
PRICE_FUNDING_15M_GLOBAL_WINDOW,15m-0005887,gate/okx,50,2026-06-23 03:45:00+00:00,2026-06-23 04:00:00+00:00,okx,gate,6.6193872521502755,0.0,0,0,6.6193872521502755,native_15m_trade_close_plus_real_settlements,-13.380612747849725,-33.380612747849725,-73.38061274784972
PRICE_FUNDING_15M_GLOBAL_WINDOW,15m-0005888,gate/okx,50,2026-06-23 05:30:00+00:00,2026-06-23 05:45:00+00:00,okx,gate,42.42512192076971,0.0,0,0,42.42512192076971,native_15m_trade_close_plus_real_settlements,22.425121920769712,2.425121920769712,-37.57487807923029
PRICE_FUNDING_15M_GLOBAL_WINDOW,15m-0005889,gate/okx,50,2026-06-23 06:00:00+00:00,2026-06-23 06:15:00+00:00,okx,gate,17.251886318546767,0.0,0,0,17.251886318546767,native_15m_trade_close_plus_real_settlements,-2.7481136814532334,-22.748113681453233,-62.74811368145323
PRICE_FUNDING_15M_GLOBAL_WINDOW,15m-0005890,gate/okx,50,2026-06-23 06:30:00+00:00,2026-06-23 08:15:00+00:00,okx,gate,59.029567851634,-18.822453571551996,1,1,40.207114280082,native_15m_trade_close_plus_real_settlements,20.207114280082003,0.20711428008200272,-39.792885719918
PRICE_FUNDING_15M_GLOBAL_WINDOW,15m-0005891,gate/okx,50,2026-06-23 08:30:00+00:00,2026-06-23 20:45:00+00:00,okx,gate,81.84251341243497,-1.357587507136999,1,1,80.48492590529797,native_15m_trade_close_plus_real_settlements,60.48492590529797,40.48492590529797,0.4849259052979704
PRICE_FUNDING_15M_GLOBAL_WINDOW,15m-0005892,gate/okx,50,2026-06-23 21:15:00+00:00,2026-06-23 21:30:00+00:00,okx,gate,4.95243512630185,0.0,0,0,4.95243512630185,native_15m_trade_close_plus_real_settlements,-15.04756487369815,-35.04756487369815,-75.04756487369815
PRICE_FUNDING_15M_GLOBAL_WINDOW,15m-0005893,gate/okx,50,2026-06-23 22:00:00+00:00,2026-06-23 22:45:00+00:00,okx,gate,10.920354725115608,0.0,0,0,10.920354725115608,native_15m_trade_close_plus_real_settlements,-9.079645274884392,-29.079645274884392,-69.0796452748844
PRICE_FUNDING_15M_GLOBAL_WINDOW,15m-0005894,gate/okx,50,2026-06-24 00:30:00+00:00,2026-06-30 05:00:00+00:00,okx,gate,242.73384550957275,-23.241090763783024,18,18,219.4927547457897,native_15m_trade_close_plus_real_settlements,199.4927547457897,179.4927547457897,139.4927547457897
PRICE_FUNDING_15M_GLOBAL_WINDOW,15m-0005895,gate/okx,50,2026-06-30 06:15:00+00:00,2026-06-30 07:30:00+00:00,okx,gate,71.59196027393767,0.0,0,0,71.59196027393767,native_15m_trade_close_plus_real_settlements,51.59196027393767,31.591960273937673,-8.408039726062327
PRICE_FUNDING_15M_GLOBAL_WINDOW,15m-0005896,gate/okx,50,2026-06-30 08:00:00+00:00,2026-07-01 00:15:00+00:00,okx,gate,47.65412097296853,22.101511160202,2,3,69.75563213317054,native_15m_trade_close_plus_real_settlements,49.755632133170536,29.755632133170536,-10.244367866829464
PRICE_FUNDING_15M_GLOBAL_WINDOW,15m-0005897,gate/okx,50,2026-07-01 00:45:00+00:00,2026-07-03 05:00:00+00:00,okx,gate,159.71518640989547,-47.91612526886699,6,6,111.79906114102847,native_15m_trade_close_plus_real_settlements,91.79906114102847,71.79906114102847,31.799061141028474
PRICE_FUNDING_15M_GLOBAL_WINDOW,15m-0005898,gate/okx,50,2026-07-03 05:30:00+00:00,2026-07-03 06:00:00+00:00,okx,gate,11.425882159105967,0.0,0,0,11.425882159105967,native_15m_trade_close_plus_real_settlements,-8.574117840894033,-28.574117840894033,-68.57411784089403
PRICE_FUNDING_15M_GLOBAL_WINDOW,15m-0005899,gate/okx,50,2026-07-03 10:00:00+00:00,2026-07-03 14:15:00+00:00,okx,gate,22.74364482070984,0.0,0,0,22.74364482070984,native_15m_trade_close_plus_real_settlements,2.7436448207098394,-17.25635517929016,-57.25635517929016
PRICE_FUNDING_15M_GLOBAL_WINDOW,15m-0005900,gate/okx,50,2026-07-03 14:30:00+00:00,2026-07-03 16:00:00+00:00,okx,gate,13.883515763782015,1.0,1,1,14.883515763782015,native_15m_trade_close_plus_real_settlements,-5.116484236217985,-25.116484236217985,-65.11648423621799
PRICE_FUNDING_15M_GLOBAL_WINDOW,15m-0005901,gate/okx,50,2026-07-03 16:15:00+00:00,2026-07-03 19:00:00+00:00,okx,gate,20.92598196021543,0.0,0,0,20.92598196021543,native_15m_trade_close_plus_real_settlements,0.9259819602154309,-19.07401803978457,-59.07401803978457
PRICE_FUNDING_15M_GLOBAL_WINDOW,15m-0005902,gate/okx,50,2026-07-03 19:30:00+00:00,2026-07-03 21:30:00+00:00,okx,gate,15.059162296680476,0.0,0,0,15.059162296680476,native_15m_trade_close_plus_real_settlements,-4.940837703319524,-24.940837703319524,-64.94083770331952
PRICE_FUNDING_15M_GLOBAL_WINDOW,15m-0005903,gate/okx,50,2026-07-03 21:45:00+00:00,2026-07-04 02:15:00+00:00,okx,gate,22.095923824492452,-8.433653282703,1,1,13.662270541789452,native_15m_trade_close_plus_real_settlements,-6.337729458210548,-26.337729458210546,-66.33772945821055
PRICE_FUNDING_15M_GLOBAL_WINDOW,15m-0005904,gate/okx,50,2026-07-04 02:30:00+00:00,2026-07-04 04:30:00+00:00,okx,gate,16.363490654214722,0.0,0,0,16.363490654214722,native_15m_trade_close_plus_real_settlements,-3.636509345785278,-23.636509345785278,-63.63650934578528
PRICE_FUNDING_15M_GLOBAL_WINDOW,15m-0005905,gate/okx,50,2026-07-04 06:15:00+00:00,2026-07-04 06:30:00+00:00,okx,gate,5.706364670827185,0.0,0,0,5.706364670827185,native_15m_trade_close_plus_real_settlements,-14.293635329172815,-34.293635329172815,-74.29363532917282
PRICE_FUNDING_15M_GLOBAL_WINDOW,15m-0005906,gate/okx,50,2026-07-04 07:30:00+00:00,2026-07-06 00:30:00+00:00,okx,gate,49.445827974586656,-9.290503345704002,6,6,40.15532462888265,native_15m_trade_close_plus_real_settlements,20.155324628882653,0.15532462888265286,-39.84467537111735
PRICE_FUNDING_15M_GLOBAL_WINDOW,15m-0005907,gate/okx,50,2026-07-06 01:45:00+00:00,2026-07-06 03:15:00+00:00,okx,gate,25.374924524712405,0.0,0,0,25.374924524712405,native_15m_trade_close_plus_real_settlements,5.374924524712405,-14.625075475287595,-54.625075475287595
PRICE_FUNDING_15M_GLOBAL_WINDOW,15m-0005908,gate/okx,50,2026-07-06 03:45:00+00:00,2026-07-06 05:00:00+00:00,okx,gate,30.162444766037012,0.0,0,0,30.162444766037012,native_15m_trade_close_plus_real_settlements,10.162444766037012,-9.837555233962988,-49.83755523396299
PRICE_FUNDING_15M_GLOBAL_WINDOW,15m-0005909,gate/okx,50,2026-07-06 05:15:00+00:00,2026-07-06 06:45:00+00:00,okx,gate,24.311227868763147,0.0,0,0,24.311227868763147,native_15m_trade_close_plus_real_settlements,4.311227868763147,-15.688772131236853,-55.68877213123685
PRICE_FUNDING_15M_GLOBAL_WINDOW,15m-0005910,gate/okx,50,2026-07-06 07:00:00+00:00,2026-07-06 07:30:00+00:00,okx,gate,8.211674468217865,0.0,0,0,8.211674468217865,native_15m_trade_close_plus_real_settlements,-11.788325531782135,-31.788325531782135,-71.78832553178214
PRICE_FUNDING_15M_GLOBAL_WINDOW,15m-0005911,gate/okx,50,2026-07-06 08:00:00+00:00,2026-07-06 09:15:00+00:00,okx,gate,14.760187186427864,27.12,0,1,41.88018718642786,native_15m_trade_close_plus_real_settlements,21.88018718642786,1.880187186427861,-38.11981281357214
PRICE_FUNDING_15M_GLOBAL_WINDOW,15m-0005912,gate/okx,50,2026-07-06 09:30:00+00:00,2026-07-06 11:15:00+00:00,okx,gate,25.474166589860943,0.0,0,0,25.474166589860943,native_15m_trade_close_plus_real_settlements,5.474166589860943,-14.525833410139057,-54.52583341013906
PRICE_FUNDING_15M_GLOBAL_WINDOW,15m-0005913,gate/okx,50,2026-07-06 11:30:00+00:00,2026-07-06 12:15:00+00:00,okx,gate,8.999544567640584,0.0,0,0,8.999544567640584,native_15m_trade_close_plus_real_settlements,-11.000455432359416,-31.000455432359416,-71.00045543235942
PRICE_FUNDING_15M_GLOBAL_WINDOW,15m-0005914,gate/okx,50,2026-07-06 12:30:00+00:00,2026-07-06 15:30:00+00:00,okx,gate,19.839716892739155,0.0,0,0,19.839716892739155,native_15m_trade_close_plus_real_settlements,-0.16028310726084527,-20.160283107260845,-60.160283107260845
PRICE_FUNDING_15M_GLOBAL_WINDOW,15m-0005915,gate/okx,50,2026-07-06 16:00:00+00:00,2026-07-06 16:15:00+00:00,okx,gate,6.833306579219453,1.0,0,1,7.833306579219453,native_15m_trade_close_plus_real_settlements,-12.166693420780547,-32.16669342078055,-72.16669342078055
PRICE_FUNDING_15M_GLOBAL_WINDOW,15m-0005916,gate/okx,50,2026-07-06 16:30:00+00:00,2026-07-06 17:00:00+00:00,okx,gate,8.575493619048999,0.0,0,0,8.575493619048999,native_15m_trade_close_plus_real_settlements,-11.424506380951001,-31.424506380951,-71.424506380951
PRICE_FUNDING_15M_GLOBAL_WINDOW,15m-0005917,gate/okx,50,2026-07-06 23:15:00+00:00,2026-07-07 00:00:00+00:00,okx,gate,15.995820935158577,1.0,1,1,16.995820935158577,native_15m_trade_close_plus_real_settlements,-3.0041790648414235,-23.004179064841423,-63.00417906484142
PRICE_FUNDING_15M_GLOBAL_WINDOW,15m-0005918,gate/okx,50,2026-07-07 00:15:00+00:00,2026-07-07 00:30:00+00:00,okx,gate,10.948355658719215,0.0,0,0,10.948355658719215,native_15m_trade_close_plus_real_settlements,-9.051644341280785,-29.051644341280785,-69.05164434128079
PRICE_FUNDING_15M_GLOBAL_WINDOW,15m-0005919,gate/okx,50,2026-07-07 00:45:00+00:00,2026-07-07 01:15:00+00:00,okx,gate,14.762855903495094,0.0,0,0,14.762855903495094,native_15m_trade_close_plus_real_settlements,-5.237144096504906,-25.237144096504906,-65.2371440965049
PRICE_FUNDING_15M_GLOBAL_WINDOW,15m-0005920,gate/okx,50,2026-07-07 01:30:00+00:00,2026-07-07 02:00:00+00:00,okx,gate,18.772664949202444,0.0,0,0,18.772664949202444,native_15m_trade_close_plus_real_settlements,-1.2273350507975564,-21.227335050797556,-61.22733505079756
PRICE_FUNDING_15M_GLOBAL_WINDOW,15m-0005921,gate/okx,50,2026-07-07 02:15:00+00:00,2026-07-17 21:45:00+00:00,okx,gate,355.11946104773074,-136.54160146860804,36,42,218.5778595791227,native_15m_trade_close_plus_real_settlements,198.5778595791227,178.5778595791227,138.5778595791227
PRICE_FUNDING_15M_GLOBAL_WINDOW,15m-0005922,gate/okx,50,2026-07-18 00:30:00+00:00,2026-07-18 01:15:00+00:00,okx,gate,5.831749169131676,0.0,0,0,5.831749169131676,native_15m_trade_close_plus_real_settlements,-14.168250830868324,-34.168250830868324,-74.16825083086832
PRICE_FUNDING_15M_GLOBAL_WINDOW,15m-0005923,gate/okx,50,2026-07-18 01:45:00+00:00,2026-07-18 02:30:00+00:00,okx,gate,16.69183447661137,0.0,0,0,16.69183447661137,native_15m_trade_close_plus_real_settlements,-3.308165523388631,-23.30816552338863,-63.30816552338863
PRICE_FUNDING_15M_GLOBAL_WINDOW,15m-0005924,gate/okx,50,2026-07-18 02:45:00+00:00,2026-07-18 03:00:00+00:00,okx,gate,10.222216284169342,0.0,0,0,10.222216284169342,native_15m_trade_close_plus_real_settlements,-9.777783715830658,-29.777783715830658,-69.77778371583065
PRICE_FUNDING_15M_GLOBAL_WINDOW,15m-0005925,gate/okx,50,2026-07-18 04:00:00+00:00,2026-07-18 04:15:00+00:00,okx,gate,4.370770685432539,5.0,0,1,9.37077068543254,native_15m_trade_close_plus_real_settlements,-10.62922931456746,-30.62922931456746,-70.62922931456745
PRICE_FUNDING_15M_GLOBAL_WINDOW,15m-0005926,gate/okx,50,2026-07-18 04:30:00+00:00,2026-07-18 04:45:00+00:00,okx,gate,5.303752410935928,0.0,0,0,5.303752410935928,native_15m_trade_close_plus_real_settlements,-14.696247589064072,-34.69624758906407,-74.69624758906407
PRICE_FUNDING_15M_GLOBAL_WINDOW,15m-0005927,gate/okx,50,2026-07-19 22:30:00+00:00,2026-07-19 22:45:00+00:00,okx,gate,3.2112577897121355,0.0,0,0,3.2112577897121355,native_15m_trade_close_plus_real_settlements,-16.788742210287865,-36.788742210287865,-76.78874221028786
PRICE_FUNDING_15M_GLOBAL_WINDOW,15m-0005928,gate/okx,50,2026-07-19 23:00:00+00:00,2026-07-20 00:00:00+00:00,okx,gate,34.986697074615556,-5.995922466155001,1,1,28.990774608460555,native_15m_trade_close_plus_real_settlements,8.990774608460555,-11.009225391539445,-51.009225391539445
PRICE_FUNDING_15M_GLOBAL_WINDOW,15m-0005983,gate/okx,100,2026-06-23 07:00:00+00:00,2026-06-23 07:30:00+00:00,okx,gate,14.331533820036896,0.0,0,0,14.331533820036896,native_15m_trade_close_plus_real_settlements,-5.668466179963104,-25.668466179963104,-65.6684661799631
PRICE_FUNDING_15M_GLOBAL_WINDOW,15m-0005984,gate/okx,100,2026-06-23 09:15:00+00:00,2026-06-23 10:45:00+00:00,okx,gate,31.83221783190156,0.0,0,0,31.83221783190156,native_15m_trade_close_plus_real_settlements,11.83221783190156,-8.16778216809844,-48.16778216809844
PRICE_FUNDING_15M_GLOBAL_WINDOW,15m-0005985,gate/okx,100,2026-06-23 11:00:00+00:00,2026-06-23 11:30:00+00:00,okx,gate,17.122446769050825,0.0,0,0,17.122446769050825,native_15m_trade_close_plus_real_settlements,-2.877553230949175,-22.877553230949175,-62.877553230949175
PRICE_FUNDING_15M_GLOBAL_WINDOW,15m-0005986,gate/okx,100,2026-06-23 11:45:00+00:00,2026-06-23 12:45:00+00:00,okx,gate,24.414262100530465,0.0,0,0,24.414262100530465,native_15m_trade_close_plus_real_settlements,4.414262100530465,-15.585737899469535,-55.585737899469535
PRICE_FUNDING_15M_GLOBAL_WINDOW,15m-0005987,gate/okx,100,2026-06-23 14:00:00+00:00,2026-06-23 14:45:00+00:00,okx,gate,54.65961929697225,0.0,0,0,54.65961929697225,native_15m_trade_close_plus_real_settlements,34.65961929697225,14.659619296972252,-25.340380703027748
PRICE_FUNDING_15M_GLOBAL_WINDOW,15m-0005988,gate/okx,100,2026-06-23 15:30:00+00:00,2026-06-23 15:45:00+00:00,okx,gate,6.52866643795177,0.0,0,0,6.52866643795177,native_15m_trade_close_plus_real_settlements,-13.47133356204823,-33.47133356204823,-73.47133356204823
PRICE_FUNDING_15M_GLOBAL_WINDOW,15m-0005989,gate/okx,100,2026-06-24 01:30:00+00:00,2026-06-24 09:30:00+00:00,okx,gate,109.05631421558746,-13.620266144993002,1,1,95.43604807059447,native_15m_trade_close_plus_real_settlements,75.43604807059447,55.43604807059447,15.436048070594467
PRICE_FUNDING_15M_GLOBAL_WINDOW,15m-0005990,gate/okx,100,2026-06-24 20:00:00+00:00,2026-06-30 03:45:00+00:00,okx,gate,198.58213155742288,-28.358523795769027,16,16,170.22360776165385,native_15m_trade_close_plus_real_settlements,150.22360776165385,130.22360776165385,90.22360776165385
PRICE_FUNDING_15M_GLOBAL_WINDOW,15m-0005991,gate/okx,100,2026-06-30 04:00:00+00:00,2026-06-30 04:15:00+00:00,okx,gate,16.482911357194467,0.0,0,0,16.482911357194467,native_15m_trade_close_plus_real_settlements,-3.5170886428055326,-23.517088642805533,-63.51708864280553
PRICE_FUNDING_15M_GLOBAL_WINDOW,15m-0005992,gate/okx,100,2026-06-30 06:15:00+00:00,2026-06-30 06:30:00+00:00,okx,gate,44.70692508517864,0.0,0,0,44.70692508517864,native_15m_trade_close_plus_real_settlements,24.70692508517864,4.706925085178639,-35.29307491482136
PRICE_FUNDING_15M_GLOBAL_WINDOW,15m-0005993,gate/okx,100,2026-07-01 02:00:00+00:00,2026-07-01 02:30:00+00:00,okx,gate,23.96505768955423,0.0,0,0,23.96505768955423,native_15m_trade_close_plus_real_settlements,3.9650576895542287,-16.03494231044577,-56.03494231044577
PRICE_FUNDING_15M_GLOBAL_WINDOW,15m-0005994,gate/okx,100,2026-07-01 03:00:00+00:00,2026-07-01 03:45:00+00:00,okx,gate,27.93743871644064,0.0,0,0,27.93743871644064,native_15m_trade_close_plus_real_settlements,7.937438716440639,-12.062561283559361,-52.06256128355936
PRICE_FUNDING_15M_GLOBAL_WINDOW,15m-0005995,gate/okx,100,2026-07-01 04:00:00+00:00,2026-07-01 04:15:00+00:00,okx,gate,21.79152570462361,0.0,0,0,21.79152570462361,native_15m_trade_close_plus_real_settlements,1.7915257046236093,-18.20847429537639,-58.20847429537639
PRICE_FUNDING_15M_GLOBAL_WINDOW,15m-0005996,gate/okx,100,2026-07-01 05:00:00+00:00,2026-07-01 05:15:00+00:00,okx,gate,8.140232776136727,0.0,0,0,8.140232776136727,native_15m_trade_close_plus_real_settlements,-11.859767223863273,-31.859767223863273,-71.85976722386327
PRICE_FUNDING_15M_GLOBAL_WINDOW,15m-0005997,gate/okx,100,2026-07-01 06:15:00+00:00,2026-07-01 07:15:00+00:00,okx,gate,33.59744287660391,0.0,0,0,33.59744287660391,native_15m_trade_close_plus_real_settlements,13.597442876603907,-6.402557123396093,-46.40255712339609
PRICE_FUNDING_15M_GLOBAL_WINDOW,15m-0005998,gate/okx,100,2026-07-01 07:30:00+00:00,2026-07-02 00:00:00+00:00,okx,gate,105.446566623821,-0.9951875526780039,3,3,104.451379071143,native_15m_trade_close_plus_real_settlements,84.451379071143,64.451379071143,24.451379071142995
PRICE_FUNDING_15M_GLOBAL_WINDOW,15m-0005999,gate/okx,100,2026-07-02 00:15:00+00:00,2026-07-02 06:00:00+00:00,okx,gate,53.582000881190595,0.0,0,0,53.582000881190595,native_15m_trade_close_plus_real_settlements,33.582000881190595,13.582000881190595,-26.417999118809405
PRICE_FUNDING_15M_GLOBAL_WINDOW,15m-0006000,gate/okx,100,2026-07-02 06:15:00+00:00,2026-07-02 14:30:00+00:00,okx,gate,115.35153417457121,-36.093233823821,1,1,79.2583003507502,native_15m_trade_close_plus_real_settlements,59.258300350750204,39.258300350750204,-0.7416996492497958
PRICE_FUNDING_15M_GLOBAL_WINDOW,15m-0006001,gate/okx,100,2026-07-02 18:45:00+00:00,2026-07-02 19:30:00+00:00,okx,gate,15.505481512061053,0.0,0,0,15.505481512061053,native_15m_trade_close_plus_real_settlements,-4.494518487938947,-24.494518487938947,-64.49451848793895
PRICE_FUNDING_15M_GLOBAL_WINDOW,15m-0006002,gate/okx,100,2026-07-02 19:45:00+00:00,2026-07-02 21:15:00+00:00,okx,gate,28.593690902930135,0.0,0,0,28.593690902930135,native_15m_trade_close_plus_real_settlements,8.593690902930135,-11.406309097069865,-51.406309097069865
PRICE_FUNDING_15M_GLOBAL_WINDOW,15m-0006003,gate/okx,100,2026-07-03 00:45:00+00:00,2026-07-03 01:15:00+00:00,okx,gate,7.443003152114841,0.0,0,0,7.443003152114841,native_15m_trade_close_plus_real_settlements,-12.55699684788516,-32.55699684788516,-72.55699684788516
PRICE_FUNDING_15M_GLOBAL_WINDOW,15m-0006004,gate/okx,100,2026-07-03 01:30:00+00:00,2026-07-03 02:00:00+00:00,okx,gate,20.316444577359988,0.0,0,0,20.316444577359988,native_15m_trade_close_plus_real_settlements,0.316444577359988,-19.683555422640012,-59.68355542264001
PRICE_FUNDING_15M_GLOBAL_WINDOW,15m-0006005,gate/okx,100,2026-07-07 06:45:00+00:00,2026-07-07 23:45:00+00:00,okx,gate,67.79630318924013,-19.382334577689,2,2,48.413968611551134,native_15m_trade_close_plus_real_settlements,28.413968611551134,8.413968611551134,-31.586031388448866
PRICE_FUNDING_15M_GLOBAL_WINDOW,15m-0006006,gate/okx,100,2026-07-08 00:15:00+00:00,2026-07-08 00:45:00+00:00,okx,gate,15.38527868484718,0.0,0,0,15.38527868484718,native_15m_trade_close_plus_real_settlements,-4.614721315152821,-24.61472131515282,-64.61472131515282
PRICE_FUNDING_15M_GLOBAL_WINDOW,15m-0006007,gate/okx,100,2026-07-08 01:45:00+00:00,2026-07-08 02:00:00+00:00,okx,gate,15.556724697104556,0.0,0,0,15.556724697104556,native_15m_trade_close_plus_real_settlements,-4.443275302895444,-24.443275302895444,-64.44327530289544
PRICE_FUNDING_15M_GLOBAL_WINDOW,15m-0006008,gate/okx,100,2026-07-08 02:30:00+00:00,2026-07-08 02:45:00+00:00,okx,gate,3.170570797706006,0.0,0,0,3.170570797706006,native_15m_trade_close_plus_real_settlements,-16.829429202293994,-36.829429202293994,-76.829429202294
PRICE_FUNDING_15M_GLOBAL_WINDOW,15m-0006009,gate/okx,100,2026-07-08 03:30:00+00:00,2026-07-17 13:45:00+00:00,okx,gate,313.34871776609975,-102.45006817057093,32,37,210.8986495955288,native_15m_trade_close_plus_real_settlements,190.8986495955288,170.8986495955288,130.8986495955288
PRICE_FUNDING_15M_GLOBAL_WINDOW,15m-0006010,gate/okx,100,2026-07-17 14:00:00+00:00,2026-07-17 14:30:00+00:00,okx,gate,13.585383408715145,0.0,0,0,13.585383408715145,native_15m_trade_close_plus_real_settlements,-6.4146165912848545,-26.414616591284855,-66.41461659128485
PRICE_FUNDING_15M_GLOBAL_WINDOW,15m-0006011,gate/okx,100,2026-07-17 14:45:00+00:00,2026-07-17 15:00:00+00:00,okx,gate,6.883517150222687,0.0,0,0,6.883517150222687,native_15m_trade_close_plus_real_settlements,-13.116482849777313,-33.11648284977731,-73.11648284977731
PRICE_FUNDING_15M_GLOBAL_WINDOW,15m-0006012,gate/okx,100,2026-07-17 15:15:00+00:00,2026-07-17 15:45:00+00:00,okx,gate,8.860433820096944,0.0,0,0,8.860433820096944,native_15m_trade_close_plus_real_settlements,-11.139566179903056,-31.139566179903056,-71.13956617990306
PRICE_FUNDING_15M_GLOBAL_WINDOW,15m-0006013,gate/okx,100,2026-07-17 16:00:00+00:00,2026-07-17 16:15:00+00:00,okx,gate,3.997175531813639,5.0,0,1,8.997175531813639,native_15m_trade_close_plus_real_settlements,-11.002824468186361,-31.00282446818636,-71.00282446818636
PRICE_FUNDING_15M_GLOBAL_WINDOW,15m-0006014,gate/okx,100,2026-07-17 16:30:00+00:00,2026-07-17 18:15:00+00:00,okx,gate,37.36807671694923,0.0,0,0,37.36807671694923,native_15m_trade_close_plus_real_settlements,17.368076716949233,-2.6319232830507673,-42.63192328305077
PRICE_FUNDING_15M_GLOBAL_WINDOW,15m-0006047,gate/okx,150,2026-06-24 01:45:00+00:00,2026-06-24 02:00:00+00:00,okx,gate,40.01965355808764,0.0,0,0,40.01965355808764,native_15m_trade_close_plus_real_settlements,20.01965355808764,0.019653558087640022,-39.98034644191236
PRICE_FUNDING_15M_GLOBAL_WINDOW,15m-0006048,gate/okx,150,2026-06-24 02:30:00+00:00,2026-06-24 02:45:00+00:00,okx,gate,27.997326568168603,0.0,0,0,27.997326568168603,native_15m_trade_close_plus_real_settlements,7.997326568168603,-12.002673431831397,-52.0026734318314
PRICE_FUNDING_15M_GLOBAL_WINDOW,15m-0006049,gate/okx,150,2026-06-24 03:00:00+00:00,2026-06-24 04:00:00+00:00,okx,gate,42.48337393048428,0.0,0,0,42.48337393048428,native_15m_trade_close_plus_real_settlements,22.483373930484277,2.4833739304842766,-37.51662606951572
PRICE_FUNDING_15M_GLOBAL_WINDOW,15m-0006050,gate/okx,150,2026-06-24 04:30:00+00:00,2026-06-24 06:45:00+00:00,okx,gate,45.16908936349694,0.0,0,0,45.16908936349694,native_15m_trade_close_plus_real_settlements,25.169089363496937,5.169089363496937,-34.83091063650306
PRICE_FUNDING_15M_GLOBAL_WINDOW,15m-0006051,gate/okx,150,2026-06-24 07:30:00+00:00,2026-06-24 08:00:00+00:00,okx,gate,24.095935662454224,-13.620266144993002,1,1,10.475669517461222,native_15m_trade_close_plus_real_settlements,-9.524330482538778,-29.52433048253878,-69.52433048253877
PRICE_FUNDING_15M_GLOBAL_WINDOW,15m-0006052,gate/okx,150,2026-06-24 20:00:00+00:00,2026-06-24 20:45:00+00:00,okx,gate,24.90048074410018,0.0,0,0,24.90048074410018,native_15m_trade_close_plus_real_settlements,4.900480744100179,-15.099519255899821,-55.09951925589982
PRICE_FUNDING_15M_GLOBAL_WINDOW,15m-0006053,gate/okx,150,2026-06-24 21:00:00+00:00,2026-06-24 21:30:00+00:00,okx,gate,13.26109282569189,0.0,0,0,13.26109282569189,native_15m_trade_close_plus_real_settlements,-6.73890717430811,-26.73890717430811,-66.73890717430811
PRICE_FUNDING_15M_GLOBAL_WINDOW,15m-0006054,gate/okx,150,2026-06-24 22:00:00+00:00,2026-06-25 04:45:00+00:00,okx,gate,111.70905166671284,-20.871457699900997,1,1,90.83759396681184,native_15m_trade_close_plus_real_settlements,70.83759396681184,50.83759396681184,10.837593966811838
PRICE_FUNDING_15M_GLOBAL_WINDOW,15m-0006055,gate/okx,150,2026-06-25 06:15:00+00:00,2026-06-25 06:30:00+00:00,okx,gate,39.15993624869884,0.0,0,0,39.15993624869884,native_15m_trade_close_plus_real_settlements,19.15993624869884,-0.8400637513011588,-40.84006375130116
PRICE_FUNDING_15M_GLOBAL_WINDOW,15m-0006056,gate/okx,150,2026-06-25 08:15:00+00:00,2026-06-25 14:15:00+00:00,okx,gate,66.89095538603611,0.0,0,0,66.89095538603611,native_15m_trade_close_plus_real_settlements,46.89095538603611,26.89095538603611,-13.109044613963889
PRICE_FUNDING_15M_GLOBAL_WINDOW,15m-0006057,gate/okx,150,2026-06-25 14:45:00+00:00,2026-06-25 15:30:00+00:00,okx,gate,34.63624336338438,0.0,0,0,34.63624336338438,native_15m_trade_close_plus_real_settlements,14.63624336338438,-5.363756636615619,-45.36375663661562
PRICE_FUNDING_15M_GLOBAL_WINDOW,15m-0006058,gate/okx,150,2026-06-25 16:00:00+00:00,2026-06-26 00:15:00+00:00,okx,gate,48.24554355210685,4.386000549671,1,2,52.631544101777855,native_15m_trade_close_plus_real_settlements,32.631544101777855,12.631544101777855,-27.368455898222145
PRICE_FUNDING_15M_GLOBAL_WINDOW,15m-0006059,gate/okx,150,2026-06-26 00:30:00+00:00,2026-06-26 06:45:00+00:00,okx,gate,71.00369495742538,0.0,0,0,71.00369495742538,native_15m_trade_close_plus_real_settlements,51.00369495742538,31.00369495742538,-8.996305042574619
PRICE_FUNDING_15M_GLOBAL_WINDOW,15m-0006060,gate/okx,150,2026-06-26 07:00:00+00:00,2026-06-26 08:00:00+00:00,okx,gate,26.903248965210253,0.40194886138000124,1,1,27.305197826590256,native_15m_trade_close_plus_real_settlements,7.3051978265902555,-12.694802173409744,-52.69480217340974
PRICE_FUNDING_15M_GLOBAL_WINDOW,15m-0006061,gate/okx,150,2026-06-26 08:15:00+00:00,2026-06-26 08:45:00+00:00,okx,gate,20.53312447163475,0.0,0,0,20.53312447163475,native_15m_trade_close_plus_real_settlements,0.5331244716347499,-19.46687552836525,-59.46687552836525
PRICE_FUNDING_15M_GLOBAL_WINDOW,15m-0006062,gate/okx,150,2026-06-26 10:15:00+00:00,2026-06-26 12:15:00+00:00,okx,gate,19.927327165694976,0.0,0,0,19.927327165694976,native_15m_trade_close_plus_real_settlements,-0.07267283430502403,-20.072672834305024,-60.072672834305024
PRICE_FUNDING_15M_GLOBAL_WINDOW,15m-0006063,gate/okx,150,2026-06-26 17:15:00+00:00,2026-06-26 18:15:00+00:00,okx,gate,29.139248684260366,0.0,0,0,29.139248684260366,native_15m_trade_close_plus_real_settlements,9.139248684260366,-10.860751315739634,-50.860751315739634
PRICE_FUNDING_15M_GLOBAL_WINDOW,15m-0006064,gate/okx,150,2026-06-26 20:30:00+00:00,2026-06-26 23:45:00+00:00,okx,gate,23.458280673743587,0.0,0,0,23.458280673743587,native_15m_trade_close_plus_real_settlements,3.4582806737435874,-16.541719326256413,-56.54171932625641
PRICE_FUNDING_15M_GLOBAL_WINDOW,15m-0006065,gate/okx,150,2026-06-27 00:00:00+00:00,2026-06-27 00:30:00+00:00,okx,gate,16.286377855923377,3.36,0,1,19.646377855923376,native_15m_trade_close_plus_real_settlements,-0.35362214407662407,-20.353622144076624,-60.353622144076624
PRICE_FUNDING_15M_GLOBAL_WINDOW,15m-0006066,gate/okx,150,2026-06-27 02:45:00+00:00,2026-06-27 04:45:00+00:00,okx,gate,20.173841092392394,0.0,0,0,20.173841092392394,native_15m_trade_close_plus_real_settlements,0.17384109239239365,-19.826158907607606,-59.826158907607606
PRICE_FUNDING_15M_GLOBAL_WINDOW,15m-0006067,gate/okx,150,2026-06-27 05:30:00+00:00,2026-06-27 06:15:00+00:00,okx,gate,24.279372660855955,0.0,0,0,24.279372660855955,native_15m_trade_close_plus_real_settlements,4.279372660855955,-15.720627339144045,-55.720627339144045
PRICE_FUNDING_15M_GLOBAL_WINDOW,15m-0006068,gate/okx,150,2026-06-27 14:00:00+00:00,2026-06-27 18:00:00+00:00,okx,gate,17.37820283558017,2.18,1,1,19.55820283558017,native_15m_trade_close_plus_real_settlements,-0.44179716441983174,-20.44179716441983,-60.44179716441983
PRICE_FUNDING_15M_GLOBAL_WINDOW,15m-0006069,gate/okx,150,2026-06-28 00:45:00+00:00,2026-06-28 01:00:00+00:00,okx,gate,4.1187467639493605,0.0,0,0,4.1187467639493605,native_15m_trade_close_plus_real_settlements,-15.88125323605064,-35.88125323605064,-75.88125323605064
PRICE_FUNDING_15M_GLOBAL_WINDOW,15m-0006070,gate/okx,150,2026-06-28 01:30:00+00:00,2026-06-28 05:00:00+00:00,okx,gate,25.487072874912798,0.0,0,0,25.487072874912798,native_15m_trade_close_plus_real_settlements,5.487072874912798,-14.512927125087202,-54.5129271250872
PRICE_FUNDING_15M_GLOBAL_WINDOW,15m-0006071,gate/okx,150,2026-06-28 07:30:00+00:00,2026-06-28 10:30:00+00:00,okx,gate,33.5271803579121,-1.851932604946,1,1,31.6752477529661,native_15m_trade_close_plus_real_settlements,11.6752477529661,-8.3247522470339,-48.3247522470339
PRICE_FUNDING_15M_GLOBAL_WINDOW,15m-0006072,gate/okx,150,2026-06-28 10:45:00+00:00,2026-06-28 11:00:00+00:00,okx,gate,16.762392217820178,0.0,0,0,16.762392217820178,native_15m_trade_close_plus_real_settlements,-3.237607782179822,-23.237607782179822,-63.23760778217982
PRICE_FUNDING_15M_GLOBAL_WINDOW,15m-0006073,gate/okx,150,2026-06-28 11:45:00+00:00,2026-06-28 12:15:00+00:00,okx,gate,2.537189931734872,0.0,0,0,2.537189931734872,native_15m_trade_close_plus_real_settlements,-17.462810068265128,-37.46281006826513,-77.46281006826513
PRICE_FUNDING_15M_GLOBAL_WINDOW,15m-0006074,gate/okx,150,2026-06-28 14:15:00+00:00,2026-06-28 15:15:00+00:00,okx,gate,10.407019389317583,0.0,0,0,10.407019389317583,native_15m_trade_close_plus_real_settlements,-9.592980610682417,-29.592980610682417,-69.59298061068242
PRICE_FUNDING_15M_GLOBAL_WINDOW,15m-0006075,gate/okx,150,2026-06-28 15:45:00+00:00,2026-06-28 16:00:00+00:00,okx,gate,13.251730141915942,-10.652355099599,1,1,2.599375042316943,native_15m_trade_close_plus_real_settlements,-17.400624957683057,-37.40062495768306,-77.40062495768305
PRICE_FUNDING_15M_GLOBAL_WINDOW,15m-0006076,gate/okx,150,2026-06-28 17:30:00+00:00,2026-06-28 18:15:00+00:00,okx,gate,13.141973287803353,0.0,0,0,13.141973287803353,native_15m_trade_close_plus_real_settlements,-6.858026712196647,-26.858026712196647,-66.85802671219665
PRICE_FUNDING_15M_GLOBAL_WINDOW,15m-0006077,gate/okx,150,2026-06-28 20:45:00+00:00,2026-06-28 22:15:00+00:00,okx,gate,14.54967238110109,0.0,0,0,14.54967238110109,native_15m_trade_close_plus_real_settlements,-5.4503276188989105,-25.45032761889891,-65.45032761889891
PRICE_FUNDING_15M_GLOBAL_WINDOW,15m-0006078,gate/okx,150,2026-06-28 23:15:00+00:00,2026-06-28 23:30:00+00:00,okx,gate,11.981608855141673,0.0,0,0,11.981608855141673,native_15m_trade_close_plus_real_settlements,-8.018391144858327,-28.018391144858327,-68.01839114485833
PRICE_FUNDING_15M_GLOBAL_WINDOW,15m-0006079,gate/okx,150,2026-06-29 00:15:00+00:00,2026-06-29 14:00:00+00:00,okx,gate,139.34992635514652,-25.969090387396,1,1,113.38083596775053,native_15m_trade_close_plus_real_settlements,93.38083596775053,73.38083596775053,33.38083596775053
PRICE_FUNDING_15M_GLOBAL_WINDOW,15m-0006080,gate/okx,150,2026-06-29 14:30:00+00:00,2026-06-29 15:15:00+00:00,okx,gate,17.94623981037472,0.0,0,0,17.94623981037472,native_15m_trade_close_plus_real_settlements,-2.0537601896252795,-22.05376018962528,-62.05376018962528
PRICE_FUNDING_15M_GLOBAL_WINDOW,15m-0006081,gate/okx,150,2026-06-29 15:45:00+00:00,2026-06-29 17:00:00+00:00,okx,gate,9.138585824543469,4.1028547414959995,1,1,13.241440566039469,native_15m_trade_close_plus_real_settlements,-6.7585594339605315,-26.75855943396053,-66.75855943396053
PRICE_FUNDING_15M_GLOBAL_WINDOW,15m-0006082,gate/okx,150,2026-06-29 17:15:00+00:00,2026-06-29 18:00:00+00:00,okx,gate,12.10413897779776,0.0,0,0,12.10413897779776,native_15m_trade_close_plus_real_settlements,-7.89586102220224,-27.89586102220224,-67.89586102220224
PRICE_FUNDING_15M_GLOBAL_WINDOW,15m-0006083,gate/okx,150,2026-06-29 18:30:00+00:00,2026-06-29 19:00:00+00:00,okx,gate,4.333011563082181,0.0,0,0,4.333011563082181,native_15m_trade_close_plus_real_settlements,-15.66698843691782,-35.66698843691782,-75.66698843691782
PRICE_FUNDING_15M_GLOBAL_WINDOW,15m-0006084,gate/okx,150,2026-06-29 19:15:00+00:00,2026-06-30 02:15:00+00:00,okx,gate,35.26471203275764,-13.50186809796,1,1,21.762843934797644,native_15m_trade_close_plus_real_settlements,1.762843934797644,-18.237156065202356,-58.237156065202356
PRICE_FUNDING_15M_GLOBAL_WINDOW,15m-0006085,gate/okx,150,2026-07-01 08:00:00+00:00,2026-07-01 09:00:00+00:00,okx,gate,31.915651362927548,30.0,0,1,61.91565136292755,native_15m_trade_close_plus_real_settlements,41.91565136292755,21.915651362927548,-18.084348637072452
PRICE_FUNDING_15M_GLOBAL_WINDOW,15m-0006086,gate/okx,150,2026-07-01 10:15:00+00:00,2026-07-01 10:45:00+00:00,okx,gate,10.66525092575165,0.0,0,0,10.66525092575165,native_15m_trade_close_plus_real_settlements,-9.33474907424835,-29.33474907424835,-69.33474907424835
PRICE_FUNDING_15M_GLOBAL_WINDOW,15m-0006087,gate/okx,150,2026-07-01 11:00:00+00:00,2026-07-01 11:45:00+00:00,okx,gate,11.945181724133107,0.0,0,0,11.945181724133107,native_15m_trade_close_plus_real_settlements,-8.054818275866893,-28.054818275866893,-68.0548182758669
PRICE_FUNDING_15M_GLOBAL_WINDOW,15m-0006088,gate/okx,150,2026-07-01 12:00:00+00:00,2026-07-01 12:30:00+00:00,okx,gate,18.20230347721096,0.0,0,0,18.20230347721096,native_15m_trade_close_plus_real_settlements,-1.797696522789039,-21.79769652278904,-61.79769652278904
PRICE_FUNDING_15M_GLOBAL_WINDOW,15m-0006089,gate/okx,150,2026-07-01 13:00:00+00:00,2026-07-01 13:15:00+00:00,okx,gate,3.5861367659485666,0.0,0,0,3.5861367659485666,native_15m_trade_close_plus_real_settlements,-16.413863234051433,-36.41386323405143,-76.41386323405143
PRICE_FUNDING_15M_GLOBAL_WINDOW,15m-0006090,gate/okx,150,2026-07-01 17:00:00+00:00,2026-07-01 21:45:00+00:00,okx,gate,29.771463257576443,0.0,0,0,29.771463257576443,native_15m_trade_close_plus_real_settlements,9.771463257576443,-10.228536742423557,-50.22853674242356
PRICE_FUNDING_15M_GLOBAL_WINDOW,15m-0006091,gate/okx,150,2026-07-01 22:00:00+00:00,2026-07-01 23:45:00+00:00,okx,gate,77.11281932400956,0.0,0,0,77.11281932400956,native_15m_trade_close_plus_real_settlements,57.112819324009564,37.112819324009564,-2.887180675990436
PRICE_FUNDING_15M_GLOBAL_WINDOW,15m-0006092,gate/okx,150,2026-07-02 06:15:00+00:00,2026-07-02 06:30:00+00:00,okx,gate,66.53084925417062,0.0,0,0,66.53084925417062,native_15m_trade_close_plus_real_settlements,46.53084925417062,26.53084925417062,-13.469150745829381
PRICE_FUNDING_15M_GLOBAL_WINDOW,15m-0006093,gate/okx,150,2026-07-02 07:00:00+00:00,2026-07-02 08:00:00+00:00,okx,gate,85.87008590387514,-36.093233823821,1,1,49.776852080054134,native_15m_trade_close_plus_real_settlements,29.776852080054134,9.776852080054134,-30.223147919945866
PRICE_FUNDING_15M_GLOBAL_WINDOW,15m-0006094,gate/okx,150,2026-07-02 12:15:00+00:00,2026-07-02 12:30:00+00:00,okx,gate,19.03460104376387,0.0,0,0,19.03460104376387,native_15m_trade_close_plus_real_settlements,-0.9653989562361289,-20.96539895623613,-60.96539895623613
PRICE_FUNDING_15M_GLOBAL_WINDOW,15m-0006095,gate/okx,150,2026-07-02 12:45:00+00:00,2026-07-02 13:00:00+00:00,okx,gate,13.792335386919603,0.0,0,0,13.792335386919603,native_15m_trade_close_plus_real_settlements,-6.2076646130803965,-26.207664613080397,-66.2076646130804
PRICE_FUNDING_15M_GLOBAL_WINDOW,15m-0006096,gate/okx,150,2026-07-07 07:00:00+00:00,2026-07-07 08:00:00+00:00,okx,gate,35.60745102560355,-20.692334577689003,1,1,14.91511644791455,native_15m_trade_close_plus_real_settlements,-5.084883552085451,-25.08488355208545,-65.08488355208544
PRICE_FUNDING_15M_GLOBAL_WINDOW,15m-0006097,gate/okx,150,2026-07-07 12:00:00+00:00,2026-07-07 12:15:00+00:00,okx,gate,14.940300399574312,0.0,0,0,14.940300399574312,native_15m_trade_close_plus_real_settlements,-5.059699600425688,-25.059699600425688,-65.05969960042569
PRICE_FUNDING_15M_GLOBAL_WINDOW,15m-0006098,gate/okx,150,2026-07-07 18:00:00+00:00,2026-07-07 18:15:00+00:00,okx,gate,16.770145500592406,0.0,0,0,16.770145500592406,native_15m_trade_close_plus_real_settlements,-3.229854499407594,-23.229854499407594,-63.229854499407594
PRICE_FUNDING_15M_GLOBAL_WINDOW,15m-0006099,gate/okx,150,2026-07-08 06:30:00+00:00,2026-07-08 07:00:00+00:00,okx,gate,43.184688751023,0.0,0,0,43.184688751023,native_15m_trade_close_plus_real_settlements,23.184688751023003,3.1846887510230033,-36.815311248977
PRICE_FUNDING_15M_GLOBAL_WINDOW,15m-0006100,gate/okx,150,2026-07-08 07:15:00+00:00,2026-07-08 07:45:00+00:00,okx,gate,10.291858920797864,0.0,0,0,10.291858920797864,native_15m_trade_close_plus_real_settlements,-9.708141079202136,-29.708141079202136,-69.70814107920214
PRICE_FUNDING_15M_GLOBAL_WINDOW,15m-0006101,gate/okx,150,2026-07-08 08:00:00+00:00,2026-07-08 08:15:00+00:00,okx,gate,14.660831361113708,30.0,0,1,44.66083136111371,native_15m_trade_close_plus_real_settlements,24.660831361113708,4.660831361113708,-35.33916863888629
PRICE_FUNDING_15M_GLOBAL_WINDOW,15m-0006102,gate/okx,150,2026-07-08 09:15:00+00:00,2026-07-08 10:00:00+00:00,okx,gate,16.00503371783691,0.0,0,0,16.00503371783691,native_15m_trade_close_plus_real_settlements,-3.994966282163091,-23.99496628216309,-63.99496628216309
PRICE_FUNDING_15M_GLOBAL_WINDOW,15m-0006103,gate/okx,150,2026-07-08 10:15:00+00:00,2026-07-08 10:30:00+00:00,okx,gate,12.883907309205682,0.0,0,0,12.883907309205682,native_15m_trade_close_plus_real_settlements,-7.116092690794318,-27.116092690794318,-67.11609269079432
PRICE_FUNDING_15M_GLOBAL_WINDOW,15m-0006104,gate/okx,150,2026-07-08 10:45:00+00:00,2026-07-08 11:00:00+00:00,okx,gate,12.512046363386673,0.0,0,0,12.512046363386673,native_15m_trade_close_plus_real_settlements,-7.487953636613327,-27.487953636613327,-67.48795363661333
PRICE_FUNDING_15M_GLOBAL_WINDOW,15m-0006105,gate/okx,150,2026-07-08 11:45:00+00:00,2026-07-08 16:00:00+00:00,okx,gate,34.71414887271885,-12.174347143983999,1,1,22.53980172873485,native_15m_trade_close_plus_real_settlements,2.539801728734851,-17.46019827126515,-57.46019827126515
PRICE_FUNDING_15M_GLOBAL_WINDOW,15m-0006106,gate/okx,150,2026-07-08 16:15:00+00:00,2026-07-08 16:30:00+00:00,okx,gate,10.658951339811523,0.0,0,0,10.658951339811523,native_15m_trade_close_plus_real_settlements,-9.341048660188477,-29.341048660188477,-69.34104866018848
PRICE_FUNDING_15M_GLOBAL_WINDOW,15m-0006107,gate/okx,150,2026-07-08 16:45:00+00:00,2026-07-08 20:15:00+00:00,okx,gate,56.674950481647215,0.0,0,0,56.674950481647215,native_15m_trade_close_plus_real_settlements,36.674950481647215,16.674950481647215,-23.325049518352785
PRICE_FUNDING_15M_GLOBAL_WINDOW,15m-0006108,gate/okx,150,2026-07-08 20:30:00+00:00,2026-07-08 21:00:00+00:00,okx,gate,11.071729386986789,0.0,0,0,11.071729386986789,native_15m_trade_close_plus_real_settlements,-8.928270613013211,-28.92827061301321,-68.92827061301321
PRICE_FUNDING_15M_GLOBAL_WINDOW,15m-0006109,gate/okx,150,2026-07-08 22:15:00+00:00,2026-07-08 23:15:00+00:00,okx,gate,24.710943099711614,0.0,0,0,24.710943099711614,native_15m_trade_close_plus_real_settlements,4.7109430997116135,-15.289056900288386,-55.28905690028839
PRICE_FUNDING_15M_GLOBAL_WINDOW,15m-0006110,gate/okx,150,2026-07-09 04:45:00+00:00,2026-07-09 05:00:00+00:00,okx,gate,10.61635081311573,0.0,0,0,10.61635081311573,native_15m_trade_close_plus_real_settlements,-9.38364918688427,-29.38364918688427,-69.38364918688427
PRICE_FUNDING_15M_GLOBAL_WINDOW,15m-0006111,gate/okx,150,2026-07-09 06:15:00+00:00,2026-07-13 13:15:00+00:00,okx,gate,280.03160863349456,-114.35670774494301,14,13,165.67490088855155,native_15m_trade_close_plus_real_settlements,145.67490088855155,125.67490088855155,85.67490088855155
PRICE_FUNDING_15M_GLOBAL_WINDOW,15m-0006112,gate/okx,150,2026-07-13 13:30:00+00:00,2026-07-15 15:45:00+00:00,okx,gate,220.53792088687007,-12.92642819372701,9,9,207.61149269314305,native_15m_trade_close_plus_real_settlements,187.61149269314305,167.61149269314305,127.61149269314305
PRICE_FUNDING_15M_GLOBAL_WINDOW,15m-0006113,gate/okx,150,2026-07-15 16:00:00+00:00,2026-07-15 20:00:00+00:00,okx,gate,35.628132675603695,1.0,0,2,36.628132675603695,native_15m_trade_close_plus_real_settlements,16.628132675603695,-3.3718673243963053,-43.371867324396305
PRICE_FUNDING_15M_GLOBAL_WINDOW,15m-0006114,gate/okx,150,2026-07-15 20:15:00+00:00,2026-07-17 01:15:00+00:00,okx,gate,66.1845207231072,4.233212975352,4,7,70.4177336984592,native_15m_trade_close_plus_real_settlements,50.4177336984592,30.4177336984592,-9.582266301540798
PRICE_FUNDING_15M_GLOBAL_WINDOW,15m-0006115,gate/okx,150,2026-07-17 01:30:00+00:00,2026-07-17 03:00:00+00:00,okx,gate,19.414119458230317,0.0,0,0,19.414119458230317,native_15m_trade_close_plus_real_settlements,-0.5858805417696828,-20.585880541769683,-60.58588054176968
PRICE_FUNDING_15M_GLOBAL_WINDOW,15m-0006116,gate/okx,150,2026-07-17 03:15:00+00:00,2026-07-17 04:00:00+00:00,okx,gate,8.53201868813278,5.0,0,1,13.53201868813278,native_15m_trade_close_plus_real_settlements,-6.46798131186722,-26.46798131186722,-66.46798131186722
PRICE_FUNDING_15M_GLOBAL_WINDOW,15m-0006117,gate/okx,150,2026-07-17 04:15:00+00:00,2026-07-17 04:30:00+00:00,okx,gate,14.013224104587636,0.0,0,0,14.013224104587636,native_15m_trade_close_plus_real_settlements,-5.986775895412364,-25.986775895412364,-65.98677589541236
PRICE_FUNDING_15M_GLOBAL_WINDOW,15m-0006189,gate/okx,200,2026-06-24 23:30:00+00:00,2026-06-25 00:15:00+00:00,okx,gate,56.653445871172096,-20.871457699900997,1,1,35.781988171271095,native_15m_trade_close_plus_real_settlements,15.781988171271095,-4.218011828728905,-44.218011828728905
PRICE_FUNDING_15M_GLOBAL_WINDOW,15m-0006190,gate/okx,200,2026-06-25 01:00:00+00:00,2026-06-25 02:30:00+00:00,okx,gate,76.22476203847302,0.0,0,0,76.22476203847302,native_15m_trade_close_plus_real_settlements,56.22476203847302,36.22476203847302,-3.775237961526983
PRICE_FUNDING_15M_GLOBAL_WINDOW,15m-0006191,gate/okx,200,2026-06-25 03:15:00+00:00,2026-06-25 03:30:00+00:00,okx,gate,7.268649369085836,0.0,0,0,7.268649369085836,native_15m_trade_close_plus_real_settlements,-12.731350630914164,-32.731350630914164,-72.73135063091416
PRICE_FUNDING_15M_GLOBAL_WINDOW,15m-0006192,gate/okx,200,2026-06-26 02:00:00+00:00,2026-06-26 02:30:00+00:00,okx,gate,22.475471272148013,0.0,0,0,22.475471272148013,native_15m_trade_close_plus_real_settlements,2.475471272148013,-17.524528727851987,-57.52452872785199
PRICE_FUNDING_15M_GLOBAL_WINDOW,15m-0006193,gate/okx,200,2026-06-26 03:15:00+00:00,2026-06-26 03:30:00+00:00,okx,gate,10.056768967987438,0.0,0,0,10.056768967987438,native_15m_trade_close_plus_real_settlements,-9.943231032012562,-29.943231032012562,-69.94323103201256
PRICE_FUNDING_15M_GLOBAL_WINDOW,15m-0006194,gate/okx,200,2026-06-26 06:00:00+00:00,2026-06-26 06:30:00+00:00,okx,gate,38.84657725542772,0.0,0,0,38.84657725542772,native_15m_trade_close_plus_real_settlements,18.846577255427718,-1.153422744572282,-41.15342274457228
PRICE_FUNDING_15M_GLOBAL_WINDOW,15m-0006195,gate/okx,200,2026-06-29 02:00:00+00:00,2026-06-29 02:15:00+00:00,okx,gate,9.699138439621436,0.0,0,0,9.699138439621436,native_15m_trade_close_plus_real_settlements,-10.300861560378564,-30.300861560378564,-70.30086156037856
PRICE_FUNDING_15M_GLOBAL_WINDOW,15m-0006196,gate/okx,200,2026-06-29 02:30:00+00:00,2026-06-29 06:00:00+00:00,okx,gate,92.8677601506752,0.0,0,0,92.8677601506752,native_15m_trade_close_plus_real_settlements,72.8677601506752,52.867760150675196,12.867760150675196
PRICE_FUNDING_15M_GLOBAL_WINDOW,15m-0006197,gate/okx,200,2026-06-29 06:15:00+00:00,2026-06-29 06:45:00+00:00,okx,gate,49.08994914748013,0.0,0,0,49.08994914748013,native_15m_trade_close_plus_real_settlements,29.089949147480127,9.089949147480127,-30.910050852519873
PRICE_FUNDING_15M_GLOBAL_WINDOW,15m-0006198,gate/okx,200,2026-06-29 07:00:00+00:00,2026-06-29 08:00:00+00:00,okx,gate,47.177442588354864,-25.969090387396,1,1,21.208352200958863,native_15m_trade_close_plus_real_settlements,1.2083522009588634,-18.791647799041137,-58.79164779904114
PRICE_FUNDING_15M_GLOBAL_WINDOW,15m-0006199,gate/okx,200,2026-07-02 06:15:00+00:00,2026-07-02 06:30:00+00:00,okx,gate,66.53084925417062,0.0,0,0,66.53084925417062,native_15m_trade_close_plus_real_settlements,46.53084925417062,26.53084925417062,-13.469150745829381
PRICE_FUNDING_15M_GLOBAL_WINDOW,15m-0006200,gate/okx,200,2026-07-02 07:45:00+00:00,2026-07-02 08:00:00+00:00,okx,gate,85.87008590387514,-36.093233823821,1,1,49.776852080054134,native_15m_trade_close_plus_real_settlements,29.776852080054134,9.776852080054134,-30.223147919945866
PRICE_FUNDING_15M_GLOBAL_WINDOW,15m-0006201,gate/okx,200,2026-07-08 17:15:00+00:00,2026-07-08 17:30:00+00:00,okx,gate,1.3796265326770936,0.0,0,0,1.3796265326770936,native_15m_trade_close_plus_real_settlements,-18.620373467322906,-38.620373467322906,-78.6203734673229
PRICE_FUNDING_15M_GLOBAL_WINDOW,15m-0006202,gate/okx,200,2026-07-08 17:45:00+00:00,2026-07-08 18:00:00+00:00,okx,gate,8.957122839745097,0.0,0,0,8.957122839745097,native_15m_trade_close_plus_real_settlements,-11.042877160254903,-31.042877160254903,-71.0428771602549
PRICE_FUNDING_15M_GLOBAL_WINDOW,15m-0006203,gate/okx,200,2026-07-09 13:30:00+00:00,2026-07-09 14:15:00+00:00,okx,gate,26.322726760907983,0.0,0,0,26.322726760907983,native_15m_trade_close_plus_real_settlements,6.322726760907983,-13.677273239092017,-53.67727323909202
PRICE_FUNDING_15M_GLOBAL_WINDOW,15m-0006204,gate/okx,200,2026-07-10 02:00:00+00:00,2026-07-10 03:00:00+00:00,okx,gate,16.561852954201157,0.0,0,0,16.561852954201157,native_15m_trade_close_plus_real_settlements,-3.438147045798843,-23.438147045798843,-63.43814704579884
PRICE_FUNDING_15M_GLOBAL_WINDOW,15m-0006205,gate/okx,200,2026-07-10 03:30:00+00:00,2026-07-10 03:45:00+00:00,okx,gate,1.7181023813575393,0.0,0,0,1.7181023813575393,native_15m_trade_close_plus_real_settlements,-18.28189761864246,-38.28189761864246,-78.28189761864246
PRICE_FUNDING_15M_GLOBAL_WINDOW,15m-0006206,gate/okx,200,2026-07-10 04:00:00+00:00,2026-07-10 05:00:00+00:00,okx,gate,11.48592026839637,0.0,0,0,11.48592026839637,native_15m_trade_close_plus_real_settlements,-8.51407973160363,-28.51407973160363,-68.51407973160363
PRICE_FUNDING_15M_GLOBAL_WINDOW,15m-0006207,gate/okx,200,2026-07-10 06:00:00+00:00,2026-07-10 06:15:00+00:00,okx,gate,22.24644582736397,0.0,0,0,22.24644582736397,native_15m_trade_close_plus_real_settlements,2.2464458273639707,-17.75355417263603,-57.75355417263603
PRICE_FUNDING_15M_GLOBAL_WINDOW,15m-0006208,gate/okx,200,2026-07-10 08:30:00+00:00,2026-07-10 08:45:00+00:00,okx,gate,11.048793823963393,0.0,0,0,11.048793823963393,native_15m_trade_close_plus_real_settlements,-8.951206176036607,-28.951206176036607,-68.9512061760366
PRICE_FUNDING_15M_GLOBAL_WINDOW,15m-0006209,gate/okx,200,2026-07-10 09:00:00+00:00,2026-07-10 13:15:00+00:00,okx,gate,34.609374927179914,0.0,0,0,34.609374927179914,native_15m_trade_close_plus_real_settlements,14.609374927179914,-5.390625072820086,-45.390625072820086
PRICE_FUNDING_15M_GLOBAL_WINDOW,15m-0006210,gate/okx,200,2026-07-10 13:45:00+00:00,2026-07-11 05:30:00+00:00,okx,gate,58.439121645765965,-12.737940741556,2,2,45.70118090420996,native_15m_trade_close_plus_real_settlements,25.701180904209963,5.701180904209963,-34.29881909579004
PRICE_FUNDING_15M_GLOBAL_WINDOW,15m-0006211,gate/okx,200,2026-07-11 06:00:00+00:00,2026-07-11 06:15:00+00:00,okx,gate,5.1747226637636174,0.0,0,0,5.1747226637636174,native_15m_trade_close_plus_real_settlements,-14.825277336236383,-34.82527733623638,-74.82527733623638
PRICE_FUNDING_15M_GLOBAL_WINDOW,15m-0006212,gate/okx,200,2026-07-11 06:30:00+00:00,2026-07-11 07:45:00+00:00,okx,gate,11.751370869658672,0.0,0,0,11.751370869658672,native_15m_trade_close_plus_real_settlements,-8.248629130341328,-28.248629130341328,-68.24862913034133
PRICE_FUNDING_15M_GLOBAL_WINDOW,15m-0006213,gate/okx,200,2026-07-11 08:00:00+00:00,2026-07-11 08:30:00+00:00,okx,gate,9.862799280213892,3.62,0,1,13.482799280213893,native_15m_trade_close_plus_real_settlements,-6.517200719786107,-26.517200719786107,-66.5172007197861
PRICE_FUNDING_15M_GLOBAL_WINDOW,15m-0006214,gate/okx,200,2026-07-11 08:45:00+00:00,2026-07-11 09:15:00+00:00,okx,gate,5.130562380662667,0.0,0,0,5.130562380662667,native_15m_trade_close_plus_real_settlements,-14.869437619337333,-34.86943761933733,-74.86943761933733
PRICE_FUNDING_15M_GLOBAL_WINDOW,15m-0006215,gate/okx,200,2026-07-11 09:30:00+00:00,2026-07-11 09:45:00+00:00,okx,gate,5.291544206734756,0.0,0,0,5.291544206734756,native_15m_trade_close_plus_real_settlements,-14.708455793265244,-34.708455793265244,-74.70845579326524
PRICE_FUNDING_15M_GLOBAL_WINDOW,15m-0006216,gate/okx,200,2026-07-11 10:00:00+00:00,2026-07-11 10:15:00+00:00,okx,gate,3.3257525377639467,0.0,0,0,3.3257525377639467,native_15m_trade_close_plus_real_settlements,-16.674247462236053,-36.67424746223605,-76.67424746223605
PRICE_FUNDING_15M_GLOBAL_WINDOW,15m-0006217,gate/okx,200,2026-07-11 12:00:00+00:00,2026-07-12 23:45:00+00:00,okx,gate,33.391131852500564,19.588011105639,4,4,52.97914295813956,native_15m_trade_close_plus_real_settlements,32.97914295813956,12.979142958139562,-27.020857041860438
PRICE_FUNDING_15M_GLOBAL_WINDOW,15m-0006218,gate/okx,200,2026-07-13 00:00:00+00:00,2026-07-13 13:15:00+00:00,okx,gate,280.03160863349456,-93.35412986938,2,2,186.67747876411454,native_15m_trade_close_plus_real_settlements,166.67747876411454,146.67747876411454,106.67747876411454
PRICE_FUNDING_15M_GLOBAL_WINDOW,15m-0006219,gate/okx,200,2026-07-13 14:00:00+00:00,2026-07-13 19:30:00+00:00,okx,gate,56.43381206807632,12.944359392003001,1,1,69.37817146007933,native_15m_trade_close_plus_real_settlements,49.37817146007933,29.37817146007933,-10.62182853992067
PRICE_FUNDING_15M_GLOBAL_WINDOW,15m-0006220,gate/okx,200,2026-07-13 20:00:00+00:00,2026-07-13 23:15:00+00:00,okx,gate,29.743822331748532,0.0,0,0,29.743822331748532,native_15m_trade_close_plus_real_settlements,9.743822331748532,-10.256177668251468,-50.25617766825147
PRICE_FUNDING_15M_GLOBAL_WINDOW,15m-0006221,gate/okx,200,2026-07-13 23:30:00+00:00,2026-07-14 00:00:00+00:00,okx,gate,18.29281040373536,-15.455377782937,1,1,2.83743262079836,native_15m_trade_close_plus_real_settlements,-17.16256737920164,-37.16256737920164,-77.16256737920165
PRICE_FUNDING_15M_GLOBAL_WINDOW,15m-0006222,gate/okx,200,2026-07-14 00:15:00+00:00,2026-07-14 01:15:00+00:00,okx,gate,41.9731200461263,0.0,0,0,41.9731200461263,native_15m_trade_close_plus_real_settlements,21.973120046126297,1.9731200461262972,-38.0268799538737
PRICE_FUNDING_15M_GLOBAL_WINDOW,15m-0006223,gate/okx,200,2026-07-14 01:30:00+00:00,2026-07-14 06:30:00+00:00,okx,gate,167.44695773626313,-51.280565781914,1,0,116.16639195434914,native_15m_trade_close_plus_real_settlements,96.16639195434914,76.16639195434914,36.16639195434914
PRICE_FUNDING_15M_GLOBAL_WINDOW,15m-0006224,gate/okx,200,2026-07-14 08:00:00+00:00,2026-07-14 08:15:00+00:00,okx,gate,20.476696989085184,30.0,0,1,50.476696989085184,native_15m_trade_close_plus_real_settlements,30.476696989085184,10.476696989085184,-29.523303010914816
PRICE_FUNDING_15M_GLOBAL_WINDOW,15m-0006225,gate/okx,200,2026-07-14 09:30:00+00:00,2026-07-14 09:45:00+00:00,okx,gate,7.006589054143461,0.0,0,0,7.006589054143461,native_15m_trade_close_plus_real_settlements,-12.993410945856539,-32.99341094585654,-72.99341094585654
PRICE_FUNDING_15M_GLOBAL_WINDOW,15m-0006226,gate/okx,200,2026-07-14 10:00:00+00:00,2026-07-14 11:15:00+00:00,okx,gate,23.58812583158337,0.0,0,0,23.58812583158337,native_15m_trade_close_plus_real_settlements,3.588125831583369,-16.41187416841663,-56.41187416841663
PRICE_FUNDING_15M_GLOBAL_WINDOW,15m-0006227,gate/okx,200,2026-07-14 11:30:00+00:00,2026-07-14 12:15:00+00:00,okx,gate,11.86260291523402,0.0,1,0,11.86260291523402,native_15m_trade_close_plus_real_settlements,-8.13739708476598,-28.13739708476598,-68.13739708476598
PRICE_FUNDING_15M_GLOBAL_WINDOW,15m-0006228,gate/okx,200,2026-07-14 12:30:00+00:00,2026-07-15 01:45:00+00:00,okx,gate,69.22086815274042,-4.3566744589969995,2,3,64.86419369374342,native_15m_trade_close_plus_real_settlements,44.86419369374342,24.864193693743417,-15.135806306256583
PRICE_FUNDING_15M_GLOBAL_WINDOW,15m-0006229,gate/okx,200,2026-07-16 07:30:00+00:00,2026-07-16 07:45:00+00:00,okx,gate,11.517987830398226,0.0,0,0,11.517987830398226,native_15m_trade_close_plus_real_settlements,-8.482012169601774,-28.482012169601774,-68.48201216960177
PRICE_FUNDING_15M_GLOBAL_WINDOW,15m-0006230,gate/okx,200,2026-07-16 13:30:00+00:00,2026-07-16 13:45:00+00:00,okx,gate,12.021619856692894,0.0,0,0,12.021619856692894,native_15m_trade_close_plus_real_settlements,-7.978380143307106,-27.978380143307106,-67.9783801433071
PRICE_FUNDING_15M_GLOBAL_WINDOW,15m-0006231,gate/okx,200,2026-07-16 14:15:00+00:00,2026-07-16 14:45:00+00:00,okx,gate,14.608526635331032,0.0,0,0,14.608526635331032,native_15m_trade_close_plus_real_settlements,-5.391473364668968,-25.39147336466897,-65.39147336466897
PRICE_FUNDING_15M_GLOBAL_WINDOW,15m-0006232,gate/okx,200,2026-07-16 15:30:00+00:00,2026-07-16 15:45:00+00:00,okx,gate,2.665605944559644,0.0,0,0,2.665605944559644,native_15m_trade_close_plus_real_settlements,-17.334394055440356,-37.334394055440356,-77.33439405544036
PRICE_FUNDING_15M_GLOBAL_WINDOW,15m-0006233,gate/okx,200,2026-07-16 16:15:00+00:00,2026-07-16 17:15:00+00:00,okx,gate,8.982368014524155,0.0,0,0,8.982368014524155,native_15m_trade_close_plus_real_settlements,-11.017631985475845,-31.017631985475845,-71.01763198547584
PRICE_FUNDING_15M_GLOBAL_WINDOW,15m-0006234,gate/okx,200,2026-07-16 17:30:00+00:00,2026-07-16 17:45:00+00:00,okx,gate,5.91633960647809,0.0,0,0,5.91633960647809,native_15m_trade_close_plus_real_settlements,-14.08366039352191,-34.08366039352191,-74.08366039352191
PRICE_FUNDING_15M_GLOBAL_WINDOW,15m-0006235,gate/okx,200,2026-07-16 18:45:00+00:00,2026-07-16 19:00:00+00:00,okx,gate,8.084675048644073,0.0,0,0,8.084675048644073,native_15m_trade_close_plus_real_settlements,-11.915324951355927,-31.915324951355927,-71.91532495135593
PRICE_FUNDING_15M_GLOBAL_WINDOW,15m-0006236,gate/okx,200,2026-07-16 19:15:00+00:00,2026-07-16 19:30:00+00:00,okx,gate,0.6438225783850271,0.0,0,0,0.6438225783850271,native_15m_trade_close_plus_real_settlements,-19.356177421614973,-39.35617742161497,-79.35617742161497
PRICE_FUNDING_15M_GLOBAL_WINDOW,15m-0006237,gate/okx,200,2026-07-16 20:00:00+00:00,2026-07-16 21:00:00+00:00,okx,gate,6.492403885995174,0.5,0,1,6.992403885995174,native_15m_trade_close_plus_real_settlements,-13.007596114004826,-33.007596114004826,-73.00759611400483
PRICE_FUNDING_15M_GLOBAL_WINDOW,15m-0006238,gate/okx,200,2026-07-16 21:15:00+00:00,2026-07-16 21:30:00+00:00,okx,gate,3.2973665849281986,0.0,0,0,3.2973665849281986,native_15m_trade_close_plus_real_settlements,-16.7026334150718,-36.7026334150718,-76.7026334150718
PRICE_FUNDING_15M_GLOBAL_WINDOW,15m-0006239,gate/okx,200,2026-07-16 21:45:00+00:00,2026-07-16 22:00:00+00:00,okx,gate,6.914702090069682,0.0,0,0,6.914702090069682,native_15m_trade_close_plus_real_settlements,-13.085297909930318,-33.08529790993032,-73.08529790993032
PRICE_FUNDING_15M_GLOBAL_WINDOW,15m-0006240,gate/okx,200,2026-07-16 22:15:00+00:00,2026-07-16 22:45:00+00:00,okx,gate,5.407242923681309,0.0,0,0,5.407242923681309,native_15m_trade_close_plus_real_settlements,-14.59275707631869,-34.59275707631869,-74.59275707631869
PRICE_FUNDING_15M_GLOBAL_WINDOW,15m-0006241,gate/okx,200,2026-07-16 23:00:00+00:00,2026-07-16 23:15:00+00:00,okx,gate,13.437127768601727,0.0,0,0,13.437127768601727,native_15m_trade_close_plus_real_settlements,-6.5628722313982735,-26.562872231398273,-66.56287223139827
PRICE_FUNDING_15M_GLOBAL_WINDOW,15m-0006297,hyperliquid/okx,20,2026-06-10 14:45:00+00:00,2026-06-10 15:30:00+00:00,hyperliquid,okx,35.28405812750144,-3.385447,1,0,31.89861112750144,native_15m_trade_close_plus_real_settlements,11.89861112750144,-8.10138887249856,-48.10138887249856
PRICE_FUNDING_15M_GLOBAL_WINDOW,15m-0006298,hyperliquid/okx,20,2026-06-10 16:00:00+00:00,2026-06-10 16:15:00+00:00,hyperliquid,okx,20.057236841843064,5.386043,1,0,25.443279841843065,native_15m_trade_close_plus_real_settlements,5.443279841843065,-14.556720158156935,-54.556720158156935
PRICE_FUNDING_15M_GLOBAL_WINDOW,15m-0006299,hyperliquid/okx,20,2026-06-10 17:00:00+00:00,2026-06-11 00:15:00+00:00,hyperliquid,okx,54.557899912228066,8.11073,8,1,62.66862991222807,native_15m_trade_close_plus_real_settlements,42.66862991222807,22.66862991222807,-17.33137008777193
PRICE_FUNDING_15M_GLOBAL_WINDOW,15m-0006300,hyperliquid/okx,20,2026-06-11 00:30:00+00:00,2026-06-11 01:00:00+00:00,hyperliquid,okx,47.76871071689211,-1.368798,1,0,46.39991271689211,native_15m_trade_close_plus_real_settlements,26.39991271689211,6.399912716892111,-33.60008728310789
PRICE_FUNDING_15M_GLOBAL_WINDOW,15m-0006301,hyperliquid/okx,20,2026-06-11 01:15:00+00:00,2026-06-11 04:30:00+00:00,hyperliquid,okx,57.86911996016137,-3.095191,3,0,54.77392896016137,native_15m_trade_close_plus_real_settlements,34.77392896016137,14.77392896016137,-25.22607103983863
PRICE_FUNDING_15M_GLOBAL_WINDOW,15m-0006302,hyperliquid/okx,20,2026-06-11 05:15:00+00:00,2026-06-11 05:30:00+00:00,hyperliquid,okx,16.14836065067323,0.0,0,0,16.14836065067323,native_15m_trade_close_plus_real_settlements,-3.8516393493267707,-23.85163934932677,-63.851639349326774
PRICE_FUNDING_15M_GLOBAL_WINDOW,15m-0006303,hyperliquid/okx,20,2026-06-11 07:30:00+00:00,2026-06-11 07:45:00+00:00,okx,hyperliquid,6.54176395500086,0.0,0,0,6.54176395500086,native_15m_trade_close_plus_real_settlements,-13.45823604499914,-33.45823604499914,-73.45823604499914
PRICE_FUNDING_15M_GLOBAL_WINDOW,15m-0006304,hyperliquid/okx,20,2026-06-11 08:30:00+00:00,2026-06-11 08:45:00+00:00,hyperliquid,okx,27.903454366751415,0.0,0,0,27.903454366751415,native_15m_trade_close_plus_real_settlements,7.903454366751415,-12.096545633248585,-52.09654563324858
PRICE_FUNDING_15M_GLOBAL_WINDOW,15m-0006305,hyperliquid/okx,20,2026-06-11 09:00:00+00:00,2026-06-11 15:15:00+00:00,hyperliquid,okx,48.211639237983164,3.5736389999999996,7,0,51.785278237983164,native_15m_trade_close_plus_real_settlements,31.785278237983164,11.785278237983164,-28.214721762016836
PRICE_FUNDING_15M_GLOBAL_WINDOW,15m-0006306,hyperliquid/okx,20,2026-06-11 15:30:00+00:00,2026-06-11 15:45:00+00:00,hyperliquid,okx,8.605130982716847,0.0,0,0,8.605130982716847,native_15m_trade_close_plus_real_settlements,-11.394869017283153,-31.394869017283153,-71.39486901728316
PRICE_FUNDING_15M_GLOBAL_WINDOW,15m-0006307,hyperliquid/okx,20,2026-06-11 16:00:00+00:00,2026-06-11 19:00:00+00:00,hyperliquid,okx,46.25509546400518,-11.519255,4,0,34.73584046400518,native_15m_trade_close_plus_real_settlements,14.735840464005179,-5.264159535994821,-45.26415953599482
PRICE_FUNDING_15M_GLOBAL_WINDOW,15m-0006308,hyperliquid/okx,20,2026-06-11 19:45:00+00:00,2026-06-11 20:00:00+00:00,hyperliquid,okx,25.810641968760574,-7.657344,1,0,18.153297968760576,native_15m_trade_close_plus_real_settlements,-1.846702031239424,-21.846702031239424,-61.846702031239424
PRICE_FUNDING_15M_GLOBAL_WINDOW,15m-0006309,hyperliquid/okx,20,2026-06-11 20:15:00+00:00,2026-06-11 21:00:00+00:00,hyperliquid,okx,31.13025683588665,-4.357493,1,0,26.77276383588665,native_15m_trade_close_plus_real_settlements,6.77276383588665,-13.22723616411335,-53.22723616411335
PRICE_FUNDING_15M_GLOBAL_WINDOW,15m-0006310,hyperliquid/okx,20,2026-06-11 23:00:00+00:00,2026-06-11 23:15:00+00:00,hyperliquid,okx,11.113716397089139,-0.8803150000000001,1,0,10.233401397089139,native_15m_trade_close_plus_real_settlements,-9.766598602910861,-29.76659860291086,-69.76659860291086
PRICE_FUNDING_15M_GLOBAL_WINDOW,15m-0006311,hyperliquid/okx,20,2026-06-11 23:45:00+00:00,2026-06-12 02:15:00+00:00,hyperliquid,okx,47.945038037593505,27.207982215341,3,1,75.15302025293451,native_15m_trade_close_plus_real_settlements,55.15302025293451,35.15302025293451,-4.84697974706549
PRICE_FUNDING_15M_GLOBAL_WINDOW,15m-0006312,hyperliquid/okx,20,2026-06-12 02:30:00+00:00,2026-06-12 02:45:00+00:00,hyperliquid,okx,13.377453417313083,0.0,0,0,13.377453417313083,native_15m_trade_close_plus_real_settlements,-6.622546582686917,-26.622546582686915,-66.62254658268692
PRICE_FUNDING_15M_GLOBAL_WINDOW,15m-0006313,hyperliquid/okx,20,2026-06-12 05:45:00+00:00,2026-06-12 11:45:00+00:00,hyperliquid,okx,63.524472915823495,7.759347627843,6,1,71.2838205436665,native_15m_trade_close_plus_real_settlements,51.283820543666494,31.283820543666494,-8.716179456333506
PRICE_FUNDING_15M_GLOBAL_WINDOW,15m-0006314,hyperliquid/okx,20,2026-06-12 12:00:00+00:00,2026-06-12 14:00:00+00:00,hyperliquid,okx,14.740651518903782,-2.218602,3,0,12.522049518903781,native_15m_trade_close_plus_real_settlements,-7.477950481096219,-27.47795048109622,-67.47795048109622
PRICE_FUNDING_15M_GLOBAL_WINDOW,15m-0006315,hyperliquid/okx,20,2026-06-12 15:45:00+00:00,2026-06-12 16:15:00+00:00,hyperliquid,okx,16.207468212437764,12.898633292809,1,1,29.106101505246762,native_15m_trade_close_plus_real_settlements,9.106101505246762,-10.893898494753238,-50.89389849475324
PRICE_FUNDING_15M_GLOBAL_WINDOW,15m-0006316,hyperliquid/okx,20,2026-06-12 16:45:00+00:00,2026-06-12 17:00:00+00:00,hyperliquid,okx,16.92166007565445,-2.075836,1,0,14.845824075654452,native_15m_trade_close_plus_real_settlements,-5.154175924345548,-25.154175924345548,-65.15417592434555
PRICE_FUNDING_15M_GLOBAL_WINDOW,15m-0006317,hyperliquid/okx,20,2026-06-12 17:15:00+00:00,2026-06-12 17:45:00+00:00,hyperliquid,okx,14.878012980196036,0.0,0,0,14.878012980196036,native_15m_trade_close_plus_real_settlements,-5.121987019803964,-25.121987019803964,-65.12198701980397
PRICE_FUNDING_15M_GLOBAL_WINDOW,15m-0006318,hyperliquid/okx,20,2026-06-12 18:00:00+00:00,2026-06-12 19:00:00+00:00,hyperliquid,okx,18.305479397792922,-1.0790250000000001,2,0,17.22645439779292,native_15m_trade_close_plus_real_settlements,-2.7735456022070792,-22.77354560220708,-62.77354560220708
PRICE_FUNDING_15M_GLOBAL_WINDOW,15m-0006319,hyperliquid/okx,20,2026-06-12 19:30:00+00:00,2026-06-12 21:30:00+00:00,hyperliquid,okx,34.943613698384866,2.13948,2,0,37.083093698384864,native_15m_trade_close_plus_real_settlements,17.083093698384864,-2.9169063016151355,-42.916906301615136
PRICE_FUNDING_15M_GLOBAL_WINDOW,15m-0006320,hyperliquid/okx,20,2026-06-12 21:45:00+00:00,2026-06-13 14:15:00+00:00,hyperliquid,okx,37.43985563509842,11.368572511886999,17,2,48.80842814698542,native_15m_trade_close_plus_real_settlements,28.80842814698542,8.80842814698542,-31.19157185301458
PRICE_FUNDING_15M_GLOBAL_WINDOW,15m-0006321,hyperliquid/okx,20,2026-06-13 14:30:00+00:00,2026-06-14 09:15:00+00:00,hyperliquid,okx,35.82034442862736,7.123637869216999,19,3,42.94398229784436,native_15m_trade_close_plus_real_settlements,22.943982297844357,2.9439822978443573,-37.05601770215564
PRICE_FUNDING_15M_GLOBAL_WINDOW,15m-0006322,hyperliquid/okx,20,2026-06-14 09:30:00+00:00,2026-06-14 12:00:00+00:00,hyperliquid,okx,36.518988136158626,-3.4778490000000004,3,0,33.04113913615863,native_15m_trade_close_plus_real_settlements,13.041139136158627,-6.958860863841373,-46.95886086384137
PRICE_FUNDING_15M_GLOBAL_WINDOW,15m-0006323,hyperliquid/okx,20,2026-06-14 12:45:00+00:00,2026-06-14 14:45:00+00:00,hyperliquid,okx,16.552886352268338,2.324459,2,0,18.87734535226834,native_15m_trade_close_plus_real_settlements,-1.122654647731661,-21.12265464773166,-61.122654647731665
PRICE_FUNDING_15M_GLOBAL_WINDOW,15m-0006324,hyperliquid/okx,20,2026-06-14 15:00:00+00:00,2026-06-15 02:00:00+00:00,hyperliquid,okx,69.85350019839015,19.96910588166701,12,2,89.82260608005716,native_15m_trade_close_plus_real_settlements,69.82260608005716,49.822606080057156,9.822606080057156
PRICE_FUNDING_15M_GLOBAL_WINDOW,15m-0006325,hyperliquid/okx,20,2026-06-15 02:15:00+00:00,2026-06-15 02:30:00+00:00,hyperliquid,okx,25.622902757408152,0.0,0,0,25.622902757408152,native_15m_trade_close_plus_real_settlements,5.622902757408152,-14.377097242591848,-54.377097242591844
PRICE_FUNDING_15M_GLOBAL_WINDOW,15m-0006326,hyperliquid/okx,20,2026-06-15 06:45:00+00:00,2026-06-15 07:00:00+00:00,hyperliquid,okx,3.317048681692441,0.220532,1,0,3.537580681692441,native_15m_trade_close_plus_real_settlements,-16.46241931830756,-36.46241931830756,-76.46241931830755
PRICE_FUNDING_15M_GLOBAL_WINDOW,15m-0006327,hyperliquid/okx,20,2026-06-15 08:15:00+00:00,2026-06-15 09:45:00+00:00,hyperliquid,okx,14.996333499126994,-0.6964720000000001,1,0,14.299861499126994,native_15m_trade_close_plus_real_settlements,-5.700138500873006,-25.700138500873006,-65.70013850087301
PRICE_FUNDING_15M_GLOBAL_WINDOW,15m-0006328,hyperliquid/okx,20,2026-06-15 10:00:00+00:00,2026-06-15 11:00:00+00:00,hyperliquid,okx,19.690096723713534,-3.606984,2,0,16.083112723713533,native_15m_trade_close_plus_real_settlements,-3.9168872762864666,-23.916887276286467,-63.91688727628647
PRICE_FUNDING_15M_GLOBAL_WINDOW,15m-0006329,hyperliquid/okx,20,2026-06-15 11:15:00+00:00,2026-06-15 12:30:00+00:00,hyperliquid,okx,13.338472458707294,-2.519657,1,0,10.818815458707293,native_15m_trade_close_plus_real_settlements,-9.181184541292707,-29.18118454129271,-69.18118454129271
PRICE_FUNDING_15M_GLOBAL_WINDOW,15m-0006330,hyperliquid/okx,20,2026-06-15 13:00:00+00:00,2026-06-15 13:15:00+00:00,hyperliquid,okx,9.066579684021795,-0.68777,1,0,8.378809684021794,native_15m_trade_close_plus_real_settlements,-11.621190315978206,-31.621190315978204,-71.62119031597821
PRICE_FUNDING_15M_GLOBAL_WINDOW,15m-0006331,hyperliquid/okx,20,2026-06-15 14:00:00+00:00,2026-06-15 14:45:00+00:00,hyperliquid,okx,18.533390674382737,0.073732,1,0,18.607122674382737,native_15m_trade_close_plus_real_settlements,-1.3928773256172633,-21.392877325617263,-61.39287732561726
PRICE_FUNDING_15M_GLOBAL_WINDOW,15m-0006332,hyperliquid/okx,20,2026-06-15 16:15:00+00:00,2026-06-15 16:30:00+00:00,hyperliquid,okx,8.167894381182567,0.0,0,0,8.167894381182567,native_15m_trade_close_plus_real_settlements,-11.832105618817433,-31.832105618817433,-71.83210561881744
PRICE_FUNDING_15M_GLOBAL_WINDOW,15m-0006333,hyperliquid/okx,20,2026-06-15 16:45:00+00:00,2026-06-15 17:00:00+00:00,hyperliquid,okx,12.730652429822277,-1.544479,1,0,11.186173429822276,native_15m_trade_close_plus_real_settlements,-8.813826570177724,-28.813826570177724,-68.81382657017772
PRICE_FUNDING_15M_GLOBAL_WINDOW,15m-0006334,hyperliquid/okx,20,2026-06-15 17:15:00+00:00,2026-06-15 18:15:00+00:00,hyperliquid,okx,27.07172424372039,-2.137668,1,0,24.934056243720388,native_15m_trade_close_plus_real_settlements,4.934056243720388,-15.065943756279612,-55.06594375627961
PRICE_FUNDING_15M_GLOBAL_WINDOW,15m-0006335,hyperliquid/okx,20,2026-06-15 18:30:00+00:00,2026-06-15 18:45:00+00:00,hyperliquid,okx,8.145183620890883,0.0,0,0,8.145183620890883,native_15m_trade_close_plus_real_settlements,-11.854816379109117,-31.854816379109117,-71.85481637910911
PRICE_FUNDING_15M_GLOBAL_WINDOW,15m-0006336,hyperliquid/okx,20,2026-06-15 19:00:00+00:00,2026-06-15 19:15:00+00:00,hyperliquid,okx,17.566180639200557,-1.070228,1,0,16.495952639200556,native_15m_trade_close_plus_real_settlements,-3.5040473607994436,-23.504047360799444,-63.50404736079945
PRICE_FUNDING_15M_GLOBAL_WINDOW,15m-0006337,hyperliquid/okx,20,2026-06-15 19:30:00+00:00,2026-06-15 19:45:00+00:00,hyperliquid,okx,8.849501748793873,0.0,0,0,8.849501748793873,native_15m_trade_close_plus_real_settlements,-11.150498251206127,-31.150498251206127,-71.15049825120613
PRICE_FUNDING_15M_GLOBAL_WINDOW,15m-0006338,hyperliquid/okx,20,2026-06-15 20:00:00+00:00,2026-06-16 00:00:00+00:00,hyperliquid,okx,21.707964556328353,5.24444321358,5,1,26.952407769908355,native_15m_trade_close_plus_real_settlements,6.952407769908355,-13.047592230091645,-53.047592230091645
PRICE_FUNDING_15M_GLOBAL_WINDOW,15m-0006339,hyperliquid/okx,20,2026-06-16 07:15:00+00:00,2026-06-16 07:30:00+00:00,hyperliquid,okx,5.6996246756325135,0.0,0,0,5.6996246756325135,native_15m_trade_close_plus_real_settlements,-14.300375324367486,-34.30037532436749,-74.30037532436748
PRICE_FUNDING_15M_GLOBAL_WINDOW,15m-0006340,hyperliquid/okx,20,2026-06-16 07:45:00+00:00,2026-06-16 08:30:00+00:00,hyperliquid,okx,12.861493068033514,3.551337494673,1,1,16.412830562706514,native_15m_trade_close_plus_real_settlements,-3.587169437293486,-23.587169437293486,-63.58716943729348
PRICE_FUNDING_15M_GLOBAL_WINDOW,15m-0006341,hyperliquid/okx,20,2026-06-16 08:45:00+00:00,2026-06-16 10:00:00+00:00,hyperliquid,okx,18.413703400008146,-6.8678,2,0,11.545903400008147,native_15m_trade_close_plus_real_settlements,-8.454096599991853,-28.454096599991853,-68.45409659999186
PRICE_FUNDING_15M_GLOBAL_WINDOW,15m-0006342,hyperliquid/okx,20,2026-06-16 10:15:00+00:00,2026-06-16 11:15:00+00:00,hyperliquid,okx,28.46296110673589,-3.9058080000000004,1,0,24.55715310673589,native_15m_trade_close_plus_real_settlements,4.557153106735889,-15.442846893264111,-55.44284689326411
PRICE_FUNDING_15M_GLOBAL_WINDOW,15m-0006343,hyperliquid/okx,20,2026-06-16 11:30:00+00:00,2026-06-16 11:45:00+00:00,hyperliquid,okx,18.67393415165204,0.0,0,0,18.67393415165204,native_15m_trade_close_plus_real_settlements,-1.3260658483479588,-21.32606584834796,-61.32606584834796
PRICE_FUNDING_15M_GLOBAL_WINDOW,15m-0006344,hyperliquid/okx,20,2026-06-16 12:15:00+00:00,2026-06-16 12:45:00+00:00,hyperliquid,okx,8.615522854795513,0.0,0,0,8.615522854795513,native_15m_trade_close_plus_real_settlements,-11.384477145204487,-31.384477145204485,-71.38447714520449
PRICE_FUNDING_15M_GLOBAL_WINDOW,15m-0006345,hyperliquid/okx,20,2026-06-16 13:30:00+00:00,2026-06-16 14:00:00+00:00,hyperliquid,okx,17.434616977448,0.436234,1,0,17.870850977448,native_15m_trade_close_plus_real_settlements,-2.1291490225519993,-22.129149022552,-62.129149022552
PRICE_FUNDING_15M_GLOBAL_WINDOW,15m-0006346,hyperliquid/okx,20,2026-06-16 14:45:00+00:00,2026-06-16 15:00:00+00:00,hyperliquid,okx,17.843872684678153,4.291647,1,0,22.135519684678155,native_15m_trade_close_plus_real_settlements,2.1355196846781546,-17.864480315321845,-57.86448031532184
PRICE_FUNDING_15M_GLOBAL_WINDOW,15m-0006347,hyperliquid/okx,20,2026-06-16 15:30:00+00:00,2026-06-16 15:45:00+00:00,hyperliquid,okx,3.8590749207606017,0.0,0,0,3.8590749207606017,native_15m_trade_close_plus_real_settlements,-16.1409250792394,-36.140925079239395,-76.1409250792394
PRICE_FUNDING_15M_GLOBAL_WINDOW,15m-0006348,hyperliquid/okx,20,2026-06-16 16:00:00+00:00,2026-06-16 16:15:00+00:00,hyperliquid,okx,6.322250409082656,4.689059,1,0,11.011309409082656,native_15m_trade_close_plus_real_settlements,-8.988690590917344,-28.988690590917344,-68.98869059091734
PRICE_FUNDING_15M_GLOBAL_WINDOW,15m-0006349,hyperliquid/okx,20,2026-06-16 16:30:00+00:00,2026-06-16 22:15:00+00:00,hyperliquid,okx,35.30733894870852,6.087456,6,0,41.39479494870852,native_15m_trade_close_plus_real_settlements,21.394794948708522,1.3947949487085225,-38.60520505129148
PRICE_FUNDING_15M_GLOBAL_WINDOW,15m-0006350,hyperliquid/okx,20,2026-06-17 00:00:00+00:00,2026-06-17 00:15:00+00:00,hyperliquid,okx,3.0596137838898905,-1.256096,1,0,1.8035177838898904,native_15m_trade_close_plus_real_settlements,-18.19648221611011,-38.19648221611011,-78.19648221611011
PRICE_FUNDING_15M_GLOBAL_WINDOW,15m-0006351,hyperliquid/okx,20,2026-06-17 02:15:00+00:00,2026-06-17 02:30:00+00:00,hyperliquid,okx,6.835164372928515,0.0,0,0,6.835164372928515,native_15m_trade_close_plus_real_settlements,-13.164835627071485,-33.16483562707148,-73.16483562707148
PRICE_FUNDING_15M_GLOBAL_WINDOW,15m-0006352,hyperliquid/okx,20,2026-06-17 05:00:00+00:00,2026-06-17 05:30:00+00:00,hyperliquid,okx,28.03850766508893,-0.587241,1,0,27.45126666508893,native_15m_trade_close_plus_real_settlements,7.45126666508893,-12.54873333491107,-52.54873333491107
PRICE_FUNDING_15M_GLOBAL_WINDOW,15m-0006353,hyperliquid/okx,20,2026-06-17 06:15:00+00:00,2026-06-17 06:30:00+00:00,hyperliquid,okx,47.3997136408868,0.0,0,0,47.3997136408868,native_15m_trade_close_plus_real_settlements,27.3997136408868,7.399713640886802,-32.6002863591132
PRICE_FUNDING_15M_GLOBAL_WINDOW,15m-0006354,hyperliquid/okx,20,2026-06-17 07:45:00+00:00,2026-06-17 08:00:00+00:00,hyperliquid,okx,24.688365006741343,3.0875369935759998,1,1,27.77590200031734,native_15m_trade_close_plus_real_settlements,7.775902000317341,-12.224097999682659,-52.224097999682655
PRICE_FUNDING_15M_GLOBAL_WINDOW,15m-0006355,hyperliquid/okx,20,2026-06-17 08:15:00+00:00,2026-06-17 08:30:00+00:00,hyperliquid,okx,30.669010209258605,0.0,0,0,30.669010209258605,native_15m_trade_close_plus_real_settlements,10.669010209258605,-9.330989790741395,-49.3309897907414
PRICE_FUNDING_15M_GLOBAL_WINDOW,15m-0006356,hyperliquid/okx,20,2026-06-17 08:45:00+00:00,2026-06-17 09:00:00+00:00,hyperliquid,okx,22.981548739455043,1.645268,1,0,24.626816739455045,native_15m_trade_close_plus_real_settlements,4.626816739455045,-15.373183260544955,-55.373183260544955
PRICE_FUNDING_15M_GLOBAL_WINDOW,15m-0006357,hyperliquid/okx,20,2026-06-17 09:15:00+00:00,2026-06-17 09:45:00+00:00,hyperliquid,okx,5.9629327658201134,0.0,0,0,5.9629327658201134,native_15m_trade_close_plus_real_settlements,-14.037067234179887,-34.03706723417989,-74.03706723417989
PRICE_FUNDING_15M_GLOBAL_WINDOW,15m-0006358,hyperliquid/okx,20,2026-06-17 10:00:00+00:00,2026-06-17 10:30:00+00:00,hyperliquid,okx,10.186891996262847,1.307499,1,0,11.494390996262847,native_15m_trade_close_plus_real_settlements,-8.505609003737153,-28.505609003737153,-68.50560900373715
PRICE_FUNDING_15M_GLOBAL_WINDOW,15m-0006359,hyperliquid/okx,20,2026-06-17 10:45:00+00:00,2026-06-17 11:00:00+00:00,hyperliquid,okx,10.755084516060496,-0.366841,1,0,10.388243516060495,native_15m_trade_close_plus_real_settlements,-9.611756483939505,-29.611756483939505,-69.6117564839395
PRICE_FUNDING_15M_GLOBAL_WINDOW,15m-0006360,hyperliquid/okx,20,2026-06-17 11:15:00+00:00,2026-06-17 17:00:00+00:00,hyperliquid,okx,42.83490757008434,18.364014317287,6,1,61.19892188737134,native_15m_trade_close_plus_real_settlements,41.19892188737134,21.19892188737134,-18.80107811262866
PRICE_FUNDING_15M_GLOBAL_WINDOW,15m-0006361,hyperliquid/okx,20,2026-06-17 17:15:00+00:00,2026-06-17 18:15:00+00:00,hyperliquid,okx,22.160328591104463,-1.014256,1,0,21.146072591104463,native_15m_trade_close_plus_real_settlements,1.1460725911044634,-18.853927408895537,-58.85392740889554
PRICE_FUNDING_15M_GLOBAL_WINDOW,15m-0006362,hyperliquid/okx,20,2026-06-17 18:30:00+00:00,2026-06-18 03:00:00+00:00,hyperliquid,okx,52.341493187837564,11.846232402762999,9,1,64.18772559060056,native_15m_trade_close_plus_real_settlements,44.187725590600564,24.187725590600564,-15.812274409399436
PRICE_FUNDING_15M_GLOBAL_WINDOW,15m-0006363,hyperliquid/okx,20,2026-06-18 06:15:00+00:00,2026-06-18 06:30:00+00:00,hyperliquid,okx,21.48122224127291,0.0,0,0,21.48122224127291,native_15m_trade_close_plus_real_settlements,1.48122224127291,-18.51877775872709,-58.51877775872709
PRICE_FUNDING_15M_GLOBAL_WINDOW,15m-0006364,hyperliquid/okx,20,2026-06-18 06:45:00+00:00,2026-06-18 10:00:00+00:00,hyperliquid,okx,33.67697773394845,3.7319145470920003,4,1,37.40889228104045,native_15m_trade_close_plus_real_settlements,17.40889228104045,-2.591107718959549,-42.59110771895955
PRICE_FUNDING_15M_GLOBAL_WINDOW,15m-0006365,hyperliquid/okx,20,2026-06-18 10:15:00+00:00,2026-06-18 12:45:00+00:00,hyperliquid,okx,24.211603668674726,-3.774607,2,0,20.436996668674727,native_15m_trade_close_plus_real_settlements,0.43699666867472686,-19.563003331325273,-59.56300333132528
PRICE_FUNDING_15M_GLOBAL_WINDOW,15m-0006366,hyperliquid/okx,20,2026-06-18 16:00:00+00:00,2026-06-19 05:30:00+00:00,hyperliquid,okx,34.241678841121654,9.180143764719002,14,1,43.42182260584066,native_15m_trade_close_plus_real_settlements,23.42182260584066,3.42182260584066,-36.57817739415934
PRICE_FUNDING_15M_GLOBAL_WINDOW,15m-0006367,hyperliquid/okx,20,2026-06-19 06:30:00+00:00,2026-06-19 07:45:00+00:00,hyperliquid,okx,25.62685686276636,1.746763,1,0,27.37361986276636,native_15m_trade_close_plus_real_settlements,7.373619862766361,-12.626380137233639,-52.62638013723364
PRICE_FUNDING_15M_GLOBAL_WINDOW,15m-0006368,hyperliquid/okx,20,2026-06-19 08:00:00+00:00,2026-06-19 13:45:00+00:00,hyperliquid,okx,42.42993852304072,0.7983750000000001,6,0,43.22831352304072,native_15m_trade_close_plus_real_settlements,23.22831352304072,3.2283135230407183,-36.77168647695928
PRICE_FUNDING_15M_GLOBAL_WINDOW,15m-0006369,hyperliquid/okx,20,2026-06-19 14:15:00+00:00,2026-06-19 15:00:00+00:00,hyperliquid,okx,7.487576844616729,-1.087245,1,0,6.400331844616729,native_15m_trade_close_plus_real_settlements,-13.59966815538327,-33.59966815538327,-73.59966815538327
PRICE_FUNDING_15M_GLOBAL_WINDOW,15m-0006370,hyperliquid/okx,20,2026-06-19 15:15:00+00:00,2026-06-20 02:00:00+00:00,hyperliquid,okx,56.113992701138,37.553544528479,11,2,93.66753722961701,native_15m_trade_close_plus_real_settlements,73.66753722961701,53.66753722961701,13.667537229617011
PRICE_FUNDING_15M_GLOBAL_WINDOW,15m-0006371,hyperliquid/okx,20,2026-06-20 02:15:00+00:00,2026-06-20 02:30:00+00:00,hyperliquid,okx,9.377919986573259,0.0,0,0,9.377919986573259,native_15m_trade_close_plus_real_settlements,-10.622080013426741,-30.62208001342674,-70.62208001342674
PRICE_FUNDING_15M_GLOBAL_WINDOW,15m-0006372,hyperliquid/okx,20,2026-06-20 02:45:00+00:00,2026-06-20 03:30:00+00:00,hyperliquid,okx,23.72561518095236,-1.611958,1,0,22.11365718095236,native_15m_trade_close_plus_real_settlements,2.1136571809523588,-17.88634281904764,-57.88634281904764
PRICE_FUNDING_15M_GLOBAL_WINDOW,15m-0006373,hyperliquid/okx,20,2026-06-20 03:45:00+00:00,2026-06-20 05:15:00+00:00,hyperliquid,okx,26.079784799576483,-3.1046519999999997,2,0,22.975132799576485,native_15m_trade_close_plus_real_settlements,2.9751327995764854,-17.024867200423515,-57.024867200423515
PRICE_FUNDING_15M_GLOBAL_WINDOW,15m-0006374,hyperliquid/okx,20,2026-06-20 05:45:00+00:00,2026-06-20 06:00:00+00:00,hyperliquid,okx,14.62426141087905,-2.41665,1,0,12.20761141087905,native_15m_trade_close_plus_real_settlements,-7.79238858912095,-27.79238858912095,-67.79238858912095
PRICE_FUNDING_15M_GLOBAL_WINDOW,15m-0006375,hyperliquid/okx,20,2026-06-20 08:00:00+00:00,2026-06-22 03:00:00+00:00,hyperliquid,okx,83.4260531197671,54.179639120240005,44,5,137.6056922400071,native_15m_trade_close_plus_real_settlements,117.6056922400071,97.6056922400071,57.6056922400071
PRICE_FUNDING_15M_GLOBAL_WINDOW,15m-0006376,hyperliquid/okx,20,2026-06-22 04:00:00+00:00,2026-06-22 04:30:00+00:00,hyperliquid,okx,18.706032671619454,-2.071824,1,0,16.634208671619454,native_15m_trade_close_plus_real_settlements,-3.3657913283805456,-23.365791328380546,-63.365791328380546
PRICE_FUNDING_15M_GLOBAL_WINDOW,15m-0006377,hyperliquid/okx,20,2026-06-22 08:00:00+00:00,2026-06-22 12:00:00+00:00,hyperliquid,okx,22.14684932341603,-11.272916,5,0,10.873933323416031,native_15m_trade_close_plus_real_settlements,-9.126066676583969,-29.126066676583967,-69.12606667658397
PRICE_FUNDING_15M_GLOBAL_WINDOW,15m-0006378,hyperliquid/okx,20,2026-06-22 12:15:00+00:00,2026-06-22 12:45:00+00:00,hyperliquid,okx,14.269412142592866,0.0,0,0,14.269412142592866,native_15m_trade_close_plus_real_settlements,-5.730587857407134,-25.730587857407134,-65.73058785740713
PRICE_FUNDING_15M_GLOBAL_WINDOW,15m-0006379,hyperliquid/okx,20,2026-06-22 13:45:00+00:00,2026-06-22 14:00:00+00:00,hyperliquid,okx,1.7198372791198295,-1.946239,1,0,-0.22640172088017052,native_15m_trade_close_plus_real_settlements,-20.22640172088017,-40.22640172088017,-80.22640172088018
PRICE_FUNDING_15M_GLOBAL_WINDOW,15m-0006380,hyperliquid/okx,20,2026-06-22 15:00:00+00:00,2026-06-22 15:15:00+00:00,hyperliquid,okx,3.6936146577209428,0.776439,1,0,4.470053657720943,native_15m_trade_close_plus_real_settlements,-15.529946342279057,-35.52994634227906,-75.52994634227906
PRICE_FUNDING_15M_GLOBAL_WINDOW,15m-0006381,hyperliquid/okx,20,2026-06-22 15:30:00+00:00,2026-06-22 15:45:00+00:00,hyperliquid,okx,6.980085448300848,0.0,0,0,6.980085448300848,native_15m_trade_close_plus_real_settlements,-13.019914551699152,-33.01991455169915,-73.01991455169915
PRICE_FUNDING_15M_GLOBAL_WINDOW,15m-0006382,hyperliquid/okx,20,2026-06-22 16:30:00+00:00,2026-06-22 16:45:00+00:00,hyperliquid,okx,9.693069156513353,0.0,0,0,9.693069156513353,native_15m_trade_close_plus_real_settlements,-10.306930843486647,-30.306930843486647,-70.30693084348664
PRICE_FUNDING_15M_GLOBAL_WINDOW,15m-0006383,hyperliquid/okx,20,2026-06-22 17:15:00+00:00,2026-06-22 17:30:00+00:00,hyperliquid,okx,12.093665726337456,0.0,0,0,12.093665726337456,native_15m_trade_close_plus_real_settlements,-7.906334273662544,-27.906334273662544,-67.90633427366254
PRICE_FUNDING_15M_GLOBAL_WINDOW,15m-0006384,hyperliquid/okx,20,2026-06-22 17:45:00+00:00,2026-06-22 18:00:00+00:00,hyperliquid,okx,11.462124469717981,-1.752985,1,0,9.70913946971798,native_15m_trade_close_plus_real_settlements,-10.29086053028202,-30.290860530282018,-70.29086053028202
PRICE_FUNDING_15M_GLOBAL_WINDOW,15m-0006385,hyperliquid/okx,20,2026-06-22 18:15:00+00:00,2026-06-22 18:45:00+00:00,hyperliquid,okx,7.3485289686701645,0.0,0,0,7.3485289686701645,native_15m_trade_close_plus_real_settlements,-12.651471031329836,-32.651471031329834,-72.65147103132983
PRICE_FUNDING_15M_GLOBAL_WINDOW,15m-0006386,hyperliquid/okx,20,2026-06-22 19:30:00+00:00,2026-06-22 19:45:00+00:00,hyperliquid,okx,12.486699153108361,0.0,0,0,12.486699153108361,native_15m_trade_close_plus_real_settlements,-7.513300846891639,-27.51330084689164,-67.51330084689164
PRICE_FUNDING_15M_GLOBAL_WINDOW,15m-0006387,hyperliquid/okx,20,2026-06-22 20:00:00+00:00,2026-06-22 21:30:00+00:00,hyperliquid,okx,14.748405145983902,-0.7558020000000001,2,0,13.992603145983903,native_15m_trade_close_plus_real_settlements,-6.007396854016097,-26.007396854016097,-66.0073968540161
PRICE_FUNDING_15M_GLOBAL_WINDOW,15m-0006388,hyperliquid/okx,20,2026-06-22 21:45:00+00:00,2026-06-23 03:00:00+00:00,hyperliquid,okx,54.09840747971576,-4.082041177913,6,1,50.01636630180276,native_15m_trade_close_plus_real_settlements,30.016366301802762,10.016366301802762,-29.983633698197238
PRICE_FUNDING_15M_GLOBAL_WINDOW,15m-0006389,hyperliquid/okx,20,2026-06-23 03:15:00+00:00,2026-06-23 03:45:00+00:00,hyperliquid,okx,26.645132898125432,0.0,0,0,26.645132898125432,native_15m_trade_close_plus_real_settlements,6.645132898125432,-13.354867101874568,-53.35486710187457
PRICE_FUNDING_15M_GLOBAL_WINDOW,15m-0006390,hyperliquid/okx,20,2026-06-23 04:00:00+00:00,2026-06-23 06:00:00+00:00,hyperliquid,okx,33.22983115953752,-6.857329,3,0,26.372502159537518,native_15m_trade_close_plus_real_settlements,6.372502159537518,-13.627497840462482,-53.62749784046248
PRICE_FUNDING_15M_GLOBAL_WINDOW,15m-0006391,hyperliquid/okx,20,2026-06-23 06:15:00+00:00,2026-06-23 07:00:00+00:00,hyperliquid,okx,37.57391644742626,-3.215429,1,0,34.358487447426256,native_15m_trade_close_plus_real_settlements,14.358487447426256,-5.641512552573744,-45.641512552573744
PRICE_FUNDING_15M_GLOBAL_WINDOW,15m-0006392,hyperliquid/okx,20,2026-06-23 08:00:00+00:00,2026-06-23 13:00:00+00:00,hyperliquid,okx,52.496667996766604,-4.308325,6,0,48.18834299676661,native_15m_trade_close_plus_real_settlements,28.188342996766607,8.188342996766607,-31.811657003233393
PRICE_FUNDING_15M_GLOBAL_WINDOW,15m-0006393,hyperliquid/okx,20,2026-06-23 13:30:00+00:00,2026-06-23 14:15:00+00:00,hyperliquid,okx,16.856367440848192,0.22180499999999997,1,0,17.078172440848192,native_15m_trade_close_plus_real_settlements,-2.921827559151808,-22.921827559151808,-62.92182755915181
PRICE_FUNDING_15M_GLOBAL_WINDOW,15m-0006394,hyperliquid/okx,20,2026-06-23 14:45:00+00:00,2026-06-23 15:30:00+00:00,hyperliquid,okx,21.03943646361075,-4.6670490000000004,1,0,16.37238746361075,native_15m_trade_close_plus_real_settlements,-3.6276125363892504,-23.62761253638925,-63.62761253638925
PRICE_FUNDING_15M_GLOBAL_WINDOW,15m-0006395,hyperliquid/okx,20,2026-06-23 16:00:00+00:00,2026-06-23 18:15:00+00:00,hyperliquid,okx,22.272630791343957,1.658301,3,0,23.93093179134396,native_15m_trade_close_plus_real_settlements,3.9309317913439585,-16.06906820865604,-56.06906820865604
PRICE_FUNDING_15M_GLOBAL_WINDOW,15m-0006396,hyperliquid/okx,20,2026-06-23 18:30:00+00:00,2026-06-23 19:00:00+00:00,hyperliquid,okx,5.639989956506774,2.728432,1,0,8.368421956506774,native_15m_trade_close_plus_real_settlements,-11.631578043493226,-31.631578043493228,-71.63157804349322
PRICE_FUNDING_15M_GLOBAL_WINDOW,15m-0006397,hyperliquid/okx,20,2026-06-23 19:45:00+00:00,2026-06-23 23:00:00+00:00,hyperliquid,okx,38.9954486152014,-3.2192450000000004,4,0,35.776203615201396,native_15m_trade_close_plus_real_settlements,15.776203615201396,-4.223796384798604,-44.223796384798604
PRICE_FUNDING_15M_GLOBAL_WINDOW,15m-0006398,hyperliquid/okx,20,2026-06-24 00:00:00+00:00,2026-06-24 01:30:00+00:00,hyperliquid,okx,29.91370872655966,-4.713044,2,0,25.20066472655966,native_15m_trade_close_plus_real_settlements,5.200664726559658,-14.799335273440342,-54.79933527344034
PRICE_FUNDING_15M_GLOBAL_WINDOW,15m-0006399,hyperliquid/okx,20,2026-06-24 02:15:00+00:00,2026-06-24 02:30:00+00:00,hyperliquid,okx,16.880610232490856,0.0,0,0,16.880610232490856,native_15m_trade_close_plus_real_settlements,-3.119389767509144,-23.119389767509144,-63.11938976750915
PRICE_FUNDING_15M_GLOBAL_WINDOW,15m-0006400,hyperliquid/okx,20,2026-06-24 02:45:00+00:00,2026-06-24 03:30:00+00:00,hyperliquid,okx,46.76796337154114,-2.434153,1,0,44.33381037154114,native_15m_trade_close_plus_real_settlements,24.33381037154114,4.333810371541141,-35.66618962845886
PRICE_FUNDING_15M_GLOBAL_WINDOW,15m-0006401,hyperliquid/okx,20,2026-06-24 04:00:00+00:00,2026-06-24 05:00:00+00:00,hyperliquid,okx,27.625273343057827,-5.780291999999999,2,0,21.844981343057828,native_15m_trade_close_plus_real_settlements,1.8449813430578281,-18.155018656942172,-58.155018656942175
PRICE_FUNDING_15M_GLOBAL_WINDOW,15m-0006402,hyperliquid/okx,20,2026-06-24 05:30:00+00:00,2026-06-24 05:45:00+00:00,hyperliquid,okx,13.663179519005116,0.0,0,0,13.663179519005116,native_15m_trade_close_plus_real_settlements,-6.336820480994884,-26.336820480994884,-66.33682048099489
PRICE_FUNDING_15M_GLOBAL_WINDOW,15m-0006403,hyperliquid/okx,20,2026-06-24 06:15:00+00:00,2026-06-24 06:30:00+00:00,hyperliquid,okx,19.243672408443487,0.0,0,0,19.243672408443487,native_15m_trade_close_plus_real_settlements,-0.7563275915565129,-20.756327591556513,-60.75632759155651
PRICE_FUNDING_15M_GLOBAL_WINDOW,15m-0006404,hyperliquid/okx,20,2026-06-24 06:45:00+00:00,2026-06-24 07:45:00+00:00,hyperliquid,okx,19.28508428280316,-0.0625,1,0,19.22258428280316,native_15m_trade_close_plus_real_settlements,-0.7774157171968383,-20.77741571719684,-60.77741571719684
PRICE_FUNDING_15M_GLOBAL_WINDOW,15m-0006405,hyperliquid/okx,20,2026-06-24 08:00:00+00:00,2026-06-24 08:15:00+00:00,hyperliquid,okx,10.57598142089879,-1.322548,1,0,9.25343342089879,native_15m_trade_close_plus_real_settlements,-10.74656657910121,-30.74656657910121,-70.74656657910121
PRICE_FUNDING_15M_GLOBAL_WINDOW,15m-0006406,hyperliquid/okx,20,2026-06-24 08:30:00+00:00,2026-06-24 11:45:00+00:00,hyperliquid,okx,23.249875869304656,-4.227497,3,0,19.022378869304656,native_15m_trade_close_plus_real_settlements,-0.9776211306953435,-20.977621130695344,-60.97762113069534
PRICE_FUNDING_15M_GLOBAL_WINDOW,15m-0006407,hyperliquid/okx,20,2026-06-24 12:15:00+00:00,2026-06-24 13:15:00+00:00,hyperliquid,okx,14.950785076393263,-0.0625,1,0,14.888285076393263,native_15m_trade_close_plus_real_settlements,-5.111714923606737,-25.111714923606737,-65.11171492360674
PRICE_FUNDING_15M_GLOBAL_WINDOW,15m-0006408,hyperliquid/okx,20,2026-06-24 13:45:00+00:00,2026-06-24 19:15:00+00:00,hyperliquid,okx,29.017739032051722,6.258111823020998,6,1,35.27585085507272,native_15m_trade_close_plus_real_settlements,15.275850855072719,-4.724149144927281,-44.72414914492728
PRICE_FUNDING_15M_GLOBAL_WINDOW,15m-0006409,hyperliquid/okx,20,2026-06-24 20:15:00+00:00,2026-06-24 21:00:00+00:00,hyperliquid,okx,40.24369691687932,-26.422378,1,0,13.821318916879324,native_15m_trade_close_plus_real_settlements,-6.178681083120676,-26.178681083120676,-66.17868108312068
PRICE_FUNDING_15M_GLOBAL_WINDOW,15m-0006410,hyperliquid/okx,20,2026-06-24 21:45:00+00:00,2026-06-24 22:15:00+00:00,okx,hyperliquid,17.152394831167218,6.780136,0,1,23.932530831167217,native_15m_trade_close_plus_real_settlements,3.9325308311672167,-16.067469168832783,-56.06746916883279
PRICE_FUNDING_15M_GLOBAL_WINDOW,15m-0006411,hyperliquid/okx,20,2026-06-24 22:30:00+00:00,2026-06-24 23:00:00+00:00,okx,hyperliquid,13.12581701002092,2.635243,0,1,15.76106001002092,native_15m_trade_close_plus_real_settlements,-4.23893998997908,-24.23893998997908,-64.23893998997909
PRICE_FUNDING_15M_GLOBAL_WINDOW,15m-0006412,hyperliquid/okx,20,2026-06-24 23:15:00+00:00,2026-06-25 00:00:00+00:00,okx,hyperliquid,43.703134426850546,-48.936007699901,1,1,-5.232873273050451,native_15m_trade_close_plus_real_settlements,-25.23287327305045,-45.23287327305045,-85.23287327305044
PRICE_FUNDING_15M_GLOBAL_WINDOW,15m-0006413,hyperliquid/okx,20,2026-06-25 00:15:00+00:00,2026-06-25 00:30:00+00:00,hyperliquid,okx,28.519275148096554,0.0,0,0,28.519275148096554,native_15m_trade_close_plus_real_settlements,8.519275148096554,-11.480724851903446,-51.480724851903446
PRICE_FUNDING_15M_GLOBAL_WINDOW,15m-0006414,hyperliquid/okx,20,2026-06-25 00:45:00+00:00,2026-06-25 01:00:00+00:00,hyperliquid,okx,26.370295476748463,-2.600453,1,0,23.769842476748465,native_15m_trade_close_plus_real_settlements,3.7698424767484653,-16.230157523251535,-56.230157523251535
PRICE_FUNDING_15M_GLOBAL_WINDOW,15m-0006415,hyperliquid/okx,20,2026-06-25 04:00:00+00:00,2026-06-25 04:15:00+00:00,okx,hyperliquid,13.86453369852978,0.547239,0,1,14.411772698529779,native_15m_trade_close_plus_real_settlements,-5.588227301470221,-25.58822730147022,-65.58822730147023
PRICE_FUNDING_15M_GLOBAL_WINDOW,15m-0006416,hyperliquid/okx,20,2026-06-25 05:00:00+00:00,2026-06-25 06:00:00+00:00,hyperliquid,okx,39.83254815250652,-0.148336,2,0,39.68421215250652,native_15m_trade_close_plus_real_settlements,19.684212152506518,-0.3157878474934819,-40.31578784749348
PRICE_FUNDING_15M_GLOBAL_WINDOW,15m-0006417,hyperliquid/okx,20,2026-06-25 06:15:00+00:00,2026-06-25 08:15:00+00:00,hyperliquid,okx,19.529078067778904,1.234968,2,1,20.764046067778903,native_15m_trade_close_plus_real_settlements,0.7640460677789029,-19.235953932221097,-59.23595393222109
PRICE_FUNDING_15M_GLOBAL_WINDOW,15m-0006418,hyperliquid/okx,20,2026-06-25 09:15:00+00:00,2026-06-25 09:30:00+00:00,hyperliquid,okx,5.232348141350204,0.0,0,0,5.232348141350204,native_15m_trade_close_plus_real_settlements,-14.767651858649796,-34.7676518586498,-74.7676518586498
PRICE_FUNDING_15M_GLOBAL_WINDOW,15m-0006419,hyperliquid/okx,20,2026-06-25 10:00:00+00:00,2026-06-25 10:45:00+00:00,hyperliquid,okx,16.11884130536408,-0.12201999999999999,1,0,15.99682130536408,native_15m_trade_close_plus_real_settlements,-4.0031786946359205,-24.00317869463592,-64.00317869463592
PRICE_FUNDING_15M_GLOBAL_WINDOW,15m-0006420,hyperliquid/okx,20,2026-06-25 14:15:00+00:00,2026-06-25 14:30:00+00:00,hyperliquid,okx,7.931292543784952,0.0,0,0,7.931292543784952,native_15m_trade_close_plus_real_settlements,-12.068707456215048,-32.06870745621505,-72.06870745621505
PRICE_FUNDING_15M_GLOBAL_WINDOW,15m-0006421,hyperliquid/okx,20,2026-06-25 15:45:00+00:00,2026-06-25 16:00:00+00:00,hyperliquid,okx,16.899609620650033,-13.154988892222,1,1,3.744620728428032,native_15m_trade_close_plus_real_settlements,-16.255379271571968,-36.25537927157197,-76.25537927157197
PRICE_FUNDING_15M_GLOBAL_WINDOW,15m-0006422,hyperliquid/okx,20,2026-06-25 22:30:00+00:00,2026-06-25 22:45:00+00:00,hyperliquid,okx,11.504536359655479,0.0,0,0,11.504536359655479,native_15m_trade_close_plus_real_settlements,-8.495463640344521,-28.49546364034452,-68.49546364034452
PRICE_FUNDING_15M_GLOBAL_WINDOW,15m-0006423,hyperliquid/okx,20,2026-06-25 23:00:00+00:00,2026-06-26 01:30:00+00:00,hyperliquid,okx,21.694332515393306,-2.147814549671,3,1,19.546517965722305,native_15m_trade_close_plus_real_settlements,-0.4534820342776946,-20.453482034277695,-60.4534820342777
PRICE_FUNDING_15M_GLOBAL_WINDOW,15m-0006424,hyperliquid/okx,20,2026-06-26 03:00:00+00:00,2026-06-26 03:30:00+00:00,hyperliquid,okx,17.92243757368731,-2.790935,1,0,15.13150257368731,native_15m_trade_close_plus_real_settlements,-4.86849742631269,-24.86849742631269,-64.86849742631269
PRICE_FUNDING_15M_GLOBAL_WINDOW,15m-0006425,hyperliquid/okx,20,2026-06-26 03:45:00+00:00,2026-06-26 04:15:00+00:00,hyperliquid,okx,27.707893490285652,-5.3609100000000005,1,0,22.346983490285652,native_15m_trade_close_plus_real_settlements,2.346983490285652,-17.653016509714348,-57.65301650971435
PRICE_FUNDING_15M_GLOBAL_WINDOW,15m-0006426,hyperliquid/okx,20,2026-06-26 04:30:00+00:00,2026-06-26 05:00:00+00:00,hyperliquid,okx,33.081306751832265,-3.348377,1,0,29.732929751832266,native_15m_trade_close_plus_real_settlements,9.732929751832266,-10.267070248167734,-50.267070248167734
PRICE_FUNDING_15M_GLOBAL_WINDOW,15m-0006427,hyperliquid/okx,20,2026-06-26 06:45:00+00:00,2026-06-26 08:00:00+00:00,okx,hyperliquid,29.44865474180021,-28.273448138619997,1,2,1.1752066031802109,native_15m_trade_close_plus_real_settlements,-18.82479339681979,-38.824793396819786,-78.82479339681979
PRICE_FUNDING_15M_GLOBAL_WINDOW,15m-0006428,hyperliquid/okx,20,2026-06-26 14:30:00+00:00,2026-06-26 15:15:00+00:00,hyperliquid,okx,10.890714222788347,-5.32471,1,0,5.566004222788347,native_15m_trade_close_plus_real_settlements,-14.433995777211653,-34.43399577721165,-74.43399577721165
PRICE_FUNDING_15M_GLOBAL_WINDOW,15m-0006429,hyperliquid/okx,20,2026-06-26 21:15:00+00:00,2026-06-26 21:45:00+00:00,hyperliquid,okx,1.7379415606725672,0.0,0,0,1.7379415606725672,native_15m_trade_close_plus_real_settlements,-18.262058439327433,-38.26205843932743,-78.26205843932743
PRICE_FUNDING_15M_GLOBAL_WINDOW,15m-0006430,hyperliquid/okx,20,2026-06-26 22:00:00+00:00,2026-06-26 22:15:00+00:00,hyperliquid,okx,4.578001022031554,0.984903,1,0,5.562904022031554,native_15m_trade_close_plus_real_settlements,-14.437095977968447,-34.43709597796845,-74.43709597796844
PRICE_FUNDING_15M_GLOBAL_WINDOW,15m-0006431,hyperliquid/okx,20,2026-06-27 12:45:00+00:00,2026-06-27 13:45:00+00:00,hyperliquid,okx,9.322677400874703,-0.196255,1,0,9.126422400874702,native_15m_trade_close_plus_real_settlements,-10.873577599125298,-30.873577599125298,-70.8735775991253
PRICE_FUNDING_15M_GLOBAL_WINDOW,15m-0006432,hyperliquid/okx,20,2026-06-27 19:00:00+00:00,2026-06-27 19:15:00+00:00,hyperliquid,okx,5.440267071984739,-0.619378,1,0,4.820889071984738,native_15m_trade_close_plus_real_settlements,-15.179110928015263,-35.17911092801526,-75.17911092801526
PRICE_FUNDING_15M_GLOBAL_WINDOW,15m-0006433,hyperliquid/okx,20,2026-06-27 19:30:00+00:00,2026-06-27 19:45:00+00:00,hyperliquid,okx,3.7798972931630956,0.0,0,0,3.7798972931630956,native_15m_trade_close_plus_real_settlements,-16.220102706836904,-36.220102706836904,-76.22010270683691
PRICE_FUNDING_15M_GLOBAL_WINDOW,15m-0006434,hyperliquid/okx,20,2026-06-27 20:15:00+00:00,2026-06-27 21:15:00+00:00,hyperliquid,okx,5.86353809384579,-0.6626139999999999,1,0,5.20092409384579,native_15m_trade_close_plus_real_settlements,-14.79907590615421,-34.79907590615421,-74.79907590615421
PRICE_FUNDING_15M_GLOBAL_WINDOW,15m-0006435,hyperliquid/okx,20,2026-06-27 22:00:00+00:00,2026-06-27 22:15:00+00:00,hyperliquid,okx,6.340631503901541,0.175144,1,0,6.5157755039015415,native_15m_trade_close_plus_real_settlements,-13.48422449609846,-33.484224496098456,-73.48422449609846
PRICE_FUNDING_15M_GLOBAL_WINDOW,15m-0006436,hyperliquid/okx,20,2026-06-28 00:00:00+00:00,2026-06-28 01:30:00+00:00,hyperliquid,okx,7.087417122830303,0.649274,2,0,7.736691122830303,native_15m_trade_close_plus_real_settlements,-12.263308877169697,-32.2633088771697,-72.26330887716969
PRICE_FUNDING_15M_GLOBAL_WINDOW,15m-0006437,hyperliquid/okx,20,2026-06-28 01:45:00+00:00,2026-06-28 02:00:00+00:00,hyperliquid,okx,9.085314050953416,1.32776,1,0,10.413074050953416,native_15m_trade_close_plus_real_settlements,-9.586925949046584,-29.586925949046584,-69.58692594904659
PRICE_FUNDING_15M_GLOBAL_WINDOW,15m-0006438,hyperliquid/okx,20,2026-06-28 02:15:00+00:00,2026-06-28 02:30:00+00:00,hyperliquid,okx,2.402510037454057,0.0,0,0,2.402510037454057,native_15m_trade_close_plus_real_settlements,-17.597489962545943,-37.59748996254594,-77.59748996254595
PRICE_FUNDING_15M_GLOBAL_WINDOW,15m-0006439,hyperliquid/okx,20,2026-06-28 02:45:00+00:00,2026-06-28 03:00:00+00:00,hyperliquid,okx,1.971633750962269,0.28191,1,0,2.253543750962269,native_15m_trade_close_plus_real_settlements,-17.74645624903773,-37.746456249037735,-77.74645624903773
PRICE_FUNDING_15M_GLOBAL_WINDOW,15m-0006440,hyperliquid/okx,20,2026-06-28 04:00:00+00:00,2026-06-28 05:30:00+00:00,hyperliquid,okx,6.769158516240225,-0.515533,2,0,6.253625516240225,native_15m_trade_close_plus_real_settlements,-13.746374483759775,-33.74637448375977,-73.74637448375978
PRICE_FUNDING_15M_GLOBAL_WINDOW,15m-0006441,hyperliquid/okx,20,2026-06-28 06:30:00+00:00,2026-06-28 06:45:00+00:00,hyperliquid,okx,5.035414436221288,0.0,0,0,5.035414436221288,native_15m_trade_close_plus_real_settlements,-14.964585563778712,-34.96458556377871,-74.96458556377871
PRICE_FUNDING_15M_GLOBAL_WINDOW,15m-0006442,hyperliquid/okx,20,2026-06-28 07:00:00+00:00,2026-06-28 18:45:00+00:00,hyperliquid,okx,41.116568271294334,10.457669704545003,12,2,51.57423797583934,native_15m_trade_close_plus_real_settlements,31.57423797583934,11.574237975839338,-28.42576202416066
PRICE_FUNDING_15M_GLOBAL_WINDOW,15m-0006443,hyperliquid/okx,20,2026-06-28 19:00:00+00:00,2026-06-29 01:30:00+00:00,hyperliquid,okx,54.901572978196356,6.912892838116999,7,1,61.81446581631336,native_15m_trade_close_plus_real_settlements,41.81446581631336,21.81446581631336,-18.18553418368664
PRICE_FUNDING_15M_GLOBAL_WINDOW,15m-0006444,hyperliquid/okx,20,2026-06-29 02:15:00+00:00,2026-06-29 03:45:00+00:00,hyperliquid,okx,32.432441571319046,-4.328082,1,0,28.104359571319044,native_15m_trade_close_plus_real_settlements,8.104359571319044,-11.895640428680956,-51.895640428680956
PRICE_FUNDING_15M_GLOBAL_WINDOW,15m-0006445,hyperliquid/okx,20,2026-06-29 04:00:00+00:00,2026-06-29 04:15:00+00:00,hyperliquid,okx,19.775368331961957,-4.723758,1,0,15.051610331961957,native_15m_trade_close_plus_real_settlements,-4.948389668038043,-24.948389668038043,-64.94838966803805
PRICE_FUNDING_15M_GLOBAL_WINDOW,15m-0006446,hyperliquid/okx,20,2026-06-29 05:30:00+00:00,2026-06-29 06:00:00+00:00,okx,hyperliquid,23.77261074306948,3.093373,0,1,26.86598374306948,native_15m_trade_close_plus_real_settlements,6.8659837430694814,-13.134016256930519,-53.13401625693052
PRICE_FUNDING_15M_GLOBAL_WINDOW,15m-0006447,hyperliquid/okx,20,2026-06-29 07:30:00+00:00,2026-06-29 08:00:00+00:00,okx,hyperliquid,18.16609920497048,-29.257562387396,1,1,-11.091463182425521,native_15m_trade_close_plus_real_settlements,-31.09146318242552,-51.09146318242552,-91.09146318242551
PRICE_FUNDING_15M_GLOBAL_WINDOW,15m-0006448,hyperliquid/okx,20,2026-06-29 08:15:00+00:00,2026-06-29 08:30:00+00:00,hyperliquid,okx,5.200363020554647,0.0,0,0,5.200363020554647,native_15m_trade_close_plus_real_settlements,-14.799636979445353,-34.79963697944535,-74.79963697944535
PRICE_FUNDING_15M_GLOBAL_WINDOW,15m-0006449,hyperliquid/okx,20,2026-06-29 09:30:00+00:00,2026-06-29 11:00:00+00:00,hyperliquid,okx,24.64095000986687,-6.117227,2,0,18.52372300986687,native_15m_trade_close_plus_real_settlements,-1.4762769901331296,-21.47627699013313,-61.47627699013313
PRICE_FUNDING_15M_GLOBAL_WINDOW,15m-0006450,hyperliquid/okx,20,2026-06-29 12:00:00+00:00,2026-06-29 12:45:00+00:00,hyperliquid,okx,10.7668827538775,-0.146669,1,0,10.6202137538775,native_15m_trade_close_plus_real_settlements,-9.3797862461225,-29.3797862461225,-69.3797862461225
PRICE_FUNDING_15M_GLOBAL_WINDOW,15m-0006451,hyperliquid/okx,20,2026-06-29 13:00:00+00:00,2026-06-29 13:45:00+00:00,hyperliquid,okx,11.609753297683152,-0.092261,1,0,11.517492297683152,native_15m_trade_close_plus_real_settlements,-8.482507702316848,-28.48250770231685,-68.48250770231685
PRICE_FUNDING_15M_GLOBAL_WINDOW,15m-0006452,hyperliquid/okx,20,2026-06-29 14:45:00+00:00,2026-06-29 15:45:00+00:00,hyperliquid,okx,28.38056460142432,5.7234869999999995,1,0,34.104051601424324,native_15m_trade_close_plus_real_settlements,14.104051601424324,-5.895948398575676,-45.895948398575676
PRICE_FUNDING_15M_GLOBAL_WINDOW,15m-0006453,hyperliquid/okx,20,2026-06-29 16:00:00+00:00,2026-06-29 19:30:00+00:00,hyperliquid,okx,17.391196303335096,-7.476075999999999,4,0,9.915120303335097,native_15m_trade_close_plus_real_settlements,-10.084879696664903,-30.084879696664903,-70.0848796966649
PRICE_FUNDING_15M_GLOBAL_WINDOW,15m-0006454,hyperliquid/okx,20,2026-06-29 20:00:00+00:00,2026-06-29 20:15:00+00:00,hyperliquid,okx,2.915799256714827,-2.245987,1,0,0.669812256714827,native_15m_trade_close_plus_real_settlements,-19.330187743285173,-39.33018774328517,-79.33018774328518
PRICE_FUNDING_15M_GLOBAL_WINDOW,15m-0006455,hyperliquid/okx,20,2026-06-29 21:15:00+00:00,2026-06-29 22:15:00+00:00,hyperliquid,okx,16.757573508892918,1.812604,1,0,18.570177508892918,native_15m_trade_close_plus_real_settlements,-1.4298224911070818,-21.429822491107082,-61.42982249110708
PRICE_FUNDING_15M_GLOBAL_WINDOW,15m-0006456,hyperliquid/okx,20,2026-06-29 22:30:00+00:00,2026-06-29 23:15:00+00:00,hyperliquid,okx,18.252739800809643,-1.880049,1,0,16.372690800809643,native_15m_trade_close_plus_real_settlements,-3.627309199190357,-23.627309199190357,-63.62730919919036
PRICE_FUNDING_15M_GLOBAL_WINDOW,15m-0006457,hyperliquid/okx,20,2026-06-30 00:00:00+00:00,2026-06-30 00:30:00+00:00,hyperliquid,okx,14.018975501324118,-2.8843720000000004,1,0,11.134603501324117,native_15m_trade_close_plus_real_settlements,-8.865396498675883,-28.865396498675885,-68.86539649867588
PRICE_FUNDING_15M_GLOBAL_WINDOW,15m-0006458,hyperliquid/okx,20,2026-06-30 00:45:00+00:00,2026-06-30 01:30:00+00:00,hyperliquid,okx,21.906069109193886,-2.901927,1,0,19.004142109193886,native_15m_trade_close_plus_real_settlements,-0.9958578908061142,-20.995857890806114,-60.995857890806114
PRICE_FUNDING_15M_GLOBAL_WINDOW,15m-0006459,hyperliquid/okx,20,2026-06-30 02:45:00+00:00,2026-06-30 03:00:00+00:00,okx,hyperliquid,13.507969805329742,2.4545589999999997,0,1,15.962528805329741,native_15m_trade_close_plus_real_settlements,-4.037471194670259,-24.03747119467026,-64.03747119467026
PRICE_FUNDING_15M_GLOBAL_WINDOW,15m-0006460,hyperliquid/okx,20,2026-06-30 04:15:00+00:00,2026-06-30 04:45:00+00:00,okx,hyperliquid,7.951559514932679,0.0,0,0,7.951559514932679,native_15m_trade_close_plus_real_settlements,-12.04844048506732,-32.04844048506732,-72.04844048506732
PRICE_FUNDING_15M_GLOBAL_WINDOW,15m-0006461,hyperliquid/okx,20,2026-06-30 06:15:00+00:00,2026-06-30 06:30:00+00:00,hyperliquid,okx,19.000806018955686,0.0,0,0,19.000806018955686,native_15m_trade_close_plus_real_settlements,-0.9991939810443142,-20.999193981044314,-60.999193981044314
PRICE_FUNDING_15M_GLOBAL_WINDOW,15m-0006462,hyperliquid/okx,20,2026-06-30 08:45:00+00:00,2026-06-30 09:15:00+00:00,hyperliquid,okx,4.774463350824739,-1.578779,1,0,3.195684350824739,native_15m_trade_close_plus_real_settlements,-16.804315649175262,-36.80431564917526,-76.80431564917527
PRICE_FUNDING_15M_GLOBAL_WINDOW,15m-0006463,hyperliquid/okx,20,2026-06-30 09:30:00+00:00,2026-06-30 10:00:00+00:00,hyperliquid,okx,4.763451497994897,-2.33286,1,0,2.4305914979948966,native_15m_trade_close_plus_real_settlements,-17.569408502005103,-37.5694085020051,-77.5694085020051
PRICE_FUNDING_15M_GLOBAL_WINDOW,15m-0006464,hyperliquid/okx,20,2026-06-30 10:15:00+00:00,2026-06-30 11:15:00+00:00,hyperliquid,okx,21.640047063693622,-2.6933559999999996,1,0,18.94669106369362,native_15m_trade_close_plus_real_settlements,-1.0533089363063795,-21.05330893630638,-61.05330893630638
PRICE_FUNDING_15M_GLOBAL_WINDOW,15m-0006465,hyperliquid/okx,20,2026-06-30 11:30:00+00:00,2026-06-30 11:45:00+00:00,hyperliquid,okx,2.7423349120108114,0.0,0,0,2.7423349120108114,native_15m_trade_close_plus_real_settlements,-17.25766508798919,-37.25766508798919,-77.25766508798918
PRICE_FUNDING_15M_GLOBAL_WINDOW,15m-0006466,hyperliquid/okx,20,2026-06-30 14:45:00+00:00,2026-06-30 15:00:00+00:00,hyperliquid,okx,6.166212468040378,-3.2018459999999997,1,0,2.964366468040378,native_15m_trade_close_plus_real_settlements,-17.035633531959622,-37.03563353195962,-77.03563353195962
PRICE_FUNDING_15M_GLOBAL_WINDOW,15m-0006467,hyperliquid/okx,20,2026-06-30 18:45:00+00:00,2026-06-30 19:00:00+00:00,hyperliquid,okx,6.096438416824837,-0.284668,1,0,5.811770416824837,native_15m_trade_close_plus_real_settlements,-14.188229583175163,-34.188229583175165,-74.18822958317516
PRICE_FUNDING_15M_GLOBAL_WINDOW,15m-0006468,hyperliquid/okx,20,2026-06-30 21:00:00+00:00,2026-06-30 21:15:00+00:00,hyperliquid,okx,7.189837281172775,0.7783680000000001,1,0,7.968205281172775,native_15m_trade_close_plus_real_settlements,-12.031794718827225,-32.03179471882723,-72.03179471882723
PRICE_FUNDING_15M_GLOBAL_WINDOW,15m-0006469,hyperliquid/okx,20,2026-06-30 21:45:00+00:00,2026-07-01 03:00:00+00:00,hyperliquid,okx,68.95049236535364,-7.901974838022,6,1,61.04851752733164,native_15m_trade_close_plus_real_settlements,41.04851752733164,21.04851752733164,-18.95148247266836
PRICE_FUNDING_15M_GLOBAL_WINDOW,15m-0006470,hyperliquid/okx,20,2026-07-01 03:15:00+00:00,2026-07-01 03:30:00+00:00,hyperliquid,okx,19.31475590083276,0.0,0,0,19.31475590083276,native_15m_trade_close_plus_real_settlements,-0.6852440991672388,-20.68524409916724,-60.685244099167235
PRICE_FUNDING_15M_GLOBAL_WINDOW,15m-0006471,hyperliquid/okx,20,2026-07-01 05:15:00+00:00,2026-07-01 05:30:00+00:00,hyperliquid,okx,16.02642157699811,0.0,0,0,16.02642157699811,native_15m_trade_close_plus_real_settlements,-3.9735784230018893,-23.97357842300189,-63.97357842300189
PRICE_FUNDING_15M_GLOBAL_WINDOW,15m-0006472,hyperliquid/okx,20,2026-07-01 05:45:00+00:00,2026-07-01 06:00:00+00:00,hyperliquid,okx,5.1960418603093,-1.724355,1,0,3.4716868603093003,native_15m_trade_close_plus_real_settlements,-16.5283131396907,-36.5283131396907,-76.5283131396907
PRICE_FUNDING_15M_GLOBAL_WINDOW,15m-0006473,hyperliquid/okx,20,2026-07-01 06:15:00+00:00,2026-07-02 02:00:00+00:00,hyperliquid,okx,74.65963962184394,33.36571455267801,20,3,108.02535417452194,native_15m_trade_close_plus_real_settlements,88.02535417452194,68.02535417452194,28.025354174521937
PRICE_FUNDING_15M_GLOBAL_WINDOW,15m-0006474,hyperliquid/okx,20,2026-07-02 02:15:00+00:00,2026-07-02 03:00:00+00:00,hyperliquid,okx,15.182516711696685,-1.2722300000000002,1,0,13.910286711696685,native_15m_trade_close_plus_real_settlements,-6.089713288303315,-26.089713288303315,-66.08971328830332
PRICE_FUNDING_15M_GLOBAL_WINDOW,15m-0006475,hyperliquid/okx,20,2026-07-02 03:15:00+00:00,2026-07-02 07:00:00+00:00,hyperliquid,okx,115.31529287020446,-12.463185,4,0,102.85210787020446,native_15m_trade_close_plus_real_settlements,82.85210787020446,62.85210787020446,22.852107870204463
PRICE_FUNDING_15M_GLOBAL_WINDOW,15m-0006476,hyperliquid/okx,20,2026-07-02 07:45:00+00:00,2026-07-02 13:15:00+00:00,okx,hyperliquid,62.270816862563244,-41.453646823820996,1,6,20.817170038742248,native_15m_trade_close_plus_real_settlements,0.8171700387422476,-19.182829961257752,-59.18282996125775
PRICE_FUNDING_15M_GLOBAL_WINDOW,15m-0006477,hyperliquid/okx,20,2026-07-02 13:45:00+00:00,2026-07-02 14:00:00+00:00,hyperliquid,okx,9.79993087554777,-0.433221,1,0,9.36670987554777,native_15m_trade_close_plus_real_settlements,-10.63329012445223,-30.63329012445223,-70.63329012445223
PRICE_FUNDING_15M_GLOBAL_WINDOW,15m-0006478,hyperliquid/okx,20,2026-07-02 14:30:00+00:00,2026-07-02 14:45:00+00:00,hyperliquid,okx,7.563540210535535,0.0,0,0,7.563540210535535,native_15m_trade_close_plus_real_settlements,-12.436459789464465,-32.436459789464465,-72.43645978946446
PRICE_FUNDING_15M_GLOBAL_WINDOW,15m-0006479,hyperliquid/okx,20,2026-07-02 15:00:00+00:00,2026-07-03 02:15:00+00:00,hyperliquid,okx,69.51198378963427,26.606955892368,12,2,96.11893968200226,native_15m_trade_close_plus_real_settlements,76.11893968200226,56.118939682002264,16.118939682002264
PRICE_FUNDING_15M_GLOBAL_WINDOW,15m-0006480,hyperliquid/okx,20,2026-07-03 02:30:00+00:00,2026-07-03 02:45:00+00:00,hyperliquid,okx,24.600367206439977,0.0,0,0,24.600367206439977,native_15m_trade_close_plus_real_settlements,4.6003672064399765,-15.399632793560023,-55.39963279356002
PRICE_FUNDING_15M_GLOBAL_WINDOW,15m-0006481,hyperliquid/okx,20,2026-07-03 03:00:00+00:00,2026-07-03 03:15:00+00:00,hyperliquid,okx,18.619288791440717,-0.578414,1,0,18.040874791440718,native_15m_trade_close_plus_real_settlements,-1.959125208559282,-21.959125208559282,-61.959125208559286
PRICE_FUNDING_15M_GLOBAL_WINDOW,15m-0006482,hyperliquid/okx,20,2026-07-03 04:45:00+00:00,2026-07-03 05:00:00+00:00,okx,hyperliquid,16.69718590755227,0.0625,0,1,16.75968590755227,native_15m_trade_close_plus_real_settlements,-3.240314092447729,-23.24031409244773,-63.24031409244773
PRICE_FUNDING_15M_GLOBAL_WINDOW,15m-0006483,hyperliquid/okx,20,2026-07-03 05:15:00+00:00,2026-07-03 05:30:00+00:00,okx,hyperliquid,21.9775031945854,0.0,0,0,21.9775031945854,native_15m_trade_close_plus_real_settlements,1.977503194585399,-18.0224968054146,-58.022496805414605
PRICE_FUNDING_15M_GLOBAL_WINDOW,15m-0006484,hyperliquid/okx,20,2026-07-03 06:15:00+00:00,2026-07-03 06:30:00+00:00,okx,hyperliquid,14.292821662937206,0.0,0,0,14.292821662937206,native_15m_trade_close_plus_real_settlements,-5.707178337062794,-25.707178337062793,-65.7071783370628
PRICE_FUNDING_15M_GLOBAL_WINDOW,15m-0006485,hyperliquid/okx,20,2026-07-03 08:30:00+00:00,2026-07-03 11:45:00+00:00,hyperliquid,okx,26.89356305911477,-0.323584,3,0,26.569979059114768,native_15m_trade_close_plus_real_settlements,6.569979059114768,-13.430020940885232,-53.43002094088523
PRICE_FUNDING_15M_GLOBAL_WINDOW,15m-0006486,hyperliquid/okx,20,2026-07-03 14:15:00+00:00,2026-07-03 14:30:00+00:00,hyperliquid,okx,4.859537833870007,0.0,0,0,4.859537833870007,native_15m_trade_close_plus_real_settlements,-15.140462166129993,-35.14046216612999,-75.14046216612999
PRICE_FUNDING_15M_GLOBAL_WINDOW,15m-0006487,hyperliquid/okx,20,2026-07-03 15:45:00+00:00,2026-07-03 18:30:00+00:00,hyperliquid,okx,13.510786290848756,1.053067,3,1,14.563853290848757,native_15m_trade_close_plus_real_settlements,-5.436146709151243,-25.436146709151245,-65.43614670915125
PRICE_FUNDING_15M_GLOBAL_WINDOW,15m-0006488,hyperliquid/okx,20,2026-07-03 19:00:00+00:00,2026-07-03 21:00:00+00:00,hyperliquid,okx,21.393458599253606,-3.0976830000000004,3,0,18.295775599253606,native_15m_trade_close_plus_real_settlements,-1.7042244007463943,-21.704224400746394,-61.7042244007464
PRICE_FUNDING_15M_GLOBAL_WINDOW,15m-0006489,hyperliquid/okx,20,2026-07-03 21:15:00+00:00,2026-07-03 21:45:00+00:00,hyperliquid,okx,17.22879417236367,0.0,0,0,17.22879417236367,native_15m_trade_close_plus_real_settlements,-2.7712058276363294,-22.77120582763633,-62.77120582763633
PRICE_FUNDING_15M_GLOBAL_WINDOW,15m-0006490,hyperliquid/okx,20,2026-07-03 22:00:00+00:00,2026-07-03 22:15:00+00:00,hyperliquid,okx,6.2977418547739035,-1.702027,1,0,4.595714854773903,native_15m_trade_close_plus_real_settlements,-15.404285145226098,-35.4042851452261,-75.4042851452261
PRICE_FUNDING_15M_GLOBAL_WINDOW,15m-0006491,hyperliquid/okx,20,2026-07-03 22:45:00+00:00,2026-07-03 23:15:00+00:00,hyperliquid,okx,10.340136409386917,-0.196379,1,0,10.143757409386916,native_15m_trade_close_plus_real_settlements,-9.856242590613084,-29.856242590613085,-69.85624259061308
PRICE_FUNDING_15M_GLOBAL_WINDOW,15m-0006492,hyperliquid/okx,20,2026-07-04 00:30:00+00:00,2026-07-04 03:45:00+00:00,hyperliquid,okx,22.416262512125453,0.06385800000000001,3,0,22.480120512125453,native_15m_trade_close_plus_real_settlements,2.4801205121254526,-17.519879487874547,-57.51987948787455
PRICE_FUNDING_15M_GLOBAL_WINDOW,15m-0006493,hyperliquid/okx,20,2026-07-04 04:00:00+00:00,2026-07-04 11:00:00+00:00,hyperliquid,okx,17.740325333752697,1.159512,8,1,18.899837333752696,native_15m_trade_close_plus_real_settlements,-1.1001626662473036,-21.100162666247304,-61.1001626662473
PRICE_FUNDING_15M_GLOBAL_WINDOW,15m-0006494,hyperliquid/okx,20,2026-07-04 11:15:00+00:00,2026-07-06 03:00:00+00:00,hyperliquid,okx,23.894762010839468,9.106433345704001,40,5,33.00119535654347,native_15m_trade_close_plus_real_settlements,13.00119535654347,-6.9988046434565305,-46.99880464345653
PRICE_FUNDING_15M_GLOBAL_WINDOW,15m-0006495,hyperliquid/okx,20,2026-07-06 03:15:00+00:00,2026-07-06 04:00:00+00:00,hyperliquid,okx,28.511780896700564,-2.629993,1,0,25.881787896700565,native_15m_trade_close_plus_real_settlements,5.8817878967005655,-14.118212103299435,-54.118212103299435
PRICE_FUNDING_15M_GLOBAL_WINDOW,15m-0006496,hyperliquid/okx,20,2026-07-06 04:45:00+00:00,2026-07-06 05:30:00+00:00,hyperliquid,okx,20.532249378542346,-1.553529,1,0,18.978720378542345,native_15m_trade_close_plus_real_settlements,-1.021279621457655,-21.021279621457655,-61.02127962145765
PRICE_FUNDING_15M_GLOBAL_WINDOW,15m-0006497,hyperliquid/okx,20,2026-07-06 06:15:00+00:00,2026-07-06 07:00:00+00:00,hyperliquid,okx,15.242645235361275,-0.0625,1,0,15.180145235361275,native_15m_trade_close_plus_real_settlements,-4.819854764638725,-24.819854764638727,-64.81985476463872
PRICE_FUNDING_15M_GLOBAL_WINDOW,15m-0006498,hyperliquid/okx,20,2026-07-06 07:30:00+00:00,2026-07-06 12:45:00+00:00,hyperliquid,okx,31.37490088046291,14.359074716999,5,1,45.73397559746191,native_15m_trade_close_plus_real_settlements,25.733975597461907,5.733975597461907,-34.26602440253809
PRICE_FUNDING_15M_GLOBAL_WINDOW,15m-0006499,hyperliquid/okx,20,2026-07-06 17:45:00+00:00,2026-07-06 22:45:00+00:00,hyperliquid,okx,17.566856648913838,-1.7111380000000003,5,0,15.855718648913838,native_15m_trade_close_plus_real_settlements,-4.144281351086162,-24.144281351086164,-64.14428135108616
PRICE_FUNDING_15M_GLOBAL_WINDOW,15m-0006500,hyperliquid/okx,20,2026-07-06 23:00:00+00:00,2026-07-06 23:45:00+00:00,hyperliquid,okx,14.016482341046085,2.419995,1,0,16.436477341046086,native_15m_trade_close_plus_real_settlements,-3.5635226589539144,-23.563522658953914,-63.563522658953914
PRICE_FUNDING_15M_GLOBAL_WINDOW,15m-0006501,hyperliquid/okx,20,2026-07-07 00:00:00+00:00,2026-07-07 05:30:00+00:00,hyperliquid,okx,38.44542406156164,-19.86092,6,0,18.58450406156164,native_15m_trade_close_plus_real_settlements,-1.4154959384383616,-21.41549593843836,-61.41549593843836
PRICE_FUNDING_15M_GLOBAL_WINDOW,15m-0006502,hyperliquid/okx,20,2026-07-07 06:00:00+00:00,2026-07-07 06:15:00+00:00,hyperliquid,okx,19.131850648542336,-4.495795,1,0,14.636055648542335,native_15m_trade_close_plus_real_settlements,-5.363944351457665,-25.363944351457665,-65.36394435145766
PRICE_FUNDING_15M_GLOBAL_WINDOW,15m-0006503,hyperliquid/okx,20,2026-07-07 06:45:00+00:00,2026-07-07 07:15:00+00:00,okx,hyperliquid,5.399716150496797,2.034985,0,1,7.434701150496797,native_15m_trade_close_plus_real_settlements,-12.565298849503204,-32.5652988495032,-72.56529884950321
PRICE_FUNDING_15M_GLOBAL_WINDOW,15m-0006504,hyperliquid/okx,20,2026-07-07 07:30:00+00:00,2026-07-07 11:15:00+00:00,okx,hyperliquid,34.16413594031415,-41.440864577689,1,4,-7.276728637374852,native_15m_trade_close_plus_real_settlements,-27.276728637374852,-47.27672863737485,-87.27672863737484
PRICE_FUNDING_15M_GLOBAL_WINDOW,15m-0006505,hyperliquid/okx,20,2026-07-07 12:00:00+00:00,2026-07-07 13:00:00+00:00,hyperliquid,okx,18.68451746081908,-2.4256849999999996,2,0,16.25883246081908,native_15m_trade_close_plus_real_settlements,-3.741167539180921,-23.74116753918092,-63.74116753918092
PRICE_FUNDING_15M_GLOBAL_WINDOW,15m-0006506,hyperliquid/okx,20,2026-07-07 13:15:00+00:00,2026-07-08 00:15:00+00:00,hyperliquid,okx,40.6634431418415,5.306892999999999,11,2,45.9703361418415,native_15m_trade_close_plus_real_settlements,25.9703361418415,5.9703361418415,-34.0296638581585
PRICE_FUNDING_15M_GLOBAL_WINDOW,15m-0006507,hyperliquid/okx,20,2026-07-08 01:30:00+00:00,2026-07-08 02:15:00+00:00,hyperliquid,okx,11.02312526277277,-0.886699,1,0,10.136426262772769,native_15m_trade_close_plus_real_settlements,-9.863573737227231,-29.86357373722723,-69.86357373722723
PRICE_FUNDING_15M_GLOBAL_WINDOW,15m-0006508,hyperliquid/okx,20,2026-07-08 02:45:00+00:00,2026-07-08 03:00:00+00:00,hyperliquid,okx,19.729948070946442,-2.143036,1,0,17.586912070946443,native_15m_trade_close_plus_real_settlements,-2.4130879290535567,-22.413087929053557,-62.41308792905356
PRICE_FUNDING_15M_GLOBAL_WINDOW,15m-0006509,hyperliquid/okx,20,2026-07-08 04:00:00+00:00,2026-07-08 04:45:00+00:00,hyperliquid,okx,25.315768765703815,-1.373758,1,0,23.942010765703817,native_15m_trade_close_plus_real_settlements,3.9420107657038166,-16.057989234296183,-56.05798923429619
PRICE_FUNDING_15M_GLOBAL_WINDOW,15m-0006510,hyperliquid/okx,20,2026-07-08 05:15:00+00:00,2026-07-08 05:45:00+00:00,hyperliquid,okx,16.675058759476354,0.0,0,0,16.675058759476354,native_15m_trade_close_plus_real_settlements,-3.3249412405236463,-23.324941240523646,-63.32494124052364
PRICE_FUNDING_15M_GLOBAL_WINDOW,15m-0006511,hyperliquid/okx,20,2026-07-08 06:15:00+00:00,2026-07-08 06:30:00+00:00,hyperliquid,okx,19.521894403851697,0.0,0,0,19.521894403851697,native_15m_trade_close_plus_real_settlements,-0.4781055961483034,-20.478105596148303,-60.4781055961483
PRICE_FUNDING_15M_GLOBAL_WINDOW,15m-0006512,hyperliquid/okx,20,2026-07-08 08:00:00+00:00,2026-07-08 11:45:00+00:00,hyperliquid,okx,37.80501641211464,-12.789891,4,0,25.01512541211464,native_15m_trade_close_plus_real_settlements,5.015125412114639,-14.984874587885361,-54.98487458788536
PRICE_FUNDING_15M_GLOBAL_WINDOW,15m-0006513,hyperliquid/okx,20,2026-07-08 14:30:00+00:00,2026-07-08 14:45:00+00:00,okx,hyperliquid,4.878222056540192,0.0,0,0,4.878222056540192,native_15m_trade_close_plus_real_settlements,-15.121777943459808,-35.121777943459804,-75.1217779434598
PRICE_FUNDING_15M_GLOBAL_WINDOW,15m-0006514,hyperliquid/okx,20,2026-07-08 15:00:00+00:00,2026-07-08 15:15:00+00:00,okx,hyperliquid,11.584856839922002,2.273996,0,1,13.858852839922003,native_15m_trade_close_plus_real_settlements,-6.141147160077997,-26.141147160078,-66.14114716007799
PRICE_FUNDING_15M_GLOBAL_WINDOW,15m-0006515,hyperliquid/okx,20,2026-07-08 22:00:00+00:00,2026-07-08 22:15:00+00:00,okx,hyperliquid,10.633059809339247,2.073483,0,1,12.706542809339247,native_15m_trade_close_plus_real_settlements,-7.293457190660753,-27.293457190660753,-67.29345719066075
PRICE_FUNDING_15M_GLOBAL_WINDOW,15m-0006516,hyperliquid/okx,20,2026-07-08 23:30:00+00:00,2026-07-08 23:45:00+00:00,hyperliquid,okx,8.657734793485353,0.0,0,0,8.657734793485353,native_15m_trade_close_plus_real_settlements,-11.342265206514647,-31.342265206514647,-71.34226520651464
PRICE_FUNDING_15M_GLOBAL_WINDOW,15m-0006517,hyperliquid/okx,20,2026-07-09 00:45:00+00:00,2026-07-09 01:00:00+00:00,hyperliquid,okx,10.715293861593214,-1.438124,1,0,9.277169861593213,native_15m_trade_close_plus_real_settlements,-10.722830138406787,-30.722830138406785,-70.72283013840679
PRICE_FUNDING_15M_GLOBAL_WINDOW,15m-0006518,hyperliquid/okx,20,2026-07-09 01:45:00+00:00,2026-07-09 02:00:00+00:00,hyperliquid,okx,23.226330893371568,-1.790128,1,0,21.43620289337157,native_15m_trade_close_plus_real_settlements,1.4362028933715685,-18.56379710662843,-58.56379710662843
PRICE_FUNDING_15M_GLOBAL_WINDOW,15m-0006519,hyperliquid/okx,20,2026-07-09 02:30:00+00:00,2026-07-09 03:15:00+00:00,hyperliquid,okx,21.443751438253685,-2.733605,1,0,18.710146438253684,native_15m_trade_close_plus_real_settlements,-1.289853561746316,-21.289853561746316,-61.28985356174631
PRICE_FUNDING_15M_GLOBAL_WINDOW,15m-0006520,hyperliquid/okx,20,2026-07-09 04:30:00+00:00,2026-07-09 04:45:00+00:00,hyperliquid,okx,5.276140036404222,0.0,0,0,5.276140036404222,native_15m_trade_close_plus_real_settlements,-14.723859963595778,-34.72385996359578,-74.72385996359577
PRICE_FUNDING_15M_GLOBAL_WINDOW,15m-0006521,hyperliquid/okx,20,2026-07-09 07:45:00+00:00,2026-07-09 10:45:00+00:00,okx,hyperliquid,23.84668033333732,-25.42549799799,1,3,-1.5788176646526786,native_15m_trade_close_plus_real_settlements,-21.57881766465268,-41.578817664652675,-81.57881766465268
PRICE_FUNDING_15M_GLOBAL_WINDOW,15m-0006522,hyperliquid/okx,20,2026-07-09 11:15:00+00:00,2026-07-09 11:30:00+00:00,hyperliquid,okx,9.616104887135087,0.0,0,0,9.616104887135087,native_15m_trade_close_plus_real_settlements,-10.383895112864913,-30.383895112864913,-70.3838951128649
PRICE_FUNDING_15M_GLOBAL_WINDOW,15m-0006523,hyperliquid/okx,20,2026-07-09 22:30:00+00:00,2026-07-09 22:45:00+00:00,hyperliquid,okx,10.818499000883264,0.0,0,0,10.818499000883264,native_15m_trade_close_plus_real_settlements,-9.181500999116736,-29.181500999116736,-69.18150099911674
PRICE_FUNDING_15M_GLOBAL_WINDOW,15m-0006524,hyperliquid/okx,20,2026-07-09 23:00:00+00:00,2026-07-09 23:15:00+00:00,hyperliquid,okx,7.839488703851867,-2.04142,1,0,5.798068703851866,native_15m_trade_close_plus_real_settlements,-14.201931296148134,-34.20193129614813,-74.20193129614813
PRICE_FUNDING_15M_GLOBAL_WINDOW,15m-0006525,hyperliquid/okx,20,2026-07-09 23:30:00+00:00,2026-07-09 23:45:00+00:00,hyperliquid,okx,12.17294629322866,0.0,0,0,12.17294629322866,native_15m_trade_close_plus_real_settlements,-7.8270537067713395,-27.827053706771338,-67.82705370677134
PRICE_FUNDING_15M_GLOBAL_WINDOW,15m-0006526,hyperliquid/okx,20,2026-07-10 00:00:00+00:00,2026-07-10 01:00:00+00:00,hyperliquid,okx,22.407115538450622,-9.452395000000001,2,0,12.954720538450621,native_15m_trade_close_plus_real_settlements,-7.045279461549379,-27.045279461549377,-67.04527946154938
PRICE_FUNDING_15M_GLOBAL_WINDOW,15m-0006527,hyperliquid/okx,20,2026-07-10 01:15:00+00:00,2026-07-10 02:00:00+00:00,hyperliquid,okx,16.55428611043311,-7.078568000000001,1,0,9.47571811043311,native_15m_trade_close_plus_real_settlements,-10.52428188956689,-30.52428188956689,-70.5242818895669
PRICE_FUNDING_15M_GLOBAL_WINDOW,15m-0006528,hyperliquid/okx,20,2026-07-10 02:30:00+00:00,2026-07-10 02:45:00+00:00,hyperliquid,okx,14.427856532437916,0.0,0,0,14.427856532437916,native_15m_trade_close_plus_real_settlements,-5.572143467562084,-25.572143467562086,-65.57214346756209
PRICE_FUNDING_15M_GLOBAL_WINDOW,15m-0006529,hyperliquid/okx,20,2026-07-10 08:00:00+00:00,2026-07-10 13:45:00+00:00,hyperliquid,okx,36.55814017482521,-28.913493000000003,6,0,7.644647174825209,native_15m_trade_close_plus_real_settlements,-12.35535282517479,-32.35535282517479,-72.35535282517479
PRICE_FUNDING_15M_GLOBAL_WINDOW,15m-0006530,hyperliquid/okx,20,2026-07-10 16:15:00+00:00,2026-07-10 16:45:00+00:00,hyperliquid,okx,33.36657547560961,0.0,0,0,33.36657547560961,native_15m_trade_close_plus_real_settlements,13.366575475609608,-6.633424524390392,-46.63342452439039
PRICE_FUNDING_15M_GLOBAL_WINDOW,15m-0006531,hyperliquid/okx,20,2026-07-10 20:00:00+00:00,2026-07-10 22:15:00+00:00,hyperliquid,okx,15.537507567945525,0.6398600000000001,3,0,16.177367567945524,native_15m_trade_close_plus_real_settlements,-3.8226324320544762,-23.822632432054476,-63.822632432054476
PRICE_FUNDING_15M_GLOBAL_WINDOW,15m-0006532,hyperliquid/okx,20,2026-07-10 22:45:00+00:00,2026-07-10 23:30:00+00:00,hyperliquid,okx,13.971485439670765,0.39412,1,0,14.365605439670766,native_15m_trade_close_plus_real_settlements,-5.634394560329234,-25.634394560329234,-65.63439456032924
PRICE_FUNDING_15M_GLOBAL_WINDOW,15m-0006533,hyperliquid/okx,20,2026-07-11 00:00:00+00:00,2026-07-11 01:30:00+00:00,hyperliquid,okx,14.07795415557838,-0.34555300000000005,2,0,13.73240115557838,native_15m_trade_close_plus_real_settlements,-6.26759884442162,-26.26759884442162,-66.26759884442163
PRICE_FUNDING_15M_GLOBAL_WINDOW,15m-0006534,hyperliquid/okx,20,2026-07-11 02:15:00+00:00,2026-07-11 03:00:00+00:00,hyperliquid,okx,4.639614056131215,-0.631322,1,0,4.008292056131215,native_15m_trade_close_plus_real_settlements,-15.991707943868786,-35.99170794386878,-75.99170794386879
PRICE_FUNDING_15M_GLOBAL_WINDOW,15m-0006535,hyperliquid/okx,20,2026-07-11 03:15:00+00:00,2026-07-11 04:30:00+00:00,hyperliquid,okx,4.860213965578623,-0.258547,1,0,4.601666965578623,native_15m_trade_close_plus_real_settlements,-15.398333034421377,-35.39833303442138,-75.39833303442137
PRICE_FUNDING_15M_GLOBAL_WINDOW,15m-0006536,hyperliquid/okx,20,2026-07-11 05:00:00+00:00,2026-07-11 06:45:00+00:00,hyperliquid,okx,11.907807410442683,0.37285599999999997,2,0,12.280663410442683,native_15m_trade_close_plus_real_settlements,-7.719336589557317,-27.719336589557315,-67.71933658955732
PRICE_FUNDING_15M_GLOBAL_WINDOW,15m-0006537,hyperliquid/okx,20,2026-07-11 10:15:00+00:00,2026-07-11 11:00:00+00:00,hyperliquid,okx,4.488658603049288,-0.0625,1,0,4.426158603049288,native_15m_trade_close_plus_real_settlements,-15.573841396950712,-35.57384139695071,-75.57384139695071
PRICE_FUNDING_15M_GLOBAL_WINDOW,15m-0006538,hyperliquid/okx,20,2026-07-11 15:00:00+00:00,2026-07-11 15:15:00+00:00,hyperliquid,okx,4.795511030533831,0.416292,1,0,5.211803030533831,native_15m_trade_close_plus_real_settlements,-14.788196969466169,-34.78819696946617,-74.78819696946617
PRICE_FUNDING_15M_GLOBAL_WINDOW,15m-0006539,hyperliquid/okx,20,2026-07-11 16:30:00+00:00,2026-07-12 12:00:00+00:00,hyperliquid,okx,24.735503889717663,3.1795608943609994,20,2,27.915064784078663,native_15m_trade_close_plus_real_settlements,7.9150647840786625,-12.084935215921337,-52.084935215921334
PRICE_FUNDING_15M_GLOBAL_WINDOW,15m-0006540,hyperliquid/okx,20,2026-07-12 12:15:00+00:00,2026-07-12 13:30:00+00:00,hyperliquid,okx,9.810886291763786,0.04830400000000001,1,0,9.859190291763786,native_15m_trade_close_plus_real_settlements,-10.140809708236214,-30.140809708236212,-70.14080970823622
PRICE_FUNDING_15M_GLOBAL_WINDOW,15m-0006541,hyperliquid/okx,20,2026-07-12 14:45:00+00:00,2026-07-12 20:15:00+00:00,hyperliquid,okx,16.755225776286103,-2.466525,6,1,14.288700776286102,native_15m_trade_close_plus_real_settlements,-5.7112992237138975,-25.711299223713898,-65.7112992237139
PRICE_FUNDING_15M_GLOBAL_WINDOW,15m-0006542,hyperliquid/okx,20,2026-07-12 20:30:00+00:00,2026-07-12 20:45:00+00:00,hyperliquid,okx,3.4304416711705734,0.0,0,0,3.4304416711705734,native_15m_trade_close_plus_real_settlements,-16.569558328829427,-36.56955832882943,-76.56955832882943
PRICE_FUNDING_15M_GLOBAL_WINDOW,15m-0006543,hyperliquid/okx,20,2026-07-12 21:15:00+00:00,2026-07-12 22:45:00+00:00,hyperliquid,okx,14.952663928702233,0.142709,1,0,15.095372928702233,native_15m_trade_close_plus_real_settlements,-4.904627071297767,-24.904627071297767,-64.90462707129777
PRICE_FUNDING_15M_GLOBAL_WINDOW,15m-0006544,hyperliquid/okx,20,2026-07-12 23:00:00+00:00,2026-07-13 05:30:00+00:00,hyperliquid,okx,75.74833737060972,-26.591871339787,7,1,49.15646603082271,native_15m_trade_close_plus_real_settlements,29.156466030822713,9.156466030822713,-30.843533969177287
PRICE_FUNDING_15M_GLOBAL_WINDOW,15m-0006545,hyperliquid/okx,20,2026-07-13 06:00:00+00:00,2026-07-13 07:00:00+00:00,hyperliquid,okx,41.34349619143037,-18.056769,2,0,23.28672719143037,native_15m_trade_close_plus_real_settlements,3.2867271914303693,-16.71327280856963,-56.71327280856963
PRICE_FUNDING_15M_GLOBAL_WINDOW,15m-0006546,hyperliquid/okx,20,2026-07-13 07:45:00+00:00,2026-07-14 00:45:00+00:00,okx,hyperliquid,99.5172224643269,-105.96054026031398,5,17,-6.44331779598707,native_15m_trade_close_plus_real_settlements,-26.44331779598707,-46.44331779598707,-86.44331779598707
PRICE_FUNDING_15M_GLOBAL_WINDOW,15m-0006547,hyperliquid/okx,20,2026-07-14 01:30:00+00:00,2026-07-14 03:15:00+00:00,hyperliquid,okx,37.683680642143756,-8.346014,2,0,29.337666642143756,native_15m_trade_close_plus_real_settlements,9.337666642143756,-10.662333357856244,-50.66233335785624
PRICE_FUNDING_15M_GLOBAL_WINDOW,15m-0006548,hyperliquid/okx,20,2026-07-14 03:45:00+00:00,2026-07-14 04:15:00+00:00,okx,hyperliquid,54.042967679027115,-43.208518781914,1,1,10.834448897113113,native_15m_trade_close_plus_real_settlements,-9.165551102886887,-29.165551102886887,-69.1655511028869
PRICE_FUNDING_15M_GLOBAL_WINDOW,15m-0006549,hyperliquid/okx,20,2026-07-14 07:30:00+00:00,2026-07-14 07:45:00+00:00,hyperliquid,okx,14.43430537695316,0.0,0,0,14.43430537695316,native_15m_trade_close_plus_real_settlements,-5.56569462304684,-25.565694623046838,-65.56569462304684
PRICE_FUNDING_15M_GLOBAL_WINDOW,15m-0006550,hyperliquid/okx,20,2026-07-14 08:15:00+00:00,2026-07-14 09:15:00+00:00,hyperliquid,okx,16.838801151325153,-2.359642,1,0,14.479159151325153,native_15m_trade_close_plus_real_settlements,-5.5208408486748475,-25.520840848674847,-65.52084084867485
PRICE_FUNDING_15M_GLOBAL_WINDOW,15m-0006551,hyperliquid/okx,20,2026-07-14 09:45:00+00:00,2026-07-14 10:45:00+00:00,hyperliquid,okx,23.599950942220364,-3.961843,1,0,19.638107942220365,native_15m_trade_close_plus_real_settlements,-0.3618920577796345,-20.361892057779635,-60.361892057779635
PRICE_FUNDING_15M_GLOBAL_WINDOW,15m-0006552,hyperliquid/okx,20,2026-07-14 11:30:00+00:00,2026-07-14 12:00:00+00:00,hyperliquid,okx,14.920859267180653,1.052459,1,1,15.973318267180654,native_15m_trade_close_plus_real_settlements,-4.0266817328193465,-24.02668173281935,-64.02668173281934
PRICE_FUNDING_15M_GLOBAL_WINDOW,15m-0006553,hyperliquid/okx,20,2026-07-14 12:15:00+00:00,2026-07-14 13:45:00+00:00,hyperliquid,okx,37.25881972673072,-2.487486,1,0,34.771333726730724,native_15m_trade_close_plus_real_settlements,14.771333726730724,-5.228666273269276,-45.228666273269276
PRICE_FUNDING_15M_GLOBAL_WINDOW,15m-0006554,hyperliquid/okx,20,2026-07-14 14:00:00+00:00,2026-07-14 14:15:00+00:00,hyperliquid,okx,17.507170078699318,-1.128555,1,0,16.37861507869932,native_15m_trade_close_plus_real_settlements,-3.621384921300681,-23.62138492130068,-63.62138492130068
PRICE_FUNDING_15M_GLOBAL_WINDOW,15m-0006555,hyperliquid/okx,20,2026-07-14 16:45:00+00:00,2026-07-14 19:45:00+00:00,hyperliquid,okx,27.038303098542528,-4.58268,3,0,22.455623098542528,native_15m_trade_close_plus_real_settlements,2.455623098542528,-17.544376901457472,-57.54437690145747
PRICE_FUNDING_15M_GLOBAL_WINDOW,15m-0006556,hyperliquid/okx,20,2026-07-15 01:00:00+00:00,2026-07-15 01:15:00+00:00,okx,hyperliquid,18.091593195204798,-0.596348,0,1,17.4952451952048,native_15m_trade_close_plus_real_settlements,-2.5047548047952013,-22.5047548047952,-62.5047548047952
PRICE_FUNDING_15M_GLOBAL_WINDOW,15m-0006557,hyperliquid/okx,20,2026-07-15 06:30:00+00:00,2026-07-15 08:30:00+00:00,hyperliquid,okx,17.689080483864785,-3.7540412151919993,2,1,13.935039268672785,native_15m_trade_close_plus_real_settlements,-6.064960731327215,-26.064960731327215,-66.06496073132722
PRICE_FUNDING_15M_GLOBAL_WINDOW,15m-0006558,hyperliquid/okx,20,2026-07-15 09:45:00+00:00,2026-07-15 11:45:00+00:00,hyperliquid,okx,18.31874798881924,-0.10072200000000009,2,0,18.21802598881924,native_15m_trade_close_plus_real_settlements,-1.7819740111807612,-21.78197401118076,-61.781974011180765
PRICE_FUNDING_15M_GLOBAL_WINDOW,15m-0006559,hyperliquid/okx,20,2026-07-15 12:00:00+00:00,2026-07-15 12:45:00+00:00,hyperliquid,okx,29.182460807621577,-1.506818,1,0,27.67564280762158,native_15m_trade_close_plus_real_settlements,7.675642807621578,-12.324357192378422,-52.32435719237842
PRICE_FUNDING_15M_GLOBAL_WINDOW,15m-0006560,hyperliquid/okx,20,2026-07-15 14:30:00+00:00,2026-07-15 21:00:00+00:00,hyperliquid,okx,26.870129210815662,-17.534250782279997,7,1,9.335878428535665,native_15m_trade_close_plus_real_settlements,-10.664121571464335,-30.664121571464335,-70.66412157146434
PRICE_FUNDING_15M_GLOBAL_WINDOW,15m-0006561,hyperliquid/okx,20,2026-07-15 23:00:00+00:00,2026-07-16 02:45:00+00:00,hyperliquid,okx,23.102300341456388,3.6238315695649996,4,1,26.726131911021387,native_15m_trade_close_plus_real_settlements,6.726131911021387,-13.273868088978613,-53.27386808897862
PRICE_FUNDING_15M_GLOBAL_WINDOW,15m-0006562,hyperliquid/okx,20,2026-07-16 03:00:00+00:00,2026-07-16 03:45:00+00:00,hyperliquid,okx,18.560711911037725,-1.148758,1,0,17.411953911037724,native_15m_trade_close_plus_real_settlements,-2.588046088962276,-22.588046088962276,-62.58804608896227
PRICE_FUNDING_15M_GLOBAL_WINDOW,15m-0006563,hyperliquid/okx,20,2026-07-16 04:00:00+00:00,2026-07-16 04:30:00+00:00,hyperliquid,okx,10.839268594290449,-0.160117,1,0,10.679151594290449,native_15m_trade_close_plus_real_settlements,-9.320848405709551,-29.32084840570955,-69.32084840570955
PRICE_FUNDING_15M_GLOBAL_WINDOW,15m-0006564,hyperliquid/okx,20,2026-07-16 06:00:00+00:00,2026-07-16 06:15:00+00:00,hyperliquid,okx,12.381879221346752,-0.717835,1,0,11.664044221346753,native_15m_trade_close_plus_real_settlements,-8.335955778653247,-28.335955778653247,-68.33595577865324
PRICE_FUNDING_15M_GLOBAL_WINDOW,15m-0006565,hyperliquid/okx,20,2026-07-16 10:00:00+00:00,2026-07-16 12:30:00+00:00,hyperliquid,okx,17.11357698261892,0.3864299999999999,3,0,17.50000698261892,native_15m_trade_close_plus_real_settlements,-2.4999930173810796,-22.49999301738108,-62.49999301738108
PRICE_FUNDING_15M_GLOBAL_WINDOW,15m-0006566,hyperliquid/okx,20,2026-07-16 13:00:00+00:00,2026-07-16 14:15:00+00:00,hyperliquid,okx,18.610361871813588,2.2828209999999998,2,0,20.893182871813586,native_15m_trade_close_plus_real_settlements,0.8931828718135861,-19.106817128186414,-59.106817128186414
PRICE_FUNDING_15M_GLOBAL_WINDOW,15m-0006567,hyperliquid/okx,20,2026-07-16 14:45:00+00:00,2026-07-17 00:45:00+00:00,hyperliquid,okx,34.97354017877829,4.767795595861,10,2,39.741335774639296,native_15m_trade_close_plus_real_settlements,19.741335774639296,-0.2586642253607039,-40.258664225360704
PRICE_FUNDING_15M_GLOBAL_WINDOW,15m-0006568,hyperliquid/okx,20,2026-07-17 01:00:00+00:00,2026-07-17 13:45:00+00:00,hyperliquid,okx,40.96909194655468,-5.36826085432,13,1,35.60083109223468,native_15m_trade_close_plus_real_settlements,15.600831092234678,-4.399168907765322,-44.39916890776532
PRICE_FUNDING_15M_GLOBAL_WINDOW,15m-0006569,hyperliquid/okx,20,2026-07-17 14:00:00+00:00,2026-07-17 14:15:00+00:00,hyperliquid,okx,4.386610904966437,1.237441,1,0,5.6240519049664375,native_15m_trade_close_plus_real_settlements,-14.375948095033563,-34.375948095033564,-74.37594809503356
PRICE_FUNDING_15M_GLOBAL_WINDOW,15m-0006570,hyperliquid/okx,20,2026-07-17 14:45:00+00:00,2026-07-17 15:00:00+00:00,hyperliquid,okx,24.65388455155461,-7.559539000000001,1,0,17.09434555155461,native_15m_trade_close_plus_real_settlements,-2.9056544484453894,-22.90565444844539,-62.90565444844539
PRICE_FUNDING_15M_GLOBAL_WINDOW,15m-0006571,hyperliquid/okx,20,2026-07-17 21:45:00+00:00,2026-07-18 00:00:00+00:00,hyperliquid,okx,21.951615338021114,-8.872759213551,3,1,13.078856124470114,native_15m_trade_close_plus_real_settlements,-6.921143875529886,-26.921143875529886,-66.92114387552988
PRICE_FUNDING_15M_GLOBAL_WINDOW,15m-0006572,hyperliquid/okx,20,2026-07-18 23:00:00+00:00,2026-07-18 23:15:00+00:00,hyperliquid,okx,2.4001944040360854,-0.17763199999999998,1,0,2.2225624040360854,native_15m_trade_close_plus_real_settlements,-17.777437595963914,-37.77743759596392,-77.77743759596392
PRICE_FUNDING_15M_GLOBAL_WINDOW,15m-0006573,hyperliquid/okx,20,2026-07-19 04:15:00+00:00,2026-07-19 04:30:00+00:00,hyperliquid,okx,6.423573388347279,0.0,0,0,6.423573388347279,native_15m_trade_close_plus_real_settlements,-13.576426611652721,-33.57642661165272,-73.57642661165272
PRICE_FUNDING_15M_GLOBAL_WINDOW,15m-0006574,hyperliquid/okx,20,2026-07-19 08:45:00+00:00,2026-07-19 09:00:00+00:00,hyperliquid,okx,6.414942827982333,-2.5677410000000003,1,0,3.847201827982333,native_15m_trade_close_plus_real_settlements,-16.15279817201767,-36.15279817201767,-76.15279817201767
PRICE_FUNDING_15M_GLOBAL_WINDOW,15m-0006575,hyperliquid/okx,20,2026-07-19 10:00:00+00:00,2026-07-19 10:15:00+00:00,hyperliquid,okx,8.305410420561495,0.19466,1,0,8.500070420561496,native_15m_trade_close_plus_real_settlements,-11.499929579438504,-31.499929579438504,-71.4999295794385
PRICE_FUNDING_15M_GLOBAL_WINDOW,15m-0006576,hyperliquid/okx,20,2026-07-19 13:00:00+00:00,2026-07-19 13:15:00+00:00,hyperliquid,okx,7.735916577657381,-0.0625,1,0,7.673416577657381,native_15m_trade_close_plus_real_settlements,-12.326583422342619,-32.32658342234262,-72.32658342234262
PRICE_FUNDING_15M_GLOBAL_WINDOW,15m-0006577,hyperliquid/okx,20,2026-07-19 14:15:00+00:00,2026-07-19 14:30:00+00:00,hyperliquid,okx,8.472908010604124,0.0,0,0,8.472908010604124,native_15m_trade_close_plus_real_settlements,-11.527091989395876,-31.527091989395878,-71.52709198939587
PRICE_FUNDING_15M_GLOBAL_WINDOW,15m-0006578,hyperliquid/okx,20,2026-07-19 15:30:00+00:00,2026-07-19 15:45:00+00:00,hyperliquid,okx,5.134840417546673,0.0,0,0,5.134840417546673,native_15m_trade_close_plus_real_settlements,-14.865159582453327,-34.86515958245333,-74.86515958245333
PRICE_FUNDING_15M_GLOBAL_WINDOW,15m-0006579,hyperliquid/okx,20,2026-07-19 17:00:00+00:00,2026-07-19 23:15:00+00:00,hyperliquid,okx,33.9711465233287,-2.619849,7,0,31.3512975233287,native_15m_trade_close_plus_real_settlements,11.3512975233287,-8.6487024766713,-48.6487024766713
PRICE_FUNDING_15M_GLOBAL_WINDOW,15m-0006580,hyperliquid/okx,20,2026-07-19 23:45:00+00:00,2026-07-20 00:00:00+00:00,hyperliquid,okx,30.292774953475583,8.307113466155,1,1,38.59988841963058,native_15m_trade_close_plus_real_settlements,18.59988841963058,-1.400111580369419,-41.40011158036942
PRICE_FUNDING_15M_GLOBAL_WINDOW,15m-0006581,hyperliquid/okx,20,2026-07-20 01:30:00+00:00,2026-07-20 01:45:00+00:00,hyperliquid,okx,16.33437834324117,0.0,0,0,16.33437834324117,native_15m_trade_close_plus_real_settlements,-3.6656216567588302,-23.66562165675883,-63.66562165675883
PRICE_FUNDING_15M_GLOBAL_WINDOW,15m-0006582,hyperliquid/okx,20,2026-07-20 06:15:00+00:00,2026-07-20 06:45:00+00:00,hyperliquid,okx,14.991077173605461,0.0,0,0,14.991077173605461,native_15m_trade_close_plus_real_settlements,-5.008922826394539,-25.00892282639454,-65.00892282639454
PRICE_FUNDING_15M_GLOBAL_WINDOW,15m-0006583,hyperliquid/okx,20,2026-07-20 07:30:00+00:00,2026-07-20 07:45:00+00:00,hyperliquid,okx,2.5925212124924855,0.0,0,0,2.5925212124924855,native_15m_trade_close_plus_real_settlements,-17.407478787507515,-37.407478787507515,-77.40747878750751
PRICE_FUNDING_15M_GLOBAL_WINDOW,15m-0006584,hyperliquid/okx,20,2026-07-20 15:45:00+00:00,2026-07-20 16:00:00+00:00,hyperliquid,okx,6.284421635240019,-10.026433658833,1,1,-3.742012023592981,native_15m_trade_close_plus_real_settlements,-23.74201202359298,-43.74201202359298,-83.74201202359298
PRICE_FUNDING_15M_GLOBAL_WINDOW,15m-0006585,hyperliquid/okx,20,2026-07-20 21:00:00+00:00,2026-07-20 21:15:00+00:00,hyperliquid,okx,3.4440184833787484,1.3341960000000002,1,0,4.778214483378749,native_15m_trade_close_plus_real_settlements,-15.221785516621251,-35.22178551662125,-75.22178551662125
PRICE_FUNDING_15M_GLOBAL_WINDOW,15m-0006586,hyperliquid/okx,20,2026-07-20 23:00:00+00:00,2026-07-20 23:15:00+00:00,hyperliquid,okx,6.471219689606574,-1.237952,1,0,5.233267689606574,native_15m_trade_close_plus_real_settlements,-14.766732310393426,-34.76673231039342,-74.76673231039342
PRICE_FUNDING_15M_GLOBAL_WINDOW,15m-0006587,hyperliquid/okx,20,2026-07-20 23:45:00+00:00,2026-07-21 00:15:00+00:00,hyperliquid,okx,12.899183112686607,-1.142159,1,1,11.757024112686608,native_15m_trade_close_plus_real_settlements,-8.242975887313392,-28.242975887313392,-68.24297588731339
PRICE_FUNDING_15M_GLOBAL_WINDOW,15m-0006588,hyperliquid/okx,20,2026-07-21 00:30:00+00:00,2026-07-21 02:15:00+00:00,hyperliquid,okx,35.68256990214944,-0.941028,2,0,34.741541902149436,native_15m_trade_close_plus_real_settlements,14.741541902149436,-5.258458097850564,-45.258458097850564
PRICE_FUNDING_15M_GLOBAL_WINDOW,15m-0006589,hyperliquid/okx,20,2026-07-21 07:45:00+00:00,2026-07-21 08:45:00+00:00,hyperliquid,okx,16.227193662243636,6.809323497861,1,1,23.036517160104637,native_15m_trade_close_plus_real_settlements,3.036517160104637,-16.963482839895363,-56.96348283989536
PRICE_FUNDING_15M_GLOBAL_WINDOW,15m-0006590,hyperliquid/okx,20,2026-07-21 13:15:00+00:00,2026-07-21 13:30:00+00:00,hyperliquid,okx,15.081623240550176,0.0,0,0,15.081623240550176,native_15m_trade_close_plus_real_settlements,-4.918376759449824,-24.918376759449824,-64.91837675944983
PRICE_FUNDING_15M_GLOBAL_WINDOW,15m-0006591,hyperliquid/okx,20,2026-07-21 16:45:00+00:00,2026-07-21 17:00:00+00:00,hyperliquid,okx,4.629202918585818,-2.477315,1,0,2.1518879185858184,native_15m_trade_close_plus_real_settlements,-17.848112081414182,-37.84811208141418,-77.84811208141419
PRICE_FUNDING_15M_GLOBAL_WINDOW,15m-0006592,hyperliquid/okx,20,2026-07-21 17:15:00+00:00,2026-07-21 18:00:00+00:00,hyperliquid,okx,14.261324960401947,-2.2392469999999998,1,0,12.022077960401948,native_15m_trade_close_plus_real_settlements,-7.977922039598052,-27.977922039598052,-67.97792203959806
PRICE_FUNDING_15M_GLOBAL_WINDOW,15m-0006593,hyperliquid/okx,20,2026-07-21 18:15:00+00:00,2026-07-21 19:00:00+00:00,hyperliquid,okx,10.92114148390911,-0.489291,1,0,10.43185048390911,native_15m_trade_close_plus_real_settlements,-9.56814951609089,-29.56814951609089,-69.56814951609088
PRICE_FUNDING_15M_GLOBAL_WINDOW,15m-0006594,hyperliquid/okx,20,2026-07-22 05:15:00+00:00,2026-07-22 09:15:00+00:00,hyperliquid,okx,17.458803704431922,6.825888241871,4,1,24.28469194630292,native_15m_trade_close_plus_real_settlements,4.284691946302921,-15.715308053697079,-55.71530805369708
PRICE_FUNDING_15M_GLOBAL_WINDOW,15m-0006595,hyperliquid/okx,20,2026-07-22 09:45:00+00:00,2026-07-22 10:15:00+00:00,hyperliquid,okx,7.534706453854902,-0.6685220000000001,1,0,6.866184453854902,native_15m_trade_close_plus_real_settlements,-13.133815546145097,-33.1338155461451,-73.1338155461451
PRICE_FUNDING_15M_GLOBAL_WINDOW,15m-0006596,hyperliquid/okx,20,2026-07-22 10:30:00+00:00,2026-07-22 11:45:00+00:00,hyperliquid,okx,11.08010970877136,-1.5643,1,0,9.51580970877136,native_15m_trade_close_plus_real_settlements,-10.48419029122864,-30.48419029122864,-70.48419029122864
PRICE_FUNDING_15M_GLOBAL_WINDOW,15m-0006597,hyperliquid/okx,20,2026-07-22 12:00:00+00:00,2026-07-22 12:30:00+00:00,hyperliquid,okx,5.0097261574832075,0.20465299999999997,1,0,5.214379157483208,native_15m_trade_close_plus_real_settlements,-14.785620842516792,-34.78562084251679,-74.78562084251679
PRICE_FUNDING_15M_GLOBAL_WINDOW,15m-0006598,hyperliquid/okx,20,2026-07-22 12:45:00+00:00,2026-07-22 13:00:00+00:00,hyperliquid,okx,8.19583241841689,0.89015,1,0,9.08598241841689,native_15m_trade_close_plus_real_settlements,-10.91401758158311,-30.91401758158311,-70.91401758158311
PRICE_FUNDING_15M_GLOBAL_WINDOW,15m-0006599,hyperliquid/okx,20,2026-07-22 16:00:00+00:00,2026-07-22 16:45:00+00:00,hyperliquid,okx,5.081620336941423,-1.717476,1,0,3.3641443369414232,native_15m_trade_close_plus_real_settlements,-16.635855663058578,-36.63585566305858,-76.63585566305858
PRICE_FUNDING_15M_GLOBAL_WINDOW,15m-0006600,hyperliquid/okx,20,2026-07-22 17:00:00+00:00,2026-07-22 17:15:00+00:00,hyperliquid,okx,0.9682723001772402,-1.1903430000000002,1,0,-0.22207069982275995,native_15m_trade_close_plus_real_settlements,-20.22207069982276,-40.22207069982276,-80.22207069982277
PRICE_FUNDING_15M_GLOBAL_WINDOW,15m-0006601,hyperliquid/okx,20,2026-07-22 20:15:00+00:00,2026-07-22 21:00:00+00:00,hyperliquid,okx,25.237649698272484,-4.16244,1,0,21.075209698272484,native_15m_trade_close_plus_real_settlements,1.0752096982724844,-18.924790301727516,-58.92479030172751
PRICE_FUNDING_15M_GLOBAL_WINDOW,15m-0006602,hyperliquid/okx,20,2026-07-22 23:00:00+00:00,2026-07-22 23:45:00+00:00,hyperliquid,okx,14.841966145617636,2.8424180000000003,1,0,17.684384145617635,native_15m_trade_close_plus_real_settlements,-2.315615854382365,-22.315615854382365,-62.315615854382365
PRICE_FUNDING_15M_GLOBAL_WINDOW,15m-0006919,hyperliquid/okx,50,2026-06-10 11:15:00+00:00,2026-06-10 12:00:00+00:00,hyperliquid,okx,37.451658629973785,-0.106326,1,0,37.34533262997378,native_15m_trade_close_plus_real_settlements,17.345332629973782,-2.6546673700262176,-42.65466737002622
PRICE_FUNDING_15M_GLOBAL_WINDOW,15m-0006920,hyperliquid/okx,50,2026-06-10 12:30:00+00:00,2026-06-10 12:45:00+00:00,hyperliquid,okx,17.55618211607967,0.0,0,0,17.55618211607967,native_15m_trade_close_plus_real_settlements,-2.4438178839203317,-22.44381788392033,-62.44381788392033
PRICE_FUNDING_15M_GLOBAL_WINDOW,15m-0006921,hyperliquid/okx,50,2026-06-10 13:30:00+00:00,2026-06-10 13:45:00+00:00,hyperliquid,okx,18.25470008923581,0.0,0,0,18.25470008923581,native_15m_trade_close_plus_real_settlements,-1.7452999107641887,-21.74529991076419,-61.74529991076419
PRICE_FUNDING_15M_GLOBAL_WINDOW,15m-0006922,hyperliquid/okx,50,2026-06-10 14:45:00+00:00,2026-06-10 15:00:00+00:00,hyperliquid,okx,8.160264515744437,-3.385447,1,0,4.774817515744437,native_15m_trade_close_plus_real_settlements,-15.225182484255562,-35.22518248425556,-75.22518248425557
PRICE_FUNDING_15M_GLOBAL_WINDOW,15m-0006923,hyperliquid/okx,50,2026-06-10 21:30:00+00:00,2026-06-10 21:45:00+00:00,hyperliquid,okx,11.915327997653321,0.0,0,0,11.915327997653321,native_15m_trade_close_plus_real_settlements,-8.084672002346679,-28.08467200234668,-68.08467200234668
PRICE_FUNDING_15M_GLOBAL_WINDOW,15m-0006924,hyperliquid/okx,50,2026-06-10 22:45:00+00:00,2026-06-11 00:15:00+00:00,hyperliquid,okx,54.557899912228066,0.31224599999999997,2,1,54.87014591222807,native_15m_trade_close_plus_real_settlements,34.87014591222807,14.870145912228068,-25.129854087771932
PRICE_FUNDING_15M_GLOBAL_WINDOW,15m-0006925,hyperliquid/okx,50,2026-06-11 00:30:00+00:00,2026-06-11 01:00:00+00:00,hyperliquid,okx,47.76871071689211,-1.368798,1,0,46.39991271689211,native_15m_trade_close_plus_real_settlements,26.39991271689211,6.399912716892111,-33.60008728310789
PRICE_FUNDING_15M_GLOBAL_WINDOW,15m-0006926,hyperliquid/okx,50,2026-06-11 01:45:00+00:00,2026-06-11 02:15:00+00:00,hyperliquid,okx,5.547442937593253,-0.656011,1,0,4.891431937593253,native_15m_trade_close_plus_real_settlements,-15.108568062406746,-35.108568062406746,-75.10856806240675
PRICE_FUNDING_15M_GLOBAL_WINDOW,15m-0006927,hyperliquid/okx,50,2026-06-11 03:00:00+00:00,2026-06-11 03:15:00+00:00,hyperliquid,okx,23.178019781351388,-1.387082,1,0,21.79093778135139,native_15m_trade_close_plus_real_settlements,1.7909377813513885,-18.20906221864861,-58.20906221864861
PRICE_FUNDING_15M_GLOBAL_WINDOW,15m-0006928,hyperliquid/okx,50,2026-06-11 13:15:00+00:00,2026-06-11 13:45:00+00:00,hyperliquid,okx,18.81070583360723,0.0,0,0,18.81070583360723,native_15m_trade_close_plus_real_settlements,-1.18929416639277,-21.18929416639277,-61.18929416639277
PRICE_FUNDING_15M_GLOBAL_WINDOW,15m-0006929,hyperliquid/okx,50,2026-06-11 16:45:00+00:00,2026-06-11 17:00:00+00:00,hyperliquid,okx,14.771708970036606,-2.404534,1,0,12.367174970036606,native_15m_trade_close_plus_real_settlements,-7.632825029963394,-27.632825029963392,-67.6328250299634
PRICE_FUNDING_15M_GLOBAL_WINDOW,15m-0006930,hyperliquid/okx,50,2026-06-12 00:00:00+00:00,2026-06-12 00:15:00+00:00,hyperliquid,okx,15.172923420246676,-2.5988930000000003,1,0,12.574030420246675,native_15m_trade_close_plus_real_settlements,-7.425969579753325,-27.425969579753325,-67.42596957975333
PRICE_FUNDING_15M_GLOBAL_WINDOW,15m-0006931,hyperliquid/okx,50,2026-06-12 00:30:00+00:00,2026-06-12 00:45:00+00:00,hyperliquid,okx,18.94625064515528,0.0,0,0,18.94625064515528,native_15m_trade_close_plus_real_settlements,-1.0537493548447188,-21.05374935484472,-61.05374935484472
PRICE_FUNDING_15M_GLOBAL_WINDOW,15m-0006932,hyperliquid/okx,50,2026-06-12 06:15:00+00:00,2026-06-12 07:45:00+00:00,hyperliquid,okx,37.30483326865124,-3.197305,1,0,34.10752826865124,native_15m_trade_close_plus_real_settlements,14.107528268651237,-5.892471731348763,-45.89247173134876
PRICE_FUNDING_15M_GLOBAL_WINDOW,15m-0006933,hyperliquid/okx,50,2026-06-12 08:00:00+00:00,2026-06-12 08:30:00+00:00,hyperliquid,okx,22.115053805104942,-1.758068,1,0,20.35698580510494,native_15m_trade_close_plus_real_settlements,0.3569858051049408,-19.64301419489506,-59.64301419489506
PRICE_FUNDING_15M_GLOBAL_WINDOW,15m-0006934,hyperliquid/okx,50,2026-06-12 09:15:00+00:00,2026-06-12 09:30:00+00:00,hyperliquid,okx,23.173693219215878,0.0,0,0,23.173693219215878,native_15m_trade_close_plus_real_settlements,3.1736932192158775,-16.826306780784122,-56.82630678078412
PRICE_FUNDING_15M_GLOBAL_WINDOW,15m-0006935,hyperliquid/okx,50,2026-06-13 00:45:00+00:00,2026-06-13 01:00:00+00:00,hyperliquid,okx,6.177448519571222,0.37814400000000004,1,0,6.5555925195712215,native_15m_trade_close_plus_real_settlements,-13.44440748042878,-33.44440748042878,-73.44440748042878
PRICE_FUNDING_15M_GLOBAL_WINDOW,15m-0006936,hyperliquid/okx,50,2026-06-13 02:15:00+00:00,2026-06-13 02:30:00+00:00,hyperliquid,okx,19.12184993306696,0.0,0,0,19.12184993306696,native_15m_trade_close_plus_real_settlements,-0.8781500669330384,-20.87815006693304,-60.87815006693304
PRICE_FUNDING_15M_GLOBAL_WINDOW,15m-0006937,hyperliquid/okx,50,2026-06-13 03:30:00+00:00,2026-06-13 03:45:00+00:00,hyperliquid,okx,3.4643653304150277,0.0,0,0,3.4643653304150277,native_15m_trade_close_plus_real_settlements,-16.535634669584972,-36.53563466958497,-76.53563466958497
PRICE_FUNDING_15M_GLOBAL_WINDOW,15m-0006938,hyperliquid/okx,50,2026-06-13 15:45:00+00:00,2026-06-13 16:00:00+00:00,hyperliquid,okx,18.19778539837282,4.9539691321129995,1,1,23.151754530485817,native_15m_trade_close_plus_real_settlements,3.1517545304858174,-16.848245469514183,-56.84824546951418
PRICE_FUNDING_15M_GLOBAL_WINDOW,15m-0006939,hyperliquid/okx,50,2026-06-14 02:00:00+00:00,2026-06-14 02:15:00+00:00,hyperliquid,okx,18.443788460958835,-1.931832,1,0,16.511956460958835,native_15m_trade_close_plus_real_settlements,-3.488043539041165,-23.488043539041165,-63.488043539041165
PRICE_FUNDING_15M_GLOBAL_WINDOW,15m-0006940,hyperliquid/okx,50,2026-06-14 06:15:00+00:00,2026-06-14 06:30:00+00:00,hyperliquid,okx,4.455600504968359,0.0,0,0,4.455600504968359,native_15m_trade_close_plus_real_settlements,-15.54439949503164,-35.54439949503164,-75.54439949503164
PRICE_FUNDING_15M_GLOBAL_WINDOW,15m-0006941,hyperliquid/okx,50,2026-06-14 08:15:00+00:00,2026-06-14 08:30:00+00:00,hyperliquid,okx,9.97035923859356,0.0,0,0,9.97035923859356,native_15m_trade_close_plus_real_settlements,-10.02964076140644,-30.02964076140644,-70.02964076140644
PRICE_FUNDING_15M_GLOBAL_WINDOW,15m-0006942,hyperliquid/okx,50,2026-06-14 23:15:00+00:00,2026-06-15 00:15:00+00:00,hyperliquid,okx,29.200367018992175,33.05014788166701,1,1,62.250514900659184,native_15m_trade_close_plus_real_settlements,42.250514900659184,22.250514900659184,-17.749485099340816
PRICE_FUNDING_15M_GLOBAL_WINDOW,15m-0006943,hyperliquid/okx,50,2026-06-15 00:30:00+00:00,2026-06-15 00:45:00+00:00,hyperliquid,okx,7.850624420112915,0.0,0,0,7.850624420112915,native_15m_trade_close_plus_real_settlements,-12.149375579887085,-32.149375579887085,-72.14937557988708
PRICE_FUNDING_15M_GLOBAL_WINDOW,15m-0006944,hyperliquid/okx,50,2026-06-16 20:30:00+00:00,2026-06-16 20:45:00+00:00,hyperliquid,okx,28.814385132631426,0.0,0,0,28.814385132631426,native_15m_trade_close_plus_real_settlements,8.814385132631426,-11.185614867368574,-51.18561486736857
PRICE_FUNDING_15M_GLOBAL_WINDOW,15m-0006945,hyperliquid/okx,50,2026-06-17 06:15:00+00:00,2026-06-17 06:30:00+00:00,hyperliquid,okx,47.3997136408868,0.0,0,0,47.3997136408868,native_15m_trade_close_plus_real_settlements,27.3997136408868,7.399713640886802,-32.6002863591132
PRICE_FUNDING_15M_GLOBAL_WINDOW,15m-0006946,hyperliquid/okx,50,2026-06-17 13:30:00+00:00,2026-06-17 14:00:00+00:00,hyperliquid,okx,20.132933310687008,-0.099137,1,0,20.03379631068701,native_15m_trade_close_plus_real_settlements,0.03379631068700917,-19.96620368931299,-59.96620368931299
PRICE_FUNDING_15M_GLOBAL_WINDOW,15m-0006947,hyperliquid/okx,50,2026-06-17 20:45:00+00:00,2026-06-17 21:15:00+00:00,hyperliquid,okx,7.862771612392407,1.884962,1,0,9.747733612392407,native_15m_trade_close_plus_real_settlements,-10.252266387607593,-30.25226638760759,-70.25226638760759
PRICE_FUNDING_15M_GLOBAL_WINDOW,15m-0006948,hyperliquid/okx,50,2026-06-17 21:45:00+00:00,2026-06-17 22:00:00+00:00,hyperliquid,okx,31.419083380921087,-1.286933,1,0,30.132150380921086,native_15m_trade_close_plus_real_settlements,10.132150380921086,-9.867849619078914,-49.86784961907891
PRICE_FUNDING_15M_GLOBAL_WINDOW,15m-0006949,hyperliquid/okx,50,2026-06-17 22:15:00+00:00,2026-06-17 22:30:00+00:00,hyperliquid,okx,4.918226866119497,0.0,0,0,4.918226866119497,native_15m_trade_close_plus_real_settlements,-15.081773133880503,-35.0817731338805,-75.0817731338805
PRICE_FUNDING_15M_GLOBAL_WINDOW,15m-0006950,hyperliquid/okx,50,2026-06-17 22:45:00+00:00,2026-06-17 23:00:00+00:00,hyperliquid,okx,24.35510875399711,-0.32476299999999997,1,0,24.03034575399711,native_15m_trade_close_plus_real_settlements,4.030345753997111,-15.96965424600289,-55.96965424600289
PRICE_FUNDING_15M_GLOBAL_WINDOW,15m-0006951,hyperliquid/okx,50,2026-06-18 00:00:00+00:00,2026-06-18 01:30:00+00:00,hyperliquid,okx,22.59764741097417,-4.023912,2,0,18.57373541097417,native_15m_trade_close_plus_real_settlements,-1.4262645890258305,-21.42626458902583,-61.426264589025834
PRICE_FUNDING_15M_GLOBAL_WINDOW,15m-0006952,hyperliquid/okx,50,2026-06-18 08:45:00+00:00,2026-06-18 09:00:00+00:00,hyperliquid,okx,14.604284518032856,-1.960232,1,0,12.644052518032856,native_15m_trade_close_plus_real_settlements,-7.355947481967144,-27.355947481967142,-67.35594748196715
PRICE_FUNDING_15M_GLOBAL_WINDOW,15m-0006953,hyperliquid/okx,50,2026-06-18 20:15:00+00:00,2026-06-18 20:30:00+00:00,hyperliquid,okx,7.131780221891013,0.0,0,0,7.131780221891013,native_15m_trade_close_plus_real_settlements,-12.868219778108987,-32.86821977810899,-72.868219778109
PRICE_FUNDING_15M_GLOBAL_WINDOW,15m-0006954,hyperliquid/okx,50,2026-06-18 21:45:00+00:00,2026-06-18 22:15:00+00:00,hyperliquid,okx,12.156768622062657,-1.127928,1,0,11.028840622062656,native_15m_trade_close_plus_real_settlements,-8.971159377937344,-28.971159377937344,-68.97115937793734
PRICE_FUNDING_15M_GLOBAL_WINDOW,15m-0006955,hyperliquid/okx,50,2026-06-19 00:15:00+00:00,2026-06-19 00:30:00+00:00,hyperliquid,okx,10.186205301938266,0.0,0,0,10.186205301938266,native_15m_trade_close_plus_real_settlements,-9.813794698061734,-29.813794698061734,-69.81379469806174
PRICE_FUNDING_15M_GLOBAL_WINDOW,15m-0006956,hyperliquid/okx,50,2026-06-19 01:45:00+00:00,2026-06-19 02:00:00+00:00,hyperliquid,okx,2.7092407499092843,-2.204212,1,0,0.5050287499092843,native_15m_trade_close_plus_real_settlements,-19.494971250090714,-39.494971250090714,-79.49497125009071
PRICE_FUNDING_15M_GLOBAL_WINDOW,15m-0006957,hyperliquid/okx,50,2026-06-19 03:15:00+00:00,2026-06-19 03:30:00+00:00,hyperliquid,okx,29.731713887872836,0.0,0,0,29.731713887872836,native_15m_trade_close_plus_real_settlements,9.731713887872836,-10.268286112127164,-50.268286112127164
PRICE_FUNDING_15M_GLOBAL_WINDOW,15m-0006958,hyperliquid/okx,50,2026-06-19 04:00:00+00:00,2026-06-19 04:15:00+00:00,hyperliquid,okx,28.165176134874727,-2.19475,1,0,25.970426134874728,native_15m_trade_close_plus_real_settlements,5.970426134874728,-14.029573865125272,-54.02957386512527
PRICE_FUNDING_15M_GLOBAL_WINDOW,15m-0006959,hyperliquid/okx,50,2026-06-19 08:00:00+00:00,2026-06-19 08:15:00+00:00,hyperliquid,okx,21.771122870107764,3.8805810000000003,1,0,25.651703870107763,native_15m_trade_close_plus_real_settlements,5.651703870107763,-14.348296129892237,-54.34829612989223
PRICE_FUNDING_15M_GLOBAL_WINDOW,15m-0006960,hyperliquid/okx,50,2026-06-19 09:00:00+00:00,2026-06-19 09:45:00+00:00,hyperliquid,okx,9.95111153853209,0.507178,1,0,10.458289538532089,native_15m_trade_close_plus_real_settlements,-9.541710461467911,-29.54171046146791,-69.54171046146791
PRICE_FUNDING_15M_GLOBAL_WINDOW,15m-0006961,hyperliquid/okx,50,2026-06-19 16:45:00+00:00,2026-06-19 20:15:00+00:00,hyperliquid,okx,27.266285866790263,2.0058510000000003,4,0,29.272136866790262,native_15m_trade_close_plus_real_settlements,9.272136866790262,-10.727863133209738,-50.72786313320974
PRICE_FUNDING_15M_GLOBAL_WINDOW,15m-0006962,hyperliquid/okx,50,2026-06-19 20:30:00+00:00,2026-06-19 21:45:00+00:00,hyperliquid,okx,23.19598551962578,-0.133348,1,0,23.062637519625778,native_15m_trade_close_plus_real_settlements,3.0626375196257776,-16.937362480374222,-56.93736248037422
PRICE_FUNDING_15M_GLOBAL_WINDOW,15m-0006963,hyperliquid/okx,50,2026-06-19 22:00:00+00:00,2026-06-19 22:15:00+00:00,hyperliquid,okx,11.089123228270225,-0.0625,1,0,11.026623228270225,native_15m_trade_close_plus_real_settlements,-8.973376771729775,-28.973376771729775,-68.97337677172978
PRICE_FUNDING_15M_GLOBAL_WINDOW,15m-0006964,hyperliquid/okx,50,2026-06-20 10:00:00+00:00,2026-06-20 10:15:00+00:00,hyperliquid,okx,17.09905013983262,-0.0625,1,0,17.03655013983262,native_15m_trade_close_plus_real_settlements,-2.9634498601673798,-22.96344986016738,-62.96344986016738
PRICE_FUNDING_15M_GLOBAL_WINDOW,15m-0006965,hyperliquid/okx,50,2026-06-20 12:30:00+00:00,2026-06-20 12:45:00+00:00,hyperliquid,okx,13.36643444250943,0.0,0,0,13.36643444250943,native_15m_trade_close_plus_real_settlements,-6.63356555749057,-26.63356555749057,-66.63356555749057
PRICE_FUNDING_15M_GLOBAL_WINDOW,15m-0006966,hyperliquid/okx,50,2026-06-20 15:30:00+00:00,2026-06-20 15:45:00+00:00,hyperliquid,okx,24.19424516496408,0.0,0,0,24.19424516496408,native_15m_trade_close_plus_real_settlements,4.19424516496408,-15.80575483503592,-55.80575483503592
PRICE_FUNDING_15M_GLOBAL_WINDOW,15m-0006967,hyperliquid/okx,50,2026-06-20 16:00:00+00:00,2026-06-20 16:15:00+00:00,hyperliquid,okx,11.342860451054548,-1.485125,1,0,9.857735451054548,native_15m_trade_close_plus_real_settlements,-10.142264548945452,-30.14226454894545,-70.14226454894545
PRICE_FUNDING_15M_GLOBAL_WINDOW,15m-0006968,hyperliquid/okx,50,2026-06-20 17:30:00+00:00,2026-06-20 18:15:00+00:00,hyperliquid,okx,11.077272369304453,-0.277234,1,0,10.800038369304453,native_15m_trade_close_plus_real_settlements,-9.199961630695547,-29.199961630695547,-69.19996163069555
PRICE_FUNDING_15M_GLOBAL_WINDOW,15m-0006969,hyperliquid/okx,50,2026-06-20 18:30:00+00:00,2026-06-20 18:45:00+00:00,hyperliquid,okx,14.374194975324066,0.0,0,0,14.374194975324066,native_15m_trade_close_plus_real_settlements,-5.625805024675934,-25.625805024675934,-65.62580502467594
PRICE_FUNDING_15M_GLOBAL_WINDOW,15m-0006970,hyperliquid/okx,50,2026-06-20 23:30:00+00:00,2026-06-20 23:45:00+00:00,hyperliquid,okx,7.096043557559845,0.0,0,0,7.096043557559845,native_15m_trade_close_plus_real_settlements,-12.903956442440155,-32.903956442440155,-72.90395644244015
PRICE_FUNDING_15M_GLOBAL_WINDOW,15m-0006971,hyperliquid/okx,50,2026-06-21 00:00:00+00:00,2026-06-21 00:30:00+00:00,hyperliquid,okx,12.095997538138597,-0.32179399999999997,1,0,11.774203538138597,native_15m_trade_close_plus_real_settlements,-8.225796461861403,-28.225796461861403,-68.2257964618614
PRICE_FUNDING_15M_GLOBAL_WINDOW,15m-0006972,hyperliquid/okx,50,2026-06-21 01:15:00+00:00,2026-06-21 04:45:00+00:00,hyperliquid,okx,16.434324112397213,-0.581779,3,0,15.852545112397213,native_15m_trade_close_plus_real_settlements,-4.1474548876027875,-24.147454887602787,-64.14745488760279
PRICE_FUNDING_15M_GLOBAL_WINDOW,15m-0006973,hyperliquid/okx,50,2026-06-21 08:15:00+00:00,2026-06-21 08:30:00+00:00,hyperliquid,okx,25.037889348850115,0.0,0,0,25.037889348850115,native_15m_trade_close_plus_real_settlements,5.037889348850115,-14.962110651149885,-54.962110651149885
PRICE_FUNDING_15M_GLOBAL_WINDOW,15m-0006974,hyperliquid/okx,50,2026-06-21 08:45:00+00:00,2026-06-21 09:30:00+00:00,hyperliquid,okx,15.349470780300315,-0.648941,1,0,14.700529780300315,native_15m_trade_close_plus_real_settlements,-5.2994702196996855,-25.299470219699685,-65.29947021969969
PRICE_FUNDING_15M_GLOBAL_WINDOW,15m-0006975,hyperliquid/okx,50,2026-06-21 10:30:00+00:00,2026-06-21 13:30:00+00:00,hyperliquid,okx,33.989667038250396,0.653968,3,0,34.643635038250395,native_15m_trade_close_plus_real_settlements,14.643635038250395,-5.356364961749605,-45.356364961749605
PRICE_FUNDING_15M_GLOBAL_WINDOW,15m-0006976,hyperliquid/okx,50,2026-06-21 14:00:00+00:00,2026-06-21 15:30:00+00:00,hyperliquid,okx,21.83273404055941,2.477862,2,0,24.31059604055941,native_15m_trade_close_plus_real_settlements,4.31059604055941,-15.68940395944059,-55.68940395944059
PRICE_FUNDING_15M_GLOBAL_WINDOW,15m-0006977,hyperliquid/okx,50,2026-06-21 16:00:00+00:00,2026-06-21 17:00:00+00:00,hyperliquid,okx,13.432901898743772,-0.730023,2,0,12.702878898743773,native_15m_trade_close_plus_real_settlements,-7.297121101256227,-27.297121101256227,-67.29712110125622
PRICE_FUNDING_15M_GLOBAL_WINDOW,15m-0006978,hyperliquid/okx,50,2026-06-21 17:15:00+00:00,2026-06-21 19:15:00+00:00,hyperliquid,okx,15.547787618306472,-0.15326099999999998,2,0,15.394526618306472,native_15m_trade_close_plus_real_settlements,-4.605473381693528,-24.60547338169353,-64.60547338169353
PRICE_FUNDING_15M_GLOBAL_WINDOW,15m-0006979,hyperliquid/okx,50,2026-06-21 19:30:00+00:00,2026-06-21 20:00:00+00:00,hyperliquid,okx,11.32905526621824,-0.0625,1,0,11.26655526621824,native_15m_trade_close_plus_real_settlements,-8.73344473378176,-28.73344473378176,-68.73344473378177
PRICE_FUNDING_15M_GLOBAL_WINDOW,15m-0006980,hyperliquid/okx,50,2026-06-21 20:15:00+00:00,2026-06-21 21:30:00+00:00,hyperliquid,okx,16.1477298034168,0.033493,1,0,16.1812228034168,native_15m_trade_close_plus_real_settlements,-3.8187771965831985,-23.8187771965832,-63.8187771965832
PRICE_FUNDING_15M_GLOBAL_WINDOW,15m-0006981,hyperliquid/okx,50,2026-06-21 21:45:00+00:00,2026-06-22 02:00:00+00:00,hyperliquid,okx,54.058528762772895,0.6656839520740014,5,1,54.7242127148469,native_15m_trade_close_plus_real_settlements,34.7242127148469,14.7242127148469,-25.2757872851531
PRICE_FUNDING_15M_GLOBAL_WINDOW,15m-0006982,hyperliquid/okx,50,2026-06-22 23:45:00+00:00,2026-06-23 00:00:00+00:00,hyperliquid,okx,15.096762269522848,6.716053822087001,1,1,21.81281609160985,native_15m_trade_close_plus_real_settlements,1.8128160916098501,-18.18718390839015,-58.18718390839015
PRICE_FUNDING_15M_GLOBAL_WINDOW,15m-0006983,hyperliquid/okx,50,2026-06-23 00:15:00+00:00,2026-06-23 02:00:00+00:00,hyperliquid,okx,40.343798274341495,-7.788674,2,0,32.555124274341495,native_15m_trade_close_plus_real_settlements,12.555124274341495,-7.444875725658505,-47.444875725658505
PRICE_FUNDING_15M_GLOBAL_WINDOW,15m-0006984,hyperliquid/okx,50,2026-06-23 02:15:00+00:00,2026-06-23 02:30:00+00:00,hyperliquid,okx,16.96568962491039,0.0,0,0,16.96568962491039,native_15m_trade_close_plus_real_settlements,-3.0343103750896105,-23.03431037508961,-63.03431037508961
PRICE_FUNDING_15M_GLOBAL_WINDOW,15m-0006985,hyperliquid/okx,50,2026-06-23 05:15:00+00:00,2026-06-23 05:45:00+00:00,hyperliquid,okx,13.286290060096384,0.0,0,0,13.286290060096384,native_15m_trade_close_plus_real_settlements,-6.713709939903616,-26.713709939903616,-66.71370993990362
PRICE_FUNDING_15M_GLOBAL_WINDOW,15m-0006986,hyperliquid/okx,50,2026-06-23 08:00:00+00:00,2026-06-23 08:45:00+00:00,hyperliquid,okx,24.40377667318191,0.28172400000000003,1,0,24.68550067318191,native_15m_trade_close_plus_real_settlements,4.6855006731819095,-15.31449932681809,-55.314499326818094
PRICE_FUNDING_15M_GLOBAL_WINDOW,15m-0006987,hyperliquid/okx,50,2026-06-24 20:45:00+00:00,2026-06-24 21:00:00+00:00,hyperliquid,okx,40.24369691687932,-26.422378,1,0,13.821318916879324,native_15m_trade_close_plus_real_settlements,-6.178681083120676,-26.178681083120676,-66.17868108312068
PRICE_FUNDING_15M_GLOBAL_WINDOW,15m-0006988,hyperliquid/okx,50,2026-06-24 23:30:00+00:00,2026-06-25 00:00:00+00:00,okx,hyperliquid,43.703134426850546,-48.936007699901,1,1,-5.232873273050451,native_15m_trade_close_plus_real_settlements,-25.23287327305045,-45.23287327305045,-85.23287327305044
PRICE_FUNDING_15M_GLOBAL_WINDOW,15m-0006989,hyperliquid/okx,50,2026-06-25 05:15:00+00:00,2026-06-25 05:30:00+00:00,hyperliquid,okx,16.13599718844376,0.0,0,0,16.13599718844376,native_15m_trade_close_plus_real_settlements,-3.86400281155624,-23.86400281155624,-63.86400281155624
PRICE_FUNDING_15M_GLOBAL_WINDOW,15m-0006990,hyperliquid/okx,50,2026-06-28 09:15:00+00:00,2026-06-28 09:30:00+00:00,hyperliquid,okx,10.343573615764974,0.0,0,0,10.343573615764974,native_15m_trade_close_plus_real_settlements,-9.656426384235026,-29.656426384235026,-69.65642638423503
PRICE_FUNDING_15M_GLOBAL_WINDOW,15m-0006991,hyperliquid/okx,50,2026-06-28 16:00:00+00:00,2026-06-28 16:45:00+00:00,hyperliquid,okx,16.22178559390622,-0.0625,1,0,16.15928559390622,native_15m_trade_close_plus_real_settlements,-3.840714406093781,-23.84071440609378,-63.84071440609378
PRICE_FUNDING_15M_GLOBAL_WINDOW,15m-0006992,hyperliquid/okx,50,2026-06-28 23:00:00+00:00,2026-06-29 00:15:00+00:00,hyperliquid,okx,33.511929930947375,11.854958838117,2,1,45.366888769064374,native_15m_trade_close_plus_real_settlements,25.366888769064374,5.366888769064374,-34.633111230935626
PRICE_FUNDING_15M_GLOBAL_WINDOW,15m-0006993,hyperliquid/okx,50,2026-07-01 01:00:00+00:00,2026-07-01 02:30:00+00:00,hyperliquid,okx,49.960111371386105,-7.361683,2,0,42.598428371386106,native_15m_trade_close_plus_real_settlements,22.598428371386106,2.598428371386106,-37.401571628613894
PRICE_FUNDING_15M_GLOBAL_WINDOW,15m-0006994,hyperliquid/okx,50,2026-07-01 08:00:00+00:00,2026-07-01 08:15:00+00:00,hyperliquid,okx,1.1236823924554287,-0.399729,1,0,0.7239533924554287,native_15m_trade_close_plus_real_settlements,-19.276046607544572,-39.27604660754457,-79.27604660754457
PRICE_FUNDING_15M_GLOBAL_WINDOW,15m-0006995,hyperliquid/okx,50,2026-07-01 09:00:00+00:00,2026-07-01 10:15:00+00:00,hyperliquid,okx,18.566666472214827,-2.259985,2,0,16.306681472214827,native_15m_trade_close_plus_real_settlements,-3.6933185277851734,-23.693318527785173,-63.69331852778517
PRICE_FUNDING_15M_GLOBAL_WINDOW,15m-0006996,hyperliquid/okx,50,2026-07-01 13:15:00+00:00,2026-07-01 17:00:00+00:00,hyperliquid,okx,50.8915970067396,12.789695720972999,4,1,63.6812927277126,native_15m_trade_close_plus_real_settlements,43.6812927277126,23.681292727712602,-16.318707272287398
PRICE_FUNDING_15M_GLOBAL_WINDOW,15m-0006997,hyperliquid/okx,50,2026-07-02 00:15:00+00:00,2026-07-02 01:00:00+00:00,hyperliquid,okx,20.9928718798322,-3.0052399999999997,1,0,17.9876318798322,native_15m_trade_close_plus_real_settlements,-2.0123681201677996,-22.0123681201678,-62.0123681201678
PRICE_FUNDING_15M_GLOBAL_WINDOW,15m-0006998,hyperliquid/okx,50,2026-07-02 04:30:00+00:00,2026-07-02 04:45:00+00:00,hyperliquid,okx,10.700233937815355,0.0,0,0,10.700233937815355,native_15m_trade_close_plus_real_settlements,-9.299766062184645,-29.299766062184645,-69.29976606218464
PRICE_FUNDING_15M_GLOBAL_WINDOW,15m-0006999,hyperliquid/okx,50,2026-07-02 05:30:00+00:00,2026-07-02 06:45:00+00:00,hyperliquid,okx,76.9573579767279,-3.485586,1,0,73.47177197672791,native_15m_trade_close_plus_real_settlements,53.47177197672791,33.47177197672791,-6.528228023272092
PRICE_FUNDING_15M_GLOBAL_WINDOW,15m-0007000,hyperliquid/okx,50,2026-07-02 08:00:00+00:00,2026-07-02 08:45:00+00:00,hyperliquid,okx,25.602458804736145,-5.0140329999999995,1,0,20.588425804736147,native_15m_trade_close_plus_real_settlements,0.588425804736147,-19.411574195263853,-59.41157419526385
PRICE_FUNDING_15M_GLOBAL_WINDOW,15m-0007001,hyperliquid/okx,50,2026-07-02 09:15:00+00:00,2026-07-02 12:30:00+00:00,hyperliquid,okx,28.62785895543061,-8.904428000000001,3,0,19.723430955430608,native_15m_trade_close_plus_real_settlements,-0.276569044569392,-20.276569044569392,-60.27656904456939
PRICE_FUNDING_15M_GLOBAL_WINDOW,15m-0007002,hyperliquid/okx,50,2026-07-02 15:45:00+00:00,2026-07-02 16:30:00+00:00,hyperliquid,okx,25.86919109862604,-0.9384307920720002,1,1,24.93076030655404,native_15m_trade_close_plus_real_settlements,4.930760306554038,-15.069239693445962,-55.069239693445965
PRICE_FUNDING_15M_GLOBAL_WINDOW,15m-0007003,hyperliquid/okx,50,2026-07-02 16:45:00+00:00,2026-07-02 22:15:00+00:00,hyperliquid,okx,25.71665197087895,6.914712999999998,6,0,32.63136497087895,native_15m_trade_close_plus_real_settlements,12.631364970878948,-7.368635029121052,-47.36863502912105
PRICE_FUNDING_15M_GLOBAL_WINDOW,15m-0007004,hyperliquid/okx,50,2026-07-02 22:30:00+00:00,2026-07-02 23:15:00+00:00,hyperliquid,okx,16.027888613253403,0.964614,1,0,16.992502613253404,native_15m_trade_close_plus_real_settlements,-3.0074973867465964,-23.007497386746596,-63.00749738674659
PRICE_FUNDING_15M_GLOBAL_WINDOW,15m-0007005,hyperliquid/okx,50,2026-07-03 00:30:00+00:00,2026-07-03 01:15:00+00:00,hyperliquid,okx,38.987116229866025,-3.8521669999999997,1,0,35.134949229866024,native_15m_trade_close_plus_real_settlements,15.134949229866024,-4.865050770133976,-44.865050770133976
PRICE_FUNDING_15M_GLOBAL_WINDOW,15m-0007006,hyperliquid/okx,50,2026-07-07 01:15:00+00:00,2026-07-07 01:30:00+00:00,hyperliquid,okx,8.710474961239989,0.0,0,0,8.710474961239989,native_15m_trade_close_plus_real_settlements,-11.289525038760011,-31.28952503876001,-71.28952503876002
PRICE_FUNDING_15M_GLOBAL_WINDOW,15m-0007007,hyperliquid/okx,50,2026-07-07 02:15:00+00:00,2026-07-07 02:30:00+00:00,hyperliquid,okx,3.1471122127521483,0.0,0,0,3.1471122127521483,native_15m_trade_close_plus_real_settlements,-16.85288778724785,-36.85288778724785,-76.85288778724785
PRICE_FUNDING_15M_GLOBAL_WINDOW,15m-0007008,hyperliquid/okx,50,2026-07-07 02:45:00+00:00,2026-07-07 03:00:00+00:00,hyperliquid,okx,22.57353889862906,-4.3866439999999995,1,0,18.18689489862906,native_15m_trade_close_plus_real_settlements,-1.8131051013709403,-21.81310510137094,-61.81310510137094
PRICE_FUNDING_15M_GLOBAL_WINDOW,15m-0007009,hyperliquid/okx,50,2026-07-07 03:45:00+00:00,2026-07-07 04:00:00+00:00,hyperliquid,okx,8.76903059298472,-4.05007,1,0,4.71896059298472,native_15m_trade_close_plus_real_settlements,-15.28103940701528,-35.28103940701528,-75.28103940701529
PRICE_FUNDING_15M_GLOBAL_WINDOW,15m-0007010,hyperliquid/okx,50,2026-07-07 04:30:00+00:00,2026-07-07 04:45:00+00:00,hyperliquid,okx,10.656595381190613,0.0,0,0,10.656595381190613,native_15m_trade_close_plus_real_settlements,-9.343404618809387,-29.343404618809387,-69.34340461880939
PRICE_FUNDING_15M_GLOBAL_WINDOW,15m-0007011,hyperliquid/okx,50,2026-07-08 08:15:00+00:00,2026-07-08 08:45:00+00:00,hyperliquid,okx,10.076481008832523,0.0,0,0,10.076481008832523,native_15m_trade_close_plus_real_settlements,-9.923518991167477,-29.923518991167477,-69.92351899116747
PRICE_FUNDING_15M_GLOBAL_WINDOW,15m-0007012,hyperliquid/okx,50,2026-07-10 09:30:00+00:00,2026-07-10 10:00:00+00:00,hyperliquid,okx,5.423691329399304,-7.404242,1,0,-1.980550670600696,native_15m_trade_close_plus_real_settlements,-21.980550670600696,-41.98055067060069,-81.98055067060069
PRICE_FUNDING_15M_GLOBAL_WINDOW,15m-0007013,hyperliquid/okx,50,2026-07-10 11:15:00+00:00,2026-07-10 11:30:00+00:00,hyperliquid,okx,3.562825595290029,0.0,0,0,3.562825595290029,native_15m_trade_close_plus_real_settlements,-16.43717440470997,-36.43717440470997,-76.43717440470996
PRICE_FUNDING_15M_GLOBAL_WINDOW,15m-0007014,hyperliquid/okx,50,2026-07-12 23:00:00+00:00,2026-07-12 23:15:00+00:00,hyperliquid,okx,4.897987699693793,1.8784399999999999,1,0,6.776427699693793,native_15m_trade_close_plus_real_settlements,-13.223572300306207,-33.22357230030621,-73.2235723003062
PRICE_FUNDING_15M_GLOBAL_WINDOW,15m-0007015,hyperliquid/okx,50,2026-07-12 23:45:00+00:00,2026-07-13 00:15:00+00:00,hyperliquid,okx,29.167397591336908,0.9776536602129995,1,1,30.14505125154991,native_15m_trade_close_plus_real_settlements,10.145051251549908,-9.854948748450092,-49.85494874845009
PRICE_FUNDING_15M_GLOBAL_WINDOW,15m-0007016,hyperliquid/okx,50,2026-07-13 00:30:00+00:00,2026-07-13 01:00:00+00:00,hyperliquid,okx,44.100403263388564,-3.737533,1,0,40.362870263388565,native_15m_trade_close_plus_real_settlements,20.362870263388565,0.3628702633885652,-39.637129736611435
PRICE_FUNDING_15M_GLOBAL_WINDOW,15m-0007017,hyperliquid/okx,50,2026-07-13 01:30:00+00:00,2026-07-13 05:00:00+00:00,hyperliquid,okx,56.39039992978828,-25.710432,4,0,30.67996792978828,native_15m_trade_close_plus_real_settlements,10.67996792978828,-9.32003207021172,-49.320032070211724
PRICE_FUNDING_15M_GLOBAL_WINDOW,15m-0007018,hyperliquid/okx,50,2026-07-13 05:15:00+00:00,2026-07-13 05:30:00+00:00,hyperliquid,okx,36.96907621844522,0.0,0,0,36.96907621844522,native_15m_trade_close_plus_real_settlements,16.969076218445217,-3.030923781554783,-43.03092378155478
PRICE_FUNDING_15M_GLOBAL_WINDOW,15m-0007019,hyperliquid/okx,50,2026-07-13 08:00:00+00:00,2026-07-13 09:15:00+00:00,hyperliquid,okx,43.19894615174901,-15.394311,2,0,27.80463515174901,native_15m_trade_close_plus_real_settlements,7.804635151749011,-12.195364848250989,-52.19536484825099
PRICE_FUNDING_15M_GLOBAL_WINDOW,15m-0007020,hyperliquid/okx,50,2026-07-13 09:30:00+00:00,2026-07-13 11:45:00+00:00,hyperliquid,okx,28.403895124813005,-12.588491999999999,2,0,15.815403124813006,native_15m_trade_close_plus_real_settlements,-4.184596875186994,-24.184596875186994,-64.184596875187
PRICE_FUNDING_15M_GLOBAL_WINDOW,15m-0007021,hyperliquid/okx,50,2026-07-13 12:00:00+00:00,2026-07-14 00:00:00+00:00,hyperliquid,okx,61.37367527810066,5.779213390933999,13,3,67.15288866903467,native_15m_trade_close_plus_real_settlements,47.15288866903467,27.152888669034667,-12.847111330965333
PRICE_FUNDING_15M_GLOBAL_WINDOW,15m-0007022,hyperliquid/okx,50,2026-07-14 02:15:00+00:00,2026-07-14 02:30:00+00:00,hyperliquid,okx,28.910266662338202,0.0,0,0,28.910266662338202,native_15m_trade_close_plus_real_settlements,8.910266662338202,-11.089733337661798,-51.0897333376618
PRICE_FUNDING_15M_GLOBAL_WINDOW,15m-0007023,hyperliquid/okx,50,2026-07-14 03:45:00+00:00,2026-07-14 04:00:00+00:00,okx,hyperliquid,21.657003766263564,-43.208518781914,1,1,-21.551515015650438,native_15m_trade_close_plus_real_settlements,-41.55151501565044,-61.55151501565044,-101.55151501565044
PRICE_FUNDING_15M_GLOBAL_WINDOW,15m-0007024,hyperliquid/okx,50,2026-07-17 03:30:00+00:00,2026-07-17 03:45:00+00:00,hyperliquid,okx,5.962339033160937,0.0,0,0,5.962339033160937,native_15m_trade_close_plus_real_settlements,-14.037660966839063,-34.03766096683906,-74.03766096683907
PRICE_FUNDING_15M_GLOBAL_WINDOW,15m-0007025,hyperliquid/okx,50,2026-07-17 09:45:00+00:00,2026-07-17 10:15:00+00:00,hyperliquid,okx,10.162232648229356,-1.7293420000000002,1,0,8.432890648229355,native_15m_trade_close_plus_real_settlements,-11.567109351770645,-31.567109351770647,-71.56710935177064
PRICE_FUNDING_15M_GLOBAL_WINDOW,15m-0007026,hyperliquid/okx,50,2026-07-19 23:00:00+00:00,2026-07-19 23:15:00+00:00,hyperliquid,okx,33.9711465233287,-1.120228,1,0,32.8509185233287,native_15m_trade_close_plus_real_settlements,12.850918523328701,-7.149081476671299,-47.1490814766713
PRICE_FUNDING_15M_GLOBAL_WINDOW,15m-0007139,hyperliquid/okx,100,2026-07-02 06:00:00+00:00,2026-07-02 06:15:00+00:00,hyperliquid,okx,26.57347248330032,-3.485586,1,0,23.08788648330032,native_15m_trade_close_plus_real_settlements,3.08788648330032,-16.91211351669968,-56.91211351669968
PRICE_FUNDING_15M_GLOBAL_WINDOW,15m-0007140,hyperliquid/okx,100,2026-07-13 23:00:00+00:00,2026-07-13 23:30:00+00:00,hyperliquid,okx,19.817293359363376,0.435828,1,0,20.253121359363377,native_15m_trade_close_plus_real_settlements,0.25312135936337654,-19.746878640636623,-59.74687864063662
